rank	word	english	ipa
1	da	that	/ˈda/
2	je	of her	/je/
3	ne	not	/ne/
4	se	myself	/se/
5	i	and	/ˈi/
6	u	in, at	/u/
7	to	that, the aforementioned	/tôː/
8	sam	to be, to exist	/ˈsɐm/
9	na	on, at, in	/na/
10	ti	you	/tîː/
11	mi	we	/mîː/
12	za	for	/za/
13	si	to myself	/si/
14	li	question-forming interrogative particle	/li/
15	što	why	/ʃtô/
16	ja	I	/jâː/
17	su	third-person plural present of bȉti	/ˈsʊ/
18	šta	what	/ʃtâ/
19	ali	but	/âli/
20	sa	alternative form of s; used instead of s when the following…	/ˈsa/
21	nije	to be, to exist	/ˈnije/
22	ovo	this, this one	/ǒʋoː/
23	samo	just, only, only just, merely, solely	/sâmo/
24	te	of you	/ˈtɛ/
25	me	of me	/ˈmɛ/
26	od	from, since	/ôd/
27	a	but, and	/a/
28	ga	of him	/ˈɡa/
29	bi	to be, to exist	/ˈbi/
30	kako	how	/kâko/
31	o	on, against	/o/
32	dobro	well	/dǒbro/
33	ako	if	/âko/
34	smo	to be, to exist	/ˈsmo/
35	sve	Intensity amplifier, used exclusively in phrases	/sʋê/
36	kao	as, like	/kâo/
37	će	third-person singular/plural present of htȅti/htjȅti	/ˈtɕɛ/
38	tako	so, like that, in such a way	/tǎkoː/
39	znam	first-person singular present of znȁti	/ˈznam/
40	s	with, together with, along with	/s/
41	mogu	can, to be able to	/ˈmoɡʊ/
42	nisam	to be, to exist	/nǐːsam/
43	pa	then	/pa/
44	ste	second-person plural present of bȉti	/ˈstɛ/
45	bio	to be, to exist	/bîo/
46	biti	to be, to exist	/bîti/
47	redu	row	/ˈrɛdʊ/
48	on	he	/ôːn/
49	zašto	why, what for	/zâʃto/
50	koji	which, what	/kǒjiː/
51	još	more, another	/jôʂ/
52	bilo	generalization particle used before another word to express…	/bîlo/
53	nešto	something	/nêʃto/
54	ću	first-person singular present of htȅti/htjȅti	/ˈtɕu/
55	vas	of you	/ʋâːs/
56	kad	when	/kâd/
57	hvala	praise	/xʋǎːla/
58	iz	from, out of	/îz/
59	mislim	to think	/ˈmislɪm/
60	ima	he has, she has	/ˈimɐ/
61	ovdje	here, over here	/ǒːʋdje/
62	ili	or	/îli/
63	ih	of them	/ix/
64	sada	genitive singular of sȃd	/sâda/
65	znaš	second-person singular present of znȁti	/ˈznaʃ/
66	onda	then	/ôndaː/
67	moj	my, mine	/môːj/
68	do	only, except	/dô/
69	vam	you	/ˈvam/
70	možda	perhaps, maybe	/mǒʒda/
71	više	over, above	/ʋîʃe/
72	zar	used in tag questions, to ask for an affirmation to a polar…	/zâr/
73	rekao	to say	/ˈrɛkɐo/
74	bila	to be, to exist	/ˈbɪlɐ/
75	kada	bathtub	/kǎda/
76	ona	she	/ǒna/
77	nas	of us	/nâːs/
78	bih	first-person singular aorist of bȉti	/ˈbih/
79	nema	mute, dumb	/ˈnɛmɐ/
80	mu	to him	/ˈmu/
81	malo	little, few, some	/mâlo/
82	mene	of me, long form	/mêne/
83	treba	girl, chick	/trěːba/
84	ovde	here	/ǒːʋde/
85	molim	to ask, request, beg	/ˈmolɪm/
86	ništa	nothing	/nîʃta/
87	tebe	of you	/têbe/
88	hajde	let's go	/xǎjde/
89	hej	hi	/ɦɛj/
90	imam	to have, possess, own	/ˈimɐm/
91	tamo	there	/tâmo/
92	sad	now	/sâd/
93	ni	even, either	/ˈni/
94	gdje	where	/ɡdjê/
95	ko	who	/kô/
96	tu	here	/ˈtu/
97	nam	to us	/ˈnam/
98	jesi	second-person singular present of bȉti	/ˈjesɪ/
99	zbog	because of, due to, owing to	/zbôɡ/
100	želim	first-person singular present of žèljeti	/ˈʒɛlɪm/
101	možeš	can, to be able to	/ˈmoʒɛʃ/
102	jer	because, for	/jêr/
103	može	can, to be able to	/moʒe/
104	vi	you	/ʋîː/
105	ljudi	people, men	/ʎûːdi/
106	svi	everyone	/ˈsvi/
107	stvarno	really, truly	/stʋâːrno/
108	po	half	/pôː/
109	moram	to have to; must	/ˈmôːraːm/
110	ćemo	first-person plural present of htȅti/htjȅti	/ˈtɕɛmo/
111	zato	so, therefore, for that/this reason, ergo	/zǎtoː/
112	koliko	how much, how many	/kolǐko/
113	jedan	one	/jědan/
114	idemo	to go, walk	/ˈidɛmo/
115	misliš	to think	/ˈmislɪʃ/
116	baš	at all, truly, really, exactly	/bâʃ/
117	koje	which, what	/kǒjeː/
118	ćeš	second-person singular present of htȅti/htjȅti	/ˈtɕɛʃ/
119	nego	than	/nêɡo/
120	ono	it	/ǒno/
121	dok	while, as long as	/dôk/
122	gde	where	/ɡdê/
123	bez	without, excluding, not counting	/bêz/
124	oni	they	/ǒni/
125	joj	to her	/joj/
126	ovaj	this, this one	/ǒʋaːj/
127	već	already	/ʋêt͡ɕ/
128	naravno	of course	/nǎːraʋno/
129	reći	to say	/rêt͡ɕi/
130	sto	hundred	/stôː/
131	toga	that, the aforementioned	/tǒːɡa/
132	imaš	to have, possess, own	/ˈimɐʃ/
133	tvoj	your, yours	/tʋôːj/
134	taj	that, the aforementioned	/tâːj/
135	koja	which, what	/kǒjaː/
136	neće	to wish, want, desire	/nêːt͡ɕeː/
137	možemo	can, to be able to	/ˈmoʒɛmo/
138	prije	before, earlier	/prîje/
139	posao	job	/pǒsao/
140	imamo	to have, possess, own	/ˈimɐmo/
141	dana	day	/ˈdanɐ/
142	reci	river	/ˈrɛtsɪ/
143	radi	for, because of, for the sake of	/râdi/
144	žao	sorry	/ʒâo/
145	rekla	to say	/ˈrɛklɐ/
146	nikad	never	/nîkad/
147	kod	by, at, near, besides	/kôd/
148	zdravo	healthily	/zdrâʋo/
149	dan	day	/dâːn/
150	godina	year	/ɡôdina/
151	mama	mom	/mâma/
152	put	to, toward	/pûːt/
153	mogao	can, to be able to	/ˈmoɡɐo/
154	bolje	comparative degree of dòbro: in a better or superior manner	/bôʎeː/
155	želiš	to wish, desire	/ˈʒɛlɪʃ/
156	neko	someone, somebody	/nêko/
157	nemoj	don't	/ˈnɛmoj/
158	mora	sea	/môra/
159	mnogo	many, a lot, lots	/m̩nôɡo/
160	jeste	emphatic yes	/ˈjestɛ/
161	vidim	first-person singular present of videti and vidjeti	/ˈvidɪm/
162	uvijek	always	/ûʋjeːk/
163	bili	to be, to exist	/ˈbɪlɪ/
164	meni	to me	/měniː/
165	radiš	to work	/ˈradɪʃ/
166	tata	dad, daddy	/tâta/
167	volim	to love	/ˈvolɪm/
168	dobar	good	/dôbar/
169	im	to them	/im/
170	svoje	one's own	/ˈsvoje/
171	stvar	thing	/stʋâːr/
172	dva	two	/dʋâː/
173	idem	to go, walk	/ˈidɛm/
174	neću	to wish, want, desire	/něːt͡ɕu/
175	tko	who	/tkô/
176	vremena	time	/ˈvrɛmɛnɐ/
177	vidi	third-person singular present	/ˈvidɪ/
178	bude	third-person singular present of bȉti	/bûdeː/
179	nisu	to be, to exist	/nǐːsu/
180	vrijeme	time	/ʋrjěːme/
181	njega	of him	/ɲêɡa/
182	evo	look, see, behold	/ˈɛvo/
183	imao	to have, possess, own	/ˈimɐo/
184	danas	today	/dǎnas/
185	život	life	/ʒǐʋot/
186	kažem	to say, to state	/ˈkaʒɛm/
187	nikada	never	/nîkada/
188	odmah	right now, immediately	/ôdmaːx/
189	zna	to know	/ˈzna/
190	kući	home, at home	/kût͡ɕi/
191	puno	much, a lot, lots	/pûno/
192	ime	name	/îme/
193	neka	let, may	/ˈnɛkɐ/
194	tri	three	/trîː/
195	tim	team	/ˈtim/
196	upravo	exactly, precisely	/upraʋo/
197	možete	can, to be able to	/ˈmoʒɛtɛ/
198	tobom	with you	/tôboːm/
199	svoj	one's own	/ˈsvoj/
200	koju	which, what	/ˈkojʊ/
201	svoju	feminine accusative singular of svȏj	/ˈsvojʊ/
202	pre	before, earlier	/prê/
203	toliko	that much/many, so much/many, as much/many	/tolǐkoː/
204	uvek	always	/ûʋeːk/
205	neki	some	/nêkiː/
206	mnom	me	/mnôːm/
207	oko	around, about, roughly, approximately	/ôko/
208	opet	again	/ôpeːt/
209	kaže	to say, to state	/ˈkaʒɛ/
210	jesam	first-person singular present of bȉti	/ˈjesɐm/
211	god	generalization particle	/ɡôːd/
212	ide	to go, walk	/ˈidɛ/
213	sranje	A very difficult situation, big trouble	/srǎːɲe/
214	jednom	once, one time	/jědnoːm/
215	radim	to work	/ˈradɪm/
216	čak	even	/t͡ʃâk/
217	nismo	to be, to exist	/nǐːsmo/
218	čemu	whereto, whither; to what	/t͡ʃěmu/
219	sigurno	certainly	/sîɡuːrno/
220	žena	woman	/ʒěna/
221	vidimo	first-person plural present	/ˈvidɪmo/
222	postoji	to be, exist	/ˈpostojɪ/
223	nemam	not to have	/ˈnɛmɐm/
224	ta	that, the aforementioned	/tâː/
225	godine	year	/ˈɡodɪnɛ/
226	novac	money	/nǒʋat͡s/
227	jako	very, very much, really	/jâːko/
228	znao	to know	/ˈznao/
229	tebi	to you	/têbi/
230	trebao	to be needed, to be required	/ˈtrɛbɐo/
231	otac	father	/ǒtat͡s/
232	vreme	time	/ʋrěːme/
233	prvi	first	/př̩ʋiː/
234	dovoljno	enough, sufficiently	/dôʋoːʎno/
235	veoma	very, very much, extremely	/ʋěoma/
236	ovamo	hither, this way	/ǒʋaːmo/
237	želi	to wish, desire	/ˈʒɛlɪ/
238	puta	times	/pǔːtaː/
239	pravu	pure, true, genuine	/ˈpravʊ/
240	drugi	second	/drûɡiː/
241	njih	of them	/ɲîːx/
242	prema	towards, at	/prêma/
243	imate	to have, possess, own	/ˈimɐtɛ/
244	dalje	far	/dâʎeː/
245	jedna	one	/ˈjednɐ/
246	sutra	tomorrow	/sûtra/
247	problem	problem	/prǒbleːm/
248	pomoći	help	/pomǒt͡ɕi/
249	vrlo	very, extremely	/ʋr̂lo/
250	nakon	after	/nǎkon/
251	zajedno	together	/zâjedno/
252	vidiš	second-person singular present of videti and vidjeti	/ˈvidɪʃ/
253	niko	no one, nobody	/nîko/
254	dušo	soul	/ˈduʃo/
255	sebe	myself	/sêbe/
256	ova	feminine nominative singular	/ǒʋaː/
257	dosta	enough, sufficiently	/dôsta/
258	odavde	from here	/ôdaːʋde/
259	ma	bah, whatever	/mâ/
260	kroz	through	/krôz/
261	drago	to be glad, pleased, delighted	/drâːɡo/
262	vrata	neck	/ʋrǎːta/
263	vidio	to see	/ˈvidɪo/
264	koga	of whom	/kǒɡa/
265	nekoliko	some, several, a few	/nêkoliko/
266	siguran	sure, certain	/sîɡuːran/
267	mogla	can, to be able to	/ˈmoɡlɐ/
268	došao	to come, arrive	/ˈdoʃɐo/
269	brzo	quickly, rapidly	/br̂ːzo/
270	način	way, method, approach, manner	/nǎːt͡ʃin/
271	njim	him	/ɲîːm/
272	pod	under, beneath	/pôd/
273	vidjeti	to see	/ʋîdjeti/
274	zaista	indeed	/zâista/
275	svaki	every, each	/sʋâkiː/
276	par	pair, couple	/pâːr/
277	gore	up, above	/ɡôre/
278	unutra	inside, indoors, in	/ǔnuːtra/
279	dođi	to come, arrive	/ˈdodʑɪ/
280	ovu	this, this one	/ˈovʊ/
281	ići	to go, walk	/ǐt͡ɕi/
282	dugo	for a long time	/dûɡo/
283	desilo	to happen, occur	/ˈdɛsɪlo/
284	ponovo	repeatedly, once again	/pônoʋo/
285	mali	small	/ˈmalɪ/
286	mogli	can, to be able to	/ˈmoɡlɪ/
287	minuta	minute	/minǔːta/
288	protiv	against	/prôtiʋ/
289	pravo	straight	/prâʋo/
290	isto	as well, also, too, likewise	/ˈisto/
291	nama	to us	/nâma/
292	previše	too much / too many	/prêʋiʃeː/
293	naš	our, ours	/nâʃ/
294	ćete	second-person plural present of htȅti/htjȅti	/ˈtɕɛtɛ/
295	mog	genitive masculine/neuter	/ˈmoɡ/
296	ovako	in this way, thus, like so	/oʋǎkoː/
297	imaju	to have, possess, own	/ˈimɑjʊ/
298	prvo	that which is the first	/ˈprvo/
299	noć	night, nighttime	/nôːt͡ɕ/
300	nećeš	to wish, want, desire	/nêːt͡ɕeːʃ/
301	loše	bad, malicious	/ˈloʃɛ/
302	imala	to have, possess, own	/ˈimɐlɐ/
303	pusti	to let, let go, release	/ˈpustɪ/
304	preko	over	/prêko/
305	osim	except, besides	/ôsiːm/
306	vaš	your, yours	/ʋâʃ/
307	mjesto	instead of	/mjêsto/
308	vama	to you	/ʋâma/
309	imati	to have, possess, own	/ǐmati/
310	kasnije	later on, afterwards	/kǎsnijeː/
311	majka	mother	/mâːjka/
312	naći	to find, discover	/nǎːt͡ɕi/
313	večeras	this evening	/ʋet͡ʃěras/
314	ovom	this, this one	/ˈovom/
315	momci	a young man, lad	/ˈmomtsɪ/
316	dakle	so, thus, therefore	/dâkleː/
317	budem	to be, to exist	/ˈbudɛm/
318	pravi	pure, true, genuine	/prâːʋiː/
319	auto	car, automobile	/ǎuto/
320	video	to see	/ˈvidɛo/
321	teško	heavily	/têːʃko/
322	niste	to be, to exist	/nǐːste/
323	doći	to come, arrive	/dôːt͡ɕi/
324	vratiti	to return, come back	/ʋrǎːtiti/
325	čovjek	man, person	/t͡ʃǒʋjek/
326	one	they; nonvirile third-person plural pronoun, used for all…	/ǒne/
327	ljude	people, men	/ˈʎudɛ/
328	želite	to wish, desire	/ˈʒɛlɪtɛ/
329	broj	number	/brôːj/
330	čuo	to hear	/ˈtʃuo/
331	radio	to work	/râːdio/
332	imali	to have, possess, own	/ˈimɐlɪ/
333	njegov	his	/ɲěɡoʋ/
334	istina	truth	/îstina/
335	zapravo	in fact, really, actually	/zâpraʋo/
336	mislite	to think	/ˈmislɪtɛ/
337	znati	to know	/znâti/
338	zove	to call, to be called	/zǒʋe/
339	misli	to think	/ˈmislɪ/
340	sviđa	to like, please	/ˈsvidʑɐ/
341	budi	second-person singular imperative of bȉti	/ˈbudɪ/
342	pomoć	help	/pômoːt͡ɕ/
343	ruke	arm	/ˈrukɛ/
344	ju	her	/ju/
345	kakav	what kind of	/kǎkaːʋ/
346	tip	type	/tîːp/
347	nju	her	/ɲûː/
348	pet	five	/pêːt/
349	netko	someone, somebody	/nêtko/
350	dobiti	profit	/dǒbiti/
351	uz	up, upward	/uz/
352	izvinite	sorry!	/ˈizvɪˌnɪtɛ/
353	ideš	to go, walk	/ˈidɛʃ/
354	rekli	to say	/ˈrɛklɪ/
355	onaj	that, that one	/ˈonɑj/
356	čini	third-person present singular of čìniti	/ˈtʃinɪ/
357	mrtav	dead, deceased	/mřtaʋ/
358	kuće	house	/ˈkutɕɛ/
359	vezi	connection, link	/ˈvɛzɪ/
360	oprosti	sorry!	/ˈoprostɪ/
361	prijatelj	friend	/prîjateʎ/
362	svojim	one's own	/ˈsvojɪm/
363	novi	new	/ˈnovɪ/
364	ubiti	to kill, murder	/ǔbiti/
365	raditi	to work	/rǎːditi/
366	iza	behind	/iza/
367	no	but, however	/no/
368	lepo	beautifully, nicely	/lêːpo/
369	bit	essence	/bîːt/
370	svog	one's own	/ˈsvoɡ/
371	lijepo	beautifully, nicely	/ljêːpo/
372	veze	connection, link	/ˈvɛzɛ/
373	dobio	to receive, get, obtain, acquire	/ˈdobɪo/
374	otišao	to leave, part, depart	/ˈotɪˌʃɐo/
375	otići	to leave, part, depart	/otǐːt͡ɕi/
376	sebi	to myself	/sêbi/
377	posla	job	/ˈposlɐ/
378	jednostavno	simply	/jêdnostaːʋno/
379	e	hey	/ˈɛ/
380	znala	to know	/ˈznalɐ/
381	nekoga	genitive of nȅtko / nȅko	/nêkoɡa/
382	života	life	/ˈʒivotɐ/
383	sin	son	/sîːn/
384	govori	speech	/ˈɡovorɪ/
385	bismo	first-person plural aorist of bȉti	/ˈbismo/
386	njima	to them	/ɲîma/
387	sama	self	/ˈsamɐ/
388	poput	like, as, such as	/pôpuːt/
389	ipak	still, however, but, yet, anyway, nevertheless,…	/îpaːk/
390	oprostite	sorry!	/oprǒstite/
391	njom	her	/ɲôːm/
392	pitanje	question	/pǐːtaːɲe/
393	nekog	genitive of nȅtko / nȅko	/nêkoɡ/
394	ćao	hi!	/t͡ɕâːo/
395	budeš	to be, to exist	/ˈbudɛʃ/
396	srce	a heart	/sr̩̂t͡se/
397	voli	to love	/ˈvolɪ/
398	skoro	soon	/skǒro/
399	nazad	back, backwards	/nâzaːd/
400	učiniti	to do, make	/ut͡ʃǐniti/
401	uraditi	to do, make	/urǎːditi/
402	priča	story, tale	/prîːt͡ʃa/
403	halo	hello	/ˈxalo/
404	vidite	second-person plural present	/ˈvidɪtɛ/
405	radimo	to work	/ˈradɪmo/
406	gotovo	almost, hardly	/ɡǒtoʋo/
407	dati	to give	/dâti/
408	briga	worry, concern	/brîɡa/
409	van	except	/ʋân/
410	dio	part	/dîo/
411	žene	genitive singular	/ˈʒɛnɛ/
412	bar	at least	/bâːr/
413	razgovarati	to cheer up sb	/razɡoʋǎːrati/
414	ovoga	filled pause; er, uh, um	/ǒʋoɡaː/
415	njemu	to him	/ɲêmu/
416	sjajno	great, magnificently, excellently	/sjâːjno/
417	posle	later	/ˈposlɛ/
418	najbolje	superlative degree of dòbro	/nâːjboʎe/
419	biće	to be, to exist	/bǐːt͡ɕe/
420	jutro	morning	/jûtro/
421	spreman	ready, prepared	/sprêman/
422	jedini	sole, only	/jědiːniː/
423	strane	side	/ˈstranɛ/
424	došli	to come, arrive	/ˈdoʃlɪ/
425	dvije	two	/dʋîje/
426	drži	to hold, grasp	/ˈdrʒi/
427	mesto	instead of	/mêsto/
428	brini	to worry	/ˈbrinɪ/
429	uskoro	soon	/ûskoro/
430	tačno	exactly, correctly	/tât͡ʃno/
431	dijete	child, kid	/djěːte/
432	nitko	no one, nobody	/nîtko/
433	potpuno	completely, entirely, wholly	/pǒtpuno/
434	dole	down	/dôle/
435	trenutak	moment	/trenǔːtak/
436	stari	old	/ˈstɑrɪ/
437	bog	god, deity	/bôːɡ/
438	oca	father	/ˈotsɐ/
439	mala	small	/ˈmalɐ/
440	tada	then, at that time	/tǎdaː/
441	sat	clock, watch	/sâːt/
442	važno	importantly	/ʋâːʒno/
443	čovek	man, person	/t͡ʃôʋek/
444	pitam	to ask	/ˈpitɐm/
445	ostati	to stay, remain	/ǒstati/
446	stalno	continuously	/stâːlno/
447	rade	to work	/ˈradɛ/
448	ozbiljno	seriously	/ôzbiːʎno/
449	ideja	idea	/iděːja/
450	morao	to have to; must	/ˈmorɐo/
451	vjerujem	to believe, have faith in	/ˈvjerʊjem/
452	tek	only, only just, hardly, barely	/têk/
453	ljubav	love, affection	/ʎǔːbaʋ/
454	ranije	early	/ˈranɪje/
455	grad	city, town	/ɡrâːd/
456	ponekad	sometimes	/pǒnekad/
457	došla	feminine singular active past participle	/dǒʃla/
458	odlično	excellently, terrifically	/ôdlit͡ʃno/
459	bok	side	/bôːk/
460	pola	half	/pǒːla/
461	nemaš	not to have	/ˈnɛmɐʃ/
462	lako	easily	/lâko/
463	napraviti	to do, commit	/naˈpraʋiti/
464	našao	to find, discover	/ˈnaʃɐo/
465	između	between	/îzmed͡ʑu/
466	osoba	person	/ôsoba/
467	pazi	to beware, watch out, be careful	/ˈpazɪ/
468	sata	clock, watch	/ˈsatɐ/
469	velika	big, large	/ˈvɛlɪkɐ/
470	vise	third-person plural present of vȉsiti	/ˈvisɛ/
471	radite	to work	/ˈradɪtɛ/
472	ovoj	wrapping, shell, casing, covering	/ǒʋoj/
473	jasno	clearly, obviously	/jâsno/
474	najbolji	good	/ˈnɑjboʎɪ/
475	napravio	to do, commit	/ˈnaprɐˌvɪo/
476	valjda	probably, likely	/ʋǎʎda/
477	nemamo	not to have	/ˈnɛmɐmo/
478	ruku	arm	/ˈrukʊ/
479	pred	before, just before, shortly before	/prêd/
480	ženu	woman	/ˈʒɛnʊ/
481	prava	pure, true, genuine	/ˈpravɐ/
482	čega	of what	/t͡ʃěɡa/
483	dvoje	two	/dʋôje/
484	ikada	ever, at any time	/îkada/
485	svih	all, complete, whole	/ˈsvih/
486	blizu	near, close	/blǐːzu/
487	brat	brother	/brât/
488	kraj	near, next to, beside	/krâːj/
489	policija	police	/polǐt͡sija/
490	ljudima	people, men	/ˈʎudɪmɐ/
491	životu	life	/ˈʒivotʊ/
492	kuću	house	/ˈkutɕʊ/
493	plan	plan	/plâːn/
494	noći	night, nighttime	/ˈnotɕɪ/
495	polako	slowly	/polǎːko/
496	draga	bay, gulf	/drâɡa/
497	slučaj	case, occurrence, event, incident	/slût͡ʃaːj/
498	lice	face	/lǐːt͡se/
499	pojma	concept, idea, notion	/ˈpojmɐ/
500	moći	can, to be able to	/môt͡ɕi/
501	pored	beside, next to, alongside	/pôred/
502	novca	money	/ˈnoftsɐ/
503	živi	live, alive	/ˈʒivɪ/
504	kraju	end, ending	/ˈkrɑjʊ/
505	dve	two	/dʋêː/
506	svom	one's own	/ˈsvom/
507	oči	eye	/ˈotʃɪ/
508	brod	ship	/brôːd/
509	kažu	to say, to state	/ˈkaʒʊ/
510	voliš	to love	/ˈvolɪʃ/
511	odakle	whence, from where	/ôdaːkle/
512	vodi	water	/ˈvodɪ/
513	vratio	to return, come back	/ˈvratɪo/
514	nećemo	to wish, want, desire	/nêːt͡ɕeːmo/
515	sobu	room	/ˈsobʊ/
516	ha	expresses laughter	/xâ/
517	biste	genitive singular	/ˈbistɛ/
518	svega	masculine genitive singular	/ˈsvɛɡɐ/
519	čudno	oddly, weirdly, strangely	/t͡ʃûdno/
520	žele	jelly	/ʒěleː/
521	laku	easy	/ˈlakʊ/
522	poslije	later	/ˈposlɪje/
523	sina	shadow; shade	/ˈsinɐ/
524	manje	less	/maɲe/
525	nje	of her	/ɲêː/
526	prilično	rather, pretty, quite, fairly	/prǐːlit͡ʃno/
527	uzeti	to take	/ǔzeːti/
528	oružje	weapon	/ǒruːʒje/
529	razlog	reason, cause	/rǎːzloɡ/
530	daleko	far	/dalěko/
531	momak	a young man, lad	/mǒmak/
532	pištolj	pistol, handgun	/ˈpiʃtoʎ/
533	smrt	death	/smr̩̂t/
534	vjerovati	to believe, have faith in	/ʋjêroʋati/
535	četiri	four	/t͡ʃětri/
536	sobi	room	/ˈsobɪ/
537	svima	everyone, everybody	/ˈsvimɐ/
538	takođe	also, too	/takǒːd͡ʑe/
539	jesu	third-person plural present of bȉti	/ˈjesʊ/
540	vode	water	/ˈvodɛ/
541	šanse	chance, opportunity	/ˈʃansɛ/
542	ikad	ever, at any time	/îkad/
543	ispod	below, under, beneath	/îspod/
544	čujem	to hear	/ˈtʃujem/
545	njen	her, hers	/ɲêːn/
546	neku	some	/ˈnɛkʊ/
547	našli	to find, discover	/ˈnaʃlɪ/
548	dolje	down	/dôʎe/
549	telefon	telephone	/telěfoːn/
550	spremni	ready, prepared	/ˈsprɛmnɪ/
551	bile	moreover, even	/bǐle/
552	ostani	to stay, remain	/ˈostɐnɪ/
553	nekako	somehow	/nêkaːko/
554	dajte	to give	/ˈdɑjtɛ/
555	moguće	possibly	/môɡuːt͡ɕe/
556	gradu	city, town	/ˈɡradʊ/
557	zovem	to call, to be called	/zǒʋem/
558	poruku	message	/ˈporʊkʊ/
559	ovi	this, this one	/ˈovɪ/
560	sinoć	last night, yesterday night; yesterday evening	/sînoːt͡ɕ/
561	kojeg	masculine genitive singular	/ˈkojeɡ/
562	njoj	to her	/ɲôːj/
563	šest	six	/ʃêːst/
564	verovatno	probably	/ʋêroʋaːtno/
565	rat	war	/rât/
566	njegove	his	/ˈɲeɡovɛ/
567	otišla	to leave, part, depart	/ˈotɪʃlɐ/
568	sastanak	tryst	/sǎstanak/
569	želio	to wish, desire	/ˈʒɛlɪo/
570	ispred	in front of, before	/îspred/
571	volio	to love	/ˈvolɪo/
572	dragi	dear	/ˈdraɡɪ/
573	umro	to die	/ˈumro/
574	čula	to hear	/ˈtʃulɐ/
575	sestra	sister	/sěstra/
576	ovome	this, this one	/ˈovomɛ/
577	svijet	world	/sʋjêːt/
578	uzeo	to take	/ˈuzɛo/
579	ovih	masculine genitive plural	/ˈovɪh/
580	dete	child, kid	/ˈdɛtɛ/
581	jedina	sole, only	/ˈjedɪnɐ/
582	sine	son	/ˈsinɛ/
583	oboje	both	/ˈoboje/
584	kola	cart, wagon, vehicle	/kôla/
585	jedino	only, solely	/jědiːno/
586	nekim	instrumental of nȅtko / nȅko	/nêkiːm/
587	deo	part	/dêo/
588	igra	to play	/ǐɡra/
589	uopšte	generally, in general	/ǔopʃte/
590	iako	albeit, although, even though	/îako/
591	dečko	boy	/dêt͡ʃko/
592	dođe	to come, arrive	/ˈdodʑɛ/
593	putu	road	/ˈputʊ/
594	pogledajte	to look, glance, cast an eye upon	/ˈpoɡlɛˌdɑjtɛ/
595	krv	blood	/kr̩̂ːʋ/
596	dali	masculine plural active past participle of dȁti	/ˈdalɪ/
597	čim	the, as	/t͡ʃim/
598	zemlji	earth	/ˈzɛmʎɪ/
599	djevojka	girl, maiden	/djěʋoːjka/
600	točno	exactly, correctly	/tôt͡ʃno/
601	morati	to have to; must	/mǒːrati/
602	brate	brother	/brâte/
603	želimo	to wish, desire	/ˈʒɛlɪmo/
604	svim	masculine/neuter instrumental singular	/ˈsvim/
605	isti	same	/îstiː/
606	svijetu	world	/ˈsvijetʊ/
607	kome	to whom	/kǒme/
608	boli	to stab	/ˈbolɪ/
609	deset	ten	/dêset/
610	san	sleep	/sân/
611	pitao	to ask	/ˈpitɐo/
612	zemlju	earth	/ˈzɛmʎʊ/
613	vjerojatno	probably	/ʋjêrojaːtno/
614	poslu	job	/ˈposlʊ/
615	drugu	friend	/drûːɡu/
616	vidjeli	to see	/ˈvidjelɪ/
617	druga	friend	/drûːɡa/
618	piće	drink, beverage	/pǐːt͡ɕe/
619	takav	such, of such kind	/tǎkaːʋ/
620	videla	to see	/ˈvidɛlɐ/
621	devojka	girl, maiden	/děʋoːjka/
622	poziv	call	/pǒːziʋ/
623	jebeno	fucking	/jěbeno/
624	postoje	to retain a position	/ˈpostoje/
625	barem	at least	/bǎrem/
626	eto	look, see, behold	/ˈɛto/
627	film	film	/ˈfilm/
628	pronaći	to find	/prǒnaːt͡ɕi/
629	niti	nor	/nîti/
630	negdje	somewhere	/nêɡdje/
631	kim	whom	/kîm/
632	sretan	happy, merry	/srêtan/
633	ostali	to stay, remain	/ǒstaːliː/
634	miru	peace	/ˈmirʊ/
635	muž	husband	/mûːʒ/
636	nastavi	to continue	/ˈnastɐvɪ/
637	odem	to leave, part, depart	/ˈodɛm/
638	poslao	to send	/ˈposlɐo/
639	svako	everyone, everybody	/sʋâko/
640	kuća	house	/kût͡ɕa/
641	lud	crazy	/lûːd/
642	znali	to know	/ˈznalɪ/
643	drugom	friend	/drûːɡom/
644	pitanju	question	/ˈpitɐɲʊ/
645	tih	quiet, silent	/tîx/
646	ostalo	the other	/ˈostɐlo/
647	krevet	bed	/krěʋet/
648	doktor	doctor, physician	/dôktor/
649	k	to	/ˈkə/
650	kraja	end, ending	/ˈkrɑjɐ/
651	natrag	back, backwards	/nâtraːɡ/
652	budu	to be, to exist	/bûdu/
653	mjesta	place	/ˈmjestɐ/
654	nova	new	/nôːʋa/
655	čuješ	to hear	/ˈtʃujeʃ/
656	napolje	outside	/nâpoʎe/
657	stan	flat, apartment	/stâːn/
658	pošto	after	/pôʃto/
659	jedva	barely, hardly, scarcely, only just	/jêdʋa/
660	vani	outside, outdoors, out	/ʋǎni/
661	tražio	to seek, look for, search	/ˈtraʒɪo/
662	bas	bass	/bâs/
663	grada	city, town	/ˈɡradɐ/
664	zemlje	earth	/ˈzɛmʎe/
665	jutros	this morning	/jûtroːs/
666	shvatio	to understand, comprehend, grasp, conceive	/ˈshvatɪo/
667	posebno	individually, separately	/pǒːsebno/
668	dobila	to receive, get, obtain, acquire	/ˈdobɪlɐ/
669	ujutro	in the morning	/ûjutro/
670	budemo	first-person plural present of bȉti	/ˈbudɛmo/
671	hajdemo	let's go	/xǎjdemo/
672	roditelji	parent	/ˈrodɪˌtɛʎɪ/
673	djeca	children	/ˈdjetsɐ/
674	također	likewise, also, too	/takǒːd͡ʑer/
675	odgovor	answer	/ôdɡoʋoːr/
676	brata	brother	/ˈbratɐ/
677	godinu	year	/ˈɡodɪnʊ/
678	riječ	word	/rjêːt͡ʃ/
679	noge	leg	/ˈnoɡɛ/
680	zanima	to interest	/ˈzanɪmɐ/
681	ostaviti	to leave	/ǒstaʋiti/
682	red	row	/rêːd/
683	porodica	family	/pǒrodit͡sa/
684	dobri	good	/ˈdobrɪ/
685	važi	to weigh	/ˈvaʒɪ/
686	zao	evil, malicious, bad, mean, wicked	/zâo/
687	tijelo	body	/tjêːlo/
688	priliku	opportunity	/ˈprilɪkʊ/
689	the	alternative spelling of da	/ˈthɛ/
690	živ	live, alive	/ʒîːʋ/
691	gospodin	gentleman	/ɡospǒdin/
692	jesmo	first-person plural present of bȉti	/ˈjesmo/
693	pravila	rule	/ˈpravɪlɐ/
694	strani	side	/ˈstranɪ/
695	bitno	essentially, in essence	/bîtno/
696	misle	to think	/ˈmislɛ/
697	obitelj	family	/obǐːteʎ/
698	nosi	to carry, bring	/ˈnosɪ/
699	mjestu	place	/ˈmjestʊ/
700	čeka	to wait, await	/ˈtʃɛkɐ/
701	pričati	to narrate, tell	/prǐːt͡ʃati/
702	pitati	to ask	/pǐːtati/
703	piše	to write	/ˈpiʃɛ/
704	zadnji	back, rear, hind	/zâdɲiː/
705	radila	to work	/ˈradɪlɐ/
706	bolji	good	/ˈboʎɪ/
707	time	masculine/neuter instrumental singular of tȃj	/ˈtimɛ/
708	sobom	myself	/sôboːm/
709	sedam	seven	/sêdam/
710	idu	to go, walk	/ˈidʊ/
711	um	mind	/ûːm/
712	zbogom	goodbye, farewell	/zbôɡom/
713	svetu	holy, saint	/ˈsvɛtʊ/
714	nove	new	/ˈnovɛ/
715	hranu	food	/ˈxranʊ/
716	vrsta	kind, sort	/ʋř̩ːsta/
717	kunem	to curse	/ˈkunɛm/
718	ajde	alternative form of hàjde	/ǎjde/
719	napad	attack, assault, aggression	/nǎːpad/
720	umrijeti	to die	/ǔmrjeːti/
721	policajac	policeman	/polit͡sǎːjat͡s/
722	obično	usually, commonly, ordinarily	/ǒbit͡ʃno/
723	ceo	whole	/t͡sêo/
724	godinama	for years; in years	/ɡôdinama/
725	konačno	finally, at last	/kǒnat͡ʃno/
726	trenutno	currently	/trênuːtno/
727	svakako	certainly, of course	/sʋâkaːko/
728	vjerovatno	probably	/ʋjêroʋaːtno/
729	iskreno	sincerely, honestly	/îskreno/
730	glavni	main, chief, principal	/ɡlǎʋniː/
731	kasno	late	/kâsno/
732	među	between	/mêd͡ʑu/
733	kriv	guilty, culpable	/krîːʋ/
734	kurac	penis, dick, cock	/kûrat͡s/
735	zatvor	prison, jail	/zǎːtʋor/
736	stara	old	/ˈstɑrɐ/
737	slike	picture, image	/ˈslikɛ/
738	vodu	water	/ˈvodʊ/
739	videti	to see	/ʋîdeti/
740	savršeno	perfectly	/sǎʋrːʃeno/
741	pustiti	to let, let go, release	/pǔstiti/
742	prokletstvo	curse	/ˈproklɛtstvo/
743	negde	somewhere	/nêɡde/
744	čuli	to hear	/ˈtʃulɪ/
745	dom	home, house	/dôːm/
746	soba	room	/ˈsobɐ/
747	usta	mouth	/ǔːsta/
748	našla	to find, discover	/ˈnaʃlɐ/
749	nekad	once, in former times	/nêkad/
750	svet	holy, saint	/sʋêːt/
751	veče	evening	/ʋêt͡ʃeː/
752	strašno	terribly, awfully, horribly	/strǎːʃno/
753	ka	as, like	/ˈka/
754	jest	third-person singular present of bȉti	/ˈjest/
755	tokom	during	/tôːkom/
756	stigao	to arrive, reach	/ˈstiɡɐo/
757	imena	genitive singular of ȉme	/ˈimɛnɐ/
758	kojim	which, what	/ˈkojɪm/
759	vole	ox	/ˈvolɛ/
760	razgovor	talk, conversation	/râzɡoʋoːr/
761	odvesti	to take, take away	/odʋěsti/
762	gledati	to watch, look, see	/ɡlêdati/
763	novu	new	/ˈnovʊ/
764	glas	voice	/ɡlâːs/
765	seks	sex	/sêks/
766	loš	bad, malicious	/lôʃ/
767	kralj	king	/krâːʎ/
768	uradili	to do, make	/ˈurɐˌdɪlɪ/
769	uopće	generally, in general	/ǔopt͡ɕe/
770	zoveš	to call, to be called	/zǒʋeʃ/
771	šef	chief, boss, manager, director, head	/ʃêf/
772	znak	sign	/znâːk/
773	nećete	to wish, want, desire	/nêːt͡ɕeːte/
774	društvo	society	/ˈdruʃtvo/
775	pas	dog	/pâs/
776	inače	otherwise	/înaːt͡ʃe/
777	greška	fault	/ˈɡrɛʃkɐ/
778	zovi	to call, to be called	/ˈzovɪ/
779	smiješno	ridiculously, funnily	/smijěːʃno/
780	sedi	grey	/ˈsɛdɪ/
781	pare	money	/ˈpɑrɛ/
782	rad	willing	/râd/
783	rođendan	birthday	/rôd͡ʑendaːn/
784	kladim	to bet, wager	/ˈkladɪm/
785	svaka	brother-in-law	/ˈsvakɐ/
786	izaći	to go out, leave, come out, get out	/izǎːt͡ɕi/
787	rukama	arm	/ˈrukɐmɐ/
788	čuti	to hear	/t͡ʃûti/
789	smeta	to mind, care about	/ˈsmɛtɐ/
790	pogrešno	wrongly, erroneously	/pǒɡreʃno/
791	iznad	above, over	/îznad/
792	nemate	not to have	/ˈnɛmɐtɛ/
793	zemlja	earth	/zěmʎa/
794	ubica	murderer, killer	/ǔbit͡sa/
795	često	often	/t͡ʃêːsto/
796	pokušaj	attempt, try	/pôkuʃaːj/
797	završio	to end, end up, wind up	/ˈzavrʃɪo/
798	kuda	which way, in what direction	/ˈkudɐ/
799	videli	to see	/ˈvidɛlɪ/
800	poklon	gift, present	/pǒklon/
801	ulazi	entrance	/ˈulɐzɪ/
802	drugačije	differently	/druɡǎt͡ʃijeː/
803	leđa	back	/lěːd͡ʑa/
804	dupe	ass	/dûpe/
805	osam	eight	/ôsam/
806	oče	father	/ˈotʃɛ/
807	slika	picture, image	/slîka/
808	druže	to associate, socialize with	/drûːʒe/
809	sasvim	completely, entirely, wholly	/sǎsʋiːm/
810	deca	children	/ˈdɛtsɐ/
811	kojem	which, what	/ˈkojem/
812	nemoguće	impossibly	/nêmoɡuːt͡ɕe/
813	kapetan	captain	/kapětaːn/
814	jebote	fuck, holy shit, for fuck's sake	/ˈjebotɛ/
815	šteta	damage, harm	/ʃtêta/
816	zatim	then, afterwards	/zǎtiːm/
817	kakvo	what kind of	/ˈkakvo/
818	pismo	alphabet	/pǐːsmo/
819	izbor	choice	/ǐzbor/
820	zovu	to call, to be called	/zǒʋu/
821	prestati	to stop, quit	/prěstati/
822	dokaz	proof, evidence	/dôkaːz/
823	muškarac	male, man	/muʃkǎːrat͡s/
824	okolo	around	/ôkolo/
825	pokazati	to show, demonstrate	/pokǎːzati/
826	nekom	dative of nȅtko / nȅko	/nêkom/
827	očigledno	obviously	/ôt͡ʃiɡleːdno/
828	trenutku	moment	/ˈtrɛnʊtkʊ/
829	pogled	view	/pôɡleːd/
830	ubistvo	murder	/ˈubɪstvo/
831	onu	feminine accusative singular of ònāj	/ǒnuː/
832	kaži	to say, to state	/ˈkaʒɪ/
833	tiče	bird	/tîːt͡ʃeː/
834	njihov	their, theirs	/ɲîxoʋ/
835	beba	baby	/běːba/
836	sav	all, complete, whole	/sâʋ/
837	knjigu	book	/ˈkɲiɡʊ/
838	nekada	once, in former times	/nêkada/
839	agent	agent	/ǎɡent/
840	mozak	brain	/môzak/
841	nemaju	not to have	/ˈnɛmɑjʊ/
842	gledao	to watch, look, see	/ˈɡlɛdɐo/
843	novo	new	/ˈnovo/
844	definitivno	definitely	/dêfinitiːʋno/
845	zaustaviti	to stop	/zaǔstaʋiti/
846	naši	our, ours	/ˈnaʃɪ/
847	naprijed	forward, forwards	/nâprjeːd/
848	zakon	law, rule	/zǎːkon/
849	sistem	system	/sǐsteːm/
850	išta	any	/îʃta/
851	apsolutno	absolutely	/âpsoluːtno/
852	dogovor	agreement, deal	/dôɡoʋoːr/
853	kreni	to move, set in motion	/ˈkrɛnɪ/
854	nađem	to find, discover	/ˈnadʑɛm/
855	luda	madman, insane person	/lûda/
856	vide	third-person plural present	/ˈvidɛ/
857	decu	children	/ˈdɛtsʊ/
858	pivo	beer	/pîːʋo/
859	glupo	stupid, foolish	/ˈɡlupo/
860	počinje	to begin, start, commence	/ˈpotʃɪɲe/
861	vijesti	news	/ˈvijestɪ/
862	uđi	to enter, go into, come in	/ˈudʑɪ/
863	budite	to be, to exist	/ˈbudɪtɛ/
864	ovuda	this way, in this direction	/ǒʋuda/
865	potreban	necessary	/pôtreban/
866	završiti	to end, end up, wind up	/zaʋřːʃiti/
867	okej	okay, all right, fine	/ˈokej/
868	rata	war	/rǎːta/
869	govoriti	to speak, talk, converse	/ɡoʋǒriti/
870	loša	bad, malicious	/ˈloʃɐ/
871	srećan	happy	/srêt͡ɕan/
872	ludo	crazily, insanely	/lûːdo/
873	dogoditi	to happen	/doɡǒditi/
874	stigli	masculine plural past active participle of stignuti pf	/ˈstiɡlɪ/
875	voda	water	/ʋǒda/
876	hrane	food	/ˈxranɛ/
877	nazvati	to name	/nǎzʋati/
878	išao	to go, walk	/ˈiʃɐo/
879	nađemo	to find, discover	/ˈnadʑɛmo/
880	platiti	to pay	/plǎːtiti/
881	napred	forward, forwards	/nâpreːd/
882	ostatak	remainder, rest	/ostǎːtak/
883	umjesto	instead of	/ǔmjesto/
884	postati	to become, turn, get	/pǒstati/
885	saznati	to find out, come to know	/sǎznati/
886	auta	car, automobile	/ˈaʊtɐ/
887	njegovog	his	/ˈɲeɡovoɡ/
888	spasiti	to save, salvage	/spǎːsiti/
889	ista	same	/ˈistɐ/
890	desi	to happen, occur	/ˈdɛsɪ/
891	ući	to enter, go into, come in	/ǔːt͡ɕi/
892	zvati	to call, to be called	/zʋâti/
893	nad	over, above	/nâd/
894	poslednji	final	/pǒsledɲiː/
895	slobodno	freely	/slôbodno/
896	svuda	everywhere	/sʋǔda/
897	avion	aeroplane	/aʋǐoːn/
898	malu	small	/ˈmalʊ/
899	prošli	past, gone by	/prôʃliː/
900	sir	cheese	/sîr/
901	živjeti	to live, exist, be alive	/ʒǐːʋjeti/
902	izgubiti	to lose, misplace	/izɡǔbiti/
903	čast	honour	/t͡ʃâːst/
904	male	small	/ˈmalɛ/
905	ključ	key	/kʎûːt͡ʃ/
906	dvojica	two men	/dʋǒjit͡sa/
907	tv	TV	/ˈtəˌvə/
908	jeli	to eat, consume	/ˈjelɪ/
909	kamo	where, in which direction, whither	/kâmo/
910	tjedan	week	/tjêdan/
911	doma	at home, home	/dôma/
912	stanju	condition, state	/ˈstaɲʊ/
913	reč	word	/rêːt͡ʃ/
914	jaja	egg	/ˈjɑjɐ/
915	idete	to go, walk	/ˈidɛtɛ/
916	početi	to begin, start, commence	/pǒt͡ʃeːti/
917	djece	children	/ˈdjetsɛ/
918	igru	play	/ˈiɡrʊ/
919	srediti	to arrange, settle, put in order	/srěːditi/
920	lepa	nice, pretty	/ˈlɛpɐ/
921	mjesec	moon	/mjêseːt͡s/
922	vezu	to embroider	/ˈvɛzʊ/
923	žive	live, alive	/ˈʒivɛ/
924	prevod	translation	/prěːʋod/
925	bol	pain, aching	/bôːl/
926	ponovno	repeatedly, once again	/pônoːʋno/
927	odjednom	suddenly, unexpectedly, at once	/odjědnoːm/
928	reči	to say	/ˈrɛtʃi/
929	njegovom	his	/ˈɲeɡovom/
930	napolju	outdoors, outside	/nâpoʎu/
931	izvan	outside, out of	/ǐzʋan/
932	baci	to throw, cast	/ˈbatsɪ/
933	desiti	to happen, occur	/dêsiti/
934	prati	to follow	/prâti/
935	dečki	boy	/ˈdɛtʃkɪ/
936	prijateljica	friend	/prijatěʎit͡sa/
937	ostale	the other	/ˈostɐlɛ/
938	pokaži	to show, demonstrate	/ˈpokɐʒɪ/
939	m	masculine gender	/ˈmə/
940	knjige	book	/ˈkɲiɡɛ/
941	užasno	terribly	/ûʒaːsno/
942	telo	body	/ˈtɛlo/
943	stoji	third-person singular present of stàjati	/ˈstojɪ/
944	sobe	room	/ˈsobɛ/
945	izvući	to pull out, draw out	/izʋǔːt͡ɕi/
946	putem	by means of, by way of, through	/pǔːtem/
947	duboko	deeply	/dubǒko/
948	zbilja	indeed	/zbîʎa/
949	korak	step	/kôraːk/
950	igrati	to play	/ǐɡrati/
951	osjećaj	feeling	/ôsjet͡ɕaːj/
952	većina	majority, most	/ʋet͡ɕǐna/
953	zauvijek	forever	/zǎuʋijeːk/
954	odgovara	third-person singular present of odgovárati	/ˈodɡoˌvɑrɐ/
955	nogu	leg	/ˈnoɡʊ/
956	pun	full, filled	/pûn/
957	moć	power	/môːt͡ɕ/
958	prozor	window	/prǒːzor/
959	zabava	fun, amusement	/ˈzabɐvɐ/
960	momka	a young man, lad	/ˈmomkɐ/
961	prave	pure, true, genuine	/ˈpravɛ/
962	glava	head	/ɡlǎːʋa/
963	izgubila	to lose, misplace	/ˈizɡʊˌbɪlɐ/
964	brinuti	to worry	/brînuti/
965	čekati	to wait, await	/t͡ʃêkati/
966	kupiti	to buy, purchase	/kǔːpiti/
967	završi	to end, end up, wind up	/ˈzavrʃɪ/
968	gotov	ready, prepared	/ɡǒtoʋ/
969	govore	speech	/ˈɡovorɛ/
970	cura	girl	/t͡sûra/
971	poslati	to send	/pǒslati/
972	sveta	holy, saint	/ˈsvɛtɐ/
973	lica	face	/ˈlitsɐ/
974	ionako	anyway, anyhow	/ionǎkoː/
975	pokušati	to try, attempt	/pǒkuʃati/
976	nastaviti	to continue	/nǎstaʋiti/
977	zaboraviti	to forget	/zabǒraʋiti/
978	budućnost	future	/budǔːt͡ɕnoːst/
979	prokleti	to curse	/prǒkleːti/
980	budete	second-person plural present of bȉti	/ˈbudɛtɛ/
981	tajna	secret	/tâːjna/
982	niz	down, along	/nîz/
983	upoznati	to familiarize, get to know, get acquainted with	/upǒznati/
984	lično	personally	/lît͡ʃno/
985	zadovoljstvo	pleasure	/zadoʋǒʎstʋo/
986	de	where	/ˈdɛ/
987	krevetu	bed	/ˈkrɛvɛtʊ/
988	pomalo	a little bit	/pǒmalo/
989	račun	calculus	/rǎt͡ʃuːn/
990	pitala	to ask	/ˈpitɐlɐ/
991	ručak	lunch, dinner, usually the main meal of the day	/rǔːt͡ʃak/
992	knjiga	book	/kɲîɡa/
993	duh	ghost, spirit	/dûx/
994	ostao	to stay, remain	/ˈostɐo/
995	pao	active past participle of pȁsti	/ˈpao/
996	slobodan	free	/slôbodan/
997	mlada	young	/mlâːda/
998	donesi	to bring, carry	/ˈdonɛsɪ/
999	trag	trace	/trâːɡ/
1000	ostane	to stay, remain	/ˈostɐnɛ/
1001	sretno	luckily, with luck, having luck, with the help of luck	/ˈsrɛtno/
1002	napisao	to write	/ˈnapɪˌsɐo/
1003	novog	new	/ˈnovoɡ/
1004	jesti	to eat, consume	/jêsti/
1005	misliti	to think	/mîsliti/
1006	umre	to die	/ˈumrɛ/
1007	shvatiti	to understand, comprehend, grasp, conceive	/sxʋâtiti/
1008	sjedi	to sit	/ˈsjedɪ/
1009	juče	yesterday	/jǔt͡ʃeː/
1010	koristiti	to use, utilize	/kǒristiti/
1011	držati	to hold, grasp	/dř̩ʒati/
1012	eno	look, see, behold	/ˈɛno/
1013	slažem	to lie	/ˈslaʒɛm/
1014	minut	minute	/mǐnuːt/
1015	mnogi	many	/mnôɡiː/
1016	staviti	to put, place	/stâʋiti/
1017	doba	time	/dôːba/
1018	mir	peace	/mîːr/
1019	spavati	to sleep	/spǎːʋati/
1020	kog	of whom	/kôɡ/
1021	šališ	to joke; to joke around	/ˈʃalɪʃ/
1022	hladno	coldly	/xlǎːdno/
1023	došlo	to come, arrive	/ˈdoʃlo/
1024	trebati	to be needed, to be required	/trêbati/
1025	uspio	to succeed, make good	/ˈuspɪo/
1026	božić	god, deity	/ˈboʒɪtɕ/
1027	sjajan	radiant, brilliant, shining	/sjǎːjan/
1028	test	test	/têst/
1029	otkad	since, ever since	/ǒtkad/
1030	opasno	dangerously	/ôpaːsno/
1031	sem	except, apart from, besides	/sem/
1032	sunce	sun	/sûːnt͡se/
1033	vlada	government	/ˈvladɐ/
1034	pitaš	to ask	/ˈpitɐʃ/
1035	otkud	whence, from where	/ǒtkud/
1036	zadatak	task, assignment	/zadǎːtak/
1037	ben	birthmark, mole, naevus	/ˈbɛn/
1038	onako	in that way, so, like that	/onǎkoː/
1039	pametan	smart, clever	/pâmetan/
1040	očito	obviously	/ǒt͡ʃito/
1041	iznenađenje	surprise	/iznenad͡ʑěːɲe/
1042	početak	beginning	/pot͡ʃěːtak/
1043	jezik	tongue	/jězik/
1044	dozvoliti	to allow, permit, let	/dozʋǒliti/
1045	svejedno	all the same	/sʋejědno/
1046	ej	Expresses annoyance or displeasure	/ɛj/
1047	pažljivo	carefully, cautiously	/pǎʒʎiʋo/
1048	brine	to worry	/ˈbrinɛ/
1049	nositi	to carry, bring	/nǒsiti/
1050	pri	close to, near, at	/prî/
1051	uzela	to take	/ˈuzɛlɐ/
1052	skroz	through	/skrôːz/
1053	slatko	dessert	/slǎtkoː/
1054	usput	by the way	/ǔspuːt/
1055	pomaže	third-person singular present indicative of pomagati impf	/ˈpomɐʒɛ/
1056	kosu	hair	/ˈkosʊ/
1057	veza	connection, link	/ʋêza/
1058	proći	to pass, go	/prôːt͡ɕi/
1059	brodu	ship	/ˈbrodʊ/
1060	snage	strength, power	/ˈsnaɡɛ/
1061	glup	stupid, foolish	/ɡlûːp/
1062	prsten	ring	/pr̩̂steːn/
1063	hrana	food	/xrǎːna/
1064	krenuo	to move, set in motion	/ˈkrɛnʊo/
1065	klub	club	/klûːb/
1066	dopustiti	to allow, permit, let	/dopǔstiti/
1067	vesti	to embroider	/ʋěːsti/
1068	sljedeći	next, following	/sʎědeːt͡ɕiː/
1069	ženom	woman	/ˈʒɛnom/
1070	uglavnom	mostly, in general	/uɡlǎʋnoːm/
1071	tražiti	to seek, look for, search	/trǎːʒiti/
1072	živa	live, alive	/ʒîʋa/
1073	ušao	to enter, go into, come in	/ˈuʃɐo/
1074	smešno	ridiculously, funnily	/směːʃno/
1075	idiot	teleprompter	/idǐot/
1076	zaboga	for goodness' sake!	/zâboɡa/
1077	klinac	kid, child	/klînat͡s/
1078	pristup	access	/prǐːstup/
1079	ženi	woman	/ˈʒɛnɪ/
1080	glupa	stupid, foolish	/ˈɡlupɐ/
1081	devet	nine	/dêʋet/
1082	ozbiljan	serious	/ôzbiːʎan/
1083	ured	office	/ˈurɛd/
1084	autu	car, automobile	/ˈaʊtʊ/
1085	strah	fear, dread	/strâːx/
1086	svu	feminine accusative singular of sȁv	/ˈsvu/
1087	davno	long ago	/dǎːʋno/
1088	celu	whole	/ˈtsɛlʊ/
1089	seksi	sexy	/sêksiː/
1090	slučajno	accidentally	/slût͡ʃaːjno/
1091	dobrodošli	welcome	/dobrodǒʃli/
1092	brak	marriage	/brâːk/
1093	dođem	to come, arrive	/ˈdodʑɛm/
1094	program	program	/ˈproɡrɐm/
1095	promijeniti	to change	/promijěːniti/
1096	normalno	normally	/nôrmaːlno/
1097	zanimljivo	interestingly	/zanǐmʎiʋo/
1098	mirno	peacefully	/mîːrno/
1099	desno	right	/dêsno/
1100	para	steam	/pâra/
1101	hotel	hotel	/xǒtel/
1102	rano	early	/râno/
1103	gle	look, behold	/ɡlê/
1104	bolestan	sick, ill	/bôlestan/
1105	prekasno	too late, belatedly	/prêkasno/
1106	narod	people	/nǎːrod/
1107	žrtva	sacrifice	/ʒr̂tʋa/
1108	mišljenje	opinion	/mîʃʎeːɲe /
1109	smijem	may, can	/ˈsmijem/
1110	dece	children	/ˈdɛtsɛ/
1111	cure	girl	/ˈtsurɛ/
1112	zlato	gold	/zlâːto/
1113	nosim	to carry, bring	/ˈnosɪm/
1114	napokon	finally, at last	/nâpokon/
1115	lik	form, shape, figure, appearance	/lîːk/
1116	ljut	angry	/ʎûːt/
1117	vodim	to lead	/ˈvodɪm/
1118	mislimo	to think	/ˈmislɪmo/
1119	dođeš	to come, arrive	/ˈdodʑɛʃ/
1120	nos	nose	/nôːs/
1121	poruka	message	/pôruka/
1122	kul	cool, in a cool manner	/kûːl/
1123	krenuti	to move, set in motion	/krěːnuti/
1124	objasniti	to explain	/objǎsniti/
1125	boje	color, tint	/ˈboje/
1126	pogledati	to look, glance, cast an eye upon	/pǒɡledati/
1127	stići	alternative form of stȉgnuti	/stît͡ɕi/
1128	sledeći	next, following	/slědeːt͡ɕiː/
1129	posljednji	final	/pǒsʎedɲiː/
1130	divan	wonderful	/dîːʋan/
1131	budala	fool, idiot, simpleton	/budǎla/
1132	čime	what	/t͡ʃǐːme/
1133	signal	signal	/sǐɡnaːl/
1134	vikend	weekend	/ʋǐkend/
1135	duže	debt	/ˈduʒɛ/
1136	mladi	young	/ˈmladɪ/
1137	obojica	both	/obǒjit͡sa/
1138	najmanje	least	/nǎjmaɲe/
1139	tajne	secret	/ˈtɑjnɛ/
1140	rekoh	to say	/ˈrɛkoh/
1141	zadržati	to keep, retain, withhold	/zadř̩ʒati/
1142	detektiv	detective	/ˈdɛtɛktɪv/
1143	totalno	totally, completely	/tôtaːlno/
1144	rado	gladly, happily	/râdo/
1145	uzeli	to take	/ˈuzɛlɪ/
1146	ples	dance	/plêːs/
1147	pokret	move	/pôkreːt/
1148	igre	play	/ˈiɡrɛ/
1149	ondje	there, over there	/ǒːndje/
1150	sud	court	/sûːd/
1151	advokat	advocate, attorney, lawyer	/adʋǒkaːt/
1152	glupi	stupid, foolish	/ˈɡlupɪ/
1153	riješiti	to solve	/rjěːʃiti/
1154	čisto	purely	/t͡ʃîsto/
1155	metak	bullet	/mêtak/
1156	kamion	truck	/kamǐoːn/
1157	pita	to ask	/pîta/
1158	očima	eye	/ˈotʃɪmɐ/
1159	prilika	opportunity	/prǐːlika/
1160	odmor	rest, relaxation	/ǒdmor/
1161	zid	wall	/zîːd/
1162	nikako	in no way	/nîkaːko/
1163	pakao	hell	/pǎkao/
1164	zauzet	reserved, engaged	/ˈzaʊzɛt/
1165	umesto	instead of	/ǔmesto/
1166	predsjednik	chairman	/prěːdsjedniːk/
1167	čudo	wonder, miracle	/t͡ʃûdo/
1168	ocu	father	/ˈotsʊ/
1169	stiže	to arrive, reach	/ˈstiʒɛ/
1170	ulice	street	/ˈulit͡sɛ/
1171	stare	old	/ˈstɑrɛ/
1172	tiho	quietly, silently	/tîxo/
1173	njegovim	his	/ˈɲeɡovɪm/
1174	ostala	the other	/ˈostɐlɐ/
1175	dokaze	proof, evidence	/ˈdokɐzɛ/
1176	prijateljima	friend	/ˈprijɐˌtɛʎɪmɐ/
1177	novine	newspaper	/nǒʋine/
1178	obzirom	consideration, care, respect	/ˈobzɪrom/
1179	naučiti	to teach, train, instruct	/naǔt͡ʃiti/
1180	iste	same	/ˈistɛ/
1181	konja	horse	/ˈkoɲɐ/
1182	pozvati	to call	/pǒzʋati/
1183	počeli	to begin, start, commence	/ˈpotʃɛlɪ/
1184	gladan	hungry	/ɡlǎːdan/
1185	odluka	decision	/ôdluka/
1186	mesec	moon	/mêseːt͡s/
1187	grupa	group	/ɡrûpa/
1188	platio	to pay	/ˈplatɪo/
1189	stanje	condition, state	/stǎːɲe/
1190	ruka	arm	/rǔːka/
1191	dobije	to receive, get, obtain, acquire	/ˈdobɪje/
1192	šala	joke	/ʃǎːla/
1193	nekome	dative of nȅtko / nȅko	/nêkome/
1194	otkaz	resignation	/ôtkaːz/
1195	partner	partner	/pârtner/
1196	boriti	to fight, struggle	/bǒriti/
1197	dama	lady	/dǎːma/
1198	nož	knife	/nôːʒ/
1199	kraljica	queen	/krǎʎit͡sa/
1200	škola	school	/ʃkôːla/
1201	kolima	wheel	/ˈkolɪmɐ/
1202	ubojica	murderer, killer	/ǔbojit͡sa/
1203	tjedna	week	/ˈtjednɐ/
1204	ujutru	in the morning	/ûjutru/
1205	zvuk	sound	/zʋûːk/
1206	cilj	aim, goal, purpose	/t͡sîːʎ/
1207	istu	same	/ˈistʊ/
1208	težak	heavy, weighty	/těːʒak/
1209	čaj	tea	/t͡ʃâj/
1210	tajnu	secret	/ˈtɑjnʊ/
1211	uđite	to enter, go into, come in	/ˈudʑɪtɛ/
1212	slično	similarly	/slǐt͡ʃno/
1213	mami	to lure, entice	/ˈmamɪ/
1214	odličan	excellent, great	/ôdlit͡ʃan/
1215	let	flight	/lêːt/
1216	večer	evening	/ʋêt͡ʃeːr/
1217	centar	center / centre	/t͡sêntar/
1218	oba	both	/ôba/
1219	ratu	war	/ˈratʊ/
1220	sedmice	week	/ˈsɛdmɪtsɛ/
1221	zena	pupil	/zêna/
1222	vojska	army	/ʋǒːjska/
1223	baka	grandmother, grandma	/bǎːka/
1224	tatu	dad, daddy	/ˈtatʊ/
1225	unutar	within, inside, in	/ǔnutar/
1226	šansa	chance, opportunity	/ˈʃansɐ/
1227	nađi	to find, discover	/ˈnadʑɪ/
1228	dug	debt	/dûːɡ/
1229	poslala	to send	/ˈposlɐlɐ/
1230	situacija	situation	/situǎːt͡sija/
1231	dovesti	to transfer something by driving	/doʋěsti/
1232	kreten	cretin	/krěteːn/
1233	divna	wonderful	/ˈdivnɐ/
1234	lep	nice, pretty	/lêːp/
1235	udarac	hit, punch, knock, whack	/ǔdarat͡s/
1236	more	an anxiety-inducing concern, a hardship	/môːre/
1237	gđa	Mrs	/ˈɡdʑa/
1238	nosiš	to carry, bring	/ˈnosɪʃ/
1239	broda	ship	/ˈbrodɐ/
1240	pravim	pure, true, genuine	/ˈpravɪm/
1241	deda	grandfather	/dêda/
1242	vino	wine	/ʋǐːno/
1243	dokaza	proof, evidence	/ˈdokɐzɐ/
1244	poslali	to send	/ˈposlɐlɪ/
1245	proveo	to lead, guide, take	/ˈprovɛo/
1246	boja	color, tint	/bǒja/
1247	ugovor	contract	/ûɡoʋoːr/
1248	upomoć	help!	/ûpomoːt͡ɕ/
1249	kontakt	contact	/kǒntakt/
1250	iskren	sincere, honest	/îskren/
1251	pali	to kindle, light, set fire to	/pâːli/
1252	meso	meat	/mêːso/
1253	dnk	initialism of dezoksiribonukleinska kiselina	/ˈdəˌnəˌkə/
1254	veći	big, large	/ʋêt͡ɕiː/
1255	los	moose	/lôs/
1256	nažalost	unfortunately	/nâʒaloːst/
1257	putovanje	travel	/ˈputoˌvɐɲe/
1258	uništiti	to destroy, annihilate	/ǔniʃtiti/
1259	troje	three	/ˈtroje/
1260	supruga	wife, female spouse	/ˈsuprʊɡɐ/
1261	osobe	person	/ˈosobɛ/
1262	bob	broad bean	/bôb/
1263	spavanje	sleep, repose	/ˈspavɐɲe/
1264	osobu	person	/ˈosobʊ/
1265	zauvek	forever	/zǎuʋeːk/
1266	star	old	/stâr/
1267	igraš	to play	/ˈiɡrɐʃ/
1268	otvoriti	to open	/otʋǒriti/
1269	komad	piece, part	/kǒmaːd/
1270	ukoliko	if	/ukolǐkoː/
1271	hiljada	thousand	/xǐʎada/
1272	govor	speech	/ɡôʋoːr/
1273	uhvatiti	to grab, seize, take hold of	/ǔxʋatiti/
1274	kćer	alternative form of kćȋ	/kt͡ɕêːr/
1275	daju	third-person plural present of davati	/ˈdɑjʊ/
1276	pojavio	to appear, emerge	/ˈpojɐˌvɪo/
1277	jede	to eat, consume	/ˈjedɛ/
1278	vrag	devil	/ʋrâːɡ/
1279	puna	full, filled	/ˈpunɐ/
1280	doista	truly, indeed	/dôista/
1281	izlaz	exit	/îzlaːz/
1282	doviđenja	goodbye!	/doʋid͡ʑěːɲa/
1283	životinja	animal	/ʒiʋǒtiɲa/
1284	sreća	happiness	/srêt͡ɕa/
1285	kriva	guilty, culpable	/ˈkrivɐ/
1286	strana	side	/strǎːna/
1287	volimo	to love	/ˈvolɪmo/
1288	pozdrav	greeting, salutation	/pôzdraːʋ/
1289	ustani	to stand up, rise, get up	/ˈustɐnɪ/
1290	zadnja	back, rear, hind	/ˈzadɲɐ/
1291	postane	to become, turn, get	/ˈpostɐnɛ/
1292	riba	fish	/rîba/
1293	jučer	yesterday	/jǔt͡ʃeːr/
1294	osiguranje	insurance, assurance	/osiɡurǎːɲe/
1295	provjeriti	to check, confirm	/prǒʋjeriti/
1296	završila	to end, end up, wind up	/ˈzavrʃɪlɐ/
1297	razmišljam	first-person singular present of ràzmisliti	/ˈrazmɪʃʎɐm/
1298	lijep	nice, pretty	/ʎêːp/
1299	tacno	serving tableware of any kind; tray, saucer or platter	/ˈtatsno/
1300	obrada	processing	/ôbrada/
1301	tišina	silence	/ˈtiʃɪnɐ/
1302	nigdje	nowhere	/nîɡdje/
1303	ubija	third-person singular present of ubijati	/ubǐːja/
1304	meta	target	/měːta/
1305	tad	then, at that time	/tâd/
1306	ubojstvo	murder	/ǔboːjstʋo/
1307	vraća	third-person singular present of vraćati	/ˈvratɕɐ/
1308	prošlost	past, history	/ˈproʃlost/
1309	mnoge	many	/ˈmnoɡɛ/
1310	jednoj	one	/ˈjednoj/
1311	donijeti	to bring, carry	/dǒnijeːti/
1312	zamisliti	to imagine	/zǎmisliti/
1313	kvragu	damn, dammit	/kʋrâːɡu/
1314	otkriti	to uncover, unveil	/ǒtkriti/
1315	koriste	benefit, advantage, use	/ˈkorɪstɛ/
1316	pamet	prudence	/pâmeːt/
1317	zlo	bad	/zlô/
1318	engleski	in an English manner, as an Englishman	/ěnɡleːskiː/
1319	taksi	taxi	/tǎksi/
1320	nek	let, may	/ˈnɛk/
1321	odluku	decision	/ˈodlʊkʊ/
1322	snagu	strength, power	/ˈsnaɡʊ/
1323	sladak	sweet	/slâdak/
1324	umoran	tired	/ûmoːran/
1325	mada	although	/mâda/
1326	smije	third-person singular present indicative of smjȅti impf	/ˈsmije/
1327	usred	in the middle of	/ǔsred/
1328	prosto	rudely, uncivilly, grossly	/prôsto/
1329	zamisli	to imagine	/ˈzamɪslɪ/
1330	heroj	hero	/xěroːj/
1331	živote	life	/ˈʒivotɛ/
1332	vrste	kind, sort	/ˈvrstɛ/
1333	popodne	afternoon	/popǒːdne/
1334	dječak	boy, youngster	/djět͡ʃaːk/
1335	zabrinut	worried	/zǎbrinuːt/
1336	operacija	operation	/ˈopɛˌrɐtsɪjɐ/
1337	kuca	doggy, puppy	/kǔːt͡sa/
1338	prokleto	to curse	/ˈproklɛto/
1339	milijuna	million	/ˈmilɪˌjʊnɐ/
1340	osobno	personally	/ǒsobno/
1341	jak	strong	/jâːk/
1342	restoran	restaurant	/ˈrɛstorɐn/
1343	vaši	louse	/ˈvaʃɪ/
1344	grozno	terribly	/ɡrôːzno/
1345	govno	when used in singular: turd Example: Posrao sam baš veliko…	/ɡǒːʋno/
1346	miči	to move	/ˈmitʃɪ/
1347	drvo	tree	/dr̩̂ʋo/
1348	voditi	to lead	/ʋǒditi/
1349	suviše	too, excessively	/sûʋiʃeː/
1350	pritisak	pressure	/prǐtisak/
1351	priznati	to acknowledge, recognize	/prǐznati/
1352	petak	Friday	/pětaːk/
1353	hitno	urgently	/ˈxitno/
1354	nedavno	recently	/nêdaːʋno/
1355	laži	lie, untruth, falsity, fib	/ˈlaʒɪ/
1356	zavisi	to depend	/ˈzavɪsɪ/
1357	pol	half	/pôːl/
1358	skupa	together, jointly	/skûpa/
1359	krivica	guilt, blame, fault	/kriʋǐt͡sa/
1360	napustiti	to leave	/napǔstiti/
1361	general	general	/ɡeněraːl/
1362	prošlosti	genitive/dative/vocative/locative/instrumental singular	/ˈproʃlostɪ/
1363	vlasnik	owner	/ʋlâːsniːk/
1364	zube	tooth	/ˈzubɛ/
1365	traje	to last, continue	/ˈtrɑje/
1366	kosa	hair	/kǒsa/
1367	pobjeći	to flee, run away	/pǒbjet͡ɕi/
1368	čuje	to hear	/ˈtʃuje/
1369	sumnje	doubt, suspicion	/ˈsumɲe/
1370	jutra	genitive singular	/ˈjutrɐ/
1371	umreti	to die	/ǔmreːti/
1372	obožavam	to adore, admire	/ˈoboˌʒɐvɐm/
1373	doručak	breakfast	/dǒrut͡ʃak/
1374	bivši	former	/bîːʋʃiː/
1375	pucaj	to crack, break, burst, split	/ˈputsɑj/
1376	išli	to go, walk	/ˈiʃlɪ/
1377	fer	fairly	/fêːr/
1378	noću	at night, by night, in the night	/nôt͡ɕu/
1379	slušati	to listen	/slûʃati/
1380	voziti	to drive	/ʋǒziti/
1381	oci	father	/ˈotsɪ/
1382	čujete	to hear	/ˈtʃujetɛ/
1383	čekaju	to wait, await	/ˈtʃɛkɑjʊ/
1384	nalog	instruction, direction, orders	/nǎːloɡ/
1385	park	park	/pârk/
1386	zrak	air	/zrâːk/
1387	uspjeti	to succeed, make good	/ǔspjeti/
1388	iko	anybody, anyone	/îko/
1389	pratiti	to follow	/prâtiti/
1390	sunca	sun	/ˈsuntsɐ/
1391	odavno	a long time ago	/ôdaːʋno/
1392	primjer	example, instance	/prǐːmjer/
1393	čuj	to hear	/ˈtʃuj/
1394	odgovornost	responsibility	/odɡoʋǒːrnoːst/
1395	mame	to lure, entice	/ˈmamɛ/
1396	pijan	drunk, intoxicated	/pǐjan/
1397	love	hunt, hunting	/ˈlovɛ/
1398	borba	fight	/bǒrba/
1399	primer	example, instance	/prǐːmer/
1400	odvratno	repulsively, detestably, abhorrently	/ôdʋraːtno/
1401	ruci	arm	/ˈrutsɪ/
1402	volite	to love	/ˈvolɪtɛ/
1403	narode	people	/ˈnɑrodɛ/
1404	gori	worse, comparative degree of zȁo	/ɡôriː/
1405	ponosan	proud	/pǒnosan/
1406	nečega	genitive of nȅšto	/nêt͡ʃeɡa/
1407	dar	gift	/dâːr/
1408	licu	face	/ˈlitsʊ/
1409	motor	engine, motor	/ˈmotor/
1410	mrzi	to hate	/ˈmrzi/
1411	otprilike	approximately, about	/otprǐːlikeː/
1412	bliže	near, close	/ˈbliʒɛ/
1413	država	country	/dř̩ʒaʋa/
1414	sretni	happy, merry	/ˈsrɛtnɪ/
1415	njenom	her, hers	/ˈɲenom/
1416	vojnik	soldier	/ʋǒjniːk/
1417	miris	smell, odor	/mîriːs/
1418	rupu	pit, hole	/ˈrupʊ/
1419	nađe	to find, discover	/ˈnadʑɛ/
1420	milion	million	/milǐoːn/
1421	poznato	to know, have knowledge of	/ˈpoznɐto/
1422	osećaj	feeling	/ˈosɛtɕɑj/
1423	informacija	information	/informǎːt͡sija/
1424	dođu	to come, arrive	/ˈdodʑʊ/
1425	kamera	video camera	/kǎmera/
1426	milja	mile	/mîːʎa/
1427	gospođa	Mrs	/ɡôspod͡ʑa/
1428	stariji	comparative degree of stȁr	/ˈstɑrɪjɪ/
1429	lovu	hunt, hunting	/ˈlovʊ/
1430	sudu	court	/ˈsudʊ/
1431	veće	council	/ʋěːt͡ɕe/
1432	bolest	sickness, disease	/bôleːst/
1433	sudbina	fate, destiny	/sudbǐna/
1434	nađeš	to find, discover	/ˈnadʑɛʃ/
1435	prihvatiti	to accept	/prǐxʋatiti/
1436	šalim	to joke; to joke around	/ˈʃalɪm/
1437	pravilo	rule	/prâʋilo/
1438	dužnost	duty	/dǔːʒnoːst/
1439	potez	stroke, move	/ˈpotɛz/
1440	popraviti	to fix, repair	/pǒpraʋiti/
1441	savršen	perfect, faultless	/sǎʋrːʃen/
1442	opasnost	danger	/opǎːsnoːst/
1443	bacio	to throw, cast	/ˈbatsɪo/
1444	sredi	Wednesday	/ˈsrɛdɪ/
1445	vođa	leader, guide	/ˈvodʑɐ/
1446	snaga	strength, power	/snǎːɡa/
1447	kurva	whore, prostitute	/kûːrʋa/
1448	izvor	well, wellspring	/ǐzʋor/
1449	kupila	to buy, purchase	/ˈkupɪlɐ/
1450	grudi	thorax, chest, breast, bosom	/ɡrûːdi/
1451	prodaje	sale	/ˈprodɑje/
1452	laž	lie, untruth, falsity, fib	/lâːʒ/
1453	povrijediti	to hurt, injure, wound	/poʋrjěːditi/
1454	nedelja	Sunday	/nědeʎa/
1455	glupost	stupidity, foolishness, nonsense	/ɡlǔːpoːst/
1456	duga	long	/dǔːɡa/
1457	ček	cheque	/t͡ʃêk/
1458	vrat	neck	/ʋrâːt/
1459	kopile	bastard	/kôpile/
1460	stati	to stop, halt	/stâːti/
1461	provesti	to lead, guide, take	/proʋěsti/
1462	važan	important	/ʋǎːʒan/
1463	gej	a gay person, homosexual	/ɡêːj/
1464	kamen	stone	/kâmeːn/
1465	budućnosti	future	/ˈbudʊtɕˌnostɪ/
1466	nijedan	no one, none, nobody	/nijědan/
1467	pala	feminine singular active past participle	/ˈpalɐ/
1468	kćerka	alternative form of kćȋ	/kt͡ɕěːrka/
1469	poznat	well-known, known	/pôznaːt/
1470	posto	percent	/ˈposto/
1471	zla	evil, malicious, bad, mean, wicked	/ˈzla/
1472	kojih	masculine genitive plural	/ˈkojɪh/
1473	ribe	fish	/ˈribɛ/
1474	luke	harbor; harbour	/ˈlukɛ/
1475	pametno	intelligently, prudently, reasonably, wisely	/pâmetno/
1476	zločin	crime	/zlǒt͡ʃin/
1477	razlika	difference	/rǎːzlika/
1478	raj	heaven, paradise	/râːj/
1479	nevjerojatno	incredibly, unlikely, unbelievably, improbably	/ˈnɛvjeˌrojɐtno/
1480	krug	circle	/ˈkruɡ/
1481	lose	moose	/ˈlosɛ/
1482	igrao	to play	/ˈiɡrɐo/
1483	muzika	music	/mǔzika/
1484	prijevod	translation	/prjěːʋod/
1485	vodite	to lead	/ˈvodɪtɛ/
1486	bomba	bomb	/bôːmba/
1487	sramota	shame, disgrace	/sramǒta/
1488	odjebi	second-person singular imperative of odjèbati: fuck off, go…	/odjěbi/
1489	zadrži	to keep, retain, withhold	/ˈzadrʒɪ/
1490	mozga	brain	/ˈmozɡɐ/
1491	istom	same	/ˈistom/
1492	lijevo	left	/ˈlijevo/
1493	neprijatelj	enemy	/něprijateʎ/
1494	visoko	highly, high	/ʋisǒko/
1495	bebe	baby, infant	/beˈbe/
1496	kupi	cup, goblet	/ˈkupɪ/
1497	opasan	dangerous	/ôpaːsan/
1498	smeće	trash, waste, garbage	/smět͡ɕe/
1499	ravno	straight, directly	/râːʋno/
1500	kažemo	to say, to state	/ˈkaʒɛmo/
1501	dokazati	to prove	/dokǎːzati/
1502	trik	trick	/trîk/
1503	noćas	tonight	/nǒt͡ɕas/
1504	rada	indefinite masculine/neuter genitive singular	/ˈradɐ/
1505	pošalji	to send	/ˈpoʃɐʎɪ/
1506	ženama	woman	/ˈʒɛnɐmɐ/
1507	kratko	shortly	/krâtko/
1508	činjenica	fact	/t͡ʃîɲenit͡sa/
1509	večera	supper, dinner	/ʋět͡ʃera/
1510	gledala	to watch, look, see	/ˈɡlɛdɐlɐ/
1511	zvijezda	a star	/zʋijěːzda/
1512	jedem	to eat, consume	/ˈjedɛm/
1513	sedite	to sit	/ˈsɛdɪtɛ/
1514	spasi	to save, salvage	/ˈspasɪ/
1515	ujak	maternal uncle	/ûjaːk/
1516	tima	team	/ˈtimɐ/
1517	izađe	to go out, leave, come out, get out	/ˈizɐdʑɛ/
1518	svjetlo	light	/sʋjêtlo/
1519	bre	used to insist on or emphasize something being said or…	/ˈbrɛ/
1520	novom	new	/ˈnovom/
1521	nivo	level	/nǐʋoː/
1522	prodati	to sell	/prǒdati/
1523	mobitel	cell phone, mobile phone	/ˈmobɪtɛl/
1524	treći	third	/trêt͡ɕiː/
1525	nosio	to carry, bring	/ˈnosɪo/
1526	profesor	professor	/prǒfesor/
1527	autobus	bus	/autǒːbus/
1528	ocem	father	/ˈotsɛm/
1529	vijest	report, news	/ʋjêːst/
1530	crna	feminine nominative/vocative singular of cȓn	/ˈtsrna/
1531	plati	to pay	/ˈplatɪ/
1532	nesreća	accident	/něsret͡ɕa/
1533	ostavili	to leave	/ˈostɐˌvɪlɪ/
1534	obje	both	/ôbje/
1535	odgovoran	responsible	/ôdɡoʋoːran/
1536	blago	mildly, gently	/blâːɡo/
1537	pete	heel	/ˈpɛtɛ/
1538	poći	to go, go away, leave, depart	/pǒːt͡ɕi/
1539	nadao	to hope	/ˈnadɐo/
1540	zahvaljujući	thanks to	/zaxʋǎʎujuːt͡ɕi/
1541	prodao	to sell	/ˈprodɐo/
1542	haljinu	dress	/ˈxaʎɪnʊ/
1543	rođen	born	/rôd͡ʑen/
1544	vrhu	peak	/ˈvrhu/
1545	gomila	tumulus, barrow, burial mound or cairn	/ɡǒmila/
1546	čudovište	monster	/t͡ʃudǒʋiːʃte/
1547	ukus	taste, as in a person’s implicit set of preferences,…	/ǔkus/
1548	ubrzo	soon	/ûbrːzo/
1549	krivi	guilty, culpable	/ˈkrivɪ/
1550	savjet	council	/sǎːʋjet/
1551	pucao	to crack, break, burst, split	/ˈputsɐo/
1552	poštovanje	respect, esteem	/poʃtoʋǎːɲe/
1553	kom	to whom	/kôm/
1554	dvaput	twice	/dʋǎːput/
1555	dobit	profit	/ˈdobɪt/
1556	zgodan	handsome, pretty, attractive	/zɡôdan/
1557	ćerka	alternative form of kćérka	/t͡ɕěːrka/
1558	meri	to measure	/ˈmɛrɪ/
1559	ptica	bird	/ptît͡sa/
1560	krenuli	to move, set in motion	/ˈkrɛnʊlɪ/
1561	stanice	station	/ˈstanɪtsɛ/
1562	odnos	relationship	/ǒdnos/
1563	iskoristiti	to use, utilize, make use of	/iskǒristiti/
1564	direktno	directly, straight	/dǐrektno/
1565	most	bridge	/môːst/
1566	gledali	to watch, look, see	/ˈɡlɛdɐlɪ/
1567	prostor	space	/prǒːstor/
1568	loptu	ball	/ˈloptʊ/
1569	slobodu	freedom	/ˈslobodʊ/
1570	ulogu	role	/ˈuloɡʊ/
1571	stoj	second-person singular imperative of stàjati	/ˈstoj/
1572	iznenada	suddenly, unexpectedly	/îznenaːda/
1573	voz	train	/ʋôːz/
1574	poljubac	a kiss	/ˈpoʎʊbɐts/
1575	direktor	director	/dǐrektor/
1576	popričati	to spend some time conversing with someone	/poprǐːt͡ʃati/
1577	pojesti	to eat, consume	/pǒjesti/
1578	kiša	rain	/kîʃa/
1579	ptice	bird	/ˈptitsɛ/
1580	princ	prince	/prînt͡s/
1581	snimak	footage, recording	/snîmak/
1582	javiti	to inform, notify, let know	/jǎːʋiti/
1583	nasamo	in private, alone, face-to-face	/nâsaːmo/
1584	oduvijek	since always	/ǒduʋijeːk/
1585	mogućnost	possibility, potentiality	/moɡǔːt͡ɕnoːst/
1586	selo	village	/sělo/
1587	čas	moment	/ˈtʃas/
1588	vodio	to lead	/ˈvodɪo/
1589	gđica	Miss, Ms	/ˈɡdʑitsɐ/
1590	nebo	sky	/ˈnêbo/
1591	čudan	strange, weird, odd	/t͡ʃûdan/
1592	roditeljima	parent	/ˈrodɪˌtɛʎɪmɐ/
1593	preveo	active past participle of prèvesti	/ˈprɛvɛo/
1594	rezultat	result	/rezǔltaːt/
1595	vatra	fire	/ʋâtra/
1596	počelo	principle, element	/pot͡ʃěːlo/
1597	preuzeti	to take over, take on	/preǔzeːti/
1598	sigurnost	security	/siɡǔːrnoːst/
1599	vazduh	air	/ʋâzduːx/
1600	nigde	nowhere	/nîɡde/
1601	uključujući	present verbal adverb of uključívati	/ˈukʎʊtˌʃʊjʊtɕɪ/
1602	upali	inflammation, pneumonia	/ˈupɐlɪ/
1603	poseban	special	/pǒːseban/
1604	verovati	to believe + u	/ʋêroʋati/
1605	ulica	street	/ûlit͡sa/
1606	jelo	to eat, consume	/jêlo/
1607	pobijediti	to conquer, overcome	/pobjěːditi/
1608	američki	in the American manner	/aměrit͡ʃkiː/
1609	ekipa	team, crew	/ekǐːpa/
1610	duše	soul	/ˈduʃɛ/
1611	piti	to drink	/pîti/
1612	ponašanje	behavior	/ponǎːʃaːɲe/
1613	obaviti	to do, perform, complete, carry out	/ǒbaʋiti/
1614	tetka	aunt by blood; the sister of one’s parent	/têtka/
1615	pravom	pure, true, genuine	/ˈpravom/
1616	nada	hope	/nǎːda/
1617	kombi	station wagon	/ˈkombɪ/
1618	širom	widely	/ʃǐːrom/
1619	poslove	job	/ˈposlovɛ/
1620	čitav	whole, entire, all	/t͡ʃîtaʋ/
1621	teška	heavy, weighty	/ˈtɛʃkɐ/
1622	prst	finger	/pr̩̂st/
1623	lijek	medicine, cure	/ljêːk/
1624	oprostiti	to forgive, pardon	/oprǒstiti/
1625	jedinica	one	/jedǐnit͡sa/
1626	drugačiji	different	/druɡǎt͡ʃijiː/
1627	velik	big, large	/ʋělik/
1628	napao	to attack, assault	/ˈnapɐo/
1629	pratio	to follow	/ˈpratɪo/
1630	predstavu	show	/ˈprɛtstɐvʊ/
1631	plaši	to frighten, scare	/ˈplaʃɪ/
1632	madam	madam	/madâm/
1633	član	member	/t͡ʃlâːn/
1634	potrazi	search	/ˈpotrɐzɪ/
1635	lisa	blaze	/lîsa/
1636	čist	clean, pure	/t͡ʃîst/
1637	mrtvih	masculine/feminine/neuter genitive plural of mr̀tav	/ˈmrtvih/
1638	novim	new	/ˈnovɪm/
1639	kučka	bitch, dam	/kût͡ʃka/
1640	stanica	station	/stǎnit͡sa/
1641	položaj	position	/pôloʒaːj/
1642	pjesmu	poem	/ˈpjesmʊ/
1643	rak	crab	/râk/
1644	jedinice	one	/ˈjedɪˌnɪtsɛ/
1645	makar	at least	/mǎkar/
1646	ovakav	like this, this kind of	/oʋǎkaːʋ/
1647	šalje	to send	/ˈʃaʎe/
1648	drže	to hold, grasp	/ˈdrʒɛ/
1649	pice	cunt, pussy	/ˈpitsɛ/
1650	držao	to hold, grasp	/ˈdrʒao/
1651	šumi	forest, woods	/ˈʃumɪ/
1652	fin	fine, delicate	/fîːn/
1653	leti	summers, in summer, during the summer	/lêti/
1654	gubitak	loss	/ɡubǐːtak/
1655	mlad	young	/mlâːd/
1656	nose	to carry, bring	/ˈnosɛ/
1657	vozilo	vehicle	/ʋǒzilo/
1658	miran	motionless	/mǐːran/
1659	klijent	client	/ˈklijent/
1660	lov	hunt, hunting	/lôːʋ/
1661	misija	mission	/mǐsija/
1662	jedeš	to eat, consume	/ˈjedɛʃ/
1663	kreće	to move	/ˈkrɛtɕɛ/
1664	nečemu	dative of nȅšto	/nêt͡ʃemu/
1665	jeo	to eat, consume	/ˈjeo/
1666	moli	to ask, request, beg	/ˈmolɪ/
1667	molimo	to ask, request, beg	/ˈmolɪmo/
1668	uđe	to enter, go into, come in	/ˈudʑɛ/
1669	izvještaj	report, account, record	/îzʋjeʃtaːj/
1670	poslom	job	/ˈposlom/
1671	fantastično	fantastically	/fantǎstit͡ʃno/
1672	momče	a young man, lad	/mǒmt͡ʃe/
1673	oduvek	since always	/ǒduʋeːk/
1674	linija	line	/lǐːnija/
1675	sladoled	ice cream	/slâdoleːd/
1676	zgrada	building	/zɡrâda/
1677	hitnu	urgent	/ˈxitnʊ/
1678	predsednik	chairman	/prěːdsedniːk/
1679	muči	to be silent	/ˈmutʃɪ/
1680	živjeli	the usual toast when drinking alcohol	/ˈʒivjelɪ/
1681	iznutra	from inside	/ǐznuːtra/
1682	čujemo	to hear	/ˈtʃujemo/
1683	podnijeti	to bear, endure, withstand	/pǒdnijeːti/
1684	boji	color, tint	/bǒji/
1685	stoga	so, therefore, for that/this reason, ergo	/stôɡaː/
1686	led	ice	/lêːd/
1687	kreveta	bed	/ˈkrɛvɛtɐ/
1688	ulaz	entrance	/ǔlaz/
1689	stol	table	/stôːl/
1690	gazda	landlord	/ɡâzda/
1691	kompanija	company	/kompǎnija/
1692	leži	to lie, recline	/ˈlɛʒɪ/
1693	cela	whole	/ˈtsɛlɐ/
1694	rupa	pit, hole	/rûpa/
1695	trajati	to last, continue	/trâjati/
1696	iskustvo	experience	/iskǔːstʋo/
1697	nogama	leg	/ˈnoɡɐmɐ/
1698	žalim	to mourn, grieve	/ˈʒalɪm/
1699	obzir	consideration, care, respect	/ôbziːr/
1700	šou	show	/ʃôu/
1701	sudija	judge	/sǔdija/
1702	plaća	pay	/plǎːt͡ɕa/
1703	gladna	hungry	/ˈɡladnɐ/
1704	muka	pain	/mûka/
1705	jedi	to eat, consume	/ˈjedɪ/
1706	uši	louse	/ˈuʃɪ/
1707	obuci	to dress, clothe, put on clothes	/ˈobʊtsɪ/
1708	zaštititi	to defend, protect	/zaʃtǐːtiti/
1709	baru	dative/locative singular of bȃr	/ˈbɑrʊ/
1710	če	if	/tʃɛ/
1711	životom	life	/ˈʒivotom/
1712	ribu	fish	/ˈribʊ/
1713	princeza	princess	/print͡sěːza/
1714	zvezda	a star	/zʋěːzda/
1715	nervozan	nervous	/nêrʋoːzan/
1716	izgledati	to seem, appear	/izɡlěːdati/
1717	stoje	third-person plural present of stàjati	/ˈstoje/
1718	smem	can, may, be allowed to	/ˈsmɛm/
1719	dave	to choke, strangle	/ˈdavɛ/
1720	igraju	to play	/ˈiɡrɑjʊ/
1721	pacijent	patient	/pat͡sǐjent/
1722	vjenčanje	wedding	/ʋjent͡ʃǎːɲe/
1723	sekund	second	/ˈsɛkʊnd/
1724	bako	grandmother, grandma	/ˈbako/
1725	vojske	army	/ˈvojskɛ/
1726	odgovoriti	to answer, reply	/odɡoʋǒːriti/
1727	duša	soul	/dǔːʃa/
1728	nikakav	any, no	/nîkakaʋ/
1729	zovete	to call, to be called	/zǒʋete/
1730	udar	stroke, hit	/ûdaːr/
1731	mač	sword	/mât͡ʃ/
1732	nade	hope	/nǎːde/
1733	sinu	shadow; shade	/ˈsinʊ/
1734	konj	horse	/kôɲ/
1735	drugar	friend	/drǔɡaːr/
1736	zovemo	to call, to be called	/zǒʋemo/
1737	otkako	since, ever since	/ǒtkako/
1738	primio	to receive, get	/ˈprimɪo/
1739	gospodar	master, lord	/ɡospǒdaːr/
1740	uzima	to take	/ˈuzɪmɐ/
1741	sok	juice	/sôːk/
1742	zamalo	almost, nearly	/zǎmalo/
1743	moru	an anxiety-inducing concern, a hardship	/ˈmorʊ/
1744	rizik	risk	/rǐzik/
1745	lezi	to lie down	/ˈlɛzɪ/
1746	pića	nominative/genitive/accusative/vocative plural of píće	/ˈpitɕɐ/
1747	pucati	to crack, break, burst, split	/pûtsati/
1748	malom	small	/ˈmalom/
1749	obe	both	/ôbe/
1750	svašta	all sorts of things; everything	/sʋâʃta/
1751	leta	summer, summertime	/ˈlɛtɐ/
1752	čiji	whose	/t͡ʃǐjiː/
1753	baciti	to throw, cast	/bǎːt͡siti/
1754	kutija	box, chest	/kǔtija/
1755	krivo	awry	/krîːʋo/
1756	područje	area, region, territory	/pǒdruːt͡ʃje/
1757	udala	to marry off	/ˈudɐlɐ/
1758	jao	woe, alas	/ˈjao/
1759	pesmu	poem	/ˈpɛsmʊ/
1760	krivim	guilty, culpable	/ˈkrivɪm/
1761	djevojčica	girl, lass	/djeʋǒjt͡ʃit͡sa/
1762	duha	smell, stench, odor	/ˈduhɐ/
1763	crvena	red	/ˈtsrvɛnɐ/
1764	stavim	to put, place	/ˈstavɪm/
1765	virus	computer virus	/ˈvirʊs/
1766	deco	children	/ˈdɛtso/
1767	nabaviti	to obtain, procure, acquire	/nǎbaʋiti/
1768	svetlo	light	/sʋêtlo/
1769	predati	to deliver, hand over	/prědati/
1770	normalan	normal	/nôrmaːlan/
1771	pogodio	to hit	/ˈpoɡoˌdɪo/
1772	pitate	to ask	/ˈpitɐtɛ/
1773	dvadeset	twenty	/dʋǎːdeset/
1774	svoga	one's own	/ˈsvoɡɐ/
1775	papir	paper	/pǎpiːr/
1776	probati	to try, to attempt	/prǒːbati/
1777	krije	to hide, conceal	/ˈkrije/
1778	model	model	/mǒdel/
1779	nosila	to carry, bring	/nǒsila/
1780	stigne	to arrive, reach	/ˈstiɡnɛ/
1781	polje	field	/pôʎe/
1782	dokle	how far	/dǒːkleː/
1783	krene	to move, set in motion	/ˈkrɛnɛ/
1784	šešir	hat	/ʃěʃiːr/
1785	uzet	to take	/ûzeːt/
1786	vozač	driver	/ʋǒzaːt͡ʃ/
1787	postaviti	to put, place, set	/pǒstaʋiti/
1788	teže	comparative degree of tȇško	/ˈtɛʒɛ/
1789	poručnik	lieutenant	/pǒrut͡ʃniːk/
1790	njime	him	/ɲǐːme/
1791	curu	girl	/ˈtsurʊ/
1792	spremno	readily	/sprêmno/
1793	osnovu	basis, foundation	/ˈosnovʊ/
1794	praviš	to make, create	/ˈpravɪʃ/
1795	in	other	/ˈin/
1796	tati	dad, daddy	/ˈtatɪ/
1797	profesore	professor	/ˈprofɛˌsorɛ/
1798	navodno	allegedly, reportedly	/nǎːʋodno/
1799	pridružiti	to join somebody	/pridrǔːʒiti/
1800	svemir	space, universe	/sʋêmiːr/
1801	dodaj	to add	/ˈdodɑj/
1802	ponoviti	to repeat	/ponǒʋiti/
1803	sef	safe, strongbox	/sêf/
1804	uveče	this evening, in the evening, evenings	/ûʋet͡ʃeː/
1805	ušla	to enter, go into, come in	/ˈuʃlɐ/
1806	odustati	to give up, abandon + od	/odǔstati/
1807	mira	peace	/ˈmirɐ/
1808	utakmicu	sports game	/ˈutɐkˌmɪtsʊ/
1809	povratak	return	/pǒʋratak/
1810	nered	chaos, mess, disorder	/nêreːd/
1811	pitali	to ask	/ˈpitɐlɪ/
1812	stil	style	/stîl/
1813	dnevnik	diary	/dnêːʋniːk/
1814	tijekom	during	/tjêːkom/
1815	rose	dew	/ˈrosɛ/
1816	stopala	foot	/ˈstopɐlɐ/
1817	mlade	young	/ˈmladɛ/
1818	dnevno	daily, on a daily basis	/dnêːʋno/
1819	palo	neuter singular active past participle of pȁsti	/ˈpalo/
1820	malim	small	/ˈmalɪm/
1821	prednost	advantage	/prêdnoːst/
1822	paket	packet	/pǎkeːt/
1823	uspeti	to succeed, make good	/ǔspeti/
1824	karijeru	career	/ˈkɑrɪˌjerʊ/
1825	nestati	to disappear, vanish	/něstati/
1826	izvrsno	delightfully, perfectly	/îzʋr̩sno/
1827	imalo	to have, possess, own	/ˈimɐlo/
1828	uništio	to destroy, annihilate	/ˈunɪʃˌtɪo/
1829	rane	early	/ˈranɛ/
1830	uzrok	cause, reason	/ǔzrok/
1831	jedu	to eat, consume	/ˈjedʊ/
1832	muda	genitive singular	/ˈmudɐ/
1833	pažnja	attention	/pǎʒɲa/
1834	pasti	to fall	/pâsti/
1835	gadno	ugly, disgusting, repulsive	/ˈɡadno/
1836	važna	important	/ˈvaʒnɐ/
1837	dobrodošao	welcome	/dobrodǒʃao/
1838	ljuti	angry	/ˈʎutɪ/
1839	nagrada	prize	/nâːɡrada/
1840	zahvalan	grateful, thankful	/zǎːxʋaːlan/
1841	jela	meal	/jěːla/
1842	živeli	the usual toast when drinking alcohol	/ˈʒivɛlɪ/
1843	pogotovo	especially, particularly, in particular	/poɡǒtoʋo/
1844	planeta	planet	/planěːta/
1845	svatko	everyone, everybody	/sʋâtko/
1846	ču	to hear	/ˈtʃu/
1847	tvrdi	hard, firm	/ˈtvrdi/
1848	izvuci	to pull out, draw out	/ˈizvʊtsɪ/
1849	leda	ice	/ˈlɛdɐ/
1850	besplatno	free of charge	/běsplatno/
1851	šerif	sheriff	/ˈʃɛrɪf/
1852	rupe	pit, hole	/ˈrupɛ/
1853	pratim	to follow	/ˈpratɪm/
1854	sise	woman's breast	/ˈsisɛ/
1855	suđenje	trial	/sǔːd͡ʑeːɲe/
1856	dečak	a boy, youngster	/dět͡ʃaːk/
1857	ušli	to enter, go into, come in	/ˈuʃlɪ/
1858	sljedeće	next, following	/ˈsʎedɛtɕɛ/
1859	časni	honorable	/ˈtʃasnɪ/
1860	čvrsto	firmly, tightly, steadily	/t͡ʃʋr̩̂ːsto/
1861	izraz	expression	/ˈizrɐz/
1862	devojčica	girl, lass	/deʋǒjt͡ʃit͡sa/
1863	strava	horror, dread	/strǎːʋa/
1864	djed	grandfather	/djêd/
1865	pojeo	to eat, consume	/ˈpojeo/
1866	knjizi	book	/ˈkɲizɪ/
1867	noga	leg	/nǒɡa/
1868	udati	to marry off	/ǔdati/
1869	seronja	asshole, motherfucker, douchebag, fucker	/sěːroɲa/
1870	sme	can, may, be allowed to	/ˈsmɛ/
1871	nimalo	not at all, not a bit	/nǐmalo/
1872	droga	drug	/drǒːɡa/
1873	danima	for days and days	/dǎːnima/
1874	rukom	arm	/ˈrukom/
1875	izvesti	to export to a foreign country	/izʋěsti/
1876	staro	old	/ˈstɑro/
1877	naročito	particularly, especially	/nǎːrot͡ʃito/
1878	lopov	thief, crook	/lǒːpoʋ/
1879	diži	to lift, raise, elevate	/ˈdiʒɪ/
1880	pokupiti	to collect, gather, to pick up	/pokûpiti/
1881	tužno	sadly	/tûːʒno/
1882	ponudio	to offer, to put forward	/ˈponʊˌdɪo/
1883	smisao	sense, meaning	/smîːsao/
1884	tate	dad, daddy	/ˈtatɛ/
1885	alarm	alarm	/ǎlarm/
1886	ortak	partner, associate	/ǒrtaːk/
1887	istoj	same	/ˈistoj/
1888	velikih	big, large	/ˈvɛlɪkɪh/
1889	go	naked, nude, bare	/ɡôː/
1890	braća	brethren, brothers	/brât͡ɕa/
1891	bogatstvo	wealth	/boɡǎtstʋo/
1892	vest	report, news	/ʋêːst/
1893	uostalom	after all, besides	/uǒstaːlom/
1894	puni	full, filled	/ˈpunɪ/
1895	sveti	holy, saint	/ˈsvɛtɪ/
1896	dječaka	boy, youngster	/ˈdjetʃɐkɐ/
1897	prste	finger	/ˈprstɛ/
1898	piva	alternative form of pȋvo	/pǐːʋa/
1899	savet	council	/sǎːʋet/
1900	srećom	fortunately	/srêt͡ɕoːm/
1901	oluja	storm	/olǔːja/
1902	izdržati	to endure, withstand	/izdř̩ʒati/
1903	prijem	admission	/prǐjem/
1904	stajati	to stop	/stâjati/
1905	izveštaj	report	/îzʋeʃtaːj/
1906	želja	wish, desire	/ʒěʎa/
1907	visok	high, tall	/ʋǐsok/
1908	oblik	shape, form, figure	/ôbliːk/
1909	uzorak	sample, specimen	/ǔːzorak/
1910	lagati	to lie	/lǎɡati/
1911	vrh	on top of	/ʋr̩̂x/
1912	čuva	to guard, protect	/ˈtʃuvɐ/
1913	itko	anybody, anyone	/îtko/
1914	seksa	genitive singular of sȅks	/sêksa/
1915	crno	black	/ˈtsrno/
1916	dosad	until now, so far, thus far	/dǒsad/
1917	francuski	in a French manner, as a Frenchman	/frǎnt͡suːskiː/
1918	hiljadu	thousand of	/xîʎadu/
1919	pukovnik	colonel	/pǔkoːʋniːk/
1920	šuti	to be silent, shut up	/ˈʃutɪ/
1921	sjesti	to sit down	/sjêsti/
1922	povuci	to pull	/ˈpovʊtsɪ/
1923	sustav	system	/sǔːstaʋ/
1924	najgori	evil, malicious, bad, mean, wicked	/nâːjɡoriː/
1925	toni	to sink	/ˈtonɪ/
1926	stomak	stomach	/stômaːk/
1927	narednik	sergeant	/nǎːredniːk/
1928	pogodak	goal, hit	/pǒɡodak/
1929	stav	posture, stance, position	/stâʋ/
1930	hodati	to walk, pace	/xǒːdati/
1931	jače	comparative degree of jȃko	/ˈjatʃɛ/
1932	krila	wing	/ˈkrilɐ/
1933	dela	to make, produce	/ˈdɛlɐ/
1934	budan	awake	/bǔːdan/
1935	otrov	poison	/ǒtroʋ/
1936	upozorenje	warning	/ˈupoˌzorɛɲe/
1937	nalaze	third-person plural present indicative of nàlaziti impf	/ˈnalɐzɛ/
1938	levo	left	/ˈlɛvo/
1939	sjetiti	to remember	/sjêtiti/
1940	haljina	dress	/xǎʎina/
1941	gladi	to stroke, pet	/ˈɡladɪ/
1942	ponuda	offer	/pônuda/
1943	ovoliko	this much/many, so much/many, as much/many	/oʋolǐkoː/
1944	izgled	appearance, outlook, look	/îzɡleːd/
1945	popiti	to drink	/pǒpiti/
1946	vodom	water	/ˈvodom/
1947	kontrole	control	/ˈkontrolɛ/
1948	mačka	cat	/mât͡ʃka/
1949	spremi	qualification, training	/ˈsprɛmɪ/
1950	nov	new	/nôʋ/
1951	spoj	junction, juncture	/spôːj/
1952	izuzetno	exceptionally	/îzuzeːtno/
1953	starom	old	/ˈstɑrom/
1954	zahvaliti	to thank	/zaxʋǎːliti/
1955	tren	moment	/trên/
1956	rana	wound	/râna/
1957	toku	flow	/ˈtokʊ/
1958	kazna	punishment	/kâzna/
1959	trudim	to try, make an effort	/ˈtrudɪm/
1960	skinuti	to take down, take off	/skînuti/
1961	timu	team	/ˈtimʊ/
1962	prolaz	passageway	/prǒːlaz/
1963	neobično	unusually, strangely, oddly	/nêobit͡ʃno/
1964	razumjeti	to understand, to comprehend	/razǔmjeti/
1965	zatvoren	closed	/zǎtʋoren/
1966	sakriti	to hide, conceal	/sǎkriti/
1967	naroda	people	/ˈnɑrodɐ/
1968	međutim	however, on the other hand	/med͡ʑǔtiːm/
1969	vodiš	to lead	/ˈvodɪʃ/
1970	uđem	to enter, go into, come in	/ˈudʑɛm/
1971	kći	daughter	/kt͡ɕîː/
1972	otvoren	open, opened, uncovered	/ǒtʋoren/
1973	sred	in the middle of	/srêd/
1974	ispričati	to narrate, tell	/isprǐːt͡ʃati/
1975	adresa	address	/adrěsa/
1976	ostrvo	island	/ôstr̩ʋo/
1977	otvoreno	openly	/ǒtʋoreno/
1978	uživo	live	/ûʒiːʋo/
1979	zdravlje	health	/zdrâːʋʎe/
1980	datum	date	/dǎːtum/
1981	krov	roof	/krôːʋ/
1982	podne	noon, midday	/pǒːdneː/
1983	staru	old	/ˈstɑrʊ/
1984	tjedana	week	/ˈtjedɐnɐ/
1985	izazov	challenge	/îzazoːʋ/
1986	preživjeti	to survive	/preʒǐːʋjeti/
1987	kluba	club	/ˈklubɐ/
1988	sluša	to listen	/ˈsluʃɐ/
1989	sali	hall, auditorium	/ˈsalɪ/
1990	dokazi	proof, evidence	/ˈdokɐzɪ/
1991	kompjuter	computer	/kompjǔter/
1992	kukavica	cuckoo	/kûkaʋit͡sa/
1993	ljubomoran	jealous	/ʎûbomoːran/
1994	spisak	list	/spîsak/
1995	kaput	coat	/kǎpuːt/
1996	pantalone	trousers, pants	/pantalǒːne/
1997	ajmo	alternative form of hàjdemo	/ǎjmo/
1998	nevin	innocent	/nêʋiːn/
1999	njezin	her, hers	/ɲěːzin/
2000	teorija	theory	/teǒːrija/
2001	gas	acceleration	/ɡâːs/
2002	čin	action, act, deed	/t͡ʃîːn/
2003	prate	to follow	/ˈpratɛ/
2004	neba	sky	/ˈnɛbɐ/
2005	pjesma	poem	/pjêsma/
2006	proces	process	/prǒt͡ses/
2007	rok	deadline	/rôk/
2008	vic	joke	/ˈvits/
2009	celo	whole	/ˈtsɛlo/
2010	sjediti	to sit	/sjěditi/
2011	bogat	rich, wealthy	/bǒɡat/
2012	zene	pupil	/ˈzɛnɛ/
2013	raspored	schedule, program	/râsporeːd/
2014	ljudski	humans; human	/ʎǔdskiː/
2015	bolnica	hospital	/bǒːlnit͡sa/
2016	viski	whiskey/whisky	/ʋîski/
2017	napasti	to attack, assault	/nǎpasti/
2018	smeš	can, may, be allowed to	/ˈsmɛʃ/
2019	praviti	to make, create	/prâʋiti/
2020	interesantno	interestingly	/interesǎntno/
2021	mašina	machine	/maʃǐːna/
2022	svinja	pig	/sʋǐːɲa/
2023	želje	wish, desire	/ˈʒɛʎe/
2024	epizoda	episode	/epizǒːda/
2025	lepe	nice, pretty	/ˈlɛpɛ/
2026	jednako	equally, same	/jêdnaːko/
2027	karta	card	/kâːrta/
2028	korist	benefit, advantage, use	/kôriːst/
2029	osloboditi	to free, liberate, release	/oslobǒditi/
2030	cele	whole	/ˈtsɛlɛ/
2031	obale	bank	/ˈobɐlɛ/
2032	granica	border	/ɡrǎnit͡sa/
2033	zatvoriti	to close, shut	/zatʋǒriti/
2034	zadovoljan	content, satisfied	/zâdoʋoːʎan/
2035	paziti	to beware, watch out, be careful	/pâziti/
2036	želju	wish, desire	/ˈʒɛʎʊ/
2037	drug	friend	/drûːɡ/
2038	pojavila	to appear, emerge	/ˈpojɐˌvɪlɐ/
2039	sude	court	/ˈsudɛ/
2040	priuštiti	to afford	/priǔʃtiti/
2041	slučajnost	coincidence	/ˈslutʃɑjnost/
2042	ostalima	the other	/ˈostɐˌlɪmɐ/
2043	pojaviti	to appear, emerge	/pojǎːʋiti/
2044	trener	coach	/trěːner/
2045	odijelo	suit	/odjěːlo/
2046	sposoban	capable, fit for, able	/ˈsposobɐn/
2047	prijatno	pleasantly, pleasingly	/prîjaːtno/
2048	toplo	warmly	/tôplo/
2049	sila	force	/sîla/
2050	predstava	show	/prêːdstaʋa/
2051	mraku	dark, darkness	/ˈmrakʊ/
2052	suprug	husband, male spouse	/sûpruɡ/
2053	pisati	to write	/pǐːsati/
2054	činjenice	fact	/ˈtʃiɲeˌnɪtsɛ/
2055	starim	old	/ˈstɑrɪm/
2056	čija	alternative form of čèhati	/t͡ʃǐja/
2057	pisao	to write	/ˈpisɐo/
2058	kupatilo	bathroom	/kupǎtilo/
2059	izbaciti	to throw out, eject	/izbǎːt͡siti/
2060	đubre	manure	/d͡ʑûbre/
2061	sezona	season	/sezǒːna/
2062	prozora	window	/ˈprozorɐ/
2063	čitati	to read	/t͡ʃǐtati/
2064	jedemo	to eat, consume	/ˈjedɛmo/
2065	pisac	writer	/pǐːsat͡s/
2066	doveli	to transfer something by driving	/ˈdovɛlɪ/
2067	banka	bank	/bǎŋka/
2068	oprezan	cautious, careful	/ôpreːzan/
2069	v	in, at	/ˈvə/
2070	prešao	to cross, get across, get over, go over	/ˈprɛʃɐo/
2071	istraživanje	research	/istraʒǐːʋaːɲe/
2072	zidu	wall	/ˈzidʊ/
2073	zraka	ray, beam	/zrâka/
2074	plesati	to dance	/plěːsati/
2075	većinu	majority, most	/ˈvɛtɕɪnʊ/
2076	učitelj	teacher	/ǔt͡ʃiteʎ/
2077	materijal	material	/materǐjaːl/
2078	đavo	devil	/d͡ʑâʋoː/
2079	voljeti	to love	/ʋǒʎeti/
2080	domu	dative/locative singular of dȏm	/dǒmu/
2081	snove	sleep	/snôʋe/
2082	punu	full, filled	/ˈpunʊ/
2083	osoblje	staff, personnel	/ǒsoːbʎe/
2084	običan	common, usual	/ǒbit͡ʃan/
2085	prirodno	naturally	/prǐːrodno/
2086	znanje	knowledge	/znǎːɲe/
2087	kožu	skin	/ˈkoʒʊ/
2088	toalet	toilet	/toǎlet/
2089	čekali	to wait, await	/ˈtʃɛkɐlɪ/
2090	poznati	to know, have knowledge of	/pǒznati/
2091	lagano	lightly	/lâɡano/
2092	neugodno	awkwardly	/nêuɡodno/
2093	objašnjenje	explanation	/objaʃɲěːɲe/
2094	smjesta	at once, immediately, right away	/smjêsta/
2095	kose	slant, inclined, skew	/ˈkosɛ/
2096	zauzeti	to take over, capture, seize	/zaǔzeːti/
2097	ludilo	madness, insanity	/lǔdilo/
2098	uređaj	device, gadget, appliance	/ûred͡ʑaːj/
2099	snu	sleep	/snû/
2100	povući	to pull	/poʋǔːt͡ɕi/
2101	naporno	strenuously, arduously, laboriously, hard	/nǎːpoːrno/
2102	zmija	snake	/zmǐja/
2103	primetio	to notice, observe	/ˈprimɛˌtɪo/
2104	nebu	sky	/ˈnɛbʊ/
2105	platim	to pay	/ˈplatɪm/
2106	prezime	last name	/prězime/
2107	čuvar	custodian, guard, watchman	/t͡ʃǔʋaːr/
2108	teret	burden	/těret/
2109	luk	onion	/lûk/
2110	ogroman	giant, huge, vast, enormous	/ôɡroːman/
2111	usne	lip	/ˈusnɛ/
2112	dolar	dollar	/ˈdolɑr/
2113	svira	third-person singular present of svirati impf	/ˈsvirɐ/
2114	članak	article	/t͡ʃlǎːnak/
2115	stojim	first-person singular present of stàjati	/ˈstojɪm/
2116	počnem	to begin, start, commence	/ˈpotʃnɛm/
2117	bend	band	/bênd/
2118	osjetiti	to feel	/ǒsjetiti/
2119	brz	fast	/br̩̂ːz/
2120	ponuditi	to offer, to put forward	/pǒnuditi/
2121	golf	golf	/ˈɡolf/
2122	promenio	to change	/ˈpromɛˌnɪo/
2123	hrabar	bold, courageous, brave	/xrǎːbar/
2124	kolega	colleague	/kolěːɡa/
2125	rođak	relative, cousin	/rôd͡ʑaːk/
2126	takvih	such, of such kind	/ˈtakvɪh/
2127	postojati	to be, exist	/pǒːstojati/
2128	aerodrom	airport, aerodrome	/aerǒdrom/
2129	prekinuti	to tear, break	/prěkinuti/
2130	sudbinu	fate, destiny	/ˈsudbɪnʊ/
2131	koledž	college	/kǒled͡ʒ/
2132	budući	having been	/bǔduːtɕiː/
2133	gost	guest	/ɡôːst/
2134	iznova	again, anew	/îznoʋa/
2135	nekakav	some	/nêkakaʋ/
2136	nadu	hope	/ˈnadʊ/
2137	iznenađen	surprised	/izněnaːd͡ʑen/
2138	bliski	near, close to	/ˈbliskɪ/
2139	oružjem	weapon	/ˈorʊʒjem/
2140	plava	feminine nominative/vocative singular	/ˈplavɐ/
2141	djelo	work	/djêlo/
2142	hoda	walk, gait	/ˈxodɐ/
2143	utorak	Tuesday	/ǔːtorak/
2144	hrabrost	courage	/xrǎːbroːst/
2145	oženio	to marry	/ˈoʒɛˌnɪo/
2146	živite	to live, exist, be alive	/ˈʒivɪtɛ/
2147	policijski	as a policeman	/polǐt͡siːjskiː/
2148	nosite	to carry, bring	/ˈnosɪtɛ/
2149	venčanje	marriage, wedding	/ʋent͡ʃǎːɲe/
2150	smetati	to mind, care about	/směːtati/
2151	odvjetnik	lawyer, attorney	/ǒdʋjetniːk/
2152	nađu	to find, discover	/ˈnadʑʊ/
2153	puca	to crack, break, burst, split	/pût͡sa/
2154	primiti	to receive, get	/prǐːmiti/
2155	primili	to receive, get	/ˈprimɪlɪ/
2156	bogati	rich, wealthy	/ˈboɡɐtɪ/
2157	njihovom	their, theirs	/ˈɲihovom/
2158	natjerati	to make, compel, force, drive	/nǎtjerati/
2159	unazad	back, backwards	/ǔnazaːd/
2160	bicikl	bicycle	/bit͡sǐkl̩/
2161	poslova	job	/ˈposlovɐ/
2162	momenat	moment	/ˈmomɛnɐt/
2163	lova	hunt, hunting	/lǒːʋa/
2164	uči	to learn, study	/ˈutʃɪ/
2165	usluga	favour	/ûsluɡa/
2166	pušku	rifle	/ˈpuʃkʊ/
2167	pune	full, filled	/ˈpunɛ/
2168	stajao	to stop	/ˈstɑjɐo/
2169	rob	slave	/rôb/
2170	uvjeriti	to convince, assure, persuade	/ǔʋjeriti/
2171	samoubistvo	suicide	/ˈsamoʊˌbɪstvo/
2172	debeli	fat	/ˈdɛbɛlɪ/
2173	privatni	private	/prîʋaːtniː/
2174	izgovor	pronunciation	/îzɡoʋoːr/
2175	bocu	bottle	/ˈbotsʊ/
2176	oteo	to kidnap	/ˈotɛo/
2177	završen	finished	/ˈzavrʃɛn/
2178	igrali	to play	/ˈiɡrɐlɪ/
2179	razmišljati	to reflect, think over, meditate, ponder	/razmǐːʃʎati/
2180	svjedok	witness	/sʋjědok/
2181	kože	skin	/ˈkoʒɛ/
2182	teren	terrain	/těreːn/
2183	cvijeće	flowers	/t͡sʋjêːt͡ɕe/
2184	bazen	basin	/bǎzeːn/
2185	čuvati	to guard, protect	/t͡ʃǔːʋati/
2186	deci	children	/ˈdɛtsɪ/
2187	proklet	damn, bloody	/prôkleːt/
2188	intervju	interview	/intěrʋjuː/
2189	internet	internet	/înternet/
2190	zaraditi	to earn	/zarǎːditi/
2191	pogrešan	wrong, incorrect	/pǒɡreʃan/
2192	anđeo	angel	/âːnd͡ʑeo/
2193	identitet	identity	/identǐteːt/
2194	jebe	to fuck	/ˈjebɛ/
2195	pesma	poem	/pêsma/
2196	akcija	action	/ǎkt͡sija/
2197	liz	a lick	/ˈliz/
2198	zenu	pupil	/ˈzɛnʊ/
2199	grlo	throat	/ɡr̩̂lo/
2200	licem	face	/ˈlitsɛm/
2201	mačke	cat	/ˈmatʃkɛ/
2202	probuditi	to wake, wake up, awake, awaken	/probǔːditi/
2203	osjećati	to feel	/ǒsjet͡ɕati/
2204	štiti	to protect	/ʃtîti/
2205	alkohol	alcohol	/ǎlkoxol/
2206	helikopter	helicopter	/xelikǒpter/
2207	nesreću	accident	/ˈnɛsrɛtɕʊ/
2208	priznanje	recognition	/priznǎːɲe/
2209	paklu	hell	/ˈpaklʊ/
2210	zida	wall	/ˈzidɐ/
2211	promjena	change	/prômjena/
2212	prazan	empty, vacant	/prǎːzan/
2213	struje	electricity	/ˈstruje/
2214	promeniti	to change	/proměːniti/
2215	bum	to be, to exist	/ˈbum/
2216	satima	for hours	/sǎːtima/
2217	rodila	to bear	/ˈrodɪlɐ/
2218	predmet	thing, object	/prěːdmet/
2219	lek	medicine	/ˈlɛk/
2220	različite	different	/ˈrazlɪtˌʃɪtɛ/
2221	polja	field	/ˈpoʎɐ/
2222	napali	to attack, assault	/ˈnapɐlɪ/
2223	odlazak	departure, leaving	/ǒdlazak/
2224	plavi	blue	/ˈplavɪ/
2225	godišnje	a year	/ɡǒdiʃɲeː/
2226	glasno	loudly, aloud	/ɡlâsno/
2227	tajno	secretly	/tâːjno/
2228	prazna	empty, vacant	/ˈpraznɐ/
2229	vojni	armed forces; military	/ʋôːjniː/
2230	metu	to sweep	/ˈmɛtʊ/
2231	šumu	noise	/ˈʃumʊ/
2232	požar	fire	/pôʒaːr/
2233	objašnjava	to explain	/ˈobjɐʃˌɲɐvɐ/
2234	razvod	divorce	/ˈrazvod/
2235	magija	magic	/mǎɡija/
2236	dim	smoke	/dîm/
2237	živeti	to live, exist, be alive	/ʒǐːʋeti/
2238	slušao	to listen	/ˈsluʃɐo/
2239	napisati	to write	/napǐːsati/
2240	obali	bank	/ˈobɐlɪ/
2241	sendvič	sandwich	/sêndʋit͡ʃ/
2242	opcija	option	/ˈoptsɪjɐ/
2243	doneti	to bring, carry	/dǒneːti/
2244	uprkos	despite, in spite of	/ûprkos/
2245	šupak	asshole, anus	/ʃǔːpak/
2246	istraga	inquiry, investigation	/îstraɡa/
2247	nevolja	trouble, misfortune	/něʋoʎa/
2248	namjerno	intentionally, deliberately	/nǎːmjerno/
2249	konje	horse	/ˈkoɲe/
2250	papira	paper	/ˈpapɪrɐ/
2251	smisliti	to come up with, think up, devise	/smîsliti/
2252	veštica	witch, sorceress	/ʋěʃtit͡sa/
2253	plakati	to cry, weep	/plǎːkati/
2254	uđeš	to enter, go into, come in	/ˈudʑɛʃ/
2255	reda	row	/ˈrɛdɐ/
2256	nečeg	genitive of nȅšto	/nêt͡ʃeɡ/
2257	prijateljstvo	friendship	/prijatěʎstʋo/
2258	stvorenje	being, creature	/stʋorěːɲe/
2259	novčanik	wallet	/noʋt͡ʃǎniːk/
2260	razmisliti	to reflect, think about, think over, meditate, ponder	/rǎzmisliti/
2261	mrak	dark, darkness	/mrâːk/
2262	vjetar	wind	/ʋjêtar/
2263	oku	eye	/ˈokʊ/
2264	povesti	to lead	/poʋěsti/
2265	slijedeći	present adverbial participle of slijediti impf	/slijěːdeːt͡ɕi/
2266	nijedna	no one, none, nobody	/ˈnijednɐ/
2267	okrenuti	to turn, turn around	/okrěːnuti/
2268	rođaka	cousin, relative	/ˈrodʑɐkɐ/
2269	rame	shoulder	/ˈramɛ/
2270	jasan	clear, limpid	/jâsan/
2271	upao	to fall into, drop into	/ˈupɐo/
2272	služba	service	/slǔʒba/
2273	odjel	department, section	/ǒdjel/
2274	odelo	suit	/oděːlo/
2275	slab	weak	/slâb/
2276	plaćam	to pay	/ˈplatɕɐm/
2277	jadno	miserably, poorly, pitifully	/jâdno/
2278	uglu	corner	/ˈuɡlʊ/
2279	zahtjev	request, demand	/zǎːxtjeʋ/
2280	bobe	broad bean	/ˈbobɛ/
2281	crkva	church	/t͡sr̩̂ːkʋa/
2282	odlučiti	to decide	/odlǔːt͡ʃiti/
2283	skladište	warehouse	/sklâdiːʃte/
2284	ćuti	to be silent, to shut up	/ˈtɕutɪ/
2285	sinom	shadow; shade	/ˈsinom/
2286	kafa	coffee	/kǎfa/
2287	kolica	handcart	/kolǐːt͡sa/
2288	hrani	food	/ˈxranɪ/
2289	sprat	floor, story/storey	/sprât/
2290	povijest	history	/pôʋijeːst/
2291	posjetiti	to visit	/pǒsjetiti/
2292	nasilje	violence	/nǎːsiːʎe/
2293	događaj	event	/dôɡad͡ʑaːj/
2294	učitelju	teacher	/ˈutʃɪˌtɛʎʊ/
2295	rukavice	glove	/ˈrukɐˌvɪtsɛ/
2296	kanal	canal	/kǎnaːl/
2297	popis	list, listing	/pǒpis/
2298	gorivo	fuel	/ɡôriːʋo/
2299	kolege	colleague	/ˈkolɛɡɛ/
2300	fakultet	faculty	/fakǔlteːt/
2301	rješenje	solution	/rjeʃěːɲe/
2302	automobil	automobile	/automǒbiːl/
2303	rođena	born	/ˈrodʑɛnɐ/
2304	zabrinuti	to worry, upset	/zǎbrinuti/
2305	bogovi	god, deity	/ˈboɡovɪ/
2306	motiv	motive	/mǒtiːʋ/
2307	luka	harbor; harbour	/lǔːka/
2308	vještica	witch, sorceress	/ʋjěʃtit͡sa/
2309	snovi	sleep	/snôʋi/
2310	stručnjak	expert, specialist	/strût͡ʃɲaːk/
2311	tatom	dad, daddy	/ˈtatom/
2312	dugme	button	/dǔɡme/
2313	sprema	qualification, training	/sprêma/
2314	uživati	to enjoy	/uʒǐːʋati/
2315	kontrola	control	/kontrǒːla/
2316	kostim	costume	/kǒstiːm/
2317	telefonski	by using a telephone	/telěfoːnskiː/
2318	šampanjac	champagne	/ʃampǎːɲat͡s/
2319	pomoću	with the help of	/pômot͡ɕu/
2320	teta	aunt by blood; the sister of one’s parent	/têta/
2321	tehnički	technically	/těxnit͡ʃkiː/
2322	cenu	price	/ˈtsɛnʊ/
2323	obećanje	promise	/obet͡ɕǎːɲe/
2324	lord	lord	/lôrd/
2325	sedmica	week	/sědmit͡sa/
2326	voljeli	to love	/ˈvoʎelɪ/
2327	nadala	to hope	/ˈnadɐlɐ/
2328	katastrofa	catastrophe	/ˈkatɐsˌtrofɐ/
2329	cijena	price	/t͡sjěːna/
2330	car	czar, emperor, monarch	/t͡sâr/
2331	nečim	instrumental of nȅšto	/nêt͡ʃim/
2332	išlo	to go, walk	/ˈiʃlo/
2333	celom	whole	/ˈtsɛlom/
2334	tisuća	thousand	/tîsut͡ɕa/
2335	neprijatno	unpleasantly	/nêprijaːtno/
2336	zlu	evil	/ˈzlu/
2337	podaci	datum, fact, information	/ˈpodɐtsɪ/
2338	cipela	shoe	/t͡sǐpela/
2339	ispitivanje	interrogation	/ispitǐːʋaːɲe/
2340	upaliti	to set fire to, set on fire, burn, light, ignite	/upǎːliti/
2341	spriječiti	to prevent, preoccupy	/sprjěːt͡ʃiti/
2342	pluća	lungs	/plǔːt͡ɕa/
2343	rez	cut	/rêːz/
2344	javno	publicly, openly	/jâːʋno/
2345	udariti	to physically strike, to hit	/ǔdariti/
2346	loši	bad, malicious	/ˈloʃɪ/
2347	volja	will, volition	/ʋôʎa/
2348	impresivno	impressively	/împresiːʋno/
2349	debela	fat	/ˈdɛbɛlɐ/
2350	zamka	trap, snare	/zâːmka/
2351	glasa	voice	/ˈɡlasɐ/
2352	penis	penis	/pěːnis/
2353	igrač	player	/ǐɡraːt͡ʃ/
2354	kurs	course	/kûrs/
2355	jezero	thousand; a great number	/jêzero/
2356	lisice	handcuffs	/lǐsit͡se/
2357	poštovanja	respect, esteem	/ˈpoʃtoˌvɐɲɐ/
2358	kompa	friend, buddy, chum	/kompǎ/
2359	inspektor	inspector	/ǐnspektor/
2360	plate	to pay	/ˈplatɛ/
2361	dosje	dossier	/dǒsjeː/
2362	nađite	to find, discover	/ˈnadʑɪtɛ/
2363	javnost	public	/jǎːʋnoːst/
2364	gade	a repulsive person	/ˈɡadɛ/
2365	pameti	prudence	/ˈpamɛtɪ/
2366	ukrasti	to steal	/ǔkrasti/
2367	tema	theme, subject	/těːma/
2368	glupe	stupid, foolish	/ˈɡlupɛ/
2369	zamku	fortress, castle	/ˈzamkʊ/
2370	vožnja	driving, drive, ride	/ʋǒʒɲa/
2371	pravimo	to make, create	/ˈpravɪmo/
2372	svidjeti	to please, like	/sʋîdjeti/
2373	udata	married	/ˈudɐtɐ/
2374	pratili	to follow	/ˈpratɪlɪ/
2375	pad	fall	/pâːd/
2376	održati	to preserve, maintain	/odř̩ʒati/
2377	brzi	fast	/ˈbrzi/
2378	simbol	symbol	/ˈsimbol/
2379	koža	skin	/kôʒa/
2380	izlazak	egress, exit	/ǐzlazak/
2381	temu	theme, subject	/ˈtɛmʊ/
2382	slobode	freedom	/ˈslobodɛ/
2383	kasni	late	/ˈkasnɪ/
2384	boj	battle	/bôːj/
2385	suze	tear	/ˈsuzɛ/
2386	šume	noise	/ˈʃumɛ/
2387	grob	grave	/ɡrôb/
2388	polju	field	/ˈpoʎʊ/
2389	dah	breath	/dâx/
2390	susret	meeting	/sǔsret/
2391	službeno	officially	/slûʒbeno/
2392	istim	same	/ˈistɪm/
2393	so	salt	/sôː/
2394	oprezno	cautiously, carefully	/ôpreːzno/
2395	ispao	to fall out, drop	/ˈispɐo/
2396	uživam	to enjoy	/ˈuʒɪvɐm/
2397	nađete	to find, discover	/ˈnadʑɛtɛ/
2398	alibi	alibi	/ˈalɪbɪ/
2399	pregled	view, survey	/prěːɡled/
2400	kartica	a small card	/kǎrtit͡sa/
2401	hranom	food	/ˈxranom/
2402	hlače	trousers, pants	/xlât͡ʃe/
2403	mete	to sweep	/ˈmɛtɛ/
2404	diše	to breathe, take breath	/ˈdiʃɛ/
2405	novinar	journalist	/nôʋinaːr/
2406	utisak	impression	/ǔtisak/
2407	travu	grass	/ˈtravʊ/
2408	sposobnost	ability	/sposǒːbnoːst/
2409	drag	dear	/drâːɡ/
2410	oka	eye	/ǒka/
2411	ugodno	pleasantly, pleasingly	/ûɡodno/
2412	malena	small	/ˈmalɛnɐ/
2413	gad	a repulsive person	/ɡâd/
2414	mrze	to hate	/ˈmrzɛ/
2415	gradonačelnik	mayor	/ˈɡradoˌnɐtʃɛlnɪk/
2416	stvarnost	reality	/stʋǎːrnoːst/
2417	povodom	regarding, with regard to	/pǒʋodom/
2418	prijaviti	to sign up, register	/prijǎːʋiti/
2419	odbor	committee, board	/ǒdbor/
2420	pravde	nominative plural of prȃvda	/ˈpravdɛ/
2421	plače	to cry, weep	/ˈplatʃɛ/
2422	slomiti	to break, crack, shatter	/slǒmiti/
2423	povezan	connected, linked	/pǒʋeːzaːn/
2424	jebiga	fuck it, what are you going to do	/ˈjebɪɡɐ/
2425	pažnje	attention	/ˈpaʒɲe/
2426	student	student	/stǔdent/
2427	navečer	in the evening, this evening	/nâʋet͡ʃeːr/
2428	kat	floor, storey	/kât/
2429	potpisati	to sign	/potpǐːsati/
2430	desna	right	/ˈdɛsnɐ/
2431	pročitati	to read to get acquainted with the content	/prot͡ʃǐtati/
2432	kolač	cake	/kǒlaːt͡ʃ/
2433	neophodno	necessarily	/nêopxodno/
2434	sloboda	freedom	/slobǒda/
2435	sresti	to encounter, meet	/srêsti/
2436	izabrati	to choose, select	/izǎbrati/
2437	legenda	legend	/lěɡeːnda/
2438	komada	piece, part	/ˈkomɐdɐ/
2439	prigovor	objection, criticism, reproach	/prîɡoʋoːr/
2440	brze	fast	/ˈbrzɛ/
2441	dobiju	to receive, get, obtain, acquire	/ˈdobɪjʊ/
2442	kancelarija	office	/kant͡selǎrija/
2443	jaje	egg	/jǎːje/
2444	jug	south	/jûɡ/
2445	odgovorio	to answer, reply	/ˈodɡoˌvorɪo/
2446	cveće	flowers	/t͡sʋêːt͡ɕe/
2447	četvrti	fourth	/t͡ʃětʋr̩̄tiː/
2448	sredstva	means, medium	/ˈsrɛtstvɐ/
2449	oce	father	/ˈotsɛ/
2450	sna	sleep	/ˈsna/
2451	tužna	sad	/ˈtuʒnɐ/
2452	potrajati	to last, continue, take time	/pǒtrajati/
2453	glumac	actor	/ˈɡlumɐts/
2454	ogledalo	mirror	/oɡlědalo/
2455	lovac	hunter	/lǒːʋat͡s/
2456	izgubljen	lost	/ǐzɡubʎen/
2457	sile	force	/ˈsilɛ/
2458	vlak	train	/ʋlâːk/
2459	suda	court	/ˈsudɐ/
2460	dozvole	permission, permit, licence, consent	/ˈdozvolɛ/
2461	kamiona	truck	/ˈkamɪˌonɐ/
2462	užasan	terrible, horrible, awful	/ûʒaːsan/
2463	zdrav	healthy, fit	/zdrâʋ/
2464	di	where	/ˈdi/
2465	bukvalno	literally	/bûkʋaːlno/
2466	potpis	signature	/pǒtpis/
2467	vrha	peak	/ˈvrha/
2468	ugodan	pleasing, pleasant, agreeable	/ûɡodan/
2469	lopta	ball	/lôpta/
2470	vlast	power, control	/ʋlâːst/
2471	obrok	meal	/ǒbrok/
2472	snimanje	recording	/ˈsnimɐɲe/
2473	zasigurno	for sure, surely	/zâsiɡuːrno/
2474	uzbuđen	excited	/ǔzbuːd͡ʑeːn/
2475	top	cannon	/tôp/
2476	gaće	underpants	/ɡât͡ɕe/
2477	drugdje	elsewhere	/drûɡdje/
2478	leš	carcass	/lêʃ/
2479	roba	merchandise, product, commodity, goods	/rôba/
2480	struju	electricity	/ˈstrujʊ/
2481	podrum	basement	/pǒdrum/
2482	oženiti	to marry	/oʒěniti/
2483	svrha	purpose, point, goal	/sʋřxa/
2484	zapad	west	/zâːpad/
2485	amerikanac	American	/amerikǎːnat͡s/
2486	trening	training, training session	/trěːninɡ/
2487	zabranjeno	to forbid, prohibit	/ˈzabrɐˌɲeno/
2488	zbunjen	confused	/zbûːɲen/
2489	oficir	officer	/ofǐt͡siːr/
2490	stižu	to arrive, reach	/ˈstiʒʊ/
2491	humor	humor	/xǔmor/
2492	razred	class	/rǎːzred/
2493	prevoz	conveyance, transport, transportation	/prěːʋoz/
2494	osveta	revenge, vengeance	/ôsʋeta/
2495	veš	clothes, especially underwear	/ʋêʃ/
2496	fotografija	a photograph, picture	/fotoɡrǎfija/
2497	kratak	short	/krǎtak/
2498	milijun	million	/milǐjuːn/
2499	povjerenje	trust, confidence	/poʋjerěːɲe/
2500	slici	picture, image	/ˈslitsɪ/
2501	naopako	upside down	/nâopaːko/
2502	četvrtak	Thursday	/t͡ʃetʋř̩ːtak/
2503	stranac	foreigner	/strǎːnat͡s/
2504	baza	base	/bǎːza/
2505	osnovi	basis, foundation	/ˈosnovɪ/
2506	peder	a gay person, homosexual; faggot, homo, queer	/pěːder/
2507	pokaže	to show, demonstrate	/ˈpokɐʒɛ/
2508	broja	number	/ˈbrojɐ/
2509	pakla	hell	/ˈpaklɐ/
2510	smetalo	a person who disturbs	/ˈsmɛtɐlo/
2511	čuju	to hear	/ˈtʃujʊ/
2512	smesta	at once, immediately, right away	/smêsta/
2513	maloj	small	/ˈmaloj/
2514	povukao	active past participle of pòvūći	/ˈpovʊˌkɐo/
2515	nula	zero	/nûla/
2516	ramena	shoulder	/ˈramɛnɐ/
2517	šale	joke	/ˈʃalɛ/
2518	pretvoriti	to turn into, to transform, to change	/pretʋǒriti/
2519	gospodara	master, lord	/ˈɡospoˌdɑrɐ/
2520	temperatura	temperature	/temperatǔːra/
2521	propustiti	to miss, to fail to notice or do something	/propǔstiti/
2522	kriviti	to blame, accuse	/krǐːʋiti/
2523	bejzbol	baseball	/bějzboːl/
2524	štetu	damage, harm	/ˈʃtɛtʊ/
2525	firma	firm, company	/fîːrma/
2526	pojas	belt, girdle, band, sash	/pôjaːs/
2527	ukusno	tastefully, with taste	/ǔkusno/
2528	utakmica	sports game	/ǔtakmit͡sa/
2529	tužan	sad	/tǔːʒan/
2530	špijun	spy	/ʃpǐjuːn/
2531	izvinjenje	apology	/izʋiɲěːɲe/
2532	kap	drop	/ˈkap/
2533	zabavan	amusing, entertaining	/ˈzabɐvɐn/
2534	ludost	craziness	/lûdoːst/
2535	kit	whale	/ˈkit/
2536	delo	work	/dêlo/
2537	činiti	to make, do	/t͡ʃǐniti/
2538	govora	speech	/ˈɡovorɐ/
2539	curo	girl	/ˈtsuro/
2540	trojica	three men	/trǒjit͡sa/
2541	potom	afterwards, after that, later, then	/pǒtoːm/
2542	teške	heavy, weighty	/ˈtɛʃkɛ/
2543	stojiš	second-person singular present of stàjati	/ˈstojɪʃ/
2544	skup	expensive, costly, pricey	/skûːp/
2545	plave	blue	/ˈplavɛ/
2546	medicinski	medical, medicinal	/mêdit͡siːnskiː/
2547	hitna	urgent	/ˈxitnɐ/
2548	uzgred	by the way	/ûzɡreːd/
2549	nedostajati	to miss	/nedǒstajati/
2550	ministar	minister	/ˈminɪstɑr/
2551	pratiš	to follow	/ˈpratɪʃ/
2552	ponos	pride	/pǒnos/
2553	čamac	boat	/t͡ʃǎːmat͡s/
2554	hitne	urgent	/ˈxitnɛ/
2555	uđemo	to enter, go into, come in	/ˈudʑɛmo/
2556	mladić	young man, lad	/mlǎdiːt͡ɕ/
2557	ugla	corner	/ˈuɡlɐ/
2558	recept	prescription	/rět͡sept/
2559	pesme	poem	/ˈpɛsmɛ/
2560	suzan	tearful	/sûzan/
2561	mladu	young	/ˈmladʊ/
2562	širi	comparative degree of šìrok	/ˈʃirɪ/
2563	menadžer	manager	/měnad͡ʒer/
2564	odbiti	to refuse, decline	/ǒdbiti/
2565	koncert	concert	/kǒnt͡sert/
2566	pljačka	robbery	/pʎât͡ʃka/
2567	mačku	cat	/ˈmatʃkʊ/
2568	naučili	to teach, train, instruct	/ˈnaʊtˌʃɪlɪ/
2569	pokraj	alongside, next to, beside	/pôkraj/
2570	budimo	to be, to exist	/ˈbudɪmo/
2571	poklone	gift, present	/ˈpoklonɛ/
2572	metka	bullet	/ˈmɛtkɐ/
2573	milost	mercy, compassion, favour	/ˈmilost/
2574	zvanično	officially	/zʋǎnit͡ʃno/
2575	stvoriti	to create	/stʋǒriti/
2576	kriminalac	criminal	/kriminǎːlat͡s/
2577	pokrenuti	to initiate, start, set in motion	/pokrěːnuti/
2578	dolazak	arrival, advent	/dǒlazak/
2579	krovu	roof	/ˈkrovʊ/
2580	privremeno	temporarily, provisionally	/prǐʋremeno/
2581	vuk	wolf	/vûːk/
2582	posade	crew	/ˈposɐdɛ/
2583	priroda	nature	/prǐːroda/
2584	osobi	person	/ˈosobɪ/
2585	štap	staff, rod, stick	/ʃtâːp/
2586	krilo	wing	/krǐːlo/
2587	otisak	print, mark	/ǒtisak/
2588	bela	belote	/bêla/
2589	povjerovati	to come to believe, trust	/pǒʋjeroʋati/
2590	fizički	physical	/fǐzit͡ʃkiː/
2591	mlijeko	milk	/mljěːko/
2592	prijetnja	threat	/ˈprijetɲɐ/
2593	lista	list	/lîsta/
2594	krivu	guilty, culpable	/ˈkrivʊ/
2595	pričekati	to wait for a while	/prǐt͡ʃekati/
2596	gospoda	gentlemen	/ɡospǒda/
2597	duge	long	/ˈduɡɛ/
2598	stroj	machine, engine	/strôːj/
2599	državni	state	/dř̩ʒaːʋniː/
2600	politika	policy	/polǐtika/
2601	katkad	sometimes	/kǎtkad/
2602	napredak	progress	/nǎpredak/
2603	ruski	Russian	/rûskiː/
2604	dodati	to add	/dǒdati/
2605	prijedlog	proposal, proposition	/prijěːdloɡ/
2606	krasno	wonderfully, splendidly	/krâːsno/
2607	visi	to hang, be suspended	/ˈvisɪ/
2608	planina	mountain	/planǐna/
2609	nakit	jewelry	/nǎːkit/
2610	puls	pulse	/ˈpuls/
2611	prilikom	on the occasion of	/prǐːlikoːm/
2612	faca	face, expression	/fât͡sa/
2613	staklo	glass	/stǎklo/
2614	radnik	a worker, laborer	/râːdniːk/
2615	ustati	to stand up, rise, get up	/ǔstati/
2616	pojačanje	amplification	/ˈpojɐtˌʃɐɲe/
2617	povrediti	to hurt, injure, wound	/poʋrěːditi/
2618	jači	strong	/jât͡ʃiː/
2619	taman	just	/tǎːman/
2620	mjesecima	for months and months	/mjesěːt͡sima/
2621	buku	cascade, rapids, cataract	/ˈbukʊ/
2622	zatvorenik	prisoner	/zatʋorěniːk/
2623	kamenje	stones, rocks	/kǎmeːɲe/
2624	djevojaka	girl, maiden	/ˈdjevoˌjɐkɐ/
2625	ujaka	maternal uncle	/ˈujɐkɐ/
2626	tunel	tunnel	/tǔneːl/
2627	molio	to ask, request, beg	/ˈmolɪo/
2628	kime	with whom	/kǐːme/
2629	čuvajte	to guard, protect	/ˈtʃuvɑjtɛ/
2630	praktično	practically, in practice	/prǎktit͡ʃno/
2631	slabo	weakly	/slâbo/
2632	predivan	wonderful	/prêdiːʋan/
2633	žalost	sorrow	/ʒâloːst/
2634	sedim	grey	/ˈsɛdɪm/
2635	period	period	/perǐod/
2636	baba	grandmother	/bâba/
2637	vetar	wind	/ʋêtar/
2638	gubitnik	loser	/ɡǔbitniːk/
2639	broju	number	/ˈbrojʊ/
2640	žurka	party	/ʒûrka/
2641	kost	bone	/kôːst/
2642	traku	ray	/ˈtrakʊ/
2643	imale	to have, possess, own	/ˈimɐlɛ/
2644	blagoslov	blessing	/blâɡosloːʋ/
2645	povremeno	periodically	/pǒʋremeno/
2646	pica	cunt, pussy	/pǐːtsa/
2647	međusobno	mutually	/mêd͡ʑusobno/
2648	curi	girl	/ˈtsurɪ/
2649	bitka	battle	/bîtka/
2650	bola	to stab	/ˈbolɐ/
2651	pomoćnik	assistant	/pomǒt͡ɕniːk/
2652	putuje	to travel	/ˈputʊje/
2653	maleni	small	/ˈmalɛnɪ/
2654	mozgu	brain	/ˈmozɡʊ/
2655	razum	reason, mind, intellect, sanity	/râzuːm/
2656	otok	island	/ǒtok/
2657	smrad	stench, stink	/smrâːd/
2658	poljubiti	to kiss	/poʎǔːbiti/
2659	pravio	to make, create	/ˈpravɪo/
2660	z	with	/ˈzə/
2661	skupo	expensive, costly, pricey	/ˈskupo/
2662	djela	genitive singular of djȅlo	/ˈdjelɐ/
2663	haos	chaos	/xâos/
2664	peti	fifth	/ˈpɛtɪ/
2665	porota	jury	/pôrota/
2666	idući	next, following	/ǐduːt͡ɕiː/
2667	podići	to raise, lift, elevate	/pǒdit͡ɕi/
2668	hram	temple	/xrâːm/
2669	zasad	for now, for the time being	/zǎsad/
2670	demon	demon	/děmoːn/
2671	starac	old man	/stârat͡s/
2672	ponedeljak	Monday	/ponědeʎak/
2673	beli	white	/ˈbɛlɪ/
2674	preći	to cross, get across, get over, go over	/prêːt͡ɕi/
2675	lažov	liar	/lǎʒoʋ/
2676	eksplozije	explosion	/ˈɛksploˌzɪje/
2677	major	major	/mǎjoːr/
2678	zli	evil, malicious, bad, mean, wicked	/ˈzli/
2679	pogoditi	to hit	/poɡǒditi/
2680	uistinu	indeed, truly	/ǔistinu/
2681	novoj	new	/ˈnovoj/
2682	doslovno	literally	/dǒːsloːʋno/
2683	zamoliti	to ask, beg	/zamǒliti/
2684	disati	to breathe, take breath	/dǐːsati/
2685	april	April	/ǎpriːl/
2686	smemo	can, may, be allowed to	/ˈsmɛmo/
2687	eksplozija	explosion	/ˈɛksploˌzɪjɐ/
2688	niki	alternative form of nȅkī	/ˈniki/
2689	učim	to learn, study	/ˈutʃɪm/
2690	agencija	agency	/aɡěnt͡sija/
2691	slova	letter	/ˈslovɐ/
2692	decom	children	/ˈdɛtsom/
2693	obući	to dress, clothe, put on clothes	/obǔːt͡ɕi/
2694	viši	high, tall	/ˈviʃɪ/
2695	istovremeno	simultaneously	/istǒʋremeno/
2696	punom	full, filled	/ˈpunom/
2697	stopa	foot	/stǒpa/
2698	kineski	in a Chinese manner, as a Chinese	/kǐneːskiː/
2699	usamljen	alone, lonely	/ǔsaːmʎen/
2700	ponašati	to behave, conduct	/ponǎːʃati/
2701	majmun	monkey	/mǎjmun/
2702	prepoznati	to recognize	/prepǒznati/
2703	odobrenje	approval	/odobrěːɲe/
2704	plačeš	to cry, weep	/ˈplatʃɛʃ/
2705	prethodno	previously	/prěːtxodno/
2706	strast	passion	/strâːst/
2707	rešenje	solution	/reʃěːɲe/
2708	fudbal	football, soccer	/fûdbaːl/
2709	gospođica	miss	/ɡôspod͡ʑit͡sa/
2710	rep	tail	/rêːp/
2711	tlo	ground	/tlô/
2712	kara	to scold	/ˈkɑrɐ/
2713	bojati	to fear, be afraid of	/bǒjati/
2714	mila	dear	/ˈmilɐ/
2715	alat	tool	/ǎlaːt/
2716	učiti	to learn, study	/ǔt͡ʃiti/
2717	glumica	actress	/ɡlǔmit͡sa/
2718	promijenilo	to change	/ˈpromɪˌjenɪlo/
2719	kreći	to move	/ˈkrɛtɕɪ/
2720	kris	kris	/krîːs/
2721	preda	to deliver, hand over	/prêda/
2722	umri	to die	/ˈumrɪ/
2723	američka	America; American	/ˈamɛˌrɪtʃkɐ/
2724	mirni	motionless	/ˈmirnɪ/
2725	ljeto	summer, summertime	/ʎêto/
2726	jugu	south	/ˈjuɡʊ/
2727	struja	electricity	/strǔːja/
2728	zapovjednik	commander	/zapoʋjědniːk/
2729	kraljevstvo	kingdom	/krǎːʎeʋstʋo/
2730	pamćenje	memory, recollection	/ˈpamtɕɛɲe/
2731	sport	sport	/spôrt/
2732	hodnik	corridor, hallway	/xôdniːk/
2733	brzina	speed	/br̩zǐna/
2734	ispit	test, examination, exam	/ǐspit/
2735	priprema	preparation	/prîprema/
2736	nastup	onset	/nǎːstup/
2737	mirna	motionless	/ˈmirnɐ/
2738	torba	bag	/tǒːrba/
2739	drugovi	friend	/ˈdruɡovɪ/
2740	zvijer	beast, wild animal	/zʋijêːr/
2741	tačke	wheelbarrow	/ˈtatʃkɛ/
2742	status	status, rank	/stǎːtus/
2743	pošao	to go, go away, leave, depart	/ˈpoʃɐo/
2744	santa	iceberg	/ˈsantɐ/
2745	sudac	judge	/sǔːdat͡s/
2746	sezone	season	/ˈsɛzonɛ/
2747	skok	jump	/skôk/
2748	dolaziti	to arrive, come	/dǒlaziti/
2749	slava	glory	/slâʋa/
2750	jedanput	once	/jedǎmpuːt/
2751	odande	from there	/ôdaːnde/
2752	utakmice	sports game	/ˈutɐkˌmɪtsɛ/
2753	energija	energy	/eněrɡija/
2754	apartman	apartment	/ˈapɑrtmɐn/
2755	primi	to receive, get	/ˈprimɪ/
2756	vera	belief, faith	/ʋêra/
2757	radnje	act, action	/ˈradɲe/
2758	posada	crew	/pôsada/
2759	zelena	green	/ˈzɛlɛnɐ/
2760	ljubazan	kind, nice, polite	/ʎûbazan/
2761	služe	to serve	/ˈsluʒɛ/
2762	novina	novelty, innovation	/noʋǐna/
2763	značiti	to mean	/znǎːt͡ʃiti/
2764	pretvarati	to turn into, to transform, to change	/pretʋǎːrati/
2765	planet	planet	/plǎneːt/
2766	pripremiti	to prepare	/priprěːmiti/
2767	uloga	role	/ˈuloɡɐ/
2768	najboljem	masculine/neuter dative/locative singular of najbolji	/ˈnɑjboʎem/
2769	promena	change	/prômena/
2770	vrt	garden	/ʋr̩̂t/
2771	muški	like a man	/mûʃkiː/
2772	reke	river	/ˈrɛkɛ/
2773	aparat	apparatus	/ˈapɑrɐt/
2774	spustiti	to lower, abase, take down	/spǔstiti/
2775	nasilja	violence	/ˈnasɪʎɐ/
2776	platila	to pay	/ˈplatɪlɐ/
2777	zeleno	green	/ˈzɛlɛno/
2778	alfa	alpha; the Greek letter Α, α	/âlfa/
2779	ulje	oil	/ûːʎe/
2780	posve	completely, entirely, wholly	/pǒsʋe/
2781	sluga	servant	/slǔːɡa/
2782	scena	scene	/ˈstsɛnɐ/
2783	optužen	to accuse, charge, indict	/ˈoptʊʒɛn/
2784	stvaran	real, actual	/stʋâːran/
2785	očekivati	to expect, wait for	/ot͡ʃekǐːʋati/
2786	roman	novel	/rǒmaːn/
2787	val	wave	/ʋâːl/
2788	guverner	governor	/ɡuʋěrneːr/
2789	zapovijed	order, command	/zâpoʋijeːd/
2790	ženski	in the manner of woman, in a female or feminine way,…	/ʒěnskiː/
2791	jednostavan	simple	/jêdnostaːʋan/
2792	kupiš	to buy, purchase	/ˈkupɪʃ/
2793	papa	pope	/pâːpa/
2794	svjestan	conscious, aware	/sʋjêstan/
2795	em	not only … but also	/em/
2796	bara	puddle	/bâra/
2797	htjeti	to wish, want, desire	/xtjêti/
2798	trake	strip, ribbon	/ˈtrakɛ/
2799	crnac	black	/t͡sř̩nat͡s/
2800	obalu	bank	/ˈobɐlʊ/
2801	oprema	equipment	/ôprema/
2802	jadan	miserable, pathetic	/jâdan/
2803	buraz	bro, brother, broski	/bûraːz/
2804	ujače	maternal uncle	/ˈujɐtʃɛ/
2805	ratni	war	/râtniː/
2806	studio	studio	/ˈstudɪo/
2807	sudar	crash	/sûdaːr/
2808	hitan	urgent	/xîtan/
2809	ranu	early	/ˈranʊ/
2810	mraz	frost	/mrâz/
2811	ponedjeljak	Monday	/ponědjeʎak/
2812	trideset	thirty	/ˈtridɛsɛt/
2813	bijeg	escape	/bjêːɡ/
2814	tiše	quietly, silently	/ˈtiʃɛ/
2815	prijatan	pleasant	/prîjaːtan/
2816	profil	profile	/prǒfiːl/
2817	poglavlje	chapter	/pǒɡlaːʋʎe/
2818	spasao	to fall down	/ˈspasɐo/
2819	metaka	bullet	/ˈmɛtɐkɐ/
2820	pjevati	to sing	/pjêʋati/
2821	straža	guard, watch	/strâːʒa/
2822	banda	gang	/bâːnda/
2823	misao	thought	/mîːsao/
2824	uobičajeno	usually, customarily	/uobǐt͡ʃaːjeno/
2825	živo	lively, briskly, actively, sharply	/ʒîːʋo/
2826	lanac	chain	/lǎːnat͡s/
2827	uzbuna	alarm	/ûzbuna/
2828	prevara	fraud, cheat	/prêʋara/
2829	niže	masculine accusative plural	/ˈniʒɛ/
2830	koristeći	present adverbial participle of koristiti impf	/kǒristeːt͡ɕi/
2831	brinu	to worry	/ˈbrinʊ/
2832	projekt	project	/prǒjekt/
2833	picu	cunt, pussy	/ˈpitsʊ/
2834	incident	incident	/int͡sǐdent/
2835	kreću	to move	/ˈkrɛtɕʊ/
2836	mleko	milk	/mlěːko/
2837	trave	grass	/ˈtravɛ/
2838	smiriti	to calm, soothe, pacify	/smǐːriti/
2839	tekst	text	/ˈtɛkst/
2840	cena	price	/t͡sěːna/
2841	odeljenje	department	/odeʎěːɲe/
2842	pravda	justice	/ˈpravdɐ/
2843	sačekati	to wait for	/sǎt͡ʃekati/
2844	tačka	dot, period	/tât͡ʃka/
2845	hrabro	courageously, boldly	/xrâːbro/
2846	nadzor	supervision, oversight	/nǎːdzor/
2847	riskirati	to risk, to put at risk	/riskǐːrati/
2848	nalik	like, similar	/nǎːlik/
2849	zvono	bell	/zʋôno/
2850	zamisao	idea, conception	/zâmiːsao/
2851	carstvo	empire, kingdom	/t͡sâːrstʋo/
2852	rodio	to bear	/ˈrodɪo/
2853	proba	rehearsal	/prǒːba/
2854	novčić	coin	/nǒʋt͡ʃit͡ɕ/
2855	teri	which, what	/ˈtɛri/
2856	trudi	to try, make an effort	/ˈtrudɪ/
2857	dovoljan	sufficient, adequate	/dôʋoːʎan/
2858	igrala	to play	/ˈiɡrɐlɐ/
2859	slobodi	freedom	/ˈslobodɪ/
2860	pažljiv	attentive, cautious, careful	/pǎʒʎiʋ/
2861	morski	sea; marine	/mǒrskiː/
2862	rijetko	rarely, seldom	/rjêːtko/
2863	ratnik	warrior	/râtniːk/
2864	smio	brave, bold, courageous	/smǐo/
2865	jezivo	terrifyingly, horrifyingly	/jěziʋo/
2866	uspjeh	success	/ǔspjex/
2867	razbiti	to break, smash, crack, shatter	/rǎzbiti/
2868	dosadan	boring	/dôsaːdan/
2869	tehnologija	technology	/texnolǒɡija/
2870	snažan	strong, powerful	/snǎːʒan/
2871	divlje	wildly, savagely	/dǐʋʎeː/
2872	nožem	knife	/ˈnoʒɛm/
2873	ritam	rhythm	/rǐtam/
2874	nudi	to offer	/ˈnudɪ/
2875	pozornost	attention	/pozǒːrnoːst/
2876	pobjeda	victory	/pôbjeda/
2877	dadilja	nurse, nanny, babysitter	/dǎdiʎa/
2878	drukčije	differently	/drǔkt͡ʃijeː/
2879	imaj	to have, possess, own	/ˈimɑj/
2880	propast	collapse	/prôpaːst/
2881	radnji	act, action	/ˈradɲɪ/
2882	letjeti	to fly	/lětjeti/
2883	slaba	weak	/ˈslabɐ/
2884	umjetnost	art	/ˈumjetnost/
2885	platiš	to pay	/ˈplatɪʃ/
2886	reakcija	reaction	/reǎkt͡sija/
2887	manji	small	/mâɲiː/
2888	upozoriti	to warn	/upozǒriti/
2889	postići	to achieve, accomplish	/pǒstit͡ɕi/
2890	smiješan	funny	/smjěːʃan/
2891	onamo	in that direction over there, in that place; there	/ǒnaːmo/
2892	domaći	domestic	/dǒmaːt͡ɕiː/
2893	pročitaj	to read to get acquainted with the content	/ˈprotʃɪtɑj/
2894	unaprijed	beforehand, in advance	/ǔnaprjeːd/
2895	lepu	nice, pretty	/ˈlɛpʊ/
2896	vojne	armed forces; military	/ˈvojnɛ/
2897	kreneš	to move, set in motion	/ˈkrɛnɛʃ/
2898	zaspao	to fall asleep	/ˈzaspɐo/
2899	odjeća	clothing	/ôdjet͡ɕa/
2900	vrijedan	precious, valuable	/ʋrjěːdan/
2901	promenila	to change	/ˈpromɛˌnɪlɐ/
2902	lift	lift, elevator	/lîft/
2903	prljavo	dirtily, filthily	/pr̂ʎaʋo/
2904	prioritet	priority	/ˈprioˌrɪtɛt/
2905	nedjelje	Sunday	/ˈnɛdjeʎe/
2906	podijeliti	to divide, separate	/podjěːliti/
2907	guraj	push	/ˈɡurɑj/
2908	podrška	support, aid	/pǒdr̩ʃka/
2909	desila	to happen, occur	/ˈdɛsɪlɐ/
2910	zub	tooth	/zûːb/
2911	ludak	madman	/lǔdaːk/
2912	šok	shock	/ʃôk/
2913	lokalni	local	/ˈlokɐlnɪ/
2914	pobjedu	victory	/ˈpobjedʊ/
2915	vid	eyesight	/ʋîːd/
2916	vampir	vampire	/ʋǎmpiːr/
2917	angel	angel	/ˈaŋɡɛl/
2918	lošu	bad, malicious	/ˈloʃʊ/
2919	silu	force	/ˈsilʊ/
2920	zuba	genitive singular of zȗb	/zǔːbaː/
2921	kolena	knee	/ˈkolɛnɐ/
2922	smatraju	to think, be of opinion	/ˈsmatrɑjʊ/
2923	profesora	professor	/ˈprofɛˌsorɐ/
2924	nikuda	nowhere, nowhither	/nîkuda/
2925	tona	tonne	/tôna/
2926	ručka	handle, helve, haft, handhold	/rût͡ʃka/
2927	sveštenik	priest	/sʋěʃteniːk/
2928	skot	litter	/skôt/
2929	baca	third-person singular present of bacati	/ˈbatsɐ/
2930	buka	noise	/bûka/
2931	liječnik	doctor, physician	/ʎêːt͡ʃniːk/
2932	zauzvrat	in return, in exchange	/zâuzʋraːt/
2933	mater	mother	/ˈmatɛr/
2934	posljedice	consequence	/ˈposʎeˌdɪtsɛ/
2935	poprilično	rather, pretty, quite, fairly	/poprǐːlit͡ʃno/
2936	marš	march	/mârʃ/
2937	umru	to die	/ˈumrʊ/
2938	užas	horror, terror	/ûʒaːs/
2939	dvanaest	twelve	/ˈdvanɐɛst/
2940	zabavna	amusing, entertaining	/ˈzabɐvnɐ/
2941	tajnom	secret	/ˈtɑjnom/
2942	verzija	version	/ʋěrzija/
2943	zamijeniti	to exchange	/zamjěːniti/
2944	osmeh	smile	/ˈosmɛh/
2945	gužva	crowd, jam	/ɡûːʒʋa/
2946	oteli	to kidnap	/ˈotɛlɪ/
2947	suočiti	to confront	/suǒt͡ʃiti/
2948	plavo	blue	/ˈplavo/
2949	vlasništvo	property	/ʋlâːsniːʃtʋo/
2950	bolno	painfully	/bôːlno/
2951	gol	naked, nude, bare	/ɡôːl/
2952	najzad	finally, in the end	/nâjzad/
2953	vila	fairy	/ʋǐːla/
2954	postupak	procedure, process	/pǒstupak/
2955	narodu	people	/ˈnɑrodʊ/
2956	rublje	linen, laundry	/rûːbʎe/
2957	junak	soldier, knight, warrior	/jǔnaːk/
2958	ženo	woman	/ˈʒɛno/
2959	eksperiment	experiment	/eksperǐment/
2960	šifra	code, cipher	/ʃîfra/
2961	curica	little girl	/t͡sûrit͡sa/
2962	brdo	hill	/br̩̂do/
2963	pokušaju	attempt, try	/ˈpokʊˌʃɑjʊ/
2964	vodila	to lead	/ˈvodɪlɐ/
2965	svakim	everyone, everybody	/ˈsvakɪm/
2966	stignu	to arrive, reach	/ˈstiɡnʊ/
2967	mili	dear	/ˈmî.liː/
2968	štete	damage, harm	/ˈʃtɛtɛ/
2969	zubi	tooth	/ˈzubɪ/
2970	raka	crab	/ˈrakɐ/
2971	peni	to foam	/ˈpɛnɪ/
2972	krade	to steal	/ˈkradɛ/
2973	zabaviti	to amuse, to entertain	/zǎbaʋiti/
2974	kriješ	to hide, conceal	/ˈkrijeʃ/
2975	tragedija	tragedy	/trǎɡeːdija/
2976	nadimak	nickname, sobriquet	/nǎːdimak/
2977	ponoć	midnight	/ˈponotɕ/
2978	odmoriti	to rest, refresh, relax	/odmǒriti/
2979	stotina	a group of one hundred	/stôtina/
2980	nisko	low, lowly	/nîsko/
2981	stric	paternal uncle	/strîːt͡s/
2982	glazba	music	/ɡlǎzba/
2983	džin	giant, ogre, troll	/d͡ʒîn/
2984	namerno	intentionally, deliberately	/nǎːmerno/
2985	svirati	to play	/sʋǐːrati/
2986	borac	fighter	/bǒːrat͡s/
2987	zona	zone, area	/ˈzonɐ/
2988	momkom	a young man, lad	/ˈmomkom/
2989	pristojan	polite, civil	/prǐːstoːjan/
2990	razumeti	to understand	/razǔmeti/
2991	mušterija	customer, buyer	/muʃtěrija/
2992	uzalud	in vain	/ûzaluːd/
2993	naočale	glasses	/nâot͡ʃaːle/
2994	publika	audience	/pǔblika/
2995	pomisliti	to think about sth/sb	/pǒmisliti/
2996	pobediti	to conquer, overcome	/poběːditi/
2997	potvrditi	to confirm, acknowledge	/potʋřːditi/
2998	suncu	sun	/ˈsuntsʊ/
2999	lane	last year	/lâne/
3000	vuci	pull	/ˈvutsɪ/
3001	mjestima	place	/ˈmjestɪmɐ/
3002	trka	race	/ˈtrka/
3003	kokain	cocaine	/kokǎiːn/
3004	rekord	record	/ˈrɛkord/
3005	majstor	master	/mâːjstor/
3006	prazno	emptily, vacantly	/prâːzno/
3007	tužilac	prosecutor	/tǔʒilat͡s/
3008	muzej	museum	/mǔzeːj/
3009	računalo	computer	/rat͡ʂǔnalo/
3010	prevariti	to cheat, deceive, trick, swindle	/prěʋariti/
3011	svedok	witness	/ˈsvɛdok/
3012	očistiti	to clean	/ǒt͡ʃistiti/
3013	pogon	drive, propulsion	/ˈpoɡon/
3014	radost	joy	/râdoːst/
3015	organizacija	organization	/orɡanizǎːt͡sija/
3016	krava	cow	/krâʋa/
3017	sumnja	doubt, suspicion	/sǔːmɲa/
3018	rođeni	born	/ˈrodʑɛnɪ/
3019	katu	floor, storey	/ˈkatʊ/
3020	ruža	rose	/ˈruʒɐ/
3021	šećer	sugar	/ʃět͡ɕer/
3022	zadovoljni	content, satisfied	/ˈzadoˌvoʎnɪ/
3023	kiše	rain	/ˈkiʃɛ/
3024	terorista	terrorist	/ˈtɛroˌrɪstɐ/
3025	šalite	to joke; to joke around	/ˈʃalɪtɛ/
3026	vara	heat	/ˈvɑrɐ/
3027	dvorac	castle	/dʋǒːrat͡s/
3028	ispada	to fall out, drop	/ˈispɐdɐ/
3029	hodam	to walk, pace	/ˈxodɐm/
3030	predstavi	show	/ˈprɛtstɐvɪ/
3031	las	hair	/ˈlas/
3032	kuhinja	kitchen	/kûxiɲa/
3033	snaći	to befall, happen	/snâːt͡ɕi/
3034	leto	summer, summertime	/lêto/
3035	bitke	battle	/ˈbitkɛ/
3036	porez	tax, taxation	/pǒrez/
3037	vrijednost	value	/ʋrjěːdnoːst/
3038	konobar	waiter	/kônobaːr/
3039	upala	inflammation, pneumonia	/ûpala/
3040	staze	path, way	/ˈstazɛ/
3041	lokacija	location	/lokǎːt͡sija/
3042	skladu	harmony, accord, congruity	/ˈskladʊ/
3043	sira	cheese	/ˈsirɐ/
3044	voleti	to love	/ʋǒleti/
3045	vlasnika	owner	/ˈvlasnɪkɐ/
3046	zajednice	community	/ˈzɑjedˌnɪtsɛ/
3047	rene	horseradish	/ˈrɛnɛ/
3048	prijevoz	conveyance, transport, transportation	/prjěːʋoz/
3049	predavanje	lecturing	/predǎːʋaːɲe/
3050	ljubazno	kindly	/ʎûbazno/
3051	odgovarati	to answer, reply	/odɡoʋǎːrati/
3052	djevojci	girl, maiden	/ˈdjevojtsɪ/
3053	kauču	couch	/ˈkaʊtʃʊ/
3054	lekcija	lesson	/lěkt͡sija/
3055	prstima	finger	/ˈprstimɐ/
3056	stranica	page	/strǎnit͡sa/
3057	svetlost	light	/sʋêtloːst/
3058	senator	senator	/sěnaːtor/
3059	prisustvo	presence	/ˈprisʊstvo/
3060	ružno	badly, meanly, in an ugly manner	/rûːʒno/
3061	mreža	hammock	/ˈmrɛʒɐ/
3062	prsa	chest	/pr̂sa/
3063	sjever	north	/sjêʋeːr/
3064	lutka	doll, puppet	/ˈlutkɐ/
3065	dokument	document	/dokǔment/
3066	sporazum	accord, treaty	/spôrazuːm/
3067	seme	seed	/sême/
3068	pomisao	thought, idea	/ˈpomɪˌsɐo/
3069	zeleni	green	/ˈzɛlɛnɪ/
3070	pedeset	fifty	/peděseːt/
3071	primila	to receive, get	/ˈprimɪlɐ/
3072	zanimljiv	interesting	/zanǐmʎiʋ/
3073	došle	to come, arrive	/ˈdoʃlɛ/
3074	haljine	dress	/ˈxaʎɪnɛ/
3075	vezan	to bind, fasten, tie	/ˈvɛzɐn/
3076	proizvod	product	/proǐzʋod/
3077	sveto	holy, saint	/ˈsvɛto/
3078	kladiti	to bet, wager	/klâditi/
3079	lav	lion	/lâʋ/
3080	pojela	to eat, consume	/ˈpojelɐ/
3081	grozan	terrible, awful, horrible	/ɡrôːzan/
3082	obrazovanje	education	/obrazoʋǎːɲe/
3083	nauditi	to harm	/nǎuditi/
3084	kofer	suitcase	/kǒfer/
3085	obaveza	obligation	/ˈobɐˌvɛzɐ/
3086	kila	hernia	/ˈkilɐ/
3087	uho	ear	/ûxo/
3088	korisno	usefully, purposefully	/kôrisno/
3089	moliti	to ask, request, beg	/mǒliti/
3090	nađimo	to find, discover	/ˈnadʑɪmo/
3091	drveće	trees	/dř̩ʋeːt͡ɕe/
3092	lažno	falsely	/lâʒno/
3093	grozna	terrible, awful, horrible	/ˈɡroznɐ/
3094	amber	amber	/ˈambɛr/
3095	ceste	road	/ˈtsɛstɛ/
3096	mladih	young	/ˈmladɪh/
3097	sala	hall, auditorium	/sǎːla/
3098	prijateljski	friendly	/prijatěʎskiː/
3099	planiram	to plan	/ˈplanɪrɐm/
3100	bake	grandmother, grandma	/ˈbakɛ/
3101	pružiti	to stretch out, extend	/prûʒiti/
3102	istok	east	/ǐstok/
3103	punim	full, filled	/ˈpunɪm/
3104	slabost	weakness	/slâboːst/
3105	potražiti	to seek, look for, search	/potrǎːʒiti/
3106	žice	acanthus spinosissimus	/ˈʒitsɛ/
3107	materijala	material	/ˈmatɛˌrɪjɐlɐ/
3108	kosom	hair	/ˈkosom/
3109	upasti	to fall into, drop into	/ǔpasti/
3110	otpustiti	to release	/otpǔstiti/
3111	izjava	statement	/îzjaʋa/
3112	vile	pitchfork	/ʋîle/
3113	ubaciti	to throw in, throw into	/ubǎːt͡siti/
3114	sudeći	present verbal adverb of súditi	/ˈsudɛtɕɪ/
3115	brani	dam	/ˈbranɪ/
3116	posuditi	to lend	/posǔːditi/
3117	hladan	cold	/xlǎːdan/
3118	ulaze	entrance	/ˈulɐzɛ/
3119	objaviti	to proclaim, declare, announce	/objǎːʋiti/
3120	ormar	ambry, closet, wardrobe	/ǒrmaːr/
3121	pasoš	passport	/pâːsoʃ/
3122	ugao	corner	/ûɡao/
3123	pobjednik	winner	/pǒbjedniːk/
3124	strogo	strictly	/strôɡo/
3125	pobiti	to kill, slaughter	/pǒbiti/
3126	medeni	made with honey	/ˈmɛdɛnɪ/
3127	strašan	dire	/strǎːʃan/
3128	vojna	military campaign	/ʋôːjna/
3129	svugdje	everywhere	/sʋûɡdje/
3130	karijera	career	/karijěːra/
3131	pazim	to beware, watch out, be careful	/ˈpazɪm/
3132	maknuti	to take away, remove, displace	/mǎknuti/
3133	baku	grandmother, grandma	/ˈbakʊ/
3134	oduzeti	to take away, deprive	/odǔzeːti/
3135	drugarica	friend	/drûːɡarica/
3136	krajnje	extremely, utterly	/krâːjɲeː/
3137	romantično	romantically	/romǎntit͡ʃno/
3138	pop	priest	/pôp/
3139	tretman	treatment	/trětmaːn/
3140	složiti	to pile, stack, heap	/slǒʒiti/
3141	lovi	to hunt	/ˈlovɪ/
3142	prodavnice	store, shop	/ˈprodɐvˌnɪtsɛ/
3143	guma	rubber	/ɡûma/
3144	pošten	honest, fair	/pǒʃten/
3145	sporo	slow	/ˈsporo/
3146	dozvola	permission, permit, licence, consent	/dôzʋola/
3147	koliki	how large/big	/ˈkolɪkɪ/
3148	smijeh	laugh, laughter	/ˈsmijeh/
3149	kolače	cake	/ˈkolɐtʃɛ/
3150	brza	fast	/ˈbrza/
3151	osvojiti	to conquer	/osʋǒjiti/
3152	sredstvo	means, medium	/srědstʋo/
3153	sirom	cheese	/ˈsirom/
3154	prozore	window	/ˈprozorɛ/
3155	djetetu	child, kid	/ˈdjetɛtʊ/
3156	prima	unison	/ˈprimɐ/
3157	karijere	career	/ˈkɑrɪˌjerɛ/
3158	legalno	legally	/lěɡaːlno/
3159	trajalo	to last, continue	/ˈtrɑjɐlo/
3160	spasimo	to save, salvage	/ˈspasɪmo/
3161	ponesi	to take	/ˈponɛsɪ/
3162	privatno	privately	/prîʋaːtno/
3163	povezati	to link, connect	/poʋěːzati/
3164	protokol	protocol	/ˈprotokol/
3165	pravite	to make, create	/ˈpravɪtɛ/
3166	pristojno	politely, civilly	/prǐːstoːjno/
3167	kaj	what	/ˈkâj/
3168	drugde	elsewhere	/drûɡde/
3169	ružna	ugly, unattractive	/ˈruʒnɐ/
3170	oblast	district, region	/ôblaːst/
3171	štititi	to protect	/ʃtîtiti/
3172	samoubojstvo	suicide	/samoǔboːjstʋo/
3173	onoliko	that much/many, so much/many, as much/many	/onolǐkoː/
3174	rima	rhyme	/rǐːma/
3175	tradicija	tradition	/trǎdiːt͡sija/
3176	lepi	nice, pretty	/ˈlɛpɪ/
3177	odnijeti	to take away, carry away	/ǒdnijeːti/
3178	laka	easy	/ˈlakɐ/
3179	kava	coffee	/kǎʋa/
3180	imanje	possession, holding	/imǎːɲe/
3181	zaštita	protection	/zâːʃtita/
3182	slatke	sweet	/ˈslatkɛ/
3183	mudro	wise	/ˈmudro/
3184	zahtev	request	/zǎːxteʋ/
3185	tone	to sink	/ˈtonɛ/
3186	slave	to celebrate, glorify	/ˈslavɛ/
3187	stojimo	first-person plural present of stàjati	/ˈstojɪmo/
3188	zagrljaj	hug, embrace	/zâɡrʎaːj/
3189	silovanje	rape, raping	/sîloʋaːɲe/
3190	profesionalac	a professional	/profesionǎːlat͡s/
3191	hleb	bread	/xlêb/
3192	poverenje	trust	/poʋerěːɲe/
3193	ton	tone	/tôːn/
3194	dovde	to this place, this far	/dǒːʋdeː/
3195	takmičenje	competition	/ˈtakmɪtˌʃɛɲe/
3196	album	album	/ǎlbuːm/
3197	opis	description	/ǒpis/
3198	lak	easy	/lâk/
3199	tržište	market	/tr̩̂ʒiːʃte/
3200	ispuniti	to fill up	/ǐspuniti/
3201	hajmo	alternative form of hàjdemo	/xǎjmo/
3202	životima	life	/ˈʒivoˌtɪmɐ/
3203	pranje	laundering, washing	/prǎːɲe/
3204	kopija	copy, duplicate	/kôːpija/
3205	svjetlost	light	/sʋjêtloːst/
3206	psihijatar	psychiatrist	/psixǐjaːtar/
3207	odbaciti	to throw away, throw off	/odbǎːt͡siti/
3208	snijeg	snow	/snjêːɡ/
3209	drolja	slut	/drôʎa/
3210	udovica	widow	/udǒʋit͡sa/
3211	posjeduje	to own, possess	/ˈposjeˌdʊje/
3212	slavu	glory	/ˈslavʊ/
3213	sklonište	shelter	/sklôniːʃte/
3214	predlog	proposal, proposition	/prěːdloɡ/
3215	izvaditi	to take out, draw	/ǐzʋaditi/
3216	pucanj	shot, bang	/pûːt͡saɲ/
3217	uspeh	success	/ǔspex/
3218	platu	pay	/ˈplatʊ/
3219	trava	grass	/trǎːʋa/
3220	pravac	direction, route	/prǎːʋat͡s/
3221	nogom	leg	/ˈnoɡom/
3222	pauza	break, pause	/pǎuza/
3223	boca	bottle	/bôt͡sa/
3224	trena	moment	/ˈtrɛnɐ/
3225	seti	sorrow, melancholy	/ˈsɛtɪ/
3226	istorija	history	/ǐstoːrija/
3227	tumor	tumor	/tûːmor/
3228	površine	surface	/ˈpovrʃɪnɛ/
3229	gaćice	panties	/ɡât͡ɕit͡se/
3230	jeftino	cheaply	/jêftino/
3231	mjesecu	moon	/ˈmjesɛtsʊ/
3232	nemci	German	/ˈnɛmtsɪ/
3233	krave	cow	/ˈkravɛ/
3234	koštati	to cost	/kôʃtati/
3235	najprije	firstly, at first	/nâːjprije/
3236	žuri	to hurry, rush	/ˈʒurɪ/
3237	shvatite	to understand, comprehend, grasp, conceive	/ˈshvatɪtɛ/
3238	tihi	masculine nominative/vocative plural	/ˈtihɪ/
3239	blok	block	/blôk/
3240	nedostatak	shortage	/nedostǎːtak/
3241	ministarstvo	ministry	/ˈminɪsˌtɑrstvo/
3242	kretati	to move	/krěːtati/
3243	opustiti	to relax, loosen, slacken	/opǔstiti/
3244	pila	saw	/pǐːla/
3245	kretanje	movement	/ˈkrɛtɐɲe/
3246	umetnost	art	/ˈumɛtnost/
3247	naočare	glasses	/nâot͡ʃaːre/
3248	pepeo	ashes	/pêpeo/
3249	bacim	to throw, cast	/ˈbatsɪm/
3250	neprestano	constantly, continuously	/neprěstano/
3251	prodali	to sell	/ˈprodɐlɪ/
3252	plaše	to frighten, scare	/ˈplaʃɛ/
3253	disanje	verbal noun of disati impf: breathing, respiration	/dǐːsaːɲe/
3254	desert	dessert	/děsert/
3255	sumnjivo	doubtless, certain	/nesǔmɲiʋ/
3256	kamena	stone	/ˈkamɛnɐ/
3257	seksu	dative/locative singular of sȅks	/sêksu/
3258	ljeta	summer, summertime	/ˈʎetɐ/
3259	vezano	to bind, fasten, tie	/ˈvɛzɐno/
3260	svjetski	globally, worldly, earthly	/sʋjětskiː/
3261	tisuću	thousand	/tǐsut͡ɕu/
3262	serijski	serially	/sêːriːjskiː/
3263	jabuka	apple	/jâbuka/
3264	divlji	wild, savage	/dǐʋʎiː/
3265	porodični	familial	/pǒrodit͡ʃniː/
3266	pitamo	to ask	/ˈpitɐmo/
3267	nijemci	German	/ˈnijemtsɪ/
3268	hot	erotic	/hoːt/
3269	pile	chick	/pîle/
3270	nevina	innocent	/ˈnɛvɪnɐ/
3271	klavir	grand piano	/klǎʋiːr/
3272	zima	winter	/zǐːma/
3273	bijes	rage	/bijêːs/
3274	logor	camp	/lôːɡor/
3275	nevinost	innocence	/nêʋiːnoːst/
3276	rupi	pit, hole	/ˈrupɪ/
3277	komandant	commander	/komǎndant/
3278	otpor	resistance	/ǒtpor/
3279	konji	horse	/ˈkoɲɪ/
3280	predstaviti	to present, portray, describe	/prětstaʋiti/
3281	odraditi	to do, carry out, perform	/odrǎːditi/
3282	časa	moment	/ˈtʃasɐ/
3283	unapred	beforehand, in advance	/ǔnapreːd/
3284	osobom	person	/ˈosobom/
3285	krova	roof	/ˈkrovɐ/
3286	braniti	to defend	/brǎːniti/
3287	ubacio	to throw in, throw into	/ˈubɐtˌsɪo/
3288	stolica	chair	/stǒlit͡sa/
3289	sos	sauce	/sôːs/
3290	tatica	dad, daddy	/ˈtatɪtsɐ/
3291	uhapsiti	to arrest	/ǔxapsiti/
3292	pozdraviti	to greet	/pǒzdraʋiti/
3293	krađa	theft	/krâd͡ʑa/
3294	list	leaf	/lîːst/
3295	luđak	madman	/lǔd͡ʑaːk/
3296	uvjeren	sure, certain, convinced	/ǔʋjeren/
3297	bacanje	throwing, casting	/bǎt͡saːɲe/
3298	petnaest	fifteen	/ˈpɛtnɐɛst/
3299	krugu	circle	/ˈkruɡʊ/
3300	momku	a young man, lad	/ˈmomkʊ/
3301	dogovoriti	to agree, come to an agreement	/doɡoʋǒriti/
3302	kuja	bitch	/kûja/
3303	noćni	nocturnal, nightly, night	/nǒt͡ɕniː/
3304	mračno	darkly, gloomily	/mrâːt͡ʃno/
3305	svetom	world	/ˈsvɛtom/
3306	dirati	to touch	/dǐːrati/
3307	stopalo	foot	/stǒpalo/
3308	duž	along, down	/dûʒ/
3309	običaj	habit, tendency	/ôbit͡ʃaːj/
3310	specijalno	specially	/spêt͡sijaːlno/
3311	srušiti	to demolish, raze	/srûʃiti/
3312	jok	no, nope	/jôk/
3313	praznik	national holiday	/prâːzniːk/
3314	ludnica	madhouse	/lǔːdnit͡sa/
3315	smeju	can, may, be allowed to	/ˈsmejʊ/
3316	pratila	to follow	/ˈpratɪlɐ/
3317	bježati	to flee, run away	/bjěʒati/
3318	utočište	shelter, refuge, asylum	/ǔtot͡ʃiːʃte/
3319	savez	alliance, union	/sǎːʋez/
3320	dvorište	courtyard, yard	/dʋǒriːʃte/
3321	bes	rage	/bêːs/
3322	čelu	forehead	/ˈtʃɛlʊ/
3323	krenulo	to move, set in motion	/ˈkrɛnʊlo/
3324	benzin	gasoline	/běnziːn/
3325	smijati	to laugh	/smǐjati/
3326	bioskop	cinema, movie theatre	/ˈbioskop/
3327	hodaš	to walk, pace	/ˈxodɐʃ/
3328	robot	robot	/rôbot/
3329	dno	bottom	/dnô/
3330	proda	to sell	/ˈprodɐ/
3331	plin	gas	/plîːn/
3332	oprati	to wash	/ǒprati/
3333	kombinacija	combination	/kombinǎːt͡sija/
3334	naokolo	all around	/nâokolo/
3335	pucam	to crack, break, burst, split	/ˈputsɐm/
3336	površinu	surface	/ˈpovrʃɪnʊ/
3337	uže	rope, cord	/ûʒe/
3338	tlu	ground	/ˈtlu/
3339	mjere	measure	/ˈmjerɛ/
3340	diler	dealer	/ˈdilɛr/
3341	sram	shame	/srâːm/
3342	polovina	half	/polǒʋina/
3343	svježe	freshly	/sʋjêʒe/
3344	nesporazum	misunderstanding	/nêsporazum/
3345	otoku	island	/ˈotokʊ/
3346	cijev	tube	/t͡sjêːʋ/
3347	okus	taste; flavor	/ǒkus/
3348	lažu	to lie	/ˈlaʒʊ/
3349	južno	south, southwards	/jûʒno/
3350	molila	to ask, request, beg	/ˈmolɪlɐ/
3351	odanost	devotion	/ôdaːnoːst/
3352	pušenje	verbal noun of pȕšiti	/ˈpuʃɛɲe/
3353	talenat	talent	/tǎlenat/
3354	izvanredno	extraordinarily	/izʋǎnredno/
3355	ocima	father	/ˈotsɪmɐ/
3356	nosimo	to carry, bring	/ˈnosɪmo/
3357	uticaj	influence	/ˈutɪtsɑj/
3358	voljan	willing	/ʋǒːʎan/
3359	poslušati	to listen to	/pǒsluʃati/
3360	ćale	father	/t͡ɕǎːle/
3361	značenje	meaning	/znǎːt͡ʃeːɲe/
3362	mislima	thought	/ˈmislɪmɐ/
3363	politički	politically	/polǐtit͡ʃkiː/
3364	viziju	vision	/ˈvizɪjʊ/
3365	klasa	class	/klǎsa/
3366	izlaziti	to go out, leave, come out, get out	/ǐzlaziti/
3367	asistent	assistant	/asǐstent/
3368	kino	cinema	/ˈkino/
3369	poker	poker	/pǒker/
3370	bradu	beard	/ˈbradʊ/
3371	davati	imperfective form of dȁti	/dǎːʋati/
3372	većinom	mostly, mainly	/ʋet͡ɕǐnoːm/
3373	guzica	ass, butt	/ɡǔzit͡sa/
3374	pozor	attention	/ˈpozor/
3375	eksploziv	explosive	/ˈɛksplozɪv/
3376	vida	eyesight	/ˈvidɐ/
3377	bliži	near, close to	/ˈbliʒɪ/
3378	opisati	to describe	/opǐːsati/
3379	prizor	scene, sight	/prǐːzor/
3380	šampion	champion	/ʃampǐoːn/
3381	konju	horse	/ˈkoɲʊ/
3382	obučen	trained	/ǒbut͡ʃen/
3383	britanski	British	/brǐtaːnskiː/
3384	raja	a band, group, notably of friends	/rǎːja/
3385	sukob	conflict	/sǔːkob/
3386	izazvati	to challenge, provoke	/izǎzʋati/
3387	ume	to know how	/ˈumɛ/
3388	istinski	authentically, genuinely, truly	/îstiːnskiː/
3389	staroj	old	/ˈstɑroj/
3390	tuš	India ink	/tûʃ/
3391	keš	cash, money	/kêʃ/
3392	luku	onion	/ˈlukʊ/
3393	trgovina	trade, commerce	/trɡǒʋina/
3394	kandidat	candidate; applicant	/kandǐdaːt/
3395	površini	surface	/ˈpovrʃɪnɪ/
3396	otvor	opening	/ǒtʋor/
3397	plemena	tribe	/ˈplɛmɛnɐ/
3398	dugu	long	/ˈduɡʊ/
3399	toranj	tower	/tǒːraɲ/
3400	prljav	dirty	/pr̂ʎaʋ/
3401	desne	right	/ˈdɛsnɛ/
3402	ponijeti	to take, bring along	/ˈponɪˌjetɪ/
3403	plači	to cry, weep	/ˈplatʃɪ/
3404	odvratan	disgusting	/ôdʋraːtan/
3405	serija	series	/sêːrija/
3406	boce	bottle	/ˈbotsɛ/
3407	unuka	granddaughter	/ǔnuka/
3408	ožiljak	scar	/ǒʒiʎak/
3409	napušta	third-person singular present of napuštati	/ˈnapʊʃtɐ/
3410	dokažem	first-person singular present of dokázati	/ˈdokɐʒɛm/
3411	siđi	to descend, get down, come down	/ˈsidʑɪ/
3412	le	only	/ˈlɛ/
3413	trčati	to run	/tř̩t͡ʃati/
3414	ispala	to fall out, drop	/ˈispɐlɐ/
3415	ljubavnik	lover	/ʎǔːbaːʋniːk/
3416	bele	white	/ˈbɛlɛ/
3417	kauč	couch	/kâuːt͡ʃ/
3418	besmisleno	senselessly, absurdly	/běsmisleno/
3419	marka	stamp, label	/mǎrka/
3420	današnji	present-day; today's	/dǎnaʃɲiː/
3421	kredit	credit, loan	/krědiːt/
3422	termin	term	/těrmiːn/
3423	umem	to know how	/ˈumɛm/
3424	cesti	road	/ˈtsɛstɪ/
3425	džep	pocket	/d͡ʒêp/
3426	pandur	policeman	/pǎnduːr/
3427	smanjiti	to reduce, lessen, make smaller	/smǎːɲiti/
3428	tvrtka	firm, company	/tʋr̩̂tka/
3429	zime	winter	/ˈzimɛ/
3430	instinkt	instinct	/ǐnstinkt/
3431	kavez	cage; birdcage	/kǎʋez/
3432	knjigama	book	/ˈkɲiɡɐmɐ/
3433	tepih	carpet	/těpix/
3434	bitan	essential, inherent, vital	/bîtan/
3435	hrpa	heap, pile	/xřpa/
3436	krajeva	end, ending	/ˈkrɑjevɐ/
3437	ukupno	totally, wholly, entirely	/ǔkupno/
3438	donji	lower	/dôːɲiː/
3439	ružan	ugly, unattractive	/rǔːʒan/
3440	okean	ocean	/okěaːn/
3441	roditelj	parent	/rǒditeʎ/
3442	povreda	injury	/pôʋreda/
3443	norman	Norman	/nǒrmaːn/
3444	poslužiti	to serve, be of use	/poslǔːʒiti/
3445	zoru	dawn	/ˈzorʊ/
3446	armija	army, military	/ǎrmija/
3447	veka	century	/ˈvɛkɐ/
3448	desetak	around ten	/desěːtak/
3449	nacija	nation	/nâːt͡sija/
3450	prodam	to sell	/ˈprodɐm/
3451	eve	alternative form of evo	/eˈʋe/
3452	ljutiti	to be mad at, become angry	/ʎǔːtiti/
3453	rod	gender	/rôːd/
3454	nauka	science	/nǎuka/
3455	heroin	heroin	/xerǒiːn/
3456	glupu	stupid, foolish	/ˈɡlupʊ/
3457	zamjenik	substitute, replacement	/zâːmjeniːk/
3458	subota	Saturday	/sǔbota/
3459	milje	milieu	/ˈmǐʎeː/
3460	davao	active past participle of davati	/ˈdavɐo/
3461	grubo	roughly	/ɡrûːbo/
3462	jača	to become stronger	/ˈjatʃɐ/
3463	nestanak	disappearance	/něstanak/
3464	družiti	to associate, socialize with	/drǔːʒiti/
3465	koktel	cocktail	/ˈkoktɛl/
3466	nadi	hope	/ˈnadɪ/
3467	pobeći	to flee, run away	/pǒbet͡ɕi/
3468	povucite	second-person plural imperative of pòvūći	/ˈpovʊtˌsɪtɛ/
3469	savjetnik	counselor	/sǎːʋjetniːk/
3470	sigurnosni	safety; security	/siɡǔːrnosniː/
3471	naporan	strenuous, tiring, hard	/nǎːpoːran/
3472	parče	piece, shred, chip, morsel, fragment	/pǎːrt͡ʃe/
3473	viđati	to keep seeing somebody or something	/ʋǐːd͡ʑati/
3474	jime	name	/ˈjimɛ/
3475	jastuk	pillow	/ˈjastʊk/
3476	redom	one after the other	/rêːdom/
3477	putovati	to travel	/putǒʋati/
3478	čuvaš	to guard, protect	/ˈtʃuvɐʃ/
3479	haljini	dress	/ˈxaʎɪnɪ/
3480	ugled	reputation	/ûɡleːd/
3481	profesionalni	professional	/ˈprofɛˌsɪoˌnɐlnɪ/
3482	fuj	ew, yuck, phew	/fuj/
3483	šalio	to joke; to joke around	/ˈʃalɪo/
3484	ulazak	entering	/ǔlazak/
3485	pat	stalemate	/ˈpat/
3486	plavu	blue	/ˈplavʊ/
3487	šuma	forest, woods	/ʃûma/
3488	stajala	to stop	/ˈstɑjɐlɐ/
3489	voće	fruit	/ʋǒt͡ɕe/
3490	razvoj	development	/rǎːzʋoj/
3491	svestan	conscious, aware	/sʋêstan/
3492	započeti	to start, begin, commence	/zapǒt͡ʃeːti/
3493	češće	oftener, more frequently	/t͡ʃêʃt͡ɕe/
3494	prepusti	to leave, surrender, cede	/ˈprɛpʊstɪ/
3495	pruža	to stretch out, extend	/ˈpruʒɐ/
3496	zajednički	together	/zâjednit͡ʃkiː/
3497	prisutan	present	/prîsutan/
3498	jen	one	/ˈjen/
3499	očajan	desperate	/ôt͡ʃaːjan/
3500	zajednica	community	/zâjednit͡sa/
3501	muke	pain	/ˈmukɛ/
3502	upoznajte	to familiarize, get to know, get acquainted with	/ˈupozˌnɑjtɛ/
3503	odbrana	defense	/ôdbrana/
3504	raketa	rocket	/rakěta/
3505	itekako	definitely	/ˈitɛˌkɐko/
3506	generacija	generation	/ɡenerǎːt͡sija/
3507	održavanje	upkeep, maintenance	/ˈodrʒɐˌvɐɲe/
3508	jakna	jacket	/jǎkna/
3509	olakšanje	relief	/olakʃǎːɲe/
3510	uđu	to enter, go into, come in	/ˈudʑʊ/
3511	but	thigh	/bût/
3512	zec	hare	/zêːt͡s/
3513	plašio	to frighten, scare	/ˈplaʃɪo/
3514	službenik	employee	/slûʒbeniːk/
3515	napala	to attack, assault	/ˈnapɐlɐ/
3516	teče	to flow, stream, pass, course, flux	/ˈtɛtʃɛ/
3517	pili	to saw	/ˈpilɪ/
3518	svemirski	cosmic, universe	/sʋêmiːrskiː/
3519	rečima	word	/ˈrɛtʃɪmɐ/
3520	stupnjeva	degree	/ˈstupɲevɐ/
3521	kontaktirati	to contact	/kontaktǐːrati/
3522	suza	tear	/sûza/
3523	snažno	strongly, powerfully	/snâːʒno/
3524	zmaj	dragon	/zmâj/
3525	okruga	district	/ˈokrʊɡɐ/
3526	propao	to fall through, fall into, sink	/ˈpropɐo/
3527	karton	cardboard, paperboard	/kǎrtoːn/
3528	kruh	bread	/krûx/
3529	rukopis	handwriting	/ˈrukopɪs/
3530	javni	public	/jâːʋniː/
3531	salu	fat	/ˈsalʊ/
3532	raspolaganju	dative/locative singular of raspolaganje	/ˈraspoˌlɐɡɐɲʊ/
3533	blagi	mild, gentle, soft, slight	/ˈblaɡɪ/
3534	učitelja	teacher	/ˈutʃɪˌtɛʎɐ/
3535	pobeda	victory	/pôbeda/
3536	osigurati	to secure, to make sure, to ensure, to verify	/osiɡǔrati/
3537	bole	to stab	/ˈbolɛ/
3538	pošla	to go, go away, leave, depart	/ˈpoʃlɐ/
3539	frajer	guy	/frâjer/
3540	žestoko	severely, fiercely, strongly, violently	/ʒestǒko/
3541	zaklon	shelter, covert	/ˈzaklon/
3542	tiha	feminine nominative/vocative singular	/ˈtihɐ/
3543	plivati	to swim	/plîʋati/
3544	kriza	crisis	/krǐːza/
3545	propasti	to fall through, fall into, sink	/prǒpasti/
3546	reklama	advertisement, commercial	/ˈrɛklɐmɐ/
3547	zidovi	wall	/ˈzidovɪ/
3548	prodala	to sell	/ˈprodɐlɐ/
3549	ispasti	to fall out, drop	/ǐspasti/
3550	ploče	tablet	/ˈplotʃɛ/
3551	zelene	green	/ˈzɛlɛnɛ/
3552	kud	which way, in what direction	/ˈkud/
3553	služiti	to serve	/slǔːʒiti/
3554	ispraviti	to correct, rectify	/ǐspraʋiti/
3555	sekretarica	secretary	/sekretǎrit͡sa/
3556	učenik	pupil	/ût͡ʃeniːk/
3557	med	between	/mêːd/
3558	ćelija	cell	/t͡ɕělija/
3559	operi	to wash	/ˈopɛrɪ/
3560	spremiti	to prepare	/sprěːmiti/
3561	cirkus	circus	/t͡sǐrkus/
3562	naslov	title, heading	/nǎːsloʋ/
3563	spasite	to save, salvage	/ˈspasɪtɛ/
3564	rodi	stork	/ˈrodɪ/
3565	naprotiv	on the contrary	/nâprotiːʋ/
3566	računati	to calculate, count, figure, compute	/rat͡ʃǔnati/
3567	lopovi	thief, crook	/ˈlopovɪ/
3568	guzu	ass; asscheek	/ˈɡuzʊ/
3569	izazvao	to challenge, provoke	/ˈizɐzˌvɐo/
3570	lekar	physician, doctor	/ˈlɛkɑr/
3571	tara	tare	/ˈtɑrɐ/
3572	ispitati	to interrogate, question	/ispǐːtati/
3573	zapalio	to set fire to, to set on fire, to burn	/ˈzapɐˌlɪo/
3574	ivici	border, edge	/ˈivɪtsɪ/
3575	divlja	wild, savage	/ˈdivljɐ/
3576	izgraditi	to build, erect, construct	/izɡrǎːditi/
3577	krajem	at the end of	/krâjem/
3578	prebaciti	to transport, transfer, give a lift	/prebǎːt͡siti/
3579	trud	effort, work, toil	/ˈtrud/
3580	muza	muse	/mǔːza/
3581	majica	T-shirt	/mâjit͡sa/
3582	debeo	fat	/děbeo/
3583	odred	detachment, unit	/ôdreːd/
3584	studenti	student	/ˈstudɛntɪ/
3585	traka	strip, ribbon	/trâka/
3586	pale	to kindle, light, set fire to	/ˈpalɛ/
3587	fond	fund	/ˈfond/
3588	izdati	to betray	/ǐzdati/
3589	kum	One's own godfather or one's child's godfather	/kûːm/
3590	emisija	a radio or a television program	/ˈɛmɪˌsɪjɐ/
3591	grof	count	/ˈɡrof/
3592	mit	myth	/ˈmit/
3593	tukao	to beat, thrash	/ˈtukɐo/
3594	izabran	chosen, selected	/îzabraːn/
3595	osmijeh	smile	/ˈosmɪjeh/
3596	mek	soft	/mêk/
3597	soli	to salt	/ˈsolɪ/
3598	ploča	tablet	/plôt͡ʃa/
3599	vili	to twist	/ˈvilɪ/
3600	potraga	search	/pôtraɡa/
3601	zidove	wall	/ˈzidovɛ/
3602	pucnjava	firing, shooting	/pǔt͡sɲaʋa/
3603	njemački	in a German manner, as a German	/ɲěmat͡ʃkiː/
3604	lana	flax	/ˈlanɐ/
3605	zapaliti	to set fire to, to set on fire, to burn	/zapǎːliti/
3606	pogreška	fault	/pǒɡreʃka/
3607	dodatak	addition, a thing being added	/dodǎːtak/
3608	plavuša	blonde woman	/plǎʋuʃa/
3609	ostvariti	to realize, implement, carry out	/ostʋǎːriti/
3610	odsutan	absent	/ôdsuːtan/
3611	odrasti	to grow up	/odrǎːsti/
3612	tužiti	to sue	/tǔːʒiti/
3613	luci	harbor; harbour	/ˈlutsɪ/
3614	izbjeći	to avoid	/ǐzbjet͡ɕi/
3615	ponio	to take, bring along	/ˈponɪo/
3616	radnja	act, action	/rǎːdɲa/
3617	retko	rarely, seldom	/rêːtko/
3618	okrugu	district	/ˈokrʊɡʊ/
3619	ilegalno	illegally	/îleɡaːlno/
3620	pokvaren	broken, malfunctioning	/pǒkʋaːren/
3621	obećati	to promise	/obět͡ɕati/
3622	zaspala	to fall asleep	/ˈzaspɐlɐ/
3623	bezbednost	security	/bězbednoːst/
3624	prodaja	sale	/prôdaja/
3625	pticu	bird	/ˈptitsʊ/
3626	sudski	judicial	/sǔdskiː/
3627	krilu	wing	/ˈkrilʊ/
3628	prekrasan	very beautiful	/ˈprɛkrɐsɐn/
3629	rosa	dew	/rǒsa/
3630	rudnik	mine	/rûːdniːk/
3631	košulja	shirt with long sleeves and a collar	/kǒʃuʎa/
3632	plačem	cry	/ˈplatʃɛm/
3633	losa	genitive/accusative singular of lȍs	/ˈlosɐ/
3634	eksplodirati	to explode	/eksplodǐːrati/
3635	čaša	a glass	/t͡ʃâʃa/
3636	kapi	cap	/ˈkapɪ/
3637	ubijati	to kill, murder	/ubǐːjati/
3638	aplauz	applause	/ǎplauz/
3639	živu	live, alive	/ˈʒivʊ/
3640	ploču	tablet	/ˈplotʃʊ/
3641	presudu	verdict	/ˈprɛsʊdʊ/
3642	blizak	near, close to	/blîzak/
3643	festival	festival	/ˈfɛstɪvɐl/
3644	komu	to whom	/kǒmu/
3645	pucaš	to crack, break, burst, split	/ˈputsɐʃ/
3646	tulum	party	/tǔlum/
3647	grijeh	sin	/ɡrjêːx/
3648	terapija	therapy	/terǎpija/
3649	trudio	to try, make an effort	/ˈtrudɪo/
3650	izlet	picnic, outing, excursion	/ǐzlet/
3651	kadi	when	/ˈkadɪ/
3652	faza	phase, stage	/fâza/
3653	brus	whetstone, grindstone	/brûːs/
3654	varao	to cheat, deceive, trick, swindle	/ˈvɑrɐo/
3655	maloprije	just a while ago	/mâloprije/
3656	sediš	to sit	/ˈsɛdɪʃ/
3657	fil	elephant	/fîl/
3658	torta	cake	/tôːrta/
3659	uništenje	destruction	/ˈunɪʃˌtɛɲe/
3660	rešiti	to solve	/rěːʃiti/
3661	oženi	to marry	/ˈoʒɛnɪ/
3662	pruži	to stretch out, extend	/ˈpruʒɪ/
3663	paziš	to beware, watch out, be careful	/ˈpazɪʃ/
3664	građani	citizen	/ˈɡradʑɐnɪ/
3665	pretnja	threat	/ˈprɛtɲɐ/
3666	okidač	trigger	/ˈokɪdɐtʃ/
3667	studija	study, paper	/stûːdija/
3668	meč	sword	/ˈmɛtʃ/
3669	trgovac	shopkeeper, dealer	/tř̩ɡoʋat͡s/
3670	delta	delta, the Greek letter Δ, δ	/dêlta/
3671	učiš	to learn, study	/ˈutʃɪʃ/
3672	studiju	study, paper	/ˈstudɪjʊ/
3673	zamak	fortress, castle	/zǎːmak/
3674	ličnost	personality	/lît͡ʃnoːst/
3675	plijen	booty, plunder	/pljêːn/
3676	konobarica	waitress	/konobǎrit͡sa/
3677	mržnje	hatred	/ˈmrʒɲe/
3678	celoj	whole	/ˈtsɛloj/
3679	premijer	prime minister	/premǐjeːr/
3680	učiteljica	teacher	/ut͡ʃitěʎit͡sa/
3681	šali	joke	/ˈʃalɪ/
3682	umeš	to know how	/ˈumɛʃ/
3683	slijediti	to follow	/sljěːditi/
3684	moćan	powerful, mighty, strong	/môt͡ɕan/
3685	letu	summer, summertime	/ˈlɛtʊ/
3686	mapa	map	/mâpa/
3687	čvrst	fixed, stable, immovable	/t͡ʃʋr̩̂ːst/
3688	boba	broad bean	/ˈbobɐ/
3689	strpljenje	patience	/strpʎěːɲe/
3690	postojanje	existence	/pǒːstojaːɲe/
3691	tera	to force, make	/ˈtɛrɐ/
3692	ulog	investment	/ǔːloɡ/
3693	tame	darkness	/ˈtamɛ/
3694	ukloniti	to remove, eliminate	/uklǒniti/
3695	impresioniran	impressed	/impresiǒniran/
3696	činio	to make, do	/ˈtʃinɪo/
3697	slabi	weak	/ˈslabɪ/
3698	isključiti	to turn off, disconnect	/iskʎǔːt͡ʃiti/
3699	nozi	leg	/ˈnozɪ/
3700	točka	dot, period	/tôt͡ʃka/
3701	oproštaj	forgiveness	/ˈoproʃtɑj/
3702	interes	interest	/întereːs/
3703	leva	left	/ˈlɛvɐ/
3704	cigareta	cigarette	/t͡siɡarěta/
3705	interesa	interest	/ˈintɛˌrɛsɐ/
3706	lola	boyfriend, darling	/lǒːla/
3707	tuče	fight, melee	/ˈtutʃɛ/
3708	svideti	to please, like	/sʋîdeti/
3709	puška	rifle	/pûʃka/
3710	slavimo	to celebrate, glorify	/ˈslavɪmo/
3711	bubreg	kidney	/bǔbreɡ/
3712	jedete	to eat, consume	/ˈjedɛtɛ/
3713	federalni	federal	/fêderaːlan/
3714	učenje	studying, learning	/ǔt͡ʃeːɲe/
3715	faks	fax	/fâks/
3716	prijeći	alternative form of preći	/prijêːt͡ɕi/
3717	maska	mask	/mǎska/
3718	dužan	owing, in debt	/dǔːʒan/
3719	prostitutka	whore, prostitute	/prǒstituːtka/
3720	kip	statue	/kîːp/
3721	školski	in the manner characteristic of a school, as if in a school	/ʃkǒlskiː/
3722	revolucija	revolution	/reʋolǔːt͡sija/
3723	čarobnjak	wizard	/t͡ʃarǒbɲaːk/
3724	opstanak	survival, existence	/ǒpstanak/
3725	zahvalnost	gratitude, thankfulness	/zaxʋǎːlnoːst/
3726	probiti	to break through, breach, penetrate	/prǒbiti/
3727	glumiti	to act	/ɡlǔːmiti/
3728	štit	shield	/ʃtîːt/
3729	birati	to pick, choose, select	/bǐːrati/
3730	težinu	weight	/ˈtɛʒɪnʊ/
3731	pođem	to go, go away, leave, depart	/ˈpodʑɛm/
3732	buke	cascade, rapids, cataract	/ˈbukɛ/
3733	poginuti	to die	/pǒɡinuti/
3734	sići	to descend, get down, come down	/sǐːt͡ɕi/
3735	naziv	title, name, appellation	/nǎːziʋ/
3736	dijeliti	to divide, separate	/djěːliti/
3737	nezgodno	inconveniently	/nězɡodno/
3738	lake	easy	/ˈlakɛ/
3739	dopasti	to get into, receive, be hit by something malicious	/dǒpasti/
3740	teški	heavy, weighty	/ˈtɛʃkɪ/
3741	jebati	to fuck	/jěbati/
3742	zapamtiti	to remember, memorize	/zǎpaːmtiti/
3743	godišnjica	anniversary	/ɡǒdiʃɲit͡sa/
3744	stres	stress	/strês/
3745	pokriti	to cover	/pǒkriti/
3746	pomagati	to help, aid, assist	/pomǎːɡati/
3747	smešan	funny	/směːʃan/
3748	baterija	battery	/bǎteːrija/
3749	mesecima	for months and months	/mesěːt͡sima/
3750	sol	salt	/sôːl/
3751	zore	dawn	/ˈzorɛ/
3752	vježba	exercise, practice, drill	/ʋjêʒba/
3753	tigar	tiger	/ˈtiɡɑr/
3754	skupi	expensive, costly, pricey	/ˈskupɪ/
3755	iznenaditi	to surprise, astound	/iznenǎːditi/
3756	kućama	house	/ˈkutɕɐmɐ/
3757	odeća	clothing	/ôdet͡ɕa/
3758	dupli	double	/dûpliː/
3759	sneg	snow	/snêːɡ/
3760	razumno	sensibly, reasonably, rationally	/râzuːmno/
3761	oblak	cloud	/ôblaːk/
3762	ve	now	/ˈvɛ/
3763	komentar	comment	/ˈkomɛntɑr/
3764	šire	masculine accusative plural	/ˈʃirɛ/
3765	kongres	congress	/kǒnɡres/
3766	čitanje	reading	/t͡ʃǐtaːɲe/
3767	sjeverno	north, northwards	/sjêʋeːrno/
3768	veličina	size	/ʋelit͡ʃǐna/
3769	jure	alternative form of jȗr	/jûre/
3770	maca	cat, kitty	/mǎːt͡sa/
3771	njome	her	/ɲǒːme/
3772	čudesno	wondrously, marvelously	/t͡ʃûdesno/
3773	kupanje	bath	/ˈkupɐɲe/
3774	mijenjati	to change	/mijěːɲati/
3775	današnje	present-day; today's	/ˈdanɐʃɲe/
3776	glad	hunger	/ɡlâːd/
3777	miš	mouse	/mîʃ/
3778	prazne	empty, vacant	/ˈpraznɛ/
3779	umjetnik	artist	/ǔmjetniːk/
3780	kratki	short	/ˈkratkɪ/
3781	obrazac	pattern, model	/ǒbrazat͡s/
3782	mikrofon	microphone	/mîkrofoːn/
3783	plamen	flame, blaze, fire	/plâmeːn/
3784	hobi	hobby	/xôbi/
3785	mini	to pass, pass by	/ˈminɪ/
3786	igranje	verbal noun of ȉgrati	/ˈiɡrɐɲe/
3787	nakratko	briefly, in brief	/nâkratko/
3788	roštilj	barbecue, grill	/rǒʃtiːʎ/
3789	oteti	to kidnap	/ǒteːti/
3790	povratiti	to regurgitate, vomit, throw up	/poʋrǎːtiti/
3791	gora	mountain	/ɡǒra/
3792	pozvani	to call	/ˈpozvɐnɪ/
3793	cene	price	/ˈtsɛnɛ/
3794	šalu	joke	/ˈʃalʊ/
3795	upotrijebiti	to use, utilize	/upotrijěːbiti/
3796	reka	river	/rěːka/
3797	predstavljaju	to represent, pose	/ˈprɛtstɐvlˌjɑjʊ/
3798	kosi	slant, inclined, skew	/ˈkosɪ/
3799	prah	to wash	/prâːx/
3800	poštuje	to respect, esteem	/ˈpoʃtʊje/
3801	komšija	neighbour	/kǒmʃija/
3802	osobito	especially, particularly	/ǒsobito/
3803	diže	to lift, raise, elevate	/ˈdiʒɛ/
3804	uzimati	to take	/ǔzimati/
3805	karakter	character	/karǎkter/
3806	suzi	tear	/ˈsuzɪ/
3807	vjenčati	to marry	/ʋjěnt͡ʃati/
3808	tami	darkness	/ˈtamɪ/
3809	poduzeti	to undertake, take upon oneself, tackle, take action, do…	/podǔzeːti/
3810	snimka	footage, recording	/snîːmka/
3811	motel	motel	/mǒteːl/
3812	rijeka	river	/rjěːka/
3813	ala	expression of awe, surprise, dismay, etc	/ǎla/
3814	japanski	Japanese	/jǎpaːnskiː/
3815	stene	rock	/ˈstɛnɛ/
3816	planini	mountain	/ˈplanɪnɪ/
3817	unaokolo	all over the place	/ˈunɐˌokolo/
3818	upropastiti	to ruin, wreck	/upropǎːstiti/
3819	radni	working, work	/râːdniː/
3820	glupan	idiot, fool, dumbass	/ɡlǔpan/
3821	smeh	laugh, laughter	/ˈsmɛh/
3822	vremenski	as pertains to time; timewise	/ʋrêmenskiː/
3823	jebemti	fuck!	/ˈjebɛmtɪ/
3824	primam	first-person singular present of primati	/ˈprimɐm/
3825	sjećanje	memory, reminiscence	/ˈsjetɕɐɲe/
3826	uvo	ear	/ûʋo/
3827	kriminal	crime	/krimǐnaːl/
3828	dišem	to breathe, take breath	/ˈdiʃɛm/
3829	sekunda	second	/sekǔnda/
3830	nizak	low	/nîzak/
3831	viđen	to see	/ˈvidʑɛn/
3832	mana	flaw, fault, shortcoming	/mǎːna/
3833	svetski	globally	/sʋětskiː/
3834	sopstveni	own	/ˈsopstvɛnɪ/
3835	žali	to mourn, grieve	/ˈʒalɪ/
3836	pretpostaviti	to assume, suppose	/pretpǒstaʋiti/
3837	spojiti	to connect, join	/spǒjiti/
3838	silom	by force, forcibly	/sîloːm/
3839	krađe	theft	/ˈkradʑɛ/
3840	dijamant	diamond	/dijǎmant/
3841	popeti	to climb, rise, ascend	/pǒpeːti/
3842	kita	bunch, bouquet	/kîta/
3843	ajme	alas, woe, ouch, oh	/ǎjme/
3844	vuče	wolf	/ˈvutʃɛ/
3845	kikiriki	peanut, groundnut, monkey nut	/kikirǐki/
3846	aktivnost	activity	/aktǐːʋnoːst/
3847	debelo	outrageously, excessively	/debělo/
3848	zapadno	west, westwards	/zâːpadno/
3849	potreba	need	/pôtreba/
3850	poštovati	to respect, esteem	/poʃtǒʋati/
3851	prekid	termination, stopping, interruption	/prěːkid/
3852	ego	ego	/êːɡo/
3853	frižider	refrigerator	/friʒǐdeːr/
3854	kriju	to hide, conceal	/ˈkrijʊ/
3855	slavi	to celebrate, glorify	/ˈslavɪ/
3856	vikao	to shout, yell	/ˈvikɐo/
3857	djelovati	to work, function, operate	/djêloʋati/
3858	vis	height	/ʋîːs/
3859	sjaj	glow, radiance, shine, luster	/sjâːj/
3860	medu	honey	/ˈmɛdʊ/
3861	poseti	visit	/ˈposɛtɪ/
3862	parfem	perfume	/pǎrfeːm/
3863	terena	terrain	/ˈtɛrɛnɐ/
3864	lena	alternative form of lijen	/ˈlɛnɐ/
3865	poraz	defeat	/pôraːz/
3866	novinara	journalist	/ˈnovɪˌnɑrɐ/
3867	snimiti	to photograph	/snǐːmiti/
3868	nakaza	freak, monster	/nǎːkaza/
3869	prodavati	to sell	/prodǎːʋati/
3870	obratiti	to convert somebody	/obrǎːtiti/
3871	nepristojno	impolitely, uncivilly, rudely	/neprǐːstoːjno/
3872	polu	pole	/ˈpolʊ/
3873	obrane	defense	/ˈobrɐnɛ/
3874	odabrati	to choose, select	/odǎbrati/
3875	celi	whole	/ˈtsɛlɪ/
3876	dopalo	to get into, receive, be hit by something malicious	/ˈdopɐlo/
3877	curom	girl	/ˈtsurom/
3878	božji	God, godly, divine	/bôʒjiː/
3879	pristati	to agree to, accept, consent	/prǐstati/
3880	metal	metal	/mětaːl/
3881	pokazi	pass	/ˈpokɐzɪ/
3882	odati	to reveal, disclose, give away	/ǒdati/
3883	žaliti	to mourn, grieve	/ʒâliti/
3884	ponude	offer	/ˈponʊdɛ/
3885	požuriti	to accelerate	/poʒǔːriti/
3886	laboratorij	laboratory	/laboraˈtoːrij/
3887	zapada	west	/ˈzapɐdɐ/
3888	pušten	released	/ˈpuʃtɛn/
3889	vojnu	armed forces; military	/ˈvojnʊ/
3890	obranu	defense	/ˈobrɐnʊ/
3891	bira	beer	/bîra/
3892	iznos	amount	/ǐznos/
3893	norma	rule	/nôːrma/
3894	prodavnica	store, shop	/prǒdaːʋnit͡sa/
3895	dijelom	partly, partially	/djěːlom/
3896	uče	to learn, study	/ˈutʃɛ/
3897	mediji	medium	/ˈmɛdɪjɪ/
3898	reši	to solve	/ˈrɛʃɪ/
3899	raspoloženje	mood, disposition	/raspoloʒěːɲe/
3900	tlak	pressure	/tlâːk/
3901	ekipi	team, crew	/ˈɛkɪpɪ/
3902	vitez	knight	/ˈvitɛz/
3903	dupeta	ass	/ˈdupɛtɐ/
3904	kratka	short	/ˈkratkɐ/
3905	utakmici	sports game	/ˈutɐkˌmɪtsɪ/
3906	kuhati	to cook	/kûxati/
3907	šah	shah	/ʃâx/
3908	šator	tent	/ʃâtor/
3909	čuvao	to guard, protect	/ˈtʃuvɐo/
3910	procedura	procedure	/prot͡sedǔːra/
3911	zapali	to set	/ˈzapɐlɪ/
3912	konopac	rope, cord	/kǒnopat͡s/
3913	izvana	from outside	/izʋǎna/
3914	moral	moral	/mǒraːl/
3915	vredan	precious, valuable	/ʋrěːdan/
3916	grub	rough, coarse	/ɡrûːb/
3917	udaljen	far, distant, remote	/ǔdaːʎen/
3918	reku	river	/ˈrɛkʊ/
3919	gasi	third-person singular present	/ˈɡasɪ/
3920	platite	to pay	/ˈplatɪtɛ/
3921	groblje	cemetery, graveyard	/ɡrôːbʎe/
3922	objavio	to proclaim, declare, announce	/ˈobjɐˌvɪo/
3923	kazniti	to punish	/kâzniti/
3924	besan	furious	/běːsan/
3925	otkriće	discovery, revelation	/otkrǐːt͡ɕe/
3926	medvjed	bear	/mědʋjed/
3927	vodič	conductor	/ʋǒdiːt͡ʃ/
3928	smete	can, may, be allowed to	/ˈsmɛtɛ/
3929	skloniti	to put away, hide	/sklǒniti/
3930	malopre	just a while ago	/mâlopre/
3931	četvoro	four	/ˈtʃɛtvoro/
3932	rasti	to grow	/rǎːsti/
3933	dokaže	to prove	/ˈdokɐʒɛ/
3934	svađa	quarrel	/sʋâd͡ʑa/
3935	krijem	to hide, conceal	/ˈkrijem/
3936	pleše	bald spot	/ˈplɛʃɛ/
3937	pak	however, on the other hand	/pâk/
3938	nebesima	sky	/ˈnɛbɛˌsɪmɐ/
3939	časna	honorable	/ˈtʃasnɐ/
3940	pošta	mail, post	/pôʃta/
3941	susjedi	neighbor	/ˈsusjedɪ/
3942	prija	to taste, suit, please	/prǐja/
3943	prikladno	appropriately, suitably, fittingly	/prǐkladno/
3944	zaspati	to fall asleep	/ˈzaspɐtɪ/
3945	zver	beast, wild animal	/zʋêːr/
3946	pribor	equipment, kit, supplies, gear, set	/prǐːbor/
3947	oteta	to kidnap	/ˈotɛtɐ/
3948	lopte	ball	/ˈloptɛ/
3949	kućni	relational adjective of kȕća; domiciliary, home	/kût͡ɕniː/
3950	cestu	road	/ˈtsɛstʊ/
3951	uza	alternative form of uz	/ˈuzɐ/
3952	svakodnevno	daily, everyday	/ˈsvakodˌnɛvno/
3953	gradski	city, town; municipal	/ɡrǎdskiː/
3954	sanduk	box, coffin, chest	/sǎnduk/
3955	ugasiti	to turn off	/uɡǎːsiti/
3956	krst	cross, crucifix	/kr̩̂st/
3957	kovčeg	case	/kǒʋt͡ʃeɡ/
3958	detalj	detail	/ˈdɛtɐʎ/
3959	staza	path, way	/stǎza/
3960	izdajnik	traitor, betrayer	/ǐzdaːjniːk/
3961	ozlijediti	to hurt, injure, wound	/ozljěːditi/
3962	boravak	sojourn, stay	/bǒraʋak/
3963	salon	living room	/sǎloːn/
3964	dolini	valley, especially one in limestone	/ˈdolɪnɪ/
3965	tjedno	weekly	/tjêdno/
3966	plaćaš	to pay	/ˈplatɕɐʃ/
3967	varaš	to cheat, deceive, trick, swindle	/ˈvɑrɐʃ/
3968	prići	to approach	/prîːt͡ɕi/
3969	otkazati	to cancel, call off	/otkǎːzati/
3970	danju	during the day	/dǎːɲu/
3971	spalio	to burn down	/ˈspalɪo/
3972	lava	lava	/ˈlavɐ/
3973	tehnika	technique	/těxnika/
3974	flota	fleet	/flôta/
3975	kraljevski	royal	/krǎːʎeʋskiː/
3976	nogomet	football, soccer	/nôɡomeːt/
3977	nadali	to hope	/ˈnadɐlɪ/
3978	pušiti	to smoke	/pûʃiti/
3979	čudi	to surprise, to amaze, astonish	/ˈtʃudɪ/
3980	otmica	kidnap	/ˈotmɪtsɐ/
3981	tugu	sorrow, grief	/ˈtuɡʊ/
3982	satelit	satellite	/satěliːt/
3983	kandidata	candidate; applicant	/ˈkandɪˌdɐtɐ/
3984	dočekati	to welcome, receive, greet	/dǒt͡ʃekati/
3985	putujem	to travel	/ˈputʊjem/
3986	nadati	to hope	/nǎːdati/
3987	čudak	eccentric, crank, weirdo	/t͡ʃǔdaːk/
3988	sluge	servant	/ˈsluɡɛ/
3989	pogodili	to hit	/ˈpoɡoˌdɪlɪ/
3990	vječno	eternally, for ever	/ʋjêt͡ʃno/
3991	polazak	departure	/pǒlazak/
3992	njezinu	her, hers	/ˈɲezɪnʊ/
3993	uhititi	to arrest	/ǔxititi/
3994	rodni	birth	/rôdniː/
3995	kradu	to steal	/ˈkradʊ/
3996	plašiti	to frighten, scare	/plâʃiti/
3997	frizura	haircut, hairstyle, hairdo	/ˈfrizʊrɐ/
3998	iduće	next, following	/ˈidʊtɕɛ/
3999	ručno	manually	/rût͡ʃno/
4000	obrnuto	inversely, oppositely	/ǒbrːnuːto/
4001	napitak	drink	/nǎːpitak/
4002	ulazu	entrance	/ˈulɐzʊ/
4003	stvaranje	creation	/ˈstvɑrɐɲe/
4004	strategija	strategy	/strǎteːɡija/
4005	pozitivno	positively	/pôzitiːʋno/
4006	ajkula	shark	/âjkula/
4007	tuda	in that direction, that way, there, thither	/tǔdaː/
4008	automatski	automatically	/autǒmatskiː/
4009	bogate	rich, wealthy	/ˈboɡɐtɛ/
4010	gadan	ugly, disgusting, repulsive	/ɡǎdan/
4011	milo	dearly, kindly, cordially	/mîlo/
4012	poklopac	lid	/ˈpoklopɐts/
4013	navika	habit, practice	/nâːʋika/
4014	psima	dog	/ˈpsimɐ/
4015	čitavo	whole, entire, all	/ˈtʃitɐvo/
4016	piletina	chicken	/pǐletina/
4017	doušnik	informer	/dǒuʃniːk/
4018	bal	ball	/ˈbal/
4019	natjecanje	competition	/nǎtjet͡saːɲe/
4020	skočiti	to jump, leap	/skǒt͡ʃiti/
4021	roditi	to bear	/rǒditi/
4022	sjebano	fucked up, broken, shitty	/ˈsjebɐno/
4023	sačuvati	to save, preserve, conserve	/sat͡ʃǔːʋati/
4024	nastavnik	a teacher	/ˈnastɐvnɪk/
4025	profesionalno	professionally	/prôfesionaːlno/
4026	pobednik	winner	/pǒbedniːk/
4027	baciš	to throw, cast	/ˈbatsɪʃ/
4028	upravljati	to direct, point, aim	/ǔpraʋʎati/
4029	bijesan	furious	/bjěːsan/
4030	pravili	to make, create	/ˈpravɪlɪ/
4031	krompir	potato	/krǒmpiːr/
4032	robovi	slave	/ˈrobovɪ/
4033	kol	abbreviation of kolovoz or kolovoza	/ˈkol/
4034	naučnik	scientist	/nǎut͡ʃniːk/
4035	uđete	to enter, go into, come in	/ˈudʑɛtɛ/
4036	okrug	district	/ôkruːɡ/
4037	vrhunski	in the best possible way	/ʋř̩xuːnskiː/
4038	naručiti	to order	/narǔːt͡ʃiti/
4039	smjer	direction, course	/ˈsmjer/
4040	varalica	impostor, swindler	/ʋâralit͡sa/
4041	koza	goat	/kǒza/
4042	rani	early	/râni/
4043	obraz	cheek	/ǒbraz/
4044	baviti	to do, attend, engage in, go in for, occupy oneself with	/bâʋiti/
4045	blato	mud	/blâto/
4046	otet	to kidnap	/ˈotɛt/
4047	naterati	to compel, force, drive	/nǎterati/
4048	voljno	willingly	/ʋôːʎno/
4049	časopis	magazine, journal	/t͡ʃâsopiːs/
4050	pretpostavka	assumption, supposition	/prêtpostaːʋka/
4051	profit	profit	/prǒfiːt/
4052	osnova	basis, foundation	/ôsnoʋa/
4053	vrijedna	precious, valuable	/ˈvrijednɐ/
4054	slovo	letter	/slôʋo/
4055	gledanje	verbal noun of glȅdati	/ˈɡlɛdɐɲe/
4056	talent	talented person	/tǎlent/
4057	skandal	scandal	/skǎndaːl/
4058	poslovima	job	/ˈposloˌvɪmɐ/
4059	redovno	regularly	/rêdoːʋno/
4060	prijeti	to receive, get	/ˈprijetɪ/
4061	straga	from behind	/strǎːɡa/
4062	poverovati	to believe	/pǒʋeroʋati/
4063	trupa	troupe	/trûpa/
4064	tanjir	plate	/ˈtaɲɪr/
4065	zabavljati	to amuse, to entertain	/zǎbaʋʎati/
4066	transport	transport, conveyance	/ˈtransport/
4067	apetit	appetite	/apětiːt/
4068	uporno	persistently	/ûpoːrno/
4069	uzbuđenje	excitement	/uzbud͡ʑěːɲe/
4070	stabla	a tree trunk	/ˈstablɐ/
4071	oklop	armor	/ǒklop/
4072	ritual	ritual	/ritǔaːl/
4073	sektor	sector	/sêktor/
4074	žurim	to hurry, rush	/ˈʒurɪm/
4075	sjedište	seat	/sjêdiːʃte/
4076	kitu	bunch, bouquet	/ˈkitʊ/
4077	putnik	passenger	/pûːtniːk/
4078	tama	darkness	/tǎːma/
4079	uspomena	keepsake	/ûspomena/
4080	balon	balloon	/bǎloːn/
4081	nezgoda	trouble	/nězɡoda/
4082	specijalna	special f	/spêt͡sijaːlna/
4083	dakako	of course, surely, certainly	/dakǎko/
4084	pozicija	position	/pǒziːt͡sija/
4085	daljinski	distance; remote, at a distance	/dǎʎiːnskiː/
4086	zaposliti	to employ, hire	/zapǒsliti/
4087	orao	eagle	/ǒrao/
4088	cevi	tube	/ˈtsɛvɪ/
4089	hraniti	to feed	/xrǎːniti/
4090	ljubavnica	lover	/ʎǔːbaːʋnit͡sa/
4091	sindrom	syndrome	/sǐndroːm/
4092	najbliži	near, close to	/ˈnɑjblɪʒɪ/
4093	igračka	toy	/ǐɡrat͡ʃka/
4094	čip	chip	/t͡ʃîp/
4095	presuda	verdict	/prêsuda/
4096	sâm	alternative spelling of sam	/ˈsam/
4097	krađu	theft	/ˈkradʑʊ/
4098	zanimanje	interest	/zanǐːmaːɲe/
4099	nauci	dative singular of nàuka	/ˈnaʊtsɪ/
4100	dobrobit	well being, health	/dôbrobiːt/
4101	vezana	to bind, fasten, tie	/ˈvɛzɐnɐ/
4102	zdravlja	health	/ˈzdravljɐ/
4103	vraćati	imperfective form of vrátiti	/ʋrât͡ɕati/
4104	svećenik	priest	/sʋět͡ɕeniːk/
4105	odrezak	steak, chop, cutlet	/ǒdrezak/
4106	prekidač	switch	/prekǐdaːt͡ʃ/
4107	klince	kid, child	/ˈklintsɛ/
4108	sportski	sportingly	/spôrtskiː/
4109	kuvar	cook	/kûʋaːr/
4110	vere	to engage	/ˈvɛrɛ/
4111	otraga	at the back, in the back	/otrǎːɡa/
4112	meci	bullet	/ˈmɛtsɪ/
4113	roj	swarm	/ˈroj/
4114	krio	to hide, conceal	/ˈkrio/
4115	vod	conduit	/ʋôːd/
4116	vrhovni	supreme, topmost, chief	/ʋřxoːʋniː/
4117	džabe	alternative form of džaba	/d͡ʒâbeː/
4118	ležao	to lie, recline	/ˈlɛʒɐo/
4119	odrediti	to determine, define, fix, set	/odrěːditi/
4120	primirje	armistice, truce	/prǐːmiːrje/
4121	zaradi	for, because of, for the sake of	/zâradi/
4122	tući	to beat, thrash	/tǔːt͡ɕi/
4123	blaga	mild, gentle, soft, slight	/ˈblaɡɐ/
4124	sastati	to meet	/sǎstati/
4125	zvučati	to sound	/zʋǔːt͡ʃati/
4126	odozgo	from above	/odǒzɡoː/
4127	viče	to shout, yell	/ˈvitʃɛ/
4128	uključiti	to plug in, turn on, to enable	/ukʎǔːt͡ʃiti/
4129	genijalno	ingeniously, brilliantly	/ɡênijaːlno/
4130	greh	sin	/ˈɡrɛh/
4131	popularan	popular	/pôpulaːran/
4132	farma	farm	/fâːrma/
4133	jadnik	miserable person	/jâdniːk/
4134	suditi	to trial	/sǔːditi/
4135	vikati	to shout, yell	/ʋǐːkati/
4136	kupe	coupé	/ˈkupɛ/
4137	četvrt	quarter	/ˈtʃɛtvrt/
4138	belo	white	/ˈbɛlo/
4139	slikati	to paint	/slîkati/
4140	zeca	hare	/ˈzɛtsɐ/
4141	svratiti	to drop by, drop in	/sʋrǎːtiti/
4142	avantura	adventure	/aʋantǔːra/
4143	otpad	waste, trash	/ôtpaːd/
4144	tok	flow	/tôːk/
4145	ogrlica	necklace	/ǒɡrlit͡sa/
4146	sako	jacket, sportcoat, blazer	/sǎkoː/
4147	kolača	cake	/ˈkolɐtʃɐ/
4148	časnik	officer	/t͡ʃâːsniːk/
4149	svete	holy, saint	/ˈsvɛtɛ/
4150	slijep	blind	/sljêːp/
4151	palac	thumb	/pâlat͡s/
4152	poslovi	job	/ˈposlovɪ/
4153	prtljag	luggage	/ˈprtʎaɡ/
4154	juhu	soup	/ˈjuhʊ/
4155	izdaja	betrayal	/îzdaja/
4156	striptiz	striptease	/strǐptiːz/
4157	uplašiti	to frighten	/ǔplaʃiti/
4158	partije	political party	/ˈpɑrtɪje/
4159	kapa	cap	/kâpa/
4160	teme	top, crown	/tême/
4161	posledice	consequence	/ˈposlɛˌdɪtsɛ/
4162	sveže	freshly	/sʋêʒe/
4163	več	more	/ˈʋɛtʃ/
4164	zamjena	substitute, replacement	/zâːmjena/
4165	žicu	acanthus spinosissimus	/ˈʒitsʊ/
4166	obratio	to convert somebody	/ˈobrɐˌtɪo/
4167	lošim	bad, malicious	/ˈloʃɪm/
4168	udaljenost	distance	/ǔdaːʎenoːst/
4169	pravni	law; legal	/prâːʋniː/
4170	admiral	admiral	/admǐraːl/
4171	izbliza	from close up, closely	/îzbliːza/
4172	baki	grandmother, grandma	/ˈbakɪ/
4173	vrhunac	top, culmination, climax, height	/ʋr̩xǔːnat͡s/
4174	pokloni	gift, present	/ˈpoklonɪ/
4175	plen	booty, plunder	/plêːn/
4176	nužno	necessarily	/nûʒno/
4177	odlučuje	to decide	/ˈodlʊtˌʃʊje/
4178	snimati	to photograph	/snǐːmati/
4179	objekat	object	/ǒbjekat/
4180	kokice	popcorn	/ˈkokɪtsɛ/
4181	putuju	to travel	/ˈputʊjʊ/
4182	održi	to preserve, maintain	/ˈodrʒɪ/
4183	ulaza	entrance	/ˈulɐzɐ/
4184	dodatno	additionally	/dôdaːtno/
4185	apsurdno	absurdly	/ǎpsurdno/
4186	spolja	from outside	/spôʎa/
4187	sišao	to descend, get down, come down	/ˈsiʃɐo/
4188	ceni	price	/ˈtsɛnɪ/
4189	plata	pay	/plǎːta/
4190	pokrete	move	/ˈpokrɛtɛ/
4191	plivanje	swimming	/plîʋaːɲe/
4192	kruga	circle	/ˈkruɡɐ/
4193	oglas	advertisement	/ˈoɡlɐs/
4194	sličan	similar	/slît͡ʃan/
4195	susreta	meeting	/ˈsusrɛtɐ/
4196	vlasnici	owner	/ˈvlasnɪtsɪ/
4197	nasilan	violent	/nǎːsilan/
4198	zaključak	conclusion	/zǎːkʎut͡ʃak/
4199	nadalje	furthermore	/nâdaʎeː/
4200	oslobođen	released	/ˈosloˌbodʑɛn/
4201	potencijal	potential	/potent͡sǐjaːl/
4202	gubiti	to lose, misplace	/ɡǔbiti/
4203	un	one	/ˈun/
4204	sever	north	/sêʋer/
4205	smjestiti	to put, place into appropriate position	/smjêstiti/
4206	minus	minus sign	/ˈminʊs/
4207	pokušavati	imperfective form of pòkušati	/pokuʃǎːʋati/
4208	stablo	a tree trunk	/stǎːblo/
4209	gradom	city, town	/ˈɡradom/
4210	uloviti	to hunt	/ulǒʋiti/
4211	jedanaest	eleven	/ˈjedɐˌnɐɛst/
4212	odan	devoted, faithful	/ôdaːn/
4213	žališ	to mourn, grieve	/ˈʒalɪʃ/
4214	koristan	useful, purposeful	/kôriːstan/
4215	sitnica	trifle, triviality	/sitnǐt͡sa/
4216	talas	wave	/tâlaːs/
4217	švorc	broke	/ˈʃvorts/
4218	analiza	analysis	/analǐːza/
4219	partija	political party	/pǎrtija/
4220	dira	to touch	/ˈdirɐ/
4221	umetnik	artist	/ǔmetniːk/
4222	nemačke	German	/ˈnɛmɐtʃkɛ/
4223	dugi	long	/ˈduɡɪ/
4224	mere	to measure	/ˈmɛrɛ/
4225	liza	a lick	/ˈlizɐ/
4226	okrutno	cruelly	/ôkruːtno/
4227	biblija	the Bible	/bǐblija/
4228	sredstava	means, medium	/ˈsrɛtstɐvɐ/
4229	krivom	guilty, culpable	/ˈkrivom/
4230	optužiti	to accuse, charge, indict	/optǔːʒiti/
4231	povrće	vegetables	/pǒʋr̩t͡ɕe/
4232	tuge	sorrow, grief	/ˈtuɡɛ/
4233	logično	logically	/lǒɡit͡ʃno/
4234	vezane	to bind, fasten, tie	/ˈvɛzɐnɛ/
4235	spase	to save, salvage	/ˈspasɛ/
4236	pravoj	pure, true, genuine	/ˈpravoj/
4237	posjeta	visit	/pôsjeta/
4238	džemper	jumper	/d͡ʒěmper/
4239	patrola	patrol	/patrǒːla/
4240	curama	girl	/ˈtsurɐmɐ/
4241	jesen	autumn, fall	/jêseːn/
4242	sumnju	doubt, suspicion	/ˈsumɲʊ/
4243	vježbati	to practise, drill, train	/ʋjêʒbati/
4244	manijak	maniac	/mǎnijaːk/
4245	odsad	henceforward, hereafter, henceforth	/ǒdsad/
4246	čelo	forehead	/t͡ʃělo/
4247	popust	discount, reduction	/pǒpust/
4248	istražiti	to investigate	/istrǎːʒiti/
4249	izdanje	edition, publication	/izdǎːɲe/
4250	utjecaj	influence	/ˈutjetsɑj/
4251	banana	banana	/banǎːna/
4252	nećak	nephew	/nêt͡ɕaːk/
4253	kristal	crystal	/krǐstaːl/
4254	dopuštenje	permission, permit, licence, consent	/dopuʃtěːɲe/
4255	osvetiti	to avenge sb	/osʋěːtiti/
4256	smatrati	to think, be of opinion	/smǎːtrati/
4257	bube	bug	/ˈbubɛ/
4258	univerzum	universe	/uniʋěrzum/
4259	han	inn	/xâːn/
4260	sija	to shine, emit light	/sǐja/
4261	klan	passive past participle of klȁti	/ˈklan/
4262	fotograf	photographer	/fotǒɡraf/
4263	ocean	ocean	/ot͡sěaːn/
4264	ukratko	briefly	/ûkratko/
4265	sećanja	genitive singular	/ˈsɛtɕɐɲɐ/
4266	pođe	to go, go away, leave, depart	/ˈpodʑɛ/
4267	vizija	vision	/ʋîːzija/
4268	izdajica	traitor, betrayer	/ǐzdajit͡sa/
4269	mito	bribe	/ˈmito/
4270	us	fishbone	/ˈus/
4271	mornarica	navy	/mornǎrit͡sa/
4272	nesretan	unhappy	/něsretan/
4273	posljedica	consequence	/pǒsʎedit͡sa/
4274	rasa	race	/râsa/
4275	nikamo	nowhere	/nîkamo/
4276	televizor	a television set	/telěʋiːzor/
4277	spor	dispute, conflict, quarrel	/spôr/
4278	sekretar	secretary	/ˈsɛkrɛtɑr/
4279	mudar	wise	/mǔːdar/
4280	kućom	house	/ˈkutɕom/
4281	strpljiv	patient	/střpʎiʋ/
4282	spaliti	to burn down	/spǎːliti/
4283	momentu	dative/locative singular of moment	/ˈmomɛntʊ/
4284	puk	folk, people	/pûːk/
4285	tešku	heavy, weighty	/ˈtɛʃkʊ/
4286	zakasniti	to be late	/zakǎsniti/
4287	prenijeti	to carry, move, bring to another place; carry over, bring…	/prěnijeːti/
4288	metar	meter	/ˈmɛtɑr/
4289	preživeti	to survive	/preʒǐːʋeti/
4290	približno	approximately	/prǐːbliʒno/
4291	brojem	number	/ˈbrojem/
4292	podigne	third-person singular present of pòdići	/ˈpodɪɡnɛ/
4293	hteti	to wish, want, desire	/xtêti/
4294	hitac	shot, gunshot, round	/xîtat͡s/
4295	kolibu	hut, cottage, cabin	/ˈkolɪbʊ/
4296	desio	to happen, occur	/ˈdɛsɪo/
4297	nacionalni	national	/nât͡sionaːlniː/
4298	prenos	transfer, transport	/prěːnos/
4299	srede	Wednesday	/ˈsrɛdɛ/
4300	optužba	accusation, charge, indictment	/ǒptuʒba/
4301	studenata	student	/ˈstudɛˌnɐtɐ/
4302	plešem	to dance	/ˈplɛʃɛm/
4303	žedan	thirsty	/ʒěːdan/
4304	plešeš	to dance	/ˈplɛʃɛʃ/
4305	snimci	footage, recording	/ˈsnimtsɪ/
4306	unuk	grandson	/ǔnuk/
4307	univerzitet	university	/ˈunɪˌvɛrzɪtɛt/
4308	koncept	concept	/ˈkontsɛpt/
4309	tableta	tablet	/tablěta/
4310	klana	feminine singular passive past participle	/ˈklanɐ/
4311	predstavnik	representative	/prěːdstaːʋniːk/
4312	novinarima	journalist	/ˈnovɪˌnɑrɪmɐ/
4313	ekstremno	extremely	/ěkstreːmno/
4314	odnosno	that is, i.e., in other words	/ǒdnosno/
4315	žica	acanthus spinosissimus	/ʒîtsa/
4316	reko	river	/ˈrɛko/
4317	dobi	to receive, get, obtain, acquire	/ˈdobɪ/
4318	prepreka	obstacle	/prêpreka/
4319	napola	partially, partly	/nâpola/
4320	salata	salad	/salǎːta/
4321	glasanje	vote	/ˈɡlasɐɲe/
4322	metala	to put, place	/ˈmɛtɐlɐ/
4323	doline	valley, especially one in limestone	/ˈdolɪnɛ/
4324	biljka	plant	/bîːʎka/
4325	masa	mass	/ˈmasɐ/
4326	spali	to sleep	/ˈspalɪ/
4327	ishod	outcome, result	/ǐsxod/
4328	otiđi	to leave, part, depart	/ˈotɪdʑɪ/
4329	vrednost	value	/ʋrěːdnoːst/
4330	nagovoriti	to persuade, talk into	/naɡoʋǒriti/
4331	oštro	sharply	/ôʃtro/
4332	brane	dam	/ˈbranɛ/
4333	farmer	farmer	/fârmer/
4334	cvet	flower	/t͡sʋêːt/
4335	iglu	igloo	/îɡlu/
4336	sanja	dream, imagination	/ˈsaɲɐ/
4337	kondom	condom	/kǒndoːm/
4338	bijelac	white male	/bijěːlat͡s/
4339	posebnim	special	/ˈposɛbnɪm/
4340	pritvor	custody, jail	/prǐːtʋor/
4341	poklona	gift, present	/ˈpoklonɐ/
4342	dizajn	design	/dǐzajn/
4343	dlaka	a single hair	/dlâka/
4344	kuhar	cook	/kûxaːr/
4345	susjeda	neighbour	/ˈsusjedɐ/
4346	izvrstan	excellent, great	/îzʋrstan/
4347	lani	last year	/ˈlanɪ/
4348	nemački	in a German manner, as a German	/němat͡ʃkiː/
4349	proveriti	to check, confirm	/prǒʋeriti/
4350	umak	sauce	/ûmaːk/
4351	drkadžija	wanker, jerkoff, masturbator	/dr̂kad͡ʒija/
4352	okom	eye	/ˈokom/
4353	udana	to marry off	/ˈudɐnɐ/
4354	telegram	telegram	/têleɡram/
4355	lisica	vixen	/lǐsit͡sa/
4356	posjet	visit	/pôsjet/
4357	krao	to steal	/ˈkrao/
4358	gada	a repulsive person	/ˈɡadɐ/
4359	smeo	brave, bold, courageous	/směo/
4360	emocija	emotion	/emǒːt͡sija/
4361	vjera	belief, faith	/ʋjêra/
4362	krvni	blood	/kr̩̂ːʋniː/
4363	f	in, at	/ˈfə/
4364	skrivati	to hide, conceal	/skrǐːʋati/
4365	španski	Spanish	/ʃpâːnskiː/
4366	sisa	woman's breast	/sîsa/
4367	građanin	citizen	/ɡrâd͡ʑanin/
4368	besplatan	free	/běsplatan/
4369	nameru	intent, intention	/ˈnamɛrʊ/
4370	suče	judge	/ˈsutʃɛ/
4371	tipično	typically	/tǐpit͡ʃno/
4372	usporiti	to slow down	/uspǒriti/
4373	istočno	east, eastwards	/ǐstot͡ʃno/
4374	uspijeva	third-person singular present of uspijevati	/ˈuspɪˌjevɐ/
4375	imunitet	immunity	/imunǐteːt/
4376	zelenu	green	/ˈzɛlɛnʊ/
4377	obala	bank	/ôbala/
4378	rebra	rib	/ˈrɛbrɐ/
4379	infarkt	infarct	/ǐnfarkt/
4380	svjedočiti	to witness, testify	/sʋjedǒt͡ʃiti/
4381	viđamo	to keep seeing somebody or something	/ˈvidʑɐmo/
4382	izvršiti	to execute, carry out, commit	/izʋřːʃiti/
4383	krive	guilty, culpable	/ˈkrivɛ/
4384	bik	ox, bull	/bîk/
4385	kafić	café	/kǎfiːt͡ɕ/
4386	zacijelo	surely, certainly	/zât͡sijeːlo/
4387	podmornica	submarine	/pǒdmoːrnit͡sa/
4388	trenutke	moment	/ˈtrɛnʊtkɛ/
4389	dirao	to touch	/ˈdirɐo/
4390	pička	pussy	/pît͡ʃka/
4391	cvijet	flower	/t͡sʋjêːt/
4392	ekran	screen	/ˈɛkrɐn/
4393	slao	to send	/ˈslao/
4394	stu	abbreviation of studeni, studenoga, or studenog	/ˈstu/
4395	spomenuti	to mention	/spoměːnuti/
4396	obiteljski	as a family	/obǐːteʎskiː/
4397	oporavak	recovery, convalescence	/opǒraʋak/
4398	podržati	to hold, support	/podř̩ʒati/
4399	stijena	rock	/stjěːna/
4400	prozoru	window	/ˈprozorʊ/
4401	pleme	tribe	/ˈplɛmɛ/
4402	desni	gums	/dêːsni/
4403	vraški	hellishly	/ˈvraʃkɪ/
4404	protivnik	opponent, adversary	/prǒtiːʋniːk/
4405	pojam	concept, idea, notion	/pǒːjam/
4406	ura	hour	/ûra/
4407	razuman	sensible, reasonable, rational	/râzuːman/
4408	čekić	hammer	/t͡ʃěkit͡ɕ/
4409	pronađeno	to find	/ˈpronɐdˌʑɛno/
4410	fantazija	fantasy	/fǎntaːzija/
4411	juga	Yugoslavia	/jǔːɡa/
4412	mržnja	hatred	/mř̩ːʒɲa/
4413	glatko	smooth	/ˈɡlatko/
4414	varam	to cheat, deceive, trick, swindle	/ˈvɑrɐm/
4415	zahod	sunset	/zǎxod/
4416	pomaknuti	to move	/pomǎknuti/
4417	naprosto	simply, straightforwardly	/nâprosto/
4418	koži	skin	/ˈkoʒɪ/
4419	cimer	roommate	/t͡sîmer/
4420	potrošiti	to spend	/potrǒʃiti/
4421	slabe	weak	/ˈslabɛ/
4422	pacov	rat	/ˈpatsov/
4423	finale	finals	/finǎːle/
4424	rezervni	reserve	/rězeːrʋniː/
4425	zglob	joint	/zɡlôb/
4426	neočekivano	unexpectedly	/neot͡ʃěkiːʋaːno/
4427	stojite	second-person plural present of stàjati	/ˈstojɪtɛ/
4428	puše	dormouse	/ˈpuʃɛ/
4429	nahraniti	to feed, nourish	/naxrǎːniti/
4430	postigli	to achieve, accomplish	/ˈpostɪɡlɪ/
4431	cista	road	/t͡sîsta/
4432	magarac	donkey	/mǎɡarat͡s/
4433	kusur	change	/ˈkusʊr/
4434	iskrenost	sincerity, frankness	/îskrenoːst/
4435	savetnik	counselor	/sǎːʋetniːk/
4436	trbuh	abdomen, belly	/tř̩bux/
4437	unatoč	despite, in spite of	/unǎːtot͡ʃ/
4438	bacam	first-person singular present of bacati	/ˈbatsɐm/
4439	pobjeđuje	to conquer, overcome	/ˈpobjedˌʑʊje/
4440	dugačak	long	/duɡǎt͡ʃak/
4441	braon	brown	/ˈbraon/
4442	zabavni	amusing, entertaining	/ˈzabɐvnɪ/
4443	pomfrit	french fries	/pǒmfrit/
4444	kobasice	sausage	/ˈkobɐˌsɪtsɛ/
4445	umorno	tiredly	/ûmoːrno/
4446	izvješće	report	/ǐzʋjeːʃt͡ɕe/
4447	dokaži	to prove	/ˈdokɐʒɪ/
4448	plaćati	to pay	/plǎːt͡ɕati/
4449	tkivo	tissue	/tkîːʋo/
4450	tetovaža	tattoo	/tetoʋǎːʒa/
4451	stena	rock	/stěːna/
4452	napuniti	to fill	/nǎpuniti/
4453	igle	needle	/ˈiɡlɛ/
4454	kultura	culture	/kultǔːra/
4455	fabrika	factory, industrial plant, manufactory	/fǎbrika/
4456	kravata	tie	/ˈkravɐtɐ/
4457	točke	dot, period	/ˈtotʃkɛ/
4458	mučiti	to torture, torment	/mût͡ʃiti/
4459	urednik	editor	/ˈurɛdnɪk/
4460	voza	train	/ˈvozɐ/
4461	dome	home, house	/ˈdomɛ/
4462	proslaviti	to celebrate	/prǒslaʋiti/
4463	ženka	female	/ʒêːnka/
4464	sirena	mermaid	/sirěːna/
4465	zabrinutost	worry, concern	/zǎbrinuːtoːst/
4466	vreća	sack, bag	/ʋrêt͡ɕa/
4467	vozom	train	/ˈvozom/
4468	duhovit	witty, funny	/duxǒʋit/
4469	loviti	to hunt	/lǒʋiti/
4470	teksas	denim	/têksas/
4471	uspješan	successful	/ǔspjeʃan/
4472	tuga	sorrow, grief	/tǔːɡa/
4473	lezite	to lie down	/ˈlɛzɪtɛ/
4474	ledom	ice	/ˈlɛdom/
4475	pozitivan	positive	/pôzitiːʋan/
4476	povlačim	to pull	/ˈpovlɐtʃɪm/
4477	dojam	impression	/ˈdojɐm/
4478	kej	what	/ˈkɛ̂j/
4479	sapun	soap	/sǎpuːn/
4480	ljepota	beauty	/ʎepǒta/
4481	buba	bug	/bûba/
4482	autoritet	authority	/autorǐteːt/
4483	uprava	board of directors, directorate	/ûpraʋa/
4484	crn	black	/t͡sr̩̂ːn/
4485	fantastičan	fantastic	/fantǎstit͡ʃan/
4486	skupe	expensive, costly, pricey	/ˈskupɛ/
4487	posljednjeg	final	/ˈposʎedɲeɡ/
4488	iluzija	illusion	/ilǔːzija/
4489	platimo	to pay	/ˈplatɪmo/
4490	drama	drama	/drâma/
4491	naglo	suddenly	/nâːɡlo/
4492	uspješno	successfully	/ǔspjeʃno/
4493	kuka	hook	/kûka/
4494	stanovnika	inhabitant	/ˈstanovˌnɪkɐ/
4495	razumljivo	intelligibly, articulately, distinctly	/razǔmʎiʋo/
4496	svesti	to drive, haul	/sʋêsti/
4497	volan	steering wheel	/ʋǒlaːn/
4498	klima	climate	/klǐːma/
4499	nađen	to find, discover	/ˈnadʑɛn/
4500	zadovoljiti	to satisfy, content, appease	/zadoʋǒʎiti/
4501	familija	family	/fǎmiːlija/
4502	sadržaj	content	/sâdr̩ʒaːj/
4503	mornar	sailor	/mǒrnaːr/
4504	zamenik	substitute, replacement	/zâːmeniːk/
4505	radar	radar	/râdaːr/
4506	mudrost	wisdom	/mǔːdroːst/
4507	pregovarati	to negotiate	/preɡoʋǎːrati/
4508	efekat	effect	/ěfekat/
4509	got	throat	/ɡôt/
4510	obrana	defense	/ôbrana/
4511	samopouzdanje	self-confidence	/samopouzdǎːɲe/
4512	sahrana	burial, funeral	/sǎxrana/
4513	mužjak	male	/mûʒjaːk/
4514	bravu	male sheep or goat	/ˈbravʊ/
4515	poremećaj	disorder	/pôremet͡ɕaːj/
4516	zimu	winter	/ˈzimʊ/
4517	raspravljati	to discuss, debate	/rǎspraʋʎati/
4518	boljeti	to hurt, ache	/bǒʎeti/
4519	gravitacija	gravitation, gravity	/ɡraʋitǎːt͡sija/
4520	radoznao	inquisitive, curious	/radǒznao/
4521	nećaka	niece	/nêt͡ɕaka/
4522	spominje	to mention	/ˈspomɪɲe/
4523	peškir	towel	/pěʃkiːr/
4524	nastavak	ending	/nǎːstaʋak/
4525	sitne	tiny, small	/ˈsitnɛ/
4526	galaksija	galaxy	/ˈɡalɐkˌsɪjɐ/
4527	slom	breakdown, breakage	/slôm/
4528	nedjelja	Sunday	/nědjeʎa/
4529	gluma	acting	/ˈɡlumɐ/
4530	heroina	heroine	/xeroǐːna/
4531	znanost	science	/znânoːst/
4532	provjera	audit	/ˈprovjerɐ/
4533	počast	honor, honors	/pôt͡ʃaːst/
4534	kolac	stake	/kǒlat͡s/
4535	nijesam	to be, to exist	/nijěːsam/
4536	deli	to divide, separate	/ˈdɛlɪ/
4537	pokvariti	to damage, ruin	/pokʋǎːriti/
4538	nježno	gently, tenderly, softly	/ɲêʒno/
4539	kasniti	to be late	/kǎsniti/
4540	vatromet	fireworks	/ʋâtromeːt/
4541	prašina	dust, dirt	/prǎʃina/
4542	sirene	to curdle, coagulate	/ˈsirɛnɛ/
4543	crijeva	gut, bowel, intestine	/ˈtsrijevɐ/
4544	naglasak	accent	/nǎːɡlasak/
4545	zenom	pupil	/ˈzɛnom/
4546	religija	religion	/ˈrɛlɪˌɡɪjɐ/
4547	sudi	court	/ˈsudɪ/
4548	privući	to attract	/priʋǔːt͡ɕi/
4549	ušima	louse	/ˈuʃɪmɐ/
4550	gornji	upper, top	/ɡôːrɲiː/
4551	broji	to count, number, enumerate	/ˈbrojɪ/
4552	zidova	wall	/ˈzidovɐ/
4553	premijera	premiere	/premijěːra/
4554	nađena	to find, discover	/ˈnadʑɛnɐ/
4555	vijeće	council	/ʋjěːt͡ɕe/
4556	koj	alternative form of kȍ	/koj/
4557	mrlja	spot, smear, blot	/mr̂ʎa/
4558	štite	shield	/ˈʃtitɛ/
4559	koze	goat	/ˈkozɛ/
4560	kopati	to dig	/kǒpati/
4561	maršal	marshal	/mǎrʃaːl/
4562	žuti	yellow	/ˈʒutɪ/
4563	ljubitelj	lover, enthusiast, fan	/ʎǔbiteʎ/
4564	saučešće	condolences, sympathy	/sǎut͡ʃeʃt͡ɕe/
4565	glavnoj	main, chief, principal	/ˈɡlavnoj/
4566	četrdeset	forty	/ˈtʃɛtrdɛsɛt/
4567	oprostio	to forgive, pardon	/ˈoprosˌtɪo/
4568	podneti	to bear, endure, stand	/pǒdneːti/
4569	pčela	bee	/pt͡ʃěla/
4570	pozorište	theater	/ˈpozoˌrɪʃtɛ/
4571	proljeće	spring	/prǒʎet͡ɕe/
4572	nečiji	somebody's	/nêt͡ʃijiː/
4573	navodi	quotation	/ˈnavodɪ/
4574	dnevni	daily	/dnêːʋniː/
4575	zastava	flag	/zâːstaʋa/
4576	unutrašnjost	inside, interior	/ǔnutraʃɲoːst/
4577	posete	visit	/ˈposɛtɛ/
4578	debele	fat	/ˈdɛbɛlɛ/
4579	lepota	beauty	/ˈlɛpotɐ/
4580	tak	billiard-cue	/tâːk/
4581	korporacija	corporation	/korporǎːt͡sija/
4582	potruditi	to try, make an effort	/potrǔːditi/
4583	željeti	to wish, desire	/ʒěʎeti/
4584	količina	quantity, amount	/kolit͡ʃǐna/
4585	jedite	to eat, consume	/ˈjedɪtɛ/
4586	skote	litter	/ˈskotɛ/
4587	golu	goal	/ˈɡolʊ/
4588	kompletno	completely	/kǒmpletno/
4589	vuka	wolf	/ˈvukɐ/
4590	isključivo	exclusively	/iskʎǔt͡ʃiʋo/
4591	trgu	square	/ˈtrɡu/
4592	dostupan	available, accessible, attainable, reachable	/dǒstupan/
4593	slati	to send	/slâti/
4594	slavlje	celebration	/slâːʋʎe/
4595	smiren	calm, serene	/smîːren/
4596	značajno	significantly	/znât͡ʃaːjno/
4597	nejasno	vaguely, unclearly	/nějasno/
4598	želudac	stomach	/ʒěludat͡s/
4599	trajno	permanently, durably	/trâːjno/
4600	mamica	mommy	/mâmit͡sa/
4601	štab	headquarters	/ʃtâːb/
4602	razočarati	to disappoint	/razot͡ʃǎːrati/
4603	čips	chips	/ˈtʃips/
4604	kaos	chaos	/kâos/
4605	ljubavni	love; amorous	/ʎǔːbaːʋniː/
4606	čarolija	spell, magic	/t͡ʃarǒlija/
4607	kane	to intend	/ˈkanɛ/
4608	krivnja	guilt, blame, fault	/krǐːʋɲa/
4609	unatrag	back, backwards	/ǔnatraːɡ/
4610	pero	feather, plume	/pěro/
4611	provala	burglary	/prôʋala/
4612	realnost	reality	/reǎːlnoːst/
4613	bavio	to do, attend, engage in, go in for, occupy oneself with	/ˈbavɪo/
4614	kruna	crown	/krûna/
4615	krasti	to steal	/krâsti/
4616	kauboj	cowboy	/kǎuboj/
4617	sindikat	syndicate	/sindǐkaːt/
4618	muci	pain	/ˈmutsɪ/
4619	original	original	/oriɡǐnaːl/
4620	ironično	ironically	/irǒnit͡ʃno/
4621	obavijestiti	to inform, let know, notify	/obaʋijěːstiti/
4622	kriti	to hide, conceal	/krîti/
4623	popodneva	afternoon	/ˈpopodˌnɛvɐ/
4624	debi	debut	/děbiː/
4625	upravljanje	management	/ǔpraʋʎaːɲe/
4626	preseliti	to move, relocate	/presěliti/
4627	severu	north	/ˈsɛvɛrʊ/
4628	fajl	file	/fâːjl/
4629	stazu	path, way	/ˈstazʊ/
4630	leže	to lie down	/ˈlɛʒɛ/
4631	dići	to lift, raise, elevate	/dît͡ɕi/
4632	vezati	to bind, fasten, tie	/ʋěːzati/
4633	beskoristan	useless	/běskoristan/
4634	medved	bear	/mědʋed/
4635	ružne	ugly, unattractive	/ˈruʒnɛ/
4636	kurca	penis, dick, cock	/ˈkurtsɐ/
4637	miješati	to mix, blend, mingle	/mjěːʃati/
4638	liga	league	/lǐːɡa/
4639	važnu	important	/ˈvaʒnʊ/
4640	sloj	layer	/slôːj/
4641	nemačka	German	/ˈnɛmɐtʃkɐ/
4642	industrija	industry	/indǔstrija/
4643	nezakonito	illegally, unlawfully	/nezǎːkonito/
4644	devica	virgin	/děʋit͡sa/
4645	osip	rash	/ǒsip/
4646	testament	the will	/testǎment/
4647	kamerama	video camera	/ˈkamɛˌrɐmɐ/
4648	servis	service	/sěrʋiːs/
4649	mladost	youth	/mlâdoːst/
4650	slagati	to lie	/slǎːɡati/
4651	kiši	rain	/ˈkiʃɪ/
4652	srebro	silver	/srěbro/
4653	glasati	to vote	/ɡlǎsati/
4654	jedine	sole, only	/ˈjedɪnɛ/
4655	naglas	aloud	/nâɡlaːs/
4656	čokolada	chocolate	/t͡ʃokolǎːda/
4657	oporaviti	to recover, recuperate, convalesce	/opǒraʋiti/
4658	grozne	terrible, awful, horrible	/ˈɡroznɛ/
4659	glupim	stupid, foolish	/ˈɡlupɪm/
4660	jetra	liver	/jêtra/
4661	djevica	virgin	/ˈdjevɪtsɐ/
4662	svađati	to quarrel, argue, bicker	/sʋâd͡ʑati/
4663	vječnost	eternity	/ˈvjetʃnost/
4664	napet	tight, taut	/nâpeːt/
4665	oprost	forgiveness	/ǒprost/
4666	peta	heel	/pěːta/
4667	potres	earthquake	/pǒtres/
4668	prošetati	to walk, stroll	/proʃěːtati/
4669	spas	salvation, redemption	/spâːs/
4670	petoro	five persons of different gender/sex	/ˈpɛtoro/
4671	grudnjak	bra, brassiere	/ɡrûːdɲaːk/
4672	brada	beard	/brǎːda/
4673	patka	duck	/pâtka/
4674	kocka	cube	/ˈkotskɐ/
4675	povukla	to pull	/ˈpovʊklɐ/
4676	nepotrebno	unnecessarily	/nêpotrebno/
4677	poslijepodne	afternoon	/ˈposlɪˌjepodnɛ/
4678	zajebavati	to tease, fuck around, jerk around	/zajebǎːʋati/
4679	brojevima	number	/ˈbrojeˌvɪmɐ/
4680	trčanje	verbal noun of tr̀čati: running	/tr̩t͡ʃaːɲe/
4681	keks	cookie, biscuit	/kêks/
4682	promet	traffic	/prǒːmet/
4683	boginja	goddess	/bǒɡiɲa/
4684	najnovije	masculine accusative plural	/ˈnɑjnoˌvɪje/
4685	primamo	first-person plural present of primati	/ˈprimɐmo/
4686	krtica	mole	/ˈkrtitsɐ/
4687	uvesti	to introduce, lead in	/uʋěsti/
4688	mokar	wet	/môkar/
4689	osećati	to feel	/ǒset͡ɕati/
4690	puding	pudding	/ˈpudɪŋɡ/
4691	stoku	cattle	/ˈstokʊ/
4692	plaža	beach	/plǎːʐa/
4693	skrovište	hideout	/skrôʋiːʃte/
4694	leni	alternative form of lijen	/ˈlɛnɪ/
4695	precizno	with precision; precisely, accurately	/prêt͡siːzno/
4696	suši	sushi	/sûʃi/
4697	rusije	genitive singular of Rusija	/ˈrusɪje/
4698	kukuruz	corn	/kukǔruz/
4699	rast	growth	/râːst/
4700	infekcija	infection	/infěkt͡sija/
4701	savjest	conscience	/sǎːʋjest/
4702	plašila	bugaboo, scarecrow	/ˈplaʃɪlɐ/
4703	ogrtač	cape	/oɡř̩taːt͡ʃ/
4704	mole	to ask, request, beg	/ˈmolɛ/
4705	belu	white	/ˈbɛlʊ/
4706	inženjer	engineer	/inʒěɲeːr/
4707	posledica	consequence	/pǒsledit͡sa/
4708	okrutan	cruel	/ôkruːtan/
4709	okret	turn, revolution	/ôkreːt/
4710	namjera	intent, intention	/nâːmjera/
4711	kupovati	to buy, purchase	/kupǒʋati/
4712	pošli	to go, go away, leave, depart	/ˈpoʃlɪ/
4713	autor	author	/ǎutor/
4714	glasina	rumor	/ɡlǎsina/
4715	slatkiš	confectionery	/slǎtkiːʃ/
4716	trofej	trophy	/trǒfeːj/
4717	plavom	blue	/ˈplavom/
4718	crtu	line	/ˈtsrtu/
4719	postavljati	to put, place, set	/pǒstaʋʎati/
4720	prsluk	waistcoat	/ˈprsluk/
4721	kratke	short	/ˈkratkɛ/
4722	odreći	to give up, renounce, repudiate, waive	/ǒdret͡ɕi/
4723	pi	pi	/pîː/
4724	većine	majority, most	/ˈvɛtɕɪnɛ/
4725	biro	office	/ˈbiro/
4726	pazio	to beware, watch out, be careful	/ˈpazɪo/
4727	vratilo	beam	/ʋrǎtilo/
4728	as	ace	/âs/
4729	susjed	neighbor	/sǔːsjed/
4730	slavan	famous	/slâːʋan/
4731	skupina	group	/skûpina/
4732	crta	line	/t͡sr̩̂ta/
4733	derište	badly behaved kid, little brat	/dêriːʃte/
4734	bel	alternative form of bȅo	/bêːl/
4735	uzbuđenja	excitement	/ˈuzbʊdˌʑɛɲɐ/
4736	kraljeva	king	/ˈkraʎevɐ/
4737	objekt	object	/ǒbjekt/
4738	zabole	to stick, drive	/ˈzabolɛ/
4739	provaliti	to break into	/proʋǎːliti/
4740	kolonija	colony	/kǒloːnija/
4741	tenis	tennis	/těːnis/
4742	prekosutra	the day after tomorrow	/prekǒsutra/
4743	faktor	factor	/ˈfaktor/
4744	očevi	father	/ˈotʃɛvɪ/
4745	siroče	orphan	/sirǒt͡ʃe/
4746	nepoznat	unknown	/nêpoznat/
4747	gadna	ugly, disgusting, repulsive	/ˈɡadnɐ/
4748	petama	heel	/ˈpɛtɐmɐ/
4749	trudiš	to try, make an effort	/ˈtrudɪʃ/
4750	munja	lightning	/mǔːɲa/
4751	bezbedan	safe	/ˈbɛzbɛdɐn/
4752	primite	to receive, get	/ˈprimɪtɛ/
4753	doživio	to live to see	/ˈdoʒɪˌvɪo/
4754	dopao	to get into, receive, be hit by something malicious	/ˈdopɐo/
4755	rezervoar	reservoir	/rezerʋǒaːr/
4756	oznaka	marking, mark	/ôznaka/
4757	bajke	fairy tale	/ˈbɑjkɛ/
4758	police	shelf	/ˈpolɪtsɛ/
4759	naredba	order, command	/nǎːredba/
4760	izbrisati	to delete, erase	/ǐzbrisati/
4761	trenu	moment	/ˈtrɛnʊ/
4762	operu	to wash	/ˈopɛrʊ/
4763	raznijeti	to carry off	/rǎznijeːti/
4764	tuce	a dozen	/tǔt͡se/
4765	domaćin	master / head of the house	/domǎt͡ɕin/
4766	dućan	shop, convenience store	/dǔt͡ɕaːn/
4767	kuva	to cook	/ˈkuvɐ/
4768	tonu	to sink	/ˈtonʊ/
4769	pojeli	to eat, consume	/ˈpojelɪ/
4770	odela	department, section	/ˈodɛlɐ/
4771	ikako	in any way	/îkaːko/
4772	lišće	leaves	/lîːʃt͡ɕe/
4773	zeni	pupil	/ˈzɛnɪ/
4774	drage	bay, gulf	/ˈdraɡɛ/
4775	kradeš	to steal	/ˈkradɛʃ/
4776	izvori	well, wellspring	/ˈizvorɪ/
4777	približiti	to bring closer	/priblǐːʒiti/
4778	meti	to sweep	/ˈmɛtɪ/
4779	izuzetak	exception	/izuzěːtak/
4780	udaj	to marry off	/ˈudɑj/
4781	premda	albeit, although	/prêmda/
4782	šarmantan	charming	/ʃarmǎntan/
4783	nadoknaditi	to compensate	/nadǒknaditi/
4784	nevjerojatan	improbable, implausible, unlikely	/neʋjerǒjatan/
4785	uvreda	insult	/ûʋreda/
4786	pojavilo	to appear, emerge	/ˈpojɐˌvɪlo/
4787	viška	excess	/ˈviʃkɐ/
4788	sedeti	to sit	/sědeti/
4789	nedaleko	not far	/nêdaleko/
4790	utjecati	to influence, affect	/ǔtjet͡sati/
4791	emocionalno	emotionally	/êmot͡sionaːlno/
4792	pustinja	desert	/pǔːstiɲa/
4793	bacati	imperfective form of báciti	/bǎt͡sati/
4794	zapisnik	record, log	/zǎːpisniːk/
4795	kilometar	kilometer, kilometre	/kîlometar/
4796	istražitelj	investigator	/istrǎʒiteʎ/
4797	liječenje	treatment, cure	/ˈlijetˌʃɛɲe/
4798	kišu	rain	/ˈkiʃʊ/
4799	tenk	tank	/tênk/
4800	kamoli	let alone, to say nothing of, much less	/kâmoli/
4801	detektivka	detective	/ˈdɛtɛkˌtɪfkɐ/
4802	upaljač	lighter	/ˈupɐʎɐtʃ/
4803	prilog	adverb	/prǐːloɡ/
4804	načelnik	chief	/nǎːt͡ʃelniːk/
4805	prstena	ring	/ˈprstɛnɐ/
4806	kupac	buyer, purchaser	/kǔːpat͡s/
4807	vojvoda	duke	/ʋôjʋoda/
4808	punoj	full, filled	/ˈpunoj/
4809	nekamo	somewhere	/nêkamo/
4810	aspirin	aspirin	/aspǐriːn/
4811	kut	corner	/kûːt/
4812	les	coffin	/lêːs/
4813	pratnja	escort, company	/prǎtɲa/
4814	zaliha	stockpile	/zâːlixa/
4815	jace	synonym of jadnik	/ˈjatsɛ/
4816	fokusirati	to focus	/fokusǐːrati/
4817	pređe	yarn	/ˈprɛdʑɛ/
4818	gorim	to burn	/ˈɡorɪm/
4819	svetac	saint	/sʋěːtat͡s/
4820	krzno	fur, pelt	/křːzno/
4821	mehanizam	mechanism	/mexanǐzam/
4822	bratstvo	brotherhood	/brǎtstʋo/
4823	slep	blind	/slêːp/
4824	delom	partly, partially	/děːlom/
4825	komunikacija	communication	/komunikǎːt͡sija/
4826	jedinstven	united	/jedǐnstʋen/
4827	drukčiji	different	/drǔkt͡ʃijiː/
4828	lojalnost	loyalty	/lojǎːlnoːst/
4829	vežba	exercise, practice, drill	/ʋêʒba/
4830	pederi	a gay person, homosexual; faggot, homo, queer	/ˈpɛdɛrɪ/
4831	pretvarao	to turn into, to transform, to change	/ˈprɛtvɑˌrɐo/
4832	čuvala	to guard, protect	/ˈtʃuvɐlɐ/
4833	odredište	destination	/ǒdrediːʃte/
4834	mladom	young	/ˈmladom/
4835	kvar	defect, fault	/kʋâːr/
4836	crva	worm	/ˈtsrva/
4837	ale	but	/âle/
4838	tamu	darkness	/ˈtamʊ/
4839	novost	news	/ˈnovost/
4840	uprave	board of directors, directorate	/ˈuprɐvɛ/
4841	mrziti	to hate	/mř̩ːziti/
4842	stazi	path, way	/ˈstazɪ/
4843	ujna	aunt	/ûːjna/
4844	pijesak	sand	/pjěːsak/
4845	meda	honey	/ˈmɛdɐ/
4846	zaposlen	employed	/zǎposlen/
4847	vidjelo	scope of view or visibility	/ʋîdjelo/
4848	moliš	to ask, request, beg	/ˈmolɪʃ/
4849	propala	to fall through, fall into, sink	/ˈpropɐlɐ/
4850	vodstvo	leadership	/ʋǒdstʋo/
4851	glasu	voice	/ˈɡlasʊ/
4852	perioda	menstruation	/ˈpɛrɪˌodɐ/
4853	sedište	seat	/sêdiːʃte/
4854	podsjetiti	to remind	/pǒdsjetiti/
4855	mornarici	navy	/ˈmornɑˌrɪtsɪ/
4856	određeno	in a certain way; specifically	/ǒdreːd͡ʑeno/
4857	razdvojiti	to separate, set apart	/razdʋǒjiti/
4858	onakav	such, of that kind	/onǎkaːʋ/
4859	zalogaj	morsel, bite	/zâloɡaːj/
4860	roda	stork	/rǒːda/
4861	domaćica	housewife	/domǎt͡ɕit͡sa/
4862	lokal	business premises	/lǒkaːl/
4863	konjima	horse	/ˈkoɲɪmɐ/
4864	izvanredan	extraordinary	/izʋǎnredan/
4865	saobraćaj	communication	/sâobrat͡ɕaːj/
4866	kletva	curse	/klêːtʋa/
4867	magla	fog	/mǎɡla/
4868	ramenu	shoulder	/ˈramɛnʊ/
4869	pleši	bald spot	/ˈplɛʃɪ/
4870	francuz	Frenchman	/frǎnt͡suːz/
4871	nalaz	finding	/nǎːlaz/
4872	relativno	relatively	/rêlatiːʋno/
4873	sale	hall, auditorium	/ˈsalɛ/
4874	komanda	command	/kǒmaːnda/
4875	starica	old woman	/ˈstɑrɪtsɐ/
4876	senat	senate	/sěnaːt/
4877	pliva	to swim	/ˈplivɐ/
4878	brojim	to count, number, enumerate	/ˈbrojɪm/
4879	tukli	to beat, thrash	/ˈtuklɪ/
4880	silno	powerfully, mightily	/sîːlno/
4881	pretjerano	excessively, unduly, too	/prětjeraːno/
4882	očeva	father	/ˈotʃɛvɐ/
4883	pole	pole	/ˈpolɛ/
4884	završetak	ending, the end	/zaʋrʃěːtak/
4885	testirati	to test	/testǐːrati/
4886	scenarij	scenario, screenplay	/st͡sěnaːriːj/
4887	sajt	site	/ˈsɑjt/
4888	bodež	dagger	/bǒːdeʒ/
4889	tuča	fight, melee	/tûtʃa/
4890	specijalnost	specialty	/spet͡sijǎːlnoːst/
4891	struktura	structure	/struktǔːra/
4892	guza	butt	/ɡǔːza/
4893	front	front	/frônt/
4894	plaćamo	to pay	/ˈplatɕɐmo/
4895	većini	majority, most	/ˈvɛtɕɪnɪ/
4896	oduzeli	to take away, deprive	/ˈodʊˌzɛlɪ/
4897	nadzornik	supervisor, controller, inspector	/nǎːdzoːrniːk/
4898	stepenica	step, rest	/stepěnit͡sa/
4899	konjica	cavalry	/kôɲit͡sa/
4900	zažaliti	to regret	/zǎʒâliti/
4901	odvojeno	separately	/ǒdʋojeno/
4902	runda	round	/rûnda/
4903	sedimo	to sit	/ˈsɛdɪmo/
4904	prozori	window	/ˈprozorɪ/
4905	kontejner	dumpster	/kontějner/
4906	leteći	flying	/lěteːt͡ɕiː/
4907	zaljubiti	to fall in love	/zaʎǔːbiti/
4908	postaja	a station	/pôstaja/
4909	žurba	hurry, haste	/ʒǔrba/
4910	panika	panic	/pǎnika/
4911	dolinu	valley, especially one in limestone	/ˈdolɪnʊ/
4912	sjeme	seed	/sjême/
4913	gnijezdo	nest	/ɡnjěːzdo/
4914	tačan	exact, accurate	/tât͡ʃan/
4915	karate	to scold	/ˈkɑrɐtɛ/
4916	juriš	charge	/jûriːʃ/
4917	paljba	fire, firing off	/pǎʎba/
4918	prevelik	too big	/prěʋelik/
4919	onuda	that way, in that direction	/ǒnuda/
4920	mjesečno	monthly, on a monthly basis	/mjêset͡ʃno/
4921	diljem	throughout, all across	/dîːʎem/
4922	ambasador	ambassador	/ambǎsaːdor/
4923	neprijateljski	hostile, enemy, unfriendly	/neprijatěʎskiː/
4924	mačem	sword	/ˈmatʃɛm/
4925	odvući	to draw away, haul away, tug away	/odʋǔːt͡ɕi/
4926	zamke	fortress, castle	/ˈzamkɛ/
4927	zrakoplov	aircraft	/zrâkoploːʋ/
4928	portal	portal	/pǒrtaːl/
4929	dvorcu	castle	/ˈdvortsʊ/
4930	obožavatelj	adorer, worshipper	/oboʒǎʋateʎ/
4931	stajali	to stop	/ˈstɑjɐlɪ/
4932	tuku	to beat, thrash	/ˈtukʊ/
4933	južni	southern	/ˈjuʒnɪ/
4934	udarati	to physically strike, to hit	/ǔdarati/
4935	oštar	sharp	/ôʃtar/
4936	pljački	robbery	/ˈpʎatʃkɪ/
4937	rizično	riskily, hazardously	/rîzit͡ʃno/
4938	medijima	medium	/ˈmɛdɪˌjɪmɐ/
4939	smjena	shift	/smjêna/
4940	pere	to wash	/ˈpɛrɛ/
4941	jeftin	cheap, inexpensive	/jêftin/
4942	vladati	to rule, reign, govern	/ʋlǎːdati/
4943	težine	weight	/ˈtɛʒɪnɛ/
4944	tvrd	hard, firm	/tʋr̂ːd/
4945	medija	medium	/ˈmɛdɪjɐ/
4946	provoditi	to lead, guide, take	/proʋǒditi/
4947	premalo	too little, too few	/prêmalo/
4948	traci	strip, ribbon	/ˈtratsɪ/
4949	stabilan	stable	/stâbiːlan/
4950	okvir	frame	/ǒkʋiːr/
4951	štitio	to protect	/ˈʃtitɪo/
4952	tragač	seeker	/trǎɡaːt͡ʃ/
4953	iznevjeriti	to fail, betray	/izněʋjeriti/
4954	post	fast, fasting	/pôːst/
4955	namještaj	furniture	/nâmjeʃtaːj/
4956	trudila	to try, make an effort	/ˈtrudɪlɐ/
4957	zubar	dentist	/zǔbaːr/
4958	prvak	champion	/přʋaːk/
4959	štos	stack, pile	/ʃtôːs/
4960	ptičica	diminutive of ptȉca	/ptît͡ʃit͡sa/
4961	godišnji	annual	/ɡǒdiʃɲiː/
4962	spada	to fall down	/spâːda/
4963	maslac	butter	/mâslat͡s/
4964	vičeš	to shout, yell	/ˈvitʃɛʃ/
4965	pesak	sand	/pěːsak/
4966	odraz	reflection	/ôdraːz/
4967	kravu	cow	/ˈkravʊ/
4968	patuljak	dwarf, gnome, midget	/patǔːʎak/
4969	otrovan	poisonous, venomous	/ǒtroːʋan/
4970	čete	troop, squad, host	/ˈtʃɛtɛ/
4971	komadić	piece, part	/komǎdit͡ɕ/
4972	razmotriti	to examine, inspect, consider in detail	/razmǒtriti/
4973	prepustiti	to leave, surrender, cede	/prepǔstiti/
4974	zajam	loan	/ˈzɑjɐm/
4975	negativan	negative	/nêɡatiːʋan/
4976	presvući	to reclothe, change clothes	/prěsʋuːt͡ɕi/
4977	pouzdan	reliable, trustworthy, dependable	/pǒuzdaːn/
4978	mafija	mafia	/mǎːfija/
4979	sjede	to sit	/ˈsjedɛ/
4980	nepristojan	impolite, uncivil, rude	/nêpristoːjan/
4981	proslava	celebration	/prôslaʋa/
4982	optužbi	accusation, charge, indictment	/ˈoptʊʒbɪ/
4983	spomenik	monument	/ˈspomɛnɪk/
4984	pristupiti	to approach	/pristǔːpiti/
4985	opravdanje	justification	/opraʋdǎːɲe/
4986	narav	nature	/nǎːraʋ/
4987	cesta	road	/t͡sěsta/
4988	žuta	yellow	/ˈʒutɐ/
4989	doza	dose, dosage	/dǒːza/
4990	turnir	tournament	/tǔrniːr/
4991	sećanje	memory, reminiscence	/ˈsɛtɕɐɲe/
4992	vodeni	water	/ˈvodɛnɪ/
4993	metro	metro	/ˈmɛtro/
4994	strijelac	archer, bowman	/strjěːlat͡s/
4995	prvenstvo	championship	/ˈprvɛnstvo/
4996	svijest	consciousness	/sʋjêːst/
4997	veži	to bind, fasten, tie	/ˈvɛʒɪ/
4998	skrenuti	to turn, take another direction	/skrěːnuti/
4999	građana	citizen	/ˈɡradʑɐnɐ/
5000	rog	horn	/rôːɡ/
5001	triput	thrice	/trǐːput/
5002	primijetiti	to notice, observe	/primjěːtiti/
5003	prijenos	transfer, transport	/prijěːnos/
5004	crtež	drawing	/t͡sř̩ːteʒ/
5005	ogrebotina	scratch	/oɡrebǒtina/
5006	gnjaviti	to squash, squeeze, crush	/ɡɲǎːʋiti/
5007	groznica	fever	/ɡrǒznit͡sa/
5008	gutljaj	gulp	/ˈɡutʎɑj/
5009	vezani	to bind, fasten, tie	/ˈvɛzɐnɪ/
5010	slijetanje	verbal noun of slijetati impf: landing	/slijěːtaːɲe/
5011	delimo	to divide, separate	/ˈdɛlɪmo/
5012	stražar	sentry, guard	/strǎʒaːr/
5013	zaspim	to fall asleep	/ˈzaspɪm/
5014	pomiriti	to reconcile, bring to an agreement or harmony	/pomǐːriti/
5015	pobuna	rebellion, mutiny, uprising	/pôbuna/
5016	finansijski	financially	/finǎnsiːjskiː/
5017	mokra	wet	/ˈmokrɐ/
5018	bunar	well	/bǔnaːr/
5019	greškom	by mistake	/ɡrêʃkoːm/
5020	leve	left	/ˈlɛvɛ/
5021	nekoć	once, formerly, erstwhile	/nêkoːt͡ɕ/
5022	smanjuje	to reduce, lessen, make smaller	/ˈsmaɲʊje/
5023	buđenje	waking up, awakening	/bǔːd͡ʑeɲe/
5024	sitno	in tiny pieces or steps	/sîtno/
5025	klupi	bench	/ˈklupɪ/
5026	nasuprot	contrary to, against, opposite, vis-à-vis, across from	/nâsuprot/
5027	vještina	skill	/ʋjeʃtǐna/
5028	koljeno	knee	/kǒʎeno/
5029	mašta	imagination	/mǎʃta/
5030	ranč	ranch	/ˈrantʃ/
5031	pečat	seal	/pět͡ʃat/
5032	napetost	tension	/ˈnapɛtost/
5033	večno	eternally, for ever	/ʋêt͡ʃno/
5034	orkestar	orchestra	/ǒrkestar/
5035	striptizeta	stripper	/striptizěta/
5036	dostojanstvo	dignity	/dostojǎnstʋo/
5037	grade	city, town	/ˈɡradɛ/
5038	sovjetski	Soviet, soviet	/sǒʋjetskiː/
5039	staje	stable	/ˈstɑje/
5040	sendviče	sandwich	/ˈsɛndvɪtʃɛ/
5041	muva	fly	/mǔʋa/
5042	identificirati	to identify	/identifit͡sǐːrati/
5043	tamno	darkly	/tâːmno/
5044	privesti	to arrest with the authority of the law; to take into legal…	/prǐʋesti/
5045	davala	feminine singular active past participle	/ˈdavɐlɐ/
5046	vuku	wolf	/ˈvukʊ/
5047	visina	height	/ʋisǐna/
5048	maj	May	/mâj/
5049	biološki	biologically	/biǒloʃkiː/
5050	biznismen	businessman	/bǐznismen/
5051	sultan	sultan	/sǔltaːn/
5052	izliječiti	to heal, cure	/izljěːt͡ʃiti/
5053	poslan	to send	/ˈposlɐn/
5054	ljepotica	beauty	/ʎepǒtit͡sa/
5055	balet	ballet	/bǎleːt/
5056	crv	worm	/t͡sr̩̂ːʋ/
5057	poli	to wet, to pour liquid on	/ˈpolɪ/
5058	šal	scarf	/ʃâl/
5059	skrivena	clandestine	/ˈskrivɛnɐ/
5060	budžet	budget	/bǔd͡ʒet/
5061	isporuka	delivery, transmittal	/îsporuka/
5062	gurnuti	to push on, thrust, hustle	/ɡûrnuti/
5063	leptir	lepidopteran; butterfly or moth	/lêptiːr/
5064	patke	drake	/ˈpatkɛ/
5065	četvero	four persons of different gender/sex	/ˈtʃɛtvɛro/
5066	zdravstveno	sanitarily	/zdrǎʋstʋeno/
5067	granata	grenade, hand grenade	/ɡranǎːta/
5068	srednji	central	/srêdɲiː/
5069	sukoba	conflict	/ˈsukobɐ/
5070	upad	invasion, intrusion, incursion	/ǔpad/
5071	doktorica	doctor	/dôktorit͡sa/
5072	žute	yellow	/ˈʒutɛ/
5073	specijalitet	specialty	/spet͡sijalǐteːt/
5074	uzor	model, exemplar	/ǔːzor/
5075	trošiti	to spend	/trǒʃiti/
5076	soma	catfish	/ˈsomɐ/
5077	direktan	direct, straight	/dǐrektan/
5078	cvrsto	alternative form of čvȓsto	/ˈt͡sr̩ʋsto/
5079	tla	ground	/ˈtla/
5080	majstora	master	/ˈmɑjstorɐ/
5081	pružio	to stretch out, extend	/ˈpruʒɪo/
5082	kirurg	surgeon	/kǐrurɡ/
5083	stranka	party	/strânka/
5084	čovječanstvo	mankind, humanity	/t͡ʃoʋjet͡ʃǎnstʋo/
5085	krasan	beautiful, pretty	/ˈkrasɐn/
5086	šarm	charm	/ʃârm/
5087	kapija	gate	/kǎpija/
5088	peče	to bake	/ˈpɛtʃɛ/
5089	džentlmen	gentleman	/d͡ʒěntl̩men/
5090	zbrka	confusion, mess	/zbr̂ka/
5091	olovka	pencil	/ǒloːʋka/
5092	perem	to wash	/ˈpɛrɛm/
5093	kompas	compass	/kǒmpas/
5094	napeto	tensely, tautly, tightly	/nâpeːto/
5095	element	element	/elěment/
5096	fenomen	phenomenon	/ˈfɛnomɛn/
5097	komitet	committee	/komǐteːt/
5098	zet	son-in-law	/zêt/
5099	uticati	to influence	/ǔtit͡sati/
5100	ponavljati	to repeat	/ponǎːʋʎati/
5101	kugla	ball	/kǔːɡla/
5102	nađeno	to find, discover	/ˈnadʑɛno/
5103	prepun	too full, very full, brimming with	/prěpun/
5104	sprečiti	to prevent	/sprěːt͡ʃiti/
5105	prikaz	display, depiction, portrait	/prǐːkaz/
5106	ušiju	louse	/ˈuʃɪjʊ/
5107	putujemo	to travel	/ˈputʊˌjemo/
5108	nečem	dative of nȅšto	/nêt͡ʃem/
5109	šetnja	a walk, stroll	/ʃěːtɲa/
5110	omogućiti	to enable, make possible	/omoɡǔːt͡ɕiti/
5111	brzu	fast	/ˈbrzu/
5112	plaću	pay	/ˈplatɕʊ/
5113	ispravan	correct	/îspraːʋan/
5114	seksom	instrumental singular of sȅks	/sêksom/
5115	vruć	hot	/ˈvrutɕ/
5116	natpis	inscription, caption or any kind of public text	/nǎːtpis/
5117	dostaviti	to deliver	/dǒstaʋiti/
5118	čulo	to hear	/t͡ʃǔːlo/
5119	operem	to wash	/ˈopɛrɛm/
5120	sebičan	selfish	/sěbit͡ʃan/
5121	objesiti	to hang	/ǒbjesiti/
5122	slon	elephant	/slôn/
5123	nameštaj	furniture	/nâmeʃtaːj/
5124	kuga	whom, masculine animate accusative singular of koj	/kûɡa/
5125	tinejdžer	teenager	/tǐnejd͡ʒer/
5126	sjećati	to remember	/sjêt͡ɕati/
5127	uzvratiti	to return; repay; reciprocate; counter	/ˈuzvrɐˌtɪtɪ/
5128	supa	soup	/sûpa/
5129	mnoštvo	multitude, crowd	/mnǒʃtʋo/
5130	božićni	Christmas	/bǒʒit͡ɕniː/
5131	potvrda	acknowledgment, confirmation	/pôtʋrda/
5132	osetiti	to feel	/ǒsetiti/
5133	predložiti	to propose, suggest	/predlǒʒiti/
5134	kocke	cube	/ˈkotskɛ/
5135	revolver	revolver	/reʋǒlʋer/
5136	atmosfera	atmosphere	/atmosfěːra/
5137	ubuduće	from now on, henceforth, in the future, hereafter	/ubǔduːt͡ɕe/
5138	večerati	to have one's supper	/ʋět͡ʃerati/
5139	usana	lip	/ˈusɐnɐ/
5140	zapis	note, writing	/zǎːpis/
5141	bliske	near, close to	/ˈbliskɛ/
5142	pomoćnica	assistant	/pomǒt͡ɕnit͡sa/
5143	uvjetima	condition, requirement	/ˈuvjeˌtɪmɐ/
5144	zadatka	task, assignment	/ˈzadɐtkɐ/
5145	dolina	valley, especially one in limestone	/dolǐna/
5146	povećati	to increase	/poʋět͡ɕati/
5147	sutradan	the next day, the following day	/sutrǎdaːn/
5148	opere	to wash	/ˈopɛrɛ/
5149	muče	to be silent	/ˈmutʃɛ/
5150	krdo	herd	/kr̂do/
5151	međunarodni	international	/med͡ʑunǎːrodniː/
5152	navesti	to embroider, sew, stitch	/nǎʋeːsti/
5153	sedmi	seventh	/sêdmiː/
5154	zaboli	to stick, drive	/ˈzabolɪ/
5155	bika	ox, bull	/ˈbikɐ/
5156	beskorisno	uselessly	/běskoristan/
5157	skupiti	to gather, collect, assemble, congregate	/skûpiti/
5158	gurati	to push on, thrust, hustle	/ɡǔːrati/
5159	truplo	corpse	/trǔːplo/
5160	kašalj	cough	/ˈkaʃɐʎ/
5161	klovn	clown	/klôʋn̩/
5162	slikanje	painting	/ˈslikɐɲe/
5163	pređi	yarn	/ˈprɛdʑɪ/
5164	ekspert	expert	/ěkspert/
5165	šoping	shopping	/ʃǒpinɡ/
5166	grom	thunder	/ɡrôːm/
5167	proleće	spring	/prǒlet͡ɕe/
5168	jahati	to ride	/jâxati/
5169	alergičan	allergic	/alěrɡit͡ʃan/
5170	paradajz	tomato	/parǎdajz/
5171	osjetljiv	sensitive	/osjětʎiʋ/
5172	pobune	to rebel	/ˈpobʊnɛ/
5173	figura	figure	/fiɡǔːra/
5174	doduše	on the other hand, although	/dodǔːʃeː/
5175	odvojiti	to separate, set apart, sunder, cut off	/odʋǒjiti/
5176	dosada	boredom	/ˈdosɐdɐ/
5177	nana	mother	/nǎːna/
5178	zamena	substitute, replacement	/zâːmena/
5179	osloniti	to lean	/oslǒniti/
5180	portret	portrait	/ˈportrɛt/
5181	prostorija	room	/prostǒrija/
5182	kompletan	complete	/kǒmpletan/
5183	zanimati	to interest	/zanǐːmati/
5184	pauk	spider	/pâuːk/
5185	početkom	at the beginning	/pot͡ʃěːtkom/
5186	krivac	culprit	/ˈkrivɐts/
5187	bacaš	second-person singular present of bacati	/ˈbatsɐʃ/
5188	rupija	rupee	/rǔpija/
5189	doprinos	contribution	/ˈdoprɪnos/
5190	ozlijeđen	injured, wounded	/ǒzlijeːd͡ʑen/
5191	suca	judge	/ˈsutsɐ/
5192	sesti	to sit down	/sêsti/
5193	besa	oath, pledge, word of honour among Albanians	/běːsa/
5194	creva	gut, bowel, intestine	/ˈtsrɛvɐ/
5195	planirano	in a planned manner	/plǎniːraːno/
5196	ološ	riffraff, rabble	/ôloʃ/
5197	iskopati	to dig out, dig up	/iskǒpati/
5198	obarač	trigger	/ˈobɑrɐtʃ/
5199	uvid	insight	/ǔʋid/
5200	prilagoditi	to adapt, adjust, accommodate	/prilaɡǒditi/
5201	opljačkali	to rob, plunder, loot	/ˈopʎɐtʃˌkɐlɪ/
5202	razini	level	/ˈrazɪnɪ/
5203	žaba	frog	/ʒâba/
5204	kupca	buyer, purchaser	/ˈkuptsɐ/
5205	jelda	interrogative particle used in tag questions, asking for an…	/ˈjeldɐ/
5206	opako	wickedly, maliciously, viciously	/ôpaːko/
5207	izuzev	except	/izǔzeːʋ/
5208	lepotica	beauty	/ˈlɛpoˌtɪtsɐ/
5209	kompleks	complex	/kǒmpleks/
5210	transfer	transport	/trǎnsfeːr/
5211	domet	range, reach	/dǒːmet/
5212	civilizacija	civilization	/t͡siʋilizǎːt͡sija/
5213	interesantan	interesting	/interesǎntan/
5214	mučio	to torture, torment	/ˈmutʃɪo/
5215	izuzetan	exceptional	/îzuzeːtan/
5216	prisiliti	to force, compel	/prǐsiliti/
5217	miče	to move	/ˈmitʃɛ/
5218	bakom	grandmother, grandma	/ˈbakom/
5219	ragbi	rugby	/râɡbi/
5220	trese	to shake	/ˈtrɛsɛ/
5221	konstantno	constantly	/konstǎntno/
5222	sede	grey	/ˈsɛdɛ/
5223	žuriš	to hurry, rush	/ˈʒurɪʃ/
5224	inspiracija	inspiration	/inspirǎːt͡sija/
5225	slaviti	to celebrate, glorify	/slâʋiti/
5226	opremom	equipment	/ˈoprɛmom/
5227	aktivan	active	/âktiːʋan/
5228	sajam	fair, exhibition, market	/sǎːjam/
5229	četri	four	/ˈtʃɛtrɪ/
5230	doznati	to find out	/dǒznati/
5231	bunker	bunker	/bǔnker/
5232	matematika	mathematics	/ˈmatɛˌmɐtɪkɐ/
5233	puter	butter	/ˈputɛr/
5234	osnovni	basic, fundamental, primary	/ǒsnoːʋniː/
5235	jagode	strawberry	/ˈjaɡodɛ/
5236	mjestom	place	/ˈmjestom/
5237	kalendar	calendar	/ˈkalɛndɑr/
5238	dodirnuti	to touch	/dodǐːrnuti/
5239	ciklus	cycle	/t͡sǐklus/
5240	grane	branch	/ˈɡranɛ/
5241	napamet	by heart	/nâpameːt/
5242	reporter	reporter	/repǒrteːr/
5243	kvaliteta	quality	/kʋalitěːta/
5244	konkretno	concretely, specifically	/kǒnkretno/
5245	odigrati	to play a game, match, or role to completion	/ǒdiɡrati/
5246	englez	Englishman	/ěnɡleːz/
5247	poneti	to take	/ˈponɛtɪ/
5248	brade	beard	/ˈbradɛ/
5249	pišati	to piss, to pee	/pǐʃati/
5250	prodaj	to sell	/ˈprodɑj/
5251	zemljište	area, land, terrain	/zêmʎiːʃte/
5252	rudi	curly, shaggy, locky	/ˈrudɪ/
5253	propali	to fall through, fall into, sink	/ˈpropɐlɪ/
5254	kuglu	ball	/ˈkuɡlʊ/
5255	ramenima	shoulder	/ˈramɛˌnɪmɐ/
5256	zezati	tease	/zêzati/
5257	prepao	to frighten, scare	/ˈprɛpɐo/
5258	izgovoriti	to pronounce	/izɡoʋǒriti/
5259	koplje	spear, lance	/kôpʎe/
5260	klinika	clinic	/ˈklinɪkɐ/
5261	pojava	phenomenon	/pôjaʋa/
5262	pro	abbreviation of prosinac or prosinca	/ˈpro/
5263	kan	khan	/kâːn/
5264	cev	tube	/t͡sêːʋ/
5265	naviknuti	to accustom, habituate, adjust to	/nǎʋiknuti/
5266	starateljstvo	guardianship, care	/ˈstɑrɐˌtɛʎstvo/
5267	naoružanje	arms, armaments	/naoruʒǎːɲe/
5268	žrtvovati	to sacrifice	/ˈʒrtvovɐtɪ/
5269	zakleti	to swear	/zǎkleːti/
5270	brava	lock	/ˈbravɐ/
5271	utrka	A race, as in a competition	/ûtrka/
5272	zimi	in winter	/zîːmi/
5273	izravno	directly, straight	/îzraːʋno/
5274	usprkos	despite, in spite of	/ûsprkos/
5275	naljutiti	to be mad at, become angry	/naʎǔːtiti/
5276	pruge	stripe, bind, line	/ˈpruɡɛ/
5277	obama	masculine/neuter dative/locative/instrumental of ȍba	/ˈobɐmɐ/
5278	brinuli	to worry	/ˈbrinʊlɪ/
5279	olakšati	to facilitate	/olǎkʃati/
5280	zarada	pay, wages	/zâːrada/
5281	siromašan	poor	/sirǒmaʃan/
5282	zabiti	to hammer in, pound in, drive in	/zǎbiti/
5283	vrisak	scream, shriek	/ʋrîːsak/
5284	flaša	bottle	/flâʃa/
5285	prtljažnik	trunk	/ˈprtʎaʒnɪk/
5286	židov	Jew	/ʒǐdoʋ/
5287	bradom	beard	/ˈbradom/
5288	lozinka	motto, slogan	/lǒziːnka/
5289	kampanja	campaign	/kampǎɲa/
5290	osnove	basis, foundation	/ˈosnovɛ/
5291	komplet	set of something	/kǒmplet/
5292	kocku	cube	/ˈkotskʊ/
5293	robova	slave	/ˈrobovɐ/
5294	ironija	irony	/ˈiroˌnɪjɐ/
5295	neuspjeh	failure	/nêuspjex/
5296	tragično	tragically	/trǎɡit͡ʃno/
5297	povrh	on top of, in addition to, top it off	/pǒʋr̩x/
5298	otkuda	whence, from where	/ǒtkuda/
5299	pseto	cur	/psêto/
5300	blog	blog	/ˈbloɡ/
5301	koliba	hut, cottage, cabin	/kǒliba/
5302	graditi	to build	/ɡrǎːditi/
5303	truditi	to try, make an effort	/trǔːditi/
5304	kasne	late	/ˈkasnɛ/
5305	medveda	bear	/ˈmɛdvɛdɐ/
5306	kocki	cube	/ˈkotskɪ/
5307	kopno	land, dry land	/kôpno/
5308	promašaj	miss	/prômaʃaːj/
5309	septembar	September	/sěpteːmbar/
5310	plina	gas	/ˈplinɐ/
5311	boks	boxing	/ˈboks/
5312	primetiti	to notice, observe	/priměːtiti/
5313	suština	essence	/suʃtǐna/
5314	veselo	happily	/ʋêselo/
5315	idealno	ideally	/îdeaːlno/
5316	leći	to lie down	/ˈlɛtɕɪ/
5317	iznosi	amount	/ˈiznosɪ/
5318	terorist	terrorist	/terǒrist/
5319	navratiti	to drop by, drop in	/naʋrǎːtiti/
5320	navijačica	fan	/naʋijǎt͡ʃit͡sa/
5321	dodam	to add	/ˈmôːraːm/
5322	ljubimac	pet	/ʎubǐːmat͡s/
5323	kiseonik	oxygen	/kiseǒniːk/
5324	mesečno	monthly, on a monthly basis	/mêset͡ʃno/
5325	kugle	ball	/ˈkuɡlɛ/
5326	šalješ	to send	/ˈʃaʎeʃ/
5327	konkurencija	competition	/ˈkoŋkʊˌrɛntsɪjɐ/
5328	babe	grandmother	/ˈbabɛ/
5329	podneva	noon, midday	/ˈpodnɛvɐ/
5330	primjerak	copy	/prǐːmjerak/
5331	napadač	attacker	/napǎdaːt͡ʃ/
5332	nežno	gently, tenderly, softly	/nêʒno/
5333	veku	century	/ˈvɛkʊ/
5334	ugovore	contract	/ˈuɡoˌvorɛ/
5335	pećina	cave	/pět͡ɕina/
5336	smeru	direction, course	/ˈsmɛrʊ/
5337	poglavica	chieftain	/poɡlǎʋica/
5338	izviniti	to apologize	/izʋǐːniti/
5339	malen	small	/mǎlen/
5340	savezni	federal, allied, confederate	/sǎːʋezniː/
5341	italijanski	as an Italian	/italǐjaːnskiː/
5342	odbijanje	refusal, refusing	/odbǐːjaːɲe/
5343	rudniku	mine	/ˈrudnɪkʊ/
5344	mišića	muscle	/ˈmiʃɪtɕɐ/
5345	krovom	roof	/ˈkrovom/
5346	košmar	nightmare	/ˈkoʃmɑr/
5347	trezor	safe, vault	/trězoːr/
5348	polovica	half	/polǒʋit͡sa/
5349	uspešan	successful	/ǔspeʃan/
5350	kozu	goat	/ˈkozʊ/
5351	klinaca	kid, child	/ˈklinɐtsɐ/
5352	pamtiti	to remember, memorize	/pâːmtiti/
5353	republika	republic	/repǔblika/
5354	progovoriti	to start to talk, speak	/proɡoʋǒriti/
5355	dopala	to get into, receive, be hit by something malicious	/ˈdopɐlɐ/
5356	predvidjeti	to foresee, foretell, predict	/prědʋidjeti/
5357	link	link, hyperlink	/lînk/
5358	oda	ode	/ǒːda/
5359	terapeut	therapist	/terapěut/
5360	užitak	pleasure, delight	/uʒǐːtak/
5361	znoj	sweat	/znôːj/
5362	ekonomija	economy	/ˈɛkoˌnomɪjɐ/
5363	senke	shade; shadow	/ˈsɛŋkɛ/
5364	kiti	bunch, bouquet	/ˈkitɪ/
5365	karma	karma	/kârma/
5366	hokej	hockey	/xǒkeːj/
5367	nadaš	to hope	/ˈnadɐʃ/
5368	rus	Russian	/rûs/
5369	surađivati	to collaborate	/surad͡ʑǐːʋati/
5370	moćno	powerfully	/môt͡ɕno/
5371	uklopiti	to put in, to fit in	/ˈukloˌpɪtɪ/
5372	šesti	sixth	/ʃêstiː/
5373	neobičan	unusual, uncommon	/nêobit͡ʃan/
5374	ustav	constitution	/ûstaːʋ/
5375	donositi	to bring, carry	/donǒsiti/
5376	pošlo	to go, go away, leave, depart	/ˈpoʃlo/
5377	nekretnina	real estate	/nekretnǐna/
5378	šeta	to walk, stroll	/ˈʃɛtɐ/
5379	sobama	room	/ˈsobɐmɐ/
5380	komisija	commission	/komǐsija/
5381	četvorica	four men	/t͡ʃetʋǒrit͡sa/
5382	okupu	gathering, assembly	/ˈokʊpʊ/
5383	patiti	to suffer	/pâtiti/
5384	mirovinu	pension	/ˈmiroˌvɪnʊ/
5385	pucala	to crack, break, burst, split	/ˈputsɐlɐ/
5386	konvoj	convoy	/kǒnʋoj/
5387	prebiti	to beat up	/prěbiti/
5388	isplatiti	to pay, pay off	/isplǎːtiti/
5389	upalio	to set fire to, set on fire, burn, light, ignite	/ˈupɐˌlɪo/
5390	orgazam	orgasm	/orɡǎzam/
5391	štrajk	strike	/ʃtrâjk/
5392	skitnica	wanderer	/skǐːtnit͡sa/
5393	kolu	wheel	/ˈkolʊ/
5394	gradovi	city, town	/ˈɡradovɪ/
5395	blatu	mud	/ˈblatʊ/
5396	vetra	wind	/ˈvɛtrɐ/
5397	narkoman	drug addict, junkie	/narkǒmaːn/
5398	nuklearni	nuclear	/nûkleaːrniː/
5399	mišiće	muscle	/ˈmiʃɪtɕɛ/
5400	odneti	to take away, carry away	/ǒdneːti/
5401	učimo	to learn, study	/ˈutʃɪmo/
5402	posjed	possession, ownership	/pǒːsjed/
5403	ulov	catch, bag	/ǔːloʋ/
5404	unajmiti	to hire in exchange for remuneration	/unǎːjmiti/
5405	teoretski	theoretically	/teǒretskiː/
5406	vulkan	volcano	/ʋǔlkaːn/
5407	setiti	to remember	/sêtiti/
5408	makaze	scissors	/mǎkaze/
5409	skroman	humble, modest	/skrôman/
5410	najnoviji	new	/ˈnɑjnoˌvɪjɪ/
5411	diraš	to touch	/ˈdirɐʃ/
5412	fon	phone	/fôːn/
5413	komšiluk	neighborhood	/komʃǐluk/
5414	siti	sated, full	/ˈsitɪ/
5415	roka	hand, arm	/ˈrokɐ/
5416	vanzemaljac	alien, extraterrestrial	/ʋanzemǎːʎat͡s/
5417	stidljiv	shy, timid	/stǐdʎiʋ/
5418	bezbroj	myriad of, multitude of	/bězbroːj/
5419	iskušenje	trial	/ˈiskʊˌʃɛɲe/
5420	šaka	hand	/ʃâka/
5421	progutati	to swallow	/proɡǔtati/
5422	ugroziti	to imperil, endanger	/uɡrǒziti/
5423	prase	piglet	/ˈprasɛ/
5424	vodeći	leading	/ʋǒdeːt͡ɕiː/
5425	dele	to divide, separate	/ˈdɛlɛ/
5426	poseta	visit	/pôseta/
5427	lira	lyre	/lîːra/
5428	voća	fruit	/ˈvotɕɐ/
5429	teraj	to force, make	/ˈtɛrɑj/
5430	otela	to kidnap	/ˈotɛlɐ/
5431	sramotno	shamefully, disgracefully	/srâmotno/
5432	obavijest	message	/ôbaʋjeːst/
5433	preskočiti	to jump over, to jump across	/preskǒt͡ʃiti/
5434	plesačica	dancer	/plesǎt͡ʃit͡sa/
5435	odelu	department, section	/ˈodɛlʊ/
5436	draže	to be glad, pleased, delighted	/ˈdraʒɛ/
5437	nizu	array, sequence, series	/ˈnizʊ/
5438	viči	to shout, yell	/ˈvitʃɪ/
5439	prespavati	to sleep over	/prespǎːʋati/
5440	grize	to bite, gnaw, nibble	/ˈɡrizɛ/
5441	ceremonija	ceremony	/t͡seremǒnija/
5442	rešili	to solve	/ˈrɛʃɪlɪ/
5443	savest	conscience	/sǎːʋest/
5444	zadugo	for long	/zǎduɡo/
5445	pogrešku	fault	/ˈpoɡrɛʃkʊ/
5446	veseli	happy, cheerful, merry	/ˈvɛsɛlɪ/
5447	dostava	delivery	/dôstaʋa/
5448	štampa	press	/ʃtâːmpa/
5449	boljih	masculine/feminine/neuter genitive plural of bolji	/ˈboʎɪh/
5450	roza	pink, rosy, rose	/ˈrozɐ/
5451	sveg	masculine genitive singular	/ˈsvɛɡ/
5452	mačak	a male cat; tomcat	/ˈmatʃɐk/
5453	unutrašnji	inner, interior, inside	/ǔnutraʃɲiː/
5454	micati	to move	/mît͡sati/
5455	kuma	godmother	/kǔːma/
5456	robove	slave	/ˈrobovɛ/
5457	mozgom	brain	/ˈmozɡom/
5458	pasulj	bean	/pǎsuːʎ/
5459	kruže	circle	/ˈkruʒɛ/
5460	uputiti	to send	/upǔːtiti/
5461	igla	needle	/ǐɡla/
5462	noža	knife	/ˈnoʒɐ/
5463	vezao	to embroider	/ˈvɛzɐo/
5464	plaču	cry	/ˈplatʃʊ/
5465	dobiće	a win	/dobǐːt͡ɕe/
5466	žabe	frog	/ˈʒabɛ/
5467	lampa	lamp	/lâːmpa/
5468	dvorca	castle	/ˈdvortsɐ/
5469	dinamit	dynamite	/dinǎmiːt/
5470	sjebati	to screw up, ruin, fuck up	/sjěbati/
5471	preterano	excessively, unduly, too	/prěteraːno/
5472	voditelj	leader, chief	/ʋǒditeʎ/
5473	molitva	prayer	/mǒlitʋa/
5474	kartel	cartel	/kǎrtel/
5475	adaptacija	adaptation	/adaptǎːt͡sija/
5476	nestrpljiv	impatient	/nestřpʎiʋ/
5477	okruženje	environment	/okruʒěːɲe/
5478	reputacija	reputation	/reputǎːt͡sija/
5479	mača	sword	/ˈmatʃɐ/
5480	poželjeti	to wish	/poʒěʎeti/
5481	vrhuncu	top, culmination, climax, height	/ˈvrhuntsʊ/
5482	dragulj	jewel	/drǎɡuːʎ/
5483	ponosno	proudly	/pǒnosno/
5484	čovječanstva	mankind, humanity	/ˈtʃovjetˌʃɐnstvɐ/
5485	konferencija	conference	/konferěnt͡sija/
5486	odsustvo	absence	/ǒdsustʋo/
5487	božiji	alternative form of božji	/bôʒijiː/
5488	tango	tango	/tânɡo/
5489	svež	fresh	/sʋêʒ/
5490	instruktor	instructor	/ǐnstruktor/
5491	malik	master, ruler	/mǎlik/
5492	nasilno	violently	/nǎːsilno/
5493	komandir	commander, commanding officer	/komǎndiːr/
5494	slikar	painter	/slîkaːr/
5495	smeđe	brown	/ˈsmɛdʑɛ/
5496	skener	scanner	/skêner/
5497	narukvica	bracelet	/nǎrukʋit͡sa/
5498	sitnice	trifle, triviality	/ˈsitnɪtsɛ/
5499	ubo	to sting, prick	/ˈubo/
5500	kuče	young dog; puppy	/kût͡ʃe/
5501	metafora	metaphor	/metǎfora/
5502	davali	masculine plural active past participle of davati	/ˈdavɐlɪ/
5503	dugom	long	/ˈduɡom/
5504	grebena	reef	/ˈɡrɛbɛnɐ/
5505	lagan	light	/lâɡan/
5506	važniji	important	/ˈvaʒnɪjɪ/
5507	amerikanka	American	/amerǐkaːnka/
5508	institut	institute	/instǐtuːt/
5509	zagonetka	riddle, puzzle	/zâɡoneːtka/
5510	privilegija	privilege	/ˈprivɪˌlɛɡɪjɐ/
5511	minuti	to pass, pass by	/mǐːnuti/
5512	laki	easy	/ˈlakɪ/
5513	sjeverni	northern	/sjêʋeːrniː/
5514	kinez	Chinese	/kǐneːz/
5515	putuješ	to travel	/ˈputʊjeʃ/
5516	plesala	to dance	/ˈplɛsɐlɐ/
5517	trenirati	to train	/trenǐːrati/
5518	vojnom	military campaign	/ˈvojnom/
5519	jogurt	yogurt or yoghurt	/ˈjoɡʊrt/
5520	maksimalno	maximally	/mâksimaːlno/
5521	nevidljiv	invisible	/neʋǐdʎiʋ/
5522	pretio	obese	/ˈprɛtɪo/
5523	čopor	herd, flock, pack	/t͡ʃôpoːr/
5524	ring	ring	/ˈriŋɡ/
5525	marku	stamp, label	/mǎrku/
5526	zora	dawn	/zǒra/
5527	odbrojavanje	countdown	/ˈodbroˌjɐvɐɲe/
5528	zemljotres	earthquake	/zêmʎotreːs/
5529	druži	to associate, socialize with	/ˈdruʒɪ/
5530	dostojan	deserving, worthy	/dǒːstoːjan/
5531	bljak	ew, yech, yuck	/bʎâk/
5532	središte	center	/srêdiːʃte/
5533	indijanac	American Indian, Native American	/indijǎːnat͡s/
5534	pristanak	consent, approval	/prǐstanak/
5535	gruba	harsh	/ˈɡrubɐ/
5536	proširiti	to broaden, widen	/proʃǐːriti/
5537	zakonski	legal	/zǎːkonskiː/
5538	obrve	eyebrow	/ˈobrvɛ/
5539	partnerstvo	partnership	/pârtnerstʋo/
5540	prazni	empty, vacant	/ˈpraznɪ/
5541	stranom	side	/ˈstranom/
5542	električni	electrical, electric	/elěktrit͡ʃniː/
5543	primerak	copy	/prǐːmerak/
5544	otarasiti	to get rid of something, divest oneself of	/otarǎːsiti/
5545	baron	baron	/bǎroːn/
5546	kompromis	compromise	/komprǒmis/
5547	razina	level	/rǎzina/
5548	pripaziti	to watch, watch out, take care of	/prǐpaziti/
5549	napast	temptation	/nǎːpast/
5550	sivi	grey	/ˈsivɪ/
5551	režiser	director	/reʒǐseːr/
5552	popustiti	to reduce, rebate, deduct	/popǔstiti/
5553	masovno	massively	/mâsoːʋno/
5554	duva	to blow	/ˈduvɐ/
5555	bu	to be, to exist	/ˈbu/
5556	taktika	tactics	/tǎktika/
5557	pješice	on foot	/pjêʃit͡seː/
5558	gluv	deaf	/ɡlûːʋ/
5559	metoda	method	/ˈmɛtodɐ/
5560	kolibe	hut, cottage, cabin	/ˈkolɪbɛ/
5561	sjutra	tomorrow	/sjûtra/
5562	pozornik	private	/pǒːzoːrniːk/
5563	bliska	near, close to	/ˈbliskɐ/
5564	krasna	beautiful, pretty	/krâsna/
5565	dina	dune	/dǐːna/
5566	vikala	to shout, yell	/ˈvikɐlɐ/
5567	kuk	hip	/kûk/
5568	lažljivac	liar	/lǎʒʎiʋat͡s/
5569	vladar	ruler	/ʋlǎdaːr/
5570	igrama	play	/ˈiɡrɐmɐ/
5571	susjedstvo	neighbourhood	/ˈsusjetstvo/
5572	publicitet	publicity	/publit͡sǐteːt/
5573	gangster	gangster	/ɡǎnɡster/
5574	križ	cross, crucifix	/krîːʒ/
5575	redove	row	/ˈrɛdovɛ/
5576	prag	threshold	/prâɡ/
5577	poštar	postman	/pôʃtaːr/
5578	lavovi	lion	/ˈlavovɪ/
5579	čuveni	to hear	/ˈtʃuvɛnɪ/
5580	zdrave	healthy, fit	/ˈzdravɛ/
5581	sastav	composition, ingredients	/sǎːstaʋ/
5582	izum	invention, discovery	/ǐzum/
5583	okončati	to end, finish, complete	/okǒnt͡ʃati/
5584	opljačkati	to rob, plunder, loot	/ǒpʎat͡ʃkati/
5585	zameniti	to exchange	/zaměːniti/
5586	monitor	monitor	/mǒnitor/
5587	koš	basket	/ˈkoʃ/
5588	zarobljenik	captive	/zarobʎěniːk/
5589	zadržavati	to keep, retain, withhold	/zadr̩ʒǎːʋati/
5590	pritisnuti	to press, press down	/prǐtisnuti/
5591	ama	but	/âma/
5592	velikodušno	generously	/ʋelikǒduʃno/
5593	rečenica	sentence	/ˈrɛtʃɛˌnɪtsɐ/
5594	sudjelovati	to participate, take part	/sǔdjeloʋati/
5595	kisik	oxygen	/kǐsiːk/
5596	isprati	to rinse out, wash out	/ǐsprati/
5597	hladnokrvno	cold-bloodedly	/xlâdnokrːʋno/
5598	širenje	spread, expansion	/ʃǐːreːɲe/
5599	tornado	tornado	/tǒrnaːdo/
5600	ženim	to marry	/ˈʒɛnɪm/
5601	ružni	ugly, unattractive	/ˈruʒnɪ/
5602	srati	to shit, to defecate	/srâti/
5603	precizan	precise, accurate	/prêt͡siːzan/
5604	paranoičan	paranoid	/paranǒit͡ʃan/
5605	biciklu	bicycle	/ˈbitsɪklʊ/
5606	pogreške	fault	/ˈpoɡrɛʃkɛ/
5607	uvod	introduction	/ǔːʋod/
5608	lonac	pot	/lǒnat͡s/
5609	kradem	to steal	/ˈkradɛm/
5610	korištenje	utilization, use, usage	/kǒriʃteːɲe/
5611	poezija	poetry	/pǒeːzija/
5612	tretirati	to treat	/tretǐːrati/
5613	uragan	hurricane	/ûraɡaːn/
5614	opsesija	obsession	/opsěsija/
5615	autoput	highway	/ǎutopuːt/
5616	lepom	nice, pretty	/ˈlɛpom/
5617	jahanje	riding	/jâxaːɲe/
5618	lokalnom	local	/ˈlokɐlnom/
5619	kak	how	/ˈkak/
5620	čistiti	to clean	/t͡ʃîstiti/
5621	naivan	naive	/nâiːʋan/
5622	sjena	shadow	/sjêna/
5623	zaštitnik	protector	/zǎːʃtitniːk/
5624	neposredno	directly, immediately	/nêposredno/
5625	upravitelj	administrator, manager	/uprǎʋiteʎ/
5626	skupu	expensive, costly, pricey	/ˈskupʊ/
5627	doručka	breakfast	/ˈdorʊtʃkɐ/
5628	jun	June	/ˈjun/
5629	premjestiti	to relocate, shift, displace	/prěmjestiti/
5630	amandman	amendment	/amǎndmaːn/
5631	projektil	projectile	/projěktiːl/
5632	pumpa	pump	/ˈpumpɐ/
5633	otpust	dismissal, discharge	/ˈotpʊst/
5634	rukavica	glove	/ˈrukɐˌvɪtsɐ/
5635	ulaziti	to enter, go into, come in	/ǔlaziti/
5636	pretražiti	to search	/pretrǎːʒiti/
5637	pogreb	burial	/pǒɡreb/
5638	ranac	backpack, backpack, knapsack, rucksack, satchel	/rǎːnat͡s/
5639	posvetiti	to dedicate	/posʋěːtiti/
5640	prorok	prophet	/ˈprorok/
5641	rođenje	birth	/rod͡ʑěːɲe/
5642	znanstvenik	scientist	/znǎnstʋeniːk/
5643	padati	to fall	/pâdati/
5644	vežite	to bind, fasten, tie	/ˈvɛʒɪtɛ/
5645	dobitak	profit, proceeds	/dobǐːtak/
5646	mladoženja	groom	/mladǒʒeɲa/
5647	zaključati	to lock	/zakʎǔt͡ʃati/
5648	katolik	Catholic	/kâtoliːk/
5649	vu	in, at	/ʋu/
5650	mrtvac	a dead person; corpse	/mř̩tʋat͡s/
5651	patolog	pathologist	/patǒloɡ/
5652	ovca	sheep, ewe	/ǒːʋt͡sa/
5653	žalosno	sadly, mournfully	/ʒâlosno/
5654	beskućnik	homeless person	/běskut͡ɕniːk/
5655	traju	to last, continue	/ˈtrɑjʊ/
5656	nišanu	sight	/ˈniʃɐnʊ/
5657	gospodari	to rule, govern	/ˈɡospoˌdɑrɪ/
5658	limun	lemon	/lîmuːn/
5659	želeti	to wish, desire	/ʒěleti/
5660	sanjati	to dream	/sǎːɲati/
5661	domar	janitor	/dǒmaːr/
5662	tovar	cargo, burden, load	/tǒʋar/
5663	jadnica	miserable person	/jâdnit͡sa/
5664	lukom	onion	/ˈlukom/
5665	gase	third-person plural present of gasiti	/ˈɡasɛ/
5666	pizda	pussy, cunt	/pǐːzda/
5667	znatiželjan	curious	/znâtiʒeːʎan/
5668	želji	wish, desire	/ˈʒɛʎɪ/
5669	besmislica	nonsense	/běsmislit͡sa/
5670	muve	fly	/ˈmuvɛ/
5671	utvrditi	to fortify	/utʋřːditi/
5672	vodja	obsolete spelling of vođa	/ˈvodjɐ/
5673	stradati	to suffer	/strǎːdati/
5674	točak	wheel	/tǒt͡ʃak/
5675	samac	single man, bachelor	/sǎːmat͡s/
5676	uspešno	successfully	/ǔspeʃno/
5677	moda	fashion	/mǒːda/
5678	istraživati	to investigate	/istraʒǐːʋati/
5679	naj	may, let	/ˈnɑj/
5680	poslovati	to do business, work	/poslǒʋati/
5681	viđena	to see	/ˈvidʑɛnɐ/
5682	obezbjeđenje	security detachment, security guard, guard	/ˈobɛzˌbjedʑɛɲe/
5683	blata	mud	/ˈblatɐ/
5684	šeri	sherry	/ˈʃɛrɪ/
5685	konjak	cognac	/kôɲaːk/
5686	okupi	to gather, assemble, rally	/ˈokʊpɪ/
5687	arhitekta	architect	/ˈɑrhɪˌtɛktɐ/
5688	usrano	shitty	/ûsraːno/
5689	kobasica	sausage	/kobǎsit͡sa/
5690	luksuz	luxury	/ˈluksʊz/
5691	strip	comic	/strîp/
5692	podsjetnik	reminder	/pǒdsjetniːk/
5693	plima	high tide	/plǐːma/
5694	uzdravlje	cheers	/ˈuzdrɐvlje/
5695	smještaj	accommodation, housing	/smjêʃtaːj/
5696	stoka	cattle	/stôka/
5697	videle	to see	/ˈvidɛlɛ/
5698	plaće	pay	/ˈplatɕɛ/
5699	žedna	thirsty	/ˈʒɛdnɐ/
5700	at	steed	/ˈat/
5701	ubrzati	to speed up, accelerate	/ubřzati/
5702	mamina	feminine nominative/vocative singular	/ˈmamɪnɐ/
5703	plaćate	to pay	/ˈplatɕɐtɛ/
5704	kolekcija	collection	/kolěkt͡sija/
5705	peći	to bake	/pêt͡ɕi/
5706	rodjen	obsolete spelling of rođen	/rôdjen/
5707	severno	north, northwards	/sêʋeːrno/
5708	izreka	saying, maxim	/îzreka/
5709	beta	beta, the Greek letter, Β, β	/bêta/
5710	lažan	false	/lâʒan/
5711	homoseksualac	a gay person, homosexual	/ˈxomoˌsɛksʊˌɐlɐts/
5712	izjavio	to state, declare, express	/ˈizjɐˌvɪo/
5713	površina	surface	/pôʋr̩ʃina/
5714	investicija	investment	/inʋestǐːt͡sija/
5715	neuobičajeno	unusually	/neuobǐt͡ʃaːjeno/
5716	nosač	porter, bearer, carrier	/nǒsaːt͡ʃ/
5717	strog	strict, severe	/strôɡ/
5718	marke	stamp, label	/mǎrke/
5719	glupom	stupid, foolish	/ˈɡlupom/
5720	belom	white	/ˈbɛlom/
5721	sirotište	orphanage	/ˈsiroˌtɪʃtɛ/
5722	sjedili	to sit	/ˈsjedɪlɪ/
5723	modrica	bruise	/ˈmodrɪtsɐ/
5724	uzvrat	return, requital	/ûzʋraːt/
5725	dovršiti	to complete, finish	/doʋřːʃiti/
5726	fokus	focus	/fǒːkus/
5727	tužitelj	prosecutor	/tǔʒiteʎ/
5728	težina	weight	/teʒǐna/
5729	starost	age	/stâroːst/
5730	spominjati	to mention	/spǒmiɲati/
5731	predstavljati	to represent, pose	/prědstaʋʎati/
5732	rudnika	mine	/ˈrudnɪkɐ/
5733	teleskop	telescope	/têleskop/
5734	koleno	knee	/kǒleno/
5735	čestica	particle	/t͡ʃěstit͡sa/
5736	ribom	fish	/ˈribom/
5737	vek	century	/ˈvɛk/
5738	vanjski	exterior, outside, external	/ʋǎɲskiː/
5739	džip	jeep	/ˈdʒip/
5740	predomisliti	to change one's mind, to reconsider	/predǒmisliti/
5741	prodavač	salesman	/prodǎʋaːt͡ʃ/
5742	tuču	fight, melee	/ˈtutʃʊ/
5743	ratovi	war	/ˈratovɪ/
5744	glasnik	messenger, herald	/ɡlâːsniːk/
5745	medo	bear	/ˈmɛdo/
5746	hlačama	dative/locative/instrumental of hlȁče	/ˈxlatʃɐmɐ/
5747	prijava	registration form, application form	/prîjaʋa/
5748	političar	politician	/polǐtit͡ʃaːr/
5749	klopu	grub, chow	/ˈklopʊ/
5750	vrelo	well, wellspring	/ʋrêlo/
5751	standard	standard	/stǎndard/
5752	kukuruza	cornbread	/kukurǔːza/
5753	klincima	kid, child	/ˈklintsɪmɐ/
5754	zaraze	contagion	/ˈzɑrɐzɛ/
5755	veo	veil	/ʋêo/
5756	aktivirati	to activate, to enable	/aktiʋǐːrati/
5757	suzama	tear	/ˈsuzɐmɐ/
5758	vražji	devilish, mischievous	/ʋrǎʒjiː/
5759	panda	panda	/pǎːnda/
5760	djetinjstvo	childhood	/ˈdjetɪɲstvo/
5761	masakr	massacre	/masǎkr̩/
5762	nesposoban	incapable	/nêsposoban/
5763	blize	close	/ˈblizɛ/
5764	poredak	arrangement, ordering, order, system	/pǒredak/
5765	staješ	second-person singular present of stȁjati	/ˈstɑjeʃ/
5766	invazija	invasion	/ǐnʋaːzija/
5767	mart	March	/mârt/
5768	plaćao	to pay	/ˈplatɕɐo/
5769	vojno	armed forces; military	/ˈvojno/
5770	varala	to cheat, deceive, trick, swindle	/ˈvɑrɐlɐ/
5771	topao	warm	/tôpao/
5772	kamenom	stone	/ˈkamɛnom/
5773	molite	to ask, request, beg	/ˈmolɪtɛ/
5774	latinski	Latin	/lǎtiːnskiː/
5775	diram	to touch	/ˈdirɐm/
5776	isprika	apology	/îsprika/
5777	očeve	father	/ˈotʃɛvɛ/
5778	počistiti	to clean	/pǒt͡ʃistiti/
5779	žale	sorrow, grief	/ˈʒalɛ/
5780	objašnjavati	to explain	/objaʃɲǎːʋati/
5781	sumnjati	to doubt, suspect, distrust	/sǔːmɲati/
5782	bekstvo	escape	/běkstʋo/
5783	zrna	grain	/ˈzrna/
5784	duži	longer	/ˈduʒɪ/
5785	uznemiravati	to disturb, upset, bother, trouble	/uznemirǎːʋati/
5786	bistar	clear, clean	/bîstar/
5787	materija	matter	/mǎteːrija/
5788	predosjećaj	premonition, hunch	/prêdosjet͡ɕaːj/
5789	napor	effort	/nǎːpor/
5790	sjeo	to sit down	/ˈsjeo/
5791	pozajmiti	to lend	/pozǎːjmiti/
5792	ruši	to demolish, raze	/ˈruʃɪ/
5793	minimum	minimum	/mǐnimum/
5794	glavobolja	headache	/ɡlaʋǒboʎa/
5795	zapadni	western	/zâːpadniː/
5796	poen	point	/pǒeːn/
5797	izvršni	executive	/ǐzʋrʃniː/
5798	temi	theme, subject	/ˈtɛmɪ/
5799	sletjeti	to land	/ˈslɛtjetɪ/
5800	integritet	integrity	/ˈintɛˌɡrɪtɛt/
5801	pokažu	to show, demonstrate	/ˈpokɐʒʊ/
5802	cijeniti	to value, appreciate	/t͡sjěːniti/
5803	tesla	adze	/ˈtɛslɐ/
5804	napiti	to quench, slake	/nǎpiti/
5805	bicikla	bicycle	/ˈbitsɪklɐ/
5806	zavoj	bend, turn	/zǎːʋoj/
5807	kupovina	purchase	/kupǒʋina/
5808	opaka	wicked, evil	/ˈopɐkɐ/
5809	mast	grease	/mâːst/
5810	dvoboj	duel	/dʋǒboj/
5811	opklada	bet, wager	/ôpklada/
5812	pješke	on foot	/pjêʃkeː/
5813	šminka	make-up	/ʃmîːnka/
5814	vukodlak	werewolf	/ʋukǒdlak/
5815	pravima	right	/ˈpravɪmɐ/
5816	dižite	to lift, raise, elevate	/ˈdiʒɪtɛ/
5817	stvarati	to create	/stʋǎːrati/
5818	studente	student	/ˈstudɛntɛ/
5819	suvenir	souvenir	/suʋěniːr/
5820	komplikacija	complication	/komplikǎːt͡sija/
5821	metkom	bullet	/ˈmɛtkom/
5822	procjena	estimate, evaluation	/prôt͡sjena/
5823	kape	cap	/ˈkapɛ/
5824	ravna	straight, right	/ˈravnɐ/
5825	televizija	television	/teleʋǐːzija/
5826	održavati	to preserve, maintain, keep	/odr̩ʒǎːʋati/
5827	bacaj	second-person singular imperative of bacati	/ˈbatsɑj/
5828	trg	square	/tr̩̂ːɡ/
5829	plavim	blue	/ˈplavɪm/
5830	poludjeti	to go mad, go crazy	/polǔːdjeti/
5831	komunicirati	to communicate	/komunit͡sǐːrati/
5832	psiholog	psychologist	/psixǒloɡ/
5833	nakaze	freak, monster	/ˈnakɐzɛ/
5834	locirati	to locate	/lot͡sǐːrati/
5835	udruženje	association, society	/udruʒěːɲe/
5836	štene	puppy	/ʃtěne/
5837	vatrogasac	fireman	/ʋatroɡǎːsat͡s/
5838	originalno	originally	/ôriɡinaːlno/
5839	bračni	marriage; marital	/brâːt͡ʃniː/
5840	slepi	blind	/ˈslɛpɪ/
5841	grah	bean	/ɡrâx/
5842	vrištati	to scream	/ʋrǐːʃtati/
5843	važnost	importance	/ʋǎːʒnoːst/
5844	grkljan	gullet	/ɡř̩kʎan/
5845	gepek	luggage	/ˈɡɛpɛk/
5846	višak	excess	/ʋǐːʃak/
5847	glede	as regards, concerning	/ɡlêde/
5848	upotrebiti	to use, utilize	/upotrěːbiti/
5849	uspostaviti	to establish something for a longer period	/uspǒstaʋiti/
5850	funta	pound	/fûːnta/
5851	otvorenog	open, opened, uncovered	/ˈotvoˌrɛnoɡ/
5852	sluškinja	servant, maidservant	/slûʃkiɲa/
5853	poraziti	to defeat	/ˈporɐˌzɪtɪ/
5854	tajnica	female secretary	/tâːjnit͡sa/
5855	ćošak	corner	/t͡ɕǒʃak/
5856	veteran	veteran	/ʋetěraːn/
5857	jasni	clear, limpid	/ˈjasnɪ/
5858	ćebe	blanket	/t͡ɕêbe/
5859	trudimo	to try, make an effort	/ˈtrudɪmo/
5860	ispitivati	to interrogate, question	/ispitǐːʋati/
5861	dubina	depth	/dubǐna/
5862	sluh	hearing	/slûːx/
5863	os	axis	/ôːs/
5864	dijagnozu	diagnosis	/ˈdijɐɡˌnozʊ/
5865	juha	soup	/jǔːxa/
5866	sadašnjost	nowness	/ˈsadɐʃɲost/
5867	kobra	cobra	/kôbra/
5868	omlet	omelette	/ˈomlɛt/
5869	zlatom	in/with gold	/zlâːtom/
5870	magično	magically	/mǎɡit͡ʃno/
5871	objavila	to proclaim, declare, announce	/ˈobjɐˌvɪlɐ/
5872	zalazak	descent; sunset, moonset	/zǎlazak/
5873	brojati	to count, number, enumerate	/brǒjati/
5874	bankar	banker	/bǎnkaːr/
5875	mršav	thin, lean	/mr̂ʃaʋ/
5876	belac	white male	/běːlat͡s/
5877	nezavisnost	independence	/nezǎːʋisnoːst/
5878	argument	argument	/arɡǔment/
5879	agresivan	aggressive, offensive	/âɡresiːʋan/
5880	medije	medium	/ˈmɛdɪje/
5881	ustanova	institution	/ûstanoʋa/
5882	plešu	bald spot	/ˈplɛʃʊ/
5883	magnet	a magnet	/mǎɡneːt/
5884	lupa	loupe	/lûpa/
5885	primati	imperfective form of prímiti	/prǐːmati/
5886	perje	feathers, plumage	/pêːrje/
5887	namera	intent, intention	/nâːmera/
5888	spopalo	to seize, overcome	/ˈspopɐlo/
5889	sklon	to be favorable towards	/sklôn/
5890	grožđe	grapes	/ɡrôːʒd͡ʑe/
5891	doživjeti	to live to see	/doʒǐːʋjeti/
5892	svjež	fresh	/sʋjêʒ/
5893	rodu	gender	/ˈrodʊ/
5894	ušlo	to enter, go into, come in	/ˈuʃlo/
5895	siroti	orphaned	/ˈsirotɪ/
5896	laser	laser	/lâser/
5897	jelen	male deer, buck, stag	/jělen/
5898	biskup	bishop	/bîskup/
5899	prevesti	to lead across/over	/preʋěsti/
5900	učite	to learn, study	/ˈutʃɪtɛ/
5901	ljutnje	anger	/ˈʎutɲe/
5902	kaiš	belt, girdle	/kǎiʃ/
5903	fraza	phrase	/ˈfrazɐ/
5904	pecivo	bun, pastry	/pêt͡siːʋo/
5905	džez	jazz	/d͡ʒêz/
5906	tenkovi	tank	/ˈtɛŋkovɪ/
5907	videlo	light, daylight	/ˈvidɛlo/
5908	snimljen	to photograph	/ˈsnimʎen/
5909	ležati	to lie, recline	/lěʒati/
5910	pijanica	drunkard	/pǐjanit͡sa/
5911	kvart	neighborhood, area	/kʋârt/
5912	meka	Any place considered to be a very important place to visit…	/mêka/
5913	ukusan	tasteful	/ǔkusan/
5914	filmski	as if on a movie or a film	/fîlmskiː/
5915	medena	made with honey	/ˈmɛdɛnɐ/
5916	alkoholičar	alcoholic	/alkoxǒlit͡ʃaːr/
5917	odvjetnica	lawyer, attorney	/ǒdʋjetnit͡sa/
5918	zgrabiti	to seize, grip, grab, grasp, clutch	/zɡrâbiti/
5919	sumnjiv	suspicious	/sǔmɲiʋ/
5920	tanjur	plate, dish	/tǎɲuːr/
5921	bajka	fairy tale	/bâːjka/
5922	zagrliti	to hug	/zǎɡrliti/
5923	časno	honorably, respectably	/t͡ʃâsno/
5924	bace	to throw, cast	/ˈbatsɛ/
5925	boginje	smallpox	/bǒɡiɲe/
5926	presude	verdict	/ˈprɛsʊdɛ/
5927	smrtonosno	lethally, fatally, mortally	/smrtǒnosno/
5928	gusto	densely	/ɡûːsto/
5929	polica	shelf	/ˈpolɪtsɐ/
5930	nacrt	sketch	/nǎːt͡sr̩t/
5931	uha	ear	/ˈuhɐ/
5932	pozivnica	invitation card	/ˈpozɪvˌnɪtsɐ/
5933	seljak	peasant, farmer	/sěʎaːk/
5934	oboriti	to bring down, knock off, throw down	/obǒriti/
5935	odsek	department	/ˈotsɛk/
5936	maestro	maestro	/maěstro/
5937	loptica	a small ball	/lôptit͡sa/
5938	pedera	a gay person, homosexual; faggot, homo, queer	/ˈpɛdɛrɐ/
5939	kurir	courier	/kǔriːr/
5940	praksu	usage, use, practice	/ˈpraksʊ/
5941	grčki	in a Greek manner, as a Greek	/ɡr̩̂t͡ʃkiː/
5942	ranim	early	/ˈranɪm/
5943	čudim	to surprise, to amaze, astonish	/ˈtʃudɪm/
5944	šetao	to walk, stroll	/ˈʃɛtɐo/
5945	bosanski	in a Bosnian manner, as a Bosnian	/bǒsanskiː/
5946	praktički	practically	/prǎktit͡ʃki/
5947	pevati	to sing	/pêʋati/
5948	uvući	to pull in, draw in	/uʋǔːt͡ɕi/
5949	kup	heap	/kûp/
5950	čokoladni	chocolate	/t͡ʃôkolaːdniː/
5951	pretvarala	to turn into, to transform, to change	/ˈprɛtvɑˌrɐlɐ/
5952	sumrak	dusk, twilight	/sûmraːk/
5953	šestoro	six persons of different gender/sex	/ʃêstoro/
5954	disciplina	discipline	/dist͡siplǐːna/
5955	peri	to wash	/ˈpɛrɪ/
5956	piramida	a pyramid	/ˈpirɐˌmɪdɐ/
5957	značajan	significant	/znât͡ʃaːjan/
5958	patnja	suffering, agony	/pǎtɲa/
5959	elegantno	elegantly	/eleɡǎntno/
5960	jezgra	core, nucleus	/jěːzɡra/
5961	kormilo	helm, rudder	/kǒrmilo/
5962	patetično	pathetically	/patětit͡ʃno/
5963	svojeg	one's own	/ˈsvojeɡ/
5964	smela	brave, bold, courageous	/ˈsmɛlɐ/
5965	teksta	genitive singular of tȅkst	/têksta/
5966	prisutnost	presence	/prisǔːtnoːst/
5967	krem	cream, creme	/ˈkrɛm/
5968	greben	reef	/ɡrêbeːn/
5969	tjerati	to force, make	/tjêrati/
5970	inteligentan	intelligent	/inteliɡěntan/
5971	nježan	tender, delicate, soft	/ɲêʒan/
5972	iskupiti	to ransom, to buy out, to redeem	/iskǔːpiti/
5973	suv	dry, dried	/sûːʋ/
5974	babu	grandmother	/ˈbabʊ/
5975	grobnica	tomb, sepulchre	/ɡrôbnit͡sa/
5976	častan	honorable	/t͡ʃâstan/
5977	moralno	morally	/mǒraːlno/
5978	nit	thread	/nîːt/
5979	ravan	straight, right	/rǎːʋan/
5980	kišobran	umbrella	/kîʃobraːn/
5981	smireno	calmly, serenely	/smîːreno/
5982	vala	truthfully, honestly	/ʋǎlaː/
5983	cigara	cigar	/t͡siɡǎːra/
5984	popuniti	to fill	/pǒpuniti/
5985	novinarka	journalist	/nôʋinaːrka/
5986	upisati	to write in	/upǐːsati/
5987	kite	bunch, bouquet	/ˈkitɛ/
5988	poteza	stroke, move	/ˈpotɛzɐ/
5989	dugim	long	/ˈduɡɪm/
5990	gnezdo	nest	/ɡněːzdo/
5991	pauka	spider	/ˈpaʊkɐ/
5992	mati	mother	/mâti/
5993	pesnik	poet	/pêsniːk/
5994	sitna	tiny, small	/ˈsitnɐ/
5995	lovom	hunt, hunting	/ˈlovom/
5996	rađa	third-person singular present of ráđati	/ˈradʑɐ/
5997	sedativ	sedative	/sedǎtiːʋ/
5998	paze	to beware, watch out, be careful	/ˈpazɛ/
5999	krajnji	furthest, outermost, extreme, last, utmost	/krâːjɲiː/
6000	novak	recruit	/nǒʋaːk/
6001	otjerati	to drive away, turn away, scare away	/ǒtjerati/
6002	svest	consciousness	/sʋêːst/
6003	putujete	to travel	/ˈputʊˌjetɛ/
6004	kamenu	stone	/ˈkamɛnʊ/
6005	klaun	clown	/klâun/
6006	žaljenje	regret	/ʒâʎeːɲe/
6007	dokažemo	first-person plural present of dokázati	/ˈdokɐˌʒɛmo/
6008	maraka	stamp, label	/mâraːkaː/
6009	računovođa	accountant	/rat͡ʃunǒʋod͡ʑa/
6010	plesali	to dance	/ˈplɛsɐlɪ/
6011	ispratiti	to see off	/ǐspratiti/
6012	otkup	buyout, purchase	/ǒtkup/
6013	komora	larder, pantry, closet, boxroom or utility room	/kǒmora/
6014	vrućina	heat	/ʋrut͡ɕǐna/
6015	terorizam	terrorism	/terorǐzam/
6016	depozit	deposit	/dêpoziːt/
6017	crijevo	gut, bowel, intestine	/t͡srjěːʋo/
6018	olako	easily	/ôlako/
6019	krenule	to move, set in motion	/ˈkrɛnʊlɛ/
6020	šokantno	shockingly	/ʃokǎntno/
6021	siva	grey	/ˈsivɐ/
6022	genij	genius	/ɡêːniːj/
6023	kal	mud	/kâːl/
6024	privlačan	handsome, attractive, comely	/prîʋlaːt͡ʃan/
6025	sprovod	funeral	/ˈsprovod/
6026	ris	lynx	/rîs/
6027	psihološki	psychologically	/psixǒloʃkiː/
6028	iznimno	exceptionally	/ǐzniːmno/
6029	sitni	tiny, small	/ˈsitnɪ/
6030	ograda	fence, enclosure	/ôɡrada/
6031	donekle	somewhat, to a certain extent, to a certain degree	/dǒnekle/
6032	praznina	emptiness, vacancy	/praznǐna/
6033	skriven	clandestine	/skrǐʋen/
6034	princip	principle	/prǐnt͡siːp/
6035	iznajmiti	to rent, lease	/iznǎːjmiti/
6036	dubok	deep	/dǔbok/
6037	zenama	pupil	/ˈzɛnɐmɐ/
6038	zastoj	stoppage, jamming, slowdown	/zǎːstoj/
6039	palim	to kindle, light, set fire to	/ˈpalɪm/
6040	plesao	to dance	/ˈplɛsɐo/
6041	spora	slow	/ˈsporɐ/
6042	kviz	quiz	/ˈkviz/
6043	rujna	reddish, dark red	/ˈrujnɐ/
6044	trenuci	moment	/ˈtrɛnʊtsɪ/
6045	trpjeti	to suffer	/třːpjeti/
6046	kanta	can	/kǎːnta/
6047	stadion	stadium	/ˈstadɪon/
6048	reagirati	to react	/reaɡǐːrati/
6049	uveo	alternative form of uvènuo	/ǔʋeo/
6050	lider	leader	/lǐːder/
6051	odlučan	resolute, energetic, decisive, decided	/ôdluːt͡ʃan/
6052	trauma	trauma	/trǎuma/
6053	iznijeti	to carry out, take out	/ǐznjeːti/
6054	lažima	lie, untruth, falsity, fib	/ˈlaʒɪmɐ/
6055	trajao	to last, continue	/ˈtrɑjɐo/
6056	vrela	hot, boiling	/ˈvrɛlɐ/
6057	vrlina	virtue	/ʋrlǐna/
6058	rasprava	debate, discussion	/râːspraʋa/
6059	odobriti	to approve	/odǒbriti/
6060	kriket	cricket	/krǐket/
6061	slala	to send	/ˈslalɐ/
6062	komesar	commissioner	/koměsaːr/
6063	organ	organ	/ǒrɡaːn/
6064	semestar	semester	/sěmestar/
6065	svugde	everywhere	/sʋûɡde/
6066	određen	certain	/ǒdreːd͡ʑen/
6067	grozni	terrible, awful, horrible	/ˈɡroznɪ/
6068	španjolski	Spanish	/ʃpǎɲoːlskiː/
6069	naredi	to order	/ˈnɑrɛdɪ/
6070	kockar	gambler	/kôt͡skaːr/
6071	stožer	pivot	/ˈstoʒɛr/
6072	dohvatiti	to reach	/dǒxʋatiti/
6073	okriviti	to accuse, blame, impute	/okrǐːʋiti/
6074	povećanje	increase	/ˈpovɛtˌɕɐɲe/
6075	tablica	tablet, slate	/tǎblit͡sa/
6076	uložiti	to invest	/ulǒʒiti/
6077	smena	shift	/smêna/
6078	odri	bier	/ˈodrɪ/
6079	smejati	to laugh	/smějati/
6080	različito	differently, dissimilarly	/rǎːzlit͡ʃito/
6081	slabić	weakling	/slǎbiːt͡ɕ/
6082	veže	to bind, fasten, tie	/ˈvɛʒɛ/
6083	jes	yes!, yeah!	/jês(ː)/
6084	poboljšati	to improve	/pobǒʎʃati/
6085	cent	cent	/t͡sênt/
6086	logika	logic	/ˈloɡɪkɐ/
6087	ležim	to lie, recline	/ˈlɛʒɪm/
6088	sredstvima	means, medium	/srědstʋima/
6089	uzbudljiv	exciting	/uzbǔdʎiʋ/
6090	celim	whole	/ˈtsɛlɪm/
6091	ratova	war	/ˈratovɐ/
6092	govoru	speech	/ˈɡovorʊ/
6093	gluh	deaf	/ɡlûːx/
6094	poništiti	to cancel, annul, revoke	/pǒniʃtiti/
6095	senka	shade; shadow	/sêːnka/
6096	hladnjak	refrigerator	/xlâːdɲaːk/
6097	upale	inflammation, pneumonia	/ˈupɐlɛ/
6098	sućut	condolences	/sût͡ɕuːt/
6099	tužba	charges, accusation	/tǔʒba/
6100	mučiš	to be silent	/ˈmutʃɪʃ/
6101	sredina	middle	/sredǐna/
6102	sperma	sperm	/spěrma/
6103	obnoviti	to restore, renovate	/obnǒʋiti/
6104	predsjednica	female chairperson	/ˈprɛtsjedˌnɪtsɐ/
6105	odgoditi	to delay	/odɡǒditi/
6106	očuh	stepfather	/ˈotʃʊh/
6107	travi	grass	/ˈtravɪ/
6108	tečnost	fluidity	/ˈtɛtʃnost/
6109	bolničar	nurse	/bǒːlnit͡ʃaːr/
6110	uvečer	this evening	/ˈuvɛtʃɛr/
6111	ljubaznost	kindness	/ʎûbaznoːst/
6112	izraziti	to express	/izrǎːziti/
6113	uporan	persistent, determined	/ûpoːran/
6114	potencijalno	potentially	/pôtent͡sijaːlno/
6115	porukom	message	/ˈporʊkom/
6116	strelac	archer, bowman	/strěːlat͡s/
6117	petom	heel	/ˈpɛtom/
6118	temelj	foundation	/těmeʎ/
6119	indijski	in an Indian manner, as an Indian	/ǐndiːjskiː/
6120	svirala	pipe	/sʋǐrala/
6121	saveznik	ally	/sǎːʋezniːk/
6122	prikazati	to describe, present	/prikǎːzati/
6123	lisicama	vixen	/ˈlisɪtˌsɐmɐ/
6124	odjeljenje	department	/odjeʎěːɲe/
6125	gotovina	cash	/ɡotoʋǐna/
6126	pomoćni	auxiliary	/pǒmot͡ɕniː/
6127	građane	citizen	/ˈɡradʑɐnɛ/
6128	kladi	log, block	/ˈkladɪ/
6129	seci	to cut, chop, chip, hew	/ˈsɛtsɪ/
6130	zajebati	to screw up, mess up, blow it	/zajěbati/
6131	lipnja	June	/ˈlipɲɐ/
6132	izdaleka	from afar, from far away	/izdalěka/
6133	doživotno	lifelong	/dôʒiʋotno/
6134	opak	wicked, evil	/ôpaːk/
6135	audicija	audition	/audǐːt͡sija/
6136	napredovati	to make progress, progress, advance	/nǎpredoʋati/
6137	stoke	cattle	/ˈstokɛ/
6138	filozofija	philosophy	/ˈfiloˌzofɪjɐ/
6139	uzrokovati	to cause, to induce, to trigger	/ǔːzrokoʋati/
6140	procenat	percent	/prǒt͡senat/
6141	formula	rule	/ˈformʊlɐ/
6142	mrzimo	to hate	/ˈmrzimo/
6143	preporuka	recommendation	/prêporuka/
6144	tužilaštvo	prosecutor's office	/tǔʒilaːʃtʋo/
6145	znatno	considerably, substantially	/znâtno/
6146	izmet	excrement	/ǐzmet/
6147	vagon	car	/ʋǎɡoːn/
6148	ruskom	Russian	/ˈruskom/
6149	avenija	avenue	/avěːnija/
6150	organizirati	to organize	/orɡanizǐːrati/
6151	identifikovati	to identify	/iděntifikoʋati/
6152	bojnik	major	/bôːjniːk/
6153	završni	final, concluding, last	/zǎːʋrʃniː/
6154	sprej	spray	/sprêj/
6155	čvor	knot	/t͡ʃʋôːr/
6156	obožavalac	fan, admirer	/oboʒǎʋalat͡s/
6157	detektor	detector	/dětektor/
6158	uveren	sure, certain, convinced	/ǔʋeren/
6159	suho	neuter nominative/accusative/vocative singular of sȗh	/ˈsuho/
6160	trinaest	thirteen	/ˈtrinɐɛst/
6161	sirup	syrup	/sǐrup/
6162	varka	illusion	/ˈʋarka/
6163	viša	feminine nominative/vocative singular	/ˈviʃɐ/
6164	lobanja	skull	/lǒbaɲa/
6165	topi	to melt	/ˈtopɪ/
6166	lukav	cunning	/lûkaʋ/
6167	stub	pillar	/stûːb/
6168	sviđati	to like, please	/sʋǐːd͡ʑati/
6169	ruž	lipstick	/ˈruʒ/
6170	sobarica	valet	/ˈsobɑˌrɪtsɐ/
6171	ratove	war	/ˈratovɛ/
6172	vesela	happy, cheerful, merry	/ˈvɛsɛlɐ/
6173	sastaviti	to put together, combine, compile, assemble	/sǎstaʋiti/
6174	romantičan	romantic	/romǎntit͡ʃan/
6175	kornjača	turtle	/kǒrɲat͡ʃa/
6176	prihod	income, revenue	/prǐːxod/
6177	posuda	dish, plate	/pôsuda/
6178	beg	escape	/bêːɡ/
6179	igralište	playground	/ǐɡraliːʃte/
6180	bakterija	bacterium	/bǎkteːrija/
6181	suncem	sun	/ˈsuntsɛm/
6182	bolesnik	a patient, a sick man	/bolěsniːk/
6183	plač	cry	/plât͡ʃ/
6184	eventualno	possibly, conceivably	/êʋentuaːlno/
6185	stado	herd, flock	/ˈstado/
6186	barut	gunpowder	/bǎːrut/
6187	mekan	soft, tender	/mêkan/
6188	blagom	mild, gentle, soft, slight	/ˈblaɡom/
6189	kuhanje	verbal noun of kȕhati: cooking	/kûxaːɲe/
6190	svibnja	May	/ˈsvibɲɐ/
6191	deka	blanket	/dêka/
6192	beskrajno	endlessly	/bêskraːjno/
6193	delim	to divide, separate	/ˈdɛlɪm/
6194	prime	to receive, get	/ˈprimɛ/
6195	srpski	Serbs; Serbian	/sr̩̂pskiː/
6196	tvrđava	fortress, stronghold, fortified place	/tʋř̩d͡ʑaʋa/
6197	nezamislivo	inconceivably, unimaginably, unthinkably	/nezamǐsliʋo/
6198	nasljednik	heir, inheritor	/nǎːsʎedniːk/
6199	promašiti	to miss	/prǒmaʃiti/
6200	režim	regime, mode	/rěʒiːm/
6201	računar	computer	/rat͡ʃǔnaːr/
6202	čelik	steel	/t͡ʃělik/
6203	ambicija	ambition	/ˈambɪtˌsɪjɐ/
6204	stupa	A mortar	/stûpa/
6205	obred	rite	/ǒbred/
6206	ljubiti	to kiss	/ʎǔːbiti/
6207	stope	to merge, unite, assimilate	/ˈstopɛ/
6208	prijevara	fraud, scam, swindle	/ˈprijeˌvɑrɐ/
6209	značaj	significance, importance	/znât͡ʃaːj/
6210	istočni	eastern	/ǐstot͡ʃniː/
6211	tačna	exact, accurate	/ˈtatʃnɐ/
6212	mađioničar	magician	/mad͡ʑiǒnit͡ʃaːr/
6213	skalpel	scalpel	/skǎlpel/
6214	teritorij	territory	/terǐtoːriːj/
6215	ventil	valve	/ʋěntiːl/
6216	ozljeda	injury, wound	/ôzʎeda/
6217	serum	serum	/sěːrum/
6218	pljačkaš	robber, raider, looter	/ˈpʎatʃkɐʃ/
6219	mrs	food containing meat and animal fat	/mr̂ːs/
6220	ukrcavanje	verbal noun of ukrcavati impf: loading, embarkation,…	/ukr̩t͡sǎːʋaːɲe/
6221	teškom	heavy, weighty	/ˈtɛʃkom/
6222	vrpcu	ribbon, tape, streamer	/ˈvrptsu/
6223	poraza	defeat	/ˈporɐzɐ/
6224	kutu	corner	/ˈkutʊ/
6225	manjak	lack, shortage, deficiency	/mǎːɲak/
6226	studenta	student	/ˈstudɛntɐ/
6227	dijagnoza	diagnosis	/dijaɡnǒːza/
6228	nevino	innocently	/nêʋiːno/
6229	bjegunac	fugitive	/bjeɡǔːnat͡s/
6230	knjigom	book	/ˈkɲiɡom/
6231	vagina	vagina	/ʋaɡǐːna/
6232	suđe	dishes	/sǔd͡ʑe/
6233	dionica	share	/diǒnit͡sa/
6234	podijeli	to divide, separate	/ˈpodɪˌjelɪ/
6235	posluga	servants	/pôsluɡa/
6236	pukotina	crack, break	/pǔkotina/
6237	zrake	air	/ˈzrakɛ/
6238	brendi	brandy	/ˈbrɛndɪ/
6239	trijezan	sober	/trjěːzan/
6240	kile	hernia	/ˈkilɛ/
6241	lovim	to hunt	/ˈlovɪm/
6242	sličnost	similarity, resemblance	/slît͡ʃnoːst/
6243	kolo	wheel	/kôlo/
6244	alternativa	alternative	/ˈaltɛrˌnɐtɪvɐ/
6245	limuzina	limousine	/limuzǐːna/
6246	karmin	lipstick	/ˈkɑrmɪn/
6247	nagon	instinct	/nǎːɡon/
6248	peru	to wash	/ˈpɛrʊ/
6249	verenik	fiancé	/ʋêreniːk/
6250	žuto	yellow	/ˈʒuto/
6251	globalno	globally	/ɡlǒbaːlno/
6252	trenutačno	currently	/trênutaːt͡ʃno/
6253	primim	to receive, get	/ˈprimɪm/
6254	mesar	butcher	/meˈsar/
6255	peške	on foot	/pêʃkeː/
6256	zatražiti	to request, ask for, seek	/zatrǎːʒiti/
6257	ograničen	limited, bounded, confined	/oɡrǎnit͡ʃen/
6258	pjesnik	poet	/pjêsniːk/
6259	dižem	to lift, raise, elevate	/ˈdiʒɛm/
6260	prethodnih	previous, earlier	/ˈprɛthodnɪh/
6261	oktobar	October	/ǒktoːbar/
6262	poznavati	to know, have knowledge of	/poznǎːʋati/
6263	čarapa	sock	/t͡ʃǎrapa/
6264	strela	arrow	/strěːla/
6265	niska	array	/nîska/
6266	sirota	orphan	/sirǒta/
6267	riže	rice	/ˈriʒɛ/
6268	lovimo	to hunt	/ˈlovɪmo/
6269	biciklom	bicycle	/ˈbitsɪklom/
6270	meki	soft	/ˈmɛkɪ/
6271	sprijeda	in front, ahead	/sprijěːda/
6272	kiselina	acid	/kiselǐna/
6273	civil	civilian	/ˈtsivɪl/
6274	sastojak	ingredient	/sǎːstojak/
6275	koma	coma	/kôma/
6276	mehaničar	mechanic	/ˈmɛhɐˌnɪtʃɑr/
6277	bitanga	rogue, rascal	/bǐtaːnɡa/
6278	davi	to choke, strangle	/ˈdavɪ/
6279	stepen	degree	/stêpeːn/
6280	šesnaest	sixteen	/ˈʃɛsnɐɛst/
6281	remen	belt, girdle	/rêmeːn/
6282	struka	vocation, profession	/strûka/
6283	zamijenili	to exchange	/ˈzamɪˌjenɪlɪ/
6284	ribolov	fishing	/ˈribolov/
6285	redova	row	/ˈrɛdovɐ/
6286	plod	fruit	/plôːd/
6287	rođendanski	birthday	/rôd͡ʑendaːnskiː/
6288	sišla	to descend, get down, come down	/ˈsiʃlɐ/
6289	smeđa	brown	/ˈsmɛdʑɐ/
6290	maraton	marathon	/mâratoːn/
6291	nastradati	to die, perish	/nastrǎːdati/
6292	batina	club	/bǎtina/
6293	jaci	synonym of jadnik	/ˈjatsɪ/
6294	daska	board, plank	/dǎska/
6295	dvoru	castle	/ˈdvorʊ/
6296	sredu	Wednesday	/ˈsrɛdʊ/
6297	kolko	misspelling of kol'ko	/ˈkolko/
6298	konac	end	/kǒnat͡s/
6299	komedija	comedy	/kǒmeːdija/
6300	obići	to circle, go around	/obǐːt͡ɕi/
6301	debeljko	fatty, fatso	/deběːʎko/
6302	opera	opera	/ôpera/
6303	akt	act	/âkt/
6304	naveče	in the evening	/nâʋet͡ʃeː/
6305	rimski	Roman	/rîːmskiː/
6306	efekt	effect	/ěfekt/
6307	obuka	training	/ôbuka/
6308	splav	raft, float	/splâːʋ/
6309	isplata	payment	/îsplata/
6310	ranjiv	vulnerable	/rǎɲiʋ/
6311	levu	left	/ˈlɛvʊ/
6312	srž	essence	/sr̩̂ːʒ/
6313	planinski	mountain, mountainous, hilly	/plǎniːnskiː/
6314	zaštitni	protective	/zǎːʃtitniː/
6315	prilaz	access, approach	/prǐːlaz/
6316	točan	exact, accurate	/tôt͡ʃan/
6317	gitara	guitar	/ˈɡitɑrɐ/
6318	parada	parade	/parǎːda/
6319	arapski	Arab	/ǎrapskiː/
6320	tvornica	factory	/tʋǒːrnit͡sa/
6321	pokolj	massacre, slaughter	/pǒkoʎ/
6322	grci	Greek	/ˈɡrtsi/
6323	gumb	button	/ɡûmb/
6324	upalu	inflammation, pneumonia	/ˈupɐlʊ/
6325	odmarati	to rest, refresh, relax	/odmǎːrati/
6326	imovina	fortune, property	/ˈimoˌvɪnɐ/
6327	prihvatljivo	acceptably	/prixʋǎtʎiʋo/
6328	krivično	penally, criminally	/krǐʋit͡ʃno/
6329	uvrijediti	to insult	/uʋrjěːditi/
6330	varati	to cheat, deceive, trick, swindle	/ʋârati/
6331	kazati	to say, to state	/kǎːzati/
6332	garancija	guarantee, assurance	/ɡarǎnt͡sija/
6333	ručni	hand; manual	/rût͡ʃniː/
6334	naselje	settlement	/nǎːseːʎe/
6335	prolaziti	to pass, go	/prǒlaziti/
6336	dječake	boy, youngster	/ˈdjetʃɐkɛ/
6337	mlado	young	/ˈmlado/
6338	softver	software	/sôftʋeːr/
6339	bacač	thrower	/bǎt͡saːt͡ʃ/
6340	oblacima	cloud	/ˈoblɐtˌsɪmɐ/
6341	provera	audit	/ˈprovɛrɐ/
6342	učinak	effect	/ǔt͡ʃinak/
6343	plafon	ceiling	/ˈplafon/
6344	pokloniti	to give	/poklǒniti/
6345	velikodušan	generous	/ʋelikǒduʃan/
6346	adrenalin	adrenaline	/adrenǎliːn/
6347	stavljati	to put, place	/stǎːʋʎati/
6348	palica	bat	/pâlit͡sa/
6349	makro	pimp	/mǎkroː/
6350	raspraviti	to discuss, debate	/rǎspraʋiti/
6351	ubod	sting, stab, prick	/ǔːbod/
6352	glupača	a stupid woman	/ɡlǔpat͡ʃa/
6353	peska	sand	/ˈpɛskɐ/
6354	paša	pasture	/pâʃa/
6355	ruksak	rucksack, backpack, knapsack	/rûksaːk/
6356	plakanje	crying	/plâkaːɲe/
6357	naklonost	affection	/ˈnaklonost/
6358	luna	moon	/lǔːna/
6359	mjera	measure	/mjêra/
6360	kardinal	cardinal	/kardǐnaːl/
6361	kupa	cup, goblet	/kûpa/
6362	zaključiti	to conclude	/zakʎǔːt͡ʃiti/
6363	pokazivati	to show, demonstrate	/pokazǐːʋati/
6364	žutu	yellow	/ˈʒutʊ/
6365	zoološki	zoological	/zoǒloʃkiː/
6366	jedinstveno	uniquely	/jedǐnstʋeno/
6367	vijek	century	/ʋjêːk/
6368	zrno	grain	/zr̂no/
6369	okupiti	to gather, assemble, rally	/ǒkupiti/
6370	najam	rent, lease	/nǎːjam/
6371	smeštaj	accommodation, housing	/smêʃtaːj/
6372	repom	tail	/ˈrɛpom/
6373	islam	Islam	/ǐslaːm/
6374	žuriti	to hurry, rush	/ʒǔːriti/
6375	podeli	to divide, separate	/ˈpodɛlɪ/
6376	strijela	arrow	/strjěːla/
6377	napora	effort	/ˈnaporɐ/
6378	školovanje	schooling, education	/ʃkôloʋaːɲe/
6379	ljubomora	jealousy	/ʎubǒmora/
6380	fakat	really, truly, indeed	/fâkat/
6381	nesumnjivo	undoubtedly	/nesǔmɲiʋo/
6382	primate	second-person plural present of primati	/ˈprimɐtɛ/
6383	reagovati	to react	/rěaɡoʋati/
6384	zapisati	to write down, record	/zapǐːsati/
6385	nafta	oil, petroleum, naphtha	/nâfta/
6386	ratom	war	/ˈratom/
6387	majstore	master	/ˈmɑjstorɛ/
6388	nekolicina	a group of several, a few men; several of	/nekolit͡sǐna/
6389	golub	dove, pigeon	/ˈɡolʊb/
6390	depresija	depression	/ˈdɛprɛˌsɪjɐ/
6391	ekonomski	economically	/ekǒnomskiː/
6392	poraditi	to make an effort, exert oneself, go out of one's way, make…	/porǎːditi/
6393	grašak	pea	/ɡrǎːʃak/
6394	finansije	finance	/finǎnsije/
6395	sova	owl	/sǒːʋa/
6396	poslanik	representative	/pǒslaniːk/
6397	služavka	servant	/ˈsluʒɐfkɐ/
6398	carski	imperially	/t͡sâːrskiː/
6399	suma	sum, total	/sûma/
6400	poplava	flood	/pôplaʋa/
6401	jelovnik	menu	/jelǒʋniːk/
6402	preokret	revolution, turning point	/prêokreːt/
6403	ves	all, complete, whole	/ˈʋɛːs/
6404	vlasnica	owner	/ʋlâːsnit͡sa/
6405	prirodan	natural	/prǐːrodan/
6406	novembar	November	/nǒʋeːmbar/
6407	sidro	anchor	/sîdro/
6408	organizam	organism	/orɡanǐzam/
6409	igranja	genitive singular of igranje	/ˈiɡrɐɲɐ/
6410	detinjstvo	childhood	/ˈdɛtɪɲstvo/
6411	hladi	to cool	/ˈxladɪ/
6412	policu	shelf	/ˈpolɪtsʊ/
6413	posjedu	possession, ownership	/ˈposjedʊ/
6414	osobina	feature, characteristic	/osobǐna/
6415	dužnik	debtor	/dǔʒniːk/
6416	venčati	to marry	/ʋěnt͡ʃati/
6417	čarobno	magically	/t͡ʃârobno/
6418	zeta	zeta; the Greek letter Ζ, ζ	/ˈzɛtɐ/
6419	seminar	seminar	/semǐnaːr/
6420	jevrejin	Jew	/jěʋrejin/
6421	municija	ammunition	/ˈmunɪtˌsɪjɐ/
6422	široko	widely, broadly	/ʃirǒko/
6423	garda	guard	/ɡâːrda/
6424	repa	turnip	/ˈrɛpɐ/
6425	kvadrat	square	/kʋǎdraːt/
6426	sredinom	around the middle, in/at the middle	/sredǐnoːm/
6427	smesti	to confuse, bewilder	/smêsti/
6428	penjanje	verbal noun of penjati impf: climbing	/pěɲaːɲe/
6429	dramatično	dramatically	/dramǎtit͡ʃno/
6430	odgovarajući	corresponding	/odɡoʋǎːrajuːt͡ɕiː/
6431	vladin	government's, of a government	/ʋlǎːdin/
6432	anonimno	anonymously	/ânoniːmno/
6433	identifikacija	identification	/identifikǎːt͡sija/
6434	namjerom	intent, intention	/ˈnamjerom/
6435	kodeks	codex	/kǒdeks/
6436	peć	furnace	/ˈpɛtɕ/
6437	kontejnera	dumpster	/ˈkontejˌnɛrɐ/
6438	nizbrdo	downhill	/nîzbrdo/
6439	tečaj	course	/ˈtɛtʃɑj/
6440	pticama	bird	/ˈptitsɐmɐ/
6441	torpedo	torpedo	/torpěːdo/
6442	koplja	spear, lance	/ˈkopʎɐ/
6443	siledžija	ruffian, bully, rowdy	/silěd͡ʒija/
6444	gadne	ugly, disgusting, repulsive	/ˈɡadnɛ/
6445	smanjenje	decrease	/ˈsmaɲeɲe/
6446	oprez	caution	/ôpreːz/
6447	oraha	walnut	/ˈorɐhɐ/
6448	kult	cult	/kûlt/
6449	polici	shelf	/ˈpolɪtsɪ/
6450	trajala	to last, continue	/ˈtrɑjɐlɐ/
6451	kočija	coach	/kǒt͡ʃija/
6452	manastir	monastery	/mânastiːr/
6453	upotreba	use, usage	/ûpotreba/
6454	div	giant	/dîʋ/
6455	potok	brook, stream	/pǒtok/
6456	tenkova	tank	/ˈtɛŋkovɐ/
6457	bič	whip	/bît͡ʃ/
6458	gospa	lady	/ɡǒːspa/
6459	zločinac	criminal	/zlǒt͡ʃinat͡s/
6460	sportu	sport	/ˈsportʊ/
6461	jagoda	strawberry	/jâɡoda/
6462	jezgro	core, nucleus	/jěːzɡro/
6463	zastupnik	representative, agent, delegate	/zǎːstupniːk/
6464	samostalno	independently, autonomously	/sâmostaːlno/
6465	mladunče	animal young	/mladǔːnt͡ʃe/
6466	šalila	to joke; to joke around	/ˈʃalɪlɐ/
6467	čistač	cleaner	/t͡ʃǐstaːt͡ʃ/
6468	stvarčica	little thing	/ˈstvɑrtʃɪtsɐ/
6469	poreklo	origin	/porěːklo/
6470	čule	to hear	/ˈtʃulɛ/
6471	foto	photo, photograph	/fôto/
6472	belim	white	/ˈbɛlɪm/
6473	lijevi	left	/ljêːʋiː/
6474	nikud	nowhere, nowhither	/nîkud/
6475	realno	realistically	/rêaːlno/
6476	dara	gift	/ˈdɑrɐ/
6477	tanka	thin	/ˈtaŋkɐ/
6478	remi	rummy	/ˈrɛmɪ/
6479	primoran	to force, coerce	/ˈprimorɐn/
6480	pokrivati	to cover	/pokrǐːʋati/
6481	učenica	pupil	/ût͡ʃenit͡sa/
6482	travnjak	grassland	/trâːʋɲaːk/
6483	kraljev	king; king's	/krǎːʎeʋ/
6484	pohod	campaign	/pǒxod/
6485	dvor	castle	/dʋôːr/
6486	tuci	to beat, thrash	/ˈtutsɪ/
6487	našle	to find, discover	/ˈnaʃlɛ/
6488	uredno	tidily, neatly	/ûredno/
6489	odoljeti	to resist, withstand	/odǒʎeti/
6490	rublja	ruble	/rûbʎa/
6491	plovi	third-person singular present	/ˈplovɪ/
6492	funkcija	function	/fǔnkt͡sija/
6493	razine	level	/ˈrazɪnɛ/
6494	parkirati	to park	/parkǐːrati/
6495	bure	barrel	/bûre/
6496	štakora	rat	/ˈʃtakorɐ/
6497	pametnjaković	smart aleck, wise guy	/pametɲǎːkoʋit͡ɕ/
6498	štakor	rat	/ʃtâkor/
6499	potpredsjednik	vice president	/potprěːdsjedniːk/
6500	formalno	formally	/fǒrmaːlno/
6501	slama	straw	/slâma/
6502	monstrum	monster	/mǒŋstrum/
6503	jutarnji	morning	/jûtaːrɲiː/
6504	građanski	citizen, civilian; civil, civilian	/ɡrâd͡ʑanskiː/
6505	kamila	camel	/kǎmila/
6506	stanovništvo	population	/stanoʋnǐːʃtʋo/
6507	zaspi	to fall asleep	/ˈzaspɪ/
6508	zasjeda	ambush	/zâːsjeda/
6509	kanjon	canyon	/kǎɲoːn/
6510	osuditi	to judge	/osǔːditi/
6511	zaručnica	fiancé	/zǎːrut͡ʃnit͡sa/
6512	štapić	small stick or cane	/ʃtǎpit͡ɕ/
6513	istraživač	explorer	/istraʒǐʋaːt͡ʃ/
6514	snajper	a long-range small arms for precise attacks	/ˈsnɑjpɛr/
6515	jamu	excavation, hole, cavity	/ˈjamʊ/
6516	posrednik	mediator, middleman	/pǒsredniːk/
6517	nekomu	dative of nȅtko / nȅko	/nêkomu/
6518	bikini	bikini	/bǐkiːni/
6519	kuku	woe	/kûkuː/
6520	ručnik	towel	/rǔt͡ʃniːk/
6521	evakuacija	evacuation	/eʋakuǎːt͡sija/
6522	jastuka	pillow	/ˈjastʊkɐ/
6523	domom	home, house	/ˈdomom/
6524	dječaku	boy, youngster	/ˈdjetʃɐkʊ/
6525	buš	to be, to exist	/ˈbuʃ/
6526	veterinar	veterinarian, vet	/ʋeterǐnaːr/
6527	pokopati	to bury, inter	/pokǒpati/
6528	zalazi	descent; sunset, moonset	/ˈzalɐzɪ/
6529	praksa	usage, use, practice	/prâksa/
6530	imidž	image	/ˈimɪdʒ/
6531	kurcu	penis, dick, cock	/ˈkurtsʊ/
6532	prost	common, plain, vulgar, ignoble	/prôst/
6533	sporta	sport	/ˈsportɐ/
6534	raspao	to decay, decompose	/ˈraspɐo/
6535	akcenat	alternative form of àkcent	/ǎkt͡senat/
6536	primaš	second-person singular present of primati	/ˈprimɐʃ/
6537	levi	left	/lêːʋiː/
6538	kometa	comet	/koměːta/
6539	slali	to send	/ˈslalɪ/
6540	prelazak	crossing	/prělazak/
6541	udio	share, portion	/ǔːdio/
6542	vukao	to drag, draw, pull	/ˈvukɐo/
6543	ji	them	/ji/
6544	efikasno	effectively	/êfikasno/
6545	skakati	to jump, leap	/skǎːkati/
6546	popravak	repair	/pǒpraʋak/
6547	bezobrazan	impudent, insolent	/bezǒbrazan/
6548	poreći	to deny	/pǒret͡ɕi/
6549	telefonirati	to telephone	/telefonǐːrati/
6550	obrisati	to wipe	/ǒbrisati/
6551	boci	bottle	/ˈbotsɪ/
6552	gama	gamma, the Greek letter Γ, γ	/ɡâma/
6553	kavijar	caviar	/ˈkavɪjɑr/
6554	osetljiv	sensitive	/osětʎiʋ/
6555	boleti	to hurt, ache	/bǒleti/
6556	obračun	confrontation, clash, fight	/ôbrat͡ʃuːn/
6557	dugova	debt	/ˈduɡovɐ/
6558	novajlija	novice, beginner	/noʋǎjlija/
6559	naizgled	in appearance, apparently, seemingly, on the face of it, by…	/nâizɡleːd/
6560	poštanski	mail/post	/pôʃtanskiː/
6561	klijentica	female client	/ˈklijenˌtɪtsɐ/
6562	dizajner	designer	/dizǎjner/
6563	stid	shame	/stîːd/
6564	beloj	white	/ˈbɛloj/
6565	rabin	rabbi	/rǎbiːn/
6566	savjeta	council	/ˈsavjetɐ/
6567	zbor	meeting, gathering	/zbôːr/
6568	stoljećima	for centuries	/stǒʎet͡ɕima/
6569	veseo	happy, cheerful, merry	/ʋêseo/
6570	vezom	connection, link	/ˈvɛzom/
6571	bora	wrinkle	/bǒːra/
6572	posmatrati	to observe, to watch	/posmǎːtrati/
6573	lutalica	wanderer	/lǔːtalit͡sa/
6574	stvor	being, creature, especially in a sense opposed to God as…	/stʋôːr/
6575	inteligencija	intelligence	/inteliɡěnt͡sija/
6576	propalo	to fall through, fall into, sink	/ˈpropɐlo/
6577	gripa	flu, influenza	/ɡrîpa/
6578	kapsula	capsule	/kǎpsula/
6579	podatak	datum, fact, information	/podǎːtak/
6580	naprava	device, gadget, appliance, apparatus	/nâːpraʋa/
6581	zavjera	conspiracy, plot	/zǎːʋjera/
6582	valovi	wave	/ˈvalovɪ/
6583	letjelica	flying machine; aircraft or spacecraft	/lětjelit͡sa/
6584	osmi	eighth	/ôsmiː/
6585	zakopati	to bury	/zakǒpati/
6586	razviti	to develop	/rǎzʋiti/
6587	ljupko	prettily, charmingly	/ʎûpko/
6588	ruse	Russian	/ˈrusɛ/
6589	patku	drake	/ˈpatkʊ/
6590	kazao	to say, to state	/ˈkazɐo/
6591	bogato	richly, lavishly, profusely	/bǒɡato/
6592	mudra	wise	/ˈmudrɐ/
6593	poslodavac	employer	/poslodǎːʋat͡s/
6594	krajevima	end, ending	/ˈkrɑjeˌvɪmɐ/
6595	sive	grey	/ˈsivɛ/
6596	grana	branch	/ɡrǎːna/
6597	diploma	degree	/ˈdiplomɐ/
6598	bubu	bug	/ˈbubʊ/
6599	taksista	taxi driver, cab driver	/ˈtaksɪstɐ/
6600	popušiti	to smoke out a cigarette, finish a cigar	/pǒpuʃiti/
6601	meksički	Mexican	/měksit͡ʃkiː/
6602	unijeti	to bring in	/ǔnijeːti/
6603	naopačke	upside down	/nâopat͡ʃkeː/
6604	žurite	to hurry, rush	/ˈʒurɪtɛ/
6605	administracija	administration	/administrǎːt͡sija/
6606	razdoblje	period, era, epoch	/rǎːzdoːbʎe/
6607	napadati	to attack	/nǎpadati/
6608	neizbježno	unavoidably, inevitably	/nêizbjeːʒno/
6609	vući	to drag, draw, pull	/ʋǔːt͡ɕi/
6610	značka	badge	/znât͡ʃka/
6611	zabavne	amusing, entertaining	/ˈzabɐvnɛ/
6612	lepim	nice, pretty	/ˈlɛpɪm/
6613	savladati	to defeat	/saʋlǎːdati/
6614	impresionirati	to impress	/impresionǐːrati/
6615	akademija	academy	/akaděmija/
6616	simpatičan	attractive, engaging	/simpǎtit͡ʃan/
6617	orah	walnut	/ǒrax/
6618	ribica	fish	/rîbit͡sa/
6619	sit	sated, full	/sît/
6620	svagda	always, all the times	/sʋâɡda/
6621	suradnik	collaborator	/ˈsurɐdnɪk/
6622	posudi	dish, plate	/ˈposʊdɪ/
6623	vodoinstalater	plumber	/ʋodoinstalǎteːr/
6624	kvaka	handle	/kʋâka/
6625	potiljak	back of the head; occiput	/pǒtiʎak/
6626	svezi	fastening, strap, band	/ˈsvɛzɪ/
6627	razotkriti	to reveal, uncover	/razǒtkriti/
6628	pjevanje	singing	/ˈpjevɐɲe/
6629	petlja	loop	/pêtʎa/
6630	rutina	routine	/rutǐna/
6631	visio	to hang, be suspended	/ˈvisɪo/
6632	pretraga	search	/prêtraɡa/
6633	zaručnik	fiancé	/zǎːrut͡ʃniːk/
6634	hljeb	bread	/xʎêb/
6635	stupiti	to step	/stǔːpiti/
6636	mak	poppy	/mâk/
6637	bacao	active past participle of bacati	/ˈbatsɐo/
6638	uske	narrow	/ˈuskɛ/
6639	dlan	the palm of the hand	/dlân/
6640	garaža	garage	/ɡarǎːʒa/
6641	dragu	bay, gulf	/ˈdraɡʊ/
6642	grip	flu, influenza	/ˈɡrip/
6643	sisi	woman's breast	/ˈsisɪ/
6644	azil	asylum	/ǎziːl/
6645	nadgledati	to supervise, oversee	/nadɡlěːdati/
6646	smoking	tuxedo, dinner jacket	/smǒkinɡ/
6647	šetam	to walk, stroll	/ˈʃɛtɐm/
6648	strujom	electricity	/ˈstrujom/
6649	biblioteka	library	/bibliotěːka/
6650	studentima	student	/ˈstudɛnˌtɪmɐ/
6651	sjedalo	seat	/sjêdalo/
6652	radijacija	radiation	/ˈradɪˌjɐtsɪjɐ/
6653	izbjegavati	to avoid	/izbjeɡǎːʋati/
6654	posjedovanje	owning, possessing, possession	/ˈposjeˌdovɐɲe/
6655	osramotiti	to disgrace, bring shame, ashame	/osramǒtiti/
6656	arogantan	arrogant	/aroɡǎntan/
6657	kazalište	theatre	/kǎzaliːʃte/
6658	nagoditi	to agree, to reach an agreement, to make a deal, to strike…	/naɡǒditi/
6659	klinjo	kid	/klǐːɲo/
6660	jato	flock	/jâto/
6661	kabinet	workroom	/ˈkabɪnɛt/
6662	šlag	whipped cream	/ʃlâːɡ/
6663	karneval	carnival	/karněʋaːl/
6664	prasak	crack, bang	/prâːsak/
6665	odozdo	from beneath, from under	/odǒzdoː/
6666	evolucija	evolution	/eʋolǔːt͡sija/
6667	liječiti	to cure, treat	/ljěːt͡ʃiti/
6668	muha	fly	/mǔxa/
6669	krumpir	potato	/krǔmpiːr/
6670	božica	goddess	/ˈboʒɪtsɐ/
6671	korišten	past passive participle of koristiti impf	/kǒriʃten/
6672	momčad	team, crew	/mômt͡ʃaːd/
6673	vrane	black, raven-colored	/ˈvranɛ/
6674	začas	in a minute, in a moment, right away	/zǎt͡ʃas/
6675	gradić	a small city	/ˈɡradɪtɕ/
6676	stabilno	stably	/stâbiːlno/
6677	orman	ambry, closet, wardrobe	/ǒrmaːn/
6678	slugu	servant	/ˈsluɡʊ/
6679	sramiti	to be shy	/srǎːmiti/
6680	morem	sea	/ˈmorɛm/
6681	djelić	small part	/djělit͡ɕ/
6682	lave	lion	/ˈlavɛ/
6683	diskretno	discretely	/dǐskretno/
6684	topline	heat, warmth	/ˈtoplɪnɛ/
6685	rukovati	to handle, manage, operate	/rûkoʋati/
6686	ženiš	to marry	/ˈʒɛnɪʃ/
6687	drot	wire	/ˈdrot/
6688	gospon	mister	/ˈɡospon/
6689	suvo	dry, dried	/ˈsuvo/
6690	kora	bark	/kôra/
6691	smetnja	obstacle, hindrance	/směːtɲa/
6692	uslov	condition	/ǔːsloʋ/
6693	jahač	horseman	/jǎxaːt͡ʃ/
6694	skota	litter	/ˈskotɐ/
6695	usko	narrow	/ˈusko/
6696	isprobati	to try, test	/isprǒːbati/
6697	niži	low	/ˈniʒɪ/
6698	ravnatelj	headmaster, principal	/rǎʋnateʎ/
6699	rulja	mob, rabble	/rûʎa/
6700	tjelohranitelj	bodyguard	/tjeloxrǎniteʎ/
6701	doživeo	to live to see	/ˈdoʒɪˌvɛo/
6702	talijanski	as an Italian	/talǐjaːnskiː/
6703	severa	north	/ˈsɛvɛrɐ/
6704	spasilac	rescuer, savior	/spǎsilat͡s/
6705	uspon	rise, ascent	/ǔːspon/
6706	opaki	wicked, evil	/ˈopɐkɪ/
6707	repu	tail	/ˈrɛpʊ/
6708	ortaci	partner, associate	/ˈortɐtsɪ/
6709	posetiti	to visit	/pǒsetiti/
6710	uvredljivo	insultingly	/uʋrědʎiʋo/
6711	ružnu	ugly, unattractive	/ˈruʒnʊ/
6712	stupanj	degree	/ˈstupɐɲ/
6713	stih	verse	/stîx/
6714	amater	amateur	/amǎteːr/
6715	poslovanje	doing business, business activity, dealings	/posloʋǎːɲe/
6716	naići	come across, meet, encounter, come along	/naǐːt͡ɕi/
6717	povest	history	/pôʋeːst/
6718	steći	to acquire, get, gain, obtain	/stět͡ɕi/
6719	mornaricu	navy	/ˈmornɑˌrɪtsʊ/
6720	gdo	who	/ˈɡdoː/
6721	pluta	cork, the bast of the cork oak	/plûta/
6722	poslastica	delicacy	/pǒslastit͡sa/
6723	zahvaljivati	to thank	/zaxʋaʎǐːʋati/
6724	negativac	villain	/neɡatǐːʋat͡s/
6725	srijeda	Wednesday	/srijěːda/
6726	medalja	medal	/mědaʎa/
6727	smirena	calm, serene	/ˈsmirɛnɐ/
6728	nebeski	celestial, heavenly	/neběskiː/
6729	rešila	to solve	/ˈrɛʃɪlɐ/
6730	vol	ox	/ʋôːl/
6731	šetati	to walk, stroll	/ʃěːtati/
6732	smeli	brave, bold, courageous	/ˈsmɛlɪ/
6733	izbaviti	to free, liberate	/ǐzbaʋiti/
6734	trošak	cost, expense	/trôʃak/
6735	centralni	central, main	/t͡sěntraːlniː/
6736	uvaliti	to sprawl	/uʋǎːliti/
6737	ultrazvuk	ultrasound	/ûltrazʋuːk/
6738	rub	rim	/rûːb/
6739	proizvodnja	production	/proizʋǒdɲa/
6740	lavova	lion	/ˈlavovɐ/
6741	karavan	caravan	/karǎʋaːn/
6742	živom	mercury	/ˈʒivom/
6743	bandit	bandit	/bǎndiːt/
6744	kapital	capital	/ˈkapɪtɐl/
6745	navići	alternative form of nàviknuti	/nǎʋit͡ɕi/
6746	kućica	house	/kût͡ɕit͡sa/
6747	hitni	urgent	/ˈxitnɪ/
6748	dolaskom	arrival, advent	/ˈdolɐskom/
6749	pravno	legally, juridically	/prâːʋno/
6750	krevete	bed	/ˈkrɛvɛtɛ/
6751	kuvanje	verbal noun of kȕvati	/kûʋaːɲe/
6752	kali	third-person singular present	/ˈkalɪ/
6753	lezbijka	lesbian	/ˈlɛzbɪjkɐ/
6754	članke	article	/ˈtʃlaŋkɛ/
6755	porijeklo	origin	/porjěːklo/
6756	sportske	sporting, sport	/ˈsportskɛ/
6757	financijski	financially	/finǎnt͡siːjskiː/
6758	institucija	institution	/institǔːt͡sija/
6759	venama	vein	/ˈvɛnɐmɐ/
6760	sahraniti	to bury	/saxrǎːniti/
6761	radaru	radar	/ˈradɑrʊ/
6762	nepravedno	unjustly, unfairly	/nêpraʋedno/
6763	molili	to ask, request, beg	/ˈmolɪlɪ/
6764	svojevoljno	voluntarily	/sʋôjeʋoːʎno/
6765	prtljaga	luggage	/pr̩tʎǎːɡa/
6766	nestabilan	unstable	/nêstabiːlan/
6767	mimo	by, past	/mîmo/
6768	blizanac	twin	/blizǎːnat͡s/
6769	podzemlje	underground	/pǒːdzeːmʎe/
6770	nežan	tender, delicate, soft	/nêʒan/
6771	zasluga	merit, credit	/zâːsluɡa/
6772	ledene	ice; icy, glacial	/ˈlɛdɛnɛ/
6773	čestitati	to congratulate	/t͡ʃestǐːtati/
6774	ambiciozan	ambitious	/âmbit͡sioːzan/
6775	štreber	nerd, tryhard	/ʃtrěːber/
6776	priručnik	manual, reference book	/prǐːrut͡ʃniːk/
6777	zarad	alternative form of zȁradi	/zârad/
6778	anomalija	anomaly	/anomǎlija/
6779	urin	urine	/ǔriːn/
6780	zamci	fortress, castle	/ˈzamtsɪ/
6781	pronalazak	finding, discovery	/pronǎlazak/
6782	razlikovati	to differ, distinguish, differentiate	/rǎːzlikoʋati/
6783	odsjeći	to cut off	/ǒdsjet͡ɕi/
6784	očaj	despair	/ôt͡ʃaːj/
6785	poteškoća	difficulty, trouble	/poteʃkǒt͡ɕa/
6786	lija	fox	/lǐːja/
6787	poniženje	humiliation	/poniʒěːɲe/
6788	decembar	December	/dět͡seːmbar/
6789	rađaju	third-person plural present of ráđati	/ˈradʑɑjʊ/
6790	bolničarka	nurse	/bǒːlnit͡ʃaːrka/
6791	votka	vodka	/ˈvotkɐ/
6792	blage	mild, gentle, soft, slight	/ˈblaɡɛ/
6793	savršenstvo	perfection	/saʋrʃěnstʋo/
6794	drugove	friend	/drûɡoʋe/
6795	klik	cry, scream, cheer, shriek	/klîk/
6796	brodski	ship; nautical	/brǒdskiː/
6797	ujedno	simultaneously, at the same time	/ûjedno/
6798	govnar	piece of shit, shithead	/ɡǒʋnaːr/
6799	pohlepa	greed	/pôxlepa/
6800	dignuti	alternative form of dȉći	/dîɡnuti/
6801	neprekidno	constantly, continuously, uninterruptedly	/nêprekiːdno/
6802	palata	palace	/ˈpalɐtɐ/
6803	nedužan	innocent	/nêduːʒan/
6804	diva	alternative form of díba	/dǐːʋa/
6805	staromodan	old-fashioned	/stâromoːdan/
6806	svečano	solemnly, formally	/sʋět͡ʃano/
6807	izložba	exhibit	/ǐzloʒba/
6808	igralištu	playground	/ˈiɡrɐˌlɪʃtʊ/
6809	teror	terror	/těroːr/
6810	uklanjanje	removal, elimination	/ˈuklɐˌɲɐɲe/
6811	ujaku	maternal uncle	/ˈujɐkʊ/
6812	oštrica	blade	/ǒʃtrit͡sa/
6813	crte	line	/ˈtsrtɛ/
6814	tradicionalno	traditionally	/trâdit͡sionaːlno/
6815	musliman	a male follower of Islam; a Muslim	/muslǐmaːn/
6816	jarac	billy goat	/jârat͡s/
6817	kancelar	chancellor	/kant͡sělaːr/
6818	nemoguć	impossible	/nêmoɡuːt͡ɕ/
6819	masaža	massage	/masǎːʒa/
6820	željama	wish, desire	/ˈʒɛʎɐmɐ/
6821	uzaludno	in vain, futilely	/ûzaluːdno/
6822	sedlo	saddle	/sědlo/
6823	usled	due to, because of, in consequence of	/ûsled/
6824	slanina	bacon	/slǎnina/
6825	plesač	dancer	/plěsaːt͡ʃ/
6826	širok	broad, wide	/ʃǐrok/
6827	silovatelj	rapist	/ˈsiloˌvɐtɛʎ/
6828	uđimo	to enter, go into, come in	/ˈudʑɪmo/
6829	artefakt	artifact	/ârtefakt/
6830	smej	can, may, be allowed to	/ˈsmej/
6831	blagoslovljen	blessed	/blaɡǒsloʋʎen/
6832	duhovno	spiritually	/dǔxoːʋno/
6833	nindža	ninja	/nîːnd͡ʒa/
6834	tehničar	technician	/těxnit͡ʃaːr/
6835	ćutiš	to be silent, to shut up	/ˈtɕutɪʃ/
6836	dž	for free; very cheap	/dʒ/
6837	kongresmen	congressman	/kǒnɡresmen/
6838	oštre	sharp	/ˈoʃtrɛ/
6839	biser	pearl	/bǐser/
6840	mišić	muscle	/mǐʃiːt͡ɕ/
6841	poručnica	lieutenant	/pǒrut͡ʃnit͡sa/
6842	šolja	cup	/ʃǒːʎa/
6843	zaspiš	to fall asleep	/ˈzaspɪʃ/
6844	posude	dish, plate	/ˈposʊdɛ/
6845	uvjerljivo	convincingly	/uʋjěrʎiʋo/
6846	novčanica	banknote	/noʋt͡ʃǎnit͡sa/
6847	bezopasan	harmless	/bêzopaːsan/
6848	šape	paw, pad	/ˈʃapɛ/
6849	poboljšanje	improvement	/poboʎʃǎːɲe/
6850	muhe	fly	/ˈmuhɛ/
6851	veština	skill	/ʋeʃtǐna/
6852	neuspeh	failure	/nêuspex/
6853	pređu	yarn	/ˈprɛdʑʊ/
6854	kupus	cabbage	/kǔpus/
6855	svadbeni	wedding celebration	/sʋǎdbeniː/
6856	guba	mushroom	/ˈɡubɐ/
6857	irski	Irish	/îːrskiː/
6858	amo	hither, here	/âːmo/
6859	visokoj	high, tall	/ˈvisokoj/
6860	prekidati	imperfective form of prèkinuti	/prekǐːdati/
6861	onde	over there	/ǒːnde/
6862	pohlepan	greedy, avaricious	/pôxleːpan/
6863	ranom	early	/ˈranom/
6864	zamjeriti	to reproach, criticize, condemn, find faults with	/zǎːmjeriti/
6865	obmana	deception	/ôbmana/
6866	siđem	to descend, get down, come down	/ˈsidʑɛm/
6867	kolenima	knee	/ˈkolɛˌnɪmɐ/
6868	pečenje	roasting	/ˈpɛtʃɛɲe/
6869	šaliti	to joke; to joke around	/ʃâliti/
6870	petljati	to decide	/pětʎati/
6871	smrtonosan	lethal, fatal, deadly	/smrtǒnosan/
6872	ljekar	physician, doctor	/ˈʎekɑr/
6873	utjeha	consolation, comfort, solace	/ûtjexa/
6874	poslana	to send	/ˈposlɐnɐ/
6875	stopu	foot	/ˈstopʊ/
6876	pripremljen	prepared, ready	/ˈpriprɛmʎen/
6877	hod	walk, gait	/xôːd/
6878	medicina	medicine	/medit͡sǐːna/
6879	sitniš	coins	/sǐtniːʃ/
6880	astronaut	astronaut	/astronǎut/
6881	gospodarica	mistress	/ɡospodǎrit͡sa/
6882	uvuci	to pull in, draw in	/ˈuvʊtsɪ/
6883	nezgodan	inconvenient	/nězɡodan/
6884	ukras	decoration, ornament	/ûkraːs/
6885	obavljati	to do, perform, complete, carry out	/ǒbaʋʎati/
6886	gadnu	ugly, disgusting, repulsive	/ˈɡadnʊ/
6887	zaraza	contagion	/zâːraza/
6888	priznali	to acknowledge, recognize	/ˈpriznɐlɪ/
6889	guru	guru	/ˈɡurʊ/
6890	jagnje	lamb; a young sheep	/jâɡɲe/
6891	esej	essay	/ěseːj/
6892	generalni	general	/ˈɡɛnɛˌrɐlnɪ/
6893	guze	ass; asscheek	/ˈɡuzɛ/
6894	ventilator	fan, ventilator	/ʋentǐlaːtor/
6895	osvajanje	conquest	/osʋǎːjaːɲe/
6896	ulični	street	/ˈulɪtʃnɪ/
6897	smireni	calm, serene	/ˈsmirɛnɪ/
6898	formalnost	formality	/formǎːlnoːst/
6899	podzemni	underground	/ˈpodʑɛmnɪ/
6900	ustaje	to stand up, rise	/ˈustɑje/
6901	napore	effort	/ˈnaporɛ/
6902	samuraj	samurai	/samǔraːj/
6903	otmičar	kidnapper	/ǒtmit͡ʃaːr/
6904	maksimum	maximum	/mǎksimum/
6905	nasred	in the middle of	/nâsred/
6906	prisustvovati	to be present	/prǐsustʋoʋati/
6907	nađeni	to find, discover	/ˈnadʑɛnɪ/
6908	dvorana	auditorium, hall, arena	/dʋorǎna/
6909	vladao	to rule, reign, govern	/ˈvladɐo/
6910	krvavo	bloodily	/kr̂ʋaʋo/
6911	juli	July	/jûːli/
6912	ometati	to disrupt, hamper, hinder, interfere with	/oměːtati/
6913	potomak	descendant	/pǒtomak/
6914	ležiš	to lie, recline	/ˈlɛʒɪʃ/
6915	marihuana	marijuana	/marixuǎna/
6916	abortus	miscarriage	/abǒrtus/
6917	drzak	impudent, insolent, cheeky	/dr̂zak/
6918	mokro	wet	/ˈmokro/
6919	promatrati	to look over, to examine by looking	/promǎːtrati/
6920	sedamnaest	seventeen	/ˈsɛdɐmˌnɐɛst/
6921	domova	home, house	/ˈdomovɐ/
6922	klopka	snare, trap	/klôpka/
6923	ropstvo	slavery	/rǒpstʋo/
6924	rodbina	relatives, kin, kindred	/rôdbina/
6925	ujeo	to bite	/ˈujeo/
6926	robom	slave	/ˈrobom/
6927	irac	Irishman	/ǐːrat͡s/
6928	praska	crack, bang	/ˈpraskɐ/
6929	simulacija	simulation	/simulǎːt͡sija/
6930	spektakularno	spectacularly	/spêktakulaːrno/
6931	zidina	ruins	/zǐdina/
6932	okretati	to turn, spin	/okrěːtati/
6933	prognoza	forecast	/proɡnǒːza/
6934	upravi	board of directors, directorate	/ˈuprɐvɪ/
6935	francuskinja	Frenchwoman	/frǎnt͡suskiɲa/
6936	meniju	menu	/ˈmɛnɪjʊ/
6937	platno	linen	/plǎːtno/
6938	upalite	to set fire to, set on fire, burn, light, ignite	/ˈupɐˌlɪtɛ/
6939	trup	torso, trunk, body	/trûːp/
6940	susretu	meeting	/ˈsusrɛtʊ/
6941	ribar	fisherman	/ˈribɑr/
6942	očev	paternal	/ǒt͡ʃeʋ/
6943	tražen	to seek, look for, search	/ˈtraʒɛn/
6944	katalog	catalog, catalogue	/katǎloɡ/
6945	padobran	parachute	/pâdobraːn/
6946	pokrivač	blanket	/ˈpokrɪvɐtʃ/
6947	komičar	comedian	/kǒmit͡ʃaːr/
6948	pijanac	drunkard	/pijǎːnat͡s/
6949	presto	throne	/ˈprɛsto/
6950	mjuzikl	musical	/mjǔzikl̩/
6951	algoritam	algorithm	/alɡorǐtam/
6952	retardiran	retarded	/retǎrdiːran/
6953	meke	soft	/ˈmɛkɛ/
6954	manevar	maneuver	/mǎneːʋar/
6955	određenog	certain	/ˈodrɛdˌʑɛnoɡ/
6956	buket	bouquet	/bǔkeːt/
6957	zlom	evil	/ˈzlom/
6958	sponzor	sponsor	/spônzor/
6959	knjižnici	library	/ˈkɲiʒnɪtsɪ/
6960	afera	scandal	/afěːra/
6961	planirati	to plan	/planǐːrati/
6962	ikakav	any, of any kind	/îkakaʋ/
6963	geto	ghetto	/ɡêto/
6964	predator	predator	/prědaːtor/
6965	jade	misery	/ˈjadɛ/
6966	ustajem	to stand up, rise	/ˈustɑjem/
6967	provalnik	burglar	/prǒʋaːlniːk/
6968	gazdarica	housewife	/ɡâzdarit͡sa/
6969	večnost	eternity	/ˈvɛtʃnost/
6970	meša	mass	/ˈmɛʃɐ/
6971	demokratija	democracy	/demokrǎːtija/
6972	klovna	clown	/ˈklovnɐ/
6973	urediti	to put in order, to order, to organize	/urěːditi/
6974	pastir	shepherd	/pǎstiːr/
6975	frend	male friend	/frênd/
6976	kamin	hearth, fireplace	/kǎmiːn/
6977	čajnik	teapot	/t͡ʃâːjniːk/
6978	august	August	/ˈaʊɡʊst/
6979	zdravstveni	health; sanitary	/zdrǎʋstʋeniː/
6980	dekan	dean	/děkaːn/
6981	neženja	bachelor	/ˈnɛʒɛɲɐ/
6982	ujediniti	to unite	/ujedǐːniti/
6983	spontano	spontaneously	/spôntaːno/
6984	trgovački	as a merchant	/tř̩ɡoʋat͡ʃkiː/
6985	vjeverica	squirrel	/ʋjêʋerit͡sa/
6986	italijan	Italian	/italǐjaːn/
6987	maše	swing, wave, sweep	/ˈmaʃɛ/
6988	strojevi	machine, engine	/ˈstrojevɪ/
6989	šalji	to send	/ˈʃaʎɪ/
6990	osnovnoj	basic, fundamental, primary	/ˈosnovnoj/
6991	orla	eagle	/ˈorlɐ/
6992	ki	which, that, who	/ˈki/
6993	mladoj	young	/ˈmladoj/
6994	trude	to try, make an effort	/ˈtrudɛ/
6995	socijalno	socially	/sôt͡sijaːlno/
6996	bakšiš	tip	/bǎkʃiʃ/
6997	osamnaest	eighteen	/ˈosɐmˌnɐɛst/
6998	mokre	wet	/ˈmokrɛ/
6999	posed	possession, ownership	/pǒːsed/
7000	crevo	gut, bowel, intestine	/t͡srěːʋo/
7001	prepala	to frighten, scare	/ˈprɛpɐlɐ/
7002	zavjet	covenant	/zǎːʋjet/
7003	plašili	to frighten, scare	/ˈplaʃɪlɪ/
7004	zelju	cabbage	/ˈzɛʎʊ/
7005	jebač	fucker	/jěbaːt͡ʃ/
7006	trač	gossip, gossiping	/trât͡ʃ/
7007	peticu	five	/ˈpɛtɪtsʊ/
7008	napadaj	seizure, attack, onset	/nâpadaːj/
7009	sili	force	/ˈsilɪ/
7010	položiti	to lay, put, place	/polǒʒiti/
7011	melodija	melody	/měloːdija/
7012	kucati	to knock, tap, beat, strike	/kût͡sati/
7013	podeliti	to divide, separate	/poděːliti/
7014	zanemariti	to neglect	/zanemǎːriti/
7015	titula	title	/tîtula/
7016	klon	clone	/klôːn/
7017	baj	to tell fortunes	/ˈbɑj/
7018	digitalni	digital	/dîɡitaːlniː/
7019	žestok	severe, violent, bitter	/ʒěstok/
7020	zarađivati	to earn	/zarad͡ʑǐːʋati/
7021	fenomenalan	phenomenal	/fênomenaːlan/
7022	filter	filter	/fǐlter/
7023	školska	school	/ˈʃkolskɐ/
7024	kula	tower	/kǔːla/
7025	legla	brood	/ˈlɛɡlɐ/
7026	organizovati	to organize	/orɡǎnizoʋati/
7027	zavera	conspiracy	/zâːʋera/
7028	naspavati	to sleep in	/naspǎːʋati/
7029	prirediti	to prepare	/prirěːditi/
7030	spasitelj	savior	/ˈspasɪtɛʎ/
7031	ren	horseradish	/rên/
7032	sonda	a probe	/ˈsondɐ/
7033	mudri	wise	/ˈmudrɪ/
7034	majčin	mother; mother's	/mâːjt͡ʃiːn/
7035	sagraditi	to build, construct	/saɡrǎːditi/
7036	skuhati	to cook	/skûxati/
7037	tipičan	typical	/tǐpit͡ʃan/
7038	vedra	clear	/ˈvɛdrɐ/
7039	centimetar	centimetre	/t͡sěntimetar/
7040	haker	hacker	/xâker/
7041	misteriozno	mysteriously	/mîsterioːzno/
7042	donator	donor, donator	/dǒnaːtor/
7043	sklopiti	to fold, fold up	/sklǒpiti/
7044	sebično	selfishly	/sěbit͡ʃno/
7045	natjecanja	competition	/ˈnatjetˌsɐɲɐ/
7046	razveden	divorced	/razʋěden/
7047	levom	left	/ˈlɛvom/
7048	nastale	to emerge, arise, develop	/ˈnastɐlɛ/
7049	suha	feminine nominative/vocative singular	/ˈsuhɐ/
7050	bezbjednost	security	/bězbjednoːst/
7051	suočio	to confront	/ˈsuotˌʃɪo/
7052	visost	highness	/ˈvisost/
7053	uznemiriti	to disturb, upset, bother, trouble	/uznemǐːriti/
7054	profesori	professor	/ˈprofɛˌsorɪ/
7055	pirinač	rice	/ˈpirɪnɐtʃ/
7056	kliše	cliché	/klǐʃeː/
7057	demokrata	democrat	/ˈdɛmoˌkrɐtɐ/
7058	atentat	assassination	/atěntaːt/
7059	naredni	following, next	/nǎːredniː/
7060	proglasiti	to declare, proclaim	/proɡlǎːsiti/
7061	mirne	motionless	/ˈmirnɛ/
7062	rijedak	rare	/rjěːdak/
7063	tvrditi	to state, claim, assert	/tʋřːditi/
7064	nadležnost	jurisdiction	/nǎːdleʒnoːst/
7065	opali	to fall	/ˈopɐlɪ/
7066	kupaći	bathing	/kǔpaːt͡ɕiː/
7067	tenkove	tank	/ˈtɛŋkovɛ/
7068	ispustiti	to drop, release, let go	/ispǔstiti/
7069	bacamo	first-person plural present of bacati	/ˈbatsɐmo/
7070	tačne	exact, accurate	/ˈtatʃnɛ/
7071	pereš	to wash	/ˈpɛrɛʃ/
7072	carica	czarina, tsarina	/t͡sârit͡sa/
7073	idol	idol	/ǐdoːl/
7074	pratilac	escort	/prǎtilat͡s/
7075	doček	reception	/dǒt͡ʃek/
7076	ožujka	March	/ˈoʒʊjkɐ/
7077	kupola	cupola	/kǔpola/
7078	šteti	damage, harm	/ˈʃtɛti/
7079	namjestiti	to put something	/nǎmjestiti/
7080	prozorima	window	/ˈprozoˌrɪmɐ/
7081	ambasada	embassy	/ambasǎːda/
7082	oltar	altar	/ǒltaːr/
7083	udoban	comfortable	/ûdoban/
7084	četa	troop, squad, host	/t͡ʃêta/
7085	merdevine	ladder	/mêrdeʋine/
7086	rendgen	X-ray	/rěndɡen/
7087	tisak	press	/ˈtisɐk/
7088	juni	June	/jûːni/
7089	mamurluk	hangover	/mamǔrluk/
7090	suočava	to confront	/ˈsuotˌʃɐvɐ/
7091	definicija	definition	/definǐːt͡sija/
7092	temelje	foundation	/ˈtɛmɛʎe/
7093	letom	summer, summertime	/ˈlɛtom/
7094	zadah	unpleasant odor, smell, stench	/zâdaːx/
7095	osvetnik	avenger	/ǒsʋetniːk/
7096	vosak	wax	/ʋôsak/
7097	poduhvat	project, undertaking	/pôduxʋat/
7098	koncentracija	concentration	/kont͡sentrǎːt͡sija/
7099	krpe	rag, tatter	/ˈkrpɛ/
7100	čovečanstvo	mankind, humanity	/t͡ʃoʋet͡ʃǎnstʋo/
7101	zeko	hare, bunny	/zěːko/
7102	podrazumijeva	to imply, suggest, insinuate	/ˈpodrɐˌzʊmɪˌjevɐ/
7103	leči	to cure, treat	/ˈlɛtʃɪ/
7104	kuharica	cook	/ˈkuhɑˌrɪtsɐ/
7105	obuzdati	to restrain, bridle	/obǔzdati/
7106	konjem	horse	/ˈkoɲem/
7107	večerašnji	this evening, tonight; this evening's, tonight's	/ʋet͡ʃěraʃɲiː/
7108	odnekud	from somewhere	/ǒdnekud/
7109	sajmu	fair, exhibition, market	/ˈsɑjmʊ/
7110	pripadnik	member	/prǐpadniːk/
7111	zabrinuto	worriedly, concernedly	/zǎbrinuːto/
7112	svodnik	pimp	/sʋôdniːk/
7113	siđe	to descend, get down, come down	/ˈsidʑɛ/
7114	uspavati	to put to sleep	/uspǎːʋati/
7115	trulo	rotten	/ˈtrulo/
7116	losion	lotion	/losǐoːn/
7117	kategorija	category	/kateɡǒrija/
7118	govedina	beef	/ɡǒʋedina/
7119	impresivan	impressive	/împresiːʋan/
7120	trn	thorn	/tr̂ːn/
7121	kontinent	continent	/kontǐnent/
7122	garant	for sure, surely, guaranteed	/ɡǎrant/
7123	janje	lamb	/jâɲe/
7124	poveli	to lead	/ˈpovɛlɪ/
7125	odlučeno	to decide	/ˈodlʊtˌʃɛno/
7126	prekršiti	to violate, transgress	/prekřːʃiti/
7127	spašavati	imperfective form of spásiti	/spaʃǎːʋati/
7128	samostan	monastery	/sâmostaːn/
7129	zabrana	prohibition, ban	/zâːbrana/
7130	biftek	beefsteak	/bǐftek/
7131	drugovima	friend	/ˈdruɡoˌvɪmɐ/
7132	vilica	jaw	/ʋîlit͡sa/
7133	zaruke	engagement	/ˈzɑrʊkɛ/
7134	kaciga	helmet	/kǎt͡siɡa/
7135	rikverc	backwards	/ˈrikvɛrts/
7136	nesiguran	unsure	/nêsiɡuːran/
7137	sarkazam	sarcasm	/ˈsɑrkɐzɐm/
7138	postotak	percentage, percent	/pǒstotak/
7139	ostavljati	to leave	/ǒstaʋʎati/
7140	elita	elite	/ˈɛlɪtɐ/
7141	ljestve	ladder	/ʎêstʋe/
7142	moguć	possible	/môɡuːt͡ɕ/
7143	seta	sorrow, melancholy	/sêta/
7144	nišani	sight	/ˈniʃɐnɪ/
7145	debil	a moron, jerk	/ˈdɛbɪl/
7146	dimnjak	chimney	/ˈdimɲɐk/
7147	završetka	ending, the end	/ˈzavrʃɛtkɐ/
7148	bljesak	flash	/ˈbʎesɐk/
7149	uzvodno	upstream	/ǔzʋodno/
7150	predsednica	female chairperson	/ˈprɛtsɛdˌnɪtsɐ/
7151	preokrenuti	to flip, reorient, switch, reverse	/preokrěːnuti/
7152	useliti	to move in	/usěliti/
7153	zapitati	to ask, question	/zapǐːtati/
7154	spasu	to fall down	/ˈspasʊ/
7155	nebom	sky	/ˈnɛbom/
7156	kesa	pouch	/kêsa/
7157	gusar	pirate, corsair	/ɡûsaːr/
7158	nepošteno	unfairly, dishonestly	/nêpoʃteno/
7159	parlament	parliament	/parlǎment/
7160	njuška	muzzle, snout	/ɲûʃka/
7161	senf	mustard	/sênf/
7162	fetus	fetus	/fěːtus/
7163	simptom	symptom	/sǐmptoːm/
7164	sita	sated, full	/ˈsitɐ/
7165	zajeb	mistake, flaw, error, slip-up, clusterfuck, etc	/zǎːjeb/
7166	vratar	janitor, porter, doorman	/ʋrǎtaːr/
7167	ukaže	to point out, point to	/ˈukɐʒɛ/
7168	aktivno	actively	/âktiːʋno/
7169	opstati	to survive	/ǒpstati/
7170	plašt	mantle, cloak, cape	/plâːʃt/
7171	krupan	large, big, voluminous	/krǔːpan/
7172	griz	bite	/ɡrîːz/
7173	upitati	to ask, question	/upǐːtati/
7174	istjerati	to drive out, drive away, expel	/ǐstjerati/
7175	krvav	bloody	/kr̂ʋaʋ/
7176	osigurač	fuse	/ˈosɪˌɡʊrɐtʃ/
7177	kopanje	digging	/ˈkopɐɲe/
7178	otvarati	to open	/otʋǎːrati/
7179	nadaren	talented, gifted	/nǎdaːren/
7180	slovima	letter	/ˈslovɪmɐ/
7181	zapovednik	commander	/zapoʋědniːk/
7182	šampon	shampoo	/ʃǎmpoːn/
7183	klinka	a small girl	/klîːnka/
7184	sire	to curdle, coagulate	/ˈsirɛ/
7185	tanak	thin	/tânak/
7186	travnja	April	/ˈtravɲɐ/
7187	pogriješiti	to err, to make a mistake	/poɡrjěːʃiti/
7188	neslužbeno	unofficially	/něsluʒbeno/
7189	obraditi	to work, till, cultivate	/obrǎːditi/
7190	smrznuti	to freeze	/smr̂znuti/
7191	severni	northern	/sêʋeːrniː/
7192	raskid	breaking, termination	/ˈraskɪd/
7193	ete	alternative form of eto	/eˈte/
7194	psihički	psychically	/psǐxit͡ʃkiː/
7195	specijalan	special	/spêt͡sijaːlan/
7196	slabu	weak	/ˈslabʊ/
7197	guska	goose	/ˈɡuskɐ/
7198	učestvovati	to participate, take part	/ǔt͡ʃestʋoʋati/
7199	smrtne	deadly	/ˈsmrtnɛ/
7200	neodoljiv	irresistible	/neodǒʎiʋ/
7201	epidemija	epidemic	/epiděmija/
7202	milioner	millionaire	/miliǒneːr/
7203	tresu	to shake	/ˈtrɛsʊ/
7204	ploči	tablet	/ˈplotʃɪ/
7205	kostur	skeleton	/kôstuːr/
7206	trudite	to try, make an effort	/ˈtrudɪtɛ/
7207	stisnuti	to press, squeeze	/stîsnuti/
7208	natjecanju	competition	/ˈnatjetˌsɐɲʊ/
7209	valcer	waltz	/ˈvaltsɛr/
7210	suprotstaviti	to oppose	/suprǒtstaʋiti/
7211	spori	slow	/ˈsporɪ/
7212	talac	hostage	/tǎːlat͡s/
7213	vladara	ruler	/ˈvladɑrɐ/
7214	zelja	cabbage	/ˈzɛʎɐ/
7215	žeđ	thirst	/ʒêːd͡ʑ/
7216	predaja	delivery, transmitting	/prêdaja/
7217	učitelji	teacher	/ˈutʃɪˌtɛʎɪ/
7218	vezali	to bind, fasten, tie	/ˈvɛzɐlɪ/
7219	korpus	body	/kǒrpus/
7220	meksikanac	Mexican	/meksikǎːnat͡s/
7221	porast	growth	/pôraːst/
7222	potresa	earthquake	/ˈpotrɛsɐ/
7223	ujakom	maternal uncle	/ˈujɐkom/
7224	dojava	tip	/dôjaʋa/
7225	ambar	granary	/ˈambɑr/
7226	predjelo	appetizer, entrée	/prědjelo/
7227	raspasti	to decay, decompose	/rǎspasti/
7228	pehar	cup	/ˈpɛhɑr/
7229	kristalno	crystally	/krǐstaːlno/
7230	pljesak	applause	/pʎêːsak/
7231	siđite	to descend, get down, come down	/ˈsidʑɪtɛ/
7232	krvoproliće	bloodshed	/kr̩ʋoprolǐːt͡ɕe/
7233	blag	mild, gentle, soft, slight	/blâːɡ/
7234	jama	excavation, hole, cavity	/jâma/
7235	perika	wig	/pěrika/
7236	zaliv	bay	/ˈzalɪv/
7237	tel	silver or golden thread or string for sewing or embroidering	/têl/
7238	jame	excavation, hole, cavity	/ˈjamɛ/
7239	mješavina	mixture	/mjěʃaʋina/
7240	kune	marten	/ˈkunɛ/
7241	monopol	monopoly	/mônopol/
7242	januar	January	/jânuaːr/
7243	gadi	to disgust, nauseate	/ˈɡadɪ/
7244	dobrovoljac	volunteer	/dobroʋǒːʎat͡s/
7245	delić	small part	/dělit͡ɕ/
7246	jeziv	creepy, eerie, spooky	/jěziʋ/
7247	zuri	to stare	/ˈzurɪ/
7248	rozi	horn	/ˈrozɪ/
7249	joga	yoga	/jǒːɡa/
7250	beton	concrete	/bětoːn/
7251	bistra	clear, clean	/ˈbistrɐ/
7252	brana	dam	/brǎːna/
7253	dižu	to lift, raise, elevate	/ˈdiʒʊ/
7254	narodom	people	/ˈnɑrodom/
7255	ran	early	/râːn/
7256	donacija	donation	/donǎːt͡sija/
7257	spore	slow	/ˈsporɛ/
7258	arija	aria	/âːrija/
7259	primiš	to receive, get	/ˈprimɪʃ/
7260	februar	February	/fêbruaːr/
7261	taktički	tactically	/tǎktit͡ʃkiː/
7262	radoznalost	curiosity	/radǒznaloːst/
7263	desile	to happen, occur	/ˈdɛsɪlɛ/
7264	potpun	total, complete, full	/pǒtpun/
7265	knez	prince	/knêːz/
7266	jednak	equal, identical, same	/jêdnaːk/
7267	rastanak	farewell	/ˈrastɐnɐk/
7268	polomiti	to thrash	/polǒmiti/
7269	vjerovanje	belief	/ˈvjeroˌvɐɲe/
7270	dizalo	elevator, lift	/dîzalo/
7271	pacijentica	patient	/ˈpatsɪˌjentɪtsɐ/
7272	lakat	elbow	/lâkat/
7273	istraživački	exploratory	/istraʒǐʋaːt͡ʃkiː/
7274	surovo	brutally	/sǔroʋo/
7275	čistačica	cleaner	/t͡ʃistǎt͡ʃit͡sa/
7276	isporučiti	to deliver	/isporǔːt͡ʃiti/
7277	silovati	to rape	/sîloʋati/
7278	kilo	hernia	/ˈkilo/
7279	suva	dry, dried	/ˈsuvɐ/
7280	sim	hither, this way, here	/ˈsim/
7281	zaposlenik	employee	/zaposlěniːk/
7282	sunašce	the sun	/ˈsunɐʃtsɛ/
7283	ogromnih	giant, huge, vast, enormous	/ˈoɡromnɪh/
7284	smiješak	smile	/smjěːʃak/
7285	hipi	hippie, hippy	/xîpi/
7286	pirat	pirate	/pǐraːt/
7287	mokri	wet	/ˈmokrɪ/
7288	članku	article	/ˈtʃlaŋkʊ/
7289	lišća	leaves	/ˈliʃtɕɐ/
7290	predrasuda	prejudice	/prědraːsuda/
7291	takozvani	so-called	/takǒzʋaːniː/
7292	profesorom	professor	/ˈprofɛˌsorom/
7293	dodavanje	addition; the act of adding to something	/dodǎːʋaːɲe/
7294	pingvin	penguin	/ˈpiŋɡvɪn/
7295	feniks	phoenix	/fěːniks/
7296	crven	red	/tsřʋen/
7297	vježbanje	practice	/ˈvjeʒbɐɲe/
7298	diplomatski	diplomatically	/diplǒmatskiː/
7299	idealan	ideal	/îdeaːlan/
7300	razmjena	exchange	/ˈrazmjenɐ/
7301	tavan	attic	/tǎʋan/
7302	šlep	barge, tugboat, tug	/ʃlêp/
7303	truba	trumpet	/ˈtrubɐ/
7304	uboda	sting, stab, prick	/ˈubodɐ/
7305	nemac	German	/něːmat͡s/
7306	viđeni	to see	/ˈvidʑɛnɪ/
7307	paranoja	paranoia	/paranǒːja/
7308	glasan	loud, noisy	/ɡlâsan/
7309	jedro	sail	/jêdro/
7310	elektronski	electronic	/elěktroːnskiː/
7311	plesni	mildew, mold	/ˈplɛsnɪ/
7312	zračenje	radiation	/zrǎːt͡ʃeːɲe/
7313	šila	awl	/ˈʃilɐ/
7314	sveža	fresh	/ˈsvɛʒɐ/
7315	intervencija	intervention	/interʋěnt͡sija/
7316	protest	protest	/prǒtest/
7317	jar	swelter, intense heat	/jâːr/
7318	populacija	population	/populǎːt͡sija/
7319	sjela	to sit down	/ˈsjelɐ/
7320	naime	however, on the other hand	/nǎime/
7321	džungla	jungle	/d͡ʒǔnɡla/
7322	ćorsokak	blind alley	/t͡ɕorsǒkaːk/
7323	navijanje	verbal noun of navijati impf	/naʋǐːjaːɲe/
7324	sedmoro	seven persons of different gender/sex	/ˈsɛdmoro/
7325	atoma	atom	/ˈatomɐ/
7326	pališ	to kindle, light, set fire to	/ˈpalɪʃ/
7327	širiti	to widen	/ʃǐːriti/
7328	plavoj	blue	/ˈplavoj/
7329	motocikl	motorcycle	/motot͡sǐkl̩/
7330	razvaliti	to demolish, raze	/razʋǎːliti/
7331	diktator	dictator	/dǐktaːtor/
7332	kauča	couch	/ˈkaʊtʃɐ/
7333	odjedanput	suddenly, unexpectedly	/odjedǎnpuːt/
7334	pik	♠, spades in card- and boardgames	/pîk/
7335	široka	broad, wide	/ˈʃirokɐ/
7336	tekućine	liquid	/ˈtɛkʊtˌɕɪnɛ/
7337	trojka	three	/trǒːjka/
7338	kokoš	hen	/kôkoːʃ/
7339	isprazniti	to empty	/isprǎːzniti/
7340	mantil	coat	/mǎntiːl/
7341	sreda	Wednesday	/srěːda/
7342	nitkov	scoundrel	/nǐtkoːʋ/
7343	buljiti	to stare, gape	/bǔːʎiti/
7344	pamuk	cotton	/pǎmuk/
7345	kuge	plague	/ˈkuɡɛ/
7346	zelje	cabbage	/zêːʎe/
7347	kaputu	coat	/ˈkapʊtʊ/
7348	deseti	tenth	/dêseti/
7349	injekcija	injection	/injěkt͡sija/
7350	caka	drollery, joke	/t͡sǎːka/
7351	osamdeset	eighty	/ˈosɐmˌdɛsɛt/
7352	tabla	blackboard	/tǎːbla/
7353	zreo	ripe	/zrêo/
7354	podignuti	alternative form of pòdići	/pǒdiɡnuti/
7355	optužnica	indictment	/ǒptuʒnit͡sa/
7356	plemenit	noble	/pleměnit/
7357	zabavom	fun, amusement	/ˈzabɐvom/
7358	cestom	road	/ˈtsɛstom/
7359	ženio	to marry	/ˈʒɛnɪo/
7360	nokat	nail	/nôkat/
7361	gaj	grove	/ɡâːj/
7362	šezdeset	sixty	/ʃezděseːt/
7363	entuzijazam	enthusiasm	/entuzijǎzam/
7364	iskra	spark	/îskra/
7365	mladež	youth	/mlâdeʒ/
7366	spasti	to fall down	/spâsti/
7367	voljen	to love	/ˈvoʎen/
7368	skuter	scooter	/skûter/
7369	rubin	ruby	/rǔbiːn/
7370	krpa	rag, tatter	/kr̩̂pa/
7371	stabilnost	stability	/stabǐːlnoːst/
7372	kolovoza	carriageway	/ˈkoloˌvozɐ/
7373	smirio	to calm, soothe, pacify	/ˈsmirɪo/
7374	nazdraviti	to toast, drink a toast	/nǎzdraʋiti/
7375	avgust	August	/ˈavɡʊst/
7376	kaputa	coat	/ˈkapʊtɐ/
7377	meko	soft	/ˈmɛko/
7378	odrezati	to cut off	/ǒdrezati/
7379	kašu	porridge	/ˈkaʃʊ/
7380	izmisliti	to make up, think up, invent	/ǐzmisliti/
7381	nekuda	somewhere	/nêkuda/
7382	oštra	sharp	/ˈoʃtrɐ/
7383	turci	Turk	/tûːrt͡si/
7384	jul	alternative spelling of jȗli, the month of July	/ˈjul/
7385	ručati	to dine, have dinner/lunch	/rǔːt͡ʃati/
7386	plav	blue	/plâːʋ/
7387	bolan	painful	/bôːlan/
7388	poni	pony	/ˈponɪ/
7389	sunčev	sunny, referring to the sun	/ˈsuntʃɛv/
7390	četrnaest	fourteen	/ˈtʃɛtrnɐɛst/
7391	petorica	five men	/petǒrit͡sa/
7392	naslednik	heir, inheritor	/nǎːsledniːk/
7393	jata	flock	/ˈjatɐ/
7394	nabiti	to cram, stuff, jam, pack compactly	/nǎbiti/
7395	sklonost	inclination, affinity, propensity	/sklônoːst/
7396	automat	automaton	/autǒmaːt/
7397	napredovanje	advancement, progress	/nǎpredoʋaːɲe/
7398	hor	chorus	/ˈxor/
7399	korijen	root	/kôrjeːn/
7400	rebro	rib	/rěbro/
7401	buditi	to awaken, rouse from sleep	/bǔːditi/
7402	listopada	fall of leaves	/ˈlistoˌpɐdɐ/
7403	grofica	countess	/ˈɡrofɪtsɐ/
7404	kečap	ketchup	/kět͡ʃap/
7405	noćima	for nights and nights	/ˈnotɕɪmɐ/
7406	gozba	feast	/ɡǒzba/
7407	nezaposlen	unemployed	/nezǎposlen/
7408	brigada	brigade	/ˈbriɡɐdɐ/
7409	ševi	lark	/ˈʃɛvɪ/
7410	veličanstven	admirable, beautiful, magnificent, wonderful	/ʋelit͡ʃǎnstʋen/
7411	flora	flora	/flôːra/
7412	bari	dative/locative singular of bȁra	/ˈbɑrɪ/
7413	uoči	just before, shortly before, on the eve of	/ǔot͡ʃi/
7414	spektakl	spectacle	/spektǎkl̩/
7415	krivio	to blame, accuse	/ˈkrivɪo/
7416	gušter	lizard	/ɡûʃter/
7417	obogatiti	to enrich	/obǒɡatiti/
7418	odabir	selection, choice	/ôdabiːr/
7419	teku	to flow, stream, pass, course, flux	/ˈtɛkʊ/
7420	pilar	sawyer	/ˈpilɑr/
7421	malene	small	/ˈmalɛnɛ/
7422	mutno	unclear, vague, opaque	/ˈmutno/
7423	ivica	border, edge	/îʋit͡sa/
7424	tvorac	creator, maker, producer	/tʋǒːrat͡s/
7425	madrac	mattress	/mǎdrat͡s/
7426	doktorat	doctorate, doctoral degree	/doktǒraːt/
7427	stazom	path, way	/ˈstazom/
7428	rode	gender	/ˈrodɛ/
7429	kanu	canoe	/kǎnuː/
7430	trajekt	ferry	/trǎjekt/
7431	povod	motive, reason	/pǒʋod/
7432	snob	snob	/snôb/
7433	vičem	to shout, yell	/ˈvitʃɛm/
7434	lubanja	skull	/ˈlubɐɲɐ/
7435	neophodan	necessary, crucial, indispensable	/nêopxodan/
7436	dugmad	buttons	/dûɡmaːd/
7437	finalu	final	/ˈfinɐlʊ/
7438	patuljaka	dwarf, gnome, midget	/ˈpatʊˌʎɐkɐ/
7439	kapacitet	capacity, capability, ability	/kapat͡sǐteːt/
7440	brend	brand	/brênd/
7441	umeju	to know how	/ˈumejʊ/
7442	retka	rare	/ˈrɛtkɐ/
7443	teroristički	terroristically	/terorǐstit͡ʃkiː/
7444	orahe	walnut	/ˈorɐhɛ/
7445	osnivač	founder	/osnǐʋaːt͡ʃ/
7446	kore	to scold, reprimand, criticize	/ˈkorɛ/
7447	kupon	coupon	/kǔpoːn/
7448	početnik	beginner	/pǒt͡ʃetniːk/
7449	bacali	masculine plural active past participle of bacati	/ˈbatsɐlɪ/
7450	doživljaj	experience, adventure	/dôʒiʋʎaːj/
7451	prahu	to wash	/ˈprahʊ/
7452	vučeš	to drag, draw, pull	/ˈvutʃɛʃ/
7453	dres	tracksuit	/drês/
7454	pazila	to beware, watch out, be careful	/ˈpazɪlɐ/
7455	loze	vine	/ˈlozɛ/
7456	zlikovac	evildoer	/zlîkoʋat͡s/
7457	djelomično	partially, partly	/djêlomit͡ʃno/
7458	nemo	mutely, dumbly	/nêːmo/
7459	džoint	joint	/d͡ʒǒint/
7460	galerija	gallery	/ɡalěrija/
7461	stajalo	to stop	/ˈstɑjɐlo/
7462	bogataš	rich man	/ˈboɡɐtɐʃ/
7463	lepak	glue	/lěːpak/
7464	rusku	Russian	/ˈruskʊ/
7465	tempo	tempo	/těmpo/
7466	spasenje	salvation, rescue	/ˈspasɛɲe/
7467	svadba	wedding	/sʋǎdba/
7468	maniri	manners	/ˈmanɪrɪ/
7469	sivo	grey	/ˈsivo/
7470	parazit	parasite	/parǎziːt/
7471	penjati	to climb, rise, ascend	/pěɲati/
7472	jasmin	jasmine	/jǎsmiːn/
7473	šutjeti	to be silent, shut up	/ʃǔːtjeti/
7474	obiteljsko	familial	/ˈobɪˌtɛʎsko/
7475	dignem	to lift, raise, elevate	/ˈdiɡnɛm/
7476	akumulator	battery	/akumǔlaːtor/
7477	truli	rotten	/ˈtrulɪ/
7478	omiljen	preferred, favorite	/ǒmiʎen/
7479	bespomoćan	helpless	/bêspomot͡ɕan/
7480	slonova	elephant	/ˈslonovɐ/
7481	ubola	to sting, prick	/ˈubolɐ/
7482	luče	onion	/ˈlutʃɛ/
7483	kajem	to repent, regret, be sorry for	/ˈkɑjem/
7484	petero	five persons of different gender/sex	/pêtero/
7485	kravo	cow	/ˈkravo/
7486	bubnjevi	drum	/ˈbubɲevɪ/
7487	pidžama	pajamas; pyjamas	/pid͡ʒǎːma/
7488	rezati	to cut	/rêzati/
7489	trojke	three	/ˈtrojkɛ/
7490	maramica	handkerchief	/mǎramit͡sa/
7491	opravdati	to justify, excuse	/ǒpraːʋdati/
7492	niza	array, sequence, series	/ˈnizɐ/
7493	rastaviti	to disassemble, dismantle, dismount	/rǎstaʋiti/
7494	blokirati	to block, obstruct	/blokǐːrati/
7495	raspali	to decay, decompose	/ˈraspɐlɪ/
7496	zavet	covenant	/zǎːʋet/
7497	rutinski	routine	/rǔtiːnskiː/
7498	rendžer	ranger	/ˈrɛndʒɛr/
7499	patuljka	dwarf, gnome, midget	/ˈpatʊʎkɐ/
7500	analitičar	analyst	/analǐtit͡ʃaːr/
7501	ekstazi	ecstasy	/ekstǎːzi/
7502	bubanj	drum	/bûːbaɲ/
7503	puštati	imperfective form of pùstiti	/pǔːʃtati/
7504	slogan	slogan	/slǒɡaːn/
7505	platforma	platform	/plǎtfoːrma/
7506	nevaljao	nasty, mean, naughty	/nevǎʎao/
7507	pojačati	to strengthen, reinforce	/pojǎt͡ʃati/
7508	opravdano	justifiably	/ǒpraːʋdano/
7509	pravnik	jurist	/prâːʋniːk/
7510	oduprijeti	to resist, withstand sb/sth	/odǔprjeːti/
7511	sarađivati	to collaborate	/sarad͡ʑǐːʋati/
7512	losos	salmon	/lôsos/
7513	ćelav	bald	/t͡ɕêlaʋ/
7514	jaguar	jaguar	/jâɡuaːr/
7515	fotoaparat	camera	/fotoapǎraːt/
7516	hrvatski	in a Croatian manner, as a Croat	/xř̩ʋaːtskiː/
7517	kupaonica	bathroom	/kupaǒːnit͡sa/
7518	kradljivac	thief	/krǎdʎiʋat͡s/
7519	zbrisati	to delete, remove	/zbrîsati/
7520	sveučilište	university	/ˈsvɛʊtˌʃɪlɪʃtɛ/
7521	fontana	fountain	/fǒntaːna/
7522	ovisnost	dependence, dependency	/ǒʋisnoːst/
7523	ljutnja	anger	/ʎǔːtɲa/
7524	teraš	to force, make	/ˈtɛrɐʃ/
7525	besmrtan	immortal	/běsmrtan/
7526	trakom	ray	/ˈtrakom/
7527	mandat	mandate	/mǎndaːt/
7528	blisko	closely, well, privately, intimately	/blîsko/
7529	pres	press	/prês/
7530	siromaštvo	poverty	/siromǎːʃtʋo/
7531	svijeća	candle	/sʋjěːt͡ɕa/
7532	smetao	to mind, care about	/ˈsmɛtɐo/
7533	trezan	sober	/trěːzan/
7534	kori	to scold, reprimand, criticize	/ˈkorɪ/
7535	pridobiti	to win over, charm	/pridǒbiti/
7536	građevina	edifice, building	/ɡrǎd͡ʑeʋina/
7537	draži	dear	/ˈdraʒɪ/
7538	olovo	lead	/ôloʋo/
7539	simpatično	attractively, prepossessingly	/simpǎtit͡ʃno/
7540	mori	an anxiety-inducing concern, a hardship	/ˈmorɪ/
7541	frekvencija	frequency	/ˈfrɛkvɛntˌsɪjɐ/
7542	vo	ox	/ʋôː/
7543	namamiti	to lure, entice	/namǎːmiti/
7544	kožom	skin	/ˈkoʒom/
7545	grč	cramp	/ɡr̩̂t͡ʃ/
7546	švedski	Swedish	/ʃʋêdskiː/
7547	odrastem	to grow up	/ˈodrɐstɛm/
7548	sišli	to descend, get down, come down	/ˈsiʃlɪ/
7549	nastavnica	teacher	/ˈnastɐvˌnɪtsɐ/
7550	predah	break, time-out, pause	/ˈprɛdɐh/
7551	modni	fashion	/môːdniː/
7552	terao	to force, make	/ˈtɛrɐo/
7553	grizu	bite	/ˈɡrizʊ/
7554	sudom	court	/ˈsudom/
7555	provjeravati	to check, confirm	/proʋjerǎːʋati/
7556	domovine	homeland	/ˈdomoˌvɪnɛ/
7557	odvojen	separated	/ǒdʋojen/
7558	balkon	balcony	/bǎlkoːn/
7559	preneti	to carry, move, bring to another place; carry over, bring…	/prěneːti/
7560	koješta	various things, all sorts of things	/kojěʃta/
7561	korišćenje	utilization, use, usage	/koriʃt͡ɕeːɲe/
7562	članka	article	/ˈtʃlaŋkɐ/
7563	izaslanik	envoy, emissary	/izaslǎniːk/
7564	jajeta	egg	/ˈjɑjetɐ/
7565	petu	heel	/ˈpɛtʊ/
7566	pena	foam	/ˈpɛnɐ/
7567	vežem	to bind, fasten, tie	/ˈvɛʒɛm/
7568	krađi	theft	/ˈkradʑɪ/
7569	volt	volt	/ˈvolt/
7570	konflikt	conflict	/ˈkonflɪkt/
7571	šalom	joke	/ˈʃalom/
7572	divljak	savage	/dǐʋʎaːk/
7573	uredan	tidy, neat	/ûredan/
7574	pomno	carefully	/ˈpomno/
7575	pjevačica	singer	/pjeʋǎt͡ʃit͡sa/
7576	vrtlog	whirlpool, maelstrom	/ʋřtloɡ/
7577	govornik	orator	/ɡǒʋoːrniːk/
7578	ruševinama	ruin, wreck, wreckage	/ˈruʃɛˌvɪnɐmɐ/
7579	stolova	table	/ˈstolovɐ/
7580	svetica	holy woman, female saint	/sʋětit͡sa/
7581	kaplar	corporal	/kâplaːr/
7582	flaster	plaster	/ˈflastɛr/
7583	zubić	tooth	/zǔbit͡ɕ/
7584	odbrambeni	defensive, protective	/ǒdbrambeniː/
7585	radnica	worker	/râːdnit͡sa/
7586	racija	raid	/râːt͡sija/
7587	imperija	empire	/ǐmpeːrija/
7588	zabraniti	to forbid, prohibit	/zabrǎːniti/
7589	dobitnik	winner	/ˈdobɪtnɪk/
7590	hladnoća	coldness	/xladnǒt͡ɕa/
7591	mod	mode	/ˈmod/
7592	sove	owl	/ˈsovɛ/
7593	drvce	tree	/dř̩ːʋt͡se/
7594	ohladiti	to cool	/oxlǎːditi/
7595	odjava	notice of departure	/ôdjaʋa/
7596	proučavanje	study	/prout͡ʃǎːʋaːɲe/
7597	odjeljak	department	/ˈodjeʎɐk/
7598	obavezan	obliged, obligated	/ôbaʋezan/
7599	raspust	recess	/rǎːspust/
7600	oštri	sharp	/ˈoʃtrɪ/
7601	balans	balance	/bǎlans/
7602	skratiti	to shorten, make shorter	/skrǎːtiti/
7603	agresivno	aggressively	/âɡresiːʋno/
7604	petice	five	/ˈpɛtɪtsɛ/
7605	dereš	to tear, pull apart	/ˈdɛrɛʃ/
7606	monah	monk, monastic	/mǒnax/
7607	razočarenje	disappointment	/razot͡ʃarěːɲe/
7608	mučim	to be silent	/ˈmutʃɪm/
7609	nasilnik	bully	/nǎːsiːlniːk/
7610	pahuljica	a small flake	/paxǔʎit͡sa/
7611	natjecati	to compete	/nǎtjet͡sati/
7612	objava	proclamation, announcement	/ôbjaʋa/
7613	lip	nice, pretty	/ˈlip/
7614	krevetom	bed	/ˈkrɛvɛtom/
7615	škare	scissors	/ʃkâre/
7616	klincem	kid, child	/ˈklintsɛm/
7617	prao	to wash	/ˈprao/
7618	garantovati	to guarantee	/ɡǎrantoʋati/
7619	trga	square	/ˈtrɡa/
7620	danak	day	/dǎːnak/
7621	sedamdeset	seventy	/ˈsɛdɐmˌdɛsɛt/
7622	nelagodno	uncomfortably, uneasily, awkwardly	/nêlaɡodno/
7623	zimski	winter	/zîːmskiː/
7624	sprava	device, gadget	/sprâʋa/
7625	intimno	intimately	/întiːmno/
7626	procijeniti	to estimate, assess, evaluate, appraise	/prot͡sijěːniti/
7627	neugodan	awkward	/nêuɡodan/
7628	viču	to shout, yell	/ˈvitʃʊ/
7629	veselje	joy, delight, revel	/ʋesěːʎe/
7630	čudesan	marvelous, stupendous	/t͡ʃûdesan/
7631	tanki	thin	/ˈtaŋkɪ/
7632	šunka	ham	/ˈʃuŋkɐ/
7633	pire	mash	/ˈpirɛ/
7634	zločest	bad, mean, unkind	/zlǒt͡ʃest/
7635	vjeran	faithful, loyal	/ʋjěːran/
7636	vješt	able, skillful	/ʋjêʃt/
7637	krili	to hide, conceal	/ˈkrilɪ/
7638	doručku	breakfast	/ˈdorʊtʃkʊ/
7639	dizala	to lift, raise, elevate	/ˈdizɐlɐ/
7640	polijetanje	verbal noun of polijetati impf: taking off, takeoff	/polijěːtaːɲe/
7641	obostrano	mutually, reciprocally	/obǒstrano/
7642	čir	ulcer	/t͡ʃîr/
7643	marketing	marketing	/mǎrketinɡ/
7644	koči	to brake	/ˈkotʃɪ/
7645	zavesti	to seduce	/zǎʋesti/
7646	tresem	to shake	/ˈtrɛsɛm/
7647	groznu	terrible, awful, horrible	/ˈɡroznʊ/
7648	petica	five	/pětit͡sa/
7649	korov	weed	/kǒːroʋ/
7650	podizati	to raise, lift, elevate	/pǒdizati/
7651	nevjerojatne	improbable, implausible, unlikely	/ˈnɛvjeˌrojɐtnɛ/
7652	staratelj	guardian, tutor	/ˈstɑrɐtɛʎ/
7653	vrtić	kindergarten	/ʋř̩tit͡ɕ/
7654	rođene	born	/ˈrodʑɛnɛ/
7655	trijumf	triumph	/ˈtrijʊmf/
7656	tele	calf	/těle/
7657	imenik	directory	/îmeniːk/
7658	nadom	hope	/ˈnadom/
7659	odlučnost	decisiveness	/odlǔːt͡ʃnoːst/
7660	papagaj	parrot	/papǎɡaj/
7661	neznanje	ignorance	/neznǎːɲe/
7662	mirovni	peace	/mîroːʋniː/
7663	plaćenik	mercenary	/plâːt͡ɕeniːk/
7664	posjeda	possession, ownership	/ˈposjedɐ/
7665	razmak	interval	/rǎːzmak/
7666	drskost	insolence, impudence	/dr̂skoːst/
7667	babi	grandmother	/ˈbabɪ/
7668	levoj	left	/ˈlɛvoj/
7669	arterija	artery	/ǎrteːrija/
7670	lan	flax	/ˈlan/
7671	pruga	stripe, bind, line	/prǔːɡa/
7672	željom	wish, desire	/ˈʒɛʎom/
7673	zaglaviti	to jam, wedge	/zaɡlǎːʋiti/
7674	bizarno	bizarre	/ˈbizɑrno/
7675	pouzdano	reliably	/pǒuzdaːno/
7676	filozof	philosopher	/filǒzof/
7677	ulaznica	ticket	/ǔlaznit͡sa/
7678	pelena	diaper, nappy, napkin	/pêlena/
7679	doprijeti	to reach, penetrate, get through	/dǒprijeːti/
7680	pedofil	pedophile	/pedǒfiːl/
7681	inostranstvo	abroad, foreign countries	/inostrǎːnstʋo/
7682	ljutnju	anger	/ˈʎutɲʊ/
7683	odvratiti	to dissuade	/odʋrǎːtiti/
7684	sećati	to remember	/sêt͡ɕati/
7685	obrazovan	educated	/ǒbrazoʋaːn/
7686	skupinu	group	/ˈskupɪnʊ/
7687	nacrtati	to draw	/nǎt͡sr̩tati/
7688	fitilj	fuse	/fǐtiːʎ/
7689	faraon	pharaoh	/farǎoːn/
7690	strpljivo	patiently	/střpʎiʋo/
7691	namirnica	foodstuff, grocery	/ˈnamɪrˌnɪtsɐ/
7692	bogalj	cripple	/bôɡaːʎ/
7693	leopard	leopard	/lêopaːrd/
7694	klasik	classic	/klǎsik/
7695	dil	deal	/ˈdil/
7696	britanac	Briton	/britǎːnat͡s/
7697	prstenova	ring	/ˈprstɛnovɐ/
7698	gulaš	goulash	/ɡûlaːʃ/
7699	izboriti	to fight for, win	/izbǒriti/
7700	olupina	wreckage, wreck	/ǒlupina/
7701	optužbama	accusation, charge, indictment	/ˈoptʊʒˌbɐmɐ/
7702	doručkom	breakfast	/ˈdorʊtʃkom/
7703	izgradnja	building	/izɡrǎːdɲa/
7704	tamni	dark, gloomy, dim	/ˈtamnɪ/
7705	časne	honorable	/ˈtʃasnɛ/
7706	pesku	sand	/ˈpɛskʊ/
7707	prikupiti	to gather, collect	/prǐkupiti/
7708	vrana	crow	/ʋrâna/
7709	različit	different	/rǎːzlit͡ʃit/
7710	skromno	humbly, modestly	/skrômno/
7711	ugušiti	to choke, strangle	/uɡǔːʃiti/
7712	jaca	synonym of jadnik	/ˈjatsɐ/
7713	počiniti	to make, commit, do, perform	/pot͡ʃǐniti/
7714	diskretan	discrete	/dǐskretan/
7715	mal	small	/mâːl/
7716	uhu	ear	/ˈuhʊ/
7717	napojnica	tip, baksheesh, gratuity	/nǎːpoːjnit͡sa/
7718	dese	to happen, occur	/ˈdɛsɛ/
7719	murija	the cops	/mǔːrija/
7720	siri	to curdle, coagulate	/ˈsirɪ/
7721	jastog	lobster	/jâstoɡ/
7722	zakup	tenure	/zǎːkup/
7723	invalid	invalid	/inʋǎliːd/
7724	ugalj	coal, charcoal	/ûɡaʎ/
7725	usran	shitty	/ˈusrɐn/
7726	milijarder	billionaire	/ˈmilɪˌjɑrdɛr/
7727	stjuardesa	stewardess	/ˈstjuɑrˌdɛsɐ/
7728	tajmer	timer	/tǎjmer/
7729	ničiji	no one's, nobody's	/nît͡ʃijiː/
7730	rakun	raccoon, racoon	/rǎkuːn/
7731	nagodba	settlement, agreement, compromise	/nǎːɡodba/
7732	komšinica	neighbour	/kǒmʃinit͡sa/
7733	zaslon	screen, shade	/zǎːslon/
7734	privuci	to attract	/ˈprivʊtsɪ/
7735	zelen	green	/zělen/
7736	otkinuti	to break off, tear off, tear away	/ǒtkinuti/
7737	veverica	squirrel	/ʋêʋerit͡sa/
7738	bicikle	bicycle	/ˈbitsɪklɛ/
7739	protuotrov	antidote	/prôtuotroʋ/
7740	fizika	physics	/fǐzika/
7741	ekipo	team, crew	/ˈɛkɪpo/
7742	ša	misspelling of š'a	/ʃâ/
7743	šetaš	to walk, stroll	/ˈʃɛtɐʃ/
7744	solidan	solid, firm	/sôliːdan/
7745	deveti	ninth	/dêʋeti/
7746	alergija	allergy	/ˈalɛrˌɡɪjɐ/
7747	zbuniti	to confuse, perplex, baffle	/zbǔːniti/
7748	visim	to hang, be suspended	/ˈvisɪm/
7749	poricati	to deny	/porǐːt͡sati/
7750	poljski	in a Polish manner, as a Pole	/pôʎskiː/
7751	imperator	emperor	/impěraːtor/
7752	kreativan	creative	/krêatiːʋan/
7753	dizati	to lift, raise, elevate	/dîzati/
7754	hud	angry	/xûːd/
7755	jarak	weapon for self-defense or hand-to-hand combat	/jǎrak/
7756	masline	olive	/ˈmaslɪnɛ/
7757	željezo	iron	/ʒěʎezo/
7758	puma	puma	/pûma/
7759	međunarodna	international	/ˈmɛdʑʊˌnɑrodnɐ/
7760	žvaka	chewing gum	/ʒʋǎːka/
7761	forma	form, shape	/fôːrma/
7762	verena	to engage	/ˈvɛrɛnɐ/
7763	branu	dam	/ˈbranʊ/
7764	vjernost	loyalty, fidelity	/ʋjěːrnoːst/
7765	željan	eager, anxious	/ʒêʎan/
7766	ustanak	rebellion, uprising	/ǔstanak/
7767	limit	boundary	/ˈlimɪt/
7768	drugova	friend	/ˈdruɡovɐ/
7769	autopsija	autopsy	/autǒpsija/
7770	pruzi	stripe, bind, line	/ˈpruzɪ/
7771	ugristi	to bite	/ǔɡristi/
7772	izraze	expression	/ˈizrɐzɛ/
7773	genijalan	ingenious, brilliant	/ɡênijaːlan/
7774	ž	feminine gender	/ˈʒə/
7775	palača	palace	/pǎlat͡ʃa/
7776	dragom	bay, gulf	/ˈdraɡom/
7777	ratovima	war	/ˈratoˌvɪmɐ/
7778	šljam	rabble, scum	/ʃʎâm/
7779	bor	pine	/bôːr/
7780	besmrtnost	immortality	/běsmrtnoːst/
7781	svirku	gig	/ˈsvirkʊ/
7782	civilni	civilian	/t͡sǐʋiːlniː/
7783	funkcionirati	to work	/funkt͡sionǐːrati/
7784	menjati	to change	/měːɲati/
7785	siđeš	to descend, get down, come down	/ˈsidʑɛʃ/
7786	stup	pillar	/stûːp/
7787	funkcionisati	to work	/funkt͡siǒnisati/
7788	molba	request, plea	/mǒlba/
7789	močvara	swamp	/mǒt͡ʃʋara/
7790	moderan	modern	/môdeːran/
7791	zov	call, calling	/zôːʋ/
7792	dijabetes	diabetes	/ˈdijɐˌbɛtɛs/
7793	biber	pepper	/bǐber/
7794	teža	gravitation	/těːʒa/
7795	uputstvo	instruction, manual, directions	/upǔtstʋo/
7796	seoski	rural, village, country	/sěoskiː/
7797	zavesa	curtain	/zâːʋesa/
7798	pući	alternative form of pȕknuti	/pût͡ɕi/
7799	krala	to steal	/ˈkralɐ/
7800	profesija	profession	/profěsija/
7801	juriti	to run at full/top speed, rush, race	/jǔːriti/
7802	težini	weight	/ˈtɛʒɪnɪ/
7803	bala	bale, bundle, pack	/bâla/
7804	iskusan	experienced	/îskuːsan/
7805	šankom	bar	/ˈʃaŋkom/
7806	debata	debate, discussion	/debǎta/
7807	ljeti	summers, in summer, during the summer	/ʎêti/
7808	analizirati	to analyze	/analizǐːrati/
7809	blokada	blockade	/blokǎːda/
7810	bordel	brothel	/bǒrdel/
7811	bod	sting	/bôːd/
7812	punč	punch	/pûnt͡ʃ/
7813	zmajev	dragon's, of a dragon	/zmâjeʋ/
7814	društvenim	social, sociable	/ˈdruʃtvɛnɪm/
7815	fen	hair dryer	/ˈfɛn/
7816	vika	shouting, screaming	/ʋîka/
7817	ćutite	to be silent, to shut up	/ˈtɕutɪtɛ/
7818	nerado	unwillingly, reluctantly	/nêrado/
7819	dimenzija	dimension	/ˈdimɛnˌzɪjɐ/
7820	lupanje	knocking, banging, slam	/lǔːpaːɲe/
7821	šibica	match	/ʃîbit͡sa/
7822	pevačica	singer	/peʋǎt͡ʃit͡sa/
7823	hlača	genitive of hlȁče	/ˈxlatʃɐ/
7824	mekano	softly, gently	/mêkano/
7825	hemikalija	chemical	/xemikǎlija/
7826	sotona	satan	/ˈsotonɐ/
7827	šamar	slap, blow	/ʃǎmar/
7828	dopust	holidays, free time	/ˈdopʊst/
7829	sutrašnji	tomorrow; tomorrow's	/sǔtraʃɲiː/
7830	osmica	eight	/ǒsmit͡sa/
7831	usuditi	to dare	/usǔːditi/
7832	prehlada	cold	/prêxlada/
7833	milostiv	merciful	/mǐlostiːʋ/
7834	kupovali	to buy, purchase	/ˈkupoˌvɐlɪ/
7835	satnik	captain	/sâtniːk/
7836	gao	black, dark	/ɡâːo/
7837	štaviše	moreover	/ʃtǎʋiʃe/
7838	prikriti	to head, cover up, conceal	/prǐkriti/
7839	varate	to cheat, deceive, trick, swindle	/ˈvɑrɐtɛ/
7840	sumnji	doubt, suspicion	/ˈsumɲɪ/
7841	vrpca	ribbon, tape, streamer	/ʋř̩pt͡sa/
7842	predavati	to lecture on, teach	/predǎːʋati/
7843	rižu	rice	/ˈriʒʊ/
7844	kritično	critically	/krǐtit͡ʃno/
7845	ravne	straight, right	/ˈravnɛ/
7846	izbjeglica	refugee	/ˈizbjeˌɡlɪtsɐ/
7847	kana	henna	/kâna/
7848	prijestolje	throne	/prjěːstoːʎe/
7849	zakazati	to schedule, call or arrange	/zakǎːzati/
7850	titl	subtitle	/tǐtl̩/
7851	poslani	to send	/ˈposlɐnɪ/
7852	favorit	favourite	/faʋǒriːt/
7853	naznaka	hint, allusion, denotation, sign	/ˈnaznɐkɐ/
7854	karika	link	/kǎrika/
7855	sonar	sonar	/sǒnaːr/
7856	dostići	alternative form of dostignuti	/dǒstit͡ɕi/
7857	neprijatan	unpleasant	/nêprijaːtan/
7858	cjepivo	vaccine	/ˈtsjepɪvo/
7859	ispeći	to bake	/ǐspet͡ɕi/
7860	oslonac	support	/ǒslonat͡s/
7861	rođeno	born	/ˈrodʑɛno/
7862	dobrota	goodness	/dobrǒta/
7863	svila	silk	/sʋǐːla/
7864	profesoru	professor	/ˈprofɛˌsorʊ/
7865	visiti	to hang, be suspended	/ʋîsiti/
7866	poželeti	to wish	/poʒěleti/
7867	sitan	tiny, small	/sǐtan/
7868	pojedinačno	individually	/pojedǐnat͡ʃno/
7869	režija	direction	/ˈrɛʒɪjɐ/
7870	cigla	brick	/t͡sǐːɡla/
7871	potpredsednik	vice president	/potprěːdsedniːk/
7872	udaviti	to choke, strangle	/udǎːʋiti/
7873	utopiti	to drown	/utǒpiti/
7874	prljavština	filth	/prʎǎːʋʃtina/
7875	ruševina	ruin, wreck, wreckage	/rǔʃeʋina/
7876	bučno	noisily	/bût͡ʃno/
7877	aspekt	aspect	/ǎspekt/
7878	osuđivati	to judge	/osud͡ʑǐːʋati/
7879	družina	troupe, band	/drǔʒina/
7880	nećakinja	niece	/net͡ɕǎkiɲa/
7881	prometa	traffic	/ˈpromɛtɐ/
7882	hvatati	to grab, seize, take hold of	/xʋâtati/
7883	nasljedstvo	inheritance	/ˈnasʎetstvo/
7884	slavili	to celebrate, glorify	/ˈslavɪlɪ/
7885	spakirati	to pack	/spakǐːrati/
7886	izdavač	publisher	/izdǎʋaːt͡ʃ/
7887	prodano	to sell	/ˈprodɐno/
7888	loži	to stoke	/ˈloʒɪ/
7889	petsto	five hundred	/ˈpɛtsto/
7890	trudnoća	pregnancy	/trudnǒt͡ɕa/
7891	poluga	lever	/pǒluɡa/
7892	aranžman	arrangement	/arǎnʒmaːn/
7893	doli	but, other than, besides	/dǒli/
7894	financije	finance	/finǎnt͡sije/
7895	razočaranje	disappointment, disillusionment	/razot͡ʃarǎːɲe/
7896	zlobno	malicious, spiteful	/ˈzlobno/
7897	krademo	to steal	/ˈkradɛmo/
7898	tuči	fight, melee	/ˈtutʃɪ/
7899	studentica	student	/ˈstudɛnˌtɪtsɐ/
7900	toplota	warmth	/toplǒta/
7901	veran	faithful, loyal	/ʋěːran/
7902	kapute	coat	/ˈkapʊtɛ/
7903	krali	to steal	/ˈkralɪ/
7904	posebice	especially, particularly, in particular	/pǒːsebit͡seː/
7905	mile	dear	/ˈmilɛ/
7906	tinejdžerka	teenager	/ˈtinejdˌʒɛrkɐ/
7907	parkiralište	parking	/parkǐraliːʃte /
7908	zaspali	to fall asleep	/ˈzaspɐlɪ/
7909	leteti	to fly	/lěteti/
7910	vrše	peak	/ˈvrʃɛ/
7911	domovina	homeland	/dǒmoʋina/
7912	dijalog	dialogue	/dijǎloɡ/
7913	barom	instrumental singular of bȃr	/ˈbɑrom/
7914	datoteka	file	/datotěːka/
7915	procena	estimate, evaluation	/prôt͡sena/
7916	lijes	coffin	/ljêːs/
7917	zamrznuti	to freeze	/zǎmrznuti/
7918	ravnoteža	balance, as in neutrality	/raʋnotěːʒa/
7919	samopoštovanje	self-respect	/samopoʃtoʋǎːɲe/
7920	zvučnik	loudspeaker	/ˈzvutʃnɪk/
7921	hemijski	chemical	/xěːmiːjskiː/
7922	uzaludan	futile, useless, in vain	/ûzaluːdan/
7923	postupiti	to act, proceed	/postǔːpiti/
7924	vedro	sunnily, brightly	/ʋedr̩o/
7925	lešinar	vulture	/lěʃinaːr/
7926	pjevač	singer	/pjěʋaːt͡ʃ/
7927	smak	end, termination	/ˈsmak/
7928	naglavačke	headlong, headfirst	/naɡlaʋǎt͡ʃkeː/
7929	napeti	to tighten, tense, strain	/nǎpeːti/
7930	kljun	bill, beak	/kʎûːn/
7931	pomak	shift, movement	/pǒmak/
7932	lopti	ball	/ˈloptɪ/
7933	strašilo	scarecrow	/strâʃilo/
7934	nekud	somewhere	/nêkud/
7935	medvedi	bear	/ˈmɛdvɛdɪ/
7936	vegetarijanac	vegetarian	/ʋeɡetarijǎːnat͡s/
7937	narediti	to order	/ˈnɑrɛˌdɪtɪ/
7938	otrcano	tritely	/ǒtr̩̄t͡saːno/
7939	užeta	rope, cord	/ˈuʒɛtɐ/
7940	nejasan	vague, unclear, indistinct	/nějasan/
7941	stuba	stair	/stûba/
7942	registracija	registration	/ˈrɛɡɪsˌtrɐtsɪjɐ/
7943	korisnik	user	/ˈkorɪsnɪk/
7944	stoljeće	century	/stǒʎet͡ɕe/
7945	mučila	to torture, torment	/ˈmutʃɪlɐ/
7946	kube	little stove	/ˈkubɛ/
7947	prdež	fart, flatus	/pr̂deʒ/
7948	otporan	resistant	/ǒtpoːran/
7949	atom	atom	/ǎtoːm/
7950	častiti	to treat oneself, to indulge	/t͡ʃǎstiti/
7951	državljanin	citizen	/dř̩ʒaʋʎanin/
7952	lojalan	loyal	/lǒjaːlan/
7953	krik	scream, cry	/krîːk/
7954	kabel	cable	/kǎːbel/
7955	nemilosrdan	pitiless, heartless	/nêmilosrdan/
7956	klasičan	classical	/klǎsit͡ʃan/
7957	svile	silk	/ˈsvilɛ/
7958	redak	rare	/rěːdak/
7959	delimično	partially, partly	/dêlimit͡ʃno/
7960	vezala	to bind, fasten, tie	/ˈvɛzɐlɐ/
7961	transakcija	transaction	/transǎkt͡sija/
7962	poligraf	polygraph	/ˈpolɪɡrɐf/
7963	gljiva	mushroom	/ɡʎîʋa/
7964	kugu	plague	/ˈkuɡʊ/
7965	ukrcati	to load, embark	/ukř̩t͡sati/
7966	rečnik	dictionary	/rêːt͡ʃniːk/
7967	maču	sword	/ˈmatʃʊ/
7968	nadesno	to the right	/nâdesno/
7969	uteha	comfort, consolation	/ˈutɛhɐ/
7970	ljuto	angrily	/ʎûːto/
7971	krupna	large, big, voluminous	/ˈkrupnɐ/
7972	siročad	orphans	/sîrot͡ʃaːd/
7973	turska	Turkish	/ˈturskɐ/
7974	ukinuti	to cancel, abolish, call off, rescind, revoke	/ǔkinuti/
7975	šablon	alternative form of šablona	/ʃablon/
7976	osnovati	to found, establish	/osnǒʋati/
7977	zakonito	legally, lawfully	/zǎːkonito/
7978	ustajati	to stand up, rise	/ǔstajati/
7979	redatelj	director	/rědateʎ/
7980	devedeset	ninety	/ˈdɛvɛˌdɛsɛt/
7981	pasta	paste, polish	/pâsta/
7982	slabim	weak	/ˈslabɪm/
7983	era	era	/ěːra/
7984	negu	care, nursing	/ˈnɛɡʊ/
7985	kritika	critique, criticism	/krǐtika/
7986	juhe	soup	/ˈjuhɛ/
7987	neodgovorno	irresponsibly	/nêodɡoʋoːrno/
7988	nepoznatom	unknown	/ˈnɛpozˌnɐtom/
7989	začina	spice, seasoning	/ˈzatʃɪnɐ/
7990	laboratorijski	as in a laboratory; the way it would be done in a laboratory	/laborǎtoːriːjskiː/
7991	tiču	to touch	/ˈtitʃʊ/
7992	vjerojatnost	probability, likelihood	/ʋjerojǎːtnoːst/
7993	intuicija	intuition	/intuǐːt͡sija/
7994	plaćali	to pay	/ˈplatɕɐlɪ/
7995	tučeš	to beat, thrash	/ˈtutʃɛʃ/
7996	trkač	runner	/tř̩kaːt͡ʃ/
7997	izložiti	to display, exhibit	/izlǒʒiti/
7998	bluza	blouse	/ˈbluzɐ/
7999	okrutnost	cruelty, brutality	/okrǔːtnoːst/
8000	naručje	space inside one’s embracing arms; bosom, arms, embrace	/nǎːruːt͡ʃje/
8001	zaljev	bay	/zǎːʎeʋ/
8002	upravljač	steering wheel	/uprǎʋʎaːt͡ʃ/
8003	nasmijati	to make one laugh, draw a laugh/guffaw from	/nasmǐjati/
8004	razneti	to carry off	/rǎzneːti/
8005	šutite	to be silent, shut up	/ˈʃutɪtɛ/
8006	slavim	to celebrate, glorify	/ˈslavɪm/
8007	treseš	to shake	/ˈtrɛsɛʃ/
8008	klopa	grub, chow	/klǒːpa/
8009	uvjerljiv	convincing	/uʋjěrʎiʋ/
8010	turske	genitive singular of Turska	/ˈturskɛ/
8011	oružane	armed	/ˈorʊˌʒɐnɛ/
8012	popularnost	popularity	/populǎːrnoːst/
8013	mio	dear	/mîo/
8014	zaprositi	to propose, woo	/zaprǒsiti/
8015	odvuci	to draw away, haul away, tug away	/ˈodvʊtsɪ/
8016	balerina	ballerina	/balerǐːna/
8017	podsjećati	to remind	/pǒdsjet͡ɕati/
8018	prevodilac	translator	/preʋǒdilat͡s/
8019	razvesti	to divorce	/rǎzʋesti/
8020	kritičar	critic	/krǐtit͡ʃaːr/
8021	spomen	remembrance, memory	/ˈspomɛn/
8022	odletjeti	to fly away	/odlětjeti/
8023	prosti	common, plain, vulgar, ignoble	/ˈprostɪ/
8024	stajemo	first-person plural present of stȁjati	/ˈstɑjemo/
8025	nepravda	injustice	/ˈnɛprɐvdɐ/
8026	brašno	flour	/brâʃno/
8027	članstvo	membership	/t͡ʃlǎnstʋo/
8028	minimalno	minimally	/mînimaːlno/
8029	visiš	to hang, be suspended	/ˈvisɪʃ/
8030	nemaran	negligent, indolent	/nêmaːran/
8031	jedinstvo	unity	/jedǐːnstʋo/
8032	ozdraviti	to recover	/ˈozdrɐˌvɪtɪ/
8033	prizemlje	ground floor / first floor	/prǐːzeːmʎe/
8034	beo	white	/bêo/
8035	protivno	contrarily	/prôtiːʋno/
8036	dižeš	to lift, raise, elevate	/ˈdiʒɛʃ/
8037	suprotnost	opposition, contrast	/ˈsuprotnost/
8038	krštenje	baptism	/kr̩ʃtěːɲe/
8039	ucjena	blackmail	/ût͡sjena/
8040	jastuke	pillow	/ˈjastʊkɛ/
8041	prijetiti	to threaten, menace	/prjěːtiti/
8042	blef	bluff	/blêf/
8043	ludača	stupid woman or girl	/lǔdat͡ʃa/
8044	iskaznicu	identity card, ID card	/ˈiskɐzˌnɪtsʊ/
8045	kida	to tear, tear off, break	/ˈkidɐ/
8046	federacija	federation	/federǎːt͡sija/
8047	naposljetku	finally	/naposʎěːtku/
8048	deliš	to divide, separate	/ˈdɛlɪʃ/
8049	srebrna	feminine nominative/vocative singular of srȅbrn	/ˈsrɛbrnɐ/
8050	zagrijati	to warm, warm up	/zǎɡrijati/
8051	mentalni	mental	/měntaːlniː/
8052	kolja	haddock	/kôʎa/
8053	okoliš	environment	/ˈokolɪʃ/
8054	skrbništvo	guardianship	/skr̂ːbniːʃtʋo/
8055	imenovati	to name	/îmenoʋati/
8056	pozornica	stage	/pozǒːrnit͡sa/
8057	garderoba	wardrobe	/ɡarderǒːba/
8058	živac	nerve	/ʒǐʋat͡s/
8059	prelaz	crossing	/prěːlaz/
8060	općenito	generally	/opt͡ɕěnito/
8061	šema	scheme, model, plan, outline, sketch	/ʃěːma/
8062	popularno	popularly	/pôpulaːrno/
8063	jarku	bright, glowing	/ˈjɑrkʊ/
8064	ugljen	coal, charcoal	/ûɡʎeːn/
8065	obratno	conversely, reversely, oppositely	/ôbraːtno/
8066	jastuku	pillow	/ˈjastʊkʊ/
8067	starinski	antique, ancient	/starǐnskiː/
8068	obavestiti	to inform, let know, notify	/obaʋěːstiti/
8069	usvojiti	to adopt	/usʋǒjiti/
8070	nijesu	to be, to exist	/nijěːsu/
8071	odeljak	department	/ˈodɛʎɐk/
8072	prenoćiti	to stay the night, spend the night	/prenǒt͡ɕiti/
8073	cimerica	roommate	/t͡sîmerit͡sa/
8074	paluba	deck	/pâluba/
8075	manekenka	fashion model	/maněkeːnka/
8076	akcent	stress	/ǎkt͡sent/
8077	memorija	memory	/měmoːrija/
8078	sokove	juice	/ˈsokovɛ/
8079	uporište	support	/ǔporiːʃte/
8080	pozadina	background	/pǒzadina/
8081	herojski	heroically	/xěroːjskiː/
8082	ose	wasp	/ˈosɛ/
8083	suknja	skirt	/sûkɲa/
8084	škoditi	to harm, hurt	/ʃkôditi/
8085	oruđe	tool, instrument	/ǒruːd͡ʑe/
8086	gubitaka	loss	/ˈɡubɪˌtɐkɐ/
8087	izrazito	distinctly, clearly	/ǐzrazito/
8088	arsenal	arsenal	/arsěnaːl/
8089	dječji	children or infants	/djět͡ʃjiː/
8090	rasprodaja	sale	/râsprodaja/
8091	jed	anger, rage, fury	/jêːd/
8092	foka	seal	/fôka/
8093	oslobođenje	liberation	/oslobod͡ʑěːɲe/
8094	sprovesti	to escort, lead	/sprǒʋesti/
8095	traktor	tractor	/ˈtraktor/
8096	dren	dogwood, cornel	/drên/
8097	tihe	masculine accusative plural	/ˈtihɛ/
8098	tor	corral, cote	/tôːr/
8099	prijam	admission	/prǐjam/
8100	nasleđe	heritage	/nǎːsleːd͡ʑe/
8101	arhitekt	architect	/arxǐtekt/
8102	trećina	one third	/tret͡ɕǐna/
8103	salo	fat	/sâlo/
8104	ogranak	a smaller branch extending from a larger one	/ǒɡranak/
8105	ljudskost	humaneness	/ʎûdskoːst/
8106	razarač	destroyer	/razǎraːt͡ʃ/
8107	rika	roar, roaring	/ˈrikɐ/
8108	vlakana	fibre, fiber	/ˈvlakɐnɐ/
8109	ljepilo	glue	/ʎěpilo/
8110	dužina	line segment	/duʒǐna/
8111	plastika	plastic	/plǎstika/
8112	lom	fracture	/lôːm/
8113	zaseda	ambush	/zâːseda/
8114	nesigurno	unsurely	/nêsiɡuːrno/
8115	bež	beige, of beige colour	/ˈbɛʒ/
8116	iznio	to carry out, take out	/ˈiznɪo/
8117	papak	hoof	/pǎːpak/
8118	odstupiti	to step back, step away	/otstǔːpiti/
8119	potjera	chase, pursuit	/pôtjera/
8120	ocjena	grade, mark	/ôt͡sjena/
8121	iščupati	to pluck, pull, uproot, tear out	/iʃt͡ʃǔpati/
8122	odgovorno	responsibly	/ôdɡoʋoːrno/
8123	napon	tension	/nǎːpon/
8124	temeljito	thoroughly	/teměʎito/
8125	strele	arrow	/ˈstrɛlɛ/
8126	veri	to engage	/ˈvɛrɪ/
8127	opirati	to resist, fight	/ǒpirati/
8128	široke	broad, wide	/ˈʃirokɛ/
8129	kameni	stone	/kâmeniː/
8130	kale	third-person plural present of káliti	/ˈkalɛ/
8131	obrijati	to shave	/ǒbrijati/
8132	leglo	brood	/ˈlɛɡlo/
8133	šetala	to walk, stroll	/ˈʃɛtɐlɐ/
8134	maćeha	stepmother	/mât͡ɕexa/
8135	rezime	summary, abstract, roundup	/rezǐmeː/
8136	sportom	sport	/ˈsportom/
8137	dirala	to touch	/ˈdirɐlɐ/
8138	igdje	anywhere, anyplace	/îɡdje/
8139	knjižnicu	library	/ˈkɲiʒnɪtsʊ/
8140	knjigovođa	accountant	/ˈkɲiɡoˌvodʑɐ/
8141	jednakost	equality	/jednǎːkoːst/
8142	kokos	coconut	/kôkos/
8143	mjehur	bubble	/mjêxuːr/
8144	vodopad	waterfall	/ʋôdopaːd/
8145	sunđer	sponge	/sǔnd͡ʑer/
8146	umete	to know how	/ˈumɛtɛ/
8147	radionica	workshop	/radiǒːnit͡sa/
8148	graha	bean	/ˈɡrahɐ/
8149	setu	sorrow, melancholy	/ˈsɛtʊ/
8150	halucinacija	hallucination	/xalut͡sinǎːt͡sija/
8151	potpora	support	/pôtpora/
8152	kašnjenje	verbal noun of kasniti impf: delaying, delay	/kâʃɲeːɲe/
8153	kajla	prop	/kâːjla/
8154	krevetima	bed	/ˈkrɛvɛˌtɪmɐ/
8155	efikasan	effective, efficient	/êfikasan/
8156	bubnjar	drummer	/bǔbɲaːr/
8157	borovnice	blueberry	/ˈborovˌnɪtsɛ/
8158	mračan	dark, gloomy	/mrǎːt͡ʃan/
8159	iglom	needle	/ˈiɡlom/
8160	višu	feminine accusative singular of viši	/ˈviʃʊ/
8161	jedinac	only son	/jedǐːnat͡s/
8162	savjetovanje	counseling	/ˈsavjeˌtovɐɲe/
8163	članaka	article	/ˈtʃlanɐkɐ/
8164	palčeve	thumb	/ˈpaltʃɛvɛ/
8165	zavisnost	dependence	/zǎːʋisnoːst/
8166	šank	bar	/ʃânk/
8167	some	catfish	/ˈsomɛ/
8168	begunac	fugitive	/beɡǔːnat͡s/
8169	gušenje	strangling, choking, suffocating	/ɡǔːʃeːɲe/
8170	prikladan	appropriate, suitable, convenient	/prǐkladan/
8171	šestica	six	/ʃěstit͡sa/
8172	maskota	mascot	/maskǒta/
8173	najavio	to announce	/ˈnɑjɐˌvɪo/
8174	kaka	poo, poop	/kǎːka/
8175	odjenuti	to dress, clothe, put on clothes	/ǒdjenuti/
8176	aga	agha	/ǎɡa/
8177	uboden	to sting, prick	/ˈubodɛn/
8178	zavarati	to trick, deceive	/zǎʋarati/
8179	odmetnik	outlaw	/ǒdmetniːk/
8180	obrani	defense	/ˈobrɐnɪ/
8181	argo	slang	/ˈɑrɡo/
8182	muzu	third-person plural present of mȕsti	/ˈmuzʊ/
8183	štand	stall, booth, bench, stand	/ʃtând/
8184	gordo	proudly	/ɡôːrdo/
8185	ujela	to bite	/ˈujelɐ/
8186	udaljiti	to remove	/udǎːʎiti/
8187	genocid	genocide	/ˈɡɛnotsɪd/
8188	razveseliti	to rejoice, be happy	/razʋesěliti/
8189	školjka	mussel	/ʃkôːʎka/
8190	neuredno	untidily, disorderly	/nêuredno/
8191	pevač	singer	/pěʋaːt͡ʃ/
8192	suzavac	tear gas	/sûzaʋat͡s/
8193	učešće	participation, involvement, part	/ǔt͡ʃeːʃt͡ɕe/
8194	povjetarac	breeze	/poʋjetǎːrat͡s/
8195	sportska	nominative/vocative singular feminine	/ˈsportskɐ/
8196	igrališta	playground	/ˈiɡrɐˌlɪʃtɐ/
8197	sadašnji	actual, current, being, present	/sǎdaʃɲiː/
8198	jaz	I	/ˈjaz/
8199	dušek	mattress	/ˈduʃɛk/
8200	neizbežno	unavoidably, inevitably	/nêizbeːʒno/
8201	psihologija	psychology	/psixolǒɡija/
8202	puder	powder	/pǔːder/
8203	napušen	high	/nǎpuʃen/
8204	dovoditi	to bring, lead, take someone somewhere	/doʋǒditi/
8205	dječakom	boy, youngster	/ˈdjetʃɐkom/
8206	primimo	to receive, get	/ˈprimɪmo/
8207	dob	age	/ˈdob/
8208	idiotski	idiotically	/idǐotskiː/
8209	sandale	sandal	/ˈsandɐlɛ/
8210	životinjski	like an animal; beastly, brutally	/ʒiʋǒtiːɲskiː/
8211	vojvotkinja	duchess	/ʋǒjʋotkiɲa/
8212	desetina	one tenth	/desětina/
8213	studirati	to study	/studǐːrati/
8214	patetičan	pathetic	/patětit͡ʃan/
8215	povučen	solitary, unsociable, withdrawn, private	/poʋǔt͡ʃen/
8216	zastrašujući	fearsome	/ˈzastrɐˌʃʊjʊtɕɪ/
8217	biče	ox, bull	/ˈbitʃɛ/
8218	meteor	meteor	/metěoːr/
8219	toplina	heat, warmth	/toplǐna/
8220	nadmašiti	to surpass, exceed	/nǎdmaʃiti/
8221	dere	to tear, pull apart	/ˈdɛrɛ/
8222	ranama	wound	/ˈranɐmɐ/
8223	legalan	legal	/lěɡaːlan/
8224	karan	to scold	/ˈkɑrɐn/
8225	sinak	son	/sînak/
8226	studij	studying, studies	/stûːdiːj/
8227	posmatrač	observer, onlooker	/ˈposmɐtrɐtʃ/
8228	zlobna	malicious, spiteful	/ˈzlobnɐ/
8229	cesar	emperor, ruler	/t͡sêsaːr/
8230	stanar	tenant	/stǎnaːr/
8231	mekoj	soft	/ˈmɛkoj/
8232	či	if	/tʃi/
8233	len	alternative form of lijen	/ˈlɛn/
8234	breme	burden, load	/brême/
8235	tanke	thin	/ˈtaŋkɛ/
8236	prebroditi	to overcome, surmount, weather	/prebrǒditi/
8237	cio	whole	/t͡sîo/
8238	aplikacija	application	/aplikǎːt͡sija/
8239	obruč	tire	/ôbruːt͡ʃ/
8240	avaj	alas!	/ǎʋaːj/
8241	izvoditi	to bring out, carry out, lead out	/izʋǒditi/
8242	dijeta	diet	/ˈdijetɐ/
8243	plodove	fruit	/ˈplodovɛ/
8244	skidati	to take down, take off	/skǐːdati/
8245	šaljivdžija	jokester	/ʃaʎǐʋd͡ʒija/
8246	rosi	dew	/ˈrosɪ/
8247	književnost	literature	/kɲîʒeːʋnoːst/
8248	roditeljski	parental	/rǒditeʎskiː/
8249	obraćati	to convert somebody	/ǒbrat͡ɕati/
8250	šetali	to walk, stroll	/ˈʃɛtɐlɪ/
8251	nežna	tender, delicate, soft	/ˈnɛʒnɐ/
8252	arheolog	archeologist	/arxeǒloɡ/
8253	prezir	scorn	/prêziːr/
8254	krupne	large, big, voluminous	/ˈkrupnɛ/
8255	fantom	phantom	/fǎntoːm/
8256	časnu	honorable	/ˈtʃasnʊ/
8257	turski	Turkish	/tǔrskiː/
8258	homić	gay person, homosexual	/ˈxomɪtɕ/
8259	gnjev	wrath, fury, anger	/ˈɡɲev/
8260	građanima	citizen	/ˈɡradʑɐˌnɪmɐ/
8261	prosjek	average, mean	/ˈprosjek/
8262	erupcija	eruption	/erǔpt͡sija/
8263	darežljiv	generous, bounteous, munificent	/darěʒʎiʋ/
8264	ekspedicija	expedition	/ekspedǐːt͡sija/
8265	umirati	to die	/ǔmirati/
8266	rodili	to bear	/ˈrodɪlɪ/
8267	sisu	woman's breast	/ˈsisʊ/
8268	klin	wedge	/klîn/
8269	krokodil	crocodile	/ˈkrokodɪl/
8270	akcentom	stress	/ˈaktsɛntom/
8271	pista	runway	/pîsta/
8272	ploviti	to sail, navigate	/plǒʋiti/
8273	nazivati	to name	/nazǐːʋati/
8274	izbeći	to avoid	/ǐzbet͡ɕi/
8275	stabala	a tree trunk	/ˈstabɐlɐ/
8276	stojte	second-person plural imperative of stàjati	/ˈstojtɛ/
8277	proizvesti	to manufacture, produce, create	/proǐzʋesti/
8278	traperice	jeans	/trâperit͡se/
8279	odlučivati	to decide	/odlut͡ʃǐːʋati/
8280	bašta	garden	/bǎːʃta/
8281	saobraćajnu	traffic	/ˈsaoˌbrɐtɕɑjnʊ/
8282	zemaljski	terrestrial	/zemǎʎskiː/
8283	aukcija	auction	/aǔkt͡sija/
8284	razgledati	to observe	/ˈrazɡlɛˌdɐtɪ/
8285	opekotina	burn, scald	/opekǒtina/
8286	šalama	joke	/ˈʃalɐmɐ/
8287	statistika	statistics	/statǐstika/
8288	hranila	to feed	/ˈxranɪlɐ/
8289	sumnjičav	suspicious, distrustful, mistrustful	/sǔmɲit͡ʃaʋ/
8290	kanadski	Canadian	/kǎnadskiː/
8291	marioneta	marionette, puppet	/marioněta/
8292	rodiš	to bear	/ˈrodɪʃ/
8293	prerezati	to cut	/prěrezati/
8294	ivi	osier	/ˈivɪ/
8295	pecati	to fish, angle	/pêt͡sati/
8296	razbojnik	outlaw, bandit	/rǎːzboːjniːk/
8297	žig	stamp, brand	/ʒîːɡ/
8298	uzduž	along, down	/ûzduːʒ/
8299	iskustava	experience	/ˈiskʊsˌtɐvɐ/
8300	ribo	fish	/ˈribo/
8301	koincidencija	coincidence	/koint͡siděnt͡sija/
8302	ukazati	to point out, point to	/ukǎːzati/
8303	nem	mute, dumb	/nêːm/
8304	apokalipsa	apocalypse	/apokalǐpsa/
8305	zamrzivač	freezer	/zamr̩zǐʋaːt͡ʃ/
8306	šalica	cup	/ʃâlit͡sa/
8307	goriš	to burn	/ˈɡorɪʃ/
8308	lizati	to lick	/lǐːzati/
8309	saopštenje	announcement, statement, communiqué	/saǒpʃteːɲe/
8310	putanja	trajectory	/pǔtaɲa/
8311	turneja	tour	/turněːja/
8312	podsetnik	reminder	/pǒdsetniːk/
8313	ambulanta	surgery	/ˈambʊˌlɐntɐ/
8314	dalek	far, distant	/dǎlek/
8315	točna	exact, accurate	/ˈtotʃnɐ/
8316	bradavica	nipple	/brǎdaʋit͡sa/
8317	telohranitelj	bodyguard	/teloxrǎniteʎ/
8318	pešice	on foot	/pêʃit͡seː/
8319	majstori	master	/ˈmɑjstorɪ/
8320	mrzeti	to hate	/mřːzeti/
8321	ševiti	to have sex	/ʃěːʋiti/
8322	žabu	frog	/ˈʒabʊ/
8323	zaslužan	meritorious	/zǎːsluʒan/
8324	pera	feather, plume	/ˈpɛrɐ/
8325	davio	to choke, strangle	/ˈdavɪo/
8326	poštenje	honesty	/ˈpoʃtɛɲe/
8327	mračnog	dark, gloomy	/ˈmratʃnoɡ/
8328	građanina	citizen	/ˈɡradʑɐˌnɪnɐ/
8329	slušanje	verbal noun of slȕšati impf: listening	/slûʃaːɲe/
8330	poštedjeti	to spare	/poʃtěːdjeti/
8331	teretana	gym	/teretǎna/
8332	peci	iron pan for baking bread	/ˈpɛtsɪ/
8333	motive	motive	/ˈmotɪvɛ/
8334	krvariti	to bleed	/krʋǎːriti/
8335	robinja	slave	/rǒbiɲa/
8336	viza	visa	/ʋǐːza/
8337	usto	at that, on top of that	/ǔstoː/
8338	povjeriti	to entrust, confide	/pǒʋjeriti/
8339	jahanja	riding	/ˈjahɐɲɐ/
8340	penzija	pension	/pěːnzija/
8341	sudjelovao	to participate, take part	/ˈsudjeˌlovɐo/
8342	nagraditi	to reward	/naɡrǎːditi/
8343	sveži	fresh	/ˈsvɛʒɪ/
8344	djelovanje	action, act	/ˈdjeloˌvɐɲe/
8345	ubosti	to sting, prick	/ubǒsti/
8346	okolina	surroundings	/ǒkolina/
8347	turskoj	Turkish	/ˈturskoj/
8348	spoja	junction, juncture	/ˈspojɐ/
8349	ograničenje	constraint, restriction, limitation	/oɡranit͡ʃěːɲe/
8350	konvencija	convention	/konʋěnt͡sija/
8351	inicijativa	initiative	/init͡sijatǐːʋa/
8352	izbiti	to knock out	/ǐzbiti/
8353	hvaliti	to praise, commend, laud	/xʋǎːliti/
8354	postupati	to act, proceed	/postǔːpati/
8355	pupoljak	a bud	/ˈpupoʎɐk/
8356	kosku	a big bone	/ˈkoskʊ/
8357	vrele	hot, boiling	/ˈvrɛlɛ/
8358	uveriti	to convince, assure, persuade	/ǔʋeriti/
8359	gips	plaster, cast, plaster cast	/ɡîps/
8360	deliti	to divide, separate	/děːliti/
8361	onesposobiti	to disable, incapacitate	/onesposǒbiti/
8362	maler	painter	/ˈmalɛr/
8363	redovito	regularly	/redǒʋito/
8364	naglasiti	to accent	/naɡlǎːsiti/
8365	kockati	to gamble	/kôt͡skati/
8366	krater	crater	/krǎːter/
8367	mnome	me	/mnǒːme/
8368	mrzovoljan	bad-tempered, cross	/mr̂zoʋoːʎan/
8369	razlaz	separation, leaving	/rǎːzlaz/
8370	soko	falcon	/sôko/
8371	operater	surgeon	/ˈopɛˌrɐtɛr/
8372	najaviti	to announce	/najǎːʋiti/
8373	krafne	genitive singular	/ˈkrafnɛ/
8374	džem	jam	/d͡ʒêm/
8375	uobičajen	usual, customary, common	/uobǐt͡ʃaːjen/
8376	pripravnik	probationary or beginning employee	/prǐpraːʋniːk/
8377	dobrodošlica	welcome	/dobrodǒʃlit͡sa/
8378	ada	island, eyot	/ǎda/
8379	inspekcija	inspection	/inspěkt͡sija/
8380	skrb	care	/skr̩̂ːb/
8381	talisman	talisman	/talǐsmaːn/
8382	trgovati	to trade, deal	/trɡǒʋati/
8383	državljanstvo	citizenship	/dr̩ʒaʋʎǎːnstʋo/
8384	kontra	against	/kôntra/
8385	gadni	ugly, disgusting, repulsive	/ˈɡadnɪ/
8386	krišom	secretly	/krîːʃom/
8387	hotelski	hotel	/xǒtelskiː/
8388	avatar	avatar	/aʋǎtaːr/
8389	hibrid	hybrid	/xǐbriːd/
8390	raspala	to decay, decompose	/ˈraspɐlɐ/
8391	milicija	militia	/mǐliːt͡sija/
8392	zlatan	golden	/zlǎːtan/
8393	dokažu	to prove	/ˈdokɐʒʊ/
8394	impuls	impulse	/ǐmpuls/
8395	jelom	meal	/ˈjelom/
8396	bundeva	pumpkin	/bǔndeʋa/
8397	izneo	to carry out, take out	/ˈiznɛo/
8398	ljetni	summer; summery, summer's	/ˈʎetnɪ/
8399	sifilis	syphilis	/sǐfilis/
8400	slonove	elephant	/ˈslonovɛ/
8401	pokus	experiment	/pǒkus/
8402	krastavac	cucumber	/krâstaʋat͡s/
8403	vrećica	plastic bag	/ʋrêt͡ɕit͡sa/
8404	češalj	comb	/t͡ʃêʃaʎ/
8405	kazneno	penally	/kǎzneno/
8406	obveza	obligation	/ˈobvɛzɐ/
8407	začin	spice, seasoning	/zǎːt͡ʃin/
8408	zaštitnički	protectively	/zǎːʃtitnit͡ʃkiː/
8409	tašna	bag	/tǎʃna/
8410	reket	racket	/ˈrɛkɛt/
8411	mjeriti	to measure	/mjêriti/
8412	rođakom	relative, cousin	/ˈrodʑɐkom/
8413	dinar	a small amount of money in general	/ˈdinɑr/
8414	mig	wink	/ˈmiɡ/
8415	religiozan	religious	/rêliɡioːzan/
8416	ozbiljnost	seriousness, gravity	/ozbǐːʎnoːst/
8417	terati	to force, make	/têrati/
8418	mrvica	crumb	/mr̩̂ʋit͡sa/
8419	daleki	masculine nominative/vocative plural	/ˈdalɛkɪ/
8420	drsko	impudently, insolently	/dr̂sko/
8421	delili	to divide, separate	/ˈdɛlɪlɪ/
8422	brineta	brunette	/briněta/
8423	divovski	as a giant	/dǐʋoʋskiː/
8424	loza	vine	/lǒza/
8425	miraz	dowry	/mîraːz/
8426	prugu	stripe, bind, line	/ˈpruɡʊ/
8427	početni	initial, beginning	/pǒt͡ʃetniː/
8428	deva	camel	/děːʋa/
8429	sipa	cuttlefish	/sîpa/
8430	gda	ever, sometimes	/ˈɡdaː/
8431	saga	saga	/sâːɡa/
8432	grmljavina	thunder	/ɡřmʎaʋina/
8433	prosjak	beggar	/prôsjaːk/
8434	javljati	to occur, manifest	/jǎːʋʎati/
8435	krstarica	cruiser	/kr̩stǎrit͡sa/
8436	igračica	female player	/iɡrǎt͡ʃit͡sa/
8437	ukrcaj	loading, embarkation	/ûkr̩t͡saːj/
8438	uvjet	condition, requirement	/ǔːʋjet/
8439	kočnica	brake	/kôt͡ʃnit͡sa/
8440	formacija	formation	/formǎːt͡sija/
8441	pečena	roasted	/ˈpɛtʃɛnɐ/
8442	krajeve	end, ending	/ˈkrɑjevɛ/
8443	stepenište	stairway	/ˈstɛpɛˌnɪʃtɛ/
8444	duvan	tobacco	/dǔʋaːn/
8445	nastati	to emerge, arise, develop	/nǎstati/
8446	vucite	to drag, draw, pull	/ˈvutsɪtɛ/
8447	siječnja	January	/ˈsijetʃɲɐ/
8448	umeo	to know how	/ˈumɛo/
8449	direktorica	director	/direktǒrit͡sa/
8450	vrijeđati	to insult, offend	/ʋrjěːd͡ʑati/
8451	sumnjivac	suspect	/sǔmɲiʋat͡s/
8452	gram	gram	/ɡrâm/
8453	doživeti	to live to see	/doʒǐːʋeti/
8454	mlin	mill	/mlîn/
8455	sjeli	to sit down	/ˈsjelɪ/
8456	zanat	trade, craft, skill	/zǎnaːt/
8457	praha	powder	/ˈprahɐ/
8458	suci	judge	/ˈsutsɪ/
8459	smer	direction, course	/ˈsmɛr/
8460	neodređeno	indefinitely	/neǒdreːd͡ʑeno/
8461	progoniti	to exile, banish	/proɡǒniti/
8462	spakovati	to pack	/spâkoʋati/
8463	radikalno	radically	/râdikaːlno/
8464	nadzirati	to oversee, supervise	/nǎdzirati/
8465	pileći	chicken or its meat	/pǐlet͡ɕiː/
8466	kutak	corner	/kǔːtak/
8467	doveka	forever, always	/dôʋeːka/
8468	psihopat	psychopath	/psixǒpat/
8469	letelica	flying machine; aircraft or spacecraft	/lětelit͡sa/
8470	medom	honey	/ˈmɛdom/
8471	odaja	room	/ˈodɑjɐ/
8472	popravni	corrective, correctional	/pǒpraːʋniː/
8473	udobnost	comfort, cosiness	/ûdobnoːst/
8474	usredotočiti	to concentrate, to focus	/usredotǒt͡ʃiti/
8475	fanatik	fanatic	/fanǎtik/
8476	slavite	to celebrate, glorify	/ˈslavɪtɛ/
8477	naknada	compensation	/nâːknada/
8478	vladavina	reign, rule	/ʋlǎdaʋina/
8479	labud	swan	/lâbuːd/
8480	mučite	to be silent	/ˈmutʃɪtɛ/
8481	narodi	people	/ˈnɑrodɪ/
8482	vežu	to bind, fasten, tie	/ˈvɛʒʊ/
8483	razmena	exchange	/ˈrazmɛnɐ/
8484	ostanak	staying, remaining	/ǒstanak/
8485	rasistički	as a racist, like a racist	/rasǐstit͡ʃkiː/
8486	suptilno	subtly	/sûptiːlno/
8487	usnu	lip	/ˈusnʊ/
8488	rječnik	dictionary	/rjêːt͡ʃniːk/
8489	izmišljotina	concoction, fabrication, fiction, figment	/izmiʃʎǒtina/
8490	asteroid	asteroid	/asterǒiːd/
8491	ponositi	to be proud, pride oneself on	/ponǒsiti/
8492	poludeti	to go mad, go crazy	/polǔːdeti/
8493	svjesno	consciously	/sʋjêsno/
8494	krasne	beautiful, pretty	/ˈkrasnɛ/
8495	branilac	defender	/brǎnilat͡s/
8496	najednom	suddenly, unexpectedly	/najědnoːm/
8497	umjetnica	artist	/ǔmjetnit͡sa/
8498	plača	cry	/ˈplatʃɐ/
8499	liker	liqueur	/lǐkeːr/
8500	smera	direction, course	/ˈsmɛrɐ/
8501	žabac	male frog	/ʒǎːbat͡s/
8502	sanke	sledge	/ˈsaŋkɛ/
8503	artiljerija	artillery	/artiʎěrija/
8504	sena	shadow	/sêna/
8505	krš	karst	/kr̂ʃ/
8506	trzaj	spasm, jerk, twitch	/tr̂zaːj/
8507	dvadesetak	around twenty	/dʋadesěːtak/
8508	bankrot	bankruptcy	/bǎnkroːt/
8509	nemilosrdno	heartlessly, mercilessly, cruelly	/nêmilosrdno/
8510	meli	to sweep	/ˈmɛlɪ/
8511	udes	fate, destiny	/ˈudɛs/
8512	osama	loneliness, solitude, isolation	/ôsama/
8513	muzem	first-person singular present of mȕsti	/ˈmuzɛm/
8514	stupi	to step	/ˈstupɪ/
8515	bobom	broad bean	/ˈbobom/
8516	jasnu	clear, limpid	/ˈjasnʊ/
8517	palimo	to kindle, light, set fire to	/ˈpalɪmo/
8518	opseg	circumference	/ôpseːɡ/
8519	drastično	drastically	/drǎstit͡ʃno/
8520	prijelaz	crossing	/prjěːlaz/
8521	elektricitet	electricity	/elektrit͡sǐteːt/
8522	broš	brooch	/brôʃ/
8523	reži	to cut	/ˈrɛʒɪ/
8524	otrovati	to poison	/otrǒʋati/
8525	ekspres	express	/ˈɛksprɛs/
8526	muškost	masculinity	/mûʃkoːst/
8527	šišmiš	bat	/ʃǐʃmiʃ/
8528	tajnik	male secretary	/tâːjniːk/
8529	zaborav	oblivion	/zâboraːʋ/
8530	staromodno	in an old-fashioned way	/stâromoːdno/
8531	ananas	pineapple	/ânanas/
8532	osuda	sentence, verdict	/ôsuda/
8533	propust	negligence	/ˈpropʊst/
8534	afrički	African	/ǎfrit͡ʃkiː/
8535	atrakcija	attraction	/atrǎkt͡sija/
8536	shvaćati	imperfective form of shvȁtiti	/sxʋât͡ɕati/
8537	beskonačno	endlessly, infinitely	/beskǒnat͡ʃno/
8538	hrpom	heap, pile	/ˈxrpom/
8539	složen	sophisticated, complex	/slôʒen/
8540	osećaja	feeling	/ˈosɛtˌɕɑjɐ/
8541	objavljujem	first-person singular present of objavljívati	/ˈobjɐvlˌjʊjem/
8542	obilje	luxury	/ǒbiːʎe/
8543	luđakinja	A crazy woman	/ˈludʑɐˌkɪɲɐ/
8544	japanac	Japanese	/japǎːnat͡s/
8545	fizičar	physicist	/ˈfizɪtʃɑr/
8546	mučen	tortured, tormented	/mût͡ʃen/
8547	odsjek	department	/ˈotsjek/
8548	najbogatiji	rich, wealthy	/ˈnɑjboˌɡɐtɪjɪ/
8549	rudnicima	mine	/ˈrudnɪtˌsɪmɐ/
8550	pub	jack, knave in card games	/pûːb/
8551	maločas	just a moment ago; recently	/mâlot͡ʃas/
8552	predvorje	vestibule, entrance hall, forecourt	/prěːdʋoːrje/
8553	vrijediti	to be worth	/ʋrjěːditi/
8554	presjeći	to cut in two pieces; bisect	/prěsjet͡ɕi/
8555	uzorcima	sample, specimen	/ˈuzortˌsɪmɐ/
8556	podučavati	imperfective form of podùčiti	/podut͡ʃǎːʋati/
8557	nagovori	persuasion, pressing	/ˈnaɡoˌvorɪ/
8558	smrtnik	mortal	/ˈsmrtnik/
8559	polagano	slowly	/polǎɡaːno/
8560	rezidencija	residency	/reziděnt͡sija/
8561	terenac	SUV	/ˈtɛrɛnɐts/
8562	spektar	spectrum	/ˈspɛktɑr/
8563	sjenka	shade; shadow	/sjêːnka/
8564	vlasnikom	owner	/ˈvlasnɪkom/
8565	pasji	as a dog, in the manner of a dog	/pâsjiː/
8566	pečeni	roasted	/ˈpɛtʃɛnɪ/
8567	dočepati	catch, grasp	/dot͡ʃěpati/
8568	uzoran	exemplary, model	/ǔːzoːran/
8569	građe	building material, fabric	/ˈɡradʑɛ/
8570	puknuti	to crack, break, burst, split	/pûknuti/
8571	ublažiti	to alleviate	/ublǎːʒiti/
8572	gospodstvo	gentlemanhood, lordship	/ɡospǒdstʋo/
8573	smestiti	to put, place into appropriate position	/smêstiti/
8574	ovisno	depending	/ǒʋisno/
8575	palca	genitive singular of pȁlac	/ˈpaltsɐ/
8576	soda	soda	/sǒːda/
8577	senzacija	sensation	/senzǎːt͡sija/
8578	rezervacija	reservation, booking	/rezerʋǎːt͡sija/
8579	zastupati	to represent	/zastǔːpati/
8580	hemija	chemistry	/xěːmija/
8581	rate	war	/ˈratɛ/
8582	poslepodne	afternoon	/ˈposlɛˌpodnɛ/
8583	pogodan	suitable, appropriate, convenient	/pôɡodan/
8584	izazivati	to challenge, provoke	/izazǐːʋati/
8585	elegantan	elegant	/eleɡǎntan/
8586	polarni	polar	/ˈpolɑrnɪ/
8587	naboj	cartridge	/nǎːboj/
8588	članica	member	/t͡ʃlǎnit͡sa/
8589	ekser	spike	/ěkser/
8590	otvarač	opener	/otʋǎraːt͡ʃ/
8591	saradnja	collaboration	/sarǎdɲa/
8592	starački	old people or age; senile	/stârat͡ʃkiː/
8593	nagađati	to guess, to speculate	/naɡǎːd͡ʑati/
8594	lima	file	/lîma/
8595	tam	there	/ˈtam/
8596	banket	A banquet	/bǎnkeːt/
8597	streljivo	ammunition	/ˈstrɛʎɪvo/
8598	žile	vein	/ˈʒilɛ/
8599	koren	root	/kôreːn/
8600	krupni	large, big, voluminous	/ˈkrupnɪ/
8601	lasica	weasel	/lǎsit͡sa/
8602	kitom	bunch, bouquet	/ˈkitom/
8603	zasada	principle, rule	/ˈzasɐdɐ/
8604	realan	realistic	/rêaːlan/
8605	tajnost	secrecy	/tǎːjnoːst/
8606	rodim	to bear	/ˈrodɪm/
8607	dvojka	two	/dʋǒːjka/
8608	usmjeriti	to direct, aim	/ǔsmjeriti/
8609	mera	measure	/mêra/
8610	preporučiti	to recommend	/preporǔːt͡ʃiti/
8611	tresti	to shake	/trěːsti/
8612	antena	antenna	/ˈantɛnɐ/
8613	susresti	to meet	/sǔsresti/
8614	sakupiti	to gather, collect, assemble	/sǎkupiti/
8615	ravni	straight, right	/ˈravnɪ/
8616	decenija	decade	/dět͡seːnija/
8617	mački	cat	/ˈmatʃkɪ/
8618	korupcija	corruption	/korǔpt͡sija/
8619	šapat	whisper	/ʃâpaːt/
8620	dvogled	binoculars	/dʋôɡleːd/
8621	sloma	breakdown, breakage	/ˈslomɐ/
8622	legija	legion	/ˈlɛɡɪjɐ/
8623	narodni	folk	/nǎːrodniː/
8624	prošlošću	instrumental singular of prȍšlōst	/ˈproʃloʃtɕʊ/
8625	sipao	to sprinkle a granular substance	/ˈsipɐo/
8626	tramvaj	tram	/trâmʋaːj/
8627	poslano	to send	/ˈposlɐno/
8628	stanovnik	inhabitant	/stanǒʋniːk/
8629	imbecil	imbecile	/imbět͡siːl/
8630	zavezati	to bind, knot	/zaʋěːzati/
8631	teatar	theater / theatre	/teǎːtar/
8632	spasla	to fall down	/ˈspaslɐ/
8633	lahko	alternative form of lako	/ˈlahko/
8634	amajlija	amulet	/amǎjlija/
8635	avans	advance, advance payment	/ǎʋans/
8636	kamata	interest	/kâmata/
8637	indijanski	in an Indian manner, as an Indian	/indǐjaːnskiː/
8638	prezire	to scorn, despise	/ˈprɛzɪrɛ/
8639	pojaviće	to appear, emerge	/ˈpojɐˌvɪtɕɛ/
8640	raf	shelf	/raf/
8641	davim	to choke, strangle	/ˈdavɪm/
8642	vučem	to drag, draw, pull	/ˈvutʃɛm/
8643	izrada	production, manufacture, making	/ǐzrada/
8644	poslovan	business	/pôsloːʋan/
8645	potera	chase, pursuit	/pôtera/
8646	gorko	bitter	/ˈɡorko/
8647	kala	mud	/ˈkalɐ/
8648	kolona	column	/kolǒːna/
8649	pojavu	phenomenon	/ˈpojɐvʊ/
8650	pederski	pederastic	/pěːderskiː/
8651	iseliti	to move out, expel	/isěliti/
8652	kvadrant	quadrant	/kʋǎdrant/
8653	badnjak	Christmas Eve	/bâdɲaːk/
8654	dobrovoljci	volunteer	/ˈdobroˌvoʎtsɪ/
8655	bespomoćno	helplessly	/bêspomot͡ɕno/
8656	vaza	vase	/ʋǎːza/
8657	sanduče	box	/ˈsandʊtʃɛ/
8658	tiranin	tyrant	/ˈtirɐnɪn/
8659	konzul	consul	/kôːnzul/
8660	primao	active past participle of primati	/ˈprimɐo/
8661	istaknuti	to emphasize, underline, point out	/istǎknuti/
8662	mutacija	mutation	/mutǎːt͡sija/
8663	vetru	wind	/ˈvɛtrʊ/
8664	sabrati	to gather, collect	/sǎbrati/
8665	patent	patent	/pǎtent/
8666	anoniman	anonymous	/ânoniːman/
8667	rede	row	/ˈrɛdɛ/
8668	podvala	deceit, fraud	/pôdʋala/
8669	gađati	to shoot	/ɡǎːd͡ʑati/
8670	borićemo	to fight, struggle	/ˈborɪtˌɕɛmo/
8671	seku	to cut, chop, chip, hew	/ˈsɛkʊ/
8672	pem	to go	/ˈpɛm/
8673	važe	to weigh	/ˈvaʒɛ/
8674	akvarijum	aquarium	/ˈakvɑˌrɪjʊm/
8675	lošom	bad, malicious	/ˈloʃom/
8676	očigledan	apparent, obvious	/ôt͡ʃiɡleːdan/
8677	bombon	hard candy	/bǒmboːn/
8678	šmokljan	goof, simpleton, fool	/ʃmǒkʎan/
8679	zavist	envy, jealousy	/zǎːʋist/
8680	izići	to go out, leave, come out, get out	/izǐːt͡ɕi/
8681	poza	behing	/pǒːza/
8682	spaljivanje	burning, combustion	/ˈspaʎɪˌvɐɲe/
8683	listom	all at once, everyone	/lîːstom/
8684	nena	grandmother	/ˈnɛnɐ/
8685	diviti	to admire, wonder at	/dǐːʋiti/
8686	teškoća	difficulty	/ˈtɛʃkotɕɐ/
8687	nabolje	to the better	/nâboʎeː/
8688	kilogram	kilogram	/kîloɡram/
8689	ultimatum	ultimatum	/ultimǎːtum/
8690	egzorcizam	exorcism	/eɡzort͡sǐzam/
8691	bos	barefoot	/bôːs/
8692	frizer	hairdresser	/frǐzeːr/
8693	razni	various	/râːzniː/
8694	posjedovati	to own, possess	/pǒːsjedoʋati/
8695	vito	to twist	/ˈvito/
8696	listić	gill	/lǐstit͡ɕ/
8697	omesti	to disrupt, hamper, hinder, interfere with	/ǒmeːsti/
8698	spis	document, text	/spîs/
8699	deri	to tear, pull apart	/ˈdɛrɪ/
8700	poslovica	proverb	/ˈposloˌvɪtsɐ/
8701	fala	nonstandard form of hvála	/fǎːla/
8702	nasumice	at random	/nǎsumit͡seː/
8703	organski	organic	/ǒrɡaːnskiː/
8704	suzu	tear	/ˈsuzʊ/
8705	tačaka	dot, period	/ˈtatʃɐkɐ/
8706	nalijevo	to the left	/nâljeːʋo/
8707	zeno	pupil	/ˈzɛno/
8708	drek	shit, crap	/drêk/
8709	žito	cereal, grain	/ʒîto/
8710	nevjesta	bride	/něʋjesta/
8711	odsada	henceforward, hereafter, henceforth	/ǒdsada/
8712	rukav	sleeve	/rǔkaːʋ/
8713	stolac	chair	/stǒlat͡s/
8714	spol	sex	/spôːl/
8715	mort	mortar	/môrt/
8716	rakom	crab	/ˈrakom/
8717	niža	feminine nominative/vocative singular	/ˈniʒɐ/
8718	posedovanje	owning, possessing	/ˈposɛˌdovɐɲe/
8719	dokazivati	to prove	/dokazǐːʋati/
8720	tekućina	liquid	/tekǔt͡ɕina/
8721	beznačajno	insignificantly	/bêznat͡ʃaːjno/
8722	vereni	to engage	/ˈvɛrɛnɪ/
8723	lupi	loupe	/ˈlupɪ/
8724	uhoda	spy	/ǔxoda/
8725	šrek	aslope, aslant, sideling	/ʃrêk/
8726	fetiš	fetish	/fětiʃ/
8727	pornografija	pornography	/pornoɡrǎfija/
8728	stolar	cabinetmaker	/stôlaːr/
8729	carina	customs	/t͡sârina/
8730	strastven	passionate	/strâstʋen/
8731	imun	immune	/îmuːn/
8732	besmislen	purposeless, senseless, pointless	/běsmislen/
8733	neprofesionalno	unprofessionally	/nêprofesionaːlno/
8734	jada	misery	/ˈjadɐ/
8735	kuneš	to curse	/ˈkunɛʃ/
8736	svuci	to undress, to take off clothes	/ˈsvutsɪ/
8737	vjernik	believer	/ʋjêːrniːk/
8738	slijed	sequence	/slîjed/
8739	grka	Greek	/ˈɡrka/
8740	demokratski	democratically	/demǒkratskiː/
8741	nemoralno	immorally	/nêmoraːlno/
8742	njutn	newton	/ɲûtn̩/
8743	zakletva	oath, vow	/zǎːkletʋa/
8744	kleo	to curse	/ˈklɛo/
8745	bedno	poorly, destitutely	/bêːdno/
8746	istodobno	simultaneously	/istǒdobno/
8747	izlog	display window	/ǐzloɡ/
8748	dernek	fair	/děrnek/
8749	uglom	corner	/ˈuɡlom/
8750	rupom	pit, hole	/ˈrupom/
8751	spale	to sleep	/ˈspalɛ/
8752	postignem	to achieve, accomplish	/ˈpostɪɡnɛm/
8753	projekcija	projection	/projěkt͡sija/
8754	grebenu	reef	/ˈɡrɛbɛnʊ/
8755	očekivano	expectedly	/ot͡ʃěkiːʋaːno/
8756	manjina	minority	/maɲǐna/
8757	gajba	crate, box	/ɡâːjba/
8758	svinjac	pigsty	/sʋǐːɲat͡s/
8759	kliješta	pliers	/kljěːʃta/
8760	vremeplov	time travel	/ʋrêmeploːʋ/
8761	gnev	wrath, fury, anger	/ˈɡnɛv/
8762	vežeš	to bind, fasten, tie	/ˈvɛʒɛʃ/
8763	plac	square	/ˈplats/
8764	prostitucija	prostitution	/prostitǔːt͡sija/
8765	tugom	sorrow, grief	/ˈtuɡom/
8766	ćutim	to be silent, to shut up	/ˈtɕutɪm/
8767	psić	diminutive of pȁs	/psît͡ɕ/
8768	lansirati	to launch	/lansǐːrati/
8769	kanim	to intend	/ˈkanɪm/
8770	govorom	speech	/ˈɡovorom/
8771	uočiti	to notice, catch sight of	/uǒt͡ʃiti/
8772	polubrat	half brother	/polǔbrat/
8773	prečica	shortcut	/ˈprɛtʃɪtsɐ/
8774	stenu	rock	/ˈstɛnʊ/
8775	egipatski	Egyptian	/ěɡipatskiː/
8776	kanap	string, twine, cord	/kǎnaːp/
8777	žila	vein	/ʒîla/
8778	svetinja	sanctity, sacredness	/sʋěːtiɲa/
8779	neš	something	/nêʃ/
8780	džinovski	colossally	/d͡ʒînoʋskiː/
8781	srbi	Serb	/ˈsrbi/
8782	neodoljivo	irresistibly	/neodǒʎiʋo/
8783	jelu	meal	/ˈjelʊ/
8784	četvorka	four	/t͡ʃětʋoːrka/
8785	nesigurnost	insecurity	/ˈnɛsɪˌɡʊrnost/
8786	evropski	in a European manner, as a European	/ěʋropskiː/
8787	neprirodno	unnaturally	/neprǐːrodno/
8788	stajete	second-person plural present of stȁjati	/ˈstɑjetɛ/
8789	sirovo	raw, uncooked	/sǐroʋo/
8790	kreativnost	creativity	/ˈkrɛɐˌtɪvnost/
8791	stavka	item, entry	/stâːʋka/
8792	tvrdnja	claim	/tʋřːdɲa/
8793	sline	saliva	/ˈslinɛ/
8794	platnu	payment, paying, pay	/ˈplatnʊ/
8795	potkrovlje	garret, attic	/ˈpotkrovlje/
8796	jarca	billy goat	/ˈjɑrtsɐ/
8797	trista	three hundred	/ˈtristɐ/
8798	spasli	to fall down	/ˈspaslɪ/
8799	višim	masculine/neuter instrumental singular of viši	/ˈviʃɪm/
8800	umor	fatigue	/ǔːmor/
8801	mirnu	motionless	/ˈmirnʊ/
8802	lije	fox	/ˈlije/
8803	plove	third-person plural present of plòviti	/ˈplovɛ/
8804	vidljivo	visibly	/ʋǐdʎiʋo/
8805	nezavisno	independently	/nezǎːʋisno/
8806	violina	violin	/ʋiolǐːna/
8807	stablu	a tree trunk	/ˈstablʊ/
8808	brutalnost	brutality	/brutǎːlnoːst/
8809	dosađivati	to bore	/dosad͡ʑǐːʋati/
8810	intenzivno	intensively	/întenziːʋno/
8811	potomstvo	offspring, descendants, posterity, progeny	/pǒtoːmstʋo/
8812	riža	rice	/ˈriʒɐ/
8813	pojedinac	individual	/pojedǐːnat͡s/
8814	šutiš	to be silent, shut up	/ˈʃutɪʃ/
8815	mučenik	martyr	/mût͡ʃeniːk/
8816	konačan	final, definite, last	/kǒnat͡ʃan/
8817	bluz	blues	/blûːz/
8818	pobačaj	miscarriage	/pôbat͡ʃaːj/
8819	tvar	matter, substance, material	/tʋâːr/
8820	otputovati	to depart	/otputǒʋati/
8821	sočno	juicily	/sôt͡ʃno/
8822	bočica	a small bottle; a vial	/bôt͡ʃit͡sa/
8823	rastati	to say goodbye, part	/rǎstati/
8824	svačiji	everyone's, everybody's	/sʋât͡ʃijiː/
8825	meduza	jellyfish	/medǔːza/
8826	nađene	to find, discover	/ˈnadʑɛnɛ/
8827	brik	brig	/ˈbrik/
8828	narasti	to grow	/narǎːsti/
8829	prvenstveno	primarily, first of all	/prʋěnstʋeno/
8830	starešina	chief, elder, head	/ˈstɑrɛˌʃɪnɐ/
8831	izvedeno	neuter singular passive past participle of ìzvesti	/ˈizvɛˌdɛno/
8832	sekcija	section	/ˈsɛktsɪjɐ/
8833	proizvođač	producer, maker	/proizʋǒd͡ʑaːt͡ʃ/
8834	maslo	clarified butter	/mâslo/
8835	svud	everywhere	/sʋûd/
8836	umjetnički	art, artist; artistic	/ǔmjetnit͡ʃkiː/
8837	problematičan	problematic	/problemǎtit͡ʃan/
8838	sanjar	dreamer	/sǎɲaːr/
8839	stipendija	scholarship	/stipěndija/
8840	pokaze	pass	/ˈpokɐzɛ/
8841	gošća	guest	/ɡǒʃt͡ɕa/
8842	košarka	basketball	/kǒʃaːrka/
8843	žitarica	grain, cereal	/ʒitǎrit͡sa/
8844	nj	him	/ˈɲə/
8845	pridržati	to hold for a while	/pridř̩ʒati/
8846	tur	aurochs, urus	/tûːr/
8847	korice	cover, binding	/kôrit͡se/
8848	ribi	fish	/ˈribɪ/
8849	sjekira	axe	/sjěkira/
8850	patak	drake	/pǎːtak/
8851	težinom	weight	/ˈtɛʒɪnom/
8852	tečno	tečno is the neuter form of tečan	/ˈtɛtʃno/
8853	baklja	torch	/bâkʎa/
8854	voćem	fruit	/ˈvotɕɛm/
8855	poznanik	acquaintance	/pǒznaniːk/
8856	ćurka	a female turkey	/t͡ɕûːrka/
8857	pedere	a gay person, homosexual; faggot, homo, queer	/ˈpɛdɛrɛ/
8858	zadnjica	butt, buttocks	/zâdɲit͡sa/
8859	maleno	small	/ˈmalɛno/
8860	polen	pollen	/pǒlen/
8861	smetala	to mind, care about	/ˈsmɛtɐlɐ/
8862	zvanje	profession, vocation	/zʋǎːɲe/
8863	kros	cross country	/ˈkros/
8864	vlas	hair	/ʋlâːs/
8865	nišan	sight	/nǐʃan/
8866	dublji	deep	/ˈdubʎɪ/
8867	izrezati	to cut, cut out, cut up	/ǐzrezati/
8868	stalan	permanent	/stǎːlan/
8869	bokserice	boxers, boxer briefs	/bôkserit͡se/
8870	historija	history	/xǐstoːrija/
8871	nemir	disquiet, agitation, unrest, restlessness	/nêmiːr/
8872	krojač	tailor	/krǒjaːt͡ʃ/
8873	mahati	to wave	/mǎːxati/
8874	zadao	to assign, give	/ˈzadɐo/
8875	fikcija	fiction	/fǐkt͡sija/
8876	sisati	to suck	/sîsati/
8877	kuta	corner	/ˈkutɐ/
8878	metle	broom	/ˈmɛtlɛ/
8879	tekućinu	liquid	/ˈtɛkʊtˌɕɪnʊ/
8880	tesno	tightly, closely	/têːsno/
8881	opijum	opium	/ǒpijuːm/
8882	osjetljivo	perceptibly, noticeably	/osjětʎiʋo/
8883	dječacima	boy, youngster	/ˈdjetʃɐtˌsɪmɐ/
8884	pozorno	carefully, attentively	/pǒːzoːrno/
8885	marljivo	industriously, diligently	/mǎrʎiʋo/
8886	kreveti	bed	/ˈkrɛvɛtɪ/
8887	prodor	penetration, breakthrough	/prǒːdor/
8888	čep	cork, stopper, cap	/t͡ʃêp/
8889	podnositi	to bear, endure, withstand	/podnǒsiti/
8890	bakar	copper	/bǎkar/
8891	monasi	monk, monastic	/ˈmonɐsɪ/
8892	industrijski	industrially	/indǔstriːjskiː/
8893	strop	A ceiling	/ˈstrop/
8894	liže	to lick	/ˈliʒɛ/
8895	đon	sole	/ˈdʑon/
8896	kofera	suitcase	/ˈkofɛrɐ/
8897	blagu	mild, gentle, soft, slight	/ˈblaɡʊ/
8898	rosu	dew	/ˈrosʊ/
8899	rješavati	to solve	/rjeʃǎːʋati/
8900	svjetionik	lighthouse	/sʋjetiǒniːk/
8901	sijalica	light bulb	/sîjalit͡sa/
8902	maziti	to fondle, pet, cuddle	/mǎːziti/
8903	karo	♦, diamonds in card- and boardgames	/kâro/
8904	udovac	widower	/udǒːʋat͡s/
8905	nanovo	anew, afresh, over again	/nânoʋo/
8906	ispričavati	to narrate, tell	/isprit͡ʃǎːʋati/
8907	šumom	noise	/ˈʃumom/
8908	delfin	dolphin	/ˈdɛlfɪn/
8909	zadiviti	to amaze, to awe, to impress	/zadǐːʋiti/
8910	spokoj	calmness, tranquility, serenity	/spǒkoj/
8911	rugati	to mock, make fun of	/rǔːɡati/
8912	surogat	surrogate, substitute	/sûroɡaːt/
8913	kotač	wheel	/kǒtaːt͡ʃ/
8914	nijemac	German	/ɲěːmat͡s/
8915	ujede	to bite	/ˈujedɛ/
8916	nu	but, however	/nû/
8917	brucoš	freshman, first-year	/brûːt͡soʃ/
8918	garantirati	to guarantee	/ɡarantǐːrati/
8919	grmlje	bushes, shrubbery	/ɡr̩̂ːmʎe/
8920	uspjehu	success	/ˈuspjehʊ/
8921	nastupiti	to begin	/nastǔːpiti/
8922	korejski	Korean	/kǒreːjskiː/
8923	pancir	mail	/pǎnt͡siːr/
8924	izuzetne	exceptional	/ˈizʊˌzɛtnɛ/
8925	prilagodba	adaptation, adjustment	/prîlaɡodba/
8926	razaranje	destruction	/ˈrazɑˌrɐɲe/
8927	klade	log, block	/ˈkladɛ/
8928	molekula	molecule	/molěkula/
8929	magacin	depot	/ˈmaɡɐtsɪn/
8930	uštedjeti	to save, spare	/uʃtěːdjeti/
8931	šofer	driver	/ʃǒfeːr/
8932	božanski	divine	/boʒǎnskiː/
8933	pesnica	fist	/pěsnit͡sa/
8934	paradoks	paradox	/ˈpɑrɐdoks/
8935	stajalište	viewpoint, standpoint	/stâjaliːʃte/
8936	vešt	able, skillful	/ʋêʃt/
8937	dvojnik	look-alike, double	/dʋôːjniːk/
8938	tiši	comparative degree of tȉh	/ˈtiʃɪ/
8939	svane	to dawn	/ˈsvanɛ/
8940	bradi	beard	/ˈbradɪ/
8941	lavove	lion	/ˈlavovɛ/
8942	mator	old	/ˈmator/
8943	nevesta	bride	/něʋesta/
8944	prašak	powder	/prǎːʃak/
8945	gvožđe	iron	/ɡʋôːʒd͡ʑe/
8946	pokoriti	to conquer, subjugate	/pokǒriti/
8947	vena	vein	/ʋěːna/
8948	aut	sideline marking the edge of a playing field or court, out…	/ˈaʊt/
8949	jahta	yacht	/jâxta/
8950	ogorčen	bitter, embittered	/ǒɡoːrt͡ʃen/
8951	suziti	to tear, shed tears	/sûziti/
8952	pripremati	to prepare	/priprěːmati/
8953	seksualnost	sexuality	/seksuǎːlnoːst/
8954	puzi	to creep, crawl	/ˈpuzɪ/
8955	šav	seam	/ʃâʋ/
8956	motivi	motive	/ˈmotɪvɪ/
8957	četkica	a small brush	/ˈtʃɛtkɪtsɐ/
8958	mikrofona	microphone	/ˈmikroˌfonɐ/
8959	odora	robe, vestment	/ǒdora/
8960	neprijateljstvo	enmity, hostility, animosity	/neprijatěʎstʋo/
8961	unija	union	/ûːnija/
8962	pipa	faucet, tap	/pîpa/
8963	blagajnik	cashier	/blǎɡaːjniːk/
8964	raširiti	to widen, broaden	/raʃǐːriti/
8965	obadvoje	both	/ˈobɐdˌvoje/
8966	proračun	estimate, calculation	/prôrat͡ʃuːn/
8967	nizvodno	downstream	/nǐzʋodno/
8968	novinarstvo	journalism	/noʋinǎːrstʋo/
8969	letak	leaflet, flyer	/lêtak/
8970	vrtlar	gardener, horticulturist	/ʋr̂tlaːr/
8971	pločica	platelet, little plate	/plôt͡ʃit͡sa/
8972	pejzaž	landscape	/pějzaːʒ/
8973	brojanje	counting, count	/ˈbrojɐɲe/
8974	kuke	hook	/ˈkukɛ/
8975	tijesno	tightly, closely	/tjêːsno/
8976	umorstvo	murder	/ˈumorstvo/
8977	knjižnica	library	/kɲǐːʒnit͡sa/
8978	omot	wrapping	/ǒmot/
8979	pustoš	wasteland, desert	/pǔːstoʃ/
8980	klovnovi	clown	/ˈklovnovɪ/
8981	zbunjeno	confusedly, confusingly	/zbûːɲeno/
8982	ugledati	to look up to, to see as a role model	/ǔɡledati/
8983	falsifikat	forgery, counterfeit	/falsifǐkaːt/
8984	bedni	poor, destitute	/ˈbɛdnɪ/
8985	bolnički	as if in a hospital	/bǒːlnit͡ʃkiː/
8986	gu	her	/ɡu/
8987	produkcija	production	/prodǔkt͡sija/
8988	kurcem	penis, dick, cock	/ˈkurtsɛm/
8989	pogađati	to hit	/poɡǎːd͡ʑati/
8990	transporter	transporter	/transpǒrteːr/
8991	tajanstven	mysterious, enigmatic, mystic, occult	/tajǎnstʋen/
8992	šum	noise	/ʃûːm/
8993	riblji	fish	/rîbʎiː/
8994	odlučno	decisively, resolutely, energetically, decidedly	/ôdluːt͡ʃno/
8995	ubodi	to sting, prick	/ˈubodɪ/
8996	jeza	goosebumps	/jěːza/
8997	raskinuti	to break, sever	/rǎskinuti/
8998	skupljati	to gather, collect, assemble, congregate	/skǔːpʎati/
8999	bocom	bottle	/ˈbotsom/
9000	raport	military report, official report	/rǎport/
9001	optimizam	optimism	/optimǐzam/
9002	žalili	to mourn, grieve	/ˈʒalɪlɪ/
9003	spreme	qualification, training	/ˈsprɛmɛ/
9004	dika	pride	/dǐːka/
9005	site	sated, full	/ˈsitɛ/
9006	imitacija	imitation	/imitǎːt͡sija/
9007	indijac	Indian	/indǐːjat͡s/
9008	pisak	squeal, shriek	/pîːsak/
9009	duhan	tobacco	/dǔxaːn/
9010	limunada	lemonade	/limunǎːda/
9011	plemić	noble	/plêmiːt͡ɕ/
9012	dalji	far, distant	/dâʎiː/
9013	zadaća	task, assignment	/zǎdat͡ɕa/
9014	evakuirati	to evacuate	/ˈɛvɐˌkʊɪˌrɐtɪ/
9015	ubode	sting, stab, prick	/ˈubodɛ/
9016	zahtijevati	to demand, require, ask for	/zaxtjěːʋati/
9017	spremati	to prepare	/sprěːmati/
9018	grije	to heat, warm	/ˈɡrije/
9019	krupno	large, big, voluminous	/ˈkrupno/
9020	preplašiti	to scare, frighten	/prěplaʃiti/
9021	kolegica	colleague	/ˈkolɛˌɡɪtsɐ/
9022	poslušnost	obedience, dutifulness	/poslǔːʃnoːst/
9023	hipoteka	mortgage	/ˈxipoˌtɛkɐ/
9024	kulta	cult	/ˈkultɐ/
9025	ubrzanje	acceleration	/ubrzǎːɲe/
9026	detaljan	detailed	/dêtaːʎan/
9027	krvotok	circulation of blood; blood stream	/kr̩̂ʋotoːk/
9028	lutati	to wander, roam	/lǔːtati/
9029	čelični	steel	/t͡ʃělit͡ʃniː/
9030	pusto	empty, deserted, abandoned	/ˈpusto/
9031	zabuna	confusion	/zâːbuna/
9032	potopiti	to drown, sink	/potǒpiti/
9033	nezaposlenost	unemployment	/nezǎposlenoːst/
9034	siđemo	to descend, get down, come down	/ˈsidʑɛmo/
9035	proučiti	to study	/proǔt͡ʃiti/
9036	utvrda	fortress, stronghold	/ûtʋrda/
9037	upamtiti	to remember, memorize	/ǔpaːmtiti/
9038	najava	announcement	/nâːjaʋa/
9039	kabla	bucket, pail, tub	/ˈkablɐ/
9040	napale	to attack, assault	/ˈnapɐlɛ/
9041	žicom	acanthus spinosissimus	/ˈʒitsom/
9042	peto	heel	/ˈpɛto/
9043	zalog	pawn	/zǎːloɡ/
9044	vlaga	moisture	/ʋlâɡa/
9045	ovdašnji	belonging to or living in this place, town, etc.; local	/ǒʋdaʃɲiː/
9046	predujam	advance	/predǔːjam/
9047	iskočiti	to jump, leap out	/iskǒt͡ʃiti/
9048	did	grandfather	/dîd/
9049	kuvati	to cook	/kûʋati/
9050	prelom	fracture, break	/prěːlom/
9051	izolacija	isolation	/izolǎːt͡sija/
9052	četvrtina	one quarter, one fourth	/t͡ʃetʋř̩tina/
9053	pasu	third-person plural present of pȃsti	/ˈpasʊ/
9054	jedimo	to eat, consume	/ˈjedɪmo/
9055	dohvat	range, scope, reach	/dôxʋaːt/
9056	trend	trend	/trênd/
9057	slane	salty, saline	/ˈslanɛ/
9058	plemenu	tribe	/ˈplɛmɛnʊ/
9059	bjelkinja	white female	/bjêlkiɲa/
9060	losu	moose	/ˈlosʊ/
9061	kišni	rain	/kîʃniː/
9062	oštetiti	to harm, damage	/ǒʃtetiti/
9063	zvjezdica	a small star	/zʋjězdit͡sa/
9064	začudo	surprisingly	/zǎt͡ʃudo/
9065	brutalan	brutal	/brûtaːlan/
9066	tjedni	weekly	/tjêdniː/
9067	lepoj	nice, pretty	/ˈlɛpoj/
9068	raspon	span	/rǎːspon/
9069	komunizam	communism	/ˈkomʊˌnɪzɐm/
9070	dinosaurus	dinosaur	/dinosǎurus/
9071	ratovanje	warfare, war	/ˈratoˌvɐɲe/
9072	umaka	sauce	/ˈumɐkɐ/
9073	iskusiti	to experience, undergo	/iskǔːsiti/
9074	aktovka	briefcase	/âktoːʋka/
9075	iseći	to cut	/ǐset͡ɕi/
9076	iti	to go	/ˈiːti/
9077	pepsi	Pepsi	/ˈpɛpsɪ/
9078	umetnica	artist	/ǔmetnit͡sa/
9079	proljetni	spring	/prǒʎetniː/
9080	samouništenje	self-destruction	/samouniʃtěːɲe/
9081	neprilika	trouble, difficulty	/neprǐːlika/
9082	kapela	chapel	/kapěːla/
9083	amaterski	amateurishly	/amǎteːrskiː/
9084	socijalizam	socialism	/sot͡sijalǐzam/
9085	razgledanje	view	/ˈrazɡlɛˌdɐɲe/
9086	proizvoditi	to manufacture, produce, create	/proizʋǒditi/
9087	lupe	loupe	/ˈlupɛ/
9088	propaganda	propaganda	/propǎɡaːnda/
9089	granu	branch	/ˈɡranʊ/
9090	otpao	to fall off	/ˈotpɐo/
9091	mafijaš	mobster, Mafioso	/mafǐjaːʃ/
9092	ustaješ	to stand up, rise	/ˈustɑjeʃ/
9093	rođenu	born	/ˈrodʑɛnʊ/
9094	keca	ace	/ˈkɛtsɐ/
9095	žurio	to hurry, rush	/ˈʒurɪo/
9096	kloniti	to shun, avoid	/klǒniti/
9097	pekara	bakery	/pěkara/
9098	branik	bumper	/ˈbranɪk/
9099	raniji	early	/ˈranɪjɪ/
9100	toka	flow	/ˈtokɐ/
9101	mol	dock, pier	/môːl/
9102	risa	lynx	/ˈrisɐ/
9103	oživjeti	to revive, reanimate, resuscitate	/oʒǐːʋjeti/
9104	obim	volume	/ǒbim/
9105	zmijo	snake	/ˈzmijo/
9106	izvedba	performance	/ǐzʋedba/
9107	peraja	fin, flipper	/ˈpɛrɑjɐ/
9108	brijač	hairdresser; barber; friseur	/brǐjaːt͡ʃ/
9109	uvjerenje	conviction, belief	/uʋjerěːɲe/
9110	guranje	verbal noun of gúrati	/ˈɡurɐɲe/
9111	crtati	to draw	/t͡sr̩̂tati/
9112	medvede	bear	/ˈmɛdvɛdɛ/
9113	frustriran	frustrated	/frǔstriːran/
9114	tučem	to beat, thrash	/ˈtutʃɛm/
9115	odmaralište	rest or recreation centre	/odmǎraliːʃte/
9116	originalan	original	/ôriɡinaːlan/
9117	dokrajčiti	to finish, to terminate	/ˈdokrɑjtˌʃɪtɪ/
9118	unakrsno	crossways, crosswise	/ˈunɐkrsno/
9119	vrtiću	kindergarten	/ˈvrtitɕʊ/
9120	udat	married	/udaːt/
9121	fatalno	fatally	/fǎtaːlno/
9122	fondacija	foundation	/fondǎːt͡sija/
9123	kukavički	cowardly	/kûkaʋit͡ʃki/
9124	pouka	moral, lesson	/pôuka/
9125	njuškalo	sniffer	/ɲûʃkalo/
9126	kontekst	context	/kǒntekst/
9127	odlaziti	to leave, part	/ǒdlaziti/
9128	vašar	fair, market	/ʋǎːʃar/
9129	meku	soft	/ˈmɛkʊ/
9130	hijena	hyena	/xijěːna/
9131	strelu	arrow	/ˈstrɛlʊ/
9132	plovio	to sail, navigate	/ˈplovɪo/
9133	kašika	spoon	/kǎʃika/
9134	kupam	to bathe	/ˈkupɐm/
9135	zurim	to stare	/ˈzurɪm/
9136	olimpijske	Olympic	/ˈolɪmˌpɪjskɛ/
9137	počastiti	to treat oneself, to indulge	/pot͡ʃǎstiti/
9138	nokaut	knockout	/nokǎut/
9139	lozu	vine	/ˈlozʊ/
9140	uran	uranium	/ˈurɐn/
9141	tamnom	dark, gloomy, dim	/ˈtamnom/
9142	izmjena	change	/îzmjena/
9143	kreacija	creation	/kreǎːt͡sija/
9144	zavjesa	curtain	/zâːʋjesa/
9145	sudovi	court	/ˈsudovɪ/
9146	bezbolno	painlessly	/bězboːlno/
9147	kupati	to bathe	/kǔːpati/
9148	nastupi	onset	/ˈnastʊpɪ/
9149	smaknuti	to suddenly remove, take off	/smǎknuti/
9150	spremnost	readiness, willingness	/sprêmnoːst/
9151	pauci	spider	/ˈpaʊtsɪ/
9152	izjutra	in the morning	/îzjutra/
9153	takmičiti	to compete	/tǎkmit͡ʃiti/
9154	lipanj	June	/lîːpaɲ/
9155	skrio	active past participle of skriti	/ˈskrio/
9156	hobotnica	octopus	/xǒbotnit͡sa/
9157	bat	mallet	/bât/
9158	odgoj	upbringing, education	/ǒdɡoj/
9159	škotski	Scottish	/ʃkôtskiː/
9160	haljinom	dress	/ˈxaʎɪnom/
9161	republikanac	republican, Republican	/republikǎːnat͡s/
9162	mučno	painfully, arduously, with difficulty	/mût͡ʃno/
9163	šupčina	asshole	/ʃǔpt͡ʃina/
9164	zloban	malicious, spiteful	/zlôban/
9165	dirali	to touch	/ˈdirɐlɪ/
9166	samoća	loneliness	/samǒt͡ɕa/
9167	aman	pity	/ǎmaːn/
9168	đe	alternative form of gdje	/ˈdʑɛ/
9169	kradete	to steal	/ˈkradɛtɛ/
9170	rejting	rating	/ˈrejtɪŋɡ/
9171	obrnuti	to turn	/obřːnuti/
9172	fiks	fix	/ˈfiks/
9173	jednorog	unicorn	/jêdnoroɡ/
9174	samit	summit	/sǎmit/
9175	oblačiti	to dress, clothe, put on clothes	/oblǎːt͡ʃiti/
9176	lovački	hunting, hunters	/lǒʋat͡ʃkiː/
9177	sisao	to suck	/ˈsisɐo/
9178	bolovanje	sick leave	/bôloʋaːɲe/
9179	surov	brutal	/sǔroʋ/
9180	slovom	letter	/ˈslovom/
9181	sucu	judge	/ˈsutsʊ/
9182	demokracija	democracy	/demokrǎːt͡sija/
9183	veto	veto	/ʋêːto/
9184	zbrinuti	to provide for, take care of, secure a living for	/zbrînuti/
9185	poštovan	respected, honored	/pôʃtoʋaːn/
9186	kotao	kettle	/ˈkotɐo/
9187	veljače	February	/ˈvɛʎɐtʃɛ/
9188	istući	to beat, thrash	/istǔːt͡ɕi/
9189	zrcalo	mirror	/zř̩t͡salo/
9190	pljunuti	to spit	/pʎûnuti/
9191	kiseli	masculine nominative/vocative plural	/ˈkisɛlɪ/
9192	spojen	connected, joined	/spôjen/
9193	čarobnica	wizard	/t͡ʃârobnit͡sa/
9194	raznolikost	diversity	/raznǒlikoːst/
9195	zdravom	healthy, fit	/ˈzdravom/
9196	plitko	shallowly	/plîːtko/
9197	supstanca	substance	/supstǎnt͡sa/
9198	uzdah	sigh	/ûzdaːx/
9199	mačji	feline	/mât͡ʃjiː/
9200	bežati	to flee, run away	/běʒati/
9201	sentimentalan	sentimental	/sêntimentaːlan/
9202	predloga	proposal, proposition	/ˈprɛdloɡɐ/
9203	vernost	loyalty, fidelity	/ʋěːrnoːst/
9204	mehanički	mechanically	/mexǎnit͡ʃkiː/
9205	potonuti	to sink	/potǒnuti/
9206	porađa	to deliver	/ˈporɐdʑɐ/
9207	markiza	marchioness, marquise	/markǐːza/
9208	rasizam	racism	/rasǐzam/
9209	voćni	fruit	/ʋôt͡ɕniː/
9210	delovati	to work, perform, function, operate	/dêloʋati/
9211	utovar	loading	/ûtoʋaːr/
9212	nevidljivo	invisibly	/neʋǐdʎiʋo/
9213	litra	liter, litre	/lîtra/
9214	gamad	vermin	/ɡâmaːd/
9215	izreći	to state, utter, say, pronounce	/ǐzret͡ɕi/
9216	stajem	first-person singular present of stȁjati	/ˈstɑjem/
9217	struji	electricity	/ˈstrujɪ/
9218	udate	married	/ˈudɐtɛ/
9219	prala	to wash	/ˈpralɐ/
9220	narudžba	order	/nǎːrud͡ʒba/
9221	parlamentu	parliament	/ˈpɑrlɐˌmɛntʊ/
9222	jazbina	lair, den	/jâzbina/
9223	jedrenje	sailing	/jědreːɲe/
9224	zidom	wall	/ˈzidom/
9225	leće	lentil	/ˈlɛtɕɛ/
9226	tkanina	fabric, textile	/tkǎnina/
9227	sivu	grey	/ˈsivʊ/
9228	izraelski	Israeli	/îzraelskiː/
9229	bese	rage	/ˈbɛsɛ/
9230	sfera	sphere, ball, globe	/ˈsfɛrɐ/
9231	milosrđe	compassion	/ˈmilosrdʑɛ/
9232	vulkanski	volcanically	/ʋǔlkaːnskiː/
9233	mačkom	cat	/ˈmatʃkom/
9234	tresi	to shake	/ˈtrɛsɪ/
9235	retke	rare	/ˈrɛtkɛ/
9236	sabotaža	sabotage	/sabotǎːʒa/
9237	nar	pomegranate	/nâr/
9238	kovač	smith	/kǒʋaːt͡ʃ/
9239	nezadovoljan	dissatisfied	/nêzadoʋoːʎan/
9240	pohvala	praise	/pôxʋala/
9241	ugledan	respectable	/ûɡleːdan/
9242	pansion	pension	/pansǐoːn/
9243	posedu	possession, ownership	/ˈposɛdʊ/
9244	nogometa	football, soccer	/ˈnoɡoˌmɛtɐ/
9245	deonica	share	/deǒnit͡sa/
9246	napalo	to attack, assault	/ˈnapɐlo/
9247	svitanje	daybreak, dawn	/sʋîtaːɲe/
9248	radovati	to make happy, delight	/râdoʋati/
9249	dramatičan	dramatic	/dramǎtit͡ʃan/
9250	sudnica	courtroom	/sǔːdnit͡sa/
9251	ponor	abyss	/pǒnor/
9252	hodajući	walking	/xǒːdajuːt͡ɕiː/
9253	mirom	peace	/ˈmirom/
9254	pokazatelj	indicator	/pokǎzateʎ/
9255	delite	to divide, separate	/ˈdɛlɪtɛ/
9256	okani	to avoid, shun	/ˈokɐnɪ/
9257	adut	trump, trump card	/ǎduːt/
9258	slana	hoarfrost	/slǎːna/
9259	izvoz	export	/ǐzʋoz/
9260	unutarnji	internal, interior	/ǔnutaːrɲiː/
9261	istinit	true, authentic	/îstinit/
9262	prigoda	opportunity	/prîɡoda/
9263	prekretnica	turning point, milestone, landmark	/prěkretnit͡sa/
9264	atlas	atlas	/ˈatlɐs/
9265	obdukcija	autopsy	/obdǔkt͡sija/
9266	tup	blunt, dull	/tûːp/
9267	nepouzdan	unreliable	/nêpouzdaːn/
9268	kokoška	hen	/kǒkoːʃka/
9269	mešati	to mix, blend, mingle	/měːʃati/
9270	paprika	bell pepper, pepper, paprika	/pǎprika/
9271	šapu	paw, pad	/ˈʃapʊ/
9272	osnovama	basis, foundation	/ˈosnoˌvɐmɐ/
9273	pristalica	adherent, supporter, follower	/prǐstalit͡sa/
9274	osvježiti	to refresh, freshen up	/ǒsʋjeʒiti/
9275	kanio	to intend	/ˈkanɪo/
9276	uskratiti	to deny, refuse	/uskrǎːtiti/
9277	jutara	genitive plural of jȕtro	/ˈjutɑrɐ/
9278	mumija	mummy	/mûːmija/
9279	organizator	organizer	/orɡanǐzaːtor/
9280	jednoglasno	unanimously	/jednǒɡlasno/
9281	jastukom	pillow	/ˈjastʊkom/
9282	vežbanje	practice	/ˈvɛʒbɐɲe/
9283	kanalizacija	sewerage system, sewers	/kanalizǎːt͡sija/
9284	šašavo	foolishly, fatuously	/ʃâʃaʋo/
9285	urota	plot, conspiracy	/ǔrota/
9286	gust	dense	/ɡûːst/
9287	opake	wicked, evil	/ˈopɐkɛ/
9288	kušati	to taste	/kûʃati/
9289	zarazu	contagion	/ˈzɑrɐzʊ/
9290	nega	care, nursing	/nêɡa/
9291	zebra	zebra	/zêbra/
9292	svinjetina	pork	/sʋǐɲetina/
9293	pušač	smoker	/pǔʃaːt͡ʃ/
9294	pozna	late	/ˈpoznɐ/
9295	boka	river mouth	/bôka/
9296	strina	aunt	/ˈstrinɐ/
9297	isjeći	to cut	/ǐsjet͡ɕi/
9298	hrišćanin	Christian	/xrǐʃt͡ɕanin/
9299	snaja	daughter-in-law	/ˈsnɑjɐ/
9300	karakteristika	characteristic, feature	/karakterǐstika/
9301	opatica	abbess	/opǎtit͡sa/
9302	krhotina	splinter, shiver, fragment	/křxotina/
9303	doručkovati	to breakfast	/dǒrut͡ʃkoʋati/
9304	điha	giddyup	/ˈdʑihɐ/
9305	zbližiti	to bring or draw closer together	/zblǐːʒiti/
9306	krinka	disguise	/krîːnka/
9307	poslužavnik	dish, plate	/poslǔʒaːʋniːk/
9308	gležanj	ankle	/ɡlêʒaɲ/
9309	strateški	strategic	/strǎteːʃkiː/
9310	prenositi	to carry, move, bring to another place; carry over, bring…	/prenǒsiti/
9311	obveznica	debenture	/ˈobvɛzˌnɪtsɐ/
9312	ucena	blackmail	/ût͡sena/
9313	mela	flour	/ˈmɛlɐ/
9314	stida	shame	/ˈstidɐ/
9315	trbuha	abdomen, belly	/ˈtrbuhɐ/
9316	predjela	region, district, area	/ˈprɛdjelɐ/
9317	porasti	to grow; grow up	/porǎːsti/
9318	pusa	kiss	/pûsa/
9319	suh	dry, dried	/sûːx/
9320	trokut	triangle	/trôkuːt/
9321	sestrinstvo	sisterhood	/sěstriːnstʋo/
9322	pustolovina	adventure	/pustolǒʋina/
9323	kamene	stone	/ˈkamɛnɛ/
9324	oke	an oka, a former Turkish unit of weight, usually a little…	/ˈokɛ/
9325	nevjerojatni	improbable, implausible, unlikely	/ˈnɛvjeˌrojɐtnɪ/
9326	tehnološki	technologically	/texnǒloʃkiː/
9327	zavisno	depending	/zǎːʋisno/
9328	melem	balm, balsam	/mělem/
9329	dobijati	to receive, get, obtain, acquire	/dobîjati/
9330	predigra	foreplay	/prêdiɡra/
9331	naslijediti	to inherit	/naslijěːditi/
9332	nektar	nectar	/nêktar/
9333	lavina	avalanche	/ˈlavɪnɐ/
9334	lijen	lazy	/lijêːn/
9335	poremetiti	to disturb, disrupt	/porěmetiti/
9336	gledište	viewpoint, aspect	/ɡlêdiːʃte/
9337	platnom	linen	/ˈplatnom/
9338	revanš	rematch	/ˈrɛvɐnʃ/
9339	kemikalija	chemical	/kemikǎlija/
9340	devetnaest	nineteen	/deʋětnaeːst/
9341	osjećajan	emotional	/ôsjet͡ɕaːjan/
9342	odvezati	to untie, unbind, unstring, unlace	/odʋěːzati/
9343	apoteka	apothecary	/ˈapoˌtɛkɐ/
9344	svečanost	celebration, festivity	/sʋět͡ʃanoːst/
9345	zaliti	to water	/zǎliti/
9346	ružnih	ugly, unattractive	/ˈruʒnɪh/
9347	tačni	exact, accurate	/ˈtatʃnɪ/
9348	pustinjski	desert	/pǔːstiːɲskiː/
9349	imitator	imitator	/imǐtaːtor/
9350	liječnica	doctor, physician	/ljêːt͡ʃnit͡sa/
9351	duvaj	to blow	/ˈduvɑj/
9352	roja	swarm	/ˈrojɐ/
9353	grb	coat of arms	/ɡr̩̂b/
9354	znanstveno	scientifically	/znǎnstʋeno/
9355	efikasnost	effectiveness	/ˈɛfɪˌkɐsnost/
9356	lisicu	vixen	/ˈlisɪtsʊ/
9357	moreno	neuter singular passive past participle of moriti	/ˈmorɛno/
9358	šuga	scabies, mange	/ʃûɡa/
9359	mrtvačnica	morgue, mortuary	/mř̩tʋaːt͡ʃnit͡sa/
9360	pojasniti	to explain, elucidate	/pojǎsniti/
9361	medij	medium	/mêːdiːj/
9362	krajolik	landscape	/krâjolik/
9363	svrab	scabies	/sʋrâːb/
9364	platna	payment, paying, pay	/ˈplatnɐ/
9365	javljamo	to occur, manifest	/ˈjavljɐmo/
9366	povraćati	imperfective form of povrátiti	/pǒʋrat͡ɕati/
9367	škorpion	scorpion	/ʃkorpǐoːn/
9368	budalaština	tomfoolery, foolishness, foolish thing or act	/budalǎːʃtina/
9369	tabor	camp	/tâːbor/
9370	trol	troll	/trôːl/
9371	lovite	to hunt	/ˈlovɪtɛ/
9372	guzom	instrumental singular of gȕz	/ˈɡuzom/
9373	ud	limb	/ˈud/
9374	gorjeti	to burn	/ɡǒrjeti/
9375	vodovod	waterworks, plumbing	/ʋôdoʋoːd/
9376	jastucima	pillow	/ˈjastʊtˌsɪmɐ/
9377	talijan	Italian	/talǐjaːn/
9378	daviš	to choke, strangle	/ˈdavɪʃ/
9379	omladina	youth	/ǒmladina/
9380	gluha	deaf	/ˈɡluhɐ/
9381	fila	stuffing	/ˈfilɐ/
9382	dilema	dilemma	/dilěːma/
9383	deaktivirati	to deactivate, to disable	/deaktiʋǐːrati/
9384	umakom	sauce	/ˈumɐkom/
9385	kršćanin	Christian	/kř̩ʃt͡ɕanin/
9386	plemstvo	nobility	/plěmstʋo/
9387	osuđenik	convict	/osud͡ʑěniːk/
9388	labirint	labyrinth	/labǐrint/
9389	nastupati	to begin	/nastǔːpati/
9390	raspad	decomposition, decay	/râːspad/
9391	mitraljez	heavy machine gun	/mitrǎʎeːz/
9392	grm	bush	/ɡr̩̂m/
9393	žetva	harvest	/ʒêtʋa/
9394	pokvarenjak	vicious, mean and dishonest person, known for his misdeeds	/pokʋarěɲaːk/
9395	bajno	beautiful, delightful, wonderful	/ˈbɑjno/
9396	artritis	arthritis	/artrǐtis/
9397	imejl	email	/ˈimejl̩/
9398	nagore	upward, up	/nǎɡore/
9399	lutkica	a little doll	/ˈlutkɪtsɐ/
9400	odseći	to cut off	/ǒdset͡ɕi/
9401	nepodnošljiv	unbearable, insufferable, intolerable	/nepodnǒʃʎiʋ/
9402	našlo	to find, discover	/ˈnaʃlo/
9403	viđeno	to see	/ˈvidʑɛno/
9404	nervoza	nervousness	/nerʋǒːza/
9405	mustra	pattern or sample of a fabric or cloth	/mûstra/
9406	rudnike	mine	/ˈrudnɪkɛ/
9407	utješno	comforting, consoling	/ǔtjeʃno/
9408	pijun	pawn	/ˈpijʊn/
9409	kadet	cadet	/kǎdeːt/
9410	kičma	spine	/kîːt͡ʃma/
9411	bode	to stab	/ˈbodɛ/
9412	suve	dry, dried	/ˈsuvɛ/
9413	jarbol	mast	/jâːrbol/
9414	kači	snake	/ˈkatʃɪ/
9415	vladam	to rule, reign, govern	/ˈvladɐm/
9416	neznalica	ignoramus	/něznalit͡sa/
9417	biografija	biography	/ˈbioˌɡrɐfɪjɐ/
9418	verovanje	belief	/ˈvɛroˌvɐɲe/
9419	štita	shield	/ˈʃtitɐ/
9420	zarazi	contagion	/ˈzɑrɐzɪ/
9421	postrojba	unit	/pǒstrojba/
9422	lopatom	shovel	/ˈlopɐtom/
9423	načiniti	to make, do, produce	/nat͡ʃǐniti/
9424	trula	rotten	/ˈtrulɐ/
9425	takoreći	as it were, so to speak, in a manner of speaking	/takorět͡ɕi/
9426	uvoz	import, importation	/ǔːʋoz/
9427	gradnja	building	/ˈɡradɲɐ/
9428	smaknuće	execution	/smaknǔːt͡ɕe/
9429	jastreb	hawk	/jâstreːb/
9430	biljni	vegetable	/bîːʎniː/
9431	posteljina	bedding, bedclothes	/posteʎǐna/
9432	umetnički	art, artist; artistic	/ǔmetnit͡ʃkiː/
9433	transplantacija	transplantation	/transplantǎːt͡sija/
9434	shvatati	to understand, comprehend, grasp, conceive	/sxʋâtati/
9435	portugalski	Portuguese	/pôrtuɡaːlskiː/
9436	nemoćan	feeble, infirm, weak	/nêmot͡ɕan/
9437	neodgovoran	irresponsible	/nêodɡoʋoːran/
9438	lovina	catch, haul	/lôʋina/
9439	pregovarač	negotiator	/preɡoʋǎraːt͡ʃ/
9440	podržavati	to hold, support	/podr̩ʒǎːʋati/
9441	udahnuti	to inhale	/udǎxnuti/
9442	svetionik	lighthouse	/sʋetiǒniːk/
9443	mikroskop	microscope	/ˈmikroskop/
9444	ležaj	couch	/ˈlɛʒɑj/
9445	kopiladi	bastard	/ˈkopɪˌlɐdɪ/
9446	nestanku	disappearance	/ˈnɛstɐŋkʊ/
9447	česta	frequent, common	/ˈtʃɛstɐ/
9448	kotrlja	to roll	/ˈkotrʎɐ/
9449	vaditi	to take out, draw	/ʋâditi/
9450	skulptura	sculpture	/skulptǔːra/
9451	izračunati	to calculate	/izrat͡ʃǔnati/
9452	broje	to count, number, enumerate	/ˈbroje/
9453	cimet	cinnamon	/t͡sǐmet/
9454	malina	raspberry	/mǎlina/
9455	kec	ace	/kêːt͡s/
9456	pomoliti	to appear, crop up	/pomǒliti/
9457	maksi	maxi	/mâksi/
9458	šorc	shorts	/ʃôrt͡s/
9459	džoker	joker	/d͡ʒǒker/
9460	prikrivanje	cover-up	/ˈprikrɪˌvɐɲe/
9461	upalo	inflammation, pneumonia	/ˈupɐlo/
9462	rasist	racist	/rǎsist/
9463	palio	to kindle, light, set fire to	/ˈpalɪo/
9464	bicikli	bicycle	/ˈbitsɪklɪ/
9465	lula	tobacco pipe	/lǔla/
9466	dirate	to touch	/ˈdirɐtɛ/
9467	ekskluzivno	exclusively	/êkskluziːʋno/
9468	soja	soya, soybean	/sǒːja/
9469	replika	replica	/rěplika/
9470	oterati	to drive away, turn away, scare away	/ǒterati/
9471	tuzi	sorrow, grief	/ˈtuzɪ/
9472	podoficir	non-commissioned officer	/pôdofit͡siːr/
9473	prestup	misdoing, violation, transgression, offense	/prěːstup/
9474	sprijateljiti	to befriend, make friends, become friends	/sprijatěʎiti/
9475	svinjski	porcine	/sʋǐɲskiː/
9476	instinktivno	instinctively	/înstinktiːʋno/
9477	spala	to sleep	/ˈspalɐ/
9478	rođakinja	cousin	/ˈrodʑɐˌkɪɲɐ/
9479	pastuv	stallion	/pâstuːʋ/
9480	pretinac	pigeonhole, box, drawer	/prětinat͡s/
9481	šestero	six persons of different gender/sex	/ˈʃɛstɛro/
9482	kolekcionar	collector	/ˈkolɛktˌsɪonɑr/
9483	sjaju	to shine	/ˈsjɑjʊ/
9484	agresije	aggression	/ˈaɡrɛˌsɪje/
9485	kurvica	whore, slut	/kûːrʋit͡sa/
9486	desetka	ten	/děseːtka/
9487	naslijeđe	heritage	/ˈnaslɪˌjedʑɛ/
9488	salama	salami	/salǎːma/
9489	neustrašiv	fearless, brave	/neustrǎʃiʋ/
9490	propale	to fall through, fall into, sink	/ˈpropɐlɛ/
9491	planer	planner	/plǎneːr/
9492	poljak	Pole	/pǒʎaːk/
9493	podmititi	to bribe	/podmǐːtiti/
9494	tukla	to beat, thrash	/ˈtuklɐ/
9495	komarac	mosquito	/komǎːrat͡s/
9496	izvorni	original, authentic	/ǐzʋoːrniː/
9497	kalup	cast, mold, stamp, die	/kǎlup/
9498	rijetkost	rarity	/rjěːtkoːst/
9499	džamija	mosque	/d͡ʒǎːmija/
9500	tupan	witling	/ˈtǔpan/
9501	genijalnost	ingeniousness, brilliance	/ɡenijǎːlnoːst/
9502	latice	petal	/ˈlatɪtsɛ/
9503	maltretirati	to bully, harass	/ˈmaltrɛˌtɪrɐtɪ/
9504	motivacija	motivation	/motiʋǎːt͡sija/
9505	studeni	November	/stǔdeniː/
9506	zatvorenica	prisoner	/zatʋorěnit͡sa/
9507	štoviše	even	/ʃtǒʋiʃe/
9508	nastava	lecture, class	/ˈnastɐvɐ/
9509	spao	to sleep	/ˈspao/
9510	cunami	tsunami	/t͡sunǎːmi/
9511	narednica	sergeant	/nǎːrednit͡sa/
9512	vlažan	humid	/ʋlâʒan/
9513	predstavom	show	/ˈprɛtstɐvom/
9514	skromnost	modesty, humbleness	/skrômnoːst/
9515	uvrijeđen	offended, insulted	/ǔʋrjeːd͡ʑen/
9516	narkomanka	junkie, drug addict	/narkǒmaːnka/
9517	crnčuga	nigger, kaffir	/t͡sř̩n̩t͡ʃuɡa/
9518	srpanj	July	/sr̂ːpaɲ/
9519	zataškavanje	cover-up	/ˈzatɐʃˌkɐvɐɲe/
9520	šljiva	plum	/ʃʎîʋa/
9521	bridž	bridge	/brîd͡ʒ/
9522	neprimjereno	inappropriately, inadequately	/neprǐmjereno/
9523	privjesak	pendant, appendage	/prǐːʋjesak/
9524	suce	judge	/ˈsutsɛ/
9525	tekstove	accusative plural of tȅkst	/têkstoʋe/
9526	tkogod	whoever	/tkǒɡod/
9527	kelvin	kelvin	/kělʋiːn/
9528	plodnost	fertility, fruitfulness	/plôdnoːst/
9529	stanište	habitat	/stâniːʃte/
9530	presresti	to intercept	/prěsresti/
9531	dezerter	deserter	/dezěrteːr/
9532	dabome	of course	/dabǒme/
9533	vola	ox	/ˈvolɐ/
9534	darom	gift	/ˈdɑrom/
9535	građevinski	process of building, constructing	/ɡrǎd͡ʑeʋiːnskiː/
9536	pripadati	to belong to	/prǐpadati/
9537	kojot	coyote	/ˈkojot/
9538	trule	rotten	/ˈtrulɛ/
9539	uzeta	palsied, paralytic, paralyzed	/ˈuzɛtɐ/
9540	mudrac	a wise, enlightened man	/mǔdrat͡s/
9541	sastojci	ingredient	/ˈsastojtsɪ/
9542	gline	clay	/ˈɡlinɛ/
9543	hrast	oak	/xrâːst/
9544	spasilački	rescuing, saving, savior	/spǎsilat͡ʃkiː/
9545	okupe	gathering, assembly	/ˈokʊpɛ/
9546	katkada	sometimes	/kǎtkada/
9547	kuki	hook	/ˈkukɪ/
9548	pohvaliti	to praise, laud, commend	/poxʋǎːliti/
9549	operite	to wash	/ˈopɛˌrɪtɛ/
9550	muku	pain	/ˈmukʊ/
9551	ginekolog	gynaecologist	/ɡinekǒloɡ/
9552	neudobno	uncomfortably	/nêudobno/
9553	mamuran	hungover	/mâmuːran/
9554	židovski	Jewish, Judaic	/ʒǐdoʋskiː/
9555	kaniš	to intend	/ˈkanɪʃ/
9556	zaposlenje	employment, job	/zaposlěːɲe/
9557	ikona	icon	/ǐkona/
9558	rezerva	reserve	/rězeːrʋa/
9559	zađe	to go behind	/ˈzadʑɛ/
9560	perspektiva	perspective	/perspektǐːʋa/
9561	trpeti	to suffer	/třːpeti/
9562	ulaže	third-person singular present of ulagati	/ˈulɐʒɛ/
9563	valjati	to be good, in good condition	/ʋǎʎati/
9564	rič	word	/ˈritʃ/
9565	branitelj	defender	/brǎniteʎ/
9566	dabogda	expressing good or bad wish	/dǎboːɡda/
9567	pomagač	helper	/pomǎɡaːt͡ʃ/
9568	odstraniti	to remove	/odstrǎːniti/
9569	popravljati	to fix, repair	/pǒpraʋʎati/
9570	ušetati	to walk in	/uʃěːtati/
9571	odlučujući	decisive	/odlǔt͡ʃujuːt͡ɕiː/
9572	harem	harem	/ˈxɑrɛm/
9573	razvijati	to develop	/razʋǐːjati/
9574	jad	misery	/jâd/
9575	putovnica	passport	/putǒːʋnit͡sa/
9576	njujorški	of, from or relating to the New York City, New York, United…	/ɲûjorʃkiː/
9577	licemjer	hypocrite	/lît͡semjer/
9578	specifičan	specific	/spet͡sǐfit͡ʃan/
9579	klupa	bench	/klǔːpa/
9580	članom	member	/ˈtʃlanom/
9581	masni	fatty, oily, greasy	/ˈmasnɪ/
9582	žilav	sinewy	/ʒîlaʋ/
9583	specifično	specifically	/spet͡sǐfit͡ʃno/
9584	panj	tree stump	/pâːɲ/
9585	pubertet	puberty	/puběrteːt/
9586	pseći	as a dog, in the manner of a dog	/psêt͡ɕiː/
9587	kazala	to say, to state	/ˈkazɐlɐ/
9588	šoljica	cup	/ˈʃoʎɪtsɐ/
9589	metabolizam	metabolism	/metabolǐzam/
9590	živahan	vivacious, sprightly, lively	/ʒîʋaːxan/
9591	nacistički	as an nazi	/ˈnatsɪsˌtɪtʃkɪ/
9592	profesionalan	professional	/prôfesionaːlan/
9593	povetarac	breeze	/poʋetǎːrat͡s/
9594	albino	albino	/ˈalbɪno/
9595	dobivati	imperfective form of dòbiti	/dobǐːʋati/
9596	zabrljati	to smudge face when eating	/zabřːʎati/
9597	nesvest	unconsciousness, faint	/nêsʋeːst/
9598	izravan	immediate	/îzraːʋan/
9599	reže	to cut	/ˈrɛʒɛ/
9600	kemijski	chemical	/kěːmiːjskiː/
9601	dušica	wick	/ˈduʃɪtsɐ/
9602	muvu	fly	/ˈmuvʊ/
9603	željeznica	railway	/ʒěʎeznit͡sa/
9604	barijera	barrier	/barijěːra/
9605	opala	to fall	/ˈopɐlɐ/
9606	klip	piston	/klîːp/
9607	ekvivalent	equivalent	/ekʋiʋǎlent/
9608	redovi	row	/ˈrɛdovɪ/
9609	snajperist	sniper	/snajpěrist/
9610	etika	ethics	/ětika/
9611	tenka	tank	/ˈtɛŋkɐ/
9612	strelica	arrow	/strělit͡sa/
9613	nabavku	acquisition	/ˈnabɐfkʊ/
9614	pogrešaka	fault	/ˈpoɡrɛˌʃɐkɐ/
9615	točne	exact, accurate	/ˈtotʃnɛ/
9616	lupio	to bang, hit	/ˈlupɪo/
9617	jami	excavation, hole, cavity	/ˈjamɪ/
9618	poradi	for	/pôradi/
9619	mam	right now	/ˈmam/
9620	koverta	envelope	/kǒʋeːrta/
9621	predak	ancestor, forefather, progenitor	/prêdak/
9622	otpasti	to fall off	/ǒtpasti/
9623	pretvarali	to turn into, to transform, to change	/ˈprɛtvɑˌrɐlɪ/
9624	prepad	surprise attack, sudden assault	/prěːpad/
9625	intelektualno	intellectually	/întelektuaːlno/
9626	vinograd	vineyard	/ʋǐnoɡraːd/
9627	usisivač	vacuum cleaner	/usisǐʋaːt͡ʃ/
9628	podvig	accomplishment, exploit, achievement	/pôdʋiːɡ/
9629	ojačati	to strengthen	/ojǎt͡ʃati/
9630	nasljeđe	heritage	/nǎːsʎeːd͡ʑe/
9631	sastavni	connecting, conjunctional	/sǎːstaʋniː/
9632	kršten	baptized	/ˈkrʃtɛn/
9633	kompozitor	composer, compositor, songwriter	/kompǒziːtor/
9634	bizon	bison	/bǐzoːn/
9635	logičan	logical	/lǒɡit͡ʃan/
9636	kiselo	neuter nominative/accusative/vocative singular of kȉseo	/ˈkisɛlo/
9637	mešavina	mixture	/měʃaʋina/
9638	vodena	water	/ˈvodɛnɐ/
9639	lanaca	chain	/lâːnaːt͡saː/
9640	veleposlanstvo	embassy	/ʋeleposlǎːnstʋo/
9641	nervirati	to get on somebody's nerves	/nerʋǐːrati/
9642	seliti	to migrate	/sěliti/
9643	suša	drought	/sûːʃa/
9644	biologija	biology	/biolǒɡija/
9645	uska	narrow	/ˈuskɐ/
9646	bijel	white	/bjêːl/
9647	ustanoviti	to found, establish	/ustanǒʋiti/
9648	oružanih	armed	/ˈorʊˌʒɐnɪh/
9649	čuvena	to hear	/ˈtʃuvɛnɐ/
9650	sumnjom	doubt, suspicion	/ˈsumɲom/
9651	platom	pay	/ˈplatom/
9652	šina	rail, track	/ʃîna/
9653	horizont	horizon	/ˈxorɪzont/
9654	engleskinja	Englishwoman	/ěnɡleskiɲa/
9655	nadmoć	superiority, predominance	/nâdmoːt͡ɕ/
9656	dragoj	dear	/ˈdraɡoj/
9657	prepirati	to argue, squabble, bicker	/prěpirati/
9658	orasi	walnut	/ˈorɐsɪ/
9659	talentiran	talented	/talěntiːran/
9660	prodana	to sell	/ˈprodɐnɐ/
9661	nosilac	carrier, bearer	/nǒsilat͡s/
9662	pucač	shooter	/pǔt͡saːt͡ʃ/
9663	sistematski	systematically	/sistěmatskiː/
9664	označiti	to mark, designate	/oznǎːt͡ʃiti/
9665	kovanica	coinage	/koʋǎnit͡sa/
9666	ušle	to enter, go into, come in	/ˈuʃlɛ/
9667	lasice	weasel	/ˈlasɪtsɛ/
9668	ribarski	as a fisherman, in a fisherman's manner	/rîbaːrskiː/
9669	baksuz	jinx, bad luck	/ˈbaksʊz/
9670	iskazati	to state	/iskǎːzati/
9671	ženin	wife's, of a wife	/ʒěnin/
9672	porotnik	juror, juryman	/pǒrotniːk/
9673	pedijatar	pediatrician	/pedǐjaːtar/
9674	vojnički	as a soldier	/ʋǒjniːt͡ʃkiː/
9675	fascinantan	fascinating	/fast͡sinǎntan/
9676	ograničiti	to limit, restrict, confine	/oɡrǎnit͡ʃiti/
9677	čestit	honest	/t͡ʃěstit/
9678	staju	stable	/ˈstɑjʊ/
9679	obrambeni	defensive, protective	/ǒbrambeniː/
9680	poniziti	to humiliate	/ponǐːziti/
9681	djetinjasto	childishly	/djětiɲasto/
9682	poletjeti	to take off	/polětjeti/
9683	babica	midwife	/bâbit͡sa/
9684	sveća	candle	/sʋěːt͡ɕa/
9685	smejte	can, may, be allowed to	/ˈsmejtɛ/
9686	oblikovati	to shape, form	/ǒblikoʋati/
9687	glađu	feminine accusative singular of glađi	/ˈɡladʑʊ/
9688	žbunje	bushes	/ʒbûːɲe/
9689	pravilan	correct, right, proper	/prâʋiːlan/
9690	biskvit	cookie, biscuit	/bǐskʋiːt/
9691	ruskinja	female equivalent of Rȕs; female Russian	/rûskiɲa/
9692	jegulja	eel	/jěɡuʎa/
9693	rasplakati	to make someone cry	/rǎsplakati/
9694	šumski	silvan	/ˈʃumskɪ/
9695	singl	single	/sǐnɡl/
9696	burme	wedding ring	/ˈburmɛ/
9697	elektrana	power station	/elektrǎna/
9698	primjeraka	copy	/ˈprimjeˌrɐkɐ/
9699	snaha	daughter-in-law	/snǎxa/
9700	odbraniti	to defend	/odbrǎːniti/
9701	svitak	scroll	/sʋǐːtak/
9702	široki	broad, wide	/ˈʃirokɪ/
9703	nadole	downward, down	/nǎdole/
9704	odmaknuti	to move away	/odmǎknuti/
9705	zurio	to stare	/ˈzurɪo/
9706	zavaravati	to trick, deceive	/zaʋarǎːʋati/
9707	događati	to happen	/doɡǎːd͡ʑati/
9708	zubni	tooth; dental	/zûːbniː/
9709	propovjednik	preacher	/propoʋjědniːk/
9710	šestorica	six men	/ʃestǒrit͡sa/
9711	izneti	to carry out, take out	/ǐzneːti/
9712	šutim	to be silent, shut up	/ˈʃutɪm/
9713	taknuti	to touch	/tǎknuti/
9714	kran	crane	/krâːn/
9715	bare	vocative singular of bȃr	/ˈbɑrɛ/
9716	podij	podium	/ˈpodɪj/
9717	lavu	lion	/ˈlavʊ/
9718	neukusno	tastelessly	/nêukusno/
9719	spektakularan	spectacular	/spêktakulaːran/
9720	opozvati	to dismiss, recall	/opǒzʋati/
9721	čeljust	jawbone	/t͡ʃêʎuːst/
9722	džaba	free, for free, gratis	/d͡ʒâba/
9723	vrtoglavica	dizziness, giddiness; vertigo	/ʋr̩tǒɡlaʋit͡sa/
9724	jastuci	pillow	/ˈjastʊtsɪ/
9725	rezervirati	to reserve	/rezerʋǐːrati/
9726	napuštati	imperfective form of napùstiti	/napǔːʃtati/
9727	povoljno	favorably	/pôʋoːʎno/
9728	obrva	eyebrow	/ôbr̩ʋa/
9729	stekne	third-person singular present of stȅći	/ˈstɛknɛ/
9730	slavuj	nightingale or thrush nightingale	/slǎʋuːj/
9731	šavove	seam	/ˈʃavovɛ/
9732	bedak	fool	/bědaːk/
9733	šašav	foolish, fatuous	/ʃâʃaʋ/
9734	zameriti	to reproach, criticize, condemn, find faults with	/zǎːmeriti/
9735	posjekotina	cut, laceration	/posjekǒtina/
9736	suhi	masculine nominative/vocative plural	/ˈsuhɪ/
9737	teći	to flow, stream, pass, course, flux	/tět͡ɕi/
9738	vakcina	vaccine	/ʋakt͡sǐːna/
9739	sportsku	sporting, sport	/ˈsportskʊ/
9740	gasim	first-person singular present of gasiti	/ˈɡasɪm/
9741	angažman	engagement	/ˈaŋɡɐʒmɐn/
9742	glatka	smooth	/ˈɡlatkɐ/
9743	tanko	thin	/ˈtaŋko/
9744	baraka	shack, hut	/barǎka/
9745	svibanj	May	/sʋîːbaɲ/
9746	ravnica	plain	/raʋnǐt͡sa/
9747	staram	to take care of, to look after	/ˈstɑrɐm/
9748	formirati	to form	/formǐːrati/
9749	tajanstveno	mysteriously, secretively	/tajǎnstʋeno/
9750	roniti	to dive	/rǒniti/
9751	gasite	second-person plural present	/ˈɡasɪtɛ/
9752	rudo	curly, shaggy, locky	/ˈrudo/
9753	udružiti	to unite, join forces, become associated	/udrǔːʒiti/
9754	ocena	grade, mark	/ôt͡sena/
9755	seče	to cut, chop, chip, hew	/ˈsɛtʃɛ/
9756	upitnik	question mark	/ǔpitniːk/
9757	polog	deposit	/pǒloɡ/
9758	skenirati	to scan	/skenǐːrati/
9759	uništavati	to destroy, annihilate	/uniʃtǎːʋati/
9760	uskrsnuće	resurrection	/ˈuskrsnʊtɕɛ/
9761	obračunati	to settle account	/obrat͡ʃǔnati/
9762	brojčano	numerically	/brǒjt͡ʃano/
9763	faliti	to lack, to miss, to be short of	/fâliti/
9764	temperament	temperament	/temperǎment/
9765	porok	vice	/pǒrok/
9766	korpa	basket	/kǒːrpa/
9767	prosek	average, mean	/ˈprosɛk/
9768	pečen	roasted	/pět͡ʃen/
9769	tužiteljstvo	prosecution	/tǔʒiteʎstʋo/
9770	zbirka	collection	/zbîːrka/
9771	plivač	swimmer	/plǐʋaːt͡ʃ/
9772	zadaviti	to strangle, choke	/zadǎːʋiti/
9773	prolazak	passing	/prǒlazak/
9774	ugovoriti	to agree on	/uɡoʋǒriti/
9775	skrasiti	to settle down	/skrǎːsiti/
9776	rimljanin	Roman	/rǐːmʎanin/
9777	tužnim	sad	/ˈtuʒnɪm/
9778	izlečiti	to heal, cure	/izlěːt͡ʃiti/
9779	prodavačica	saleswoman	/prodaʋǎt͡ʃit͡sa/
9780	putnički	as a traveler	/pûːtnit͡ʃkiː/
9781	perverzno	perversely	/pěrʋerzno/
9782	odlomak	fragment	/ǒdlomak/
9783	pupak	navel	/pûpak/
9784	kani	to intend	/ˈkanɪ/
9785	plaćala	to pay	/ˈplatɕɐlɐ/
9786	iskrvariti	to bleed out	/iskrʋǎːriti/
9787	drogirati	to drug	/droɡǐːrati/
9788	korito	trough	/ˈkorɪto/
9789	pokoj	rest	/pǒkoj/
9790	labuda	swan	/ˈlabʊdɐ/
9791	suhe	masculine accusative plural	/ˈsuhɛ/
9792	fudbaler	footballer	/fudbǎleːr/
9793	resi	tuft	/ˈrɛsɪ/
9794	seka	sis	/sěːka/
9795	autsajder	outsider	/autsǎjder/
9796	nastrano	oddly, queerly, abnormally	/nǎstrano/
9797	jele	to eat, consume	/ˈjelɛ/
9798	kreše	to prune, trim, cut, clip	/ˈkrɛʃɛ/
9799	arena	arena	/arěːna/
9800	prestupnik	offender, transgressor	/prěːstupniːk/
9801	otpala	to fall off	/ˈotpɐlɐ/
9802	tenkovima	tank	/ˈtɛŋkoˌvɪmɐ/
9803	manira	a manner	/manǐːra/
9804	nezreo	unripe	/nězreo/
9805	skeč	sketch	/skêt͡ʃ/
9806	seže	to encroach, seize	/ˈsɛʒɛ/
9807	osa	wasp	/ˈosɐ/
9808	bistro	clearly	/ˈbistro/
9809	okusiti	to take a bite or sip; taste, try	/ǒkusiti/
9810	šalimo	to joke; to joke around	/ˈʃalɪmo/
9811	slavno	famously	/slâːʋno/
9812	kolovoz	carriageway	/kôloʋoːz/
9813	brodić	ship	/brǒdiːt͡ɕ/
9814	pospremiti	to tidy up	/ˈposprɛˌmɪtɪ/
9815	etički	ethics; ethical	/ětit͡ʃkiː/
9816	rajski	heavenly	/râːjskiː/
9817	ismijavati	to ridicule, deride, scoff at	/ismijǎːʋati/
9818	bilje	plants, herbs	/bîːʎe/
9819	požuda	lust	/pôʒuda/
9820	prihvatljiv	acceptable	/prixʋǎtʎiʋ/
9821	keva	mum	/ˈkɛvɐ/
9822	bacala	feminine singular active past participle	/ˈbatsɐlɐ/
9823	spreda	in front, ahead	/sprěːda/
9824	smelo	brave, bold, courageous	/ˈsmɛlo/
9825	dešavati	to happen, occur	/deʃǎːʋati/
9826	valuta	currency	/ʋalǔːta/
9827	cifra	digit	/t͡sîfra/
9828	stručno	expertly	/strût͡ʃno/
9829	grliti	to hug	/ɡr̩̂liti/
9830	pekar	baker	/pêkaːr/
9831	mlakonja	an irresolute, wishy-washy, ineffectual person; a wimp,…	/mlǎːkoɲa/
9832	pitom	tame	/pǐtom/
9833	ženiti	to marry	/ʒěniti/
9834	presudi	verdict	/ˈprɛsʊdɪ/
9835	uzrujati	to upset, ruffle	/uzrǔjati/
9836	metropolis	A metropolis	/ˈmɛtroˌpolɪs/
9837	bojna	battalion	/bôːjna/
9838	golman	goalkeeper	/ɡôlman/
9839	paliti	to kindle, light, set fire to	/pǎːliti/
9840	dosegnuti	to reach	/dosěːɡnuti/
9841	okno	pane	/ǒkno/
9842	visila	to hang, be suspended	/ˈvisɪlɐ/
9843	tačnu	exact, accurate	/ˈtatʃnʊ/
9844	povlastica	privilege, perquisite, perk	/pǒʋlastit͡sa/
9845	dizao	to lift, raise, elevate	/ˈdizɐo/
9846	galama	fuss, buzz, noise	/ɡalǎːma/
9847	tov	fattening	/tôːʋ/
9848	ude	limb	/ˈudɛ/
9849	atomska	nominative/vocative singular feminine	/ˈatomskɐ/
9850	savij	to bend	/ˈsavɪj/
9851	prevrnuti	to overturn	/preʋřːnuti/
9852	zavod	institute, office, bureau	/zǎːʋod/
9853	preseci	nominative/vocative plural of prések	/ˈprɛsɛtsɪ/
9854	nemati	not to have	/něːmati/
9855	glavonja	a man with a big head	/ɡlǎːʋoɲa/
9856	golem	huge, giant, mammoth	/ɡǒlem/
9857	smicalica	trick, ruse	/smît͡salit͡sa/
9858	ovisan	dependent	/ǒʋisan/
9859	privrženost	loyalty	/prǐʋrʒenoːst/
9860	uzbuđivati	to excite, stir up	/uzbud͡ʑǐːʋati/
9861	mazga	hinny	/mǎzɡa/
9862	divljina	wilderness	/diʋʎǐna/
9863	statistički	statistically	/statǐstit͡ʃkiː/
9864	krivina	curve, bend	/kriʋǐna/
9865	insekt	insect	/ǐnsekt/
9866	jaran	buddy, pal	/ˈjɑrɐn/
9867	suspenzija	suspension	/suspěnzija/
9868	čik	cigarette stub	/ˈtʃik/
9869	primjerice	for example	/prǐːmjerit͡seː/
9870	lutrija	lottery	/lǔtrija/
9871	sardina	sardine	/sardǐːna/
9872	predgrađe	suburb	/prědɡraːd͡ʑe/
9873	dinastija	dynasty	/dinǎstija/
9874	počinjati	to begin, start, commence	/pǒt͡ʃiɲati/
9875	velikodušnost	generosity, munificence	/ʋelikǒduʃnoːst/
9876	tvor	skunk	/tʋôːr/
9877	inhalator	inhaler	/inxǎlaːtor/
9878	biolog	biologist	/biǒloɡ/
9879	slano	salty, saline	/ˈslano/
9880	rakovi	crab	/ˈrakovɪ/
9881	zvezdica	a small star	/zʋězdit͡sa/
9882	sluz	mucus	/slûːz/
9883	podmetnuti	to put, place beneath something	/ˈpodmɛtˌnʊtɪ/
9884	žalba	complaint	/ʒǎlba/
9885	smešak	smile	/směːʃak/
9886	marama	kerchief	/mǎrama/
9887	skica	sketch	/skît͡sa/
9888	pokušajima	attempt, try	/ˈpokʊˌʃɑjɪmɐ/
9889	studentkinja	student	/ˈstudɛntˌkɪɲɐ/
9890	tetak	uncle	/ˈtɛtɐk/
9891	proljev	diarrhea	/ˈproʎev/
9892	haljinama	dress	/ˈxaʎɪˌnɐmɐ/
9893	počinak	rest, the state of resting	/ˈpotʃɪnɐk/
9894	dugoročno	in the long run	/ˈduɡoˌrotʃno/
9895	voska	wax	/ˈvoskɐ/
9896	razbijač	rowdy, ruffian	/razbǐjaːt͡ʃ/
9897	radostan	happy, glad, joyous	/râdostan/
9898	krivokletstvo	oathbreach, perjury	/kriʋoklěːtstʋo/
9899	majoneza	mayonnaise	/majoněːza/
9900	zabit	middle of nowhere	/zâbiːt/
9901	samoubica	suicide	/ˈsamoʊˌbɪtsɐ/
9902	delio	to divide, separate	/ˈdɛlɪo/
9903	nezahvalan	ungrateful, unthankful	/nêzaxʋaːlan/
9904	šetaj	to walk, stroll	/ˈʃɛtɑj/
9905	navodni	alleged, supposed	/nǎːʋodniː/
9906	zastrašiti	to scare, frighten	/zǎstraʃiti/
9907	februaru	February	/ˈfɛbrʊˌɑrʊ/
9908	besu	rage	/ˈbɛsʊ/
9909	maglovito	foggily	/maɡlǒʋito/
9910	lopate	shovel	/ˈlopɐtɛ/
9911	zagristi	to bite at/into, take a bite of	/zǎɡristi/
9912	kročiti	to step, tread, set foot	/krǒt͡ʃiti/
9913	vukla	to drag, draw, pull	/ˈvuklɐ/
9914	poslastice	delicacy	/ˈposlɐsˌtɪtsɛ/
9915	transvestit	transvestite	/ˈtransvɛstɪt/
9916	bambus	bamboo	/bǎmbus/
9917	povorka	procession, parade	/pǒʋoːrka/
9918	komentirati	to comment	/komentǐːrati/
9919	španska	Spanish	/ˈʃpanskɐ/
9920	žure	to hurry, rush	/ˈʒurɛ/
9921	nepromišljeno	thoughtlessly, recklessly	/neprǒmiʃʎeno/
9922	milijarda	milliard, billion	/milǐjaːrda/
9923	mula	mule	/mûla/
9924	pečeno	roasted	/ˈpɛtʃɛno/
9925	prisilno	forcibly, coercively	/prǐːsiːlno/
9926	vrabac	sparrow	/ʋrǎːbat͡s/
9927	obesiti	to hang	/ǒbesiti/
9928	berba	picking, gathering	/běrba/
9929	vreli	hot, boiling	/ˈvrɛlɪ/
9930	shodno	appropriately, fittingly	/sxôdno/
9931	kapitalizam	capitalism	/ˈkapɪˌtɐlɪzɐm/
9932	izmjeriti	to measure	/ǐzmjeriti/
9933	katastrofalno	catastrophically	/kâtastrofaːlno/
9934	pošast	epidemic	/pôʃaːst/
9935	pristojnost	politeness, decency, propriety	/pristǒːjnoːst/
9936	nemiran	disquiet	/nêmiːran/
9937	škripa	creaking, squeaking	/ʃkrîpa/
9938	suradnja	cooperation, collaboration	/ˈsurɐdɲɐ/
9939	mičem	to move	/ˈmitʃɛm/
9940	šapa	paw, pad	/ʃǎːpa/
9941	varali	to cheat, deceive, trick, swindle	/ˈvɑrɐlɪ/
9942	marica	police van, paddy wagon	/ˈmɑrɪtsɐ/
9943	blatom	mud	/ˈblatom/
9944	izvlačiti	to pull out, draw out	/izʋlǎːt͡ʃiti/
9945	zločesto	badly	/zlǒt͡ʃesto/
9946	testo	dough	/ˈtɛsto/
9947	očevidac	eyewitness	/ot͡ʃeʋǐːdat͡s/
9948	obraniti	to defend	/obrǎːniti/
9949	poneki	some	/pǒnekiː/
9950	aligator	alligator	/alǐɡaːtor/
9951	kilu	hernia	/ˈkilʊ/
9952	kanite	to intend	/ˈkanɪtɛ/
9953	tampon	tampon	/tǎmpoːn/
9954	bratić	brother	/brâtit͡ɕ/
9955	paprikaš	paprikash	/pâprikaːʃ/
9956	anda	thus, therefore	/andaː/
9957	tacna	serving tableware of any kind; tray, saucer or platter	/tǎt͡sna/
9958	nakazu	freak, monster	/ˈnakɐzʊ/
9959	podesiti	to adjust, fit, tune	/pǒdesiti/
9960	radilica	worker bee	/rǎːdilit͡sa/
9961	vidljiv	visible	/ʋǐdʎiʋ/
9962	pseudonim	pseudonym	/pseudǒnim/
9963	konop	alternative form of kànāp	/kǒnop/
9964	sekretarijat	secretariat	/sekretarǐjaːt/
9965	sutkinja	judge	/sûtkiɲa/
9966	lopata	shovel	/lǒpata/
9967	kvačilo	clutch	/kʋât͡ʃilo/
9968	rabi	to use	/ˈrabɪ/
9969	pot	sweat	/ˈpot/
9970	administrator	administrator	/adminǐstraːtor/
9971	dvojku	two	/ˈdvojkʊ/
9972	okršaj	confrontation, skirmish, encounter	/ôkr̩ʃaːj/
9973	grede	beam	/ˈɡrɛdɛ/
9974	gramofon	gramophone, phonograph	/ɡramǒfoːn/
9975	kucaj	to knock, tap, beat, strike	/ˈkutsɑj/
9976	gavran	raven	/ɡâʋraːn/
9977	poslušan	dutiful, obedient	/pôsluːʃan/
9978	slediti	to follow	/slěːditi/
9979	ladica	drawer	/lǎdit͡sa/
9980	otelo	to kidnap	/ˈotɛlo/
9981	paralelno	parallelly	/paralělno/
9982	nijesmo	to be, to exist	/nijěːsmo/
9983	lože	to stoke	/ˈloʒɛ/
9984	anestetik	anesthetic	/anestětik/
9985	luster	chandelier	/ˈlustɛr/
9986	prestrašiti	to frighten	/prěstraʃiti/
9987	nalaziti	to find, discover	/nǎlaziti/
9988	šlic	fly	/ʃlît͡s/
9989	dvjesto	two hundred	/dʋjêsto/
9990	horoskop	horoscope	/xôroskop/
9991	poštovana	respected, honored	/ˈpoʃtoˌvɐnɐ/
9992	ženica	diminutive of žèna; woman	/ʒěnit͡sa/
9993	izvijestiti	to report	/izʋjěːstiti/
9994	dragocjen	valuable	/draɡǒt͡sjen/
9995	refleks	reflex	/ˈrɛflɛks/
9996	teram	to force, make	/ˈtɛrɐm/
9997	himna	hymn	/xîːmna/
9998	upornost	persistence	/upǒːrnoːst/
9999	posramljen	ashamed	/ˈposrɐmʎen/
10000	pijandura	drunkard	/pijǎndura/
