rank	word	english	ipa
1	you	The people spoken, or written to, as an object	/jɪ/
2	i	The speaker or writer, referred to as the grammatical…	[aj]
3	the	because it has already been mentioned, is to be completely…	/ðə/
4	to	A particle used for marking the following verb as an…	/ˈtuː/
5	a	An unspecified example of; the indefinite article	/ə/
6	's	Contraction of us, found in the formula let's which is used…	/ɪz/
7	it	The third-person singular neuter personal pronoun used to…	/ət/
8	and	Used simply to connect two noun phrases, adjectives or…	/ˈænd/
9	that	Introducing a clause that is the object of a verb,…	/ðət/
10	't	Contraction of that	
11	of	Since, from	/ʌv/
12	is	To tend to do, often do; marks the habitual aspect	/ˈɪz/
13	in	Contained by; inside	/ən/
14	what	Which, especially which of an open-ended set of…	/wɑt/
15	we	Excluding the person being addressed	/wi/
16	me	As the object of a verb	/mi/
17	this	The here	/ðɪs/
18	he	A person who identifies as male, or animal already known or…	[hi(ː)]
19	for	Because	/fɔɹ/
20	my	Belonging to me	/maɪ/
21	on	To an operating state	/ɑn/
22	have	To possess, own	/ˈ(h)əv/
23	your	Belonging to you; of you; related to you	/jɚ/
24	do	The cardinal number occurring after el and before do one in…	/doʊ/
25	was	To tend to do, often do; marks the habitual aspect	/wəz/
26	'm	Am, used especially in I'm	/əm/
27	no	Not any	/noʊ/
28	not	Negates the meaning of the modified verb	/nɑt/
29	be	To tend to do, often do; marks the habitual aspect	/ˈbiː/
30	are	To tend to do, often do; marks the habitual aspect	/ɛəɹ/
31	don	A university professor, particularly one at Oxford or…	/dɑn/
32	're	An accepted metric unit of area equal to 100 square metres,…	
33	know	Used at the end of a sentence to draw attention to…	/noʊ/
34	can	OK; used at the end of a question when seeking approval or…	/kæn/
35	with	Against	/wɪθ/
36	but	Apart from, except, excluding	/ˈbʌt/
37	all	Every individual or anything of the given class, with no…	/ɔl/
38	so	As a result; for that reason; therefore; because of this;…	/soʊ/
39	just	Only, simply, merely	/d͡ʒʌst/
40	there	In or at a place or location that is perceived to be away…	/ðə(ɹ)/
41	here	In, on, or at this place; compare there	/ˈhɪɚ̯/
42	they	A group of entities previously mentioned	/ˈðeɪ̯/
43	like	As, the way	/laɪ̯k/
44	'll	Will, shall	/əl/
45	get	To obtain; to acquire	/ɡɛt/
46	she	The female person or animal previously mentioned or implied	/ʃi/
47	go	To move through space	/ɡoʊ/
48	if	Supposing that, assuming that, in the circumstances that;…	/ɪf/
49	right	On the right side	/ɹaɪt/
50	out	Away from the inside or centre	/ˈaʊ̯t/
51	about	In a circle around; all round; on every side of; on the…	/əˈbaʊ̯t/
52	up	Away from the surface of the Earth or other planet; in…	/ʌp/
53	at	In, near, or in the general vicinity of	/æt/
54	him	With dative effect or as an indirect object	/ˈhɪm/
55	now	At the present time	/nuː/
56	oh	Expression of surprise	/oʊ/
57	one	The number represented by the Arabic numeral 1; the…	/wʌn/
58	come	Used to indicate a point in time at or after which a stated…	/kʌm/
59	well	Accurately, competently, satisfactorily	/ˈwɛʊ̯/
60	her	Belonging to her	/ˈhɝ/
61	how	To what degree or extent	/haʊ/
62	yeah	Yes	/jɛ(ə)/
63	've	Have	/v/
64	will	To be able to, to have the capacity to	[wɪɫ]
65	got	To obtain; to acquire	/ɡɑt/
66	want	To wish for or desire; to feel a need or desire for; to…	/wɑnt/
67	think	To ponder, to go over in one's mind	/ˈθɪŋk/
68	as	To such an extent or degree; to the same extent or degree	/əz/
69	see	To perceive or detect someone or something with the eyes,…	/si/
70	did	A syntactic marker in a question whose main verb is not…	/dɪd/
71	good	Well; satisfactorily or thoroughly	/ɡɵd/
72	who	What person or people; which person or people; asks for the…	/hu/
73	why	Introducing a complete question	/waɪ̯/
74	from	Originating at	/ˈfɹʌm/
75	let	To allow to, not to prevent	/lɛt/
76	his	Belonging to him	/ɪz/
77	yes	Answer to a question presuming one answer when all answers…	/jɛs/
78	when	At what time? At which time? Upon which occasion or…	/ˈwɛn/
79	going	To move through space	/ˈɡoʊ.ɪŋ/
80	time	The inevitable progression into the future with the passing…	/taɪm/
81	an	Used before a vowel sound	[ˈeən]
82	okay	Alternative spelling of OK	/ˌəʊˈkeɪ/
83	back	To or in a previous condition or place	/bæk/
84	look	As an intransitive verb, often with “at”	/lʊk/
85	us	Me and at least one other person, excluding the person…	/əs/
86	would	Used to, did repeatedly, habitually; indicates an action…	/wəd/
87	them	Used as the direct object of a verb	/ˈðɛm/
88	where	In, at or to what place	/wɛː/
89	were	To tend to do, often do; marks the habitual aspect	/wə(ɹ)/
90	take	To get into one's hands, possession, or control, with or…	/ˈteɪ̯k/
91	then	At that time	/ðɛn/
92	had	To possess, own	/hæd/
93	or	Connects at least two alternative words, phrases, clauses,…	/oɹ/
94	been	To tend to do, often do; marks the habitual aspect	/ˈbɪn/
95	our	Belonging to us, excluding the person being addressed	/æwɝ/
96	gonna	A modal used to express a future action that is being…	/ˈɡʌn.ə/
97	tell	To determine the number, amount, or value of	/tɛl/
98	really	In a way or manner that is real, not unreal	/ˈɹɪl.i/
99	man	You; construed in the third person	/ˈmæn/
100	some	A certain number	/sʌm/
101	say	For example; let us assume	/seɪ/
102	hey	An exclamation to get attention	/heɪ/
103	could	To know how to	/kəd/
104	'd	Contraction of had, as an auxiliary verb	/d/
105	by	Near or next to	/baɪ/
106	need	A requirement for something; something needed	/nid/
107	something	An uncertain or unspecified thing; one thing	[ˈsʌm(p)θɪŋ]
108	has	To possess, own	/hæz/
109	too	Likewise	/tu/
110	more	Additional; further	/moɹ/
111	way	Far	/weɪ/
112	down	From a higher position to a lower one; downwards	/ˈdaʊ̯n/
113	make	To build, construct, produce, or originate	/meɪk/
114	very	To a great extent or degree	/ˈvɛɹi/
115	never	At no time; on no occasion; in no circumstance	/ˈnɛv.ɚ/
116	only	Without others or anything further; exclusively	/ˈoʊn.li/
117	people	An individual who has been granted personhood; usually a…	/ˈpi.pəl/
118	over	From one position or location to another, horizontally or…	/ˈoʊ̯.vɚ/
119	because	By or for the cause that; on this account that; for the…	/bɪkəz/
120	little	Not much	/ˈlɪ.tl̩/
121	please	Used to make a polite request	/pliz/
122	love	A deep caring for the existence of another	/ˈlʌv/
123	should	Used before a verb to indicate the simple future tense in…	/ʃəd/
124	mean	To intend, to plan; to have as one's intention	/min/
125	said	Mentioned earlier; aforesaid	/sɛd/
126	sorry	Regretful or apologetic for one's actions	/ˈsɑɹi/
127	give	To transfer one's possession or holding of to	/ˈɡɪv/
128	off	In a direction away from the speaker or other reference…	/ɔf/
129	am	To tend to do, often do; marks the habitual aspect	/əm/
130	thank	To express appreciation or gratitude toward	/ˈθaŋk/
131	any	To even the slightest extent, at all	/ɛni/
132	two	A numerical value equal to 2; this many dots	/tu/
133	even	In reality	/ˈiːvən/
134	much	A large amount of	/mʌt͡ʃ/
135	doing	A syntactic marker in a question whose main verb is not…	/ˈduːɪŋ/
136	sure	Without doubt, certainly	/ʃʊɹ/
137	thing	That which is considered to exist as a separate entity,…	/θɪŋ/
138	these	The here	/ðiz/
139	help	Action given to provide assistance; aid	/hɛlp/
140	first	Before anything else; firstly	/fɚst/
141	into	To or towards the inside of	/ˈɪn.tu/
142	anything	Any object, act, state, event, or fact whatsoever; a thing…	/ˈɛn.i.θɪŋ/
143	still	Without motion	/ˈstɪl/
144	find	To encounter or discover by accident; to happen upon	/ˈfaɪ̯nd/
145	life	The state of organisms preceding their death, characterized…	/ˈlaɪ̯f/
146	nothing	Not any thing; no thing	/ˈnʌθɪŋ/
147	sir	A man of a higher rank or position	/sɜɹ/
148	day	The time when the Sun is above the horizon and it lights…	/deɪ̯/
149	god	A deity or supreme being; a supernatural, typically…	/ɡɑd/
150	work	Labour, occupation, job	/wɝk/
151	their	Belonging to, from, of, or relating to, them	/ðɚ/
152	uh	Pronunciation spelling of a	/ʌː/
153	again	Another time: indicating a repeat of an action	/əˈɡɛn/
154	maybe	Perhaps, possibly	/ˈmeɪ.bi/
155	must	To do as a requirement; indicates that the sentence subject…	/məst/
156	before	Earlier than	/bɪˈfoɹ/
157	other	Not the one or ones previously referred to	/ˈʌðɚ/
158	wait	To delay movement or action until some event or time; to…	/weɪt/
159	stop	To cease moving	/stɒp/
160	call	To request, summon, or beckon	/kɑl/
161	after	Behind; later in time; following	/ˈæftəɹ/
162	won	To reach some destination or object, despite difficulty or…	/wɑn/
163	talk	To communicate, usually by means of speech	/tɔk/
164	away	From a place, hence	/əˈweɪ/
165	than	Introduces a comparison, and is associated with…	/ðæn/
166	thought	To ponder, to go over in one's mind	/θɔt/
167	home	To one's place of residence or one's customary or official…	/hoʊm/
168	night	The time when the Sun is below the horizon when the sky is…	/ˈnaɪ̯t/
169	put	To physically place	/pɵt/
170	great	Very well	/ˈɡɹeɪt/
171	those	The indicated or understood from context, especially if…	/ðoʊz/
172	last	The immediately before the present	/læst/
173	better	Accurately, competently, satisfactorily	[ˈbɛɾ.ɚ]
174	everything	All the things under discussion	/ˈɛv(ə)ɹiˌθɪŋ/
175	told	To determine the number, amount, or value of	/toʊld/
176	new	Synonym of newly, especially in composition	/nu/
177	things	That which is considered to exist as a separate entity,…	/ˈθɪŋz/
178	always	At all times; throughout all time; since the beginning	/ˈoː.wɛjz/
179	keep	To continue in; to not intermit or fall from; to uphold or…	[k̟çi(ː)p]
180	long	Over a great distance in space	/lɒŋ/
181	years	A period of time akin to the time taken for the Earth to…	/jɪɹz/
182	leave	To cause or allow to remain as available; to refrain from…	/ˈliːv/
183	does	A syntactic marker in a question whose main verb is not…	/doʊz/
184	money	A generally accepted means of exchange	/ˈmʌn.i/
185	around	Forming a circle or closed curve containing	/əˈɹaʊnd/
186	name	Any nounal word or phrase which indicates a particular…	/neɪm/
187	place	An open space, particularly a city square, market square,…	/ˈpleɪ̯s/
188	ever	Continuously, constantly, all the time	/ˈɛvə(ɹ)/
189	feel	To become aware of through the skin; to use the sense of…	/ˈfiːl/
190	guys	An effigy of a man burned on a bonfire on the anniversary…	/ɡaɪz/
191	father	A male parent, especially of a human; a male who parents a…	/ˈfɑ.ðəɹ/
192	guy	An effigy of a man burned on a bonfire on the anniversary…	[ɡaɪ]
193	made	To build, construct, produce, or originate	/meɪd/
194	old	Of an object, concept, relationship, etc., having existed…	/ˈoʊld/
195	which	What, of those mentioned or implied	/wɪt͡ʃ/
196	big	In a loud manner	/bɪɡ/
197	lot	A large quantity or number; a great deal	/lɑt/
198	done	A syntactic marker in a question whose main verb is not…	/dʌn/
199	hello	A greeting said when meeting someone or acknowledging…	/hɛˈloʊ/
200	nice	Nicely	/naɪ̯s/
201	believe	To accept as true, particularly without absolute certainty	/bɪˈliv/
202	girl	A female child	/ˈɡɜɹl/
203	someone	One or some person of unspecified or indefinite identity	/ˈsʌmwʌn/
204	fine	Well, nicely, in a positive, agreeable way	/ˈfaɪ̯n/
205	thanks	To express appreciation or gratitude toward	/ˈθæŋks/
206	wanted	To wish for or desire; to feel a need or desire for; to…	/ˈwɑn.tɪd/
207	kind	A type, race or category; a group of entities that have…	/kaɪnd/
208	coming	To move nearer to the point of perspective	/ˈkʌmɪŋ/
209	house	A structure built or serving as an abode of human beings	/haʊ̯s/
210	every	All of a countable group, without exception	/ˈɛv.(ə.)ɹi/
211	ok	Satisfactorily, sufficiently well	/ˌoʊˈkeɪ/
212	through	So as to enter, pass within or across, and then leave	/θɹu/
213	being	Given that; since	/ˈbi.ɪŋ/
214	course	Ellipsis of of course	/kɔɹs/
215	stay	Aspect marker indicating frequency or permanence	/steɪ/
216	left	On the left side	/ˈɫɛft/
217	dad	A father, a male parent	/dæd/
218	enough	Used before a noun in the manner of words like some, a bit…	/ɪˈnʌf/
219	happened	To occur or take place	/ˈhæpənd/
220	came	To move nearer to the point of perspective	/ˈkeɪ̯m/
221	may	To have permission to, be allowed. Used in granting…	/meɪ/
222	mother	A female parent, especially of a human; a female who…	/ˈmʌðɚ/
223	wrong	In a way that isn't right; incorrectly, wrongly	/ˈɹɔŋ/
224	world	The subjective human experience, regarded collectively;…	/wɝld/
225	bad	Badly; poorly	/bæd/
226	might	To have permission to, be allowed. Used in granting…	[mɐɪt]
227	three	A numerical value after two and before four. Represented in…	/θɹiː/
228	today	On the current day or date	/təˈdeɪ/
229	listen	To use one's sense of hearing and auditory cognition in an…	/ˈlɪsən/
230	another	One more further, in addition to the quantity by then; a…	/əˈnʌð.ə(ɹ)/
231	understand	To know the meaning of; to parse or have parsed correctly;…	/ˌʌndɚˈstænd/
232	hear	To perceive sounds through the ear	/ˈhɪɚ/
233	remember	To recall from one's memory; to have an image in one's…	/ɹɪˈmɛm.bɚ/
234	ask	To request	/æsk/
235	own	Belonging to; possessed; acquired and designated by; proper…	/oʊn/
236	same	The same way; in the same manner; to the same extent,…	/seɪm/
237	show	To display, convey or exhibit; to have something available…	/ʃoʊ/
238	else	Otherwise, if not	/ɛls/
239	kill	To put to death; to extinguish the life of	/ˈkɪl/
240	talking	To communicate, usually by means of speech	/ˈtɔkɪŋ/
241	found	To encounter or discover by accident; to happen upon	/ˈfaʊ̯nd/
242	next	Denotes the one immediately following the current or most…	/nɛkst/
243	getting	To obtain; to acquire	/ˈɡɛtɪŋ/
244	care	Close attention; concern; responsibility	/kɛɚ/
245	car	A wheeled vehicle that moves independently, with at least…	/kɑɹ/
246	looking	As an intransitive verb, often with “at”	/ˈlʊkɪŋ/
247	son	One's male offspring	/sʌn/
248	try	To attempt; to endeavour. Followed by infinitive	/tɹɑj/
249	woman	An adult female human	/ˈwɵmən/
250	went	To move through space	/wɛnt/
251	hi	A friendly, informal, casual greeting said upon someone's…	/haɪ/
252	dead	Exactly	/diːd/
253	many	before a countable noun: A large, indefinite number of	/ˈmɛni/
254	mind	The capability for rational thought	/maɪnd/
255	friend	A person, typically someone other than a family member,…	/fɹɛnd/
256	best	To the most advantage; with the most success, cause,…	/bɛst/
257	mom	Mother	/mɑm/
258	hell	Very; used to emphasize strongly	/hɛl/
259	morning	The early part of the day, especially from midnight to noon	/ˈmoɹnɪŋ/
260	trying	To attempt; to endeavour. Followed by infinitive	/ˈtɹɑjɪŋ/
261	boy	A male child	/bɔɪ/
262	together	At the same time, in the same place; in close association…	/tʊˈɡɛðɚ/
263	yourself	Your own self	/jəˈsɛlf/
264	job	A task	/dʒɒb/
265	saw	To perceive or detect someone or something with the eyes,…	/sɔː/
266	family	A group of people who are closely related to one another;…	/ˈfæm(ɪ)li/
267	real	Really; very	/ˈɹi.əl/
268	without	Lacking something; failing	/wɪθˈaʊt/
269	baby	A very young human, particularly from birth to a couple of…	/ˈbeɪ.bi/
270	room	Off from the wind	/ɹum/
271	already	Prior to some specified time, either past, present, or…	/ɔːlˈɹɛdi/
272	move	To change place or posture; to go, in any manner, from one…	/muːv/
273	most	With a superlative adjective ending in -est	/ˈmoʊst/
274	seen	To perceive or detect someone or something with the eyes,…	/siːn/
275	live	Of an event, as it happens; in real time; direct	/ˈlɪv/
276	miss	To fail to hit, catch, grasp, etc	/mɪs/
277	actually	In act or in fact; really; in truth; positively	/ˈæk.t͡ʃ(u.)(ə.)li/
278	huh	Used either to belittle the issuer of a statement/question,…	/hʌ/
279	shit	Usually solid excretory product evacuated from the bowels;…	/ʃɪt/
280	both	Each of the two; one and the other; referring to two…	[boʊθ]
281	heard	To perceive sounds through the ear	/ˈhɝd/
282	once	One and only one time	/wʌn(t)s/
283	ready	Prepared for immediate action or use	/ˈɹɛd.i/
284	head	The part of the body of an animal or human which contains…	/hɛd/
285	called	To request, summon, or beckon	/kɔld/
286	used	To employ; to apply; to utilize	/juzd/
287	idea	An abstract archetype of a given thing, compared to which…	/aɪ̯ˈdi.ə/
288	knew	To perceive the truth or factuality of; to be certain of;…	/ˈn(j)u/
289	hold	To grasp or grip	/hoʊld/
290	happy	Having a feeling arising from a consciousness of well-being…	/ˈhapɪj/
291	door	A portal of entry into a building, room, or vehicle,…	/doɹ/
292	such	Like this, that, these, those; used to make a comparison…	/sʌt͡ʃ/
293	fuck	Used as an intensifier for the words "yes" and "no"	/ˈfʌk/
294	brother	Son of the same parents as another person	/ˈbɹʌðɚ/
295	also	In addition; besides; as well; further; too	/ˈɑl.soʊ/
296	pretty	Somewhat, fairly, quite; sometimes also very	/ˈpɹɪt.i/
297	bit	To cut into something by clamping the teeth	/ˈbɪt/
298	took	To get into one's hands, possession, or control, with or…	/tɵk/
299	haven	A safe place	/ˈheɪvən/
300	yet	In negative or interrogative use, often with an expectation…	/jɛt/
301	men	An adult male human	/mɛn/
302	whole	In entirety; entirely; wholly	/hoʊl/
303	start	The beginning of an activity	/stɑɹt/
304	use	The act of using	/jus/
305	while	During the same time that	/wæl/
306	since	From a specified time in the past	/sɪn(t)s/
307	wife	A married woman, especially in relation to her spouse	/wæf/
308	days	During the day	/ˈdɛjz/
309	guess	To reach a partly unconfirmed conclusion; to engage in…	/ɡɛs/
310	tomorrow	On the day after the present day	/təˈmɑɹoʊ/
311	matter	Anything with mass and volume	/ˈmætɚ/
312	meet	To come face to face with by accident; to encounter	/mit/
313	bring	To transport toward somebody/somewhere	/ˈbɹɪŋ/
314	tonight	During the night following the current day; during the…	/təˈnaɪt/
315	everyone	Every person	/ˈɛv.ɹiː.wʌn/
316	run	To move forward quickly upon two feet by alternately making…	/ɹʌn/
317	wanna	Represents a contracted pronunciation of want to	/ˈwɑ.nə/
318	hard	With much force or effort	/hɑɹd/
319	ah	Pronunciation spelling of I, most often indicating that the…	/ɑː/
320	alone	By oneself; apart from, or exclusive of, others; solo	/əˈloʊn/
321	myself	Me, as direct or indirect object the speaker as the object…	/maɪˈsɛlf/
322	school	An institution dedicated to teaching and learning; an…	/skul/
323	gone	Past, after, later than	/ɡɔn/
324	um	Expression of hesitation, uncertainty or space filler in…	/ʌm/
325	end	The terminal point of something in space or time	/ɛnd/
326	saying	To pronounce	/ˈseɪ.ɪŋ/
327	phone	A device for transmitting conversations and other sounds in…	/ˈfoʊ̯n/
328	play	To act in a manner such that one has fun; to engage in…	/pleɪ̯/
329	looks	The action of looking; an attempt to see	/lʊks/
330	fucking	Really, very; having intensive force, often applying to the…	/ˈfʌkɪŋ/
331	problem	A difficulty that has to be resolved or dealt with	/-bəm/
332	few	An indefinite, but usually small, number of	/fjuː/
333	friends	A person, typically someone other than a family member,…	/fɹɛn(d)z/
334	gotta	Synonym of have got to, have to	/ˈɡɑtə/
335	ago	Before now, before the present time	/əˈɡoʊ/
336	open	Able to have something pass through or along it	/ˈoʊ.pən/
337	anyone	Any person; anybody	/ˈɛ.ni.wʌn/
338	killed	To put to death; to extinguish the life of	/kɪld/
339	hope	To want to happen, with a sense of expectation that it might	/ˈhoʊp/
340	face	Intensely	/ˈfeɪ̯s/
341	until	Up to the time of; pending	/ʌnˈtɪl/
342	lost	To cease to have in one's possession or capability	/lɑst/
343	police	A constituted body of officers representing the civil…	/pəˈliːs/
344	excuse	To forgive; to pardon; to overlook	/ɪksˈkjuz/
345	turn	To move about an axis through itself	/tɜɹn/
346	business	A specific commercial enterprise or establishment	/ˈbɪz.nɪs/
347	case	An actual event, situation, or fact	/keɪs/
348	wants	A desire, wish, longing	/wɑnts/
349	says	To pronounce	/sɛz/
350	true	Accurately; in alignment	/tɹuː/
351	die	per day	[däɪ̯]
352	heart	A muscular organ that pumps blood through the body,…	/hɑɹt/
353	soon	Within a short time; quickly	/sun/
354	each	All; every; qualifying a singular noun, indicating all…	/it͡ʃ/
355	worry	To be troubled; to give way to mental anxiety or doubt	/ˈwəʊ.ɹi/
356	later	Afterward in time	/ˈleɪ.tɚ/
357	year	A period of time akin to the time taken for the Earth to…	/ˈjɪɚ/
358	watch	A portable or wearable timepiece	/ˈwɒt͡ʃ/
359	music	A series of sounds organized in time, usually employing…	/ˈmju.zɪk/
360	hand	The part of the forelimb below the forearm or wrist in a…	/hænd/
361	having	To possess, own	/ˈhævɪŋ/
362	probably	In all likelihood	/ˈpɹɑ.(b)li/
363	beautiful	Possessing beauty, impressing the eye; attractive	/ˈbju.tɪ.fəl/
364	doctor	A physician; a member of the medical profession; one who is…	/ˈdɑktɚ/
365	sit	To be in a position in which the upper body is upright and…	/sɪt/
366	eat	To consume by putting it into the mouth and swallowing it	/it/
367	thinking	To ponder, to go over in one's mind	/ˈθɪŋkɪŋ/
368	young	In the early part of growth or life; born not long ago	/jʌŋ/
369	second	After the first; at the second rank	/ˈsɛk.ənd/
370	working	To do a specific task by employing physical or mental powers	/ˈwɝkɪŋ/
371	water	An inorganic compound found at room temperature and…	/ˈwɔɹ.təɹ/
372	person	An individual who has been granted personhood; usually a…	/ˈpɜɹ.sən/
373	part	Partly; partially; fractionally	/pɑɹt/
374	kids	A child, adolescent, or a young adult	/kɪdz/
375	late	After a deadline has passed, past a designated time	/leɪt/
376	stuff	Miscellaneous items or objects; personal effects	/stʌf/
377	exactly	Without approximation; precisely	/ɪɡˈzæk(t).li/
378	under	Beneath; below; at or to the bottom of, or the area covered…	/ˈʌndɚ/
379	death	The cessation of life and all associated processes; the end…	/diːθ/
380	minute	A unit of time which is one sixtieth of an hour	[maɪ̯ˈn(j)u̟(ː)t]
381	pay	To give money or other compensation to in exchange for…	/peɪ/
382	crazy	Very, extremely	/ˈkɹeɪ.zi/
383	forget	To lose remembrance of	/fɚˈɡɛt/
384	everybody	All people	/ˈɛv.ɹiˌbɑdi/
385	kid	A child, adolescent, or a young adult	/ˈkɪd/
386	change	To become something different	/ˈt͡ʃeɪnd͡ʒ/
387	gave	To transfer one's possession or holding of to	/ɡeɪv/
388	happen	To occur or take place	/ˈhæpən/
389	damn	Very; extremely	/ˈdæm/
390	five	A numerical value equal to 5; the number following four and…	/ˈfaɪ̯v/
391	drink	To consume through the mouth	/ˈdɹɪŋk/
392	far	To, from or over a great distance in space, time or other…	/fɑɹ/
393	knows	To perceive the truth or factuality of; to be certain of;…	/noʊz/
394	its	Belonging to it	/ɪʔ.s/
395	whatever	What ever; emphatic form of 'what'	/wʌtˈɛv.ɚ/
396	eyes	An organ through which animals see	/aɪz/
397	shut	To remove or block an opening, gap or passage through	/ʃʌt/
398	aren	To tend to do, often do; marks the habitual aspect	/ˈæɹən/
399	hit	To administer a blow to, directly or with a weapon or…	/hɪt/
400	taking	To get into one's hands, possession, or control, with or…	/ˈteɪkɪŋ/
401	easy	In a relaxed or casual manner	/ˈiːzi/
402	times	Multiplied by	/taɪmz/
403	check	An inspection or examination	/t͡ʃɛk/
404	hands	The part of the forelimb below the forearm or wrist in a…	/hæn(d)z/
405	minutes	A unit of time which is one sixtieth of an hour	/ˈmɪnɪts/
406	deal	An indefinite quantity or amount; a lot	/ˈdiːl/
407	different	Differently	/ˈdɪf.ə.ɹənt/
408	means	A method or course of action used to achieve some result	/minz/
409	point	Something tiny, as a pinprick; a very small mark	/pɔɪnt/
410	inside	Within or towards the interior of something; within the…	/ˈɪnsaɪd/
411	makes	To build, construct, produce, or originate	/meɪks/
412	asked	To request	/ˈæskt/
413	somebody	Some unspecified person	/ˈsʌmˌbədi/
414	mine	Used predicatively	/maɪ̯n/
415	making	To build, construct, produce, or originate	/ˈmeɪkɪŋ/
416	body	The physical structure of a human or animal seen as one…	/ˈbɑdi/
417	afraid	Impressed with fear or apprehension; in fear	/əˈfɹeɪd/
418	sleep	To rest in a state of reduced consciousness	/sliːp/
419	chance	An opportunity or possibility	/t͡ʃæns/
420	dear	Dearly; at a high price	/dɪɹ/
421	quite	With verbs, especially past participles	/kwaɪ̯t/
422	four	A numerical value equal to 4; the number after three and…	/foɹ/
423	anyway	Regardless; anyhow	/ˈɛniweɪ/
424	close	So as to leave or create little distance or space between…	/ˈkloʊ̯z/
425	ain	Own; belonging to one	/eːn/
426	party	A person or group of people constituting one side in a…	/ˈpɑɹti/
427	fun	Amusement, enjoyment or pleasure	/fʌn/
428	against	In a contrary direction to	/əˈɡɛnst/
429	word	The smallest unit of language that has a particular meaning…	/wɜɹd/
430	comes	To move nearer to the point of perspective	/kʌmz/
431	important	Having relevant and crucial value; having import	/ɪmˈpɔɹ.tənt/
432	set	To put down, to rest	/sɛt/
433	shall	Used before a verb to indicate the simple future tense in…	/ʃæl/
434	story	An account of real or fictional events	/ˈstɔ.ɹi/
435	number	Quantity of countable things	/ˈnʌmɚ/
436	daughter	One’s female offspring	/ˈdɑ.tɚ/
437	least	Smallest in amount or extent	/list/
438	waiting	To delay movement or action until some event or time; to…	[ˈweɪ̯ɾɪŋ]
439	hurt	To cause physical pain and/or injury	/hɝt/
440	wish	A desire, hope, or longing for something or for something…	/ˈwɪʃ/
441	moment	A particular point of space; a spot	/ˈmoʊmənt/
442	fight	To engage in combat with; to oppose physically, to contest…	/fəɪt/
443	week	Any period of seven consecutive days	/wiːk/
444	husband	A man in a marriage or marital relationship, especially in…	/ˈhʌzbənd/
445	girls	A female child	/ɡɝlz/
446	rest	Relief from work or activity by sleeping; sleep	/ɹɛst/
447	married	To enter into the conjugal or connubial state; to take a…	/ˈmæɹ.ɪd/
448	fire	A chemical reaction involving the bonding of oxygen with…	/ˈfaɪ.ɚ/
449	game	A playful activity that may be unstructured; an amusement…	[ɡeɪ̯m]
450	nobody	Not any person; the logical negation of somebody	/ˈnoʊ.bə.di/
451	mr	Clipping of MRI	/ˈmɪstɚ/
452	children	A person who has not yet reached adulthood, whether…	/ˈtʃɪl.ɹən/
453	side	A bounding straight edge of a two-dimensional shape	/ˈsaɪ̯d/
454	stand	To support oneself on the feet in an erect position	/ˈstænd/
455	read	To look at and interpret letters or other information that…	/ɹid/
456	though	Despite that; however	/ðoʊ/
457	cut	To perform an incision on, for example with a knife	/kʌt/
458	started	To set in motion	[ˈstɑɹɾɪd]
459	sister	A daughter of the same parents as another person; a female…	/ˈsɪs.tɚ/
460	supposed	To take for granted; to conclude, with less than absolute…	/səˈpoʊst/
461	between	In the position or interval that separates, or intermediate…	/bəˈtwin/
462	child	A person who has not yet reached adulthood, whether…	/tʃaɪld/
463	goes	To move through space	/ɡoʊz/
464	hours	A unit of time of one twenty-fourth of a day	/ˈaʊɚz/
465	speak	To communicate with one's voice, to say words out loud	/spik/
466	women	An adult female human	/ˈwɪmɪn/
467	behind	At or to the back or far side of	/ˈbiˌhaɪnd/
468	almost	Very close to, but not quite	/ˈɔl.moʊst/
469	truth	True facts, genuine depiction or statements of reality	/tɹuθ/
470	blood	A vital liquid flowing in the bodies of many types of…	/blʌd/
471	able	To know how to	/ˈeɪ.bl̩/
472	lady	A woman of breeding or higher class, a woman of authority	/ˈleɪ.di/
473	anymore	Alternative form of any more	/ˌɛn.iˈmɔɹ/
474	playing	To act in a manner such that one has fun; to engage in…	/ˈpleɪ.ɪŋ/
475	gets	To obtain; to acquire	/ɡɛts/
476	shot	To fire	/ʃɑt/
477	reason	That which causes something: an efficient cause, a…	/ˈɹiːzən/
478	trouble	A distressing or dangerous situation	/ˈt͡ʃɹʌbəl/
479	break	To separate into two or more pieces, to fracture or crack,…	/bɹeɪk/
480	war	Organized, large-scale, armed conflict between countries or…	/wɔɹ/
481	city	A large settlement, bigger than a town; sometimes with a…	/ˈsɪt.i/
482	walk	To move on the feet by alternately setting each foot…	/woːk/
483	town	A settlement; an area with residential districts, shops and…	/ˈtaʊ̯n/
484	trust	Confidence in or reliance on some person or quality	/tɹʌst/
485	met	To come face to face with by accident; to encounter	/mɛt/
486	office	A ceremonial duty or service, particularly	/ˈɑ-/
487	question	A worded or expressed sentence, phrase, or only a word on…	/ˈkwɛs.tʃən/
488	brought	To transport toward somebody/somewhere	/bɹɔːt/
489	yours	That or those belonging to you; the possessive…	/jɚz/
490	welcome	Whose arrival is a cause of joy; received with gladness;…	/ˈwɛl.kəm/
491	high	In or to an elevated position	/haɪ/
492	wow	An indication of excitement, surprise, astonishment, or…	/waʊ/
493	couple	Two or a few, a small number of	/ˈkʌp.əl/
494	half	In two equal parts or to an equal degree	/ˈhɛə̯f/
495	died	To stop living; to become dead; to undergo death	/daɪd/
496	cool	Of a mildly low temperature	/kul/
497	free	Without needing to pay	/fɹi/
498	either	Any one	/ˈaɪ.ðɚ/
499	seems	To appear; to look outwardly; to be perceived as	/siːmz/
500	power	The ability to do or undergo something	/ˈpaʊ̯.ɚ/
501	whoa	Stop; calm down; slow down	/woʊ/
502	bye	The position of a person or team in a tournament or…	/baɪ/
503	buy	To obtain in exchange for money or goods	[baɪ]
504	telling	To determine the number, amount, or value of	/ˈtɛlɪŋ/
505	honey	A sweet, viscous, gold-colored fluid produced from plant…	/ˈhʌni/
506	tried	To attempt; to endeavour. Followed by infinitive	/tɹaɪd/
507	front	The foremost side of something or the end that faces the…	/fɹʌnt/
508	team	A set of draught animals, such as two horses in front of a…	/ˈtiːm/
509	answer	A response or reply; something said or done in reaction to…	/ˈæn.sɚ/
510	gun	A device for shooting projectiles or ditto, functioning…	/ˈɡʌn/
511	boys	A male child	/bɔɪz/
512	line	A path through two or more points; a continuous mark,…	/laɪn/
513	send	To make something go from one place to another	/sɛnd/
514	news	Things that are new	/nuːz/
515	stupid	Extremely	/ˈstupɪd/
516	bed	A piece of furniture, usually flat and soft, on which to…	/bɛd/
517	hurry	A rushed action	/ˈhʌ.ɹi/
518	full	Containing the maximum possible amount that can fit in the…	/fʊl/
519	months	A period into which a year is divided, historically based…	/mʌnθs/
520	save	Except; with the exception of	/seɪv/
521	sometimes	On some occasions, over some periods, or in certain…	/ˈsʌm.taɪmz/
522	become	begin to be; turn into	/bɪˈkʌm/
523	along	By the length of; in a line with the length of; lengthwise…	/əˈlɒŋ/
524	hate	An object of hatred	/heɪt/
525	food	Any solid substance that can be consumed by living…	[fu̟(ː)d]
526	outside	To or in the outdoors or outside; to or in an area that is…	/aʊtˈsaɪd/
527	light	Carrying little	[ləjt]
528	l	Clipping of lol	/æl/
529	needs	A requirement for something; something needed	/nidz/
530	dog	The species Canis familiaris, domesticated for thousands of…	/dɒɡ/
531	country	The territory of a nation; a sovereign state or a region…	/ˈkʌntɹi/
532	clear	All the way; entirely	/ˈklɪɚ/
533	order	Arrangement, disposition, or sequence	/ˈoɹ.dɚ/
534	em	A unit of measurement equal to the height of the type in use	/ˈɛm/
535	fact	Something actual as opposed to invented	/fækt/
536	lord	One possessing similar mastery over others; any feudal…	/loɹd/
537	captain	A chief or leader	/ˈkæp.tɪn/
538	six	A numerical value equal to 6; the number following five and…	/sɪks/
539	hot	Hotly; at a high temperature	/hɑt/
540	funny	In a manner seen as being typical of a homosexual, or…	/ˈfʌni/
541	black	Absorbing all light and reflecting none; dark and hueless	/ˈblæk/
542	alive	Having life; living; not dead	/əˈlaɪv/
543	pick	A tool used for digging; a pickaxe	/pɪk/
544	feeling	To become aware of through the skin; to use the sense of…	/ˈfi.lɪŋ/
545	living	To be alive; to have life	/ˈlɪvɪŋ/
546	cause	The source of, or reason for, an event or action; that…	/kɔːz/
547	ahead	At or towards the front; in the direction one is facing or…	/əˈhɛd/
548	lose	To cease to have in one's possession or capability	/luz/
549	king	A male monarch; a man who heads a monarchy; in an absolute…	/ˈkɪŋ/
550	plan	A drawing showing technical details of a building, machine,…	/plæn/
551	dinner	The main meal of the day, often eaten in the evening	/ˈdɪnɚ/
552	sighs	A deep, prolonged audible inhale and exhale of breath; as…	/saɪz/
553	sort	A general type	/soɹt/
554	leaving	To cause or allow to remain as available; to refrain from…	/ˈliːvɪŋ/
555	running	Consecutively; in a row	/ˈɹʌnɪŋ/
556	boss	One who oversees and directs the work of others; a…	/bɔs/
557	alright	An expression of happiness	/ˌɑlˈɹaɪt/
558	promise	An oath or affirmation; a vow	/ˈpɹɑmɪs/
559	taken	To get into one's hands, possession, or control, with or…	/ˈteɪ.kn̩/
560	safe	Not in danger; out of harm's reach	/ˈseɪ̯f/
561	ma	mother, mama	/mɑː/
562	book	A collection of sheets of paper bound together to hinge at…	/bɵk/
563	sent	To make something go from one place to another	/sɛnt/
564	white	Bright and colourless; reflecting equal quantities of all…	/ˈwaɪt/
565	hour	A unit of time of one twenty-fourth of a day	/aʊɚ/
566	anybody	Any one out of an indefinite number of persons; anyone; any…	/ˈɛn.i.bə.di/
567	small	In a small fashion	/smɔl/
568	perfect	Fitting its definition precisely	/ˈpɝ.fɪkt/
569	'cause	Apheretic form of because	/kʌz/
570	lives	To be alive; to have life	/lɪvz/
571	special	Distinguished by a unique, particular, or unusual quality	/ˈspɛʃ.əl/
572	parents	A person who raises a child	/ˈpɛɹ.ənts/
573	s	The nineteenth numeral symbol of the English alphabet,…	/ɛs/
574	john	A prostitute's client	/ˈd͡ʒɑn/
575	himself	Him; the male object of a verb or preposition that also…	/hɪmˈsɛlf/
576	perhaps	Possibly	/ˈpɹæps/
577	sounds	A sensation perceived by the ear caused by the vibration of…	/saʊnz/
578	serious	Without humor or expression of happiness; grave in manner…	/ˈsɪɚ.i.əs/
579	sick	In poor health; ill	/ˈsɪk/
580	company	A team; a group of people who work together for a common…	/ˈkʌmpəni/
581	ha	A representation of laughter	/hɑː/
582	scared	To frighten, terrify, startle, especially in a minor way	/skɛ(ə)ɹd/
583	uncle	The brother or brother-in-law of one’s parent	/ˈʌŋ.kl̩/
584	poor	With no or few possessions or money, particularly in…	/pʊɚ/
585	red	The colour of the setting sun, blood, and strawberries; the…	/ɹɛd/
586	past	In a direction that passes	/pæst/
587	earth	Soil	/ɝθ/
588	possible	Able but not certain to happen; neither inevitable nor…	/ˈpɒs.ə.bəl/
589	shoot	To fire	/ʃut/
590	touch	To make physical contact with; to bring the hand, finger or…	/tʌt͡ʃ/
591	sound	Soundly	/ˈsaʊ̯nd/
592	top	Best, highest	/tɑp/
593	ass	Synonym of -ass	/æs/
594	laughs	An expression of mirth particular to the human species; the…	/ˈlæfs/
595	cannot	Can not; be unable to	/ˈkænɒt/
596	asking	To request	/ˈæskɪŋ/
597	win	To reach some destination or object, despite difficulty or…	/ˈwɪn/
598	glad	Pleased; happy; gratified	/ɡlæd/
599	control	To exercise influence over; to suggest or dictate the…	/kənˈtɹoʊl/
600	hmm	A demand for an answer to a question	/hm̩/
601	human	Of or belonging to the species Homo sapiens or its closest…	/ˈhjuː.mən/
602	drive	To operate	/dɹaɪv/
603	hair	A pigmented filament of keratin which grows from a follicle…	/ˈhɛɚ/
604	jack	A coarse medieval coat of defence, especially one made of…	/ˈd͡ʒæk/
605	bitch	A female dog or other canine, particularly a recent mother	/bɪt͡ʃ/
606	luck	Something that happens to someone by chance, a chance…	/lʌk/
607	murder	An act of killing a person unlawfully, especially with…	/ˈmɝ.dɚ/
608	happens	To occur or take place	/ˈhæpənz/
609	air	The substance constituting Earth's atmosphere: a gaseous…	/ˈɛɚ/
610	ten	The number occurring after nine and before eleven,…	/tɛn/
611	daddy	Also used as a term of address: a father; one's father	/ˈdædi/
612	finally	At the end or conclusion; ultimately	/ˈfaɪnəli/
613	chuckles	A quiet laugh	/ˈtʃʌkəlz/
614	fast	In a firm or secure manner, securely; in such a way as not…	/ˈfæst/
615	cold	At a low temperature	/kɔːld/
616	seem	To appear; to look outwardly; to be perceived as	/ˈsɪjm/
617	laughing	An expression of mirth particular to the human species; the…	/ˈlɑːfɪŋ/
618	words	The smallest unit of language that has a particular meaning…	/wɜɹdz/
619	hospital	A large medical facility, usually in a building with…	/ˈhɑs.pɪ.tl̩/
620	street	A paved part of road, usually in a village or a town	/stɹit/
621	hang	To be or remain suspended	/haŋ/
622	dance	A sequence of rhythmic steps or movements usually performed…	/dæns/
623	meeting	To come face to face with by accident; to encounter	/ˈmitɪŋ/
624	till	Until; to, up to; as late as	/tɪl/
625	others	An other, another, more often rendered as another	/ˈʌðɚz/
626	catch	The act of seizing or capturing	/kæt͡ʃ/
627	follow	To go after; to pursue; to move behind in the same path or…	/ˈfɒləʊ/
628	sense	Any of the manners by which living beings perceive the…	/sɛns/
629	sex	A category into which sexually-reproducing organisms are…	/ˈsɛks/
630	lie	To rest in a horizontal position on a surface	/laɪ̯/
631	evening	To make flat and level	/ˈiv.nɪŋ/
632	master	Someone who has control over something or someone	/ˈmæstɚ/
633	known	To perceive the truth or factuality of; to be certain of;…	/noʊn/
634	dream	Imaginary events seen in the mind while sleeping	/ˈdɹim/
635	write	To form letters, words or symbols on a surface in order to…	/ɹəɪt/
636	million	The cardinal number 1 000 000: 10⁶; a thousand thousand	/ˈmɪl.jən/
637	voice	Sound uttered by the mouth, especially by human beings in…	/vɔɪs/
638	sweet	In a pleasant manner	/swit/
639	rather	Introducing a qualification or clarification; more precisely	/ˈɹæðɚ/
640	felt	To become aware of through the skin; to use the sense of…	/ˈfɛlt/
641	sign	A visible fact that shows that something exists or may…	/saɪn/
642	lucky	Favoured by luck; fortunate; having good success or good…	/ˈlʌki/
643	somewhere	In an uncertain or unspecified location	/ˈsʌm.wɛɹ/
644	bet	between	/bɛt/
645	o	The vocative particle, used for direct address	/ˈoʊ/
646	jesus	The Christian savior	/ˈd͡ʒizəs/
647	longer	Having much distance in space from one end to the other	/ˈlɔŋ.ɡɚ/
648	calling	To request, summon, or beckon	/ˈkɔlɪŋ/
649	worked	To do a specific task by employing physical or mental powers	/wɝkt/
650	quiet	With little or no sound; free of disturbing noise	/ˈkwaɪ̯.ət/
651	looked	As an intransitive verb, often with “at”	/lɵkt/
652	less	To a smaller extent or degree	/lɛs/
653	pull	To apply a force to so that it comes toward the person or…	/pʊl/
654	beat	To hit; to strike	/bɛt/
655	careful	Taking care; attentive to potential danger, error or harm;…	/ˈkɛɹfəl/
656	coffee	A beverage made by infusing the beans of the coffee plant…	/ˈkɒfi/
657	return	To come or go back	/ɹɪˈtɝn/
658	secret	A piece of knowledge that is hidden and intended to be kept…	/ˈsiː.kɹɪt/
659	weeks	Any period of seven consecutive days	/wiːks/
660	weren	To tend to do, often do; marks the habitual aspect	/ˈwɛˌɹɛn/
661	date	The fruit of the date palm, Phoenix dactylifera, somewhat…	/deɪt/
662	seeing	Inasmuch as; in view of the fact that	/ˈsiː.ɪŋ/
663	fall	To move to a lower position under the effect of gravity	/foːl/
664	given	Considering; taking into account	/ˈɡɪvən/
665	ooh	An expression of surprise	/uː/
666	fault	Culpability; the responsibility for a blameworthy event	/fɔlt/
667	straight	Of a direction relative to the subject, precisely; as if…	/stɹeɪt/
668	takes	To get into one's hands, possession, or control, with or…	/teɪks/
669	song	A musical composition with lyrics for voice or voices,…	/sɒŋ/
670	future	The time ahead; those moments yet to be experienced	/ˈfju.t͡ʃɚ/
671	gentlemen	Any well-bred, well-mannered, or charming man	/d͡ʒɛn.təl.mən/
672	loved	To have a strong affection for	/lʌvd/
673	changed	To become something different	/t͡ʃeɪnd͡ʒd/
674	road	A way used for travelling between places, originally one…	/ɹod/
675	calm	Peaceful, quiet, especially free from anger and anxiety	/kɑm/
676	wonderful	Tending to excite wonder; surprising, extraordinary	/ˈwʌndɚfl̩/
677	mad	Insane; crazy; mentally deranged	/ˈmæd/
678	turned	To move about an axis through itself	/tɝnd/
679	drop	A small quantity of liquid, just large enough to hold its…	/dɹɑp/
680	ladies	A woman of breeding or higher class, a woman of authority	/ˈleɪ.diz/
681	learn	To acquire, or attempt to acquire knowledge or an ability…	/lɝn/
682	step	An advance or movement made from one foot to the other; a…	/stɛp/
683	absolutely	In an absolute or unconditional manner; utterly,…	/ˌæb.səˈlut.li/
684	early	At a time before expected; sooner than usual	/ˈɝli/
685	explain	To make plain, manifest, or intelligible; to clear of…	/ɪkˈspleɪn/
686	clean	Fully and completely	/kliːn/
687	piece	A part of a larger whole, usually in such a form that it is…	/piːs/
688	yesterday	On the day before today	/ˈjɛstɹdeɪ/
689	throw	To hurl; to release with some force from one’s hands, an…	/θɹoʊ/
690	picture	A representation of anything upon canvas, paper, or other…	/ˈpɪk.t͡ʃɚ/
691	land	The part of Earth which is not covered by oceans or other…	[ɫeə̯nd]
692	feet	A biological structure found in many animals that is used…	/ˈfiːt/
693	wonder	A sense of awe, astonishment and curiosity, inspired by…	/ˈwʌndɚ/
694	questions	A worded or expressed sentence, phrase, or only a word on…	/ˈkwɛst͡ʃənz/
695	speaking	To communicate with one's voice, to say words out loud	/ˈspi.kɪŋ/
696	worth	Having a value of; proper to be exchanged for	/wɝθ/
697	darling	Often used as an affectionate term of address: a person who…	/ˈdɑɹlɪŋ/
698	dude	A man, generally a younger man	/duːd/
699	giving	To transfer one's possession or holding of to	/ˈɡɪvɪŋ/
700	president	The head of state of a republic, sometimes also the head of…	/ˈpɹɛz.ɪ.dənt/
701	eye	An organ through which animals see	/ˈaɪ̯/
702	quick	Quickly, in a quick manner	/kwɪk/
703	moving	To change place or posture; to go, in any manner, from one…	/ˈmuːvɪŋ/
704	figure	A drawing or diagram conveying information	/ˈfɪɡɚ/
705	state	A condition; a set of circumstances applying at any given…	/steɪt/
706	strong	In a strong manner	/stɹɔŋ/
707	sam	Synonym of Dicky Sam	/ˈsæm/
708	none	Not any of a given number or group	/nʌn/
709	amazing	Causing wonder and amazement; very surprising	/əˈmeɪ.zɪŋ/
710	ones	The digit or figure 1	/wʌnz/
711	works	To do a specific task by employing physical or mental powers	/wɝks/
712	act	Clipping of actually	/ˈækt/
713	needed	To have an absolute requirement for	/ˈni.dɪd/
714	weird	Having an unusually strange character or behaviour	/ˈwiɚd/
715	law	The body of binding rules and regulations, customs, and…	/lɔ/
716	worried	To be troubled; to give way to mental anxiety or doubt	/ˈwʌɹid/
717	report	To relate details of; to recount, describe	/ɹɪˈpoɹt/
718	goodbye	Farewell; a formula used to another person or persons when…	/ɡʊdˈbaɪ/
719	missing	To fail to hit, catch, grasp, etc	/ˈmɪsɪŋ/
720	choice	An option; a decision; an opportunity to choose or select…	/tʃɔɪs/
721	happening	To occur or take place	/ˈhæpənɪŋ/
722	chief	The leader or head of a tribe, organisation, business unit,…	/t͡ʃiːf/
723	wedding	A marriage ceremony; a ritual officially celebrating the…	/ˈwɛdɪŋ/
724	strange	Not normal; odd, unusual, surprising, out of the ordinary,…	/stɹeɪnd͡ʒ/
725	general	Including or involving every part or member of a given or…	/ˈd͡ʒɛn.(ə.)ɹəl/
726	pain	An ache or bodily suffering, or an instance of this; an…	/ˈpeɪ̯n/
727	'am	Nonstandard form of ham	
728	kidding	To dupe or deceive	/ˈkɪdɪŋ/
729	decided	To resolve; to choose, determine, or settle	/dɪˈsaɪ̯.dɪd/
730	ya	Used to form a confirmation-seeking tag question, expecting…	/ˈjɑː/
731	pass	To move or be moved from one place to another	[pʰæs]
732	tired	In need of some rest or sleep	[ˈtɑjəd]
733	class	A group, collection, category or set sharing…	/klæs/
734	officer	One who has a position of authority in a hierarchical…	/ˈɔ.fɪ.sɚ/
735	kept	To continue in; to not intermit or fall from; to uphold or…	/ˈkɛpt/
736	wake	To stop sleeping	/ˈweɪ̯k/
737	worse	Less skillfully	/wɝs/
738	busy	Crowded with business or activities; having a great deal…	/ˈbɪz.i/
739	eh	Used to negate the following verb; not	/ɛ/
740	mistake	To understand wrongly, taking one thing or person for…	[mɪˈsteɪk]
741	kiss	To touch with the lips or press the lips against, usually…	/kɪs/
742	court	An enclosed space; a courtyard; an uncovered area shut in…	/ˈkɔɹt/
743	building	To form by combining materials or parts	/ˈbɪl.dɪŋ/
744	finish	An end; the end of anything	/ˈfɪnɪʃ/
745	during	For all of a given time interval; throughout; in; pending	/ˈdjʊə.ɹɪŋ/
746	age	The amount of time that some being has been alive, or that…	/eɪd͡ʒ/
747	ship	A water-borne vessel generally larger than a boat	/ˈʃɪp/
748	caught	To capture or snare	/koːt/
749	marry	To enter into the conjugal or connubial state; to take a…	/ˈmæɹi/
750	meant	To intend, to plan; to have as one's intention	/mɛnt/
751	sell	To transfer goods or provide services in exchange for money	/sɛl/
752	dark	Having an absolute or relative lack of light	/dɑɹk/
753	watching	To look at, see, or view for a period of time	/ˈwɑt͡ʃɪŋ/
754	system	A group or set of related things that operate together as a…	/ˈsɪstəm/
755	suppose	To take for granted; to conclude, with less than absolute…	/səˈpoʊz/
756	evidence	Facts or observations presented in support of an assertion	/ˈɛv.ɪ.dəns/
757	movie	A recorded sequence of images displayed on a screen at a…	/ˈmuːvi/
758	ride	To transport oneself by sitting on and directing a horse,…	/ɹaɪd/
759	t	Ellipsis of T-shirt	[tʰ]
760	completely	In a complete manner; thoroughly	/kəmˈpliːtli/
761	mouth	The front opening of a creature through which food is…	/maʊθ/
762	totally	To the fullest extent or degree	/ˈtoʊ.tə.li/
763	birthday	The anniversary of the day on which someone is born	/ˈbɝθˌdeɪ/
764	tv	Abbreviation of television	/tivi/
765	forgive	To pardon; to waive any negative feeling towards or desire…	/fɚˈɡɪv/
766	born	To endeavour to depress the price of, or prices in	/boɹn/
767	imagine	To form a mental image of something; to envision or create…	/ɪˈmæd͡ʒ.ɪn/
768	information	Something that provides a definitive characterization or…	/ˌɪn.fɚˈmeɪ.ʃn̩/
769	instead	In the place of something; as a substitute or alternative	/ɪnˈstɛd/
770	definitely	Without question and beyond doubt	/ˈdɛf.ɪ.nɪt.li/
771	security	The condition of not being threatened, especially…	/səˈkjʊɹ.ɪti/
772	certainly	In a way which is certain; with certainty	/ˈsɝ.tn̩.li/
773	film	A thin layer of some substance; a pellicle; a membranous…	/fɪlm/
774	month	A period into which a year is divided, historically based…	/mʌnθ/
775	lying	To rest in a horizontal position on a surface	/ˈlaɪ.ɪŋ/
776	unless	Except on a specified condition; if not	/ɪnˈlɛs/
777	train	The elongated back portion of a dress or skirt, which drags…	/ˈtɹeɪn/
778	seven	A numerical value equal to 7; the number following six and…	/ˈsɛvən/
779	wear	To carry or have equipped on or about one's body, as an…	/wɛ(ə)ɹ/
780	clothes	Items of clothing; apparel	/kloʊ(ð)z/
781	hotel	An establishment that provides accommodation and other…	/həʊˈtɛl/
782	christmas	Sprigs of holly and other evergreen plants used as…	/ˈkɹɪsməs/
783	attack	An attempt to cause damage, injury to, or death of an…	/ɐˈtæk/
784	round	Circular or cylindrical; having a circular cross-section in…	/ˈɹaʊ̯nd/
785	expect	To predict or believe that something will happen	/ɪkˈspɛkt/
786	sing	To produce musical or harmonious sounds with one’s voice	/ˈsɪŋ/
787	terrible	Dreadful; causing terror, alarm and fear; awesome	/ˈtɛɹəbəl/
788	george	radiotelephony clear-code word for the letter G	/dʒɔːdʒ/
789	bag	A soft container made out of cloth, paper, thin plastic,…	/bæɡ/
790	history	The aggregate of past events, both unrecorded and recorded	/ˈhɪst͡ʃ(ə)ɹɪj/
791	blue	Of a blue hue	/blu/
792	near	At or towards a position close in space or time	/nɪɹ/
793	broke	To separate into two or more pieces, to fracture or crack,…	/ˈbɹoʊ̯k/
794	station	A regular stopping place for ground transportation	/ˈsteɪʃən/
795	seriously	In a serious or literal manner	/ˈsɪɹ.i.əs.li/
796	forever	For all time, for all eternity; for a lifetime; for an…	/fəˈɹɛvɚ/
797	david	A person or group considered unlikely to prevail; an…	/ˈdeɪvɪd/
798	frank	Honest, especially in a manner that seems slightly blunt;…	/fɹæŋk/
799	except	Loosely, used to introduce a contrastive statement…	/ɛkˈsɛpt/
800	thinks	To ponder, to go over in one's mind	/θɪŋks/
801	message	A communication, or what is communicated; any concept or…	/ˈmɛs.ɪdʒ/
802	entire	Whole; complete	/ɪnˈtaɪɚ/
803	joe	A male; a guy; a fellow	/d͡ʒoʊ/
804	table	An item of furniture with a flat top surface raised above…	[ˈtʰeɪb(ə)ɫ]
805	talked	To communicate, usually by means of speech	/tɔkt/
806	across	To, toward, or from the far side of	/əˈkɹɔs/
807	rock	The naturally occurring aggregate of solid mineral matter…	/ɹɑk/
808	lovely	In a lovely fashion or manner; beautifully	/ˈlʌv.li/
809	handle	The part of an object which is held in the hand when used…	/ˈhæn.d(ə)l/
810	middle	A centre, midpoint	/ˈmɪdl̩/
811	buddy	A person far removed from the conversation	/ˈbʌdi/
812	paid	To give money or other compensation to in exchange for…	/peɪd/
813	protect	To keep safe; to defend; to guard; to prevent harm coming to	/pɹəˈtɛkt/
814	using	To employ; to apply; to utilize	/ˈju.zɪŋ/
815	floor	The interior bottom or surface of a house or building; the…	/floɹ/
816	ran	To move forward quickly upon two feet by alternately making…	/ɹæn/
817	swear	To take an oath, to promise intensely, solemnly, and/or…	/ˈswɛɚ/
818	spend	To pay out	/spɛnd/
819	situation	The combination of circumstances at a given moment; a state…	/ˌsɪt.juːˈeɪ.ʃən/
820	ring	A circumscribing object, circular and hollow, looking like…	/ɹɪŋ/
821	anywhere	In or at any location	/ˈɛn.i.(h)wɛɹ/
822	dangerous	Full of danger	/ˈdeɪn.d͡ʒ(ə.)ɹəs/
823	bill	A written list or inventory	/ˈbɪl/
824	york	to bowl a yorker at a batsman, especially to get a batsman…	/jɔɹk/
825	army	A large, highly organized military force, concerned mainly…	/ˈɑɹ.mi/
826	lead	A heavy, pliable, inelastic metal element, having a bright,…	/ˈlɛd/
827	bought	To obtain in exchange for money or goods	/ˈbɔt/
828	finished	To complete	/ˈfɪnɪʃt/
829	fair	Clearly, openly, frankly, civilly, honestly, favorably,…	/ˈfɛɚ/
830	sun	A star, especially when seen as the centre of any single…	/sʌn/
831	letter	A symbol in an alphabet	/ˈlɛtɚ/
832	fool	A person with poor judgment or little intelligence	/ful/
833	attention	Mental focus	/əˈtɛn.ʃn̩/
834	club	A heavy object, often a kind of stick, intended for use as…	/klʌb/
835	simple	Uncomplicated; lacking complexity; taken by itself, with…	/ˈsɪm.pəl/
836	interesting	To engage the attention of; to awaken interest in; to…	/ˈɪntəɹəstɪŋ/
837	space	The distance between objects	/speɪs/
838	test	A challenge, trial	/tɛst/
839	box	A cuboid space; a cuboid container, often with a hinged lid	/bɑks/
840	group	A number of things or persons being in some relation to one…	/ɡɹup/
841	single	Not accompanied by anything else; one in number	/ˈsɪŋɡəl/
842	sitting	To be in a position in which the upper body is upright and…	/ˈsɪtɪŋ/
843	marriage	The state of being married	/ˈmæɹɪd͡ʒ/
844	join	To connect or combine into one; to put together	/ˈd͡ʒɔɪn/
845	fear	A strong, unpleasant emotion or feeling caused by actual or…	/fɪɚ/
846	d	Pronunciation spelling of the	/d/
847	peace	A state of tranquility, quiet, and harmony. For instance, a…	/ˈpiːs/
848	forgot	To lose remembrance of	/fɚˈɡɑt/
849	force	Ability to influence; strength or energy of body or mind;…	/foɹs/
850	short	Abruptly, curtly, briefly	/ʃoɹt/
851	normal	According to norms or rules or to a regular pattern	/ˈnoɹ.məl/
852	charlie	radiotelephony clear-code word for the letter C	/ˈtʃɑɹli/
853	present	Relating to now, for the time being; current	/ˈpɹɛz.ənt/
854	enjoy	To receive pleasure or satisfaction from something	/ɛnˈd͡ʒɔɪ/
855	mike	A microphone	[mɐɪʔk]
856	crime	A specific act committed in violation of the law,…	/kɹaɪm/
857	horse	A hoofed mammal, Equus ferus caballus, often used…	/hoɹs/
858	ground	The surface of the Earth, as opposed to the sky or water or…	/ɡɹaʊnd/
859	american	A citizen or national of the United States of America	/əˈmɛɹɪkən/
860	count	To recite numbers in sequence	/kaʊnt/
861	area	A measure of the extent of a surface; it is measured in…	/ˈɛːɹɪjə/
862	charge	The amount of money levied for a service	/ˈt͡ʃɑɹd͡ʒ/
863	honor	Recognition of importance or value; respect; veneration	/ˈɑ.nɚ/
864	lunch	A light meal usually eaten around midday, notably when not…	/lʌnt͡ʃ/
865	miles	much; a lot	/maɪlz/
866	radio	The technology that allows for the transmission of sound or…	/ˈɹeɪ.diˌoʊ/
867	idiot	A person of low general intelligence	/ˈɪdiət/
868	ball	A solid or hollow sphere, or roughly spherical mass	/boːl/
869	surprise	Something unexpected	/sə(ː)ˈpɹaɪ̯z/
870	paper	A sheet material typically used for writing on or printing…	/ˈpeɪ̯.pəɹ/
871	key	An object designed to open and close a lock or to activate…	/ki/
872	boat	A small, usually open craft used for travelling over water,…	/boʊ̯t/
873	quickly	Rapidly; with speed; fast; with expedition	/ˈkwɪk.li/
874	gold	of or referring to a gold version of something	/ɡoʊld/
875	bar	Except, other than, besides	/bɑɹ/
876	fish	A typically cold-blooded vertebrate animal that lives in…	/fɪʃ/
877	mark	A stone or post used to indicate position and guide…	/mɑɹk/
878	tom	The male of the domesticated cat, especially if not neutered	/tɑm/
879	wearing	To carry or have equipped on or about one's body, as an…	/ˈwɛːɹɪŋ/
880	crying	To shed tears; to weep, especially in anger or sadness	/ˈkɹaɪ̯.ɪŋ/
881	accident	An unexpected event with negative consequences occurring…	/ˈæk.sə.dənt/
882	government	The body with the power to make and/or enforce laws to…	/ˈɡʌv.ɚ(n).mənt/
883	eight	A numerical value equal to 8; the number occurring after…	/eɪt/
884	fell	Sharply; fiercely	/fɛl/
885	cover	A lid	/ˈkʌvɚ/
886	certain	Having been determined but not specified	/ˈsɝ.tən/
887	interested	To engage the attention of; to awaken interest in; to…	/ˈɪnt.əˌɹɛs.tɪd/
888	deep	Far, especially far down through something or into…	/diːp/
889	star	Any small, natural and bright dot in the sky, most visible…	/stɑɹ/
890	sea	A large body of salt water	/siː/
891	agree	To be in harmony about an opinion, statement, or action; to…	/əˈɡɹi/
892	problems	A difficulty that has to be resolved or dealt with	/ˈpɹɑbləmz/
893	detective	A police officer tasked with collecting evidence and…	/dɪˈtɛktɪv/
894	prison	A place or institution where people are held against their…	/ˈpɹɪzn̩/
895	major	Greater in dignity, rank, importance, significance, or…	[ˈmeɪ̯d͡ʒɚ]
896	stick	A small, thin branch from a tree or bush; a twig; a branch	/stɪk/
897	offer	Beginning; starting point	/ˈɔfɚ/
898	difficult	Hard, not easy, requiring much effort	/ˈdɪfɪkəlt/
899	smart	To hurt or sting	/smɑɹt/
900	personal	Pertaining to persons	/ˈpɜɹ.sə.nəl/
901	record	An item of information put into a temporary or permanent…	/ˈɹɛk.ɚd/
902	stopped	To cease moving	/stɑpt/
903	hide	To put in a place where it will be out of sight or harder…	/haɪd/
904	whether	Introduces a simple indirect question	/ˈwɛðə(ɹ)/
905	bank	An institution where one can place and borrow money and…	/ˈbeɪ̯ŋk/
906	trip	A journey; an excursion or jaunt	/ˈtɹɪp/
907	relax	To make something loose	/ɹɪˈlæks/
908	public	Able to be known or seen by everyone; happening without…	/ˈpʌb.lɪk/
909	list	A strip of fabric, especially from the edge of a piece of…	/lɪst/
910	afternoon	The part of the day from noon or lunchtime until sunset,…	/ˌæf.tɚˈnun/
911	brain	The control center of the central nervous system of an…	/ˈbɹeɪ̯n/
912	fix	To attach; to affix; to hold in place or at a particular…	/ˈfɪks/
913	bastard	A mongrel	/ˈbæs.tɚd/
914	proud	Feeling honoured; feeling happy or satisfied about an event…	/ˈpɹaʊ̯d/
915	tea	The tea plant; a variety of this plant	/ti/
916	service	An act of being of assistance to someone	/ˈsɝ.vɪs/
917	screaming	To cry out with a shrill voice; to utter a sudden, sharp…	/ˈskɹiːmɪŋ/
918	forward	At, near or towards the front of something	/ˈfoʊwəɹd/
919	angry	Displaying or feeling anger	/ˈæŋ.ɡɹi/
920	park	A tract of ground kept in its natural state, about or…	[pʰɑɹk]
921	soul	The spirit or essence of a person usually thought to…	/soʊl/
922	fighting	To engage in combat with; to oppose physically, to contest…	/ˈfaɪ.tɪŋ/
923	peter	radiotelephony clear-code word for the letter P	/ˈpitɚ/
924	rich	Wealthy: having a lot of money and possessions	/ˈɹɪt͡ʃ/
925	agent	One who exerts power, or has the power to act	/ˈeɪ̯d͡ʒənt/
926	blow	To produce an air current	/bloʊ/
927	paul	An old Italian silver coin; a paolo	/pɔl/
928	dress	To put clothes on; to clothe	/dɹɛs/
929	mary	Alternative letter-case form of Mary	/ˈmɛɚ.i/
930	missed	To fail to hit, catch, grasp, etc	/mɪst/
931	scene	The location of an event that attracts attention	/siːn/
932	killing	To put to death; to extinguish the life of	/ˈkɪl.ɪŋ/
933	standing	To support oneself on the feet in an erect position	/ˈstændɪŋ/
934	saved	To help to survive, or rescue from harm	/seɪvd/
935	mm	A film with the content rating M	/ˌɛˈmɛm/
936	respect	An attitude of consideration or high regard; a feeling of…	/ɹɪˈspɛkt/
937	killer	One who or that which kills	/ˈkɪlɚ/
938	ice	Water in frozen form	/aɪs/
939	mess	A thing or group of things in a disagreeable, disorganised,…	/mɛs/
940	tough	Of a material, strong and resilient; sturdy	/tʌf/
941	feels	To become aware of through the skin; to use the sense of…	/fiːlz/
942	church	A Christian house of worship; a building where Christian…	/t͡ʃɝt͡ʃ/
943	sad	Feeling sorrow; sorrowful, mournful	/ˈsæd/
944	cell	A single-room dwelling for a hermit	/sɛl/
945	drunk	While drunk	/dɹʌŋk/
946	share	A portion of something, especially a portion given or…	/ʃɛɚ/
947	camera	A device for taking still or moving pictures or photographs	/ˈkæməɹə/
948	mm-hmm	Alternative spelling of mhm	/ˌɛˈmɛmhəm/
949	within	In the inner part, spatially; physically inside	/wɪðˈɪn/
950	card	A playing card	/kɑɹd/
951	fly	Any insect of the order Diptera; characterized by having…	/flaɪ/
952	ben	In, into	/bɛn/
953	girlfriend	A female partner in an unmarried romantic relationship	/ˈɡɝlfɹɛnd/
954	laugh	An expression of mirth particular to the human species; the…	/læf/
955	smell	A sensation, pleasant or unpleasant, detected by inhaling…	/smɛl/
956	broken	To separate into two or more pieces, to fracture or crack,…	/ˈbɹoʊ.kɪn/
957	mum	mother	/mʌm/
958	honest	Honestly; really	/ˈɑ.nɪst/
959	often	Frequently; many times on different occasions	/ˈɔːfən/
960	starting	To set in motion	/ˈstɑɹtɪŋ/
961	calls	A cry or shout	/kɔlz/
962	y	A figure or mark in the shape of the letter Y	/waɪ/
963	spent	To pay out	/spɛnt/
964	third	The ordinal form of the cardinal number three; Coming after…	/θɚd/
965	english	Of or pertaining to England	/ˈɪŋ.ɡlɪʃ/
966	visit	To habitually go to to comfort them	/ˈvɪzɪt/
967	mama	Synonym of mother	/ˈmɑmə/
968	judge	A public official whose duty it is to administer the law,…	/d͡ʒʌd͡ʒ/
969	window	An opening, usually covered by one or more panes of clear…	/ˈwɪndoʊ/
970	hungry	Affected by hunger; having the physical need for food	/ˈhʌŋ.ɡɹi/
971	dare	To have enough courage	/dɛ(ə)ɹ/
972	relationship	A connection or association; the condition of being related	/ɹɪˈleɪʃ(ə)nˌʃɪp/
973	moved	To change place or posture; to go, in any manner, from one…	/muːvd/
974	prove	To demonstrate that something is true or viable; to give…	/ˈpɹuv/
975	private	Belonging or pertaining to an individual person, group of…	[ˈpʰɹaɪ̯vɪt]
976	wall	A rampart of earth, stones etc. built up for defensive…	/woːl/
977	seat	Something to be sat upon	/siːt/
978	position	A place or location	/pəˈzɪʃən/
979	lieutenant	In the US Army, Air Force and Marines, holding the rank…	/l(j)uˈtɛn.ənt/
980	realize	To become aware of, understand, or appreciate	/ˈɹi(.ə)ˌlaɪz/
981	lt	A designation for a trim level within a model of trucks; it…	/ˌɛlˈtiː/
982	especially	In a special manner; specially	/ɪkˈspɛʃ.(ə.)li/
983	machine	A device that directs and controls energy, often in the…	/məˈʃin/
984	walking	To move on the feet by alternately setting each foot…	/ˈwɔ.kɪŋ/
985	art	The conscious production or arrangement of sounds, colours,…	/ɑɹt/
986	pleasure	A state of being pleased or contented; gratification	/ˈplɛʒɚ/
987	bloody	Used to express anger, annoyance, or shock, or for emphasis	/ˈblʌ.di/
988	college	A specialized division of a university	/ˈkɑ.lɪdʒ/
989	french	The people of France; groups of French people	/fɹɛnt͡ʃ/
990	involved	Complicated	/ɪnˈvɑlvd/
991	cry	To shed tears; to weep, especially in anger or sadness	/kɹaɪ/
992	became	begin to be; turn into	/bɪˈkeɪm/
993	lived	To be alive; to have life	/lɪvd/
994	impossible	Not possible; not able to be done or happen	/ɪmˈpɑ.sə.bəl/
995	obviously	In an obvious or clearly apparent manner	/ˈɑ(b).vi(.)əs.li/
996	neither	Not one of two; not either; not one or the other	/ˈnaɪ.ðɚ/
997	accept	To receive, especially with a consent, with favour, or with…	/əkˈsɛpt/
998	boyfriend	A male partner in an unmarried romantic relationship	/ˈbɔɪˌfɹɛnd/
999	besides	In addition to	/bɪˈsaɪdz/
1000	queen	The wife, consort, or widow of a king	/kwiːn/
1001	teacher	A person who teaches, especially one employed in a school;…	/ˈti.t͡ʃɚ/
1002	cops	A police officer or prison guard	/kɑps/
1003	sake	Cause, interest or account	/ˈseɪ̯k/
1004	loves	A deep caring for the existence of another	/lʌvz/
1005	carry	To lift and take it to another place; to transport by…	/ˈkaɹ.ɪj/
1006	teach	To pass on knowledge to	/ˈtiːt͡ʃ/
1007	apartment	A complete domicile occupying only part of a building,…	/əˈpɑɹt.mənt/
1008	upset	Angry, distressed, or unhappy	/ʌpˈsɛt/
1009	green	The color of grass and leaves; a primary additive color…	/ˈɡɹin/
1010	la	Placed at the end of a sentence in imperatives making it…	/lɑː/
1011	liked	To enjoy, be pleased by; favor; be in favor of	/laɪkt/
1012	cute	Possessing physical features, behaviors, personality traits…	/kjuːt/
1013	evil	Intending to harm; malevolent	/ˈiːvəl/
1014	professor	The most senior rank for an academic at a university or…	/pɹəˈfɛs.ɚ/
1015	contact	The act of touching physically; being in close association	/ˈkɑntækt/
1016	joke	An amusing story	/ˈd͡ʒoʊ̯k/
1017	cop	To obtain, to purchase, to get hold of, to take	/kɑp/
1018	huge	Very large	/hjud͡ʒ/
1019	holy	Dedicated to a religious purpose or a god	/ˈhoʊli/
1020	store	A place where items may be accumulated or routinely kept	/stɔɹ/
1021	jail	A place or institution for the confinement of persons held…	/d͡ʒeɪl/
1022	likes	Something that a person likes	/laɪks/
1023	lawyer	A professional person with a graduate law degree that…	/ˈlɔɪ.ɚ/
1024	doubt	To be undecided about; to lack confidence in; to…	/daʊt/
1025	continue	To proceed with; to prolong	/kənˈtɪn.ju/
1026	appreciate	To be grateful or thankful for	/əˈpɹiː.ʃi.eɪt/
1027	cat	A mammal of the family Felidae	/ˈkæt/
1028	shop	An establishment that sells goods or services to the…	/ʃɑp/
1029	driving	To operate	/ˈdɹaɪvɪŋ/
1030	congratulations	Expressing praise and approval, expressing approbation	/kənˌɡɹæt͡ʃəˈleɪʃ(ə)nz/
1031	wrote	To form letters, words or symbols on a surface in order to…	/ɹoʊt/
1032	village	A rural habitation of size between a hamlet and a town	/ˈvɪlɪd͡ʒ/
1033	quit	Released from obligation, penalty, etc; free, clear, or rid	/kwɪt/
1034	field	A land area free of woodland, cities, and towns; an area of…	/ˈfi(ː)ld/
1035	wine	An alcoholic beverage made by fermenting grape juice, with…	/ˈwaɪ̯n/
1036	decision	The act of deciding	/dɪˈsɪʒn̩/
1037	south	Toward the south; southward	/ˈsaʊ̯θ/
1038	sleeping	To rest in a state of reduced consciousness	/ˈsliːpɪŋ/
1039	slow	Slowly	/sloʊ/
1040	laughter	The sound of laughing, produced by air so expelled; any…	/ˈlæftɚ/
1041	island	A contiguous area of land, smaller than a continent,…	/ˈaɪlənd/
1042	glass	An amorphous solid, often transparent substance, usually…	/ɡlæs/
1043	beginning	To start, to initiate or take the first step into something	/bɪˈɡɪn.ɪŋ/
1044	cash	Money in the form of notes or bills and coins, as opposed…	/ˈkæʃ/
1045	dying	To stop living; to become dead; to undergo death	/ˈdaɪ.ɪŋ/
1046	hundred	A numerical value equal to 100, occurring after ninety-nine	/ˈhʌn.dɹəd/
1047	whose	Of whom, belonging to whom; which person's or people's	/huːz/
1048	difference	The quality of being different	/ˈdɪf.(ə.)ɹəns/
1049	plane	Of a surface: flat or level	/pleɪn/
1050	push	To apply a force to such that it moves away from the person…	/pʊʃ/
1051	continues	To proceed with; to prolong	/kənˈtɪn.juz/
1052	mmm	An emotional expression of satisfaction	[m̩ː]
1053	singing	To produce musical or harmonious sounds with one’s voice	/ˈsɪŋɪŋ/
1054	eating	To consume by putting it into the mouth and swallowing it	/ˈi.tɪŋ/
1055	north	Toward the north; northward; northerly	/noɹθ/
1056	mrs	Clipping of MRI	/ˈmɪs.ɪz/
1057	tree	Pronunciation spelling of three	/t͡ʃɹɪj/
1058	madam	A polite form of address for a woman or lady	/ˈmædəm/
1059	gift	Something given to another voluntarily, without charge	/ɡɪft/
1060	truck	A small wheel or roller, specifically the wheel of a gun…	/tɹʌk/
1061	putting	To physically place	[ˈpʰʊɾɪŋ]
1062	bear	A large, generally omnivorous mammal of the family Ursidae;…	/bɛɚ/
1063	board	A relatively long, wide and thin piece of any material,…	/bɔɹd/
1064	grab	To grip suddenly; to seize; to clutch	/ˈɡɹɛəb/
1065	beer	An alcoholic drink fermented from starch material, commonly…	/ˈbɪɚ/
1066	stuck	To cut a piece of wood to be the stick member of a…	/stʌk/
1067	magic	The application of rituals or actions, especially those…	/ˈmæd͡ʒɪk/
1068	support	To help keep from falling	/səˈpoɹt/
1069	rules	A regulation, law, guideline	/ˈɹulz/
1070	grunts	A short snorting sound, often to show disapproval, or used…	/ɡɹʌnts/
1071	partner	Either of a pair of people or things that belong together	/ˈpɑɹt.nɚ/
1072	reach	To extend, stretch, or thrust out	/ɹiːt͡ʃ/
1073	wind	Real or perceived movement of atmospheric air usually…	/ˈwɪnd/
1074	colonel	A commissioned officer in an armed military organization,…	/ˈkɝnəl/
1075	max	at the most; maximum	/mæks/
1076	immediately	In an immediate manner; instantly or without delay	/ɪˈmi.di.ɪt.li/
1077	seconds	Something that is number two in a series	/ˈsɛk.əndz/
1078	thousand	A numerical value equal to 1,000 = 10 × 100 = 10³	/ˈθaʊz(ə)n(d)/
1079	gives	To transfer one's possession or holding of to	/ɡɪvz/
1080	experience	The effect upon the judgment or feelings produced by any…	/ɪkˈspɪɹ.i.əns/
1081	cheers	To gladden; to make cheerful; often with up	/t͡ʃɪɹz/
1082	victim	One that is harmed—killed, injured, subjected to…	/ˈvɪktɪm/
1083	upon	alternative to on in most, though not all, prepositional…	/əˈpɒn/
1084	computer	A programmable electronic device that performs mathematical…	/kəmˈpju.tɚ/
1085	christ	A figure or other artistic depiction of Jesus Christ	/kɹaɪst/
1086	planet	A body which is massive enough to be in hydrostatic…	/ˈplænət/
1087	promised	To commit to, or to assure of such commitment; to make an…	/ˈpɹɑ.mɪst/
1088	bus	A motor vehicle for transporting large numbers of people…	/bʌs/
1089	henry	In the International System of Units, the derived unit of…	/ˈhɛn.ɹi/
1090	dirty	In a dirty manner	/ˈdɝti/
1091	search	An attempt to find something	/sɝt͡ʃ/
1092	staying	To remain in a particular place, especially for a definite…	/ˈsteɪ.ɪŋ/
1093	dreams	Imaginary events seen in the mind while sleeping	/dɹiːmz/
1094	arrest	A check; a stop; an act or instance of arresting something	/əˈɹɛst/
1095	holding	To grasp or grip	[ˈhoʊɫdɪŋ]
1096	suddenly	Happening quickly and with little or no warning; in a…	/ˈsʌd.ən.li/
1097	usually	Most of the time; less than always, but more than…	/ˈjuːʒʊəli/
1098	lots	A great deal; very much	/lɑts/
1099	shoes	A protective covering for the foot, with a bottom part…	/ʃʲuz/
1100	er	Said when hesitating in speech	/ɜɹ/
1101	jump	To propel oneself rapidly upward, downward and/or in any…	/d͡ʒʌmp/
1102	rid	Followed by of: to free from an annoyance or hindrance	/ɹɪd/
1103	yo	Pronunciation spelling of your	/joʊ/
1104	knock	An abrupt rapping sound, as from an impact of a hard object…	/nɑk/
1105	owe	To be under an obligation to give something back to someone…	/oʊ/
1106	harry	To plunder, pillage, assault	/ˈhæɹi/
1107	grow	To become larger, to increase in magnitude	/ˈɡɹoʊ/
1108	worst	In a bad manner	/wɜɹst/
1109	river	A large and often winding stream which drains a land mass,…	/ˈɹɪvɚ/
1110	aunt	The sister or sister-in-law of one’s parent	/ɑːnt/
1111	patient	Willing to wait if necessary; not losing one's temper while…	/ˈpɛjʃənt/
1112	kitchen	A room or area for preparing food	/ˈkɪt͡ʃ(ə)n/
1113	aah	Indication of amazement or surprise or enthusiasm	/ˈɑː/
1114	fat	Carrying more fat than usual on one's body; plump; not lean…	/ˈfæt/
1115	passed	To move or be moved from one place to another	/pæst/
1116	m	A film with the content rating M	/ˈɛm/
1117	final	A final examination; a test or examination given at the end…	/ˈfaɪn(ə)l/
1118	summer	One of four seasons, traditionally the second, marked by…	/ˈsʌmɚ/
1119	bob	To move gently and vertically, in either a single motion or…	/bɑb/
1120	listening	To use one's sense of hearing and auditory cognition in an…	/ˈlɪs.nɪŋ/
1121	escape	To get free; to free oneself	/ɛk-/
1122	everywhere	In or to all locations under discussion	/ˈɛv.ɹi.(h)wɛɹ/
1123	moon	Any natural satellite of a planet	/mun/
1124	arms	To supply with armour or weapons	/ɑɹmz/
1125	turns	To move about an axis through itself	/tɝnz/
1126	address	A manner of speaking or writing to another; language, style	/əˈdɹɛs/
1127	ow	Synonym of ouch	/ˈaʊ/
1128	match	A competitive sporting event such as a boxing meet, a…	/mæt͡ʃ/
1129	gasps	A short, sudden intake of breath	/ˈɡæsps/
1130	grand	Large, senior, intense, extreme, or exceptional	/ˈɡɹænd/
1131	yep	Yes	/jɛp/
1132	shh	Demanding silence	/ʃ̩ː/
1133	nervous	Supplied with nerves; innervated	/ˈnɝvəs/
1134	de	Pronunciation spelling of the	/dɪv/
1135	choose	The binomial coefficient of the previous and following…	/t͡ʃuz/
1136	themselves	The reflexive case of they, the third-person plural…	/ðɛmˈsɛlvz/
1137	decide	To resolve; to choose, determine, or settle	/dɪˈsaɪd/
1138	mate	A fellow, comrade, colleague, partner or someone with whom…	[meɪt]
1139	drinking	To consume through the mouth	/ˈdɹɪŋk.ɪŋ/
1140	press	An instance of applying pressure; an instance of pressing	/pɹɛs/
1141	bother	To annoy, to disturb, to irritate; to be troublesome to, to…	/ˈbɑðɚ/
1142	foot	A biological structure found in many animals that is used…	[fʊt̚]
1143	blame	Censure	/bleɪm/
1144	crap	Something worthless or of poor quality; junk	/kɹæp/
1145	drugs	A substance used to treat an illness, relieve a symptom, or…	/dɹʌɡz/
1146	type	A grouping based on shared characteristics; a class	/taɪp/
1147	rings	A circumscribing object, circular and hollow, looking like…	/ɹɪŋz/
1148	mission	A set of tasks that fulfills a purpose or duty; an…	/ˈmɪʃ.ən/
1149	named	To give a name to	/neɪmd/
1150	heaven	The abode of God and of the angels and saints in His…	/ˈhɛvən/
1151	picked	To grasp and pull with the fingers or fingernails	/pɪkt/
1152	paris	Alternative form of peri	/ˈpæɹɪs/
1153	race	A contest between people, animals, vehicles, etc. where the…	/ɹeɪs/
1154	risk	The probability of a negative outcome to a decision or event	/ɹɪsk/
1155	books	A collection of sheets of paper bound together to hinge at…	/bʊks/
1156	further	To, at or over a greater distance in space, time or other…	/ˈfɝ.ðɚ/
1157	action	The effort of performing or doing something	/ˈækʃən/
1158	allowed	To let one have as a suitable share of something	/əˈlaʊd/
1159	orders	Arrangement, disposition, or sequence	/ˈoɹ.dɚz/
1160	learned	Having much learning, knowledgeable, erudite; highly…	/ˈlɝnɪd/
1161	price	The cost required to gain possession of something	/ˈpɹaɪ̯s/
1162	arrived	To reach; to get to a certain place	/əˈɹaɪvd/
1163	nick	A small deflection of the ball off the edge of the bat,…	/nɪk/
1164	otherwise	Differently, in another way	/ˈʌð.ɚˌwaɪz/
1165	pictures	A representation of anything upon canvas, paper, or other…	/ˈpɪk.(t)ʃɚz/
1166	fit	Suitable; proper	/fɪt/
1167	smoke	The visible vapor/vapour, gases, and fine particles given…	/smoʊk/
1168	favor	A kind or helpful deed; an instance of voluntarily assisting	/ˈfeɪ.vɚ/
1169	played	To act in a manner such that one has fun; to engage in…	/pleɪd/
1170	notice	The act of observing; perception	/ˈnoʊ.tɪs/
1171	awesome	Causing awe or terror; inspiring wonder or excitement	/ˈɔːsəm/
1172	smile	A facial expression comprised by flexing the muscles of…	/ˈsmaɪl/
1173	director	One who directs; the person in charge of managing a…	/dɪˈɹɛk.tɚ/
1174	guard	A person who, or thing that, protects or watches over…	/ɡɑɹd/
1175	begin	To start, to initiate or take the first step into something	/bɪˈɡɪn/
1176	spot	A round or irregular patch on the surface of a thing having…	/spɑt/
1177	surprised	To cause to feel unusually alarmed or delighted by…	/sɚˈpɹaɪzd/
1178	innocent	Free from guilt, sin, or immorality	/ˈɪnəsənt/
1179	narrator	One who narrates or tells stories	/ˈnæˌɹeɪ.təɹ/
1180	herself	Her; the female object of a verb or preposition that also…	/hɝˈsɛlf/
1181	feelings	Sensation, particularly through the skin	/ˈfi.lɪŋz/
1182	enemy	Someone who is hostile to, feels hatred towards, opposes…	/ˈɛnəmi/
1183	battle	A contest, a struggle	/ˈbætl̩/
1184	ourselves	Us; the group including the speaker as the object of a verb…	/aʊɚˈsɛlvz/
1185	dollars	Official designation for currency in some parts of the…	/ˈdɑ.lɚz/
1186	allow	To let one have as a suitable share of something	/əˈlaʊ/
1187	nine	A numerical value equal to 9; the number following eight…	/naɪn/
1188	gay	Considerably, very	/ɡeɪ/
1189	department	A part, portion, or subdivision	/dɪˈpɑɹtmənt/
1190	guilty	Responsible for a dishonest act	/ˈɡɪl.ti/
1191	apart	Placed separately	/əˈpɑɹt/
1192	earlier	previously; before now; sooner	/ˈɝliɚ/
1193	duty	That which one is morally or legally obligated to do	/ˈdjuː.ti/
1194	jim	To jimmy; to mess up or mess with	/ˈdʒɪm/
1195	suit	A set of clothes to be worn together, now especially a…	/sut/
1196	bell	A percussive instrument made of metal or other hard…	/bɛl/
1197	west	Towards the west; westwards	/wɛst/
1198	legs	A limb or appendage that an animal uses for support or…	/lɛɡz/
1199	hero	Somebody who possesses great bravery and carries out…	/ˈhɪɹ.oʊ/
1200	destroy	To damage beyond use or repair; to damage to the point that…	/dɪˈstɹɔɪ/
1201	stage	A phase	/steɪd͡ʒ/
1202	bunch	A group of similar things, either growing together, or in a…	/bʌnt͡ʃ/
1203	according	Agreeing; in agreement or harmony; harmonious	/əˈkɔɹ.dɪŋ/
1204	chicken	A domesticated subspecies of red junglefowl	/ˈt͡ʃɪkɪn/
1205	bigger	Of great size, large	/ˈbɪɡɚ/
1206	grunting	A sound of grunts	/ˈɡɹʌntɪŋ/
1207	low	Close to the ground	/laʊ/
1208	helping	To provide assistance to	/ˈhɛlpɪŋ/
1209	admit	To allow to enter; to grant entrance, whether into a place,…	/ədˈmɪt/
1210	closed	To move a thing, or part of a thing, nearer to another so…	/kloʊzd/
1211	names	Any nounal word or phrase which indicates a particular…	/neɪmz/
1212	witness	Attestation of a fact or event; testimony	/ˈwɪt.nɪs/
1213	upstairs	Up the stairs; on or to a higher floor or level	/ˌʌpˈstɛɹz/
1214	arm	The portion of the upper human appendage, from the shoulder…	/ɑɹm/
1215	steal	To take illegally, or without the owner's permission,…	/stiːl/
1216	jimmy	Shortened form of Jimmy Riddle, a piddle, a piss	/ˈd͡ʒɪmi/
1217	kick	To strike or hit with the foot or other extremity of the leg	/kɪk/
1218	twice	Two times	/twaɪs/
1219	cross	The cross product of the previous vector and the following…	/kɹɔs/
1220	ways	A road, a direction, a path from one place to another	/weɪz/
1221	sergeant	A UK army rank with NATO code OR-6, senior to corporal and…	/ˈsɑɹ.d͡ʒənt/
1222	indeed	Synonym of actually or truly	/ɪnˈdid/
1223	gas	Matter in an intermediate state between liquid and plasma…	/ɡæs/
1224	keeping	To continue in; to not intermit or fall from; to uphold or…	/ˈkiːpɪŋ/
1225	energy	The impetus behind all motion and all activity	/ˈɛnɚd͡ʒi/
1226	pregnant	Carrying developing offspring within the body	/ˈpɹɛɡnənt/
1227	waste	Excess of material, useless by-products, or damaged,…	/ˈweɪ̯st/
1228	helped	To provide assistance to	/hɛlpt/
1229	fired	To set on fire	/ˈfaɪ̯ɚd/
1230	favorite	Canada, US standard spelling of favourite	/ˈfeɪv.ɹɪt/
1231	tony	Any of the statuettes awarded by the American Theatre Wing	/ˈtoʊni/
1232	taste	One of the sensations produced by the tongue in response to…	/teɪst/
1233	locked	To become fastened in place	/lɑkt/
1234	places	An open space, particularly a city square, market square,…	/ˈpleɪsɪz/
1235	writing	To form letters, words or symbols on a surface in order to…	/ˈɹaɪtɪŋ/
1236	adam	The day or night before an eve; two days or nights before a…	/ˈæd.əm/
1237	brothers	Son of the same parents as another person	/ˈbɹʌðɚz/
1238	starts	To set in motion	/ˈstɑːɹts/
1239	prince	Someone who is preeminent in their field; a great person	/pɹɪns/
1240	form	The shape or visible structure of a thing or person	/fɔɹm/
1241	sold	To transfer goods or provide services in exchange for money	/soʊld/
1242	silly	Sillily: in a silly manner	/ˈsɪl.i/
1243	mention	A speaking or noticing of anything, usually in a brief or…	/ˈmɛnʃən/
1244	build	To form by combining materials or parts	/bɪld/
1245	throat	The front part of the neck	/ˈθɹoʊt/
1246	hole	A hollow place or cavity; an excavation; a pit; a dent; a…	/hoʊl/
1247	figured	To calculate, to solve a mathematical problem	/ˈfɪɡəd/
1248	track	A mark left by something that has passed along	/ˈtɹæk/
1249	ringing	To enclose or surround	/ˈɹɪŋɪŋ/
1250	lock	Something used for fastening, which can only be opened with…	/lɑk/
1251	leg	A limb or appendage that an animal uses for support or…	/lɛɡ/
1252	above	Physically over; on top of; worn on top of, said of clothing	/əˈbʌv/
1253	hiding	To put in a place where it will be out of sight or harder…	/ˈhaɪdɪŋ/
1254	steve	To pack or stow, as cargo in a ship's hold	/stiːv/
1255	seemed	To appear; to look outwardly; to be perceived as	/sɪjmd/
1256	breakfast	The first meal of the day, usually eaten in the morning	/ˈbɹeɪkˌfæst/
1257	engine	A large construction used in warfare, such as a battering…	/ˈɛnd͡ʒɪn/
1258	written	To form letters, words or symbols on a surface in order to…	/ˈɹɪ.tn̩/
1259	complete	To finish; to make done; to reach the end	/kəmˈpliːt/
1260	video	Transient visual content or media, processed with…	/ˈvɪd.i.oʊ/
1261	applause	The act of applauding; approbation and praise publicly…	/əˈplɔːz/
1262	however	Nevertheless; yet, still; in spite of that	/haʊˈɛvɚ/
1263	pressure	A pressing; a force applied to a surface	/ˈpɹɛʃɚ/
1264	fresh	Recently; just recently; most recently	/fɹɛʃ/
1265	weapon	An instrument of attack or defense in combat or hunting,…	/ˈwɛp.ən/
1266	sky	The atmosphere above a given point, especially as visible…	/skaɪ/
1267	stole	To take illegally, or without the owner's permission,…	/stoʊl/
1268	study	To review materials already learned in order to make sure…	/ˈstʌd.i/
1269	burn	A physical injury caused by heat, cold, electricity,…	/bɝn/
1270	reading	To look at and interpret letters or other information that…	/ˈɹiːdɪŋ/
1271	crowd	To press forward; to advance by pushing	/ˈkɹaʊ̯d/
1272	treat	To negotiate, discuss terms, bargain	/tɹiːt/
1273	roll	To revolve by turning over and over; to move by turning on…	/ɹoʊl/
1274	double	Twice over; twofold; doubly	/ˈdʌb.əl/
1275	spirit	The soul of a person or other creature	/ˈspɪɹɪt/
1276	danger	Exposure to likely harm; risk of death or serious injury	/ˈdeɪn.d͡ʒɚ/
1277	cost	To incur a charge of; to require payment of a price	/kɔst/
1278	empty	Devoid of content; containing nothing or nobody; vacant	/ˈɛm(p).ti/
1279	level	The same height at all places; parallel to a flat ground	/ˈlɛvəl/
1280	memory	The ability of the brain to record information or…	/ˈmɛm.ə.ɹi/
1281	itself	it; A thing as the object of a verb or preposition that…	/ɪtˈsɛlf/
1282	acting	To do something	/ˈæk.tɪŋ/
1283	interest	The price paid for obtaining, or price received for…	/ˈɪn.tɹɛst/
1284	nose	A protuberance on the face housing the nostrils, which are…	[noʊ̯z]
1285	plans	To design	/plænz/
1286	following	After, subsequent to	/ˈfɑloʊɪŋ/
1287	bathroom	A room containing a shower or bathtub, and a toilet	/ˈbæθɹʊm/
1288	built	To form by combining materials or parts	/ˈbɪlt/
1289	closer	Within a shorter distance	/ˈkloʊ.sɚ/
1290	ray	A beam of light or radiation	/ɹeɪ/
1291	band	A strip of material wrapped around things to hold them…	/bænd/
1292	groans	A low, mournful sound uttered in pain or grief	/ɡɹoʊnz/
1293	apparently	Seemingly; in appearance	/əˈpæɹəntli/
1294	excited	Having great enthusiasm, passion and energy	/ɪkˈsaɪ.tɪd/
1295	richard	A turd	/ˈɹɪt͡ʃ.ɚd/
1296	losing	To cease to have in one's possession or capability	/ˈluzɪŋ/
1297	animals	A multicellular organism of the kingdom Animalia that is…	/ˈæn.ɪ.məlz/
1298	flight	The act of flying; the ability to fly	/ˈflaɪ̯t/
1299	nature	The way things are, the totality of all things in the…	/ˈneɪ̯.t͡ʃəɹ/
1300	raise	To cause to rise; to lift or elevate	/ɹeɪz/
1301	pop	A loud, sharp sound, as of a cork coming out of a bottle,…	/pɑp/
1302	client	A customer, a buyer or receiver of goods or services	/ˈklaɪ.ənt/
1303	bomb	An explosive device used or intended as a weapon,…	/bɑm/
1304	neck	The part of the body connecting the head and the trunk…	/ˈnɛk/
1305	suspect	To imagine or suppose to be true, or to exist, without proof	/səˈspɛkt/
1306	warm	Of a somewhat high temperature, often but not always…	/wɔɹm/
1307	extra	To an extraordinary degree	/ˈɛkstɹə/
1308	bottle	A container, typically made of glass or plastic and having…	/ˈbɑtəl/
1309	van	A covered motor vehicle used to carry goods or persons,…	/væn/
1310	heavy	In a heavy manner; weightily; heavily; gravely	/ˈhɛv.i/
1311	mommy	Mother	/ˈmɒm.i/
1312	dogs	The species Canis familiaris, domesticated for thousands of…	/dɔɡz/
1313	wild	Inaccurately; not on target	/ˈwaɪ̯ld/
1314	ridiculous	Deserving of ridicule; foolish, absurd	/ɹɪˈdɪk.jə.ləs/
1315	simply	In a simple way or state; considered in or by itself;…	/ˈsɪmpli/
1316	lee	A protected cove or harbor, out of the wind	/liː/
1317	animal	A multicellular organism of the kingdom Animalia that is…	/ˈænəməl/
1318	showed	To display, convey or exhibit; to have something available…	/ˈʃoʊd/
1319	billy	A fellow, companion, comrade, mate; partner, brother	/ˈbɪli/
1320	shooting	To fire	/ˈʃuːtɪŋ/
1321	keeps	The food or money required to keep someone alive and…	/kiːps/
1322	camp	An outdoor place acting as temporary accommodation in tents…	/ˈkeə̯mp/
1323	guns	A device for shooting projectiles or ditto, functioning…	/ɡʌnz/
1324	medical	Of or pertaining to the practice of medicine	/ˈmɛdɪkl̩/
1325	shame	An uncomfortable or painful feeling due to recognition or…	/ˈʃeɪ̯m/
1326	hoping	To want to happen, with a sense of expectation that it might	/ˈhoʊpɪŋ/
1327	whom	As the object of a verb	/hum/
1328	bird	An animal of the clade Aves in the phylum Chordata,…	/ˈbɝd/
1329	majesty	a term of address for royalty and imperiality	/ˈmæd͡ʒ.əs.ti/
1330	flowers	A colorful, conspicuous structure associated with…	/ˈflaʊ.ɚz/
1331	famous	Well known	/ˈfeɪ.məs/
1332	asleep	In a state of sleep; also, broadly, resting	/əˈsliːp/
1333	beauty	The quality of being attractive, pleasing, fine or…	/ˈbjuti/
1334	driver	One who drives something	/ˈdɹaɪvɚ/
1335	keys	An object designed to open and close a lock or to activate…	/kiːz/
1336	rain	Condensed water falling from a cloud	/ɹeɪn/
1337	awful	Awfully; dreadfully; terribly	/ˈoːfəl/
1338	large	Before the wind	/lɑɹd͡ʒ/
1339	local	In the local area; within a city, state, country, etc	/ˈloʊ.kl̩/
1340	deserve	To be entitled to, as a result of past actions; to be…	/dɪˈzɝv/
1341	goddamn	An expression of anger, surprise, intense excitement or…	/ˈɡɒd.dæm/
1342	stone	As a stone	/stoʊ̯n/
1343	jane	used as a placeholder name for any woman, especially a…	/d͡ʒeɪn/
1344	grace	Charming, pleasing qualities	/ɡɹeɪs/
1345	consider	To think about seriously	/kənˈsɪd.əɹ/
1346	weekend	The break in the working week, usually two days including…	/ˈwiˌkɛnd/
1347	wondering	To be affected with surprise or admiration; to be struck…	/ˈwʌndəɹɪŋ/
1348	lay	To rest in a horizontal position on a surface	/leɪ/
1349	plenty	More than enough	/ˈplɛnti/
1350	willing	To be able to, to have the capacity to	/ˈwɪlɪŋ/
1351	pants	An outer garment that covers the body from the waist…	/pænts/
1352	sweetheart	A person who is always very kind	/ˈswiːtˌhɑːt/
1353	skin	The outer protective layer of the body of any animal,…	/skɪn/
1354	excellent	Having excelled, having surpassed	/ˈɛk.sə.lənt/
1355	asshole	The anus	/æshoʊl/
1356	beach	A female dog or other canine, particularly a recent mother	/biːt͡ʃ/
1357	c	The middle tone in either one of the sets of seven white…	/ˈsiː/
1358	faith	A trust or confidence in the intentions or abilities of a…	/feɪθ/
1359	beg	To request the help of someone, often in the form of money	/ˈbɛɡ/
1360	fuckin	Pronunciation spelling of fucking	/ˈfʌkɪn/
1361	responsible	Having the duty of taking care of something; answerable for…	/ɹɪˈspɑn.sə.bəl/
1362	military	Characteristic of members of the armed forces	/ˈmɪlɪtɛɹi/
1363	cheering	To gladden; to make cheerful; often with up	/ˈt͡ʃɪɹɪŋ/
1364	opportunity	A chance for advancement, progress or profit	/ˌɑ.pɚˈt(j)u.nə.ti/
1365	common	Mutual; shared by more than one	/ˈkɑmən/
1366	bottom	The lowest part of anything	/ˈbɑ.təm/
1367	german	A native or inhabitant of Germany; a person of German…	/ˈd͡ʒɝ.mən/
1368	whoever	Who ever: an emphatic form of who	/huˈɛvɚ/
1369	cook	A person who prepares food	/kʊk/
1370	walked	To move on the feet by alternately setting each foot…	/wɔkt/
1371	papers	A sheet material typically used for writing on or printing…	/ˈpeɪpɚz/
1372	justice	The state or characteristic of being just or fair	/ˈd͡ʒʌs.tɪs/
1373	hall	A corridor; a hallway	/hɔːl/
1374	commander	One who exercises control and direction of a military or…	/kəˈmændɚ/
1375	drug	A substance used to treat an illness, relieve a symptom, or…	/ˈdɹʌɡ/
1376	main	Of chief or leading importance; prime, principal	/meɪn/
1377	knife	A utensil or a tool designed for cutting, consisting of a…	/ˈnaɪ̯f/
1378	devil	An evil creature, the objectification of a hostile and…	/ˈdɛvəl/
1379	necessary	Required, essential, whether logically inescapable or…	/ˈnɛs.əˌsɛ.ɹi/
1380	although	Though, even though, in spite of or despite the fact that:…	/ɑlˈðoʊ/
1381	princess	A female member of a royal family other than a queen,…	/ˈpɹɪnsɛs/
1382	lights	Electromagnetic radiation in the wavelength range visible…	/laɪts/
1383	flying	To travel through the air, another gas, or a vacuum,…	/ˈflaɪ.ɪŋ/
1384	dick	Ten, in Cumbrian sheep counting	/dɪk/
1385	rose	To move upwards	/ɹoʊz/
1386	knowing	Given my knowledge about someone or something	/ˈnoʊɪŋ/
1387	clearly	In a clear manner	/ˈklɪɚli/
1388	hat	A covering for the head, often in the approximate form of a…	/hæ̞ʔ/
1389	agreed	To be in harmony about an opinion, statement, or action; to…	/əˈɡɹid/
1390	johnny	A jack	/ˈd͡ʒɑn.i/
1391	corner	The point where two converging lines meet; an angle, either…	/ˈkɔɹnɚ/
1392	code	A short textual designation, often with little relation to…	/koʊd/
1393	note	A mark or token by which a thing may be known; a visible…	/noʊ̯t/
1394	tommy	Ellipsis of Tommy Atkins, a typical private in the British…	/ˈtɑmi/
1395	due	Directly; exactly	/dju/
1396	correct	Correctly	/kəˈɹɛkt/
1397	apologize	To make an apology or excuse; to acknowledge some fault or…	/əˈpɑləˌd͡ʒaɪz/
1398	language	A body of words, and set of methods of combining them,…	/ˈlæŋ.ɡwɪd͡ʒ/
1399	stars	Any small, natural and bright dot in the sky, most visible…	/stɑɹz/
1400	faster	Firm against attack; fortified by nature or art;…	/ˈfæstɚ/
1401	cars	A wheeled vehicle that moves independently, with at least…	/ˈkɑɹz/
1402	folks	The members of one's immediate family, especially one's…	/foʊlks/
1403	bullshit	Feces produced by a bull	/ˈbʊɫʃɪt/
1404	fellow	A companion; a comrade	/ˈfɛ.loʊ/
1405	several	Consisting of a number more than one but not very many	/ˈsɛv.(ə.)ɹəl/
1406	grandma	Grandmother	/ˈɡɹænmɑː/
1407	shows	A play, dance, or other entertainment	/ʃoʊz/
1408	leader	Any person who leads or directs	/ˈli.dɚ/
1409	leaves	The action of the batsman not attempting to play at the ball	/ˈliːvz/
1410	restaurant	An eating establishment in which diners are served food,…	/ˈɹɛst(ə)ˌɹɑnt/
1411	east	Towards the east; eastwards	/ɪjst/
1412	shouting	To utter a sudden and loud cry, as in joy, triumph,…	/ˈʃaʊtɪŋ/
1413	blind	Without seeing; unseeingly	/ˈblaɪ̯nd/
1414	ghost	A disembodied soul; a soul or spirit of a deceased person;…	/ɡoʊst/
1415	cup	A concave vessel for drinking, usually made of opaque…	/ˈkʌp/
1416	gotten	Obtained, acquired	/ˈɡɑ.tən/
1417	tight	Firmly, so as not to come loose easily	/taɪt/
1418	conversation	Expression and exchange of individual ideas through talking…	/ˌkɑn.vəɹˈseɪ.ʃən/
1419	tells	To determine the number, amount, or value of	/tɛlz/
1420	lies	The terrain and conditions surrounding the ball before it…	/laɪz/
1421	nor	And... not	/nɔɹ/
1422	pulled	To apply a force to so that it comes toward the person or…	/pʊld/
1423	hanging	To be or remain suspended	/-iŋ/
1424	speed	The state of moving quickly or the capacity for rapid motion	/spiːd/
1425	stories	An account of real or fictional events	/ˈstɔɹ.iz/
1426	health	The state of being free from physical or psychological…	/ˈhɛlθ/
1427	advice	An opinion offered to guide behavior in an effort to be…	/ədˈvaɪs/
1428	held	To grasp or grip	/ˈhɛld/
1429	uh-huh	Yes; yeah	/ʌˈhʌ/
1430	murdered	To illegally kill with intent, especially with…	/ˈmɝ.dɚd/
1431	beyond	Further away than	/biˈ(j)ɑnd/
1432	rule	A regulation, law, guideline	/ɹul/
1433	hardly	Barely, only just, almost not	/ˈhɑɹdli/
1434	possibly	Perhaps; indicates that the proposition may be true…	/ˈpɒs.ə.bli/
1435	inspector	A person employed to inspect something	/ɪnˈspɛk.tɚ/
1436	cousin	Chiefly with a qualifying word: Any relation who is not a…	/ˈkʌz(ə)n/
1437	trial	An occasion on which a person or thing is tested to find…	/ˈtɹaɪəl/
1438	emergency	A situation which poses an immediate risk and which…	/ɪˈmɝ.d͡ʒən.si/
1439	ought	To be under an obligation to give something back to someone…	/ɑt/
1440	eddie	A member of the Loyal Edmonton Regiment	/ˈɛdi/
1441	somehow	In one way or another; in a way not yet known or explained;…	/ˈsʌmhaʊ/
1442	hearing	To perceive sounds through the ear	/ˈhɪɹ.ɪŋ/
1443	states	A condition; a set of circumstances applying at any given…	/steɪts/
1444	account	A registry of pecuniary transactions; a written or printed…	/əˈkaʊnt/
1445	spoke	To communicate with one's voice, to say words out loud	/spoʊk/
1446	file	A collection of papers collated and archived together	/faɪl/
1447	understood	To know the meaning of; to parse or have parsed correctly;…	/ʌndɚˈstʊd/
1448	angel	An incorporeal and holy or semidivine messenger from a…	/ˈeɪ̯n.d͡ʒəl/
1449	tape	Flexible material in a roll with a sticky surface on one or…	/teɪ̯p/
1450	milk	A white liquid produced by the mammary glands of female…	/mɛlk/
1451	powerful	Having, or capable of exerting, power or influence	/ˈpaʊɚfl̩/
1452	weapons	An instrument of attack or defense in combat or hunting,…	/ˈwɛpənz/
1453	practice	Repetition of an activity to improve a skill	/ˈpɹæktɪs/
1454	manager	A person whose job is to manage something, such as a…	/ˈmæn.ə.dʒəɹ/
1455	pardon	Forgiveness for an offence	/ˈpɑɹdn̩/
1456	vote	A formalized choice on legally relevant measures such as…	/voʊt/
1457	jake	Synonym of OK: adequate, satisfactory, acceptable	/dʒeɪk/
1458	national	Pertaining to a nation or country, especially as a whole;…	/ˈnæʃ.ə.nəl/
1459	career	One’s calling in life; one's working occupation or…	/kəˈɹɪɹ/
1460	minister	A person who is trained to preach, to perform religious…	/ˈmɪn.əˌstɚ/
1461	super	Very; extremely	/ˈsupɚ/
1462	taught	To pass on knowledge to	/tɔːt/
1463	biggest	Of great size, large	/ˈbɪɡ.ɪst/
1464	plays	Activity for amusement only, especially among the young	/pleɪz/
1465	natural	Existing in the nature of a person or thing; innate, not…	/ˈnæt͡ʃ.(ə.)ɹəl/
1466	dancing	To move with rhythmic steps or movements, especially in…	/ˈdæns.ɪŋ/
1467	copy	The result of copying; an identical or nearly identical…	/ˈkɑpi/
1468	plus	And; sum of the previous one and the following one	/ˈplʌs/
1469	martin	Many of the various passerine birds of the family…	/ˈmɑɹ.tɪn/
1470	cake	A rich, sweet dessert food, typically made of flour, sugar,…	/keɪk/
1471	freedom	The state of being free	/ˈfɹi.dəm/
1472	among	Of a person or thing: in the midst of and surrounded by	/əˈmʌŋ/
1473	breath	The act or process of breathing	/bɹɛθ/
1474	operation	The method by which a device performs its function	/ˌɒp.əˈɹeɪ.ʃən/
1475	crew	A group of people manning and operating a large facility or…	/kɹu/
1476	challenge	An antagonization or instigation intended to convince a…	/ˈt͡ʃæl.ɪnd͡ʒ/
1477	market	A gathering of people for the purchase and sale of…	/ˈmɑɹkɪt/
1478	meat	The flesh of a killed animal used as food	/mit/
1479	towards	In the direction of something	/tʊˈwɔɹdz/
1480	bringing	To transport toward somebody/somewhere	/ˈbɹɪŋɪŋ/
1481	dropped	Of a liquid: to fall in drops or droplets	/dɹɑpt/
1482	student	A person who studies or learns about a particular subject	/ˈstjuː.dn̩t/
1483	lied	To rest in a horizontal position on a surface	/liːd/
1484	strength	The quality or degree of being strong	/ˈstɹeɪŋθ/
1485	size	The dimensions or magnitude of a thing; how big something is	/saɪz/
1486	breathe	To draw air into, and expel air from, the lungs in order to…	/bɹið/
1487	color	The spectral composition of visible light	/ˈkʌl.ɚ/
1488	monster	A terrifying and dangerous creature, especially one of an…	/ˈmɑnstɚ/
1489	loud	Loudly	/ˈlaʊ̯d/
1490	photo	A photograph	/ˈfəʊ̯.təʊ̯/
1491	aw	An instance of aw	/ɔː/
1492	nearly	In close approximation; almost, virtually	/ˈnɪɹli/
1493	sight	The ability to see	/saɪt/
1494	greatest	Taking much space; large	/ˈɡɹeɪ.tɪst/
1495	games	A playful activity that may be unstructured; an amusement…	/ɡeɪmz/
1496	bridge	A construction spanning a waterway, ravine, or valley from…	/bɹɪd͡ʒ/
1497	dressed	To put clothes on; to clothe	/ˈdɹɛst/
1498	arrested	To stop or slow	/əˈɹɛstɪd/
1499	horrible	A thing that causes horror; a terrifying thing,…	/ˈhɔɹ.ɪ.bəl/
1500	coach	Via the part of a commercial passenger airplane or train…	/koʊt͡ʃ/
1501	planning	To design	/ˈplænɪŋ/
1502	checked	To inspect; to examine	/t͡ʃɛkt/
1503	breaking	To separate into two or more pieces, to fracture or crack,…	/ˈbɹeɪkɪŋ/
1504	noticed	To become aware of; to observe	/ˈnoʊ.tɪst/
1505	fantastic	Wonderful; marvelous; excellent; extraordinarily good or…	/fænˈtæs.tɪk/
1506	screams	A loud, emphatic, exclamation of extreme emotion,…	/ˈskɹiːmz/
1507	serve	An act of putting the ball or shuttlecock in play in…	/sɝv/
1508	ideas	An abstract archetype of a given thing, compared to which…	/aɪ̯ˈdi.əz/
1509	investigation	The act of investigating; the process of inquiring into or…	/ɪnˌvɛs.tɪˈɡeɪ.ʃən/
1510	center	The point in the interior of a circle that is equidistant…	/ˈsɛn.təː/
1511	older	Of an object, concept, relationship, etc., having existed…	/ˈoʊldɚ/
1512	pack	A bundle made up and prepared to be carried; especially, a…	/pæk/
1513	soldiers	A member of a ground-based army, of any rank, but…	/ˈsoʊld͡ʒɚz/
1514	nonsense	Letters or words, in writing or speech, that have no…	/ˈnɑn.sɛns/
1515	doc	A doctor	/dɑk/
1516	project	A planned endeavor, usually with a specific goal and…	/pɹəˈd͡ʒɛkt/
1517	training	To practice an ability	/ˈtɹeɪnɪŋ/
1518	example	Something that is representative of all such things in a…	/ɪɡˈzæm.pəl/
1519	trick	Something designed to fool, dupe, outsmart, mislead or…	/ˈtɹɪk/
1520	prepared	To make ready for a specific future purpose; to set up; to…	/pɹɪˈpɛɹd/
1521	science	A particular discipline or branch of knowledge that is…	/ˈsaɪ.əns/
1522	united	Joined into a single entity	/juˈnaɪtɪd/
1523	travel	To be on a journey, often for pleasure or business and with…	/ˈtɹævəl/
1524	incredible	Too implausible to be credible; beyond belief	/ɪŋˈkɹɛdəbəl/
1525	grandpa	grandfather	/ˈɡɹæm.pɑː/
1526	paying	To give money or other compensation to in exchange for…	/ˈpeɪ.ɪŋ/
1527	character	A being involved in the action of a story; a persona	/ˈkæ.ɹɪk.tə/
1528	teeth	Unpleasant oral sex	/ˈtiθ/
1529	criminal	Against the law; forbidden by law	/ˈkɹɪm.ə.nəl/
1530	chinese	Of, from, or related to China, particularly now the…	/ˌt͡ʃaɪˈniz/
1531	truly	In accordance with the facts; truthfully, accurately	/ˈtɹuːli/
1532	honestly	In an honest manner	/ˈɒn.ɪst.li/
1533	bro	Brother	/ˈbɹoʊ̯/
1534	survive	Of a person, to continue to live; to remain alive	/sɚˈvaɪv/
1535	bobby	A police officer	/ˈbɑbi/
1536	target	A butt or mark to shoot at, as for practice, or to test the…	/ˈtɑɹ.ɡɪt/
1537	feed	To give food to eat	/fiːd/
1538	nurse	Anyone performing this role, regardless of training or…	/nɝs/
1539	e	The second semiquaver of a beat	/ˈiː/
1540	fake	Not real; false, fraudulent	/feɪ̯k/
1541	records	An item of information put into a temporary or permanent…	/ˈɹɛkɚdz/
1542	breathing	To draw air into, and expel air from, the lungs in order to…	/ˈbɹiðɪŋ/
1543	sweetie	A person who is much loved	/ˈswi.ti/
1544	numbers	Quantity of countable things	/ˈnʌmbɚz/
1545	oil	Liquid fat	/ɔɪl/
1546	suicide	The act of intentionally killing oneself	/ˈsuɪˌsaɪd/
1547	belong	Of, belonging to	/bɪˈlɒŋ/
1548	whoo	An expression of joy and excitement	/wuː/
1549	perfectly	With perfection	/ˈpɝ.fɪk(t).li/
1550	forgotten	To lose remembrance of	/fɚˈɡɑ.tn̩/
1551	remain	That which is left; relic; remainder	/ɹɪˈmeɪn/
1552	original	Relating to the origin or beginning; preceding all others	/ɚˈɹɪdʒɪnəl/
1553	papa	Dad, daddy, father; a familiar or old-fashioned term of…	/ˈpɑːpə/
1554	onto	Arriving upon or on top of	/ˈɑn.tu/
1555	concerned	To relate or belong to; to have reference to or connection…	/kənˈsɝnd/
1556	credit	To believe; to put credence in	/ˈkɹɛdɪt/
1557	ugh	Used to express repugnance, disgust, or annoyance	/ʌɣ/
1558	invited	To ask for the presence or participation of someone or…	/ɪnˈvaɪtɪd/
1559	discuss	To converse or debate concerning a particular topic	/dɪˈskʌs/
1560	research	To search or examine with continued care; to seek diligently	/ˈɹiˌsɝt͡ʃ/
1561	easier	more easily	/ˈi.zi.ɚ/
1562	view	The act of seeing or looking at something	/vjuː/
1563	chair	An item of furniture used to sit on or in, comprising a…	/t͡ʃɛɚ/
1564	hurts	To cause physical pain and/or injury	/hɝts/
1565	strike	To delete or cross out; to scratch or eliminate	/stɹaɪk/
1566	roger	Received	/ˈɹɑd͡ʒɚ/
1567	fill	To add contents to so that it is full	/fɪl/
1568	condition	A state or quality	/kənˈdɪʃ(ə)n/
1569	mountain	An elevation of land of considerable dimensions rising more…	/ˈmaʊn.t(ə)n/
1570	dr	Doctor, a title used before a doctor's name or surname	/ˈdɑːktɚ/
1571	nowhere	In no place	/ˈnoʊ.(h)wɛɹ/
1572	sheriff	An official of a shire or county office, responsible for…	/ˈʃɛɹɪf/
1573	kim	Alternative form of gim	/ˈkɪm/
1574	turning	To move about an axis through itself	/ˈtɝ.nɪŋ/
1575	brown	A colour like that of chocolate or coffee	/ˈbɹaʊ̯n/
1576	recognize	To match to a memory of some previous encounter with the…	/ˈɹɛk.ən.aɪz/
1577	heads	The part of the body of an animal or human which contains…	/hɛdz/
1578	audience	A group of people within hearing; specifically, a large…	/ˈoːdɪjəns/
1579	jealous	Suspecting rivalry in love; troubled by worries that one…	/ˈd͡ʒɛl.əs/
1580	pretend	To speak or behave so as to give a false or simulated…	/pɹəˈtɛnd/
1581	society	A long-standing group of people sharing cultural aspects…	/səˈsaɪ.ə.ti/
1582	finding	To encounter or discover by accident; to happen upon	/ˈfaɪndɪŋ/
1583	shirt	An article of clothing that is worn on the upper part of…	/ʃɜɹt/
1584	comfortable	Providing physical comfort and ease; agreeable	/ˈkʌm(p)f.tə.bəl/
1585	meaning	To intend, to plan; to have as one's intention	/ˈmi.nɪŋ/
1586	guest	A recipient of hospitality, especially someone staying by…	/ɡɛst/
1587	pieces	A part of a larger whole, usually in such a form that it is…	/ˈpiːsɪz/
1588	dry	Free from or lacking moisture	/ˈdɹaɪ̯/
1589	letting	To allow to, not to prevent	/ˈlɛtɪŋ/
1590	began	To start, to initiate or take the first step into something	/bɪˈɡæn/
1591	aye	Yes; yea; a word expressing assent, or an affirmative…	/aɪ/
1592	jeff	To play or gamble with em quads, throwing them as dice	/ˈdʒɛf/
1593	female	Belonging to the sex which typically produces eggs, or to…	/ˈfiː.meɪl/
1594	release	The event of setting free	/ɹəˈliːs/
1595	ho	halloo; hey; a call to excite attention, or to give notice…	/hoʊ/
1596	cards	A playing card	/kɑɹdz/
1597	pray	To direct words, thoughts, or one's attention to a deity or…	/pɹeɪ/
1598	unfortunately	Happening through bad luck, or because of some unfortunate…	/ʌnˈfɔɹ.t͡ʃə.nɪt.li/
1599	balls	Very. Intensifier	/bɔːlz/
1600	destroyed	To damage beyond use or repair; to damage to the point that…	/dɪˈstɹɔɪd/
1601	ended	To come to an end	/ˈɛndɪd/
1602	universe	The sum of everything that exists in the cosmos	/ˈjunəˌvɝs/
1603	prepare	To make ready for a specific future purpose; to set up; to…	/pɹɪˈpɛ(ə)ɹ/
1604	opinion	A belief, judgment or perspective that a person has formed,…	/əˈpɪn.jən/
1605	movies	A recorded sequence of images displayed on a screen at a…	/ˈmuːvɪz/
1606	soldier	A member of a ground-based army, of any rank, but…	/ˈsoʊld͡ʒɚ/
1607	wash	To clean with water	/wɑʃ/
1608	program	A set of structured activities; a plan of action	/ˈpɹoʊ̯ˌɡɹæm/
1609	heat	Thermal energy	/hit/
1610	usual	Most commonly occurring; typical	/ˈju.ʒuəl/
1611	ticket	A pass entitling the holder to admission to a show,…	/ˈtɪk.ɪt/
1612	stolen	To take illegally, or without the owner's permission,…	/ˈstoʊ.ln̩/
1613	prefer	To be in the habit of choosing something rather than…	[pɹɪˈfɝ]
1614	aware	Vigilant or on one's guard against danger or difficulty	/əˈwɛɚ/
1615	surely	Without fail	/ˈʃʊɹli/
1616	male	Belonging to the sex which typically produces sperm, or to…	/meɪl/
1617	base	Something from which other things extend; a foundation	/beɪs/
1618	matters	Anything with mass and volume	/ˈmæt.ɚz/
1619	lift	To raise or rise	/lɪft/
1620	lab	A laboratory	/læːb/
1621	command	An order to do something	/kəˈmænd/
1622	proof	An effort, process, or operation designed to establish or…	/pɹuf/
1623	cream	The butterfat or milkfat part of milk which rises to the…	/kɹim/
1624	selling	To transfer goods or provide services in exchange for money	/ˈsɛlɪŋ/
1625	believed	To accept as true, particularly without absolute certainty	/bɪˈlivd/
1626	create	To bring into existence	/kɹiːˈeɪt/
1627	h	Synonym of AH: in the year of the Hegira, used to mark…	/heɪt͡ʃ/
1628	afford	To incur, stand, or bear without serious detriment, as an…	/əˈfoɹd/
1629	sunday	On Sunday	/ˈsʌn.deɪ/
1630	total	An amount obtained by the addition of smaller amounts	/ˈtoʊ.tl̩/
1631	dumb	Very, extremely	/dʌm/
1632	threw	To hurl; to release with some force from one’s hands, an…	/θɹu/
1633	birth	The process of childbearing; the beginning of life; the…	/bɜɹθ/
1634	created	To bring into existence	/kɹiˈeɪ̯t.ɪd/
1635	realized	To become aware of, understand, or appreciate	/ˈɹi.(ə.)laɪzd/
1636	british	The residents or inhabitants of Great Britain	/ˈbɹɪtɪʃ/
1637	noise	Various sounds, usually unwanted or unpleasant	/ˈnoɪ̯z/
1638	nuts	The testicles	/nʌts/
1639	students	A person who studies or learns about a particular subject	/ˈstudn̩ts/
1640	birds	An animal of the clade Aves in the phylum Chordata,…	/bɜɹdz/
1641	social	Being extroverted or outgoing	/ˈsoʊ.ʃəl/
1642	brilliant	Shining brightly	/ˈbɹɪl.jənt/
1643	bodies	The physical structure of a human or animal seen as one…	/ˈbɑ.diz/
1644	tie	A knot; a fastening	/taɪ/
1645	opened	To make or become accessible or clear for passage by moving…	/ˈoʊpənd/
1646	ours	Excluding the person being addressed	/ˈaʊɚz/
1647	bucks	Casual Oxford shoes made of buckskin, often white or a…	/bʌks/
1648	mister	A man	/ˈmɪstəɹ/
1649	ugly	Displeasing to the eye; aesthetically unpleasing	/ˈʌɡli/
1650	focus	A point at which reflected or refracted rays of light…	/ˈfoʊ̯.kəs/
1651	dan	Pronunciation spelling of than	/dæn/
1652	opens	Open or unobstructed space; an exposed location	/ˈoʊ.pənz/
1653	exist	to be; have existence; have being or reality	/ɪɡˈzɪst/
1654	followed	To go after; to pursue; to move behind in the same path or…	/ˈfɒl.əʊd/
1655	draw	To pull in a particular direction or manner	/dɹɑ/
1656	purpose	The end for which something is done, is made or exists	/ˈpɝ.pəs/
1657	letters	A symbol in an alphabet	/ˈlɛtɚz/
1658	daniel	A wise judge, like the biblical Daniel who ingeniously…	/ˈdænjəl/
1659	opening	To make or become accessible or clear for passage by moving…	/ˈoʊ.pə.nɪŋ/
1660	bullet	A projectile, usually of metal, shot from a gun at high…	/ˈbʊlɪt/
1661	anna	Money	/ˈænə/
1662	lately	Recently; not long ago; of late; not long since	/ˈleɪt.li/
1663	stayed	To remain in a particular place, especially for a definite…	/steɪd/
1664	falling	To move to a lower position under the effect of gravity	/ˈfɔlɪŋ/
1665	season	Each of the divisions of a year based on the prevailing…	[ˈsi.zn̩]
1666	ends	The terminal point of something in space or time	/ɛndz/
1667	suggest	To imply but stop short of explicitly stating	/sə(ɡ)ˈd͡ʒɛst/
1668	joy	A feeling of extreme happiness or cheerfulness, especially…	/d͡ʒɔɪ/
1669	distance	An amount of space between points, usually measured along a…	/ˈdɪst(ə)n(t)s/
1670	responsibility	The state of being responsible, accountable, or answerable	/ɹɪˌspɒn.səˈbɪl.ɪ.ti/
1671	whenever	At any time that	/wəˈnɛvɚ/
1672	issue	The outflow of a bodily fluid, particularly in abnormal…	/ˈɪʃ(j)u/
1673	thousands	A numerical value equal to 1,000 = 10 × 100 = 10³	/ˈθaʊzn̩dz/
1674	process	A series of events leading to a result or product	/ˈpɹoʊ.sɛs/
1675	sword	A long bladed weapon with a grip and typically a pommel and…	/soɹd/
1676	shower	A brief fall of precipitation; burst of hefty precipitation	/ˈʃaʊ.ɚ/
1677	weak	Lacking in force or ability	/wi(ː)k/
1678	fucked	To have sexual intercourse; to copulate	/fʌkt/
1679	lonely	Unhappy due to feeling isolated from contact with other…	/ˈloʊnli/
1680	happiness	The emotion of being happy; joy; elation	/ˈhæpinɪs/
1681	eric	A fine paid as compensation for violent crimes	/ˈɛɹɪk/
1682	tiny	Very small	/ˈtaɪni/
1683	desk	A table, frame, or case, in past centuries usually with a…	/dɛsk/
1684	pool	A small and rather deep area of fresh water, as one…	/pul/
1685	property	Something that is owned	/ˈpɹɒp.ə.ti/
1686	forced	To make someone or something do something, often regardless…	/fɔɹst/
1687	settle	To determine; to resolve conclusively; to set or fix	/ˈsɛtəl/
1688	indistinct	not clearly defined or not having a sharp outline; faint or…	/ˌɪndɪsˈtɪŋkt/
1689	weight	The downwards force an object experiences due to gravity	/weɪt/
1690	received	To be given, sent, or paid something	/ɹɪˈsiːvd/
1691	gang	To go; walk; proceed	/ˈɡeɪ̯ŋ/
1692	bite	To cut into something by clamping the teeth	/baɪt/
1693	friday	On Friday	/ˈfɹaɪ.deɪ/
1694	disappeared	To vanish	/dɪsəˈpɪɹd/
1695	interview	Any face-to-face meeting, especially of an official or…	/ˈɪn.(t)ɚ.vju/
1696	expecting	To predict or believe that something will happen	/ɪkˈspɛktɪŋ/
1697	kinda	Kind of; somewhat	/ˈkaɪndə/
1698	surgery	The act or process of medical intervention involving…	/ˈsɝ.d͡ʒə.ɹi/
1699	horses	A hoofed mammal, Equus ferus caballus, often used…	/ˈhoɹsɪz/
1700	mayor	The chief executive of the municipal government of a city,…	/ˈmeɪ̯.ɚ/
1701	babe	An attractive person, especially a young woman	/beɪb/
1702	ancient	Having lasted from a remote period; having been of long…	/ˈeɪn.ʃənt/
1703	handsome	Having a pleasing appearance, good-looking, attractive,…	/ˈhæn.səm/
1704	thomas	An infidel or doubter	/ˈtɑ.məs/
1705	saturday	On Saturday	/ˈsæt.ɚ.deɪ/
1706	staff	A long, straight, thick wooden rod or stick, especially one…	[stæf]
1707	lines	A path through two or more points; a continuous mark,…	/laɪnz/
1708	unit	Oneness, singularity, seen as a component of a whole…	/ˈjuː.nɪt/
1709	fan	A hand-held device consisting of concertinaed material, or…	/fæn/
1710	gentleman	Any well-bred, well-mannered, or charming man	[ˈd͡ʒɛɾ̃.ɫ̩.mən]
1711	introduce	To cause to be acquainted	/ˌɪn(t)əɹˈdus/
1712	fate	The presumed cause, force, principle, or divine will that…	/feɪt/
1713	split	To divide fully or partly along a more or less straight line	/splɪt/
1714	recently	a short while ago	/ˈɹi.sənt.li/
1715	expected	To predict or believe that something will happen	/ɪkˈspɛk.tɪd/
1716	add	To join or unite so as to increase the number, augment the…	/æd/
1717	ordered	To set in some sort of order	/ˈoɹ.dɚd/
1718	slowly	At a slow pace	/ˈsloʊli/
1719	alarm	A summons to arms, as on the approach of an enemy	/əˈlɑɹm/
1720	member	One who belongs to a group	/ˈmɛm.bɚ/
1721	slept	To rest in a state of reduced consciousness	/slɛpt/
1722	signed	To mark, to put or leave a mark on	/saɪnd/
1723	enter	To go or come into an enclosed or partially enclosed space	/ˈɛntɚ/
1724	spanish	Of or pertaining to Spain	/ˈspænɪʃ/
1725	garden	An outdoor area containing one or more types of plants,…	/ˈɡɑɹ.d(ə)n/
1726	brings	To transport toward somebody/somewhere	/ˈbɹɪŋz/
1727	brave	Strong in the face of fear; courageous	/bɹeɪv/
1728	pig	Any of several mammalian species of the family Suidae,…	/ˈpɪɡ/
1729	model	A person who serves as a human template for artwork or…	/ˈmɒd.l̩/
1730	finger	A slender jointed extremity of the human hand, exclusive of…	/ˈfɪŋɡɚ/
1731	medicine	A substance which specifically promotes healing when…	/ˈmɛd.ɪ.sɪn/
1732	access	A way or means of approaching or entering; an entrance; a…	/ˈækˌsɛs/
1733	failed	To be unsuccessful	/feɪld/
1734	flat	So as to be flat	/ˈflæt/
1735	easily	Comfortably, without discomfort or anxiety	/ˈi.zɪ.li/
1736	discovered	To find or learn something for the first time	/dɪsˈkʌvɚd/
1737	based	Founded on; having a basis; often used in combining forms	/beɪst/
1738	screw	A simple machine, a helical inclined plane	/ˈskɹu/
1739	insane	Exhibiting unsoundness or disorder of mind; not sane;…	/ɪnˈseɪn/
1740	cares	To be concerned, to have an interest; to feel concern	/kɛɹz/
1741	weather	The short-term state of the atmosphere at a specific time…	/ˈwɛðɚ/
1742	fingers	A slender jointed extremity of the human hand, exclusive of…	/ˈfɪŋɡɚz/
1743	san	An Ancient Greek letter representing /s/, originally used…	/ˈsæn/
1744	scott	The Scott catalogue of postage stamps	/skɒt/
1745	path	A trail for the use of, or worn by, pedestrians	[pʰæθ]
1746	soft	Easily giving way under pressure	/sɔft/
1747	harm	Physical injury; hurt; damage	/hɑɹm/
1748	style	A tool with a sharp point used in engraving; a burin, a…	/staɪl/
1749	community	A group sharing common characteristics, such as the same…	/k(ə)ˈmju.nə.ti/
1750	sees	To perceive or detect someone or something with the eyes,…	/siːz/
1751	basically	In a fundamental, essential or basic manner	/ˈbeɪ.sɪk.(ə.)li/
1752	al	The Indian mulberry, Morinda citrifolia, especially as used…	/æl/
1753	signal	A sequence of states representing an encoded message in a…	/ˈsɪɡnəl/
1754	nope	No	/noʊp/
1755	spare	Being more than what is necessary, or what must be used or…	/spɛɚ/
1756	speech	The ability to speak; the faculty of uttering words or…	/spiːt͡ʃ/
1757	covered	To place something over or upon, as to conceal or protect	/ˈkʌvə(ɹ)d/
1758	shake	To cause to move rapidly in opposite directions…	/ˈʃeɪk/
1759	loose	To let loose, to free from restraints	/lus/
1760	snow	The partly frozen, crystalline state of water that falls…	/snoʊ̯/
1761	russian	Of or pertaining to Russia or Russians	/ˈɹʌʃ(ə)n/
1762	lake	A large, landlocked stretch of water or similar liquid	/leɪk/
1763	bright	In a bright manner; brightly, glowingly, luminously,…	/ˈbɹaɪ̯t/
1764	roof	The external covering at the top of a building	/ɹuːf/
1765	sending	To make something go from one place to another	/ˈsɛndɪŋ/
1766	paint	A substance that is applied as a liquid or paste, and dries…	/peɪnt/
1767	remind	To cause one to experience a memory; to bring to the notice…	/ɹəˈmaɪnd/
1768	pal	A friend, buddy, mate, cobber; someone to hang around with	/pæl/
1769	naked	Bare, not covered by clothing	/ˈneɪkɪd/
1770	post	With the post, on post-horses; by a relay of horses; hence,…	/poʊst/
1771	sugar	A food consisting of small, sweet crystals, principally of…	/ˈʃʊɡɚ/
1772	heading	To be in command of	/ˈhɛdɪŋ/
1773	streets	A paved part of road, usually in a village or a town	/stɹiːts/
1774	damage	Injury or harm; the condition or measure of something not…	/ˈdæmɪd͡ʒ/
1775	silence	The absence of any sound	/ˈsaɪlən(t)s/
1776	doors	A portal of entry into a building, room, or vehicle,…	/dɔɹz/
1777	pete	Acronym of polyethylene terephthalate	/ˈpiːt/
1778	ed	edition	/ɛd/
1779	success	The achievement of one's aim or goal	/səkˈsɛs/
1780	wet	Made up of liquid or moisture, usually water	/ˈwɛt/
1781	nah	No	[næː]
1782	amount	The total, aggregate or sum of material	/əˈmaʊnt/
1783	members	One who belongs to a group	/ˈmɛm.bɚz/
1784	kate	The brambling finch, Fringilla montifringilla	/keɪt/
1785	manage	To direct or be in charge of	/ˈmæn.ɪd͡ʒ/
1786	safety	The condition or feeling of being safe; security; certainty	/ˈseɪfti/
1787	returned	To come or go back	/ɹɪˈtɝnd/
1788	harder	Solid and firm	/ˈhɑɹdɚ/
1789	fbi	Fixed-bit index	/ˈɛf.biː.aɪ/
1790	block	A substantial, often approximately cuboid, piece of any…	/blɑk/
1791	showing	To display, convey or exhibit; to have something available…	/ˈʃoʊɪŋ/
1792	fancy	The imagination	/ˈfæn.si/
1793	chef	The presiding cook in the kitchen of a large household	/ʃɛf/
1794	contract	An agreement between two or more parties, to perform a…	/ˈkɑntɹækt/
1795	dig	To move hard-packed earth out of the way, especially…	/dɪɡ/
1796	chest	A box, now usually a large strong box with a secure convex…	/t͡ʃɛst/
1797	good-bye	Alternative form of goodbye	/ˈɡʊdˈbaɪ/
1798	drinks	A beverage	/dɹɪŋks/
1799	dave	To assuage; soften; mitigate; relieve; calm; alleviate	/ˈdeɪv/
1800	buried	To kill or murder	/ˈbɛ.ɹid/
1801	brian	To keep fire at the mouth of, to give light or to preserve…	/ˈbɹaɪən/
1802	trade	The buying and selling of goods and services on a market	/tɹeɪd/
1803	journey	A set amount of travelling, seen as a single unit; a…	/ˈd͡ʒɝni/
1804	stomach	An organ in animals that stores food in the process of…	/ˈstʌmək/
1805	changes	The process or result of becoming different	/ˈt͡ʃeɪnd͡ʒɪz/
1806	details	To explain in detail	/ˈdiːteɪlz/
1807	thoughts	A representation created in the mind without the use of…	/θɔts/
1808	divorce	The legal dissolution of a marriage	/dɪˈvoɹs/
1809	funeral	A ceremony to honor and remember a deceased person, often…	/ˈfju.nəɹ.əl/
1810	maria	An adult female horse	/ˈmɑɹ.i.ə/
1811	football	A sport played on foot in which teams attempt to get a ball…	/ˈfɵt.boːl/
1812	reality	The state of being actual or real; realness	/ɹiˈæləti/
1813	theory	A description of an event or system that is considered to…	/ˈθɪ.ɹi/
1814	gosh	A mild expression of surprise or enthusiasm	/ɡɑːʃ/
1815	ruined	To cause the fiscal ruin of; to bankrupt or drive out of…	/ˈɹuɪnd/
1816	gate	A doorlike structure outside a house	/ˈɡeɪ̯t/
1817	william	radiotelephony clear-code word for the letter W	/ˈwɪl.i.əm/
1818	spread	To stretch out, open out so that it more fully covers a…	/spɹid/
1819	outta	Out of	[ˈaʊɾə]
1820	japanese	Of, relating to, derived from, or characteristic of Japan,…	/ˌdʒæp.əˈniːz/
1821	sudden	Occurring quickly with little or no warning or expectation;…	/ˈsʌd.ən/
1822	coat	An outer garment covering the upper torso and arms	/ˈkoʊ̯t/
1823	sooner	rather	/ˈsunɚ/
1824	cheese	A dairy product made from curdled or cultured milk	/t͡ʃiz/
1825	larry	A confused noise; an uproar; a hubbub	/ˈlæɹi/
1826	spring	To move or burst forth	/ˈspɹɪŋ/
1827	page	One of the many pieces of paper bound together within a…	/peɪd͡ʒ/
1828	ears	The organ of hearing, consisting of the pinna or auricle,…	/ɪɹz/
1829	simon	Sixpence coin	/ˈsaɪmən/
1830	castle	A large residential building or compound that is fortified…	/ˈkɑːsəl/
1831	hidden	To put in a place where it will be out of sight or harder…	/ˈhɪd.(ə)n/
1832	storm	Any disturbed state of the atmosphere causing destructive…	/stoɹm/
1833	cos	Informal spelling of 'cause	/kɑs/
1834	personally	In a personal manner	/ˈpɝ.sə.nə.li/
1835	artist	A person who creates art	/ˈɑɹ.tɪst/
1836	hill	An elevated landmass smaller than a mountain	[hɪɫ]
1837	exciting	Creating or producing excitement	/ɪkˈsʌɪtɪŋ/
1838	permission	authorisation; consent	/pəɹˈmɪʃ.ən/
1839	jerry	A chamber pot	/ˈdʒɛɹi/
1840	expensive	Having a high price or cost	/ɪkˈspɛn.sɪv/
1841	tickets	A pass entitling the holder to admission to a show,…	/ˈtɪk.ɪts/
1842	forest	A dense uncultivated tract of trees and undergrowth, larger…	/ˈfɔɹəst/
1843	barely	By a small margin	/ˈbɛɹ.li/
1844	eggs	An approximately spherical or ellipsoidal body produced by…	/ɛɡz/
1845	goin	Pronunciation spelling of going	/ˈɡoʊɪn/
1846	regret	To feel sorry about, afterthink: to wish that a thing had…	/ɹɪˈɡɹɛt/
1847	lesson	A section of learning or teaching into which a wider…	/ˈlɛs.ən/
1848	lover	One who loves and cares for another person in a romantic…	/ˈlʌvɚ/
1849	bread	A foodstuff made by baking dough made from cereals	/bɹɛd/
1850	andy	A streamer on live streaming service Twitch	/ˈændi/
1851	subject	Likely to be affected by or to experience something; liable	/ˈsʌb.d͡ʒɛkt/
1852	legal	Relating to the law or to lawyers	/ˈli.ɡəl/
1853	growing	To become larger, to increase in magnitude	/ˈɡɹoʊɪŋ/
1854	ill	Not well; imperfectly, badly	/ɪl/
1855	mood	A mental or emotional state, composure	/muːd/
1856	owner	One who owns something	/ˈoʊnɚ/
1857	caused	To set off an event or action; to bring about; to produce	/kɔzd/
1858	beeping	An instance of beeping; a sound that beeps	/ˈbiːpɪŋ/
1859	points	Something tiny, as a pinprick; a very small mark	/pɔɪnts/
1860	dating	To note the time or place of writing or executing; to…	/ˈdeɪt.ɪŋ/
1861	loss	The result of no longer possessing an object, a function,…	/lɔs/
1862	secretary	A person who keeps records, takes notes and handles general…	/ˈsɛk.(ɹ)əˌtɛɹ.i/
1863	revenge	Any form of personal, retaliatory action against an…	/ɹəˈvɛnd͡ʒ/
1864	santa	An instance of someone dressed up as Santa	/ˈsæntə/
1865	likely	Probably	/ˈlaɪkli/
1866	rent	A payment made by a tenant at intervals in order to lease a…	/ˈɹɛnt/
1867	connection	The act of connecting	/kəˈnɛkʃ(ə)n/
1868	assistant	Having a subordinate or auxiliary position	/əˈsɪstənt/
1869	reasons	That which causes something: an efficient cause, a…	/ˈɹiː.zənz/
1870	yelling	The act of producing a yell	/ˈjɛlɪŋ/
1871	painting	To apply paint to	/ˈpeɪ.nɪŋ/
1872	trees	A perennial woody plant taller and larger than a shrub with…	/tɹiːz/
1873	doctors	A physician; a member of the medical profession; one who is…	/ˈdɑktɚz/
1874	rush	A sudden forward motion	/ɹʌʃ/
1875	foreign	Located outside a country or place, especially one's own	/ˈfɔɹɪn/
1876	rough	In a rough manner; rudely; roughly	/ɹʌf/
1877	murderer	A person who commits murder	/ˈmɝdɚɚ/
1878	century	A period of one hundred consecutive years; often…	/ˈsɛn.(t)ʃ(ə.)ɹi/
1879	nights	At night	/naɪts/
1880	pair	Two alike or identical things taken together; often…	/pɛɹ/
1881	runs	Act or instance of running, of moving rapidly using the feet	/ɹʌnz/
1882	pocket	A bag stitched to an item of clothing, used for carrying…	/ˈpɒk.ɪt/
1883	farm	A place where agricultural and similar activities take…	/ˈfɑɹm/
1884	matt	Alternative spelling of matte	/ˈmæt/
1885	bike	Clipping of bicycle	/baɪk/
1886	obvious	Easily discovered, seen, or understood; self-explanatory	/ˈɑ.vi.əs/
1887	ate	To consume by putting it into the mouth and swallowing it	/eɪt/
1888	grew	To become larger, to increase in magnitude	/ɡɹu/
1889	professional	A person who belongs to a profession	/pɹəˈfɛʃ.ə.nəl/
1890	tim	A Catholic	/tɪm/
1891	goodness	The state or characteristic of being good	/ˈɡʊdnəs/
1892	parts	A fraction of a whole	/pɑːɹts/
1893	alan	A member of a group of Sarmatian tribes, nomadic…	/ˈæl.ən/
1894	university	An institution of higher education that provides facilities…	/ˌjunəˈvərsədi/
1895	square	Directly	/skwɛɹ/
1896	grandfather	A father of someone's parent	/ˈɡɹæn(d)ˌfɑðɚ/
1897	genius	Someone possessing extraordinary intelligence or skill;…	/ˈd͡ʒin.jəs/
1898	cases	An actual event, situation, or fact	/ˈkeɪsɪz/
1899	ruin	The remains of a destroyed or dilapidated construction,…	/ˈɹuː.ɪn/
1900	winter	Traditionally the fourth of the four seasons, typically…	/ˈwɪntə/
1901	tongue	The flexible muscular organ in the mouth that is used to…	/tʌŋ/
1902	memories	The ability of the brain to record information or…	/ˈmɛm.(ə.)ɹiz/
1903	da	Pronunciation spelling of the	/dɑː/
1904	buying	To obtain in exchange for money or goods	/ˈbaɪ.ɪŋ/
1905	cancer	A disease in which the cells of a tissue undergo…	/ˈkænsɚ/
1906	clock	A chronometer, an instrument that measures time,…	/klɑk/
1907	ocean	One of the large bodies of water separating the continents	/ˈoʊ.ʃən/
1908	dna	The part of a living thing that carries genetic information	/ˌdiˌɛnˈeɪ/
1909	liar	Someone who tells a lie; especially, a person who…	/ˈlaɪ.ɚ/
1910	tour	A journey through a particular building, estate, country,…	/tɔː(ɹ)/
1911	thief	One who carries out a theft	/ˈθiːf/
1912	bleep	A brief high-pitched sound, as from some electronic device	/ˈbliːp/
1913	lisa	An idealised girlfriend	/ˈlisə/
1914	rights	That which complies with justice, law or reason	/ɹaɪts/
1915	including	Such as, among which; introducing one or more parts of the…	/ɪnˈkluːdɪŋ/
1916	competition	The action of competing	/ˌkɑm.pəˈtɪʃ.ən/
1917	smith	A craftsperson who works metal into desired forms using a…	/smɪθ/
1918	planned	To design	/plænd/
1919	emily	Acronym of early money is like yeast, i.e. it "raises…	/ˈɛmᵻli/
1920	boring	The act or process of boring holes; such practice as an…	/ˈboɹ.ɪŋ/
1921	victims	One that is harmed—killed, injured, subjected to…	/ˈvɪktɪmz/
1922	mentioned	To make mention of; to speak of; to refer to; to name; to…	/ˈmɛnʃənd/
1923	bones	A composite material consisting largely of calcium…	/boʊnz/
1924	plant	An organism that is not an animal, especially an organism…	/plænt/
1925	bless	To make something holy by religious rite, sanctify	/blɛs/
1926	warning	To make aware of impending danger, evil, etc	/ˈwoɹnɪŋ/
1927	knocking	To rap one's knuckles against something, especially wood	/ˈnɑkɪŋ/
1928	re	About, regarding, with reference to; used especially in…	/ɹiː/
1929	crash	A sudden, intense, loud sound, as made for example by…	/ˈkɹæʃ/
1930	bedroom	A room in a house, apartment, hotel, or other dwelling…	/ˈbɛdˌɹum/
1931	lower	Situated close to, or even below, the ground or another…	/ˈloʊ.ɚ/
1932	silver	A lustrous, white, metallic element, atomic number 47,…	/ˈsɪl.vɚ/
1933	groaning	That groans	/ˈɡɹoʊnɪŋ/
1934	madame	A title equivalent to Mrs. or Ms., used for French-speaking…	/məˈdæm/
1935	defense	The action of defending or protecting from attack, danger,…	/dɪˈfɛns/
1936	results	That which results; the conclusion or end to which any…	/ɹɪˈzʌlts/
1937	toilet	A room, enclosed area or single-purpose building containing…	/ˈtɔɪ.lət/
1938	event	An occurrence; something that happens	/ɪˈvɛnt/
1939	complicated	Difficult or convoluted	/ˈkɒm.plɪ.keɪ.tɪd/
1940	shape	The status or condition of something	/ˈʃeɪ̯p/
1941	priest	A religious clergyman who is trained to perform services or…	/ˈpɹiːst/
1942	royal	Of or relating to a monarch or his family	/ˈɹɔ.jəl/
1943	cheap	Low or reduced in price	/ˈt͡ʃiːp/
1944	romantic	Fantastic, unrealistic; fanciful, sentimental, impractical	/ɹoʊˈmæn(t)ɪk/
1945	downstairs	Down the stairs	/daʊnˈstɛɹz/
1946	invite	To ask for the presence or participation of someone or…	/ɪnˈvaɪt/
1947	fortune	Destiny, especially favorable	/ˈfoɹt͡ʃən/
1948	tears	A hole or break caused by tearing	/tɪɹz/
1949	avoid	To try not to meet or communicate with; to shun	/əˈvɔɪd/
1950	reached	To extend, stretch, or thrust out	/ɹiːt͡ʃt/
1951	higher	Very elevated; extending or being far above a base; tall;…	/ˈhaɪ.ɚ/
1952	familiar	Known to one, or generally known; commonplace	/fəɹˈmɪl.jəɹ/
1953	telephone	A telecommunication device which converts data or sounds…	/ˈtɛləˌfoʊn/
1954	burning	To cause to be consumed by fire	/ˈbɝnɪŋ/
1955	filled	To add contents to so that it is full	/fɪld/
1956	kelly	Kelly green	/ˈkɛli/
1957	alice	Acronym of All-purpose lightweight individual carrying…	/ˈælɪs/
1958	airport	An airfield, including one or more runways and one or more…	/ˈɛɹ.pɔɹt/
1959	jobs	A task	/d͡ʒɑbz/
1960	grown	To become larger, to increase in magnitude	/ɡɹoʊn/
1961	rachel	Synonym of Rachel sandwich	/ˈɹeɪ.tʃəl/
1962	giant	A mythical human or humanoid of very great size	/ˈd͡ʒaɪ.ənt/
1963	insurance	A means of indemnity against a future occurrence of an…	/ɪnˈʃʊɹ.əns/
1964	woods	The substance making up the central part of the trunk and…	/wɵdz/
1965	n	Contraction of and, chiefly used in set phrases	/ɛn/
1966	scare	A minor fright	/skɛɚ/
1967	pleased	To make happy or satisfy; to give pleasure to	/pliːzd/
1968	period	A length of time	/ˈpɪɚ.i.əd/
1969	political	Concerning or relating to politics, the art and process of…	/pəˈlɪt.ɪ.kəl/
1970	player	One who plays any game or sport	/ˈpleɪ.ɚ/
1971	stops	A place where buses, trams or trains halt to let passengers…	/stɑps/
1972	secrets	A piece of knowledge that is hidden and intended to be kept…	/ˈsiː.kɹɪts/
1973	laura	A number of hermitages or cells in the same neighborhood…	/ˈlɔɹə/
1974	repeat	To do or say again	/ɹɪˈpiːt/
1975	photos	A photograph	/ˈfoʊɾoʊz/
1976	finds	Anything that is found, as objects on an archeological site…	/faɪndz/
1977	statement	A declaration or remark	/ˈsteɪtmənt/
1978	suck	An instance of drawing something into one's lungs by…	/sʌk/
1979	younger	In the early part of growth or life; born not long ago	/ˈjʌŋɡɚ/
1980	china	Clipping of China rose, various flowers	/ˈt͡ʃaɪnə/
1981	humans	A highly intelligent ape with fine and short body hair; the…	/ˈhjuːmənz/
1982	delicious	Pleasing to the sense of taste; tasty	/dɪˈlɪ.ʃəs/
1983	particular	Specific; discrete; concrete	/pɑrˈtɪk.jə.lɚ/
1984	proper	properly; thoroughly; completely	/ˈpɹɑpɚ/
1985	belongs	To have its proper place	/bɪˈlɔŋz/
1986	attacked	To apply violent force to someone or something	/əˈtækt/
1987	bath	A tub or pool which is used for bathing: bathtub	[bæθ~bɛəθ~beəθ]
1988	hired	To obtain the services of in return for fixed payment	/ˈhaɪɹd/
1989	site	The place where anything is fixed; situation; local position	/saɪt/
1990	knowledge	The fact of knowing about something; general understanding…	/ˈnɑ.lɪdʒ/
1991	b	The quantity one billion, usually used to signify a sum of…	/ˈbiː/
1992	led	To cover, fill, or affect with lead	/ˈlɛd/
1993	guests	A recipient of hospitality, especially someone staying by…	/ɡɛsts/
1994	celebrate	To extol or honour in a solemn manner	/ˈsɛl.ə.bɹeɪt/
1995	map	A visual representation of an area, whether real or…	/ˈmæp/
1996	horn	A hard growth of keratin that protrudes from the top of the…	/hɔɹn/
1997	eventually	In the end; at some later time, especially after a long…	/ɪˈvɛn.t͡ʃu.ə.li/
1998	pity	A feeling of sympathy at the misfortune or suffering of…	/ˈpɪt.i/
1999	powers	The ability to do or undergo something	/ˈpaʊ.ɚz/
2000	ashamed	Feeling shame or guilt	/əˈʃeɪmd/
2001	assume	To authenticate by means of belief; to surmise; to suppose…	/əˈsjuːm/
2002	glasses	An amorphous solid, often transparent substance, usually…	/ˈɡlæsɪz/
2003	rise	To move upwards	/ɹaɪz/
2004	fixed	To attach; to affix; to hold in place or at a particular…	/fɪkst/
2005	request	To ask for	/ɹɪˈkwɛst/
2006	officers	One who has a position of authority in a hierarchical…	/ˈɔ.fɪ.sɚz/
2007	pounds	A unit of weight in various measurement systems	/paʊndz/
2008	data	A representation of information in a computer which is…	/ˈdeɪtə/
2009	carefully	With care; attentively, circumspectly	/ˈkɛɹf(ə)li/
2010	per	For each	/pɝ/
2011	depends	Apheretic form of it depends; used to indicate more…	/dɪˈpɛndz/
2012	jury	A group of individuals chosen from the general population…	/ˈd͡ʒʊɹi/
2013	waited	To delay movement or action until some event or time; to…	/ˈweɪ.tɪd/
2014	positive	Included, present, characterized by affirmation	/ˈpɑzɪtɪv/
2015	attorney	A lawyer; one who advises or represents others in legal…	/əˈtɜɹni/
2016	direction	A theoretical line followed from a point of origin or…	/dɪˈɹɛk.ʃən/
2017	families	A group of people who are closely related to one another;…	/ˈfæmɪliz/
2018	doin	Pronunciation spelling of doing	/ˈduːɪn/
2019	forces	Ability to influence; strength or energy of body or mind;…	/ˈfɔɹ.sɪz/
2020	location	A particular point or place in physical space	/loʊˈkeɪʃən/
2021	walls	A rampart of earth, stones etc. built up for defensive…	/wɔlz/
2022	useless	Without use or the possibility to be used	/ˈjus.ləs/
2023	grant	To give	/ɡɹænt/
2024	saving	Synonym of save	/ˈseɪ.vɪŋ/
2025	speaks	To communicate with one's voice, to say words out loud	/ˈspiːks/
2026	fought	To engage in combat with; to oppose physically, to contest…	/fɔt/
2027	meal	Food that is prepared and eaten, usually at a specific…	/ˈmiːl/
2028	deliver	To set free from restraint or danger	/dɪˈlɪv.ɚ/
2029	answers	A response or reply; something said or done in reaction to…	/ˈæn.sɚz/
2030	changing	To become something different	/ˈt͡ʃeɪnd͡ʒɪŋ/
2031	temple	A house of worship dedicated to a polytheistic faith	/tɪm.pl̩/
2032	scary	To a scary extent; scarily	/ˈskɛə.ɹi/
2033	millions	The cardinal number 1 000 000: 10⁶; a thousand thousand	/ˈmɪljənz/
2034	offered	To propose or express one's willingness	/ˈɔfɚd/
2035	regular	Bound by religious rule; belonging to a monastic or…	/ˈɹɛɡjəlɚ/
2036	carrying	To lift and take it to another place; to transport by…	/ˈkaɹɪj.ɪŋ/
2037	official	Of or about an office or public trust	/əˈfɪʃəl/
2038	jacket	A piece of clothing worn on the upper body outside a shirt…	/ˈd͡ʒæk.ɪt/
2039	switch	A device to turn electric current on and off or direct its…	/swɪt͡ʃ/
2040	grave	An excavation in the earth as a place of burial	/ɡɹeɪv/
2041	chase	The act of one who chases another; a pursuit	/t͡ʃeɪs/
2042	role	A character or part played by a performer or actor	/ɹoʊl/
2043	odd	Differing from what is usual, ordinary or expected	/ɑd/
2044	sexy	Having sex appeal; attractive	/ˈsɛksi/
2045	faces	The front part of the head of a human or other animal,…	/ˈfeɪsɪz/
2046	becomes	begin to be; turn into	/bɪˈkʌmz/
2047	closes	To move a thing, or part of a thing, nearer to another so…	/ˈkloʊzɪz/
2048	badly	In a bad manner	/ˈbæd.li/
2049	tall	Having great vertical extent when standing	/tɔl/
2050	confused	unable to think clearly or understand	/kənˈfjuzd/
2051	affair	Something which is done or is to be done; business of any…	/əˈfɛɹ/
2052	television	An electronic communication medium that allows the…	/ˈtɛlɪˌvɪʒən/
2053	shock	A sudden, heavy impact	/ʃɔk/
2054	raised	To cause to rise; to lift or elevate	/ɹeɪzd/
2055	panting	The act of one who pants	/ˈpæntɪŋ/
2056	pizza	A baked Italian dish of a thinly rolled bread crust…	/ˈpi.tsə/
2057	image	A visual or other representation of the external form of…	/ˈɪm.ɪd͡ʒ/
2058	clears	To remove obstructions, impediments or other unwanted items…	/ˈklɪɹz/
2059	golden	Made of, or relating to, gold	/ˈɡoʊl.dən/
2060	patients	A person or animal that receives health care from a doctor,…	/ˈpeɪʃənts/
2061	watched	To look at, see, or view for a period of time	/wɑt͡ʃt/
2062	committed	To give in trust; to put into charge or keeping; to…	/kəˈmɪtɪd/
2063	sexual	Arising from the fact of being male or female; pertaining…	/sɛk.ʃu.əl/
2064	suffer	To undergo hardship	/ˈsʌfɚ/
2065	arthur	Guinness stout	/ˈɑɹθɚ/
2066	wherever	Where ever; an emphatic form of where	/(h)wɛɹˈɛvɚ/
2067	plate	A slightly curved but almost flat dish from which food is…	/ˈpleɪ̯t/
2068	appear	To come or be in sight; to be in view; to become visible	/əˈpɪɹ/
2069	chocolate	A food made from ground roasted cocoa beans	/ˈtʃɑk.(ə.)lɪt/
2070	clever	Nimble with hands or body; dexterous; skillful; adept	/ˈklɛv.ɚ/
2071	hm	A shorter variant of hmm	/ˌeɪtˈʃɛm/
2072	mercy	Relenting; forbearance to cause or allow harm to another	/ˈmɝsi/
2073	shots	The result of launching a projectile or bullet	/ʃɑts/
2074	lucy	The drug LSD	/ˈlusi/
2075	dealing	To distribute among a number of recipients, to give out as…	/ˈdiːlɪŋ/
2076	trap	A machine or other device designed to catch animals, either…	/tɹæp/
2077	charges	The amount of money levied for a service	/ˈt͡ʃɑɹd͡ʒɪz/
2078	phil	Clipping of Philippine	/fɪl/
2079	bang	Right, directly	/ˈbæŋ/
2080	poison	A substance that is harmful or lethal to a living organism…	/ˈpɔɪ.zən/
2081	butt	The buttocks or anus	/bʌt/
2082	drove	To operate	/dɹoʊv/
2083	yourselves	You, used to intensify the subject as the group addressed	/jəˈsɛlvz/
2084	headed	To be in command of	/ˈhɛdɪd/
2085	babies	A very young human, particularly from birth to a couple of…	/ˈbeɪbiz/
2086	yellow	The color of sunflower petals and lemons; the color…	/ˈjɛloʊ/
2087	soup	Any of various dishes commonly made by combining liquids,…	/sup/
2088	mystery	Something secret or unexplainable; an unknown	/ˈmɪs.t(ə.)ɹi/
2089	picking	To grasp and pull with the fingers or fingernails	/ˈpɪkɪŋ/
2090	sat	To be in a position in which the upper body is upright and…	/sæt/
2091	wound	To blow air through a wind instrument or horn to make a…	/ˈwaʊ̯nd/
2092	traffic	Moving pedestrians or vehicles, or the flux or passage…	/ˈtɹæfɪk/
2093	courage	The quality of being confident, not afraid or easily…	/ˈkʌɹ.ɪd͡ʒ/
2094	hunt	To find or search for an animal in the wild with the…	/hʌnt/
2095	indian	Of or relating to India or its people; or of the East Indies	/ˈɪn.di.ən/
2096	rat	Any of the numerous members of several rodent families that…	/ɹat/
2097	terms	That which limits the extent of anything; limit, extremity,…	/tɝmz/
2098	italian	Pertaining to Italy	/ɪˈtæl.jən/
2099	emma	M in RAF phonetic alphabet	/ˈɛmə/
2100	checking	To inspect; to examine	/ˈt͡ʃɛkɪŋ/
2101	disease	An abnormal condition of a human, animal or plant that…	/dɪˈziz/
2102	managed	To direct or be in charge of	/ˈmæn.ɪd͡ʒd/
2103	winner	One who has won or often wins	/ˈwɪnɚ/
2104	council	A committee that leads or governs	/ˈkaʊn.səl/
2105	appointment	The act of appointing a person to hold an office or to have…	/əˈpɔɪnt.mɛnt/
2106	monday	On Monday	/ˈmʌn.deɪ/
2107	crack	To form cracks	/kɹæk/
2108	threat	An expression of intent to injure or punish another	/θɹɛt/
2109	jenny	A device for spinning thread from fiber onto multiple…	/ˈd͡ʒɛni/
2110	physical	Pertaining to the world as understood through the senses…	/ˈfɪzɪkəl/
2111	nation	A historically constituted, stable community of people,…	/ˈneɪʃən/
2112	source	The person, place, or thing from which something comes or…	/sɔɹs/
2113	chose	A thing; personal property	/t͡ʃoʊz/
2114	healthy	Enjoying good health; free from disease or disorder	/ˈhɛl.θi/
2115	carl	A rude, rustic man; a churl	/kɑɹl̩/
2116	victory	The condition or state of having won a battle or…	/ˈvɪktɚi/
2117	rick	Straw, hay etc. stored in a stack for winter fodder,…	/ɹɪk/
2118	stood	To support oneself on the feet in an erect position	/stʊd/
2119	kicked	To strike or hit with the foot or other extremity of the leg	/kɪkt/
2120	disgusting	Causing disgust; repulsive; distasteful	/dɪsˈɡʌstɪŋ/
2121	palace	Official residence of a head of state or other dignitary,…	/ˈpælɪs/
2122	below	Lower in spatial position than	/bɪˈloʊ/
2123	shopping	To visit stores or shops to browse or explore merchandise,…	/ˈʃɑpɪŋ/
2124	neighborhood	The residential area near one's home	/ˈneɪbɚˌhʊd/
2125	march	A formal, rhythmic way of walking, used especially by…	/mɑɹt͡ʃ/
2126	lips	To kiss, to smooch	/lɪps/
2127	midnight	The middle of the night: the sixth temporal hour,…	[ˈmɪd̚ˌnɐɪt]
2128	piss	Urine	/pɪs/
2129	advantage	Any condition, circumstance, opportunity or means,…	/ədˈvɑːn.tɪd͡ʒ/
2130	pure	to a great extent or degree; extremely; exceedingly	/ˈpjʊɚ/
2131	india	Alternative letter-case form of India from the NATO/ICAO…	/ˈɪndiə/
2132	aside	To or on one side so as to be out of the way	/əˈsaɪd/
2133	jerk	A sudden, often uncontrolled movement, especially of the…	/ˈd͡ʒɝk/
2134	mail	A bag or wallet	/meɪl/
2135	dawn	To begin to brighten with daylight	/dɔːn/
2136	effect	The result or outcome of a cause	/ɪˈfɛkt/
2137	spell	Words or a formula supposed to have magical powers	/spɛl/
2138	freak	An act of sexual intercourse	/fɹiːk/
2139	wood	The substance making up the central part of the trunk and…	/wɵd/
2140	screwed	To connect or assemble pieces using a screw	/ˈskɹuːd/
2141	enemies	Someone who is hostile to, feels hatred towards, opposes…	/ˈɛn.ə.miz/
2142	gary	Synonym of Gary Glitter	/ˈɡæɹ.ɪ/
2143	awake	Not asleep; conscious	/əˈweɪk/
2144	chuckling	An instance in which someone chuckles	/ˈtʃʌklɪŋ/
2145	vacation	An extended trip or journey away from home for rest or…	/veɪˈkeɪ.ʃən/
2146	violence	Extreme force	/ˈvaɪ(ə)lən(t)s/
2147	leo	Clipping of leotard	/ˈliːoʊ/
2148	grandmother	A mother of someone's parent	/ˈɡɹæn(d)ˌmʌðɚ/
2149	modern	Pertaining to a current or recent time and style; not…	/ˈmɑ.dɚn/
2150	luke	lukewarm	/l(j)uːk/
2151	firm	A business partnership; the name under which it trades	/fɜɹm/
2152	prime	First in importance, degree, or rank	/pɹaɪ̯m/
2153	heh	Weak amusement, sometimes signaling boredom or slight…	/ˈhɛh/
2154	touched	To make physical contact with; to bring the hand, finger or…	/tʌt͡ʃt/
2155	talent	A marked natural ability or skill	/ˈtæl.ənt/
2156	whore	Synonym of prostitute: a person who offers sexual services…	/hɔɚ/
2157	piano	Softly, as a dynamic in a piece of music	/piˈænoʊ/
2158	license	A legal document giving official permission to do…	/ˈlaɪ.səns/
2159	cooking	To prepare food for eating, typically by heating it,…	/ˈkɵkɪŋ/
2160	honour	British, Canadian, Commonwealth, and Ireland standard…	/ˈɑnəɹ/
2161	concern	That which affects one’s welfare or happiness. A matter of…	/kənˈsɝn/
2162	moves	The act of moving; a movement	/muːvz/
2163	available	Such as one may avail oneself of; capable of being used for…	/əˈveɪ.lə.bəl/
2164	factory	A building or other place where manufacturing takes place	/ˈfæk.tɚ.i/
2165	gods	A deity or supreme being; a supernatural, typically…	/ɡɑdz/
2166	value	The quality that renders something desirable or valuable;…	/ˈvæl.ju/
2167	central	Being in the centre	/ˈsɛntɹ(ə)l/
2168	union	The act of uniting or joining two or more things into one	/ˈjuː.njən/
2169	mirror	A smooth surface, usually made of glass with reflective…	/ˈmiɹɚ/
2170	studio	An artist’s or photographer’s workshop or the room in which…	/ˈstudi.oʊ/
2171	media	The middle layer of the wall of a blood vessel or lymph…	/ˈmi.di.ə/
2172	taxi	A vehicle that may be hired for single journeys by members…	/ˈtaksɪj/
2173	dies	To stop living; to become dead; to undergo death	/daɪz/
2174	iron	A common, inexpensive metal, silvery grey when untarnished,…	/ˈaɪ.ɚn/
2175	hearts	A muscular organ that pumps blood through the body,…	/hɑɹts/
2176	desire	To want; to wish for earnestly	/dɪˈzaɪɹ/
2177	rob	To steal from, especially using force or violence	/ɹɑb/
2178	claire	A small enclosed pond used for gathering and greening…	/ˈklɛɹ/
2179	fred	A novice cyclist	/fɹɛd/
2180	songs	A musical composition with lyrics for voice or voices,…	/sɔŋz/
2181	washington	A U.S. one-dollar bill, which features a portrait of George…	/ˈwɑʃɪŋtən/
2182	monkey	A member of the clade Simiiformes other than those in the…	/ˈmʌŋki/
2183	pride	A sense of one's own worth; reasonable self-esteem and…	/pɹaɪd/
2184	pills	A small, usually round or cylindrical object designed for…	/pɪlz/
2185	miracle	An event that appears inexplicable by the laws of nature…	/ˈmiɹ.ə.kəl/
2186	swim	Someone who isn't me; someone who isn't myself	/swɪm/
2187	burned	To cause to be consumed by fire	/ˈbɝnd/
2188	smells	A sensation, pleasant or unpleasant, detected by inhaling…	/ˈsmɛlz/
2189	joking	To do or say something for amusement rather than seriously	/ˈd͡ʒoʊkɪŋ/
2190	christian	A believer in Christianity	/ˈkɹɪʃt͡ʃən/
2191	bleeding	used as an intensifier: Extremely	/ˈbliːdɪŋ/
2192	hook	A rod bent into a curved shape, typically with one end free…	/hɵk/
2193	beating	To hit; to strike	/ˈbiːtɪŋ/
2194	protection	The process of keeping safe	/pɹəˈtɛkʃn̩/
2195	treatment	The process or manner of treating someone or something	/ˈtɹiːtmənt/
2196	ear	The organ of hearing, consisting of the pinna or auricle,…	/ˈɪɚ/
2197	carter	A person who transports a load on a cart that is drawn by a…	/ˈkɑɹtɚ/
2198	metal	Any of a number of chemical elements in the periodic table…	/ˈmɛ.təl/
2199	disappear	To vanish	/dɪsəˈpɪɹ/
2200	grateful	Of a person or their actions, feelings, etc.: expressing…	/ˈɡɹeɪtf(ə)l/
2201	extremely	To an extreme degree	/ɪksˈtɹimli/
2202	treasure	A collection of valuable things; accumulated wealth; a…	[ˈtɹɛʒɚ]
2203	rescue	To save from any violence, danger or evil	/ˈɹɛs.kju/
2204	capable	Able and efficient; having the ability needed for a…	/ˈkeɪ.pə.bəl/
2205	passing	To move or be moved from one place to another	/ˈpɑːsɪŋ/
2206	chatter	Talk, especially meaningless or unimportant talk	/ˈt͡ʃætɚ/
2207	result	To proceed, spring up or rise, as a consequence, from…	/ɹɪˈzʌlt/
2208	suffering	To undergo hardship	/ˈsʌfəɹɪŋ/
2209	sisters	A daughter of the same parents as another person; a female…	/ˈsɪs.tɚz/
2210	laid	To place down in a position of rest, or in a horizontal…	/leɪd/
2211	governor	The chief executive officer of a first-level administrative…	/ˈɡʌv(ə)nə/
2212	guards	A person who, or thing that, protects or watches over…	/ɡɑɹdz/
2213	louis	Any gold or silver coin issued by the French kings from…	/ˈluː.i/
2214	text	A writing consisting of multiple glyphs, characters,…	/tɛkst/
2215	literally	Without overstatement or understatement, or false or…	/ˈlɪ.tə.ɹə.li/
2216	remove	To delete	/ɹɪˈmuv/
2217	becoming	begin to be; turn into	/bɪˈkʌm.ɪŋ/
2218	performance	The act of performing; carrying into execution or action;…	/pɚˈfɔɹ.mən(t)s/
2219	stronger	Capable of producing great physical force	/stɹɔŋɡɚ/
2220	rate	The proportional relationship between one amount, value…	/ɹeɪt/
2221	deeply	To a deep extent or degree; very greatly	/ˈdi(ː)pli/
2222	scream	A loud, emphatic, exclamation of extreme emotion,…	/skɹiːm/
2223	desert	A barren area of land or desolate terrain, especially one…	/ˈdɛz.ɚt/
2224	vehicle	A conveyance: a spacious device for carrying or…	/ˈvi.ə.kəl/
2225	illegal	Contrary to, forbidden, or not authorized by law,…	/ɪˈli.ɡəl/
2226	pulling	To apply a force to so that it comes toward the person or…	/ˈpʊlɪŋ/
2227	throwing	To hurl; to release with some force from one’s hands, an…	/ˈθɹoʊ.ɪŋ/
2228	josh	An instance of good-natured banter	/ˈdʒɑːʃ/
2229	unbelievable	Not to be believed	/ˌʌnbɪˈliːvəbl̩/
2230	ted	A Teddy boy	/tɛd/
2231	zero	The cardinal number occurring before one and that denotes…	/ˈzɪɹoʊ/
2232	dean	A senior official in a college or university, who may be in…	/diːn/
2233	curious	Tending to ask questions, or to want to explore or…	/ˈkjʊɹ.i.əs/
2234	sean	Dated form of seine	/ˈʃɔːn/
2235	candy	Crystallized sugar formed by boiling down sugar syrup	/ˈkæn.di/
2236	bone	Used before an adjective as an intensifier	/boʊn/
2237	tied	To twist around itself securely	/taɪd/
2238	edge	The boundary line of a surface	/ɛd͡ʒ/
2239	load	A burden; a weight to be carried	/loʊd/
2240	susan	Of or pertaining to the ancient city of Susa	/ˈsuːzən/
2241	ahh	Pronunciation spelling of ass	/ˈɑː/
2242	mountains	An elevation of land of considerable dimensions rising more…	/ˈmaʊn.tn̩z/
2243	boom	To make a loud, hollow, resonant sound	/bum/
2244	former	Previous	/ˈfɔɹmɚ/
2245	holiday	A day on which a religious event or secular celebration is…	/ˈhɑləˌdeɪ/
2246	riding	To transport oneself by sitting on and directing a horse,…	/ˈɹaɪ.dɪŋ/
2247	scoffs	A derisive or mocking expression of scorn, contempt, or…	/ˈskɔfs/
2248	hundreds	A hundred-dollar bill, or any other note denominated 100	/ˈhʌn.dɹədz/
2249	motherfucker	Expressing dismay, discontent, or surprise	/mʌðɚˌfʌkɚ/
2250	sue	To file a legal action against someone, generally a…	/sjuː/
2251	bags	A soft container made out of cloth, paper, thin plastic,…	/bæɡz/
2252	stealing	To take illegally, or without the owner's permission,…	/ˈstiːlɪŋ/
2253	appears	To come or be in sight; to be in view; to become visible	/əˈpɪɹz/
2254	arrive	To reach; to get to a certain place	/əˈɹaɪv/
2255	remains	To stay after others or other parts have been removed or…	/ɹɪˈmeɪnz/
2256	decent	Appropriate; suitable for the circumstances	/ˈdi.sənt/
2257	issues	The outflow of a bodily fluid, particularly in abnormal…	/ˈɪʃ(j)uz/
2258	tip	The extreme end of something, especially when pointed; e.g.…	/tɪp/
2259	fail	To be unsuccessful	/feɪl/
2260	bride	A woman in the context of her own wedding; one who is going…	/bɹaɪd/
2261	pissed	To urinate	/pɪst/
2262	penny	In the United Kingdom, a unit of currency worth ¹⁄₁₀₀ of a…	/ˈpɛni/
2263	claim	A demand of ownership made for something	/kleɪm/
2264	friendship	The condition of being friends	/ˈfɹɛn(d)ʃɪp/
2265	desperate	In dire need; having a dire need or desire	/ˈdɛs.p(ə.)ɹɪt/
2266	flower	A colorful, conspicuous structure associated with…	/ˈflaʊ̯.ɚ/
2267	dramatic	Of or relating to the drama	/dɹəˈmætɪk/
2268	refuse	Discarded, rejected	/ɹɪˈfjuz/
2269	solve	To find an answer or solution to a problem or question; to…	/sɒlv/
2270	theme	A subject, now especially of a talk or an artistic piece; a…	/θiːm/
2271	loving	An intensifier, often applying more to the whole utterance…	/ˈlʌvɪŋ/
2272	properly	In a proper manner, appropriately, suitably; correctly,…	/ˈpɹɑpɚli/
2273	dragon	In European mythologies, a gigantic beast, typically…	/ˈdɹæɡən/
2274	mostly	Mainly or chiefly; for the most part; usually, generally,…	/ˈmoʊstli/
2275	chuck	Meat from the shoulder of a cow or other animal	/t͡ʃʌk/
2276	directly	In a direct manner; in a straight line or course	/dɪˈɹɛk(t).li/
2277	surface	The external boundary of an object or body	/ˈsɜː.fɪs/
2278	false	In a dishonest and disloyal way; falsely	/fɔls/
2279	cast	To throw	/kæst/
2280	junior	Low in rank; having a subordinate role, job, or situation	/ˈd͡ʒuniɚ/
2281	hunting	To find or search for an animal in the wild with the…	/ˈhʌntɪŋ/
2282	silent	Free from sound or noise; absolutely still; perfectly quiet	/ˈsaɪ̯lənt/
2283	thou	Honorific alternative letter-case form of thou, sometimes…	/ðaʊ/
2284	egg	An approximately spherical or ellipsoidal body produced by…	/ɛɡ/
2285	punch	A hit or strike with one's fist	/pʌnt͡ʃ/
2286	woke	To stop sleeping	/woʊk/
2287	intelligence	The capacity of mind, especially to understand principles,…	/ɪnˈtɛl.ɪ.d͡ʒəns/
2288	borrow	To receive from somebody temporarily, expecting to return it	/ˈbɑɹ.oʊ/
2289	winning	To reach some destination or object, despite difficulty or…	/ˈwɪnɪŋ/
2290	falls	The act of moving to a lower position under the effect of…	/fɔlz/
2291	popular	Common among the general public; generally accepted	/ˈpɑ.pjə.lɚ/
2292	escaped	To get free; to free oneself	/ɪˈskeɪpt/
2293	witch	A person who uses magical or similar supernatural powers to…	/wɪt͡ʃ/
2294	convinced	To make someone believe, or feel sure about something,…	/kənˈvɪnst/
2295	warn	To make aware of impending danger, evil, etc	/woɹn/
2296	announcer	One who makes announcements	/əˈnaʊnsɚ/
2297	champagne	A sparkling white wine made from a blend of grapes,…	/ʃæmˈpeɪn/
2298	dust	Fine, dry particles of matter found in the air and covering…	/dʌst/
2299	kyle	A narrow arm or channel of the sea between an island and…	/kaɪl/
2300	someday	Sometime; at some unspecified time in the future	/ˈsʌmdeɪ/
2301	fallen	To move to a lower position under the effect of gravity	/ˈfɔlən/
2302	stranger	Not normal; odd, unusual, surprising, out of the ordinary,…	/ˈstɹeɪnd͡ʒɚ/
2303	presence	The fact or condition of being present, or of being within…	/ˈpɹɛzəns/
2304	tear	To rend by holding or restraining in two places and pulling…	/tɛɹ/
2305	internet	Internet access or connection; internet connectivity	/ˈɪn.(t)ɚˌnɛt/
2306	monsieur	Mister, especially in a French context	/məˈsjʊə(ɹ)/
2307	therefore	Consequently, by or in consequence of that or this cause;…	/ˈðɛɹ.fɔɹ/
2308	technology	The combined application of science and art in practical…	/tɛkˈnɑ.lə.dʒi/
2309	tires	US and Canada spelling of tyre: The rubber covering on a…	/ˈtaɪ̯ɚz/
2310	toast	Bread that has been toasted	/toʊst/
2311	wise	Showing good judgement or the benefit of experience	/waɪz/
2312	clark	Alternative form of clerk	/ˈklɑːɹk/
2313	americans	A citizen or national of the United States of America	/ɐˈmɛɹɪkənz/
2314	notes	A mark or token by which a thing may be known; a visible…	/noʊts/
2315	smoking	To inhale and exhale the smoke from a burning cigarette or…	/ˈsmoʊkɪŋ/
2316	hank	A coil or loop of something, especially twine, yarn, or rope	/ˈheɪ̯ŋk/
2317	ls	A fail	/ˌɛˈlɛs/
2318	wolf	Canis lupus; the largest wild member of the canine subfamily	/wʊlf/
2319	precious	Very; an intensifier	/ˈpɹɛʃ.əs/
2320	rooms	Space for something, or to carry out an activity	/ɹuːmz/
2321	coast	The edge of the land where it meets an ocean, sea, gulf,…	/koʊst/
2322	treated	To negotiate, discuss terms, bargain	/ˈtɹiːtɪd/
2323	material	Of, relating to, or consisting of matter, especially…	/məˈtɪɹ.i.əl/
2324	released	To let go of; to cease to hold or contain	/ɹɪˈliːst/
2325	uniform	Unvarying; all the same	/ˈjunɪˌfɔɹm/
2326	hated	To dislike intensely or greatly	/ˈheɪtɪd/
2327	considered	To think about seriously	/kənˈsɪdɚd/
2328	rice	Cereal plants, Oryza sativa of the grass family whose seeds…	/ɹaɪs/
2329	exchange	An act of exchanging or trading	/ɛksˈt͡ʃeɪnd͡ʒ/
2330	steps	An advance or movement made from one foot to the other; a…	/stɛps/
2331	blake	Yellow, as butter or cheese	/bleɪk/
2332	convince	To make someone believe, or feel sure about something,…	/kənˈvɪns/
2333	beast	Any four-footed land mammal	/biːst/
2334	cow	An adult female of the species Bos taurus, especially one…	/kaʊ/
2335	files	A collection of papers collated and archived together	/faɪlz/
2336	signs	A visible fact that shows that something exists or may…	/saɪnz/
2337	drag	Resistance of a fluid to something moving through it	/dɹæɡ/
2338	cab	A compartment at the front of a truck or train for the…	/kæb/
2339	hung	To be or remain suspended	/ˈhʌŋ/
2340	carried	To lift and take it to another place; to transport by…	/ˈkɛɹ.id/
2341	ordinary	A person having immediate jurisdiction in a given case of…	/ˈɔɹdɪnɛɹi/
2342	successful	Resulting in success; assuring or promoting success;…	/səkˈsɛs.fəl/
2343	eve	The day or night before, usually used for holidays, such as…	/iːv/
2344	mistakes	An error	/mɪˈsteɪks/
2345	houses	A structure built or serving as an abode of human beings	/hʌʊsɪz/
2346	chattering	To talk idly	/ˈtʃæɾɚɹɪŋ/
2347	brains	The control center of the central nervous system of an…	/bɹeɪnz/
2348	japan	A hard black enamel varnish containing asphalt	/d͡ʒəˈpæn/
2349	creature	A living being, such as an animal, monster, or alien	/ˈkɹi.tʃɚ/
2350	fourth	The ordinal form of the number four	/fɔɹθ/
2351	separate	To divide into separate parts	/ˈsɛp.əˌɹeɪt/
2352	cleaning	To remove dirt from a place or object	/ˈkliːnɪŋ/
2353	lf	Initialism of left foot	/ˌɛˈlɛf/
2354	ll	lines	/ˌɛˈlɛl/
2355	shift	A movement to do something, a beginning	/ˈʃɪft/
2356	exact	exactly	/ɪɡˈzækt/
2357	karen	A middle-aged white woman who exhibits a strong sense of…	/ˈkæɹən/
2358	goal	A result that one is attempting to achieve	/ɡoʊl/
2359	expert	Extraordinary capable or knowledgeable	/ˈɛk.spɜɹt/
2360	served	To be a formal servant for; to worship in an official…	/sɝvd/
2361	direct	Directly	/daɪˈɹɛkt/
2362	score	The total number of goals, points, runs, etc. earned by a…	/skoɹ/
2363	row	A line of objects, often regularly spaced, such as seats in…	/ɹoʊ/
2364	marks	A stone or post used to indicate position and guide…	/mɑɹks/
2365	twenty	The cardinal number 20, occurring after nineteen and before…	/ˈtwɛnti/
2366	receive	To be given, sent, or paid something	/ɹɪˈsiv/
2367	series	A number of things that follow on one after the other or…	/ˈsɪɹ.iz/
2368	section	A cutting; a part cut out from the rest of something	/ˈsɛkʃən/
2369	pilot	A person who steers a ship, a helmsman	/ˈpaɪ̯.lət/
2370	jackson	A U.S. 20-dollar banknote USD	/ˈd͡ʒæksən/
2371	darkness	The state of being dark; lack of light; the absolute or…	/ˈdɑɹk.nɪs/
2372	thy	Honorific alternative letter-case form of thy, sometimes…	/ˈðaɪ̯/
2373	sale	An exchange of goods or services for currency or credit	/seːl/
2374	destiny	That to which any person or thing is destined; a…	/ˈdɛs.tɪ.ni/
2375	cure	A method, device or medication that restores good health	/kjʊɹ/
2376	spoken	To communicate with one's voice, to say words out loud	/ˈspoʊ.kən/
2377	armed	To supply with armour or weapons	/ɑɹmd/
2378	rare	Very uncommon; scarce	/ɹɛɚ/
2379	helen	Any of various papilionid butterflies of the genus Papilio	/ˈhɛlən/
2380	grade	A rating	[ɡɹeɪd]
2381	juice	A liquid made from plant, especially fruit	/d͡ʒʉws/
2382	wide	Extensively	/waɪd/
2383	tower	A tall, narrow structure significantly taller than it is…	/ˈtaʊɚ/
2384	solution	A homogeneous mixture, which may be liquid, gas or solid,…	/səˈl(j)uːʃən/
2385	schedule	A procedural plan, usually but not necessarily tabular in…	/ˈʃɛd͡ʒuːl/
2386	explosion	A violent release of energy; an act or instance of exploding	/ɛkˈsploʊ.ʒən/
2387	wheel	A circular device capable of rotating on its axis,…	/ˈwiːl/
2388	cigarette	A small cigar consisting of tobacco or another substance,…	/ˈsɪɡəɹɛt/
2389	fruit	A product of fertilization in a plant, specifically	/fɹut/
2390	blew	To produce an air current	/blu/
2391	victor	The winner in a fight or contest	/ˈvɪk.tɚ/
2392	talks	A conversation or discussion; usually serious, but informal	/ˈtɔks/
2393	sacrifice	Originally, the killing of a human being or an animal as an…	/ˈsæk.ɹɪˌfaɪs/
2394	range	A line or series of mountains, buildings, etc	/ˈɹeɪnd͡ʒ/
2395	button	A knob or disc that is passed through a loop or, serving as…	/ˈbʌtən/
2396	reports	A piece of information describing, or an account of certain…	/ɹɪˈpɔɹts/
2397	prisoner	A person incarcerated in a prison, while on trial or…	/ˈpɹɪzənɚ/
2398	pie	A type of pastry that consists of an outer crust and a…	/paɪ/
2399	effort	The work involved in performing an activity; exertion	/ˈɛf.ɚt/
2400	youth	The quality or state of being young	/juθ/
2401	pot	A flat-bottomed vessel used for cooking food, possibly…	/pɑt/
2402	eaten	To consume by putting it into the mouth and swallowing it	/ˈiː.tn̩/
2403	taylor	Obsolete form of tailor	/ˈteɪlɚ/
2404	knees	In humans, the joint or the region of the joint in the…	/niːz/
2405	garage	A building used to store a car or cars, tools and other…	/ɡəˈɹɑʒ/
2406	parking	To bring to a halt or store in a specified place	/ˈpɑɹ.kɪŋ/
2407	ambulance	An emergency vehicle designed for transporting seriously…	/ˈæmbjᵿl(ə)n(t)s/
2408	staring	The act of one who stares	/ˈstɛɹɪŋ/
2409	chances	An opportunity or possibility	/ˈt͡ʃænsɪz/
2410	circumstances	Something which is related to, or in some way affects, a…	/ˈsɝkəmstænsɪz/
2411	sin	A violation of divine will or religious law	/ˈsɪn/
2412	gordon	A Gordon setter	/ˈɡɔrdn̩/
2413	progress	Movement or advancement through a series of events, or…	/pɹəˈɡɹɛs/
2414	unusual	Not usual, out of the ordinary	/ʌnˈjuːʒ(u)əl/
2415	county	An administrative or geographical region of various…	/ˈkaʊn(t)i/
2416	stairs	A contiguous set of steps connecting two floors	/ˈstɛɹz/
2417	campaign	A series of operations undertaken to achieve a set goal	/kæmˈpeɪn/
2418	'mon	Alternative form of mon	
2419	vision	The sense or ability of sight	/ˈvɪʒ.ən/
2420	reporter	Someone or something that reports	/ɹɪˈpoɹ.tɚ/
2421	equipment	The act of equipping, or the state of being equipped, as…	/ɪˈkwɪpmənt/
2422	moments	A particular point of space; a spot	/ˈmoʊmənts/
2423	joey	The immature young of a marsupial, notably a junior…	/ˈd͡ʒoʊ.i/
2424	mass	A quantity of matter cohering so as to make one body, or an…	/mæs/
2425	alien	A person, animal, plant, or other thing which is from…	/ˈeɪ.li.ən/
2426	trapped	To physically capture, to catch in a trap or traps, or…	/ˈtɹæpt/
2427	helps	To provide assistance to	/hɛlps/
2428	route	A course or way which is traveled or passed	/ɹut/
2429	defend	To ward off attacks against	/dɪˈfɛnd/
2430	trace	An act of tracing	/tɹeɪs/
2431	nasty	Dirty, filthy	/ˈnæs.ti/
2432	tests	A challenge, trial	/tɛsts/
2433	magazine	A nonacademic, periodical publication which consists of…	/ˌmæɡəˈziːn/
2434	rocks	The naturally occurring aggregate of solid mineral matter…	/ɹɑks/
2435	dump	A place where waste or garbage is left; a ground or place…	/dʌmp/
2436	rude	Lacking in refinement or civility; bad-mannered;…	/ɹud/
2437	searching	To look in for something	/ˈsɜɹt͡ʃɪŋ/
2438	clue	Information which may lead one to a certain point or…	/kluː/
2439	connected	Having favorable rapport with a powerful entity	/kəˈnɛktɪd/
2440	amen	Certainly; verily	/(ˌ)ɑːˈmɛn/
2441	pushed	To apply a force to such that it moves away from the person…	/pʊʃt/
2442	merry	Jolly and full of high spirits; happy	/ˈmɛ.ɹi/
2443	zone	Any given region or area of the world	/zoʊn/
2444	senior	Older	/ˈsinjɚ/
2445	closing	To move a thing, or part of a thing, nearer to another so…	/ˈkloʊzɪŋ/
2446	freeze	Especially of a liquid, to become solid due to low…	/ˈfɹiːz/
2447	emperor	The male monarch or ruler of an empire	/ˈɛmp(ə)ɹɚ/
2448	incident	An event or occurrence	/ˈɪnsɪdənt/
2449	snake	Any of the suborder Serpentes of legless reptiles with…	/sneɪk/
2450	lily	Any of several flowers in the genus Lilium of the family…	/ˈlɪli/
2451	actor	Someone or something that takes part in some action; a…	/ˈæk.tɚ/
2452	newspaper	A publication, usually published daily or weekly,…	/ˈn(j)usˌpeɪpɚ/
2453	sentence	The judicial order for a punishment to be imposed on a…	[ˈsɛn.tn̩(t)s]
2454	leading	To cover, fill, or affect with lead	/ˈlɛdɪŋ/
2455	friendly	In a friendly manner; like a friend	/ˈfɹɛnd.li/
2456	jones	An addiction or intense craving	/d͡ʒoʊnz/
2457	chosen	To pick; to make the choice of; to select	/ˈt͡ʃoʊ.zən/
2458	engaged	Having agreed to marry a particular person or each other	/ɪnˈɡeɪd͡ʒd/
2459	charming	Pleasant, charismatic	/ˈtʃɑː(ɹ).mɪŋ/
2460	anger	A strong and unpleasant feeling of displeasure, hostility,…	/ˈæŋɡɚ/
2461	spending	Amount of money spent; expenditure	/ˈspɛndɪŋ/
2462	learning	To acquire, or attempt to acquire knowledge or an ability…	/ˈlɝnɪŋ/
2463	spy	A person who secretly watches and examines the actions of…	/spaɪ/
2464	sharp	To a point or edge	/ʃɑɹp/
2465	shadow	A dark image projected onto a surface where light is…	/ˈʃædoʊ̯/
2466	warrant	Authorization or certification; a sanction, as given by a…	/ˈwɔɹənt/
2467	elevator	Anything that raises or uplifts	/ˈɛləˌveɪtɚ/
2468	kingdom	A realm having a king or queen as its actual or nominal…	/ˈkɪŋdəm/
2469	squad	A group of people organized for some common purpose,…	/ˈskwɑd/
2470	shoulder	The part of the human torso forming a relatively horizontal…	/ˈʃoʊldɚ/
2471	wave	To move back and forth repeatedly and somewhat loosely	/weɪv/
2472	highness	The state of being high	/ˈhaɪnəs/
2473	kinds	A type, race or category; a group of entities that have…	/kaɪndz/
2474	fishing	To hunt fish or other aquatic animals in a body of water,…	/ˈfɪʃɪŋ/
2475	sometime	At an indefinite but stated time in the past or future	/ˈsʌmˌtaɪm/
2476	attitude	The position of the body or way of carrying oneself	/ˈætɪˌtud/
2477	sucks	An instance of drawing something into one's lungs by…	/sʌks/
2478	negative	Not positive or neutral; bad; undesirable; unfavourable	/ˈnɛɡ.ə.tɪv/
2479	screen	A physical divider intended to block an area from view, or…	/ˈskɹiːn/
2480	workers	One who works: a person who performs labor for a living;…	/ˈwɝ.kɚz/
2481	bored	Suffering from boredom; mildly annoyed and restless through…	/bɔɹd/
2482	cameras	A device for taking still or moving pictures or photographs	/ˈkæmɹəz/
2483	similar	Having traits or characteristics in common; alike, allied,…	/ˈsɪm.ə.lɚ/
2484	understanding	To know the meaning of; to parse or have parsed correctly;…	/ˌʌndɚˈstændɪŋ/
2485	beeps	The sound produced by the horn of a car, or any similar…	/biːps/
2486	chain	A series of interconnected rings or links usually made of…	/ˈt͡ʃeɪn/
2487	bull	Specifically, one that is uncastrated	/bʊl/
2488	gasping	The act by which one gasps	/ˈɡæspɪŋ/
2489	fully	In a full manner; without lack or defect; completely,…	/ˈfɵlɪj/
2490	robin	A European robin, Erithacus rubecula	/ˈɹɑ.bɪn/
2491	collect	With payment due from the recipient	/ˈkɑlɪkt/
2492	gorgeous	Sumptuously dressed	/ˈɡoɹd͡ʒəs/
2493	morgan	A unit for expressing the relative distance between genes…	/ˈmɔɹɡən/
2494	passion	A true desire sustained or prolonged	/ˈpæʃən/
2495	writer	A person who writes, or produces literary work; an author…	/ˈɹaɪ.təɹ/
2496	empire	A political state, often a monarchy, that has achieved a…	/ˈɛmˌpaɪ̯ɹ/
2497	international	Between or among nations	/ˌɪn.(t)ɚˈnæʃ.(ə.)n(ə)l/
2498	curse	A supernatural detriment or hindrance; a bane	/kɝs/
2499	hire	A person who has been hired, especially in a cohort	/ˈhaɪɹ/
2500	bastards	A mongrel	/ˈbæstɚdz/
2501	puts	To physically place	/pʊts/
2502	leads	A heavy, pliable, inelastic metal element, having a bright,…	/lɛdz/
2503	id	An ident	/ɪd/
2504	blows	A strong wind	/bloʊz/
2505	sons	One's male offspring	/sʌnz/
2506	estate	The collective property and liabilities of someone,…	/ɪˈsteɪt/
2507	customers	A person or company who purchases or receives a product or…	/ˈkʌstəmɚz/
2508	maggie	Any of several kinds of bird in the family Corvidae,…	/ˈmæɡi/
2509	gunshot	The act of discharging a firearm	/ˈɡʌn.ʃɑt/
2510	device	Any piece of equipment made for a particular purpose,…	/dɪˈvaɪs/
2511	troops	Military personnel in uniform	/tɹuːps/
2512	hug	A close embrace, especially when charged with an emotion…	/hʌɡ/
2513	design	A specification of an object or process, referring to…	/dɪˈzaɪn/
2514	movement	Physical motion between points in space	/ˈmuːv.mənt/
2515	thunder	The loud rumbling, cracking, or crashing sound caused by…	/ˈθʌndɚ/
2516	object	A thing that has physical existence but is not alive	/əbˈd͡ʒɛkt/
2517	loser	A person who loses; one who fails to win or thrive	/luzɚ/
2518	pen	An enclosure used to contain domesticated animals,…	/pɪn/
2519	sobbing	Act of one who sobs; a crying or weeping	/ˈsɑbɪŋ/
2520	politics	A methodology and activities associated with the…	/ˈpɒl.ɪ.tɪks/
2521	despite	In spite of, notwithstanding	/dɪˈspaɪt/
2522	alcohol	Any of a class of organic compounds containing a hydroxyl…	/ˈɑl.kə.hɔl/
2523	climb	To traverse a slope or contour, either upwards or downwards	/ˈklaɪ̯m/
2524	clients	A customer, a buyer or receiver of goods or services	/ˈklaɪənts/
2525	conference	The act of consulting together formally; serious…	/ˈkɑn.f(ə.)ɹəns/
2526	provide	To make a living; earn money for necessities	/pɹəˈvaɪd/
2527	seek	To try to find; to look for; to search for	/ˈsiːk/
2528	witnesses	Attestation of a fact or event; testimony	/ˈwɪt.nə.sɪz/
2529	earn	To gain through applied effort or work	/ɝn/
2530	trash	Useless physical things to be discarded; rubbish; refuse	/tɹæʃ/
2531	valley	An elongated depression cast between hills or mountains,…	/ˈvalɪj/
2532	fashion	A current trend, favored for frivolous rather than…	/ˈfæʃən/
2533	episode	A discrete but connected event, situation, or period within…	/ˈɛp.ə.soʊd/
2534	prize	That which is taken from another; something captured; a…	/ˈpɹaɪ̯z/
2535	previously	At an earlier time; already	/ˈpɹivi.əsli/
2536	sports	Synonym of sport	/spɔːɹts/
2537	wanting	Without, except, but	/ˈwɑntɪŋ/
2538	debt	An action, state of mind, or object one has an obligation…	/ˈdɛt/
2539	wishes	A desire, hope, or longing for something or for something…	/ˈwɪʃɪz/
2540	hitler	A dictatorial person; someone who loves to exert their…	/ˈhɪtlɚ/
2541	wire	Metal formed into a thin, even thread, now usually by being…	/ˈwaɪɚ/
2542	thee	Honorific alternative letter-case form of thee, sometimes…	/ðiː/
2543	circle	Angry debate or conversation; argument	/ˈsɜɹkəl/
2544	approach	To come or go near, in place or time; to move toward; to…	/əˈpɹoʊt͡ʃ/
2545	stock	A store or supply	/stɑk/
2546	facts	Something actual as opposed to invented	/ˈfækts/
2547	remembered	To recall from one's memory; to have an image in one's…	/ɹɪˈmɛmbɚd/
2548	percent	For every hundred	/pɚˈsɛnt/
2549	normally	Under normal conditions or circumstances; usually; most of…	/ˈnɔɹ.mə.li/
2550	tail	The caudal appendage of an animal that is attached to their…	/ˈteɪ̯l/
2551	joined	To connect or combine into one; to put together	/ˈd͡ʒɔɪnd/
2552	education	The process of imparting knowledge, skill and judgment	/ˌɛd͡ʒ.əˈkeɪ.ʃən/
2553	bravo	A hired soldier; an assassin; a desperado	/ˈbɹɑvoʊ/
2554	library	An institution which holds books and/or other forms of…	/ˈlaɪˌbɹɛɹ.i/
2555	rape	The act of forcing sex upon another person without their…	/ˈɹeɪ̯p/
2556	wings	An appendage of an animal's body that enables it to fly	/wɪŋz/
2557	growling	Producing a growl	/ˈɡɹaʊlɪŋ/
2558	thrown	To hurl; to release with some force from one’s hands, an…	/θɹoʊn/
2559	tank	A closed container for liquids or gases	/ˈteɪ̯ŋk/
2560	exhales	To expel air from the lungs through the nose or mouth by…	/ɛksˈheɪlz/
2561	authority	Power or right to make or enforce rules, give orders, or…	/əˈθɔɹədi/
2562	current	The generally unidirectional movement of a gas or fluid	/ˈkʌɹənt/
2563	failure	State or condition of not meeting a desirable or intended…	/ˈfeɪ.ljəɹ/
2564	nightmare	A very unpleasant or frightening dream	/ˈnaɪt.mɛɚ/
2565	hitting	To administer a blow to, directly or with a weapon or…	/ˈhɪtɪŋ/
2566	glory	Great beauty and splendor	/ˈɡloɹi/
2567	knocked	To rap one's knuckles against something, especially wood	/nɑkt/
2568	studying	To review materials already learned in order to make sure…	/ˈstʌdiːɪŋ/
2569	barry	A field divided transversely into several equal parts, and…	/ˈbɑɹ.i/
2570	agency	The capacity, condition, or state of acting or of exerting…	/ˈeɪ.d͡ʒən.si/
2571	apple	The fruit of the tree Malus domestica, chiefly with a…	/ˈæp.əl/
2572	border	The line or frontier area separating political or…	/ˈbɔɹ.dɚ/
2573	rope	Thick strings, yarn, monofilaments, metal wires, or strands…	/ɹoʊp/
2574	duck	To quickly lower, often in order to prevent it from being…	/dʌk/
2575	reputation	What somebody or something is known for	/ˌɹɛpjʊˈteɪʃən/
2576	confidence	Self-assurance	/ˈkɑn.fɪ.dəns/
2577	yard	A small, usually uncultivated area adjoining or within the…	/ˈjɑɹd/
2578	beloved	Much loved, dearly loved	/bɪˈlʌvd/
2579	lack	A deficiency or need; an absence, want, dearth	/læk/
2580	actual	relating to a person's acts or deeds; active, practical	/ˈækʃuəl/
2581	skills	To set apart; separate	/skɪlz/
2582	films	A thin layer of some substance; a pellicle; a membranous…	/fɪlmz/
2583	mental	Occurring or experienced in the mind	/ˈmɛn.təl/
2584	salt	A common substance, chemically consisting mainly of sodium…	/sɑlt/
2585	flesh	The soft tissue of the body, especially muscle and fat	/flɛʃ/
2586	secure	Free from attack or danger; protected	/səˈkjʊɹ/
2587	highly	In a high or esteemed manner	/ˈhaɪli/
2588	federal	Pertaining to a league or treaty; derived from an agreement…	/ˈfɛdəɹəl/
2589	sand	Rock that is ground more finely than gravel, but is not as…	/sænd/
2590	emotional	Of or relating to the emotions	/ɪˈmoʊʃənəl/
2591	setting	To put down, to rest	/ˈsɛtɪŋ/
2592	nothin	Contraction of nothing	/ˈnʌθɪn/
2593	senator	A member, normally elected, in the house or chamber of a…	/ˈsɛn.ə.tɚ/
2594	services	An act of being of assistance to someone	/ˈsɝ.vɪ.sɪz/
2595	robbery	The act or practice of robbing	/ˈɹɑbəɹi/
2596	hates	An object of hatred	/heɪts/
2597	fed	To give food to eat	/ˈfɛd/
2598	reward	Something of value given in return for an act	/ɹɪˈwɔɹd/
2599	theater	A place or building, consisting of a stage and seating, in…	/ˈθɪə.tɚ/
2600	johnson	Penis	/ˈd͡ʒɑnsən/
2601	commit	To give in trust; to put into charge or keeping; to…	/kəˈmɪt/
2602	entirely	To the full or entire extent	/ɪnˈtaɪɹli/
2603	extraordinary	Out of the ordinary; exceptional; unusual	/ɪkˈstɹɔɹdɪnɛɹi/
2604	ships	A water-borne vessel generally larger than a boat	/ʃɪps/
2605	opposite	In an opposite position	/ˈɒp.ə.zɪt/
2606	parties	A person or group of people constituting one side in a…	/ˈpɑɹtiz/
2607	stands	The act of standing	/stændz/
2608	terry	A type of coarse cotton fabric covered in many small raised…	/ˈtɛɹi/
2609	chat	To be engaged in informal conversation	/ˈt͡ʃæt/
2610	events	An occurrence; something that happens	/ɪˈvɛnts/
2611	mummy	An embalmed human or non-human animal corpse wrapped in…	/ˈmʌm.i/
2612	bay	A body of water contained by a concave shoreline	/ˈbeɪ̯/
2613	slip	To lose one’s traction on a slippery surface; to slide due…	/ˈslɪp/
2614	disappointed	Defeated of expectations or hope; experiencing…	/ˌdɪsəˈpɔɪnɪd/
2615	settled	To determine; to resolve conclusively; to set or fix	/ˈsɛtl̩d/
2616	begins	To start, to initiate or take the first step into something	/bɪˈɡɪnz/
2617	alert	Attentive; awake; on guard	/əˈlɝt/
2618	detail	A part small enough to escape casual notice	/dɪˈteɪl/
2619	pink	A color reminiscent of pinks, the flowers	/ˈpɪŋk/
2620	fellas	Pronunciation spelling of fellow	/ˈfɛləz/
2621	accepted	To receive, especially with a consent, with favour, or with…	/əkˈsɛp.tɪd/
2622	background	Less important or less noticeable in a scene or system	/ˈbæk.(ɡ)ɹaʊnd/
2623	garbage	Food waste material of any kind	/ˈɡɑɹ.bɪd͡ʒ/
2624	panic	Of fear, fright, etc: overwhelming or sudden	/ˈpeə̯nɪk/
2625	minds	The capability for rational thought	/maɪndz/
2626	belt	A band worn around the waist to hold clothing to one's…	/ˈbɛlt/
2627	blowing	To produce an air current	/ˈbloʊ.ɪŋ/
2628	hollywood	Resembling or relating to the Hollywood movie industry	/ˈhɑ.li.wʊd/
2629	agreement	An understanding between entities to follow a specific…	/əˈɡɹiːmənt/
2630	pushing	To apply a force to such that it moves away from the person…	/ˈpʊʃɪŋ/
2631	ability	The quality or state of being able; capacity to do or of…	/əˈbɪl.ə.ti/
2632	tiger	Panthera tigris, a large predatory mammal of the cat…	/ˈtaɪɡɚ/
2633	whispering	That whispers	/ˈ(h)wɪspəɹɪŋ/
2634	culture	The arts, customs, lifestyles, background, and habits that…	/ˈkʌlt͡ʃɚ/
2635	saint	A deceased person whom a church or another religious group…	/seɪnt/
2636	jesse	A representation of the genealogy of Christ, in decorative…	/ˈd͡ʒɛs.i/
2637	task	A piece of work done as part of one’s duties	/tæsk/
2638	solid	Solidly	/ˈsɑ.lɪd/
2639	doll	A small figure resembling a human being that is used as a…	/dɑl/
2640	intend	To fix the mind upon; be intent upon	/ɪnˈtɛnd/
2641	district	An administrative division of an area	/ˈdɪstɹɪkt/
2642	pa	Father, papa	/pɑː/
2643	gee	Of a horse, pack animal, etc.: to move forward; go faster;…	/d͡ʒiː/
2644	custody	The legal right to take care of something or somebody,…	/ˈkʌstədiː/
2645	ignore	To deliberately not listen or pay attention to	/ɪɡˈnoɹ/
2646	naturally	In a natural manner	/ˈnæt͡ʃ.(ə.)ɹə.li/
2647	useful	Having a practical or beneficial use	/ˈjusfəl/
2648	attempt	To try	/əˈtɛmpt/
2649	abandoned	Having given oneself up to vice; immoral; extremely wicked,…	/əˈbæn.dənd/
2650	cutting	To perform an incision on, for example with a knife	/ˈkʌtɪŋ/
2651	kissed	To touch with the lips or press the lips against, usually…	/kɪst/
2652	guarantee	Anything that assures a certain outcome	/ˌɡæɹ.ənˈtiː/
2653	barking	Clipping of barking mad	/ˈbɑɹkɪŋ/
2654	gather	To collect normally separate things	/ˈɡæðɚ/
2655	policy	A principle of behaviour, conduct which an entity applies…	/ˈpɒl.ə.si/
2656	violent	Involving extreme force or motion	/ˈvaɪ.ə.lənt/
2657	maid	An adult or adolescent female servant or cleaner	/meɪd/
2658	embarrassing	The action of the verb to embarrass; embarrassment	/ɪmˈbæɹ.ə.sɪŋ/
2659	childhood	The state of being a child	/ˈtʃaɪld.hʊd/
2660	wasting	To devastate; to destroy	/ˈweɪstɪŋ/
2661	bow	A weapon made of a curved piece of wood or other flexible…	/ˈboʊ̯/
2662	chick	A young bird	/t͡ʃɪk/
2663	disaster	An unexpected natural or man-made catastrophe of…	/dɪˈzɑːs.təː/
2664	revolution	A political upheaval in a government or state characterized…	/ˌɹɛv.əˈluː.ʃən/
2665	online	While online; while in a running or active state, or…	/ˈɔnlɑjn/
2666	f	Folio, paper and book size	/ˈɛf/
2667	demon	An evil being resident in or working for Hell; a devil	/ˈdiː.mən/
2668	heavily	With a great weight	/ˈhɛvɪli/
2669	coincidence	The property of being coincident, occurring at the same…	/koʊˈɪnsɪdəns/
2670	perform	To do; to execute	/pɚˈfoɹm/
2671	thin	Not thickly or closely; in a scattered state	/ˈθɪn/
2672	terrific	Very strong or intense; excessive, tremendous	/tɚˈɹɪfɪk/
2673	mac	Clipping of mackintosh	/mæk/
2674	crown	A royal, imperial or princely headdress; a diadem	/kɹaʊ̯n/
2675	identity	Sameness, identicalness; the quality or fact of being the…	/aɪˈdɛn(t)ɪti/
2676	virgin	A person who has never had sexual intercourse, or an animal…	/ˈvɝd͡ʒɪn/
2677	impressive	Making, or tending to make, a positive impression; having…	/ɪmˈpɹɛsɪv/
2678	windows	An opening, usually covered by one or more panes of clear…	/ˈwɪndoʊz/
2679	no-one	Alternative form of no one	/ˈnoʊˈwʌn/
2680	potential	A currently unrealized ability	/pəˈtɛnʃəl/
2681	guitar	A stringed musical instrument, of European origin, usually…	/ɡɪˈtɑɹ/
2682	committee	A body of one or more persons convened for the…	/kəˈmɪt.i/
2683	dozen	A set of twelve	/ˈdʌzən/
2684	delivery	The act of conveying something	/ˈdᵻlɪvɚɹi/
2685	advance	To help the progress of; to further	/ədˈvæns/
2686	quietly	Producing little or no noise	/ˈkwaɪ.ɪt.li/
2687	stan	An extremely obsessive fan of a person, group, character,…	/stæn/
2688	teaching	To pass on knowledge to	/ˈtiːt͡ʃɪŋ/
2689	hunter	One who hunts game for sport or for food; a huntsman or…	/ˈhʌntɚ/
2690	latest	At the latest	/ˈleɪ.tɪst/
2691	hurting	To cause physical pain and/or injury	/ˈhɜːɾɪŋ/
2692	swing	To rotate about an off-centre fixed point	/ˈswɪŋ/
2693	capital	Money and wealth: the means to acquire or produce goods and…	/ˈkæpɪtəl/
2694	counting	To recite numbers in sequence	/ˈkaʊ.nɪŋ/
2695	drew	To pull in a particular direction or manner	/dɹuː/
2696	dirt	Soil or earth	/dɝt/
2697	whistle	A device designed to be placed in the mouth and blown, or…	/ˈwɪs(ə)l/
2698	hits	A blow; a punch; a striking against; the collision of one…	/hɪts/
2699	deny	To disallow or reject	/dəˈnaɪ/
2700	urgent	Requiring immediate attention	/ˈɝ.d͡ʒənt/
2701	threatened	At risk of becoming endangered in the near future	/ˈθɹɛt.n̩d/
2702	behavior	Human conduct relative to social norms	/bɪˈheɪ.vjəɹ/
2703	molly	A woman or girl, especially of low status or prostitute	/ˈmɑli/
2704	mixed	Having two or more separate aspects	/mɪkst/
2705	stays	Continuance or a period of time spent in a place; abode for…	/steɪz/
2706	assure	To make sure and secure; ensure	/əˈʃʊɹ/
2707	explanation	The act or process of explaining	/ˌɛkspləˈneɪʃən/
2708	wins	An individual victory	/wɪnz/
2709	unique	Being the only one of its kind; unequaled, unparalleled or…	/juːˈniːk/
2710	chasing	To follow at speed	/ˈt͡ʃeɪsɪŋ/
2711	billion	a thousand million: 1 followed by nine zeros, 10⁹	/ˈbɪljən/
2712	duke	The male ruler of a duchy	/dʒuːk/
2713	production	The act of producing, making or creating something	/pɹəˈdʌkʃən/
2714	slave	A person who is held in servitude as the property of…	/sleɪv/
2715	agents	One who exerts power, or has the power to act	/ˈeɪ.d͡ʒənts/
2716	carol	A ballad or song of joy	/ˈkɛɹəl/
2717	lets	The allowing of possession of a property etc. in exchange…	/lɛts/
2718	cruel	Intentionally causing or reveling in pain and suffering;…	/ˈkɹuːəl/
2719	mask	A cover, or partial cover, for the face, used for disguise…	/mæsk/
2720	sally	A willow	/ˈsæli/
2721	behave	To conduct well, or in a given way; to conform	/bɪˈheɪv/
2722	bury	To kill or murder	/ˈbɛɹi/
2723	massive	Very large in size or extent	/ˈmæs.ɪv/
2724	pathetic	Arousing pity, sympathy, or compassion; exciting pathos	/pəˈθɛtɪk/
2725	species	A type or kind	/ˈspiːʃiːz/
2726	approaching	Nearly	/əˈpɹoʊt͡ʃɪŋ/
2727	jo	Darling, sweetheart	/ˈdʒoʊ/
2728	loan	An act or instance of lending, an act or instance of…	/loʊn/
2729	struggle	A contortion of the body in an attempt to escape or to…	/ˈstɹʌɡəl/
2730	dish	A vessel such as a plate for holding or serving food, often…	/dɪʃ/
2731	trusted	To place confidence in, to rely on, to confide in	/ˈtɹʌstɪd/
2732	jumped	To propel oneself rapidly upward, downward and/or in any…	/d͡ʒʌmpt/
2733	firing	To set on fire	/ˈfaɪ.ɚ.ɪŋ/
2734	channel	The hollow bed of running waters; the bed of the sea or…	/ˈt͡ʃeə̯nəl/
2735	abby	The Abyssinian cat	/ˈæb.i/
2736	stopping	To cease moving	/ˈstɑpɪŋ/
2737	asks	To request	/æsks/
2738	jean	Denim	/d͡ʒiːn/
2739	swimming	To move through the water, without touching the bottom; to…	/ˈswɪmɪŋ/
2740	daily	quotidianly, every day	/ˈdeɪli/
2741	basement	A floor of a building below ground level	/ˈbeɪsmənt/
2742	quarter	Each of four equal parts into which something can be…	/ˈk(w)ɔɹ.tɚ/
2743	erm	Ellipsis of ERM protein family	/ɝm/
2744	bound	Obliged	/ˈbaʊ̯nd/
2745	navy	A country's entire maritime military force, including ships…	/ˈneɪvi/
2746	article	A piece of nonfiction writing such as a story, report,…	/ˈɑɹtɪkəl/
2747	guide	Someone who guides, especially someone hired to show people…	/ɡaɪd/
2748	accused	The person charged with an offense; the defendant in a…	/əˈkjuzd/
2749	transfer	To move or pass from one place, person or thing to another	/tɹænsˈfɚ/
2750	guts	The entrails or contents of the abdomen	/ɡʌts/
2751	quality	The kind, condition, and/or the set of characteristics of…	/ˈkwɑləti/
2752	fella	Pronunciation spelling of fellow	/fɛ.lə/
2753	roman	Upright, as opposed to italic	/ˈɹoʊ.mən/
2754	greater	Taking much space; large	/ˈɡɹeɪtɚ/
2755	damned	Very	/dæmd/
2756	couch	An item of furniture, often upholstered, for the…	/ˈkaʊ̯t͡ʃ/
2757	cheer	A cheerful attitude; happiness; a good, happy, or positive…	/t͡ʃɪɹ/
2758	vegas	An open tract of ground; a plain, especially one which is…	/ˈveɪɡəz/
2759	shoe	A protective covering for the foot, with a bottom part…	/ˈʃu/
2760	title	The name of a film, musical piece, painting, or other work…	/ˈtaɪ̯.təl/
2761	shy	Easily frightened; timid	/ʃaɪ/
2762	punishment	The act or process of punishing, imposing and/or applying a…	/ˈpʌnɪʃmənt/
2763	los	Clipping of location	/lɑs/
2764	clicks	A brief, sharp, not particularly loud, relatively…	/klɪks/
2765	closet	A small room within a house used to store clothing, food,…	/ˈklɑzɪt/
2766	bye-bye	Goodbye	/baɪˈbaɪ/
2767	fever	A higher than normal body temperature of a person, usually…	/ˈfivɚ/
2768	coward	A person who lacks courage	/ˈkaʊɚd/
2769	flash	To cause to shine briefly or intermittently	/flæʃ/
2770	impressed	Strongly affected, especially favourably	/ɪmˈpɹɛst/
2771	bruce	A man	/bɹuːs/
2772	siren	One of a group of nymphs who lured mariners to their death…	/ˈsaɪɹən/
2773	prisoners	A person incarcerated in a prison, while on trial or…	/ˈpɹɪzənɚz/
2774	sides	A bounding straight edge of a two-dimensional shape	/saɪdz/
2775	bowl	As much as is held by a bowl	/boʊl/
2776	supply	Supplely: in a supple manner, with suppleness	/səˈplaɪ/
2777	sensitive	Having the faculty of sensation; pertaining to the senses	/ˈsɛn.sɪt.ɪv/
2778	hopefully	In a hopeful manner	/ˈhoʊp.fə.li/
2779	rolling	To revolve by turning over and over; to move by turning on…	/ˈɹol.ɪŋ/
2780	roy	A king	/ˈɹoɪ̯/
2781	dollar	Official designation for currency in some parts of the…	/ˈdɑ.lɚ/
2782	tone	A specific pitch	/ˈtoʊn/
2783	voices	Sound uttered by the mouth, especially by human beings in…	/ˈvɔɪsɪz/
2784	g	A unit of gravitational acceleration	/ˈdʒiː/
2785	'i	Pronunciation spelling of hi	
2786	cheating	An act of deception, fraud, trickery, imposture, imposition…	/ˈt͡ʃiːtɪŋ/
2787	confess	To admit to the truth, particularly in the context of sins…	/kənˈfɛs/
2788	demand	The desire to purchase goods and services	/dɪˈmænd/
2789	museum	A building or institution dedicated to the acquisition,…	/mjuˈziəm/
2790	unknown	Not known; unidentified; not well known	/ʌnˈnoʊn/
2791	drama	A composition, normally in prose, telling a story and…	/ˈdɹɑmə/
2792	suspicious	Arousing suspicion	/səˈspɪʃ.əs/
2793	adult	An animal that is full-grown	/ˈæd.ʌlt/
2794	todd	Alternative form of tod	/ˈtɑːd/
2795	frightened	Afraid; suffering from fear	/ˈfɹaɪtn̩d/
2796	warned	To make aware of impending danger, evil, etc	/wɔɹnd/
2797	steady	Aspect marker indicating consistency or intensity	/ˈstɛdi/
2798	kills	The act of killing	/kɪlz/
2799	crossed	To place across or athwart; to cause to intersect	/kɹɔst/
2800	particularly	Especially, extremely	/pɚˈtɪkjəlɚli/
2801	sandwich	A dish or foodstuff where at least one piece, but typically…	/ˈsænˌ(d)wɪt͡ʃ/
2802	laws	The body of binding rules and regulations, customs, and…	/lɔːz/
2803	joint	United, combined	/d͡ʒɔɪnt/
2804	bullets	A projectile, usually of metal, shot from a gun at high…	/ˈbʊl.ɪts/
2805	package	Something which is packed, a parcel, a box, an envelope	/ˈpæk.ɪd͡ʒ/
2806	trained	To practice an ability	/tɹeɪnd/
2807	thursday	On Thursday	/ˈθɝz.deɪ/
2808	boots	Used as an intensifier: very, to a great degree;…	/buts/
2809	possibility	The quality of being possible	/ˌpɑ.səˈbɪl.ə.ti/
2810	albert	Synonym of Albert chain	/ˈæl.bɚt/
2811	civil	Having to do with people and government office as opposed…	/ˈsɪvəl/
2812	june	To rush	/ˈdʒuːn/
2813	germans	A native or inhabitant of Germany; a person of German…	/ˈd͡ʒɝmənz/
2814	baseball	A sport common in North America, the Caribbean, and East…	/ˈbeɪs.bɔl/
2815	express	Moving or operating quickly, as a train not making local…	/ɪkˈspɹɛs/
2816	miserable	In a state of misery: very sad, ill, or poor	/ˈmɪz(ə)ɹəbəl/
2817	tuesday	On Tuesday	/ˈtuz.deɪ/
2818	parker	A Parker-brand pen	/ˈpɑɹkɚ/
2819	lion	A big cat, Panthera leo, native to Africa, India and…	/ˈlaɪən/
2820	joseph	One whose chastity is above temptation	/ˈd͡ʒoʊsəf/
2821	refused	To decline	/ɹɪˈfjuːzd/
2822	shine	To emit or reflect light so as to glow	/ʃaɪn/
2823	assault	A violent onset or attack with physical means, for example…	/əˈsɔlt/
2824	hong	A foreign trading company in China	/hɔŋ/
2825	jokes	An amusing story	/d͡ʒoʊks/
2826	breaks	An instance of breaking something into two or more pieces	/bɹeɪks/
2827	argue	To show grounds for concluding; to indicate, imply	/ˈɑɹ.ɡju/
2828	trail	To follow behind; to tail	/tɹeɪl/
2829	option	One of a set of choices that can be made	/ˈɑpʃən/
2830	recall	To withdraw, retract; to revoke	/ɹɪˈkɔl/
2831	mighty	Very; to a high degree	/ˈmaɪti/
2832	collection	A set of items or amount of material procured, gathered or…	/kəˈlɛkʃən/
2833	oliver	Drunk, pissed	/ˈɑlɪvɚ/
2834	accent	A higher-pitched or stronger articulation of a particular…	/ˈæk.sɛnt/
2835	believes	To accept as true, particularly without absolute certainty	/bɪˈlivz/
2836	decisions	The act of deciding	/dɪˈsɪʒənz/
2837	embarrassed	Having a feeling of shameful discomfort	/ɪmˈbæɹ.əst/
2838	mobile	Capable of being moved, especially on wheels	/ˈmoʊ.bəl/
2839	customer	A person or company who purchases or receives a product or…	/ˈkʌs.tə.mə/
2840	terribly	Very; extremely	/ˈtɛɹ.ɪ.bli/
2841	sec	Second, ¹⁄₆₀ of a minute	/sɛk/
2842	charity	An organization, the objective of which is to carry out a…	/ˈt͡ʃɛɹəti/
2843	considering	Given the circumstances; all in all; all things considered	/kənˈsɪdəɹɪŋ/
2844	pussy	The female genitalia; the vulva or vagina	/ˈpʊsi/
2845	donna	A lady, especially a noblewoman; the title given to a lady…	/ˈdɑ.nə/
2846	protecting	To keep safe; to defend; to guard; to prevent harm coming to	/pɹəˈtɛktɪŋ/
2847	flag	A piece of cloth, often decorated with an emblem, used as a…	/flaɡ/
2848	kidnapped	subjected to kidnapping	/ˈkɪdnæpt/
2849	balance	A state in which opposing forces harmonise; equilibrium	/ˈbæləns/
2850	creatures	A living being, such as an animal, monster, or alien	/ˈkɹit͡ʃɚz/
2851	nuclear	Pertaining to the nucleus of an atom	/ˈn(j)u.kli.ɚ/
2852	wallet	A small case, often flat and often made of leather, for…	/ˈwɑl.ət/
2853	shout	A loud burst of voice or voices; a violent and sudden…	/ʃaʊt/
2854	vincent	The victim or dupe in a betting game, especially bowls	/ˈvɪnsənt/
2855	entered	To go or come into an enclosed or partially enclosed space	/ˈɛntə(ɹ)d/
2856	impression	The indentation or depression made by the pressure of one…	/ɪmˈpɹɛʃn̩/
2857	jay	Any of the numerous species of birds belonging to several…	/ˈd͡ʒeɪ/
2858	degrees	A completed curriculum of study in tertiary education	/dɪˈɡɹiːz/
2859	favour	British standard spelling of favor	/ˈfeɪvɚ/
2860	reaction	An action or statement in response to a stimulus or other…	/ɹiˈækʃən/
2861	network	Any interconnected group or system	/ˈnɛt.wɝk/
2862	version	A specific form or variation of something	/ˈvɝʒən/
2863	concert	To plan together; to settle or adjust by conference,…	/kənˈsɝt/
2864	gear	Equipment or paraphernalia, especially that used for an…	/ɡɪɚ/
2865	singer	A person who sings, often professionally	/ˈsɪŋ.ɚ/
2866	diamond	A glimmering glass-like mineral that is an allotrope of…	/ˈdaɪ.ə.mənd/
2867	defeat	To overcome in battle or contest	/dɪˈfit/
2868	steven	Voice, especially when loud or strong	/ˈstiːvən/
2869	lane	A road, street, or similar thoroughfare	/leɪn/
2870	blast	A violent gust of wind or apparent wind	/blæst/
2871	wounded	To hurt or injure by cutting, piercing, or tearing the skin	/ˈwuːndɪd/
2872	anytime	At any time	/ˈɛnɪˌtaɪm/
2873	partners	Either of a pair of people or things that belong together	/ˈpɑɹt.nɚz/
2874	ages	The amount of time that some being has been alive, or that…	/ˈeɪ.d͡ʒɪz/
2875	charlotte	A dessert consisting of sponge cake filled with fruit, and…	/ˈʃɑɹlət/
2876	ceremony	A ritual, with religious or cultural significance	/ˈsɛɹ.əˌmoʊ.ni/
2877	league	A group or association of cooperating members	/liːɡ/
2878	bars	A solid, more or less rigid object of metal or wood with a…	/ˈbɑː(ɹ)z/
2879	orange	An evergreen tree of the genus Citrus such as Citrus…	/ˈɔɹənd͡ʒ/
2880	specific	Explicit or definite	/spɪˈsɪf.ɪk/
2881	conditions	A state or quality	/kənˈdɪʃənz/
2882	plastic	A synthetic, solid, hydrocarbon-based polymer, whether…	/ˈplæstɪk/
2883	crisis	A crucial or decisive point or situation; a turning point	/ˈkɹaɪsɪs/
2884	fifth	The ordinal form of the number five	/fɪfθ/
2885	term	That which limits the extent of anything; limit, extremity,…	/tɜɹm/
2886	self	Myself, oneself	/ˈsɛlf/
2887	offering	To propose or express one's willingness	/ˈɔfəɹɪŋ/
2888	bud	A newly sprouted leaf or blossom that has not yet unfolded	/bʌd/
2889	suffered	To undergo hardship	/ˈsʌfɚd/
2890	reported	To relate details of; to recount, describe	/ɹɪˈpɔɹtɪd/
2891	commissioner	One who commissions something	/kəˈmɪ.ʃə.nəɹ/
2892	rip	To divide or separate the parts of, by cutting or tearing;…	/ɹɪp/
2893	mysterious	Of unknown origin	/mɪˈstɪɹi.əs/
2894	entrance	The action of entering, or going in	/ˈɛn.tɹəns/
2895	messed	To make soiled by defecating	/ˈmɛst/
2896	tunnel	An underground or underwater passage	/ˈtʌn(ə)l/
2897	designed	To plan and carry out	/dɪˈzaɪnd/
2898	neighbor	US standard spelling of neighbour	/ˈneɪ.bɚ/
2899	aboard	On board; into or within a ship or boat; hence, into or…	/əˈbɔɹd/
2900	sweat	Fluid that exits the body through pores in the skin usually…	/swɛt/
2901	ghosts	A disembodied soul; a soul or spirit of a deceased person;…	/ɡoʊsts/
2902	crimes	A specific act committed in violation of the law,…	/kɹaɪmz/
2903	costs	Amount of money, time, etc. that is required or used	/ˈkɔsts/
2904	deserves	To be entitled to, as a result of past actions; to be…	/dɪˈzɜːvz/
2905	dreaming	To see imaginary events in one's mind while sleeping	/ˈdɹiː.mɪŋ/
2906	bust	To break	/bʌst/
2907	el	The cardinal number occurring after dek and before do in a…	/ˈɛl/
2908	teddy	Any stuffed toy	/ˈtɛdi/
2909	kong	A set of four identical tiles	/kɔŋ/
2910	messages	A communication, or what is communicated; any concept or…	/ˈmɛs.ɪ.d͡ʒɪz/
2911	enjoying	To receive pleasure or satisfaction from something	/ɛnˈd͡ʒɔɪ.ɪŋ/
2912	afterwards	At a later or succeeding time; after that	/ˈæf.tɚ.wɚdz/
2913	comfort	Contentment, ease	/ˈkʌm.fɚt/
2914	mason	A bricklayer, one whose occupation is to build with stone…	/ˈmeɪsən/
2915	surrender	To give up into the power, control, or possession of another	/səˈɹɛndə(ɹ)/
2916	gym	Clipping of gymnasium; especially, a school gymnasium	/d͡ʒɪm/
2917	kitty	A young cat; a kitten	/ˈkɪti/
2918	crush	A violent collision or compression; a crash; destruction;…	/kɹʌʃ/
2919	yup	A yes; an affirmative answer	/jʌp/
2920	arranged	To set up; to organize; to put into an orderly sequence or…	/əˈɹeɪnd͡ʒd/
2921	suits	A set of clothes to be worn together, now especially a…	/s(j)uːts/
2922	pee	Urine	/ˈpiː/
2923	stress	A physical, chemical, infective agent aggressing an organism	/stɹɛs/
2924	cave	A large, naturally-occurring cavity formed underground or…	/keɪv/
2925	wing	An appendage of an animal's body that enables it to fly	/wɪŋ/
2926	jordan	A vessel resembling a retort bulb or Florence flask with a…	/ˈd͡ʒɔɹdən/
2927	arrange	To set up; to organize; to put into an orderly sequence or…	/əˈɹeɪnd͡ʒ/
2928	comrade	A mate, companion, or associate	/ˈkɑmɹæd/
2929	noble	An aristocrat; one of aristocratic blood	/ˈnoʊbəl/
2930	tricks	Something designed to fool, dupe, outsmart, mislead or…	/tɹɪks/
2931	betty	A short bar used by thieves to wrench doors open; a jimmy	/ˈbɛti/
2932	launch	To throw; to hurl; to propel with force	/lɔːnt͡ʃ/
2933	legend	The life story of a saint	/ˈlɛd͡ʒ.ənd/
2934	mix	To stir together	/ˈmɪks/
2935	golf	A ball game played by individuals competing against one…	/ɡɑlf/
2936	imagination	The image-making power of the mind; the act of mentally…	/ɪˌmæd͡ʒəˈneɪʃən/
2937	fox	Any member of the genus Vulpes; a true fox	/fɑks/
2938	kissing	To touch with the lips or press the lips against, usually…	/ˈkɪsɪŋ/
2939	butter	A soft, fatty foodstuff made by churning the cream of milk	/ˈbʌtɚ/
2940	tax	Money or goods collected by a government to fund itself and…	/tæks/
2941	gross	remarkably great, big, vast in an often unpleasant way;…	/ɡɹoʊs/
2942	edward	A gold coin produced in the reign of King Edward	/ˈɛdwɚd/
2943	texas	The topmost cabin deck on a steamboat	/ˈtɛk.səs/
2944	insist	To hold up a claim emphatically	/ɪnˈsɪst/
2945	classic	Of or relating to the first class or rank, especially in…	/ˈklæsɪk/
2946	selfish	Holding one's own self-interest as the standard for…	/ˈsɛl.fɪʃ/
2947	skull	The main bones of the head considered as a unit; including…	/ˈskʌl/
2948	frankie	Synonym of Frankenstein	/ˈfɹæŋ.ki/
2949	shown	To display, convey or exhibit; to have something available…	/ʃoʊn/
2950	bat	Any flying mammal of the order Chiroptera, usually small…	/ˈbæt/
2951	survived	Of a person, to continue to live; to remain alive	/sɚˈvaɪvd/
2952	print	Of, relating to, or writing for printed publications	/pɹɪnt/
2953	champion	An ongoing winner in a game or contest	/ˈt͡ʃæm.pi.ən/
2954	bills	A written list or inventory	/bɪlz/
2955	therapy	Attempted remediation of a health problem following a…	/ˈθɛɹ.ə.pi/
2956	lifetime	The duration of the life of someone or something	/ˈlaɪf.taɪm/
2957	throughout	In every part of; all through	/θɹaʊt/
2958	nathan	A white hip-hop fan, especially one who listens to white…	/ˈneɪθən/
2959	toward	In the direction of	/tɔɹd/
2960	sauce	A liquid condiment or accompaniment to food	/sɔːs/
2961	experiment	A test under controlled conditions made to either…	/ɪkˈspɛɹ.ə.mənt/
2962	describe	To represent in words	[dɪˈskɹaɪ̯b]
2963	ross	A swamp	/ˈɹɔs/
2964	grass	Any plant of the family Poaceae, characterized by leaves…	[ɡɹ̠æs]
2965	cheat	To violate rules in order to gain, or attempt to gain,…	/ˈt͡ʃiːt/
2966	attend	To care for; specifically, of a doctor, nurse, etc.: to…	/əˈtɛnd/
2967	homework	Exercises assigned by a teacher to a student which review…	/ˈhoʊmˌwɝk/
2968	lewis	A cramp iron inserted into a cavity in order to lift heavy…	/ˈluːɪs/
2969	betrayed	Suffering from betrayal	/bɪˈtɹeɪd/
2970	servant	One who is hired to perform regular household or other…	/ˈsɝvənt/
2971	cap	A close-fitting hat, either brimless or peaked	/ˈkæp/
2972	tyler	Archaic form of tiler	/ˈtaɪlɚ/
2973	bible	A comprehensive manual that describes something, or a…	/ˈbaɪbəl/
2974	practically	In practice; in effect or in actuality, though possibly not…	/ˈpɹæk.tɪ.k(ə.)li/
2975	steel	An artificial metal produced from iron, harder and more…	/stiːl/
2976	wipe	To move an object over, maintaining contact, with the…	/waɪp/
2977	burns	To cause to be consumed by fire	/bɝnz/
2978	j	A term for a marijuana cigarette	/ˈdʒeɪ/
2979	generation	The act of creating something or bringing something into…	/ˌd͡ʒɛnəˈɹeɪʃən/
2980	cabin	A small dwelling characteristic of the frontier, especially…	/ˈkæbɪn/
2981	financial	Related to finances	/faɪˈnæn.ʃəl/
2982	industry	The tendency to work persistently	/ˈɪn.də.stɹi/
2983	bond	A document constituting evidence of a long-term debt, by…	/bɑnd/
2984	sheep	A woolly ruminant of the genus Ovis	/ˈʃiːp/
2985	scientists	One whose activities make use of the scientific method to…	/ˈsaɪəntɪsts/
2986	beaten	To hit; to strike	/ˈbiː.tən/
2987	heck	Hell	/hɛk/
2988	deck	Any raised flat surface that can be walked on: a balcony; a…	/ˈdɛk/
2989	fans	A hand-held device consisting of concertinaed material, or…	/fænz/
2990	script	A writing; a written document	/ˈskɹɪpt/
2991	brand	A mark or scar made by burning with a hot iron, especially…	/ˈbɹænd/
2992	degree	A completed curriculum of study in tertiary education	/dɪˈɡɹiː/
2993	painful	Causing pain or distress, either physical or mental	/ˈpeɪn.fl̩/
2994	coughing	A cough; the act of coughing	/ˈkɔfɪŋ/
2995	religion	Belief in a spiritual or metaphysical reality, accompanied…	/ˈɹᵻlɪdʒən/
2996	cats	A mammal of the family Felidae	/kæts/
2997	influence	The power to affect, control or manipulate something or…	/ˈɪn.flu.əns/
2998	fuel	Substance consumed to provide energy through combustion, or…	[ˈfjuwəɫ]
2999	drawing	To pull in a particular direction or manner	/ˈdɹɑ.ɪŋ/
3000	uh-oh	An exclamation of error, concern, or awareness of a problem	/ˌʌˈoʊ/
3001	rabbit	A mammal of most genera of the family Leporidae, with long…	/ˈɹabɪt/
3002	exercise	Any activity designed to develop or hone a skill or ability	/ˈɛk.sɚ.saɪz/
3003	attractive	Causing attraction; having the quality of attracting by…	/əˈtɹæktɪv/
3004	touching	Regarding; concerning	/ˈtʌt͡ʃɪŋ/
3005	virus	A submicroscopic, non-cellular structure that consists of a…	/ˈvaɪ.ɹəs/
3006	realise	Non-Oxford British standard spelling of realize	/ˈɹiːəlaɪz/
3007	torture	The infliction of severe pain or anguish, especially as an…	/ˈtoɹt͡ʃɚ/
3008	blessed	To make something holy by religious rite, sanctify	/ˈblɛsɪd/
3009	plain	Simply	/pleɪn/
3010	rebecca	One who protested in the Rebecca Riots; a Rebeccaite	/ɹɪˈbɛkə/
3011	recent	Having happened a short while ago	/ˈɹi.sənt/
3012	footsteps	The mark or impression left by a foot; a track	/ˈfʊtstɛps/
3013	sacred	Characterized by solemn religious ceremony or religious…	/ˈseɪkɹɪd/
3014	removed	To delete	/ɹɪˈmuːvd/
3015	pretending	To speak or behave so as to give a false or simulated…	/pɹɪˈtɛndɪŋ/
3016	wasted	To devastate; to destroy	/ˈweɪstɪd/
3017	jewish	Following the religion of Judaism	/ˈd͡ʒuː.ɪʃ/
3018	goodnight	An instance of saying “good night”; a nighttime farewell	/ɡʊdˈnaɪt/
3019	robot	An intelligent mechanical being designed to look like a…	/ˈɹoʊ.bɑt/
3020	crystal	A solid composed of an array of atoms or molecules…	/ˈkɹɪstəl/
3021	confirm	For sure, definitely	/kənˈfɝm/
3022	lad	A boy or young man	/læd/
3023	mile	The international mile: a unit of length precisely equal to…	/maɪ̯l/
3024	division	The act or process of dividing anything	/dɪˈvɪʒ(ə)n/
3025	scratch	To rub a surface with a sharp object, especially by a…	/skɹæt͡ʃ/
3026	reminds	To cause one to experience a memory; to bring to the notice…	/ˈɹᵻmaɪndz/
3027	walks	A trip made by walking	/wɔks/
3028	ending	To come to an end	/ˈɛndɪŋ/
3029	russia	Ellipsis of Russia leather	/ˈɹʌʃə/
3030	contest	Controversy; debate	/kənˈtɛst/
3031	valuable	Having a great value	/ˈvælju(ə)bl̩/
3032	distant	Far off	/ˈdɪstənt/
3033	dumped	To release, especially in large quantities and chaotic…	/dʌmpt/
3034	motion	A change whereby something goes from one place to another;…	/ˈmoʊ.ʃən/
3035	electricity	Originally, a property of amber and certain other…	/ɪˌlɛkˈtɹɪsɪti/
3036	centre	Australia, UK, Canada, Ireland, New Zealand, and South…	/ˈsɛntəː/
3037	murders	An act of killing a person unlawfully, especially with…	/ˈmɜːdɚz/
3038	tina	The drug methamphetamine hydrochloride	/ˈtiːnə/
3039	seal	A pinniped, particularly an earless seal or eared seal	/siːl/
3040	standard	Falling within an accepted range of size, amount, power,…	/ˈstændɚd/
3041	ellen	Strength vouchsafed; comfort; grace	/ˈɛl.ən/
3042	wore	To carry or have equipped on or about one's body, as an…	/wɔɹ/
3043	surrounded	To encircle something or simultaneously extend in all…	/səˈɹaʊndɪd/
3044	struck	To delete or cross out; to scratch or eliminate	/stɹʌk/
3045	inform	To communicate knowledge to	/ɪnˈfɔɹm/
3046	gentle	Tender and amiable; of a considerate or kindly disposition	/ˈd͡ʒɛn.tl̩/
3047	status	A person’s condition, position or standing relative to that…	/ˈsteɪt.əs/
3048	purse	A small bag for carrying money	/pɚs/
3049	prints	Books and other material created by printing presses,…	/pɹɪnts/
3050	players	One who plays any game or sport	/ˈpleɪɚz/
3051	charged	To assign a duty or responsibility to; to order	/t͡ʃɑɹd͡ʒd/
3052	begging	To request the help of someone, often in the form of money	/ˈbɛɡɪŋ/
3053	delivered	To set free from restraint or danger	/dɪˈlɪv.ɚd/
3054	buck	A male deer, antelope, sheep, goat, rabbit, hare, and…	/ˈbʌk/
3055	nina	A hidden message revealed in the completed grid of a…	/ˈniːnə/
3056	construction	The process of constructing	/kənˈstɹʌkʃən/
3057	confirmed	Having a settled habit; inveterate or habitual	/kənˈfɝmd/
3058	confession	The open admittance of having done something	/kənˈfɛʃən/
3059	trigger	A finger-operated lever used to fire a gun	/ˈtɹɪɡɚ/
3060	cells	A single-room dwelling for a hermit	/sɛlz/
3061	frankly	In a frank or candid manner, especially in a way that may…	/fɹæŋkli/
3062	exit	An act of going out or going away, or leaving; a departure	/ˈeɪɡzɪt/
3063	response	An answer or reply, or something in the nature of an answer…	/ɹɪˈspɑns/
3064	cancel	To cross out something with lines etc	/ˈkæn.sl̩/
3065	argument	A fact or statement used to support a proposition; a reason	/ˈɑɹɡjʊmənt/
3066	principal	Primary; most important; first level in importance	/ˈpɹɪnsɪpəl/
3067	turkey	A wild turkey of Meleagris gallopavo	/ˈtɝki/
3068	lucas	Synonym of George Lucas	/ˈluːkəs/
3069	clinic	A medical facility, such as a hospital, especially one for…	/ˈklɪn.ɪk/
3070	greetings	Hello	/ˈɡɹiːtɪŋz/
3071	neighbors	US standard spelling of neighbour	/ˈneɪbɚz/
3072	vice	Bad or immoral behaviour	/vaɪs/
3073	toy	Something to play with, especially as intended for use by a…	/tɔɪ/
3074	hannah	A Wren serving with the Royal Marines	/ˈhænə/
3075	everyday	Appropriate for ordinary use, rather than for special…	/ˈɛvɹiˌdeɪ/
3076	generous	Noble in behaviour or actions; principled, not petty; kind,…	/ˈd͡ʒɛn(ə)ɹəs/
3077	gain	To acquire possession of	/ɡeɪn/
3078	idiots	A person of low general intelligence	/ˈɪd.iː.əts/
3079	holly	Any of various shrubs or small trees, of the genus Ilex,…	/ˈhɑli/
3080	enjoyed	To receive pleasure or satisfaction from something	/ɛnˈd͡ʒɔɪd/
3081	jungle	A large, lush, undeveloped, humid forest, especially in a…	/ˈd͡ʒʌŋ.ɡ(ə)l/
3082	link	A connection between places, people, events, things, or…	/ˈlɪŋk/
3083	underground	Below the ground	/ˈʌn.dəɹ.ɡɹaʊnd/
3084	smiling	To have on one's face	/ˈsmaɪlɪŋ/
3085	mistress	Someone who has control over something or someone	/ˈmɪs.tɹɪs/
3086	teams	A set of draught animals, such as two horses in front of a…	/tiːmz/
3087	product	Anything that is produced; a result	/ˈpɹɑ.dəkt/
3088	beef	The meat from cattle or other bovines; especially, that…	/bɪjf/
3089	whispers	The act of speaking in a quiet voice, especially without…	/ˈwɪspɚz/
3090	religious	Concerning religion	/ɹɪˈlɪd͡ʒəs/
3091	presents	The current moment or period of time	/ˈpɹɛzənts/
3092	identify	To establish the identity of someone or something	/aɪˈdɛn.(t)ə.faɪ/
3093	chip	A small piece broken from a larger piece of solid material	/t͡ʃɪp/
3094	surveillance	Close observation of an individual or group; person or…	/sɚˈveɪ.ləns/
3095	carlos	plural of Carlo	/ˈkɑːɹloʊz/
3096	vampire	A mythological creature said to feed on the blood or life…	/ˈvæm.paɪ.ə(ɹ)/
3097	routine	A course of action to be followed regularly; a standard…	/ɹuˈtin/
3098	uses	The act of using	/ˈju.sɪz/
3099	underneath	Below; in a place beneath	/ˌʌndɚˈniθ/
3100	systems	A group or set of related things that operate together as a…	/ˈsɪstəmz/
3101	temperature	A measure of cold or heat, often measurable with a…	/ˈtɛm.pɚ.(ə)ˌt͡ʃɚ/
3102	waves	A moving disturbance in the level of a body of liquid; an…	/weɪvz/
3103	tribe	An ethnic group larger than a band or clan but smaller than…	/tɹaɪb/
3104	brad	A thin, small nail, with a slight projection at the top on…	/bɹæd/
3105	deputy	One appointed as the substitute of others, and empowered to…	/ˈdɛpjəti/
3106	sophie	Archaic spelling of Safavi	/ˈsoʊfi/
3107	headquarters	The military installation from which troops are commanded…	/ˈhɛdˌk(w)ɔɹ.tɚz/
3108	equal	The same in one or more respects	/ˈiːkwəl/
3109	phones	A device for transmitting conversations and other sounds in…	/foʊnz/
3110	ken	To know, perceive or understand	/kɛn/
3111	reckon	To count; to enumerate; to number; also, to compute; to…	/ˈɹɛkən/
3112	related	Standing in relation or connection	/ɹɪˈleɪtɪd/
3113	incredibly	In an incredible manner; not to be believed	/ɪŋˈkɹɛdɪbli/
3114	chill	A moderate, but uncomfortable and penetrating coldness	/tʃɪl/
3115	spit	A thin metal or wooden rod on which meat is skewered for…	/spɪt/
3116	tracks	A mark left by something that has passed along	/tɹæks/
3117	oscar	An Academy Award	/ˈɑs.kɚ/
3118	makeup	An item's composition	/ˈmeɪkʌp/
3119	bug	An insect of the order Hemiptera	/bʌɡ/
3120	sounded	To produce a sound	/ˈsaʊndɪd/
3121	spirits	To carry off, especially in haste, secrecy, or mystery	/ˈspɪɹɪts/
3122	nerve	A bundle of neurons with their connective tissue sheaths,…	/nɝv/
3123	divorced	To legally dissolve a marriage between two people	/dɪˈvɔː(ɹ)st/
3124	stake	A piece of wood or other material, usually long and…	/steɪk/
3125	port	A place on the coast at which ships can shelter, or dock to…	/poɹt/
3126	doorbell	A bell, buzzer, or chime device mounted on or adjacent to a…	/ˈdɔɹ.bɛl/
3127	worries	A strong feeling of anxiety	/ˈwʌɹ.iz/
3128	nephew	A son of one's sibling, brother-in-law, or sister-in-law;…	/ˈnɛf.ju/
3129	miller	A person who owns or operates a mill, especially a flourmill	/ˈmɪlɚ/
3130	units	Oneness, singularity, seen as a component of a whole…	/ˈjuː.nɪts/
3131	proceed	To move, pass, or go forward or onward; to advance; to…	/pɹəˈsid/
3132	landing	To descend to a surface, especially from the air	/ˈlændɪŋ/
3133	traitor	Someone who violates an allegiance and betrays their…	/ˈtɹeɪtɚ/
3134	outfit	A set of clothing	/ˈaʊtfɪt/
3135	bail	Security, usually a sum of money, exchanged for the release…	/beɪl/
3136	fields	A land area free of woodland, cities, and towns; an area of…	/fiːldz/
3137	patience	The quality of being patient	/ˈpeɪ̯.ʃəns/
3138	recording	To make a record of information	/ɹɪˈkɔː(ɹ)dɪŋ/
3139	foolish	Lacking good sense or judgement as a general trait; unwise;…	/ˈfuː.lɪʃ/
3140	loaded	To put a load on or in	/ˈloʊ.dɪd/
3141	costume	A style of dress, including garments, accessories and…	/ˈkɑsˌt(j)um/
3142	injured	Suffering from an injury	/ˈɪnd͡ʒɚd/
3143	pet	An animal kept as a companion or otherwise for pleasure,…	/pɛt/
3144	cage	An enclosure made of spaced bars, normally to hold animals…	/keɪd͡ʒ/
3145	digging	To move hard-packed earth out of the way, especially…	/ˈdɪɡɪŋ(ɡ)/
3146	seats	Something to be sat upon	/siːts/
3147	awkward	Lacking dexterity in the use of the hands, or of instruments	/ˈɔk.wɚd/
3148	cleaned	To remove dirt from a place or object	/kliːnd/
3149	pattern	Something from which a copy is made; a model or outline	/ˈpætɚn/
3150	filthy	Covered with filth; very dirty	/ˈfɪlθi/
3151	visiting	To habitually go to to comfort them	/ˈvɪzɪtɪŋ/
3152	jews	An adherent of Judaism	/d͡ʒuːz/
3153	answering	To make a reply or response to	/ˈæn.sɚ.ɪŋ/
3154	concentrate	To bring to, or direct toward, a common center; to unite…	/ˈkɑn.sən.tɹeɪt/
3155	someplace	Somewhere	/ˈsʌmˌpleɪs/
3156	citizens	A resident of a city or town, especially one with legally…	/ˈsɪt.ɪ.zənz/
3157	aim	The pointing of a weapon, as a gun, a dart, or an arrow, or…	/eɪm/
3158	nancy	An effeminate man, especially a homosexual	/ˈnænsi/
3159	affairs	Something which is done or is to be done; business of any…	/əˈfɛɹz/
3160	thick	In a thick manner	/ˈθɪk/
3161	sport	Any activity that uses physical exertion or skills…	/spoɹt/
3162	basic	Necessary, essential for life or some process	/ˈbeɪsɪk/
3163	electric	Of, relating to, produced by, operated with, or utilising…	/ɪˈlɛktɹɪk/
3164	pleasant	Giving pleasure; pleasing in manner	/ˈplɛz.ənt/
3165	cliff	A vertical rock face	/klɪf/
3166	nail	The horny plate or appendage at the ends of the digits of…	/neɪl/
3167	environment	The surroundings of, and influences on, a particular item…	/ɪnˈvaɪ.ɚn.mənt/
3168	western	Of, facing, situated in, or related to the west	/ˈwɛstɚn/
3169	average	Any measure of central tendency, especially any mean, the…	/ˈæv.ɚ.ɪd͡ʒ/
3170	ease	Lack of difficulty; the ability to do something easily	/iz/
3171	raped	To force sexual intercourse or other sexual activity upon…	/ɹeɪ̯pt/
3172	interrupt	To disturb or halt by interfering suddenly, especially by…	/ˌɪntəˈɹʌpt/
3173	judy	A girl or woman	/ˈd͡ʒuːdi/
3174	satisfied	In a state of satisfaction	/ˈsætɪsfaɪd/
3175	beep	The sound produced by the horn of a car, or any similar…	/biːp/
3176	starving	starvation	/ˈstɑɹvɪŋ/
3177	documents	An original or official paper used as the basis, proof, or…	/ˈdɑkjəmənts/
3178	anniversary	A day that is an exact number of years since a given…	/ˌænɪˈvɝs(ə)ɹi/
3179	beth	The second letter of the Phoenician alphabet, 𐤁	/bɛθ/
3180	election	A process of choosing a leader, members of parliament,…	/ɪˈlɛkʃ(ə)n/
3181	warrior	A person who is actively engaged in battle, conflict or…	/ˈwɔɹi.ɚ/
3182	r	The Crown, the government of a monarchy	/ɑɹ/
3183	forth	Forward in time, place or degree	/fɔɹθ/
3184	fetch	To retrieve; to bear towards; to go and get	/fɛt͡ʃ/
3185	banks	An institution where one can place and borrow money and…	/ˈbæŋks/
3186	placed	To put in a specific location	/pleɪst/
3187	timing	To measure or record the time, duration, or rate of…	/ˈtaɪmɪŋ/
3188	stones	A hard earthen substance that can form rocks; especially,…	/stoʊnz/
3189	complex	Made up of multiple parts; composite; not simple	/kɑmˈplɛks/
3190	frozen	Especially of a liquid, to become solid due to low…	/ˈfɹoʊzən/
3191	replace	To restore to a former place, position, condition, etc.; to…	/ɹɪˈpleɪs/
3192	prayer	A practice of communicating with one's God, or with some…	/pɹɛɚ/
3193	skip	To move by hopping on alternate feet	/skɪp/
3194	guilt	Responsibility for wrongdoing	/ɡɪlt/
3195	tune	A melody	/tjuːn/
3196	woo	To endeavor to gain someone's affection or support	/wuː/
3197	actions	The effort of performing or doing something	/ˈæk.ʃənz/
3198	conscience	The ethical or moral sense of right and wrong, chiefly as…	/ˈkɑn.ʃəns/
3199	officially	In an official manner; according to official rules or…	/əˈfɪʃ.(ə.)li/
3200	martha	A miniature greenhouse with a humidifier, used for growing…	/ˈmɑɹθə/
3201	machines	A device that directs and controls energy, often in the…	/məˈʃinz/
3202	smaller	Not large or big; insignificant; few in number	/ˈsmɔ.lɚ/
3203	determined	Decided; resolute, possessing much determination; dogged	/dɪˈtɝmɪnd/
3204	blown	To produce an air current	/bloʊn/
3205	hail	Balls or pieces of ice falling as precipitation, often in…	/heɪl/
3206	unhappy	Not happy; sad	/ʌnˈhæpi/
3207	booth	A small stall for the display and sale of goods	/buθ/
3208	pour	To cause to flow in a stream, either out of a container or…	/poɹ/
3209	berlin	Short for Berlin worsted	[bɚˈlɪn]
3210	cleared	To remove obstructions, impediments or other unwanted items…	/klɪɹd/
3211	packed	To make a pack of; to arrange closely and securely in a…	/pækt/
3212	wrap	To enclose completely in any flexible, thin material such…	/ɹæp/
3213	randy	Sexually aroused; full of sexual lust	/ˈɹændi/
3214	behalf	The interest, benefit, or wellbeing of someone or something	/bɪˈhæf/
3215	reasonable	Just; fair; agreeable to reason	/ˈɹi.zə.nə.bəl/
3216	trunk	The usually single, more or less upright part of a tree,…	/tɹʌŋk/
3217	homes	One’s own dwelling place; the house or structure in which…	/hoʊmz/
3218	festival	Pertaining to a feast or feast day; festive	/ˈfɛstəvəl/
3219	tradition	A part of culture that is passed from person to person or…	/tɹəˈdɪʃ.ən/
3220	cigarettes	A small cigar consisting of tobacco or another substance,…	/ˌsɪɡɚˈɹɛts/
3221	le	the	/leɪ/
3222	beside	Next to; at the side of	/bɪˈsaɪd/
3223	motive	An incentive to act in a particular way; a reason or…	/ˈmoʊtɪv/
3224	beings	A living creature	/ˈbiː.ɪŋz/
3225	bishop	An overseer of congregations: either any such overseer,…	/ˈbɪʃəp/
3226	dealer	One who deals in goods, especially automobiles; a middleman	/ˈdiːlə(ɹ)/
3227	defendant	Serving, or suitable, for defense; defensive, defending	/dɪˈfɛnd.ənt/
3228	backup	A reserve or substitute	/ˈbækˌʌp/
3229	wounds	An injury, such as a cut, stab, or tear, to a part of the…	/wuːndz/
3230	ouch	An expression of one's own physical pain	/ˈaʊt͡ʃ/
3231	ann	An annate	/æn/
3232	nearby	Next to, close to	/ˌnɪə(ɹ)ˈbaɪ/
3233	drank	To consume through the mouth	/dɹæŋk/
3234	effects	The result or outcome of a cause	/ɪˈfɛkts/
3235	jonathan	An apple cultivar from New York	/ˈd͡ʒɒnəθən/
3236	benefit	An advantage; help or aid from something	/ˈbɛn.ɪˌfɪt/
3237	adventure	A feeling of desire for new and exciting things	/ədˈvɛn.t͡ʃɚ/
3238	p	Methamphetamine	/piː/
3239	territory	A large extent or tract of land; for example a region,…	/ˈtɛɹɪˌtɔɹi/
3240	ve	Pronunciation spelling of we	/vi/
3241	apology	An expression of remorse or regret for having said or done…	/əˈpɑ.lə.d͡ʒi/
3242	unlike	Different from; not in a like or similar manner	/ʌnˈlaɪk/
3243	owns	To have rightful possession of; to have legal title to; to…	/oʊnz/
3244	boxes	A cuboid space; a cuboid container, often with a hinged lid	/ˈbɑksɪz/
3245	thus	In this way or manner	/ˈðʌs/
3246	clay	A mineral substance made up of small crystals of silica and…	/kleɪ/
3247	developed	wealthy and industrialized; not third-world	/dɪˈvɛləpt/
3248	busted	To break	/ˈbʌs.tɪd/
3249	pipe	A wind instrument consisting of a tube, often lined with…	/ˈpaɪp/
3250	gray	Of a color between black and white, having neutral hue and…	/ɡɹeɪ/
3251	goods	The forces or behaviours that are the enemy of evil.…	/ɡʊdz/
3252	favourite	Most-liked	/ˈfeɪv.ɹɪt/
3253	salad	A food consisting principally of raw vegetables, other…	/ˈsæl.əd/
3254	loyal	Having or demonstrating undivided and constant support for…	/ˈlɔɪəl/
3255	atmosphere	The gases surrounding the Earth or any astronomical body	/ˈætməsˌfɪɹ/
3256	eva	Pronunciation spelling of ever	/ˈiːvə/
3257	freaking	Fucking	/ˈfɹiːkɪŋ/
3258	dropping	Of a liquid: to fall in drops or droplets	/ˈdɹɑpɪŋ/
3259	strangers	A person whom one does not know; a person who is neither a…	/ˈstɹeɪnd͡ʒɚz/
3260	mouse	Any mammal of the many rodent families that have a small…	/maʊs/
3261	downtown	In or towards the central business district	/ˈdaʊ̯nˌtaʊ̯n/
3262	heroes	Somebody who possesses great bravery and carries out…	/ˈhɪɹoʊz/
3263	pit	A hole in the ground	/pɪt/
3264	rotten	To an extreme degree	/ˈɹɑtn̩/
3265	paradise	The place where sanctified souls are believed to live after…	/ˈpaɹədɑjs/
3266	meantime	During the interval; meanwhile	/ˈmiːntaɪm/
3267	jess	Pronunciation spelling of just	/d͡ʒɛs/
3268	organization	The quality of being organized	/ˌoɹ.ɡə.nɪˈzeɪ.ʃən/
3269	hills	An elevated landmass smaller than a mountain	/hɪlz/
3270	exam	Clipping of examination, especially when meaning “test” or…	/ɪɡˈzæm/
3271	cock	A rooster: a male gallinaceous bird, especially a male…	/kɑk/
3272	fairy	A mythical being of human form with magical powers, known…	/ˈfɛəɹi/
3273	earl	A British or Irish nobleman next in rank above a viscount…	/ɝl/
3274	comment	A spoken or written remark	/ˈkɑmɛnt/
3275	activity	The state or quality of being active; activeness	/ækˈtɪv.ɪ.ti/
3276	frame	To fit, as for a specific end or purpose; make suitable or…	/ˈfɹeɪ̯m/
3277	knight	An armored and mounted warrior of the Middle Ages	/ˈnaɪ̯t/
3278	testing	To challenge, to put a strain on	/ˈtɛs.tɪŋ/
3279	habit	An action performed on a regular basis	/ˈhæb.ɪt/
3280	shelter	A place where a person or animal may find protection from…	/ˈʃɛltɚ/
3281	flow	Movement in people or things characterized with a…	/ˈfloʊ̯/
3282	holes	A hollow place or cavity; an excavation; a pit; a dent; a…	/hoʊlz/
3283	prevent	To stop; to keep from	/pɹɪˈvɛnt/
3284	lend	To allow to be used by someone temporarily, on condition…	/ˈlɛnd/
3285	cooper	A craftsman who makes and repairs barrels and similar…	/ˈkuːpə(ɹ)/
3286	figures	A drawing or diagram conveying information	/ˈfɪɡjɚz/
3287	boston	In the card game spades, a bid of all 13 tricks	/ˈbɔstən/
3288	sample	A part or snippet of something taken or presented for…	/ˈsæm.pəl/
3289	strip	A long, thin piece of land; any long, thin area	/ˈstɹɪp/
3290	landed	To descend to a surface, especially from the air	/ˈlænd.ɪd/
3291	buzzing	The sound produced by something that buzzes	/ˈbʌzɪŋ/
3292	monk	A male member of a monastic order who has devoted his life…	/mʌŋk/
3293	slightly	Slenderly; delicately	/ˈslaɪtli/
3294	produce	To bring forth, to yield, make, manufacture, or otherwise…	/pɹəˈd͡ʒuːs/
3295	annoying	Causing irritation or annoyance; troublesome; vexatious	/əˈnɔɪ.ɪŋ/
3296	judgment	The act of judging	/ˈd͡ʒʌd͡ʒ.mɪnt/
3297	laundry	A laundering; a washing	/ˈlɔːn.dɹi/
3298	ron	heroin	/ˈɹɑːn/
3299	lousy	Insufficient and less than expected of a good thing	/ˈlaʊ.zi/
3300	souls	The spirit or essence of a person usually thought to…	/soʊlz/
3301	existence	The state of being, existing, or occurring; beinghood	/ɛɡˈzɪs.təns/
3302	belly	The abdomen	/ˈbɛli/
3303	tries	An attempt	/tɹaɪz/
3304	foster	Providing parental care to children not related to oneself	/ˈfɔstɚ/
3305	returning	To come or go back	/ɹɪˈtɝnɪŋ/
3306	answered	To make a reply or response to	/ˈæn.sɚd/
3307	ward	The action of a watchman; monitoring, surveillance	/wɔɹd/
3308	plants	An organism that is not an animal, especially an organism…	/plænts/
3309	actress	A female who performs on the stage or in films	/ˈæk.tɹɪs/
3310	chairman	A person presiding over a meeting, sometimes especially a…	/ˈtʃɛɹ.mən/
3311	individual	A person considered alone, rather than as belonging to a…	/ˌɪndɪˈvɪd͡ʒ(u)əl/
3312	hopes	The feeling of trust, confidence, belief or expectation…	/hoʊps/
3313	tattoo	An image made on a body part, usually the skin with ink and…	/tæˈtu/
3314	fence	A thin artificial barrier that separates two pieces of land…	/fɛns/
3315	sink	To descend or submerge into a liquid or similar substance	/ˈsɪŋk/
3316	punk	A passive or effeminate homosexual man	/ˈpʌŋk/
3317	confident	Very sure of something; positive	/ˈkɑnfɪdənt/
3318	yay	An expression of happiness	/jeɪ/
3319	mistaken	To understand wrongly, taking one thing or person for…	/mɪˈsteɪkn̩/
3320	limit	A restriction; a bound beyond which one may not go or…	/lɪmʈ/
3321	bothering	To annoy, to disturb, to irritate; to be troublesome to, to…	/ˈbɑːðɚɹɪŋ/
3322	st	Expressing a sudden desire for silence	/ˈsənt/
3323	uncomfortable	Not comfortable; causing discomfort	/ʌnˈkʌm.fɚ.tə.bl̩/
3324	wednesday	On Wednesday	/ˈwɛnz.deɪ/
3325	gifts	Something given to another voluntarily, without charge	/ɡɪfts/
3326	policeman	A police officer, usually a male	/pəˈliːsmən/
3327	na	Now; already	/nɑː/
3328	precisely	In a precise manner; exactly	/pɹɪˈsaɪs.li/
3329	lawyers	A professional person with a graduate law degree that…	/ˈlɔɪ.ɚz/
3330	greek	Of or relating to Greece, its people, its language, or its…	/ɡɹiːk/
3331	merely	Without any other reason etc.; only, just, and nothing more	/ˈmɪɹli/
3332	criminals	A person who is guilty of a crime, notably breaking the law	/ˈkɹɪmɪnəlz/
3333	underwear	Clothes worn next to the skin, underneath outer clothing	/ˈʌndɚˌwɛɹ/
3334	hoped	To want to happen, with a sense of expectation that it might	/hoʊpt/
3335	earned	To gain through applied effort or work	/ɝnd/
3336	reveal	The outer side of a window or door frame	/ɹɪˈvil/
3337	appeared	To come or be in sight; to be in view; to become visible	/əˈpɪɹd/
3338	heavens	The abode of God and of the angels and saints in His…	/ˈhɛvənz/
3339	personality	Of people, a set of non-physical psychological and social…	/ˌpɜɹ.səˈnæ.lə.ti/
3340	batman	A servant or valet to a military officer	/ˈbæt.mən/
3341	virginia	vagina	/vɚˈd͡ʒɪn.jə/
3342	wives	A married woman, especially in relation to her spouse	/waɪvz/
3343	colour	Commonwealth and Ireland standard spelling of color	/ˈkʌlɚ/
3344	worker	One who works: a person who performs labor for a living;…	/ˈwɝ.kɚ/
3345	pope	An honorary title of the Roman Catholic bishop of Rome as…	/poʊp/
3346	instructions	The act of instructing, teaching, or providing with…	/ɪnˈstɹʌkʃənz/
3347	intelligent	Of high or especially quick cognitive capacity, bright	/ɪnˈtɛlɪd͡ʒənt/
3348	worrying	To be troubled; to give way to mental anxiety or doubt	/ˈwʌɹi.ɪŋ/
3349	comin	Pronunciation spelling of coming	/ˈkɑːmɪn/
3350	cried	To shed tears; to weep, especially in anger or sadness	/kɹaɪd/
3351	traveling	To be on a journey, often for pleasure or business and with…	/ˈtɹæv.lɪŋ/
3352	bells	A percussive instrument made of metal or other hard…	/bɛlz/
3353	x	An unknown quantity or unknown value	/ks/
3354	impact	The striking of one body against another; collision	/ˈɪmpækt/
3355	robbed	To steal from, especially using force or violence	/ɹɑbd/
3356	relief	The removal of stress or discomfort	/rɪˈlif/
3357	host	One which receives or entertains a guest, socially,…	/hoʊst/
3358	footage	An amount of film or tape that has been used to record…	/ˈfʊtɪd͡ʒ/
3359	odds	Something left over, not forming part of a set	/ɑdz/
3360	patrol	A going of the rounds along the chain of sentinels and…	/pəˈtɹoʊl/
3361	circus	A traveling company of performers that may include…	/ˈsɝkəs/
3362	mud	A mixture of water and soil or fine grained sediment	/mʌd/
3363	captured	That has been captured	/ˈkæp.ʃɚd/
3364	lessons	To give a lesson to; to teach	/ˈlɛs.ənz/
3365	occasion	A favorable opportunity; a convenient or timely chance	/əˈkeɪ̯ʒən/
3366	sets	A punch for setting nails in wood	/sɛts/
3367	pulse	A normally regular beat felt when arteries near the skin…	/pʌls/
3368	ad	to, toward	/ˌeɪˈdi/
3369	invented	Fictional, made up, imaginary	/ɪnˈvɛntɪd/
3370	diamonds	A glimmering glass-like mineral that is an allotrope of…	/ˈdaɪ(ə)məndz/
3371	auntie	The sister or sister-in-law of one’s parent	/ˈæn.ti/
3372	cloud	A visible mass of water droplets suspended in the air	/ˈklaʊ̯d/
3373	angels	An incorporeal and holy or semidivine messenger from a…	/ˈeɪn.d͡ʒəlz/
3374	hers	That or those belonging to her; the possessive case of she,…	/ˈhɝz/
3375	classes	A group, collection, category or set sharing…	/ˈklæsɪz/
3376	mm-hm	Alternative spelling of mhm	/ˌɛˈmɛˌmeɪtˈʃɛm/
3377	signature	A person's name, written by that person, used as…	/ˈsɪɡ.nə.t͡ʃɚ/
3378	complain	To express feelings of pain, dissatisfaction, or resentment	/kəmˈpleɪn/
3379	blah	Nonsense; drivel; idle, meaningless talk	/blɑː/
3380	monitor	Someone who watches over something; a person in charge of…	/ˈmɒn.ɪ.tə/
3381	options	One of a set of choices that can be made	/ˈɑːpʃənz/
3382	claims	A demand of ownership made for something	/kleɪmz/
3383	flies	Any insect of the order Diptera; characterized by having…	/flaɪz/
3384	pat	Opportunely, in a timely or suitable way	/pæt/
3385	britain	An ancient Briton	/ˈbɹɪt.ən/
3386	hid	To put in a place where it will be out of sight or harder…	/hɪd/
3387	wailing	A loud drawn out scream or howl	/ˈweɪlɪŋ/
3388	listened	To use one's sense of hearing and auditory cognition in an…	/ˈlɪs.n̩d/
3389	countries	The territory of a nation; a sovereign state or a region…	/ˈkʌntɹiz/
3390	vic	A Ford Crown Victoria automobile	/vɪk/
3391	yell	To shout; holler; make a loud sound with the voice,…	/jɛl/
3392	rats	Any of the numerous members of several rodent families that…	/ɹæts/
3393	wondered	To be affected with surprise or admiration; to be struck…	/ˈwʌndɚd/
3394	smooth	Smoothly	/smuːð/
3395	resist	To attempt to counter the actions or effects of	/ɹɪˈzɪst/
3396	companies	A team; a group of people who work together for a common…	/ˈkʌmpəniz/
3397	fantasy	That which comes from one's imagination or the act of…	[ˈfæ̃ɾ̃əsi]
3398	passport	An official document normally used for international…	/ˈpæspɔɹt/
3399	pitch	A sticky, gummy substance secreted by trees; tree sap	/pɪt͡ʃ/
3400	hammer	A tool with a heavy head and a handle used for pounding	/ˈhæmɚ/
3401	homicide	The killing of one person by another, whether premeditated…	/ˈhɑ.məˌsaɪ̯d/
3402	holds	A grasp or grip	/hoʊldz/
3403	flew	To travel through the air, another gas, or a vacuum,…	/fluː/
3404	jacob	A breed of multihorned sheep	/ˈd͡ʒeɪkəb/
3405	noon	The time of day when the Sun seems to reach its highest…	/nun/
3406	helicopter	An aircraft that is borne along by one or more sets of long…	/ˈhɛlɪˌkɑptɜɹ/
3407	dishes	A vessel such as a plate for holding or serving food, often…	/ˈdɪʃɪz/
3408	spin	To rotate, revolve, gyrate; to partially or completely…	/spɪn/
3409	charm	An object, act or words believed to have magic power	/t͡ʃɑɹm/
3410	slap	Exactly, precisely	/slæp/
3411	apply	To lay or place; to put	[əˈplaɪ]
3412	fools	A person with poor judgment or little intelligence	/fuːlz/
3413	screeching	The act of producing a screech	/ˈskɹiːt͡ʃɪŋ/
3414	discover	To find or learn something for the first time	/dɪˈskʌvɚ/
3415	previous	Prior; occurring before something else, either in time or…	/ˈpɹi.vi.əs/
3416	kit	A circular wooden vessel, made of hooped staves	/ˈkɪt/
3417	authorities	Power or right to make or enforce rules, give orders, or…	/ɐˈθɔːɹɪɾiz/
3418	moaning	The utterance of a moan	/ˈmoʊnɪŋ/
3419	photograph	A picture created by projecting an image onto a…	/ˈfoʊ.təˌɡɹæf/
3420	sales	An exchange of goods or services for currency or credit	/seɪlz/
3421	fifty	The cardinal number occurring after forty-nine and before…	/ˈfɪfti/
3422	mickey	The smallest distance that a computer mouse can move a…	/ˈmɪki/
3423	beneath	Below or underneath	/bɪˈniːθ/
3424	farewell	A wish of happiness or safety at parting, especially a…	/fɛɹˈwɛl/
3425	clouds	A visible mass of water droplets suspended in the air	/ˈklaʊ̯dz/
3426	slipped	To lose one’s traction on a slippery surface; to slide due…	/slɪpt/
3427	represent	To present again or anew; to present by means of something…	/ˌɹɛpɹɪˈzɛnt/
3428	deaf	Unable to hear	/dɛf/
3429	facing	To position oneself or itself so as to have one's face…	/ˈfeɪsɪŋ/
3430	offense	A crime or sin	/əˈfɛns/
3431	citizen	A resident of a city or town, especially one with legally…	/ˈsɪtɪzən/
3432	clown	A slapstick performance artist often associated with a…	/ˈklaʊ̯n/
3433	snap	A quick breaking or cracking sound or the action of…	/snæp/
3434	messing	To make soiled by defecating	/ˈmɛsɪŋ/
3435	hood	A head covering placed on falcons to inhibit their vision	[hʊ̈d]
3436	twelve	The cardinal number occurring after eleven and before…	/twɛlv/
3437	interests	The price paid for obtaining, or price received for…	/ˈɪn.t(ə.)ɹɪsts/
3438	cheated	Having been tricked or deceived	[ˈt͡ʃiɾɨd]
3439	informed	Instructed; having knowledge of a fact or area of education	/ɪnˈfɔɹmd/
3440	humanity	Humankind; human beings as a group	/hjuˈmænɪti/
3441	producer	An individual or organization that creates goods and…	/pɹəˈdusɚ/
3442	technically	Based on precise facts, which, however, may be contrary to…	/ˈtɛk.nɪˌkəl.i/
3443	accounts	A registry of pecuniary transactions; a written or printed…	/əˈkaʊnts/
3444	extreme	Of a place, the most remote, farthest or outermost	/ɪkˈstɹim/
3445	gettin	Pronunciation spelling of getting	/ˈɡɛʔn/
3446	cia	Initialism of Circuit Interactive Analyzer	/ˌsiːˌaɪˈeɪ/
3447	ii	Initialism of illegal immigrant	/ˌɹoʊmən ˈtuː/
3448	pays	To give money or other compensation to in exchange for…	/peɪz/
3449	profile	The outermost shape, view, or edge of an object	/ˈpɹoʊ.faɪl/
3450	oxygen	The chemical element with an atomic number of 8 and…	/ˈɑksɪd͡ʒən/
3451	jeez	Alternative spelling of geez	/ˈdʒiːz/
3452	gene	A theoretical unit of heredity of living organisms which…	/d͡ʒiːn/
3453	shed	To part with, separate from, leave off; cast off, cast, let…	/ʃɛd/
3454	minor	Lesser, smaller in importance, size, degree, seriousness,…	/ˈmaɪ.nəɹ/
3455	ex	To delete; to cross out	/ɛks/
3456	theatre	A cinema; movie theatre	/ˈθiəɾɚ/
3457	scientific	Related or connected to science	/ˌsaɪ.ənˈtɪf.ɪk/
3458	lovers	One who loves and cares for another person in a romantic…	/ˈlʌvɚz/
3459	chaos	The unordered state of matter in classical accounts of…	/ˈkeɪˌɑs/
3460	rocket	A cylindrical projectile that can be fired to a great…	/ˈɹɑk.ɪt/
3461	math	Clipping of mathematics	/mæθ/
3462	stubborn	Refusing to move or to change one's opinion; obstinate;…	/ˈstʌbɚn/
3463	august	Awe-inspiring, majestic, noble, venerable	/ɔˈɡʌst/
3464	oi	Pronunciation spelling of I	/ɔɪ/
3465	chips	A carpenter	/t͡ʃɪps/
3466	intense	Of a characteristic: extreme or very high or strong in…	/ɪnˈtɛns/
3467	grey	Commonwealth standard spelling of gray	/ɡɹeɪ/
3468	talkin	Pronunciation spelling of talking	/ˈtɔːkɪn/
3469	terrorist	A person, group, or organization that uses violent action,…	/ˈtɛɹəɹɪst/
3470	angle	A figure formed by two rays which start from a common point…	/ˈeɪ̯ŋ.ɡəl/
3471	invitation	The act of inviting; solicitation; the requesting of a…	/ɪnvɪˈteɪʃən/
3472	gus	Initialism of general user	/ˈɡʌs/
3473	gambling	An activity characterized by a balance between winning and…	/ˈɡæm.bl̩.ɪŋ/
3474	respond	To say something in return; to answer; to reply	/ɹɪˈspɑnd/
3475	thirty	The cardinal number occurring after twenty-nine and before…	/ˈθɝti/
3476	procedure	A particular method for performing a task	/pɹəˈsi.d͡ʒɚ/
3477	absolute	Free of restrictions, limitations, qualifications or…	/ˈæb.səˌlut/
3478	investigate	To inquire into or study in order to ascertain facts or…	[ɪnˈvɛs.tɪ.ɡeɪ̯t]
3479	tragedy	A drama or similar work, in which the main character is…	/ˈtɹæd͡ʒ.ɪ.di/
3480	stable	A building, wing or dependency set apart and adapted for…	/ˈsteɪ.bəl/
3481	session	A period of time devoted to a particular activity	/ˈsɛ.ʃən/
3482	capture	An act of capturing; a seizing by force or stratagem	/ˈkæp.(t)ʃɚ/
3483	marrying	To enter into the conjugal or connubial state; to take a…	/ˈmaɹɪj.ɪŋ/
3484	ripped	To divide or separate the parts of, by cutting or tearing;…	/ɹɪpt/
3485	attacks	An attempt to cause damage, injury to, or death of an…	/əˈtæks/
3486	stretch	To lengthen by pulling	/stɹɛt͡ʃ/
3487	bush	Towards the direction of the outback	/ˈbɵʃ/
3488	dates	The fruit of the date palm, Phoenix dactylifera, somewhat…	/deɪts/
3489	unable	Not able; lacking a certain ability	/ʌnˈeɪbl̩/
3490	gates	A doorlike structure outside a house	/ɡeɪts/
3491	mars	To spoil; to ruin; to scathe; to damage	/ˈmɑɹz/
3492	artists	A person who creates art	/ˈɑɹ.tɪsts/
3493	increase	To become larger or greater, to greaten	/ɪnˈkɹiːs/
3494	tastes	One of the sensations produced by the tongue in response to…	/teɪsts/
3495	cared	To be concerned, to have an interest; to feel concern	/kɛɹd/
3496	bottles	A container, typically made of glass or plastic and having…	/ˈbɑtl̩z/
3497	highest	Very elevated; extending or being far above a base; tall;…	/ˈhaɪ.ɪst/
3498	whirring	A whirr, the sounds of a whirr	/ˈwɜːɹɪŋ/
3499	meanwhile	During the time that something is happening, often…	/ˈmiːnwaɪl/
3500	grabbed	To grip suddenly; to seize; to clutch	/ɡɹæbd/
3501	pigs	Any of several mammalian species of the family Suidae,…	/pɪɡz/
3502	chop	A cut of meat, often containing a section of a rib	/t͡ʃɑp/
3503	wheels	A circular device capable of rotating on its axis,…	/wiːlz/
3504	shocked	To cause to be emotionally shocked; to cause to feel…	/ʃɒkt/
3505	reverend	Worthy of reverence or respect	/ˈɹɛvɹənd/
3506	commercial	An advertisement in a common media format, usually radio or…	/kəˈmɝ.ʃəl/
3507	escort	A group of people or vehicles, generally armed, who go with…	/ˈɛs.kɔɹt/
3508	engagement	An appointment, especially to speak or perform	/ɪnˈɡeɪd͡ʒ.mənt/
3509	corpse	A dead body, especially that of a human as opposed to an…	/koɹps/
3510	worthy	Having worth, merit, or value	/ˈwɝ.ði/
3511	scale	An ordered, usually numerical sequence used for…	/skeɪl/
3512	beats	A stroke; a blow	/biːts/
3513	williams	radiotelephony clear-code word for the letter W	/ˈwɪljəmz/
3514	threatening	Presenting a threat, posing a likely risk of harm	/ˈθɹɛtə.nɪŋ/
3515	exists	to be; have existence; have being or reality	/ɪɡˈzɪsts/
3516	academy	An institution for the study of higher learning; a college…	/əˈkæd.ə.mi/
3517	acts	An instance of a certain standardized college admissions…	/ækts/
3518	hop	A short jump	/hɑp/
3519	judges	A public official whose duty it is to administer the law,…	/ˈd͡ʒʌd͡ʒɪz/
3520	furniture	Large movable item, usually in a room, which enhance the…	/ˈfɝ.nɪ.t͡ʃɚ/
3521	shared	To give part of what one has to somebody else to use or…	/ʃɛɹd/
3522	ralph	To vomit	/ɹælf/
3523	consequences	An old-fashioned parlour game describing the meeting of a…	/ˈkɑn.sɪ.kwən.sɪz/
3524	engineer	A soldier engaged in designing or constructing military…	/ˌɛnd͡ʒɪˈnɪ(ə)ɹ/
3525	schools	An institution dedicated to teaching and learning; an…	/skulz/
3526	softly	In a soft manner; gently	/ˈsɔftli/
3527	bombs	An explosive device used or intended as a weapon,…	/bɒmz/
3528	caroline	Synonym of Carolean	/ˈkɛɹ.əˌlaɪn/
3529	shark	Any predatory fish of the superorder Selachimorpha, with a…	/ʃɑɹk/
3530	transport	To carry or bear from one place to another; to remove; to…	/tɹænsˈpɔɹt/
3531	population	The people living within a political or geographical…	/ˌpɑ.pjəˈleɪ.ʃən/
3532	succeed	To follow something in sequence or time	/səkˈsiːd/
3533	creepy	Moving by creeping along	/ˈkɹipi/
3534	sneak	One who sneaks; one who moves stealthily to acquire an item…	/sniːk/
3535	studies	Mental effort to acquire knowledge or learning	/ˈstʌdiz/
3536	destruction	The act of destroying	/dɪsˈtɹʌkʃən/
3537	protected	To keep safe; to defend; to guard; to prevent harm coming to	/pɹəˈtɛktɪd/
3538	monsters	A terrifying and dangerous creature, especially one of an…	/ˈmɔnstɚz/
3539	joining	To connect or combine into one; to put together	/ˈd͡ʒɔɪnɪŋ/
3540	punished	That has been the object of punishment	/ˈpʌnɪʃt/
3541	lightning	A flash of light produced by short-duration, high-voltage…	/ˈlaɪt.nɪŋ/
3542	shell	The calcareous or chitinous external covering of mollusks,…	/ʃɛl/
3543	fascinating	Having interesting qualities; captivating; attractive	/ˈfæsɪˌneɪtɪŋ/
3544	chamber	The private room of an individual, especially of someone…	/ˈt͡ʃeɪ̯mbɚ/
3545	romance	An intimate relationship between two people; a love affair	/ˈroʊˌmæn(t)s/
3546	instance	An occasion; an order of occurrence	/ˈɪnstəns/
3547	jumping	To propel oneself rapidly upward, downward and/or in any…	/ˈd͡ʒʌm.pɪŋ/
3548	groups	A number of things or persons being in some relation to one…	/ɡɹuːps/
3549	exhausted	Very tired; zonked	/ɪɡˈzɔstɪd/
3550	testify	To make a declaration, or give evidence, under oath	/ˈtɛstɪfaɪ/
3551	studied	To review materials already learned in order to make sure…	/ˈstʌd.id/
3552	walker	The agent noun of to walk: a person who walks or a thing…	/ˈwɔkɚ/
3553	pin	A needle without an eye made of drawn-out steel wire with…	/ˈpɪn/
3554	imagined	To form a mental image of something; to envision or create…	/ɪˈmæd͡ʒɪnd/
3555	drill	To create by removing material with a drill	/dɹɪl/
3556	investigating	To inquire into or study in order to ascertain facts or…	/ɪnˈvɛstᵻˌɡeɪɾɪŋ/
3557	ye	You	/jiː/
3558	experienced	To observe certain events; undergo a certain feeling or…	/ɪkˈspɪɹ.i.ənst/
3559	necklace	An article of jewelry that is worn around the neck, most…	/ˈnɛkləs/
3560	loyalty	The state of being loyal; fidelity	/ˈlɔɪəlti/
3561	junk	Miscellaneous items of little value, especially discarded…	/d͡ʒʌŋk/
3562	cole	Cabbage	/koʊl/
3563	cries	To shed tears; to weep, especially in anger or sadness	/kɹaɪ̯z/
3564	rita	Alternative form of rta	/ˈɹiːɾə/
3565	southern	Of, facing, situated in, or related to the south	/ˈsʌðɚn/
3566	blocks	A substantial, often approximately cuboid, piece of any…	/blɑks/
3567	emotions	A person's internal state of being and involuntary…	/ɪˈmoʊ.ʃənz/
3568	begun	To start, to initiate or take the first step into something	/bɪˈɡʌn/
3569	maya	a flourishing Mesoamerican civilization that existed in and…	/ˈmaɪə/
3570	liver	Having life; that is alive	/ˈlɪvɚ/
3571	serving	To be a formal servant for; to worship in an official…	/ˈsɝvɪŋ/
3572	matches	A competitive sporting event such as a boxing meet, a…	/ˈmæt͡ʃɪz/
3573	surgeon	One who performs surgery; a doctor who performs operations…	/ˈsɝd͡ʒən/
3574	granted	Used to concede a point or to express acknowledgment or…	/ˈɡɹæntɪd/
3575	jazz	A musical art form rooted in West African cultural and…	/d͡ʒæz/
3576	supplies	To provide, to make available for use	/səˈplaɪz/
3577	deeper	Extending far down from the top, or surface, to the bottom,…	/ˈdipɚ/
3578	typical	Capturing the overall sense of a thing	/ˈtɪp.ɪ.kəl/
3579	kicking	To strike or hit with the foot or other extremity of the leg	/ˈkɪkɪŋ/
3580	obey	To do as ordered by, to act according to the bidding of	/oʊˈbeɪ/
3581	dancer	A person who dances, usually as a hobby, an occupation, or…	/ˈdænsəɹ/
3582	remote	At a distance; disconnected	[ɹɪˈmoʊt]
3583	daughters	One’s female offspring	/ˈdɔ.tɚz/
3584	moron	A stupid person; an idiot; a fool	/ˈmoɹɑn/
3585	latin	Of or relating to Latin: the language spoken in ancient…	/ˈlæt.ɪn/
3586	teachers	A person who teaches, especially one employed in a school;…	/ˈti.t͡ʃɚz/
3587	toby	A drinking mug, in the shape of a human head with a hat…	/ˈtoʊbi/
3588	sandy	Covered with sand	/ˈsændi/
3589	dragged	To pull along a surface or through a medium, sometimes with…	/dɹæɡd/
3590	strategy	The science and art of military command as applied to the…	/ˈstɹæt.ɪ.d͡ʒi/
3591	parent	A person who raises a child	/ˈpɛəɹənt/
3592	jin	A portion of dead wood on a branch or at the top of the…	/ˈdʒɪn/
3593	album	A book specially designed to keep photographs, stamps, or…	/ˈælbəm/
3594	compared	To assess the similarities and differences between two or…	/kəmˈpɛɹd/
3595	rubbish	Refuse, waste, garbage, junk, trash	/ˈɹʌbɪʃ/
3596	helpful	Furnishing help; giving aid; useful	/ˈhɛlp.fl̩/
3597	powder	The fine particles which are the result of reducing a dry…	/ˈpaʊ.dɚ/
3598	sync	Clipping of synchronization or synchrony	/sɪŋk/
3599	bum	The buttocks	/bʌm/
3600	passes	An opening, road, or track, available for passing;…	/ˈpæsɪz/
3601	joan	A placeholder or conventional name for any woman,…	/d͡ʒoʊn/
3602	fort	A fortified defensive structure stationed with troops	/fɔɹt/
3603	choices	An option; a decision; an opportunity to choose or select…	/ˈt͡ʃɔɪsɪz/
3604	alley	A narrow street or passageway, especially one through the…	/ˈæl.i/
3605	supper	An optional light meal consumed shortly before going to bed	/ˈsʌpɚ/
3606	penis	The male erectile reproductive organ used for sexual…	/ˈpi.nɪs/
3607	alibi	The plea or mode of defense under which a person on trial…	/ˈæl.ə.baɪ/
3608	sammy	Synonym of Samoyed	/ˈsæmi/
3609	pole	Originally, a stick; now specifically, a long and slender…	/poʊl/
3610	coke	Solid residue from roasting coal in a coke oven; used…	/koʊk/
3611	scientist	One whose activities make use of the scientific method to…	/ˈsaɪəntəst/
3612	fighter	A person who fights; a combatant	/ˈfaɪtɚ/
3613	highway	A main public road, especially a multi-lane, high-speed…	/ˈhɑjwɛj/
3614	blade	The part of a knife, sword, razor, or other tool with which…	/bleɪd/
3615	alpha	Latin alpha: the Latin letter Ɑ	/ˈæl.fə/
3616	diet	The food and beverage a person or animal consumes	/ˈdaɪət/
3617	liquor	A liquid obtained by cooking meat or vegetables	/ˈlɪk.ɚ/
3618	jet	A collimated stream, spurt or flow of liquid or gas from a…	/ˈd͡ʒɛt/
3619	widow	A woman whose spouse has died; a woman in relation to her…	/ˈwɪd.oʊ/
3620	liberty	The condition of being free	/ˈlɪbəti/
3621	philip	English sparrow, house sparrow	/ˈfɪlɪp/
3622	moral	Of or relating to principles of right and wrong in…	/ˈmoɹəl/
3623	carrie	Obsolete spelling of carry	/ˈkæɹi/
3624	award	A judgment, sentence, or final decision. Specifically: The…	/əˈwɔɹd/
3625	grief	Suffering, hardship	/ɡɹiːf/
3626	thirsty	Needing to drink water or any liquid that can supply water	/ˈθɝs.ti/
3627	random	A roving motion; course without definite direction; lack of…	/ˈɹændəm/
3628	suspects	A person who is suspected of something, in particular of…	/ˈsʌspɛkts/
3629	intention	A course of action that a person intends to follow	/ɪnˈtɛnʃn̩/
3630	julian	Of or relating to Julius Caesar	/ˈd͡ʒuː.li.ən/
3631	active	Having the power or quality of acting; causing change;…	/ˈæk.tɪv/
3632	tools	Any physical device meant to ease or do a task	/tuːlz/
3633	driven	To operate	/ˈdɹɪvn̩/
3634	trauma	Any injury to the body of a living thing	/ˈtɹɑ.mə/
3635	headache	A pain or ache in the head	/ˈhɛdeɪk/
3636	safely	In a safe manner; without risk; using caution above all else	/ˈseɪfli/
3637	alexander	Ellipsis of bord Alexander	/ˌælɪɡˈzændɚ/
3638	knee	In humans, the joint or the region of the joint in the…	/ni/
3639	lads	A group of friends, regardless of gender. Often the lads	/lædz/
3640	novel	Newly made, formed or evolved; having no precedent; of…	/ˈnɑvəl/
3641	conversations	Expression and exchange of individual ideas through talking…	/kɑːnvɚˈseɪʃənz/
3642	waters	An inorganic compound found at room temperature and…	/ˈwɔ.tɚz/
3643	lookin	Alternative spelling of lookin'	/ˈlʊkɪn/
3644	invisible	Unable to be seen; out of sight; not visible	/ɪnˈvɪzəb(ə)l/
3645	internal	Of or situated on the inside	/ɪnˈtɜɹ.nəl/
3646	peaceful	Not at war; not disturbed by strife or turmoil	/ˈpiːsfl̩/
3647	humming	Making a hum sound	/ˈhʌmɪŋ/
3648	washed	To clean with water	/wɑʃt/
3649	drives	Planned, usually long-lasting, effort to achieve something;…	/dɹaɪvz/
3650	talented	Endowed with one or more talents	/ˈtæləntɪd/
3651	li	The Chinese mile, a traditional unit of distance equal to…	/liː/
3652	aid	Help; assistance; succor, relief	/eɪd/
3653	elephant	A large mammal of the family Elephantidae in the order…	/ˈɛləfənt/
3654	troubles	A distressing or dangerous situation	/ˈtɹʌbəlz/
3655	core	The central part of a fruit, containing the kernels or seeds	/kɔɹ/
3656	serial	Having to do with or arranged in a series	/ˈsɪɹ.i.əl/
3657	painted	To apply paint to	/ˈpeɪ.nɪd/
3658	divine	Of or pertaining to a god	/dɪˈvaɪn/
3659	jam	A sweet mixture of fruit boiled with sugar and allowed to…	/ˈd͡ʒæm/
3660	goat	Any ruminant of the genus Capra	/ɡoʊt/
3661	opera	A theatrical work, combining drama, music, song and…	/ˈɑp.ə.ɹə/
3662	thieves	One who carries out a theft	/θiːvz/
3663	guessing	To reach a partly unconfirmed conclusion; to engage in…	/ˈɡɛsɪŋ/
3664	objection	The act of objecting	/əbˈd͡ʒɛkʃən/
3665	whiskey	A liquor distilled from the fermented mash of grain	/ˈwɪski/
3666	resistance	The act of resisting, or the capacity to resist	/ɹɪˈzɪstəns/
3667	dressing	To put clothes on; to clothe	/ˈdɹɛsɪŋ/
3668	attached	Connected; joined	/əˈtæt͡ʃt/
3669	aaron	The leader of a group of thieves	/ˈɛəɹ.ən/
3670	brief	Of short duration; happening quickly	/ˈbɹif/
3671	punish	To cause to suffer for crime or misconduct, to administer…	/ˈpʌnɪʃ/
3672	eternal	Lasting forever; unending	/ɪˈtɝ.nl̩/
3673	lois	Initialism of letter of intent	/ˈloʊɪs/
3674	required	Necessary; obligatory; mandatory	/ɹɪˈkwaɪɹd/
3675	victoria	One of an American breed of medium-sized white pigs with a…	/vɪkˈtɔ.ɹɪə/
3676	fabulous	Of or relating to fable, myth or legend	/ˈfæbjʊləs/
3677	twins	A woman's breasts	/twɪnz/
3678	characters	A being involved in the action of a story; a persona	/ˈkɛɹəktɚz/
3679	cooked	To prepare food for eating, typically by heating it,…	/kʊkt/
3680	ln	Initialism of last night	/ˌɛˈlɛn/
3681	ruth	Sorrow for the misery of another person; compassion, mercy,…	/ɹuθ/
3682	dreamed	To see imaginary events in one's mind while sleeping	/ˈdɹiːmd/
3683	arts	The conscious production or arrangement of sounds, colours,…	/ɑɹts/
3684	naughty	Mischievous; tending to misbehave or act badly	/ˈnoːtɪj/
3685	stabbed	To pierce or to wound with a tool or weapon, especially a…	/stæbd/
3686	tend	To make a tender of; to offer or tender	/ˈtɛnd/
3687	tap	A conical peg or pin used to close and open the hole or…	/tæp/
3688	soap	A metallic salt derived from a fatty acid, commonly used in…	/soʊp/
3689	locker	A type of storage compartment with a lock, usually used to…	/ˈlɑ.kɚ/
3690	development	The process of developing; growth, directed change	/dɪˈvɛl.əp.mənt/
3691	images	A visual or other representation of the external form of…	/ˈɪm.ɪ.d͡ʒɪz/
3692	prick	A small hole or perforation, caused by piercing	/pɹɪk/
3693	global	In the global manner; world-wide	/ˈɡloʊ.bəl/
3694	string	A long, thin and flexible structure made from threads…	/stɹɪŋ/
3695	bitter	To an intense or severe degree; bitterly	/ˈbɪ.tɚ/
3696	sharing	To give part of what one has to somebody else to use or…	/ˈʃɛɚ.ɪŋ/
3697	corn	Any cereal plant that is the main crop or staple of a…	/ˈkɔɹn/
3698	craig	A rocky crag	/ˈkɹeɪɡ/
3699	fits	The degree to which something fits	/fɪts/
3700	tent	A pavilion or portable lodge consisting of skins, canvas,…	/tɛnt/
3701	forms	The shape or visible structure of a thing or person	/fɔɹmz/
3702	votes	A formalized choice on legally relevant measures such as…	/voʊts/
3703	harold	Acronym of hemispheric asymmetry reduction in older adults	/ˈhæɹəld/
3704	propose	To suggest a plan, course of action, etc	/pɹəˈpoʊz/
3705	constantly	In a constant manner; occurring continuously; persistently	/ˈkɑnstənʔli/
3706	granny	A grandmother	/ˈɡɹæni/
3707	nicely	Precisely; with fine discernment or judgement	/ˈnaɪs.li/
3708	nerves	A bundle of neurons with their connective tissue sheaths,…	/nɝvz/
3709	arguing	To show grounds for concluding; to indicate, imply	/ˈɑː(ɹ).ɡju.ɪŋ/
3710	abuse	Improper treatment or usage; application to a wrong or bad…	/əˈbjus/
3711	relatives	Someone connected by blood, marriage, or adoption; someone…	/ˈɹɛl.ə.tɪvz/
3712	survival	The fact or act of surviving; continued existence or life	/sɚˈvaɪ.vəl/
3713	gloves	An item of clothing, covering all or part of the hand and…	/ɡlʌvz/
3714	tracking	To observe the state of a person or object over time	/ˈtɹækɪŋ/
3715	zoe	Bare or universal life	/ˈzoʊi/
3716	u	A thing in the shape of the letter U	/ə/
3717	bend	To cause to change its shape into a curve, by physical…	/bɛnd/
3718	review	A second or subsequent reading of a text or artifact in an…	/ɹɪˈvjuː/
3719	connect	To join: to attach, or to be intended to attach or capable…	/kəˈnɛkt/
3720	separated	To divide into separate parts	/ˈsɛpəɹeɪtɪd/
3721	elder	Of an object, concept, relationship, etc., having existed…	/ˈɛldɚ/
3722	beard	Facial hair on the chin, cheeks, jaw and neck	/bɪɹd/
3723	admiral	The commander of a naval squadron or fleet, regardless of…	/ˈædməɹəl/
3724	diana	A Diana monkey	/daɪˈænə/
3725	salary	A fixed amount of money paid to a worker, usually…	/ˈsaləɹɪj/
3726	areas	A measure of the extent of a surface; it is measured in…	/ˈɛɹiəz/
3727	disturb	to confuse a quiet, constant state or a calm, continuous…	/dɪˈstɝb/
3728	pro	In favor of	/pɹoʊ/
3729	maintain	To keep up; to preserve; to uphold	/meɪnˈteɪn/
3730	solved	To find an answer or solution to a problem or question; to…	/ˈsɑːlvd/
3731	wealth	Riches; a great amount of valuable assets or material…	/wɛlθ/
3732	bitches	A female dog or other canine, particularly a recent mother	/ˈbɪt͡ʃɪz/
3733	possession	A control or occupancy of something for which one does not…	/pəˈzɛʃn̩/
3734	sang	To produce musical or harmonious sounds with one’s voice	/ˈseɪ̯ŋ/
3735	gimme	Give me	/ˈɡɪmiː/
3736	plates	A slightly curved but almost flat dish from which food is…	/pleɪts/
3737	shoulders	The part of the human torso forming a relatively horizontal…	/ˈʃoʊldɚz/
3738	burnt	To cause to be consumed by fire	/bɝnt/
3739	recorded	To make a record of information	/ɹəˈkɔɹdɪd/
3740	upper	At a higher physical position, level, rank or order	/ˈʌpɚ/
3741	counts	The act of counting or tallying a quantity	/kaʊnts/
3742	tale	A rehearsal of what has occurred; narrative; discourse;…	/ˈteɪl/
3743	profit	Total income or cash flow minus expenditures. The money or…	/ˈpɹɒfɪt/
3744	colleague	A fellow member of a profession, staff, academic faculty or…	/ˈkɑliɡ/
3745	warehouse	A facility for storing large amounts of merchandise or…	/ˈwɛə(ɹ)haʊs/
3746	hostage	A person given as a pledge or security for the performance…	/ˈhɑs.tɪd͡ʒ/
3747	shore	Land adjoining a non-flowing body of water, such as an…	/ʃɔɹ/
3748	porn	Pornography	/pɔɹn/
3749	miami	A member of an indigenous North American people of…	/maɪˈæmi/
3750	fifteen	The cardinal number occurring after fourteen and before…	/ˈfɪf.tiːn/
3751	visitors	Someone who visits someone else; someone staying as a guest	/ˈvɪzɪtɚz/
3752	bo	Final interrogative particle, used to invite agreement	/boʊ/
3753	net	After expenses or deductions	/nɛt/
3754	insult	To be insensitive, insolent, or rude to; to affront or…	/ɪnˈsʌlt/
3755	cities	A large settlement, bigger than a town; sometimes with a…	/ˈsɪtiz/
3756	causing	To set off an event or action; to bring about; to produce	/ˈkɔzɪŋ/
3757	lemon	A yellowish citrus fruit	/ˈlɛmən/
3758	heal	To make better from a disease, wound, etc.; to revive or…	/ˈhiːl/
3759	banging	To make sudden loud noises, and often repeatedly,…	/ˈbæŋ.ɪŋ/
3760	honeymoon	The period of time immediately following a marriage	/ˈhʌn.iˌmuːn/
3761	appeal	An application to a superior court or judge for a decision…	/əˈpiːl/
3762	marshall	Alternative spelling of marshal	/ˈmɑːɹʃəl/
3763	critical	Inclined to find fault or criticize	/ˈkɹɪt.ɪ.kəl/
3764	creating	To bring into existence	/kɹiːˈeɪtɪŋ/
3765	crane	Any bird of the family Gruidae, large birds with long legs…	/kɹeɪn/
3766	enormous	Extremely large; greatly exceeding the common size, extent,…	/ɪˈnoɹ.məs/
3767	testimony	Statements made by a witness in court	/ˈtɛstɪmoʊni/
3768	praise	Commendation; favourable representation in words	/pɹeɪz/
3769	fights	An occasion of fighting	/faɪts/
3770	indians	A person from India	/ˈɪndiənz/
3771	commission	A sending or mission	/kəˈmɪʃən/
3772	growls	A deep, rumbling, threatening sound made in the throat by…	/ɡɹaʊlz/
3773	sins	A violation of divine will or religious law	/sɪnz/
3774	fraud	The crime of stealing or otherwise illegally obtaining…	/ˈfɹɔːd/
3775	branch	The woody part of a tree arising from the trunk and usually…	/bɹænt͡ʃ/
3776	happily	In a happy or cheerful manner; with happiness	/ˈhæp.ə.li/
3777	bout	Apheretic form of about	/ˈbaʊt/
3778	covering	To place something over or upon, as to conceal or protect	/ˈkʌvəɹɪŋ/
3779	occurred	To happen or take place	/əˈkɝd/
3780	beans	Pills; drugs in pill form	/biːnz/
3781	raw	Without a condom	/ɹɔ/
3782	muscle	A contractile form of tissue which animals use to effect…	/ˈmʌs.əl/
3783	pages	One of the many pieces of paper bound together within a…	/ˈpeɪd͡ʒɪz/
3784	tense	The property of indicating the point in time at which an…	/tɛns/
3785	relationships	A connection or association; the condition of being related	/ˈɹᵻleɪʃənˌʃɪps/
3786	management	Administration; the use of limited resources combined with…	/ˈmæn.ɪdʒ.mənt/
3787	assignment	The act of assigning; the allocation of a job or a set of…	/əˈsaɪn.mənt/
3788	blonde	A kind of 2,000-watt lamp	/blɑnd/
3789	catching	To capture or snare	/ˈkæt͡ʃɪŋ/
3790	exposed	Open, unconcealed and/or unprotected	/ɪkˈspoʊzd/
3791	canada	A country bordering a larger country that shares many…	/kəˈnɑːdə/
3792	dont	Misspelling of don't	/ˈdoʊnt/
3793	han	Sorrowful resentment, as a part of the Korean cultural…	/hæn/
3794	comedy	a light, amusing play with a happy ending	/ˈkɑmədi/
3795	marco	Shouted by a player of the game Marco Polo. Compare Polo	/ˈmɑː(ɹ).kəʊ/
3796	stroke	An act of hitting; a blow, a hit	/stɹoʊk/
3797	whistling	To make a shrill, high-pitched sound by forcing air through…	/ˈwɪs(ə)lɪŋ/
3798	buildings	The act or process by which something is built; construction	/ˈbɪldɪŋz/
3799	shaking	To cause to move rapidly in opposite directions…	/ˈʃeɪkɪŋ/
3800	facility	The physical means or contrivances to make something…	/fəˈsɪlɪti/
3801	appropriate	To take to oneself; to claim or use, especially as by an…	/əˈpɹoʊ.pɹi.eɪt/
3802	remarkable	Worthy of remark; notable; interesting	/ɹɪˈmɑɹ.kə.bl̩/
3803	transferred	To move or pass from one place, person or thing to another	/tɹɑːnsˈfɜːd/
3804	drawn	To pull in a particular direction or manner	/dɹɔn/
3805	tits	Very good; awesome; amazing	/tɪts/
3806	clicking	The sound or action of a click	/ˈklɪkɪŋ/
3807	symbol	A character or glyph representing an idea, concept or object	/ˈsɪmbəl/
3808	motor	A machine or device that converts other energy forms into…	/ˈmoʊtəɹ/
3809	employees	A person who provides labor to a company or another person	/ˌɛmplɔɪˈiːz/
3810	ambassador	A diplomat of the highest rank sent to a foreign court to…	/æmˈbæs.ə.dɚ/
3811	mothers	A female parent, especially of a human; a female who…	/ˈmʌð.ɚz/
3812	pile	A mass of things heaped together; a heap	/paɪl/
3813	feeding	To give food to eat	/ˈfiːdɪŋ/
3814	soda	Sodium bicarbonate	/ˈsoʊdə/
3815	checks	An inspection or examination	/t͡ʃɛks/
3816	bears	A large, generally omnivorous mammal of the family Ursidae;…	/bɛɹz/
3817	cookies	Referring to a steal in basketball. Rarely used in the…	/ˈkʊkiz/
3818	slut	A sexually promiscuous woman	/slʌt/
3819	awfully	Badly, terribly	/ˈɔ.f(ə.)li/
3820	stepped	To move the foot in walking; to advance or recede by…	/stɛpt/
3821	toys	Something to play with, especially as intended for use by a…	/tɔɪz/
3822	levels	A tool for finding whether a surface is level, or for…	/ˈlɛvəlz/
3823	differently	In a different way	/ˈdɪf.ə.ɹənt.li/
3824	magnificent	Grand, elegant or splendid in appearance	/mæɡˈnɪfəsənt/
3825	steak	Beefsteak: a slice of beef, broiled or cut for broiling	/steɪk/
3826	tube	Anything that is hollow and cylindrical in shape	/tuːb/
3827	leaders	Any person who leads or directs	/ˈli.dɚz/
3828	superior	Higher in rank, status, or quality	/sʊˈpɪɹ.i.ɚ/
3829	herr	Used as a courtesy title before the surname of a…	/ˈhɛɹ/
3830	pan	Ellipsis of Peter Pan	/pæn/
3831	expression	The action of expressing thoughts, ideas, feelings, etc	/əkˈspɹɛʃ.n̩/
3832	currently	At this moment, at present, now	/ˈkʌɹ ənt.li/
3833	throne	An impressive seat used by a monarch, often on a raised…	/θɹoʊ̯n/
3834	deadly	In a way which suggests death	/ˈdɛdli/
3835	bee	A flying insect, of the clade Anthophila within the…	/ˈbiː/
3836	tooth	A hard, calcareous structure present in the mouth of many…	/tuθ/
3837	depressed	Unhappy; despondent	/dɪˈpɹɛst/
3838	potatoes	The edible starchy tuber of the plant species Solanum…	/pəˈteɪ.toʊz/
3839	wicked	Evil or mischievous by nature; morally reprehensible	/ˈwɪkɪd/
3840	resources	Something that one uses to achieve an objective, e.g. raw…	/ˈɹi.sɔɹsɪz/
3841	native	Belonging to one by birth or ancestry	/ˈneɪtɪv/
3842	centuries	A period of one hundred consecutive years; often…	/ˈsɛn.t͡ʃə.ɹiz/
3843	karl	A medieval Scandinavian freeman	/ˈkɑːɹl/
3844	poetry	Literature composed in verse or language exhibiting…	/ˈpoʊ.ə.tɹi/
3845	multiple	More than one	/ˈmʌltɪpəl/
3846	cable	A strong, large-diameter wire or rope, or something…	/ˈkeɪ.bəl/
3847	shortly	In a short or brief time or manner; quickly	/ˈʃɔɹtli/
3848	buzz	A continuous humming noise, as of bees; a confused murmur,…	/bʌz/
3849	socks	A knitted or woven covering for the foot	/sɑːks/
3850	fingerprints	The natural pattern of ridges on the tips of human fingers,…	/ˈfɪŋ.ɡəɹˌpɹɪnts/
3851	goddess	A female deity	/ˈɡɑdəs/
3852	chin	The bottom of a face, the typically jutting jawline below…	/ˈt͡ʃɪn/
3853	anxious	Nervous and worried	/ˈæŋkʃəs/
3854	colors	The spectral composition of visible light	/ˈkʌl.ɚz/
3855	basketball	A sport in which two opposing teams of five players strive…	/ˈbæs.kɪt.bɔl/
3856	promises	An oath or affirmation; a vow	/ˈpɹɑmɪsɪz/
3857	explained	To make plain, manifest, or intelligible; to clear of…	/ɪkˈspleɪnd/
3858	appearance	The act of appearing or coming into sight; the act of…	/əˈpiɹ.əns/
3859	musical	Of, belonging or relating to music, or to its performance…	/ˈmju.zɪ.kəl/
3860	sends	To make something go from one place to another	/sɛndz/
3861	slide	To move in continuous contact with a surface	/ˈslaɪ̯d/
3862	aii	Alternative form of ai	/ˈaɪi/
3863	ultimate	Final; last in a series	/ˈʌltɪmət/
3864	pork	The meat of a pig	/poɹk/
3865	communication	The act or fact of communicating anything; transmission	/kəˌmju.nɪˈkeɪ.ʃən/
3866	payment	The act of paying	/ˈpeɪmənt/
3867	structure	A cohesive whole built up of distinct parts	/ˈstɹʌkt͡ʃɚ/
3868	paperwork	Routine work involving written documents	/ˈpeɪ.pɚˌwɝk/
3869	obsessed	Intensely preoccupied with or by a given topic or emotion;…	/əbˈsɛst/
3870	lazy	Unwilling to do work or make an effort; disinclined to…	/ˈleɪ̯zi(ː)/
3871	russians	A native or inhabitant of Russia	/ˈɹʌʃənz/
3872	actors	Someone or something that takes part in some action; a…	/ˈæktɚz/
3873	squeeze	To apply pressure from two or more sides at once	/skwiːz/
3874	magical	Of, relating to, or by means of magic	/ˈmæd͡ʒ.ɪ.kəl/
3875	colleagues	A fellow member of a profession, staff, academic faculty or…	/ˈkɑliɡz/
3876	admire	To regard with wonder and delight	/ədˈmaɪɹ/
3877	madness	The state of being mad; insanity; mental disease	/ˈmæd.nəs/
3878	roads	A way used for travelling between places, originally one…	/ɹoʊdz/
3879	entry	The act of entering	/ˈɛntɹi/
3880	injury	Damage to the body of a living thing	/ˈɪn.d͡ʒɚ.i/
3881	burden	A heavy load	/ˈbɝdn̩/
3882	racing	To take part in a race	/ˈɹeɪsɪŋ/
3883	manner	Mode of action; way of performing or doing anything	/ˈmænɚ/
3884	freezing	Especially of a liquid, to become solid due to low…	/ˈfɹiːz.ɪŋ/
3885	bits	A piece of metal placed in a horse's mouth and connected to…	/bɪts/
3886	norman	A native or inhabitant of Normandy, France	/ˈnɔɹmən/
3887	mount	A hill or mountain	/maʊnt/
3888	battery	A device used to power electric devices, consisting of one…	/ˈbæt.əɹi/
3889	dessert	The last course of a meal, consisting of fruit, sweet…	/dɪˈzɝt/
3890	pound	A unit of weight in various measurement systems	/ˈpaʊ̯nd/
3891	visited	To habitually go to to comfort them	/ˈvɪzɪtɪd/
3892	motel	A type of hotel or lodging establishment, often located…	/moʊˈtɛl/
3893	rumbling	Deep- and slow-sounding	/ˈɹʌmblɪŋ/
3894	cinema	A movie theatre, a movie house	/ˈsɪn.ə.mə/
3895	fond	Having a liking or affection	/fɑnd/
3896	halfway	Half of the way between two points	/ˌhæfˈweɪ/
3897	rifle	A firearm fired from the shoulder; improved range and…	/ˈɹaɪfəl/
3898	reception	The act of receiving	/ɹɪˈsɛp.ʃn̩/
3899	statue	A three-dimensional work of art, usually representing a…	/ˈstæt͡ʃu/
3900	fridge	A refrigerator	/fɹɪd͡ʒ/
3901	brick	A hardened rectangular block of mud, clay etc., used for…	/ˈbɹɪk/
3902	abandon	To give up or relinquish control of, to surrender or to…	/ɐˈbændən/
3903	lap	The loose part of a coat; the lower part of a garment that…	/ˈlæp/
3904	wars	Organized, large-scale, armed conflict between countries or…	/wɔɹz/
3905	recommend	To bestow commendation on; to represent favorably; to…	/ˌɹɛkəˈmɛnd/
3906	brush	An implement consisting of multiple more or less flexible…	/bɹʌʃ/
3907	nelson	A score of 111, sometimes considered to be unlucky	/ˈnɛlsən/
3908	pill	A small, usually round or cylindrical object designed for…	/pɪl/
3909	concept	An abstract and general idea; an abstraction	/ˈkɑn.sɛpt/
3910	w	with a wing	/ˈdʌbə(l)ju/
3911	delay	A period of time before an event occurs; the act of…	/dɪˈleɪ/
3912	quarters	Each of four equal parts into which something can be…	/ˈkwɔɹtɚz/
3913	rub	An act of rubbing	/ɹʌb/
3914	mall	A pedestrianised street, especially a shopping precinct	/mɔːl/
3915	soil	A mixture of mineral particles and organic material, used…	/sɔɪl/
3916	complaint	The act of complaining	/kəmˈpleɪnt/
3917	sail	A piece of fabric attached to a boat and arranged such that…	/seɪl/
3918	baker	A person who bakes and sells bread, cakes and similar items	/ˈbeɪ.kɚ/
3919	coughs	A sudden, often involuntary expulsion of air from the lungs…	/ˈkɔfs/
3920	bucket	A container made of rigid material, often with a handle,…	/ˈbʌkɪt/
3921	description	A sketch or account of anything in words; a portraiture or…	/dɪˈskɹɪpʃən/
3922	badge	A distinctive mark, token, sign, emblem or cognizance, worn…	/bæd͡ʒ/
3923	measure	A limit that cannot be exceeded; a bound	/ˈmɛʒ.ɚ/
3924	hip	The outward-projecting parts of the pelvis and top of the…	/hɪp/
3925	function	What something does or is used for	/ˈfʌŋkʃən/
3926	indistinctly	In an indistinct manner	/ˌɪndɪsˈtɪŋktli/
3927	harris	A dried preparation of the flowering tops or other parts of…	/ˈhæɹɪs/
3928	foundation	The act of founding, fixing, establishing, or beginning to…	/ˌfaʊ̯nˈdeɪ̯ʃən/
3929	labor	Alternative spelling of labour	/ˈleɪ.bɚ/
3930	willie	Alternative spelling of willy	/ˈwɪli/
3931	waiter	A male or female attendant who serves customers at their…	/ˈweɪ̯təː/
3932	homeless	Lacking a permanent place of residence	/ˈhoʊmlɪs/
3933	proved	To demonstrate that something is true or viable; to give…	/ˈpɹuːvd/
3934	unfortunate	Not favored by fortune	/ʌnˈfɔɹ.t͡ʃə.nɪt/
3935	log	The trunk of a dead tree, cleared of branches	/lɔɡ/
3936	meetings	The act of persons or things that meet	/ˈmiːtɪŋz/
3937	giggles	An attack of uncontrolled giggling	/ˈɡɪɡəlz/
3938	combat	A battle, a fight	/ˈkɑmˌbæt/
3939	poem	A literary piece written in verse	/ˈpoʊ.əm/
3940	polish	Of, from or native to Poland, or relating to the Polish…	/ˈpɑ.lɪʃ/
3941	handed	To give, pass or transmit with the hand, literally or…	/ˈhændəd/
3942	mia	Absent for a long time	/miː.ə/
3943	weed	Any plant unwanted at the place where and at the time when…	/wiːd/
3944	tons	Lots; large quantities or numbers	/tʌnz/
3945	satellite	A moon or other smaller body orbiting a larger one	/ˈsætəlaɪ̯t/
3946	jersey	A garment knitted from wool, worn over the upper body	/ˈd͡ʒɝzi/
3947	eagle	Any of several large carnivorous and carrion-eating birds…	/ˈiːɡəl/
3948	privacy	The state of being secluded from the presence, sight, or…	/ˈpɹaɪ.və.si/
3949	chapter	One of the main sections into which a published work is…	/ˈt͡ʃæptɚ/
3950	treating	To negotiate, discuss terms, bargain	/ˈtɹiːtɪŋ/
3951	wisdom	An element of personal character that enables one to…	/ˈwɪzdəm/
3952	flip	A maneuver which rotates an object end over end	/flɪp/
3953	entering	To go or come into an enclosed or partially enclosed space	/ˈɛn.təɹ.ɪŋ/
3954	barn	A building, often found on a farm, used for storage or…	[ˈbɑɹn]
3955	farmer	A person who works the land and/or who keeps livestock;…	/ˈfɑɹ.mɚ/
3956	clan	A group of people all descended from a common ancestor, in…	/klæn/
3957	budget	The amount of money or resources earmarked for a particular…	/ˈbʌd͡ʒ.ɪt/
3958	pub	A public house where beverages, primarily alcoholic, may be…	/pʌb/
3959	temporary	Not permanent; existing only for a period or periods of time	/ˈtɛmp(əˌɹ)ɛɹi/
3960	effective	Having the power to produce a required effect or effects	/ɪˈfɛktɪv/
3961	sonny	A familiar form of address for a boy	/ˈsʌni/
3962	wendy	A wuss; someone who is particularly cowardly	/ˈwɛndi/
3963	juan	A scroll of a traditional Chinese book, often corresponding…	/ˈhwɑːn/
3964	lamb	A young sheep; especially, one younger than nine months	/ˈlæm/
3965	plot	The course of a story, comprising a series of incidents…	/plɑt/
3966	proposal	A scheme or design	/pɹəˈpoʊzəl/
3967	sticks	A small, thin branch from a tree or bush; a twig; a branch	/stɪks/
3968	searched	To look in for something	/sɝt͡ʃt/
3969	blessing	To make something holy by religious rite, sanctify	/ˈblɛs.ɪŋ/
3970	rage	Violent uncontrolled anger	/ɹeɪd͡ʒ/
3971	bothered	To annoy, to disturb, to irritate; to be troublesome to, to…	/ˈbɑːðɚd/
3972	basis	A physical base or foundation	/ˈbeɪ.sɪs/
3973	manners	Etiquette	/ˈmæn.ɚz/
3974	recover	To get back, to regain	/ɹɪˈkʌvɚ/
3975	twist	A twisting force	/twɪst/
3976	leak	A crack, crevice, fissure, or hole which admits water or…	/liːk/
3977	item	likewise	/ˈaɪ.təm/
3978	catholic	Universal; all-encompassing	/ˈkæ.θ(ə.)lɪk/
3979	sighing	Accompanied by or uttered with a sigh	/ˈsʌɪ̯.ɪŋ/
3980	retired	Secluded from society; private, quiet	/ɹɪˈtaɪəɹd/
3981	kings	A male monarch; a man who heads a monarchy; in an absolute…	/kɪŋz/
3982	inner	Being or occurring inside, situated farther in, located or…	/ˈɪnə/
3983	cents	A subunit of currency equal to one-hundredth of the main…	/sɛnts/
3984	affect	To influence or alter	/əˈfɛkt/
3985	forbidden	Not allowed; specifically disallowed	/fɚˈbɪdən/
3986	patch	A piece of cloth, or other suitable material, sewed or…	/pæt͡ʃ/
3987	drops	A small quantity of liquid, just large enough to hold its…	/dɹɑps/
3988	necessarily	Inevitably; of necessity	/ˌnɛs.əˈsɛɹ.ə.li/
3989	provided	Only if	/pɹəˈvaɪdɪd/
3990	meters	A device that measures things	/ˈmiːɾɚz/
3991	booked	To reserve for future use	/bɵkt/
3992	returns	The act of returning	/ɹɪˈtɝnz/
3993	gloria	A lightweight fabric used for umbrellas and dresses	/ˈɡlɔːɹiə/
3994	fires	A chemical reaction involving the bonding of oxygen with…	/ˈfaɪ̯ɚz/
3995	humor	US spelling of humour	/ˈhjuːmɚ/
3996	torn	To rend by holding or restraining in two places and pulling…	/toɹn/
3997	e-mail	Alternative form of email	/ˈiːmeɪl/
3998	rocky	Abounding in, or full of, rocks; consisting of rocks	/ˈɹɑki/
3999	introduced	To cause to be acquainted	/ˌɪntɹəˈduːst/
4000	creative	Tending to create things, or having the ability to create;…	/kɹiˈeɪtɪv/
4001	betray	To deliver into the hands of an enemy by treachery or…	/bɪˈtɹeɪ/
4002	soviet	Pertaining to or resembling a soviet	/ˈsoʊvi.ət/
4003	various	More than one	/ˈvɛəɹi.əs/
4004	added	To join or unite so as to increase the number, augment the…	[ˈæɾ.əd]
4005	discovery	Something discovered	/dɪˈskʌv.ɹi/
4006	cowboy	A man who tends free-range cattle, especially in the…	/ˈkaʊˌbɔɪ/
4007	suspected	To imagine or suppose to be true, or to exist, without proof	/səsˈpɛktɪd/
4008	suggested	To imply but stop short of explicitly stating	/sə(ɡ)ˈd͡ʒɛstɪd/
4009	delighted	Greatly pleased	/dɪˈlaɪtɪd/
4010	sticking	To cut a piece of wood to be the stick member of a…	/ˈstɪkɪŋ/
4011	dive	To swim under water	/daɪv/
4012	radar	In full primary radar: a method of detecting a distant…	/ˈɹeɪˌdɑɹ/
4013	prosecutor	A prosecuting attorney	/ˈpɹɑ.səˌkjuːˌtəɹ/
4014	amber	A hard, generally yellow to brown translucent or…	/ˈæm.bəː/
4015	vast	Very large or wide	/væst/
4016	owned	To have rightful possession of; to have legal title to; to…	/oʊnd/
4017	cookie	A small, flat, baked good which is either crisp or soft but…	/ˈkʊki/
4018	finest	Of superior quality	/ˈfaɪnɪst/
4019	felix	Free Electron Laser for Infrared eXperiments	/ˈfiːlɪks/
4020	pump	A device for moving or compressing a liquid or gas	/pʌmp/
4021	valentine	An expression of affection, especially romantic affection,…	/ˈvaləntaɪn/
4022	counter	Contrary, in opposition; in an opposite direction	/ˈkaʊn.tɚ/
4023	sorts	A general type	/sɔɹts/
4024	coin	A piece of currency, usually metallic and in the shape of a…	/ˈkoɪ̯n/
4025	warren	A system of burrows in which rabbits or other animals live	/ˈwɔɹən/
4026	slaves	A person who is held in servitude as the property of…	/sleɪvz/
4027	marine	Belonging to or characteristic of the sea; existing or…	/məˈɹiːn/
4028	illness	An instance of a disease or poor health	/ˈɪl.nəs/
4029	sack	A bag; especially a large bag of strong, coarse material…	/ˈsæk/
4030	bid	twice a day, two times per day	/bɪd/
4031	require	To demand, to insist upon; to call for authoritatively	/ɹɪˈkwaɪɹ/
4032	largest	Of considerable or relatively great size or extent	/ˈlɑɹd͡ʒɪst/
4033	washing	To clean with water	/ˈwɑʃ.ɪŋ/
4034	achieve	To carry out or conclude successfully; to accomplish	/əˈt͡ʃiv/
4035	causes	The source of, or reason for, an event or action; that…	/ˈkɔzɪz/
4036	k	A kilobyte	/keɪ/
4037	mo	The cardinal number occurring after el gro el do el and…	/moʊ/
4038	dope	Any viscous liquid or paste, such as a lubricant, used in…	[doʊp]
4039	nest	A structure built by a bird as a place to incubate eggs and…	/nɛst/
4040	palm	Any of various evergreen trees from the family Palmae or…	/pɑm/
4041	logan	A rocking or balanced stone	/ˈloʊɡən/
4042	constant	Unchanged through time or space; permanent	/ˈkɑnstənt/
4043	boo	A loud exclamation intended to scare someone. Usually used…	/buː/
4044	medication	A medicine, or all the medicines regularly taken by a…	/mɛdɪˈkeɪʃən/
4045	gravity	Of an activity such as a ceremony, a person's conduct,…	/ˈɡɹævɪti/
4046	booze	Any alcoholic beverage	/buz/
4047	noah	Clipping of Noah's ark; shark	/ˈnoʊə/
4048	abroad	Beyond the bounds of a country; in foreign countries	/əˈbɹɔːd/
4049	rising	To move upwards	/ˈɹaɪzɪŋ/
4050	analysis	Decomposition into components in order to study	/əˈnælɪsɪs/
4051	cuts	The act of cutting	/kʌts/
4052	eats	To consume by putting it into the mouth and swallowing it	/iːts/
4053	employee	A person who provides labor to a company or another person	/ˌɛm.plɔɪˈiː/
4054	vodka	A clear distilled alcoholic liquor made from grain mash	/ˈvɑdkə/
4055	damaged	To impair the soundness, goodness, or value of; to harm or…	/ˈdæmɪd͡ʒd/
4056	solar	Of or pertaining to the sun; proceeding from the sun	/ˈsoʊ.ləɹ/
4057	height	The distance from the base to the top of something	/haɪt/
4058	pops	A loud, sharp sound, as of a cork coming out of a bottle,…	/pɑps/
4059	yards	A small, usually uncultivated area adjoining or within the…	/jɑɹdz/
4060	terrified	Extremely frightened	/ˈtɛɹɪfaɪd/
4061	suitcase	A large piece of luggage used for carrying clothes, and…	/ˈsutkeɪs/
4062	chemical	Of or relating to chemistry	/ˈkɛm.ɪ.kəl/
4063	preparing	To make ready for a specific future purpose; to set up; to…	/pɹɪˈpɛɹɪŋ/
4064	advanced	To help the progress of; to further	/ədˈvænst/
4065	fund	A sum or source of money	/ˈfʌnd/
4066	wears	Clothing	/wɛɹz/
4067	chirping	The act, or an instance of, chirping	/ˈtʃɜːpɪŋ/
4068	web	The silken structure which a spider builds using silk…	/wɛb/
4069	phase	A distinguishable part of a sequence or cycle occurring…	/feɪz/
4070	prom	A promenade concert	/pɹɑm/
4071	suggesting	To imply but stop short of explicitly stating	/sə(ɡ)ˈd͡ʒɛst.ɪŋ/
4072	fleet	A group of vessels or vehicles	/ˈfliːt/
4073	lame	Unable to walk properly because of a problem with one's…	/leɪm/
4074	irish	Temper; anger, passion	/ˈaɪɹɪʃ/
4075	editor	A person who edits or makes changes to documents	/ˈɛd.ɪ.təɹ/
4076	october	A type of ale traditionally brewed in October	/ɑkˈtoʊ.bəɹ/
4077	assumed	To authenticate by means of belief; to surmise; to suppose…	/əˈsjuːmd/
4078	whip	A lash; a pliant, flexible instrument, such as a rod or a…	/ˈwɪp/
4079	mel	A unit of pitch on a scale of pitches perceived by…	/mɛl/
4080	region	Any considerable and connected part of a space or surface;…	/ˈɹi.d͡ʒən/
4081	amongst	Denotes a mingling or intermixing with distinct or…	/əˈmʌŋst/
4082	temper	A general tendency or orientation towards a certain type of…	/ˈtɛmpɚ/
4083	discussion	Conversation or debate concerning a particular topic	/dɪˈskʌʃ.ən/
4084	engines	A large construction used in warfare, such as a battering…	/ˈɛndʒɪnz/
4085	operate	To perform a work or labour; to exert power or strength,…	/ˈɑpəɹeɪt/
4086	sunshine	The direct rays, light or warmth of the sun	/ˈsʌnʃaɪn/
4087	acted	To do something	/ˈæk.tɪd/
4088	undercover	Performed or happening in secret	/ˌʌndə(ɹ)ˈkʌvə(ɹ)/
4089	horror	An intense distressing emotion of fear or repugnance	/ˈhoɹɚ/
4090	tested	To challenge, to put a strain on	/ˈtɛstɪd/
4091	smash	The sound of a violent impact; a violent striking together	/smæʃ/
4092	contrary	Contrarily	/ˈkɑntɹɛɹi/
4093	roses	A shrub of the genus Rosa, with red, pink, white or yellow…	/ˈɹoʊzɪz/
4094	poker	A metal rod, generally of wrought iron, for adjusting the…	/ˈpoʊkɚ/
4095	wrapped	Encased in a wrapping	/ɹæpt/
4096	korean	Of or relating to the Asian Peninsula comprising North…	/kəˈɹi.ən/
4097	graham	Flour made by grinding wheat berries including the bran	/ɡɹæm/
4098	mi	A syllable used in sol-fa to represent the third note of a…	/miː/
4099	fu	flux unit	/ˈfuː/
4100	ivan	Alternative form of iwan	/ˈaɪvən/
4101	focused	To cause to converge at a single point	/ˈfoʊ.kəst/
4102	tragic	Causing great sadness or suffering	/ˈtɹæd͡ʒɪk/
4103	demons	An evil being resident in or working for Hell; a devil	/ˈdiːmənz/
4104	rounds	A circular or spherical object or part of an object	/ˈɹaʊndz/
4105	entertainment	An activity designed to give pleasure, enjoyment,…	/ˌɛn.(t)ɚˈteɪn.mənt/
4106	gathered	To collect normally separate things	/ˈɡæðɚd/
4107	uhh	Alternative form of uh	[əː]
4108	yells	A shout	/ˈjɛlz/
4109	lincoln	A brand of American automobile	/ˈlɪŋ.kən/
4110	crossing	To place across or athwart; to cause to intersect	/ˈkɹɔsɪŋ/
4111	blanket	A heavy, loosely woven fabric, usually large and woollen,…	/ˈblæŋ.kɪt/
4112	nut	Any of various hard-shelled seeds or hard, dry fruits from…	/nʌt/
4113	travis	A screen or partition between stable stalls	/ˈtɹeɪvəs/
4114	pockets	A bag stitched to an item of clothing, used for carrying…	/ˈpɑ.kɪts/
4115	limited	With certain limits placed upon it	/ˈlɪm.ɪ.tɪd/
4116	paintings	An illustration or artwork done with the use of paint	/ˈpeɪntɪŋz/
4117	sober	Not drunk; not intoxicated	/ˈsoʊ.bɚ/
4118	caesar	A title of Roman emperors	/ˈsizɚ/
4119	sis	Clipping of sister	/sɪs/
4120	intended	To fix the mind upon; be intent upon	/ɪnˈtɛndɪd/
4121	niece	A daughter of one’s sibling, brother-in-law, or…	/nis/
4122	computers	A programmable electronic device that performs mathematical…	/kəmˈpjutɚz/
4123	tennis	A sport played by two players, who alternately strike the…	/ˈtɛnɪs/
4124	needle	A long, thin, sharp implement usually for piercing as in…	/ˈniː.dəl/
4125	chicks	A young bird	/t͡ʃɪks/
4126	traditional	Of, relating to, or derived from tradition	/tɹəˈdɪʃ.ə.nəl/
4127	delicate	Easily damaged or requiring careful handling	/ˈdɛl.ɪ.kɪt/
4128	independent	Not dependent; not contingent or depending on something…	/ˌɪn.dɪˈpɛn.dənt/
4129	grandson	A son of one's child	/ˈɡɹæn(d)sʌn/
4130	repair	To restore to good working order, fix, or improve damaged…	/ˈɹiːpɛɚ/
4131	executive	Designed or fitted for execution, or carrying into effect	/ɪɡˈzɛkjətɪv/
4132	colin	The American quail or bobwhite, or related species	/ˈkɑːlɪn/
4133	recognized	To match to a memory of some previous encounter with the…	/ˈɹɛkəɡnaɪzd/
4134	holmes	An informal term of address, like man or dude	/ˈhoʊmz/
4135	regarding	Concerning, respecting	/ɹɪˈɡɑɹdɪŋ/
4136	weakness	The condition of being weak	/ˈwik.nɪs/
4137	aliens	A person, animal, plant, or other thing which is from…	/ˈeɪliənz/
4138	gunshots	The act of discharging a firearm	/ˈɡʌnʃɑːts/
4139	european	Related to Europe	/ˌjʊɹ.əˈpi.ən/
4140	method	A process by which a task is completed; a way of doing…	/ˈmɛθəd/
4141	tool	Any physical device meant to ease or do a task	/tul/
4142	demands	The desire to purchase goods and services	/dɪˈmændz/
4143	permit	To allow to happen, to give permission for	/pɚˈmɪt/
4144	towel	A cloth used for wiping, especially one used for drying…	/ˈtaʊ̯əl/
4145	daisy	A wild flowering plant of species Bellis perennis of the…	/ˈdeɪ.zi/
4146	nowadays	At the present time; in the current era	/ˈnaʊ.ə.deɪz/
4147	spider	Any of various eight-legged, predatory arthropods, of the…	/ˈspaɪ̯dɚ/
4148	northern	Of, facing, situated in, or related to the north; northerly	/ˈnɔɹ.ðɚn/
4149	rangers	One who ranges; a rover	/ˈɹeɪndʒɚz/
4150	zoo	A park where live animals are exhibited	/zʉw/
4151	praying	To direct words, thoughts, or one's attention to a deity or…	/ˈpɹeɪɪŋ/
4152	passengers	One who rides or travels in a vehicle, but who does not…	/ˈpæs.ɪn.d͡ʒɚz/
4153	con	A disadvantage of something, especially when contrasted…	/kɑn/
4154	technique	The practical aspects of a given art, occupation etc.;…	/tɛkˈniːk/
4155	cellphone	To make a call to on a cellphone	/ˈsɛlfoʊn/
4156	gently	Without strong force or quickness: softly, lightly	[ˈd͡ʒɛ̃ɾ̃li]
4157	operations	The method by which a device performs its function	/ˌɒp.əˈɹeɪ.ʃənz/
4158	planes	A level or flat surface	/pleɪnz/
4159	bunny	A rabbit, especially a juvenile one	/ˈbʌni/
4160	gunfire	Shots from a gun or guns, typically creating loud report	/ˈɡʌnfʌɪə/
4161	shining	To emit or reflect light so as to glow	/ˈʃaɪnɪŋ/
4162	backwards	Synonym of backward; see usage notes there	/ˈbækwɜɹdz/
4163	skill	A capacity to do something well; a technique, an ability,…	[skɪɫ]
4164	baron	The male ruler of a barony	/ˈbæɹən/
4165	kidnapping	The crime of taking a person against their will, sometimes…	/ˈkɪdnæpɪŋ/
4166	marshal	A military officer of the highest rank in several…	/ˈmɑɹʃəl/
4167	petty	Having little or no importance	/ˈpɛt.i/
4168	sealed	Closed by a seal	/siːld/
4169	massage	The action of rubbing, kneading or hitting someone's body,…	/məˈsɑ(d)ʒ/
4170	raising	To cause to rise; to lift or elevate	/ˈɹeɪzɪŋ/
4171	menu	The details of the food to be served at a banquet; a bill…	/ˈmɛn.ju/
4172	diary	A daily log of experiences, especially those of the writer	/ˈdaɪ.ə.ɹi/
4173	fucker	An undesirable person	/ˈfʌk.ə(ɹ)/
4174	wagon	A heavier four-wheeled vehicle designed to carry goods	/ˈwæɡən/
4175	audition	A performance, by an aspiring performer, to demonstrate…	/ɑˈdɪʃən/
4176	mitch	To be absent from without a valid excuse; to play truant,…	/mɪt͡ʃ/
4177	mexican	A person from the country of Mexico or of Mexican descent	/ˈmɛksək(ə)n/
4178	casino	A public building or room for gambling	/kæˈsinoʊ/
4179	bacon	Cured meat from the sides, belly, or back of a pig	/ˈbeɪ.kən/
4180	diego	A Spanish-speaker, especially from Latin America	/diˈeɪ.ɡoʊ/
4181	dutch	Of or pertaining to the Netherlands, the Dutch people or…	/dʌt͡ʃ/
4182	promotion	An advancement in rank or position	/pɹəˈmoʊʃn̩/
4183	click	A brief, sharp, not particularly loud, relatively…	/klɪk/
4184	forgiveness	The action of forgiving	/fɚˈɡɪvnəs/
4185	burst	To break from internal pressure	/bɝst/
4186	permanent	Without end, eternal	/ˈpɝ.mə.nənt/
4187	interfere	To get involved or involve oneself, causing disturbance	/ˌɪn.tɚˈfɪɚ/
4188	chanting	Singing, especially as a chant is sung	/ˈtʃæntɪŋ/
4189	dammit	Expressing anger, irritation, contempt, or disappointment	/ˈdæmɪt/
4190	spencer	A large loose-fitted gaffsail on a square-rigger or barque,…	/ˈspɛnsə/
4191	recovered	To get back, to regain	/ɹɪˈkʌvɚd/
4192	registered	Having had one's name or identity added to an official list…	/ˈɹɛd͡ʒ.ɪs.tɚd/
4193	sunny	sunny side up	/ˈsʌni/
4194	packing	To make a pack of; to arrange closely and securely in a…	/ˈpækɪŋ/
4195	scenes	The location of an event that attracts attention	/sinz/
4196	superman	An imagined superior type of human being representing a new…	/ˈsupɚmæn/
4197	questioning	To ask questions of; to interrogate; to ask for information	/ˈkwɛʃ.tə.nɪŋ/
4198	unfair	Not just	/ʌnˈfɛɚ/
4199	admitted	To allow to enter; to grant entrance, whether into a place,…	/ədˈmɪtɪd/
4200	ancestors	One from whom a person is descended, whether on the…	/ˈæn.sɛs.tɚz/
4201	polite	Well-mannered, civilized	/pəˈlaɪt/
4202	completed	To finish; to make done; to reach the end	/kəmˈpliːtɪd/
4203	swallow	To cause to pass from the mouth into the stomach; to take…	/ˈswɒl.əʊ/
4204	conduct	The act or method of controlling or directing	/ˈkɑndʌkt/
4205	prayers	A practice of communicating with one's God, or with some…	/pɹɛɹz/
4206	sheet	Usually solid excretory product evacuated from the bowels;…	/ʃit/
4207	fried	Cooked by frying	/fɹaɪd/
4208	avenue	A broad street, especially one bordered by trees or, in…	/ˈæv.əˌn(j)u/
4209	poisoned	To use poison to kill or paralyse	/ˈpɔɪzn̩d/
4210	reverse	Opposite, contrary; going in the opposite direction	/ɹɪˈvɝs/
4211	newspapers	A publication, usually published daily or weekly,…	/ˈn(j)usˌpeɪpɚz/
4212	ford	A location where a stream is shallow and the bottom has…	/fɔɹd/
4213	complaining	The act by which someone complains; a complaint	/kəmˈpleɪn.ɪŋ/
4214	senses	Any of the manners by which living beings perceive the…	/ˈsɛnsɪz/
4215	investment	The act of investing, or state of being invested	/ɪnˈvɛstmənt/
4216	absurd	Contrary to reason or propriety; obviously and flatly…	/əbˈsɚd/
4217	potato	The edible starchy tuber of the plant species Solanum…	/pəˈteɪ.toʊ/
4218	understands	To know the meaning of; to parse or have parsed correctly;…	/ˌʌndɚsˈtændz/
4219	grows	To become larger, to increase in magnitude	/ɡɹoʊz/
4220	inspired	Having excellence through inspiration	/ɪnˈspaɪɹd/
4221	ruby	A clear, deep, red variety of corundum, valued as a…	/ˈɹuː.bi/
4222	celebrating	To extol or honour in a solemn manner	/ˈsɛləˌbɹeɪɾɪŋ/
4223	tag	A small label	/tæɡ/
4224	ram	A male sheep, typically uncastrated	/ɹæm/
4225	requires	To demand, to insist upon; to call for authoritatively	/ɹɪˈkwaɪɹz/
4226	bonnie	Merry; happy	/ˈbɑːni/
4227	bugs	Crazy; unstable	/bʌɡz/
4228	hooked	To attach a hook to	/hʊkt/
4229	jill	A young woman; a sweetheart; like the variant spelling Gill…	/d͡ʒɪl/
4230	ranch	A large plot of land used for raising cattle, sheep or…	/ˈɹænt͡ʃ/
4231	safer	Not in danger; out of harm's reach	/ˈseɪfɚ/
4232	worn	To carry or have equipped on or about one's body, as an…	/woɹn/
4233	crashing	To collide with something destructively; to fall or come…	/ˈkɹæʃɪŋ/
4234	lands	The part of Earth which is not covered by oceans or other…	/lændz/
4235	heather	An evergreen plant, Calluna vulgaris, with spiky leaves and…	/ˈhɛðɚ/
4236	ash	The solid remains of a fire	/ˈæʃ/
4237	leather	A tough material produced from the skin of animals, by…	/ˈlɛðɚ/
4238	grounds	The surface of the Earth, as opposed to the sky or water or…	/ɡɹaʊndz/
4239	assuming	To authenticate by means of belief; to surmise; to suppose…	/əˈsjuːmɪŋ/
4240	nails	The four round-topped pedestals outside the Corn Exchange…	/neɪlz/
4241	dana	The virtue of generosity or giving, a form of alms, in…	/ˈdeɪnə/
4242	conspiracy	An agreement or arrangement between multiple parties to do…	/kənsˈpɪɹəsi/
4243	thanksgiving	The expression of gratitude	/ˌθeɪ̯ŋksˈɡɪv.ɪŋ/
4244	guardian	Someone who guards, watches over, or protects	/ˈɡɑɹ.di.ən/
4245	rumors	A statement or claim of questionable accuracy, from no…	/ˈɹumɚz/
4246	yen	The unit of Japanese currency since 1871, divided into 100…	/jɛn/
4247	ashes	The solid remains of a fire	/ˈæʃ.ɪz/
4248	terror	Intense dread, fright, or fear	/ˈtɛɹɚ/
4249	misunderstanding	A mistake as to the meaning of something or a specific…	/ˌmɪsʌndɚˈstændɪŋ/
4250	tire	To become sleepy or weary	/ˈtaɪ̯ɚ/
4251	boats	A small, usually open craft used for travelling over water,…	/boʊts/
4252	parade	Synonym of military parade: A show of troops, an assembly…	/pəˈrɑd/
4253	halt	To limp; move with a limping gait	/hɒlt/
4254	immunity	Protective resistance against disease	/ɪˈmjuːnəti/
4255	adults	An animal that is full-grown	/əˈdʌlts/
4256	steam	The hot gaseous form of water, formed when water changes…	/stiːm/
4257	kang	A traditional long platform of brick, clay or concrete,…	/ˈkæŋ/
4258	closely	In a close manner	/ˈkloʊsli/
4259	pearl	A shelly concretion, usually rounded, and having a…	/pɝl/
4260	soccer	Association football	/ˈsɑk.ɚ/
4261	adrian	Relating to the Adriatic Sea	/ˈeɪ.dɹiː.ən/
4262	priority	An item's relative importance	/pɹaɪˈoɹəti/
4263	shouts	A loud burst of voice or voices; a violent and sudden…	/ʃaʊts/
4264	donald	Abbreviation of Donald Trump	/ˈdɑn.əld/
4265	happier	Having a feeling arising from a consciousness of well-being…	/ˈhæpi.ɚ/
4266	khan	An Ottoman sultan	/kɑːn/
4267	struggling	To strive, to labour in difficulty, to fight, to contend	/ˈstɹʌɡəlɪŋ/
4268	root	The part of a plant, generally underground, that anchors…	/ɹut/
4269	larger	Of considerable or relatively great size or extent	/ˈlɑɹ.d͡ʒɚ/
4270	november	Alternative letter-case form of November from the NATO/ICAO…	/noʊˈvɛmbɚ/
4271	boot	A heavy shoe that covers part of the leg	/but/
4272	conflict	A clash or disagreement, often violent, between two or more…	/ˈkɑn.flɪkt/
4273	laughed	To show mirth, satisfaction, or derision, by peculiar…	/læft/
4274	cherry	A small fruit, usually red, black or yellow, with a smooth…	/ˈt͡ʃɛɹi/
4275	honking	A sound that honks	/ˈhɔŋkɪŋ/
4276	concerns	That which affects one’s welfare or happiness. A matter of…	/kənˈsɝnz/
4277	celebration	The formal performance of a solemn rite, such as Christian…	/ˌsɛl.əˈbɹeɪ.ʃən/
4278	sore	Sorely	/soɹ/
4279	unconscious	Not awake; having no awareness	/ˌʌnˈkɑnʃəs/
4280	cattle	Domesticated animals of the species Bos taurus, and other…	/ˈkætəl/
4281	breasts	Either of the two organs on the front of a female human's…	/bɹɛsts/
4282	fairly	In a fair manner; fair; not biased or skewed or favouring a…	/ˈfɛɹ.li/
4283	fee	An amount charged for a privilege	/fiː/
4284	recognise	Non-Oxford British English standard spelling of recognize	/ˈɹɛkənaɪz/
4285	wade	To walk through water or something that impedes progress	/weɪd/
4286	radiation	The shooting forth of anything from a point or surface,…	/ˌɹeɪ.diˈeɪ.ʃən/
4287	holidays	On holidays	/ˈhɑːlɪˌdeɪz/
4288	raining	To have rain fall from the sky	/ˈɹeɪnɪŋ/
4289	forgetting	To lose remembrance of	/fɚˈɡɛtɪŋ/
4290	lungs	A biological organ of vertebrates that controls breathing…	/lʌŋz/
4291	register	A formal recording of names, events, transactions, etc	/ˈɹɛd͡ʒ.ɪ.stɚ/
4292	shadows	A dark image projected onto a surface where light is…	/ˈʃædoʊz/
4293	specifically	In a specific manner, applying to or naming a particular…	/spəˈsɪfɪkli/
4294	sarge	Clipping of sergeant	/sɑɹd͡ʒ/
4295	ideal	Pertaining to ideas, or to a given idea	/aɪˈdi(ə)l/
4296	turtle	Any land, aquatic, or semi-aquatic reptile of the order…	/ˈtɝtl̩/
4297	spoil	To ruin; to damage in such a way as to make undesirable or…	/spɔɪl/
4298	deserved	To be entitled to, as a result of past actions; to be…	/dɪˈzɝvd/
4299	gina	The vagina	/ˈd͡ʒaɪnə/
4300	candidate	A person who seeks to be elected or appointed to a position…	/ˈkæn.dɪ.dɪt/
4301	lance	A weapon of war, consisting of a long shaft or handle and a…	/læns/
4302	types	A grouping based on shared characteristics; a class	/taɪps/
4303	bloke	A fellow, a man; especially an ordinary man, a man on the…	/bloʊk/
4304	explode	To fly apart with sudden violent force; to blow up, to…	/ɪkˈsploʊd/
4305	immediate	Happening right away, instantly, with no delay	/ɪˈmi.di.ɪt/
4306	belonged	To have its proper place	/bɪˈlɔŋd/
4307	identified	To establish the identity of someone or something	/aɪˈdɛn.tɪ.faɪd/
4308	di	A meaningless syllable used when singing a tune or…	/ˈdi/
4309	hunger	A need or compelling desire for food	/ˈhʌŋɡɚ/
4310	closest	At little distance; near in space or time	/ˈkloʊ.sɪst/
4311	combination	The act of combining, the state of being combined or the…	/ˌkɑmbɪˈneɪʃən/
4312	nanny	A child's nurse	/ˈnæni/
4313	develop	To change with a specific direction, progress	/dɪˈvɛl.əp/
4314	detectives	A police officer tasked with collecting evidence and…	/dɪˈtɛktɪvz/
4315	severe	Very bad or intense	/sɪˈvɪɹ/
4316	en	Used in various phrases borrowed from French or formed as…	/ɛn/
4317	organized	Of things or settings, having been organized; in good order	/ˈɔɹɡənaɪzd/
4318	franklin	A one-hundred-dollar bill, which carries the portrait of…	/ˈfɹæŋk.lɪn/
4319	gut	The alimentary canal, especially the intestine	/ɡʌt/
4320	splendid	Possessing or displaying splendor; shining; very bright	/ˈsplɛndɪd/
4321	dismissed	Not having been considered; treated as unimportant; rejected	/dɪsˈmɪst/
4322	pm	To project manage	/ˌpiː ˈɛm/
4323	yang	A principle in Chinese and related East Asian philosophies…	/ˈjeɪ̯ŋ/
4324	vulnerable	More or most likely to be exposed to the chance of being…	/ˈvʌln(ə)ɹəbl̩/
4325	continued	To proceed with; to prolong	/kənˈtɪn.jud/
4326	vital	Relating to or characteristic of life	/ˈvaɪtəl/
4327	comrades	A mate, companion, or associate	/ˈkɑmɹædz/
4328	bureau	An administrative unit of government; office	/ˈbjʊ.ɹoʊ/
4329	drawer	That which draws: that which attracts e.g. a crowd	/dɹɔɹ/
4330	harper	A harpist, especially one who plays a traditional harp…	/ˈhɑː(ɹ)pə(ɹ)/
4331	retreat	The act of pulling back or withdrawing, as from something…	/ɹɪˈtɹiːt/
4332	benny	An amphetamine tablet	/ˈbɛni/
4333	pillow	A soft cushion used to support the head in bed	/ˈpɪ.loʊ/
4334	troy	Of, or relating to, troy weight	/tɹɔɪ/
4335	ace	A playing card showing a single pip, typically the highest…	/ˈeɪ̯s/
4336	cart	A small, open, wheeled vehicle, drawn or pushed by a person…	/kɑɹt/
4337	nap	To have a nap; to sleep for a short period of time,…	/næp/
4338	chan	An IRC channel	/tʃæn/
4339	ham	The region back of the knee joint; the popliteal space; the…	/ˈhæm/
4340	announce	To give public notice of, especially for the first time; to…	/əˈnaʊn(t)s/
4341	borrowed	To receive from somebody temporarily, expecting to return it	/ˈbɔɹoʊd/
4342	parked	To bring to a halt or store in a specified place	/ˈpɑːɹkt/
4343	galaxy	Any of the collections of many millions or billions of…	/ˈɡælɐksi/
4344	voted	To cast a vote; to assert a formalized choice in an election	/ˈvoʊɾᵻd/
4345	muffled	Stifled or covered up; diminished by interference	/ˈmʌfl̩d/
4346	jewelry	US standard spelling of jewellery	/ˈdʒuːəlɹi/
4347	kisses	A touch with the lips, usually to express love or…	/ˈkɪsɪz/
4348	luggage	The bags and other containers that hold a traveller's…	/ˈlʌɡ.ɪdʒ/
4349	groom	A man who is about to marry	/ɡɹum/
4350	oops	A minor mistake or unforeseen difficulty	/ups/
4351	lighter	Having light; bright; clear; not dark or obscure	/ˈlaɪtɚ/
4352	masters	Someone who has control over something or someone	/ˈmæs.tɚz/
4353	alliance	The state of being allied	/əˈlaɪ.əns/
4354	buddies	A friend or casual acquaintance	/ˈbʌdiz/
4355	clothing	Any of a wide variety of articles, usually made of fabrics,…	/ˈkloʊðɪŋ/
4356	denied	To disallow or reject	/dɪˈnaɪd/
4357	drown	To die from suffocation while immersed in water or other…	/dɹaʊn/
4358	alike	In the same manner, form, or degree; in common; equally	/əˈlaɪk/
4359	excellency	A form of address for certain high officials or dignitaries	/ˈɛk.sə.lən.si/
4360	relative	Connected to or depending on something else; comparative	/ˈɹɛl.ə.tɪv/
4361	photographs	A picture created by projecting an image onto a…	/ˈfoʊ.təˌɡɹæfs/
4362	burger	A hamburger	/ˈbɝ.ɡɚ/
4363	dough	A thick, malleable substance made by mixing flour with…	/doʊ/
4364	wreck	Something or someone that has been ruined	/ˈɹɛk/
4365	approve	To officially sanction; to ratify; to confirm; to set as…	/əˈpɹuːv/
4366	produced	To bring forth, to yield, make, manufacture, or otherwise…	/pɹəˈdust/
4367	physically	In a physical manner	/ˈfɪzɪkli/
4368	stations	A regular stopping place for ground transportation	/ˈsteɪ.ʃənz/
4369	eli	A student at Yale University	/ˈilaɪ/
4370	spiritual	Of or pertaining to the spirit or the soul	/ˈspɪɹɪt͡ʃuəl/
4371	sire	A lord, master, or other person in authority, most commonly…	/saɪə(ɹ)/
4372	roaring	Intensive; extreme	/ˈɹɔːɹɪŋ/
4373	stab	An act of stabbing or thrusting with an object	/stæb/
4374	inch	An English unit of length equal to 1/12 of a foot or 2.54 cm	/ɪnt͡ʃ/
4375	servants	One who is hired to perform regular household or other…	/ˈsɝvənts/
4376	limits	A restriction; a bound beyond which one may not go or…	/ˈlɪmɪts/
4377	unexpected	Not expected, anticipated or foreseen	/ʌnɪkˈspɛktɪd/
4378	arrival	The act of arriving	/əˈɹaɪ.vl̩/
4379	whimpering	The sound of one who whimpers; a whimper; a feeble complaint	/ˈwɪmpɚɹɪŋ/
4380	basket	A lightweight woven container, generally round, open at the…	/ˈbæskɪt/
4381	sheets	Of rain or other precipitation, a great amount	/ʃits/
4382	scandal	An incident or event that disgraces or damages the…	/ˈskændəl/
4383	stink	To have a strong bad smell	/stɪŋk/
4384	homer	A home run	/ˈhoʊmɚ/
4385	tara	Goodbye	/tæˈɹɑː/
4386	toes	Each of the five digits on the end of the human foot	/toʊz/
4387	shield	A broad piece of defensive armor, held in hand, formerly in…	/ˈʃild/
4388	shooter	Someone who shoots something; a gunner, archer, etc	/ˈʃuːtəː/
4389	instant	A very short period of time; a moment	/ˈɪnstənt/
4390	objects	A thing that has physical existence but is not alive	/ˈɒbd͡ʒɛkts/
4391	rehearsal	The practising of something which is to be performed before…	/ɹɪˈhɝsl̩/
4392	disturbing	Causing distress or worry; upsetting or unsettling	/dɪsˈtɝ.bɪŋ/
4393	directed	To manage, control, steer	/dɪˈɹɛk.tɪd/
4394	scan	To examine sequentially, carefully, or critically; to…	/skæn/
4395	electronic	Of or pertaining to an electron or electrons	/ɪˌlɛkˈtɹɑ.nɪk/
4396	republic	A state where sovereignty rests with the people or their…	/ɹɪˈpʌb.lɪk/
4397	overnight	During or throughout the night, especially during the…	/əʊvə(ɹ)ˈnaɪt/
4398	counsel	The exchange of opinions and advice especially in legal…	/ˈkaʊn.səl/
4399	sirens	One of a group of nymphs who lured mariners to their death…	/ˈsaɪɹənz/
4400	bait	Any substance, especially food, used in catching fish, or…	/beɪt/
4401	dignity	The state of being dignified or worthy of esteem: elevation…	/ˈdɪɡnɪti/
4402	explains	To make plain, manifest, or intelligible; to clear of…	/ɛksˈpleɪnz/
4403	lean	To incline, deviate, or bend, from a vertical position; to…	/ˈliːn/
4404	heroin	A powerful and addictive drug derived from opium producing…	/hɛəɹoʊ.ɪn/
4405	rex	A king, particularly in ancient Rome	/ˈɹɛks/
4406	barney	A noisy argument	/ˈbɑɹni/
4407	gossip	Someone who likes to talk about other people's private or…	/ˈɡɑsɪp/
4408	humble	Not pretentious or magnificent; unpretending; unassuming	/ˈhʌmbəl/
4409	economy	In or via the part of a commercial passenger airplane…	/ɪˈkɒ.nə.mi/
4410	worlds	To a great extent; much; far	/wɝldz/
4411	impress	To affect strongly and often favourably	/ɪmˈpɹɛs/
4412	tissue	Thin, woven, gauzelike fabric	/ˈtɪʃ.(j)u/
4413	threaten	To make a threat against someone; to use threats	/ˈθɹɛt.n̩/
4414	et	Pronunciation spelling of ate, the simple past and past…	/ɛt/
4415	bump	A light blow or jolting collision	/bʌmp/
4416	supreme	Dominant, having power over all others	/ˌsuˈpɹim/
4417	bingo	A game of chance for two or more players, who mark off…	/ˈbɪŋ.ɡoʊ/
4418	excitement	The state of being excited	/ɪkˈsaɪtmənt/
4419	mankind	The human race in its entirety	/mænˈkaɪnd/
4420	document	An original or official paper used as the basis, proof, or…	/ˈdɑkjʊmənt/
4421	broad	Wide in extent or scope	/bɹɑd/
4422	vietnam	A long and protracted war or conflict in which the…	/ˌvi.ɪtˈnɑm/
4423	vessel	Any craft designed for transportation on or in water, such…	/ˈvɛsəl/
4424	lit	To start	/ˈlɪt/
4425	dale	A valley, often in an otherwise hilly area	/deu/
4426	killers	One who or that which kills	/ˈkɪlɚz/
4427	mario	Ellipsis of Mario Andretti	/ˈmɑɹioʊ/
4428	foul	Covered with, or containing unclean matter; dirty	/faʊl/
4429	stare	To look fixedly	/stɛɚ/
4430	deaths	The cessation of life and all associated processes; the end…	/dɛθs/
4431	hut	A small, simple one-storey dwelling or shelter, often with…	/hʌt/
4432	elements	The weather, such as wind or rain; environmental conditions…	/ˈɛləmənts/
4433	coma	A state of unconsciousness from which one may not wake up,…	/ˈkoʊmə/
4434	laying	To place down in a position of rest, or in a horizontal…	/ˈleɪ.ɪŋ/
4435	coffin	A closed box in which the body of a dead person is placed…	/ˈkɔfɪn/
4436	cocaine	An addictive drug derived from coca or prepared…	/koʊˈkeɪn/
4437	puppy	A young dog, especially before sexual maturity	/ˈpʌpi/
4438	louder	Of great intensity	/ˈlaʊdɚ/
4439	handled	To touch; to feel or hold with the hand	/ˈhændl̩d/
4440	announcement	An act of announcing, or giving notice	/əˈnaʊns.mənt/
4441	oath	A solemn pledge or promise that invokes a deity, a ruler,…	/ˈoʊθ/
4442	mob	A large or disorderly group of people; especially one bent…	/mɑb/
4443	cotton	A soft, fibrous, usually white substance consisting of fine…	/ˈkɑt.n̩/
4444	deposit	Sediment or rock that is not native to its present location…	/dɪˈpɑ.zɪt/
4445	taxes	Money or goods collected by a government to fund itself and…	/ˈtæksɪz/
4446	injuries	Damage to the body of a living thing	/ˈɪndʒɚɹiz/
4447	autopsy	A dissection performed on a cadaver to find possible cause…	/ˈɑ.tɑp.si/
4448	advise	To give advice to; to offer an opinion to, as worthy or…	/ədˈvaɪz/
4449	gig	Originally, a performing engagement by a musician or…	/ɡɪɡ/
4450	lecture	A spoken lesson or exposition, usually delivered to a group	/ˈlɛk.t͡ʃɚ/
4451	posted	To hang in a conspicuous manner for general review	/ˈpoʊstɪd/
4452	skinny	Thin, generally in a negative sense	/ˈskɪni/
4453	lo	look, see, behold	/loʊ/
4454	include	To bring into a group, class, set, or total as a part or…	/ɪnˈkluːd/
4455	revealed	Of or pertaining to the revelations of a divinity to…	/ɹəˈviːld/
4456	infected	Having an infection	/ɪnˈfɛktᵻd/
4457	relieved	Experiencing or exhibiting relief; freed from stress or…	/ɹɪˈliːvd/
4458	assistance	Aid; help; the act or result of assisting	/əˈsɪs.təns/
4459	solo	Alone, without a companion	/ˈsoʊ.loʊ/
4460	determine	To set the boundaries or limits of	/dɪˈtɝmɪn/
4461	terrorists	A person, group, or organization that uses violent action,…	/ˈtɛɹɚɪsts/
4462	elsewhere	Synonym of somewhere else: in, at, or to some other place	/ˈɛlsˌʍɛɹ/
4463	lamp	A device that generates light, heat, or other…	/ˈlæ̝mp/
4464	practical	Relating to, or based on, practice or action rather than…	/ˈpɹæktɪkəl/
4465	marked	To put a mark on; to make recognizable by a mark; to label…	/ˈmɑɹ.kɪd/
4466	adorable	Befitting of being adored; cute or loveable	/əˈdoɹ.əˌbəl/
4467	rubber	Pliable material derived from the sap of the rubber tree; a…	/ˈɹʌbɚ/
4468	purple	A colour between red and blue; violet, though often closer…	/ˈpɝ.pl̩/
4469	operating	In operation; that operates	/ˈɑpəɹeɪtɪŋ/
4470	suite	A group or train of attendants, servants etc.; a retinue	/swiːt/
4471	apologies	A list of people unable to attend a meeting, typically…	/əˈpɑləd͡ʒiːz/
4472	personnel	Collection of people in an organization, such as employees…	/pɝ.səˈnɛl/
4473	beam	Any large piece of timber or iron long in proportion to its…	/ˈbiːm/
4474	poet	A person who writes poems	/ˈpoʊ.ət/
4475	samples	A part or snippet of something taken or presented for…	/ˈsæmpəlz/
4476	arrow	A projectile consisting of a shaft, a point and a tail with…	/ˈæɹə/
4477	counselor	A professional who counsels people, especially on personal…	/ˈkaʊnsələ(ɹ)/
4478	carpet	A fabric used as a complete floor covering	/ˈkɑɹ.pət/
4479	allen	Ellipsis of Allen wrench	/ˈæ.lən/
4480	spotted	To see, find; to pick out, notice, locate, distinguish or…	[ˈspɒtɪ̈d]
4481	floating	That floats or float	/ˈfloʊtɪŋ/
4482	corrected	To make something that was wrong become right; to remove…	/kəˈɹɛktɪd/
4483	located	To place; to set in a particular spot or position	/ˈloʊkeɪtɪd/
4484	journalist	The keeper of a personal journal, who writes in it regularly	/ˈd͡ʒɝnəlɪst/
4485	insisted	To hold up a claim emphatically	/ɪnˈsɪstɪd/
4486	operator	A person or organisation that operates a device, system,…	/ˈɑpəˌɹeɪtɚ/
4487	rely	To trust; to have confidence in; to depend	/ɹɪˈlaɪ/
4488	fooled	To trick; to deceive	/fuːld/
4489	arrives	To reach; to get to a certain place	/əˈɹaɪvz/
4490	walt	Someone who impersonates a veteran	/wɔːlt/
4491	eastern	Of, facing, situated in, or related to the east	/ˈi.stɚn/
4492	ay	Ah! alas! Expressing anger, alarm, frustration, pain, etc	/aɪ/
4493	shave	To make bald or shorter by using a tool such as a razor or…	/ˈʃeɪ̯v/
4494	remaining	To stay after others or other parts have been removed or…	/ɹɪˈmeɪnɪŋ/
4495	toss	A throw, a lob, of a ball etc., with an initial upward…	/tɔs/
4496	lip	Either of the two fleshy protrusions around the opening of…	/lɪp/
4497	acid	Sour, sharp, or biting to the taste; tart; having the taste…	/ˈæsɪd/
4498	si	A syllable used in solfège to represent the seventh note of…	/siː/
4499	anonymous	Lacking a name; not named, for example an animal not…	/əˈnɑ.nə.məs/
4500	inn	Any establishment where travellers can procure lodging,…	/ɪn/
4501	planted	To place in soil or other substrate in order that it may…	/ˈplɑːntɪd/
4502	oldest	Of an object, concept, relationship, etc., having existed…	/ˈoʊldəst/
4503	breast	Either of the two organs on the front of a female human's…	/bɹɛst/
4504	sixth	The ordinal form of the number six	/sɪksθ/
4505	error	The state, quality, or condition of being wrong	/ˈɛɹəɹ/
4506	reporting	To relate details of; to recount, describe	/ɹəˈpɔɹtɪŋ/
4507	islands	A contiguous area of land, smaller than a continent,…	/ˈaɪləndz/
4508	brother-in-law	The brother of one's spouse	/ˈbɹʌðɚ ɪn ˌlɔ/
4509	roommate	A person with whom one shares a room, as in a dormitory,…	/ˈɹu(m)ˌmeɪt/
4510	sings	To produce musical or harmonious sounds with one’s voice	/sɪŋz/
4511	scum	A layer of impurities that accumulates at the surface of a…	/skʌm/
4512	visitor	Someone who visits someone else; someone staying as a guest	/ˈvɪzɪtɚ/
4513	giggling	The act of producing giggles; high-pitched laughter	/ˈɡɪɡlɪŋ/
4514	described	To represent in words	/dɪˈskɹaɪbd/
4515	geez	An exclamation denoting surprise or frustration	/d͡ʒiːz/
4516	inches	An English unit of length equal to 1/12 of a foot or 2.54 cm	/ˈɪnt͡ʃɪz/
4517	commitment	The act of sending a legislative bill to committee for…	/kəˈmɪtmənt/
4518	hercules	A Hercules beetle	/ˈhɝːkjəliːz/
4519	react	To act in response	/ɹiːˈækt/
4520	cows	An adult female of the species Bos taurus, especially one…	/kaʊz/
4521	protest	To make a strong objection	/ˈpɹoʊ.tɛst/
4522	misery	Great unhappiness; extreme pain of body or mind;…	/ˈmɪz(ə)ɹi/
4523	theft	The act of stealing property	/θɛft/
4524	embrace	To clasp in the arms with affection; to take in the arms;…	/ɛmˈbɹes/
4525	darn	Damned	/dɑɹn/
4526	harsh	Unpleasantly rough to the touch or other senses	/ˈhɑɹʃ/
4527	communicate	To impart or transmit to someone; to make known, to tell	/kəˈmjuːnɪkeɪt/
4528	fathers	A male parent, especially of a human; a male who parents a…	/ˈfɑ.ðɚz/
4529	faithful	Loyal; adhering firmly to person or cause	/ˈfeɪθ.fl̩/
4530	hector	Sometimes in the form Hector: a blustering, noisy,…	/ˈhɛktɚ/
4531	uh-uh	no	[ˈ(ʔ)ʌ̃˧.ʔʌ̃˩]
4532	flame	The visible part of fire; a stream of burning vapour or…	/fleɪm/
4533	medal	A stamped metal disc used as a personal ornament, a charm,…	[ˈmɛɾ.ɫ̩]
4534	silk	A fine fiber excreted by the silkworm or other arthropod	/sɪlk/
4535	photographer	One who takes photographs, typically as an occupation	/fəˈtɑ.ɡɹə.fɚ/
4536	cemetery	A place where the dead are buried; a graveyard or memorial…	/ˈsɛm.ɪˌtɛɹ.i/
4537	rear	To bring up to maturity, as offspring; to educate; to…	/ˈɹɪɚ/
4538	banana	An elongated curved tropical fruit of a banana plant, which…	/bəˈnænə/
4539	emotion	A person's internal state of being and involuntary…	/ɪˈmoʊ.ʃən/
4540	chap	A man, a fellow	/t͡ʃæp/
4541	dated	To note the time or place of writing or executing; to…	/ˈdeɪtɪd/
4542	excuses	An explanation designed to avoid or alleviate guilt or…	/ɛksˈkjuːsᵻz/
4543	shitty	Very bad; unpleasant; miserable; insignificant	/ˈʃɪti/
4544	bin	Contraction of being	/ˈbɪn/
4545	jew	An adherent of Judaism	/d͡ʒuː/
4546	gum	The flesh around the teeth	/ɡʌm/
4547	crushed	To press between two hard objects; to squeeze so as to…	/kɹʌʃt/
4548	efforts	The work involved in performing an activity; exertion	/ˈɛf.ɚts/
4549	content	Satisfied, pleased, contented	/ˈkɑn.tɛnt/
4550	corporal	Of or pertaining to the body, especially the human body;…	/ˈkoɹ.pɚ.əl/
4551	realised	Non-Oxford British standard spelling of realize	/ˈɹi.ə.laɪzd/
4552	del	The symbol ∇ used to denote the gradient operator	/dɛl/
4553	rap	A sharp blow with something hard	/ɹæp/
4554	hopeless	Without hope; despairing; not expecting anything positive	/ˈhoʊplɪs/
4555	debate	To participate in a debate; to dispute, argue, especially…	/dɪˈbeɪt/
4556	era	A time period of indeterminate length, generally more than…	/ˈɛɹ.ə/
4557	luckily	In a lucky manner; by good fortune; fortunately	/ˈlʌk.ɪ.li/
4558	ton	The short ton of 2000 pounds, 20 hundredweights of 100…	/tʌn/
4559	liquid	A substance that is flowing, and keeping no shape, such as…	/ˈlɪk.wɪd/
4560	swell	Very well	/swɛl/
4561	peggy	Any of several small warblers, the whitethroat, etc	/ˈpɛɡi/
4562	feast	A holiday, festival, especially a religious one	/ˈfiːst/
4563	murphy	Ellipsis of Murphy game	/ˈmɝfi/
4564	attracted	drawn towards	/əˈtɹæktɪd/
4565	application	The act of physically applying or laying on	/ˌæp.lɪˈkeɪ.ʃən/
4566	profession	A promise or vow made on entering a religious order	/pɹəˈfɛʃ.ən/
4567	bench	A long seat with or without a back, found for example in…	/ˈbɛnt͡ʃ/
4568	vanessa	Any butterfly of the genus Vanessa	/vɐˈnɛsə/
4569	ahem	The sound of a quiet cough or of clearing one's throat	/əˈhɛm/
4570	symptoms	A perceived change in some function, sensation or…	/ˈsɪmptəmz/
4571	scout	A person sent out to gather and bring back information;…	/ˈskaʊ̯t/
4572	crashed	To collide with something destructively; to fall or come…	/kɹæʃt/
4573	keen	Often with a prepositional phrase, or with to and an…	/kin/
4574	aircraft	A vehicle capable of atmospheric flight due to interaction…	/ˈɛɚ.kɹæft/
4575	formed	To assume	/fɔɹmd/
4576	hon	A term of endearment; Honey, sweetheart	/hʌn/
4577	aggressive	Characterized by aggression; highly combative; prone to…	/əˈɡɹɛs.ɪv/
4578	pale	Light in color	/peɪl/
4579	significant	Signifying something; carrying meaning	/sɪɡˈnɪf.ə.kənt/
4580	clubs	To hit with a club	/klʌbz/
4581	visual	Related to or affecting the vision	/ˈvɪʒuəl/
4582	embassy	The function or duty of an ambassador	/ˈɛmbəsi/
4583	defence	The action of defending, of protecting from attack, danger…	/dɪˈfɛns/
4584	cabinet	A storage closet either separate from, or built into, a wall	/ˈkæb.ɪ.nɪt/
4585	display	A show or spectacle	/dɪsˈpleɪ/
4586	fame	One's reputation	/feɪm/
4587	drowned	That has died by drowning	/dɹaʊnd/
4588	wolves	Canis lupus; the largest wild member of the canine subfamily	/ˈwʊlvz/
4589	filming	To record on photographic film	/ˈfɪlmɪŋ/
4590	dunno	Pronunciation spelling of do not know; pronunciation…	/dəˈnoʊ/
4591	cursed	To place a curse upon	/ˈkɝsɪd/
4592	twin	Either of two people who shared the same uterus at the same…	/twɪn/
4593	sorrow	unhappiness, woe	/ˈsɑɹoʊ/
4594	vault	An arched masonry structure supporting and forming a…	/vɑlt/
4595	defeated	To overcome in battle or contest	/dɪˈfiːtəd/
4596	quote	Used in speech to indicate the start of a quotation	[kʰwoʊt]
4597	penalty	A legal sentence	/ˈpɛn.əl.ti/
4598	bargain	An agreement between parties concerning the sale of…	/ˈbɑːɹɡən/
4599	pepper	A plant of the family Piperaceae	/ˈpɛp.ɚ/
4600	speaker	One who speaks	/ˈspikɚ/
4601	compare	To assess the similarities and differences between two or…	/kəmˈpɛɚ/
4602	satan	A demon follower of Satan; a fallen angel	/ˈseɪ.tn̩/
4603	helmet	A hard, protective head covering, typically part of armour	/ˈhɛlmɪt/
4604	scar	A permanent mark on the skin, sometimes caused by the…	/skɑɹ/
4605	copies	The result of copying; an identical or nearly identical…	/ˈkɑpiz/
4606	fuss	Excessive activity, worry, bother, or talk about something	/fʌs/
4607	envelope	A paper or cardboard wrapper used to enclose small, flat…	/ˈɛnvə(ˌ)loʊp/
4608	perry	A fermented alcoholic beverage made from pears, similar to…	/ˈpɛɹ.i/
4609	stinks	Chemistry	/ˈstɪŋks/
4610	african	Of or pertaining to Africa	/ˈæf.ɹɪ.kən/
4611	arrangements	The act of arranging	/əˈɹeɪnd͡ʒmənts/
4612	wished	To desire; to want	/wɪʃt/
4613	honored	To think of highly, to respect highly; to show respect for;…	/ˈɑːnɚd/
4614	believing	To accept as true, particularly without absolute certainty	/bɪˈli.vɪŋ/
4615	discussed	To converse or debate concerning a particular topic	/dɪˈskʌst/
4616	assigned	Which has been assigned or designated for some purpose	/əˈsaɪnd/
4617	oven	A chamber used for baking or heating	/ˈʌ.vn̩/
4618	attacking	To apply violent force to someone or something	/əˈtækɪŋ/
4619	tin	A malleable, ductile, metallic element, resistant to…	/tɪn/
4620	sonic	Of or relating to sound	/ˈsɒnɪk/
4621	collar	The part of an upper garment that fits around the neck and…	/ˈkɑlɚ/
4622	mere	Just, only; no more than, pure and simple, neither more nor…	/mɪɚ/
4623	romeo	A boyfriend	/ˈɹoʊmioʊ/
4624	belief	Mental acceptance of a claim as true	/bɪˈliːf/
4625	storage	The act of storing goods; the state of being stored	/ˈstɔɹ.ɪd͡ʒ/
4626	rusty	Marked or corroded by rust	/ˈɹʌsti/
4627	psycho	Psychotic, psychopathic, or otherwise insane	/ˈsaɪ̯.koʊ̯/
4628	climbing	To traverse a slope or contour, either upwards or downwards	/ˈklaɪ̯mɪŋ/
4629	melissa	A plant of the genus Melissa, especially lemon balm, often…	/məˈlɪsə/
4630	fears	A strong, unpleasant emotion or feeling caused by actual or…	/fɪɹz/
4631	sum	Eye dialect spelling of some	/sʌm/
4632	dedicated	Devoted; loyal; conscientious	/ˈdɛdɪkeɪtəd/
4633	ladder	A frame, usually portable, of wood, metal, or rope, used…	/ˈlæd.ɚ/
4634	alternative	Relating to a choice between two or more possibilities	/ɒlˈtɜː.nə.tɪv/
4635	raid	A quick hostile or predatory incursion or invasion in a…	/ɹeɪd/
4636	dining	Eating dinner as a social function	/ˈdaɪnɪŋ(ɡ)/
4637	ms	A film with the content rating M	/ˈmɪz/
4638	corporate	Of or relating to an institution; institutional	/ˈkoɹ.pə.ɹət/
4639	folk	People, persons	/foʊlk/
4640	replaced	To restore to a former place, position, condition, etc.; to…	/ɹɪˈpleɪst/
4641	bailey	The outer wall of a feudal castle	/ˈbeɪli/
4642	un	Alternative spelling of 'un	/ˈʌn/
4643	heels	High-heeled shoes	/hiːlz/
4644	duties	That which one is morally or legally obligated to do	/duːtiz/
4645	smarter	Exhibiting social ability or cleverness	/ˈsmɑːɹɾɚ/
4646	existed	to be; have existence; have being or reality	/ɪɡˈzɪstɪd/
4647	surprising	To cause to feel unusually alarmed or delighted by…	/sɚˈpɹaɪzɪŋ/
4648	chess	A board game for two players, each beginning with sixteen…	/t͡ʃɛs/
4649	requested	To ask for	/ɹɪˈkwɛstɪd/
4650	cruise	A sea or lake voyage, especially one taken for pleasure	/kɹuz/
4651	primary	First or earliest in a group or series	/ˈpɹaɪˌmɛɹ.i/
4652	rhythm	The variation of strong and weak elements of sounds,…	/ˈɹɪðəm/
4653	drum	A percussive musical instrument spanned with a thin…	/ˈdɹʌm/
4654	models	A person who serves as a human template for artwork or…	/ˈmɑ.dl̩z/
4655	motorcycle	An open-seated motor vehicle with handlebars instead of a…	/ˈmoʊtɚˌsaɪkəl/
4656	adopted	Having been received into a relationship through adoption;…	/əˈdɑptɪd/
4657	barrel	A round vessel, such as a cask, of greater length than…	/ˈbæɹəl/
4658	cargo	Freight carried by a ship, aircraft, or motor vehicle	/ˈkɑɹɡoʊ/
4659	planets	A body which is massive enough to be in hydrostatic…	/ˈplænɪts/
4660	shove	To push, especially roughly or with force	/ʃʌv/
4661	wha	Pronunciation spelling of what	/wɑ/
4662	surprises	Something unexpected	/sɚˈpɹaɪzᵻz/
4663	rosie	A female factory worker during World War II	/ˈɹoʊziː/
4664	dings	Very minor damage caused by being struck; a small dent or…	/ˈdɪŋz/
4665	trailer	Someone who or something that trails; something that is…	/ˈtɹeɪlɚ/
4666	cannon	A complete assembly, consisting of an artillery tube and a…	/ˈkæn.ən/
4667	tables	An item of furniture with a flat top surface raised above…	/ˈteɪbl̩z/
4668	arse	A person's buttocks; the bottom, the backside. Also: the…	/ɑɹs/
4669	ally	To unite or form a connection between, as between families…	/ˈæl.aɪ/
4670	wee	Small, little	/wiː/
4671	tapes	Flexible material in a roll with a sticky surface on one or…	/ˈteɪps/
4672	dull	Lacking the ability to cut easily; not sharp	/dʌl/
4673	teenage	Of or relating to an age between thirteen and nineteen…	/ˈtiːneɪd͡ʒ/
4674	kent	A shepherd's staff	/kɛnt/
4675	cooperate	To work or act together, especially for a common purpose or…	/koʊˈɑ.pəˌɹeɪt/
4676	risks	The probability of a negative outcome to a decision or event	/ɹɪsks/
4677	dug	To move hard-packed earth out of the way, especially…	/dʌɡ/
4678	worthless	Having no worth or use; without value	/ˈwɝθ.ləs/
4679	arriving	To reach; to get to a certain place	/əˈɹaɪvɪŋ/
4680	kindness	The state of being kind	/ˈkaɪnd.nəs/
4681	ties	A knot; a fastening	/ˈtaɪz/
4682	items	A distinct physical object	/ˈaɪ.təmz/
4683	grip	To take hold, particularly with the hand	/ˈɡɹɪp/
4684	relations	The manner in which two things may be associated	/ɹɪˈleɪʃənz/
4685	rumor	A statement or claim of questionable accuracy, from no…	/ˈɹumɚ/
4686	skirt	A separate article of clothing, usually worn by women and…	/skɚt/
4687	frog	Any of a class of small tailless amphibians of the order…	/fɹɒɡ/
4688	claimed	To demand ownership of	/kleɪmd/
4689	perfume	A pleasant smell; the scent, odor, or odoriferous particles…	/ˈpɝfjuːm/
4690	instrumental	Essential or central; of great importance or relevance	/ɪnstɹəˈmɛntəl/
4691	flames	The visible part of fire; a stream of burning vapour or…	/fleɪmz/
4692	association	The act of associating	/əˌsoʊʃiˈeɪʃən/
4693	loses	To cease to have in one's possession or capability	/ˈluːzᵻz/
4694	spike	A sort of very large nail	/spaɪk/
4695	eleven	The cardinal number occurring after ten and before twelve.…	/əˈlɛv.ən/
4696	gallery	An institution, building, or room for the exhibition and…	/ˈɡæləɹi/
4697	ginger	In a very careful or cautious manner; also, delicately,…	/ˈd͡ʒɪnd͡ʒɚ/
4698	activities	The state or quality of being active; activeness	/ækˈtɪv.ɪ.tiz/
4699	boarding	To step or climb onto or otherwise enter a ship, aircraft,…	/ˈbɔː.dɪŋ/
4700	fist	A hand with the fingers clenched or curled inward	/fɪst/
4701	stuffed	To fill by packing or crowding something into; to cram with…	/ˈstʌft/
4702	improve	To make better; to increase the value or productivity	/ɪmˈpɹuːv/
4703	creation	Something created such as an invention or artwork	/ˈkɹiˈeɪʃən/
4704	connie	The Lockheed Constellation airliner	/ˈkɒ.ni/
4705	infection	The act or process of infecting	/ɪnˈfɛkʃən/
4706	strikes	A status resulting from a batter swinging and missing a…	/stɹaɪks/
4707	wiped	To move an object over, maintaining contact, with the…	/waɪpt/
4708	tension	The condition of being held in a state between two or more…	/ˈtɛnʃən/
4709	whistles	A device designed to be placed in the mouth and blown, or…	/ˈwɪsəlz/
4710	kindly	In a kind manner, out of kindness	/ˈkaɪn(d)li/
4711	certificate	A document containing a certified statement	/səˈtɪf.ɪ.kɪt/
4712	bold	Courageous, daring	/boʊld/
4713	threats	An expression of intent to injure or punish another	/θɹɛts/
4714	sid	once a day, such as for the administration of medication.…	/ɛs aɪ diː/
4715	twisted	Consisting of two or more threads, strands or the like…	/ˈtwɪstɪd/
4716	suspended	suspended animation	/səˈspɛndɪd/
4717	affected	Influenced or changed by something	/əˈfɛktɪd/
4718	envy	Resentful desire of something possessed by another or others	/ˈɛnvi/
4719	whale	Any large cetacean, usually with the exclusion of dolphins…	/ˈweɪl/
4720	dial	A graduated, circular scale over which a needle moves to…	/ˈdaɪ.əl/
4721	martial	Of, relating to, or suggestive of war; warlike	/ˈmɑɹʃəl/
4722	controlled	To exercise influence over; to suggest or dictate the…	/kənˈtɹoʊld/
4723	lung	A biological organ of vertebrates that controls breathing…	/ˈlʌŋ/
4724	nigga	A close and loyal friend	/ˈnɪɡə/
4725	coal	A black or brownish black rock formed from prehistoric…	/koʊl/
4726	upside	On the top of	/ˈʌpˌsaɪd/
4727	imperial	Related to an empire, emperor, or empress	/ɪmˈpɪɹ.i.əl/
4728	pam	The jack of clubs in loo played with hands of 5 cards	/pæm/
4729	paranoid	Of, related to, or suffering from clinical paranoia	/ˈpæɹ.əˌnɔɪd/
4730	signing	To mark, to put or leave a mark on	/ˈsaɪnɪŋ/
4731	congress	A formal gathering or assembly of persons; a conference…	/ˈkɑŋɡɹəs/
4732	villa	A house, often larger and more expensive than average, in…	/ˈvɪlə/
4733	candles	A light source consisting of a wick embedded in a solid,…	/ˈkændl̩z/
4734	filling	To add contents to so that it is full	[ˈfɪɫɪŋ]
4735	becky	A woman held in contempt by the speaker because she is…	/ˈbɛki/
4736	comic	Pertaining to comedy, as a literary genre	/ˈkɑmɪk/
4737	faint	Lacking strength; weak; languid; inclined to lose…	/feɪnt/
4738	recovery	The act or process of regaining or repossession of…	/ɹɪˈkʌvəɹi/
4739	volunteer	One who enters into, or offers themselves for, any service…	/ˌvɑlənˈtɪɹ/
4740	tech	Technology	/tɛk/
4741	bleed	To shed blood through an injured blood vessel	/ˈbliːd/
4742	positions	A place or location	/pəˈzɪʃənz/
4743	narrow	Having a small width; not wide; having opposite edges or…	/ˈnæɹəʊ/
4744	forbid	To disallow; to proscribe	/fɚˈbɪd/
4745	stuart	A monarch or other member of the British royal family…	/ˈst(j)uɚt/
4746	perspective	A view, vista or outlook	/pɚˈspɛk.tɪv/
4747	faced	To position oneself or itself so as to have one's face…	/feɪst/
4748	neat	Clean, tidy; free from dirt or impurities	/ˈniːt/
4749	pierce	To puncture; to break through	/pɪɹs/
4750	observe	To notice or view, especially carefully or with attention…	/əbˈzɝv/
4751	cycle	An interval of space or time in which one set of events or…	/ˈsaɪ.kəl/
4752	psychic	A person who possesses, or appears to possess,…	/ˈsaɪkɪk/
4753	handling	To touch; to feel or hold with the hand	/ˈhændl̩ɪŋ/
4754	goose	Any of various grazing waterfowl of the family Anatidae,…	/ɡus/
4755	accidentally	In an accidental manner; by chance, unexpectedly	/ˌæk.sɪˈdɛnt(ə)li/
4756	conclusion	The end, finish, close or last part of something	/kənˈkluːʒən/
4757	designer	A person who designs something, or who designs things as a…	/dɪˈzaɪnɚ/
4758	sits	An act of sitting	/sɪts/
4759	importance	The quality or condition of being important or worthy of…	/ɪmˈpoɹtəns/
4760	spots	A round or irregular patch on the surface of a thing having…	/spɑts/
4761	francs	Any of several units of currency	/ˈfɹæŋks/
4762	sweep	To clean by means of a stroking motion of a broom or brush	/ˈswiːp/
4763	destroying	To damage beyond use or repair; to damage to the point that…	/dɪˈstɹɔɪ(j)ɪŋ/
4764	communist	Of, relating to, supporting, or advocating communism	/ˈkɑ.mjə.nɪst/
4765	blackmail	The extortion of money or favors by threats of public…	/ˈblækˌmeɪl/
4766	pacific	Calm, peaceful	/pəˈsɪfɪk/
4767	risky	Dangerous; involving risks	/ˈɹɪski/
4768	glorious	Exhibiting attributes, qualities, or acts that are worthy…	/ˈɡloɹ.i.əs/
4769	filed	To commit to some office	/faɪld/
4770	hatred	A strong aversion; an intense dislike	/ˈheɪtɹɪd/
4771	cam	A turning or sliding piece which imparts motion to a rod,…	/ˈkeə̯m/
4772	deals	An indefinite quantity or amount; a lot	/diːlz/
4773	pos	Clipping of positive	/pɑz/
4774	fooling	To trick; to deceive	/ˈfuːlɪŋ/
4775	persons	An individual who has been granted personhood; usually a…	/ˈpɝ.sənz/
4776	scotch	A surface cut or abrasion	/skɑt͡ʃ/
4777	executed	To kill, especially as punishment for a capital crime	/ˈɛksɪˌkjuːtɪd/
4778	brakes	A device used to slow or stop the motion of a wheel, or of…	/bɹeɪks/
4779	blank	Free from writing, printing, or marks; having an empty…	/blæŋk/
4780	tender	tenderly	/ˈtɛn.dɚ/
4781	turner	One who or that which turns	/ˈtɝ.nɚ/
4782	tub	A flat-bottomed vessel, of width similar to or greater than…	/tʌb/
4783	sucker	A person or animal that sucks, especially a breast or…	/ˈsʌk.ɚ/
4784	slight	Minor; small in amount	[sl̥ɐɪt]
4785	addition	The act of adding anything	/əˈdɪʃ.ən/
4786	campus	The grounds or property of a school, college, university,…	/ˈkæmpəs/
4787	ritual	Related to a rite or repeated set of actions	/ˈɹɪt͡ʃ.u.əl/
4788	prey	That which is or may be seized by animals to be devoured	/pɹeɪ/
4789	so-called	So named; commonly called	/ˈsoʊˌkɔld/
4790	graduate	A person who is recognized by a university as having…	/ˈɡɹæd͡ʒuɪt/
4791	anyways	Anyway, anyhow, in any case	/ˈɛn.iˌweɪz/
4792	ew	Expression of disgust or nausea	/ˈiː.uː/
4793	fry	To cook in hot fat	/fɹaɪ/
4794	genuine	Belonging to, or proceeding from the original stock; native	/ˈd͡ʒɛn.juˌaɪn/
4795	ned	A person, usually a youth, of low social standing and…	/nɛd/
4796	judging	To sit in judgment on; to pass sentence on	/ˈd͡ʒʌd͡ʒɪŋ/
4797	doubts	Disbelief or uncertainty; a particular instance of such…	/daʊts/
4798	warden	A chief administrative officer of a prison	/ˈwɔɹdən/
4799	ceiling	The overhead closure of a room	/ˈsilɪŋ/
4800	practicing	Alternative spelling of practise	/ˈpɹæktɪsɪŋ/
4801	somewhat	To a limited extent or degree; not completely	/ˈsʌmwʌt/
4802	established	Having been in existence for a long time and therefore…	/ɪˈstæb.lɪʃt/
4803	attempted	To try	/əˈtɛmptɪd/
4804	zombie	A person, usually undead, animated by unnatural forces,…	/ˈzɑmbi/
4805	generations	The act of creating something or bringing something into…	/ˌd͡ʒɛnəˈɹeɪʃənz/
4806	gathering	To collect normally separate things	/ˈɡæð.ɚ.ɪŋ/
4807	warriors	A person who is actively engaged in battle, conflict or…	/ˈwɔɹiɚz/
4808	mick	An Irishman	/mɪk/
4809	electrical	Related to electricity	/ɪˈlɛktɹɪkəl/
4810	collins	Any of various alcoholic drinks made with lemon juice,…	/ˈkɑlɪnz/
4811	sobs	A cry with a short, sudden expulsion of breath	/sɑbz/
4812	couples	Two of the same kind connected or considered together	/ˈkʌp.əlz/
4813	depend	To be contingent or conditioned; to have something as a…	/dɪˈpɛnd/
4814	institute	An organization founded to promote a cause	/ˈɪnstɪtjuːt/
4815	miranda	A Miranda warning	/mɪˈɹændə/
4816	principle	A fundamental assumption, fundamental law or guiding belief	/ˈpɹɪnsɪpəl/
4817	fixing	To attach; to affix; to hold in place or at a particular…	/ˈfɪksɪŋ/
4818	therapist	Someone who provides therapy, usually professionally	/ˈθɛɹəpɪst/
4819	compete	To be in battle or in a rivalry with another for the same…	/kəmˈpiːt/
4820	compliment	An expression of praise, congratulation, or respect	/ˈkɑmpləmənt/
4821	worship	The devotion accorded to a deity or to a sacred object	/ˈwɝ.ʃɪp/
4822	residence	The place where one lives; one's home	/ˈɹɛz.ɪ.dəns/
4823	democracy	Rule by the people, especially as a form of government,…	/dɪˈmɒk.ɹə.si/
4824	published	Issued for sale to the public	/ˈpʌblɪʃt/
4825	myth	A traditional story which embodies a belief regarding some…	/mɪθ/
4826	helpless	Unable to defend oneself	/ˈhɛlplɪs/
4827	screwing	To connect or assemble pieces using a screw	/ˈskɹuːɪŋ/
4828	execution	The act, manner or style of executing	/ˌɛk.sɪˈkjuː.ʃən/
4829	appetite	A desire to eat food or consume drinks	/ˈæp.əˌtaɪt/
4830	formal	In accordance with established forms	/ˈfɔɹməl/
4831	strictly	In a strict manner	/ˈstɹɪktli/
4832	sucked	To use the mouth and lips to pull in	/ˈsʌkt/
4833	tanks	A closed container for liquids or gases	/ˈtæŋks/
4834	chickens	A domesticated subspecies of red junglefowl	/ˈt͡ʃɪkɪnz/
4835	technical	Specifically related to a particular discipline	/ˈtɛk.nɪk.əl/
4836	stella	A star-shaped structure	/ˈstɛl.ə/
4837	rod	A straight, round stick, shaft, bar, cane, or staff	/ɹɑd/
4838	meets	Forming a combination or nexus of	/miːts/
4839	shepherd	A person who tends sheep, especially a grazing flock	/ˈʃɛpəɹd/
4840	brazil	The hard, brown wood of a certain species of the tribe…	/bɹəˈzɪl/
4841	brutal	Savagely violent, vicious, ruthless, or cruel, often in an…	/ˈbɹu.təl/
4842	alison	Synonym of alyssum	/ˈælɪsən/
4843	vain	Overly proud of oneself, especially concerning appearance;…	/veɪn/
4844	switched	To exchange	/swɪt͡ʃt/
4845	chi	The twenty-second letter of the Classical and Modern Greek…	/kaɪ/
4846	deer	A ruminant mammal with hooves and often antlers, of the…	/dɪɹ/
4847	dresses	An item of clothing which both covers the upper part of the…	/ˈdɹɛsɪz/
4848	retire	To stop working on a permanent basis, usually because of…	/ɹəˈtaɪɹ/
4849	overcome	To surmount; to prevail over, to get the better of	/ˌoʊ.vəɹˈkʌm/
4850	inspiration	The drawing of air into the lungs, accomplished in mammals…	/ˌɪn.spɚˈeɪ.ʃən/
4851	cunt	The female genitalia, especially the vulva	/kʌnt/
4852	benjamin	A balsamic resin from the bark of Styrax trees used in…	/ˈbɪnd͡ʒəmɪn/
4853	thrilled	Extremely excited or delighted	/θɹɪld/
4854	tae	Initialism of tilt aftereffect	/ˈtiː/
4855	suggestion	Something suggested	/sə(ɡ)ˈd͡ʒɛs.t͡ʃən/
4856	dummy	Extremely	/ˈdʌmi/
4857	sailor	A person who sails; one whose occupation is sailing or…	/ˈseɪ.lɚ/
4858	destination	The place set for the end of a journey or to which…	/dɛstɪˈneɪʃən/
4859	bass	Of sound, a voice or an instrument, low in pitch or…	/beɪs/
4860	picnic	An informal social gathering, usually in a natural outdoor…	/ˈpɪknɪk/
4861	assholes	The anus	/ˈæshoʊlz/
4862	idol	A graven image or representation of anything that is…	/ˈaɪ.dl̩/
4863	trucks	A small wheel or roller, specifically the wheel of a gun…	/tɹʌks/
4864	rank	Having a very strong, bad taste or odor	/ˈɹeɪ̯ŋk/
4865	yu	Eye dialect spelling of you	/juː/
4866	veronica	The image of Jesus's face believed to have been made on the…	/vəˈɹɒnɪkə/
4867	blocked	To fill or obstruct so that it is not possible to pass	/blɑkt/
4868	strict	Strained; drawn close; tight	/stɹɪkt/
4869	hiya	An informal greeting, hi, hello	/ˈhaɪ(j)ə/
4870	formula	Any mathematical rule expressed symbolically	/ˈfɔɹ.mjə.lə/
4871	clerk	One who occupationally provides assistance by working with…	/klɝk/
4872	samurai	In feudal Japan, a soldier who served a daimyo	/ˈsæməˌɹaɪ/
4873	disturbed	Showing symptoms of mental illness, severe psychosis, or…	/dɪsˈtɝbd/
4874	vera	A skin	/ˈvɪɹə/
4875	cafe	A convenience store, originally one that sold coffee and…	/ˌkæˈfeɪ/
4876	wandering	Which wanders; travelling from place to place	/ˈwɑndəɹɪŋ/
4877	consciousness	The state of being conscious or aware; awareness	/ˈkɑnʃəsnəs/
4878	val	Valium	/væl/
4879	min	Clipping of minute	/mɪn/
4880	bare	Very; significantly	/bɛɹ/
4881	hans	Alternative form of Hanse	/ˈhæns/
4882	butcher	A person who prepares and sells meat	/ˈbʊt͡ʃɚ/
4883	arrangement	The act of arranging	/əˈɹeɪnd͡ʒmənt/
4884	chased	To follow at speed	/t͡ʃeɪst/
4885	ministry	Government department, at the administrative level normally…	/ˈmɪnɪstɹi/
4886	brandy	An alcoholic liquor distilled from wine or fermented fruit…	/ˈbɹændi/
4887	sweater	A knitted jacket or jersey, usually of thick wool, worn by…	/ˈswɛtɚ/
4888	boobs	A mistake	/buːbz/
4889	locate	To place; to set in a particular spot or position	/ˈloʊˌkeɪt/
4890	apologise	Non-Oxford British English standard spelling of apologize	/əˈpɒləˌd͡ʒaɪz/
4891	nazi	One who advocates neo-Nazism, or a similarly fascist,…	/ˈnɑːtsi/
4892	parole	Originally, one's oath or word of honour, given as a…	/pəˈɹoʊl/
4893	examine	To observe carefully or critically to learn about someone…	/ɪɡˈzæmɪn/
4894	trains	The elongated back portion of a dress or skirt, which drags…	/tɹeɪnz/
4895	candle	A light source consisting of a wick embedded in a solid,…	/ˈkæn.dəl/
4896	prior	Chiefly followed by to: in advance, before, previously	/ˈpɹaɪ.(ə)ɹ/
4897	stream	A small river; a large creek; a body of moving water…	/ˈstɹiːm/
4898	passage	A paragraph or section of text or music with particular…	/ˈpæsɪd͡ʒ/
4899	reaching	To extend, stretch, or thrust out	/ˈɹiːt͡ʃɪŋ/
4900	organ	The larger part of an organism, composed of tissues that…	/ˈoɹɡən/
4901	directions	A theoretical line followed from a point of origin or…	/dɪˈɹɛk.ʃənz/
4902	asses	A libra, a Roman pound	/ˈæsɪz/
4903	outer	Not inside or within a place, especially a place that…	/ˈaʊtɚ/
4904	proves	To demonstrate that something is true or viable; to give…	/pɹuːvz/
4905	morris	A type of pike	/ˈmɒɹɪs/
4906	luxury	Very wealthy and comfortable surroundings; the state of…	/ˈlʌɡ.ʒə.ɹi/
4907	pistol	A handgun	/ˈpɪstəl/
4908	v	A shape resembling the letter	/viː/
4909	losers	A person who loses; one who fails to win or thrive	/ˈluːzɚz/
4910	funds	Financial resources	/fʌndz/
4911	sunset	The moment each evening when the sun disappears below the…	/ˈsʌnˌsɛt/
4912	strings	Collectively, the stringed instruments in an orchestra	/stɹɪŋz/
4913	fortunately	In a fortunate manner	/ˈfɔɹ.t͡ʃə.nɪt.li/
4914	gotcha	Pronunciation spelling of got you	/ˈɡɑ.tʃə/
4915	tomb	A small building, or a room within one, for the remains of…	/tum/
4916	freddie	An employee of the United States Forest Service	/ˈfɹɛdi/
4917	engineering	The application of mathematics and the physical sciences to…	/ˌɛn.d͡ʒɪˈnɪ(ə)ɹ.ɪŋ/
4918	element	One of the simplest or essential parts or principles of…	/ˈɛləmənt/
4919	balloon	An inflatable buoyant object, often round and flexible	/bəˈlun/
4920	ty	Initialism of thank you	/ˈtaɪ/
4921	broadcast	Widely in all directions; abroad	/ˈbɹoːd(ˌ)kɑːst/
4922	spray	A fine, gentle, dispersed mist of liquid	/spɹeɪ/
4923	ninja	One who very skillful, considered similar to the historical…	/ˈnɪnd͡ʒə/
4924	eternity	Existence without end, infinite time	/əˈtɜɹnəti/
4925	handy	Easy to use, useful	/ˈhæn.di/
4926	crawl	To move by dragging one's body along or close to a surface,…	/kɹoːl/
4927	slice	That which is thin and broad	/slaɪs/
4928	nations	A historically constituted, stable community of people,…	/ˈneɪʃənz/
4929	behaviour	British standard spelling of behavior	/ˈbᵻheɪvjɚ/
4930	pace	With all due respect to	/peɪs/
4931	stiff	Of the wind, with great force; strongly	/stɪf/
4932	lick	To stroke with the tongue	/lɪk/
4933	concrete	Real, actual, tangible	/ˈkɒnkɹiːt/
4934	allah	Alternative letter-case form of Allah	/ˈælə/
4935	vegetables	A plant raised for some edible part of it, such as the…	/ˈvɛt͡ʃ.tə.bəlz/
4936	euros	The currency unit of the European Monetary Union. Symbol: €	/ˈjʊɹɹoʊz/
4937	sausage	A food made of ground meat and seasoning, packed in a…	/ˈsɔsɪd͡ʒ/
4938	constable	One holding the lowest rank in most Commonwealth police…	/ˈkɑn.stə.bəl/
4939	spinning	The motion of something that spins	/ˈspɪnɪŋ/
4940	rolls	The act or result of rolling, or state of being rolled	/ɹoʊlz/
4941	genetic	Relating to genetics or genes	/d͡ʒəˈnɛt.ɪk/
4942	loudly	In a loud manner; at a high volume	/ˈlaʊdli/
4943	old-fashioned	Of an object, outdated or no longer in vogue	/oʊldˈfæʃənd/
4944	marvelous	Exciting wonder or surprise; astonishing; wonderful	/ˈmɑɹvələs/
4945	subway	An underground railway, especially for mass transit of…	/ˈsʌbˌweɪ/
4946	creep	To move slowly with the abdomen close to the ground	/kɹiːp/
4947	scheme	A representation of the aspects of the celestial bodies for…	/skiːm/
4948	performed	To do; to execute	/pɚˈfɔɹmd/
4949	ex-wife	A former wife	/ˈɛkˈswaɪf/
4950	plug	A pronged connecting device which fits into a mating…	/plʌɡ/
4951	rejected	To refuse to accept; to forswear	/ɹɪˈd͡ʒɛk.tɪd/
4952	respected	To have respect for	/ɹɪˈspɛktɪd/
4953	backs	The rear of the body, especially the part between the neck…	/bæks/
4954	protocol	An amendment to an official treaty	/ˈpɹoʊtəˌkɑl/
4955	muscles	A contractile form of tissue which animals use to effect…	/ˈmʌs.əlz/
4956	kidney	An organ in the body that filters the blood, producing urine	/ˈkɪdni/
4957	finishing	To complete	/ˈfɪnɪʃɪŋ/
4958	products	Anything that is produced; a result	/ˈpɹɒd.əkts/
4959	im	irregular galaxy with no coherent structure	/ˈɪm/
4960	wu	A Chinese shaman	/ˈwuː/
4961	invasion	A military action consisting of a large armed force of one…	/ɪnˈveɪʒən/
4962	affection	The act of affecting or acting upon	/əˈfɛk.ʃən/
4963	woody	Covered in woods; wooded	/ˈwʊdi/
4964	endless	Having no end	/ˈɛndlɪs/
4965	discipline	A controlled behaviour; self-control	/ˈdɪsəplɪn/
4966	horns	A hard growth of keratin that protrudes from the top of the…	/hɔɹnz/
4967	absence	A state of being away or withdrawn from a place or from…	/ˈæb.s(ə)n̩s/
4968	waking	To stop sleeping	/ˈweɪkɪŋ/
4969	dudes	A man, generally a younger man	/duːdz/
4970	philosophy	An academic discipline that seeks truth through reasoning…	/fɪˈlɑ.sə.fi/
4971	cracked	To form cracks	/kɹækt/
4972	reed	Any of various types of tall stiff perennial grass-like…	/ɹiːd/
4973	verdict	A decision on an issue of fact in a civil or criminal case…	/ˈvɝ.dɪkt/
4974	drake	A male duck	/ˈdɹeɪ̯k/
4975	connections	The act of connecting	/kəˈnɛkʃənz/
4976	privilege	A particular benefit, advantage, or favor; a right or…	/ˈpɹɪv.ɪ.lɪd͡ʒ/
4977	anyhow	In any way or manner whatever	/ˈɛn.i.haʊ/
4978	scent	A distinctive smell	/sɛnt/
4979	naive	Lacking worldly experience, wisdom, or judgement;…	/naɪˈiv/
4980	daylight	The natural light that is ambient in daytime, being mostly…	/ˈdeɪˌlaɪt/
4981	controls	An influence or authority over something	/kənˈtɹoʊlz/
4982	airplane	A powered heavier-than-air aircraft with fixed wings: a…	/ˈɛɹˌpleɪ̯n/
4983	values	The quality that renders something desirable or valuable;…	/ˈvæljuːz/
4984	jolly	Full of merriment and high spirits; jovial; joyous; merry	/ˈd͡ʒɑli/
4985	swore	To take an oath, to promise intensely, solemnly, and/or…	/swɔɹ/
4986	blaring	Any loud noise, such as from an elephant	/ˈblɛɹɪŋ/
4987	consent	To express willingness, to give permission	/kənˈsɛnt/
4988	puzzle	The state of feeling confused or mystified because one…	/ˈpʌzəl/
4989	disagree	To fail to agree; to have a different opinion or belief	/dɪsəˈɡɹi/
4990	argh	Expressing annoyance, dismay, embarrassment or frustration	/ɑː(ɹ)(ɡ)/
4991	winds	Real or perceived movement of atmospheric air usually…	/wɪndz/
4992	vanished	No longer apparent; not extant; gone	/ˈvænɪʃt/
4993	wizard	Someone, usually male, who uses magic, mystic items, and…	/ˈwɪzɚd/
4994	ranger	One who ranges; a rover	/ˈɹeɪ̯nd͡ʒɚ/
4995	celebrity	Fame, renown; the state of being famous or talked-about	/səˈlɛb.ɹɪ.ɾi/
4996	sniffles	Any minor ailment causing a runny nose; the symptom of a…	/ˈsnɪfəlz/
4997	stores	A place where items may be accumulated or routinely kept	/stɔɹz/
4998	aha	An exclamation of understanding, realization, invention, or…	[ɑˈhɑ]
4999	intentions	Desire to court, marry, date, woo or sleep with someone	/ɪnˈtɛnʃənz/
5000	plague	The bubonic plague, the pestilent disease caused by the…	/plɛɡ/
5001	farmers	A person who works the land and/or who keeps livestock;…	/ˈfɑɹmɚz/
5002	breeze	A light, gentle wind	/bɹiːz/
5003	rascal	A dishonest person; a rogue, a scoundrel, a trickster	/ˈɹæskl̩/
5004	convenient	Serving to reduce a difficulty, or accessible with minimum…	/kənˈvi.njənt/
5005	bonus	Something extra that is good; an added benefit	/ˈboʊ.nəs/
5006	dong	The currency of Vietnam, 100 xus. Symbol: ₫	/dɔŋ/
5007	hush	To become quiet	/hʌʃ/
5008	instinct	A natural or inherent impulse or behaviour	/ˈɪn.stɪŋkt/
5009	entitled	Having a title	/ɪnˈtaɪtl̩d/
5010	porter	A person who carries luggage and related objects; one who…	/ˈpɔɹtɚ/
5011	wrist	The complex joint between forearm bones, carpus, and…	/ɹɪst/
5012	originally	As it was in the beginning; at first	/ɚˈɹɪdʒɪnəli/
5013	coins	A piece of currency, usually metallic and in the shape of a…	/kɔɪnz/
5014	drain	A conduit allowing liquid to flow out of an otherwise…	/dɹeɪn/
5015	physics	The branch of science concerned with the study of the…	/ˈfɪz.ɪks/
5016	phoebe	Any of several birds of the genus Sayornis	/ˈfiːbi/
5017	furious	Feeling great anger; raging; violent	/ˈfjʊəɹi.əs/
5018	sniffs	To make a short, audible inhalation, through the nose, as…	/ˈsnɪfs/
5019	vampires	A mythological creature said to feed on the blood or life…	/ˈvæmpaɪɚz/
5020	defending	To ward off attacks against	/dəˈfɛndɪŋ/
5021	sector	A section	/ˈsɛk.təɹ/
5022	income	Money one earns by working or by capitalising on the work…	/ˈɪnˌkʌm/
5023	finn	A national of Finland	/ˈfɪn/
5024	offended	To hurt the feelings of; to displease; to make angry; to…	/əˈfɛndɪd/
5025	decides	To resolve; to choose, determine, or settle	/dɪˈsaɪdz/
5026	laser	A device that produces a monochromatic, coherent beam of…	/ˈleɪzɚ/
5027	fled	To run away; to escape	/ˈflɛd/
5028	beers	An alcoholic drink fermented from starch material, commonly…	/bɪɚz/
5029	boxing	To place inside a box; to pack in one or more boxes	/ˈbɑːksɪŋ/
5030	accurate	Telling the truth or giving a true result; exact; not…	/ˈæk.jə.ɹɪt/
5031	snakes	Any of the suborder Serpentes of legless reptiles with…	/sneɪks/
5032	thumb	The shortest and thickest digit of the hand that for humans…	/ˈθʌm/
5033	bald	Having little or no hair, fur, or feathers	/boːld/
5034	sharon	A working-class female	/ˈʃæɹən/
5035	suspicion	The act of suspecting something or someone, especially of…	/səˈspɪʃ.ən/
5036	convicted	To find guilty, as a result of legal proceedings, or in a…	/kənˈvɪktɪd/
5037	roots	Ancestry	/ɹuːts/
5038	shares	A portion of something, especially a portion given or…	/ʃɛɹz/
5039	bernard	Shortened form of Saint Bernard	/bɜːˈnɑːɹd/
5040	jessie	Synonym of sissy: a cowardly, effeminate, or homosexual…	/ˈdʒɛsi/
5041	wang	To batter; to clobber; to conk	/ˈwæŋ/
5042	blues	The colour of the clear sky or the deep sea; the colour…	/bluːz/
5043	confusing	difficult to understand; not clear as lacking order,…	/kənˈfjuːzɪŋ/
5044	lobby	An entryway or reception area; vestibule; passageway;…	/ˈlɒb.i/
5045	recipe	Any set of instructions for preparing a mixture of…	/ˈɹɛs.ɪ.pi/
5046	las	A syllable used in solfège to represent the sixth note of a…	/lɑːz/
5047	generally	Popularly or widely	/ˈd͡ʒɛn.ɚ.li/
5048	seeking	To try to find; to look for; to search for	/ˈsiː.kɪŋ/
5049	secretly	In secret, covertly	/ˈsiː.kɹɪt.li/
5050	declare	To assert or announce formally, officially, explicitly, or…	/dɪˈklɛɚ/
5051	freaked	To react extremely or irrationally, usually under distress…	/fɹiːkt/
5052	missile	Any object used as a weapon by being thrown or fired…	/ˈmɪs.(ə)l/
5053	ensure	To make sure or certain of something	/ɪnˈʃʊɹ/
5054	tricky	Hard to deal with, complicated	/ˈtɹɪk.i/
5055	pointed	To extend the index finger in the direction of something in…	/ˈpɔɪnɪd/
5056	hockey	Any of a family of sports in which hockey sticks are used…	/ˈhɑ.ki/
5057	bubble	A spherically contained volume of air or other gas in a…	/ˈbʌbəl/
5058	contacts	The act of touching physically; being in close association	/ˈkɑntækts/
5059	maximum	The highest limit	/ˈmæksɪməm/
5060	reminded	To cause one to experience a memory; to bring to the notice…	/ɹəˈmaɪndɪd/
5061	carriage	The act of conveying; carrying	/ˈkæɹɪd͡ʒ/
5062	curtain	A piece of cloth covering a window, bed, etc. to offer…	/ˈkɜɹt(ə)n/
5063	clues	Information which may lead one to a certain point or…	/kluːz/
5064	hostages	A person given as a pledge or security for the performance…	/ˈhɑːstɪdʒᵻz/
5065	circles	A two-dimensional geometric figure, a line, consisting of…	/ˈsɝkl̩z/
5066	author	The originator or creator of a work, especially of a…	/ˈɑ.θɚ/
5067	receiving	To be given, sent, or paid something	/ɹɪˈsiːvɪŋ/
5068	debts	An action, state of mind, or object one has an obligation…	/dɛts/
5069	cellar	An enclosed underground space, often under a building, used…	/ˈsɛləɹ/
5070	tortured	Having been subjected to torture, mental or physical	/ˈtɔɹt͡ʃɚd/
5071	tips	The extreme end of something, especially when pointed; e.g.…	/tɪps/
5072	mates	A fellow, comrade, colleague, partner or someone with whom…	/meɪts/
5073	mortal	Mortally; enough to cause death	/ˈmɔɹ.təl/
5074	reporters	Someone or something that reports	/ɹɪˈpoɹ.tɚz/
5075	associate	Joined with another or others and having lower status	/əˈsoʊʃi.ət/
5076	honesty	The act, quality, or condition of being honest	/ˈɒn.ɪ.sti/
5077	laptop	A laptop computer	/ˈlæp.tɑp/
5078	jung	Alternative form of djong	/ˈjʊŋ/
5079	rainbow	A multicoloured arch in the sky, produced by prismatic…	/ˈɹeɪnboʊ/
5080	seed	Any propagative portion of a plant which may be sown, such…	/siːd/
5081	mature	Fully developed; grown up in terms of physical appearance,…	/məˈt͡ʃʊ(ə)ɹ/
5082	deed	An action or act; something that is done	/diːd/
5083	kay	A kilometer	/keɪ/
5084	expenses	A spending or consuming, often a disbursement of funds	/ɪkˈspɛnsɪz/
5085	discussing	To converse or debate concerning a particular topic	/dɪˈskʌsɪŋ/
5086	pirate	A criminal who plunders at sea; commonly attacking merchant…	/ˈpaɪɹət/
5087	meals	Food that is prepared and eaten, usually at a specific…	/ˈmiːlz/
5088	performing	To do; to execute	/pɚˈfɔɹmɪŋ/
5089	remained	To stay after others or other parts have been removed or…	/ɹɪˈmeɪnd/
5090	prostitute	Taking part in promiscuous sexual activity, licentious;…	/ˈpɹɑstɪˌtu(ː)t/
5091	adams	A kind of dry fly primarily used for trout	/ˈædəmz/
5092	retirement	An act of retiring; withdrawal	/ɹəˈtaɪə(ɹ).mənt/
5093	platform	A raised stage from which speeches are made and on which…	/ˈplætfɔɹm/
5094	erica	Any of many heathers, of the genus Erica, used as garden…	/ˈɛɹɪkə/
5095	beds	A piece of furniture, usually flat and soft, on which to…	/bɛdz/
5096	writes	To form letters, words or symbols on a surface in order to…	/ɹaɪts/
5097	illusion	A distortion of sensory perception where real stimuli lead…	[ɪˈluː.ʒən]
5098	mill	A grinding apparatus for substances such as grains, seeds,…	[mɪɫ]
5099	dealt	To distribute among a number of recipients, to give out as…	/ˈdɛlt/
5100	hears	To perceive sounds through the ear	/hɪɹz/
5101	manhattan	a bar chart representing the number of runs scored in each…	/mænˈhætn̩/
5102	mole	A naevus, a pigmented, slightly raised, and sometimes hairy…	/mol/
5103	rang	To enclose or surround	/ˈɹæŋ/
5104	prosecution	The act of prosecuting a scheme or endeavor	/ˌpɹɒs.ɪˈkjuː.ʃən/
5105	fatal	Causing death or destruction	[ˈfeɪ.ɾɫ̩]
5106	copper	A reddish-brown metallic chemical element with the atomic…	/ˈkɒpə/
5107	troubled	To mentally distress; to cause to be anxious or perplexed	/ˈtɹʌbl̩d/
5108	heir	Someone who inherits, or is designated to inherit, the…	/ˈɛə̯/
5109	traces	An act of tracing	/ˈtɹeɪsɪz/
5110	owners	One who owns something	/ˈoʊnɚz/
5111	length	The distance measured along the longest dimension of an…	/lɛŋ(k)θ/
5112	dentist	A medical doctor who specializes in teeth	/ˈdɛntɪst/
5113	lesbian	Homosexual, gay; preferring exclusively women as romantic…	/ˈlɛz.bi.ən/
5114	enterprise	A company, business, organization, or other purposeful…	/ˈɛntɚˌpɹaɪz/
5115	tournament	A series of games; either the same game played many times,…	/ˈtʊɹnəmənt/
5116	travelling	To be on a journey, often for pleasure or business and with…	/ˈtɹæv.lɪŋ/
5117	confessed	To admit to the truth, particularly in the context of sins…	/kənˈfɛst/
5118	roast	To cook food by heating in an oven or over a fire without…	/ɹoʊst/
5119	website	A collection of interlinked web pages on the World Wide Web…	/ˈwɛb(ˌ)saɪt/
5120	ja	Yes	/ˈjɑː/
5121	flood	An overflow of a large amount of water from a lake or other…	/flʌd/
5122	harbor	Any place of shelter	/ˈhɑɹbɚ/
5123	lola	a grandmother	/ˈloʊlə/
5124	rory	Covered by dew	/ˈɹɔɹ.i/
5125	mansion	A large luxurious house or building, usually built for the…	/ˈmæn.ʃən/
5126	mademoiselle	A courtesy title for an unmarried woman in France or a…	/ˌmæ.dəm.wəˈzɛl/
5127	auction	A public event where goods or property are sold to the…	/ˈɔkʃən/
5128	desires	The feeling of desiring; an eager longing for something	/dɪˈzaɪɹz/
5129	bachelor	A person, especially a man, who is socially regarded as…	/ˈbæt͡ʃ.ə.lɚ/
5130	haunted	Of a location, frequented by a ghost or ghosts	/ˈhɔːntɪd/
5131	distracted	having one's attention diverted; preoccupied; distrait	/dɪˈstɹæk.tɪd/
5132	smashed	Extensively broken; especially, in shards	/smæʃt/
5133	rodney	A small Newfoundland wooden boat typically used by one…	/ˈɹɑːdni/
5134	scheduled	To create a time-schedule	/ˈskɛdʒuːld/
5135	negotiate	To confer with others in order to come to terms or reach an…	/nəˈɡoʊ.ʃi.eɪt/
5136	champ	Clipping of champion	/t͡ʃæmp/
5137	allows	To let one have as a suitable share of something	/əˈlaʊz/
5138	shotgun	A gun which fires loads typically consisting of small metal…	/ˈʃɑtɡʌn/
5139	nigger	A black person; a person of black African descent	/ˈnɪɡɚ/
5140	cocktail	A mixed alcoholic beverage	/ˈkɑk.teɪl/
5141	donkey	A domestic animal, Equus asinus asinus, similar to a horse	/ˈdɑŋ.ki/
5142	pointing	To extend the index finger in the direction of something in…	/ˈpɔɪntɪŋ/
5143	butler	A manservant having charge of wines and liquors	/ˈbʌt.lɚ/
5144	dizzy	Experiencing a sensation of whirling and of being giddy,…	/ˈdɪzi/
5145	methods	A process by which a task is completed; a way of doing…	/ˈmɛθədz/
5146	reference	A measurement one can compare to	/ˈɹɛf.(ə.)ɹəns/
5147	bully	A person who is intentionally physically or emotionally…	/ˈbɵlɪj/
5148	lydia	A kind of Ancient Greek vase of Lydian origin: a small…	/ˈlɪdiə/
5149	collapse	To break apart and fall down suddenly; to cave in	/kəˈlæps/
5150	ana	Of each; an equal quantity	/ˈæ.nə/
5151	minimum	The lowest limit	/ˈmɪnəməm/
5152	chairs	An item of furniture used to sit on or in, comprising a…	/t͡ʃɛɹz/
5153	hee	An expression of laughter	/ˈhiː/
5154	patty	A flattened portion of ground meat or a vegetarian…	/ˈpæti/
5155	owes	To be under an obligation to give something back to someone…	/ˈoʊz/
5156	included	Provided as an accompaniment or gratuity	/ɪnˈkluːdɪd/
5157	carmen	A person who transported goods, usually with a horse and…	/ˈkɑːɹmɛn/
5158	civilization	An organized culture encompassing many communities, often…	/ˌsɪv.ə.laɪˈzeɪ.ʃən/
5159	prices	The cost required to gain possession of something	/ˈpɹaɪsɪz/
5160	wealthy	Possessing financial wealth; rich	/ˈwɛl.θi/
5161	bart	Abbreviation or diminutive for baronet, later replaced by…	/bɑɹt/
5162	depression	A state of mind producing serious, long-term lowering of…	/dɪˈpɹɛʃən/
5163	tide	The daily fluctuation in the level of the sea caused by the…	/taɪd/
5164	rented	To take a lease of premises in exchange for rent	/ˈɹɛn(t)ɪd/
5165	bra	An item of clothing, usually underwear worn to support the…	/bɹɑː/
5166	lin	To desist, to stop, to cease	/lɪn/
5167	fellows	A companion; a comrade	/ˈfɛloʊz/
5168	rot	To suffer decomposition due to biological action,…	/ɹɑt/
5169	password	A word relayed to a person to gain admittance to a place or…	/ˈpæs.wɜɹd/
5170	th	Abbreviation of the	/ˌtiːˈeɪtʃ/
5171	kirk	A church	/kɜɹk/
5172	pedro	An American trick-taking card game of the all fours family	/ˈpeɪdɹoʊ/
5173	spill	To drop something so that it spreads out or makes a mess;…	[spɪɫ]
5174	cured	To restore to health	/kjʊɹd/
5175	hardest	Solid and firm	/ˈhɑɹdɪst/
5176	deceased	No longer alive; dead	/diˈsist/
5177	sleepy	Tired; feeling the need for sleep	/ˈsliːpi/
5178	static	Unchanging; that cannot or does not change	/ˈstæt.ɪk/
5179	almighty	Extremely; thoroughly	/ɔːlˈmaɪti/
5180	murray	Alternative form of moray	/ˈmɜːɹeɪ/
5181	offers	A proposal that has been made	/ˈɔfɚz/
5182	phrase	A short written or spoken expression	/ˈfɹeɪ̯z/
5183	disgrace	The condition of being out of favor; loss of favor, regard,…	/dɪsˈɡɹeɪs/
5184	sources	The person, place, or thing from which something comes or…	/ˈsɔɹsɪz/
5185	approval	An expression granting permission; an indication of…	/əˈpɹuvəl/
5186	turtles	Gloves	/ˈtɜːɾəlz/
5187	screech	A high-pitched strident or piercing sound, such as that…	[skɹit͡ʃ]
5188	snack	A light meal	/snæk/
5189	collected	To gather together; amass	/kəˈlɛktɪd/
5190	ding	Very minor damage caused by being struck; a small dent or…	/dɪŋ/
5191	fur	Pronunciation spelling of for	/fɝ/
5192	jewels	Family jewels; testicles	/d͡ʒulz/
5193	jan	Initialism of Japanese Accepted Name	/ˈdʒæn/
5194	cheek	The soft skin on each side of the face, below the eyes; the…	/t͡ʃiːk/
5195	legally	As permitted by law; not contrary to law	/ˈliːɡəli/
5196	ditch	A trench; a long, shallow indentation, as for irrigation or…	/dɪt͡ʃ/
5197	benefits	public assistance; welfare	/ˈbɛn.ɪˌfɪts/
5198	roars	A long, loud, deep shout, as of rage or laughter, made with…	/ɹɔɹz/
5199	dime	A coin worth one-tenth of a dollar, that is, ten cents	/daɪm/
5200	domestic	Of or relating to the home	/dəˈmɛs.tɪk/
5201	chuckle	A quiet laugh	/ˈt͡ʃʌkəl/
5202	hack	To chop or cut down in a rough manner	/hæk/
5203	ransom	Money paid for the freeing of a hostage	/ˈɹæn.səm/
5204	chang	A traditional harp of central and southwest Asia	/ˈtʃæŋ/
5205	bore	To endeavour to depress the price of, or prices in	/boɹ/
5206	muslim	An adherent of Islam	/ˈmɐz.ləm/
5207	loads	Lots, much, plenty, a great deal	/loʊdz/
5208	waitress	A female attendant who serves customers in a restaurant,…	/ˈweɪ.tɹɪs/
5209	nurses	Anyone performing this role, regardless of training or…	/ˈnɜːsᵻz/
5210	spite	Notwithstanding; despite	/spaɪt/
5211	rebel	A person who resists an established authority, often…	/ˈɹɛb.əl/
5212	clearing	To remove obstructions, impediments or other unwanted items…	/ˈklɪɹɪŋ/
5213	fortunate	Auspicious	/ˈfɔɹ.t͡ʃə.nɪt/
5214	survivors	One who survives, especially one who survives a traumatic…	/sɚˈvaɪvɚz/
5215	reply	To give a written or spoken response, especially to a…	/ɹɪˈplaɪ/
5216	disappoint	To sadden or displease by underperforming, or by not…	/ˌdɪsəˈpɔɪnt/
5217	orbit	An elliptical movement of an object about a celestial…	/ˈɔɹ.bɪt/
5218	expose	To reveal; to uncover; to make visible; to bring to light	/ɪkˈspoʊz/
5219	gin	If	/d͡ʒɪn/
5220	austin	Augustinian	/ˈɔstɪn/
5221	toe	Each of the five digits on the end of the human foot	/toʊ/
5222	sympathy	A feeling of pity or sorrow for the suffering or distress…	/ˈsɪmpəθi/
5223	intel	Intelligence	/ˈɪnt.ɛl/
5224	growth	An increase in size, number, value, or strength	/ɡɹoʊθ/
5225	psychiatrist	A medical doctor specializing in psychiatry	/ˌsaɪˈkaɪ.ə.tɹɪst/
5226	slams	A sudden impact or blow	/ˈslæmz/
5227	encounter	To meet or find, especially unexpectedly	/ɪnˈkaʊntɚ/
5228	daphne	Any one of least 50 species of shrub in the genus Daphne of…	/ˈdæf.niː/
5229	passenger	One who rides or travels in a vehicle, but who does not…	/ˈpæs.ɪn.d͡ʒɚ/
5230	monkeys	A member of the clade Simiiformes other than those in the…	/ˈmʌŋkiz/
5231	accompany	To go with or attend as a companion or associate; to keep…	/əˈkʌm.pə.ni/
5232	hats	A covering for the head, often in the approximate form of a…	/hæts/
5233	column	A solid upright structure designed usually to support a…	/ˈkɒləm/
5234	sigh	To inhale a larger quantity of air than usual, and…	/saɪ/
5235	pounding	An act in which something or someone is pounded	/ˈpaʊn.dɪŋ/
5236	economic	Pertaining to an economy	/ˌiːkəˈnɒmɪk/
5237	tales	A person available to fill vacancies in a jury	/teɪlz/
5238	theirs	That or those belonging to them; the possessive case of…	/ðɛɚz/
5239	brat	A human child	/bɹɑt/
5240	follows	To go after; to pursue; to move behind in the same path or…	/ˈfɑ.loʊz/
5241	spreading	To stretch out, open out so that it more fully covers a…	/ˈspɹɛdɪŋ/
5242	sister-in-law	The sister of one's spouse	/ˈsɪs.tɚ.ɪn.lɔ/
5243	hilarious	Very funny; causing great merriment and laughter	/hɪˈlɛ(ə)ɹ.i.əs/
5244	hallway	A corridor in a building that connects rooms	/ˈhɔlˌweɪ/
5245	hamilton	A United States ten-dollar bill	/ˈhæməltən/
5246	exclusive	Excluding items or members that do not meet certain…	/ɪkˈsklu.sɪv/
5247	chimes	A musical instrument producing a sound when struck, similar…	/t͡ʃaɪmz/
5248	greet	To welcome in a friendly manner, either in person or…	/ɡɹiːt/
5249	decades	A group, set, or series of ten, particularly	/ˈdɛkeɪdz/
5250	bowling	To roll or throw in the correct manner in cricket and…	/ˈboʊlɪŋ/
5251	buttons	A knob or disc that is passed through a loop or, serving as…	/ˈbʌt.ənz/
5252	confusion	A lack of clarity or order	/kənˈfjuːʒən/
5253	thud	The sound of a dull impact	/ˈθʌd/
5254	hooker	One who, or that which, hooks	/ˈhʊkɚ/
5255	ruining	To cause the fiscal ruin of; to bankrupt or drive out of…	/ˈɹuːɪnɪŋ/
5256	dreadful	Dreadfully	/ˈdɹɛd.fl̩/
5257	collecting	To gather together; amass	/kəˈlɛktɪŋ/
5258	lions	A big cat, Panthera leo, native to Africa, India and…	/ˈlaɪənz/
5259	sheila	A woman	/ˈʃiːlə/
5260	elvis	An impersonator of Elvis Presley	/ˈɛlvɪs/
5261	forty	The cardinal number occurring after thirty-nine and before…	/ˈfoɹti/
5262	sleeps	The state of reduced consciousness during which a human or…	/sliːps/
5263	sung	To produce musical or harmonious sounds with one’s voice	/sʌŋ/
5264	brass	A memorial or sepulchral tablet usually made of brass or…	/bɹæs/
5265	shrink	To cause to become smaller	/ˈʃɹɪŋk/
5266	zack	Sixpence	/zæk/
5267	whimpers	A low intermittent sob	/ˈwɪmpɚz/
5268	sworn	To take an oath, to promise intensely, solemnly, and/or…	/swɔɹn/
5269	email	A system for sending messages and datas by means of a…	/ɛˈmeɪl/
5270	proven	To demonstrate that something is true or viable; to give…	/ˈpɹu.vn̩/
5271	tasty	Having a pleasant or satisfying flavor	/ˈteɪsti/
5272	covers	A lid	/ˈkʌvɚz/
5273	sandwiches	A dish or foodstuff where at least one piece, but typically…	/ˈsænˌ(d)wɪ.t͡ʃɪz/
5274	rarely	Not occurring at a regular interval; seldom; not often	/ˈɹɛəɹli/
5275	programme	UK, New Zealand, and India standard spelling of program	/ˈpɹoʊˌɡɹæm/
5276	irene	The hydrocarbon formed by dehydration of an irone	/ˈaɪɹiːn/
5277	dee	To do	/dɪv/
5278	contacted	To touch; to come into physical contact with	/ˈkɑntæktɪd/
5279	chemistry	The branch of natural science that deals with the…	/ˈkɛm.ɪ.stɹi/
5280	assured	To make sure and secure; ensure	/əˈʃʊɹd/
5281	applied	Put into practical use	/əˈplaɪd/
5282	elected	One who is elected	/ɪˈlɛktɪd/
5283	subjects	The noun, pronoun or noun phrase about whom the statement…	/ˈsʌb.d͡ʒɛkts/
5284	lust	A feeling of strong desire, especially such a feeling…	/ˈlʌst/
5285	label	A small ticket or sign giving information about something…	/ˈleɪ.bəl/
5286	shakespeare	Any form or style of language that is eloquent, especially…	/ˈʃeɪkspɪɹ/
5287	tan	A light, brown-like colour	/tæn/
5288	ego	The self, especially with a sense of self-importance	/ˈiɡoʊ/
5289	forgiven	To pardon; to waive any negative feeling towards or desire…	/fɚˈɡɪv.n̩/
5290	phoenix	A mythological bird, said to be the only one of its kind,…	/ˈfiːnɪks/
5291	companion	A friend, acquaintance or partner; someone with whom one…	/kəmˈpæn.jən/
5292	lottery	A scheme for the distribution of prizes by lot or chance,…	/ˈlɑtɚi/
5293	worm	A generally tubular invertebrate of the annelid phylum; an…	/wɝm/
5294	publicity	Advertising or other activity designed to rouse public…	/pʌbˈlɪsɪti/
5295	butterfly	A flying insect of the order Lepidoptera, distinguished…	[ˈbʌ.ɾɚ.flaɪ]
5296	dialogue	A conversation or other form of discourse between two or…	/ˈdaɪəˌlɑɡ/
5297	cal	Clipping of calorie	/kæl/
5298	tremendous	Awe-inspiring; terrific	/tɹɪˈmɛndəs/
5299	pervert	A person whose sexual habits are not considered acceptable	/ˈpɚ.vɚt/
5300	establish	To make stable or firm; to confirm	/ɪsˈtæblɪʃ/
5301	dearest	High in price; expensive	/ˈdɪɹɪst/
5302	intimate	Closely acquainted; familiar	/ˈɪn.tɪ.mət/
5303	eager	Desirous; keen to do or obtain something	/ˈiɡɚ/
5304	se	A type of ancient Chinese plucked zither	/sɛ/
5305	atlantic	Pertaining to the Atlantic Ocean	/ətˈlæn.tɪk/
5306	contains	To hold inside	/kənˈteɪnz/
5307	thompson	A member of a Salish people of British Columbia	/ˈtɑmp.sən/
5308	shirley	surely	/ˈʃɜː(ɹ)li/
5309	bets	A wager, an agreement between two parties that a stake will…	/bɛts/
5310	inhales	To draw air into the lungs, through the nose or mouth by…	/ɪnˈheɪlz/
5311	presentation	The act of presenting, or something presented	/ˌpɹɛzn̩ˈteɪʃn̩/
5312	allergic	Of or pertaining to allergy	/əˈlɝ.d͡ʒɪk/
5313	den	Pronunciation spelling of then, representing AAVE, Bermuda…	/ˈdɛn/
5314	wells	A hole sunk into the ground as a source of water, oil,…	/wɛlz/
5315	spoiled	That has deteriorated to the point of no longer being…	/spɔɪld/
5316	chen	A Chinese person whose name is not known to the speaker	/t͡ʃɛn/
5317	accomplished	Completed; effected; established	/əˈkɑm.plɪʃt/
5318	repay	Synonym of pay back in all senses	/ɹiˈpeɪ/
5319	politicians	One engaged in politics, especially an elected or appointed…	/ˌpɒl.ɪˈtɪʃ.ənz/
5320	logic	Logical	/ˈlɑ.d͡ʒɪk/
5321	gratitude	The state of being grateful	/ˈɡɹæ.tɪ.tud/
5322	exception	The act of excepting or excluding; exclusion; restriction…	/əkˈsɛpʃən/
5323	ultimately	Indicating the last item	/ˈʌl.tɪ.mɪt.li/
5324	compromise	The settlement of differences by arbitration or by consent…	/ˈkɑmpɹəˌmaɪz/
5325	majority	More than half of some group	/məˈd͡ʒɑ.ɹɪti/
5326	journal	A diary or daily record of a person, organization, vessel…	/ˈd͡ʒɝnəl/
5327	signals	A sequence of states representing an encoded message in a…	/ˈsɪɡnəlz/
5328	bent	Folded or dented out of its usual shape	/bɛnt/
5329	dock	Any of the genus Rumex of coarse weedy plants with small…	/dɑk/
5330	meg	Megalodon	/mɛɡ/
5331	essential	Necessary	/ɪˈsɛn.ʃəl/
5332	campbell	A British breed of domestic duck developed at Uley, in…	/ˈkæmbəl/
5333	climate	The long-term manifestations of weather and other…	/ˈklaɪ.mɪt/
5334	experiments	A test under controlled conditions made to either…	/ɪkˈspɛɹ.ə.mənts/
5335	ink	A pigment -based fluid used for writing, printing etc	/ˈɪŋk/
5336	magazines	A nonacademic, periodical publication which consists of…	/mæɡ.əˈzinz/
5337	rivers	A large and often winding stream which drains a land mass,…	/ˈɹɪvɚz/
5338	teresa	A type of light lady's kerchief in the late eighteenth…	/tɚˈɹiːsə/
5339	administration	The act of administering; government of public affairs; the…	/ədˌmɪn.əˈstɹeɪ.ʃən/
5340	passionate	Given to strong feeling, sometimes romantic, sexual, or both	/ˈpæʃənɪt/
5341	precise	Both exact and accurate	/pɹɪˈsaɪs/
5342	lawn	Ground covered with grass kept closely mown	/lɔːn/
5343	via	By way of; passing through	/ˈvaɪə/
5344	jeans	Denim	/d͡ʒiːnz/
5345	murmuring	A sound that murmurs	/ˈmɜːmɚɹɪŋ/
5346	resort	A place where people go for recreation, especially one with…	/ɹɪˈzɔɹt/
5347	announced	Having been preceded by an announcement; declared	/ɐˈnaʊnst/
5348	buddha	Any other person considered similarly enlightened	/ˈbudə/
5349	fries	Ellipsis of french fries	/fɹaɪz/
5350	capacity	The ability to hold, receive, or absorb	/kəˈpasɪtɪj/
5351	opponent	One who opposes another; one who works or takes a position…	/əˈpəʊ.nənt/
5352	chains	A series of interconnected rings or links usually made of…	/t͡ʃeɪnz/
5353	minus	Made less or reduced by	/ˈmaɪ.nəs/
5354	apples	The fruit of the tree Malus domestica, chiefly with a…	/ˈæp.(ə)lz/
5355	aww	Elongated form of aw	/ɔː/
5356	instrument	A device used to produce music	/ˈɪnstɹəmənt/
5357	healing	The process where the cells in the body regenerate and…	/ˈhiːlɪŋ/
5358	convention	A meeting or gathering	/kənˈvɛn.ʃən/
5359	messenger	One who brings messages	/ˈmɛs.ən.d͡ʒɚ/
5360	explore	To examine or investigate something systematically	/ɪkˈsploɹ/
5361	versus	Against; in opposition to	/ˈvɝs/
5362	survivor	One who survives, especially one who survives a traumatic…	/sɚˈvaɪvɚ/
5363	ruled	To regulate, be in charge of, make decisions for, reign over	/ɹuːld/
5364	clarence	A kind of carriage popular in the 19th century; a…	/ˈklæɹəns/
5365	madison	A particular line dance commonly danced to the Ike & Tina…	/ˈmædɪsən/
5366	cough	Sometimes followed by up: to force out of the lungs or…	/kɔf/
5367	experts	A person with extensive knowledge or ability in a given…	/ˈɛk.spɝts/
5368	disguise	Material used to alter one’s visual appearance in order to…	/dɪsˈɡaɪz/
5369	archer	One who shoots an arrow from a bow or a bolt from a crossbow	/ˈɑɹ.t͡ʃɚ/
5370	bicycle	A vehicle that has two primary wheels, one behind the…	/ˈbaɪsɪk(ə)l/
5371	noises	Various sounds, usually unwanted or unpleasant	/ˈnɔɪzᵻz/
5372	inviting	To ask for the presence or participation of someone or…	/ɪnˈvaɪtɪŋ/
5373	pregnancy	The condition of being pregnant; an instance of this	/ˈpɹɛɡnənsi/
5374	declared	Openly avowed	/dɪˈklɛɹd/
5375	yi	An ethnic group who live primarily in mountainous areas of…	/ˈji/
5376	vicky	vagina	/ˈvɪki/
5377	drums	A percussive musical instrument spanned with a thin…	/dɹʌmz/
5378	wooden	Made of wood	/ˈwʊdn̩/
5379	innocence	Absence of responsibility for a crime, tort, etc	/ˈɪnəsn̩s/
5380	mouths	The front opening of a creature through which food is…	/maʊðz/
5381	bees	A flying insect, of the clade Anthophila within the…	/ˈbiːz/
5382	creaking	A noise that creaks	/ˈkɹiːkɪŋ/
5383	cloth	A fabric, usually made of woven, knitted, or felted fibres…	/klɒθ/
5384	unh	Alternative form of uh	/ˈʌn/
5385	skies	To drink from a container without one's lips touching the…	/skaɪz/
5386	painter	An artist who paints pictures	/ˈpeɪntɚ/
5387	allies	To unite or form a connection between, as between families…	/ˈælaɪz/
5388	pond	An inland body of standing water, either natural or…	/pɑnd/
5389	runway	A defined, narrow section of land or an artificial…	/ˈɹʌnweɪ/
5390	assist	To help	/əˈsɪst/
5391	lana	The tree Genipa americana	/ˈlɑːnə/
5392	presented	To bring into the presence of; to introduce formally	/pɹɪˈzɛntɪd/
5393	mona	Cercopithecus mona, a West African monkey	/ˈmoʊnə/
5394	sickness	The quality or state of being sick or diseased; illness; an…	/ˈsɪknɪs/
5395	civilian	A person following the pursuits of civil life, especially…	/sɪˈvɪl.jən/
5396	fighters	A person who fights; a combatant	/ˈfaɪɾɚz/
5397	facebook	A reference book or electronic directory containing the…	/ˈfeɪsbʊk/
5398	customs	The duties or taxes imposed on imported or exported goods	/ˈkʌs.təmz/
5399	florence	An ancient gold coin of the time of Edward III, coined by…	/ˈfloɹəns/
5400	remembers	To recall from one's memory; to have an image in one's…	/ˈɹᵻmɛmbɚz/
5401	sharks	Any predatory fish of the superorder Selachimorpha, with a…	/ˈʃɑːɹks/
5402	shrimp	Any of many swimming, often edible, crustaceans, chiefly of…	/ʃɹɪmp/
5403	tore	To rend by holding or restraining in two places and pulling…	/tɔɹ/
5404	seventh	The ordinal form of the number seven	/ˈsɛvənθ/
5405	ou	A probably extinct species of Hawaiian honeycreeper,…	/oʊ/
5406	avoiding	To try not to meet or communicate with; to shun	/əˈvɔɪdɪŋ/
5407	rolled	To revolve by turning over and over; to move by turning on…	/ɹoʊld/
5408	championship	A competition to determine a champion, especially the final…	/ˈtʃæm.pi.ən.ʃɪp/
5409	household	All the persons who live in a given house or other home; a…	/ˈhaʊshoʊld/
5410	float	To be supported by a fluid of greater density	/floʊt/
5411	chad	A very handsome, genetically gifted and sexually active man…	/ˈtʃæd/
5412	ballet	A classical form of dance	/bæˈleɪ/
5413	cracking	Very, usually associated with praise	/ˈkɹækɪŋ/
5414	raj	Reign; rule	/ɹɑd͡ʒ/
5415	possessed	Controlled by evil spirits	/pəˈzɛst/
5416	harmless	Incapable of causing harm or danger; safe	/ˈhɑɹmləs/
5417	curiosity	Inquisitiveness; the tendency to ask and learn about things…	/ˌkjʊɹ.iˈɑ.sə.ti/
5418	vicious	Violent, destructive and cruel	/ˈvɪʃəs/
5419	officials	An office holder, a person holding an official position in…	/əˈfɪʃəlz/
5420	glove	An item of clothing, covering all or part of the hand and…	/ɡləv/
5421	nearest	Closest to	/ˈnɪɹɪst/
5422	manny	A male nanny	/ˈmæni/
5423	begged	To request the help of someone, often in the form of money	/bɛɡd/
5424	que	Clipping of barbeque	/ˈkjuː/
5425	withdraw	To draw or pull away or back from its original position or…	/wɪðˈdɹɔ/
5426	shocking	To cause to be emotionally shocked; to cause to feel…	/ˈʃɑkɪŋ/
5427	guessed	To reach a partly unconfirmed conclusion; to engage in…	/ɡɛst/
5428	nightmares	A very unpleasant or frightening dream	/ˈnaɪtmɛɹz/
5429	greedy	Having greed; consumed by selfish desires	/ˈɡɹiːdi/
5430	forehead	The part of the face above the eyebrows and below the…	/ˈfɔɹ.hɛd/
5431	corps	A battlefield formation composed of two or more divisions	/ˈkɔːɹ/
5432	pirates	A criminal who plunders at sea; commonly attacking merchant…	/ˈpaɪɹəts/
5433	rudy	An acrobatic maneuver involving two and a half twists	/ˈɹuːdi/
5434	reservation	The act of reserving, withholding or keeping back	/ˌɹɛz.ɚˈveɪ.ʃən/
5435	hunters	One who hunts game for sport or for food; a huntsman or…	/ˈhʌntɚz/
5436	fog	A thick cloud that forms near the ground; the obscurity of…	/fɒɡ/
5437	flu	Influenza	/fluː/
5438	good-looking	Physically attractive	/ˈɡʊdˈlʊk.ɪŋ/
5439	hint	A clue	/hɪnt/
5440	peanut	A legume resembling a nut, the fruit of the plant Arachis…	/ˈpiˌnʌt/
5441	stark	Starkly; entirely, absolutely	/stɑɹk/
5442	gamble	A bet or wager	/ˈɡæm.bəl/
5443	autumn	Traditionally the third of the four seasons, when deciduous…	/ˈɔtəm/
5444	bracelet	A band or chain worn around the wrist as jewelry/jewellery…	/ˈbɹeɪslət/
5445	contain	To hold inside	/kənˈteɪn/
5446	arrogant	Having excessive pride in oneself, often with contempt or…	/ˈæɹəɡənt/
5447	simpson	Alternative form of sencion	/ˈsɪmpsən/
5448	piper	A musician who plays a pipe	/ˈpaɪ.pɚ/
5449	knocks	An abrupt rapping sound, as from an impact of a hard object…	/nɑks/
5450	sperm	The reproductive cell or gamete of the male; a spermatozoon	/spɜɹm/
5451	gesture	A motion of the limbs or body, especially one made to…	/ˈd͡ʒɛs.t͡ʃɚ/
5452	materials	A basic matter from which the whole or the greater part of…	/məˈtɪɹi.əlz/
5453	ticking	A strong cotton or linen fabric used to cover pillows and…	/ˈtɪkɪŋ/
5454	standards	Principles of conduct shaped by one's ideas of morality,…	/ˈstændɚdz/
5455	ribs	Any of a series of long curved bones occurring in 12 pairs…	/ɹɪbz/
5456	receipt	The act of receiving, or the fact of having been received	/ɹɪˈsit/
5457	regards	A greeting to pass on to another person	/ɹɪˈɡɑɹdz/
5458	whatsoever	Whatever	/ˌ(h)wʌtsoʊˈɛvɚ/
5459	homeland	The country that one regards as home	/ˈhoʊmˌlænd/
5460	leap	To jump	/ˈliːp/
5461	targets	A butt or mark to shoot at, as for practice, or to test the…	/ˈtɑː(ɹ).ɡɪts/
5462	snoring	The action or sound of breathing during sleep with harsh,…	/ˈsnɔːɹɪŋ/
5463	leaf	The usually green and flat organ that represents the most…	/lif/
5464	jar	An earthenware container, either with two or no handles,…	/d͡ʒɑɹ/
5465	brooke	Obsolete spelling of brook	/ˈbɹʊk/
5466	proposed	Suggested or planned but not yet implemented	/pɹəˈpoʊzd/
5467	savage	Wild; not cultivated or tamed	/ˈsævɪd͡ʒ/
5468	caring	To be concerned, to have an interest; to feel concern	/ˈkɛɹ.ɪŋ/
5469	ivy	Any of several woody, climbing, or trailing evergreen…	/ˈaɪvi/
5470	approximately	Imprecise but close to in quantity or amount	/əˈpɹɑk.sɪ.mət.li/
5471	kidnap	To seize or detain a person unlawfully and move or conceal…	/ˈkɪdnæp/
5472	carries	To lift and take it to another place; to transport by…	/ˈkæɹ.iz/
5473	bounce	To change the direction of motion after hitting an obstacle	/baʊns/
5474	creek	A small inlet, often saltwater, leading to the sea or to…	/ˈkɹiːk/
5475	pony	A small horse; specifically, any of several small breeds of…	/ˈpoʊni/
5476	cleaner	Free of dirt, filth, or impurities; not dirty, filthy, or…	/ˈkli.nɚ/
5477	businessman	A man in business, one who works at a commercial institution	/ˈbɪznəsmæn/
5478	ha-ha	An approximation of the sound of laughter	/ˈhɑˌhɑ/
5479	lunatic	An insane person	/ˈluːnətɪk/
5480	unlikely	In an improbable manner	/ʌnˈlaɪkli/
5481	gal	A young woman or girl; generally a form of rural Southern…	/ɡæl/
5482	situations	The combination of circumstances at a given moment; a state…	/ˌsɪt͡ʃuˈeɪʃənz/
5483	colony	A geographical area under the remote control of a country;…	/ˈkɔl.ə.ni/
5484	sells	To transfer goods or provide services in exchange for money	/sɛlz/
5485	chambers	Chiefly in in chambers: a judge's private office which is…	/ˈt͡ʃeɪmbɚz/
5486	volume	A three-dimensional measure of space that comprises a…	/ˈvɑl.jum/
5487	sweets	The basic taste sensation induced by sugar	/ˈswiːts/
5488	panties	Underpants for women and girls	/ˈpæntiz/
5489	respects	An attitude of consideration or high regard; a feeling of…	/ɹɪˈspɛkts/
5490	reads	A reading or an act of reading, especially of an actor's…	/ɹiːdz/
5491	seeds	Any propagative portion of a plant which may be sown, such…	/siːdz/
5492	engage	To engross or hold the attention of; to keep busy or…	/ɪnˈɡeɪd͡ʒ/
5493	explosives	Any explosive substance	/ɛksˈploʊsɪvz/
5494	violet	A plant or flower of the genus Viola, especially the…	/ˈvaɪ.ə.lət/
5495	mutual	Having the same relationship, each to each other	/ˈmjuːt͡ʃuəl/
5496	lighting	To start	/ˈlaɪtɪŋ/
5497	scores	The total number of goals, points, runs, etc. earned by a…	/skɔɹz/
5498	savings	A reduction in cost or expenditure	/ˈseɪvɪŋz/
5499	beware	To use caution, pay attention to	/biˈwɛɚ/
5500	educated	Having attained a level of higher education, such as a…	/ˈɛd͡ʒəkeɪtɪd/
5501	complaints	The act of complaining	/kəmˈpleɪnts/
5502	cassie	A thorny shrub with fragrant yellow flowers, Vachellia…	/ˈkæsi/
5503	doomed	Assured to suffer death, failure, or a similarly negative…	/duːmd/
5504	offensive	Causing offense; arousing a visceral reaction of disgust,…	/ˈɔˌfɛnsɪv/
5505	harvest	The process of gathering the ripened crop; harvesting	/ˈhɑɹ.vəst/
5506	qualified	Meeting the standards, requirements, and training for a…	/ˈkwɒl.ɪ.faɪd/
5507	relaxed	To make something loose	/ɹɪˈlækst/
5508	cape	A piece or point of land, extending beyond the adjacent…	/keɪp/
5509	buffalo	An animal from the subtribe Bubalina, also known as true…	/ˈbʌf.ə.loʊ/
5510	triple	Made up of three related elements, often matching	/ˈtɹɪp.əl/
5511	fireworks	An event or a display where fireworks are set off	/ˈfaɪ̯.ɚ.wɝks/
5512	palmer	A ferule used to punish schoolboys by striking their palms	/ˈpɑmɚ/
5513	armor	A protective layer over a body, vehicle, or other object…	/ˈɑːɹ.mɚ/
5514	poverty	The quality or state of being poor; lack of money	/ˈpɑːvɚti/
5515	leadership	The capacity of someone to lead others	/ˈliːdə(ɹ)ʃɪp/
5516	rode	To transport oneself by sitting on and directing a horse,…	/ɹoʊd/
5517	ambition	Eager or inordinate desire for some object that confers…	/æmˈbɪʃ.ən/
5518	cakes	A rich, sweet dessert food, typically made of flour, sugar,…	/keɪks/
5519	trousers	An article of clothing that covers the part of the body…	/ˈtɹaʊzɚz/
5520	bean	Any plant of several genera of the taxonomic family…	/ˈbi(ː)n/
5521	melt	To change from a solid state to a liquid state, usually by…	/mɛlt/
5522	racist	A person who believes in or supports racism; a person who…	/ˈɹeɪ.sɪst/
5523	bam	Representing a loud noise or heavy impact	/ˈbæm/
5524	ankle	The skeletal joint which connects the foot with the leg;…	/ˈæŋ.kəl/
5525	occupied	Reserved; engaged	/ˈɒkjʊpaɪd/
5526	nicer	Pleasant, satisfactory, complimentary	/ˈnaɪsɚ/
5527	correctly	In a correct manner	/kəˈɹɛk(t).li/
5528	terrifying	Frightening or intimidating	/ˈtɛɹɪfaɪ.ɪŋ/
5529	gasp	To draw in the breath suddenly, as if from a shock	/ɡæsp/
5530	villain	A vile, wicked person	/ˈvɪl.ən/
5531	willy	To cleanse wool or cotton, etc. with a willy, or willow	/ˈwɪli/
5532	marc	The refuse matter that remains after fruit, particularly…	/mɑɹk/
5533	draft	A current of air, usually coming into a room or vehicle	/dɹæft/
5534	factor	An agent or representative; a reseller or distributor; a…	/ˈfæk.təɹ/
5535	whew	An expressive sound made indicating the release of one's…	/hwjuː/
5536	countess	The wife of a count or earl	/ˈkaʊntɪs/
5537	portrait	A painting or other picture of a person, especially the…	/ˈpɔɹtɹət/
5538	suggests	To imply but stop short of explicitly stating	/sə(ɡ)ˈd͡ʒɛsts/
5539	font	A receptacle in a church for holy water, especially one…	/fɑnt/
5540	learnt	To acquire, or attempt to acquire knowledge or an ability…	/ˈlɝnt/
5541	pencil	A writing utensil with a graphite shaft, usually blended…	/ˈpɛnsɪl/
5542	coordinates	A number representing the position of a point along a line,…	/koʊˈɔːɹdᵻnəts/
5543	collapsed	To break apart and fall down suddenly; to cave in	/kəˈlæpst/
5544	reserve	The act of reserving or keeping back; reservation; exception	/ɹɪˈzɝv/
5545	shirts	An article of clothing that is worn on the upper part of…	/ˈʃɜːts/
5546	umbrella	A cloth-covered frame used for protection against rain or…	/ʌmˈbɹɛl.ə/
5547	ta	Pronunciation spelling of to, representing the standard…	/tɑː/
5548	traveled	To be on a journey, often for pleasure or business and with…	/ˈtɹævl̩d/
5549	auto	Clipping of automatic	/ˈɔːtəʊ/
5550	logical	In agreement with the principles of logic	/ˈlɑd͡ʒɪkəl/
5551	chew	To crush with the teeth by repeated closing and opening of…	/t͡ʃ(j)u/
5552	eliminate	To completely remove, get rid of, put an end to	/ɪˈlɪm.ɪ.neɪt/
5553	carbon	The chemical element with an atomic number of 6. It can be…	/ˈkɑɹ.bən/
5554	cancelled	No longer planned or scheduled	/ˈkænsəld/
5555	crawling	The motion of something that crawls	/ˈkɹɔːlɪŋ/
5556	stepping	To move the foot in walking; to advance or recede by…	/ˈstɛpɪŋ/
5557	independence	The quality or state of being independent; lack of…	/ˌɪn.dɪˈpɛn.dəns/
5558	medium	To a medium extent	/ˈmiː.di.əm/
5559	canceled	US standard spelling of cancelled	/ˈkænsəld/
5560	fanny	The female genitalia	/ˈfæni/
5561	seated	To put an object into a place where it will rest; to fix;…	/ˈsiːtɪd/
5562	upbeat	Having a fast pace, tempo, or beat	/ʌpˈbit/
5563	asian	A person from or with ancestry in East or Southeast Asia,…	/ˈeɪʒən/
5564	drowning	An instance of a person or animal drowning	/ˈdɹaʊnɪŋ/
5565	messy	In a disorderly state; chaotic; disorderly	/ˈmɛsi/
5566	quest	A journey or effort in pursuit of a goal; a mission	/kwɛst/
5567	represents	To present again or anew; to present by means of something…	/ˌɹɛp.ɹɪˈzɛnts/
5568	fletcher	One who fletches or feathers arrows	/ˈflɛt͡ʃ.ə(ɹ)/
5569	memorial	Something, such as a monument, by which someone or…	/məˈmɔːɹi.əl/
5570	doyle	An idiot	/dɔɪl/
5571	stressed	To apply force to causing strain	/stɹɛst/
5572	bearing	To endeavour to depress the price of, or prices in	/ˈbɛɹɪŋ/
5573	watches	To look at, see, or view for a period of time	/ˈwɑt͡ʃɪz/
5574	spoon	An implement for eating or serving; a scooped utensil whose…	/spuːn/
5575	cooperation	The act of cooperating	/koʊˌɑ.pəˈɹeɪ.ʃən/
5576	tucker	To tire out or exhaust a person or animal	/ˈtʌkɚ/
5577	earthquake	A shaking of the ground, caused by volcanic activity or…	/ˈɝθkweɪk/
5578	sailing	Travelling by ship	/ˈseɪ.lɪŋ/
5579	involve	To have as a component or a related part; to comprise, to…	/ɪnˈvɑlv/
5580	spectacular	Amazing or worthy of special notice	/spɛkˈtæk.jə.lɚ/
5581	reliable	Suitable or fit to be relied on; worthy of dependence,…	/ɹɪˈlaɪəbl̩/
5582	breach	A gap or opening made by breaking or battering, as in a…	/ˈbɹit͡ʃ/
5583	sophisticated	Of a person: having obtained worldly experience, and…	/səˈfɪstᵻˌkeɪɾᵻd/
5584	echo	A reflected sound that is heard again by its initial…	/ˈɛk.əʊ/
5585	indicate	To point out; to discover; to direct to a knowledge of; to…	/ˈɪndɪˌkeɪt/
5586	swamp	An area of wet, spongy land, often with trees, generally a…	/ˈswɑmp/
5587	vehicles	A conveyance: a spacious device for carrying or…	/ˈvi.ə.kl̩z/
5588	manual	Synonym of handbook	/ˈmæn.j(u)əl/
5589	elegant	Characterised by or exhibiting elegance; having grace,…	/ˈɛləɡənt/
5590	compound	An enclosure within which workers, prisoners, or soldiers…	/ˈkɒmpaʊnd/
5591	serves	To be a formal servant for; to worship in an official…	/sɝvz/
5592	scares	A minor fright	/ˈskɛɹz/
5593	rattling	Lively, quick	/ˈɹæɾəlɪŋ/
5594	pursue	To follow urgently, originally with intent to capture or…	/pɚˈsu/
5595	dreamt	To see imaginary events in one's mind while sleeping	/dɹɛmt/
5596	revolutionary	Of or pertaining to a revolution in government; tending to,…	/ˌɹɛvəˈluʃənɛɹi/
5597	wa	A traditional proa-style outrigger canoe of the Caroline…	/ˈwɑː/
5598	rig	The rigging of a sailing ship or other such craft	/ɹɪɡ/
5599	convincing	To make someone believe, or feel sure about something,…	/kənˈvɪnsɪŋ/
5600	tribal	Of or relating to tribes	/ˈtɹaɪbəl/
5601	lex	To perform lexical analysis; to convert a character stream…	/lɛks/
5602	depth	the vertical distance below a surface; the degree to which…	/dɛpθ/
5603	blaming	To assert or consider that someone is the cause of…	/ˈbleɪmɪŋ/
5604	aids	Extremely annoying or frustrating	/eɪdz/
5605	elaine	Alternative form of olein	/ˈᵻleɪn/
5606	wakes	A period after a person's death before or after the body is…	/ˈweɪks/
5607	occur	To happen or take place	/əˈkɝ/
5608	camping	To live in a tent or similar temporary accommodation	/ˈkæmp.ɪŋ/
5609	fart	To emit digestive gases from the anus; to flatulate	/fɑɹt/
5610	stamp	An act of stamping the foot, paw or hoof	/stæmp/
5611	assassin	Someone who intentionally kills a person, especially a…	/əˈsæsɪn/
5612	approved	Having received approval	/əˈpɹuːvd/
5613	crucial	Essential or decisive for determining the outcome or future…	/ˈkɹuː.ʃəl/
5614	annual	Happening once every year	/ˈæn.ju.əl/
5615	torch	A stick of wood or plant fibres twisted together, with one…	/ˈtoɹtʃ/
5616	fulfill	To satisfy, carry out, bring to completion	/fʊlˈfɪl/
5617	bon	Initialism of business object notation, notation for…	/ˈbɑːn/
5618	resting	To cease from action, motion, work, or performance of any…	/ˈɹɛstɪŋ/
5619	reunion	The process or act of reuniting	/ɹiːˈjuːnjən/
5620	witnessed	To furnish proof of, to show	/ˈwɪtnəst/
5621	graduated	Having a university degree; having completed training	/ˈɡɹædjuːˌeɪɾᵻd/
5622	sub	Under	/sʌb/
5623	howling	The act of producing howls	/ˈhaʊlɪŋ/
5624	hospitals	A large medical facility, usually in a building with…	/ˈhɑːspɪɾəlz/
5625	stall	A compartment for a single animal in a stable or cattle shed	/stɔːl/
5626	legacy	Money or property bequeathed to someone in a will	/ˈlɛɡəsi/
5627	otto	Alternative form of attar	/ˈɑtoʊ/
5628	riot	A tumultuous disturbance of the public peace by a large…	/ˈɹaɪ.ət/
5629	shops	An establishment that sells goods or services to the…	/ʃɑps/
5630	whereabouts	In, at or near what location	/ˌ(h)wɛəɹəˈbaʊts/
5631	teenager	A person between thirteen and nineteen years old	/ˈtinˌeɪdʒɚ/
5632	squealing	The sound of one who squeals; a squeal	/ˈskwiːlɪŋ/
5633	mines	An excavation from which ore or solid minerals are taken,…	/maɪnz/
5634	danced	To move with rhythmic steps or movements, especially in…	/dænst/
5635	crowded	To press forward; to advance by pushing	/ˈkɹaʊdɪd/
5636	orleans	A cloth made of worsted and cotton, used for making clothes	/ˈɔɹ.li.ənz/
5637	literature	The body of all written works	/ˈlɪt.ɚ.ə.t͡ʃɚ/
5638	morgue	A building or room where dead bodies are kept before their…	/moɹɡ/
5639	strongest	Capable of producing great physical force	/ˈstɹɔŋɡəst/
5640	transmission	The act of transmitting, e.g. data or electric power	/tɹænsˈmɪʃən/
5641	panel	A rectangular section of a surface, or of a covering or of…	/ˈpænəl/
5642	sole	Only	/soʊl/
5643	sequence	A set of things next to each other in a set order; a series	/ˈsi.kwəns/
5644	sexually	In a sexual manner; erotically	/ˈsɛksjʊəli/
5645	hugo	A Hugo Award, a statuette given out by the World Science…	/ˈhju.ɡoʊ/
5646	smack	As if with a smack or slap; smartly; sharply	/smæk/
5647	congratulate	To express one’s sympathetic pleasure or joy to the person…	/kənˈɡɹæd͡ʒ.ʊˌleɪt/
5648	anxiety	An unpleasant state of mental uneasiness, nervousness,…	/æŋˈzaɪ.əti/
5649	choking	The process in which a person's airway becomes blocked,…	/ˈt͡ʃoʊkɪŋ/
5650	tolerate	To allow or permit without explicit approval, usually if it…	/ˈtɑ.lə.ɹeɪt/
5651	mode	A particular means of accomplishing something	/moʊd/
5652	communications	Telecommunications, the science and technology of…	/kəˌmju.nɪˈkeɪ.ʃənz/
5653	welfare	Health, safety, happiness and prosperity; well-being in any…	/ˈwɛlˌfɛɚ/
5654	dice	The cubical part of a pedestal; a plinth	/daɪs/
5655	orphan	A person, especially a minor, both or one of whose parents…	/ˈɔɹfən/
5656	locks	Something used for fastening, which can only be opened with…	/lɑks/
5657	settlement	The act of settling	/ˈsɛ.təl.mənt/
5658	advertising	Communication whose purpose is to influence potential…	/ˈædvɚˌtaɪzɪŋ/
5659	uniforms	A distinctive outfit that serves to identify members of a…	/ˈjunɪfɔɹms/
5660	devoted	Vowed; dedicated; consecrated	/dɪˈvəʊtəd/
5661	shoots	The emerging stem and embryonic leaves of a new plant	/ʃuːts/
5662	principles	A fundamental assumption, fundamental law or guiding belief	/ˈpɹɪnsəpəlz/
5663	circuit	The act of moving or revolving around, or as in a circle or…	/ˈsɝ.kɪt/
5664	nickname	A familiar, invented name for a person or thing used…	/ˈnɪkneɪm/
5665	dot	A small, round spot	/dɑt/
5666	elderman	A male elder	/ˈɛldɚmən/
5667	scenario	An outline or model of an expected or supposed sequence of…	/sɪˈnɛəɹioʊ/
5668	choir	A group of people who sing together; a company of people…	/kwaɪɚ/
5669	stunt	A daring or dangerous feat, often involving the display of…	/stʌnt/
5670	smoked	To inhale and exhale the smoke from a burning cigarette or…	/smoʊkt/
5671	isolated	Placed or standing apart or alone; in isolation	/ˈaɪsəleɪtɪd/
5672	equally	In an equal manner; in equal shares or proportion; with…	/ˈiːkwəli/
5673	statements	A declaration or remark	/ˈsteɪt.mənts/
5674	gil	Initialism of global interpreter lock	/ˈɡɪl/
5675	shaw	The leaves and tops of vegetables, especially potatoes and…	/ʃɔ/
5676	lipstick	Makeup for the lips	/ˈlɪpˌstɪk/
5677	courtesy	Polite behavior	/ˈkɝɾəsi/
5678	hobby	An activity that one enjoys doing in one's spare time	/ˈhɑ.bi/
5679	hesitate	To stop or pause respecting decision or action; to be in…	/ˈhɛz.ə.teɪt/
5680	hatch	A horizontal door in a floor or ceiling	/hæt͡ʃ/
5681	phoned	To call using a telephone	/foʊnd/
5682	experiences	The effect upon the judgment or feelings produced by any…	/ɪkˈspɪɹ.i.ən.sɪz/
5683	popped	To make a pop, or sharp, quick sound	/ˈpɑːpt/
5684	quid	The inherent nature of something	/kwɪd/
5685	fragile	Easily broken, not sturdy; of delicate material	/ˈfɹæd͡ʒəl/
5686	husbands	A man in a marriage or marital relationship, especially in…	/ˈhʌzbəndz/
5687	fiction	Literary type using invented or imaginative writing,…	/ˈfɪkʃən/
5688	persuade	To successfully convince to agree to, accept, or do…	/pə(ɹ)ˈsweɪd/
5689	pastor	A minister or priest in a church	/ˈpæs.tɚ/
5690	dolls	A small figure resembling a human being that is used as a…	/ˈdɑːlz/
5691	pose	To place in an attitude or fixed position, for the sake of…	/poʊz/
5692	ji	Initialism of John Innes, a generic range of horticultural…	/ˈdʒaɪ/
5693	ming	A mixture	/mɪŋ/
5694	rupees	Any of the monetary currencies used in modern India,…	/ˈɹuːpiːz/
5695	tricked	To fool; to cause to believe something untrue; to deceive	/ˈtɹɪkt/
5696	ruins	The remains of a destroyed or dilapidated construction,…	/ˈɹu.ɪnz/
5697	sadly	In a sad manner; sorrowfully	/ˈsædli/
5698	owed	To be under an obligation to give something back to someone…	/oʊd/
5699	importantly	In an important manner	/ɪmˈpɔɹ.tənt.li/
5700	louie	Alternative form of looey	/ˈluːi/
5701	industrial	Of or relating to industry, notably manufacturing	/ɪnˈdʌs.tɹi.əl/
5702	musician	A composer, conductor, or performer of music; specifically,…	/mjuˈzɪʃən/
5703	labour	An effort expended on a particular task; toil, work	/ˈleɪ.bɚ/
5704	evolution	A manoeuvre of troops or ships	/ˌɛvəˈluʃ(ə)n/
5705	salute	An utterance or gesture expressing greeting or honor…	/səˈlut/
5706	ba	Used to indicate a tentative suggestion	/bɑ/
5707	cent	A subunit of currency equal to one-hundredth of the main…	/sɛnt/
5708	bartender	One who tends a bar or pub; a person preparing and serving…	/ˈbɑɹˌtɛndɚ/
5709	calendar	Any system by which time is divided into days, weeks,…	/ˈkæl.ən.dɚ/
5710	hal	A special temporary state of consciousness, generally…	/ˈhæl/
5711	miracles	An event that appears inexplicable by the laws of nature…	/ˈmɪɹəkəlz/
5712	balcony	An accessible structure extending from a building,…	/ˈbælkəni/
5713	horny	Hard or bony, like an animal's horn	/ˈhoɹni/
5714	regard	A steady look, a gaze	/ɹɪˈɡɑɹd/
5715	valerie	The psychotropic drug 1V-LSD	/ˈvæləɹi/
5716	fold	To bend over so that it comes in contact with itself	/foʊld/
5717	organs	The larger part of an organism, composed of tissues that…	/ˈɔɹ.ɡənz/
5718	nigel	Synonym of dweeb	/ˈnaɪd͡ʒəl/
5719	theo	The amount of a gambler's theoretical losses based on…	/ˈθiːoʊ/
5720	einstein	An extremely clever or intelligent person	/ˈaɪnstaɪn/
5721	suitable	Having sufficient or the required properties for a certain…	[ˈsju.tə.bɫ̩]
5722	inaudible	Unable to be heard or not loud enough to be heard	/ɪˈnɔːdᵻbəl/
5723	son-in-law	The husband of one's child	/ˈsʌnɪnˌlɔː/
5724	melody	A sequence of notes that makes up a musical phrase	/ˈmɛl.ə.di/
5725	movements	Physical motion between points in space	/ˈmuːv.mənts/
5726	differences	The quality of being different	/ˈdɪf(ə)ɹənsɪz/
5727	barbecue	A fireplace or pit for grilling food, typically used…	/ˈbɑɹbɪˌkju/
5728	trading	To engage in trade	/ˈtɹeɪdɪŋ/
5729	strongly	In a strong or powerful manner	/ˈstɹɔŋli/
5730	fluid	Any substance which can flow with relative ease, tends to…	/ˈflu.ɪd/
5731	scholarship	A grant-in-aid to a student	/ˈskɑːləɹʃɪp/
5732	translation	The conversion of text from one language to another	/tɹænzˈleɪʃən/
5733	cricket	An insect in the order Orthoptera, especially family…	/ˈkɹɪkɪt/
5734	shuttle	A tool used to carry the woof back and forth between the…	/ˈʃʌtəl/
5735	moans	A low, mournful cry of pain, sorrow or pleasure	/ˈmoʊnz/
5736	quicker	Moving with speed, rapidity or swiftness, or capable of…	/ˈkwɪkɚ/
5737	picks	A tool used for digging; a pickaxe	/pɪks/
5738	murderers	A person who commits murder	/ˈmɜːdɚɹɚz/
5739	videos	Transient visual content or media, processed with…	/ˈvɪdɪoʊz/
5740	initial	Chronologically first, early; of or pertaining to the…	/ɪˈnɪʃ.əl/
5741	perimeter	The sum of the distance of all the lengths of the sides of…	/pəˈɹɪm.ɪ.təɹ/
5742	questioned	To ask questions of; to interrogate; to ask for information	/ˈkwɛst͡ʃənd/
5743	yea	Yes, indeed	/jeɪ/
5744	cousins	Chiefly with a qualifying word: Any relation who is not a…	/ˈkʌz(ə)ns/
5745	divided	separated or split into pieces	/ˈdᵻvaɪdᵻd/
5746	linked	Connected, either with links, or as if with links	/lɪŋkt/
5747	laboratory	A room, building or institution equipped for scientific…	/ˈlæb(ə)ɹəˌtɔɹi/
5748	crab	Any crustacean of the infraorder Brachyura, having five…	/ˈkɹæb/
5749	pulls	An act of pulling	/pʊlz/
5750	landlord	A person that leases real property; a lessor	/ˈlæn(d).lɔɹd/
5751	reggie	Being regular marijuana, as opposed to good-quality…	/ˈɹɛdʒi/
5752	hostile	Not friendly; appropriate to an enemy; showing the…	/ˈhɑstəl/
5753	classified	Sorted into classes or categories	/ˈklæsəfaɪd/
5754	cultural	Pertaining to culture	/ˈkʌl.tʃ(ə.)ɹəl/
5755	measures	A limit that cannot be exceeded; a bound	/ˈmɛʒɚz/
5756	update	An additional piece of information, an addition to existing…	/ˈʌp.deɪt/
5757	cottage	A small house	/ˈkɒt.ɪd͡ʒ/
5758	backyard	A yard to the rear of a house or similar residence	/bækˈjɑːd/
5759	amateur	A person attached to a particular pursuit, study, science,…	/ˈæ.mə.t͡ʃɚ/
5760	chopper	A tool for chopping wood; an axe/ax	/ˈt͡ʃɑ.pɚ/
5761	rash	Acting too quickly without considering the consequences and…	/ɹæʃ/
5762	despair	To cause to despair	/dɪˈspɛɚ/
5763	honorable	Behaving in a manner that shows honor; decent, having…	/ˈɑn.ə.ɹəbl̩/
5764	shiny	Reflecting light	/ˈʃaɪ.ni/
5765	hawk	A diurnal predatory bird of the family Accipitridae,…	/ˈhoːk/
5766	shorts	A short circuit	/ʃɔː(ɹ)ts/
5767	ni	Initialism of noun inanimate	/ni/
5768	representative	Typical; having the same properties or interest as a larger…	/ˌɹɛpɹɪˈzɛnt(ət)ɪv/
5769	wong	To enter a betting game, particularly blackjack, when the…	/wɔŋ/
5770	pouring	The act by which something is poured	/ˈpɔːɹɪŋ/
5771	distress	Physical or emotional discomfort, suffering, or alarm,…	/dɪˈstɹɛs/
5772	tanner	A person whose occupation is to tan hides, or convert them…	/ˈtænɚ/
5773	telegram	A message transmitted by telegraph	/ˈtɛləˌɡɹæm/
5774	pimp	Five in Cumbrian and Welsh sheep counting	/pɪmp/
5775	dip	A lower section of a road or geological feature	/dɪp/
5776	trophy	An object, usually in the form of a statuette, cup, or…	/ˈtɹoʊfi/
5777	marilyn	A mountain or hill with a relative height of at least 150…	/ˈmæɹ.ɪ.lɪn/
5778	hallelujah	An exclamation used in songs of praise or thanksgiving to…	/ˌhæl.əˈl(j)uː.jə/
5779	neal	To temper by heat	/niːl/
5780	es	Pronunciation spelling of as	/ˈiːz/
5781	howdy	An informal greeting	/ˈhaʊdi/
5782	misses	A failure to physically hit	/ˈmɪsɪz/
5783	flush	Suddenly and completely	/ˈflʌʃ/
5784	magician	A person who plays with or practices allegedly supernatural…	/məˈd͡ʒɪʃən/
5785	dynamite	A class of explosives made from nitroglycerine in an…	/ˈdaɪ.nəˌmaɪt/
5786	conquer	To defeat in combat; to subjugate	/ˈkɑŋkɚ/
5787	unpleasant	Not pleasant	/ʌnˈplɛzn̩t/
5788	jealousy	A state of being jealous; a jealous attitude	/ˈd͡ʒɛl.ə.si/
5789	regrets	Emotional pain on account of something done or experienced…	/ˈɹᵻɡɹɛts/
5790	lifted	To raise or rise	/ˈlɪftɪd/
5791	increased	To become larger or greater, to greaten	/ɪnˈkɹiːst/
5792	toxic	Having a chemical nature that is harmful to health or…	/ˈtɒk.sɪk/
5793	broadway	The highest straight in poker, ace-king-queen-jack-ten	/ˈbɹɔːdweɪ/
5794	sakes	Cause, interest or account	/seɪks/
5795	pudding	Any of various dishes, sweet or savoury, prepared by…	/ˈpɵdɪŋ/
5796	rally	A public gathering or mass meeting that is not mainly a…	/ˈɹalɪj/
5797	needing	To have an absolute requirement for	/ˈniːdɪŋ/
5798	bloom	A blossom; the flower of a plant; an expanded bud	/blum/
5799	corporation	A body corporate, created by law or under authority of law,…	/ˌkɔɹ.pəˈɹeɪ.ʃən/
5800	buys	Something which is bought; a purchase	/baɪz/
5801	disorder	Absence of order; state of not being arranged in an orderly…	/dɪsˈɔɹdɚ/
5802	interrupting	To disturb or halt by interfering suddenly, especially by…	/ˌɪntɚˈɹʌptɪŋ/
5803	sadness	The state or emotion of being sad	/ˈsædnəs/
5804	cease	To stop	/sis/
5805	barnes	Obsolete form of barn	/ˈbɑːɹnz/
5806	scoundrel	A mean, worthless fellow; a rascal; a villain; a person…	/ˈskaʊ̯ndɹəl/
5807	sensible	Acting with or showing good sense; able to make good…	/ˈsɛn.sə.bəl/
5808	evans	plural of Evan	/ˈɛvənz/
5809	specialist	Specialised, involving detailed knowledge of a restricted…	/ˈspɛʃəlɪst/
5810	dragging	Resistance of a fluid to something moving through it	/ˈdɹæɡɪŋ/
5811	bribe	Something given in exchange for influence or as an…	/bɹaɪb/
5812	burke	To murder by suffocation	/bɜː(ɹ)k/
5813	bothers	Fuss, ado	/ˈbɑːðɚz/
5814	interrogation	The act of interrogating or questioning; an examination by…	/ɪnˌteɹ.əˈɡeɪ.ʃən/
5815	prescription	A written order from an authorized medical practitioner for…	/pɹəˈskɹɪp.ʃən/
5816	referring	The act by which somebody or something is referred; a…	/ˈɹᵻfɜːɹɪŋ/
5817	knives	A utensil or a tool designed for cutting, consisting of a…	/naɪvz/
5818	graduation	The action or process of graduating and receiving a diploma…	/ˌɡɹæd͡ʒuˈeɪʃən/
5819	t-shirt	A lightweight shirt without buttons, usually with short…	/ˈtiːʃɚt/
5820	liking	To enjoy, be pleased by; favor; be in favor of	/ˈlaɪkɪŋ/
5821	bubbles	Sparkling wine; champagne	/ˈbʌbəlz/
5822	grid	A rectangular array of squares or rectangles of equal size,…	/ɡɹɪd/
5823	haircut	The act of cutting of the hair, often done professionally…	/ˈhɛə(ɹ)kʌt/
5824	regardless	Without attention to warnings or indications of bad…	/ɹɪˈɡɑɹd.lɪs/
5825	lodge	A building for recreational use such as a hunting lodge or…	/lɑd͡ʒ/
5826	poisoning	To use poison to kill or paralyse	/ˈpɔɪzənɪŋ/
5827	feathers	A branching, hair-like structure that grows on the bodies…	/ˈfɛðɚz/
5828	edgar	An Edgar Allan Poe Award, honoring works in the mystery…	/ˈɛdɡɚ/
5829	software	Encoded computer instructions, usually modifiable	/ˈsɔf(t)ˌwɛɹ/
5830	marina	A harbour for small boats	/məˈɹinə/
5831	sophia	Archaic spelling of Safawi	/soʊˈfi.ə/
5832	queens	The wife, consort, or widow of a king	/kwiːnz/
5833	oak	A deciduous tree with distinctive deeply lobed leaves,…	/oʊk/
5834	trips	A journey; an excursion or jaunt	/tɹɪps/
5835	scaring	To frighten, terrify, startle, especially in a minor way	/ˈskɛɹ.ɪŋ/
5836	awhile	For some time; for a short time	/əˈwaɪl/
5837	sofa	An upholstered seat with a raised back and one or two…	/ˈsoʊ̯fə/
5838	conscious	Alert, awake; with one's mental faculties active	/ˈkɑn.ʃəs/
5839	swords	A long bladed weapon with a grip and typically a pommel and…	/sɔɹdz/
5840	instincts	A natural or inherent impulse or behaviour	/ˈɪn.stɪŋkts/
5841	deliberately	Intentionally, or after deliberation; not accidentally	/dɪˈlɪb.(ə.)ɹət.li/
5842	starve	To die because of lack of food or of not eating	/stɑɹv/
5843	venus	Any depiction of an idealized or erotic figure of a nude…	/ˈvinəs/
5844	olive	A tree of species Olea europaea cultivated since ancient…	/ˈɑ.lɪv/
5845	maniac	An insane person, especially one who suffers from a mania	/ˈmeɪ.niˌæk/
5846	psychological	Of or pertaining to psychology	/ˌsaɪ.kəˈlɑː.d͡ʒɪ.kl̩/
5847	soo	Elongated form of so	/ˈsuː/
5848	belle	An attractive woman	/bɛl/
5849	landscape	A portion of land or territory as defined by its landform,…	/ˈlan(d)skeɪp/
5850	straw	A dried stalk of a cereal plant	/stɹɔ/
5851	dam	A structure placed across a flowing body of water to stop…	/ˈdæm/
5852	mandy	The drug MDMA	/ˈmændi/
5853	accuse	To find fault with, blame, censure	/əˈkjuz/
5854	rehab	Rehabilitation, especially to treat the use of recreational…	/ˈɹiːhæb/
5855	switzerland	A neutral party in a dispute; one who does not take sides	/ˈswɪtsɚlənd/
5856	agenda	A temporally organized plan for matters to be attended to	/əˈd͡ʒɛn.də/
5857	glue	A hard gelatin made by boiling bones and hides, used in…	/ɡlu/
5858	salesman	A man whose job it is to sell things, either in a shop /…	/ˈseɪlzmən/
5859	diner	Someone who dines	/ˈdaɪ̯nɚ/
5860	projects	A planned endeavor, usually with a specific goal and…	/pɹəˈd͡ʒɛkts/
5861	floors	The interior bottom or surface of a house or building; the…	/ˈflɔːɹz/
5862	mainly	Of a person or thing being the driving force influencing…	/ˈmeɪnli/
5863	biological	Of or relating to biology	/ˌbaɪ.əˈlɑ.d͡ʒɪ.kəl/
5864	sincere	Genuine, honest, and free from pretense or deceit; heartfelt	/sɪnˈsɪɹ/
5865	weigh	To determine the weight of an object	/weɪ/
5866	pad	A flattened mass of anything soft, to sit or lie on	/ˌpi.eɪˈdi/
5867	swiss	Of, from, or pertaining to Switzerland or the Swiss people	/swɪs/
5868	cue	An action or event that is a signal for somebody to do…	/kju/
5869	witches	A person who uses magical or similar supernatural powers to…	/ˈwɪtʃᵻz/
5870	opposed	Acting in opposition; opposing	/əˈpoʊzd/
5871	brand-new	Alternative form of brand new	/ˈbɹændˈnuː/
5872	tourists	Someone who travels for pleasure rather than for business;…	/ˈtʊɹɹɪsts/
5873	sneaking	The act of one who sneaks	/ˈsniːkɪŋ/
5874	spying	To act as a spy	/ˈspaɪ.ɪŋ/
5875	sketch	To make a brief, basic drawing	/ˈskɛt͡ʃ/
5876	parliament	In many countries, the legislative branch of government, a…	/ˈpɑɹləmənt/
5877	behold	To look at or see, especially appreciatively; to descry, to…	/bɪˈhoʊld/
5878	blamed	To assert or consider that someone is the cause of…	/bleɪmd/
5879	topic	topical	/ˈtɑpɪk/
5880	offices	A ceremonial duty or service, particularly	/ˈɔ.fɪ.sɪz/
5881	sacrificed	To offer to a deity	/ˈsæk.ɹɪˌfaɪst/
5882	loop	A length of thread, line or rope that is doubled over to…	/luːp/
5883	drivers	One who drives something	/ˈdɹaɪvɚz/
5884	battles	A contest, a struggle	/ˈbætl̩z/
5885	blond	Of a bleached or pale golden colour	/blɑnd/
5886	plead	To present, especially in a legal case	/pliːd/
5887	races	A contest between people, animals, vehicles, etc. where the…	/ˈɹeɪsɪz/
5888	tanya	Alternative form of tania	/ˈtænjə/
5889	salmon	One of several species of fish, typically of the Salmoninae…	/ˈsæmən/
5890	bizarre	Strangely unconventional; highly unusual and different from…	/bɪˈzɑː(ɹ)/
5891	isabel	Synonym of isabella	/ˈɪzəˌbɛl/
5892	wig	A head of real or synthetic hair worn on the head to…	/wɪɡ/
5893	reaches	The act of stretching or extending; extension	/ˈɹiːt͡ʃɪz/
5894	heights	A neighborhood or other development built on a hill or…	/haɪts/
5895	possibilities	The quality of being possible	/ˌpɑ.səˈbɪl.ə.tiz/
5896	wax	Beeswax	/waks/
5897	travels	The act of traveling; passage from place to place	/ˈtɹævəlz/
5898	confidential	Kept, or meant to be kept, secret within a certain circle…	/ˌkɑn.fɪˈdɛn.ʃəl/
5899	pursuit	The act of pursuing	/pɝˈsut/
5900	herd	A number of domestic animals assembled together under the…	/hɝd/
5901	scissors	A tool used for cutting thin material, consisting of two…	/ˈsɪzɚz/
5902	cd	a type of giant elliptical galaxy	/ˌsiːˈdiː/
5903	spies	A person who secretly watches and examines the actions of…	/spaɪz/
5904	exams	Clipping of examination, especially when meaning “test” or…	/ɛɡˈzæmz/
5905	invention	Something invented	/ɪnˈvɛnʃən/
5906	explaining	To make plain, manifest, or intelligible; to clear of…	/ɛksˈpleɪnɪŋ/
5907	replacement	A person or thing that takes the place of another; a…	/ɹɪˈpleɪsmənt/
5908	bombing	To attack using one or more bombs; to bombard	/ˈbɒmɪŋ/
5909	springs	An act of springing: a leap, a jump	/spɹɪŋz/
5910	kicks	A hit or strike with the leg, foot or knee	/kɪks/
5911	integrity	Steadfast adherence to a strict moral or ethical code	/ɪnˈtɛɡɹəti/
5912	dash	Any of the following symbols: ‒, –, —, or ―	/ˈdɛəʃ/
5913	senate	In some bicameral legislative systems, the upper house or…	/ˈsɛnət/
5914	mentally	In a mental manner; an idea thought out in one's mind, as…	/ˈmɛntəli/
5915	flee	To run away; to escape	/ˈfliː/
5916	gangster	A member of a criminal or street gang	/ˈɡæŋ.stəː/
5917	beautifully	In a beautiful manner	/ˈbju.tɪ.fə.li/
5918	roberts	plural of Robert	/ˈɹɑːbɚts/
5919	slim	Slender in an attractive way	/ˈslɪm/
5920	choosing	To pick; to make the choice of; to select	/ˈt͡ʃuːzɪŋ/
5921	promising	To commit to, or to assure of such commitment; to make an…	/ˈpɹɑmɪsɪŋ/
5922	objective	Of or relating to a material object, actual existence or…	/əbˈd͡ʒɛk.tɪv/
5923	altogether	Completely, wholly, or without exception	/ɔl.tuˈɡɛð.ɚ/
5924	attract	To pull toward without touching	/əˈtɹækt/
5925	prep	Preparation	/pɹɛp/
5926	neighbours	A person living on adjacent or nearby land; a person…	/ˈneɪbɚz/
5927	nailed	Having nails	/neɪld/
5928	briefcase	A case used for carrying documents, especially for business	/ˈbɹiːfˌkeɪs/
5929	buzzer	One who, or that which, buzzes; an insect that buzzes	/ˈbʌzɚ/
5930	quitting	To leave	/ˈkwɪɾɪŋ/
5931	puppet	Any small model of a person or animal able to be moved by…	/ˈpʌpɪt/
5932	restore	To reestablish, or bring back into existence	/ɹɪˈstoɹ/
5933	dozens	A set of twelve	/ˈdʌzənz/
5934	betting	To stake or pledge upon the outcome of an event; to wager	[ˈbɛɾɪŋ]
5935	pancakes	An thin batter cake similar to a crepe, typically unleavened	/ˈpænkeɪks/
5936	corridor	A narrow hall or passage with rooms leading off it, as in a…	/ˈkoɹəˌdoɹ/
5937	embarrass	To disrupt someone's composure or comfort with acting…	/ɪmˈbæɹəs/
5938	visits	A single act of visiting	/ˈvɪzɪts/
5939	database	A collection of organized information in a regular…	/ˈdætəˌbeɪs/
5940	achieved	Having been reached, attained or accomplished	/əˈt͡ʃiːvd/
5941	sucking	To use the mouth and lips to pull in	/ˈsʌkɪŋ/
5942	encourage	To mentally support; to motivate, give courage, hope or…	/ɪnˈkʌɹ.ɪd͡ʒ/
5943	grades	A rating	/ɡɹeɪdz/
5944	gps	Ellipsis of GPS receiver	/d͡ʒiˈpi.es/
5945	barks	The short, loud, explosive sound uttered by a dog, a fox,…	/ˈbɑːɹks/
5946	patterns	Something from which a copy is made; a model or outline	/ˈpætɚnz/
5947	relevant	Related, connected, or pertinent to a topic	/ˈɹɛləvənt/
5948	mafia	A hierarchically structured secret organisation engaged in…	/ˈmɑfi.ə/
5949	hudson	An automobile manufactured by the Hudson Motor Company	/ˈhʌd.sən/
5950	expense	A spending or consuming, often a disbursement of funds	/ɪkˈspɛns/
5951	intact	Left complete or whole; not touched, defiled, sullied, or…	/ɪnˈtækt/
5952	occasionally	On occasion: at relatively infrequent intervals, from time…	/əˈkeɪʒənəli/
5953	kiddo	A close friend; especially used as a form of address	/ˈkɪdoʊ/
5954	heartbeat	One pulsation of the heart; especially an irregular one,…	/ˈhɑɹtˌbit/
5955	identical	Bearing full likeness by having precisely the same set of…	/ɪˈdɛntɪkl̩/
5956	cigar	A cylinder of tobacco rolled and wrapped with an outer…	/sɪˈɡɑɹ/
5957	billions	a thousand million: 1 followed by nine zeros, 10⁹	/ˈbɪljənz/
5958	alec	An anchovy or herring, especially pickled or dried	/ˈælɪk/
5959	gained	To acquire possession of	/ɡeɪnd/
5960	classical	Of or relating to the first class or rank, especially in…	/ˈklæsɪkəl/
5961	noodles	Redstone circuitry	/ˈnuːd(ə)lz/
5962	consistent	Of a regularly occurring, dependable nature	/kənˈsɪs.tənt/
5963	clip	To grip tightly	/klɪp/
5964	resign	To give up; to relinquish ownership of	/ɹɪˈzaɪn/
5965	insects	An arthropod characterized by six legs, up to four wings,…	/ˈɪnsɛkts/
5966	failing	If what follows is not possible; without	/ˈfeɪ.lɪŋ/
5967	organic	Pertaining to or derived from living organisms	/oɹˈɡænɪk/
5968	seize	To deliberately take hold of; to grab or capture	/ˈsiːz/
5969	charging	To assign a duty or responsibility to; to order	/ˈt͡ʃɑɹd͡ʒɪŋ/
5970	mug	A large cup for beverages, usually having a handle and used…	/mʌɡ/
5971	iris	A plant of the genus Iris, common in the northern…	/ˈaɪ.ɹɪs/
5972	crow	A bird, usually black, of the genus Corvus, having a strong…	/kɹoʊ/
5973	fountain	A natural source of water; a spring	[ˈfaʊn.tn̩]
5974	observation	The act of observing, and the fact of being observed	/ˌɑbzɚˈveɪʃn̩/
5975	abortion	A spontaneous abortion; a miscarriage	/əˈbɔɹ.ʃn̩/
5976	railroad	A permanent track consisting of fixed metal rails to drive…	/ˈɹeɪlɹoʊd/
5977	straighten	To cause to become straight	/ˈstɹeɪtn̩/
5978	legitimate	In accordance with the law or established legal forms and…	/lɪˈd͡ʒɪt.ɪ.mət/
5979	sting	A bump left on the skin after having been stung	/ˈstɪŋ/
5980	youngest	In the early part of growth or life; born not long ago	/ˈjʌŋ.ɡɪst/
5981	fork	To have sexual intercourse; to copulate	/fɔɹk/
5982	du	Initialism of depleted uranium	/ˈduː/
5983	ciao	Hello, hi	/t͡ʃaʊ/
5984	coroner	A public official who presides over an inquest into…	/ˈkɔɹ.ə.nɚ/
5985	marching	To walk with long, regular strides, as a soldier does	/ˈmɑɹt͡ʃɪŋ/
5986	touches	An act of touching, especially with the hand or finger	/ˈtʌt͡ʃɪz/
5987	jade	A semiprecious stone, either nephrite or jadeite, generally…	/d͡ʒeɪd/
5988	feared	To be afraid of; to consider or expect with alarm	/fɪɹd/
5989	griffin	A mythical creature with the body of a lion and head and…	/ˈɡɹɪf.ɪn/
5990	expedition	A military journey; an enterprise against some enemy or…	/ɛkspəˈdɪʃən/
5991	forcing	To make someone or something do something, often regardless…	/ˈfɔɹ.sɪŋ/
5992	neighbour	A person living on adjacent or nearby land; a person…	/ˈneɪbɚ/
5993	digital	Having to do with digits; especially, performed with a…	/ˈdɪd͡ʒɪtl̩/
5994	deeds	An action or act; something that is done	/diːdz/
5995	bernie	A Bernese mountain dog	/ˈbɝni/
5996	attic	The space, often unfinished and with sloped walls, directly…	/ˈætɪk/
5997	jr	A title used after a son's name when his father has the…	/ˌdʒeɪˈɑːɹ/
5998	whores	Synonym of prostitute: a person who offers sexual services…	/ˈhɔːɹz/
5999	sentimental	Characterized by sentiment, sentimentality or excess…	/ˌsɛntiˈmɛntl̩/
6000	cooler	Of a mildly low temperature	/ˈku.lɚ/
6001	feds	A federal government officer or official	/fɛdz/
6002	reese	Synonym of peanut butter cup	/ˈɹiːs/
6003	plea	An appeal, petition, urgent prayer or entreaty	/pliː/
6004	polly	A prefect at Uppingham School in Rutland, England	/ˈpɑːli/
6005	metres	The basic unit of length in the International System of…	/ˈmiːɾɚz/
6006	harmony	Agreement or accord	/ˈhɑ̟ɹ.mə.ni/
6007	difficulty	The state of being difficult, or hard to do	/ˈdɪfɪkəlti/
6008	bands	A strip of material wrapped around things to hold them…	/bændz/
6009	dried	To lose moisture	/dɹaɪd/
6010	aunty	Alternative spelling of auntie	/ˈænti/
6011	maker	Someone who makes; a person or thing that makes or produces…	/ˈmeɪk.ɚ/
6012	supporting	To help keep from falling	/səˈpɔɹtɪŋ/
6013	brake	A device used to slow or stop the motion of a wheel, or of…	/bɹeɪk/
6014	girlfriends	A female partner in an unmarried romantic relationship	/ˈɡɜːlfɹɛndz/
6015	features	To ascribe the greatest importance to something within a…	/ˈfit͡ʃɚz/
6016	photography	The art and technology of producing images on…	/fəˈtɑ.ɡɹə.fi/
6017	vengeance	Revenge taken for an insult, injury, or other wrong	/ˈvɛnˌd͡ʒəns/
6018	inappropriate	Not appropriate; not suitable for the situation, time, or…	/ˌɪnəˈpɹoʊpɹi.ət/
6019	vacuum	A region of space that contains no matter	/ˈvæ.kjuːm/
6020	throws	The act of throwing something	/θɹoʊz/
6021	kane	A Polynesian or Maori man	/ˈkeɪn/
6022	residents	A person, animal or plant living at a certain location or…	/ˈɹɛzədɪnts/
6023	endure	To continue or carry on, despite obstacles or hardships; to…	/ɪnˈd(j)ʊɹ/
6024	substance	Physical matter; material	/ˈsʌbstəns/
6025	corrupt	Willing to act dishonestly for personal gain; accepting…	/kəˈɹʌpt/
6026	potter	One who makes pots and other ceramic wares	/ˈpɑtɚ/
6027	investigator	One who investigates	/ɪnˈvɛs.tɪˌɡeɪ̯.təː/
6028	thread	A cord formed by spinning or twisting together textile…	/ˈθɹɛd/
6029	'it	Pronunciation spelling of hit, in the senses "punch",…	
6030	priests	A religious clergyman who is trained to perform services or…	/ˈpɹiːsts/
6031	gap	An opening in anything, made by breaking or parting	/ˈɡæp/
6032	whining	To utter a high-pitched cry	/ˈwaɪnɪŋ/
6033	scarf	A long, often knitted, garment worn around the neck	/skɑɹf/
6034	institution	A long-established organization or type of organization,…	/ˌɪn.stɪˈtu.ʃən/
6035	immortal	Not susceptible to death; living forever; never dying	/ɪˈmɔɹtəl/
6036	marsh	An area of low, wet land, often with tall grass or…	/mɑɹʃ/
6037	chapel	A place of worship, smaller than or subordinate to a church	/ˈtʃæpəl/
6038	desperately	In a desperate manner; without regard to danger or safety;…	/ˈdɛs.p(ə.)ɹət.li/
6039	accidents	An unexpected event with negative consequences occurring…	/ˈæksɪdənts/
6040	alcoholic	A person who is addicted to alcohol	/ˌæl.kəˈhɔ.lɪk/
6041	fabric	The physical material of a building	/ˈfæb.ɹɪk/
6042	nazis	One who advocates neo-Nazism, or a similarly fascist,…	/ˈnɑːtsɪz/
6043	railway	A transport system using rails used to move passengers or…	/ˈɹeɪlˌweɪ/
6044	sal	Shorea robusta, a dipterocarpaceous tree	/sæl/
6045	dame	Usually capitalized as Dame: a title equivalent to Sir for…	/deɪm/
6046	rebels	A person who resists an established authority, often…	/ˈɹɛbl̩z/
6047	custom	Frequent repetition of the same behavior; way of behavior…	/ˈkʌstəm/
6048	pension	An annuity paid regularly as benefit due to a retired…	/ˈpɛnʃən/
6049	cans	A container or vessel, especially for liquids, usually made…	/ˈkænz/
6050	possess	To have as, or as if as, an owner; to have, to own	/pəˈzɛs/
6051	kira	An ankle-length dress traditionally worn by women in Bhutan	/ˈkiəɹə/
6052	poster	A picture of a celebrity, an event etc., intended to be…	/ˈpoʊstɚ/
6053	developing	In the process of development	/dɪˈvɛl.ə.pɪŋ/
6054	addict	A person who is addicted, especially to a harmful drug	/ˈæd.ɪkt/
6055	feature	A component that draws attention or interest	/ˈfi.t͡ʃɚ/
6056	cope	To deal effectively with something, especially if difficult	/ˈkoʊp/
6057	lords	One possessing similar mastery over others; any feudal…	/lɔɹdz/
6058	delightful	Pleasant; pleasing, bringing enjoyment, satisfaction, or…	/dəˈlaɪt.fl̩/
6059	wrestling	A sport where two opponents attempt to subdue each other in…	/ˈɹɛs.l̩.ɪŋ/
6060	rio	A grade of Spanish saffron, in quality below mancha and…	/ˈɹiːoʊ/
6061	reduce	To bring down the size, quantity, quality, value or…	/ɹɪˈd(j)us/
6062	rescued	To save from any violence, danger or evil	/ˈɹɛs.kjuːd/
6063	peg	A cylindrical wooden or metal object used to fasten or as a…	/ˈpɛɡ/
6064	mercedes	Clipping of Mercedes-Benz	/mɚˈseɪdiz/
6065	guaranteed	To give an assurance that something will be done right	/ˌɡæ.ɹənˈtiːd/
6066	emotionally	In an emotional manner; displaying emotion	/ɪˈmoʊʃənəli/
6067	accountant	One who renders account; one accountable	/əˈkaʊn.tənt/
6068	theories	A description of an event or system that is considered to…	/ˈθiːəɹiz/
6069	tumor	An abnormal growth; differential diagnosis includes…	/tuː.məɹ/
6070	automatic	Capable of operating without external control or…	/ˌɔː.təˈmæt.ɪk/
6071	amusing	Entertaining	/əˈmjuːzɪŋ/
6072	unnecessary	Not needed or necessary	/ʌnˈnɛs.ə.ɹɪ/
6073	voting	To cast a vote; to assert a formalized choice in an election	/ˈvoʊtɪŋ/
6074	buster	Someone who or something that bursts, breaks, or destroys a…	/ˈbʌstɚ/
6075	stadium	A venue where sporting events are held	/ˈsteɪ.di.əm/
6076	visible	Able to be seen	/ˈvɪzɪb(ə)l/
6077	easter	Situated or lying in or towards the east; eastward	/ˈi.stəɹ/
6078	jeep	A vehicle suitable for rough terrain	/d͡ʒiːp/
6079	dj	To act as a DJ; to play, cut and mix/blend recorded music	/ˈdi(ː)(.)d͡ʒeɪ/
6080	les	Pronunciation spelling of let's	/lɛz/
6081	tracked	To observe the state of a person or object over time	/ˈtɹækt/
6082	ignorant	Unknowledgeable or uneducated; characterized by ignorance	/ˈɪɡ.nə.ɹənt/
6083	pledge	To make a solemn promise	/plɛd͡ʒ/
6084	deserted	To leave, especially when contrary to a promise or…	/dəˈzɜɹtəd/
6085	rum	A spirit distilled from various preparations of sugarcane,…	/ɹʌm/
6086	fisher	A person who catches fish, especially for a living or for…	/ˈfɪʃɚ/
6087	wheelchair	A chair mounted on large wheels for the transportation or…	/ˈ(h)wilt͡ʃɛɹ/
6088	salvation	The process of being saved, the state of having been saved	/sælˈveɪ.ʃn̩/
6089	wonders	A sense of awe, astonishment and curiosity, inspired by…	/ˈwʌndɚz/
6090	clattering	In a state or process of being clattered	/ˈklæɾɚɹɪŋ/
6091	maintenance	Actions performed to keep some machine or system…	/ˈmeɪnt(ə)nəns/
6092	tobacco	Any plant of the genus Nicotiana	/təˈbækoʊ/
6093	underwater	So as to go beneath the surface of the water	/ʌndɚˈwɔtəɹ/
6094	divide	To split or separate into two or more parts	/dɪˈvaɪd/
6095	slightest	Minor; small in amount	/ˈslaɪtɪst/
6096	discount	To sell at a reduced price	/dɪˈskaʊnt/
6097	yoga	Any of several Hindu or Buddhist disciplines aimed at…	/ˈjoʊ.ɡə/
6098	vagina	A sex organ for copulation and birth, found in female…	/vəˈdʒaɪ.nə/
6099	rushing	To hurry; to perform a task with great haste, often not…	/ˈɹʌʃɪŋ/
6100	modest	Not bragging or boasting about oneself or one's…	/ˈmɑdəst/
6101	make-up	Made-up, false, imaginary, fabricated	/ˌmeɪˈkʌp/
6102	reduced	Made smaller or less; having undergone reduction	/ɹɪˈdust/
6103	whisper	The act of speaking in a quiet voice, especially without…	/ˈ(h)wɪspɚ/
6104	pressing	To exert weight or force against, to act upon with force or…	/ˈpɹɛsɪŋ/
6105	tops	At the very most; as a maximum	/tɑps/
6106	variety	A deviation or difference	/vəˈɹaɪ.ə.ti/
6107	ignored	To deliberately not listen or pay attention to	/ɪɡˈnoɹd/
6108	writers	A person who writes, or produces literary work; an author…	/ˈɹaɪtɚz/
6109	grain	The harvested seeds of various grass food crops, especially…	/ɡɹeɪn/
6110	essentially	In essence: by nature	/ɪˈsɛnʃəli/
6111	archie	Anti-aircraft artillery	/ˈɑɹt͡ʃi/
6112	individuals	A person considered alone, rather than as belonging to a…	/ˌɪndɪˈvɪd͡ʒuəlz/
6113	subtle	Of an action or movement: very delicate or slight, and thus…	/ˈsʌtəl/
6114	interviews	Any face-to-face meeting, especially of an official or…	/ˈɪntɚˌvjuːz/
6115	pinky	Pinkish	/ˈpɪŋki/
6116	cord	A long, thin, flexible length of twisted yarns of fibre	/ˈkoɹd/
6117	sites	The place where anything is fixed; situation; local position	/saɪts/
6118	maddie	A mad person	/ˈmædi/
6119	issued	To flow out, to proceed from, to come out or from	/ˈɪʃud/
6120	lasted	To endure, continue over time	/ˈlæstɪd/
6121	explosive	Able to, or likely to, explode	/ɛkˈsploʊsɪv/
6122	origin	The beginning of something	/ˈoɹ.ɪ.d͡ʒɪn/
6123	unto	Up to the time or degree that; until	/ˈʌntə/
6124	rogue	A scoundrel, rascal or unprincipled, deceitful, and…	/ˈɹoʊɡ/
6125	x-ray	A ray of short-wavelength electromagnetic radiation usually…	/ˈɛks ˌɹeɪ/
6126	superintendent	A person who is authorized to supervise, direct or…	/ˌsjuːpəɹɪnˈtɛndənt/
6127	cody	Alternative form of coady	/ˈkoʊdi/
6128	jacques	Alternative form of jakes: a place to urinate or defecate,…	/ˈʒæk/
6129	ol	Open line	/ˈɑːl/
6130	challenges	An antagonization or instigation intended to convince a…	/ˈt͡ʃæl.ɪn.d͡ʒɪz/
6131	corruption	The act of corrupting or of impairing integrity, virtue, or…	/kəˈɹʌpʃən/
6132	shutter	One who shuts or closes something	/ˈʃʌtəː/
6133	erase	To remove	/ɪˈɹeɪs/
6134	ski	One of a pair of long flat runners designed for gliding…	/ʃiː/
6135	forensics	The study of formal debate; rhetoric	/fəˈɹɛn.zɪks/
6136	flavor	The quality produced by the sensation of taste or,…	/ˈfleɪvɚ/
6137	fastest	Firm against attack; fortified by nature or art;…	/ˈfæstɪst/
6138	vet	A veterinarian or veterinary surgeon	/vɛt/
6139	civilians	Synonym of civvies	/sɪˈvɪl.jənz/
6140	lobster	A crustacean of the Nephropidae family, dark green or…	/ˈlɑb.stɚ/
6141	housing	To keep within a structure or container	/ˈhaʊzɪŋ/
6142	canal	An artificial waterway or artificially improved river used…	/kəˈnɛl/
6143	robots	An intelligent mechanical being designed to look like a…	/ˈɹoʊbɑːts/
6144	shade	Darkness where light, particularly sunlight, is blocked	/ʃeɪd/
6145	ambitious	Having or showing ambition; wanting a lot of power, honor,…	/æmˈbɪʃ.əs/
6146	orchestra	A large group of musicians who play together on various…	/ˈoɹ.kɪs.tɹə/
6147	succeeded	To follow something in sequence or time	/səkˈsiːdɪd/
6148	guidance	The act or process of guiding	/ˈɡaɪdəns/
6149	hence	In the future from now	/ˈhɛns/
6150	inevitable	Impossible to avoid or prevent	/ɪˈnɛvɪtəbəl/
6151	tick	A tiny woodland arachnid of the suborder Ixodida	/ˈtɪk/
6152	rival	A competitor with the same goal as another, or striving to…	/ˈɹaɪvəl/
6153	refuses	To decline	/ˈɹᵻfjuːzᵻz/
6154	fiancé	A man who is engaged to be married; the man to whom one is…	/fiˈɑnseɪ/
6155	purchase	The acquisition of title to, or property in, anything for a…	/ˈpɜɹ.tʃəs/
6156	wander	To move without purpose or specified destination; often in…	/ˈwɑndɚ/
6157	hanged	To be or remain suspended	/ˈhæŋd/
6158	napoleon	A person resembling Napoleon Bonaparte, in having come to…	/nəˈpoʊli.ən/
6159	elite	Of high birth or social position; aristocratic or patrician	/ɪˈlit/
6160	craft	Ability, skillfulness, especially skill in making plans and…	/ˈkɹæft/
6161	cult	The veneration, devotion, and religious rites given to a…	/kʌlt/
6162	whisky	Alternative form of whiskey, an alcoholic liquor distilled…	/ˈwɪski/
6163	profits	Total income or cash flow minus expenditures. The money or…	/ˈpɹɑfɪts/
6164	shelf	A flat, rigid structure, fixed at right angles to a wall or…	/ʃɛlf/
6165	kai	Food	/ˈkaɪ/
6166	allowing	To let one have as a suitable share of something	/əˈlaʊɪŋ/
6167	chart	A map illustrating the geography of a specific phenomenon	/t͡ʃɑɹt/
6168	accusing	Accusatory	/əˈkjuːzɪŋ/
6169	buzzes	A continuous humming noise, as of bees; a confused murmur,…	/ˈbʌzɪz/
6170	weekends	At weekends	/ˈwiːkɛndz/
6171	humiliated	deprived of dignity or self-respect	/hjuːˈmɪlɪˌeɪɾᵻd/
6172	fiancée	A woman who is engaged to be married; the woman to whom one…	/fiˈɑn.seɪ/
6173	hissing	that produces or is accompanied with a hiss	/ˈhɪsɪŋ/
6174	treats	To negotiate, discuss terms, bargain	/ˈtɹiːts/
6175	granddaughter	The daughter of someone's child	/ˈɡɹændɔːɾɚ/
6176	serena	Obsolete form of serene	/sɚˈɹiːnə/
6177	submit	To yield or give way to another	/səbˈmɪt/
6178	supervisor	A person with the official task of overseeing the work of a…	/ˈsupɚˌvaɪzɚ/
6179	sniffing	A sniff sound or action	/ˈsnɪfɪŋ/
6180	resident	A person, animal or plant living at a certain location or…	/ˈɹɛzɪdənt/
6181	tearing	To rend by holding or restraining in two places and pulling…	/ˈtɛɹ.ɪŋ/
6182	obliged	Under an obligation to do something	/əˈblaɪd͡ʒd/
6183	opportunities	A chance for advancement, progress or profit	/ˌɑ.pɚˈtu.nə.tiz/
6184	knights	An armored and mounted warrior of the Middle Ages	/naɪts/
6185	hangs	To be or remain suspended	/ˈhæŋz/
6186	stew	A dish cooked by stewing	/stu/
6187	counted	To recite numbers in sequence	/ˈkaʊnɪd/
6188	instruments	A device used to produce music	/ˈɪnstɹəmənts/
6189	triumph	A conclusive success following an effort, conflict, or…	/ˈtɹaɪ̯əmf/
6190	nun	Pronunciation spelling of nothing	/nʌn/
6191	frequency	The rate of occurrence of anything; the relationship…	/ˈfɹiːkwənsi/
6192	resume	To start again that has been stopped or paused from the…	/ˈɹɛz.ə.meɪ/
6193	marines	A soldier, normally a member of a marine corps, trained to…	/mɚˈɹiːnz/
6194	distract	To divert the attention of	/dɪˈstɹækt/
6195	satisfaction	A fulfilment of a need or desire	/sætɪsˈfækʃən/
6196	historical	Of, concerning, or in accordance with recorded history, as…	/hɪˈstɔɹɪkəl/
6197	creates	To bring into existence	/kɹiːˈeɪts/
6198	costumes	A style of dress, including garments, accessories and…	/ˈkɔstuːmz/
6199	swedish	Of or pertaining to Sweden	/ˈswiː.dɪʃ/
6200	lizzie	Alternative form of lezzie	/ˈlɪzi/
6201	depending	Suspended or hanging from another element, such as a…	/dɪˈpɛn.dɪŋ/
6202	sour	Tasting of acidity	/ˈsaʊ.ɚ/
6203	spark	A small particle of glowing matter, either molten or on…	/ˈspɑɹk/
6204	freely	In a free manner	/ˈfɹili/
6205	freaks	Someone or something that is markedly unusual or…	/fɹiːks/
6206	shan	unfair, harsh	/ʃɑn/
6207	globe	The eyeball	/ɡloʊb/
6208	peak	A point; the sharp end or top of anything that terminates…	/piːk/
6209	sentenced	To declare a sentence on a convicted person; to condemn to…	/ˈsɛntənst/
6210	fierce	Extremely; very	/fɪɹs/
6211	scam	A fraudulent or dishonest deal. A swindle	/ˈskæm/
6212	hollow	Completely, as part of the phrase beat hollow or beat all…	/ˈhɑloʊ/
6213	hoo	she	/huː/
6214	concentration	The act, process or ability of concentrating; the process…	/ˌkɑn.sənˈtɹeɪ.ʃən/
6215	presume	To be so presumptuous as without proper authority or…	/pɹɪˈz(j)um/
6216	invest	To spend money, time, or energy on something, especially…	/ɪnˈvɛst/
6217	radical	Of or pertaining to the root of a plant	/ˈɹadɪkəl/
6218	protective	Serving or intended to protect	/pɹəˈtɛk.tɪv/
6219	smiles	A facial expression comprised by flexing the muscles of…	/smaɪlz/
6220	stunning	Having an effect that stuns	/ˈstʌnɪŋ/
6221	frustrated	Foiled, stopped, disappointed	/ˈfʌs.tɹeɪ.tɪd/
6222	suspenseful	Inducing suspense	/səsˈpɛnsfəl/
6223	breed	To produce offspring sexually; to bear young	/ˈbɹiːd/
6224	adore	To worship	/əˈdoɹ/
6225	controlling	To exercise influence over; to suggest or dictate the…	/kənˈtɹoʊlɪŋ/
6226	pasta	Dough made from wheat and water and sometimes mixed with…	/ˈpɑ.stə/
6227	precinct	An enclosed space having defined limits, normally marked by…	/ˈpɹisɪŋkt/
6228	swallowed	To cause to pass from the mouth into the stomach; to take…	/ˈswɑl.oʊd/
6229	execute	To kill, especially as punishment for a capital crime	/ˈɛksɪˌkjuːt/
6230	towels	A cloth used for wiping, especially one used for drying…	/ˈtaʊəlz/
6231	architect	A professional who designs buildings or other structures,…	/ˈɑɹ.kɪˌtɛkt/
6232	delta	A landform at the mouth of a river where it empties into a…	/ˈdɛltə/
6233	honks	The harsh note produced by a typical car horn	/ˈhɔŋks/
6234	whoo-hoo	Alternative form of woohoo	/ˈwuːˈhuː/
6235	preserve	A sweet spread made of any of a variety of fruits	/pɹəˈzɝv/
6236	dose	A measured portion of medicine taken at any one time	/ˈdoʊ̯s/
6237	stove	A heater, a closed apparatus to burn fuel for the warming…	/stoʊv/
6238	codes	A short textual designation, often with little relation to…	/koʊdz/
6239	instantly	At once; without delay	/ˈɪnstəntli/
6240	bugger	Someone who commits buggery; a sodomite	/ˈbʌɡəɹ/
6241	yoon	Clipping of unionist	/ˈjuːn/
6242	doo	feces, particularly that of a dog	/du/
6243	haul	To transport by drawing or pulling, as with horses or oxen,…	/hɑl/
6244	orphanage	A residential institution for the care and protection of…	/ˈɔː(ɹ)fənɪd͡ʒ/
6245	bolt	Suddenly; straight; unbendingly	/boʊlt/
6246	autograph	A person’s own handwriting, especially the signature of a…	/ˈɔtəɡɹæf/
6247	sharply	So as to terminate in a sharp point or edge	/ˈʃɑɹpli/
6248	habits	An action performed on a regular basis	/ˈhæb.ɪts/
6249	villagers	A person who lives in, or comes from, a village	/ˈvɪlɪdʒɚz/
6250	cracks	A thin and usually jagged space opened in a previously…	/kɹæks/
6251	omar	A glacial erratic piece of dark siliceous greywacke that…	/ˈoʊmɑːɹ/
6252	assembly	A set of pieces that work together in unison as a mechanism…	/əˈsɛmb.li/
6253	meds	Medications, especially prescribed psychoactive medications	/ˈmɛdz/
6254	marge	Clipping of margarine	/mɑɹd͡ʒ/
6255	magnetic	Of, relating to, operating by, or caused by magnetism	/mæɡˈnɛtɪk/
6256	romans	One of the main three types used for the Latin alphabet, in…	/ˈɹoʊmənz/
6257	joshua	A Joshua tree	/ˈd͡ʒɑʃ(j)u.ə/
6258	sorted	To separate items into different categories according to…	/ˈsɔɹtɪd/
6259	assets	Any property or object of value that one possesses, usually…	/ˈæsɛts/
6260	insulted	To be insensitive, insolent, or rude to; to affront or…	/ɪnˈsʌltɪd/
6261	outstanding	Prominent or noticeable; sovereign	/ˌaʊtˈstæn.dɪŋ/
6262	essence	The inherent nature of a thing or idea	/ˈɛsəns/
6263	wardrobe	A governmental office or department in a monarchy which…	/ˈwɔɹdɹoʊb/
6264	ling	Any of various codlike saltwater fish often used as food by…	/lɪŋ/
6265	nam	To take or seize	/næm/
6266	restaurants	An eating establishment in which diners are served food,…	/ˈɹɛstɹɑːnts/
6267	disco	Clipping of discotheque	/ˈdɪskoʊ/
6268	flirting	A flirtation	/ˈflɜːɾɪŋ/
6269	abilities	The quality or state of being able; capacity to do or of…	/əˈbɪl.ə.tiz/
6270	dolly	A doll	/ˈdɑli/
6271	handful	The amount that a hand will grasp or contain	/ˈhæn(d)fʊl/
6272	mice	To be distracted or inattentive	/maɪs/
6273	pumpkin	A domesticated plant, in species Cucurbita pepo, similar in…	/ˈpʌm(p).kɪn/
6274	sweating	To emit sweat	/ˈswɛtɪŋ/
6275	anchor	A tool used to moor a vessel to the bottom of a sea or…	/ˈæŋ.kɚ/
6276	thankful	Showing appreciation or gratitude	/ˈθæŋkfəl/
6277	interior	Within any limits, enclosure, or substance; inside;…	/ɪnˈtɪ.ɹi.ɚ/
6278	urge	A strong desire to do something	/ɝd͡ʒ/
6279	surrounding	An outlying area; area in proximity to something	/səˈɹaʊndɪŋ/
6280	strain	A particular variety of a microbe, virus, or other…	/stɹeɪn/
6281	curtains	An end or death	/ˈkɜː(ɹ).tənz/
6282	gypsy	An itinerant person or any person, not necessarily Romani;…	/ˈd͡ʒɪp.si/
6283	tomato	A widely cultivated plant, Solanum lycopersicum, having…	/təˈmeɪ.toʊ/
6284	bonds	imprisonment, captivity	/bɑndz/
6285	compassion	Deep awareness of the suffering of others that people have…	/kəmˈpæʃ.ən/
6286	ceo	A notional title for a leading partaker in, or advocate of…	/ˌsiːˌiːˈoʊ/
6287	arabic	Related to the Arabic language	/ˈæɹəbɪk/
6288	examination	The act of examining	/ɪɡˌzæm.əˈneɪ.ʃən/
6289	participate	To join in, to take part, to involve oneself	/pɑɹˈtɪs.əˌpeɪt/
6290	veins	A blood vessel that transports blood from the capillaries…	/veɪnz/
6291	cups	A concave vessel for drinking, usually made of opaque…	/kʌps/
6292	additional	Supplemental or added to something	/əˈdɪ.ʃə.nəl/
6293	obsession	The quality of being obsessed; an unshakeable feeling that…	/əbˈsɛʃən/
6294	responsibilities	The state of being responsible, accountable, or answerable	/ɹɪˌspɒn.səˈbɪl.ɪ.tiz/
6295	ridge	The back of any animal; especially the upper or projecting…	/ɹɪd͡ʒ/
6296	intent	Something that is intended	/ɪnˈtɛnt/
6297	axe	A tool for felling trees or chopping wood etc. consisting…	/æks/
6298	reckless	Careless or heedless; headstrong or rash	/ˈɹɛkləs/
6299	missiles	Any object used as a weapon by being thrown or fired…	/ˈmɪsəlz/
6300	razor	A keen-edged knife of peculiar shape, used in shaving the…	/ˈɹeɪzɚ/
6301	corners	The point where two converging lines meet; an angle, either…	/ˈkɔɹnɚz/
6302	frightening	Causing fear; or capable of causing fear; scary	/ˈfɹaɪtənɪŋ/
6303	rains	Condensed water falling from a cloud	/ɹeɪnz/
6304	mutant	That which has mutated, with one or more new…	/ˈmju(t)n̩(t)/
6305	wally	A fool	/ˈwɒli/
6306	whereas	In contrast; whilst on the contrary; although	/(h)wɛɹˈæz/
6307	heavenly	In a manner like that of heaven; by the influence or agency…	/ˈhɛvənli/
6308	promoted	To raise to a more important, responsible, or remunerative…	/pɹəˈmoʊtɪd/
6309	dang	Damn	/ˈdeɪ̯ŋ/
6310	maiden	A girl or an unmarried young woman	/ˈmeɪdən/
6311	comments	A spoken or written remark	/ˈkɑmɛnts/
6312	batteries	A device used to power electric devices, consisting of one…	/ˈbæt(ə)ɹiz/
6313	bark	To make a short, loud, explosive noise with the vocal organs	/bɑɹk/
6314	seas	A large body of salt water	/siːz/
6315	congressman	A male member of congress	/ˈkɑːŋɡɹəsmən/
6316	canyon	A valley, especially a long, narrow, steep valley, cut in…	/ˈkænjən/
6317	casual	Happening by chance	/ˈkæʒ(u)əl/
6318	rack	A series of one or more shelves, stacked one above the other	/ˈɹæk/
6319	expectations	The act or state of expecting or looking forward to an…	/ɛkspɛkˈteɪʃənz/
6320	flowing	The action of the verb to flow	/ˈfloʊ.ɪŋ/
6321	adjust	To modify	/əˈd͡ʒʌst/
6322	decade	A group, set, or series of ten, particularly	/ˈdɛkeɪd/
6323	pine	Any coniferous tree of the genus Pinus	/paɪn/
6324	tails	The caudal appendage of an animal that is attached to their…	/teɪlz/
6325	baxter	A baker	/ˈbækstɚ/
6326	wires	Metal formed into a thin, even thread, now usually by being…	/ˈwaɪɚz/
6327	pigeon	One of several birds of the family Columbidae within the…	/ˈpɪ.dʒɪn/
6328	finance	The management of money and other assets	/fɪˈnæns/
6329	respectable	Deserving respect	[ɹɪˈspɛk.tə.bɫ̩]
6330	demonstration	The act of demonstrating; showing or explaining something	/dɛmənˈstɹeɪʃən/
6331	prank	A practical joke or mischievous trick	/pɹæŋk/
6332	appointed	Subject to appointment, as opposed to an election	/əˈpɔɪntɪd/
6333	treason	The crime of betraying one’s own country	/ˈtɹiː.zən/
6334	views	The act of seeing or looking at something	/vjuːz/
6335	violin	A small unfretted stringed instrument with four strings…	/ˌvaɪ.əˈlɪn/
6336	stir	To disturb the relative position of the particles by…	/stɝ/
6337	lifestyle	A style of living that reflects the attitudes and values of…	/ˈlaɪfˌstaɪl/
6338	realm	A sphere of knowledge or of influence; a domain	/ɹɛlm/
6339	missy	A young female, or miss; as a term of mild disparagement,…	/ˈmɪs.i/
6340	fitting	The degree to which something fits	/ˈfɪtɪŋ/
6341	señor	A Spanish term of address equivalent to sir or Mr., used…	/seɪnˈjɔɹ/
6342	tuna	Any of several species of fish of the genus Thunnus in the…	/ˈtjuː.nə/
6343	tuck	To pull or gather up	/tʌk/
6344	inspection	The act of examining something, often closely	/ɪnˈspɛkʃən/
6345	nursing	To breastfeed: to feed at the breast; to suckle	/ˈnɝsɪŋ/
6346	poop	To defecate	/ˈpuːp/
6347	cardinal	Of fundamental importance; crucial, pivotal	/ˈkɑɹd(ɪ)nəl/
6348	altar	A table or similar flat-topped structure used for religious…	/ˈɔl.tɚ/
6349	tourist	Someone who travels for pleasure rather than for business;…	/ˈtʊɹɪst/
6350	conviction	A firmly held belief	/kənˈvɪkʃən/
6351	jelly	A dessert made by boiling gelatine, sugar and some…	/ˈd͡ʒɛli/
6352	thrill	To suddenly excite someone, or to give someone great…	[θɾ̪̊ɪɫ]
6353	lounge	To relax; to spend time lazily; to stand, sit, or recline,…	/ˈlaʊ̯nd͡ʒ/
6354	cha	Used to count out steps, particularly involving the…	/t͡ʃɑː/
6355	zip	The high-pitched sound of a small object moving rapidly…	/zɪp/
6356	hogan	A one-room Native American dwelling or lodge, constructed…	/ˈhoʊ.ɡən/
6357	dimension	A single aspect of a given thing	/dɪˈmɛn.ʃən/
6358	choke	To be unable to breathe because of obstruction of the…	/t͡ʃoʊk/
6359	backing	To go in the reverse direction	/ˈbæk.ɪŋ(ɡ)/
6360	pains	An ache or bodily suffering, or an instance of this; an…	/peɪnz/
6361	bodyguard	A person or group of persons, often armed, responsible for…	/ˈbɑːdiɡɑːɹd/
6362	rug	A partial covering for a floor	/ˈɹʌɡ/
6363	jaw	One of the bones, usually bearing teeth, which form the…	/d͡ʒɔ/
6364	ants	Any of various insects in the family Formicidae in the…	/ænts/
6365	popcorn	A snack food made from corn or maize kernels popped by dry…	/ˈpɑp.kɔɹn/
6366	courtroom	The room where a judge presides over hearings and trials,…	/ˈkɔːɹtɹuːm/
6367	reynolds	plural of Reynold	/ˈɹɛnəldz/
6368	pointless	Having no point or sharp tip; terminating squarely or in a…	/ˈpɔɪntləs/
6369	documentary	Of, related to, or based on documents	/ˌdɑ.kjəˈmɛn.tə.ɹi/
6370	donor	One who makes a donation	/ˈdoʊnɚ/
6371	mortgage	A legal agreement in which a borrower pledges real property…	/ˈmoɹ.ɡɪd͡ʒ/
6372	tunnels	An underground or underwater passage	/ˈtʌnəlz/
6373	enforcement	The act of enforcing; compulsion	/ɪnˈfoɹsm(ə)nt/
6374	demanding	To request forcefully	/dəˈmændɪŋ/
6375	cocks	A rooster: a male gallinaceous bird, especially a male…	/kɒks/
6376	eliminated	To completely remove, get rid of, put an end to	/ˈᵻlɪmᵻˌneɪɾᵻd/
6377	agh	An exclamation of mild horror, disgust or frustration	[æː(x)]
6378	rapidly	With speed; in a rapid manner	/ˈɹæpɪdli/
6379	refer	To direct the attention of	/ɹɪˈfɝ/
6380	shipment	A load of goods that is transported by any method	/ˈʃɪpmənt/
6381	tasted	To sample the flavor of something orally	/ˈteɪstɪd/
6382	fails	To be unsuccessful	/feɪlz/
6383	michel	Obsolete form of mickle	/ˈmɪtʃəl/
6384	rushed	To hurry; to perform a task with great haste, often not…	/ɹʌʃt/
6385	ordering	To set in some sort of order	/ˈɔːɹdɚɹɪŋ/
6386	efficient	Making good, thorough, or careful use of resources; not…	/ɪˈfɪʃənt/
6387	outrageous	Violating morality or decency; provoking indignation or…	/aʊtˈɹeɪ.d͡ʒəs/
6388	gracious	kind and warmly courteous	/ˈɡɹeɪʃəs/
6389	slaughter	The killing of animals, generally for food	/ˈslɔːtə/
6390	marijuana	The inflorescence of the Cannabis sativa plant, smoked or…	/ˌmɛɹɪˈwɑ.nə/
6391	pipes	A single pipe organ	/paɪps/
6392	backed	To go in the reverse direction	/bækt/
6393	vest	A sleeveless garment that buttons down the front, worn over…	/vɛst/
6394	approached	To come or go near, in place or time; to move toward; to…	/əˈpɹoʊt͡ʃt/
6395	mechanic	Someone who builds or repairs machinery, a technician; now…	/mɪˈkænɪk/
6396	legendary	Of or pertaining to a legend or to legends	/ˈlɛd͡ʒ.ənˌdɛɹ.i/
6397	delayed	Happening later than is usual, expected, or desired	/dəˈleɪd/
6398	resolve	To find a solution to	/ɹɪˈzɑlv/
6399	relation	The manner in which two things may be associated	/ɹɪˈleɪʃ(ə)n/
6400	amelia	The congenital absence of one or more limbs	/ɐˈmiːliə/
6401	mechanical	Related to mechanics	/məˈkænəkəl/
6402	fare	Money paid for a transport ticket	/ˈfɛɚ/
6403	karma	The sum total of a person's actions, which determine the…	/ˈkɑː.mə/
6404	jefferson	A two-dollar bill	/ˈd͡ʒɛfɚsən/
6405	chorus	A group of singers performing together; a choir;…	/ˈkoɹəs/
6406	nana	A banana	/ˈnɑːnə/
6407	extend	To increase in extent	/ɛkˈstɛnd/
6408	info	information	/ˈɪnfoʊ/
6409	saddle	A seat for a rider, typically made of leather and raised in…	/ˈsæd(ə)l/
6410	pretended	To speak or behave so as to give a false or simulated…	/pɹɪˈtɛndɪd/
6411	equals	The symbol =	/ˈiːkwəlz/
6412	motherfuckers	An extremely contemptible, vicious or mean person	/ˈmʌðɚˌfʌkɚz/
6413	artificial	Man-made; made by humans; of artifice	/ˌɑɹ.təˈfɪʃ.əl/
6414	accomplish	To finish successfully	/əˈkʌm.plɪʃ/
6415	burial	The act of burying; interment; placing remains into the…	/ˈbɝi.əl/
6416	detention	The act of detaining or the state of being detained;…	/dɪˈtɛnʃn̩/
6417	vow	A solemn promise to perform some act, or behave in a…	/vaʊ/
6418	bake	To cook in an oven	/beɪk/
6419	breakdown	A failure, particularly one which is mechanical in nature	/ˈbɹeɪkˌdaʊn/
6420	dvd	Initialism of digital video/versatile disc; an optical disc…	/ˌdi vi ˈdi/
6421	selected	That have been selected or chosen	/sɪˈlɛktɪd/
6422	lightly	In a light manner	/ˈlaɪtli/
6423	'em	Them	/əm/
6424	dealers	One who deals in goods, especially automobiles; a middleman	/ˈdiːlɚz/
6425	layer	A single thickness of some material covering a surface	/ˈleɪ̯ɚ/
6426	gown	A loose, flowing upper garment	/ˈɡaʊ̯n/
6427	incoming	Coming in; arriving	/ˈɪnˌkʌmɪŋ/
6428	countryside	An area located outside of towns and cities; an area that…	/ˈkʌn.tɹiˌsaɪd/
6429	cheaper	Low or reduced in price	/ˈtʃiːpɚ/
6430	smelled	To sense a smell or smells	/ˈsmɛld/
6431	devon	One of a breed of hardy cattle originating in Devon, England	/ˈdɛvən/
6432	ducks	A cave passage containing water with low, or no, airspace	/dʌks/
6433	lethal	Of, pertaining to, or causing death; deadly; mortal; fatal	/ˈliː.θəl/
6434	swan	Any of various species of large, long-necked waterfowl, of…	/swɑn/
6435	attending	That attend or attends; that is or are in attendance;…	/əˈtɛndɪŋ/
6436	moonlight	The light reflected from the Moon, which seems to emanate…	/ˈmunˌlaɪt/
6437	ropes	Thick strings, yarn, monofilaments, metal wires, or strands…	/ɹoʊps/
6438	dispatch	To send with promptness	/dɪˈspæt͡ʃ/
6439	notebook	A book in which notes or memoranda are written	/ˈnoʊtˌbʊk/
6440	punched	To strike with one's fist	/pʌnt͡ʃt/
6441	identification	The act of identifying	/aɪˌdɛn(t)ɪfɪˈkeɪʃn̩/
6442	contracts	An agreement between two or more parties, to perform a…	/ˈkɑːn.tɹækts/
6443	scattered	Dispersed, spread apart into disunited units	/ˈskætɚd/
6444	trusting	To place confidence in, to rely on, to confide in	/ˈtɹʌstɪŋ/
6445	prayed	To direct words, thoughts, or one's attention to a deity or…	/pɹeɪd/
6446	volunteers	One who enters into, or offers themselves for, any service…	/vɑlənˈtɪɹz/
6447	remembering	To recall from one's memory; to have an image in one's…	/ɹɪˈmɛm.b(ə.)ɹɪŋ/
6448	adopt	To take voluntarily to be in the place of, or as, one's own…	/əˈdɑpt/
6449	worms	A generally tubular invertebrate of the annelid phylum; an…	/wɝmz/
6450	consideration	The thought process of considering, of taking multiple or…	/kənˌsɪd.əˈɹeɪ.ʃən/
6451	bandits	One who robs others in a lawless area, especially as part…	/ˈbændɪts/
6452	moses	An exclamation of shock	/ˈmoʊzəs/
6453	zombies	A person, usually undead, animated by unnatural forces,…	/ˈzɑːmbiz/
6454	lionel	lion cub	/ˈlaɪənl/
6455	non	A non-Muslim citizen	/nɑn/
6456	transplant	To uproot, and plant it in another place	/tɹænzˈplænt/
6457	crackling	Fat that, after roasting a joint, hardens and crispens	/ˈkɹæk(ə)lɪŋ/
6458	loneliness	A feeling of depression resulting from being alone or from…	/ˈloʊnlinəs/
6459	epic	An extended narrative poem in elevated or dignified…	/ˈɛp.ɪk/
6460	gladly	In a glad manner; happily	/ˈɡlædli/
6461	marcel	A hairstyle characterized by deep waves made by a curling…	/mɑː(ɹ)ˈsɛl/
6462	mon	The badge or emblem of a Japanese family, especially a…	/mɑn/
6463	frost	A cover of minute ice crystals on objects that are exposed…	/fɹɔst/
6464	registration	The act of signing up or registering for something	/ˌɹɛd͡ʒ.ɪˈstɹeɪ.ʃən/
6465	prophet	Someone who speaks by divine inspiration	/ˈpɹɑ.fɪt/
6466	launched	To throw; to hurl; to propel with force	/lɔːnt͡ʃt/
6467	constitution	The act, or process of setting something up, or…	/ˌkɑn.stɪˈtu.ʃ(ə)n/
6468	sock	A knitted or woven covering for the foot	/sɑk/
6469	dragons	In European mythologies, a gigantic beast, typically…	/ˈdɹæɡənz/
6470	buyer	A person who makes one or more purchases	/ˈbaɪ.əɹ/
6471	regulations	The act of regulating or the condition of being regulated	/ˌɹɛɡjəˈleɪʃənz/
6472	volcano	A vent or fissure on the surface of a planet with a magma…	/vɑlˈkeɪ.noʊ/
6473	accomplice	An associate in the commission of a crime; a participator…	/əˈkɑm.pləs/
6474	bounty	Generosity; also an act of generosity	/ˈbaʊn(t)i/
6475	hotels	An establishment that provides accommodation and other…	/hoʊˈtɛlz/
6476	favors	A kind or helpful deed; an instance of voluntarily assisting	/ˈfeɪvɚz/
6477	opinions	A belief, judgment or perspective that a person has formed,…	/əˈpɪn.jənz/
6478	pressed	To exert weight or force against, to act upon with force or…	/pɹɛst/
6479	asylum	A place of safety or refuge	/əˈsaɪləm/
6480	blunt	Having a thick edge or point; not sharp	/blʌnt/
6481	duel	Arranged, regular combat between two private persons, often…	/ˈdul/
6482	consult	A visit to consult somebody, such as a doctor; a…	/ˈkɑnsʌlt/
6483	nevertheless	In spite of what preceded; yet	/ˌnɛvɚðəˈlɛs/
6484	carnival	Any of a number of festivals held just before the beginning…	/ˈkɑɹnɪvəl/
6485	au	A vowel found in Indic abugidas	/ˈoʊ/
6486	baba	A kind of sponge cake soaked in rum-flavoured syrup	/ˈbɑːbɑː/
6487	hah	Synonym of ah; used to form tag questions prompting the…	/hɑː/
6488	paths	A trail for the use of, or worn by, pedestrians	/pæðz/
6489	rides	To transport oneself by sitting on and directing a horse,…	/ɹaɪdz/
6490	tray	A small, typically rectangular or round, flat, and rigid…	/tɹeɪ/
6491	te	In solfège, the lowered seventh note of a major scale: ta	/tiː/
6492	handcuffs	A fastening consisting of two metal rings, designed to go…	/ˈhændˌkʌfs/
6493	barrier	A structure that bars passage	/ˈbaɹɪjə/
6494	supposedly	As a matter of supposition; in the beliefs or according to…	/səˈpoʊ̯.zɪd.li/
6495	faggot	A bundle of sticks or brushwood intended to be used for…	/ˈfæɡət/
6496	hunch	A hump; a protuberance	/hʌnt͡ʃ/
6497	disposal	A disposition; an arrangement, categorization, or…	/dɪsˈpoʊ.zəl/
6498	yacht	A slick and light ship for making pleasure trips or racing…	/jɑt/
6499	stain	A discolored spot or area caused by spillage or other…	/steɪn/
6500	thoughtful	Demonstrating thought or careful consideration	/ˈθoːtfəl/
6501	healed	To make better from a disease, wound, etc.; to revive or…	/hiːld/
6502	syndrome	A recognizable pattern of signs, symptoms and/or…	/ˈsɪndɹoʊm/
6503	hairy	Having a lot of body hair	/ˈhɛɹ.i/
6504	happiest	Having a feeling arising from a consciousness of well-being…	/ˈhæp.i.ɪst/
6505	entertain	To amuse; to engage the attention of agreeably	/ˌɛntɚˈteɪn/
6506	ambush	The act of concealing oneself and lying in wait to attack…	/ˈæmbʊʃ/
6507	recommended	That one recommends	/ˌɹɛkəˈmɛndɪd/
6508	childish	Immature in thought or behaviour	/ˈt͡ʃaɪldɪʃ/
6509	meter	A device that measures things	[ˈmiɾɚ]
6510	gilbert	The CGS unit of magnetomotive force equal to 0.7958…	/ˈɡɪlbɚt/
6511	lease	An interest in land granting exclusive use or occupation of…	/liːs/
6512	climbed	To traverse a slope or contour, either upwards or downwards	/klaɪmd/
6513	unstable	Not stable	/ʌnˈsteɪ.bəl/
6514	exploded	Having been subjected to an explosion; blown up	/ɛksˈploʊdᵻd/
6515	apollo	Any of several papilionid butterflies of the genus…	/əˈpɑloʊ/
6516	rogers	An act of sexual intercourse	/ˈɹɑd͡ʒɚz/
6517	politician	One engaged in politics, especially an elected or appointed…	/ˌpɒl.ɪˈtɪʃ.ən/
6518	rs	The Crown, the government of a monarchy	/ˌɑːɹˈɹɛs/
6519	awaits	A waiting for; ambush	/əˈweɪts/
6520	abraham	A shop selling cheap and low-quality clothes, especially in…	/ˈeɪ.bɹəˌhæm/
6521	particles	A very small piece of matter, a fragment; especially, the…	/ˈpɑɹtɪkl̩z/
6522	violation	An infraction or a failure to follow a rule	/ˌvaɪ.əˈleɪ.ʃən/
6523	lined	To place into a line; to form into a line; to align	/laɪnd/
6524	amazed	Astonished or confounded with fear, surprise, or wonder;…	/əˈmeɪzd/
6525	lure	Something that tempts or attracts, especially one with a…	/lɵː/
6526	lyrics	The words to a song	/ˈlɪɹɪks/
6527	pod	A seed case for legumes; a seedpod	/ˈpɑd/
6528	fran	Initialism of friend, relative, acquaintance or neighbor	/ˈfɹæn/
6529	universal	Of or pertaining to the universe	/ˌjunəˈvɜɹs(ə)l/
6530	hulk	A non-functional but floating ship, usually stripped of…	/hʌlk/
6531	drunken	Drunk, in the state of intoxication after having drunk an…	/ˈdɹʌŋkən/
6532	hyah	a call, often to horses, livestock, or cattle, to move…	/ˈhaɪə/
6533	continuing	To proceed with; to prolong	/kənˈtɪn.juɪŋ/
6534	goals	A result that one is attempting to achieve	/ɡoʊlz/
6535	warming	To make or keep warm	/ˈwoɹmɪŋ/
6536	dc	To become disconnected from a network	/ˌdiːˈsiː/
6537	chemicals	The chemical industry	/ˈkɛm.ɪ.kəlz/
6538	owl	Any of various birds of prey of the order Strigiformes,…	/aʊ(ə)l/
6539	xena	A tough, physical, confident woman	/ˈziː.nə/
6540	compromised	That has been exposed to danger, risk, or discredit	/ˈkɑːmpɹəˌmaɪzd/
6541	grounded	To connect to a ground	/ˈɡɹaʊn.dɪd/
6542	cane	The slender, flexible main stem of a plant such as bamboo,…	/keɪn/
6543	avenge	To take vengeance; to exact satisfaction for by punishing…	/əˈvɛnd͡ʒ/
6544	dexter	Right; on the right-hand side	/ˈdɛks.tɝ/
6545	phantom	A ghost or apparition	/ˈfæntəm/
6546	notion	Mental apprehension of whatever may be known, thought, or…	/ˈnoʊʃən/
6547	directors	One who directs; the person in charge of managing a…	/dɪˈɹɛk.tɚz/
6548	tease	To separate the fibres of	/tiːz/
6549	forensic	Relating to the use of science and technology in the…	/fəˈɹɛn.zɪk/
6550	doe	Pronunciation spelling of though	/doʊ/
6551	outcome	That which is produced or occurs as a result of an event or…	/ˈaʊtkʌm/
6552	slam	To shut with sudden force so as to produce a shock and noise	/ˈslæm/
6553	shattered	Physically broken into pieces	/ˈʃætɚd/
6554	cheque	A written order directing a bank to pay money to a person…	/t͡ʃɛk/
6555	baked	That has been cooked by baking	/beɪkt/
6556	sought	To try to find; to look for; to search for	/sɔt/
6557	racket	An implement with a handle connected to a round frame…	/ˈɹækɪt/
6558	hammond	A Hammond organ	/ˈhæmənd/
6559	rider	An old Dutch gold coin with the figure of a man on…	/ˈɹaɪ̯.dəː/
6560	exotic	Foreign, especially in an exciting way	/ɪɡˈzɒtɪk/
6561	cory	Any fish belonging to the genus Corydoras, a group of South…	/ˈkoɹ.i/
6562	extent	A range of values or locations	/ɪkˈstɛnt/
6563	eighth	The ordinal form of the number eight	/eɪtθ/
6564	stack	A large pile of hay, grain, straw, or the like, larger at…	/stæk/
6565	wheat	Any of the several cereal grains, of the genus Triticum,…	/ˈwiːt/
6566	shipping	To send by water-borne transport	/ˈʃɪpɪŋ/
6567	satisfy	To be enough	/ˈsætɪsfaɪ/
6568	kara	A bangle worn by Sikhs, one of the five Ks, to remind them…	/ˈkɑːɹɹə/
6569	departure	The act of departing or something that has departed	/dɪˈpɑː(ɹ)tjə(ɹ)/
6570	finch	Any Eurasian goldfinch	/fɪnt͡ʃ/
6571	blocking	To fill or obstruct so that it is not possible to pass	/ˈblɑkɪŋ/
6572	regiment	A unit of armed troops under the command of an officer, and…	/ˈɹɛd͡ʒɪmənt/
6573	kin	Race; family; breed; kind	/kɪn/
6574	surf	Waves that break on an ocean shoreline	/sɝf/
6575	kilometers	US spelling of kilometre	/kɪˈlɑːmɪɾɚz/
6576	rises	To move upwards	/ˈɹaɪzɪz/
6577	frighten	To cause to feel fear; to scare; to cause to feel alarm or…	/ˈfɹaɪ.tən/
6578	abused	Having been a victim of some form of abuse, most commonly…	/əˈbjuːzd/
6579	colours	Flag denoting the nationality of a vessel, flown from the…	/ˈkʌlɚz/
6580	hath	To possess, own	/hæθ/
6581	texts	A writing consisting of multiple glyphs, characters,…	/tɛksts/
6582	spaghetti	A type of pasta made in the shape of long thin strings	/spəˈɡɛti/
6583	chester	A child molester	/ˈt͡ʃɛ.stɚ/
6584	bosses	One who oversees and directs the work of others; a…	/ˈbɔsᵻz/
6585	elephants	A large mammal of the family Elephantidae in the order…	/ˈɛləfənts/
6586	snarling	Growling, having a snarl	/ˈsnɑːɹlɪŋ/
6587	contained	Restricted in space	/kənˈteɪnd/
6588	arab	Of or pertaining to Arabs and their nations	/ˈæɹəb/
6589	bumped	Containing bumps	/bʌmpt/
6590	chili	The pungent, spicy fresh or dried fruit of any of several…	/ˈt͡ʃɪli/
6591	yah	Yes	/jʌː/
6592	sustained	Held continuously at a certain level	/səˈsteɪnd/
6593	abducted	Having been kidnapped; having become the victim of an…	/æbˈdʌktɪd/
6594	panicked	To cause to feel panic; also, to frighten into acting…	/ˈpænɪkt/
6595	shallow	Having little depth; significantly less deep than wide	/ˈʃæloʊ/
6596	diving	The action of the verb to dive in any sense	/ˈdaɪ.vɪŋ/
6597	generator	An apparatus in which vapour or gas is formed from a liquid…	/ˈdʒɛnəɹeɪtə(ɹ)/
6598	federation	An act of joining together into a single political entity	/ˌfɛdəˈɹeɪ̯ʃən/
6599	arresting	To stop or slow	/əˈɹɛstɪŋ/
6600	techniques	The practical aspects of a given art, occupation etc.;…	/tɛkˈniːks/
6601	feather	A branching, hair-like structure that grows on the bodies…	/ˈfɛðɚ/
6602	printed	Put down on paper by a printing press or a computer printer	/ˈpɹɪ.nɪd/
6603	untie	To loosen, as something interlaced or knotted; to disengage…	/ʌnˈtaɪ/
6604	jupiter	Synonym of by Jupiter	/ˈd͡ʒupɪtɚ/
6605	hay	Grass cut and dried for use as animal fodder	/heɪ/
6606	stalking	The act of going stealthily	/ˈstɔːkɪŋ/
6607	phony	Fraudulent; fake; having a misleading appearance	/ˈfoʊni/
6608	brett	A fault in wine caused by Brettanomyces yeast	/bɹɛt/
6609	whack	The sound of a heavy strike	/ˈwæk/
6610	scored	To cut a notch or a groove in a surface	/skɔɹd/
6611	continent	One of the main contiguous landmasses, separated by water…	/ˈkɑntɪnənt/
6612	articles	A piece of nonfiction writing such as a story, report,…	/ˈɑɹtɪkəlz/
6613	oxford	A variety of shoe, typically made of heavy leather	/ˈɑksfɚd/
6614	z	A member of Generation Z	/zi/
6615	organize	To arrange in working order	/ˈɔɹɡənaɪz/
6616	sensors	A device or organ that detects certain external stimuli and…	/ˈsɛnsɚz/
6617	shanghai	To force or trick someone to go somewhere or do something…	/ˈʃæŋ.haɪ/
6618	wh	Initialism of white horse	/ˌdʌbəlˌjuːˈeɪtʃ/
6619	sniper	A person using long-range small arms for precise attacks…	/ˈsnaɪ.pɚ/
6620	noisy	Making a noise, especially a loud unpleasant sound	/ˈnɔɪzi/
6621	framed	Having, or enclosed in, a frame	/fɹeɪmd/
6622	horizon	The visible horizontal line where the sky appears to meet…	/həˈɹaɪ.zən/
6623	twilight	The soft light in the sky seen before the rising and after…	/ˈtwaɪˌlaɪt/
6624	reflection	The act of reflecting or the state of being reflected	/ɹɪˈflɛkʃən/
6625	masks	A cover, or partial cover, for the face, used for disguise…	/mæsks/
6626	godfather	A man present at the christening of a baby who promises to…	/ˈɡɑdfɑðɚ/
6627	merchant	A person who traffics in commodities for profit	/ˈmɝt͡ʃənt/
6628	wages	one's total income for a time period	/ˈweɪd͡ʒɪz/
6629	robe	A long loose outer garment, often signifying honorary…	/ɹoʊb/
6630	waist	The part of the body between the pelvis and the stomach	/weɪst/
6631	stinking	Having a pungent smell	/ˈstɪŋkɪŋ/
6632	disappointment	The feeling or state of being disappointed: a feeling of…	/ˌdɪsəˈpɔɪntmənt/
6633	venture	A risky or daring undertaking or journey	/ˈvɛn.t͡ʃɚ/
6634	voyage	A long journey, especially by ship	/ˈvojɪd͡ʒ/
6635	curry	One of a family of dishes originating from Indian cuisine,…	/ˈkʌ.ɹi/
6636	ominous	Of or pertaining to an omen or to omens; being or…	/ˈɒmɪnəs/
6637	sunlight	All the electromagnetic radiation given off by the Sun;…	/ˈsʌnˌlaɪt/
6638	oui	Synonym of yes	/wiː/
6639	overseas	Abroad	/ˌoʊvɚˈsiːz/
6640	casualties	Something that happens by chance, especially an unfortunate…	/ˈkæʒuːəlɾiz/
6641	mattress	A pad on which a person can recline and sleep, usually…	/ˈmætɹɪs/
6642	grill	A grating; a grid of wire or a sheet of material with a…	/ɡɹɪl/
6643	marketing	To make available for sale and promote them	/ˈmɑɹkɪtɪŋ/
6644	accepting	To receive, especially with a consent, with favour, or with…	/ˌækˈsɛp.tɪŋ/
6645	occupation	An activity or task with which one occupies oneself;…	/ˌɑkjʊˈpeɪʃən/
6646	deadline	A time limit in the form of a date on or before which…	/ˈdɛdˌlaɪn/
6647	freed	To make free; set at liberty; release	/fɹiːd/
6648	exhibit	To display or show for others to see, especially at an…	/ɪɡˈzɪbɪt/
6649	poems	A literary piece written in verse	/ˈpoʊ.əmz/
6650	echoing	The act of something that echoes	/ˈɛkoʊɪŋ/
6651	shin	The front part of the leg below the knee; the front edge of…	/ʃɪn/
6652	compliments	Good wishes	/ˈkɑmplɪmənts/
6653	til	until, till	/tɪl/
6654	define	To determine with precision; to mark out with distinctness;…	/dɪˈfaɪn/
6655	urine	Liquid waste consisting of water, salts, and urea, which is…	/ˈjʊɹɪn/
6656	foreman	The leader of a work crew	/ˈfɔː(ɹ).mən/
6657	facial	Of or affecting the face	/ˈfeɪ.ʃəl/
6658	combined	Resulting from the addition of several sources, parts,…	/kəmˈbaɪnd/
6659	brody	Intentionally spinning in circles and sliding in an…	/bɹoʊdi/
6660	probation	A period of time when a person occupies a position only…	/ˌpɹoʊˈbeɪʃən/
6661	reject	To refuse to accept; to forswear	/ˈɹiːd͡ʒɛkt/
6662	catches	The act of seizing or capturing	/ˈkætʃᵻz/
6663	dances	A sequence of rhythmic steps or movements usually performed…	/ˈdænsɪz/
6664	gemma	An asexual reproductive structure, as found in animals such…	/ˈdʒɛmə/
6665	pinch	To squeeze a small amount of a person's skin and flesh,…	/pɪnt͡ʃ/
6666	ingredients	One of the substances present in a mixture, especially food	/ɪŋˈɡɹiːdiənts/
6667	ra	Any of a series of moraines, in parts of Norway, that are…	/ɹɑː/
6668	hurricane	A severe tropical cyclone; an intense storm rotating around…	/ˈhʌɹɪkeɪn/
6669	chatting	To be engaged in informal conversation	/ˈt͡ʃætɪŋ/
6670	mini	Miniature, tiny, small	/ˈmɪn.i/
6671	heel	The rear part of the foot, where it joins the leg	/hil/
6672	adding	To join or unite so as to increase the number, augment the…	/ˈæ.dɪŋ/
6673	bandit	One who robs others in a lawless area, especially as part…	/ˈbændɪt/
6674	destined	Confined to a predetermined fate or destiny; certain	/ˈdɛstɪnd/
6675	limo	Clipping of limousine	/ˈlɪm.oʊ̯/
6676	spa	A health resort near a mineral spring or hot spring	/ˈspɑ/
6677	graves	An excavation in the earth as a place of burial	/ɡɹeɪvz/
6678	turkish	Of, from, or pertaining to Turkey, the Turkish people or…	/ˈtɝ.kɪʃ/
6679	listed	To create or recite a list	/ˈlɪst.ɪd/
6680	corpses	A dead body, especially that of a human as opposed to an…	/ˈkɔːɹpsᵻz/
6681	matty	matted	/ˈmæɾi/
6682	evacuate	To leave or withdraw from; to quit; to retire from	/ɪˈvæk.ju.eɪt/
6683	publish	To issue for distribution and/or sale	/ˈpʌblɪʃ/
6684	banned	Forbidden; not allowed	/bænd/
6685	snaps	A quick breaking or cracking sound or the action of…	/ˈsnæps/
6686	cheeks	Ass; sex	/t͡ʃiːks/
6687	predict	To make a prediction: to forecast, foretell, or estimate a…	/pɹɪˈdɪkt/
6688	holland	A type of linen cloth, originally from Holland	/ˈhɑːlənd/
6689	confront	To stand or meet facing, especially in competition,…	/kənˈfɹʌnt/
6690	utterly	Completely; entirely; to the fullest extent	/ˈʌtɚli/
6691	pals	A friend, buddy, mate, cobber; someone to hang around with	/ˈpælz/
6692	pilots	A person who steers a ship, a helmsman	/ˈpaɪləts/
6693	umm	Alternative form of um	/ˈʌm/
6694	jonah	A person who brings a ship bad luck	/ˈd͡ʒoʊnə/
6695	ironic	Characterized by or constituting irony	/aɪˈɹɑ.nɪk/
6696	improved	That has been made better; enhanced	/ɪmˈpɹuːvd/
6697	popping	To make a pop, or sharp, quick sound	/ˈpɑpɪŋ/
6698	mills	A grinding apparatus for substances such as grains, seeds,…	/mɪlz/
6699	farther	Alternative form of further	/ˈfɑɹðɚ/
6700	delivering	To set free from restraint or danger	/ˈdᵻlɪvɚɹɪŋ/
6701	skipper	The master of a ship	/ˈskɪp.ɚ/
6702	flattered	In a positive mood because of a comment or action which…	/ˈflæɾɚd/
6703	coconut	A fruit of the coconut palm, Cocos nucifera, having a…	/ˈkoʊ.kəˌnʌt/
6704	acknowledge	To admit the knowledge of; to recognize as a fact or truth;…	/əkˈnɑ.lɪd͡ʒ/
6705	shuts	To remove or block an opening, gap or passage through	/ʃʌts/
6706	hooray	goodbye	/həˈɹeɪ/
6707	sip	A small mouthful of drink	/sɪp/
6708	blessings	Some kind of divine or supernatural aid, or reward	/ˈblɛs.ɪŋz/
6709	grocery	Retail foodstuffs and other household supplies	/ˈɡɹoʊ.s(ə.)ɹi/
6710	terminal	A building in an airport where passengers transfer from…	/ˈtɝmɪnəl/
6711	parks	A tract of ground kept in its natural state, about or…	/ˈpɑːɹks/
6712	meaningless	Lacking meaning	/ˈmiː.nɪŋ.ləs/
6713	awards	A judgment, sentence, or final decision. Specifically: The…	/əˈwɔɹdz/
6714	fade	A golf shot that curves intentionally to the player's right…	/feɪd/
6715	hiring	To obtain the services of in return for fixed payment	/haɪɹ.ɪŋ/
6716	burton	An arrangement of blocks and pulleys, especially for…	/ˈbɜːtən/
6717	fees	An amount charged for a privilege	/fiːz/
6718	wretched	Characterized by or feeling deep affliction or distress;…	/ˈɹɛt͡ʃəd/
6719	thoroughly	In a thorough or complete manner	/ˈθʌɹ.ə.li/
6720	exhibition	An instance of exhibiting, or something exhibited	/ɛksɪˈbɪʃən/
6721	spends	Amount of money spent; expenditure	/ˈspɛndz/
6722	winners	One who has won or often wins	/ˈwɪnɚz/
6723	doris	One's girlfriend, wife or significant other	/ˈdɔɹɪs/
6724	disappearance	The action of disappearing or vanishing	/dɪsəˈpɪəɹəns/
6725	supported	To help keep from falling	/səˈpɔɹtɪd/
6726	advised	Considered or thought out; resulting from deliberation	/ədˈvaɪzd/
6727	regina	Alternative letter-case form of Regina	/ˈɹᵻdʒiːnə/
6728	supermarket	A large self-service store that sells groceries and,…	/ˌsupɚˈmɑɹkət/
6729	hereby	By this means, action or process	/hɪɹˈbaɪ/
6730	pier	A raised platform built from the shore out over water,…	/pɪɹ/
6731	shorter	Having a small distance from one end or edge to another,…	/ˈʃɔɹtɚ/
6732	betrayal	The act of betraying	/bɪˈtɹeɪəl/
6733	christians	A believer in Christianity	/ˈkɹɪstʃənz/
6734	psychology	The study of the human mind	/saɪˈkɑ.lə.d͡ʒi/
6735	keeper	One who keeps something	/ˈkiː.pɚ/
6736	canadian	Of, belonging to, or relating to Canada, its culture, or…	/kəˈneɪ.di.ən/
6737	su	Alternative form of xu	/su/
6738	associates	A person united with another or others in an act,…	/əˈsoʊʃi.əts/
6739	restless	Not allowing or affording rest	/ˈɹɛstlɪs/
6740	collector	A person who or thing that collects, or which creates or…	/kəˈlɛk.tɚ/
6741	marvellous	Exciting wonder or surprise; astonishing; wonderful	/ˈmɑɹvələs/
6742	physician	A practitioner of physic, i.e. a specialist in internal…	/fəˈzɪʃən/
6743	exposure	The condition of being exposed, uncovered, or unprotected	/ɪkˈspoʊ.ʒɚ/
6744	grudge	Deep-seated and/or long-term animosity or ill will about…	/ɡɹʌd͡ʒ/
6745	lid	The top or cover of a container	/lɪd/
6746	followers	One who follows, comes after another	/ˈfɑːloʊɚz/
6747	glow	To emit heat and light without a flame	/ɡloʊ/
6748	submarine	Being, relating to, or made for use underwater, especially…	/sʌb.məˈɹiːn/
6749	towns	A settlement; an area with residential districts, shops and…	/taʊnz/
6750	pawn	The state of being held as security for a loan, or as a…	/ˈpɔːn/
6751	includes	To bring into a group, class, set, or total as a part or…	/ɪnˈkluːdz/
6752	lu	A matrix decomposition which writes a matrix as the product…	/luː/
6753	proposition	The act of offering for consideration	/ˌpɹɑːpəˈzɪʃən/
6754	joker	A person who makes jokes	/ˈd͡ʒoʊkɚ/
6755	spilled	To drop something so that it spreads out or makes a mess;…	/ˈspɪld/
6756	opposition	The action of opposing or of being in conflict	/ˌɑ.pəˈzɪʃ.ən/
6757	jang	Fermented ingredients used as the base for many Korean…	/ˈdʒæŋ/
6758	hose	A flexible tube conveying water or other fluid	/hoʊz/
6759	partnership	The state of being associated with a partner	/ˈpɑɹtnɚʃɪp/
6760	usa	Abbreviation of United States Attorney	/ˌju ˌɛs ˈeɪ/
6761	breathes	To draw air into, and expel air from, the lungs in order to…	/bɹiːðz/
6762	whoops	Oops	/wʊps/
6763	astronaut	A member of the crew of a spaceship or other spacecraft…	/ˈæstɹəˌnɔt/
6764	porch	A covered entrance to a building, whether taken from the…	/pɔɹt͡ʃ/
6765	leonardo	A painting by Leonardo da Vinci	/liəˈnɑːɹdoʊ/
6766	responding	response	/ˈɹᵻspɑːndɪŋ/
6767	wishing	A desire, hope, or longing for something or for something…	/ˈwɪʃɪŋ/
6768	boil	A localized accumulation of pus in the skin, resulting from…	/bɔɪ(ə)l/
6769	kneel	To rest on one's bent knees, sometimes only one; to move to…	/niːl/
6770	tammy	A kind of woolen, or woolen and cotton, cloth, often highly…	/ˈtami/
6771	clumsy	Awkward, lacking coordination, not graceful, not dextrous	/ˈklʌmzi/
6772	rapid	Very swift or quick	/ˈɹæp.ɪd/
6773	xiao	A type of Chinese flute	/ʃjaʊ/
6774	stevens	Voice, especially when loud or strong	/ˈstiːvənz/
6775	invested	Involved, having a personal interest	/ɪnˈvɛstɪd/
6776	roller	Any rotating cylindrical device that is part of a machine,…	/ˈɹoʊlɚ/
6777	thai	Of or pertaining to Thailand	/taɪ/
6778	justify	To provide an acceptable explanation for	/ˈd͡ʒʌstɪfaɪ/
6779	garlic	A plant, Allium sativum, related to the onion, having a…	/ˈɡɑɹlɪk/
6780	yelled	To shout; holler; make a loud sound with the voice,…	/ˈjɛld/
6781	ammunition	Articles used in charging firearms and ordnance of all…	/ˌæmjuˈnɪʃən/
6782	sushi	A Japanese dish made of small portions of sticky white rice…	/ˈsuʃi/
6783	shaft	The long, narrow, central body of a spear, arrow, or javelin	/ˈʃæft/
6784	definition	A statement of the meaning of a word, word group, sign, or…	/ˌdɛf.ɪˈnɪʃ.ən/
6785	gardens	An outdoor area containing one or more types of plants,…	/ˈɡɑɹdn̩z/
6786	chandler	A person who makes or sells candles	/ˈt͡ʃændlɚ/
6787	ne	Not	/nə/
6788	notify	To give notice	/ˈnoʊtɪfaɪ/
6789	brady	Bradycardia	/ˈbɹeɪdi/
6790	beasts	Any four-footed land mammal	/biːsts/
6791	setup	Equipment designed for a particular purpose; an apparatus	/ˈsɛtʌp/
6792	greed	A selfish or excessive desire for more than is needed or…	/ɡɹiːd/
6793	dared	To have enough courage	/dɛɹd/
6794	unlucky	Unfortunate, marked by misfortune	/ʌnˈlʌki/
6795	classroom	A room, often in a school, where classes take place	/ˈklɑːsɹʊm/
6796	treaty	A formal binding agreement concluded by subjects of…	/ˈtɹiti/
6797	hike	A long walk, usually for pleasure or exercise	/haɪk/
6798	dagger	A stabbing weapon, similar to a sword but with a short,…	/ˈdæɡɚ/
6799	spine	A series of bones situated at the back from the head to the…	/spaɪn/
6800	detect	To discover or find by careful search, examination, or…	/dɪˈtɛkt/
6801	chow	Food, especially snacks	/t͡ʃaʊ/
6802	des	dwarf elliptical galaxy	/ˈdɛs/
6803	teenagers	A person between thirteen and nineteen years old	/ˈtiːneɪdʒɚz/
6804	handwriting	The act or process of writing done with the hand, rather…	/ˈhændɹaɪtɪŋ/
6805	mock	An imitation, usually of lesser quality	/mɑk/
6806	challenging	To invite to take part in a competition	/ˈt͡ʃæl.ɪn.d͡ʒɪŋ/
6807	salon	A large room, especially one used to receive and entertain…	/səˈlɑn/
6808	virtue	The idea of all that is good or excellent in a human being,…	/ˈvɝt͡ʃu/
6809	lawsuit	In civil law, a case where two or more people disagree and…	/ˈlɔˌs(j)ut/
6810	shelly	Composed of the shells of dead marine creatures	/ˈʃɛli/
6811	clap	The act of striking the palms of the hands, or any two…	/klæp/
6812	mustache	US standard spelling of moustache	/ˈmʌstæʃ/
6813	offence	UK, Australia, New Zealand, and Canada standard spelling of…	/əˈfɛns/
6814	med	Clipping of medical	/mɛːd/
6815	sultan	A hereditary ruler in various Muslim states, varying from…	/ˈsʌltən/
6816	attraction	The tendency to attract	/əˈtɹækʃn̩/
6817	franco	The CFA franc as used in Equatorial Guinea, worth 4 ekwele	/ˈfɹæŋkoʊ/
6818	courts	An enclosed space; a courtyard; an uncovered area shut in…	/kɔɹts/
6819	fortress	A fortified place; a large and permanent fortification,…	/ˈfoɹ.tɹɪs/
6820	café	A coffee shop; an establishment selling coffee and…	/ˌkæˈfeɪ/
6821	peel	To remove the skin or outer covering of	/piːl/
6822	petrol	A fluid consisting of a mixture of refined petroleum…	/ˈpɛt.ɹəl/
6823	disappears	To vanish	/ˌdɪsɐˈpɪɹz/
6824	asset	A thing or quality that has value, especially one that…	/ˈæsɛt/
6825	warp	The state, quality, or condition of being physically bent…	/ˈwoɹp/
6826	workshop	A room, especially one which is not particularly large,…	/ˈwɝk.ʃɑp/
6827	traps	A machine or other device designed to catch animals, either…	/tɹæps/
6828	appreciated	To be grateful or thankful for	/ɐˈpɹiːʃɪˌeɪɾᵻd/
6829	condemned	Having received a curse to be doomed to suffer eternally	/kənˈdɛmd/
6830	muttering	Something that is muttered	/ˈmʌɾɚɹɪŋ/
6831	shook	To cause to move rapidly in opposite directions…	/ʃɵk/
6832	naval	Of or relating to a navy	/ˈneɪvəl/
6833	egyptian	Of, from, or pertaining to Egypt, the Egyptian people or…	/əˈd͡ʒɪpʃən/
6834	expand	To change from a smaller form or size to a larger one; to…	/ɪkˈspænd/
6835	sunrise	The time of day when the sun appears above the eastern…	/ˈsʌnɹaɪz/
6836	swine	A pig, an animal of family Suidae, especially in…	/swaɪn/
6837	jingle	The sound of metal or glass clattering against itself	/ˈd͡ʒɪŋɡ(ə)l/
6838	lordship	The state or condition of being a lord	/ˈlɔɹd.ʃɪp/
6839	peach	Any tree of species Prunus persica, native to China and now…	/ˈpiːt͡ʃ/
6840	filmed	To record on photographic film	/fɪlmd/
6841	oughta	Contraction of ought to	/ˈɔtə/
6842	selection	The process or act of selecting	/səˈlɛkʃən/
6843	squeaking	A sound that squeaks	/ˈskwiːkɪŋ/
6844	condom	A flexible sleeve made of latex or other impermeable…	/ˈkɑn.dəm/
6845	barbie	A barbecue	/ˈbɑɹbi/
6846	alongside	Along the side; by the side; side by side; abreast	/əˌlɔŋˈsaɪd/
6847	risking	To incur risk of	/ˈɹɪskɪŋ/
6848	democratic	Pertaining to democracy; constructed upon or in line with…	/ˌdɛməˈkɹætɪk/
6849	nerd	A person who is intellectual but generally introverted	/nɝd/
6850	dancers	A person who dances, usually as a hobby, an occupation, or…	/ˈdænsɚz/
6851	crook	A bend; turn; curve; curvature; a flexure	/kɹɵk/
6852	mack	Ellipsis of Mack truck	/mæk/
6853	grasp	To grip; to take hold, particularly with the hand	/ɡɹæsp/
6854	translate	To change spoken words or written text from one language to…	/tɹænzˈleɪt/
6855	behaving	To conduct well, or in a given way; to conform	/ˈbᵻheɪvɪŋ/
6856	humiliating	Liable to humiliate, degrade, shame or embarrass someone	/hjuːˈmɪliˌeɪtɪŋ/
6857	quarrel	A dispute or heated argument	/ˈkwɔɹəl/
6858	lively	Vigorously	/ˈlaɪv.li/
6859	fury	Extreme anger	/ˈfjʊɹ.i/
6860	policemen	A police officer, usually a male	/pəˈliːsmɛn/
6861	sensei	A martial arts instructor; especially one for a Japanese…	/ˈsɛnseɪ/
6862	elders	A leader or senior member of a tribe or community, often of…	/ˈɛldɚz/
6863	battlefield	The area where a land battle is fought, which may not…	/ˈbætəlˌfiːld/
6864	sticky	Tending to stick; able to adhere via the drying of a…	/ˈstɪki/
6865	glen	A secluded and narrow valley, especially one with a river…	/ɡlɛn/
6866	primitive	An original or primary word; a word not derived from…	/ˈpɹɪmɪtɪv/
6867	reign	The exercise of sovereign power	/ɹeɪ̯n/
6868	stash	A collection, sometimes hidden	/stæʃ/
6869	evolved	Having arisen through a process of evolution or iterative…	/ɪˈvɑːlvd/
6870	shifts	A movement to do something, a beginning	/ˈʃɪfts/
6871	unlock	To undo or open a lock or something locked by, for example,…	/ʌnˈlɑk/
6872	devices	Any piece of equipment made for a particular purpose,…	/dəˈvaɪsɪz/
6873	peculiar	Out of the ordinary; odd; strange; unusual	/pɪˈkjul.jɚ/
6874	talents	A marked natural ability or skill	/ˈtælənts/
6875	foreigners	A person from a foreign country	/ˈfɔɹ.ɪ.nɚz/
6876	snacks	A light meal	/ˈsnæks/
6877	mint	A building or institution where money is produced under…	/mɪnt/
6878	pissing	To urinate	/ˈpɪsɪŋ/
6879	fuse	A wick or cord used to convey flame to gunpowder, a bomb,…	/fjuːz/
6880	towers	A tall, narrow structure significantly taller than it is…	/ˈtaʊɚz/
6881	freezer	An appliance or room used to store food or other perishable…	/ˈfɹizɚ/
6882	inheritance	The passing of title to an estate upon death	/ɪnˈhɛɹɪtəns/
6883	villages	A rural habitation of size between a hamlet and a town	/ˈvɪlɪd͡ʒɪz/
6884	jewel	A precious or semi-precious stone; gem, gemstone	/d͡ʒul/
6885	bollocks	The testicles	/ˈbɒ.ləks/
6886	shells	Alternative name for conchiglie, a type of pasta	/ʃɛlz/
6887	swept	Cleared of mines	/ˈswɛpt/
6888	recognition	The act of recognizing or the condition of being recognized	/ˌɹɛkəɡˈnɪʃ(ə)n/
6889	shovel	A hand tool with a handle, used for moving portions of…	/ˈʃʌv.əl/
6890	artistic	Having or revealing creative skill	/ɑɹˈtɪs.tɪk/
6891	qualities	The kind, condition, and/or the set of characteristics of…	/ˈkwɑləˌtiz/
6892	ferry	To carry; transport; convey	/ˈfɛɹi/
6893	darren	A middle-aged white man exhibiting a sense of entitlement…	/ˈdæɹən/
6894	misunderstood	Not comprehended correctly	/ˌmɪs.ʌn.dɚˈstʊd/
6895	portal	An entrance, entry point, or means of entry	/ˈpɔːɹtl̩/
6896	atomic	Of or relating to atoms; composed of atoms; monatomic	/əˈtɑː.mɪk/
6897	ava	Alternative form of kava	/ɑː.və/
6898	claiming	To demand ownership of	/ˈkleɪmɪŋ/
6899	examined	To observe carefully or critically to learn about someone…	/ɪɡˈzæmɪnd/
6900	defensive	Intended for defence; protective	/dɪˈfɛn.sɪv/
6901	kat	An ancient Egyptian unit of weight, one fiftieth of an…	/ˈkæt/
6902	sensation	A physical feeling or perception from something that comes…	/sɛnˈseɪʃən/
6903	increasing	On the increase	/ɪnˈkɹiːsɪŋ/
6904	fugitive	A person who flees or escapes and travels secretly from…	/ˈfjuːd͡ʒɪtɪv/
6905	urban	Of, pertaining to, characteristic of, or happening or…	/ˈɝ.bən/
6906	visions	The sense or ability of sight	/ˈvɪʒənz/
6907	bathing	To wash a person or animal in a bath	/ˈbeɪˌðɪŋ(ɡ)/
6908	gregory	Shortened form of Gregory Peck, a neck	/ˈɡɹɛɡ(ə)ɹi/
6909	delight	Joy; pleasure	/dəˈlaɪt/
6910	iot	Initialism of interoperator tariff	/ˈɪət/
6911	genes	A theoretical unit of heredity of living organisms which…	/d͡ʒiːnz/
6912	boundaries	The dividing line or location between two areas	/ˈbaʊnd(ə)ɹiz/
6913	caution	Prudence when faced with, or when expecting to face,…	/ˈkɔːʃ(ə)n/
6914	strangled	To kill someone by squeezing the throat so as to cut off…	/ˈstɹæŋɡəld/
6915	thorough	Painstaking and careful not to miss or omit any detail	/ˈθɝoʊ/
6916	ike	An Eisenhower dollar	/aɪk/
6917	bites	The act of biting	/baɪts/
6918	nude	Without clothing or other covering of the skin; without…	/n(j)uːd/
6919	tidy	Arranged neatly and in order	/ˈtaɪ.di/
6920	tate	Of video games, a vertical mode	/tɑːteɪ/
6921	obligation	The act of binding oneself by a social, legal, or moral tie…	/ˌɒb.lɪˈɡeɪ.ʃn̩/
6922	clearance	The act of clearing or something cleared	/ˈklɪɚ.əns/
6923	reserved	Self-restrained in the expression of emotions or opinions	/ɹɪˈzɝvd/
6924	nasa	Synonym of Paez	/ˈnæsɐ/
6925	spock	A person or character like a Star Trek Vulcan; someone…	/spɒk/
6926	reflect	To bend back from a surface	/ɹɪˈflɛkt/
6927	jammed	Stuck	/dʒæmd/
6928	sleeve	The part of a garment that covers the arm	/sliv/
6929	classy	Elegant, highly stylish or fashionable	/ˈklɑːsi/
6930	fag	In textile inspections, a rough or coarse defect in the…	/fæɡ/
6931	bananas	Crazy, mad, nuts	/bəˈnæ.nəz/
6932	ex-husband	A former husband	/ˈɛksˈhʌsbənd/
6933	saints	A deceased person whom a church or another religious group…	/seɪnts/
6934	longest	Having much distance in space from one end to the other	/ˈlɔŋɡəst/
6935	confirmation	An official indicator that things will happen as planned	/ˌkɑn.fəɹˈmeɪ.ʃən/
6936	mushrooms	Any of the fleshy fruiting bodies of fungi typically…	/ˈmʌʃɹuːmz/
6937	finals	A final examination; a test or examination given at the end…	/ˈfaɪnəlz/
6938	millionaire	Somebody whose wealth is at least one million currency units	/ˌmɪl.jəˈnɛɹ/
6939	adoption	The act of adopting	/əˈdɑp.ʃən/
6940	wired	To fasten with wire, especially with reference to wine…	/waɪɹd/
6941	comet	A small Solar System body consisting mainly of volatile…	/ˈkɒmɪt/
6942	handing	To give, pass or transmit with the hand, literally or…	/ˈhændɪŋ/
6943	cheerful	Noticeably happy and optimistic	/ˈt͡ʃɪɹfl̩/
6944	deb	A debutante	/ˈdɛb/
6945	acceptable	Worthy, decent, sure of being accepted or received with at…	/əkˈsɛp.tə.bəl/
6946	realistic	Expressed or represented as being accurate, practicable, or…	/ˌɹɪəˈlɪs.tɪk/
6947	waits	A delay	/weɪts/
6948	sufficient	An adequate quantity of; enough	/səˈfɪʃənt/
6949	cosmic	Of or from or pertaining to the cosmos or universe	/ˈkɑz.mɪk/
6950	intellectual	Pertaining to, or performed by, the intellect; mental or…	/ˌɪntəˈlɛkt͡ʃʊəl/
6951	vomit	To regurgitate or eject the contents of the stomach through…	/ˈvɑmɪt/
6952	warmth	A moderate degree of heat; the sensation of being warm	/wɔɹmθ/
6953	magnum	A bottle containing 1.5 liters of fluid, double the volume…	/ˈmæɡnəm/
6954	associated	Connected with something or another person	/əˈsoʊʃieɪtɪd/
6955	alas	A type of geological depression formed by the subsidence of…	/əˈlæs/
6956	engineers	A soldier engaged in designing or constructing military…	/ˌɛnd͡ʒɪˈnɪɹz/
6957	offend	To hurt the feelings of; to displease; to make angry; to…	/əˈfɛnd/
6958	overwhelming	Overpowering, staggering, or irresistibly strong	/ˌoʊvɚˈwɛlmɪŋ/
6959	sherry	A fortified wine produced in Jerez de la Frontera in Spain,…	/ˈʃɛɹi/
6960	inherited	Obtained via an inheritance	/ɪnˈhɛɹɪtɪd/
6961	whooping	To make a whoop	/ˈwuːpɪŋ/
6962	scars	A permanent mark on the skin, sometimes caused by the…	/skɑɹz/
6963	purposes	The end for which something is done, is made or exists	/ˈpɝ.pə.sɪz/
6964	robbing	To steal from, especially using force or violence	/ˈɹɑːbɪŋ/
6965	refrigerator	A household or commercial appliance used for keeping food…	/ɹɪˈfɹɪd͡ʒ.əˌɹeɪ.tɚ/
6966	instructor	One who instructs; a teacher	/ɪnˈstɹʌktɚ/
6967	moms	Mother	[mɑmz]
6968	overtime	Exceeding regular working hours	/ˈoʊ.vɚˌtaɪm/
6969	percy	A male person regarded as unmanly or weak; a sissy	/ˈpɝki/
6970	laurel	An evergreen shrub of species Laurus nobilis, having…	/ˈlɔɹ.əl/
6971	females	An animal of the sex that produces eggs	/ˈfiː.meɪlz/
6972	sacrifices	Originally, the killing of a human being or an animal as an…	/ˈsæk.ɹɪˌfaɪ.sɪz/
6973	representing	An act of representation	/ɹɛpɹɪˈzɛntɪŋ/
6974	drift	Anything driven at random	/dɹɪft/
6975	ruthless	Without pity or compassion; cruel, pitiless	/ˈɹuːθləs/
6976	'a	Alternative form of a	
6977	po	The police	/pəʊ/
6978	arguments	A fact or statement used to support a proposition; a reason	/ˈɑɹɡjəmənts/
6979	crappy	Of very poor quality; unpleasant; distasteful	/ˈkɹæpi/
6980	musicians	A composer, conductor, or performer of music; specifically,…	/mjuːˈzɪʃənz/
6981	depressing	Causing depression or sadness	/dɪˈpɹɛsɪŋ/
6982	lasts	A tool in the form of a foot on which an item of footwear…	/læsts/
6983	doom	Destiny, especially terrible	/duːm/
6984	milo	sorghum	/ˈmaɪloʊ/
6985	cant	An argot, the jargon of a particular class or subgroup	/kænt/
6986	backpack	A knapsack, sometimes mounted on a light frame, but always…	/ˈbæk.pæk/
6987	aisle	A wing of a building, notably in a church separated from…	/aɪ̯l/
6988	insulting	Containing insult, or having the intention of insulting	/ɪnˈsʌltɪŋ/
6989	edition	A written work edited and published, as by a certain editor…	/ɪˈdɪʃ(ə)n/
6990	losses	The result of no longer possessing an object, a function,…	/ˈlɔsᵻz/
6991	sh	Alternative form of Sh. Abbreviation of Shri	/ˌɛˈseɪtʃ/
6992	preacher	Someone who preaches a worldview, philosophy, or religion,…	/ˈpɹit͡ʃɚ/
6993	schmidt	Ellipsis of Schmidt telescope	/ʃmɪt/
6994	swinging	To rotate about an off-centre fixed point	/ˈswɪŋɪŋ/
6995	managing	To direct or be in charge of	/ˈmæn.ɪ.d͡ʒɪŋ/
6996	sinking	A basin used for holding water for washing	/ˈsɪŋkɪŋ/
6997	lacey	Alternative spelling of lacy	/ˈleɪsi/
6998	casting	To throw	/ˈkæstɪŋ/
6999	trials	An occasion on which a person or thing is tested to find…	/ˈtɹaɪəlz/
7000	demonstrate	To show how to use	/ˈdɛm.ənˌstɹeɪt/
7001	diseases	An abnormal condition of a human, animal or plant that…	/dɪˈzi.zɪz/
7002	beggar	A person who begs	/ˈbɛɡɚ/
7003	amounts	The total, aggregate or sum of material	/əˈmaʊnts/
7004	traced	To follow the trail of	/ˈtɹeɪst/
7005	raven	Any of several, generally large, species of birds in the…	/ˈɹeɪvən/
7006	activate	To encourage development or induce increased activity; to…	/ˈæktɪˌveɪt/
7007	slapped	To strike someone, typically with an open hand, often on…	/ˈslæpt/
7008	heroic	Of or relating to a hero or heroine; supremely noble	/hɪˈɹoʊ.ɪk/
7009	roar	To make a loud, deep cry, especially from pain, anger, or…	/ˈɹoɹ/
7010	queer	Queerly	/kwɪɹ/
7011	uk	Initialism of “you know”	/ˌjuːˈkeɪ/
7012	matching	To agree; to be equal; to correspond	/ˈmæt͡ʃɪŋ/
7013	trump	The suit, in a game of cards, that outranks all others	/tɹʌmp/
7014	resignation	The act of resigning	/ˌɹɛz.ɪɡˈneɪ.ʃən/
7015	newton	In the International System of Units, the derived unit of…	/ˈn(j)uːtən/
7016	sincerely	In a sincere or earnest manner; honestly	/sɪnˈsɪɹli/
7017	stacy	An attractive, genetically gifted and popular woman who is…	/ˈsteɪ.si/
7018	saul	Archaic form of sal	/ˈsɔːl/
7019	madman	A man who is insane or mentally disturbed	/ˈmædˌmæn/
7020	jenkins	A narrow excavation driven through a pillar of coal	/ˈd͡ʒɛŋkɪnz/
7021	poke	To prod or jab with an object such as a finger or a stick	/poʊk/
7022	spicy	Of, pertaining to, or containing spice	/ˈspaɪsi/
7023	swap	To exchange or give in an non-normal exchange	/ˈswɑp/
7024	programs	A set of structured activities; a plan of action	/ˈpɹoʊ.ɡɹæmz/
7025	sheer	Very thin or transparent	/ʃɪɚ/
7026	spaceship	A manned vehicle that flies through space	/ˈspeɪsʃɪp/
7027	blink	To close and reopen both eyes quickly	/ˈblɪŋk/
7028	steer	To guide the course of a vessel, vehicle, aircraft etc	/stɪɹ/
7029	males	A human member of the masculine sex or gender	/meɪlz/
7030	injection	The act of injecting, or something that is injected	/ɪnˈd͡ʒɛk.ʃən/
7031	ant	Any of various insects in the family Formicidae in the…	/ænt/
7032	reform	The change of something that is defective, broken,…	/ˌɹiːˈfɔɹm/
7033	mother-in-law	The mother of one's spouse	/ˈmʌ.ðəɹ.ɪnˌlɔː/
7034	properties	Something that is owned	/ˈpɹɑpɚtiz/
7035	virtually	Almost but not quite	/ˈvɚ.t͡ʃə.wə.li/
7036	camps	An outdoor place acting as temporary accommodation in tents…	/kæmps/
7037	tapping	An act of making a light hit or strike against something	/ˈtæpɪŋ/
7038	tequila	An alcoholic liquor distilled from the fermented juice of…	/ˌtəˈkiː.lə/
7039	inquiry	The act of inquiring; a seeking of information by asking…	/ɪnˈkwaɪ(ə)ɹi/
7040	fainted	To lose consciousness through a lack of oxygen or nutrients…	/ˈfeɪntᵻd/
7041	formation	The act of assembling a group or structure	/fɔɹˈmeɪʃ(ə)n/
7042	shields	A broad piece of defensive armor, held in hand, formerly in…	/ˈʃiːldz/
7043	escaping	To get free; to free oneself	/ɪsˈkeɪpɪŋ/
7044	unemployed	Having no job despite being able and willing to work	/ˌʌnɪmˈplɔɪd/
7045	murdering	Exceedingly; terribly; incredibly	/ˈmɜːdɚɹɪŋ/
7046	interviewed	To ask questions of; to have an interview	/ˈɪn.tɚ.vjuːd/
7047	striking	To delete or cross out; to scratch or eliminate	/ˈstɹaɪkɪŋ/
7048	vows	A solemn promise to perform some act, or behave in a…	/ˈvaʊz/
7049	donovan	A potato	/ˈdɒnəvɪn/
7050	antique	Having existed in ancient times, descended from antiquity;…	/ˌænˈtik/
7051	il	Intermediate language	/ˈɪl/
7052	sherlock	To deduce	/ˈʃɜɹ.lɒk/
7053	puke	vomit	/pjuːk/
7054	hysterical	Of, or arising from hysteria	/hɪˈstɛɹɪkəl/
7055	taller	Having great vertical extent when standing	/ˈtɔ.lɚ/
7056	employment	The occupation or work for which one is used, and often paid	/ɪmˈplɔɪmənt/
7057	thats	whose, of which	/ˈðæts/
7058	agrees	To be in harmony about an opinion, statement, or action; to…	/əˈɡɹiːz/
7059	dodge	To avoid by moving suddenly out of the way	/dɑd͡ʒ/
7060	unite	To bring together as one	/juˈnaɪt/
7061	mumbling	An act in which someone mumbles something	/ˈmʌmblɪŋ/
7062	rabbits	A mammal of most genera of the family Leporidae, with long…	/ˈɹæbɪts/
7063	repeating	To do or say again	/ɹɪˈpiːtɪŋ/
7064	mule	The generally sterile male or female hybrid offspring of a…	/mjuːl/
7065	locals	A person who lives in or near a given place	/ˈloʊkəlz/
7066	neighbourhood	British standard spelling of neighborhood	/ˈneɪbə.hʊd/
7067	hayes	A shark	/ˈheɪz/
7068	bats	Mad, insane	/bæts/
7069	beliefs	Mental acceptance of a claim as true	/ˈbᵻliːfs/
7070	spared	To desist; to stop; to refrain	/ˈspɛɹd/
7071	vegetable	A plant raised for some edible part of it, such as the…	/ˈvɛd͡ʒ.tə.bəl/
7072	liv	A member of the Livonian people	/lɪv/
7073	bunker	A hardened shelter, often partly buried or fully…	/ˈbʌŋ.kɚ/
7074	channels	The hollow bed of running waters; the bed of the sea or…	/ˈt͡ʃænəlz/
7075	phenomenon	A thing or being, event or process, perceptible through…	/fəˈnɑ.məˌnɑn/
7076	hips	The outward-projecting parts of the pelvis and top of the…	/hɪps/
7077	expelled	To eject	/ɛksˈpɛld/
7078	languages	A body of words, and set of methods of combining them,…	/ˈlæŋ.ɡwɪ.d͡ʒɪz/
7079	iv	Abbreviation of intravenous	/ˌaɪ ˈviː/
7080	premises	Land, and all the built structures on it, especially when…	/ˈpɹɛmɪsɪz/
7081	pronounce	To declare formally, officially or ceremoniously	/pɹəˈnaʊns/
7082	ng	Not OK. Initialism of no good	/ˌɛndˈʒiː/
7083	bridges	A construction spanning a waterway, ravine, or valley from…	/ˈbɹɪd͡ʒɪz/
7084	ape	An anthropoid of the superfamily Hominoidea, generally…	/eɪp/
7085	bruises	A purplish mark on the skin due to leakage of blood from…	/ˈbɹuːzɪz/
7086	convict	To find guilty, as a result of legal proceedings, or in a…	/ˈkɑnvɪkt/
7087	prettier	Pleasant to the sight or other senses; attractive,…	/ˈpɹɪɾiɚ/
7088	elections	A process of choosing a leader, members of parliament,…	/ɪˈlɛkʃ(ə)nz/
7089	annoyed	Troubled, irritated by something unwanted or unliked; vexed	/əˈnɔɪd/
7090	hometown	An individual’s place of birth, childhood home, or place of…	/ˈhoʊmˌtaʊn/
7091	earrings	A piece of jewelry worn on the ear	/ˈɪɹɪŋz/
7092	discreet	Respectful of privacy or secrecy; exercising caution in…	/dɪˈskɹiːt/
7093	poured	To cause to flow in a stream, either out of a container or…	/pɔɹd/
7094	morphine	A crystalline alkaloid, extracted from opium, the salts of…	/ˈmɔɹˌfin/
7095	jun	A monetary unit of North Korea and formerly of South Korea,…	/dʒʌn/
7096	narrating	An act of narration	/nɚˈɹeɪɾɪŋ/
7097	rookie	An inexperienced recruit, especially in the police or armed…	/ˈɹʊki/
7098	peanuts	Especially of a salary: a very insufficient or small amount	/ˈpiˌnʌts/
7099	camel	A mammalian beast of burden, much used in desert areas, of…	/ˈkæm(ə)l/
7100	abe	A five-dollar bill	/əˈbi/
7101	chewing	The act by which something is chewed on; mastication	/ˈtʃuːɪŋ/
7102	imagining	To form a mental image of something; to envision or create…	/ɪˈmædʒɪnɪŋ/
7103	runner	A person who moves, on foot, at a fast pace, especially an…	/ˈɹʌnɚ/
7104	tomatoes	A widely cultivated plant, Solanum lycopersicum, having…	/təˈmeɪɾoʊz/
7105	sponsor	A person or organization with some sort of responsibility…	/ˈspɑn.sɚ/
7106	fulfilled	Emotionally satisfied; feeling a sense of fulfilment	/fʊlˈfɪld/
7107	probe	Any of various medical instruments used to explore wounds,…	/pɹoʊb/
7108	karate	An Okinawan martial art involving primarily punching and…	/kəˈɹɑ.ti/
7109	grease	Animal fat in a melted or soft state	/ɡɹis/
7110	dinosaurs	Those animals of the clade Dinosauria that existed during…	/ˈdaɪnəˌsɔːɹz/
7111	rebellion	Armed resistance to an established government or ruler	/ɹɪˈbɛl.i.ən/
7112	lone	Solitary; having no companion	/loʊn/
7113	nan	Synonym of nursemaid	/næn/
7114	underestimate	To estimate too low; to perceive as having a lower value,…	/ʌndɚˈɛs.tɪ.meɪt/
7115	acres	An English unit of land area originally denoting a day's…	/ˈeɪ.kɚz/
7116	hacked	To chop or cut down in a rough manner	/hækt/
7117	barber	A person whose profession is cutting the hair and beards of…	/ˈbɑɹ.bɚ/
7118	mining	To remove from the ground	/ˈmaɪnɪŋ/
7119	aged	To grow aged; to become old or older; to show marks of age	/eɪdʒd/
7120	designs	A specification of an object or process, referring to…	/dɪˈzaɪnz/
7121	preferred	To be in the habit of choosing something rather than…	/pɹɪˈfɝd/
7122	onions	A monocotyledonous plant, allied to garlic, used as…	/ˈʌn.jənz/
7123	stray	Any domestic animal that lacks an enclosure, proper place,…	/stɹeɪ/
7124	void	Containing nothing; empty; not occupied or filled	/vɔɪd/
7125	sixteen	The cardinal number occurring after fifteen and before…	/ˈsɪks.tiːn/
7126	slower	Taking a long time to move or go a short distance, or to…	/ˈsloʊɚ/
7127	sabotage	A deliberate action aimed at weakening someone or…	/ˈsæb.əˌtɑʒ/
7128	rabbi	A Jewish scholar or teacher of halacha, capable of making…	/ˈɹæ.baɪ/
7129	concerning	Regarding, respecting	/kənˈsɝnɪŋ/
7130	holt	A small piece of woodland or a woody hill; a copse	/hoʊlt/
7131	noted	To notice with care; to observe; to remark; to heed	/ˈnoʊtɪd/
7132	dental	Of or concerning the teeth	/ˈdɛn.təl/
7133	squirrel	Any of the rodents of the family Sciuridae	/ˈskwɝ(ə)l/
7134	committing	To give in trust; to put into charge or keeping; to…	/kəˈmɪtɪŋ/
7135	werewolf	A person who is transformed or can transform into a wolf or…	/ˈwɛəɹwʊlf/
7136	slipping	To lose one’s traction on a slippery surface; to slide due…	/ˈslɪpɪŋ/
7137	mm-mm	no	/ˈm.m/
7138	matthews	plural of Matthew	/ˈmæθjuːz/
7139	explosions	A violent release of energy; an act or instance of exploding	/ɛksˈploʊʒənz/
7140	seo	Initialism of search engine optimization	/ˈsiːoʊ/
7141	russ	Of or relating to the Russians	/ˈɹʌs/
7142	ignoring	To deliberately not listen or pay attention to	/ɪɡˈnɔːɹɪŋ/
7143	infinite	Infinitely many	/ˈɪnfɪnɪt/
7144	cavalry	An individual unit of this arm of service	/ˈkæ.vəl.ɹi/
7145	lam	To beat or thrash	/læm/
7146	bomber	A military aircraft designed to carry and drop bombs	/ˈbɑmɚ/
7147	ruling	To regulate, be in charge of, make decisions for, reign over	/ˈɹulɪŋ/
7148	boiling	Extremely	/ˈbɔɪlɪŋ/
7149	needles	A long, thin, sharp implement usually for piercing as in…	/ˈniːdəlz/
7150	semester	Half of a school year or academic year such as autumn or…	/sɪˈmɛstɚ/
7151	irrelevant	Not relevant, as	/ɪˈɹɛləvənt/
7152	savior	A person who saves someone, rescues another from harm	/ˈseɪvjɚ/
7153	veil	Something hung up or spread out to hide or protect the…	/veɪl/
7154	tramp	The act of walking with heavy steps	/ˈtɹæmp/
7155	deepest	Extending far down from the top, or surface, to the bottom,…	/ˈdiːpɪst/
7156	perfection	The quality or state of being perfect or complete, so that…	/pɚˈfɛk.ʃən/
7157	shutting	To remove or block an opening, gap or passage through	/ˈʃʌtɪŋ/
7158	tiffany	Ellipsis of Tiffany glass	/ˈtɪfəni/
7159	mentor	A wise and trusted counselor or teacher	/ˈmɛn.toɹ/
7160	branches	The woody part of a tree arising from the trunk and usually…	/ˈbɹɑːntʃɪz/
7161	enthusiasm	An intensity of feeling; an excited interest or eagerness	/ɪnˈθuziæzəm/
7162	arena	An enclosed area, often outdoor, for the presentation of…	/əˈɹiːnə/
7163	listens	An instance of listening	/ˈlɪsənz/
7164	hardware	Fixtures, equipment, fasteners, tools, and devices used for…	/ˈhɑɹdˌwɛɹ/
7165	greatly	To a great extent or degree	/ˈɡɹeɪ̯t.li/
7166	battalion	An army unit having two or more companies, etc. and a…	/bəˈtæl.jən/
7167	moustache	A growth of facial hair between the nose and the upper lip	/ˈmʌstæʃ/
7168	irresponsible	Lacking a sense of responsibility; performed or acting as…	/ˌɪɹ.əˈspɑn.sə.bəl/
7169	audio	Focused on audible sound, as opposed to sight	/ˈɑ.di.oʊ/
7170	ga	A member of a particular ethnic group in Ghana and Togo	/ˈɡɑː/
7171	initiative	In which voter initiatives can be brought to the ballot	/ɪˈnɪʃ.ə.tɪv/
7172	sweaty	Covered in sweat	[ˈswɛɾi]
7173	noel	A kind of hymn, or canticle, of mediaeval origin, sung in…	/nəʊˈɛl/
7174	requests	To ask for	/ɹɪˈkwɛsts/
7175	distraction	Something that distracts	/dɪsˈtɹæk.ʃən/
7176	parrot	A kind of bird, many species of which are colorful and able…	/ˈpæɹət/
7177	steed	A bicycle or other vehicle	/stiːd/
7178	entertaining	Very amusing; that entertains	/ˌɛntəɹˈteɪnɪŋ/
7179	whipped	Of food: prepared by whipping or beating	/ʍɪpt/
7180	proving	To demonstrate that something is true or viable; to give…	/ˈpɹuːvɪŋ/
7181	assaulted	To attack, physically or figuratively; to assail	/ɐˈsɔltᵻd/
7182	piggy	A pig	/ˈpɪɡi/
7183	pause	To take a temporary rest, take a break for a short period…	/pɔːz/
7184	surviving	Of a person, to continue to live; to remain alive	/sɚˈvaɪvɪŋ/
7185	funding	The action of the verb fund	/ˈfʌndɪŋ/
7186	dinosaur	Those animals of the clade Dinosauria that existed during…	/ˈdaɪnəsoɹ/
7187	acquaintance	A state of being acquainted with a person; originally…	/ʌˈkweɪn.təns/
7188	bedtime	The time or hour at which one retires to bed in order to…	/ˈbɛdtaɪm/
7189	rail	A horizontal bar extending between supports and used for…	/ɹeɪ(ə)l/
7190	rooster	A male domestic chicken or other gallinaceous bird	/ˈɹustɚ/
7191	cowards	A person who lacks courage	/ˈkaʊɚdz/
7192	hastings	An act of urging onward	/ˈheɪstɪŋz/
7193	container	An item in which objects, materials or data can be stored…	/kənˈteɪ.nəɹ/
7194	secured	To make safe; to relieve from apprehensions of, or exposure…	/səˈkjʊɹd/
7195	tossed	To throw with an initial upward direction	/tɔst/
7196	stripper	Someone who removes their clothing in a sexually…	/stɹɪpɚ/
7197	steele	Obsolete spelling of steel	/ˈstiːl/
7198	waving	To move back and forth repeatedly and somewhat loosely	/ˈweɪvɪŋ/
7199	clamoring	A sound that clamors	/ˈklæmɚɹɪŋ/
7200	banker	One who conducts the business of banking; one who,…	/ˈbæŋkɚ/
7201	bacteria	A type, species, or strain of bacterium	/bækˈtɪɹ.i.ə/
7202	indicates	To point out; to discover; to direct to a knowledge of; to…	/ˈɪndɪkeɪts/
7203	assassination	The murder of a person, especially for political reasons or…	/əˌsæs.ɪˈneɪ.ʃən/
7204	starring	To appear as a featured performer or headliner, especially…	/ˈstɑːɹɹɪŋ/
7205	drawings	A picture, likeness, diagram or representation, usually…	/ˈdɹɔ.ɪŋz/
7206	cupboard	A cabinet, closet, or other piece of furniture with shelves…	/ˈkʌbəɹd/
7207	sanctuary	A place of safety, refuge, or protection	/ˈsæŋkt͡ʃuˌɛɹi/
7208	surgical	Of, relating to, used in, or resulting from surgery	/ˈsɝd͡ʒɪkəl/
7209	pairs	Two alike or identical things taken together; often…	/pɛɹz/
7210	purely	Wholly; really, completely	/ˈpjʊɹli/
7211	temptation	The act of tempting	/ˌtɛmpˈteɪʃən/
7212	elderly	old; having lived for relatively many years	/ˈɛldɚli/
7213	vibe	An atmosphere or aura felt to belong to a person, place or…	/vaɪb/
7214	profound	Descending far below the surface; opening or reaching to…	/pɹəˈfaʊnd/
7215	gong	A percussion instrument consisting of a metal disk that…	/ɡɔŋ/
7216	transformed	Given a completely different form or appearance	/tɹænsˈfɔɹmd/
7217	crop	A plant, grown for it, or its fruits or seeds, to be…	/kɹɑp/
7218	detailed	To explain in detail	/dɪˈteɪld/
7219	scrap	A piece; a fragment; a detached, incomplete portion	/ˈskɹæp/
7220	abigail	A lady's maid	/ˈa.bɪ.ɡeɪl/
7221	careless	Not concerned or worried	/kɛɹ.ləs/
7222	dove	A pigeon, especially one smaller in size and white-colored;…	/doʊv/
7223	sloppy	Composed of or covered in slop; very wet	/ˈslɑ.pi/
7224	hideous	Extremely or shockingly ugly	/ˈhɪd.i.əs/
7225	lizard	Any reptile of the order Squamata that is not a snake or…	/ˈlɪzɚd/
7226	separation	The act of disuniting two or more things, or the condition…	/ˌsɛp.əˈɹeɪ.ʃən/
7227	intern	A person who is interned, forcibly or voluntarily	/ɪnˈtɝn/
7228	tab	A small flap or strip of material attached to or inserted…	/tæb/
7229	psych	Clipping of psychiatry	/saɪk/
7230	ranks	A row of people or things organized in a grid pattern,…	/ɹæŋks/
7231	parish	An administrative part of a diocese that has its own church	/ˈpæɹɪʃ/
7232	booty	A form of prize which, when a ship was captured at sea,…	/ˈbuti/
7233	peasant	A member of the lowly social class that toils on the land,…	/ˈpɛzənt/
7234	squeal	A high-pitched sound, such as the scream of a child or a…	/skwil/
7235	oooh	Elongated form of ooh	/ˈuːoʊ/
7236	comb	A toothed implement for grooming the hair or for keeping it…	/koʊm/
7237	bash	To strike heavily; to beat	/bæʃ/
7238	restored	Pertaining to something or someone renewed or rebuilt	/ɹɪˈstɔɹd/
7239	platoon	A unit of thirty to forty soldiers typically commanded by a…	/pləˈtuːn/
7240	junkie	A narcotics addict, especially a heroin user	/ˈd͡ʒʌŋki/
7241	involves	To have as a component or a related part; to comprise, to…	/ɪnˈvɑːlvz/
7242	rupert	A junior army officer	/ˈɹupɚt/
7243	norm	That which is normal or typical	/noɹm/
7244	carrier	A person or object that carries someone or something else	/ˈkæɹi.ɚ/
7245	fatty	Containing, composed of, or consisting of fat	/ˈfæt.i/
7246	difficulties	a series of frustrations	/ˈdɪfɪkəltiz/
7247	producers	An individual or organization that creates goods and…	/pɹəˈduːsɚz/
7248	superb	First-rate; of the highest quality; exceptionally good	/suˈpɝb/
7249	tha	Eye dialect spelling of the	/ða/
7250	candidates	A person who seeks to be elected or appointed to a position…	/ˈkændᵻˌdeɪts/
7251	summoned	To call people together; to convene; to convoke	/ˈsʌmənd/
7252	refuge	A state of safety, protection or shelter	/ˈɹɛfjuːd͡ʒ/
7253	righteous	Free from sin or guilt	/ˈɹaɪt͡ʃəs/
7254	onion	A monocotyledonous plant, allied to garlic, used as…	/ˈʌnj(ə)n/
7255	pickup	In a record player, an electromagnetic component that…	/ˈpɪkʌp/
7256	spells	Words or a formula supposed to have magical powers	/ˈspɛlz/
7257	armies	A large, highly organized military force, concerned mainly…	/ˈɑɹ.miz/
7258	seasons	Each of the divisions of a year based on the prevailing…	/ˈsiːzn̩z/
7259	senor	Alternative spelling of señor	/ˈsɛnɚ/
7260	specialty	That in which one specializes; a chosen expertise or…	/ˈspɛʃ.əl.ti/
7261	thirst	A sensation of dryness in the throat associated with a…	/θɝst/
7262	select	Privileged, specially selected	/sɪˈlɛkt/
7263	rendezvous	A meeting or date	/ˈɹɑndəˌvu/
7264	smiled	To have on one's face	/smaɪld/
7265	colorado	A cigar of medium color and strength	/ˌkɑːlɚˈɹɑːdoʊ/
7266	visa	A permit to enter and leave a country, normally issued by…	/ˈviː.zə/
7267	spice	Aromatic or pungent plant matter used to season or flavor…	/spaɪs/
7268	caller	The person who makes a telephone call	/ˈkɔːlə/
7269	foods	Any solid substance that can be consumed by living…	/fudz/
7270	rational	Capable of reasoning	/ˈɹæʃ(ə)nəl/
7271	scottish	Of a thing or concept, of or pertaining to Scotland	/ˈskɑ.tɪʃ/
7272	cunning	Sly; crafty; clever in surreptitious behaviour	/ˈkʌnɪŋ/
7273	grunt	A short snorting sound, often to show disapproval, or used…	/ɡɹʌnt/
7274	knot	A looping of a piece of string or of any other long,…	/nɑt/
7275	hairs	A pigmented filament of keratin which grows from a follicle…	/ˈhɛɹz/
7276	payments	The act of paying	/ˈpeɪmənts/
7277	granddad	grandfather	/ˈɡɹændæd/
7278	massacre	The killing of a considerable number where little or no…	/ˈmæs.ə.kə(ɹ)/
7279	competitive	Of or pertaining to competition	/kəmˈpɛt.ə.tɪv/
7280	herb	A plant whose stem is not woody and does not persist beyond…	/(h)ɝb/
7281	mae	Alternative letter-case form of Mary	/ˈmiː/
7282	immune	Exempt; not subject to	/ɪˈmjuːn/
7283	grenade	A small explosive device, designed to be thrown by hand or…	/ɡɹəˈneɪd/
7284	regularly	With constant frequency or pattern	/ˈɹɛɡ.jə.lɚ.li/
7285	stakes	The money wagered in gambling	/steɪks/
7286	kilos	Clipping of kilogram	/ˈkiloʊz/
7287	monks	A male member of a monastic order who has devoted his life…	/mʌŋks/
7288	guinea	Synonym of guinea fowl	/ˈɡɪni/
7289	invent	To design a new process or mechanism	/ɪnˈvɛnt/
7290	nursery	Especially in European countries: a room or area in a…	/ˈnɝsəɹi/
7291	protein	Any of numerous large, complex naturally-produced molecules…	/ˈpɹoʊ.tin/
7292	elbow	The joint between the upper arm and the forearm	/ˈɛlboʊ̯/
7293	keller	A beer cellar in Germany or Austria	/ˈkɛlɚ/
7294	clowns	A slapstick performance artist often associated with a…	/klaʊnz/
7295	thirteen	The cardinal number occurring after twelve and before…	/ˌθɝtˈtin/
7296	tattoos	An image made on a body part, usually the skin with ink and…	/tæˈtuːz/
7297	flown	To travel through the air, another gas, or a vacuum,…	/ˈfloʊn/
7298	mustard	A plant of certain species of the genus Brassica, or of…	[ˈmʌs.tɚd]
7299	terrace	A flat open area on the topmost floor of a building or…	/ˈtɛɹəs/
7300	alter	To change the form or structure of	/ˈɔl.təɹ/
7301	transportation	The act of transporting, or the state of being transported;…	/tɹænspɚˈteɪʃən/
7302	lens	An object, usually made of glass, that focuses or defocuses…	/lɛnz/
7303	alaska	Ellipsis of baked Alaska	/əˈlæs.kə/
7304	interference	The act of interfering with something, or something that…	/ˌɪntəɹˈfɪɹɪns/
7305	freakin	Alternative form of freakin'	/ˈfɹiːkɪn/
7306	wont	Accustomed or used, accustomed or apt	/wʌnt/
7307	weep	To cry; to shed tears, especially when accompanied with…	/ˈwiːp/
7308	clive	To climb; ascend	/ˈklaɪv/
7309	mourning	The act of expressing or feeling sorrow or regret;…	/ˈmoɹnɪŋ/
7310	crooked	Not straight; having one or more bends or angles	/kɹʊkɪd/
7311	trainer	A person who trains another; a coach	/ˈtɹeɪnɚ/
7312	janitor	Someone who looks after the maintenance and cleaning of a…	/ˈd͡ʒænɪtɚ/
7313	gradually	In a gradual manner; making slow progress; slowly	/ˈɡɹæd͡ʒuəli/
7314	immigration	The act of immigrating; the passing or coming into a…	/ˌɪmɪˈɡɹeɪʃən/
7315	filth	Dirt; foul matter; that which soils or defiles	/fɪlθ/
7316	momma	A betel nut plus other ingredients to be chewed on	/ˈmɑmə/
7317	father-in-law	One's spouse's father	/ˈfɑːðəɹɪnˌlɔː/
7318	jackass	A male donkey	/ˈd͡ʒækæs/
7319	cho	Pronunciation spelling of your, especially when preceded by…	/t͡ʃoʊ/
7320	reminder	Someone or something that reminds	/ɹɪˈmaɪndəɹ/
7321	culprit	The person or thing at fault for a problem or crime	/ˈkʌlpɹɪt/
7322	innit	Used as a replacement for any other negative tag question,…	/ˈɪ(n).nɪt/
7323	magistrate	A judicial officer with limited authority to administer and…	/ˈmæd͡ʒ.ɪˌstɹeɪt/
7324	jasmine	Any of several plants, of the genus Jasminum, mostly native…	/ˈd͡ʒæzmɪn/
7325	womb	In female mammals, the organ in which the young are…	/wuːm/
7326	texting	To send a text message to; i.e. to transmit text using the…	/ˈtɛkstɪŋ/
7327	injustice	Absence of justice; unjustice	/ɪnˈd͡ʒʌs.tɪs/
7328	figuring	To calculate, to solve a mathematical problem	/ˈfɪɡ.jɚ.ɪŋ/
7329	fracture	An instance of breaking, a place where something has broken	/ˈfɹæk.t͡ʃɚ/
7330	insanity	The state of being insane; madness	/ɪnˈsænɪti/
7331	peasants	A member of the lowly social class that toils on the land,…	/ˈpɛzənts/
7332	blossom	A flower, especially one indicating that a fruit tree is…	/ˈblɑ.səm/
7333	etc	Alternative form of etc	/ˌɛt ˈsɛt(ə)ɹə/
7334	agony	Extreme pain or anguish	/ˈæɡ.ə.ni/
7335	sounding	To produce a sound	/ˈsaʊndɪŋ/
7336	oz	An unreal, magical realm	/aʊns/
7337	elementary	Relating to the basic, essential or fundamental part of…	/ˌɛləˈmɛntəɹi/
7338	seized	To deliberately take hold of; to grab or capture	/siːzd/
7339	teaches	To pass on knowledge to	/ˈtiːtʃᵻz/
7340	phillips	A Phillips screwdriver	/ˈfɪlɪps/
7341	eighteen	The cardinal number occurring after seventeen and before…	/ˈeɪ(t).tin/
7342	shack	A crude, roughly built hut or cabin	/ʃæk/
7343	teen	Synonym of teenager: a person between 13 and 19 years old	/ˈtiːn/
7344	definite	Having distinct limits	/ˈdɛfɪnɪt/
7345	scrub	A thicket or jungle, often specified by the name of the…	/skɹʌb/
7346	ruler	A, flat, rectangular measuring or drawing device with…	/ˈɹulɚ/
7347	mold	A hollow form or matrix for shaping a fluid or plastic…	/moʊld/
7348	contents	That which is contained	/ˈkɑn.tɛnts/
7349	bitten	To cut into something by clamping the teeth	/ˈbɪt.ən/
7350	antidote	A remedy to counteract the effects of poison	/ˈæn.tɪ.doʊt/
7351	saves	An instance of preventing harm or difficulty	/seɪvz/
7352	bunk	One of a series of berths or beds placed in tiers	/bʌŋk/
7353	thor	there	/ˈθɔːɹ/
7354	republican	Advocating or supporting a republic as a form of…	/ɹɪˈpʌblɪkən/
7355	graveyard	A tract of land in which the dead are buried	/ˈɡɹeɪvˌjɑɹd/
7356	attempts	The action of trying at something	/əˈtɛmpts/
7357	aspect	Any specific feature, part, or element of something	/ˈæspɛkt/
7358	relate	To tell in a descriptive way	/ɹɪˈleɪt/
7359	lemonade	A flavored beverage consisting of water, lemon, and…	/ˈlɛmənˌeɪd/
7360	flour	Powder obtained by grinding or milling cereal grains,…	/ˈflaʊ.ɚ/
7361	biology	The study of all life or living matter	/baɪˈɑ.lə.d͡ʒi/
7362	dusty	Covered with dust	/ˈdʌsti/
7363	felony	A serious criminal offense, which, under United States…	/ˈfɛləni/
7364	jax	Initialism of Jakarta XML	/ˈdʒæks/
7365	fundamental	A basic truth, elementary concept, principle, rule, or law.…	/ˌfʌn.dəˈmɛn.təl/
7366	successfully	In a successful manner; with success; without failing	/səkˈsɛs.fə.li/
7367	potentially	In a manner showing much potential; with the possibility of…	/pəˈtɛnʃ(ə)li/
7368	strangely	In a strange or coincidental manner	/ˈstɹeɪnd͡ʒli/
7369	condoms	A flexible sleeve made of latex or other impermeable…	/ˈkɑːndəmz/
7370	quantum	The total amount of something; quantity	/ˈkwɑntəm/
7371	utter	To the furthest or most extreme extent; absolute, complete,…	/ˈʌtəɹ/
7372	activated	To encourage development or induce increased activity; to…	/ˈæktᵻˌveɪɾᵻd/
7373	installed	readied for use	/ɪnˈstɔːld/
7374	interrupted	To disturb or halt by interfering suddenly, especially by…	/ˌɪntəˈɹʌptɪd/
7375	'er	Pronunciation spelling of her	
7376	discharge	To accomplish or complete, as an obligation	/dɪsˈtʃɑɹdʒ/
7377	devastated	Ruined, ravaged	/ˈdɛv.əˌsteɪ.təd/
7378	substitute	To use in place of something else, with the same function	/ˈsʌb.stɪ.tʃuːt/
7379	splash	The sound made by an object hitting a liquid	/splæʃ/
7380	julio	A former coin of Italy, struck by Pope Julius II	/ˈdʒuːlɪˌoʊ/
7381	exile	The state of being banished from one's home or country	/ˈɛɡˌzaɪl/
7382	aspirin	an analgesic drug, acetylsalicylic acid	/ˈæs.pɹɪn/
7383	authentic	Of the same origin as claimed; genuine	/ɔˈθɛn.tɪk/
7384	summit	The highest point of a hill, mountain, or similar…	/ˈsʌmɪt/
7385	beck	A stream or small river	/ˈbɛk/
7386	addiction	A state that is characterized by compulsive drug use or…	/əˈdɪkˌʃən/
7387	lent	A period of the ecclesiastical year preceding Easter,…	/lɛnt/
7388	drone	A male hymenopteran, whose sole primary function is to mate…	/dɹoʊn/
7389	involving	To have as a component or a related part; to comprise, to…	/ɪnˈvɑlvɪŋ/
7390	boyfriends	A male partner in an unmarried romantic relationship	/ˈbɔɪfɹɛndz/
7391	tango	A standard ballroom dance in 4/4 time; or a social dance,…	/ˈtæ̝ŋɡoʊ̯/
7392	permanently	In a permanent manner; lastingly	/ˈpɝ.mə.nənt.li/
7393	province	A region of the earth or of a continent; a district or…	/ˈpɹɑv.ɪns/
7394	attempting	To try	/əˈtɛmp.tɪŋ/
7395	deceived	To trick or mislead	/dɪˈsiːvd/
7396	triangle	A polygon with three sides and three angles	/ˈtɹaɪˌæŋɡəl/
7397	skipped	To move by hopping on alternate feet	/ˈskɪpt/
7398	strawberry	The sweet, usually red, edible accessory fruit of certain…	/ˈstɹɔˌbɛɹi/
7399	mirrors	A smooth surface, usually made of glass with reflective…	/ˈmɪɹ.ɚz/
7400	self-defense	The means of defending oneself from physical attack	/ˈsɛlfdᵻˈfɛns/
7401	overwhelmed	Emotionally overpowered	/ˌoʊvɚˈwɛlmd/
7402	swift	Fast; quick; rapid	/swɪft/
7403	creeps	A sensation that objects are crawling on one's skin	/kɹiːps/
7404	token	Something serving as an expression of something else	/ˈtoʊkən/
7405	temporarily	For a limited period of time; not permanently	/ˌtɛmpəˈɹɛɹəli/
7406	poisonous	Containing sufficient poison to be dangerous to touch or…	/ˈpɔɪzənəs/
7407	diagnosis	The process of, or an instance of, identification of the…	/daɪəɡˈnəʊsɪs/
7408	ninth	The ordinal form of the number nine	/naɪnθ/
7409	locations	A particular point or place in physical space	/loʊˈkeɪʃənz/
7410	retrieve	To regain or get back something	/ɹəˈtɹiv/
7411	robbers	A person who robs	/ˈɹɑːbɚz/
7412	conclusions	The end, finish, close or last part of something	/kənˈkluːʒənz/
7413	joanna	A piano	/d͡ʒəʊˈænə/
7414	disabled	Made incapable of use or action	[dɪsˈɛɪ̯bəɫd]
7415	ira	Initialism of individual retirement account	/aɪ ɑɹ eɪ/
7416	extension	The act of extending; a stretching out; enlargement in…	/ɪkˈstɛnʃən/
7417	lining	To place into a line; to form into a line; to align	/ˈlaɪnɪŋ/
7418	yuri	A narrative or visual work featuring a romantic or sexual…	/ˈjʊɹi/
7419	hip-hop	An African-American urban youth culture based on rap music,…	/ˈhɪp.hɑp/
7420	freeman	A person who has received an honorary freedom of a city	/ˈfɹiː.mən/
7421	scoop	Any cup-shaped or bowl-shaped tool, usually with a handle,…	/skup/
7422	merlin	A small falcon, Falco columbarius, that breeds in northern…	/ˈmɝlɪn/
7423	bridget	An Irish housemaid	/ˈbɹɪd͡ʒɪt/
7424	revving	The act by which an engine is revved	/ˈɹɛvɪŋ/
7425	transform	To change greatly the appearance or form of	/tɹænsˈfɔɹm/
7426	hospitality	The act or service of welcoming, receiving, hosting, or…	/ˌhɒs.pɪˈtæl.ɪ.ti/
7427	brooks	A body of running water smaller than a river; a small stream	/bɹʊks/
7428	survey	The act of surveying; a general view	/ˈsɝˌveɪ/
7429	hunted	To find or search for an animal in the wild with the…	/ˈhʌntɪd/
7430	cozy	US standard spelling of cosy	/ˈkoʊzi/
7431	recommendation	An act of recommending	/ˌɹɛkəmɛnˈdeɪʃən/
7432	providing	Synonym of provided	/pɹəˈvaɪdɪŋ/
7433	microphone	A device used to convert sound waves into a varying…	/ˈmaɪ.kɹəˌfoʊn/
7434	skeleton	The system that provides support to an organism, where in…	/ˈskɛlətən/
7435	muslims	An adherent of Islam	/ˈmʊzlɪmz/
7436	toll	To determine the number, amount, or value of	[tʰo(ʊ̯)ɫ]
7437	reconsider	To consider a matter again	/ˈɹikənˌsɪdɚ/
7438	creaks	The sound produced by anything that creaks; a creaking	/kɹiːks/
7439	extended	Longer in length or extension; elongated	/ɪkˈstɛndəd/
7440	spear	A long stick with a sharp tip used as a weapon for throwing…	/spɪɹ/
7441	overboard	Over the edge; especially, off or outside of a boat	/ˈəʊvə(ɹ)ˌbɔː(ɹ)d/
7442	ai	All right	/ˌeɪ̯ˈaɪ̯/
7443	petition	A formal written request made by an individual or a group…	/pəˈtɪʃ.ən/
7444	baggage	Portable cases, large bags, and similar equipment for…	/ˈbæɡɪd͡ʒ/
7445	scumbag	A sleazy, disreputable, despicable, or otherwise immoral…	/ˈskʌmˌbæɡ/
7446	tribute	An acknowledgment of gratitude, respect or admiration; an…	/ˈtɹɪbjuːt/
7447	weddings	A marriage ceremony; a ritual officially celebrating the…	/ˈwɛdɪŋz/
7448	facilities	Synonym of facility in certain contexts	/fəˈsɪlɪdiz/
7449	bangs	A sudden percussive noise	/bæŋ(ɡ)z/
7450	claw	A curved, pointed, horny projection on each digit of the…	/klɔ/
7451	donation	A voluntary gift or contribution for a specific cause	/doʊˈneɪʃən/
7452	isabelle	Synonym of isabella	/ˌɪseɪˈbɛl/
7453	traitors	Someone who violates an allegiance and betrays their…	/ˈtɹeɪɾɚz/
7454	mei	multiengine instructor	/ˈmeɪ/
7455	jasper	An opaque, impure variety of quartz, of red, yellow, and…	/ˈd͡ʒæs.pɚ/
7456	borders	To put a border on something	/ˈbɔɹ.dɚz/
7457	australian	A person from the Commonwealth of Australia	/ɔˈstɹeɪljən/
7458	colby	A soft, moist, mild American cheese similar to cheddar,…	/ˈkoʊl.bi/
7459	boxer	A participant in a boxing match; a fighter who boxes	/ˈbɑksɚ/
7460	whilst	Often preceded by the: During the time; meanwhile	/waɪlst/
7461	misfortune	Synonym of bad luck	/mɪsˈfɔɹt͡ʃən/
7462	elaborate	Complex, detailed, or sophisticated	/ɪˈlæb.ə.ɹeɪt/
7463	sights	The ability to see	/ˈsaɪts/
7464	maestro	A master in some art, especially a composer or conductor	/ˈmaɪstɹoʊ/
7465	mysteries	Something secret or unexplainable; an unknown	/ˈmɪst(ə)ɹiz/
7466	loosen	To make loose	/ˈlusən/
7467	gifted	To give as a gift or donation	/ˈɡɪftɪd/
7468	involvement	The act of involving, or the state of being involved	/ɪnˈvɑlv.mənt/
7469	affects	A subjective feeling experienced in response to a thought…	/ɐˈfɛkts/
7470	summon	To call people together; to convene; to convoke	/ˈsʌmən/
7471	sherman	An official refusal to serve in public office or similar; a…	/ˈʃɜː(ɹ)mən/
7472	solitary	One who lives alone, or in solitude; an anchorite, hermit…	/ˈsɑlɪˌtɛɹi/
7473	wilderness	Uncultivated and unsettled land in its natural state…	/ˈwɪldɚnəs/
7474	baltimore	Ellipsis of Baltimore oriole	/ˈbɔltɪmoː/
7475	olympic	Of or pertaining to the Olympic Games	/əˈlɪmpɪk/
7476	undo	To reverse the effects of an action	/ʌnˈduː/
7477	mechanism	Any mechanical means for the conversion or control of…	/ˈmɛk.ə.nɪ.zəm/
7478	vietnamese	Of or pertaining to Vietnam	/ˌviː.ət.nəˈmiːz/
7479	vanish	To become invisible or to move out of view unnoticed	/ˈvænɪʃ/
7480	dome	A structural element resembling the hollow upper half of a…	/dəʊm/
7481	biting	To cut into something by clamping the teeth	/ˈbaɪtɪŋ/
7482	texted	To send a text message to; i.e. to transmit text using the…	/tɛkstɪd/
7483	sage	Wise	/seɪd͡ʒ/
7484	yummy	Delicious	/ˈjʌm.i/
7485	tactics	The military science that deals with achieving the…	/ˈtæktɪks/
7486	slack	Slackly	/slæk/
7487	snapped	To fracture or break apart suddenly	/snæpt/
7488	weekly	Once every week	/ˈwiːk.li/
7489	bushes	A woody plant distinguished from a tree by its multiple…	/ˈbʊʃɪz/
7490	grandparents	The parent of someone's parent	/ˈɡɹændpɛɹənts/
7491	obtain	To get hold of; to gain possession of, to procure; to…	/əbˈteɪn/
7492	hart	A male deer, especially the male of the red deer after his…	/hɑɹt/
7493	flights	The act of flying; the ability to fly	/flaɪts/
7494	adventures	A feeling of desire for new and exciting things	/ədˈvɛn.t͡ʃɚz/
7495	hottest	Having or giving off a high temperature	/hɒ.tɪst/
7496	grown-up	Adult, physically mature	/ˈɡɹoʊˈnʌp/
7497	eden	A paradise on Earth	/ˈiː.dən/
7498	mild	Gentle and not easily angered	/ˈmaɪld/
7499	dom	A dominant in sadomasochistic sexual practices	/dɑm/
7500	fourteen	The cardinal number occurring after thirteen and before…	/ˈfɔɹ.tin/
7501	smuggling	An act of something being smuggled	/ˈsmʌɡlɪŋ/
7502	blend	A mixture of two or more things	/blɛnd/
7503	chancellor	A senior secretary or official with administrative or legal…	/ˈt͡ʃænsələ/
7504	biscuits	A small, flat, baked good which is either hard and crisp or…	/ˈbɪskɪts/
7505	gorilla	An ape of the genus Gorilla; endemic to the forests of…	/ɡəˈɹɪl.ə/
7506	dynasty	A series of rulers or dynasts from one family	/ˈdaɪnəsti/
7507	acquired	Developed after birth; not congenital	/əˈkwaɪɹd/
7508	businesses	A specific commercial enterprise or establishment	/ˈbɪz.nɪ.sɪz/
7509	countless	A huge and uncountable number of; too many to count;…	/ˈkaʊntləs/
7510	fritz	A German person, usually male	/fɹɪts/
7511	brent	Alternative form of brant	/ˈbɹɛnt/
7512	gardener	One who gardens; one who grows plants or cultivates a garden	/ˈɡɑɹd.n̩.ɚ/
7513	barracks	A group of buildings used by military personnel as housing	/ˈbæɹəks/
7514	flirt	A sudden jerk; a quick throw or cast; a darting motion	/flɚt/
7515	cooks	A person who prepares food	/kʊks/
7516	distorted	Unnatural in shape or size; abnormal	/dɪsˈtɔɹtɪd/
7517	carved	Of an object, made by carving	/kɑɹvd/
7518	jumps	The act of jumping; a leap; a spring; a bound	/d͡ʒʌmps/
7519	superhero	Any fictional crime-fighting character, often with…	/ˈs(j)upɚhɪɹoʊ/
7520	forests	A dense uncultivated tract of trees and undergrowth, larger…	/ˈfɔɹɪsts/
7521	clapping	The action by which someone or something claps	/ˈklæpɪŋ/
7522	psychiatric	Of, or relating to, psychiatry	/ˌsaɪ.kiˈæt.ɹɪk/
7523	snuck	To creep or go stealthily; to come or go while trying to…	/snʌk/
7524	roughly	In a rough manner; without kindness, softness, or gentleness	/ˈɹʌf.li/
7525	screamed	To cry out with a shrill voice; to utter a sudden, sharp…	/ˈskɹiːmd/
7526	raja	Alternative spelling of rajah	/ˈɹɑː.d͡ʒə/
7527	disappearing	To vanish	/ˌdɪsɐˈpɪɹɪŋ/
7528	establishment	The act or process of establishing; a ratifying or…	/ɪsˈtæblɪʃmənt/
7529	whales	Any large cetacean, usually with the exclusion of dolphins…	/weɪlz/
7530	lump	Something that protrudes, sticks out, or sticks together; a…	/lʌmp/
7531	dwarf	Any member of a race of beings from folklore, usually…	/dwɔɹf/
7532	environmental	Pertaining to the environment	/ənˌvaɪ.ɚnˈmɛn.təl/
7533	mam	Mum, mom; diminutive of mother	/mæm/
7534	pint	20 fluid ounces, approximately 568 millilitres	/paɪnt/
7535	loading	To put a load on or in	/ˈloʊ.dɪŋ/
7536	diplomatic	Concerning the relationships between the governments of…	/ˌdɪpləˈmætɪk/
7537	exclaims	Exclamation; outcry, clamor	/ɛksˈkleɪmz/
7538	context	The surroundings, circumstances, environment, background or…	/ˈkɑn.tɛkst/
7539	volunteered	To enlist oneself as a volunteer	/ˌvɑːlənˈtɪɹd/
7540	risked	To incur risk of	/ˈɹɪskt/
7541	gangs	A number going in company; a number of friends or persons…	/ˈɡæŋz/
7542	boost	A push from behind or below, as to one who is endeavoring…	/buːst/
7543	fax	The face	/fæks/
7544	partial	Existing as a part or portion; incomplete	/ˈpɑɹʃəl/
7545	refusing	To decline	/ɹɪˈfjuːzɪŋ/
7546	gaze	To stare intently or earnestly	/ɡeɪz/
7547	nuisance	A minor annoyance or inconvenience	/ˈnuː.səns/
7548	terrorism	The use of unlawful violence against people or property to…	/ˈtɛɹəɹɪzəm/
7549	ungrateful	Not grateful; not expressing gratitude	/ʌnˈɡɹeɪtfəl/
7550	donate	To make a donation; to give away something of value to…	/ˈdoʊˌneɪt/
7551	relieve	To ease from mental distress; to stop feeling anxious or…	/ɹɪˈliːv/
7552	grandchildren	A child of someone's child	/ˈɡɹændtʃɪldɹən/
7553	felicity	The condition of being happy	/fəˈlɪsəti/
7554	represented	To present again or anew; to present by means of something…	/ɹɛpɹɪˈzɛntɪd/
7555	co	Clipping of company	/koʊ/
7556	neutral	Not taking sides in a conflict such as war; nonaligned	/ˈnuː.tɹəl/
7557	steering	Equipment used to control direction; something used to steer	/ˈstɪɹɪŋ/
7558	rm	Initialism of Resident Magistrate	/ˌɑːɹˈɹɛm/
7559	presidential	Pertaining to a president or presidency	/pɹɛzɪˈdɛnʃ(ə)l/
7560	rental	Something that is rented	/ˈɹɛntəl/
7561	challenged	To invite to take part in a competition	/ˈt͡ʃæl.ɪnd͡ʒd/
7562	feeds	Food given to non-human animals	/ˈfiːdz/
7563	je	Initialism of journal entry	/ˈdʒiː/
7564	vegetarian	A person who does not eat animal flesh, or, in some cases,…	/vɛ.d͡ʒɪˈtɛ.ɹi.ən/
7565	teasing	The act of harassing someone playfully or maliciously,…	/ˈtiːzɪŋ/
7566	surprisingly	In a way that causes surprise because it is unexpected, or…	/səˈpɹaɪzɪŋli/
7567	shrine	A holy or sacred place dedicated to a specific deity,…	/ʃɹaɪ̯n/
7568	automatically	In an automatic manner	/ˌɔː.təˈmæt.ɪ.k(ə.)li/
7569	timer	A device used to measure amounts of time	/ˈtaɪmɚ/
7570	gasoline	A flammable liquid consisting of a mixture of refined…	/ˈɡæs.ə.liːn/
7571	scouts	A person sent out to gather and bring back information;…	/skaʊts/
7572	millie	A harshly-spoken working-class woman, often unemployed	/ˈmɪliː/
7573	google	To bowl so that it performs a googly, unlike a normal…	/ˈɡuː.ɡəl/
7574	dorm	Clipping of dormitory	/doɹm/
7575	athlete	A participant in any of a group of sporting activities…	/ˈæθ.lit/
7576	shiva	A weeklong period of formal mourning for a close relative	/ˈʃɪvə/
7577	robber	A person who robs	/ˈɹɑ.bɚ/
7578	convent	A religious community whose members live under strict…	/ˈkɑn.vɛnt/
7579	balloons	An inflatable buoyant object, often round and flexible	/bəˈluːnz/
7580	barb	The point that stands backward in an arrow, fishhook, etc.,…	/bɑː(ɹ)b/
7581	enters	To go or come into an enclosed or partially enclosed space	/ˈɛntɚz/
7582	maps	A visual representation of an area, whether real or…	/mæps/
7583	meth	Methamphetamine, especially in the form of the crystalline…	/mɛθ/
7584	fruits	A product of fertilization in a plant, specifically	/fɹuːts/
7585	colored	To give something color	/ˈkʌləɹd/
7586	poppy	Any plant of the genus Papaver or the family Papaveraceae,…	/ˈpɑpi/
7587	metro	A rapid transit rail transport system, or a train in such…	/ˈmɛtɹoʊ/
7588	scully	To be skeptical toward with ideas that do not coincide with…	/ˈskʌli/
7589	resolved	Determined; fixed in one's purpose	/ɹɪˈzɑlvd/
7590	sessions	A period of time devoted to a particular activity	/ˈsɛʃɪnz/
7591	conservative	A person who favors maintenance of the status quo	/kənˈsɝvətɪv/
7592	rates	The proportional relationship between one amount, value…	/ɹeɪts/
7593	forged	Fake; falsified	/fɔːd͡ʒd/
7594	legends	The life story of a saint	/ˈlɛdʒəndz/
7595	arrows	Short darts feathered at the ends	/ˈæɹ.oʊz/
7596	charley	Alternative form of Charlie	/ˈt͡ʃɑː(ɹ).li/
7597	dismiss	To discharge; to end the employment or service of	/dɪsˈmɪs/
7598	authorized	Explicitly allowed	/ˈɔθəɹaɪzd/
7599	slavery	An institution or social practice of owning human beings as…	/ˈsleɪvəɹi/
7600	attended	Having a person or people present; with someone in…	/əˈtɛndɪd/
7601	flows	Movement in people or things characterized with a…	/floʊz/
7602	employed	In a job; working	/ɪmˈplɔɪd/
7603	decorated	Having had decorations applied; adorned with attractive…	/ˈdɛkəɹeɪtɪd/
7604	parallel	With a parallel relationship	/ˈpaɹəˌlɛl/
7605	detected	Having been noticed	/dɪˈtɛktɪd/
7606	grove	A small forest	/ɡɹoʊv/
7607	coverage	An amount by which something or someone is covered	/ˈkʌv.(ə.)ɹɪdʒ/
7608	hen	A female chicken, especially a sexually mature one kept for…	/hɛn/
7609	pyramid	An ancient massive construction with a square or…	/ˈpɪɹ.ə.mɪd/
7610	overall	Generally; in general	/ˌoʊ.vɚˈɔl/
7611	hum	A hummed tune, i.e. created orally with lips closed	/ˈhʌm/
7612	specially	For a special purpose, person, or occasion	/ˈspɛʃəli/
7613	rebuild	To build again or anew	/ɹiːˈbɪld/
7614	exclaiming	Uttering an exclamation	/ɛksˈkleɪmɪŋ/
7615	producing	To bring forth, to yield, make, manufacture, or otherwise…	/pɹəˈdusɪŋ/
7616	sewing	The action of the verb to sew	/ˈsoʊɪŋ/
7617	occasions	A favorable opportunity; a convenient or timely chance	/əˈkeɪʒənz/
7618	boards	A relatively long, wide and thin piece of any material,…	/bɔːɹdz/
7619	trumpet	A musical instrument of the brass family, generally tuned…	/ˈtɹʌmpɪt/
7620	shaped	To give something a shape and definition	/ʃeɪpt/
7621	matched	To agree; to be equal; to correspond	/mætʃt/
7622	daughter-in-law	The wife of one's child	/ˈdɔːtə(ɹ)ɪnˌlɔː/
7623	ammo	Ammunition	/ˈæ.moʊ/
7624	typing	To put text on paper using a typewriter	/ˈtaɪpɪŋ/
7625	macgyver	Someone capable of improvising an ingenious solution from…	/məˈɡaɪvɚ/
7626	blades	The part of a knife, sword, razor, or other tool with which…	/bleɪdz/
7627	wo	A falconer's call to a hawk	/wo/
7628	debris	Rubble, wreckage, scattered remains of something destroyed	/ˈdɛbɹi/
7629	luca	Alternative letter-case form of LUCA	/ˈluːkə/
7630	cement	A powdered substance produced by firing calcium carbonate…	/səˈmɛnt/
7631	hamlet	A small settlement or a group of houses, often defined as a…	/ˈhæm.lət/
7632	nat	Negative automatic thoughts	/nɑːt/
7633	communists	An advocate of a society based on the common ownership of…	/ˈkɑːmjuːˌnɪsts/
7634	showers	A brief fall of precipitation; burst of hefty precipitation	/ˈʃaʊɚz/
7635	tougher	Of a material, strong and resilient; sturdy	/ˈtʌfɚ/
7636	sailors	A person who sails; one whose occupation is sailing or…	/ˈseɪlɚz/
7637	kitt	the kittiwake	/ˈkɪt/
7638	comedian	An entertainer who performs in a humorous manner,…	/kəˈmiː.di.ən/
7639	harassment	Persistent attacks and criticism causing worry and distress	/həˈɹæsmənt/
7640	missus	Wife or girlfriend	/ˈmɪs.əz/
7641	monitoring	The carrying out of surveillance on, or continuous or…	/ˈmɑnɪtɚɪŋ/
7642	smashing	Serving to smash	/ˈsmæʃɪŋ/
7643	shaved	Having had a shave	/ʃeɪvd/
7644	inventory	The stock of an item on hand at a particular location or…	/ˈɪn.vənˌtɔɹ.i/
7645	housekeeper	Someone employed to look after the home, typically by…	/ˈhaʊskipɚ/
7646	tribes	An ethnic group larger than a band or clan but smaller than…	/tɹaɪbz/
7647	long-term	Over a relatively long period of time	/ˈlɔŋˈtɜːm/
7648	vile	Morally low; base; despicable	/vaɪ(ə)l/
7649	imaginary	Existing only in the imagination	/ɪˈmæd͡ʒɪˌn(ɛ)ɹi/
7650	artillery	Large projectile weapons, in modern usage usually large…	/ɑɹˈtɪləɹi/
7651	ping	A high-pitched, short and somewhat sharp sound	/pɪŋ/
7652	cereal	A type of grass cultivated for its edible grains	/ˈsɪə.ɹɪ.əl/
7653	zoom	A humming noise from something moving very fast	/zuːm/
7654	portion	An allocated amount	/ˈpoɹʃən/
7655	irony	The quality of a statement that, when taken in context, may…	/ˈaɪ.ɹə.ni/
7656	exceptional	Forming an exception; not ordinary; uncommon; rare	/ɪkˈsɛpʃənəl/
7657	slit	A narrow cut or opening; a slot	/ˈslɪt/
7658	ss	Abbreviation of scruple, a unit of mass in the…	/ˌɛˈsɛs/
7659	despise	To regard with contempt or scorn	/dɪˈspaɪz/
7660	waltz	A ballroom dance in 3/4 time	/wɔlts/
7661	humour	The quality of being amusing, comical, funny	/ˈhjuːmɚ/
7662	crashes	A sudden, intense, loud sound, as made for example by…	/ˈkɹæʃɪz/
7663	gu	Initialism of general user	/ˈɡuː/
7664	stammering	The act of one who stammers	/ˈstæmɚɹɪŋ/
7665	coaches	A wheeled vehicle, generally pulled by a horse	/ˈkoʊtʃᵻz/
7666	joo	Deliberate misspelling of Jew	/ˈdʒuː/
7667	await	To wait for	/əˈweɪt/
7668	celebrated	To extol or honour in a solemn manner	/ˈsɛl.ə.bɹeɪ.tɪd/
7669	encouraged	Having been given hope or encouragement	/ɪŋˈkɝɪd͡ʒd/
7670	devils	An evil creature, the objectification of a hostile and…	/ˈdɛvl̩z/
7671	gag	A device to restrain speech, such as a rag in the mouth…	/ɡæɡ/
7672	telescope	A monocular optical instrument that magnifies distant…	/ˈtɛl.əˌskoʊp/
7673	verse	A poetic form with regular meter and a fixed rhyme scheme	/ˈvɝs/
7674	stalin	Synonym of Hitler	/ˈstɑlɪn/
7675	e-mails	Alternative form of email	/ˈiːˈmeɪlz/
7676	babysitter	A person who cares for one or more babies or children for a…	/ˈbeɪ̯biˌsɪtɚ/
7677	pr	A PR interval	/ˌpiːˈɑːɹ/
7678	distinguished	Celebrated, well-known or eminent because of achievements…	/dɪˈstɪŋ.ɡwɪʃt/
7679	licence	UK, Canada, Australia, South Africa, Ireland, New Zealand,…	/ˈlaɪ.səns/
7680	addicted	Having a biochemical addiction	/əˈdɪktɪd/
7681	bauer	A German farmer or peasant	/ˈbaʊɚ/
7682	speeches	The ability to speak; the faculty of uttering words or…	/ˈspiːt͡ʃɪz/
7683	wit	Pronunciation spelling of with	/wɪt/
7684	programmed	To enter a program or other instructions into to instruct…	/ˈpɹoʊɡɹæmd/
7685	bliss	Perfect happiness	/blɪs/
7686	donny	Don; bloke; dude; any man	/ˈdɒni/
7687	com	A player in a video game which is controlled by the…	/ˈkɑːm/
7688	recorder	An item of information put into a temporary or permanent…	/ɹiˈkɔɹ.dəɹ/
7689	hides	The skin of an animal	/haɪdz/
7690	shameless	Having no shame, no guilt nor remorse over something…	/ˈʃeɪ̯mlɪs/
7691	apartments	A complete domicile occupying only part of a building,…	/ɐˈpɑːɹtmənts/
7692	tipped	To provide with a tip; to cover the tip of	/ˈtɪpt/
7693	turf	A layer of earth covered with grass; sod	/tɝf/
7694	tang	A refreshingly sharp aroma or flavor	/ˈtæŋ/
7695	tu	Pronunciation spelling of to, representing African-American…	/ˈtuː/
7696	discharged	To accomplish or complete, as an obligation	/dɪsˈt͡ʃɑɹd͡ʒd/
7697	psychologist	An expert in the field of psychology	/ˌsaɪˈkɑl.ə.d͡ʒɪst/
7698	duh	A disdainful indication that something is obvious	/dʌ/
7699	delete	To remove, get rid of or erase, especially written or…	/dɪˈliːt/
7700	jock	A Scotsman	/ˈd͡ʒɑk/
7701	wrath	Great anger; an instance of this	/ɹæθ/
7702	estimate	A rough calculation or assessment of the value, size, or…	/ˈɛs.tɪ.mət/
7703	tutor	One who teaches another in a one-on-one or small-group…	/ˈtjuːtəː/
7704	jurisdiction	The power, right, or authority to interpret and apply the…	/d͡ʒʊɹɪsˈdɪkʃən/
7705	impulse	A thrust; a push; a sudden force that impels	/ˈɪmpʌls/
7706	penguin	Any of several flightless sea birds, of the family…	/ˈpɛŋ.ɡwɪn/
7707	tubes	The Internet	/tuːbz/
7708	playground	A large open space for children to play in, usually having…	/ˈpleɪɡɹaʊnd/
7709	sew	To use a needle to pass thread repeatedly through in order…	/soʊ/
7710	nickel	A silvery elemental metal with an atomic number of 28 and…	/ˈnɪk.əl/
7711	claws	A curved, pointed, horny projection on each digit of the…	/klɔːz/
7712	giants	A mythical human or humanoid of very great size	/ˈdʒaɪənts/
7713	daring	To have enough courage	/ˈdɛɚ.ɪŋ/
7714	posters	A picture of a celebrity, an event etc., intended to be…	/ˈpoʊstɚz/
7715	peacefully	In a peaceful manner	/ˈpiːsfəli/
7716	rag	Tattered clothes	/ɹaɡ/
7717	caves	A large, naturally-occurring cavity formed underground or…	/keɪvz/
7718	stern	Having a hardness and severity of nature or manner	/stɝn/
7719	condolences	comfort, support, or sympathy offered especially to the…	/kənˈdoʊlənsɪz/
7720	dearly	In a dear or precious manner	/ˈdɪɹli/
7721	humiliation	The act of humiliating or humbling someone; abasement of…	/hjuːˌmɪliˈeɪʃən/
7722	worldwide	Throughout the world	/ˈwɝldˌwaɪd/
7723	cartoon	A humorous drawing, often with a caption, or a strip of…	/kɑɹˈtun/
7724	disrespect	A lack of respect, esteem or courteous behavior	/dɪsɹɪˈspɛkt/
7725	shhh	Elongated form of shh	/ˌɛˌseɪtˌʃeɪtˈʃeɪtʃ/
7726	underworld	The world of the dead, located underneath the world of the…	/ˈʌndɚˌwɚld/
7727	marble	A metamorphic rock of crystalline limestone	/ˈmɑɹ.bəl/
7728	lilly	A Lilly Pulitzer dress	/ˈlɪl.i/
7729	curly	Having curls	/ˈkɝli/
7730	judged	To sit in judgment on; to pass sentence on	/d͡ʒʌd͡ʒd/
7731	bidding	That which one is bidden to do; a command	/ˈbɪdɪŋ/
7732	erased	Having the appearance of being forcibly torn off, with…	/ˈᵻɹeɪst/
7733	confuse	to puzzle, perplex, baffle, bewilder; to afflict by being…	/kənˈfjuz/
7734	masterpiece	A piece of work that has been given much critical praise,…	/ˈmæstɚˌpis/
7735	pentagon	A polygon with five sides and five angles	/ˈpɛn.təˌɡɑn/
7736	oppa	An affectionate term of address for an older brother or…	/ˈoʊpə/
7737	tow	To pull something behind one, such as by using a line,…	/toʊ/
7738	seduce	To beguile or lure away from duty, accepted principles, or…	/sɪˈd(j)uːs/
7739	bathtub	A large container for holding water in which a person may…	/ˈbæθtʌb/
7740	pets	An animal kept as a companion or otherwise for pleasure,…	/pɛts/
7741	bricks	A hardened rectangular block of mud, clay etc., used for…	/bɹɪks/
7742	goa	A form of trance music that originated during the late…	/ˈɡoʊə/
7743	hotter	Having or giving off a high temperature	/ˈhɑːɾɚ/
7744	regime	Mode of rule or management	/ɹəˈʒiːm/
7745	contempt	The state or act of contemning; the feeling or attitude of…	/kənˈtɛmpt/
7746	batch	The quantity of bread or other baked goods baked at one time	/bæt͡ʃ/
7747	speeding	To go fast	/ˈspiːdɪŋ/
7748	compartment	A room, or section, or chamber, typically within a vehicle	/kəmˈpɑɹtmənt/
7749	tackle	A device for grasping an object and an attached means of…	/ˈtækəl/
7750	wage	An amount of money paid to a worker for a specified…	/weɪd͡ʒ/
7751	shines	To emit or reflect light so as to glow	/ˈʃaɪnz/
7752	lifting	To raise or rise	/ˈlɪf.tɪŋ/
7753	hustle	To push someone roughly; to crowd; to jostle	/ˈhʌsəl/
7754	inmates	A person confined to an institution such as a prison or…	/ˈɪnmeɪts/
7755	km	Initialism of knowledge management	/ˌkeɪˈɛm/
7756	psst	Imitating a spray	/psː(t)/
7757	scooter	A kick scooter or push scooter; a human-powered land…	/ˈskuːtə(ɹ)/
7758	relatively	In a relative manner; with reference to environment or…	[ˈɹɛl.ə.tʰɪv.li]
7759	stoned	To pelt with stones; especially, to kill by pelting with…	/stoʊnd/
7760	supernatural	Above nature; beyond or added to nature, often so…	/ˌsu.pəɹˈnæ.tʃə.ɹəl/
7761	darwin	A unit of evolutionary change in evolutionary biology	/ˈdɑːɹwɪn/
7762	viewers	Someone who views a spectacle; an onlooker or spectator	/ˈvjuːɚz/
7763	treasures	A collection of valuable things; accumulated wealth; a…	/ˈtɹɛʒɚz/
7764	yankee	A native or inhabitant of the northern United States	/ˈjæŋ.ki/
7765	lang	Clipping of language	/ˈlæŋ/
7766	taco	A Mexican snack food made of a small tortilla filled with…	/ˈtɑkoʊ/
7767	charts	A map illustrating the geography of a specific phenomenon	/ˈtʃɑːɹts/
7768	brigade	A group of people organized for a common purpose	/bɹɪˈɡeɪd/
7769	bankrupt	In a condition of bankruptcy; unable to pay outstanding…	/ˈbæŋk.ɹəpt/
7770	bikes	Clipping of bicycle	/ˈbaɪks/
7771	lookout	A vantage point with a view of the surrounding area	/ˈlʊkaʊt/
7772	merchandise	Goods which are or were offered or intended for sale	/ˈmɝ.t͡ʃənˌdaɪs/
7773	slippery	Of a surface, having low friction, often due to being…	/ˈslɪpəɹi/
7774	duchess	The wife or widow of a duke	/ˈdʌt͡ʃɪs/
7775	gulf	A hollow place in the earth; an abyss; a deep chasm or basin	/ɡʌlf/
7776	foam	A substance composed of a large collection of bubbles or…	/ˈfɔʊ̯m/
7777	steals	To take illegally, or without the owner's permission,…	/stiːlz/
7778	numerous	An indefinite large number of	/ˈnuməɹəs/
7779	ripping	To divide or separate the parts of, by cutting or tearing;…	/ˈɹɪpɪŋ/
7780	trusts	Confidence in or reliance on some person or quality	/tɹʌsts/
7781	flock	A large number of animals associated together in a group;…	/flɑk/
7782	potion	A small portion or dose of a liquid which is medicinal,…	/ˈpoʊ.ʃən/
7783	fiance	To betroth; to affiance	/fiˈɑnseɪ/
7784	glimpse	To see or view briefly and incompletely	/ˈɡlɪm(p)s/
7785	invincible	Impossible to defeat, destroy, or kill; too powerful to be…	/ɪnˈvɪn.sə.bəl/
7786	compensation	The act or principle of compensating	/ˌkɒm.pənˈseɪ.ʃən/
7787	kettle	A vessel for boiling a liquid or cooking food, usually…	/ˈkɛ.təl/
7788	stroll	A wandering on foot; an idle and leisurely walk; a ramble;…	/stɹoʊ̯l/
7789	cafeteria	A restaurant in which customers select their food at a…	/ˌkæ.fə.ˈtɪ(ə).ɹi.ə/
7790	sane	Being in a healthy condition; not deranged; thinking…	/seɪn/
7791	currency	Money or other items used to facilitate transactions	/ˈkʌɹ.ən.si/
7792	radius	The long bone in the forearm, on the side of the thumb	/ˈɹeɪ.di.əs/
7793	verify	To substantiate or prove the truth of something	/ˈvɛɹɪfaɪ/
7794	founded	To start	/ˈfaʊndɪd/
7795	medic	Of or pertaining to medicines; medical	/ˈmɛdɪk/
7796	peek	To look slyly, or with the eyes half closed, or through a…	/piːk/
7797	sewer	A pipe or channel, or system of pipes or channels, used to…	/ˈsuɚ/
7798	bbc	Initialism of British-born Chinese	/biː biː ˈsiː/
7799	hull	The outer covering of a fruit or seed	/hʌl/
7800	solomon	A person of unusual wisdom	/ˈsɑləmən/
7801	madonna	An artistic representation of the Virgin Mary, chiefly when…	/məˈdɒnə/
7802	toad	An amphibian, a kind of frog with shorter hindlegs and a…	/toʊd/
7803	maxwell	A unit of magnetic flux that produces one abvolt per turn…	/ˈmækswɛl/
7804	moose	The largest member of the deer family, of which the male…	/muːs/
7805	souvenir	An item of sentimental value, that is given or kept to…	/ˈsu.vəˌnɪɹ/
7806	stitch	A single pass of a needle in sewing; the loop or turn of…	/stɪt͡ʃ/
7807	compass	A magnetic or electronic device used to determine the…	/ˈkʌm.pəs/
7808	mercury	A silvery-coloured, metallic chemical element with the…	/ˈmɝ.kjə.ɹi/
7809	locking	Something used for fastening, which can only be opened with…	/ˈlɑːkɪŋ/
7810	edwards	A gold coin produced in the reign of King Edward	/ˈɛdwɚdz/
7811	dislike	An attitude or a feeling of distaste or aversion	/dɪsˈlaɪk/
7812	stu	Clipping of studio	/ˈstuː/
7813	rib	Any of a series of long curved bones occurring in 12 pairs…	/ɹɪb/
7814	brace	A curved instrument or handle of iron or wood, for holding…	/bɹeɪs/
7815	ban	To prohibit; to interdict; to proscribe; to forbid or block…	/ˈban/
7816	gracias	Thank you	/ˈɡɹɑ.si.əs/
7817	stitches	A single pass of a needle in sewing; the loop or turn of…	/ˈstɪtʃᵻz/
7818	thrust	An attack made by moving the sword parallel to its length…	/θɹʌst/
7819	referred	To direct the attention of	/ɹɪˈfɝd/
7820	achievement	The act of achieving or performing; a successful…	/əˈt͡ʃiːv.mənt/
7821	links	A golf course, especially one situated on dunes by the sea	/lɪŋks/
7822	denying	To disallow or reject	/dəˈnaɪ.ɪŋ/
7823	monastery	A residence for monks or others who have taken religious…	/ˈmɑnəˌstɛɹi/
7824	newly	Very recently/lately; in the immediate past	/ˈnuli/
7825	impatient	Restless, short of temper, and intolerant of delays	/ɪmˈpeɪʃənt/
7826	recruit	A supply of anything wasted or exhausted; a reinforcement	/ɹɪˈkɹut/
7827	sunk	To descend or submerge into a liquid or similar substance	/sʌŋk/
7828	ignorance	The condition of being uninformed or uneducated; lack of…	/ˈɪɡ.nɚ.əns/
7829	drugged	To administer intoxicating drugs to, generally without the…	/dɹʌɡd/
7830	predicted	To make a prediction: to forecast, foretell, or estimate a…	/pɹɪˈdɪktɪd/
7831	creator	Something or someone which creates or makes something	/kɹiːˈeɪ̯təː/
7832	mississippi	A recitation of Mississippi	/ˌmɪ.sɪˈsɪ.pi/
7833	civilized	Having a highly developed society or culture; belonging to…	/ˈsɪv.ɪ.laɪzd/
7834	artery	Any of the muscular- and elastic-walled blood vessels…	/ˈɑɹ.təɹ.i/
7835	dynamic	Changing; active; in motion	/daɪˈnæm.ɪk/
7836	competing	Being in the state of competition	/kəmˈpiːtɪŋ/
7837	buffy	Of a buff color	/ˈbʌfi/
7838	distribution	An act of distributing or state of being distributed	/ˌdɪstɹɪˈbjuʃən/
7839	turk	A person of an ethnically diverse linguistic group that…	/tɝk/
7840	voiceover	Alternative form of voice-over	/ˈvɔɪsoʊvɚ/
7841	stereo	A system of recording or reproducing sound that uses two or…	/ˈstɛəɹ.i.oʊ/
7842	ethel	The rune ᛟ	/ˈɛθ.əl/
7843	ark	A large box with a flat lid	/ɑɹk/
7844	carpenter	A person skilled at carpentry, the trade of cutting and…	/ˈkɑɹpəntɚ/
7845	warner	One who warns	/ˈwɔː(ɹ)nə(ɹ)/
7846	industries	The tendency to work persistently	/ˈɪndəstɹiz/
7847	melted	Being in a liquid state as a result of melting	/ˈmɛltɪd/
7848	upsetting	To make angry, distressed, or unhappy	/ʌpˈsɛɾɪŋ/
7849	labs	A laboratory	/ˈlæbz/
7850	bluff	An act of bluffing; a false expression of the strength of…	/blʌf/
7851	bender	One who, or that which, bends	/ˈbɛndɚ/
7852	unbearable	So unpleasant or painful as to be unendurable	/ʌnˈbɛɹəbəl/
7853	narcotics	Pertaining to illicit drugs, especially psychoactive ones	/nɑːɹˈkɑːɾɪks/
7854	juicy	Having lots of juice	/ˈd͡ʒuːsi/
7855	eerie	Inspiring fear, especially in a mysterious or shadowy way;…	/ˈɪɚi/
7856	mwah	The sound of a kiss, to indicate blowing a kiss to someone	/mwɑ/
7857	slippers	A low soft shoe that can be slipped on and off easily	/ˈslɪpə(ɹ)z/
7858	freaky	Resembling a freak	/ˈfɹiː.ki/
7859	vip	Initialism of very important person	/ˌvi.aɪˈpi/
7860	troop	A collection of people; a number; a multitude	/tɹup/
7861	footprints	The impression of the foot in a soft substance such as sand…	/ˈfʊtpɹɪnts/
7862	pact	An agreement; a compact; a covenant	/pækt/
7863	apparent	Capable of being seen, or easily seen; open to view;…	/əˈpæɹənt/
7864	repeated	To do or say again	/ɹɪˈpiːtɪd/
7865	foreigner	A person from a foreign country	/ˈfɔɹ.ɪ.nɚ/
7866	journalists	The keeper of a personal journal, who writes in it regularly	/ˈdʒɜːnəˌlɪsts/
7867	employer	A person, firm or other entity which pays for or hires the…	/ɪmˈplɔɪ.ɚ/
7868	grim	Dismal and gloomy, cold and forbidding	/ɡɹɪm/
7869	medieval	Of or relating to the Middle Ages, the period from…	/mɪdˈi.vəl/
7870	frustrating	Discouraging; causing annoyance or anger by excessive…	/ˈfɹʌsˌtɹeɪ̯tɪŋ/
7871	rehearse	To repeat, as what has been already said; to tell over…	/ɹɪˈhɝs/
7872	travelled	To be on a journey, often for pleasure or business and with…	/ˈtɹævl̩d/
7873	preparation	The act of preparing or getting ready	/ˌpɹɛpəˈɹeɪʃ(ə)n/
7874	microwave	An electromagnetic wave with wavelength between that of…	/ˈmaɪkɹoʊˌweɪv/
7875	denial	An assertion of untruth	/dɪˈnaɪ.əl/
7876	flute	A woodwind instrument consisting of a tube with a row of…	/flu(ː)t/
7877	juvenile	Young; not fully developed	/ˈd͡ʒuvəˌnaɪl/
7878	paddy	Rough or unhusked rice, either before it is milled or as a…	[ˈpʰæɾi]
7879	retarded	Delayed; delayed in development, hindered; impeded	/ɹiˈtɑɹdɪd/
7880	memo	A short note; a memorandum	/ˈmɛmoʊ̯/
7881	canvas	A type of coarse cloth, woven from hemp or from cotton and…	/ˈkæn.vəs/
7882	fa	A syllable used in solfège to represent the fourth diatonic…	/fɑ/
7883	symbols	A character or glyph representing an idea, concept or object	/ˈsɪmbəlz/
7884	mccoy	Synonym of real McCoy	/məˈkɔɪ/
7885	daly	Acronym of disability-adjusted life year	/ˈdæli/
7886	driveway	A short private road that leads to a house or garage	/ˈdɹaɪvˌweɪ/
7887	funky	Offbeat, unconventional or eccentric	/fʌŋki/
7888	kitten	A young cat, especially before sexual maturity	/ˈkɪtən̩/
7889	nicest	Pleasant, satisfactory, complimentary	/ˈnaɪsɪst/
7890	deceive	To trick or mislead	/dɪˈsiːv/
7891	negro	Pertaining to the panethnic or ethnolinguistic groups…	/ˈniɡɹoʊ/
7892	chopped	Cut or diced into small pieces	/t͡ʃɑpt/
7893	consultant	A person or party that is consulted	/kənˈsʌl.tənt/
7894	rifles	A firearm fired from the shoulder; improved range and…	/ˈɹaɪfl̩z/
7895	heating	To cause an increase in temperature of; to cause to become…	/ˈhiːtɪŋ/
7896	rays	A beam of light or radiation	/ɹeɪz/
7897	architecture	The art and science of designing and managing the…	/ˈɑɹ.kɪˌtɛk.t͡ʃɚ/
7898	gideon	A member of Gideons International, an evangelical Christian…	/ˈɡɪd.i.ən/
7899	butch	Very masculine, with a masculine appearance or attitude	/bʊt͡ʃ/
7900	warmer	Of a somewhat high temperature, often but not always…	/ˈwɔɹmɚ/
7901	contribution	Something given or offered that adds to a larger whole	/ˌkɑntɹɪˈbjuʃən/
7902	advisor	One who offers advice	/ædˈvaɪ.zɚ/
7903	peoples	Persons forming or belonging to a particular group, such as…	/ˈpiːpəlz/
7904	groceries	Retail foodstuffs and other household supplies; the…	/ˈɡɹoʊ.s(ə.)ɹiz/
7905	behaved	To conduct well, or in a given way; to conform	/bɪˈheɪvd/
7906	experiencing	To observe certain events; undergo a certain feeling or…	/ɛksˈpiəɹɪənsɪŋ/
7907	settling	To determine; to resolve conclusively; to set or fix	/ˈsɛtl̩ɪŋ/
7908	tractor	A vehicle used in farms e.g. for pulling farm equipment and…	/ˈtɹæktɚ/
7909	unacceptable	Unsatisfactory; not acceptable	/ˌʌn.ækˈsɛp.tə.bl̩/
7910	imitating	An instance of imitation	/ˈɪməteɪtɪŋ/
7911	squadron	A body of infantrymen made up of several platoons,…	/ˈskwɒd.ɹən/
7912	smallest	Not large or big; insignificant; few in number	/ˈsmɔ.lɪst/
7913	ethics	Morality	/ˈɛθ.ɪks/
7914	gibson	A cocktail made with gin and vermouth, garnished with…	/ˈɡɪbsən/
7915	devotion	The act or state of devoting or being devoted; a feeling of…	/dɪˈvoʊʃən/
7916	plumber	One who furnishes, fits, and repairs pipes and other…	/ˈplʌm.əɹ/
7917	burgers	A hamburger	/ˈbɜːɡɚz/
7918	knots	A looping of a piece of string or of any other long,…	/nɑts/
7919	broom	A domestic utensil with fibers bound together at the end of…	/bɹum/
7920	briefing	A concise summary of a current situation	/ˈbɹiːfɪŋ/
7921	curve	A bend, such as in a road	/kɚv/
7922	informant	One who relays confidential information to someone,…	/ɪnˈfɔɹmənt/
7923	applauding	applause	/ɐˈplɔːdɪŋ/
7924	whites	The color of snow or milk; the color of light containing…	/(h)waɪts/
7925	app	An application, especially a small one designed for a…	[æʔp̚]
7926	andrews	plural of Andrew	/ˈændɹuːz/
7927	blog	A website that allows users to reflect, share opinions, and…	/blɒɡ/
7928	ox	An adult castrated male of cattle, especially when used as…	/ɑks/
7929	vase	An upright open container used mainly for displaying fresh,…	/veɪ̯s/
7930	glance	To turn at something, often briefly	/ɡlæns/
7931	collective	Formed by gathering or collecting; gathered into a mass,…	/kəˈlɛktɪv/
7932	poles	Originally, a stick; now specifically, a long and slender…	/poʊlz/
7933	sixty	The cardinal number occurring after fifty-nine and before…	/ˈsɪksti/
7934	fantasies	That which comes from one's imagination or the act of…	/ˈfæntəsiz/
7935	heritage	An inheritance; property that may be inherited	/ˈhɛɹ.ɪ.tɪd͡ʒ/
7936	motherfucking	To an extreme degree	/ˈmʌðə(ɹ)ˌfʌkɪŋ/
7937	fisherman	Any person who attempts to catch fish	/ˈfɪʃ.ɚ.mən/
7938	armstrong	Ellipsis of Armstrong gun	/ˈɑɹmˌstɹɔŋ/
7939	nder	Alternative form of NDEer	/ˈɛnˈdɜː/
7940	complained	To express feelings of pain, dissatisfaction, or resentment	/kəmˈpleɪnd/
7941	nightclub	A public or private establishment that is open late at…	/ˈnʌɪtklʌb/
7942	willow	Any of various deciduous trees or shrubs in the genus…	/ˈwɪloʊ/
7943	preliminary	In preparation for the main matter; initial, introductory,…	/pɹɪˈlɪmɪnɛɹi/
7944	server	A program that provides services to other programs or…	/ˈsɝvɚ/
7945	provides	To make a living; earn money for necessities	/pɹəˈvaɪdz/
7946	mat	A flat piece of coarse material used for wiping one’s feet,…	/mæt/
7947	appreciation	The act of appreciating	/əˌpɹi.ʃiˈeɪ.ʃən/
7948	a-a	Alternative form of aa	/ˈeɪˈeɪ/
7949	historic	Very important; noteworthy: having importance or…	/hɪˈstoɹɪk/
7950	promote	To raise to a more important, responsible, or remunerative…	/pɹəˈmoʊt/
7951	processing	To perform a particular process on a thing	/ˈpɹɑsɛsɪŋ/
7952	high-pitched	Of a sound, having a high pitch	/ˌhaɪˈpɪt͡ʃt/
7953	pumping	The act by which something is pumped	/ˈpʌmpɪŋ/
7954	stalker	A person who engages in stalking, i.e., quietly approaching…	/ˈstɔːkə(ɹ)/
7955	goats	Any ruminant of the genus Capra	/ˈɡoʊts/
7956	smokes	The visible vapor/vapour, gases, and fine particles given…	/smoʊks/
7957	introduction	The act or process of introducing	/ˌɪntɹəˈdʌkʃn̩/
7958	valid	Well-grounded or justifiable, pertinent	/ˈvælɪd/
7959	portuguese	Of or pertaining to Portugal	/ˌpoɹ.t͡ʃəˈɡiz/
7960	negotiations	The process of achieving agreement through discussion	/nɪˌɡoʊʃiˈeɪʃənz/
7961	wheeler	Someone who operates a wheel	/ˈwiːlɚ/
7962	overheard	To hear something that was not meant for one's ears	/ˌoʊ.vɚˈhɝd/
7963	breeding	Propagation of offspring through sexual reproduction	/ˈbɹiːdɪŋ/
7964	part-time	For, during, or involving less than the normal time for…	/ˈpɑːɹtˈtaɪm/
7965	barge	A large flat-bottomed towed or self-propelled boat used…	/ˈbɑɹd͡ʒ/
7966	refugees	A person seeking refuge, especially in a foreign country,…	/ˈɹɛfjud͡ʒiz/
7967	wah	A cry of fright, distress, etc	/wɑː/
7968	observed	Exceptionally celebrated on a date other than the usual date	/əbˈzɝvd/
7969	tigers	Panthera tigris, a large predatory mammal of the cat…	/ˈtaɪɡɚz/
7970	brothel	A house of prostitution	/ˈbɹɔθəl/
7971	missions	A set of tasks that fulfills a purpose or duty; an…	/ˈmɪʃənz/
7972	ashore	On the land as opposed to onboard	/əˈʃɔɹ/
7973	panda	Ellipsis of giant panda	/ˈpɑndə/
7974	discretion	The quality of being discreet	/dɪˈskɹɛʃən/
7975	yale	A mythical beast in European mythology and heraldry,…	/ˈjeɪl/
7976	disappointing	Causing disappointment	/ˌdɪsɐˈpɔɪntɪŋ/
7977	insect	An arthropod characterized by six legs, up to four wings,…	/ˈɪn.sɛkt/
7978	prophecy	A prediction, especially one made by a prophet or under…	/ˈpɹɑfɪsi/
7979	absent	In the absence of; without; except	/ˈæb.sn̩t/
7980	machinery	The machines constituting a production apparatus, in a…	/məˈʃiːnəɹi/
7981	generals	The holder of a senior military title, originally…	/ˈd͡ʒɛn(ə)ɹəlz/
7982	carrot	A vegetable with a nutritious, juicy, sweet root that is…	/ˈkæɹət/
7983	ferrari	A car manufactured by Ferrari	/fəˈɹɑɹi/
7984	wrecked	Destroyed, usually in an accident; damaged to the point of…	/ˈɹɛkt/
7985	greene	Obsolete spelling of green	/ˈɡɹiːn/
7986	suggestions	Something suggested	/sə(ɡ)ˈd͡ʒɛst͡ʃənz/
7987	puff	A sharp exhalation of a small amount of breath through the…	/pʌf/
7988	supportive	Providing support	/səˈpɔɹtɪv/
7989	punching	To strike with one's fist	/ˈpʌnt͡ʃɪŋ/
7990	lulu	A remarkable person, object, or idea	/ˈluːlu/
7991	intervention	The action of intervening; interfering in some course of…	/ɪntɚˈvɛnʃən/
7992	layers	A single thickness of some material covering a surface	/ˈleɪ.ɚz/
7993	scholar	A student; one who studies at school or college, typically…	/ˈskɑlɚ/
7994	predators	Any animal or other organism that hunts and kills other…	/ˈpɹɛdəɾɚz/
7995	accusations	The act of accusing	/ˌækjuːˈzeɪʃənz/
7996	olympics	Any real or perceived competition	/əˈlɪmpɪks/
7997	accounting	To estimate, consider	/əˈkaʊn.tɪŋ/
7998	jj	A term for a marijuana cigarette	/ˌdʒeɪdˈʒeɪ/
7999	expertise	Great skill or knowledge in a particular field or hobby	/ˌɛkspɚˈtis/
8000	strap	A long, narrow, pliable strip of leather, cloth, or the like	/ˈstɹæp/
8001	butts	The buttocks or anus	/bʌts/
8002	approaches	An act of drawing near in place or time; an advancing or…	/əˈpɹoʊt͡ʃiz/
8003	flags	A piece of cloth, often decorated with an emblem, used as a…	/flæɡz/
8004	embarrassment	A state of discomfort arising from bashfulness or…	/ɪmˈbæɹ.əs.mənt/
8005	faking	To make a counterfeit, to counterfeit, to forge, to falsify	/ˈfeɪkɪŋ/
8006	vanilla	Any tropical climbing orchid of the genus Vanilla, bearing…	/vəˈnɪl.ə/
8007	grapes	A small, round, smooth-skinned edible fruit, usually…	/ɡɹeɪps/
8008	beacon	A signal fire to notify of the approach of an enemy, or to…	/ˈbiːkən/
8009	handkerchief	A piece of cloth, usually square and often fine and…	/ˈhæŋkəːt͡ʃɪf/
8010	rubbing	An impression of an embossed or incised surface made by…	/ˈɹʌbɪŋ/
8011	rustling	The rounding up and theft of animals, cattle in particular	/ˈɹʌsəlɪŋ/
8012	lighten	To make brighter or clearer; to illuminate	/ˈlaɪ.tn̩/
8013	flora	Plants considered as a group, especially those of a…	/ˈflɔː.ɹə/
8014	cuban	A person from Cuba or of Cuban descent	[ˈkju.bən]
8015	polar	Of, relating to, measured from, or referred to a geographic…	/ˈpoʊlɚ/
8016	translator	A person or thing that translates various forms of text	/ˈtɹænzleɪtɚ/
8017	congrats	Clipping of congratulations	/kənˈɡɹæts/
8018	passports	An official document normally used for international…	/ˈpæspɔːɹts/
8019	grabbing	To grip suddenly; to seize; to clutch	/ˈɡɹæbɪŋ/
8020	alf	A supernatural being similar to an elf; one of the…	/ælf/
8021	brotherhood	The state of being brothers or a brother	/ˈbɹʌðɚˌhʊd/
8022	ernest	Obsolete form of earnest	/ˈɜːnɪst/
8023	professionals	A person who belongs to a profession	/pɹəˈfɛʃ.ə.nəlz/
8024	yuan	The basic unit of money in China	/juˈɑn/
8025	understandable	Capable of being understood; comprehensible	/ˌʌndɚsˈtændəbəl/
8026	banner	A flag or standard used by a military commander, monarch or…	/ˈbænɚ/
8027	academic	Belonging to the school or philosophy of Plato	/ˌæk.əˈdɛm.ɪk/
8028	thuds	The sound of a dull impact	/ˈθʌdz/
8029	sa	To sexually assault	/ˈɛs.eɪ/
8030	publicly	In public, openly, in an open and public manner	/ˈpʌb.lɪ.kli/
8031	orphans	A person, especially a minor, both or one of whose parents…	/ˈɔːɹfənz/
8032	pearls	A shelly concretion, usually rounded, and having a…	/pɝlz/
8033	predator	Any animal or other organism that hunts and kills other…	/ˈpɹɛd.ə.tɚ/
8034	frances	plural of France	/ˈfɹænsɪs/
8035	syrup	Any thick liquid that has a high sugar content and which is…	/ˈsɪɹ.əp/
8036	cartel	A group of businesses or nations that collude to limit…	/kɑɹˈtɛl/
8037	nash	A former make of American automobile manufactured by Nash…	/næʃ/
8038	norma	A norm	/ˈnɔːɹmə/
8039	bluffing	A bluff; a false expression of the strength of one's…	/ˈblʌfɪŋ/
8040	permitted	Allowed, authorized	/pɚˈmɪtɪd/
8041	unpredictable	Unable to be predicted	/ʌnpɹɪˈdɪktəbəl/
8042	suspension	The act of suspending, or the state of being suspended	/səˈspɛnʃən/
8043	addresses	A manner of speaking or writing to another; language, style	/əˈdɹɛsɪz/
8044	stamps	An act of stamping the foot, paw or hoof	/stæmps/
8045	category	A group, often named or numbered, to which items are…	/ˈkæt.ɪˌɡoɹ.i/
8046	transition	The process of change from one form, state, style or place…	/tɹænˈzɪʃ.ən/
8047	peas	Any of certain plants of the family Fabaceae: Pisum sativum…	/piːz/
8048	cautious	Using or exercising caution; careful; tentative	/ˈkɔːʃəs/
8049	isabella	A grape cultivar popular in the former USSR derived from…	/ɪzəˈbɛlə/
8050	comparison	The act of comparing or the state or process of being…	/kəmˈpæɹ.ɪ.sən/
8051	coats	An outer garment covering the upper torso and arms	/koʊts/
8052	thugs	A person who is a member of a gang or criminal organization	/ˈθʌɡz/
8053	grams	grandmother	/ˈɡɹæmz/
8054	freshman	a person entering the first year of an institution,…	/ˈfɹɛʃ.mən/
8055	toilets	A room, enclosed area or single-purpose building containing…	/ˈtɔɪlɪts/
8056	banquet	A large celebratory meal; a feast	/ˈbæŋkwɪt/
8057	coup	A quick, brilliant, and highly successful act	/ku/
8058	shaken	To cause to move rapidly in opposite directions…	/ˈʃeɪkən/
8059	investigations	The act of investigating; the process of inquiring into or…	/ɪnˌvɛstɪˈɡeɪʃənz/
8060	toothbrush	A brush, used with toothpaste, for cleaning the teeth	/ˈtuθ.bɹʌʃ/
8061	expressed	To convey or communicate; to make known or explicit	/ɪkˈspɹɛst/
8062	vulgar	Debased; uncouth; distasteful; obscene	/ˈvʌl.ɡɚ/
8063	haunt	To inhabit or to visit frequently	/hɔnt/
8064	improvement	The act of improving; advancement or growth; a bettering	/ɪmˈpɹuːvmənt/
8065	smelling	To sense a smell or smells	/ˈsmɛlɪŋ/
8066	repairs	The act of repairing something	/ˈɹᵻpɛɹz/
8067	conducted	To lead; to direct; to be in charge of	/kənˈdʌktɪd/
8068	ollie	An aerial maneuver in which one catches air by leaping off…	/ˈɒli/
8069	bakery	A place in which bread is baked and/or sold	/ˈbeɪ.kə.ɹi/
8070	busting	To break	/ˈbʌstɪŋ/
8071	investigated	To inquire into or study in order to ascertain facts or…	/ɪnˈvɛstᵻˌɡeɪɾᵻd/
8072	admission	The act or practice of admitting	/ədˈmɪʃən/
8073	essay	A written composition of moderate length, exploring a…	/ˈɛs.eɪ/
8074	twitter	The sound of a succession of chirps as uttered by birds	/ˈtwɪ.təɹ/
8075	depths	The deepest part	/dɛpθs/
8076	fewer	Less; a smaller amount of something non-integral commonly…	/ˈfjuː.ɚ/
8077	guarding	To protect from danger; to secure against surprise, attack,…	/ˈɡɑɹdɪŋ/
8078	altered	A kind of car in drag racing, usually with a partial body…	/ˈɔl.tɚd/
8079	filing	To commit to some office	/ˈfaɪ.lɪŋ/
8080	ecstasy	Intense pleasure	/ˈɛkstəsi/
8081	snatch	To grasp and remove quickly	/snæt͡ʃ/
8082	stored	To keep while not in use, generally in a place meant for…	/ˈstɔːɹd/
8083	tropical	Of or pertaining to the tropics, the equatorial region…	/ˈtɹoʊ.pɪ.kəl/
8084	pharmacy	A place where prescription drugs are sold or dispensed	/ˈfɑɹməsi/
8085	dalton	a former unit of atomic mass equivalent to 1/16 the mass of…	/ˈdɔltən/
8086	altitude	The absolute height of a location, usually measured from…	/ˈælt.ɪˌtjuːd/
8087	admired	To regard with wonder and delight	/ədˈmaɪɹd/
8088	dickhead	The glans penis	/ˈdɪkˌ(h)ɛd/
8089	mamma	The milk-secreting organ of female humans and other mammals…	/ˈmæmə/
8090	moe	Strong interest in, and especially fetishistic attraction…	/ˈmoʊ.eɪ/
8091	grind	To reduce to smaller pieces by crushing with lateral motion	/ˈɡɹaɪnd/
8092	bombay	Ellipsis of Bombay cat	/bɒmˈbeɪ/
8093	lowest	Situated close to, or even below, the ground or another…	/ˈloʊ.ɪst/
8094	makin	Alternative form of makkin	/ˈmækɪn/
8095	sentences	The judicial order for a punishment to be imposed on a…	/ˈsɛntənsɪz/
8096	mute	Not having the power of speech; dumb	/mjut/
8097	full-time	Spending a full amount of time	/ˌfʊl ˈtaɪm/
8098	scratching	The act or sound of something being scratched	/ˈskɹæt͡ʃɪŋ/
8099	imprisoned	To put in or as if in prison; confine somebody against…	/ɪmˈpɹɪzənd/
8100	danish	Of or pertaining to Denmark	/ˈdeɪ.nɪʃ/
8101	glowing	The action of glowing	/ˈɡloʊɪŋ/
8102	zhang	A traditional Chinese unit of length, 10 Chinese feet or…	/ˈʒæŋ/
8103	martini	A cocktail made with gin or vodka and vermouth	/mɑɹˈtini/
8104	empress	The female monarch of an empire	/ˈɛmpɹəs/
8105	equipped	Having the equipment, resources, and skills one needs;…	/ɪˈkwɪpt/
8106	finale	The grand end of something, especially of a show or piece…	/fəˈnɑli
8107	tarzan	A strong wild man; any man showing attributes of Tarzan, as…	/ˈtɑɹzæn/
8108	storms	Any disturbed state of the atmosphere causing destructive…	/stɔɹmz/
8109	sniff	To make a short, audible inhalation, through the nose, as…	/ˈsnɪf/
8110	slick	Slippery or smooth due to a covering of liquid; often used…	/slɪk/
8111	unarmed	Defenceless and lacking weapons	/ˌʌnˈɑɹmd/
8112	violated	Having been broken or ignored, especially in a flagrant…	/ˈvaɪəˌleɪtɪd/
8113	vent	An opening through which gases, especially air, can pass	/vɛnt/
8114	dd	A breast of cup size DD	/ˌdiː ˈdiː/
8115	breakthrough	Characterized by major progress or overcoming some obstacle	/ˈbɹeɪk.θɹu/
8116	stud	A male animal, especially a stud horse, kept for breeding	/stʌd/
8117	addressed	To prepare oneself; to apply one's skill or energies; to…	/əˈdɹɛst/
8118	tactical	Of or relating to tactics	/ˈtæktɪk(ə)l/
8119	vessels	Any craft designed for transportation on or in water, such…	/ˈvɛsəlz/
8120	procedures	A particular method for performing a task	/pɹəˈsi.d͡ʒɚz/
8121	ching	A pair of small bowl-shaped finger cymbals made of thick…	/ˈt͡ʃɪŋ/
8122	dine	To eat; to eat dinner or supper	/daɪn/
8123	draws	That which draws: that which attracts e.g. a crowd	/dɹɔːz/
8124	crowds	A group of people congregated or collected into a close…	/kɹaʊdz/
8125	limb	A major appendage of human or animal, used for locomotion	/lɪm/
8126	wool	The hair of the sheep, llama and some other ruminants	/wʊl/
8127	jerks	A sudden, often uncontrolled movement, especially of the…	/ˈdʒɜːks/
8128	numb	Physically unable to feel, not having the power of sensation	/nʌm/
8129	oceans	One of the large bodies of water separating the continents	/ˈoʊʃənz/
8130	priceless	So precious as not to be obtainable or sold at any price	/ˈpɹaɪslɪs/
8131	rocking	To pelt with rocks; to stone	/ˈɹɑkɪŋ/
8132	commanding	To order, give orders; to compel or direct with authority	/kəˈmændɪŋ/
8133	relaxing	To make something loose	/ˈɹᵻlæksɪŋ/
8134	clatters	A rattling noise; a repetition of abrupt, sharp sounds	/ˈklæɾɚz/
8135	merci	Thank you	/mɛːˈsiː/
8136	packs	A bundle made up and prepared to be carried; especially, a…	/pæks/
8137	parlor	The living room of a house, or a room for entertaining…	/ˈpɑɹlɚ/
8138	cabbage	An edible plant having a head of green leaves	/ˈkæbɪd͡ʒ/
8139	intruder	Someone who intrudes	/ənˈtɹudɚ/
8140	considerable	Significant; worth considering	/kənˈsɪdəɹəbl̩/
8141	argued	To show grounds for concluding; to indicate, imply	/ˈɑɹ.ɡjud/
8142	paladin	A heroic champion, especially a knight	/ˈpælədɪn/
8143	tellin	A marine bivalve mollusc, of the genus Tellina, that…	/ˈtɛlɪn/
8144	pupils	A learner at a school under the supervision of a teacher	/pjuːpəlz/
8145	inspire	To infuse into the mind; to communicate to the spirit; to…	/ɪnˈspaɪɹ/
8146	positively	In a positive manner	/ˈpɑ.zɪ.tɪv.li/
8147	igor	A stock character, the lab assistant to a mad scientist,…	/ˈiːɡɔːɹ/
8148	traded	To engage in trade	/ˈtɹeɪdɪd/
8149	shipped	To send by water-borne transport	/ʃɪpt/
8150	feminine	Of or pertaining to the female gender	/ˈfɛmɪnɪn/
8151	vague	Not clearly expressed; stated in indefinite terms	/veɪɡ/
8152	partly	In part, or to some degree, but not completely	/ˈpɑɹtli/
8153	insight	A sight or view of the interior of anything; a deep…	/ˈɪnsaɪ̯t/
8154	stages	A phase	/ˈsteɪd͡ʒɪz/
8155	screenplay	A script for a movie or a television show; especially, the…	/ˈskɹiːnˌpleɪ/
8156	marquis	A nobleman in England, France, and Germany, of a rank next…	/mɑɹˈki/
8157	ripe	Of a fruit, vegetable, seed, etc., ready for reaping or…	/ɹaɪp/
8158	awaiting	To wait for	/əˈweɪtɪŋ/
8159	pigeons	One of several birds of the family Columbidae within the…	/ˈpɪd͡ʒəns/
8160	tempted	To provoke someone to do wrong, especially by promising a…	/ˈtɛmptɪd/
8161	inherit	To receive, by legal succession or bequest, usually after…	/ɪnˈhɛɹɪt/
8162	decline	Downward movement, fall	/dɪˈklaɪn/
8163	fang	A long, pointed canine tooth used for biting and tearing…	/ˈfeɪ̯ŋ/
8164	shitting	To defecate	/ˈʃɪtɪŋ/
8165	tens	A set or group with ten elements	/ˈtɛnz/
8166	gigantic	Very large	/d͡ʒaɪˈɡæntɪk/
8167	guv	A form of address to a man, usually a stranger or a superior	/ˈɡʌv/
8168	readings	The process of interpreting written language	/ˈɹiːdɪŋz/
8169	headmaster	A male headteacher	/ˈhɛdˌmæstɚ/
8170	tenth	The ordinal numeral form of ten; next in order after that…	/tɛnθ/
8171	seals	A pinniped, particularly an earless seal or eared seal	/siːlz/
8172	avoided	To try not to meet or communicate with; to shun	/əˈvɔɪdɪd/
8173	blankets	A heavy, loosely woven fabric, usually large and woollen,…	/ˈblæŋ.kɪts/
8174	overlapping	That overlaps something else	/ˌoʊvɚˈlæpɪŋ/
8175	flipped	To throw so as to turn over	/flɪpt/
8176	yield	To give as a result or outcome; to produce or render	/jiːld/
8177	ads	Clipping of advertisement	/ædz/
8178	backstage	Towards the area behind the stage	/bækˈsteɪd͡ʒ/
8179	quiz	A competition in the answering of questions	/kwɪz/
8180	mosque	A place of worship for Muslims, often having at least one…	/mɑsk/
8181	weaver	A person who weaves; especially, one who weaves cloth for a…	/ˈwi.vɚ/
8182	puppies	A young dog, especially before sexual maturity	/ˈpʌpiz/
8183	stated	To declare to be a fact	/ˈsteɪtɪd/
8184	weirdo	A strange, odd, eccentric person	/ˈwiɹ.doʊ/
8185	belongings	The feeling that one belongs	/ˈbᵻlɔŋɪŋz/
8186	functions	What something does or is used for	/ˈfʌŋkʃənz/
8187	reservations	The act of reserving, withholding or keeping back	/ˌɹɛzɚˈveɪʃənz/
8188	chilly	Cold enough to cause discomfort	/ˈt͡ʃɪli/
8189	eldest	Of an object, concept, relationship, etc., having existed…	/ˈɛldɪst/
8190	traditions	A part of culture that is passed from person to person or…	/tɹɐˈdɪʃənz/
8191	factories	A building or other place where manufacturing takes place	/ˈfæktɚɹiz/
8192	feedback	Critical assessment of a process or activity or of their…	/ˈfiːdˌbæk/
8193	repeatedly	Done several times or in repetition	/ɹɪˈpiːtɪdli/
8194	exquisite	Especially or extraordinarily fine or pleasing; exceptional	/ɪkˈskwɪzɪt/
8195	pickle	A cucumber preserved in a solution, usually a brine or a…	/ˈpɪkəl/
8196	masses	A quantity of matter cohering so as to make one body, or an…	/ˈmæs.ɪz/
8197	pauline	Of or relating to Paul the Apostle, his writings, his…	/ˈpɑˌlaɪn/
8198	frogs	Any of a class of small tailless amphibians of the order…	/ˈfɹɑːɡz/
8199	crosses	A geometrical figure consisting of two straight lines or…	/ˈkɹɔsɪz/
8200	headaches	A pain or ache in the head	/ˈhɛdeɪks/
8201	arctic	Pertaining to the celestial north pole, or to the pole star	/ˈɑɹ(k).tɪk/
8202	reinforcements	The act, process, or state of reinforcing or being…	/ˌɹiːɪnˈfɔːɹsmənts/
8203	secondary	Next in order to the first or primary; of second place in…	/ˈsɛkənˌdɛɹi/
8204	pajamas	Clothes for wearing to bed and sleeping in, usually…	/pəˈd͡ʒɑ.məz/
8205	roles	A character or part played by a performer or actor	/ɹoʊlz/
8206	asteroid	A naturally occurring solid object, which is smaller than a…	/ˈæst(ə)ɹɔɪd/
8207	unsub	Abbreviation of unknown subject of an investigation	/ˈʌnsʌb/
8208	mixing	The act, or the result of making a mixture	/ˈmɪksɪŋ/
8209	courier	A person who delivers messages	/ˈkʊɹ.i.ɚ/
8210	carrots	A redhead	/ˈkæɹəts/
8211	fuckers	An undesirable person	/ˈfʌkɚz/
8212	translated	To change spoken words or written text from one language to…	/ˈtɹænzleɪtɪd/
8213	longing	To take a long position in	/ˈlɔːŋɪŋ/
8214	cigars	A cylinder of tobacco rolled and wrapped with an outer…	/sɪˈɡɑɹz/
8215	manipulate	To move, arrange or operate something using the hands	/məˈnɪp.jə.leɪt/
8216	liberal	Generous; permitting liberty; willing to give unsparingly	/ˈlɪbɚɹəl/
8217	investors	A person who invests money in order to make a profit	/ɪnˈvɛstɚz/
8218	bun	A small bread roll that is sweetened or spiced	/bʌn/
8219	sly	Slyly	/slaɪ/
8220	pickles	Nonsense; folly	/ˈpɪkl̩z/
8221	temperatures	A measure of cold or heat, often measurable with a…	/ˈtɛmpɹɪtʃɚz/
8222	sweetest	Tasting of sugars	/ˈswiːtəst/
8223	motto	A personal slogan	/ˈmɑ.toʊ/
8224	moss	Any of various small, green, seedless plants growing on the…	/mɔs/
8225	yum	Indicating delight at the flavor of food	/jʌm/
8226	melting	Which is melting, dissolving or liquefying	/ˈmɛltɪŋ/
8227	yan	One	/jæn/
8228	requesting	To ask for	/ˈɹᵻkwɛstɪŋ/
8229	lava	The molten rock ejected by a volcano from a vent such as a…	/ˈlɑvə/
8230	kris	A traditional Indonesian, Malaysian, or Filipino sword or…	/ˈkɹɪs/
8231	monthly	Every month	/ˈmʌnθli/
8232	noses	A protuberance on the face housing the nostrils, which are…	/ˈnoʊzᵻz/
8233	tickle	Insecurely, precariously, unstably	/ˈtɪkl̩/
8234	ufo	An "unfinished object" in knitting or other kinds of craft	/ˌjuˌɛfˈoʊ/
8235	timothy	Timothy-grass, native to Europe, but introduced widely and…	/ˈtɪməθi/
8236	midst	A place in the middle of something; may be used of a…	/mɪdst/
8237	herbert	A working-class youth, especially male	/ˈhɝbɚt/
8238	purchased	To buy, obtain by payment of a price in money or its…	/ˈpɝt͡ʃəst/
8239	tis	A syllable used in solfège to represent the seventh note of…	/tɪz/
8240	convenience	The quality of being convenient	/kənˈvinjəns/
8241	flashlight	A battery-powered hand-held light source	/ˈflæʃˌlaɪt/
8242	dewey	A charge of DUI	/ˈduːi/
8243	tripped	To fall over or stumble over an object as a result of…	/tɹɪpt/
8244	easiest	Comfortable; at ease	/ˈiːziɪst/
8245	shouted	To utter a sudden and loud cry, as in joy, triumph,…	/ˈʃaʊtɪd/
8246	splitting	To divide fully or partly along a more or less straight line	/ˈsplɪtɪŋ/
8247	commands	An order to do something	/kəˈmændz/
8248	demanded	To request forcefully	/dɪˈmændɪd/
8249	cuff	The end of a shirt sleeve that covers the wrist	/kʌf/
8250	cosmos	The universe regarded as a system with harmony and order	/ˈkɑzməs/
8251	curfew	Any regulation requiring people to be off the streets and…	/ˈkɝ.fju/
8252	instructed	To teach by giving instructions	/ɪnˈstɹʌktɪd/
8253	notorious	Of a person or entity: generally or widely known for…	/nəˈtɔ.ɹi.əs/
8254	q	Each, every	/kju/
8255	streak	An irregular line, as is left from smearing or motion	/stɹiːk/
8256	equivalent	Similar or identical in value, meaning or effect; virtually…	/ɪˈkwɪvələnt/
8257	pitiful	So appalling or sad that one feels or should feel sorry for…	/ˈpɪt.ɪ.fl̩/
8258	fin	One of the appendages of a fish, used to propel itself and…	/fɪn/
8259	greeting	A conventional phrase used to start a letter or…	/ˈɡɹiːtɪŋ/
8260	propaganda	Agitation, publicity, public communication aimed at…	/ˌpɹɑpəˈɡændə/
8261	doorstep	An outside step leading up to the door of a building,…	/ˈdɔː(ɹ)stɛp/
8262	butterflies	Ellipsis of butterflies in one's stomach	/ˈbʌ.tə(ɹ).flaɪz/
8263	fascinated	extremely interested	/ˈfæsɪneɪtɪd/
8264	dumping	To release, especially in large quantities and chaotic…	/ˈdʌmpɪŋ/
8265	condo	Clipping of condominium	/ˈkɑndoʊ/
8266	fearless	Without fear	/ˈfɪɹləs/
8267	cripple	A person who has severely impaired physical abilities…	/ˈkɹɪp(ə)l/
8268	errand	A mundane mission of no great consequence, concerning…	/ˈɛɹənd/
8269	halls	A corridor; a hallway	/ˈhɔːlz/
8270	imitates	To follow as a model or a pattern; to make a copy,…	/ˈɪmᵻˌteɪts/
8271	harley	A Harley-Davidson motorcycle	/ˈhɑɹli/
8272	sailed	Having a specified kind or number of sail	/seɪld/
8273	baking	That bakes	/ˈbeɪkɪŋ(ɡ)/
8274	connecting	To join: to attach, or to be intended to attach or capable…	/kəˈnɛktɪŋ/
8275	bourbon	A whiskey distilled in the United States from a mixture of…	/ˈbɜː(ɹ).bən/
8276	cathedral	Relating to the office of a bishop or an archbishop	/kəˈθidɹəl/
8277	bong	The clang of a large bell	/bɔŋ/
8278	tying	To twist around itself securely	/ˈtaɪ.ɪŋ/
8279	lists	A strip of fabric, especially from the edge of a piece of…	/lɪsts/
8280	strangle	To kill someone by squeezing the throat so as to cut off…	/ˈstɹeɪ̯ŋɡəl/
8281	stripped	Made of strips	/stɹɪpt/
8282	loans	An act or instance of lending, an act or instance of…	/loʊnz/
8283	manchester	Household linen, especially as a category of goods in a…	/ˈmænt͡ʃɛstɚ/
8284	briefly	In a brief manner, summarily	/ˈbɹiːfli/
8285	tessa	Acronym of tax-exempt special savings account	/ˈtɛsə/
8286	unfinished	Not completed; unresolved	/ʌnˈfɪnɪʃt/
8287	experimental	Pertaining to or founded on experiment	/ɪkspɛɹəˈmɛntəl/
8288	greeks	The quantities representing the sensitivity of the price of…	/ɡɹiːks/
8289	lil	A book	/lɪl/
8290	mainland	The continent; the principal land, as distinguished from…	/ˈmeɪnlənd/
8291	judgement	Alternative spelling of judgment	/ˈd͡ʒʌd͡ʒ.mənt/
8292	stammers	The involuntary repetition of a sound in speech	/ˈstæmɚz/
8293	pike	A sharp, pointed staff or implement	/paɪk/
8294	liars	Someone who tells a lie; especially, a person who…	/ˈlaɪɚz/
8295	slot	A narrow depression, perforation, or aperture; especially,…	/slɑt/
8296	amazon	A member of a mythical race of female warriors inhabiting…	/ˈæm.əˌzɑn/
8297	flooded	Filled with water from rain or rivers	/ˈflʌdɪd/
8298	torment	Torture, originally as inflicted by an instrument of torture	/ˈtɔː(ɹ)mɛnt/
8299	mermaid	A mythological creature with a woman's head and upper body,…	/ˈmɝ.meɪd/
8300	rapist	One who has committed rape; someone who raped another person	/ˈɹeɪ.pɪst/
8301	sanders	A person employed to sand wood	/ˈsændɚz/
8302	triggered	Having a trigger that reacts to some specific condition	/ˈtɹɪɡɚd/
8303	expects	To predict or believe that something will happen	/ɛksˈpɛkts/
8304	lisbon	A sweet, light-coloured wine from Portugal	/ˈlɪzbən/
8305	reader	A person who reads	/ˈɹi.dɚ/
8306	keyboard	A set of keys laid out in a gridlike pattern, used for…	/ˈki.bɔɹd/
8307	roam	To wander or travel freely and with no specific destination	/ɹoʊm/
8308	seventeen	The cardinal number occurring after sixteen and before…	/ˈsɛv.ən.tiːn/
8309	openly	In an open manner; visibly	/ˈoʊpənli/
8310	deacon	A designated minister of charity in the early Church	/ˈdiːkən/
8311	jackpot	A money prize pool which accumulates until the conditions…	/ˈd͡ʒækpɒt/
8312	soaked	Drenched with water, or other liquid	/səʊkt/
8313	printing	The process or business of producing printed material by…	[ˈpʰɹ̥ɪɾ̃ɪŋ]
8314	yuck	Uttered to indicate disgust usually toward an objectionable…	/jʌk/
8315	shorty	Synonym of she or her, especially of a younger woman	/ˈʃoɹ.ti/
8316	extract	Something that is extracted or drawn out	/ˈɛkstɹækt/
8317	prostitutes	Any person who has sexual intercourse or engages in other…	/ˈpɹɑːstɪˌtuːts/
8318	cherish	To treat with affection, care, and tenderness; to nurture…	/ˈt͡ʃɛɹɪʃ/
8319	logs	The trunk of a dead tree, cleared of branches	/lɔɡz/
8320	takin	A goat-antelope, of species Budorcas taxicolor	/ˈtækɪn/
8321	sponge	Any of various marine invertebrates of the phylum Porifera,…	/spʌnd͡ʒ/
8322	bates	To reduce the force of something; to abate	/beɪts/
8323	cuffs	The end of a shirt sleeve that covers the wrist	/kʌfs/
8324	virginity	The state or characteristic of being a virgin	/və(ɹ)ˈd͡ʒɪnɪti/
8325	torturing	An act of torture	/ˈtɔːɹtʃɚɹɪŋ/
8326	unity	Oneness: the state or fact of being one undivided entity	/ˈjunɪti/
8327	coop	A basket, pen or enclosure for birds or small animals	/kup/
8328	forge	A furnace or hearth where metals are heated prior to…	/fɔɹd͡ʒ/
8329	morse	Clipping of Morse code	/mɔːs/
8330	guru	In Indian traditions: a spiritual teacher who transmits…	/ˈɡʊɹ(ˌ)u/
8331	tai	A fish, the Japanese bream	/taɪ/
8332	skilled	Having or showing skill; skillful	/skɪld/
8333	dev	Clipping of developer	/dɛv/
8334	insists	To hold up a claim emphatically	/ɪnˈsɪsts/
8335	calf	A young cow or bull of any bovid, such as domestic cattle…	/kæf/
8336	oof	A sound mimicking the loss of air, as if someone's solar…	/uf/
8337	allowance	Permission; granting, conceding, or admitting	/əˈlaʊɪns/
8338	homosexual	Sexually and/or romantically attracted to members of the…	/ˌhɒməʊˈsɛksjuːəl/
8339	shapes	The status or condition of something	/ʃeɪps/
8340	rosemary	A shrub, Salvia rosmarinus, that originates from Europe and…	/ˈɹoʊzˌmɛəɹi/
8341	idle	Not being used appropriately; not occupied; with no, no…	/ˈaɪd(ə)l/
8342	slaughtered	Extremely drunk	/ˈslɔːɾɚd/
8343	resent	To feel resentment over; to consider as an affront	/ɹiˈzɛnt/
8344	cassandra	A person who makes dire predictions, especially those which…	/kəˈsæn.dɹə/
8345	leaking	The act by which something leaks	/ˈliːkɪŋ/
8346	likewise	In a similar manner	/ˈlaɪkˌwaɪz/
8347	riddle	A verbal puzzle, mystery, or other problem of an…	/ˈɹɪdəl/
8348	ghetto	An area of a city in which Jews are concentrated by force…	/ˈɡɛ.toʊ/
8349	sunglasses	Tinted glasses worn to protect the eyes from the sun or…	/ˈsʌŋɡlæsᵻz/
8350	vega	An open tract of ground; a plain, especially one which is…	/ˈveɪɡə/
8351	newest	Recently made, or created	/ˈn(j)uɪst/
8352	valve	A device that controls the flow of a gas or fluid through a…	/ˈvælv/
8353	geek	A person who is intensely interested in a particular field…	/ˈɡiːk/
8354	fucks	An act of sexual intercourse	/fʌks/
8355	gangsters	A member of a criminal or street gang	/ˈɡæŋstɚz/
8356	pies	A type of pastry that consists of an outer crust and a…	/paɪz/
8357	publisher	A person or a company who publishes, especially books	/ˈpʌblɪʃɚ/
8358	troubling	To mentally distress; to cause to be anxious or perplexed	/ˈtɹʌblɪŋ/
8359	trembling	A tremble	/ˈtɹɛmblɪŋ/
8360	marathon	A 42.195-kilometre road race	/ˈmæɹəˌθɑn/
8361	douche	A jet or current of water or vapour directed upon some part…	/duːʃ/
8362	conducting	Synonym of conductive	/kənˈdʌktɪŋ/
8363	sundays	On Sunday; each Sunday	/ˈsʌndeɪz/
8364	shrieks	A sharp, shrill outcry or scream; a shrill wild cry caused…	/ˈʃɹiːks/
8365	fiancee	Alternative spelling of fiancée	/fiˈɑːnseɪ/
8366	frankenstein	A monster composed of body parts from various corpses…	/ˈfɹæŋ.kən.staɪn/
8367	summers	In the summer	/ˈsʌmɚz/
8368	liang	Synonym of tael, a former Chinese unit of weight and a…	/ˈljæŋ/
8369	burglar	A person who breaks in to premises with the intent of…	/ˈbɝɡlɚ/
8370	spiders	Any of various eight-legged, predatory arthropods, of the…	/ˈspaɪdɚz/
8371	norway	Ellipsis of Norway rat	/ˈnɔɹweɪ/
8372	crops	A plant, grown for it, or its fruits or seeds, to be…	/kɹɑps/
8373	infant	A very young human being, from birth to somewhere between…	/ˈɪn.fənt/
8374	falcon	Any bird of the genus Falco, all of which are birds of prey	/ˈfælkən/
8375	pursuing	pursuit	/pɚˈsu.ɪŋ/
8376	humiliate	To cause to be ashamed; to injure the dignity and…	/hjuːˈmɪliˌeɪt/
8377	hydrogen	The lightest chemical element, with an atomic number of 1…	/ˈhaɪdɹəd͡ʒ(ə)n/
8378	karaoke	A form of entertainment popular in clubs, at parties, etc,…	/ˈkæ.ɹiˌəʊ.ki/
8379	encountered	To meet or find, especially unexpectedly	/ɪnˈkaʊntɚd/
8380	corey	A penis	/ˈkɔː.ɹi/
8381	scope	The breadth, depth or reach of a subject; the extent of…	/skoʊp/
8382	cultures	The arts, customs, lifestyles, background, and habits that…	/ˈkʌltʃɚz/
8383	speakers	One who speaks	/ˈspikɚz/
8384	superstar	Someone who has accumulated a vast amount of fame; a…	/ˈsu.pɚˌstɑɹ/
8385	orgasm	A rush of sexual excitement; now specifically, the climax…	/ˈoɹ.ɡæ.zəm/
8386	gravy	A dark savoury sauce prepared from stock and usually meat…	/ˈɡɹeɪvi/
8387	calculations	The act or process of calculating	/ˌkælkjʊˈleɪʃənz/
8388	vocal	Of, pertaining to, or resembling the human voice or speech	/ˈvoʊ̯.kəl/
8389	severely	In a severe manner; with severity	/ˈsᵻvɪɹli/
8390	hating	To dislike intensely or greatly	/ˈheɪtɪŋ/
8391	novels	A work of prose fiction, longer than a novella	/ˈnɑvl̩z/
8392	mindy	Knife	[ˈmɪndi]
8393	boiled	Cooked in boiling water	/bɔɪld/
8394	metaphor	The use of a word, phrase, concept, or set of concepts to…	/ˈmɛt.ə.foɹ/
8395	kindergarten	The elementary school grade before first grade	/ˈkɪndəɹˌɡɑːɹt(ə)n/
8396	fades	A golf shot that curves intentionally to the player's right…	/feɪdz/
8397	fi	The solfeggio syllable used to indicate the sharp of the…	/fiː/
8398	brazilian	A person from Brazil or of Brazilian descent	/bɹəˈzɪ.lɪ.ən/
8399	devastating	Causing devastation	/ˈdɛvᵻsˌteɪɾɪŋ/
8400	interfering	interference	/ˌɪntəˈfɪɹɪŋ/
8401	dripping	Solid animal fat, traditionally collected from dripping off…	/ˈdɹɪpɪŋ/
8402	ops	operations	/ˈɑːps/
8403	cuz	Informal spelling of 'cause	/kʌz/
8404	holden	A brand of car originating in Australia	/ˈhoʊldən/
8405	suited	To make proper or suitable; to adapt or fit	/ˈsutɪd/
8406	merciful	Showing mercy	/ˈmɝ.sɪ.fl̩/
8407	affirmative	pertaining to truth; asserting that something is; affirming	/əˈfɝməɾɪv/
8408	runaway	A person or animal that runs away or has run away; a…	/ˈɹʌnəweɪ/
8409	shoo	To induce someone or something to leave	/ʃuː/
8410	italians	A person from Italy or of Italian descent	/ɪˈtæliənz/
8411	wales	A ridge or low barrier	/weɪlz/
8412	adapt	To make suitable; to make to correspond; to fit or suit	/əˈdæpt/
8413	mal	illness, affliction	/mæl/
8414	smartest	Exhibiting social ability or cleverness	/ˈsmɑːɹɾɪst/
8415	blacks	The colour/color perceived in the absence of light, but…	/blæks/
8416	struggled	To strive, to labour in difficulty, to fight, to contend	/ˈstɹʌɡl̩d/
8417	prostitution	Engaging in sexual activity with another person for pay	/ˌprɒstɪˈt͡ʃuːʃn/
8418	payback	An act of revenge	/ˈpeɪbæk/
8419	vintage	The yield of grapes or wine from a vineyard or district…	/ˈvɪn.tɪd͡ʒ/
8420	diapers	An absorbent garment worn around the crotch that retains…	/ˈdaɪpɚz/
8421	killings	The act of killing	/ˈkɪlɪŋz/
8422	courthouse	A public building housing courts of law	/ˈkɔɹt.haʊs/
8423	tong	An instrument or tool used for manipulating things in a…	/tɔŋ/
8424	cubs	members of the Cub Scouts; plural of Cub	/kʌbz/
8425	surfing	The pastime or sport of riding surf on a surfboard	/ˈsɝfɪŋ/
8426	spotlight	A bright, directional light or lamp, especially one used to…	/ˈspɑtˌlaɪt/
8427	frontier	The part of a country which borders or faces another…	/fɹʌnˈtɪɹ/
8428	monte	A game in which three or four cards are dealt face-up and…	/ˈmɒnti/
8429	stocks	A store or supply	/stɑks/
8430	holiness	The state or condition of being holy	/ˈhoʊlinəs/
8431	isolation	The state of being isolated, detached, or separated; the…	/ˌaɪsəˈleɪʃən/
8432	starters	Someone who starts, or who starts something	/ˈstɑːɹɾɚz/
8433	resigned	Characterized by resignation or acceptance	/ɹɪˈzaɪnd/
8434	acquainted	Personally known; familiar	/əˈkweɪntɪd/
8435	meow	The cry of a cat	/miˈaʊ/
8436	appearances	The act of appearing or coming into sight; the act of…	/ɐˈpɪɹənsᵻz/
8437	loft	An attic or similar space in the roof of a house or other…	/lɔft/
8438	snitch	To inform on someone, especially in betrayal of others	/snɪt͡ʃ/
8439	ribbon	A long, narrow strip of material used for decoration of…	/ˈɹɪbən/
8440	dares	A challenge to prove courage	/dɛɹz/
8441	greatness	The state, condition, or quality of being great	/ˈɡɹeɪtnəs/
8442	coolest	Of a mildly low temperature	/ˈkuːlɪst/
8443	decency	The quality of being decent; propriety	/ˈdisənsi/
8444	mayday	An international distress signal used by shipping and…	/ˈmeɪ̯deɪ̯/
8445	michigan	A deke consisting of lifting the puck with the stick and…	/ˈmɪʃəɡɪn/
8446	reactor	A person who responds to a suggestion, stimulation or other…	/ɹiˈæktɚ/
8447	buckle	A metal clasp with a hinged tongue or a spike through which…	/ˈbʌkəl/
8448	vanity	That which is vain, futile, or worthless; that which is of…	/ˈvænəti/
8449	simmons	Alternative spelling of 'simmon	/ˈsɪmənz/
8450	earning	To gain through applied effort or work	/ˈɝnɪŋ/
8451	marriages	The state of being married	/ˈmæɹɪdʒᵻz/
8452	docks	A collection of docks, wharves, warehouses and offices	/dɒks/
8453	alleged	Asserted, but not proved	/əˈlɛdʒd/
8454	asap	Initialism of as soon as possible	/ˈeɪ.sæp/
8455	preparations	The act of preparing or getting ready	/pɹɛpəˈɹeɪʃənz/
8456	bugging	Electronic surveillance	/ˈbʌɡɪŋ/
8457	conquered	To defeat in combat; to subjugate	/ˈkɑŋkɚd/
8458	cuckoo	Any of various birds, of the family Cuculidae within the…	/ˈkuku/
8459	crib	A baby’s bed with high, often slatted, often moveable…	/kɹɪb/
8460	yogurt	A milk-based product stiffened by a bacterium-aided…	/ˈjoʊ.ɡɚt/
8461	secondly	In the second place	/ˈsɛk.(ə)ndli/
8462	nixon	A drug of low quality and low potency passed off as a…	/ˈnɪk.sɪn/
8463	portland	The land around a port	/ˈpɔːɹtlənd/
8464	fishy	A typically cold-blooded vertebrate animal that lives in…	/ˈfɪʃi/
8465	flick	A short, quick movement, especially a brush, sweep, or flip	/flɪk/
8466	scratched	Produced by scratching	/skɹæt͡ʃt/
8467	muffin	A type of flattish bun, usually cut in two horizontally,…	/ˈmʌf.ɪn/
8468	hale	To drag or pull, especially forcibly	/heɪl/
8469	tailor	A person who makes, repairs, or alters clothes…	/ˈteɪlɚ/
8470	chimney	A vertical tube or hollow column used to emit…	/ˈt͡ʃɪmni/
8471	nuns	A member of a Christian religious community of women who…	/nʌnz/
8472	packet	A small pack or package; a little bundle or parcel	/ˈpæk.ɪt/
8473	homemade	Made at home	/ˌhoʊmˈmeɪ̯d/
8474	farming	To work on a farm, especially in the growing and harvesting…	/ˈfɑɹmɪŋ/
8475	genuinely	In a genuine manner; truthfully, truly	/ˈd͡ʒɛn.ju.ɪn.li/
8476	rumours	UK, Canada, New Zealand, Australia, and Ireland spelling of…	/ˈɹuːmɚz/
8477	daniels	A wise judge, like the biblical Daniel who ingeniously…	/ˈdænjəlz/
8478	blouse	A shirt for women or girls, particularly a shirt with…	/ˈblaʊ̯s/
8479	kite	A bird of prey of the family Accipitridae	/kaɪt/
8480	buses	A motor vehicle for transporting large numbers of people…	/ˈbʌsᵻz/
8481	rhyme	Rhyming verse	/ɹaɪm/
8482	invaded	To move into	/ɪnˈveɪdɪd/
8483	equation	The act or process of equating two or more things, or the…	/ɪˈkweɪ.ʒən/
8484	transmitter	One who or that which transmits something	/tɹænsˈmɪɾɚ/
8485	morons	A stupid person; an idiot; a fool	/ˈmɔːɹɑːnz/
8486	lime	Any inorganic material containing calcium, usually calcium…	/laɪm/
8487	rotting	The process by which something rots	/ˈɹɑːɾɪŋ/
8488	remorse	A feeling of regret or sadness for doing wrong or sinning	/ɹɪˈmɔɹs/
8489	marker	A felt-tipped pen, a marker pen	/ˈmɑː(ɹ)kə(ɹ)/
8490	aiming	The act of one who aims	/ˈeɪ.mɪŋ/
8491	adds	The addition of a song to a station's playlist	/æ(d)z/
8492	chores	A task, especially a regularly needed task for the upkeep…	/ˈtʃɔːɹz/
8493	gem	A precious stone, usually of substantial monetary value or…	/d͡ʒɛm/
8494	blasted	Damned; extremely	/ˈblæs.tɪd/
8495	grabs	A sudden snatch at something	/ɡɹæbz/
8496	courageous	Of a person, displaying or possessing courage	/kəˈɹeɪd͡ʒəs/
8497	determination	The act, process, or result of any accurate measurement, as…	/dɪˌtɜːmɪˈneɪʃən/
8498	beaver	A semiaquatic rodent of the genus Castor, having a wide,…	/ˈbivɚ/
8499	publishing	The industry of publishing, including the production and…	/ˈpʌblɪʃɪŋ/
8500	crickets	Used alone or in metaphorically descriptive phrases:…	/ˈkɹɪk.ɪts/
8501	well-known	Familiar, famous, renowned, noted or widely known	/ˌwɛlˈnoʊn/
8502	exercises	A ceremony or assembly: opening exercises; graduation…	/ˈɛk.sɚ.saɪ.zɪz/
8503	testament	A solemn, authentic instrument in writing, by which a…	/ˈtɛs.tə.mənt/
8504	apocalypse	A revealing, especially a prophecy of, or the unfolding of,…	/əˈpɑkəlɪps/
8505	phew	Used to express relief of tension, fatigue, or surprise	/fjuː/
8506	dicks	The penis	/dɪks/
8507	paralyzed	Partly or wholly incapable of movement; disabled	/ˈpæɹəˌlaɪzd/
8508	headlines	The heading or title of a magazine or newspaper article	/ˈhɛdlaɪnz/
8509	stripes	A long region of a single colour in a repeating pattern of…	/stɹaɪps/
8510	santos	A wooden or ivory statue of a saint, angel or other…	/ˈsæntoʊz/
8511	breaths	The act or process of breathing	/bɹɛθs/
8512	abort	An early termination of a mission, action, or procedure in…	/əˈbɔɹt/
8513	heap	very or much; representing broken English stereotypically…	/hiːp/
8514	ketchup	Ellipsis of tomato ketchup sweeteners”	/ˈkɛt͡ʃ.əp/
8515	responded	To say something in return; to answer; to reply	/ɹɪˈspɑndɪd/
8516	protects	To keep safe; to defend; to guard; to prevent harm coming to	/pɹəˈtɛkts/
8517	tummy	The stomach or belly	/ˈtʌ.mi/
8518	hog	Any animal belonging to the Suidae family of mammals,…	/hɑɡ/
8519	yakuza	A Japanese organized crime gang	/ˈjækuzə/
8520	weeping	Action of the verb to weep	/ˈwiːpɪŋ/
8521	fragments	A part broken off; a small, detached portion; an imperfect…	/ˈfɹæɡmənts/
8522	catastrophe	Any large and disastrous event of great significance	/kəˈtæstɹəfi/
8523	bp	Stylised name of British Petroleum	/ˌbiːˈpiː/
8524	churches	A Christian house of worship; a building where Christian…	/ˈt͡ʃɝt͡ʃɪz/
8525	pins	A needle without an eye made of drawn-out steel wire with…	/pɪnz/
8526	shaving	A thin, shaved off slice of wood, metal, or other material	/ˈʃeɪvɪŋ/
8527	legit	Legitimately; within the law	/lədˈʒɪt/
8528	yoo	Eye dialect spelling of you	/juː/
8529	targeted	To aim something, especially a weapon, at	/ˈtɑːɹɡɪɾᵻd/
8530	simpler	Uncomplicated; lacking complexity; taken by itself, with…	/ˈsɪm.pəl.ɚ/
8531	noticing	To become aware of; to observe	/ˈnoʊ.tɪ.sɪŋ/
8532	rover	One who roves: a person or animal that travels around,…	/ˈɹoʊvɚ/
8533	lars	Alternative form of Lares	/ˈlɑːɹz/
8534	moreover	In addition to what has been said	/moɹˈoʊ.vɚ/
8535	releasing	To let go of; to cease to hold or contain	/ˈɹᵻliːsɪŋ/
8536	fascist	Of or relating to fascism	/ˈfæʃɪst/
8537	spitting	An appearance on the surface of melted silver or platinum…	/ˈspɪtɪŋ/
8538	colt	A young male horse	/koʊlt/
8539	hardy	Having rugged physical strength; inured to fatigue or…	/ˈhɑɹdi/
8540	truce	A period of time in which no fighting takes place due to an…	/tɹus/
8541	plaza	A town's public square	/ˈplɑːzə/
8542	bronze	A naturally occurring or man-made alloy of copper, usually…	/bɹɑnz/
8543	guarded	To protect from danger; to secure against surprise, attack,…	/ˈɡɑɹdɪd/
8544	airline	A company that flies airplanes to transport people and goods	/ˈɛɹˌlaɪn/
8545	incapable	Not capable; unable	/ɪnˈkeɪpəbl̩/
8546	punches	A hit or strike with one's fist	/ˈpʌntʃᵻz/
8547	hq	Initialism of headquarters	/ˌeɪtʃˈkjuː/
8548	privately	In a private manner	/ˈpɹaɪvɪtli/
8549	vatican	Relating to the Vatican City state	/ˈvæ.tɪ.kən/
8550	surround	To encircle something or simultaneously extend in all…	/səˈɹaʊnd/
8551	edna	Initialism of environmental DNA	/ˈɛdnə/
8552	consolation	The act or example of consoling; the condition of being…	/ˌkɑn.səˈleɪ.ʃən/
8553	gutter	A prepared channel in a surface, especially at the side of…	/ˈɡʌt.ɚ/
8554	lan	An in-person tournament that uses LAN	/læn/
8555	astonishing	Causing astonishment	/əˈstɑnɪʃɪŋ/
8556	broker	Financially ruined, bankrupt	/ˈbɹoʊkɚ/
8557	seizure	The act of taking possession, as by force or right of law	/ˈsi.ʒɚ/
8558	fright	A state of terror excited by the sudden appearance of…	/fɹaɪt/
8559	leaning	A tendency or propensity	/ˈliːnɪŋ/
8560	mic	A microfarad	/ˈmaɪk/
8561	berry	A small succulent fruit, of any one of many varieties	/ˈbɛɹi/
8562	lacking	To be without, not to have, to need, to require	/ˈlækɪŋ/
8563	verge	A rod or staff of office, e.g. of a verger	/vɝd͡ʒ/
8564	lucifer	Ellipsis of lucifer match, sulfur or phosphorus friction…	/ˈluːsɪfɚ/
8565	contribute	To give something that is or becomes part of a larger whole	/kənˈtɹɪb.jut/
8566	jewellery	Collectively, personal ornamentation such as rings,…	/ˈd͡ʒʊ-/
8567	richards	A turd	/ˈɹɪtʃɚdz/
8568	erotic	Relating to or tending to arouse sexual desire or excitement	/ɪˈɹɑtɪk/
8569	feng	The Latin-script letter ʩ, used to transcribe a voiceless…	/ˈfɛŋ/
8570	siblings	A person who shares a parent; one's brother or sister who…	/ˈsɪblɪŋz/
8571	est	Grace; favour	/ɛst/
8572	dre	Initialism of digital rectal examination; from digital	/ˈdɹiː/
8573	cass	To render moot or void; to annul; to reject	/ˈkæs/
8574	disk	A thin, flat, circular plate or similar object	/dɪsk/
8575	op	Clipping of opponent; alternative spelling of opp	/ɑp/
8576	comics	the medium of comic books, comic strips, and other…	/ˈkɑmɪks/
8577	obstacle	Something that impedes, stands in the way of, or holds up…	/ˈɑbstəkəl/
8578	ale	A beer or beerlike drink produced by so-called warm…	/eɪl/
8579	coral	Any of many species of marine invertebrates in the class…	/ˈkɔɹəl/
8580	hamburger	A hot sandwich consisting of a patty of cooked ground beef…	/ˈhæmˌbɜɹ.ɡɚ/
8581	biscuit	A small, flat, baked good which is either hard and crisp or…	/ˈbɪs.kɪt/
8582	redemption	The act of redeeming or something redeemed	/ɹɪˈdɛmpʃən/
8583	thug	A person who is a member of a gang or criminal organization	/θʌɡ/
8584	concussion	An injury to part of the body, most especially the brain,…	/kəŋkˈəʃɪn/
8585	disgust	To cause an intense dislike for something	/dɪsˈɡʌst/
8586	wright	A builder or maker of something	/ɹaɪt/
8587	nsa	Initialism of no strings attached	/ˈɛn.ɛs.eɪ/
8588	arise	To come up from a lower to a higher position	/əˈɹaɪz/
8589	celebrities	Fame, renown; the state of being famous or talked-about	/səˈlɛbɹᵻɾiz/
8590	kev	A working-class male	/kɛv/
8591	dolphins	A carnivorous cetacean, typically with a beak-like snout,…	/ˈdɑːlfɪnz/
8592	kidneys	An organ in the body that filters the blood, producing urine	/ˈkɪdniz/
8593	leaked	Of a document, etc, produced by a company or organization,…	/liːkt/
8594	solving	To find an answer or solution to a problem or question; to…	/ˈsɑːlvɪŋ/
8595	plasma	A state of matter consisting of partially ionized gas and…	/ˈplæzmə/
8596	singapore	Singapore-style noodles	/ˈsɪŋəpoɹ/
8597	scram	To leave in a hurry; to go away	/skɹæm/
8598	regain	To get back; to recover possession of	/ɹiːˈɡeɪn/
8599	conductor	One who conducts or leads; a guide; a director	/kənˈdʌktɚ/
8600	ministers	A person who is trained to preach, to perform religious…	/ˈmɪnəstɚz/
8601	gender	Sex	/ˈd͡ʒɛndɚ/
8602	removing	To delete	/ɹɪˈmuːvɪŋ/
8603	cocky	Overly confident; arrogant and boastful	/ˈkɑki/
8604	richest	Wealthy: having a lot of money and possessions	/ˈɹɪt͡ʃɪst/
8605	deciding	To resolve; to choose, determine, or settle	/dɪˈsaɪ.dɪŋ/
8606	poo	Feces	/pu/
8607	dispute	An argument or disagreement; a failure to agree	/ˈdɪ.spjut/
8608	brute	Without reason or intelligence	/bɹut/
8609	incidents	An event or occurrence	/ˈɪn.sɪ.dənts/
8610	telly	Television	/ˈtɛli/
8611	capsule	A membranous envelope	/ˈkæps(ə)l/
8612	chefs	The presiding cook in the kitchen of a large household	/ʃɛfs/
8613	psychopath	A person with a personality disorder indicated by a pattern…	/ˈsaɪkoʊˌpæθ/
8614	dumpster	A large, usually metal trash receptacle designed to be…	/ˈdʌmpstɚ/
8615	lire	The basic unit of currency in Turkey	/ˈlaɪɚ/
8616	bind	To tie; to confine by any ligature	/ˈbaɪ̯nd/
8617	chops	Jaws, lips, mouth	/t͡ʃɑps/
8618	crust	A more solid, dense or hard layer on a surface or boundary	/kɹʌst/
8619	poorly	In a poor manner or condition; without plenty, or…	/ˈpʊɹ.li/
8620	weighs	To determine the weight of an object	/weɪz/
8621	bundle	A group of objects held together by wrapping or tying	/ˈbʌn.dl̩/
8622	vibrating	That vibrates	/ˈvaɪbɹeɪɾɪŋ/
8623	encouraging	Giving courage, confidence or hope; auspicious	/ɪnˈkɝɹɪd͡ʒɪŋ/
8624	polo	A ball game where two teams of players on horseback use…	/ˈpoʊloʊ/
8625	singers	A person who sings, often professionally	/ˈsɪŋɚz/
8626	ada	Initialism of adenosine deaminase, the enzyme that…	/ˈeɪdə/
8627	meteor	An atmospheric or meteorological phenomenon. These were…	/ˈmi.tiɚ/
8628	firmly	In a firm or definite or strong manner	/ˈfɝmli/
8629	prettiest	Pleasant to the sight or other senses; attractive,…	/ˈpɹɪt.i.ɪst/
8630	hormones	Hormone replacement therapy	/ˈhɔːɹ.məʊnz/
8631	starboard	The righthand side of a ship, boat or aircraft when facing…	/ˈstɑɹ.bɚd/
8632	chauffeur	A person employed to drive a private motor car or a hired…	/ʃoʊˈfɝ/
8633	download	A file transfer to a given computer or device from a remote…	/ˈdaʊnˌloʊd/
8634	garrison	A permanent military post	/ˈɡæɹ.ɪ.sən/
8635	recovering	The process or the instance of recovery	/ˈɹᵻkʌvɚɹɪŋ/
8636	heated	To cause an increase in temperature of; to cause to become…	/ˈhiːtɪd/
8637	cctv	Initialism of closed-circuit television; video surveillance	/ˌsiːˌsiːˌtiːˈviː/
8638	postcard	A rectangular piece of thick paper or thin cardboard,…	/ˈpoʊstˌkɑɹd/
8639	convert	To transform or change into another form, substance, state,…	/kənˈvɝt/
8640	abi	Initialism of application binary interface	/ˈæbaɪ/
8641	sissy	An effeminate boy or man	/ˈsɪsi/
8642	reef	A chain or range of rocks, sand, or coral lying at or near…	/ɹiːf/
8643	'tis	Contraction of it + is	/tɪz/
8644	treasury	A place where treasure is stored safely	/ˈtɹɛʒ.ɚ.i/
8645	calmly	In a calm manner; coolly	/ˈkɑː(ɹ)m.li/
8646	mathematics	An abstract representational system studying numbers,…	/mæθ(.ə)ˈmæt.ɪks/
8647	ar	An AR-15 personal semi-automatic rifle, M-16 assault rifle,…	/ˈɑɹ/
8648	ups	The direction opposed to the pull of gravity	/ʌps/
8649	shameful	Causing or meriting shame or disgrace; disgraceful	/ˈʃeɪmfəl/
8650	abbey	The office or dominion of an abbot or abbess	/ˈabɪj/
8651	strategic	Of or pertaining to strategy	/stɹəˈti.dʒɪk/
8652	wrists	The complex joint between forearm bones, carpus, and…	/ˈɹɪsts/
8653	payroll	A list of employees who receive salary or wages, together…	/ˈpeɪˌɹoʊl/
8654	immense	Huge, gigantic, very large	/ɪˈmɛns/
8655	heartless	Without feeling, emotion, or concern for others; uncaring;…	/ˈhɑɹt.lɪs/
8656	banged	To make sudden loud noises, and often repeatedly,…	/ˈbæŋɡd/
8657	protector	Someone who protects or guards, by assignment or on their…	/pɹəˈtɛktɚ/
8658	teller	A person who tells stories	/ˈtɛləɹ/
8659	raging	Volatile, very active or unpredictable	/ˈɹeɪd͡ʒɪŋ/
8660	applying	The act of applying; an application	/əˈplaɪ.ɪŋ/
8661	mop	An implement for washing floors or similar, made of a piece…	/mɑp/
8662	sol	In a movable-do or tonic sol-fa system: the fifth step in a…	/sɔl/
8663	atom	The smallest possible amount of matter which still retains…	[ˈæɾm̩]
8664	paolo	An old Italian silver coin	/ˈpaʊloʊ/
8665	unload	To remove the load or cargo from	/ʌnˈloʊd/
8666	detector	A device capable of registering a specific substance or…	/dɪˈtɛktə(ɹ)/
8667	switching	To exchange	/ˈswɪt͡ʃɪŋ/
8668	handles	The part of an object which is held in the hand when used…	/ˈhændəlz/
8669	favorites	Canada, US standard spelling of favourite	/ˈfeɪvɚɹᵻts/
8670	stinky	Having a strong, unpleasant smell; stinking	/ˈstɪŋki/
8671	norton	A motorcycle from the Norton Motorcycle Company, a British…	/ˈnɔɹtən/
8672	regional	Of, or pertaining to, a specific region or district	/ˈɹi.d͡ʒə.nəl/
8673	heil	To greet with a Sieg Heil	/haɪl/
8674	richer	Wealthy: having a lot of money and possessions	/ˈɹɪt͡ʃɚ/
8675	secrecy	Concealment; the condition of being secret or hidden	/ˈsiːkɹəsi/
8676	thighs	The upper leg of a human, between the hip and the knee	/ˈθaɪz/
8677	rigged	Prearranged and fixed so that the winner or outcome is…	/ɹɪɡd/
8678	thesis	A proposition or statement supported by arguments	/ˈθisɪs/
8679	consumed	Full of, exuding	/kənˈsuːmd/
8680	ahold	A hold, grip, grasp	/əˈhoʊld/
8681	tuned	Adjusted in pitch or resonance	/tjuːnd/
8682	repaired	To restore to good working order, fix, or improve damaged…	/ɹɪˈpɛɹd/
8683	leverage	A force compounded by means of a lever rotating around a…	/ˈlɛv.(ə.)ɹɪd͡ʒ/
8684	winnie	Synonym of winnebago	/ˈwɪni/
8685	weary	Having the strength exhausted by toil or exertion; tired;…	/ˈwɪɚi/
8686	costa	Synonym of rib	/ˈkɑ.stə/
8687	rue	To repent of or regret; to wish that a past action or event…	/ɹu/
8688	cowboys	A pair of kings as a starting hand in Texas hold 'em	/ˈkaʊbɔɪz/
8689	employ	To retain as an employee	/ɪmˈplɔɪ/
8690	provoke	To cause someone to become annoyed or angry	/pɹəˈvoʊk/
8691	stool	A seat for one person without a back or armrests	/stuːl/
8692	postpone	To delay or put off an event, appointment, etc	/poʊstˈpoʊn/
8693	extensive	Having a great extent; covering a large area; vast	/ɪkˈstɛn.sɪv/
8694	beau	A male escort	/ˈboʊ̯/
8695	urgently	With great haste, with a sense of urgency, because it is…	/ˈɜːdʒəntli/
8696	optimistic	Expecting the best in all possible ways	/ˌɑptɪˈmɪstɪk/
8697	lotus	Any member of the genus Nelumbo of aquatic plants in the…	/ˈloʊtəs/
8698	apologizing	To make an apology or excuse; to acknowledge some fault or…	/ɐˈpɑːlədˌʒaɪzɪŋ/
8699	spooky	Eerie, or suggestive of ghosts or the supernatural	/ˈspuːki/
8700	skate	A runner or blade, usually of steel, with a frame shaped to…	/skeɪt/
8701	maze	A labyrinth; a puzzle consisting of a complicated network…	/ˈmeɪz/
8702	arrests	A check; a stop; an act or instance of arresting something	/ɚˈɹɛsts/
8703	dialing	The act by which a number is dialed	/ˈdaɪəlɪŋ/
8704	fireplace	An open hearth for holding a fire at the base of a chimney	/ˈfaɪɹpleɪs/
8705	gt	drop	/ˌdʒiːˈtiː/
8706	vicar	In the Church of England, the priest of a parish, receiving…	/ˈvɪkɚ/
8707	beetle	Any of numerous species of insect in the order Coleoptera…	/ˈbiːtəl/
8708	suspicions	The act of suspecting something or someone, especially of…	/səˈspɪʃənz/
8709	stupidity	The property of being stupid	/stuˈpɪdɪti/
8710	restricted	Limited within bounds	/ɹɪˈstɹɪktɪd/
8711	skating	The action of moving along a surface using skates	/ˈskeɪtɪŋ/
8712	pupil	A learner at a school under the supervision of a teacher	/ˈpjuːpəl/
8713	homo	Clipping of homosexual	/ˈhoʊ.moʊ/
8714	thumbs	The shortest and thickest digit of the hand that for humans…	/ˈθʌmz/
8715	hostess	A female host	/ˈhoʊstɪs/
8716	cheng	Alternative form of sheng	/ˈtʃɛŋ/
8717	sneaky	Elusive; difficult to capture or observe due to constantly…	/ˈsniːki/
8718	swollen	Protuberant or abnormally distended	/ˈswoʊ.lən/
8719	por	price on request	/ˈpɔːɹ/
8720	unlocked	Not secured or protected by an engaged lock	/ʌnˈlɑkt/
8721	mixture	The act of mixing	/ˈmɪkst͡ʃɚ/
8722	porsche	A car of this brand, reputably high-performance and…	/ˈpɔɹʃ/
8723	diagnosed	To determine which disease is causing a sick person's signs…	/ˌdaɪəɡˈnoʊzd/
8724	ri	rex imperator or regina imperatrix; the initials by which a…	/ɹiː/
8725	liberation	The act of liberating or the state of being liberated	/ˌlɪbəˈɹeɪʃən/
8726	nay	A vote against	/neɪ/
8727	crows	A bird, usually black, of the genus Corvus, having a strong…	/kɹoʊz/
8728	rockets	A cylindrical projectile that can be fired to a great…	/ˈɹɑːkɪts/
8729	starfleet	A fleet of starships; a space navy	/ˈstɑːɹfliːt/
8730	reindeer	Any Arctic and subarctic-dwelling deer of the species…	/ˈɹeɪndɪɹ/
8731	shampoo	A traditional Indian and Persian body massage given after…	/ʃæmˈpuː/
8732	mai	Alternative form of my	/maɪ/
8733	skiing	A group of sports using skis as primary equipment	/ˈski.ɪŋ/
8734	overhead	Above one's head; in the sky	/ˈəʊvəˌhɛd/
8735	disturbance	The act of disturbing, being disturbed	/dɪˈstɜɹ.bəns/
8736	cohen	A Jewish priest: direct male descendant of the Biblical…	/ˈkoʊən/
8737	spits	A thin metal or wooden rod on which meat is skewered for…	/ˈspɪts/
8738	crank	Strange; weird; odd	/kɹæŋk/
8739	crocodile	Any of the predatory amphibious reptiles of the family…	/ˈkɹɑkədaɪl/
8740	bulls	Specifically, one that is uncastrated	/bʊlz/
8741	medals	A stamped metal disc used as a personal ornament, a charm,…	/ˈmɛdəlz/
8742	sierra	A rugged range of mountains	/siˈɛɹə/
8743	motivation	Willingness of action especially in behavior	/ˈmoʊ.tə.veɪ.ʃən/
8744	dangers	Exposure to likely harm; risk of death or serious injury	/ˈdeɪnd͡ʒɚz/
8745	exploring	The action of the verb explore	/ɛksˈplɔːɹɪŋ/
8746	mist	Water or other liquid finely suspended in air	/mɪst/
8747	galaxies	Any of the collections of many millions or billions of…	/ˈɡælɐksiz/
8748	ju	Someone admitted to university through the JUPAS system	/ˈdʒuː/
8749	sculpture	A three-dimensional work of art created by shaping…	/ˈskʌlpt͡ʃɚ/
8750	adrenaline	Epinephrine, the hormone and neurotransmitter	/əˈdɹɛnəlɪn/
8751	malik	A tribal chieftain in certain areas of Afghanistan and…	/ˈmælɪk/
8752	allied	Joined as allies	/əˈlaɪd/
8753	manor	A landed estate	/ˈmænəɹ/
8754	convoy	One or more merchant ships sailing in company to the same…	/ˈkɒn.vɔɪ/
8755	merit	A claim to commendation or a reward	/ˈmɛɹɪt/
8756	cutter	A person or device that cuts	/ˈkʌtɚ/
8757	stressful	Irritating; causing stress	/ˈstɹɛsfəl/
8758	forming	To assume	/ˈfɔɹmɪŋ/
8759	bikini	A brief, often minimalistic two-piece bathing suit worn by…	/bɪˈki.ni/
8760	sway	The act of swaying; a swaying motion; a swing or sweep of a…	/ˈsweɪ̯/
8761	virgil	Synonym of slash ⟨/⟩	/ˈvɜːdʒɪl/
8762	soy	A common East Asian liquid sauce, made by subjecting boiled…	/sɔɪ/
8763	salty	Tasting of salt	/sɑlti/
8764	elf	A supernatural being or spirit associated with illness,…	/ɛlf/
8765	belts	A band worn around the waist to hold clothing to one's…	/bɛlts/
8766	contractor	A person or company that builds or improves buildings or…	/ˈkɒnˌtɹæk.tə(ɹ)/
8767	rodeo	A gathering of cattle to be branded	/ˈɹoʊ.di.oʊ/
8768	crackers	A kind of noisy leather pants or trousers	/ˈkɹækɚz/
8769	playboy	A single man, especially a wealthy one, who devotes himself…	/ˈpleɪˌbɔɪ/
8770	arch	An inverted U shape	/ɑɹt͡ʃ/
8771	operated	Operated by the means specified e.g. a battery-operated toy	/ˈɑpəɹeɪtɪd/
8772	crews	A group of people manning and operating a large facility or…	/kɹuz/
8773	scanner	One who scans	/ˈskænə/
8774	dads	A father, a male parent	/dædz/
8775	limbs	A major appendage of human or animal, used for locomotion	/lɪmz/
8776	bathe	To clean oneself by immersion in water or using water; to…	/beɪð/
8777	cardiac	Pertaining to the heart	/ˈkɑɹdiˌæk/
8778	persuaded	To successfully convince to agree to, accept, or do…	/pɚˈsweɪdɪd/
8779	velvet	A closely woven fabric with a thick short pile on one side	/ˈvɛlvɪt/
8780	hyde	Alternative form of hide	/ˈhaɪd/
8781	stem	The stock of a family; a race or generation of progenitors	/stɛm/
8782	rewarded	To give a reward to or for	/ɹɪˈwɔɹdɪd/
8783	warfare	The waging of war or armed conflict against an enemy	/ˈwɔɹfɛɹ/
8784	lakhs	One hundred thousand rupees	/lɑːks/
8785	filter	A device which separates a suspended, dissolved, or…	/ˈfɪltɚ/
8786	pumped	Pumped up; excited	/pʌmpt/
8787	sterling	An English silver penny first introduced by the Normans	/ˈstɜɹlɪŋ/
8788	gran	A grandmother	/ɡɹæn/
8789	fills	To add contents to so that it is full	/fɪlz/
8790	chet	Clipping of chete	/ʃɛ.t/
8791	disc	A thin, flat, circular plate or similar object	/dɪsk/
8792	percentage	The amount, number or rate of something, regarded as part…	/pə(ɹ)ˈsɛntɪd͡ʒ/
8793	bravery	Being brave, courageousness	/ˈbɹeɪ.və.ɹi/
8794	edges	The boundary line of a surface	/ˈɛd͡ʒɪz/
8795	diaper	An absorbent garment worn around the crotch that retains…	/ˈdaɪ(ə).pəɹ/
8796	ida	An industrial development agency	/ˈaɪdə/
8797	preserved	To protect; to keep from harm or injury	/pɹəˈzɝvd/
8798	champions	To promote, advocate, or act as a champion for	/ˈtʃæmpiənz/
8799	partying	To celebrate at a party, to have fun, to enjoy oneself	/ˈpɑːɹɾiɪŋ/
8800	pd	Initialism of police department	/ˌpiːˈdiː/
8801	morality	Recognition of the distinction between good and evil or…	/məˈɹælɪti/
8802	crate	A large open box or basket, used especially to transport…	/kɹeɪt/
8803	mina	A monetary unit of ancient Greece and the Middle East,…	/ˈmiːnə/
8804	complications	The act or process of complicating	/ˌkɑːmplɪˈkeɪʃənz/
8805	sausages	A food made of ground meat and seasoning, packed in a…	/ˈsɔːsɪdʒᵻz/
8806	smoothly	in a smooth manner; smooth	/ˈsmuːðli/
8807	cradle	A bed or cot for a baby, oscillating on rockers or swinging…	/ˈkɹeɪdəl/
8808	leopard	A large wild cat with a spotted coat native to Africa and…	/ˈlɛp.ɚd/
8809	chu	The sound of a kiss	/tʃuː/
8810	abu	A common part of Arabic-derived names, meaning "father of"…	/ˈæbuː/
8811	kramer	To suddenly enter or go through somewhere unexpectedly and…	/ˈkɹeɪmɚ/
8812	magnet	A piece of material that attracts some metals by magnetism	/mæɡnɛʈ/
8813	psychotic	Of, related to, or suffering from psychosis	/ˌsaɪˈkɒtɪk/
8814	vaccine	A substance given to stimulate a body's production of…	/vækˈsin/
8815	motivated	Enthusiastic, especially about striving toward a goal	/ˈmoʊɾᵻˌveɪɾᵻd/
8816	aggression	The act of initiating hostilities or invasion	/əˈɡɹɛʃən/
8817	courses	A sequence of events	/ˈkɔɹsɪz/
8818	willis	plural of Willi	/ˈwɪlɪs/
8819	expanding	To change from a smaller form or size to a larger one; to…	/ɛksˈpændɪŋ/
8820	bases	Something from which other things extend; a foundation	/ˈbeɪsɪz/
8821	burglary	The crime of unlawfully breaking into a vehicle, house,…	/ˈbɝ.ɡlɚ.i/
8822	stumbled	To trip or fall; to walk clumsily	/ˈstʌmbl̩d/
8823	buns	The buttocks	/bʌnz/
8824	confronted	To stand or meet facing, especially in competition,…	/kənˈfɹʌntɪd/
8825	geneva	Gin, especially jenever	/d͡ʒəˈniːvə/
8826	increasingly	Increasing in amount or intensity	/ɪŋˈkɹiːsɪŋli/
8827	sidewalk	A paved footpath located at the side of a road, for the use…	/ˈsaɪdwɔk/
8828	shady	Abounding in shades	/ˈʃeɪdi/
8829	defended	To ward off attacks against	/dɪˈfɛndɪd/
8830	resolution	A firm decision or an official decision	/ˌɹɛzəˈluːʃ(ə)n/
8831	chooses	To pick; to make the choice of; to select	/ˈt͡ʃuːzɪz/
8832	tapped	Having a tap or taps	/tæpt/
8833	exploding	Having the appearance of an explosion	/ɛksˈploʊdɪŋ/
8834	punks	A passive or effeminate homosexual man	/pʌŋks/
8835	scenery	View, natural features, landscape	/ˈsiːnəɹi/
8836	hitch	A sudden pull	/hɪt͡ʃ/
8837	severed	Separated, cut off or broken apart	/ˈsɛvɚd/
8838	wink	To blink with only one eye as a message, signal, or…	/ˈwɪŋk/
8839	initially	At the beginning	/ɪˈnɪʃəli/
8840	assessment	The act of assessing or an amount assessed	/əˈsɛsmənt/
8841	shredder	One who shreds or tears something	/ʃɹɛdə(ɹ)/
8842	villains	A vile, wicked person	/ˈvɪlənz/
8843	miners	A person who works in a mine	/ˈmaɪnɚz/
8844	introducing	To cause to be acquainted	/ˌɪntɹəˈdusɪŋ/
8845	focusing	To cause to converge at a single point	/ˈfoʊ.kə.sɪŋ/
8846	rainy	Pouring with rain; wet; showery	/ˈɹeɪni/
8847	amendment	An alteration or change for the better; correction of a…	/əˈmɛndmənt/
8848	getaway	A means of escape	/ˈɡɛɾəˌweɪ/
8849	recognised	Non-Oxford British English standard spelling of recognize	/ˈɹɛkəɡˌnaɪzd/
8850	blackout	A temporary loss of consciousness	/ˈblæk.aʊt/
8851	leash	A strap, cord or rope with which to restrain an animal,…	/liːʃ/
8852	eyebrows	The hair that grows over the bone ridge above the eye socket	/ˈaɪˌbɹaʊz/
8853	livin	A particular protein that inhibits apoptosis	/ˈlɪvɪn/
8854	bouncing	Healthy; vigorous	/ˈbaʊnsɪŋ/
8855	nipples	The projection of a mammary gland from which, on female…	/ˈnɪpəlz/
8856	raft	A flat-bottomed craft able to float and drift on water,…	/ɹæft/
8857	pharaoh	The card game faro	/ˈfeɪ(ˌ)ɹoʊ/
8858	pots	A flat-bottomed vessel used for cooking food, possibly…	/pɑts/
8859	refreshing	That refreshes someone; pleasantly fresh and different;…	/ɹəˈfɹɛʃɪŋ/
8860	wandered	To move without purpose or specified destination; often in…	/ˈwɑndɚd/
8861	beatles	Any of the four members of the Beatles quartet; or a person…	/ˈbiːtəlz/
8862	confined	Not free to move	/kənˈfaɪnd/
8863	contagious	Easily transmitted to others	/kənˈteɪ.d͡ʒəs/
8864	frequently	At frequent intervals	/ˈfɹiː.kwənt.li/
8865	operational	Of or relating to operations, especially military operations	/ˌɒp.əˈɹeɪ.ʃə.nəl/
8866	shakes	The act of shaking or being shaken; tremulous or…	/ʃeɪks/
8867	thanking	To express appreciation or gratitude toward	/ˈθæŋkɪŋ/
8868	suffers	To undergo hardship	/ˈsʌfɚz/
8869	basil	A plant	/ˈbeɪ.zəl/
8870	babylon	A female breast	/ˈbæb.ɪ.lɑn/
8871	drilling	Making holes in objects	/ˈdɹɪlɪŋ/
8872	agencies	The capacity, condition, or state of acting or of exerting…	/ˈeɪ.d͡ʒən.siz/
8873	buffet	A counter or sideboard from which food and drinks are…	/bəˈfeɪ/
8874	farms	A place where agricultural and similar activities take…	/fɑɹmz/
8875	motives	An incentive to act in a particular way; a reason or…	/ˈmoʊtɪvz/
8876	cocoa	The dried and partially fermented fatty seeds of the cacao…	/ˈkoʊ.koʊ/
8877	perception	The organisation, identification and interpretation of…	/pɚˈsɛpʃ(ə)n/
8878	targeting	To aim something, especially a weapon, at	/ˈtɑːɹɡɪɾɪŋ/
8879	thudding	A dull banging sound; a thud	/ˈθʌdɪŋ/
8880	blares	A loud sound	/blɛ(ə)ɹz/
8881	dense	Having relatively high density	/ˈdɛns/
8882	pinned	Having pins	/pɪnd/
8883	pending	While waiting for something; until	/ˈpɛndɪŋ/
8884	nod	To incline the head up and down, as to indicate agreement	/nɑd/
8885	crunch	To crush something, especially food, with a noisy crackling…	/kɹʌnt͡ʃ/
8886	stains	A discolored spot or area caused by spillage or other…	/ˈsteɪnz/
8887	nervously	In a nervous manner; feeling or displaying nervousness	/ˈnɜːvəsli/
8888	caribbean	Pertaining to the sea and region of the western Atlantic…	/ˌkæɹɪˈbiːən/
8889	bouquet	An arrangement or bunch of cut flowers; a nosegay	/buːˈkeɪ/
8890	stabbing	Sharp, intense	/ˈstæb.ɪŋ/
8891	screws	A simple machine, a helical inclined plane	/ˈskɹuːz/
8892	philosopher	A lover of wisdom	/fəˈlɑsəfɚ/
8893	bulb	The bulb-shaped underground portion of a plant such as a…	/ˈbʌlb/
8894	sinner	A person who, by one particular action, has sinned	/ˈsɪnɚ/
8895	ongoing	Continuing, permanent, lasting	/ɔnˈɡəwɪŋ/
8896	editing	An act or instance of something being edited	/ˈɛdɪtɪŋ/
8897	veteran	A person with long experience of a particular activity	[ˈvɛ.t̬ə.ɹən]
8898	drip	To fall one drop at a time	/ˈdɹɪp/
8899	mara	A nightmare; a spectre or wraith-like creature in Germanic…	/ˈmɑːɹə/
8900	inspiring	Providing inspiration; encouraging; stimulating	/ɪnˈspaɪɹ.ɪŋ/
8901	gale	A very strong wind, more than a breeze, less than a storm;…	/ɡeɪl/
8902	flint	A hard, fine-grained quartz that fractures conchoidally and…	/flɪnt/
8903	nova	Any sudden brightening of a previously inconspicuous star	/ˈnoʊ.və/
8904	manning	To supply with staff or crew	/ˈmænɪŋ/
8905	membership	The state of being a member of a group or organization	/ˈmɛmbɚˌʃɪp/
8906	chalk	A soft, white, powdery limestone	/t͡ʃɔːk/
8907	liable	Bound or obliged in law or equity; responsible; answerable	/ˈlaɪ̯əbəl/
8908	manuscript	Handwritten, or by extension manually typewritten, as…	/ˈmæn.jəˌskɹɪpt/
8909	organised	Non-Oxford British standard spelling of organize	/ˈɔːɹɡɐˌnaɪzd/
8910	clanging	A noise that clangs	/ˈklæŋ.ɪŋ/
8911	markets	A gathering of people for the purchase and sale of…	/ˈmɑɹkɪts/
8912	chocolates	A food made from ground roasted cocoa beans	/ˈtʃɑːkləts/
8913	trafficking	To pass goods and commodities from one person to another…	/ˈtɹæfɪkɪŋ/
8914	unaware	Not aware or informed; lacking knowledge; unmindful	/ˌʌnəˈwɛɚ/
8915	loot	Synonym of booty, goods seized from an enemy by violence,…	/lut/
8916	perish	To decay and disappear; to waste away to nothing	/ˈpɛɹɪʃ/
8917	processed	To perform a particular process on a thing	/ˈpɹoʊsɛst/
8918	clone	A living organism produced asexually from a single…	/kloʊn/
8919	whooshing	A sound or motion that whooshes	/ˈwuːʃɪŋ/
8920	hangover	Negative effects, such as headache or nausea, caused by…	/ˈheɪ̯ŋoʊ̯vɚ/
8921	flatter	Having no variations in height	/ˈflætɚ/
8922	wretch	An unhappy, unfortunate, or miserable person	/ɹɛt͡ʃ/
8923	weasel	Any of the carnivorous mammals of the genera Mustela,…	/ˈwizəl/
8924	israeli	A person from Israel or of Israeli descent	/ɪzˈɹeɪli/
8925	shatters	To violently break something into pieces	/ˈʃæɾɚz/
8926	lace	A light fabric containing patterns of holes, usually built…	/leɪs/
8927	indication	An act of pointing out or indicating	/ɪndɪˈkeɪʃən/
8928	cora	A member of the Cora people	/ˈkoɹə/
8929	drifting	Moving aimlessly or at the mercy of external forces	/ˈdɹɪftɪŋ/
8930	undress	To remove one’s clothing	/ʌnˈdɹɛs/
8931	dolphin	A carnivorous cetacean, typically with a beak-like snout,…	/ˈdɑlf.ɪn/
8932	faked	To make a counterfeit, to counterfeit, to forge, to falsify	/feɪkt/
8933	depart	To leave	/dɪˈpɑɹt/
8934	monument	A structure built for commemorative or symbolic reasons, or…	/ˈmɑnjʊmənt/
8935	tyres	The ring-shaped protective covering around a wheel which is…	/ˈtaɪə(ɹ)z/
8936	pow	The sound of a violent impact, such as a punch	/paʊ/
8937	invade	To move into	/ɪnˈveɪd/
8938	scooby	A clue	/ˈskuːbi/
8939	hazel	A tree or shrub of the genus Corylus, bearing edible nuts…	/ˈheɪzəl/
8940	rep	Clipping of reputation	/ɹɛp/
8941	heavier	Having great weight	/ˈhɛviɚ/
8942	tart	Sharp to the taste; acid; sour	/tɑɹt/
8943	mocking	mockery	/ˈmɑkɪŋ/
8944	forgets	To lose remembrance of	/fɚˈɡɛts/
8945	sinister	Inauspicious, ominous, unlucky, illegitimate	/ˈsɪ.nɪ.stəɹ/
8946	christy	Alternative form of christie	/ˈkɹɪsti/
8947	dex	An order or factor of ten	/ˈdɛks/
8948	judas	A traitor; a person not to be trusted	/ˈd͡ʒuːdəs/
8949	assemble	To put together	/əˈsɛm.bəl/
8950	shortcut	A path between two points that is faster than the commonly…	/ˈʃoɹtˌkʌt/
8951	transformation	The act of transforming or the state of being transformed	/ˌtɹæns.fɔɹˈmeɪ.ʃən/
8952	posts	A long dowel or plank protruding from the ground; a…	/poʊsts/
8953	generosity	The trait of being willing to donate money, resources, or…	/ˌd͡ʒɛn.əˈɹɑ.sə.ti/
8954	amusement	Entertainment	/əˈmjuzmənt/
8955	beta	Average sensitivity of a security's price to overall…	/ˈbeɪtə/
8956	counseling	Assistance in the resolution of personal difficulties	/ˈkaʊnsəlɪŋ/
8957	bobo	A materialistic person who affects an anti-materialistic…	/ˈboʊboʊ/
8958	honors	Recognition of importance or value; respect; veneration	/ˈɑn.ɚz/
8959	snatched	Good-looking	/snæt͡ʃt/
8960	measured	That has been determined by measurement	/ˈmeɪʒɚd/
8961	gamma	The letter Ɣɣ, used in the alphabets of several African…	/ˈɡæ.mə/
8962	squeals	A high-pitched sound, such as the scream of a child or a…	/ˈskwiːlz/
8963	evidently	In a manner which makes the fact or conclusion evident;…	/ˈɛvɪdəntli/
8964	lantern	A case of translucent or transparent material made to…	/ˈlæ̝ntɚn/
8965	combine	To bring together; to unite	/kəmˈbaɪn/
8966	nero	Any cruel and wicked tyrant	/ˈniːroʊ/
8967	trey	A playing card or die with the rank of three	/tɹeɪ/
8968	toughest	Of a material, strong and resilient; sturdy	/ˈtʌfɪst/
8969	limp	To walk lamely, as if favoring one leg	/lɪmp/
8970	implying	implication	/ɪmˈplaɪɪŋ/
8971	matrix	The cavity or mold in which anything is formed	/ˈmeɪ.tɹɪks/
8972	dots	A punctuation mark consisting of three dots, indicating an…	/ˈdɑːts/
8973	kilometres	An SI unit of length equal to 10³ metres. Symbol: km	/ˈkɪləˌmiːɾɚz/
8974	evacuation	The act of evacuating; leaving a place in an orderly…	/ɪˌvækjuˈeɪʃən/
8975	earliest	At a time in advance of the usual or expected event	/ˈɝ.li.ɪst/
8976	incompetent	Lacking the degree of ability and responsibility necessary…	/ɪnˈkɒmpətənt/
8977	closure	An event or occurrence that signifies an ending	/ˈkloʊ.ʒɚ/
8978	descent	An instance of descending; act of coming down	/dəˈsɛnt/
8979	parachute	A device, generally constructed from fabric, that is…	/ˈpæɹəʃut/
8980	analyze	To subject to analysis	/ˈæn.əˌlaɪz/
8981	crushing	To press between two hard objects; to squeeze so as to…	/ˈkɹʌ.ʃɪŋ/
8982	classmates	A student who is in the same class at school	/ˈklɑːs.meɪts/
8983	excessive	Exceeding the usual bounds of something; too much;…	/ɪkˈsɛsɪv/
8984	tighter	Firmly held together; compact; not loose or open	/ˈtaɪɾɚ/
8985	hump	A mound of earth	/hʌmp/
8986	fuzzy	Covered with fuzz or a large number of tiny loose fibres…	/ˈfʌzi/
8987	tad	A small amount; a little bit	/tæd/
8988	punishing	That punishes physically and/or mentally; arduous,…	/ˈpʌnɪʃɪŋ/
8989	pageant	An elaborate public display, especially a parade in…	/ˈpæd͡ʒənt/
8990	wan	Pale, sickly-looking	/wɑn/
8991	reveals	To uncover; to show and display that which was hidden	/ˈɹᵻviːlz/
8992	wildlife	undomesticated animals, especially mammals, birds, and…	/ˈwaɪldlaɪf/
8993	clare	Synonym of Poor Clare: a nun of the Order of Saint Clare	/klɛɚ/
8994	poking	The act by which something is poked	/ˈpoʊkɪŋ/
8995	rehearsing	A rehearsal	/ˈɹᵻhɜːsɪŋ/
8996	homecoming	The act or event of returning home	/ˈhoʊmˌkʌmɪŋ/
8997	swelling	The state of being swollen	/ˈswɛl.ɪŋ/
8998	shrieking	That emits shrieks or high-pitched noises	/ˈʃɹiːkɪŋ/
8999	squawking	Squawk, the sound of a squawk	/ˈskwɔːkɪŋ/
9000	tardis	Something which resembles such a machine, either in that it…	/ˈtɑɹdɪs/
9001	statues	A children's game in which the players have to stand still…	/ˈstæt͡ʃuz/
9002	practiced	Alternative spelling of practise	/ˈpɹæktɪst/
9003	christianity	Obsolete form of Christianity	/ˌkɹɪstɪˈænᵻɾi/
9004	hazard	The chance of suffering harm; danger, peril, risk of loss	/ˈhæzɚd/
9005	stretched	To lengthen by pulling	/stɹɛt͡ʃt/
9006	dea	Initialism of diethanolamine	/ˈdiː/
9007	slug	Any of many gastropod mollusks, having no shell	/slʌɡ/
9008	frustration	The feeling of annoyance at impossibility from resistance…	/fɹʌsˈtɹeɪ.ʃən/
9009	deception	An instance of actions and/or schemes fabricated to mislead…	/dɪˈsɛpʃən/
9010	trespassing	unauthorized entry to private property	/ˈtɹɛspəsɪŋ/
9011	elimination	The act of eliminating, expelling or throwing off	/ɪlɪmɪˈneɪʃ(ə)n/
9012	comforting	To relieve the distress or suffering of; to provide comfort…	/ˈkʌm.fɚ.tɪŋ/
9013	preach	To give a sermon	/pɹit͡ʃ/
9014	practise	To repeat as a way of improving one's skill in that activity	/ˈpɹæktɪs/
9015	damages	To impair the soundness, goodness, or value of; to harm or…	/ˈdæmɪd͡ʒɪz/
9016	ex-boyfriend	A former boyfriend	/ˈɛksˈbɔɪfɹɛnd/
9017	exits	An act of going out or going away, or leaving; a departure	/ˈɛɡzɪts/
9018	yer	Pronunciation spelling of yeah	/jɝ/
9019	appointments	The act of appointing a person to hold an office or to have…	/ɐˈpɔɪntmənts/
9020	significance	The extent to which something matters; importance	/sɪɡˈnɪfɪkəns/
9021	drummer	One who plays the drums	/ˈdɹʌmɚ/
9022	specimen	An individual instance that represents a class; an example	/ˈspɛsɪmɪn/
9023	voodoo	Any of a group of related religious practices found chiefly…	/ˈvudu/
9024	misunderstand	To understand incorrectly, while believing one has…	/mɪs.ʌn.də(ɹ)ˈstænd/
9025	asthma	A long-term respiratory condition, in which the airways may…	/ˈæzmə/
9026	errands	A mundane mission of no great consequence, concerning…	/ˈɛɹəndz/
9027	hypocrite	Someone who practices hypocrisy, who pretends to hold…	/ˈhɪ.pə.kɹɪt/
9028	snorts	The sound made by exhaling or inhaling roughly through the…	/ˈsnɔːɹts/
9029	advocate	Someone whose job is to speak for someone's case in a court…	/ˈæd.və.kət/
9030	cutie	A cute person or animal	/ˈkjuti/
9031	obtained	To get hold of; to gain possession of, to procure; to…	/əbˈteɪnd/
9032	radioactive	Exhibiting radioactivity	/ˌɹeɪdioʊˈæktɪv/
9033	ideals	A perfect standard of beauty, intellect etc., or a standard…	/aɪˈdi.əlz/
9034	apprentice	A trainee, especially in a skilled trade	/əˈpɹɛntɪs/
9035	unreasonable	Without the ability to reason; unreasoning	/ʌnˈɹiːz.(ə)nə.bl̩/
9036	inmate	A person confined to an institution such as a prison or…	/ˈɪn.meɪt/
9037	siege	A prolonged military assault or a blockade of a city or…	/siːd͡ʒ/
9038	cobra	Any of the genus Naja of venomous snakes that can spread…	/ˈkoʊbɹə/
9039	increases	An amount by which a quantity is increased	/ɪnˈkɹisɪz/
9040	harbour	Standard spelling of harbor	/ˈhɑːɹbɚ/
9041	illegally	In a manner contrary to law	/ɪˈliːɡəli/
9042	rattle	To create a rattling sound by shaking or striking	/ˈɹæ.təl/
9043	trim	In good order; properly managed or maintained	/ˈtɹɪm/
9044	noodle	A string or flat strip of pasta or other dough, usually…	[ˈnuː.dl̩]
9045	antibiotics	Any substance that can destroy or inhibit the growth of…	/ˌæntɪbaɪˈɑːɾɪks/
9046	mattered	To be important	/ˈmæɾɚd/
9047	declaration	An emphatic or formal act of saying, telling or asserting…	/ˌdɛk.ləˈɹeɪ.ʃən/
9048	virtual	In effect or essence, rather than in fact or reality; also,…	/ˈvɜɹt͡ʃuəl/
9049	intuition	Immediate cognition without the use of conscious rational…	/ˌɪn.tuˈɪʃ.ən/
9050	revs	Clipping of revolution	/ˈɹɛvz/
9051	darcy	A unit of permeability used in measuring the permeability…	/ˈdɑːɹsi/
9052	scales	A device for measuring weight	/skeɪlz/
9053	testified	To make a declaration, or give evidence, under oath	/ˈtɛstᵻˌfaɪd/
9054	twenty-five	The cardinal number immediately following twenty-four and…	/ˌtwɛntiˈfaɪv/
9055	bypass	A road that passes around something, such as a residential…	/ˈbaɪpæs/
9056	pneumonia	Inflammation of the lungs caused by viruses, bacteria or…	/nuˈmoʊniə/
9057	manly	In a way befitting a man	/ˈmænli/
9058	medicines	A substance which specifically promotes healing when…	/ˈmɛdəsənz/
9059	slowing	To make run, move, etc. less quickly; to reduce the speed of	/ˈslaː.ɪn/
9060	groan	A low, mournful sound uttered in pain or grief	/ˈɡɹoʊ̯n/
9061	dungeon	An underground prison or vault, typically built underneath…	/ˈdʌn.d͡ʒən/
9062	chaps	Protective leather leggings attached at the waist	/t͡ʃæps/
9063	consequence	An effect; something that follows a cause as a result	/ˈkɑn.sɪ.kwəns/
9064	intercept	To stop, deflect or divert	/ɪntɚˈsɛpt/
9065	badass	A belligerent or mean person; a person with an unpleasantly…	/ˈbædˌæs/
9066	examples	Something that is representative of all such things in a…	/ɪɡˈzæmpl̩z/
9067	fists	A hand with the fingers clenched or curled inward	/fɪsts/
9068	klink	Alternative spelling of clink	/ˈklɪŋk/
9069	substantial	Having a substance; actually existing	/səbˈstænʃəl/
9070	brag	A boast or boasting; bragging; ostentatious pretence or…	/bɹæɡ/
9071	pitcher	One who pitches anything	/ˈpɪt͡ʃ.ɚ/
9072	onboard	On or in a vehicle or vessel; aboard; on board	/ɒnˈbɔːd/
9073	amigo	A friend	/əˈmiɡoʊ/
9074	courtyard	An area, open to the sky, partially or wholly surrounded by…	/ˈkɔɹt.jɑɹd/
9075	royalty	The rank, status, power or authority of a monarch	/ˈɹɔɪəlti/
9076	spontaneous	Self-directed; happening or acting without external cause…	/spɑnˈteɪ.ni.əs/
9077	ca	Alternative spelling of ca., circa	/ˈkɑː/
9078	restroom	A room containing a public toilet: a public lavatory	/ˈɹɛstˌɹum/
9079	peep	A feeble utterance or complaint	/pip/
9080	negotiating	To confer with others in order to come to terms or reach an…	/ˈnᵻɡoʊʃɪˌeɪɾɪŋ/
9081	ache	To suffer pain; to be the source of, or be in, pain,…	/eɪk/
9082	swat	A SWAT team	/swɑt/
9083	emerge	To come into view	/ɪˈmɝd͡ʒ/
9084	gambler	One who plays at a game of chance, who gambles	/ˈɡæmblɚ/
9085	references	A measurement one can compare to	/ˈɹɛf.(ə.)ɹən.sɪz/
9086	bonjour	Good morning; hello	/bɒnˈʒʊə/
9087	darkest	Having an absolute or relative lack of light	/ˈdɑːɹkɪst/
9088	insecure	Not secure	/ɪnsəˈkjʊɹ/
9089	attendant	One who attends; one who works with or watches over someone…	/əˈtɛndənt/
9090	sympathetic	Of, related to, feeling, showing, or characterized by…	/ˌsɪm.pəˈθɛt.ɪk/
9091	lila	The play of god’s spirit manifested in the universe; divine…	/ˈliːlə/
9092	heroine	A female hero	/ˈhɪɹoʊɪn/
9093	choked	Having been unable to breathe due to airway obstruction or…	/t͡ʃoʊkt/
9094	unidentified	Not identified; having an unknown or unnamed identity	/ˌʌnaɪˈdɛntɪfaɪd/
9095	plumbing	The pipes, together with the joints, tanks, stopcocks,…	/ˈplʌmɪŋ/
9096	darker	Having an absolute or relative lack of light	/ˈdɑɹkɚ/
9097	ariel	A kind of mountain gazelle, native to Arabia	/ˈæɹiːəl/
9098	crude	In a natural, untreated state	/kɹuːd/
9099	dictionary	A reference work listing words or names from one or more…	/ˈdɪk.ʃəˌnɛ.ɹi/
9100	sparks	An electrician, specifically, the radio operator on a ship…	/ˈspɑːɹks/
9101	auditions	A performance, by an aspiring performer, to demonstrate…	/ɔːˈdɪʃənz/
9102	demo	A demonstration or visual explanation	/ˈdɛm.oʊ/
9103	ta-da	Used to present something intended to be surprising,…	/təˈdɑː/
9104	oppose	To attempt to stop the progression of; to resist or…	/əˈpoʊz/
9105	fingernails	The hard, flat translucent covering near the tip of a human…	/ˈfɪŋɡɚˌneɪlz/
9106	mineral	Any naturally occurring solid material that has a definite…	/ˈmɪn.ə.ɹəl/
9107	collateral	Parallel, in the same vein, side by side	/kəˈlætəɹəl/
9108	venom	An animal toxin intended for defensive or offensive use; a…	/ˈvɛnəm/
9109	tempting	Attractive, appealing, enticing	/ˈtɛmp.tɪŋ/
9110	relay	A new set of anything	/ˌɹiˈleɪ/
9111	bamboo	Any of the fast-growing grasses of the Bambusoideae…	/bæmˈbu/
9112	particle	A very small piece of matter, a fragment; especially, the…	/ˈpɑɹtək(ə)l/
9113	ying	Alternative form of ching	/ˈjɪŋ/
9114	broadcasting	Sending in all directions	/ˈbɹɔdkæstɪŋ/
9115	banking	To deal with a bank or financial institution, or for an…	/ˈbæŋkɪŋ/
9116	reminding	To cause one to experience a memory; to bring to the notice…	/ˈɹᵻmaɪndɪŋ/
9117	estimated	That is an estimate	/ˈɛstəˌmeɪtɪd/
9118	hebrew	Of or pertaining to the Hebrew people or language	/ˈhiːbɹuː/
9119	electronics	The study and use of electrical devices that operate by…	/ɪˌlɛkˈtɹɑ.nɪks/
9120	octopus	Any of several marine molluscs of the order Octopoda,…	/ˈɑktəpʊs/
9121	meaningful	Having meaning, significant	/ˈmi.nɪŋ.fl̩/
9122	stranded	Abandoned or marooned	/ˈstɹændɪd/
9123	daytime	The time of daylight; the time between sunrise and sunset	/ˈdeɪtaɪm/
9124	dowry	Payment, such as property or money, paid by the bride's…	/ˈdaʊəɹi/
9125	starved	Approaching starvation, emaciated and malnourished	/stɑːɹvd/
9126	ex-girlfriend	A former girlfriend	/ˈɛksˈɡɜːlfɹɛnd/
9127	collision	An instance of colliding	/kəˈlɪʒn̩/
9128	admitting	To allow to enter; to grant entrance, whether into a place,…	/ədˈmɪtɪŋ/
9129	comeback	A return after an extended period of obscurity or…	/ˈkʌmbæk/
9130	hungarian	Of, from, or pertaining to present-day Hungary, the ethnic…	/hʌŋˈɡɛə.ɹi.ən/
9131	faculty	The academic staff at schools, colleges, universities or…	/ˈfæk.əl.ti/
9132	operative	Effectual or important	/ˈɒpɹətɪv/
9133	liza	The white mullet, of the subtropical Americas	/ˈliːzə/
9134	tenants	One who holds a lease	/ˈtɛnənts/
9135	revealing	Informative; providing new information	/ɹɪˈvilɪŋ/
9136	ko	A local shape to which the ko rule applies; a ko shape	/ˈkəʊ/
9137	ounce	An avoirdupois ounce, weighing ¹⁄₁₆ of an avoirdupois…	/aʊns/
9138	mediterranean	Of or pertaining to the Mediterranean Sea and its…	/ˌmɛdɪtəˈɹeɪnɪən/
9139	gadget	Any device or machine, especially one whose name cannot be…	/ɡæd͡ʒ.ɪt/
9140	paramedics	A person trained to medically stabilize people through…	/ˌpæɹəˈmɛdɪks/
9141	console	A stand-alone cabinet designed to stand on the floor;…	/ˈkɑn.soʊl/
9142	drawers	Any clothing covering the legs, such as shorts, trousers,…	/dɹɔɹz/
9143	caravan	A convoy or procession of travellers, their cargo and…	/ˈkæɹəvæn/
9144	spinal	Of or relating to the spine	/spaɪ.nəl/
9145	bummer	A lamb which has been abandoned by its mother or orphaned,…	/ˈbʌ.mɚ/
9146	crippled	Having a less than fully functional limb, or injuries which…	/ˈkɹɪpəld/
9147	bled	Hinterland, field	/ˈblɛd/
9148	defy	To challenge or brave	/dɪˈfaɪ/
9149	luna	A luna moth: a member of species Actias luna	/ˈlunə/
9150	herbs	A plant whose stem is not woody and does not persist beyond…	/ˈɜːbz/
9151	queue	A line of people, vehicles or other objects, usually one to…	/kju/
9152	blinded	To make temporarily or permanently blind	/ˈblaɪn.dɪd/
9153	studios	An artist’s or photographer’s workshop or the room in which…	/ˈstuːdɪˌoʊz/
9154	goddammit	Synonym of goddamn	/ˈɡɑːdɐˌmɪt/
9155	recess	A depressed, hollow, or indented space; also, a hole or…	/ˈɹiˌsɛs/
9156	countdown	A count backward in fixed units to the time of some event,…	/ˈkaʊntˌdaʊn/
9157	dracula	Any vampire	/ˈdɹækjʊlə/
9158	alarms	A summons to arms, as on the approach of an enemy	/ɐˈlɑːɹmz/
9159	gaining	Gain; profit	/ˈɡeɪnɪŋ/
9160	quarterback	An offensive back whose primary job is to pass the ball in…	/ˈkwɔːtəbak/
9161	eminence	Someone of high rank, reputation or social status	/ˈɛmɪnəns/
9162	willingly	Of one’s own free will; freely and spontaneously	/ˈwɪlɪŋli/
9163	investigators	One who investigates	/ɪnˈvɛstᵻˌɡeɪɾɚz/
9164	speculation	The process or act of thinking or meditating on a subject	/ˌspɛk.jəˈleɪ.ʃən/
9165	clearer	Transparent in colour	/ˈklɪɹɚ/
9166	gino	A person of Mediterranean descent, stereotypically regarded…	/ˈd͡ʒinoʊ/
9167	cheeky	Impudent; impertinent; impertinently bold, often in a way…	/ˈt͡ʃiːki/
9168	powerless	Lacking sufficient power or strength	/ˈpaʊɚləs/
9169	lapd	Link Access Procedures, D channel; specified in ITU-T Q.920…	/ˌɛˌleɪˌpiːˈdiː/
9170	cruelty	An indifference to suffering or pleasure in inflicting…	/ˈkɹu(.ə)lti/
9171	external	Outside of something; on the exterior	/ɛkˈstɜɹ.nəl/
9172	quarantine	A period of 40 days, particularly	/ˈkwɔɹ.ən.tin/
9173	shush	To be quiet; to keep quiet	/ʃʊʃ/
9174	allegations	An assertion, especially an accusation, not necessarily…	/ˌælɪˈɡeɪʃənz/
9175	tito	An uncle	/ˈtiːɾoʊ/
9176	sands	Rock that is ground more finely than gravel, but is not as…	/ˈsændz/
9177	spelling	To put under the influence of a spell; to affect by a…	/ˈspɛl.ɪŋ/
9178	che	The letter Ч, ч	/ˈtʃiː/
9179	headline	The heading or title of a magazine or newspaper article	/ˈhɛd.laɪn/
9180	taliban	A Taliban militia	/ˈtælɪbæn/
9181	tablet	A slab of clay, stone or wood used for inscription	/ˈtæblət/
9182	founder	One who founds or establishes	[ˈfaʊ̯n.dɚ]
9183	gandhi	any major political leader who is a proponent of nonviolence	/ˈɡɑndi/
9184	squash	A sport played in a walled court with a soft rubber ball…	/skwɔʃ/
9185	jets	A collimated stream, spurt or flow of liquid or gas from a…	/d͡ʒɛts/
9186	saloon	A tavern, especially in an American Old West setting	/səˈlun/
9187	tuition	The training or instruction provided by a teacher or tutor	/tuˈɪʃən/
9188	tame	Under human control	/teɪm/
9189	occasional	Occurring or appearing irregularly from time to time, but…	/əˈkeɪʒ(ə)nəl/
9190	apologized	To make an apology or excuse; to acknowledge some fault or…	/ɐˈpɑːlədˌʒaɪzd/
9191	clinical	Dealing with the practical management of patients, in…	/ˈklɪn.ɪ.kəl/
9192	serpent	A snake-like monster, such as a dragon or sea serpent	/ˈsɝpənt/
9193	criticism	The act of criticising; a critical judgment passed or…	/ˈkɹɪtɪsɪzm̩/
9194	sawyer	One who saws timber, especially in a sawpit	/ˈsɔɪ.ɚ/
9195	fading	The process by which something fades; gradual diminishment	/ˈfeɪdɪŋ/
9196	prop	An object placed against or under another, to support it;…	/pɹɒp/
9197	shoved	To push, especially roughly or with force	/ʃʌvd/
9198	mend	To physically repair	/mɛnd/
9199	lonesome	Unhappy due to being alone; lonely	/ˈloʊnsəm/
9200	separately	In a separate manner; not together; apart	/ˈsɛp.ɹət.li/
9201	reg	A regular	/ɹɛd͡ʒ/
9202	'n	Contraction of than	/n/
9203	legion	Numerous; vast; very great in number	/ˈliːdʒən/
9204	tsk	To make such sound of disapproval	/tɪsk/
9205	arabs	A member of the Semitic ethnic group native to the Arabian…	/ˈɛɹ.əbz/
9206	accompanied	Having accompaniment; being part of a group of at least two	/əˈkʌmpəniːd/
9207	tread	To step or walk; to trample	/tɹɛd/
9208	findings	A result of research or an investigation	/ˈfaɪndɪŋz/
9209	exploit	A heroic or extraordinary deed	/ˈɛksplɔɪt/
9210	proposing	To suggest a plan, course of action, etc	/pɹəˈpoʊzɪŋ/
9211	shi	Apocopic form of shit	/ʃaɪ/
9212	scorpion	Any of the order Scorpiones of arachnids related to…	/ˈskɔɹ.pi.ən/
9213	curb	A concrete margin along the edge of a road; a kerb	/kɝb/
9214	opium	A yellow-brown, addictive narcotic drug obtained from the…	/ˈoʊ.pi.əm/
9215	athletic	Having to do with athletes	/æθˈlɛt.ɪk/
9216	bombed	To attack using one or more bombs; to bombard	/ˈbɑːmd/
9217	jumper	Someone or something that jumps, e.g. a participant in a…	/ˈd͡ʒʌmpɚ/
9218	weaker	Lacking in force or ability	/ˈwikɚ/
9219	suing	To file a legal action against someone, generally a…	/ˈsuːɪŋ/
9220	seminar	A class held for advanced studies in which students meet…	/ˈsɛmɪnɑɹ/
9221	confirms	To strengthen; to make firm or resolute	/kənˈfɜːmz/
9222	commence	To begin, start	/kəˈmɛns/
9223	plains	An expanse of land with relatively low relief and few…	/pleɪnz/
9224	readers	Reading glasses	/ˈɹidɚz/
9225	neglected	Suffering from neglect; uncared-for	/nɪˈɡlɛktɪd/
9226	tavern	A restaurant or bar	/ˈtævəɹn/
9227	worthwhile	Good and important enough to spend time, effort, or money on	/ˌwɜː(ɹ)θˈwaɪl/
9228	morale	The mental and emotional state of a person or group,…	/məˈɹæl/
9229	cleaners	A professional laundry or dry cleaner	/ˈkliːnɚz/
9230	caviar	Roe of the sturgeon or of certain other large fish,…	/ˈkæv.iˌɑɹ/
9231	welcoming	To affirm or greet the arrival of someone, especially by…	/ˈwɛlkʌmɪŋ/
9232	evaluation	An assessment, such as an annual personnel performance…	/ɪˌvæljuˈeɪʃn̩/
9233	occurs	To happen or take place	/əˈkɝz/
9234	rituals	A rite; a repeated set of actions, especially in religious…	/ˈɹɪtʃuːəlz/
9235	disguised	Wearing a disguise; dressed in strange or unusual clothes,…	/dɪsˈɡaɪzd/
9236	precision	The state of being precise or exact; especially, both exact…	/pɹɪˈsɪʒən/
9237	cube	A regular polyhedron having six identical square faces	/kjub/
9238	revelation	The act of revealing or disclosing	/ˌɹɛv.əˈleɪ.ʃən/
9239	titanic	Of or relating to the Titans, a race of gods in Greek…	/taɪˈtænɪk/
9240	realizing	To become aware of, understand, or appreciate	/ˈɹi(.ə)ˌlaɪzɪŋ/
9241	doggy	Doggy style	/ˈdɔ.ɡi/
9242	babbling	a stage in child language acquisition, during which an…	/ˈbæblɪŋ/
9243	dora	Tiles that provide bonus score multiplier points in a…	/ˈdɔːɹə/
9244	tenant	One who holds a lease	/ˈtɛ.nənt/
9245	riches	Money, goods, wealth, treasure	/ɹɪt͡ʃɪz/
9246	diabetes	Diabetes mellitus; any of a group of metabolic diseases…	/ˌdaɪəˈbitiz/
9247	alternate	Happening by turns; one following the other in succession…	/ˈɔl.tɚ.nət/
9248	diversion	A tactic used to draw attention away from the real threat…	/dɪˈvɝ.ʒən/
9249	effectively	In an efficient or effective manner; with powerful effect	/ɪˈfɛktɪvli/
9250	dedication	The act of dedicating or the state of being dedicated	/ˌdɛdɪˈkeɪʃən/
9251	wager	A bet; a stake; a pledge	/ˈweɪ.d͡ʒɚ/
9252	companions	A friend, acquaintance or partner; someone with whom one…	/kəmˈpænjənz/
9253	bailed	To secure the release of an arrested person by providing…	/beɪld/
9254	smelly	Having a bad smell	/ˈsmɛli/
9255	ratings	A position on a scale	/ˈɹeɪɾɪŋz/
9256	trench	A long, narrow ditch or hole in the ground; either manmade,…	/ˈtɹɛnt͡ʃ/
9257	cameraman	Somebody who operates a movie camera or television camera	/ˈkæm(ə)ɹəˌmæn/
9258	hawkins	plural of Hawkin	/ˈhɔːkɪnz/
9259	batter	To hit or strike violently and repeatedly	/ˈbætɚ/
9260	dye	A colorant, especially one that has an affinity to the…	/daɪ/
9261	abduction	A leading away; a carrying away	/æbˈdʌk.ʃn̩/
9262	prospect	The region which the eye overlooks at one time; a view; a…	/ˈpɹɑspɛkt/
9263	brighter	Emitting much light; visually dazzling; luminous, lucent,…	/ˈbɹaɪtɚ/
9264	wider	Having a large physical extent from side to side	/ˈwaɪdɚ/
9265	alma	An Egyptian female singer or dancing girl employed for…	/ˈæl.mə/
9266	manslaughter	The unlawful killing of a human, either in negligence or…	/ˈmænˌslɔtɚ/
9267	remedy	Something that corrects or counteracts	/ˈɹɛmədi/
9268	damp	In a state between dry and wet; moderately wet; moist	/ˈdeə̯mp/
9269	thigh	The upper leg of a human, between the hip and the knee	/θaɪ/
9270	cologne	A type of perfume consisting of 2–5% essential oils, 70–90%…	/kəˈloʊn/
9271	accusation	The act of accusing	/ˌæk.jʊˈzeɪ.ʃ(ə)n/
9272	outsider	One who is not part of a community or organization	/ˌaʊtˈsaɪdəɹ/
9273	serum	Ellipsis of blood serum	/ˈsɪɹəm/
9274	whats	The identity of a thing, as an answer to a question of what	/ˈwʌts/
9275	spaces	The distance between objects	/ˈspeɪsɪz/
9276	oral	Relating to the mouth	/ˈoɹəl/
9277	shades	Sunglasses	/ʃeɪdz/
9278	woe	Great sadness or distress; a misfortune causing such sadness	/woʊ/
9279	receipts	The act of receiving, or the fact of having been received	/ɹɪˈsits/
9280	alias	Otherwise; at another time; in other circumstances;…	/ˈeɪ.li.əs/
9281	notified	To give notice	/ˈnoʊɾᵻˌfaɪd/
9282	apron	An article of clothing worn over the front of the torso…	/ˈeɪ.pɹən/
9283	vein	A blood vessel that transports blood from the capillaries…	/veɪn/
9284	tonic	Pertaining to tension, especially of the muscles	/ˈtɑ.nɪk/
9285	squeaks	A short, high-pitched sound, as of two objects rubbing…	/skwiːks/
9286	dim	Not bright or colorful	/dɪm/
9287	steep	Of a near-vertical gradient; of a slope, surface, curve,…	/stiːp/
9288	sod	The stratum of the surface of the soil which is filled with…	/sɑd/
9289	presenting	To bring into the presence of; to introduce formally	/pɹɪˈzɛntɪŋ/
9290	cinderella	A mistreated and impoverished girl	/ˌsɪndəˈɹɛlə/
9291	cub	A member of the Cub Scouts	/kʌb/
9292	eyewitness	Someone who sees an event and can report or testify about it	/ˈaɪˌwɪt.nəs/
9293	flattering	Attractive or good-looking; that makes one look good	/ˈflætəɹɪŋ/
9294	overdose	An excessive and dangerous dose of a drug	/ˈəʊvə(ɹ)ˌdəʊs/
9295	doubled	To multiply by two	/ˈdʌbl̩d/
9296	suckers	A person or animal that sucks, especially a breast or…	/ˈsʌkɚz/
9297	automobile	A type of motor vehicle designed to move on the ground…	/ˈɔː.tə.məˌbil/
9298	cain	Alternative form of kain	/ˈkeɪn/
9299	loo	A lavatory: a room used for urination and defecation	/lu/
9300	brittany	A coward	[ˈbɹɪʔn̩.ni]
9301	bullied	Having been a victim of a bully	/ˈbʊlid/
9302	kidnapper	A person who kidnaps someone	/ˈkɪdnæpɚ/
9303	dispose	To eliminate or to get rid of something	/dɪsˈpoʊz/
9304	margarita	A cocktail made with tequila, an orange-flavoured liqueur,…	/ˌmɑɹ.ɡəˈɹi.tə/
9305	hash	Food, especially meat and potatoes, chopped and mixed…	/ˈhæʃ/
9306	grieving	Feeling or showing sorrow or distress due to loss,…	/ˈɡɹiːvɪŋ/
9307	initials	An abbreviation of a person's name, constructed by taking…	/ɪˈnɪʃəlz/
9308	hound	A dog, particularly a breed with a good sense of smell…	/haʊnd/
9309	boogie	A piece of solid or semisolid mucus in or removed from the…	/ˈbʊ.ɡi/
9310	dawg	Pronunciation spelling of dog	/dɔɡ/
9311	perp	A perpetrator	/pɝp/
9312	cloak	A long outer garment worn over the shoulders covering the…	/kloʊk/
9313	crabs	Pubic lice	/kɹæbz/
9314	pastry	A baked food item made from flour and fat pastes such as…	/ˈpeɪstɹi/
9315	successor	A person or thing that immediately follows another in…	/səkˈsɛsɚ/
9316	hola	Hello, hi, hey	/ˈoʊlɑː/
9317	cheerleader	A person, usually a young, attractive female, who…	/ˈtʃɪə(ɹ)ˌliːdə(ɹ)/
9318	slips	To lose one’s traction on a slippery surface; to slide due…	/slɪps/
9319	critics	A person who appraises the works of others	/ˈkɹɪɾɪks/
9320	recruited	To enroll or enlist new members or potential employees on…	/ˈɹᵻkɹuːɾᵻd/
9321	macho	Masculine in an overly assertive or aggressive way. Very…	/ˈmɑ.t͡ʃoʊ/
9322	stunned	Unable to act or respond; dazed; shocked	/stʌnd/
9323	fuller	Containing the maximum possible amount that can fit in the…	/ˈfʊ.ləɹ/
9324	mornings	Every morning	/ˈmɔːɹnɪŋz/
9325	accidental	Pertaining to accident and not essence; thus, inessential;…	/ˌæk.sɪˈdɛn.tl̩/
9326	convey	To move from one place to another	/kənˈveɪ/
9327	prototype	An original form or object which is a basis for other forms…	/ˈpɹoʊtəˌtaɪp/
9328	superiors	The senior person in a monastic community	/suːˈpiəɹɪɚz/
9329	fling	An act of throwing, often violently	/ˈflɪŋ/
9330	froze	Especially of a liquid, to become solid due to low…	/ˈfɹoʊz/
9331	atoms	The smallest possible amount of matter which still retains…	/ˈatəmz/
9332	kidnappers	A person who kidnaps someone	/ˈkɪdnæpɚz/
9333	cupcake	A small cake baked in a usually paper container shaped like…	/ˈkʌpkeɪk/
9334	athletes	A participant in any of a group of sporting activities…	/ˈæθliːts/
9335	warsaw	Any of several species of grouper, subfamily Epinephelinae	/ˈwɔːɹsɔː/
9336	pleasures	A state of being pleased or contented; gratification	/ˈplɛʒɚz/
9337	ax	US standard spelling of axe	/æks/
9338	uptight	Excessively concerned with rules and order, always serious	/ʌpˈtaɪt/
9339	inclined	At an angle to the horizontal; slanted or sloped	/ɪnˈklaɪnd/
9340	stockings	pantyhose	/ˈstɑːkɪŋz/
9341	scrooge	A miserly person; a person with an excessive dislike of…	/skɹuːd͡ʒ/
9342	fingerprint	The natural pattern of ridges on the tips of human fingers,…	/ˈfɪŋɡɚˌpɹɪnt/
9343	harmed	To damage, hurt, or injure something, usually an inanimate…	/hɑɹmd/
9344	sensational	Of or pertaining to sensation	/sɛnˈseɪʃənəl/
9345	jockey	One who rides racehorses competitively	/ˈd͡ʒɑki/
9346	mourn	To express sadness or sorrow for; to grieve over	/mɔɹn/
9347	intercom	An independent, telephonic communication system, set up…	/ˌɪntɚˈkɑːm/
9348	tory	A member or supporter of the Conservative Party, which…	/ˈtoɹ.i/
9349	penthouse	Any of the sloping roofs at the side of a real tennis court	/ˈpɛnt(h)aʊs/
9350	forthe	Obsolete spelling of forth	/ˈfɔːɹð/
9351	ginny	Affected by gin; resembling or characteristic of gin	/ˈdʒɪni/
9352	quack	The vocalisation made by a duck	/kwæk/
9353	peck	To strike or pierce with the beak or bill	/pɛk/
9354	gospel	The first section of the Christian New Testament scripture,…	/ˈɡɑspəl/
9355	presumably	Able to be sensibly presumed	/pɹɪˈzuːməbli/
9356	signatures	A person's name, written by that person, used as…	/ˈsɪɡnɪtʃɚz/
9357	hyung	An affectionate term of address for an older brother or…	/hjʌŋ/
9358	aspects	Any specific feature, part, or element of something	/ˈæspɛkts/
9359	assumption	The act of assuming, or taking to or upon oneself; the act…	/əˈsʌm(p).ʃ(ə)n/
9360	rumbles	A low, heavy, continuous sound, such as that of thunder or…	/ˈɹʌmbəlz/
9361	hugging	To cling closely together	/ˈhʌɡɪŋ/
9362	sideways	With a side to the front	/ˈsaɪdweɪz/
9363	theodore	A fiador	/ˈθi.əˌdɔɹ/
9364	organisation	Non-Oxford British English and Australian standard spelling…	/ˌoɹ.ɡə.nɪˈzeɪ.ʃən/
9365	lowered	To let descend by its own weight, as something suspended;…	/ˈloʊɚd/
9366	youtube	Any website that allows users to upload content,…	/ˈjutub/
9367	ct	A CT scan	/ˌsiːˈtiː/
9368	jaws	The mouth	/d͡ʒɔːz/
9369	troll	a giant supernatural being, especially a grotesque humanoid…	/tɹɑl/
9370	squid	Any of several carnivorous marine cephalopod mollusks, of…	/skwɪd/
9371	designers	A person who designs something, or who designs things as a…	/dɪˈzaɪnɚz/
9372	mushroom	Any of the fleshy fruiting bodies of fungi typically…	/ˈmʌʃˌɹum/
9373	freeway	A highway with grade-separated crossings and designed for…	/ˈfɹɪjwɛj/
9374	believer	A person who believes; especially regarding religion	/bɪˈlivɚ/
9375	possessions	A control or occupancy of something for which one does not…	/pəˈzɛʃənz/
9376	tunes	A melody	/tjuːns/
9377	tornado	A violent wind in the form of a mobile, rapidly rotating,…	/tɔɹˈneɪ.doʊ/
9378	cowardly	Showing cowardice; lacking in courage; weakly fearful	/ˈkaʊədli/
9379	notch	A V-shaped cut	/nɑtʃ/
9380	routes	A course or way which is traveled or passed	/ɹuːts/
9381	winters	In the winter	/ˈwɪntɚz/
9382	annoy	To disturb or irritate, especially by continued or repeated…	/əˈnoɪ̯/
9383	loaf	A block of bread after baking	/loʊf/
9384	commercials	An advertisement in a common media format, usually radio or…	/kəˈmɜːʃəlz/
9385	idiotic	Pertaining to or resembling an idiot; characterised with…	/ˌɪdiˈɑtɪk/
9386	inconvenience	The quality of being inconvenient	/ɪnkənˈvinjəns/
9387	plum	Completely; utterly	/plʌm/
9388	solicitor	A lawyer offering most legal services to clients apart from…	/səˈlɪsɪtɚ/
9389	amnesia	Loss of memory; forgetfulness	/ˌæmˈniʒə/
9390	distinct	Capable of being perceived very clearly	/dɪˈstɪŋkt/
9391	sweeping	An instance of sweeping	/ˈswiːpɪŋ/
9392	arson	The crime of deliberately starting a fire with intent to…	/ˈɑɹsən/
9393	doubted	To be undecided about; to lack confidence in; to…	/ˈdaʊtɪd/
9394	furthermore	In addition; besides; further; what's more	/ˈfɝ.ðɚˌmoɹ/
9395	quarry	A site for mining stone, such as limestone, or slate	/ˈk(w)ɔɹ.i/
9396	puss	A cat	/pʊs/
9397	farts	An emission of digestive gases from the anus; a flatus	/fɑːɹts/
9398	depot	A storage facility, in particular, a warehouse	/ˈdiːpoʊ/
9399	evenings	The time of day between afternoon and night	/ˈiːvnɪŋz/
9400	ole	An interjection used to stir up excitement	/ol/
9401	circulation	The act of moving in a circle, or in a course which brings…	/ˌsɝkjʊˈleɪʃən/
9402	socialist	Of, relating to, supporting, or advocating socialism	/ˈsoʊ.ʃə.lɪst/
9403	dryer	Free from or lacking moisture	/ˈdɹaɪɚ/
9404	mutters	A repressed or obscure utterance; an instance of muttering	/ˈmʌɾɚz/
9405	vomiting	The act of one who vomits, or the matter that is vomited	/ˈvɑːmɪɾɪŋ/
9406	brock	A male badger	/bɹɑk/
9407	moody	Given to sudden or frequent changes of mind; temperamental	/ˈmuːdi/
9408	donated	Having been given freely rather than purchased	/ˈdoʊneɪtɪd/
9409	reich	A German empire, kingdom or nation; its territory or…	/ɹaɪx/
9410	receiver	A person who receives something in a general sense; a…	/ɹəˈsi.vɚ/
9411	semen	A sticky, milky fluid produced in male reproductive organs…	/ˈsiːmən/
9412	converted	changed in form or function etc	/kənˈvɝtɪd/
9413	rags	Tattered clothes	/ɹæɡz/
9414	harness	A restraint or support, especially one consisting of a loop…	/ˈhɑɹ.nəs/
9415	slate	A piece of such stone, usually cut into a rectangular…	/sleɪt/
9416	padre	A military clergyman	/ˈpɑdɹeɪ/
9417	necessity	The quality or state of being necessary, unavoidable, or…	/nɪˈsɛsəti/
9418	emails	A system for sending messages and datas by means of a…	/ˈiːmeɪlz/
9419	orderly	Neat and tidy; possessing order	/ˈɔɹdɚli/
9420	dinners	The main meal of the day, often eaten in the evening	/ˈdɪnɚz/
9421	assassins	Someone who intentionally kills a person, especially a…	/əˈsæsɪnz/
9422	scold	A person who habitually scolds, in particular a troublesome…	/ˈskoʊ̯ld/
9423	certainty	The state of being certain	/ˈsɝtn̩ti/
9424	marian	Of or relating to the Virgin Mary	/ˈmɛəɹiən/
9425	knox	Ellipsis of Knox Box	/nɑks/
9426	upright	In or into an upright position	/ˈʌpɹaɪt/
9427	trek	A journey by ox wagon	/tɹɛk/
9428	patron	One who protects or supports; a defender or advocate	/ˈpeɪ.tɹən/
9429	reborn	Revived or regenerated, especially emotionally or…	/ˈɹᵻbɔːɹn/
9430	reel	A shaky or unsteady gait	/ˈɹiːl/
9431	typewriter	A device, at least partially mechanical, used to print text…	[ˈtaɪpˌɹaɪtə(ɹ)]
9432	babes	An attractive person, especially a young woman	/beɪbz/
9433	sorrows	unhappiness, woe	/ˈsɑɹoʊz/
9434	utmost	The most extreme; greatest, ultimate	/ˈʌtmoʊ̯st/
9435	patsy	A person who is taken advantage of, especially by being…	/ˈpætsi/
9436	governments	The body with the power to make and/or enforce laws to…	/ˈɡʌv.ɚ(n).mənts/
9437	bhai	friend, dude, man	/ˈbaɪ/
9438	privileges	A particular benefit, advantage, or favor; a right or…	/ˈpɹɪv.ɪ.lɪ.d͡ʒɪz/
9439	throats	The front part of the neck	/ˈθɹoʊts/
9440	remotely	At a distance, far away	/ɹɪˈmoʊtli/
9441	glee	Joy; happiness; great delight, especially from one's own…	/ɡliː/
9442	revolver	A handgun with a revolving chamber enabling several shots…	/ɹɪˈvɒl.vɚ/
9443	lockdown	The confinement of people in their own rooms or cells, or…	/ˈlɑkˌdaʊn/
9444	woof	The set of yarns carried by the shuttle of a loom which are…	/wʊf/
9445	brunch	A meal eaten later in the day than breakfast and earlier…	/bɹʌnt͡ʃ/
9446	dwell	A period of time in which a system or component remains in…	/dwɛl/
9447	coyote	Canis latrans, a species of canine native to North America	/kəˈjoʊ.ti/
9448	squat	Relatively short or low, and thick or broad	/skwɑt/
9449	manic	Characterized by mania or craziness; wicked	/ˈmeə̯nɪk/
9450	groove	A long, narrow channel or depression; e.g., such a slot cut…	/ɡɹuv/
9451	bangkok	A kind of straw hat	/ˈbæŋkɑːk/
9452	uncovered	Not covered or protected from the weather, etc	/ʌnˈkʌvɚd/
9453	mailbox	A collection point for mail intended for onward delivery, a…	/ˈmeɪl.bɑks/
9454	objections	The act of objecting	/əbˈd͡ʒɛkʃənz/
9455	lynch	To execute without a proper legal trial or procedure,…	/lɪnt͡ʃ/
9456	scrape	To draw, along while exerting pressure	/skɹeɪp/
9457	commandant	A commanding officer, usually of a specific force or…	/ˈkɒməndænt/
9458	swings	To rotate about an off-centre fixed point	/swɪŋz/
9459	conventional	Pertaining to a convention, as in following generally…	/kənˈvɛnʃənl̩/
9460	stockholm	To suffer from Stockholm syndrome; to form an emotional…	/ˈstɒkhɒlm/
9461	raises	To cause to rise; to lift or elevate	/ˈɹeɪzᵻz/
9462	transaction	The act of conducting or carrying out	/tɹænˈzækʃən/
9463	iced	To become ice; to freeze	/ˈaɪst/
9464	oy	An exclamation typically expressing mild frustration or…	/ɔɪ/
9465	ignition	The act of igniting	/ɪɡˈnɪʃən/
9466	beaches	The shore of a body of water, especially when sandy or…	/ˈbiːt͡ʃɪz/
9467	epidemic	A widespread disease that affects many humans in a…	/ˌɛpɪˈdɛmɪk/
9468	honoured	British, Canadian, Commonwealth, and Ireland standard…	/ˈɑnɚd/
9469	shaggy	Having long, thick, and uncombed hair, fur or wool	/ˈʃæɡi/
9470	friggin	Alternative spelling of frigging	/ˈfɹɪɡɪn/
9471	policies	A principle of behaviour, conduct which an entity applies…	/ˈpɒl.ə.siz/
9472	statistics	A discipline, principally within applied mathematics,…	/stəˈtɪs.tɪks/
9473	shattering	The act of something that shatters; the shattered material	/ˈʃæɾɚɹɪŋ/
9474	bah	Expressing contempt, disgust, or bad temper	/bæ/
9475	intercourse	Communication, conversation	/ˈɪn.tɚˌkɔɹs/
9476	charms	An object, act or words believed to have magic power	/t͡ʃɑɹmz/
9477	flashing	To cause to shine briefly or intermittently	/ˈflæʃɪŋ/
9478	destructive	Causing destruction; damaging	/dɪˈstɹʌktɪv/
9479	grilled	Cooked on a grill	/ɡɹɪld/
9480	copied	To produce an object identical to a given object	/ˈkɑpid/
9481	hookers	One who, or that which, hooks	/ˈhʊkɚz/
9482	paycheck	A periodic payment, usually in the form of a paper check,…	/ˈpeɪ.t͡ʃɛk/
9483	solitude	Aloneness; the state of being alone, solitary, or by oneself	/ˈsɑlɪˌtud/
9484	panther	Any of various big cats with black fur; most especially,…	/ˈpænθəɹ/
9485	performances	The act of performing; carrying into execution or action;…	/pɚˈfɔːɹmənsᵻz/
9486	maids	An adult or adolescent female servant or cleaner	/meɪdz/
9487	exhausting	Very tiring	/ɪɡˈzɔ(ː)stɪŋ/
9488	lambert	a cgs unit of luminance; the brightness of a surface that…	/ˈlæmbɚt/
9489	omega	Ultimately, most, supremely	/oʊˈmeɪ.ɡə/
9490	stationed	To put in place to perform a task	/ˈstɛɪʃənd/
9491	yankees	A native or inhabitant of the northern United States	/ˈjæŋkiːz/
9492	liability	An obligation, debt or responsibility owed to someone	/laɪəˈbɪlɪti/
9493	x-rays	A ray of short-wavelength electromagnetic radiation usually…	/ˈɛkˈsɹeɪz/
9494	whichever	Which ever; emphatic form of 'which'	/wɪt͡ʃˈɛvɚ/
9495	hunk	A large or dense piece of something	/hʌŋk/
9496	trout	Any of several species of fish in Salmonidae, closely…	/tɹaʊt/
9497	crystals	A solid composed of an array of atoms or molecules…	/ˈkɹɪstəlz/
9498	learns	To acquire, or attempt to acquire knowledge or an ability…	/ˈlɜːnz/
9499	repent	To feel pain, sorrow, or regret for what one has done or…	/ɹɪˈpɛnt/
9500	prosperity	The condition of being prosperous: having good fortune and…	/pɹɑˈspɛɹ.ɪ.ti/
9501	literary	Relating to literature	/ˈlɪt.əˌɹɛɹ.i/
9502	assembled	To put together	/əˈsɛmbl̩d/
9503	ounces	An avoirdupois ounce, weighing ¹⁄₁₆ of an avoirdupois…	/ˈaʊnsɪz/
9504	martyr	One who willingly accepts being put to death or willingly…	/ˈmɑɹ.tɚ/
9505	northwest	Towards or in the direction of the northwest; northwestwards	/nɔɹθˈwɛst/
9506	privileged	Having special privileges	/ˈpɹɪv(ɪ)lɪd͡ʒd/
9507	webster	A weaver	/ˈwɛbstə/
9508	excess	The state of surpassing or going beyond a limit; the state…	/ˈɛksɛs/
9509	unemployment	The state of having no job; joblessness	/ʌn.ɪmˈplɔɪ.mənt/
9510	viking	A stock character common in the fantasy genre, namely a…	/ˈvaɪkɪŋ/
9511	blackmailing	The act of one who blackmails	/ˈblækmeɪlɪŋ/
9512	install	To connect, set up or prepare something for use	/ɪnˈstɑl/
9513	arrogance	The state of being arrogant; a type of extreme or foolish…	/ˈæɹ.ə.ɡəns/
9514	jeopardy	Danger of failure, harm, or loss	/ˈd͡ʒɛpɚdi/
9515	hacker	Someone who hacks	/hækəɹ/
9516	tongues	The flexible muscular organ in the mouth that is used to…	/tʌŋz/
9517	pleases	To make happy or satisfy; to give pleasure to	/ˈpliːzᵻz/
9518	reset	To set back to the initial state	/ɹiːˈsɛt/
9519	risen	To move upwards	/ˈɹɪ.zən/
9520	dependent	Relying upon; depending upon	/dɪˈpɛndənt/
9521	sued	To file a legal action against someone, generally a…	/sjuːd/
9522	perkins	A kind of weak perry	/ˈpɜːkɪnz/
9523	goons	A thug; a usually muscular henchman with little intelligence	/ˈɡuːnz/
9524	milady	To address as “milady”	/mɪˈleɪdi/
9525	wolfe	Obsolete spelling of wolf	/ˈwʊlf/
9526	abnormal	Not conforming to rule or system; deviating from the usual…	/ˌæbˈnɔɹ.ml̩/
9527	bandage	A strip of gauze or similar material used to protect or…	/ˈbæn.dɪd͡ʒ/
9528	heed	Careful attention	/ˈhiːd/
9529	pronounced	Uttered, articulated	/pɹəˈnaʊnst/
9530	bullying	An act of intimidating a person to do something, especially…	/ˈbʊ.li.ɪŋ/
9531	charter	A document issued by some authority, creating a public or…	/ˈt͡ʃɑɹtɚ/
9532	turks	A person of an ethnically diverse linguistic group that…	/ˈtɜːks/
9533	litter	Straw, grass, and similar loose material used as bedding…	/ˈlɪt.ɚ/
9534	standby	A state of readiness without immediate involvement;…	/ˈsteə̯ndˌbaɪ̯/
9535	izzy	A Jew or an Israeli Jew	/ˈɪzi/
9536	ltd	Alternative spelling of Ltd	/ˈlɪmɪɾᵻd/
9537	peaches	Any tree of species Prunus persica, native to China and now…	/ˈpiːtʃᵻz/
9538	angles	A figure formed by two rays which start from a common point…	/ˈæŋɡəlz/
9539	kerry	An animal belonging to a rare breed of dairy cattle, native…	/ˈkɛɹi/
9540	baths	A tub or pool which is used for bathing: bathtub	/bæθs/
9541	generate	To bring into being; give rise to	/ˈd͡ʒɛn.ə.ɹeɪt/
9542	cobb	A sea-cob or gull	/kɒb/
9543	residue	That which persists or remains following the removal or…	/ˈɹɛzɪduː/
9544	composed	Showing composure	/kəmˈpoʊzd/
9545	paco	An earthy-looking ore, consisting of brown oxide of iron…	/ˈpɑːkəʊ/
9546	kilo	Clipping of kilogram	/ˈkɪloʊ/
9547	immigrants	A non-native person who comes to a country from another…	/ˈɪmɪɡɹənts/
9548	probable	Likely or most likely to be true	/ˈpɹɑbəbl̩/
9549	enjoys	To receive pleasure or satisfaction from something	/ɛnˈd͡ʒɔɪz/
9550	seeks	To try to find; to look for; to search for	/siːks/
9551	vicinity	Proximity; the state of being near	/vəˈsɪnəti/
9552	flank	To attack the flank of	/flæŋk/
9553	der	Disdainful indication that something is obvious	/dɜː/
9554	clint	The relatively flat part of a limestone pavement between…	/ˈklɪnt/
9555	functioning	functional, working	/ˈfʌŋkʃənɪŋ/
9556	predictable	Able to be predicted	/pɹəˈdɪktəbləl/
9557	jedi	One of a fictional order of beings from the Star Wars…	/ˈd͡ʒɛd.aɪ/
9558	scrambled	Mixed, disordered, shuffled	/ˈskɹæmbəld/
9559	expansion	An act, process, or instance of expanding	/ɪkˈspænʃən/
9560	angus	A popular Brazilian mash made with fubá, salt, and often…	/ˈæŋɡəs/
9561	natives	A person who is native to a place; a person who was born in…	/ˈneɪtɪvz/
9562	bing	Solitary confinement	/bɪŋ/
9563	scarlet	A brilliant red colour sometimes tinged with orange	/ˈskɑɹlɪt/
9564	itchy	Characterized by itching	/ˈɪt͡ʃi/
9565	stirring	invigorating or inspiring	/ˈstɝɪŋ/
9566	bedrooms	A room in a house, apartment, hotel, or other dwelling…	/ˈbɛdɹuːmz/
9567	structures	A cohesive whole built up of distinct parts	/ˈstɹʌktʃɚz/
9568	ensign	A badge of office, rank, or power	/ˈɛn.sɪn/
9569	barrels	A round vessel, such as a cask, of greater length than…	/ˈbæɹəlz/
9570	voters	Someone who votes or is entitled to vote	/ˈvoʊtɚz/
9571	madeleine	A French type of small gateau or sponge cake, often shaped…	/ˈmædələn/
9572	haste	Speed; swiftness; dispatch	/heɪst/
9573	existing	to be; have existence; have being or reality	/ɪɡˈzɪstɪŋ/
9574	commotion	A state of turbulent motion	/kəˈmoʊ.ʃən/
9575	belonging	To have its proper place	/bɪˈlɔŋɪŋ/
9576	extinct	Of feelings, a person's spirit, a state of affairs, etc.:…	/ɪkˈstɪŋkt/
9577	joints	The point where two components of a structure join, but are…	/d͡ʒɔɪnts/
9578	bumper	Someone or something that bumps	/ˈbʌmpəɹ/
9579	mao	The ma'oma'o, Gymnomyza samoensis, a large passerine bird…	/maʊ̯/
9580	mare	An adult female horse	/mɛɚ/
9581	influenced	Subject to an effect caused by a person or thing outside of…	/ˈɪn.flu.ənst/
9582	heist	A robbery or burglary, especially from an institution such…	/haɪst/
9583	cynical	Of or relating to the belief that human actions are…	/ˈsɪnɪkəl/
9584	input	The act or process of putting in; infusion	/ˈɪnpɵt/
9585	recite	To repeat aloud, often before an audience	/ɹɪˈsaɪt/
9586	cary	Obsolete spelling of carry	/ˈkɛɹi/
9587	eagles	Any of several large carnivorous and carrion-eating birds…	/ˈiːɡəlz/
9588	expired	that is no longer valid	/ɛksˈpaɪɚd/
9589	palms	Any of various evergreen trees from the family Palmae or…	/ˈpɑːmz/
9590	slash	Used to note the sound or action of a slash	/slæʃ/
9591	bottoms	The lowest part of anything	/ˈbɑ.təmz/
9592	columbus	A person who makes a great discovery	/kəˈlʌmbəs/
9593	georges	radiotelephony clear-code word for the letter G	/ˈdʒɔːɹdʒᵻz/
9594	exaggerate	To overstate, to describe more than the fact	/ɛɡˈzæd͡ʒ.ə.ɹeɪt/
9595	guided	To serve as a guide for someone or something; to lead or…	/ˈɡaɪdɪd/
9596	pineapple	A tropical plant, Ananas comosus, native to South America,…	/ˈpaɪnəpəl/
9597	spence	A buttery or pantry	/ˈspɛns/
9598	ankles	The skeletal joint which connects the foot with the leg;…	/ˈæŋkəlz/
9599	morals	The ethical significance or practical lesson	/ˈmɔɹəlz/
9600	builds	To form by combining materials or parts	/bɪldz/
9601	colleen	A girl	/kəˈliːn/
9602	posing	The act by which something is posed	/ˈpoʊzɪŋ/
9603	fireman	Someone who is skilled in the work of fighting fire	/ˈfaɪɹmən/
9604	thorn	A modified branch that is hard and sharp like a spike	/θoɹn/
9605	communities	A group sharing common characteristics, such as the same…	/kəˈmjuːnɪtiz/
9606	lawson	a chemical and dye found in henna	/ˈlɔːsən/
9607	workout	An exercise session; a period of physical exercise	/ˈwɝk.aʊ̯t/
9608	extraterrestrial	Originating from outside of the Earth's atmosphere, from…	/ˌɛk.stɹə.təˈɹɛs.tɹi.əl/
9609	conceived	To have a child; to become pregnant	/kənˈsiːvd/
9610	tightly	In a tight manner	/ˈtaɪtli/
9611	tennessee	The Tennessee warbler, Oreothlypis peregrina	/ˌtɛnəˈsiː/
9612	sleeves	The part of a garment that covers the arm	/sliːvz/
9613	vacant	Not occupied; empty	/ˈveɪkənt/
9614	infantry	Soldiers who fight on foot, as opposed to cavalry and other…	/ˈɪnfəntɹi/
9615	booking	To reserve for future use	/ˈbɵkɪŋ/
9616	oranges	An evergreen tree of the genus Citrus such as Citrus…	/ˈɔɹ(ɪ)nd͡ʒɪz/
9617	breakup	The act of breaking up; disintegration or division	/ˈbɹeɪk.ʌp/
9618	purity	The state or degree of being pure	/ˈpjʊɹɪti/
9619	honourable	UK standard spelling of honorable	/ˈɑːnɚɹəbəl/
9620	militia	An army of trained civilians, which may be an official…	/məˈlɪʃə/
9621	mechanics	The branch of physics that deals with the action of forces…	/məˈkænɪks/
9622	mackenzie	A kind of cocktail made with gin and fruit juices	/məˈkɛn.zi/
9623	bronx	A cocktail containing gin, vermouth, and orange juice	/bɹɑŋks/
9624	realizes	To become aware of, understand, or appreciate	/ˈɹiːəlaɪzᵻz/
9625	hasty	Acting or done in haste; hurried or too quick; speedy due…	/ˈheɪsti/
9626	colorful	Possessing prominent and varied colors	/ˈkʌl.əɹ.fl̩/
9627	ramp	An inclined surface that connects two levels; an incline	/ɹæmp/
9628	boulevard	A broad, well-paved and landscaped thoroughfare	/ˈbʊ.lə.vɑɹd/
9629	intriguing	Causing a desire to know more; mysterious	/ɪnˈtɹiːɡɪŋ/
9630	rook	A European bird, Corvus frugilegus, of the crow family	/ɹɵk/
9631	papi	Abbreviation of Performance Application Programming…	/ˈpæpi/
9632	atm	Any source of a large amount of money	/ˌeɪˌtiːˈɛm/
9633	acquire	To get	/əˈkwaɪɚ/
9634	necks	The part of the body connecting the head and the trunk…	/ˈnɛks/
9635	sinners	A person who, by one particular action, has sinned	/ˈsɪnɚz/
9636	gents	A men's room: a lavatory intended for use by men	/ˈdʒɛnts/
9637	episodes	A discrete but connected event, situation, or period within…	/ˈɛpɪˌsoʊdz/
9638	dedicate	To set apart for a deity or for religious purposes;…	/ˈdɛdɪˌkeɪt/
9639	rests	Relief from work or activity by sleeping; sleep	/ɹɛsts/
9640	pi	An irrational and transcendental constant representing the…	/paɪ/
9641	milord	To address as “milord”	/mɪˈlɔːd/
9642	debut	A performer's first performance to the public, in sport,…	/deɪˈbjuː/
9643	interviewing	To ask questions of; to have an interview	/ˈɪntɚˌvjuːɪŋ/
9644	occupy	To fill	/ˈɑkjəpaɪ/
9645	aimed	Directed towards a target	/eɪmd/
9646	emerged	To come into view	/ɪˈmɝd͡ʒd/
9647	restraining	The act by which someone or something is restrained	/ˈɹᵻstɹeɪnɪŋ/
9648	cod	A sea fish of the family Gadidae which are sold as "cod",…	/kɑd/
9649	clarity	The state or measure of being clear, either in appearance,…	/ˈklæɹ.ɪ.ti/
9650	daft	Foolish, silly, stupid	/dɑːft/
9651	islamic	Of, pertaining to, originating in, characteristic of, or…	/ɪsˈlɑːmɪk/
9652	calculated	Arrived at or determined by mathematical calculation;…	/ˈkælkjʊleɪtɪd/
9653	lakes	A large, landlocked stretch of water or similar liquid	/leɪks/
9654	grumpy	Dissatisfied and irritable	/ˈɡɹʌmpi/
9655	ki	A term indicating intrinsic energy; usually associated with…	/kiː/
9656	eddy	A current of air or water running back, or in an opposite…	/ˈɛd.i/
9657	consulting	Ellipsis of consulting physician	/kənˈsʌltɪŋ/
9658	obstacles	Something that impedes, stands in the way of, or holds up…	/ˈɑːbstəkəlz/
9659	pesos	The circulating currency of various Spanish-speaking…	/ˈpeɪsoʊz/
9660	plotting	The act of scheming or making plots; machination	/ˈplɑːɾɪŋ/
9661	infirmary	A place where sick or injured people are cared for,…	/ɪnˈfɝməɹi/
9662	sermon	Religious discourse; a written or spoken address on a…	/ˈsɝ.mən/
9663	manipulated	To move, arrange or operate something using the hands	/məˈnɪpjʊˌleɪɾᵻd/
9664	scratches	Synonym of pastern dermatitis	/ˈskɹætʃᵻz/
9665	deeks	To look	/ˈdiːks/
9666	critic	A person who appraises the works of others	/ˈkɹɪt.ɪk/
9667	greasy	Having a slippery surface; having a surface covered with…	/ˈɡɹi.zi/
9668	supports	Something which supports	/səˈpɔːɹts/
9669	anatomy	The science that deals with the form and structure of…	/əˈnatəmɪj/
9670	agreeing	To be in harmony about an opinion, statement, or action; to…	/ɐˈɡɹiːɪŋ/
9671	straightforward	In a straightforward manner; straightforwards;…	/ˌstɹeɪtˈfɔː(ɹ)wə(ɹ)d/
9672	prejudice	An adverse judgment or opinion formed beforehand or without…	/ˈpɹɛd͡ʒədɪs/
9673	placing	To put in a specific location	/ˈpleɪsɪŋ/
9674	flare	A sudden bright light	/flɛɚ̯/
9675	milky	Resembling milk in color, consistency, smell, etc.;…	/ˈmɪlki/
9676	premiere	The first showing of a film, play or other form of…	/pɹəˈmɪɚ/
9677	glamorous	Having glamour; stylish, attractive	/ˈɡlæmɚɹəs/
9678	cinnamon	A small evergreen tree native to Sri Lanka and southern…	/ˈsɪəmən/
9679	referee	An umpire or judge; an official who makes sure the rules…	/ˌɹɛf.əˈɹi/
9680	threshold	The lowermost part of a doorway that one crosses to enter;…	/ˈθɹɛʃ.hoʊld/
9681	civilisation	UK, Ireland, Australia, New Zealand, South Africa, Hong…	/ˌsɪv.ɪ.lɪˈzeɪ.ʃən/
9682	sensor	A device or organ that detects certain external stimuli and…	/ˈsɛn.sɚ/
9683	tends	To make a tender of; to offer or tender	/tɛndz/
9684	savages	An aggressively defiant person	/ˈsævɪd͡ʒɪz/
9685	torpedo	An electric ray of the genus Torpedo	/ˌtoɹˈpi.doʊ/
9686	ere	A contraction of is, there, and the indefinite article.…	/ɛɚ/
9687	housewife	A woman whose main employment is homemaking, maintaining…	/ˈhaʊs.waɪf/
9688	tours	A journey through a particular building, estate, country,…	/ˈtʊɹz/
9689	fossil	The mineralized remains of an animal or plant	/ˈfɑsl̩/
9690	replied	To give a written or spoken response, especially to a…	/ɹɪˈplaɪd/
9691	abdomen	The belly, or that part of the body between the thorax and…	/ˈæb.də.mən/
9692	soak	To be saturated with liquid by being immersed in it	/soʊk/
9693	contestants	A participant in a contest; specifically, a person who…	/kənˈtɛstənts/
9694	stretching	The act by which something is stretched	/ˈstɹɛt͡ʃɪŋ/
9695	princes	Someone who is preeminent in their field; a great person	/ˈpɹɪnsɪz/
9696	bumps	The ritual tossing of someone into the air to celebrate…	/bʌmps/
9697	educational	Of, or relating to education	/ˌɛd͡ʒ.əˈkeɪ.ʃə.nəl/
9698	outfits	A set of clothing	/ˈaʊtfɪts/
9699	resurrection	The act of arising from the dead and becoming alive again	/ɹɛzəˈɹɛkʃən/
9700	latte	A drink of coffee made from espresso and steamed milk,…	/ˈlɑ.teɪ/
9701	politically	In a political manner	/pəˈlɪɾɪkli/
9702	pratt	An often-made but previously debunked argument	/ˈpɹæt/
9703	whoosh	A breathy sound like that of an object passing at high speed	/ʍʊʃ/
9704	ds	Clipping of dick	/ˌdiːˈɛs/
9705	wiser	Showing good judgement or the benefit of experience	/ˈwaɪzɚ/
9706	rejection	The act of rejecting	/ɹɪˈd͡ʒɛkʃən/
9707	clutch	To seize, as though with claws	/ˈklʌt͡ʃ/
9708	fusion	The act of merging separate things, or the result thereof	/ˈfjuː.ʒən/
9709	gloomy	Not very illuminated; dim because of darkness, especially…	/ˈɡlumi/
9710	madly	without reason or understanding; wildly	/ˈmædli/
9711	cocktails	A mixed alcoholic beverage	/ˈkɑːkteɪlz/
9712	lighthouse	A tower or other structure exhibiting a light or lights to…	/ˈlaɪthaʊs/
9713	treatments	The process or manner of treating someone or something	/ˈtɹiːtmənts/
9714	chronic	Of a problem, that continues over an extended period of time	/ˈkɹɒn.ɪk/
9715	fluids	Any substance which can flow with relative ease, tends to…	/ˈfluːɪdz/
9716	deleted	Having been deleted or eliminated; absent from the final…	/ˈdᵻliːɾᵻd/
9717	sustain	To maintain, or keep in existence	/səˈsteɪn/
9718	buyers	A person who makes one or more purchases	/ˈbaɪɚz/
9719	valet	A man's personal male attendant, responsible for his…	/ˈvæleɪ/
9720	nobel	A Nobel Prize	/noʊˈbɛl/
9721	sank	To descend or submerge into a liquid or similar substance	/ˈseɪ̯ŋk/
9722	southeast	Towards or in the direction of the southeast; southeastwards	/sawˈθɪjst/
9723	condemn	To strongly criticise or denounce; to excoriate	/kənˈdɛm/
9724	resemblance	The quality or state of resembling	/ɹəˈzɛmbləns/
9725	suicidal	Pertaining to suicide	/ˌsu.əˈsaɪ.dəl/
9726	wed	To perform the marriage ceremony for; to join in matrimony	/ˈwɛd/
9727	packages	Something which is packed, a parcel, a box, an envelope	/ˈpækɪdʒᵻz/
9728	taped	To bind with adhesive tape	/ˈteɪpt/
9729	avatar	An incarnation of a deity, particularly Vishnu	/ˈæv.ə.tɑɹ/
9730	wireless	Not having any wires	/ˈwaɪ(jə)ɹ.ləs/
9731	paddle	A single-bladed version is typically used on canoes and…	[ˈpʰæ.ɾɫ̩]
9732	lice	louse	/laɪs/
9733	tablets	A slab of clay, stone or wood used for inscription	/ˈtæbləts/
9734	spreads	The act of spreading	/ˈspɹɛdz/
9735	itch	A sensation felt on an area of the skin that causes a…	/ɪt͡ʃ/
9736	gibberish	Speech or writing that is unintelligible, incoherent or…	/ˈd͡ʒɪ.bə.ɹɪʃ/
9737	ingredient	One of the substances present in a mixture, especially food	/ɪnˈɡɹiːdi.ənt/
9738	prevented	To stop; to keep from	/pɹɪˈvɛntɪd/
9739	withdrawal	Receiving from someone's care what one has earlier…	/ˈwɪθˌdɹɔːl/
9740	porno	Pornographic	/ˈpɔːnəʊ/
9741	pry	To peer closely and curiously, especially at something…	/pɹaɪ/
9742	sexuality	The quality of being sexual; that which is characterized or…	/sɛk.ʃuˈæ.lə.ti/
9743	br	Belarusian	/ˌbiːˈɑːɹ/
9744	oh-oh	Alternative form of uh-oh	/ˈɒ.əʊ/
9745	considerate	Consciously thoughtful and observant	/kənˈsɪdəɹət/
9746	sovereign	Exercising power of rule	/ˈsɑv(ə)ɹɪn/
9747	pas	Father, papa	/pɑː/
9748	voicemail	A computerized interactive system for storing, processing…	/ˈvɔɪsmeɪl/
9749	cadet	A student at a military school who is training to be an…	/kəˈdɛt/
9750	clarify	To make or become clear or bright by freeing from…	/ˈklæɹ.ɪ.faɪ/
9751	immature	Not fully formed or developed; not grown	/ɪməˈtjʊə(ɹ)/
9752	t-shirts	A lightweight shirt without buttons, usually with short…	/ˈtiːˈʃɜːts/
9753	marguerite	An oxeye daisy	/ˌmɑɹ.ɡəˈɹit/
9754	banished	Having been subject to banishment; kicked out and forbidden…	/ˈbænɪʃt/
9755	chemo	Clipping of chemotherapy	/ˈkimoʊ/
9756	dairy	Products produced from milk	/ˈdɛə.ɹi/
9757	attach	To fasten, to join to	/əˈtæt͡ʃ/
9758	sliding	The motion of something that slides	/ˈslaɪdɪŋ/
9759	spectacle	An exciting or extraordinary scene, exhibition, performance…	/ˈspɛktəkl̩/
9760	pushes	A short, directed application of force; an act of pushing	/ˈpʊʃᵻz/
9761	yin	The number one, primarily used in Scotland and Ulster	/jɪn/
9762	delusional	Suffering from delusions; having false or faulty beliefs	/dɪˈluːʒənəl/
9763	allegiance	Loyalty or commitment to a cause, group, nation or of a…	/əˈliː.d͡ʒəns/
9764	slope	A surface that either inclines or declines in a regular…	/sloʊp/
9765	pooja	Alternative form of puja	/ˈpuːdʒə/
9766	awareness	The state or level of consciousness where sense data can be…	/əˈwɛɹ.nəs/
9767	decker	One who, or that which, decks or adorns; a coverer	/ˈdɛkə(ɹ)/
9768	dino	A dinosaur	/ˈdaɪnoʊ/
9769	roaming	An instance of wandering	/ˈɹoʊmɪŋ/
9770	shores	Land adjoining a non-flowing body of water, such as an…	/ʃɔɹz/
9771	competitors	A person or organization against whom one is competing	/kəmˈpɛɾɪɾɚz/
9772	overreacting	To react too much or too intensely	/ˌoʊvɚɹɪˈæktɪŋ/
9773	observing	observation	/əbˈzɝvɪŋ/
9774	paste	One of flour, fat, or similar ingredients used in making…	/ˈpɑsteɪ/
9775	wits	Senses	/wɪts/
9776	fiery	Of or relating to fire	/ˈfaɪəɹi/
9777	typically	In a typical or common manner	/ˈtɪpɪkli/
9778	eclipse	An alignment of astronomical objects whereby one object…	/ɪˈklɪps/
9779	produces	To bring forth, to yield, make, manufacture, or otherwise…	/pɹəˈdusɪz/
9780	oysters	Any of certain marine bivalve mollusks, especially those of…	/ˈɔɪ.stɚz/
9781	scraping	The sound or action of something being scraped	/ˈskɹeɪpɪŋ/
9782	pros	An advantage of something, especially when contrasted with…	/pɹoʊz/
9783	impose	To apply, enforce, or establish with authority	/ɪmˈpoʊz/
9784	revenue	The income returned by an investment	/ˈɹɛvənˌju/
9785	alabama	An indigenous Muscogee people of central Alabama	/ˌæl.əˈbæm.ə/
9786	departed	Having gone away	/dɪˈpɑɹtɪd/
9787	user	One who uses or makes use of something, a consumer or…	/ˈjuzɚ/
9788	cracker	A dry, thin, crispy baked bread	/ˈkɹækə(ɹ)/
9789	hu	they . Gender-neutral third-person singular subject…	/ˈhuː/
9790	undoubtedly	Without doubt; definitely	/ʌnˈdaʊtɪdli/
9791	mozart	By analogy with Wolfgang Amadeus Mozart, a musical virtuoso	/ˈmoʊtsɑɹt/
9792	dent	A shallow deformation in the surface of an object, produced…	/dɛnt/
9793	charmed	Under a magic spell; bewitched	/t͡ʃɑɹmd/
9794	spiral	A curve that is the locus of a point that rotates about a…	/ˈspaɪɚɹəl/
9795	scans	Of written things, a careful reading	/ˈskænz/
9796	hmmm	Elongated form of hmm	/hm̩ː/
9797	ka	The aspect of a person’s soul or being that sustains their…	/kɑː/
9798	rumour	UK, Canada, New Zealand, Australia, and Ireland spelling of…	/ˈɹumɚ/
9799	touchdown	A six-point score occurring when the ball enters possession…	/ˈtʌt͡ʃ.daʊn/
9800	posh	Associated with the upper classes	/pɑʃ/
9801	correction	The act of correcting	/kəˈɹɛkʃən/
9802	chubby	Of a person: slightly overweight, somewhat fat, and hence…	/ˈt͡ʃʌbi/
9803	manifest	Evident to the senses, especially to the sight; apparent;…	/ˈmæn.ɪ.fɛst/
9804	safest	Not in danger; out of harm's reach	/ˈseɪfɪst/
9805	steroids	A class of organic compounds having a structure of…	/ˈstɛɹɔɪdz/
9806	fleeing	The act of one who flees	/ˈfliːɪŋ/
9807	genie	A jinn, a being descended from the jann, normally invisible…	/ˈd͡ʒiː.ni/
9808	dakota	A member of the Dakota people	/dəˈkəʊtə/
9809	witchcraft	The practice of witches; magic, sorcery, or the use of…	/ˈwɪt͡ʃkɹæft/
9810	archives	A repository or other place for storing material no longer…	/ˈɑːɹkaɪvz/
9811	trance	A dazed or unconscious condition	/tɹæns/
9812	symphony	An extended piece of music of sophisticated structure,…	/ˈsɪm.fə.ni/
9813	traumatic	Of, caused by, or causing trauma	/tɹɔˈmætɪk/
9814	skipping	The act by which something is skipped or omitted	/ˈskɪpɪŋ/
9815	frequent	Done or occurring often; common	/ˈfɹiː.kwənt/
9816	modeling	To display an item on one's body for others to see the…	/ˈmɑːdəlɪŋ/
9817	sporting	Pertaining to sports	/ˈspɔɹtɪŋ/
9818	affecting	Producing or causing strong feelings and emotions	/əˈfɛktɪŋ/
9819	spacecraft	A vehicle that travels through space	/ˈspeɪsˌkɹæft/
9820	negotiation	The process of achieving agreement through discussion	/nɪˌɡoʊ.ʃiˈeɪ.ʃən/
9821	talbot	An mks unit of luminous energy, exactly corresponding to…	/ˈtælbɑːt/
9822	reno	Clipping of renovation	/ˈɹɛnoʊ/
9823	calculate	To determine the value of something or the solution to…	/ˈkælkjʊleɪt/
9824	fiddle	A violin, a small unfretted stringed instrument with four…	/ˈfɪdl̩/
9825	sails	The sailmaker on board ship	/seɪlz/
9826	stein	A beer mug, usually made of ceramic or glass	/staɪn/
9827	persistent	Obstinately refusing to give up or let go	/pɚˈsɪstənt/
9828	despicable	Fit or deserving to be despised; contemptible; mean	/dɪˈspɪkəbəl/
9829	bruise	To strike, originally with something flat or heavy, but now…	/bɹuz/
9830	escapes	The act of leaving a dangerous or unpleasant situation	/ɛsˈkeɪps/
9831	mischief	Conduct that playfully causes petty annoyance	/ˈmɪs.t͡ʃɪf/
9832	cupcakes	A small cake baked in a usually paper container shaped like…	/ˈkʌpkeɪks/
9833	brussels	A Brussels carpet	/ˈbɹʌsəlz/
9834	arc	That part of a circle which a heavenly body appears to pass…	/ɑɹk/
9835	ripper	Something that rips something else	/ˈɹɪpɚ/
9836	vitamins	Any of a specific group of organic compounds essential in…	/ˈvaɪɾəmɪnz/
9837	cognac	A brandy distilled from white wine in the region around…	/ˈkɒn.jæk/
9838	careers	One’s calling in life; one's working occupation or…	/kɚˈɹɪɹz/
9839	sim	Clipping of simulation	/sɪm/
9840	caps	Capital letters; capitals	/kæps/
9841	imbecile	A fool, an idiot	/ˈɪmbəsɪl/
9842	steaks	Beefsteak: a slice of beef, broiled or cut for broiling	/steɪks/
9843	cove	A hollow in a rock; a cave or cavern	/koʊv/
9844	lair	A place inhabited by a wild animal, often a cave or a hole…	/ˈlɛɚ/
9845	directing	To manage, control, steer	/ˈdᵻɹɛktɪŋ/
9846	stepfather	The husband of one's biological mother after her initial…	/ˈstɛpfɑːðɚ/
9847	slammed	Very busy with work	/ˈslæmd/
9848	viral	Of or relating to a biological virus	/ˈvaɪɹəl/
9849	congregation	The act of congregating or collecting together	/ˌkɑŋɡɹəˈɡeɪʃən/
9850	illinois	A member of the above-mentioned tribe	/ˌɪləˈnɔɪ/
9851	helicopters	An aircraft that is borne along by one or more sets of long…	/ˈhɛlɪˌkɑːptɚz/
9852	coco	Coconut palm	/ˈkoʊ.koʊ/
9853	crisp	Having a consistency which is hard yet brittle, and in a…	/ˈkɹɪsp/
9854	outrage	An excessively violent or vicious attack; an atrocity	/ˈaʊt.ɹeɪd͡ʒ/
9855	flexible	Capable of being flexed or bent without breaking; able to…	/ˈflɛk.sɪ.bəl/
9856	goo	Any semi-solid or liquid substance; especially one that is…	/ɡuː/
9857	licking	The act by which something is licked	/ˈlɪkɪŋ/
9858	funk	Foul or unpleasant smell, especially body odor	/fʌŋk/
9859	ice-cream	Alternative spelling of ice cream	/ˈaɪsˈkɹiːm/
9860	prefers	To be in the habit of choosing something rather than…	/pɹɪˈfɜːz/
9861	tao	The art or skill of doing something in harmony with the…	/daʊ/
9862	captive	One who has been captured or is otherwise confined	/ˈkæptɪv/
9863	zen	Of or related to Zen Buddhism	/ˈzɛn/
9864	cee	Something shaped like the letter C, such as a cee spring	/ˈsiː/
9865	knuckles	Any of the joints between the bones of the fingers	/ˈnʌkəlz/
9866	canteen	A water bottle, flask, or other vessel, typically used by a…	/kænˈtin/
9867	credibility	A reputation impacting one's ability to be believed	/kɹɛd.əˈbɪ.ɫɪ.ti/
9868	disconnected	That is no longer connected	/ˌdɪskəˈnɛktəd/
9869	flats	An area of level ground	/ˈflæts/
9870	controversial	Arousing or likely to arouse controversy	/ˌkɑn.tɹəˈvɝ.ʃəl/
9871	enthusiastic	With zealous fervor; excited, motivated	/ɪnˌθuːziˈæstɪk/
9872	cork	The dead protective tissue between the bark and cambium in…	/kɔɹk/
9873	priorities	An expression, chiefly unfriendly, remarking disagreement…	/pɹaɪˈɔɹ.(ə.)tiz/
9874	acute	Brief, quick, short	/əˈkjut/
9875	icy	Pertaining to, resembling, or abounding in ice; cold; frosty	/ˈaɪsi/
9876	wormhole	A hole burrowed by a worm	/ˈwɝmˌhoʊl/
9877	flyer	Clandestine, surreptitious	/ˈflaɪə(ɹ)/
9878	bladder	A flexible sac that can expand and contract and that holds…	/ˈblædɚ/
9879	caretaker	Someone who takes care of a place or thing; someone looking…	/ˈkɛɹˌteɪ.kɚ/
9880	pep	To inject with energy and enthusiasm	/pɛp/
9881	roommates	A person with whom one shares a room, as in a dormitory,…	/ˈɹuːmeɪts/
9882	programming	To enter a program or other instructions into to instruct…	/ˈpɹoʊɡɹæmɪŋ/
9883	grape	A small, round, smooth-skinned edible fruit, usually…	/ɡɹeɪp/
9884	astronauts	A member of the crew of a spaceship or other spacecraft…	/ˈæstɹəˌnɔːts/
9885	drained	Lacking motivation and energy; very tired; knackered	/dɹeɪnd/
9886	metallic	Of, relating to, or characteristic of metal	/məˈtæl.ɪk/
9887	seldom	Infrequently, rarely	/ˈsɛldəm/
9888	destroys	To damage beyond use or repair; to damage to the point that…	/ˈdᵻstɹɔɪz/
9889	riders	An old Dutch gold coin with the figure of a man on…	/ˈɹaɪdɚz/
9890	poetic	Relating to poetry	/poʊˈɛtɪk/
9891	hacking	Short and interrupted, broken, jerky; hacky	/ˈhækɪŋ/
9892	transported	subjected to transportation	/tɹænzˈpɔɹtɪd/
9893	contaminated	adulterated; impure	/kənˈtæmᵻˌneɪɾᵻd/
9894	duct	A pipe, tube or canal which carries gas or liquid from one…	/dʌkt/
9895	dimensions	A single aspect of a given thing	/dɪˈmɛn.ʃənz/
9896	insensitive	Expressing or feeling little or no concern, care,…	/ɪnˈsɛnsɪtɪv/
9897	echoes	A reflected sound that is heard again by its initial…	/ˈɛkoʊz/
9898	initiate	To begin; to start	/ɪˈnɪʃ.i.eɪt/
9899	nonetheless	Nevertheless	/ˌnʌnðəˈlɛs/
9900	grinding	The action of grinding together or crushing into small…	/ˈɡɹaɪnd.ɪŋ/
9901	composition	The act of putting together; assembly	/ˌkɑm.pəˈzɪʃ.ən/
9902	adjourned	Having been adjourned; suspended or paused	/ɐdˈʒɜːnd/
9903	indulge	To yield to a temptation or desire	/ɪnˈdʌld͡ʒ/
9904	wrench	A movement that twists or pulls violently; a tug	/ˈɹɛnt͡ʃ/
9905	flaw	A crack or breach, a gap or fissure; a defect of continuity…	/flɑ/
9906	messiah	The one who is ordained by God to lead the people of…	/məˈsaɪ.ə/
9907	concluded	To end; to come to an end	/kənˈkluː.dɪd/
9908	accustomed	Familiar with something through repeated experience;…	/əˈkʌs.təmd/
9909	napkin	A serviette; a piece of cloth or paper used at the table…	/ˈnæpˌkɪn/
9910	doorway	The passage of a door; a door-shaped entrance into a house…	/ˈdɔɹweɪ/
9911	muddy	Covered or splashed with, or full of, mud	/ˈmʌdi/
9912	saturn	A car of the former Saturn brand by GM	/ˈsæt.ɚn/
9913	intentionally	In an intentional manner; on purpose	/ɪnˈtɛn(t)ʃənəli/
9914	chiming	An instance of chiming; a sound that chimes	/ˈt͡ʃaɪmɪŋ/
9915	canned	To know how to	/kænd/
9916	appearing	To come or be in sight; to be in view; to become visible	/əˈpɪəɹ.ɪŋ/
9917	ballistics	The science of objects that predominantly fly under the…	/bəˈlɪst.ɪks/
9918	nicked	To make a nick or notch in; to cut or scratch in a minor way	/nɪkt/
9919	suction	A force which pushes matter from one space into another…	/ˈsʌkʃən/
9920	hideout	A place to hide	/ˈhaɪdˌaʊt/
9921	startled	Surprised and slightly frightened	/ˈstɑɹt.l̩d/
9922	replacing	To restore to a former place, position, condition, etc.; to…	/ˈɹᵻpleɪsɪŋ/
9923	solemn	Of or pertaining to religious ceremonies and rites;…	/ˈsɑləm/
9924	pillows	A soft cushion used to support the head in bed	/ˈpɪloʊz/
9925	submitted	To yield or give way to another	/səbˈmɪtɪd/
9926	francesca	Alternative form of francisca	/ˈfɹæntʃɛskə/
9927	override	To ride across or beyond something	/oʊ.vɚˈɹaɪd/
9928	carver	Someone who carves; an artist who produces carvings	/ˈkɑɹvɚ/
9929	lea	An open field, meadow, pasture	/liː/
9930	mosquito	A small flying insect of the family Culicidae, the females…	/məsˈki.toʊ/
9931	fragrance	A pleasant smell or odour	/ˈfɹeɪɡɹən(t)s/
9932	pennies	In the United Kingdom, a unit of currency worth ¹⁄₁₀₀ of a…	/ˈpɛn.iːz/
9933	detained	Delayed or held back; kept from proceeding	/dɪˈteɪnd/
9934	meadow	A field or pasture; a piece of land either intentionally…	/ˈmɛd.oʊ̯/
9935	chopping	The action by which something is chopped; the act of…	/ˈtʃɑːpɪŋ/
9936	satellites	A moon or other smaller body orbiting a larger one	/ˈsæɾəˌlaɪts/
9937	cables	A strong, large-diameter wire or rope, or something…	/ˈkeɪ.bəlz/
9938	youngsters	A young person	/ˈjʌŋstɚz/
9939	needy	In need; poor	/ˈniːdi/
9940	refugee	A person seeking refuge, especially in a foreign country,…	/ˈɹɛfjʊd͡ʒiː/
9941	whitey	A white person, a person of Western European descent	/ˈwaɪti/
9942	inhabitants	Someone or thing who lives in a place	/ɪnˈhæbɪtənts/
9943	break-in	The act of entering a place with the intent to steal or…	/ˈbɹeɪkˌɪn/
9944	harassing	Characterized by harassment; pestering, intimidating,…	/hɚˈɹæsɪŋ/
9945	ro	Initialism of reverse osmosis	/ˈɹoʊ/
9946	interpretation	An act of interpreting or explaining something unclear; a…	/ɪnˌtɝpɹəˈteɪʃən/
9947	burying	To kill or murder	/ˈbɛɹiɪŋ/
9948	bree	The brow; forehead	/bɹiː/
9949	incomplete	Not complete; not finished	/ɪn.kəmˈpliːt/
9950	blimey	Used to express anger, excitement, surprise, etc	/ˈblaɪmi/
9951	titan	Something or someone of very large stature, greatness, or…	/ˈtaɪtən/
9952	retard	A retardation; a delay	/ɹɪˈtɑɹd/
9953	dilemma	A circumstance in which a choice must be made between two…	/daɪˈlɛmə/
9954	mutt	A mongrel dog; an animal of mixed breed or uncertain origin	/mʌt/
9955	prominent	Standing out, or projecting; jutting; protuberant	/ˈpɹɑmɪnənt/
9956	temples	A house of worship dedicated to a polytheistic faith	/ˈtɛmpl̩z/
9957	hoover	A vacuum cleaner of the Hoover brand	/ˈhuvɚ/
9958	temp	Clipping of temperature	/tɛmp/
9959	consul	An official residing in major foreign towns to represent…	/ˈkɑn.səl/
9960	hairdresser	A person who cuts or styles hair as an occupation or…	/ˈhɛɹdɹɛsɚ/
9961	planting	To place in soil or other substrate in order that it may…	/ˈplæntɪŋ/
9962	drones	A male hymenopteran, whose sole primary function is to mate…	/dɹoʊnz/
9963	justified	Having a justification	/ˈd͡ʒʌstɪfaɪd/
9964	stuffing	To fill by packing or crowding something into; to cram with…	/ˈstʊfɪŋ/
9965	norwegian	A person of a North Germanic ethnic group native to…	/nɔɹˈwi.d͡ʒn̩/
9966	dork	A quirky, silly or stupid, socially inept person, or one…	/doɹk/
9967	stalling	The act of a person or thing that stalls	/ˈstɔːlɪŋ/
9968	birthdays	The anniversary of the day on which someone is born	/ˈbɜːθdeɪz/
9969	intimacy	Feeling or atmosphere of closeness and openness towards…	/ˈɪn.tɪ.mə.si/
9970	tucked	To pull or gather up	/ˈtʌkt/
9971	examiner	A person who investigates someone or something	/əɡˈzæmɪnɚ/
9972	qualify	To describe or characterize something by listing its…	/ˈkwɒl.ɪ.faɪ/
9973	imminent	About to happen, occur, or take place very soon, especially…	/ˈɪmɪnənt/
9974	masked	To cover, in order to conceal the identity or protect…	/mæskt/
9975	diesel	A fuel derived from petroleum but heavier than…	/ˈdisəl/
9976	meditation	A devotional exercise of, or leading to, contemplation	/mɛdɪˈteɪʃn̩/
9977	bulk	Size, specifically, volume	/bʌlk/
9978	prosecute	To start criminal proceedings against	/ˈpɹɒsɪkjuːt/
9979	mumbles	A quiet or unintelligible vocalization; a low tone of voice	/ˈmʌmbəlz/
9980	defined	Having a definition or value	/dɪˈfaɪnd/
9981	paw	The soft foot of a mammal or other animal, generally a…	/pɔ/
9982	default	The condition of failing to meet an obligation	/dɪˈfɔlt/
9983	crawled	To move by dragging one's body along or close to a surface,…	/ˈkɹɔːld/
9984	doughnuts	A deep-fried piece of dough or batter, usually mixed with…	/ˈdoʊnʌts/
9985	haunting	Remaining in the mind; not easily forgotten	/ˈhɔːntɪŋ/
9986	staircase	A flight of stairs; a stairway	/ˈstɛɹˌkeɪs/
9987	advances	A forward move; improvement or progression	/ɐdˈvænsᵻz/
9988	solutions	A homogeneous mixture, which may be liquid, gas or solid,…	/səˈluːʃənz/
9989	plaster	A paste applied to the skin for healing or cosmetic purposes	/ˈplæstɚ/
9990	proceedings	The course of procedure in the prosecution of an action at…	/pɹəˈsiːd.ɪŋz/
9991	amends	Compensation for an injury or loss; recompense; reparation	/əˈmɛndz/
9992	fraternity	The quality of being brothers or brotherly; brotherhood	/fɹəˈtɜɹnəti/
9993	cannons	A complete assembly, consisting of an artillery tube and a…	/ˈkænənz/
9994	armored	Clad or equipped with arms or armor	/ˈɑɹmɚd/
9995	colonies	A geographical area under the remote control of a country;…	/ˈkɒləniz/
9996	birdie	A bird; especially, a small and cute one	/ˈbɝ.di/
9997	volcanic	Of or pertaining to a volcano or volcanoes	/vɔlˈkænɪk/
9998	cleopatra	A woman of great seductive beauty	/kliːoʊˈpætɹə/
9999	carve	To cut meat in order to serve it	/kɑɹv/
10000	fishermen	Any person who attempts to catch fish	/ˈfɪʃɚmən/
