rank	word	english	ipa
1	ir	additive conjunction used to join several similar sentence…	[ir]
2	es	I; first person pronoun, referring to the speaker	[ɛs]
3	tu	you; thou; second person pronoun, referring to the addressee	[tu]
4	un	additive conjunction used to link similar terms in a…	[ùn]
5	tas	that	[ˈtas]
6	ka	that; used to link a subordinate clause to the main clause,…	[ka]
7	man	to me; dative singular of es	/ˈman/
8	to	that; accusative singular masculine of tas	/ˈtuo/
9	vai	interrogative particle, used in either-or questions	/ˈʋai/
10	ko	who, what	/ˈkuo/
11	ar	with	/ˈar/
12	par	about, on	/ˈpar/
13	kas	who, what	/ˈkas/
14	tā	of that; genitive singular masculine of tas	[tāː]
15	kā	how	[ˈkâː]
16	viņš	he; third person pronoun, referring to someone other than…	[ˈviɲʃ]
17	tev	to you; dative singular of tu	/teu/
18	jā	used as a noun, generally with teikt or sacīt, to indicate…	[jàː]
19	uz	on, onto	/ˈuz/
20	no	from	/ˈnuo/
21	mēs	we; first person pronoun, referring to the speaker and…	[mɛ̄ːs]
22	nav	is not; third-person singular present indicative of nebūt	/nau/
23	labi	well; adverbial form of labs	/lɑbi/
24	nē	used instead of a negative verb form; no, ...not	/ˈneː/
25	bet	adversative conjunction, used to express contrast or…	[bɛt]
26	jūs	you; accusative plural of jūs	[juːs]
27	lai	with the conditional, indicating purpose, sometimes cause;…	[laî]
28	ja	if	/ˈja/
29	viņa	his; genitive singular masculine of viņš	/ˈʋiɲa/
30	mani	me; accusative singular of es	/ˈmani/
31	bija	was; third-person singular past indicative of būt	/ˈbija/
32	viņu	him; accusative singular of viņš	/ˈʋiɲu/
33	esmu	am; first-person singular present indicative of būt	[ˈæsmu]
34	esi	are; second-person singular present indicative of būt	/ˈesi/
35	tevi	you; accusative singular of tu	/ˈteʋi/
36	mums	to us; dative plural of mēs	/ˈmums/
37	ne	not	/ˈne/
38	tikai	referring to other possibilities, alternatives; not only,…	/ˈtikai/
39	tad	then	/ˈtad/
40	viņi	they; third person pronoun, referring to people other than…	/ˈʋiɲi/
41	kad	when	/ˈkad/
42	jums	to you; dative plural of jūs	/ˈjums/
43	arī	as well as	[aɾîː]
44	viss	all, everything, anything	[vis]
45	pie	at	[ˈpìɛ̯]
46	kur	where? in what place?	[kùɾ]
47	nu	well	/ˈnu/
48	vēl	yet; again; in addition	[ˈvɛ̂ːl]
49	tik	so	/ˈtik/
50	jau	used to indicate that an action or event has started,…	[ˈjàu̯]
51	tur	used to indicate an unnamed location relatively far from…	[tùɾ]
52	te	here	/ˈte/
53	kaut	Links parts of a sentence and expresses a wish	[ˈkaû̯t]
54	būs	will be; third-person singular future indicative of būt	/ˈbuːs/
55	paldies	thank you	/pɑldies/
56	visu	all, whole, entire	/ˈʋisu/
57	viņam	to him; dative singular of viņš	/ˈʋiɲam/
58	tagad	now	[taɡat]
59	pēc	after, afterwards, later, later on	[pɛː̂ts]
60	šeit	here	[ʃɛît]
61	kāpēc	why? for what reason? for what purpose?	[ˈkâːpêːts]
62	būtu	to be, to exist	/ˈbuːtu/
63	ļoti	used to intensify the meaning of the word it accompanies;…	[ʎùoti]
64	savu	own; used with all persons	/ˈsaʋu/
65	mūsu	our, ours, of us; genitive plural of mēs	[ˈmuːsu]
66	lūdzu	please	/ˈluːdzu/
67	taču	but, but also; adversative conjunction, used to express…	[ˈtat͡ʃu]
68	šo	this; accusative singular masculine of šis	/ˈʃuo/
69	gan	both, and	/ˈɡan/
70	mans	my, mine	/ˈmans/
71	ak	used to give an interjectional flavor to an utterance,…	/ˈak/
72	kāds	what, what kind	[kɑ̟ːt̪s̪]
73	jūsu	your, yours, of you; genitive plural of jūs	/ˈjuːsu/
74	zinu	to know	/ˈzinu/
75	daudz	much, a lot; adverbial form of daudzi	[ˈdāū̯d͡z]
76	jo	because	/ˈjuo/
77	varbūt	Used to express possibility, probability; perhaps, maybe,…	/ˈʋarbuːt/
78	esam	are; first-person plural present indicative of būt	[ˈæsːam]
79	kungs	gentleman	[ˈkùŋks]
80	cik	how	/ˈt͡sik/
81	zini	to know	/ˈzini/
82	tās	that	/ˈtaːs/
83	mana	my, mine	/ˈmana/
84	tiešām	really	/ˈtieʃaːm/
85	esat	are; second-person plural present indicative of būt	[ˈæsːat]
86	domāju	first-person singular present/past indicative of domāt	/duɔmaːju/
87	pa	on	/ˈpa/
88	var	can; to be able to	/ˈʋar/
89	varētu	can; to be able to	/ˈʋaræːtu/
90	būt	to be, to exist	[ˈbûːt]
91	tam	to that; dative singular masculine of tas	/ˈtam/
92	tāpēc	used, together with lai, to indicate intention or purpose;…	/ˈtaːpeːt͡s/
93	visi	all, whole, entire	/ˈʋisi/
94	nezinu	to not know; negative form of zināt	/ˈnezinu/
95	šī	of this; genitive singular masculine of šis	/ˈʃiː/
96	nekad	never	/neˈkad/
97	viens	one	[ˈviɛ̯̂ns]
98	līdz	till	/ˈliːdz/
99	pat	even	/ˈpat/
100	aiziet	to leave, to go away, to escape	/ˈaiziet/
101	gribu	to want	/ˈɡribu/
102	manu	my, mine	/ˈmanu/
103	varu	power	/ˈʋaru/
104	gribi	to want	/ˈɡribi/
105	kurš	which, who	/ˈkurʃ/
106	kopā	together	[ˈkuō.paː]
107	tie	those; nominative plural masculine of tas	/ˈtie/
108	neesmu	am not; first-person singular present indicative of nebūt	/ˈneesmu/
109	dievs	god	[ˈdìɛws]
110	prom	away	/ˈpruom/
111	domā	thought	/ˈduomaː/
112	pirms	before	/ˈpirm̩s/
113	vairs	any more, anymore	/ˈʋairs/
114	neko	nothing	/neˈkuo/
115	viņiem	to them; dative plural of viņi	/ˈʋiɲiem/
116	protams	which can or should be known; indefinite present passive…	/ˈpruotams/
117	vien	only	/ˈʋien/
118	šis	this	[ˈʃis̪]
119	kādu	what, what kind	/ˈkaːdu/
120	vajag	to be necessary, to be needed, to be desired	/ˈʋa`ja`ɡ/
121	mūs	us; accusative plural of mēs	/ˈmuːs/
122	kārtībā	ok	/ˈkaːrtiːbaː/
123	tieši	directly	/ˈtieʃi/
124	tava	your, yours	/ˈtaʋa/
125	atpakaļ	back	/ˈatpakaʎ/
126	viņai	to her; dative singular of viņa	/ˈʋiɲai/
127	nāc	to come	/ˈnaːt͡s/
128	tavs	your, yours	/ˈtaʋs/
129	vienu	one	/ˈʋieːnu/
130	nekas	nothing	/neˈkas/
131	patīk	to like	/ˈpatiːk/
132	vairāk	more	/ˈʋairaːːk/
133	notiek	to happen	/ˈnuotiek/
134	pats	self	[ˈpat͡s]
135	vienmēr	always; permanently; constantly; at any time	[ˈviɛ̯̂nmǣːɾ]
136	viņas	her, of her; genitive singular of viņa	/ˈʋiɲas/
137	nevaru	to not be able to; negative form of varēt	/ˈneʋaru/
138	vari	can; to be able to	/ˈʋari/
139	vienkārši	simply	/ˈʋieːnkaːrʃi/
140	tavu	your, yours	/ˈtaʋu/
141	dari	to do	/ˈdari/
142	bez	without	/ˈbez/
143	iet	to go, to walk	[iɛ̂t]
144	pret	against	/ˈpret/
145	ej	to go, to walk	/ˈej/
146	nebija	was not; third-person singular past indicative of nebūt	/ˈnebija/
147	labāk	better; adverbial form of labāks	/ˈlabaːːk/
148	dēļ	because of	[ˈdɛ̄ːʎ]
149	lieliski	great, wonderful, excellent, wonderfully, excellently;…	/ˈlielːiski/
150	kāda	what, what kind	/ˈkaːda/
151	teica	to say, to tell	/ˈteit͡sa/
152	biju	was; first-person singular past indicative of būt	/ˈbiju/
153	šķiet	to seem	/ˈʃciet/
154	laiku	time, era	/ˈlaiku/
155	nekā	than	/neˈkaː/
156	sveiks	safe; unharmed despite adverse circumstances	[svɛ̀jks]
157	mājās	house, dwelling	/ˈmaːjaːs/
158	tātad	so	/ˈtaːtad/
159	neviens	nobody	/neˈʋiens/
160	piedod	I'm sorry	/ˈpieduod/
161	zināt	to know	[zinâːt]
162	atkal	again	/ˈatkal/
163	iekšā	in, inside	/ˈiekʃaː/
164	laiks	time, era	[ˈɫāī̯ks̪]
165	nevar	to not be able to; negative form of varēt	/ˈneʋar/
166	pagaidi	to wait for a while	/ˈpaɡaidi/
167	viņus	them; accusative plural of viņi	/ˈʋiɲus/
168	ejam	to go, to walk	/ˈejam/
169	tāds	such	[ˈtâːt͡s]
170	trīs	three	[triːs]
171	teicu	first-person singular present/past indicative of teikt	/ˈteit͡su/
172	runā	to speak, to talk	/ˈrunaː/
173	manis	of me; genitive singular of es	/ˈmanis/
174	cilvēki	person, human being	/ˈt͡sillʋæːki/
175	ei	used to stimulate somebody's attention	/ˈei/
176	darīt	to do	[darîːt]
177	neesi	are not; second-person singular present indicative of nebūt	/ˈneesi/
178	pārāk	too	/ˈpaːraːːk/
179	labs	good following accepted moral rules, treating others in a…	/ˈlabs/
180	varam	being able to; adverbial object-of-perception present…	/ˈʋaram/
181	tevis	of you; genitive singular of tu	/ˈteʋis/
182	visiem	all, whole, entire	/ˈʋisiem/
183	sauc	to call, to cry	/sauts/
184	velns	the Devil; Satan	[ˈvǣlns]
185	cilvēks	person, human being	[ˈt͡sìlvǣːks]
186	draugs	friend	[drà͜ʊks̪]
187	laika	time, era	/ˈlaika/
188	sevi	-self, with -self; reflexive pronoun, accusative and…	/ˈseʋi/
189	ārā	out, outside	/ˈaːraː/
190	viena	one	/ˈʋieːna/
191	naudu	money	/ˈnaudu/
192	taisnība	justice	/taisniːbɑ/
193	tos	those; accusative plural masculine of tas	/ˈtuos/
194	tēvs	father	[ˈtǣːws]
195	skaidrs	clean, clear, bright, without clouds	[skāīdrs]
196	šurp	here	/ˈʃurp/
197	laikā	in time	/ˈlaikaː/
198	šodien	today	[ˈʃuɔ̯d̪iɛn̪]
199	notika	to happen	/nuotikɑ/
200	lietas	thing	/ˈlietas/
201	citu	another	/ˈt͡situ/
202	tajā	in that; locative singular masculine of tas	/ˈtajaː/
203	kuru	which, who	/ˈkuru/
204	atvainojiet	sorry	/ˈatʋaiːnuojiet/
205	teikt	to say, to tell	[tɛ̀ikt]
206	grib	to want	/ˈɡrib/
207	šīs	of this; genitive singular feminine of šis	/ˈʃiːs/
208	šajā	in this; locative singular masculine of šis	/ˈʃajaː/
209	nozīmē	meaning	/nuoziːmeː/
210	tādu	such	/ˈtaːdu/
211	dienu	day	/ˈdieːnu/
212	izskatās	to look	[isːkataːs]
213	kam	who, what	/ˈkam/
214	vecīt	pop	/ˈʋet͡siːt/
215	mīlu	love	/ˈmiːlu/
216	vajadzētu	to be necessary, to be needed, to be desired	/ˈʋa`ja`dzeːtu/
217	laikam	probably	/ˈlaikam/
218	žēl	used with verbs būt, tikt, tapt and kļūt to express pity	[ˈʒǣːl]
219	tāda	such	/ˈtaːda/
220	tāpat	just	/taːˈpat/
221	redzēt	to see	[ɾɛdzɛ̂ːt]
222	jābūt	to be, to exist	/ˈjaːbuːt/
223	bijis	having been; indefinite past active participle of būt	/ˈbijis/
224	noteikti	definitely	/ˈnuoteikti/
225	negribu	to not want; negative form of gribēt	/ˈneɡribu/
226	manas	my, mine	/ˈmanas/
227	tūlīt	at once	/ˈtuːliːt/
228	kādēļ	why	/ˈkaːdeːʎ/
229	iespējams	possible	/ˈiespeːjams/
230	divi	two	[divi]
231	savas	own; used with all persons	/ˈsaʋas/
232	kamēr	while	/ˈkameːr/
233	joprojām	still, on, forth	[jùoˈpɾuôjāːm]
234	tika	to arrive at	/ˈtika/
235	zina	to know	/ˈzina/
236	cilvēku	person, human being	/ˈt͡sillʋæːku/
237	palīdzēt	to help, to help out, to aid, to assist	[palīːdzɛ̂ːt]
238	visus	all, whole, entire	/ˈʋisus/
239	gatavs	ready	[ˈɡatːaws]
240	vietā	instead	/ˈʋietaː/
241	tikko	faintly	/ˈtikkuo/
242	saki	to say, tell	/ˈsaki/
243	nevajag	to not be necessary, to not be needed; negative form of…	/ˈneʋa`ja`ɡ/
244	ātrāk	faster, more quickly: adverbial form of ātrāks	/ˈaːtraːːk/
245	līdzi	used to indicate somebody move together with someone else	/ˈliːdzi/
246	pareizi	right, correct, rightly, correctly; adverbial form of…	/ˈpareizi/
247	ilgi	long; adverbial form of ilgs	/ˈillɡi/
248	ātri	fast, quick, quickly; adverbial form of ātrs	/ˈaːtri/
249	lieta	thing	[ˈlìɛta]
250	nebūtu	to not be; negative form of būt	/ˈnebuːtu/
251	redzi	to see	/ˈredzi/
252	manā	my, mine	/ˈmanaː/
253	darbu	work, job, business	/ˈdarbu/
254	sveiki	safe; unharmed despite adverse circumstances	/sveiki/
255	paskaties	to look	/ˈpaskaties/
256	vajadzīgs	necessary	/ˈʋa`ja`dziːɡs/
257	gadu	year	/ˈɡadu/
258	sveika	safe; unharmed despite adverse circumstances	/ˈsʋeika/
259	visas	all, whole, entire	/ˈʋisas/
260	jauki	nice, pleasant, nicely, pleasantly; adverbial form of jauks	/ˈjauki/
261	tiem	to those; dative plural masculine of tas	/ˈtiem/
262	beidz	to finish	/ˈbeidz/
263	noticis	to happen	/ˈnuotit͡sis/
264	saka	to say, tell	/ˈsaka/
265	nebūs	will not be; third-person singular future indicative of…	/ˈnebuːs/
266	dēls	son	[ˈdæ̂ːls]
267	katru	every	/ˈkatru/
268	mamma	mum	[ˈmamːa]
269	starp	used to locate an object in the space defined by two…	[staɾp]
270	galā	tip, end	/ˈɡalaː/
271	velna	the Devil; Satan	/ˈʋællna/
272	gandrīz	almost	/ˈɡaŋdriːz/
273	tiek	to arrive at	/ˈtiek/
274	droši	bravely, safely, surely; adverbial form of drošs	/ˈdruoʃi/
275	gribēju	to want	/ˈɡribeːju/
276	gadus	year	/ˈɡadus/
277	pateikt	to say	/ˈpateikt/
278	nedaudz	a little	/ˈnedaudz/
279	rokas	hand, arm	/ˈruokas/
280	vārdu	name	/ˈʋaːrdu/
281	lūk	look! there it is!	[ˈlūːk]
282	aiz	behind	[àjs]
283	ļauj	to allow	/ˈʎauj/
284	augšā	up, upward	/ˈauɡʃaː/
285	it	used to assign accentuation to expression	/ˈit/
286	gribētu	to want	/ˈɡribæːtu/
287	laba	good following accepted moral rules, treating others in a…	/ˈlaba/
288	biji	were; second-person singular past indicative of būt	/ˈbiji/
289	dienas	day	/ˈdieːnas/
290	sev	to -self; dative singular of sevi	/ˈseʋ/
291	skaties	to look at	/ˈskaties/
292	rīt	tomorrow	[ˈɾīːt]
293	teici	to say, to tell	/ˈteit͡si/
294	vārds	name	[vàːɾds]
295	dara	to do	/ˈdara/
296	kundze	gentleman	/ˈkuŋdze/
297	gadiem	year	/ˈɡadiem/
298	dod	to give	/ˈduod/
299	savā	own; used with all persons	/ˈsaʋaː/
300	liels	big, large	[ˈlīɛ̄ls]
301	diena	day	[ˈdìɛna]
302	lietu	thing	/ˈlietu/
303	būšu	will be; first-person singular future indicative of būt	/ˈbuːʃu/
304	dzīvi	living, alive; adverbial form of dzīvs	/ˈdziːʋi/
305	vietu	place, spot, site	/ˈʋietu/
306	klāt	to cover, to spread	/ˈklaːt/
307	pāris	pair	/ˈpaːris/
308	reizi	time	/ˈreizi/
309	vieta	place, spot, site	/ˈʋieta/
310	darba	work, job, business	/ˈdarba/
311	tēt	alternative form of tēti	/ˈteːt/
312	jāiet	to go, to walk	/ˈjaːiet/
313	mīļā	dear, cherished, beloved	/ˈmiːʎaː/
314	mazliet	a bit of	/maˈzliet/
315	vaļā	open	/ˈʋaʎaː/
316	darbs	work, job, business	[ˈdâɾps]
317	nevis	not	/ˈneʋis/
318	tavas	your, yours	/ˈtaʋas/
319	varat	can; to be able to	/ˈʋarat/
320	draugi	friend	/ˈdrauɡi/
321	drīz	soon	/ˈdriːz/
322	abi	both	[abi]
323	priekšā	in front of	/ˈpriekʃaː/
324	pasaulē	world	/ˈpasauleː/
325	runāt	to speak, to talk	/ˈrunaːt/
326	puiši	young man, youth, boy	/ˈpuiʃi/
327	tēti	father, dad	/ˈteːti/
328	ceru	to hope	/ˈt͡særu/
329	laukā	outside, outdoors	/ˈlaukaː/
330	labu	good following accepted moral rules, treating others in a…	/ˈlabu/
331	vīrs	husband	[vīːɾs]
332	visa	all, whole, entire	/ˈʋisa/
333	priekšu	front	/ˈpriekʃu/
334	nemaz	not at all	/neˈmaz/
335	atceries	to remember	/ˈatt͡series/
336	cilvēkiem	person, human being	/ˈt͡sillʋæːkiem/
337	redzēju	to see	/ˈredzeːju/
338	saprotu	to understand	/ˈsapruotu/
339	redzu	to see	/ˈredzu/
340	nāk	to come	/ˈnaːːk/
341	hei	hey	/ˈhei/
342	sapratu	to understand	/ˈsapratu/
343	saproti	to understand	/ˈsapruoti/
344	pasaules	world	/ˈpasaules/
345	divas	two	/ˈdiʋas/
346	atrast	to find	[atɾast]
347	tomēr	still	/ˈtuomeːr/
348	kopš	since	/ˈkuopʃ/
349	pasaki	to say to	/ˈpasaki/
350	atvaino	to accept someone's apology, to excuse, to forgive	/ˈatʋaiːnuo/
351	pāri	over	/ˈpaːri/
352	vajadzēja	to be necessary, to be needed, to be desired	/ˈʋa`ja`dzeːja/
353	grūti	difficult, tough, difficultly, with difficulty; adverbial…	/ˈɡruːti/
354	bērni	child	/ˈbæːrni/
355	nopietni	seriously; adverbial form of nopietns	/ˈnuopietni/
356	nevari	to not be able to; negative form of varēt	/ˈneʋari/
357	jādara	to do	/ˈjaːdara/
358	doties	to give oneself; reflexive of dot	/ˈduoties/
359	patiesībā	in truth, in fact, as a matter of fact	/ˈpatiesiːbaː/
360	saku	to say, tell	/ˈsaku/
361	nedomāju	first-person singular present/past indicative of nedomāt	/ˈneduomaːju/
362	diezgan	enough	/ˈdiezɡan/
363	nogalināt	to kill	/ˈnuoɡalinaːt/
364	tālāk	farther, further, more distant, more distantly; adverbial…	/ˈtaːlaːːk/
365	vēlreiz	again, once more, once again, one more time	[vɛ̂lreīz]
366	tikt	to arrive at	/ˈtikt/
367	pati	self	/ˈpati/
368	cauri	through; adverbial form of caurs	/ˈt͡sauri/
369	durvis	door	/ˈdurʋis/
370	miris	having died; indefinite past active participle of mirt	/ˈmiris/
371	naudas	money	/ˈnaudas/
372	redzējis	having seen; indefinite past active participle of redzēt	/ˈredzeːjis/
373	pilnīgi	complete, full, completely, fully; adverbial form of pilnīgs	/ˈpillniːɡi/
374	šovakar	tonight	/ˈʃuoʋakar/
375	lejā	down, downward; at, to the bottom, or a lower area; to the…	/ˈlejaː/
376	priekš	for	/ˈpriekʃ/
377	vienalga	all the same	/ʋieːˈnallɡa/
378	slikti	bad, badly; adverbial form of slikts	/ˈslikti/
379	ņem	to take; to seize with one's hands for some purpose	/ˈɲem/
380	kura	which, who	/ˈkura/
381	nost	away	/ˈnuost/
382	mašīnu	machine, machinery, mechanism	/ˈmaʃiːnu/
383	vismaz	at least	/ʋisˈmaz/
384	dzīve	life	/ˈdziːʋe/
385	roku	hand, arm	/ˈruoku/
386	nauda	money	[ˈnâwda]
387	meitene	girl	[ˈmɛî̯tɛnɛ]
388	vēlāk	later; adverbial form of vēlāks	/ˈʋæːlaːːk/
389	nespēju	first-person singular present/past indicative of nespēt	/ˈnespeːju/
390	nekādu	no	/neˈkaːdu/
391	tavā	your, yours	/ˈtaʋaː/
392	reiz	once	/ˈreiz/
393	atā	goodbye, bye-bye	/ˈataː/
394	prieks	joy, delight	[pɾiɛ̂ks]
395	pirmais	first	/ˈpirmais/
396	šie	these; nominative plural masculine of šis	/ˈʃie/
397	pašu	self	/ˈpaʃu/
398	vietas	place, spot, site	/ˈʋietas/
399	izdarīt	to do	/ˈizdariːt/
400	zemes	ground, land, mainland	/ˈzemes/
401	mājas	house, dwelling	/ˈmaːjas/
402	būsi	will be; second-person singular future indicative of būt	/ˈbuːsi/
403	piedodiet	I'm sorry	/ˈpieduodiet/
404	šejienes	here	/ˈʃejieːnes/
405	vēlies	having rolled; indefinite past active participle of velties	/ˈʋeːlies/
406	gribat	to want	/ˈɡribat/
407	mīļais	dear, cherished, beloved	/ˈmiːʎais/
408	acis	eye	/ˈat͡sis/
409	ejiet	to go, to walk	/ˈejiet/
410	klau	look here!	/ˈklau/
411	tai	to that; dative singular feminine of tas	/ˈtai/
412	patiešām	truly, really, indeed; adverbial form of patiess	/paˈtieʃaːm/
413	zem	under	/ˈzem/
414	strādā	to work	/ˈstraːdaː/
415	savus	own; used with all persons	/ˈsaʋus/
416	kādreiz	Sometime in the past; once, ever, earlier, formerly,…	/ˈkaːdreiz/
417	iesim	to go, to walk	/ˈiesim/
418	ceļu	road, way	/ˈt͡seʎu/
419	gada	year	/ˈɡada/
420	paliec	to remain	/ˈpaliet͡s/
421	kādas	what, what kind	/ˈkaːdas/
422	sava	own; used with all persons	/ˈsaʋa/
423	iespēja	possibility	/ˈiespeːja/
424	notiks	to happen	/ˈnuotiks/
425	nesaprotu	to not understand; negative form of saprast	/ˈnesapruotu/
426	labā	good following accepted moral rules, treating others in a…	/ˈlabaː/
427	neesam	are not; first-person plural present indicative of nebūt	/ˈneesam/
428	bērns	child	[bæ̀ːɾns]
429	nāciet	to come	/ˈnaːt͡siet/
430	vienīgais	only, unique	/ˈʋieːniːɡais/
431	dzīvo	to live, to be alive	/ˈdziːʋuo/
432	cits	another	/ˈt͡sits/
433	vajadzīga	necessary	/ˈʋa`ja`dziːɡa/
434	minūtes	minute	/ˈminuːtes/
435	svarīgi	important, importantly; adverbial form of svarīgs	/ˈsʋariːɡi/
436	tētis	father, dad	[ˈtɛ̄ːtis]
437	klausies	to listen in	/ˈklausies/
438	kādam	what, what kind	/ˈkaːdam/
439	sieva	wife	/ˈsieʋa/
440	liekas	odd	/ˈliekas/
441	otru	second	/ˈuotru/
442	palikt	to remain	/ˈpalikt/
443	nevienam	nobody	/neˈʋieːnam/
444	dabūt	to get, to obtain	[dabûːt]
445	o	The name of the Latin script letter O/o	[uə̯]
446	runāju	first-person singular present/past indicative of runāt	/ˈrunaːju/
447	bērnu	child	/ˈbæːrnu/
448	dolāru	dollar	/ˈdolaːru/
449	garām	past, by, over	/ˈɡaraːm/
450	laipni	kind, polite, kindly, politely; adverbial form of laipns	/ˈlaipni/
451	pirmā	first	/ˈpirmaː/
452	brauc	to go, to ride	/ˈbraut͡s/
453	labākais	better; indefinite comparative degree of labs	/ˈlabaːːkais/
454	nedrīkst	to not be allowed, to not dare; negative form of drīkstēt	/ˈnedriːkst/
455	viegli	light, easy, mild, lightly, easily, mildly; adverbial form…	/ˈʋieɡli/
456	ūdens	water	[ûːdɛns]
457	atrodas	to locate	/ˈatruodas/
458	puika	boy	/ˈpuika/
459	dzīvot	to live, to be alive	[ˈdzîːvʷôt]
460	dienā	day	/ˈdieːnaː/
461	tām	in that; dative plural feminine of tas	/ˈtaːm/
462	drošs	brave, fearless, confident	[dɾùoʃ]
463	tādēļ	so	/ˈtaːdeːʎ/
464	vēlos	late	/ˈʋæːluos/
465	galvu	head	/ˈɡallʋu/
466	sieviete	woman	/ˈsieʋiete/
467	nevaram	not being able to; adverbial object-of-perception present…	/ˈneʋaram/
468	atradu	to find	/ˈatradu/
469	māte	mother	[ˈmāːtɛ]
470	mammu	mum	/ˈmaːmːu/
471	kuri	which, who	/ˈkuri/
472	puisis	young man, youth, boy	[pūīsis]
473	stundas	hour	/ˈstuŋdas/
474	dieva	god	/ˈdieʋa/
475	nakti	night	/ˈnakti/
476	īsti	truly, really, genuinely, legitimately; adverbial form of…	/ˈiːsti/
477	forši	cool, great, in a cool, great way; adverbial form of foršs	/ˈforʃi/
478	doma	thought	[ˈdūɔ̄ma]
479	būsim	will be; first-person plural future indicative of būt	/ˈbuːsim/
480	sen	long ago, for a long time; adverbial form of sens	[ˈsɛn]
481	pusi	half	/ˈpusi/
482	ceļā	road, way	/ˈt͡seʎaː/
483	pasaule	world	/ˈpasaule/
484	problēma	problem	/ˈproblæːma/
485	daži	several	[ˈdaʒi]
486	mašīna	machine, machinery, mechanism	/ˈmaʃiːna/
487	daļa	part	/ˈdaʎa/
488	gadā	year	/ˈɡadaː/
489	tālu	far, far away	/ˈtaːlu/
490	daru	to do	/ˈdaru/
491	parasti	usual, normal, ordinary, usually, normally, ordinarily;…	/ˈparasti/
492	sirds	heart	[ˈsîɾt͡s]
493	mierā	peace, tranquility, calm, quiet, rest	/ˈmieraː/
494	šim	to this; dative singular masculine of šis	/ˈʃim/
495	jautājums	question; inquiry	/ˈjautaːjums/
496	dzirdēju	to hear	/ˈdzirdeːju/
497	mazais	small, little size of other similar objects, beings, areas,…	/ˈmazais/
498	gribēja	to want	/ˈɡribeːja/
499	ziņu	message	/ˈziɲu/
500	meklē	to search for, to look for	/ˈmekleː/
501	cilvēkus	person, human being	/ˈt͡sillʋæːkus/
502	gadi	year	/ˈɡadi/
503	labrīt	polite greeting, used in the morning; good morning!	[labˈɾîːt]
504	gaida	to wait	/ˈɡaida/
505	liela	shin	/ˈlielːa/
506	aizveries	to close up	/ˈaizʋeries/
507	pasauli	world	/ˈpasauli/
508	bijām	were; first-person plural past indicative of būt	/ˈbijaːm/
509	jaunu	having relatively low age, young, new	/ˈjaunu/
510	mājā	house, dwelling	/ˈmaːjaː/
511	zināju	to know	/ˈzinaːju/
512	šobrīd	now, currently, at this moment, at this point	/ˈʃuobriːd/
513	kuras	which, who	/ˈkuras/
514	dzīves	life	/ˈdziːʋes/
515	ieroci	weapon	/ˈieruot͡si/
516	čau	hello, hi	/ˈt͡ʃau/
517	palīdzi	to help, to help out, to aid, to assist	/ˈpaliːdzi/
518	sievu	wife	/ˈsieʋu/
519	paliek	to remain	/ˈpaliek/
520	tuvu	near, close; adverbial form of tuvs	/ˈtuʋu/
521	vēlu	late; adverbial form of vēls	/ˈʋæːlu/
522	skaista	beautiful	/ˈskaista/
523	nāves	death	/ˈnaːʋes/
524	gluži	quite, very; completely	/ˈɡluʒi/
525	zinām	to know	/ˈzinaːm/
526	rīta	morning	/ˈriːta/
527	nezināju	to not know; negative form of zināt	/ˈnezinaːju/
528	runa	speech, speaking, talking	/ˈruna/
529	dzīvs	living, alive	[dzîːws]
530	kurā	which, who	/ˈkuraː/
531	dzīvību	life	/ˈdziːʋiːbu/
532	drīkstu	may; be allowed, authorized, have the right	/ˈdriːkstu/
533	nevienu	nobody	/neˈʋieːnu/
534	plāns	plan, map, blueprint, layout	[ˈplāːns]
535	ziņas	message	/ˈziɲas/
536	mieru	peace, tranquility, calm, quiet, rest	/ˈmieru/
537	sievietes	woman	/ˈsieʋietes/
538	draugu	friend	/ˈdrauɡu/
539	i	The name of the Latin script letter I/i	/ˈiː/
540	ģimenes	family living together; larger group of relatives living…	/ˈɟimenes/
541	iešu	to go, to walk	/ˈieʃu/
542	nogalināja	to kill	/ˈnuoɡalinaːja/
543	vīru	husband	/ˈʋiːru/
544	strādāju	first-person singular present/past indicative of strādāt	/ˈstraːdaːju/
545	māju	house, dwelling	/ˈmaːju/
546	pavisam	quite, rather, very	/paˈʋisam/
547	agrāk	earlier; adverbial form of agrāks	/ˈaɡraːːk/
548	vakar	yesterday	[vakar]
549	spēlē	play	/ˈspeːleː/
550	smieklīgi	funny, amusing, ridiculous, funnily, amusingly,…	/ˈsmiekliːɡi/
551	gatavi	ready	/ˈɡataʋi/
552	brālis	brother	[ˈbɾāːlis]
553	patiesību	truth	/ˈpatiesiːbu/
554	vaina	fault, guilt	[vāīna]
555	jauna	having relatively low age, young, new	/ˈjauna/
556	domājat	to think	/ˈduomaːjat/
557	meitenes	girl	/ˈmeitenes/
558	vēlas	late	/ˈʋæːlas/
559	vārdā	name	/ˈʋaːrdaː/
560	citi	another	/ˈt͡siti/
561	caur	through	[tsāūɾ]
562	nedēļas	week	/ˈnedeːʎas/
563	dzirdēt	to hear	[dzìɾdɛ̂ːt]
564	re	re, D	/ˈre/
565	minūtēm	minute	/ˈminuːteːm/
566	esot	to be, to exist	/ˈesuot/
567	bijusi	having been; indefinite past active participle of būt	/ˈbijusi/
568	drošības	safety	/ˈdruoʃiːbas/
569	īpaši	specific, independent	/ˈiːpaʃi/
570	tiesa	court, court of law	/ˈtiesa/
571	vienā	one	/ˈʋieːnaː/
572	domāt	to think	[ˈdūɔ̄mâːt]
573	zemē	ground, land, mainland	/ˈzemeː/
574	nakts	night	[nakts]
575	mašīnā	machine, machinery, mechanism	/ˈmaʃiːnaː/
576	pieder	to belong	/ˈpiedær/
577	tavi	your, yours	/ˈtaʋi/
578	meiteni	girl	/ˈmeitæni/
579	vajadzēs	to be necessary, to be needed, to be desired	/ˈʋa`ja`dzeːs/
580	pār	across, over	[pāːr]
581	vienīgā	only, unique	/ˈʋieːniːɡaː/
582	vecais	old	/ˈʋæt͡sais/
583	prātā	mind	/ˈpraːtaː/
584	saviem	own; used with all persons	/ˈsaʋiem/
585	pakaļ	after	/ˈpakaʎ/
586	nebiju	was not; first-person singular past indicative of nebūt	/ˈnebiju/
587	tēvu	father	/ˈtæːʋu/
588	ģimene	family living together; larger group of relatives living…	[ˈɟimɛnɛ]
589	jauns	having relatively low age, young, new	[ˈjaû̯ns]
590	valsts	state, country	[vàlsts]
591	tici	to believe	/ˈtit͡si/
592	liek	to put	/ˈliek/
593	varēja	can; to be able to	/ˈʋareːja/
594	vērts	value	[ˈvǣːɾt͡s]
595	saprast	to understand	/ˈsaprast/
596	darāt	to do	/ˈdaraːt/
597	negribi	to not want; negative form of gribēt	/ˈneɡribi/
598	neticami	unbelievable; which cannot or should not be believed;…	/ˈnetit͡sami/
599	bērniem	child	/ˈbæːrniem/
600	lieliska	great, wonderful expressing such characteristics	/ˈlielːiska/
601	ideja	idea	/ˈideja/
602	pusē	half	/ˈpuseː/
603	šiem	with these; dative plural masculine of šis	/ˈʃiem/
604	mašīnas	machine, machinery, mechanism	/ˈmaʃiːnas/
605	cita	another	/ˈt͡sita/
606	īsts	real, true, genuine, not false or artificial	[īːsts]
607	u	The name of the Latin script letter U/u	[u]
608	jauks	nice, cute	[jâwks]
609	ellē	hell	/ˈelleː/
610	beigas	end	/ˈbeiɡas/
611	braucam	to go, to ride	/ˈbraut͡sam/
612	braukt	to go, to ride	[bɾàwkt]
613	turpini	to continue, to go on doing, to not interrupt	/ˈturpini/
614	kļūst	to become	/ˈkʎuːst/
615	neesat	are not; second-person plural present indicative of nebūt	/ˈneesat/
616	divus	two	/ˈdiʋus/
617	īstais	real, true, genuine, not false or artificial	/ˈiːstais/
618	māja	house, dwelling	[ˈmāːja]
619	spēle	play	[spɛːlɛ]
620	desmit	ten	[ˈdɛsmit]
621	mazā	small, little size of other similar objects, beings, areas,…	/ˈmazaː/
622	vecāki	parents	/ˈʋæt͡saːːki/
623	nezini	to not know; negative form of zināt	/ˈnezini/
624	šos	these; accusative plural masculine of šis	/ˈʃuos/
625	a	The name of the Latin script letter A/a	[a]
626	atgriezties	to return, to come back	/ˈatɡriezties/
627	dzirdi	to hear	/ˈdzirdi/
628	jautri	cheerful, merry, happy, cheerfully, merrily, happily;…	/ˈjautri/
629	dzīvē	life	/ˈdziːʋeː/
630	atvainojos	first-person singular present/past indicative of atvainoties	/ˈatʋaiːnuojuos/
631	lielisks	great, wonderful expressing such characteristics	/ˈlielːisks/
632	redzēji	to see	/ˈredzeːji/
633	cietumā	prison	/ˈt͡sietumaː/
634	asinis	blood	[asinis]
635	skaisti	beautiful, beautifully; adverbial form of skaists	/ˈskaisti/
636	gatava	ready	/ˈɡataʋa/
637	izmantot	to use, to utilise, to employ	/ˈizmantuot/
638	lika	to put	/ˈlika/
639	dīvaini	strange, odd, strangely, oddly; adverbial form of dīvains	/ˈdiːʋaiːni/
640	sakot	saying, telling; adverbial invariable present active…	/ˈsakuot/
641	kara	war	/ˈkara/
642	maz	little; adverbial form of mazs	/ˈmaz/
643	darīsim	to do	/ˈdariːsim/
644	dzimšanas	being born, birth; verbal noun of dzimt	/ˈdzimʃanas/
645	vainas	fault, guilt	/ˈʋaiːnas/
646	iepazīties	to get to know, to acquaint oneself with	/ˈiepaziːties/
647	zemi	low; adverbial form of zems	/ˈzemi/
648	ap	round, around	/ˈap/
649	mierīgi	peacefully, calmly; adverbial form of mierīgs	/ˈmieriːɡi/
650	strādāt	to work	[ˈstɾàːdâːt]
651	cilvēka	person, human being	/ˈt͡sillʋæːka/
652	citiem	other	/ˈt͡sitiem/
653	tēva	father	/ˈtæːʋa/
654	pilsētā	city, town	/ˈpilsæːtaː/
655	diez	Use to add uncertainty to a statement	/ˈdiez/
656	visā	all, whole, entire	/ˈʋisaː/
657	šai	in this; locative singular masculine of šis	/ˈʃai/
658	reizes	time	/ˈreizes/
659	jauka	nice, cute	/ˈjauka/
660	darām	to do	/ˈdaraːm/
661	savām	own; used with all persons	/ˈsaʋaːm/
662	pieci	five	[piɛ̯tsi]
663	nezina	to not know; negative form of zināt	/ˈnezina/
664	galvenais	main, chief, primary, key	/ˈɡallʋænais/
665	manai	my, mine	/ˈmanai/
666	kreisi	left, in, to the left; adverbial form of kreiss	/ˈkreisi/
667	manam	my, mine	/ˈmanam/
668	komanda	team	/ˈkomaŋda/
669	daudzi	many	[dāūdzi]
670	otrā	second	/ˈuotraː/
671	vienam	one	/ˈʋieːnam/
672	dodas	to give oneself; reflexive of dot	/ˈduodas/
673	telefonu	telephone	/ˈtelefoːnu/
674	spēli	play	/ˈspeːli/
675	rokās	hand, arm	/ˈruokaːs/
676	piemēram	for example, for instance	/ˈpiemæːram/
677	gaisā	air	/ˈɡaisaː/
678	jautājumu	question; inquiry	/ˈjautaːjumu/
679	kuģi	ship	/ˈkuɟi/
680	tiesības	right, rights	/ˈtiesiːbas/
681	dzirdējis	having heard; indefinite past active participle of dzirdēt	/ˈdzirdeːjis/
682	atrada	to find	/ˈatrada/
683	spēles	play	/ˈspeːles/
684	stāsts	story	[stâːsts]
685	ceļa	road, way	/ˈt͡seʎa/
686	gulēt	to sleep, to be asleep	[ˈɡulɛ̂ːt]
687	nedari	to not do, to not make; negative form of darīt	/ˈnedari/
688	nekur	to not light, to not ignite; negative form of kurt	/neˈkur/
689	darītu	to do	/ˈdariːtu/
690	sākt	to begin, to start	[sâːkt]
691	drošībā	safety	/ˈdruoʃiːbaː/
692	iemesls	cause	/ˈiemesl̩s/
693	brāli	brother	/ˈbraːli/
694	jāzina	to know	/ˈjaːzina/
695	katrs	every	/ˈkatrs/
696	malā	edge, shore	/ˈmalaː/
697	bērnus	child	/ˈbæːrnus/
698	meita	daughter	[ˈmɛî̯ta]
699	sievieti	woman	/ˈsieʋieti/
700	eju	to go, to walk	/ˈeju/
701	atver	to open so as to make the space behind it accessible	/ˈatʋær/
702	traks	mad, rabid	[ˈtɾaks]
703	suns	domestic dog	/ˈsuns/
704	zelta	gold	/ˈzælta/
705	lietā	thing	/ˈlietaː/
706	kājas	leg, foot	/ˈkaːjas/
707	reizēm	sometimes	/ˈreizeːm/
708	ļaudis	people	[ʎàwdis]
709	patika	enjoyment, pleasure	/ˈpatika/
710	jauno	having relatively low age, young, new	/ˈjaunuo/
711	skolā	school	/ˈskuolaː/
712	sajūta	sense	/ˈsajuːta/
713	kļūt	to become	[kʎûːt]
714	zvēru	beast, animal	/z-ˈʋæːru/
715	dienām	day	/ˈdieːnaːm/
716	darbā	work, job, business	/ˈdarbaː/
717	lielu	shin	/ˈlielːu/
718	vīri	husband	/ˈʋiːri/
719	policija	police	/ˈpolit͡sija/
720	meklēju	first-person singular present/past indicative of meklēt	/ˈmekleːju/
721	bail	afraid, scared	[bâjl]
722	sāk	to begin, to start	/ˈsaːːk/
723	galda	table	/ˈɡallda/
724	seju	face	/ˈseju/
725	visām	all, whole, entire	/ˈʋisaːm/
726	veids	form	[vɛ̄īts]
727	dievam	god	/ˈdieʋam/
728	mazāk	smaller, less; adverbial form of mazāks	/ˈmazaːːk/
729	iedod	to give, to hand, so that someone takes it	/ˈieduod/
730	gribēji	to want	/ˈɡribeːji/
731	nevajadzētu	to not be necessary, to not be needed; negative form of…	/ˈneʋa`ja`dzeːtu/
732	četri	four	[tʃɛtri]
733	redz	to see	/ˈredz/
734	kuģis	ship	[ˈkuɟis]
735	sūda	shit	/ˈsuːda/
736	sāka	to begin, to start	/ˈsaːːka/
737	daļu	part	/ˈdaʎu/
738	rokā	hand, arm	/ˈruokaː/
739	nesaki	to not say, to not tell; negative form of sacīt	/ˈnesaki/
740	stāstu	story	/ˈstaːstu/
741	uguni	fire	/ˈuɡuni/
742	dārgā	expensive, costly	/ˈdaːrɡaː/
743	nepieciešams	necessary	/ˈnepiet͡sieʃams/
744	karš	war	[kàɾʃ]
745	ziņā	message	/ˈziɲaː/
746	teikšu	to say, to tell	/ˈteikʃu/
747	abiem	both	/ˈabiem/
748	redzat	to see	/ˈredzat/
749	turp	used to indicate an unnamed place relatively far from the…	/ˈturp/
750	dažreiz	sometimes	[daʒɾɛīz]
751	dodies	to give oneself; reflexive of dot	/ˈduodies/
752	atbildi	answer	/ˈatbilldi/
753	naktī	night	/ˈnaktiː/
754	mister	Mr	/ˈmistær/
755	istabā	room	/ˈistabaː/
756	negribēju	to not want; negative form of gribēt	/ˈneɡribeːju/
757	labdien	good day	/labˈdien/
758	slikts	bad not following moral rules, treating others in a cruel…	[ˈslikt͡s]
759	ielas	street, road	/ˈielas/
760	ceļš	road, way	[tsɛʎʃ]
761	ģimeni	family living together; larger group of relatives living…	/ˈɟimæni/
762	pilsētas	city, town	/ˈpilsæːtas/
763	draudzene	friend, girlfriend	/ˈdraudzene/
764	bieži	frequent, frequently, often; adverbial form of biežs	/ˈbieʒi/
765	jāatrod	to find	/ˈjaːatruod/
766	jādodas	to give oneself; reflexive of dot	/ˈjaːduodas/
767	informāciju	information	/ˈinformaːt͡siju/
768	mērķis	target	/ˈmeːrcis/
769	gāja	to go, to walk	/ˈɡaːja/
770	met	to throw	[ˈmɛt]
771	domājis	having thought; indefinite past active participle of domāt	/ˈduomaːjis/
772	kājām	on foot, walking	/ˈkaːjaːm/
773	citas	another	/ˈt͡sitas/
774	arvien	always; every time	[aɾˈvîɛn]
775	spēku	force	/ˈspæːku/
776	palīdzība	help, assistance	/ˈpaliːdziːba/
777	došos	to give oneself; reflexive of dot	/ˈduoʃuos/
778	manī	in me; locative singular of es	/ˈmaniː/
779	zināms	which can or should be known; indefinite present passive…	/ˈzinaːms/
780	mājām	house, dwelling	/ˈmaːjaːm/
781	galvas	head	/ˈɡallʋas/
782	gana	enough	/ˈɡana/
783	dodamies	to give oneself; reflexive of dot	/ˈduodamies/
784	dēlu	son	/ˈdæːlu/
785	sākumā	beginning, starting point *in time or space	/ˈsaːːkumaː/
786	varēsi	can; to be able to	/ˈʋaræːsi/
787	kurus	which, who	/ˈkurus/
788	klausos	to listen in	/ˈklausuos/
789	zēns	boy	[zǣːns]
790	zināji	to know	/ˈzinaːji/
791	palīdziet	to help, to help out, to aid, to assist	/ˈpaliːdziet/
792	tuvāk	nearer, closer; adverbial form of tuvāks	/ˈtuʋaːːk/
793	nāvi	death	/ˈnaːʋi/
794	mīlestība	love	/ˈmiːlestiːba/
795	diemžēl	unfortunately	[dìɛ̯mˈʒǣːl]
796	ūdeni	water	/ˈuːdæni/
797	atstāt	to leave	/ˈatstaːt/
798	nedomā	to not think; negative form of domāt	/ˈneduomaː/
799	vecs	old	[ˈvæt͡s]
800	beigās	end	/ˈbeiɡaːs/
801	saprati	to understand	/ˈsaprati/
802	jāsaka	to say, tell	/ˈjaːsaka/
803	vīrietis	man	[vīːɾietis]
804	vis	very, most	/ˈʋis/
805	patiesi	true, right, genuine, truly, rightly, genuinely, really,…	/ˈpatiesi/
806	jaunais	having relatively low age, young, new	/ˈjaunais/
807	divām	two	/ˈdiʋaːm/
808	sāku	first-person singular present/past indicative of sākt	/ˈsaːːku/
809	atslēgas	key	/ˈatslæːɡas/
810	meklēt	to search for, to look for	[mɛklɛ̂ːt]
811	zāles	grass	/ˈzaːles/
812	darīšu	to do	/ˈdariːʃu/
813	pēkšņi	suddenly, abruptly; adverbial form of pēkšņs	/ˈpeːkʃɲi/
814	dabū	to get, to obtain	/ˈdabuː/
815	turi	to hold	/ˈturi/
816	bijāt	were; second-person plural past indicative of būt	/ˈbijaːt/
817	ik	every	/ˈik/
818	problēmas	problem	/ˈproblæːmas/
819	acīs	eye	/ˈat͡siːs/
820	maniem	my, mine	/ˈmaniem/
821	grāmatu	book	/ˈɡraːmatu/
822	teiktu	to say, to tell	/ˈteiktu/
823	lietām	thing	/ˈlietaːm/
824	vārdus	name	/ˈʋaːrdus/
825	sāp	to hurt	/ˈsaːp/
826	virs	on, over, above	[vìrs]
827	patiesība	truth	/ˈpatiesiːba/
828	ciet	closed, shut, sometimes also metaphorically	[tsiɛ̂t]
829	bīstami	dangerous, dangerously; adverbial form of bīstams	[biːstamːi]
830	pilnībā	fullness, completeness	/ˈpillniːbaː/
831	dosimies	to give oneself; reflexive of dot	/ˈduosimies/
832	esiet	be; second-person plural imperative of būt	/ˈesiet/
833	pilsētu	city, town	/ˈpilsæːtu/
834	vārdi	name	/ˈʋaːrdi/
835	auto	car	/ˈautoː/
836	veidā	form	/ˈʋeidaː/
837	nerunā	to not speak, to not talk; negative form of runāt	/ˈnerunaː/
838	kafiju	coffee	/ˈkafiju/
839	muļķības	foolishness, folly, stupidity	/ˈmuʎciːbas/
840	kuram	which, who	/ˈkuram/
841	darīsi	to do	/ˈdariːsi/
842	atradi	to find	/ˈatradi/
843	sevis	of -self; genitive singular of sevi	/ˈseʋis/
844	dot	to give	[duɔ̯t]
845	interesanti	interesting, interestingly; adverbial form of interesants	/ˈinteresanti/
846	prieku	joy, delight	/ˈprieku/
847	zināja	to know	/ˈzinaːja/
848	ēst	to eat	[ɛ̂ːst]
849	jūras	sea	/ˈjuːras/
850	paša	self	/ˈpaʃa/
851	šīm	to these; dative plural feminine of šis	/ˈʃiːm/
852	maksā	pay, payment, fee, fare, toll	/ˈmaksaː/
853	jebkad	ever	/jebˈkad/
854	likt	to put	/ˈlikt/
855	teiksi	to say, to tell	/ˈteiksi/
856	vienas	one	/ˈʋieːnas/
857	spēlēt	to play	[spɛːlɛːt]
858	brīdis	moment, while	[ˈbɾîːdis]
859	stāvi	to stand	/ˈstaːʋi/
860	nāve	death	[nâːvɛ]
861	īsta	real, true, genuine, not false or artificial	/ˈiːsta/
862	mīl	to love, to feel love for	/ˈmiːl/
863	gaisa	air	/ˈɡaisa/
864	nevarētu	to not be able to; negative form of varēt	/ˈneʋaræːtu/
865	zaudēt	to lose	[ˈzàwdɛ̂ːt]
866	devās	to give oneself; reflexive of dot	/ˈdæʋaːs/
867	dabūju	first-person singular present/past indicative of dabūt	/ˈdabuːju/
868	sāksim	to begin, to start	/ˈsaːːksim/
869	virsū	on, onto, above the surface	/ˈʋirsuː/
870	karalis	king	[ˈkaɾalis]
871	sirdi	heart	/ˈsirdi/
872	gribam	wanting; adverbial object-of-perception present active…	/ˈɡribam/
873	ilgu	long	/ˈillɡu/
874	teicis	having said, told; indefinite past active participle of…	/ˈteit͡sis/
875	kļuva	to become	/ˈkʎuʋa/
876	skolas	school	/ˈskuolas/
877	māsa	sister	[ˈmāːsa]
878	rakstīts	to write by means of writing; to make, form letters with a…	/ˈrakstiːts/
879	maza	small, little size of other similar objects, beings, areas,…	/ˈmaza/
880	puses	half	/ˈpuses/
881	kuģa	ship	/ˈkuɟa/
882	veco	old	/ˈʋæt͡suo/
883	proti	to know how to, to be able to do	/ˈpruoti/
884	labākā	better; indefinite comparative degree of labs	/ˈlabaːːkaː/
885	draugiem	friend	/ˈdrauɡiem/
886	nevajadzēja	to not be necessary, to not be needed; negative form of…	/ˈneʋa`ja`dzeːja/
887	ticu	to believe	/ˈtit͡su/
888	mazo	small, little size of other similar objects, beings, areas,…	/ˈmazuo/
889	vainīgs	guilty	/ˈʋaiːniːɡs/
890	puisi	young man, youth, boy	/ˈpuisi/
891	centies	to strive for, to endeavor	/ˈt͡senties/
892	manus	my, mine	/ˈmanus/
893	bumbu	ball	/ˈbumbu/
894	šorīt	this morning	/ˈʃuoriːt/
895	vakarā	in the evening	/ˈʋakaraː/
896	spēju	ability	/ˈspeːju/
897	zinātu	to know	/ˈzinaːtu/
898	nedēļu	week	/ˈnedeːʎu/
899	joko	to joke, to jest, to make fun of something	/ˈjuokuo/
900	ārpus	outside	/ˈaːrpus/
901	mēnešiem	moon	/ˈmeːneʃiem/
902	stundu	hour	/ˈstuŋdu/
903	sapnis	dream	/ˈsapnis/
904	labais	good following accepted moral rules, treating others in a…	/ˈlabais/
905	labas	good following accepted moral rules, treating others in a…	/ˈlabas/
906	aizgāja	to leave, to go away, to escape	/ˈaizɡaːja/
907	domāji	to think	/ˈduomaːji/
908	sejas	face	/ˈsejas/
909	tevī	in you; locative singular of tu	/ˈteʋiː/
910	galu	tip, end	/ˈɡalu/
911	dzirdu	to hear	/ˈdzirdu/
912	māti	mother	/ˈmaːti/
913	stundām	hour	/ˈstuŋdaːm/
914	visai	all, whole, entire	/ˈʋisai/
915	aizmirsti	to forget	/ˈaizmirsti/
916	skatīties	to look at	/ˈskatiːties/
917	prātu	mind	/ˈpraːtu/
918	mantas	property	/ˈmantas/
919	telefona	telephone	/ˈtelefoːna/
920	nākt	to come	[nāːkt]
921	slikta	bad not following moral rules, treating others in a cruel…	/ˈslikta/
922	mirusi	having died; indefinite past active participle of mirt	/ˈmirusi/
923	tavam	your, yours	/ˈtaʋam/
924	nepareizi	wrong, incorrect, improper, wrongly, incorrectly,…	/ˈnepareizi/
925	klusu	quiet, silent, quietly, silently; adverbial form of kluss	/ˈklusu/
926	tavai	your, yours	/ˈtaʋai/
927	joks	joke, jest	[juōks]
928	ierocis	weapon	[ìɛɾuôtsis]
929	vienošanās	agreement, accord, concurrence; verbal noun of vienoties	/ˈʋieːnuoʃanaːs/
930	vakariņas	dinner	[vakaɾiɲas]
931	labāko	better; indefinite comparative degree of labs	/ˈlabaːːkuo/
932	centos	cent used with several currencies, among which the dollar…	/ˈt͡sentuos/
933	glābt	to save death; to protect from death	[ɡlâːpt]
934	bankas	bank	/ˈbaŋkas/
935	kapteinis	captain	/ˈkapteiːnis/
936	numurs	number	/ˈnumurs/
937	vienīgi	only, uniquely; adverbial form of vienīgs	/ˈʋieːniːɡi/
938	savam	own; used with all persons	/ˈsaʋam/
939	traki	mad, crazy, madly, crazily, very; adverbial form of traks	/ˈtraki/
940	nākamais	to come	/ˈnaːːkamais/
941	visam	all, whole, entire	/ˈʋisam/
942	dabūji	to get, to obtain	/ˈdabuːji/
943	jūtas	feeling, emotion	/ˈjuːtas/
944	nevarēju	to not be able to; negative form of varēt	/ˈneʋareːju/
945	neredzu	to not see; negative form of redzēt	/ˈneredzu/
946	balss	voice	[bàls]
947	mirt	to die	[mīɾt]
948	šonakt	tonight	/ˈʃuonakt/
949	atrodi	to find	/ˈatruodi/
950	meitu	daughter	/ˈmeitu/
951	acīm	eye	/ˈat͡siːm/
952	gaismas	light	/ˈɡaismas/
953	diviem	two	/ˈdiʋiem/
954	skaidri	clear, clearly; adverbial form of skaidrs	/ˈskaidri/
955	uzticēties	to trust, to have confidence	/ˈuztit͡seːties/
956	stāv	to stand	/ˈstaːʋ/
957	ieročus	weapon	/ˈieruot͡ʃus/
958	dosies	to give oneself; reflexive of dot	/ˈduosies/
959	labāks	better; indefinite comparative degree of labs	/ˈlabaːːks/
960	varēju	can; to be able to	/ˈʋareːju/
961	muti	mouth	/ˈmuti/
962	brīvs	free	[brīːws]
963	lielais	big, large	/ˈlielːais/
964	atradām	to find	/ˈatradaːm/
965	zeme	ground, land, mainland	[ˈzɛmɛ]
966	labo	good following accepted moral rules, treating others in a…	/ˈlabuo/
967	mīlestību	love	/ˈmiːlæstiːbu/
968	grāmatas	book	/ˈɡraːmatas/
969	miljonus	million	/ˈmilljoːnus/
970	lido	to fly	/ˈliduo/
971	dzīvoju	first-person singular present/past indicative of dzīvot	/ˈdziːʋuoju/
972	negrib	to not want; negative form of gribēt	/ˈneɡrib/
973	mazs	small, little size of other similar objects, beings, areas,…	/ˈmazs/
974	turpināt	to continue, to go on doing, to not interrupt	[tùɾpinâːt]
975	reizē	time	/ˈreizeː/
976	gudrs	intelligent, wise	/ˈɡudrs/
977	vārda	name	/ˈʋaːrda/
978	sāc	to begin, to start	/ˈsaːt͡s/
979	cilvēkam	person, human being	/ˈt͡sillʋæːkam/
980	garšo	to taste good, to please	/ˈɡarʃuo/
981	domas	thought	/ˈduomas/
982	kāju	leg, foot	/ˈkaːju/
983	sekundes	second	/ˈsekuŋdes/
984	nevarat	to not be able to; negative form of varēt	/ˈneʋarat/
985	gultā	bed	/ˈɡultaː/
986	tēvam	father	/ˈtæːʋam/
987	dārgais	expensive, costly	/ˈdaːrɡais/
988	galvā	head	/ˈɡallʋaː/
989	redzējusi	having seen; indefinite past active participle of redzēt	/ˈredzeːjusi/
990	viņā	in him; locative singular of viņš	/ˈʋiɲaː/
991	acu	eye	/ˈat͡su/
992	dzirdēji	to hear	/ˈdzirdeːji/
993	iedeva	to give, to hand, so that someone takes it	/ˈiedæʋa/
994	muguras	back	/ˈmuɡuras/
995	vidū	in the middle	/ˈʋiduː/
996	noslēpumu	secret	/ˈnuoslæːpumu/
997	pilsēta	city, town	[ˈpìlsǣːta]
998	nāku	to come	/ˈnaːːku/
999	atbilde	answer	[atbildɛ]
1000	nesaproti	to not understand; negative form of saprast	/ˈnesapruoti/
1001	stāvoklī	position, location	/ˈstaːʋuokliː/
1002	pirkstu	finger, toe	/ˈpirkstu/
1003	īstā	real, true, genuine, not false or artificial	/ˈiːstaː/
1004	gaidīt	to wait	/ˈɡaidiːt/
1005	darīja	to do	/ˈdariːja/
1006	darījis	having done, having made; indefinite past active participle…	/ˈdariːjis/
1007	lielā	shin	/ˈlielːaː/
1008	dodos	to give oneself; reflexive of dot	/ˈduoduos/
1009	nāks	to come	/ˈnaːːks/
1010	uzdevums	task, duty	[uzdɛvums]
1011	gaismu	light	/ˈɡaismu/
1012	teikts	said, told; indefinite past passive participle of teikt	/ˈteikts/
1013	policijas	police	/ˈpolit͡sijas/
1014	pilna	full	/ˈpillna/
1015	cīnīties	to fight	/ˈt͡siːniːties/
1016	tīrs	clean	[tīːɾs]
1017	trim	three	/ˈtrim/
1018	mātes	mother	/ˈmaːtes/
1019	brīnums	miracle	/ˈbriːnums/
1020	teicāt	to say, to tell	/ˈteit͡saːt/
1021	varonis	hero	/ˈʋaruonis/
1022	alu	beer	/ˈalu/
1023	jaunā	having relatively low age, young, new	/ˈjaunaː/
1024	trūkst	to lack, to be in short supply, to not be available	/ˈtruːkst/
1025	projām	away	/ˈpruojaːm/
1026	veida	form	/ˈʋeida/
1027	meli	liar, deceiver	/ˈmæli/
1028	ziniet	to know	/ˈziniet/
1029	slepkava	killer, murderer	[slæpkava]
1030	palīdz	to help, to help out, to aid, to assist	/ˈpaliːdz/
1031	gads	year	[ˈɡat͡s]
1032	uzvarēt	to conquer	/ˈuz-ʋareːt/
1033	skaists	beautiful	[skāīsts]
1034	braucu	first-person singular present/past indicative of braukt	/ˈbraut͡su/
1035	atradīsim	to find	/ˈatradiːsim/
1036	taviem	your, yours	/ˈtaʋiem/
1037	piecas	five	/ˈpiet͡sas/
1038	ieradās	to arrive	/ˈieradaːs/
1039	dziesmu	song	/ˈdziesmu/
1040	arlabunakti	polite farewell, used during the night, or when going to…	/ˈarlabunakti/
1041	problēmu	problem	/ˈproblæːmu/
1042	katra	every	/ˈkatra/
1043	sākam	to begin, to start	/ˈsaːːkam/
1044	smadzenes	brain	/ˈsmadzenes/
1045	pārsteigums	surprise	/ˈpaːrsteiɡums/
1046	galam	tip, end	/ˈɡalam/
1047	smagi	heavy, severe, difficult, heavily, severely, difficultly,…	/ˈsmaɡi/
1048	bailes	fear	[bâjlɛs]
1049	nākamo	vocative/accusative/instrumental singular masculine/feminine	/ˈnaːːkamuo/
1050	sākuma	beginning, starting point *in time or space	/ˈsaːːkuma/
1051	jābrauc	to go, to ride	/ˈjaːbraut͡s/
1052	puse	half	[ˈpusːɛ]
1053	mirst	to die	/ˈmirst/
1054	video	video	/ˈʋideoː/
1055	suni	domestic dog	/ˈsuni/
1056	pelnījis	having earned, having deserved; indefinite past active…	/ˈpellniːjis/
1057	guļ	to sleep, to be asleep	/ˈɡuʎ/
1058	savai	own; used with all persons	/ˈsaʋai/
1059	dabūšu	to get, to obtain	/ˈdabuːʃu/
1060	lielo	big, large	/ˈlielːuo/
1061	turieni	a specific, definite place situated relatively far from the…	/ˈturieːni/
1062	laimīgs	happy	[lāīmîːɡs]
1063	būsiet	will be; second-person plural future indicative of būt	/ˈbuːsiet/
1064	nezinām	to not know; negative form of zināt	/ˈnezinaːm/
1065	otrs	second	[wòtrs]
1066	manām	my, mine	/ˈmanaːm/
1067	redzēja	to see	/ˈredzeːja/
1068	vakaru	evening	/ˈʋakaru/
1069	īpašs	specific, independent	[īːpaʃ]
1070	pašlaik	now, currently; at that time	/ˈpaʃlaik/
1071	dāvana	present, gift	[ˈdɑ̄ː.vɑ.nɑ]
1072	svarīgs	important, significant	/ˈsʋariːɡs/
1073	kārta	layer, course, coating	/ˈkaːrta/
1074	labāku	better; indefinite comparative degree of labs	/ˈlabaːːku/
1075	ēd	to eat	/ˈeːd/
1076	bijuši	having been; indefinite past active participle of būt	/ˈbijuʃi/
1077	grāmata	book	[ˈɡɾāːmata]
1078	bikses	pants, trousers; shorts	[biksɛs]
1079	miljoni	million	/ˈmilljoːni/
1080	roka	hand, arm	[ɾùoka]
1081	brauksim	to go, to ride	/ˈbrauksim/
1082	atradis	having found; indefinite past active participle of atrast	/ˈatradis/
1083	abus	both	/ˈabus/
1084	seši	six	[sɛʃi]
1085	ņemiet	to take; to seize with one's hands for some purpose	/ˈɲemiet/
1086	dziļi	deep, deeply; adverbial form of dziļš	/ˈdziʎi/
1087	lielas	big, large	/ˈlielːas/
1088	akmens	stone, rock	[ˈakmɛns]
1089	spēks	force	[spæ̀ːks]
1090	sīkais	tiny, little, small	/ˈsiːkais/
1091	droša	brave, fearless, confident	/ˈdruoʃa/
1092	rokām	hand, arm	/ˈruokaːm/
1093	iedzert	to drink, to have a drink	/ˈiedzært/
1094	zēni	boy	/ˈzæːni/
1095	palīdzēs	to help, to help out, to aid, to assist	/ˈpaliːdzeːs/
1096	vectēvs	grandfather	/ˈʋæt͡stæːʋs/
1097	īstenībā	in reality, in fact, actually, really	/ˈiːsteniːbaː/
1098	darīji	to do	/ˈdariːji/
1099	mīli	to love, to feel love for	/ˈmiːli/
1100	aizmirst	to forget	[àjzmìɾst]
1101	izvēle	option	/ˈizʋeːle/
1102	reize	time	/ˈreize/
1103	domāja	to think	/ˈduomaːja/
1104	abas	both	/ˈabas/
1105	plānu	plan, map, blueprint, layout	/ˈplaːnu/
1106	miljoniem	million	/ˈmilljoːniem/
1107	vecākiem	parents	/ˈʋæt͡saːːkiem/
1108	dodiet	to give	/ˈduodiet/
1109	sistēma	system	/ˈsisteːma/
1110	palīdzēšu	to help, to help out, to aid, to assist	/ˈpaliːdzeːʃu/
1111	veikt	to do, to perform	/ˈʋeikt/
1112	allaž	always	[ˈālːaʒ]
1113	labvakar	polite greeting, used in the evening; good evening!	[labˈvakaɾ]
1114	bumba	ball	[būmba]
1115	aizmirsu	to forget	/ˈaizmirsu/
1116	noslēpums	secret	/ˈnuoslæːpums/
1117	gaisma	light	/ˈɡaisma/
1118	kusties	to move; reflexive of kustēt	/ˈkusties/
1119	nedrīksti	to not be allowed, to not dare; negative form of drīkstēt	/ˈnedriːksti/
1120	ēdienu	food prepared for consumption; meal; dish	/ˈeːdieːnu/
1121	saule	sun	[ˈsāū̯lɛ]
1122	kļūda	error, mistake	[kʎûːda]
1123	kļūs	to become	/ˈkʎuːs/
1124	neticu	to not believe; negative form of ticēt	/ˈnetit͡su/
1125	dzirdat	to hear	/ˈdzirdat/
1126	prezidents	president	/ˈprezidents/
1127	atradīšu	to find	/ˈatradiːʃu/
1128	redzēsim	to see	/ˈredzeːsim/
1129	jārunā	to speak, to talk	/ˈjaːrunaː/
1130	amerikas	genitive singular of Amerika	/ˈamerikas/
1131	veca	old	/ˈʋæt͡sa/
1132	komandu	team	/ˈkomaŋdu/
1133	karu	war	/ˈkaru/
1134	dzīva	living, alive	/ˈdziːʋa/
1135	redzētu	to see	/ˈredzeːtu/
1136	dziesma	song	[dziɛ̂sma]
1137	advokāts	lawyer	/ˈadʋokaːts/
1138	iznīcināt	to destroy	/ˈiz-niːt͡sinaːt/
1139	aci	eye	/ˈat͡si/
1140	nekusties	to not move; negative form of kustēties	/ˈnekusties/
1141	pārdot	to sell	/ˈpaːrduot/
1142	alus	beer	[alus]
1143	uguns	fire	[uɡuns]
1144	drēbes	clothes	/ˈdreːbes/
1145	atmiņas	memory	/ˈatmiɲas/
1146	normāli	normal, normally; adverbial form of normāls	/ˈnormaːli/
1147	nevarēja	to not be able to; negative form of varēt	/ˈneʋareːja/
1148	maks	little purse, wallet, pouch	[ˈmaks]
1149	kravas	cargo, freight	/ˈkraʋas/
1150	istabu	room	/ˈistabu/
1151	amerikāņu	an American man, a man born in the United States of America	/ˈamerikaːɲu/
1152	varēšu	can; to be able to	/ˈʋareːʃu/
1153	neteicu	first-person singular present/past indicative of neteikt	/ˈneteit͡su/
1154	palīdzētu	to help, to help out, to aid, to assist	/ˈpaliːdzeːtu/
1155	saprotat	to understand	/ˈsapruotat/
1156	savās	own; used with all persons	/ˈsaʋaːs/
1157	dzer	to drink	/ˈdzær/
1158	kunga	gentleman	/ˈkuŋɡa/
1159	runājot	to speak, to talk	/ˈrunaːjuot/
1160	došu	to give	/ˈduoʃu/
1161	lietus	rain, shower; rainwater	[ˈliɛ̂tus]
1162	otrais	second	/ˈuotrais/
1163	reižu	time	/ˈreiʒu/
1164	vadītājs	leader, head, chief	/ˈʋadiːtaːjs/
1165	salas	island	/ˈsalas/
1166	lidot	to fly	[liduôt]
1167	laimes	happiness	/ˈlaimes/
1168	laikiem	time, era	/ˈlaikiem/
1169	sūds	shit	[ˈsūːt͡s]
1170	briesmīgi	dreadfully, terribly, horribly; adverbial form of briesmīgs	/ˈbriesmiːɡi/
1171	tūkstoši	thousand	/ˈtuːkstuoʃi/
1172	sakiet	to say, tell	/ˈsakiet/
1173	ņemt	to take; to seize with one's hands for some purpose	[ɲɛ̂mt]
1174	darīju	to do	/ˈdariːju/
1175	runājat	to speak, to talk	/ˈrunaːjat/
1176	vīrieti	man	/ˈʋiːrieti/
1177	sievas	wife	/ˈsieʋas/
1178	muļķi	fool, stupid man	/ˈmuʎci/
1179	likums	law	/ˈlikums/
1180	turienes	a specific, definite place situated relatively far from the…	/ˈturieːnes/
1181	mati	hair	/ˈmati/
1182	tēvoci	uncle	/ˈteːʋuot͡si/
1183	mēnešus	moon	/ˈmeːneʃus/
1184	elpo	to breathe	/ˈælpuo/
1185	rada	to find be present, in use, or in one's possession	/ˈrada/
1186	dabūtu	to get, to obtain	/ˈdabuːtu/
1187	spējas	ability	/ˈspeːjas/
1188	muļķis	fool, stupid man	[mûʎcis]
1189	kaujas	battle, fight	/ˈkaujas/
1190	banku	bank	/ˈbaŋku/
1191	atslēga	key	[atslæ̂ːɡa]
1192	vakars	evening	[vakaɾs]
1193	garš	long	/ˈɡarʃ/
1194	pusdienas	lunch	[ˈpuzdìɛnas]
1195	jaunas	having relatively low age, young, new	/ˈjaunas/
1196	varēji	can; to be able to	/ˈʋareːji/
1197	situācija	situation	/ˈsituaːt͡sija/
1198	dzīvoja	to live, to be alive	/ˈdziːʋuoja/
1199	mazu	small, little size of other similar objects, beings, areas,…	/ˈmazu/
1200	dīvains	strange, odd, unusual, surprising	[dīːvajns]
1201	nabaga	poor man, pauper	/ˈnabaɡa/
1202	nozaga	to steal	/ˈnuozaɡa/
1203	nākotni	future	/ˈnaːːkuotni/
1204	varas	power	/ˈʋaras/
1205	informācija	information	/ˈinformaːt͡sija/
1206	pilnu	full	/ˈpillnu/
1207	labāka	better; indefinite comparative degree of labs	/ˈlabaːːka/
1208	varēsim	can; to be able to	/ˈʋareːsim/
1209	skolu	school	/ˈskuolu/
1210	nedrīkstu	to not be allowed, to not dare; negative form of drīkstēt	/ˈnedriːkstu/
1211	logu	window	/ˈluoɡu/
1212	gredzenu	ring	/ˈɡrædzænu/
1213	mugurā	back	/ˈmuɡuraː/
1214	jumta	roof	/ˈjumta/
1215	viņām	to them; dative plural of viņas	/ˈʋiɲaːm/
1216	punktu	stop/full stop, period	/ˈpuŋktu/
1217	sliktāk	worse; adverbial form of sliktāks	/ˈsliktaːːk/
1218	sienas	wall that limits a building, a room, etc	/ˈsieːnas/
1219	vajadzīgi	necessary	/ˈʋa`ja`dziːɡi/
1220	deva	to give	/ˈdæʋa/
1221	galva	head	[ˈɡɑ̂ɫva]
1222	ilgāk	longer; adverbial form of ilgāks	/ˈillɡaːːk/
1223	zaudēju	first-person singular present/past indicative of zaudēt	/ˈzaudeːju/
1224	miruši	having died; indefinite past active participle of mirt	/ˈmiruʃi/
1225	daudziem	many	/ˈdaudziem/
1226	nedēļām	week	/ˈnedeːʎaːm/
1227	jautājumi	question; inquiry	/ˈjautaːjumi/
1228	debesīs	sky	/ˈdebesiːs/
1229	kameras	camera	/ˈkamæras/
1230	cerams	which can or should be hoped; indefinite present passive…	/ˈt͡særams/
1231	sūdi	shit	/ˈsuːdi/
1232	slimnīcā	hospital	/ˈslimniːt͡saː/
1233	nāvei	death	/ˈnaːʋei/
1234	sit	to hit, to strike, to beat	/ˈsit/
1235	vīra	husband	/ˈʋiːra/
1236	dabūsi	to get, to obtain	/ˈdabuːsi/
1237	mūžīgi	eternally, everlastingly, forever, perpetually; adverbial…	/ˈmuːʒiːɡi/
1238	ies	to go, to walk	/ˈies/
1239	mīlestības	love	/ˈmiːlestiːbas/
1240	mainīt	to change, to exchange	[māīnîːt]
1241	gar	along	/ˈɡar/
1242	darīs	to do	/ˈdariːs/
1243	nedēļā	week	/ˈnedeːʎaː/
1244	lidmašīnu	airplane	/ˈlidmaʃiːnu/
1245	jāredz	to see	/ˈjaːredz/
1246	dievu	god	/ˈdieʋu/
1247	neaizmirsti	to not forget; negative form of aizmirst	/ˈneaizmirsti/
1248	ļaut	to allow	/ˈʎaut/
1249	citam	another	/ˈt͡sitam/
1250	karā	war	/ˈkaraː/
1251	mes	we; alternative form of mēs	/ˈmes/
1252	īsto	real, true, genuine, not false or artificial	/ˈiːstuo/
1253	četras	four	/ˈt͡ʃetras/
1254	atveriet	to open so as to make the space behind it accessible	/ˈatʋeriet/
1255	melo	to lie, to tell lies	/ˈmæluo/
1256	māsu	sister	/ˈmaːsu/
1257	putnu	bird	/ˈputnu/
1258	vada	pipe, tube, duct, chute	/ˈʋada/
1259	turu	to hold	/ˈturu/
1260	sievai	wife	/ˈsieʋai/
1261	stāsta	story	/ˈstaːsta/
1262	puikas	boy	/ˈpuikas/
1263	saņemt	to receive, to get	/ˈsaɲemt/
1264	priecīgs	happy, glad, joyful, delighted	[pɾiɛ̂ksîːɡs]
1265	beigām	end	/ˈbeiɡaːm/
1266	pulkstenis	clock, watch	[pùlkstɛnis]
1267	kāzas	wedding	/ˈkaːzas/
1268	puišiem	young man, youth, boy	/ˈpuiʃiem/
1269	notikt	to happen	/ˈnuotikt/
1270	dodu	to give	/ˈduodu/
1271	saules	sun	/ˈsaules/
1272	atradīs	to find	/ˈatradiːs/
1273	valodā	language	/ˈʋaluodaː/
1274	septiņi	seven	[ˈsɛptiɲi]
1275	savs	own; used with all persons	/ˈsaʋs/
1276	vārdiem	name	/ˈʋaːrdiem/
1277	kuce	female dog, bitch	/ˈkut͡se/
1278	nākamajā	locative singular masculine/feminine of nākamais	/ˈnaːːkamajaː/
1279	mūzika	music	/ˈmuːzika/
1280	varēs	can; to be able to	/ˈʋareːs/
1281	gars	spirit	/ɡars/
1282	jautā	to ask question, to inquire, to question	/ˈjautaː/
1283	acīmredzot	apparently, seemingly; clearly, obviously	/ˈat͡siːmredzuot/
1284	iesi	to go, to walk	/ˈiesi/
1285	saukt	to call, to cry	[ˈsàu̯kt]
1286	dabūsim	to get, to obtain	/ˈdabuːsim/
1287	kameru	camera	/ˈkameru/
1288	veikalā	shop, store	/ˈʋeikalaː/
1289	vel	to full	/ˈʋæl/
1290	lielākā	bigger, larger, greater; indefinite comparative degree of…	/ˈlielːaːːkaː/
1291	likumu	law	/ˈlikumu/
1292	sievietēm	woman	/ˈsieʋieteːm/
1293	laimīgi	happy, happily; adverbial form of laimīgs	/ˈlaimiːɡi/
1294	klients	customer	/ˈklients/
1295	mammas	mum	/ˈmaːmːas/
1296	zaudējis	having lost; indefinite past active participle of zaudēt	/ˈzaudeːjis/
1297	kustieties	to move; reflexive of kustēt	/ˈkustieties/
1298	brāļi	brother	/ˈbraːʎi/
1299	sistēmu	system	/ˈsisteːmu/
1300	laimīga	happy	/ˈlaimiːɡa/
1301	īstam	real, true, genuine, not false or artificial	/ˈiːstam/
1302	runāja	to speak, to talk	/ˈrunaːja/
1303	veselu	healthy	/ˈʋæsælu/
1304	saruna	talk, conversation, discourse	/ˈsaruna/
1305	turēt	to hold	[tuɾɛ̂ːt]
1306	kļūdu	error, mistake	/ˈkʎuːdu/
1307	atvērt	to open so as to make the space behind it accessible	[atvɛ̄ːɾt]
1308	vienai	one	/ˈʋieːnai/
1309	zirgu	horse	/ˈzirɡu/
1310	varējis	having been able to; indefinite past active participle of…	/ˈʋareːjis/
1311	drīkst	may; be allowed, authorized, have the right	/ˈdriːkst/
1312	istaba	room	[ˈistaba]
1313	tak	but, but also	/ˈtak/
1314	draugus	friend	/ˈdrauɡus/
1315	dzert	to drink	[ˈd͡zɛ̂ɾt]
1316	nekam	nothing	/neˈkam/
1317	jēga	meaning, sense, point	[ˈjǣːɡa]
1318	stipri	strong, strongly; very, quite; adverbial form of stiprs	/ˈstipri/
1319	seja	face	/ˈseja/
1320	atrastu	to find	/ˈatrastu/
1321	vecumā	old age	/ˈʋæt͡sumaː/
1322	melnā	black	/ˈmællnaː/
1323	dariet	to do	/ˈdariet/
1324	stāsti	story	/ˈstaːsti/
1325	armija	a country's armed forces	[aɾmija]
1326	draugam	friend	/ˈdrauɡam/
1327	tavām	your, yours	/ˈtaʋaːm/
1328	līķi	dead body, corpse	/ˈliːci/
1329	draudzeni	friend, girlfriend	/ˈdraudzæni/
1330	cepuri	hat	/ˈt͡sæpuri/
1331	redzēsi	to see	/ˈredzæːsi/
1332	kuces	female dog, bitch	/ˈkut͡ses/
1333	daudzas	many	/ˈdaudzas/
1334	cietuma	prison	/ˈt͡sietuma/
1335	ģimenei	family living together; larger group of relatives living…	/ˈɟimænei/
1336	balsi	voice	/ˈbalsi/
1337	daudzus	many	/ˈdaudzus/
1338	viesnīcā	hotel	/ˈʋiesniːt͡saː/
1339	strādāja	to work	/ˈstraːdaːja/
1340	dzērienu	drink, beverage	/ˈdzeːrieːnu/
1341	lielāko	bigger, larger, greater; indefinite comparative degree of…	/ˈlielːaːːkuo/
1342	vējš	wind	[vɛ̄ːjʃ]
1343	laimi	happiness	/ˈlaimi/
1344	sporta	sport, sports	/ˈsporta/
1345	ārsts	doctor, physician	[āːrsts]
1346	rīkoties	to act, to make a move	[ˈɾìːkuɔ̯̂tiɛ̯̂s]
1347	kļuvis	having become; indefinite past active participle of kļūt	/ˈkʎuʋis/
1348	policiju	police	/ˈpolit͡siju/
1349	vesels	healthy	[væsæls]
1350	cerēju	to hope	/ˈt͡særeːju/
1351	veidu	form	/ˈʋeidu/
1352	traka	mad, rabid	/ˈtraka/
1353	vecis	old man	/ˈʋet͡sis/
1354	atcerēties	to remember	/ˈatt͡særeːties/
1355	meklējam	to search for, to look for	/ˈmekleːjam/
1356	pilns	full	[ˈpīlns]
1357	jauku	nice, cute	/ˈjauku/
1358	prāta	mind	/ˈpraːta/
1359	sejā	face	/ˈsejaː/
1360	sēdēt	to sit, to be seated	/ˈseːdeːt/
1361	palīdzēja	to help, to help out, to aid, to assist	/ˈpaliːdzeːja/
1362	atbildēt	to answer	[atbîldɛː̂t]
1363	jautājumus	question; inquiry	/ˈjautaːjumus/
1364	ieroči	weapon	/ˈieruot͡ʃi/
1365	stop	stop!, halt!	/ˈstop/
1366	jēgas	meaning, sense, point	/ˈjæːɡas/
1367	punkts	stop/full stop, period	/ˈpuŋkts/
1368	devos	to give oneself; reflexive of dot	/ˈdæʋuos/
1369	vieglāk	lighter, easier, milder, more lightly, more easily, more…	/ˈʋieɡlaːːk/
1370	runājām	to speak, to talk	/ˈrunaːjaːm/
1371	vīram	husband	/ˈʋiːram/
1372	zīme	sign	/ˈziːme/
1373	tēju	tea plant	/ˈteːju/
1374	pakaļa	hind part, hinder part	/ˈpakaʎa/
1375	briesmas	danger	[ˈbɾīɛ̄smas]
1376	augstu	high, highly; adverbial form of augsts	/ˈauɡstu/
1377	sarakstā	a written list, record, register, schedule	/ˈsarakstaː/
1378	vēstuli	letter	/ˈʋæːstuli/
1379	darīšana	doing, making; verbal noun of darīt	/ˈdariːʃana/
1380	vietās	place, spot, site	/ˈʋietaːs/
1381	zobenu	sword	/ˈzuobænu/
1382	atbildes	answer	/ˈatbilldes/
1383	tavus	your, yours	/ˈtaʋus/
1384	paskatīties	to look	/ˈpaskatiːties/
1385	cenu	price	/ˈt͡sænu/
1386	šausmīgi	horrible, terrible, awful, horribly, terribly, awfully;…	/ˈʃausmiːɡi/
1387	ēdiens	food prepared for consumption; meal; dish	[êːdiens]
1388	birojs	office	/ˈbirojs/
1389	telefons	telephone	/ˈtelefoːns/
1390	svarīga	important, significant	/ˈsʋariːɡa/
1391	grupa	group	/ˈɡrupa/
1392	zēnu	boy	/ˈzæːnu/
1393	atslēgu	key	/ˈatslæːɡu/
1394	runājam	to speak, to talk	/ˈrunaːjam/
1395	muļķīgi	stupidly, foolishly; adverbial form of muļķīgs	/ˈmuʎciːɡi/
1396	atrasties	to locate	/ˈatrasties/
1397	sakāms	which can or should be said, told; indefinite present…	/ˈsakaːms/
1398	vakariņām	dinner	/vakariɲaːm/
1399	puiku	boy	/ˈpuiku/
1400	stulbi	stupid, dumb, stupidly, dumbly; adverbial form of stulbs	/ˈstullbi/
1401	augstāk	higher, taller; adverbial form of augstāks	/ˈauɡstaːːk/
1402	gredzens	ring	[ɡɾædzæns]
1403	idiots	idiot	/ˈidiuots/
1404	cerība	hope	/ˈt͡seriːba/
1405	mirs	to die	/ˈmirs/
1406	manās	my, mine	/ˈmanaːs/
1407	redzējāt	to see	/ˈredzeːjaːt/
1408	balto	white	/ˈbaltuo/
1409	brauciet	to go, to ride	/ˈbraut͡siet/
1410	mēnesi	moon	/ˈmeːnesi/
1411	prāts	mind	[ˈpɾàːt͡s]
1412	līdzīgs	similar, alike	/ˈliːdziːɡs/
1413	mīļi	kind, loving, kindly, lovingly; adverbial form of mīļš	/ˈmiːʎi/
1414	mežā	forest	/ˈmeʒaː/
1415	agri	early; adverbial form of agrs	/ˈaɡri/
1416	ņemot	to take; to seize with one's hands for some purpose	/ˈɲemuot/
1417	miljonu	million	/ˈmilljoːnu/
1418	dolāri	dollar	/ˈdolaːri/
1419	lasīt	to read	[lasîːt]
1420	stāstīja	to tell, to narrate	/ˈstaːstiːja/
1421	ai	ouch!	/ˈai/
1422	nekāds	no	/neˈkaːds/
1423	neprāts	folly	/ˈnepraːts/
1424	piecus	five	/ˈpiet͡sus/
1425	krāsa	color	[krāːsa]
1426	prot	to know how to, to be able to do	/ˈpruot/
1427	saraksts	a written list, record, register, schedule	/ˈsaraksts/
1428	vīrieši	man	/ˈʋiːrieʃi/
1429	lidmašīna	airplane	/ˈlidmaʃiːna/
1430	ieroču	weapon	/ˈieruot͡ʃu/
1431	gods	honor	[ˈɡùɔt͡s]
1432	noteikumi	rules, regulations	/ˈnuoteikumi/
1433	gados	year	/ˈɡaduos/
1434	sliktu	bad not following moral rules, treating others in a cruel…	/ˈsliktu/
1435	tirgus	market, marketplace	[ˈtìɾɡus]
1436	laimīgu	happy	/ˈlaimiːɡu/
1437	gājiens	trip, walk	/ˈɡaːjiens/
1438	labākie	better; indefinite comparative degree of labs	/ˈlabaːːkie/
1439	ienaidnieks	enemy, opponent, adversary, foe	/ˈieːnaidnieks/
1440	sarakstu	a written list, record, register, schedule	/ˈsarakstu/
1441	drauga	friend	/ˈdrauɡa/
1442	ledus	ice	[ˈlædus]
1443	princese	princess	/ˈprint͡sese/
1444	ierasties	to arrive	/ˈierasties/
1445	skatos	look	/ˈskatuos/
1446	cīņa	fight, battle, struggle	/ˈt͡siːɲa/
1447	aiziešu	to leave, to go away, to escape	/ˈaizieʃu/
1448	augšu	top, upper part	/ˈauɡʃu/
1449	ticēt	to believe	[titsɛ̂ːt]
1450	vecā	old	/ˈʋæt͡saː/
1451	sekss	sex, gender	[sɛks]
1452	tēvocis	uncle	[ˈtǣːvuôt͡sis]
1453	spēka	force	/ˈspæːka/
1454	policijai	police	/ˈpolit͡sijai/
1455	ziņa	message	/ˈziɲa/
1456	mīla	love	/ˈmiːla/
1457	meitenēm	girl	/ˈmeiteneːm/
1458	kurpes	shoes with heels and hard soles, covering the foot but not…	/ˈkurpes/
1459	garu	spirit	/ˈɡaru/
1460	miers	peace, tranquility, calm, quiet, rest	[miɛ̂ɾs]
1461	sistēmas	system	/ˈsisteːmas/
1462	sirdī	heart	/ˈsirdiː/
1463	jautāt	to ask question, to inquire, to question	[jāūtât]
1464	plāna	plan, map, blueprint, layout	/ˈplaːna/
1465	trešais	third	/ˈtreʃais/
1466	ziemassvētku	genitive plural of Ziemassvētki	/ˈziemassʋæːtku/
1467	daļas	part	/ˈdaʎas/
1468	nākamā	genitive singular masculine	/ˈnaːːkamaː/
1469	dzīvība	life	/ˈdziːʋiːba/
1470	negribētu	to not want; negative form of gribēt	/ˈneɡribæːtu/
1471	nozīme	meaning	/ˈnuoziːme/
1472	pierādīt	to prove	/ˈpieraːdiːt/
1473	pagātnē	past	/ˈpaɡaːtneː/
1474	kafijas	coffee	/ˈkafijas/
1475	pīt	to braid	/ˈpiːt/
1476	vadīt	to lead, to conduct	[ˈvadîːt]
1477	dzīvu	living, alive	/ˈdziːʋu/
1478	turpiniet	to continue, to go on doing, to not interrupt	/ˈturpiniet/
1479	karaliene	queen	[ˈkaɾalīɛ̄nɛ]
1480	dāma	lady	[ˈdāːma]
1481	mazulis	little child, little one, baby	/ˈmazulis/
1482	noteikumus	rules, regulations	/ˈnuoteikumus/
1483	brokastis	breakfast	[ˈbɾūɔ̯̄kastis]
1484	skaistas	beautiful	/ˈskaistas/
1485	jūrā	sea	/ˈjuːraː/
1486	lēnāk	slower, calmer, more slowly, more calmly; adverbial form of…	/ˈlæːnaːːk/
1487	dns	initialism of dezoksiribonukleīnskābe	/ˈdeːˌeˌness/
1488	dvēsele	soul	[ˈdvɛ̄ːsɛlɛ]
1489	zelts	gold	[zæ̀lts]
1490	jāsaprot	to understand	/ˈjaːsapruot/
1491	astoņi	eight	[ˈɑstuo̯ɲi]
1492	leju	low area, low place, below	/ˈleju/
1493	matus	hair	/ˈmatus/
1494	nezināt	to not know; negative form of zināt	/ˈnezinaːt/
1495	sāks	to begin, to start	/ˈsaːːks/
1496	nozagt	to steal	/ˈnuozaɡt/
1497	darbi	work, job, business	/ˈdarbi/
1498	seksu	sex, gender	/ˈseksu/
1499	guli	to sleep, to be asleep	/ˈɡuli/
1500	divdesmit	twenty	/ˈdiʋdesmit/
1501	sūdu	shit	/ˈsuːdu/
1502	nākotne	future	[nāːkuôtnɛ]
1503	acs	eye	[ats]
1504	dirst	to shit	[ˈdìɾst]
1505	mātei	mother	/ˈmaːtei/
1506	veči	old man	/ˈʋet͡ʃi/
1507	dabūja	to get, to obtain	/ˈdabuːja/
1508	vajadzējis	having been necessary; indefinite past active participle of…	/ˈʋa`ja`dzeːjis/
1509	stāstīt	to tell, to narrate	[stâːstîːt]
1510	nebiji	were not; second-person singular past indicative of nebūt	/ˈnebiji/
1511	neteica	to not say, to not tell; negative form of teikt	/ˈneteit͡sa/
1512	ķermeni	body	/ˈcærmæni/
1513	brīvību	freedom, liberty subordination, dependence	/ˈbriːʋiːbu/
1514	solis	step	/ˈsuolis/
1515	joda	iodine	/ˈjuoda/
1516	izvēlēties	to choose	/ˈizʋeːleːties/
1517	braukšu	to go, to ride	/ˈbraukʃu/
1518	vienība	unit	/ˈʋieːniːba/
1519	neej	to not go; negative form of iet	/ˈneej/
1520	soli	bench	/ˈsuoli/
1521	zaudē	to lose	/ˈzaudeː/
1522	lēmums	decision	/ˈlæːmums/
1523	zirgs	horse	[ˈzîɾks]
1524	valsti	state, country	/ˈʋalsti/
1525	stulbs	stupid, dumb	[stùlps]
1526	ceļam	road, way	/ˈt͡seʎam/
1527	vakariņās	dinner	/ˈʋakariɲaːs/
1528	zobu	tooth	/ˈzuobu/
1529	zibens	lightning	[ˈzibɛns]
1530	bumbas	ball	/ˈbumbas/
1531	domājam	to think	/ˈduomaːjam/
1532	priekā	joy, delight	/ˈpriekaː/
1533	gudra	intelligent, wise	/ˈɡudra/
1534	kruķis	crutch	/ˈkrucis/
1535	pasaulei	world	/ˈpasaulei/
1536	neiešu	to not go; negative form of iet	/ˈneieʃu/
1537	stunda	hour	/ˈstuŋda/
1538	kristus	alternative form of krusts	/ˈkristus/
1539	gara	spirit	/ˈɡara/
1540	nāksi	to come	/ˈnaːːksi/
1541	priecīgus	happy, glad, joyful, delighted	/ˈpriet͡siːɡus/
1542	krievu	a Russian, a Russian man, a man from Russia or of Russian…	/ˈkrieʋu/
1543	redzējuši	having seen; indefinite past active participle of redzēt	/ˈredzeːjuʃi/
1544	vecu	old	/ˈʋæt͡su/
1545	armijas	a country's armed forces	/ˈarmijas/
1546	runas	speech, speaking, talking	/ˈrunas/
1547	dzird	to hear	/ˈdzird/
1548	fantastiski	fantastic, wonderful, fantastically, wonderfully; adverbial…	/ˈfantastiski/
1549	nākotnes	future	/ˈnaːːkuotnes/
1550	ziemassvētkus	accusative plural of Ziemassvētki	/ˈziemassʋæːtkus/
1551	milzīgs	huge, enormous, giant	/ˈmillziːɡs/
1552	papīra	paper	/ˈpapiːra/
1553	stiprs	strong	[stipɾs]
1554	sakars	connection	/ˈsakars/
1555	dvēseli	soul	/ˈdʋeːseli/
1556	pilnīgs	complete, total, full, perfect, absolute	/ˈpillniːɡs/
1557	zaglis	thief	[zaɡlis]
1558	miera	peace, tranquility, calm, quiet, rest	/ˈmiera/
1559	parasts	gotten used to, made into a habit; indefinite past passive…	/ˈparasts/
1560	banka	bank	/ˈbaŋka/
1561	policists	police officer, policeman	/ˈpolit͡sists/
1562	deviņi	nine	[ˈdɛviɲi]
1563	kamera	camera	/ˈkamera/
1564	izsalcis	hungry, famished, starving, starved; indefinite past active…	/ˈizsalt͡sis/
1565	mīļākā	dearer, more cherished, more beloved; indefinite…	/ˈmiːʎaːːkaː/
1566	elpu	breath, breathing	/ˈælpu/
1567	valstī	state, country	/ˈʋalstiː/
1568	tic	to believe	/ˈtit͡s/
1569	situāciju	situation	/ˈsituaːt͡siju/
1570	slims	sick, ill, diseased	/ˈslims/
1571	gatavībā	readiness	/ˈɡataʋiːbaː/
1572	centrā	center	/ˈt͡sentraː/
1573	tiesnesis	judge	/ˈtiesnesis/
1574	lielāku	bigger, larger, greater; indefinite comparative degree of…	/ˈlielːaːːku/
1575	darbus	work, job, business	/ˈdarbus/
1576	putns	bird	/ˈputŋs/
1577	nodot	to hand over, to deliver	/ˈnuoduot/
1578	zālē	grass	/ˈzaːleː/
1579	sargi	to protect, to guard	/ˈsarɡi/
1580	lieli	greatly, largely; adverbial form of liels	/ˈlielːi/
1581	jādabū	to get, to obtain	/ˈjaːdabuː/
1582	rakstu	to write by means of writing; to make, form letters with a…	/ˈrakstu/
1583	brīvi	free, freely; adverbial form of brīvs	/ˈbriːʋi/
1584	sieviešu	woman	/ˈsieʋieʃu/
1585	neiet	to not go; negative form of iet	/ˈneiet/
1586	randiņš	date	/ˈraŋdiɲʃ/
1587	roze	rose	[rūōzɛ]
1588	operācija	operation	[ɔpːeraːtsijːa]
1589	nāca	to come	/ˈnaːt͡sa/
1590	gabals	piece	/ˈɡabals/
1591	kaķis	domestic cat	[ˈkacːis]
1592	turiet	to hold	/ˈturiet/
1593	uzvara	victory	/ˈuz-ʋara/
1594	lēnām	slow	/ˈlæːnaːm/
1595	vara	power	/ˈʋara/
1596	radīt	to create	/ˈradiːt/
1597	tajās	in those; locative plural feminine of tas	/ˈtajaːs/
1598	iedot	to give, to hand, so that someone takes it	/ˈieduot/
1599	velc	to pull	/ˈʋælt͡s/
1600	skan	to sound	/ˈskan/
1601	atkarīgs	dependent	/ˈatkariːɡs/
1602	klases	grade, class	/ˈklases/
1603	prasa	to ask for, to request, to demand	/ˈprasa/
1604	istabas	room	/ˈistabas/
1605	gudri	intelligent, wise, intelligently, wisely; adverbial form of…	/ˈɡudri/
1606	pudeli	bottle	/ˈpudæli/
1607	atklāti	openly, honestly, frankly, candidly, sincerely; adverbial…	/ˈatklaːti/
1608	vieni	one	/ˈʋieːni/
1609	iziet	to leave, to exit, to go out	/ˈiziet/
1610	precīzi	precise, exact, accurate	/ˈpret͡siːzi/
1611	viesnīcas	hotel	/ˈʋiesniːt͡sas/
1612	ieiet	to enter, to go in	/ˈieiet/
1613	skola	school	/ˈskuola/
1614	sakāt	to say, tell	/ˈsakaːt/
1615	vēsturē	history	/ˈʋeːstureː/
1616	koka	tree	/ˈkuoka/
1617	planētas	planet	/ˈplanæːtas/
1618	lidmašīnas	airplane	/ˈlidmaʃiːnas/
1619	kods	code	/ˈkoːds/
1620	ļaunu	evil, wicked	/ˈʎaunu/
1621	divu	two	/ˈdiʋu/
1622	zivs	fish	[ziws]
1623	salu	island	/ˈsalu/
1624	gultas	bed	/ˈɡultas/
1625	klasē	grade, class	/ˈklaseː/
1626	liktenis	destiny, fate, fortune	/ˈliktenis/
1627	bēgt	to flee, run away, escape	[ˈbɛ̂ːkt]
1628	misters	Mr	/ˈmistærs/
1629	nez	use to add uncertainty or obscurity to statement	/ˈnæz/
1630	darāms	which can or should be done, made; indefinite present…	/ˈdaraːms/
1631	slepkavību	murder, homicide	/ˈslæpkaʋiːbu/
1632	lielāks	bigger, larger, greater; indefinite comparative degree of…	/ˈlielːaːːks/
1633	nedrīkstam	not being allowed to, not daring; adverbial…	/ˈnedriːkstam/
1634	nenāk	to not come; negative form of nākt	/ˈnenaːːk/
1635	kauns	shame act, action	[kàwns]
1636	šogad	this year	/ˈʃuoɡad/
1637	ķermenis	body	[ˈcɛ̄ɾmɛnis]
1638	degunu	nose	/ˈdæɡunu/
1639	grīdas	floor, flooring	/ˈɡriːdas/
1640	vecākus	parents	/ˈʋæt͡saːːkus/
1641	citus	another	/ˈt͡situs/
1642	filma	movie	/ˈfillma/
1643	laivu	boat	/ˈlaiʋu/
1644	redzēšanos	seeing oneself, seeing each other; meeting; verbal noun of…	/ˈredzeːʃanuos/
1645	dzirdējusi	having heard; indefinite past active participle of dzirdēt	/ˈdzirdeːjusi/
1646	uzdevumu	task, duty	/ˈuzdæʋumu/
1647	ātrumu	speed, velocity	/ˈaːtrumu/
1648	dzīvnieku	animal	/ˈdziːʋnieku/
1649	valdība	government	/ˈʋalldiːba/
1650	veci	old man	/ˈʋæt͡si/
1651	devu	portion	/ˈdæʋu/
1652	piecām	five	/ˈpiet͡saːm/
1653	palīdzēsi	to help, to help out, to aid, to assist	/ˈpaliːdzæːsi/
1654	atradīsi	to find	/ˈatradiːsi/
1655	miljons	million	/ˈmilljoːns/
1656	sākums	beginning, starting point *in time or space	/ˈsaːːkums/
1657	lien	to creep	/ˈlien/
1658	domu	thought	/ˈduomu/
1659	soda	natron	/ˈsuoda/
1660	ņemšu	to take; to seize with one's hands for some purpose	/ˈɲemʃu/
1661	minūšu	minute	/ˈminuːʃu/
1662	vainu	fault, guilt	/ˈʋaiːnu/
1663	tirdzniecības	commerce, trade, business	/ˈtirdzniet͡siːbas/
1664	jauni	having relatively low age, young, new	/ˈjauni/
1665	amerikāņi	an American man, a man born in the United States of America	/ˈamerikaːɲi/
1666	atrod	to find	/ˈatruod/
1667	brīvu	free	/ˈbriːʋu/
1668	nestrādā	to not work; negative form of strādāt	/ˈnestraːdaː/
1669	mīlēt	to love, to feel love for	/ˈmiːleːt/
1670	dievinu	to admire, to adore, to idolize, to deify	/ˈdieʋinu/
1671	valodu	language	/ˈʋaluodu/
1672	sala	island	[sala]
1673	olas	egg	/ˈuolas/
1674	idejas	idea	/ˈidejas/
1675	melno	black	/ˈmællnuo/
1676	traku	mad, rabid	/ˈtraku/
1677	auksts	cold	[ˈāūkst͡s]
1678	būšana	to be, to exist	/ˈbuːʃana/
1679	lūgt	to ask	/ˈluːɡt/
1680	piedāvājums	An offer or proposition	[ˈpiɛ.da.vaː.jums]
1681	nākotnē	future	/ˈnaːːkuotneː/
1682	jebkurš	any	[jɛpˈkuɾʃ]
1683	izskatīties	to look	[isːkatiːtiɛ̯s]
1684	rodas	to occur	/ˈruodas/
1685	ātrums	speed, velocity	[ˈāːtɾums]
1686	laikos	time, era	/ˈlaikuos/
1687	dvēseles	soul	/ˈdʋeːseles/
1688	domās	thought	/ˈduomaːs/
1689	vīriem	husband	/ˈʋiːriem/
1690	deju	first-person singular present/past indicative of diet	/ˈdeju/
1691	noguris	tired; indefinite past active participle of nogurt	/ˈnuoɡuris/
1692	nedarītu	to not do, to not make; negative form of darīt	/ˈnedariːtu/
1693	visās	all, whole, entire	/ˈʋisaːs/
1694	vācu	German; pertaining to Germany and its people	/ˈʋaːt͡su/
1695	teiksim	to say, to tell	/ˈteiksim/
1696	karali	king	/ˈkarali/
1697	tīri	clean, pure, cleanly, purely; adverbial form of tīrs	/ˈtiːri/
1698	johaidī	used to indicate various feelings, emotions	/ˈjohaidiː/
1699	dzirdējāt	to hear	/ˈdzirdeːjaːt/
1700	spēļu	play	/ˈspeːʎu/
1701	nedarīšu	to not do, to not make; negative form of darīt	/ˈnedariːʃu/
1702	ilgs	long	[īɫks]
1703	franču	Frenchman	/ˈfrant͡ʃu/
1704	zāli	grass	/ˈzaːli/
1705	slepkavības	murder, homicide	/ˈslæpkaʋiːbas/
1706	angļu	an Englishman, a man born in England	[aŋɡʎu]
1707	gaismā	light	/ˈɡaismaː/
1708	melnais	black	/ˈmællnais/
1709	vētra	storm which causes strong waves and land damage	[vǣːtɾa]
1710	noteikumiem	rules, regulations	/ˈnuoteikumiem/
1711	liki	to put	/ˈliki/
1712	jautāju	first-person singular present/past indicative of jautāt	/ˈjautaːju/
1713	augstība	Highness	/ˈauɡstiːba/
1714	dos	to give	/ˈduos/
1715	dejot	to dance	[dɛjuôt]
1716	sievietei	woman	/ˈsieʋietei/
1717	bīstams	dangerous, perilous, scary	[biːstams]
1718	bankā	bank	/ˈbaŋkaː/
1719	tavās	your, yours	/ˈtaʋaːs/
1720	saprastu	to understand	/ˈsaprastu/
1721	dotos	to give oneself; reflexive of dot	/ˈduotuos/
1722	nazi	knife	/ˈnazi/
1723	ūdenī	water	/ˈuːdeniː/
1724	karti	map, chart	/ˈkarti/
1725	aizej	to leave, to go away, to escape	/ˈaizej/
1726	īstu	real, true, genuine, not false or artificial	/ˈiːstu/
1727	pagaidīt	to wait for a while	/ˈpaɡaidiːt/
1728	sodu	natron	/ˈsuodu/
1729	kurai	which, who	/ˈkurai/
1730	ieročiem	weapon	/ˈieruot͡ʃiem/
1731	vīrus	husband	/ˈʋiːrus/
1732	tualeti	dress, outfit, dressing style	/ˈtualæti/
1733	sliktais	bad not following moral rules, treating others in a cruel…	/ˈsliktais/
1734	tētim	father, dad	/ˈteːtim/
1735	austrumu	east	/ˈaustrumu/
1736	plāno	thin	/ˈplaːnuo/
1737	ziema	winter	[ˈzìɛma]
1738	ķer	to catch	/ˈcær/
1739	kaķi	domestic cat	/ˈkaci/
1740	bijušas	having been; indefinite past active participle of būt	/ˈbijuʃas/
1741	jāpalīdz	to help, to help out, to aid, to assist	/ˈjaːpaliːdz/
1742	situācijā	situation	/ˈsituaːt͡sijaː/
1743	mēness	moon	[ˈmɛ̄ːnɛs]
1744	ādas	skin body	/ˈaːdas/
1745	labās	good following accepted moral rules, treating others in a…	/ˈlabaːs/
1746	saprot	to understand	/ˈsapruot/
1747	ragana	witch	[ˈɾaɡana]
1748	četrus	four	/ˈt͡ʃetrus/
1749	protu	to know how to, to be able to do	/ˈpruotu/
1750	nebūt	to not be; negative form of būt	/ˈnebuːt/
1751	dēlam	son	/ˈdæːlam/
1752	nesaprot	to not understand; negative form of saprast	/ˈnesapruot/
1753	līmenis	level	/ˈliːmenis/
1754	asinīm	blood	/ˈasiniːm/
1755	sliktas	bad not following moral rules, treating others in a cruel…	/ˈsliktas/
1756	zeltu	gold	/ˈzæltu/
1757	rītu	morning	/ˈriːtu/
1758	draudzenes	friend, girlfriend	/ˈdraudzenes/
1759	sarkanā	red	/ˈsarkanaː/
1760	slimnīcu	hospital	/ˈslimniːt͡su/
1761	ha	ha!	/ˈha/
1762	gaļas	meat	/ˈɡaʎas/
1763	domāts	thought; indefinite past passive participle of domāt	/ˈduomaːts/
1764	brīva	free	/ˈbriːʋa/
1765	vilciens	one-off event of dragging, pulling, drawing, or its result	[vìlciens]
1766	koku	tree	/ˈkuoku/
1767	uzbrukt	to attack	/ˈuzbrukt/
1768	kosmosa	cosmos, universe, outer space	/ˈkosmosa/
1769	eu	Use to draw somebody's attention	/ˈeu/
1770	vīnu	wine	/ˈʋiːnu/
1771	nevarēšu	to not be able to; negative form of varēt	/ˈneʋareːʃu/
1772	sekundēm	second	/ˈsekuŋdeːm/
1773	garlaicīgi	boring, tedious, boringly, tediously; adverbial form of…	/ˈɡarlait͡siːɡi/
1774	tante	aunt	/ˈtante/
1775	neteikšu	to not say, to not tell; negative form of teikt	/ˈneteikʃu/
1776	šokolādes	chocolate	/ˈʃokolaːdes/
1777	minēt	to guess	[ˈminɛ̂ːt]
1778	kalna	mountain, hill	/ˈkallna/
1779	māsas	sister	/ˈmaːsas/
1780	beigt	to finish	/ˈbeiɡt/
1781	glāzi	glass	/ˈɡlaːzi/
1782	pieciem	five	/ˈpiet͡siem/
1783	zemu	low; adverbial form of zems	/ˈzemu/
1784	negribat	to not want; negative form of gribēt	/ˈneɡribat/
1785	lidmašīnā	airplane	/ˈlidmaʃiːnaː/
1786	īpašu	specific, independent	/ˈiːpaʃu/
1787	meitenei	girl	/ˈmeitænei/
1788	dēla	son	/ˈdæːla/
1789	mēneši	moon	/ˈmeːneʃi/
1790	darīts	done, made; indefinite past passive participle of darīt	/ˈdariːts/
1791	enerģijas	energy	/ˈenerɟijas/
1792	stāvu	to stand	/ˈstaːʋu/
1793	dzimis	having been born; indefinite past active participle of dzimt	/ˈdzimis/
1794	gaisu	air	/ˈɡaisu/
1795	skaņas	sound	/ˈskaɲas/
1796	lācis	bear	[lâːt͡sis]
1797	debesis	sky	/ˈdebesis/
1798	ticiet	to believe	/ˈtit͡siet/
1799	ķermeņa	body	/ˈcærmeɲa/
1800	redzams	which can or should be seen; indefinite present passive…	/ˈredzams/
1801	palīgs	helper, assistant	/ˈpaliːɡs/
1802	kalnu	mountain, hill	/ˈkallnu/
1803	gala	tip, end	/ˈɡala/
1804	sešas	six	/ˈseʃas/
1805	dziesmas	song	/ˈdziesmas/
1806	drošību	safety	/ˈdruoʃiːbu/
1807	vilks	wolf	[vìlks]
1808	dokumentu	document	/ˈdokumæntu/
1809	sargā	to protect, to guard	/ˈsarɡaː/
1810	tips	type	/ˈtips/
1811	aizdomas	suspicion	/ˈaizduomas/
1812	liks	to put	/ˈliks/
1813	vecāku	parents	/ˈʋæt͡saːːku/
1814	slima	sick, ill, diseased	/ˈslima/
1815	tautas	people, nation	/ˈtautas/
1816	pasaka	legend, folktale, fairy tale	/ˈpasaka/
1817	spēkus	force	/ˈspæːkus/
1818	somu	a Finn, a Finnish man	/ˈsuomu/
1819	līķis	dead body, corpse	[līːcis]
1820	mīļākais	lover	/ˈmiːʎaːːkais/
1821	muguru	back	/ˈmuɡuru/
1822	simts	hundred	/ˈsimts/
1823	cieši	tight, dense, close, tightly, densely, closely; adverbial…	/ˈt͡sieʃi/
1824	spēkā	force	/ˈspæːkaː/
1825	stulbenis	stupid man	/ˈstullbenis/
1826	kļūtu	to become	/ˈkʎuːtu/
1827	skaļi	loud, loudly, aloud; adverbial form of skaļš	/ˈskaʎi/
1828	nozagi	to steal	/ˈnuozaɡi/
1829	dīvaina	strange, odd, unusual, surprising	/ˈdiːʋaiːna/
1830	pavēles	order, command	/ˈpaʋeːles/
1831	minūti	minute	/ˈminuːti/
1832	bērna	child	/ˈbæːrna/
1833	lapas	leaf	/ˈlapas/
1834	darbinieku	employee; clerk; official	/ˈdarbinieku/
1835	vēstules	letter	/ˈʋæːstules/
1836	dziedāt	to sing	[ˈd͡ziɛ̂dâːt]
1837	dienesta	service, duty	/ˈdieːnæsta/
1838	lodes	sphere	/ˈluodes/
1839	lode	sphere	[lūōdɛ]
1840	tēta	father, dad	/ˈteːta/
1841	trešā	third	/ˈtreʃaː/
1842	matu	hair	/ˈmatu/
1843	meitas	daughter	/ˈmeitas/
1844	devies	to give oneself; reflexive of dot	/ˈdeʋies/
1845	gadījums	occasion	/ˈɡadiːjums/
1846	metāla	metal	/ˈmetaːla/
1847	uzvalks	suit	/ˈuz-ʋalks/
1848	pils	palace	/ˈpils/
1849	rindā	row, line, queue	/ˈriŋdaː/
1850	prasīja	to ask for, to request, to demand	/ˈprasiːja/
1851	ģimenē	family living together; larger group of relatives living…	/ˈɟimeneː/
1852	smieklīgs	funny, humorous, amusing	/ˈsmiekliːɡs/
1853	karaļa	king	/ˈkaraʎa/
1854	neteici	to not say, to not tell; negative form of teikt	/ˈneteit͡si/
1855	mutē	mouth	/ˈmuteː/
1856	debess	sky	/ˈdebess/
1857	reti	thin, sparse, rare, thinly, sparsely, rarely; adverbial…	/ˈreti/
1858	atklāt	to uncover, to expose, to reveal, to open	/ˈatklaːt/
1859	vecākais	older; indefinite comparative degree of vecs	/ˈʋæt͡saːːkais/
1860	spēja	ability	/ˈspeːja/
1861	glābšanas	saving, salvation; verbal noun of glābt	/ˈɡlaːbʃanas/
1862	prasi	to ask for, to request, to demand	/ˈprasi/
1863	cena	price	[ˈt͡sæna]
1864	ienaidnieku	enemy, opponent, adversary, foe	/ˈieːnaidnieku/
1865	ļaudīm	people	/ˈʎaudiːm/
1866	ārpusē	outside, exterior	/ˈaːrpuseː/
1867	avots	spring	[ˈavūɔ̯̄t͡s]
1868	skats	look	/ˈskats/
1869	seksa	sex, gender	/ˈseksa/
1870	ierīci	device, appliance, instrument	/ˈieriːt͡si/
1871	redzēs	to see	/ˈredzeːs/
1872	skaits	amount, number, quantity	/ˈskaits/
1873	jāmaksā	to pay	/ˈjaːmaksaː/
1874	īpaša	specific, independent	/ˈiːpaʃa/
1875	lodi	sphere	/ˈluodi/
1876	dolārus	dollar	/ˈdolaːrus/
1877	ideju	idea	/ˈideju/
1878	pierādījums	proof, evidence	/ˈpieraːdiːjums/
1879	mantu	property	/ˈmantu/
1880	dotu	to give	/ˈduotu/
1881	rītam	morning	/ˈriːtam/
1882	izrādi	performance, show, play	/ˈizraːdi/
1883	nesaprotat	to not understand; negative form of saprast	/ˈnesapruotat/
1884	dzīvoklī	apartment	/ˈdziːʋuokliː/
1885	plāni	thin, thinly; adverbial form of plāns	/ˈplaːni/
1886	melis	liar, deceiver	/ˈmelis/
1887	rietumu	occidental	/ˈrietumu/
1888	saprotiet	to understand	/ˈsapruotiet/
1889	mirsti	to die	/ˈmirsti/
1890	robots	robot	/ˈrobots/
1891	jāsāk	to begin, to start	/ˈjaːsaːːk/
1892	zvaigznes	star	/z-ˈʋaiɡz-nes/
1893	ameriku	accusative/instrumental singular of Amerika	/ˈameriku/
1894	viesnīca	hotel	[vìesnīːtsa]
1895	laiki	time, era	/ˈlaiki/
1896	uzdot	to raise, to lift, e.g., hay, straw, etc	/ˈuzduot/
1897	devis	having given; indefinite past active participle of dot	/ˈdeʋis/
1898	stundā	hour	/ˈstuŋdaː/
1899	nezināja	to not know; negative form of zināt	/ˈnezinaːja/
1900	mīlas	love	/ˈmiːlas/
1901	vasaras	summer	/ˈʋasaras/
1902	neredzi	to not see; negative form of redzēt	/ˈneredzi/
1903	ērti	comfortable, convenient, comfortably, conveniently;…	/ˈæːrti/
1904	ķīniešu	a Chinese man, a man from China or of Chinese descent	/ˈciːnieʃu/
1905	augšup	up, upward	/ˈauɡʃup/
1906	rakstīt	to write by means of writing; to make, form letters with a…	[ɾakstîːt]
1907	debesīm	sky	/ˈdebesiːm/
1908	mīlēja	to love, to feel love for	/ˈmiːleːja/
1909	padome	council, board	/ˈpaduome/
1910	seksīga	sexy, hot	/ˈseksiːɡa/
1911	upes	river	/ˈupes/
1912	sapni	dream	/ˈsapni/
1913	lielākais	bigger, larger, greater; indefinite comparative degree of…	/ˈlielːaːːkais/
1914	slepkavas	killer, murderer	/ˈslæpkaʋas/
1915	dzīvojam	to live, to be alive	/ˈdziːʋuojam/
1916	jeb	or, also known as, to wit	/ˈjeb/
1917	nopietns	serious	/ˈnuopietŋs/
1918	fotogrāfijas	photography	/ˈfotoɡraːfijas/
1919	vest	to lead	/ˈʋæst/
1920	viesi	visitor, guest	/ˈʋiesi/
1921	loceklis	limb, member	[lùotseklis]
1922	karte	map, chart	/ˈkarte/
1923	krūtis	breast	/ˈkruːtis/
1924	neņem	to not take; negative form of ņemt	/ˈneɲem/
1925	redzam	to see	/ˈredzam/
1926	lidojam	to fly	/ˈliduojam/
1927	profesors	professor	[pɾofɛsoɾs]
1928	dienās	day	/ˈdieːnaːs/
1929	jokoju	first-person singular present/past indicative of jokot	/ˈjuokuoju/
1930	gaiss	air	/ˈɡaiss/
1931	armiju	a country's armed forces	/ˈarmiju/
1932	noteikumu	rules, regulations	/ˈnuoteikumu/
1933	tīra	clean	/ˈtiːra/
1934	koks	tree	[kùoks]
1935	cepure	hat	/ˈt͡sæpure/
1936	ierīce	device, appliance, instrument	/ˈieriːt͡se/
1937	sapratīs	to understand	/ˈsapratiːs/
1938	atvainoties	to excuse oneself	/ˈatʋaiːnuoties/
1939	brilles	glasses, eyeglasses, spectacles	[bɾīllɛs]
1940	gribēs	to want	/ˈɡribeːs/
1941	ceļiem	road, way	/ˈt͡seʎiem/
1942	okeāna	ocean	/ˈokeaːna/
1943	nevarēs	to not be able to; negative form of varēt	/ˈneʋareːs/
1944	mirsi	to die	/ˈmirsi/
1945	zivis	fish	/ˈziʋis/
1946	maksāt	to pay	[ˈmaksâːt]
1947	bērnam	child	/ˈbæːrnam/
1948	vajadzīgas	necessary	/ˈʋa`ja`dziːɡas/
1949	sapņus	dream	/ˈsapɲus/
1950	zvaigzne	star	[zvàjɡznɛ]
1951	redziet	to see	/ˈredziet/
1952	runu	speech, speaking, talking	/ˈrunu/
1953	aizmirsis	having forgotten; indefinite past active participle of…	/ˈaizmirsis/
1954	gribējām	to want	/ˈɡribeːjaːm/
1955	veikalu	shop, store	/ˈʋeikalu/
1956	turpina	to continue, to go on doing, to not interrupt	/ˈturpina/
1957	noziegums	crime	/ˈnuozieɡums/
1958	noziedznieks	criminal	/ˈnuoziedznieks/
1959	mēneša	month	/ˈmeːneʃa/
1960	turpinās	to continue, to go on doing, to not interrupt	/ˈturpinaːs/
1961	pavēle	order, command	[pavɛ̄ːlɛ]
1962	vēsture	history	[væ̀ːstuɾɛ]
1963	klusē	To not make noise vocally either through talking, laughing,…	/ˈkluseː/
1964	rezultāts	result	/ˈrezultaːts/
1965	ziņojums	announcement, notice, notification, report	/ˈziɲuojums/
1966	aizgāju	to leave, to go away, to escape	/ˈaizɡaːju/
1967	dzelzs	iron	[dzɛ̀ls]
1968	atrodiet	to find	/ˈatruodiet/
1969	negribēja	to not want; negative form of gribēt	/ˈneɡribeːja/
1970	ceļojums	trip, journey, travel	/ˈt͡seʎuojums/
1971	ietu	to go, to walk	/ˈietu/
1972	smaga	heavy	/ˈsmaɡa/
1973	vislabākais	the best; superlative degree of labs	/ʋiˈslabaːːkais/
1974	pulksteni	clock, watch	/ˈpulkstæni/
1975	vilcienu	one-off event of dragging, pulling, drawing, or its result	/ˈʋilt͡sieːnu/
1976	lielāka	bigger, larger, greater; indefinite comparative degree of…	/ˈlielːaːːka/
1977	meiteņu	girl	/ˈmeiteɲu/
1978	krekls	shirt	/ˈkrekl̩s/
1979	tukša	empty	/ˈtukʃa/
1980	strauji	fast, quick, quickly; adverbial form of straujš	/ˈstrauji/
1981	līgums	contract	/ˈliːɡums/
1982	jāstrādā	to work	/ˈjaːstraːdaː/
1983	vietām	place, spot, site	/ˈʋietaːm/
1984	foršs	cool, good, fine, great, attractive	/ˈforʃs/
1985	izejas	exit, way out, egress	/ˈizejas/
1986	dusmas	anger, fury, ire, wrath	/ˈdusmas/
1987	darbības	action, activity	/ˈdarbiːbas/
1988	neredzēju	to not see; negative form of redzēt	/ˈneredzeːju/
1989	kļūdas	error, mistake	/ˈkʎuːdas/
1990	skaidrā	clean, clear, bright, without clouds	/ˈskaidraː/
1991	priekšnieks	boss	/ˈpriekʃnieks/
1992	nācis	having come; indefinite past active participle of nākt	/ˈnaːt͡sis/
1993	dienests	service, duty	/ˈdieːnæsts/
1994	ielās	street, road	/ˈielaːs/
1995	kafija	coffee	/ˈkafija/
1996	jaunās	having relatively low age, young, new	/ˈjaunaːs/
1997	zinot	to know	/ˈzinuot/
1998	zemāk	lower; adverbial form of zemāks	/ˈzemaːːk/
1999	nikns	wild, furious, raging	/ˈnikŋs/
2000	jaunie	having relatively low age, young, new	/ˈjaunie/
2001	vecuma	old age	/ˈʋæt͡suma/
2002	līnija	line	/ˈliːnija/
2003	mobilo	mobile	/ˈmobiluo/
2004	valda	to govern	/ˈʋallda/
2005	pārtikas	foodstuffs, provisions, groceries	/ˈpaːrtikas/
2006	kodu	code	/ˈkuodu/
2007	sešus	six	/ˈseʃus/
2008	uzvalku	suit	/ˈuz-ʋalku/
2009	ņemu	to take; to seize with one's hands for some purpose	/ˈɲæmu/
2010	aptuveni	approximately, roughly; adverbial form of aptuvens	/ˈaptuʋæni/
2011	uzmanīgs	careful, cautious	/ˈuzmaniːɡs/
2012	dzīvokli	apartment	/ˈdziːʋuokli/
2013	augstākās	higher, taller; indefinite comparative degree of augsts	/ˈauɡstaːːkaːs/
2014	dzīvei	life	/ˈdziːʋei/
2015	atklāts	open, honest, frank, sincere	/ˈatklaːts/
2016	informācijas	information	/ˈinformaːt͡sijas/
2017	elle	hell	/ˈelle/
2018	mākslinieks	artist	/ˈmaːːkslinieks/
2019	spēki	force	/ˈspæːki/
2020	kāja	leg, foot	[kāːja]
2021	nebūšu	will not be; first-person singular future indicative of…	/ˈnebuːʃu/
2022	brāļa	brother	/ˈbraːʎa/
2023	atraduši	having found; indefinite past active participle of atrast	/ˈatraduʃi/
2024	nākšu	to come	/ˈnaːːkʃu/
2025	fakts	fact	[fakts]
2026	vannas	bathtub, tub	/ˈʋannas/
2027	varēsiet	can; to be able to	/ˈʋareːsiet/
2028	lielisku	great, wonderful expressing such characteristics	/ˈlielːisku/
2029	baltā	Balt, a Baltic person, someone from the Baltic states	/ˈbaltaː/
2030	suņi	domestic dog	/ˈsuɲi/
2031	dzied	to sing	/ˈdzied/
2032	iekļūt	to get into, to enter somewhere	[ìɛkʎûːt]
2033	jocīgi	funny, funnily; adverbial form of jocīgs	/ˈjuot͡siːɡi/
2034	jautājumiem	question; inquiry	/ˈjautaːjumiem/
2035	austrumiem	east	/ˈaustrumiem/
2036	pūķi	in old Latvian mythology, a household spirit that could be…	/ˈpuːci/
2037	nerunāju	first-person singular present/past indicative of nerunāt	/ˈnerunaːju/
2038	dzinējs	motor, engine	/ˈdzineːjs/
2039	biedri	colleague, mate, comrade	/ˈbiedri/
2040	griez	to turn, to spin	/ˈɡriez/
2041	īstas	real, true, genuine, not false or artificial	/ˈiːstas/
2042	zobus	tooth	/ˈzuobus/
2043	upuri	offering, sacrifice	/ˈupuri/
2044	puķes	flower	/ˈpuces/
2045	sudraba	silver	/ˈsudraba/
2046	domājām	to think	/ˈduomaːjaːm/
2047	dienai	day	/ˈdieːnai/
2048	akmeni	stone, rock	/ˈakmæni/
2049	atkāpties	to withdraw	/ˈatkaːpties/
2050	meloji	to lie, to tell lies	/ˈmæluoji/
2051	raksta	to write by means of writing; to make, form letters with a…	/ˈraksta/
2052	zaudēja	to lose	/ˈzaudeːja/
2053	mirsim	to die	/ˈmirsim/
2054	dolāriem	dollar	/ˈdolaːriem/
2055	klusāk	quieter, more silent, more quietly, more silently;…	/ˈklusaːːk/
2056	matiem	hair	/ˈmatiem/
2057	saimnieks	farmer, landowner	/ˈsaimnieks/
2058	stipra	strong	/ˈstipra/
2059	vājprāts	madness, insanity	/ˈʋaːjpraːts/
2060	gribējis	having wanted; indefinite past active participle of gribēt	/ˈɡribeːjis/
2061	pilnīga	complete, total, full, perfect, absolute	/ˈpillniːɡa/
2062	noslēpumus	secret	/ˈnuoslæːpumus/
2063	asins	blood	/ˈasins/
2064	tumšs	dark	[tùmʃ]
2065	zinājāt	to know	/ˈzinaːjaːt/
2066	mīlēju	to love, to feel love for	/ˈmiːleːju/
2067	oficiāli	officially; adverbial form of oficiāls	/ˈofit͡siaːli/
2068	palīdzu	to help, to help out, to aid, to assist	/ˈpaliːdzu/
2069	šajās	in these; locative plural feminine of šis	/ˈʃajaːs/
2070	debesu	sky	/ˈdebesu/
2071	čempions	champion	/ˈt͡ʃempioːns/
2072	kaklu	neck	/ˈkaklu/
2073	bagātību	wealth	/ˈbaɡaːtiːbu/
2074	ezera	lake	/ˈæzera/
2075	turpmāk	further; adverbial form of turpmāks	/ˈturpmaːːk/
2076	gals	tip, end	[ɡals]
2077	pārliecināt	to convince	/ˈpaːrliet͡sinaːt/
2078	sākšu	to begin, to start	/ˈsaːːkʃu/
2079	brālēns	cousin	[brāːlæːns]
2080	tajos	in those; locative plural masculine of tas	/ˈtajuos/
2081	lietās	thing	/ˈlietaːs/
2082	skolotājs	teacher	/ˈskuoluotaːjs/
2083	nestāsti	to not tell, to not narrate; negative form of stāstīt	/ˈnestaːsti/
2084	ielu	street, road	/ˈielu/
2085	nepareizo	wrong, incorrect	/ˈnepareizuo/
2086	redzot	to see	/ˈredzuot/
2087	aug	to grow	/ˈauɡ/
2088	grieķu	Greek, a man born in Greece; also, an Ancient Greek, a man…	/ˈɡriecu/
2089	domājusi	having thought; indefinite past active participle of domāt	/ˈduomaːjusi/
2090	bērnībā	childhood	/ˈbeːrniːbaː/
2091	raudāt	to weep, to cry and producing inarticulate sounds, because…	[ɾaûdât]
2092	nenāc	to not come; negative form of nākt	/ˈnenaːt͡s/
2093	krāsu	color	/ˈkraːsu/
2094	ienaidnieka	enemy, opponent, adversary, foe	/ˈieːnaidnieka/
2095	iedzersim	to drink, to have a drink	/ˈiedzersim/
2096	jāmirst	to die	/ˈjaːmirst/
2097	iedevu	to give, to hand, so that someone takes it	/ˈiedæʋu/
2098	vēzis	crayfish	[vɛ̂ːzis]
2099	gaļu	meat	/ˈɡaʎu/
2100	klints	rock, cliff	[klīnts]
2101	piederēja	to belong	/ˈpiedæreːja/
2102	kareivji	soldier, private rank in the army; a soldier of this rank	/ˈkareiʋji/
2103	brauciens	trip, ride, journey	[bràwtsiɛns]
2104	baigi	terrible, terribly; adverbial form of baigs	/ˈbaiɡi/
2105	vesela	healthy	/ˈʋæsæla/
2106	sūtīt	to send	[ˈsùː.tîːt]
2107	darbiem	work, job, business	/ˈdarbiem/
2108	zvans	bell	/z-ˈʋans/
2109	vīna	wine	/ˈʋiːna/
2110	lietot	to use, to utilise	/ˈlietuot/
2111	aizgājis	having gone away; indefinite past active participle of…	/ˈaizɡaːjis/
2112	prāvu	large, big, sizeable, considerable	/ˈpraːʋu/
2113	nedzirdu	to not hear; negative form of dzirdēt	/ˈnedzirdu/
2114	karsts	hot	[kâɾsts]
2115	lejup	down, downward	/ˈlejup/
2116	adresi	address	/ˈadræsi/
2117	nāvē	death	/ˈnaːʋeː/
2118	veselību	health	/ˈʋæsæliːbu/
2119	mācīties	to learn, to study	[ˈmâːt͡sîːtiɛ̂s]
2120	saraksta	a written list, record, register, schedule	/ˈsaraksta/
2121	kleita	dress	/ˈkleita/
2122	ari	to plow for sowing by using a plow	/ˈari/
2123	likuma	law	/ˈlikuma/
2124	neredz	to not see; negative form of redzēt	/ˈneredz/
2125	negadījums	mishap, accident, incident, mischance	/ˈneɡadiːjums/
2126	aizeju	to leave, to go away, to escape	/ˈaizeju/
2127	bijušais	the one having been; definite past active participle of būt	/ˈbijuʃais/
2128	kalnā	mountain, hill	/ˈkallnaː/
2129	pieredze	experience	/ˈpieredze/
2130	suņa	domestic dog	/ˈsuɲa/
2131	putni	bird	/ˈputni/
2132	vadu	pipe, tube, duct, chute	/ˈʋadu/
2133	kustas	to move; reflexive of kustēt	/ˈkustas/
2134	kastē	box	/ˈkasteː/
2135	uzņēmums	enterprise, establishment, corporation	/ˈuzɲeːmums/
2136	zināšanas	knowing; verbal noun of zināt	/ˈzinaːʃanas/
2137	sist	to hit, to strike, to beat	/ˈsist/
2138	angliski	English, in English; adverbial form of anglisks	/ˈaŋɡliski/
2139	visos	all, whole, entire	/ˈʋisuos/
2140	kali	to forge	/ˈkali/
2141	gulta	bed	[ˈɡùlta]
2142	sapratāt	to understand	/ˈsaprataːt/
2143	spēcīgs	strong	/ˈspeːt͡siːɡs/
2144	kaimiņi	neighbour	/ˈkaimiɲi/
2145	todien	that day	/ˈtuodien/
2146	sevī	in -self; locative singular of sevi	/ˈseʋiː/
2147	kājās	leg, foot	/ˈkaːjaːs/
2148	rietumiem	west	/ˈrietumiem/
2149	melot	to lie, to tell lies	[mæɫuô̯t]
2150	garā	spirit	/ˈɡaraː/
2151	teiksiet	to say, to tell	/ˈteiksiet/
2152	ēka	building	/ˈæːka/
2153	slimnīcas	hospital	/ˈslimniːt͡sas/
2154	darbam	work, job, business	/ˈdarbam/
2155	strādājat	to work	/ˈstraːdaːjat/
2156	nelaime	misfortune, bad luck, ill-fortune	/ˈnelaime/
2157	atbrīvot	to liberate	/ˈatbriːʋuot/
2158	šodienas	today, this day	/ˈʃuodieːnas/
2159	mazas	small, little size of other similar objects, beings, areas,…	/ˈmazas/
2160	vajadzības	need, necessary	/ˈʋa`ja`dziːbas/
2161	just	to feel	[just]
2162	izeju	to leave, to exit, to go out	/ˈizeju/
2163	atradāt	to find	/ˈatradaːt/
2164	savi	own; used with all persons	/ˈsaʋi/
2165	nedara	to not do, to not make; negative form of darīt	/ˈnedara/
2166	apstāties	to stop	/ˈapstaːties/
2167	pavēlnieks	master	/ˈpaʋeːllnieks/
2168	vislabāk	best; adverbial form of vislabākais	/ʋiˈslabaːːk/
2169	stāvoklis	position, location	[stāːvuoklis]
2170	teiks	to say, to tell	/ˈteiks/
2171	faktu	fact	/ˈfaktu/
2172	centrs	center	/ˈt͡sentrs/
2173	gribētos	wanted; indefinite past passive participle of gribēt	/ˈɡribæːtuos/
2174	kreiso	left, left-side	/ˈkreisuo/
2175	septiņas	seven	/ˈseptiɲas/
2176	negribam	not wanting; adverbial object-of-perception present active…	/ˈneɡribam/
2177	caurumu	hole	/ˈt͡saurumu/
2178	gājis	having gone; indefinite past active participle of iet	/ˈɡaːjis/
2179	punktus	stop/full stop, period	/ˈpuŋktus/
2180	cietumu	prison	/ˈt͡sietumu/
2181	britu	a Briton, a British man, a man born in Great Britain; a…	/ˈbritu/
2182	talants	talent	/ˈtalants/
2183	brauksi	to go, to ride	/ˈbrauksi/
2184	ēnas	shadow	/ˈæːnas/
2185	vienīgo	only, unique	/ˈʋieːniːɡuo/
2186	nedrīkstat	to not be allowed, to not dare; negative form of drīkstēt	/ˈnedriːkstat/
2187	īstajā	real, true, genuine, not false or artificial	/ˈiːstajaː/
2188	raksti	to write by means of writing; to make, form letters with a…	/ˈraksti/
2189	turpināsim	to continue, to go on doing, to not interrupt	/ˈturpinaːsim/
2190	grāmatā	book	/ˈɡraːmataː/
2191	joku	joke, jest	/ˈjuoku/
2192	slava	fame, renown	/ˈslaʋa/
2193	namā	house, building	/ˈnamaː/
2194	gatavo	ready	/ˈɡataʋuo/
2195	sacīja	to say, tell	/ˈsat͡siːja/
2196	strādājam	to work	/ˈstraːdaːjam/
2197	zobi	tooth	/ˈzuobi/
2198	prasīs	to ask for, to request, to demand	/ˈprasiːs/
2199	burvis	magician, sorcerer, wizard	/ˈburʋis/
2200	seksīgi	sexy, sexily, in a sexy way; adverbial form of seksīgs	/ˈseksiːɡi/
2201	pili	palace	/ˈpili/
2202	bārā	bar	/ˈbaːraː/
2203	neprotu	to not know how, to not be able to; negative form of prast	/ˈnepruotu/
2204	puisim	young man, youth, boy	/ˈpuisim/
2205	kareivis	soldier, private rank in the army; a soldier of this rank	[kaɾɛ̄īvis]
2206	laimīgais	happy	/ˈlaimiːɡais/
2207	dabūs	to get, to obtain	/ˈdabuːs/
2208	soma	bag, pack	[ˈsūɔ̄ma]
2209	pateicīgs	grateful, thankful	/ˈpateit͡siːɡs/
2210	sešiem	six	/ˈseʃiem/
2211	drosmi	courage, bravery	/ˈdruosmi/
2212	sākot	to begin, to start	/ˈsaːːkuot/
2213	smaidu	smile	/ˈsmaidu/
2214	pūķa	in old Latvian mythology, a household spirit that could be…	/ˈpuːca/
2215	šausmas	terror, horror	[ʃāūsmas]
2216	šajos	in these; locative plural masculine of šis	/ˈʃajuos/
2217	ziemas	winter	/ˈziemas/
2218	gultu	bed	/ˈɡultu/
2219	lasi	to read	/ˈlasi/
2220	viesnīcu	hotel	/ˈʋiesniːt͡su/
2221	atrasts	found; indefinite past passive participle of atrast	/ˈatrasts/
2222	briesmīgs	dreadful, terrible, horrible, heinous	/ˈbriesmiːɡs/
2223	aizmirsi	to forget	/ˈaizmirsi/
2224	norma	norm	[noɾma]
2225	ienaidnieki	enemy, opponent, adversary, foe	/ˈieːnaidnieki/
2226	ceļojumu	trip, journey, travel	/ˈt͡seʎuojumu/
2227	dodaties	to give oneself; reflexive of dot	/ˈduodaties/
2228	kalnos	mountain, hill	/ˈkallnuos/
2229	pagātne	past	[paɡāːtnɛ]
2230	mirstu	to die	/ˈmirstu/
2231	spējīgs	able, capable, skilled	/ˈspeːjiːɡs/
2232	bailēm	fear	/ˈbaileːm/
2233	labākajiem	better; indefinite comparative degree of labs	/ˈlabaːːkajiem/
2234	lamatas	trap	/ˈlamatas/
2235	nevarēji	to not be able to; negative form of varēt	/ˈneʋareːji/
2236	dusmīgs	angry, furious, irate, wrathful	/ˈdusmiːɡs/
2237	vakara	evening	/ˈʋakara/
2238	runāji	to speak, to talk	/ˈrunaːji/
2239	sapņu	dream	/ˈsapɲu/
2240	vēls	late	[ˈvæ̂ːls]
2241	sargs	guard, guardsman, guardian	[ˈsâɾks]
2242	pelnījusi	having earned, having deserved; indefinite past active…	/ˈpellniːjusi/
2243	virtuvē	kitchen	/ˈʋirtuʋeː/
2244	pagātni	past	/ˈpaɡaːtni/
2245	vājš	weak	[vâːjʃ]
2246	briesmonis	monster	/ˈbriesmuonis/
2247	raķetes	rocket	/ˈracetes/
2248	mēli	tongue	/ˈmeːli/
2249	dators	computer	[ˈdatɔ̄ːɾs]
2250	kastes	box	/ˈkastes/
2251	talantu	talent	/ˈtalantu/
2252	kārtis	pole, post	/ˈkaːrtis/
2253	ceļos	road, way	/ˈt͡seʎuos/
2254	apmierināts	satisfied, contented; indefinite past passive participle of…	/ˈapmierinaːts/
2255	datoru	computer	/ˈdatoːru/
2256	vasara	summer	/ˈvasːaɾa/
2257	turēties	to hold on	/ˈtureːties/
2258	dodieties	to give oneself; reflexive of dot	/ˈduodieties/
2259	lielās	big, large	/ˈlielːaːs/
2260	karsti	hot, hotly; adverbial form of karsts	/ˈkarsti/
2261	skūpstu	kiss	/ˈskuːpstu/
2262	nedarīsi	to not do, to not make; negative form of darīt	/ˈnedariːsi/
2263	vēstures	history	/ˈʋeːstures/
2264	nedēļa	week	[nɛdɛ̄ːʎa]
2265	sasniegt	to achieve, to attain, to reach	/ˈsasnieɡt/
2266	bēg	to flee, run away, escape	/ˈbeːɡ/
2267	trakais	mad, rabid	/ˈtrakais/
2268	laiva	boat	[ˈlāīva]
2269	melns	black	[mǣlns]
2270	brālim	brother	/ˈbraːlim/
2271	parasta	normal, ordinary, plain	/ˈparasta/
2272	sapņi	dream	/ˈsapɲi/
2273	vēsturi	history	/ˈʋeːsturi/
2274	ejat	to go, to walk	/ˈejat/
2275	baznīcu	church	/ˈbaz-niːt͡su/
2276	ļaunāk	more evil, in a more evil way; adverbial form of ļaunāks	/ˈʎaunaːːk/
2277	pilī	palace	/ˈpiliː/
2278	kails	naked, nude, bare	[kaîls]
2279	nevajadzēs	to not be necessary, to not be needed; negative form of…	/ˈneʋa`ja`dzeːs/
2280	veiksme	luck, fortune	/ˈʋeiksme/
2281	kustēties	to move; reflexive of kustēt	/ˈkusteːties/
2282	ārstu	doctor, physician	/ˈaːrstu/
2283	bars	crowd	/ˈbars/
2284	klausīties	to listen in	[ˈklàusîːtiɛ̂s]
2285	zobens	sword	[ˈzùɔbɛns]
2286	izveidot	to create	/ˈizʋeiduot/
2287	sapratīsi	to understand	/ˈsapratiːsi/
2288	rītā	in, during the morning	[ˈɾîːtâː]
2289	baltais	white	/ˈbaltais/
2290	skriet	to run	/ˈskriet/
2291	sods	penalty, punishment	[sùots]
2292	nodevējs	traitor	/ˈnuodæʋeːjs/
2293	runāšu	to speak, to talk	/ˈrunaːʃu/
2294	lielajā	big, large	/ˈlielːajaː/
2295	atpūsties	to rest, to relax	/ˈatpuːsties/
2296	mira	to die	/ˈmira/
2297	izteikt	to express	[istɛ̀ikt]
2298	izeja	exit, way out, egress	/ˈizeja/
2299	četriem	four	/ˈt͡ʃetriem/
2300	atmiņa	memory	[atmiɲa]
2301	neaizmirsīšu	to not forget; negative form of aizmirst	/ˈneaizmirsiːʃu/
2302	gāzes	gas, gaseous substance	/ˈɡaːzes/
2303	meitai	daughter	/ˈmeitai/
2304	likumus	law	/ˈlikumus/
2305	rezultātu	result	/ˈrezultaːtu/
2306	maku	little purse, wallet, pouch	/ˈmaku/
2307	nebūsi	will not be; second-person singular future indicative of…	/ˈnebuːsi/
2308	iedošu	to give, to hand, so that someone takes it	/ˈieduoʃu/
2309	slepenā	secret	/ˈslæpænaː/
2310	gari	long; adverbial form of garš	/ˈɡari/
2311	zaudējuši	having lost; indefinite past active participle of zaudēt	/ˈzaudeːjuʃi/
2312	valstij	state, country	/ˈʋalstij/
2313	mazi	small, little size of other similar objects, beings, areas,…	/ˈmazi/
2314	riņķī	circle	/ˈriɲciː/
2315	komandieris	commander	/ˈkomaŋdieris/
2316	salā	island	/ˈsalaː/
2317	nams	house, building	[nàms]
2318	ielā	street, road	/ˈielaː/
2319	ieroča	weapon	/ˈieruot͡ʃa/
2320	slavens	famous, well-known, renowned	/ˈslaʋæns/
2321	neparasti	unusual, uncommon, rare, usually, uncommonly, rarely;…	/ˈneparasti/
2322	drosmīgs	brave, courageous	/ˈdruosmiːɡs/
2323	zobārsts	dentist	/ˈzuobaːrsts/
2324	savos	own; used with all persons	/ˈsaʋuos/
2325	ziemassvētkos	locative plural of Ziemassvētki	/ˈziemassʋæːtkuos/
2326	aši	fast, quick, swift, quickly, swiftly; adverbial form of ašs	/ˈaʃi/
2327	skapī	wardrobe; cupboard; closet; shelf	/ˈskapiː/
2328	kalns	mountain, hill	[kâlns]
2329	spēcīga	strong	/ˈspeːt͡siːɡa/
2330	svarīgu	important, significant	/ˈsʋariːɡu/
2331	nevainīgs	innocent, not guilty	/ˈneʋaiːniːɡs/
2332	glāb	to save death; to protect from death	/ˈɡlaːb/
2333	balli	ball	/ˈballi/
2334	mērs	measure	[ˈmǣːɾs]
2335	princis	prince	/ˈprint͡sis/
2336	saprata	to understand	/ˈsaprata/
2337	slepeno	secret	/ˈslæpænuo/
2338	krāsas	color	/ˈkraːsas/
2339	āda	skin body	[âːda]
2340	meklējat	to search for, to look for	/ˈmekleːjat/
2341	aizies	to leave, to go away, to escape	/ˈaizies/
2342	sekas	consequence	/ˈsekas/
2343	sistēmā	system	/ˈsisteːmaː/
2344	tualetes	dress, outfit, dressing style	/ˈtualetes/
2345	pusdienās	lunch	/ˈpusdieːnaːs/
2346	ģenerālis	general	/ˈɟeneraːlis/
2347	kasti	box	/ˈkasti/
2348	pilots	pilot	/ˈpilots/
2349	lauku	field	/ˈlauku/
2350	priecīga	happy, glad, joyful, delighted	/ˈpriet͡siːɡa/
2351	spēkiem	force	/ˈspæːkiem/
2352	mēslu	dung, manure, animal excrement	/ˈmæːslu/
2353	laivā	boat	/ˈlaiʋaː/
2354	upi	river	/ˈupi/
2355	pavēli	order, command	/ˈpaʋæːli/
2356	kaujā	battle, fight	/ˈkaujaː/
2357	amerikā	locative singular of Amerika	/ˈamerikaː/
2358	mīlam	to love, to feel love for	/ˈmiːlam/
2359	dzinēju	motor, engine	/ˈdzineːju/
2360	prieka	joy, delight	/ˈprieka/
2361	ass	axle	[ˈasː]
2362	drošāk	braver, safer, surer, more bravely, more safely, more…	/ˈdruoʃaːk/
2363	rosa	activity, bustle, animation	/ˈruosa/
2364	teorija	theory	/ˈteorija/
2365	vēja	wind	/ˈʋeːja/
2366	labajā	good following accepted moral rules, treating others in a…	/ˈlabajaː/
2367	iestādes	institution, office, authority	/ˈiestaːdes/
2368	viesis	visitor, guest	[ˈvìɛsis]
2369	malas	edge, shore	/ˈmalas/
2370	uzvārds	surname, family name, last name	/ˈuz-ʋaːrds/
2371	nolikt	to put down	/ˈnuolikt/
2372	bagāts	rich, wealthy	[baɡāːts]
2373	spāņu	Spaniard	/ˈspaːɲu/
2374	baznīcas	church	/ˈbaz-niːt͡sas/
2375	jaukas	nice, cute	/ˈjaukas/
2376	sapnī	dream	/ˈsapniː/
2377	neteiktu	to not say, to not tell; negative form of teikt	/ˈneteiktu/
2378	slepkavība	murder, homicide	/ˈslæpkaʋiːba/
2379	šokolādi	chocolate	/ˈʃokolaːdi/
2380	ilga	long	/ˈillɡa/
2381	brīvībā	freedom, liberty subordination, dependence	/ˈbriːʋiːbaː/
2382	pilsētai	city, town	/ˈpilsæːtai/
2383	atbildiet	to answer	/ˈatbilldiet/
2384	somā	a Finn, a Finnish man	/ˈsuomaː/
2385	īpašums	ownership	/ˈiːpaʃums/
2386	drošu	brave, fearless, confident	/ˈdruoʃu/
2387	slepeni	secretly; adverbial form of slepens	/ˈslæpæni/
2388	lēni	slow, calm, slowly, calmly; adverbial form of lēns	/ˈlæːni/
2389	nekustēties	to not move; negative form of kustēties	/ˈnekusteːties/
2390	elli	hell	/ˈælli/
2391	nedarīt	to not do, to not make; negative form of darīt	/ˈnedariːt/
2392	vēstule	letter	[ˈvæ̀ːstulɛ]
2393	eksistē	to exist, to be	/ˈeksisteː/
2394	glābtu	to save death; to protect from death	/ˈɡlaːbtu/
2395	veikals	shop, store	[ˈvɛ̄īkals]
2396	gājienu	trip, walk	/ˈɡaːjieːnu/
2397	planēta	planet	/ˈplanæːta/
2398	pilnas	full	/ˈpillnas/
2399	zaudējusi	having lost; indefinite past active participle of zaudēt	/ˈzaudeːjusi/
2400	skaņa	sound	/ˈskaɲa/
2401	laivas	boat	/ˈlaiʋas/
2402	nedariet	to not do, to not make; negative form of darīt	/ˈnedariet/
2403	vienīgie	only, unique	/ˈʋieːniːɡie/
2404	varens	mighty	/ˈʋaræns/
2405	autobusā	bus	/ˈautobusaː/
2406	balsis	voice	/ˈbalsis/
2407	jaunus	having relatively low age, young, new	/ˈjaunus/
2408	sākām	to begin, to start	/ˈsaːːkaːm/
2409	nesaka	to not say, to not tell; negative form of sacīt	/ˈnesaka/
2410	meklēja	to search for, to look for	/ˈmekleːja/
2411	rīts	morning	[ˈɾîːt͡s]
2412	cilvēces	humanity, mankind, humankind	/ˈt͡sillʋæːt͡ses/
2413	parkā	park	/ˈparkaː/
2414	mīļo	dear, cherished, beloved	/ˈmiːʎuo/
2415	zvaigžņu	star	/z-ˈʋaiɡʒɲu/
2416	viedokli	viewpoint, standpoint, point of view	/ˈʋieduokli/
2417	ūsas	moustache	/ˈuːsas/
2418	karogu	banner, flag	/ˈkaruoɡu/
2419	bībele	a bible, a copy of the Bible	/ˈbiːbele/
2420	brīvības	freedom, liberty subordination, dependence	/ˈbriːʋiːbas/
2421	nedarīs	to not do, to not make; negative form of darīt	/ˈnedariːs/
2422	pasaku	legend, folktale, fairy tale	/ˈpasaku/
2423	izslēgt	to turn off, to shut down, to disable	/ˈizslæːɡt/
2424	zin	alternative form of verb form zina	/ˈzin/
2425	darījusi	having done, having made; indefinite past active participle…	/ˈdariːjusi/
2426	kaulu	bone	/ˈkaulu/
2427	ļaunā	evil, wicked	/ˈʎaunaː/
2428	rej	to bark	/ˈrej/
2429	staigā	to walk	/ˈstaiɡaː/
2430	dzīvoklis	apartment	[dzīːvuoklis]
2431	kustamies	moving; adverbial object-of-perception present active…	/ˈkustamies/
2432	jaunumi	newness, youth	/ˈjaunumi/
2433	lāci	bear	/ˈlaːt͡si/
2434	stulbais	stupid, dumb	/ˈstullbais/
2435	ideāls	ideal	/ˈideaːls/
2436	izcils	great, excellent, outstanding, brilliant	[istsils]
2437	mute	mouth	[mutɛ]
2438	ļaunums	evil	/ˈʎaunums/
2439	pieeja	access	/ˈpieeja/
2440	smags	heavy	[smaks]
2441	skaņu	sound	/ˈskaɲu/
2442	jaunākais	junior	/ˈjaunaːːkais/
2443	stāstīju	to tell, to narrate	/ˈstaːstiːju/
2444	nejokoju	first-person singular present/past indicative of nejokot	/ˈnejuokuoju/
2445	jāatbild	to answer	/ˈjaːatbild/
2446	sacīt	to say, tell	[ˈsat͡sîːt]
2447	somas	bag, pack	/ˈsuomas/
2448	daļā	part	/ˈdaʎaː/
2449	pareizā	precise, exact, correct, accurate	/ˈpareizaː/
2450	jānāk	to come	/ˈjaːnaːːk/
2451	runātu	to speak, to talk	/ˈrunaːtu/
2452	tējas	tea plant	/ˈteːjas/
2453	zināšanai	knowing; verbal noun of zināt	/ˈzinaːʃanai/
2454	asiņu	blood	/ˈasiɲu/
2455	nedod	to not give; negative form of dot	/ˈneduod/
2456	ādu	skin body	/ˈaːdu/
2457	dārgs	expensive, costly	[dàːɾɡs]
2458	pienu	milk	/ˈpieːnu/
2459	ļauns	evil, wicked	[ʎāūns]
2460	karalieni	queen	/ˈkaralieːni/
2461	problēmām	problem	/ˈproblæːmaːm/
2462	vērtība	value	/ˈʋeːrtiːba/
2463	faktiski	factual, actual, true, factually, actually, truly;…	/ˈfaktiski/
2464	medicīnas	medicine	/ˈmedit͡siːnas/
2465	ņemsim	to take; to seize with one's hands for some purpose	/ˈɲemsim/
2466	lasīju	to read	/ˈlasiːju/
2467	grūtības	difficulty, hardship	/ˈɡruːtiːbas/
2468	forša	cool, good, fine, great, attractive	/ˈforʃa/
2469	attieksme	attitude, mindset, approach	/ˈattieksme/
2470	adrese	address	[ˈadɾɛsːɛ]
2471	ledu	ice	/ˈlædu/
2472	mežu	forest	/ˈmeʒu/
2473	planētu	planet	/ˈplanæːtu/
2474	kļūsti	to become	/ˈkʎuːsti/
2475	piedot	to forgive	/ˈpieduot/
2476	ausis	having dawned; indefinite past active participle of aust	/ˈausis/
2477	skatu	look	/ˈskatu/
2478	dabūjiet	to get, to obtain	/ˈdabuːjiet/
2479	karalienes	queen	/ˈkaralieːnes/
2480	apstākļos	circumstance	/ˈapstaːːkʎuos/
2481	gaļa	meat	[ɡaʎa]
2482	tilta	bridge	/ˈtilta/
2483	valdnieks	ruler	/ˈʋaldnieks/
2484	gejs	gay, homosexual	/ˈɡejs/
2485	pagrabā	cellar, basement	/ˈpaɡrabaː/
2486	pelnījuši	having earned, having deserved; indefinite past active…	/ˈpellniːjuʃi/
2487	zinās	to know	/ˈzinaːs/
2488	tirgū	market, marketplace	/ˈtirɡuː/
2489	ārsti	doctor, physician	/ˈaːrsti/
2490	sarkano	red	/ˈsarkanuo/
2491	baznīcā	church	/ˈbaz-niːt͡saː/
2492	algas	salary, wage	/ˈallɡas/
2493	grūta	tough, arduous, difficult	/ˈɡruːta/
2494	mazuli	little child, little one, baby	/ˈmazuli/
2495	simbols	symbol	[simbɔls]
2496	drīksti	may; be allowed, authorized, have the right	/ˈdriːksti/
2497	dzirdējuši	having heard; indefinite past active participle of dzirdēt	/ˈdzirdeːjuʃi/
2498	slēpj	to hide, to conceal so that others cannot see or find it,…	/ˈsleːpj/
2499	redzēsiet	to see	/ˈredzeːsiet/
2500	darīsiet	to do	/ˈdariːsiet/
2501	lauka	field	/ˈlauka/
2502	gribēsi	to want	/ˈɡribæːsi/
2503	mazie	small, little size of other similar objects, beings, areas,…	/ˈmazie/
2504	vasaru	summer	/ˈʋasaru/
2505	gļēvulis	coward	/ˈɡʎæːʋulis/
2506	neies	to not go; negative form of iet	/ˈneies/
2507	vecās	old	/ˈʋæt͡saːs/
2508	robotu	robot	/ˈrobotu/
2509	eiropas	genitive singular of Eiropa	/ˈeiroːpas/
2510	neēd	to not eat; negative form of ēst	/ˈneeːd/
2511	centru	center	/ˈt͡sentru/
2512	daba	nature	/ˈdaba/
2513	nometne	camp	/ˈnuometne/
2514	dzīvnieki	animal	/ˈdziːʋnieki/
2515	lapu	leaf	/ˈlapu/
2516	brīvība	freedom, liberty subordination, dependence	/ˈbriːʋiːba/
2517	labie	good following accepted moral rules, treating others in a…	/ˈlabie/
2518	personu	person	/ˈpersoːnu/
2519	biedru	colleague, mate, comrade	/ˈbiedru/
2520	e	The name of the Latin script letter E/e	[ɛ]
2521	redzējām	to see	/ˈredzeːjaːm/
2522	apmaiņā	exchange, swap	/ˈapmaiɲaː/
2523	virsotnē	top, peak, summit	/ˈʋirsuotneː/
2524	vētras	storm which causes strong waves and land damage	/ˈʋæːtras/
2525	rezultāti	result	/ˈrezultaːti/
2526	dejo	to dance	/ˈdejuo/
2527	motors	motor, engine	/ˈmotoːrs/
2528	krustā	suffering, hardship; nuisance	/ˈkrustaː/
2529	jel	do	/ˈjel/
2530	pilnā	full	/ˈpillnaː/
2531	laipns	nice, polite, kind, friendly, warm, welcoming	[lāīpns]
2532	teikusi	having said, told; indefinite past active participle of…	/ˈteikusi/
2533	slepkavu	killer, murderer	/ˈslæpkaʋu/
2534	vēlēšanās	wish, desire, longing, yearning	/ˈʋeːleːʃanaːs/
2535	slimnīca	hospital	/ˈslimniːt͡sa/
2536	vīriešu	man	/ˈʋiːrieʃu/
2537	zemūdenes	submarine	/ˈzemuːdenes/
2538	kāpnes	stairs, staircase	[ˈkâːpnɛs]
2539	pleca	shoulder	/ˈplæt͡sa/
2540	mēsli	dung, manure, animal excrement	[mæ̂ːsli]
2541	ļaužu	people	/ˈʎauʒu/
2542	šāds	such	[ˈʃâːt͡s]
2543	šonedēļ	this week	/ˈʃuonædeːʎ/
2544	vislabākā	definite genitive masculine singular	/ʋiˈslabaːːkaː/
2545	sabiedrība	society	/ˈsabiedriːba/
2546	dārzā	garden	/ˈdaːrzaː/
2547	piecdesmit	fifty	/ˈpiet͡sdesmit/
2548	slepena	secret	/ˈslæpæna/
2549	sāciet	to begin, to start	/ˈsaːt͡siet/
2550	labākās	better; indefinite comparative degree of labs	/ˈlabaːːkaːs/
2551	ātrs	fast, quick, rapid	[ˈāːtɾs]
2552	dabūjis	having gotten, having obtained, having received; indefinite…	/ˈdabuːjis/
2553	vecāko	older; indefinite comparative degree of vecs	/ˈʋæt͡saːːkuo/
2554	nesaku	to not say, to not tell; negative form of sacīt	/ˈnesaku/
2555	nākamnedēļ	next week	/ˈnaːːkamnædeːʎ/
2556	sveikā	safe, safely, unharmed; adverbial form of sveiks	/ˈsʋeikaː/
2557	stāvokli	position, location	/ˈstaːʋuokli/
2558	vērot	to observe, to watch	/ˈʋeːruot/
2559	valstu	state, country	/ˈʋalstu/
2560	mēnesī	moon	/ˈmeːnesiː/
2561	krāsā	color	/ˈkraːsaː/
2562	mierīgs	peaceful, tranquil	/ˈmieriːɡs/
2563	alā	cave	/ˈalaː/
2564	miegā	sleep	/ˈmieɡaː/
2565	skābekļa	oxygen	/ˈskaːbekʎa/
2566	ieeja	entrance	/ˈieeja/
2567	tiltu	bridge	/ˈtiltu/
2568	skaidra	clean, clear, bright, without clouds	/ˈskaidra/
2569	valkā	something for everyday, not special	/ˈʋalkaː/
2570	kļūsi	to become	/ˈkʎuːsi/
2571	ticība	belief, faith	/ˈtit͡siːba/
2572	rozā	pink	/ˈroːzaː/
2573	skaistu	beautiful	/ˈskaistu/
2574	spoks	ghost	[ˈspūɔ̯̄ks]
2575	pūķis	in old Latvian mythology, a household spirit that could be…	[pūːcis]
2576	asaras	tears	/ˈasaras/
2577	abām	both	/ˈabaːm/
2578	bārs	bar	/ˈbaːrs/
2579	zaudēji	to lose	/ˈzaudeːji/
2580	projekts	project	/ˈpro`jekts/
2581	ziņot	to make known	/ˈziɲuot/
2582	sapratis	having understood; indefinite past active participle of…	/ˈsapratis/
2583	zemūdeni	submarine	/ˈzemuːdæni/
2584	persona	person	[ˈpæ̂ɾsɔ̄ːna]
2585	leģenda	legend	[ˈlɛɟɛ̄nda]
2586	armijā	a country's armed forces	/ˈarmijaː/
2587	krāpšana	fraud, deceit, deception	/ˈkraːpʃana/
2588	sienu	hay	/ˈsieːnu/
2589	minūte	minute	/ˈminuːte/
2590	koda	code	/ˈkoːda/
2591	sniegt	to give, to provide, to offer	/ˈsnieɡt/
2592	zaļo	green	/ˈzaʎuo/
2593	kapā	grave	/ˈkapaː/
2594	bīstama	dangerous, perilous, scary	/ˈbiːstama/
2595	dārgumus	expensiveness, costliness, cost	/ˈdaːrɡumus/
2596	kustība	motion	/ˈkustiːba/
2597	dalīties	to share	/ˈdaliːties/
2598	ciemos	village, settlement	/ˈt͡siemuos/
2599	redzēts	seen; indefinite past passive participle of redzēt	/ˈredzeːts/
2600	elles	hell	/ˈelles/
2601	pārtiku	foodstuffs, provisions, groceries	/ˈpaːrtiku/
2602	glezna	picture	/ˈɡlæz-na/
2603	rakt	to dig	[ɾakt]
2604	darījām	to do	/ˈdariːjaːm/
2605	pudele	bottle	/ˈpudele/
2606	stulbums	stupidity	/ˈstullbums/
2607	milzīga	huge, enormous, giant	/ˈmillziːɡa/
2608	būtībā	essence	/ˈbuːtiːbaː/
2609	vārdos	name	/ˈʋaːrduos/
2610	elpot	to breathe	[ˈǣlpuɔ̯̂t]
2611	astoņas	eight	/ˈastuoɲas/
2612	līst	to creep	/ˈliːst/
2613	izcili	great, excellent, outstanding, greatly, excellently,…	/ˈizt͡sili/
2614	palīdzēju	to help, to help out, to aid, to assist	/ˈpaliːdzeːju/
2615	stulbu	stupid, dumb	/ˈstullbu/
2616	bilde	picture, image	[bilːde]
2617	lidostā	airport, airfield	/ˈliduostaː/
2618	pērtiķis	monkey	/ˈpeːrticis/
2619	lietai	thing	/ˈlietai/
2620	kluss	soft, quiet, silent	[klus]
2621	ierīces	device, appliance, instrument	/ˈieriːt͡ses/
2622	iela	street, road	[ìɛla]
2623	braucienu	trip, ride, journey	/ˈbraut͡sieːnu/
2624	slēpties	to hide, to conceal oneself	/ˈsleːpties/
2625	kurss	rate	/ˈkurss/
2626	dārza	garden	/ˈdaːrza/
2627	atbildēja	to answer	/ˈatbilldeːja/
2628	gatavas	ready	/ˈɡataʋas/
2629	zobiem	tooth	/ˈzuobiem/
2630	aiziesim	to leave, to go away, to escape	/ˈaiziesim/
2631	biedrs	colleague, mate, comrade	[bìɛdrs]
2632	jāņem	to take; to seize with one's hands for some purpose	/ˈjaːɲem/
2633	asinīs	blood	/ˈasiniːs/
2634	zaudējam	to lose	/ˈzaudeːjam/
2635	sāktu	to begin, to start	/ˈsaːːktu/
2636	peldēt	to swim	[ˈpɛ̂ldɛ̂ːt]
2637	akls	blind incapable of seeing	[akls]
2638	pašreiz	now, currently; at that time	/ˈpaʃreiz/
2639	nejēga	ignorant, unskilled, stupid person	[ˈnɛjǣːɡa]
2640	jādomā	to think	/ˈjaːduomaː/
2641	dārgumu	expensiveness, costliness, cost	/ˈdaːrɡumu/
2642	dzīvnieks	animal	[dzîunìɛks]
2643	nebrauc	to not go, to not ride; negative form of braukt	/ˈnebraut͡s/
2644	nedaru	to not do, to not make; negative form of darīt	/ˈnedaru/
2645	skaistā	beautiful	/ˈskaistaː/
2646	labums	goodness; good quality	/ˈlabums/
2647	fotogrāfiju	photography	/ˈfotoɡraːfiju/
2648	manos	my, mine	/ˈmanuos/
2649	neredzēja	to not see; negative form of redzēt	/ˈneredzeːja/
2650	pareizo	precise, exact, correct, accurate	/ˈpareizuo/
2651	sekundi	second	/ˈsekuŋdi/
2652	meloju	first-person singular present/past indicative of melot	/ˈmæluoju/
2653	garumā	length	/ˈɡarumaː/
2654	piena	milk	/ˈpieːna/
2655	sitiens	punch	/ˈsitiens/
2656	top	to be made, to be formed, to be invented, to be discovered	/ˈtuop/
2657	šoferis	chauffeur	[ˈʃɔfːɛɾis]
2658	lomu	role, part, character	/ˈluomu/
2659	maksās	pay, payment, fee, fare, toll	/ˈmaksaːs/
2660	stāvēja	to stand	/ˈstaːʋeːja/
2661	atzīt	to acknowledge	/ˈatziːt/
2662	īsu	short	/ˈiːsu/
2663	dota	given; indefinite past passive participle of dot	/ˈduota/
2664	netici	to not believe; negative form of ticēt	/ˈnetit͡si/
2665	lidojums	flight	/ˈliduojums/
2666	karalim	king	/ˈkaralim/
2667	risks	risk	/ˈrisks/
2668	gribējāt	to want	/ˈɡribeːjaːt/
2669	drosme	courage, bravery	[dɾùosme]
2670	maizi	bread	/ˈmaizi/
2671	rezultātus	result	/ˈrezultaːtus/
2672	gāju	to go, to walk	/ˈɡaːju/
2673	vīriešiem	man	/ˈʋiːrieʃiem/
2674	nebijām	were not; first-person plural past indicative of nebūt	/ˈnebijaːm/
2675	vēzi	crayfish	/ˈʋeːzi/
2676	daudzumu	amount, quantity, number	/ˈdaudzumu/
2677	loga	window	/ˈluoɡa/
2678	dibenā	bottom, lower part, base	/ˈdibænaː/
2679	augšas	top, upper part	/ˈauɡʃas/
2680	domātu	to think	/ˈduomaːtu/
2681	krievi	a Russian, a Russian man, a man from Russia or of Russian…	/ˈkrieʋi/
2682	nelietis	rogue, rascal, scoundrel, villain	/ˈnelietis/
2683	tukšs	empty	/ˈtukʃs/
2684	apdrošināšana	insurance	/ˈapdruoʃinaːʃana/
2685	priecīgi	happy, joyful, happily, joyfully; adverbial form of priecīgs	/ˈpriet͡siːɡi/
2686	noteikt	to say, to state, to declare	/ˈnuoteikt/
2687	autobusu	bus	/ˈautobusu/
2688	nākam	to come	/ˈnaːːkam/
2689	runājis	having spoken, having talked; indefinite past active…	/ˈrunaːjis/
2690	pēcpusdienā	afternoon	/ˈpeːt͡spusdieːnaː/
2691	murgs	nightmare	/ˈmurɡs/
2692	prasīt	to ask for, to request, to demand	[prasîːt]
2693	centra	center	/ˈt͡sentra/
2694	baidīties	to scare oneself, each other; reflexive of baidīt	/ˈbaidiːties/
2695	aizliegts	prohibited; indefinite past passive participle of aizliegt	/ˈaizlieɡts/
2696	trako	mad, rabid	/ˈtrakuo/
2697	bērnības	childhood	/ˈbeːrniːbas/
2698	torni	tower	/ˈtuorni/
2699	vietai	place, spot, site	/ˈʋietai/
2700	pērle	pearl	/ˈpeːrle/
2701	vainīga	guilty	/ˈʋaiːniːɡa/
2702	neticams	unbelievable; which cannot or should not be believed;…	/ˈnetit͡sams/
2703	sliktā	bad not following moral rules, treating others in a cruel…	/ˈsliktaː/
2704	tumšā	dark	/ˈtumʃaː/
2705	dots	given; indefinite past passive participle of dot	/ˈduots/
2706	slepenais	secret	/ˈslæpænais/
2707	aizsardzība	defense, protection	/ˈaizsardziːba/
2708	tulkojusi	having translated; indefinite past active participle of…	/ˈtulkuojusi/
2709	pludmalē	beach	/ˈpludmaleː/
2710	žurkas	rat	/ˈʒurkas/
2711	gādā	to take care of, to see to, to provide	/ˈɡaːdaː/
2712	nepieder	to not belong, to not befit; negative form of piederēt	/ˈnepiedær/
2713	pusēm	half	/ˈpuseːm/
2714	bara	crowd	/ˈbara/
2715	badā	hunger, starvation, famine	/ˈbadaː/
2716	klusumu	silence, quiet	/ˈklusumu/
2717	zēnam	boy	/ˈzæːnam/
2718	pirkt	to buy, to purchase	[pìɾkt]
2719	izrāde	performance, show, play	/ˈizraːde/
2720	vecāks	older; indefinite comparative degree of vecs	/ˈʋæt͡saːːks/
2721	ārsta	doctor, physician	/ˈaːrsta/
2722	apspriest	to debate, to discuss	[apspɾiɛ̂st]
2723	stacija	station	/ˈstat͡sija/
2724	dārgumi	expensiveness, costliness, cost	/ˈdaːrɡumi/
2725	nest	to carry	[ˈnɛst]
2726	dārgi	expensive, dear, costly, expensively, dearly; adverbial…	/ˈdaːrɡi/
2727	vērtību	value	/ˈʋeːrtiːbu/
2728	nazis	knife	/ˈnazis/
2729	ceturtais	fourth	/ˈt͡seturtais/
2730	zaļos	green	/ˈzaʎuos/
2731	anglijā	locative singular of Anglija	/ˈaŋɡlijaː/
2732	jautāja	to ask question, to inquire, to question	/ˈjautaːja/
2733	klubs	club	/ˈklubs/
2734	zog	to steal	/ˈzuoɡ/
2735	stulba	stupid, dumb	/ˈstullba/
2736	delta	delta	/ˈdælta/
2737	skaļāk	louder, more loudly; adverbial form of skaļāks	/ˈskaʎaːːk/
2738	ķermenī	body	/ˈcærmeniː/
2739	sevišķi	particular, special	/ˈseʋiʃci/
2740	plecu	shoulder	/ˈplæt͡su/
2741	sunim	domestic dog	/ˈsunim/
2742	zagt	to steal	/ˈzaɡt/
2743	teic	to say, to tell	/ˈteit͡s/
2744	puiša	young man, youth, boy	/ˈpuiʃa/
2745	dzērienus	drink, beverage	/ˈdzeːrieːnus/
2746	spēcīgi	strong	/ˈspeːt͡siːɡi/
2747	īpašo	specific, independent	/ˈiːpaʃuo/
2748	iedodiet	to give, to hand, so that someone takes it	/ˈieduodiet/
2749	zādzību	theft	/ˈzaːdziːbu/
2750	patiess	true, sincere, authentic	/ˈpatiess/
2751	bībeli	a bible, a copy of the Bible	/ˈbiːbæli/
2752	locekli	limb, member	/ˈluot͡sekli/
2753	rakstnieks	writer	/ˈrakstnieks/
2754	biļete	ticket	/ˈbiʎete/
2755	smaku	smell, stink, stench	/ˈsmaku/
2756	ceļojumā	trip, journey, travel	/ˈt͡seʎuojumaː/
2757	bijušo	the one having been; definite past active participle of būt	/ˈbijuʃuo/
2758	drošība	safety	/ˈdruoʃiːba/
2759	kalps	farmhand, farm laborer, servant	[ˈkālps]
2760	direktora	director administrator or manager in an institution or…	/ˈdirektoːra/
2761	kustību	motion	/ˈkustiːbu/
2762	piecu	five	/ˈpiet͡su/
2763	kauja	battle, fight	/ˈkauja/
2764	deg	to burn	/ˈdæɡ/
2765	saites	string, lace, cord, link, tie	/ˈsaites/
2766	laist	to let	[ˈlaîst]
2767	spējām	ability	/ˈspeːjaːm/
2768	miesas	flesh, muscle and fat tissue of a human or animal body	/ˈmiesas/
2769	strādājis	having worked; indefinite past active participle of strādāt	/ˈstraːdaːjis/
2770	atvēršu	to open so as to make the space behind it accessible	/ˈatʋeːrʃu/
2771	atradīsiet	to find	/ˈatradiːsiet/
2772	smaidi	smile	/ˈsmaidi/
2773	trakums	craziness, madness, frenzy	[tɾakums]
2774	pirkstus	finger, toe	/ˈpirkstus/
2775	nezināji	to not know; negative form of zināt	/ˈnezinaːji/
2776	runājiet	to speak, to talk	/ˈrunaːjiet/
2777	saprotams	which can or should be understood; indefinite present…	/ˈsapruotams/
2778	naudā	money	/ˈnaudaː/
2779	dzīvniekiem	animal	/ˈdziːʋniekiem/
2780	turamais	to hold	/ˈturamais/
2781	bāra	bar	/ˈbaːra/
2782	meža	forest	/ˈmeʒa/
2783	žurka	rat	[ˈʒùɾka]
2784	vakardienas	yesterday, the day before today	/ˈʋakardieːnas/
2785	neparasts	gotten used to, made into a habit; indefinite past passive…	/ˈneparasts/
2786	vadi	pipe, tube, duct, chute	/ˈʋadi/
2787	krūtīm	breast	/ˈkruːtiːm/
2788	kuģī	ship	/ˈkuɟiː/
2789	staigāt	to walk	[ˈstāī̯ɡâːt]
2790	vienkāršs	common	/ˈʋieːnkaːrʃs/
2791	el	The Latvian name of the Latin script letter L/l	[ɛl]
2792	pulksten	o'clock	/ˈpulkstæn/
2793	jūra	sea	[ˈjūːɾa]
2794	bēdas	sadness, sorrow, grief	/ˈbæːdas/
2795	tauta	people, nation	[tàwta]
2796	trūka	to lack, to be in short supply, to not be available	/ˈtruːka/
2797	darbību	action, activity	/ˈdarbiːbu/
2798	prasu	to ask for, to request, to demand	/ˈprasu/
2799	čūskas	snake	/ˈt͡ʃuːskas/
2800	ļaunumu	evil	/ˈʎaunumu/
2801	vecas	old	/ˈʋæt͡sas/
2802	daiktu	tool, instrument; also, thing	/ˈdaiktu/
2803	derības	bet, wager	/ˈderiːbas/
2804	turēja	to hold	/ˈtureːja/
2805	darīšanas	doing, making; verbal noun of darīt	/ˈdariːʃanas/
2806	mašīnai	machine, machinery, mechanism	/ˈmaʃiːnai/
2807	veikala	shop, store	/ˈʋeikala/
2808	upuris	offering, sacrifice	[upuɾis]
2809	zagli	thief	/ˈzaɡli/
2810	violeta	purple	/ˈʋiolæta/
2811	federālo	federal	/ˈfedæraːluo/
2812	maina	to change, to exchange	/ˈmaiːna/
2813	likumi	law	/ˈlikumi/
2814	atradusi	having found; indefinite past active participle of atrast	/ˈatradusi/
2815	spiediens	pressure	/ˈspiediens/
2816	īpašnieks	possessor	/ˈiːpaʃnieks/
2817	kāpt	to climb	[ˈkâːpt]
2818	milzīgu	huge, enormous, giant	/ˈmillziːɡu/
2819	ļauna	evil, wicked	/ˈʎauna/
2820	caurums	hole	/ˈt͡saurums/
2821	piektais	fifth	/ˈpiektais/
2822	nemeloju	first-person singular present/past indicative of nemelot	/ˈnemæluoju/
2823	redzēšu	to see	/ˈredzeːʃu/
2824	direktors	director administrator or manager in an institution or…	[diɾɛktoːɾs]
2825	grūtāk	more difficult, tougher, more difficultly, greater…	/ˈɡruːtaːːk/
2826	zāle	grass	[zâːlɛ]
2827	atmiņu	memory	/ˈatmiɲu/
2828	eiropu	accusative/instrumental singular of Eiropa	/ˈeiroːpu/
2829	zilā	blue color as, e.g., a clear sky	/ˈzilaː/
2830	valodas	language	/ˈʋaluodas/
2831	abu	both	/ˈabu/
2832	miesa	flesh, muscle and fat tissue of a human or animal body	[mìɛsa]
2833	vērtīgs	valuable, precious, expensive	/ˈʋeːrtiːɡs/
2834	atriebība	revenge, vengeance	/ˈatriebiːba/
2835	mašīnām	machine, machinery, mechanism	/ˈmaʃiːnaːm/
2836	grēkus	sin, transgression, offense	/ˈɡræːkus/
2837	uzvalka	suit	/ˈuz-ʋalka/
2838	gaili	rooster, cock	/ˈɡaili/
2839	džeimsu	accusative/instrumental singular of Džeimss	/ˈdʐeimsu/
2840	ļaunuma	evil	/ˈʎaunuma/
2841	jaunajā	having relatively low age, young, new	/ˈjaunajaː/
2842	puišus	young man, youth, boy	/ˈpuiʃus/
2843	sens	ancient, old, of long ago	[ˈsæns]
2844	interesanta	interesting	/ˈinteresanta/
2845	lasu	to read	/ˈlasu/
2846	garšīgi	tasty, tastily, with appetite; adverbial form of garšīgs	/ˈɡarʃiːɡi/
2847	pateicības	gratitude, thankfulness	/ˈpateit͡siːbas/
2848	slimība	disease, illness	/ˈslimiːba/
2849	kaste	box	/ˈkaste/
2850	noslēpumā	secret	/ˈnuoslæːpumaː/
2851	dienasgrāmata	diary	/ˈdieːnasɡraːmata/
2852	beigu	end	/ˈbeiɡu/
2853	meklējot	to search for, to look for	/ˈmekleːjuot/
2854	penis	penis	/ˈpenis/
2855	slikto	bad not following moral rules, treating others in a cruel…	/ˈsliktuo/
2856	taisīt	to make	/ˈtaisiːt/
2857	pūķu	in old Latvian mythology, a household spirit that could be…	/ˈpuːcu/
2858	darbība	action, activity	/ˈdarbiːba/
2859	spriežot	judging; adverbial invariable present active participle of…	/ˈsprieʒuot/
2860	melnās	black	/ˈmællnaːs/
2861	sezona	season	/ˈsæzoːna/
2862	kreisā	left, left-side	/ˈkreisaː/
2863	kreisais	left, left-side	/ˈkreisais/
2864	tualetē	dress, outfit, dressing style	/ˈtualeteː/
2865	drosmes	courage, bravery	/ˈdruosmes/
2866	veselības	health	/ˈʋæseliːbas/
2867	akmeņi	stone, rock	/ˈakmeɲi/
2868	neteiksi	to not say, to not tell; negative form of teikt	/ˈneteiksi/
2869	noteikums	rules, regulations	/ˈnuoteikums/
2870	personas	person	/ˈpersoːnas/
2871	jākļūst	to become	/ˈjaːːkʎuːst/
2872	guļu	to sleep, to be asleep	/ˈɡuʎu/
2873	kartes	map, chart	/ˈkartes/
2874	sāki	to begin, to start	/ˈsaːːki/
2875	lidostu	airport, airfield	/ˈliduostu/
2876	krievijas	genitive singular of Krievija	/ˈkrieʋijas/
2877	spārnus	wing	/ˈspaːrnus/
2878	pusei	half	/ˈpusei/
2879	tērauda	steel	/ˈtæːrauda/
2880	katras	every	/ˈkatras/
2881	īpašais	specific, independent	/ˈiːpaʃais/
2882	brauca	to go, to ride	/ˈbraut͡sa/
2883	dzīvojis	having lived; indefinite past active participle of dzīvot	/ˈdziːʋuojis/
2884	iedzer	to drink, to have a drink	/ˈiedzær/
2885	zvērs	beast, animal	[ˈzvæ̂ːɾs]
2886	akmeņiem	stone, rock	/ˈakmeɲiem/
2887	traucēt	to disturb, to inconvenience, to bother, to interfere with;…	[tràwtsɛ̂ːt]
2888	deguns	nose	/ˈdæɡuns/
2889	ēdu	first-person singular present/past indicative of ēst	/ˈæːdu/
2890	vairogs	shield	/ˈʋairuoɡs/
2891	ļauni	evil, in an evil way; adverbial form of ļauns	/ˈʎauni/
2892	sniegs	snow	[snìɛks]
2893	emocijas	emotion, emotions	/ˈæmoːt͡sijas/
2894	milti	flour	[milti]
2895	valdīt	to govern	/ˈʋalldiːt/
2896	punkti	stop/full stop, period	/ˈpuŋkti/
2897	tornī	tower	/ˈtuorniː/
2898	laime	happiness	[lāīmɛ]
2899	lidoju	first-person singular present/past indicative of lidot	/ˈliduoju/
2900	vilcienā	one-off event of dragging, pulling, drawing, or its result	/ˈʋilt͡sieːnaː/
2901	namu	house, building	/ˈnamu/
2902	suņu	domestic dog	/ˈsuɲu/
2903	ver	to open	/ˈʋær/
2904	elpa	breath, breathing	[ˈǣlpa]
2905	zvaigznēm	star	/z-ˈʋaiɡz-neːm/
2906	runāsim	to speak, to talk	/ˈrunaːsim/
2907	aicina	to invite	/ˈait͡sina/
2908	dārgo	expensive, costly	/ˈdaːrɡuo/
2909	dokuments	document	/ˈdokuments/
2910	pagātnes	past	/ˈpaɡaːtnes/
2911	stikla	glass	/ˈstikla/
2912	vakaram	evening	/ˈʋakaram/
2913	palīdzēji	to help, to help out, to aid, to assist	/ˈpaliːdzeːji/
2914	sulu	juice	/ˈsulu/
2915	devāmies	to give oneself; reflexive of dot	/ˈdæʋaːmies/
2916	cer	to hope	/t͡ser/
2917	universitātē	university, college	/ˈuniʋersitaːteː/
2918	nesakiet	to not say, to not tell; negative form of sacīt	/ˈnesakiet/
2919	vējā	wind	/ˈʋeːjaː/
2920	pilsoņu	citizen	/ˈpilsuoɲu/
2921	slepus	secretly, stealthily, without others knowing or noticing;…	/ˈslæpus/
2922	visticamāk	most believable, most probable, most significant, most…	/ʋisˈtit͡samaːːk/
2923	ticat	to believe	/ˈtit͡sat/
2924	īsi	short, shortly, briefly; adverbial form of īss	/ˈiːsi/
2925	spēlēs	play	/ˈspeːleːs/
2926	tuvi	close, near, nearby	/ˈtuʋi/
2927	nepalīdzēs	to not help; negative form of palīdzēt	/ˈnepaliːdzeːs/
2928	tīru	clean	/ˈtiːru/
2929	dziedi	to sing	/ˈdziedi/
2930	jādod	to give	/ˈjaːduod/
2931	brauktu	to go, to ride	/ˈbrauktu/
2932	zādzība	theft	/ˈzaːdziːba/
2933	viedoklis	viewpoint, standpoint, point of view	/ˈʋieduoklis/
2934	sāksi	to begin, to start	/ˈsaːːksi/
2935	mīt	to tread	/ˈmiːt/
2936	stāvēt	to stand	[stāːvɛ̂ːt]
2937	iepazīt	to get to know, to become acquainted with	/ˈiepaziːt/
2938	restorāns	restaurant	/ˈræstoraːns/
2939	preci	article, product, goods, wares, merchandise	/ˈpret͡si/
2940	sarkanais	red	/ˈsarkanais/
2941	kalniem	mountain, hill	/ˈkallniem/
2942	zinājis	having known; indefinite past active participle of zināt	/ˈzinaːjis/
2943	biežāk	more frequent, more often, more frequently; adverbial form…	/ˈbieʒaːːk/
2944	vēju	wind	/ˈʋeːju/
2945	cietums	prison	/ˈt͡sietums/
2946	patiesības	truth	/ˈpatiesiːbas/
2947	gatavot	to prepare, to produce, to build, to make	[ɡatavuôt]
2948	mirušo	dead person, deceased person	/ˈmiruʃuo/
2949	āķis	hook	[ˈɑ̄ːcis]
2950	vasarā	summer	/ˈʋasaraː/
2951	darbiniekiem	employee; clerk; official	/ˈdarbiniekiem/
2952	draudzenei	friend, girlfriend	/ˈdraudzænei/
2953	siera	cheese	/ˈsiera/
2954	drosmīgi	brave, courageous, bravely, courageously; adverbial form of…	/ˈdruosmiːɡi/
2955	dziļāk	deeper, more deeply; adverbial form of dziļāks	/ˈdziʎaːːk/
2956	pudeles	bottle	/ˈpudeles/
2957	vannā	bathtub, tub	/ˈʋannaː/
2958	jokiem	joke, jest	/ˈjuokiem/
2959	si	si	/ˈsi/
2960	svarīgākais	more important; indefinite comparative degree of svarīgs	/ˈsʋariːɡaːːkais/
2961	raud	to weep, to cry and producing inarticulate sounds, because…	/ˈraud/
2962	skūpsts	kiss	[skûːpsts]
2963	autobusa	bus	/ˈautobusa/
2964	būtnes	being, organism, creature	/ˈbuːtnes/
2965	augstākā	higher, taller; indefinite comparative degree of augsts	/ˈauɡstaːːkaː/
2966	olu	egg	/ˈuolu/
2967	zemei	ground, land, mainland	/ˈzemei/
2968	brauks	to go, to ride	/ˈbrauks/
2969	stulbo	stupid, dumb	/ˈstullbuo/
2970	likumīgi	legal, lawful, legally, lawfully; adverbial form of likumīgs	/ˈlikumiːɡi/
2971	dēli	son	[ˈdæ̂ːli]
2972	enerģiju	energy	/ˈenerɟiju/
2973	nenāks	to not come; negative form of nākt	/ˈnenaːːks/
2974	neiesi	to not go; negative form of iet	/ˈneiesi/
2975	meliem	lie, falsehood, untruth	/ˈmæliem/
2976	parole	password	[ˈparːɔlːæ]
2977	sezonas	season	/ˈsæzoːnas/
2978	mīļš	dear, cherished, beloved	[mīːʎʃ]
2979	dabūjām	to get, to obtain	/ˈdabuːjaːm/
2980	runās	to speak, to talk	/ˈrunaːs/
2981	inde	poison, venom	[īndɛ]
2982	aizmirsa	to forget	/ˈaizmirsa/
2983	darījuši	having done, having made; indefinite past active participle…	/ˈdariːjuʃi/
2984	gulēji	to sleep, to be asleep	/ˈɡuleːji/
2985	aktieris	actor	/ˈaktieris/
2986	vakariņu	dinner	/ˈʋakariɲu/
2987	mazās	small, little size of other similar objects, beings, areas,…	/ˈmazaːs/
2988	gadsimta	century	/ˈɡadsimta/
2989	picu	pizza	/ˈpit͡su/
2990	vācijā	locative singular of Vācija	/ˈʋaːt͡sijaː/
2991	kustības	motion	/ˈkustiːbas/
2992	rītdienas	tomorrow	/ˈriːtdieːnas/
2993	papīru	paper	/ˈpapiːru/
2994	slavas	fame, renown	/ˈslaʋas/
2995	sienām	wall that limits a building, a room, etc	/ˈsieːnaːm/
2996	akmeņus	stone, rock	/ˈakmeɲus/
2997	eņģelis	angel	/ˈeɲɟelis/
2998	vergu	slave, bondman	/ˈʋærɡu/
2999	monētas	coin	/ˈmonæːtas/
3000	bāru	bar	/ˈbaːru/
3001	ķēdes	chain	/ˈceːdes/
3002	nācu	to come	/ˈnaːt͡su/
3003	indija	indium	/ˈiŋdija/
3004	gulēja	to sleep, to be asleep	/ˈɡuleːja/
3005	kalpot	to serve	/ˈkalpuot/
3006	mīkstais	soft	/ˈmiːkstais/
3007	skābekli	oxygen	/ˈskaːbekli/
3008	uzmanība	attention, attentiveness, concentration, focus	/ˈuzmaniːba/
3009	traucē	to disturb, to inconvenience, to bother, to interfere with;…	/ˈtraut͡seː/
3010	stīvs	stiff, hard, numb	[stīːws]
3011	sācis	having begun, started; indefinite past active participle of…	/ˈsaːt͡sis/
3012	baiļu	fear	/ˈbaiʎu/
3013	mīļāko	dearer, more cherished, more beloved; indefinite…	/ˈmiːʎaːːkuo/
3014	paredzēt	to foresee, to anticipate, to predict	/ˈparedzeːt/
3015	govs	cattle	[ɡùows]
3016	agru	early	/ˈaɡru/
3017	aizgāji	to leave, to go away, to escape	/ˈaizɡaːji/
3018	siena	wall that limits a building, a room, etc	[siêna]
3019	ielai	street, road	/ˈielai/
3020	plānus	plan, map, blueprint, layout	/ˈplaːnus/
3021	neaizmirstiet	to not forget; negative form of aizmirst	/ˈneaizmirstiet/
3022	devi	to give	/ˈdæʋi/
3023	rita	rite	/ˈrita/
3024	organizācija	organization	/ˈorɡanizaːt͡sija/
3025	tīģeris	tiger	/ˈtiːɟeris/
3026	runājāt	to speak, to talk	/ˈrunaːjaːt/
3027	biļeti	ticket	/ˈbiʎeti/
3028	lepns	proud, haughty	[læpns]
3029	zila	blue color as, e.g., a clear sky	/ˈzila/
3030	jāturpina	to continue, to go on doing, to not interrupt	/ˈjaːturpina/
3031	gāzi	gas, gaseous substance	/ˈɡaːzi/
3032	koki	tree	/ˈkuoki/
3033	anglijas	genitive singular of Anglija	/ˈaŋɡlijas/
3034	krusta	suffering, hardship; nuisance	/ˈkrusta/
3035	atbild	to answer	/ˈatbild/
3036	parka	park	/ˈparka/
3037	jaukā	nice, cute	/ˈjaukaː/
3038	turpinām	to continue, to go on doing, to not interrupt	/ˈturpinaːm/
3039	dzēris	having drunk; indefinite past active participle of dzert	/ˈdzeːris/
3040	rūpīgi	caring, attentive, careful, caringly, attentively,…	/ˈruːpiːɡi/
3041	ausīm	ear	/ˈausiːm/
3042	aizstāvēt	to defend	[ajstāːvɛ̂ːt]
3043	papīrus	paper	/ˈpapiːrus/
3044	ēzeli	donkey	/ˈeːzæli/
3045	nezinātu	to not know; negative form of zināt	/ˈnezinaːtu/
3046	cūka	pig	[ˈt͡sūːka]
3047	jādzīvo	to live, to be alive	/ˈjaːdziːʋuo/
3048	kamerām	camera	/ˈkamæraːm/
3049	nesāc	to not start, to not begin; negative form of sākt	/ˈnesaːt͡s/
3050	mēsliem	dung, manure, animal excrement	/ˈmæːsliem/
3051	neprot	to not know how, to not be able to; negative form of prast	/ˈnepruot/
3052	aizvērt	to close down	/ˈaizʋæːrt/
3053	smieties	to laugh	/ˈsmieties/
3054	gribēt	to want	[ɡɾibɛ̂ːt]
3055	nedarīju	to not do, to not make; negative form of darīt	/ˈnedariːju/
3056	dzen	to lead, to drive go faster, or in a certain direction	/ˈdzæn/
3057	līdzeklis	means	[liːdzæklis]
3058	nākošais	to come	/ˈnaːːkuoʃais/
3059	dzīvosim	to live, to be alive	/ˈdziːʋuosim/
3060	kalējs	blacksmith	/ˈkaleːjs/
3061	klans	clan	/ˈklans/
3062	pusdienām	lunch	/ˈpusdieːnaːm/
3063	latviešu	a Latvian, a Lett	/ˈlatʋieʃu/
3064	lapsa	fox	[lapsa]
3065	noslēpumi	secret	/ˈnuoslæːpumi/
3066	drošā	brave, fearless, confident	/ˈdruoʃaː/
3067	universitātes	university, college	/ˈuniʋersitaːtes/
3068	aizmigt	to fall asleep, to drop off	/ˈaizmiɡt/
3069	domājāt	to think	/ˈduomaːjaːt/
3070	iedzīvotāji	inhabitant, resident	/ˈiedziːʋuotaːji/
3071	gribēsiet	to want	/ˈɡribeːsiet/
3072	hans	khan	/ˈhans/
3073	ņēma	to take; to seize with one's hands for some purpose	/ˈɲeːma/
3074	divos	two	/ˈdiʋuos/
3075	bēres	funeral	/ˈbeːres/
3076	gudrāks	more intelligent, wiser; indefinite comparative degree of…	/ˈɡudraːːks/
3077	netīro	dirty	/ˈnetiːruo/
3078	vēsts	message, piece of news	/ˈʋæːsts/
3079	sirdis	heart	/ˈsirdis/
3080	pusnakts	midnight	[ˈpusnakts]
3081	slavu	fame, renown	/ˈslaʋu/
3082	daikts	tool, instrument; also, thing	[ˈdaîkt͡s]
3083	manta	property	/ˈmanta/
3084	skaidrībā	clearness	/ˈskaidriːbaː/
3085	izpildīt	to perform, to execute, to carry out	/ˈizpilldiːt/
3086	tualete	dress, outfit, dressing style	/ˈtualete/
3087	nezaudē	to not lose; negative form of zaudēt	/ˈnezaudeː/
3088	atrodam	to find	/ˈatruodam/
3089	krēslā	chair	/ˈkræːslaː/
3090	sabiedrībā	society	/ˈsabiedriːbaː/
3091	četrdesmit	forty	/ˈt͡ʃetrdesmit/
3092	darbinieks	employee; clerk; official	/ˈdarbinieks/
3093	silts	warm	[sīlts]
3094	nedabūsi	to not get, to not obtain, to not receive; negative form of…	/ˈnedabuːsi/
3095	seržants	sergeant	/ˈsærʒants/
3096	balle	ball	/ˈballe/
3097	sapņos	dream	/ˈsapɲuos/
3098	kļuvu	to become	/ˈkʎuʋu/
3099	zeķes	sock	/ˈzeces/
3100	garšu	taste	/ˈɡarʃu/
3101	arlabvakaru	have a good evening; alternative form of arlabvakar	/ˈarlabʋakaru/
3102	kļūšu	to become	/ˈkʎuːʃu/
3103	jāaiziet	to leave, to go away, to escape	/ˈjaːaiziet/
3104	notikumi	event, happening, occurrence, incident	/ˈnuotikumi/
3105	dzinēja	motor, engine	/ˈdzineːja/
3106	ceļi	road, way	/ˈt͡seʎi/
3107	dūmi	smoke	/ˈduːmi/
3108	augsta	high, tall	/ˈauɡsta/
3109	meloja	to lie, to tell lies	/ˈmæloja/
3110	dievi	god	/ˈdieʋi/
3111	stāstus	story	/ˈstaːstus/
3112	atkarīga	dependent	/ˈatkariːɡa/
3113	vācijas	genitive singular of Vācija	/ˈʋaːt͡sijas/
3114	prāva	large, big, sizeable, considerable	/ˈpraːʋa/
3115	zivi	fish	/ˈziʋi/
3116	kakla	neck	/ˈkakla/
3117	līdzēt	to help	[ɫīːdzɛ̂ːt]
3118	angliju	accusative/instrumental singular of Anglija	/ˈaŋɡliju/
3119	būtne	being, organism, creature	/ˈbuːtne/
3120	četrām	four	/ˈt͡ʃetraːm/
3121	nesapratu	to not understand; negative form of saprast	/ˈnesapratu/
3122	atpūtas	rest, break	/ˈatpuːtas/
3123	negribēji	to not want; negative form of gribēt	/ˈneɡribeːji/
3124	pareizais	precise, exact, correct, accurate	/ˈpareizais/
3125	sola	bench	/ˈsuola/
3126	cukura	sugar	/ˈt͡sukura/
3127	putekļi	dust	/ˈputekʎi/
3128	resnais	thick	/ˈræsnais/
3129	ejot	to go, to walk	/ˈejuot/
3130	kontrole	control, checking, inspection	/ˈkontroːle/
3131	āmuru	hammer	/ˈaːmuru/
3132	virtuves	kitchen	/ˈʋirtuʋes/
3133	zaļie	green	/ˈzaʎie/
3134	vadība	leadership	/ˈʋadiːba/
3135	augstais	high, tall	/ˈauɡstais/
3136	skolotāju	teacher	/ˈskuoluotaːju/
3137	viegla	light, lightweight	/ˈʋieɡla/
3138	strādātu	to work	/ˈstraːdaːtu/
3139	kamerā	camera	/ˈkameraː/
3140	ticēja	to believe	/ˈtit͡seːja/
3141	prātam	mind	/ˈpraːtam/
3142	sirdij	heart	/ˈsirdij/
3143	lidosim	to fly	/ˈliduosim/
3144	zivju	fish	/ˈziʋju/
3145	tulkoja	to translate	/ˈtulkuoja/
3146	čūska	snake	[ˈt͡ʃūːska]
3147	jāmeklē	to search for, to look for	/ˈjaːmekleː/
3148	turpināšu	to continue, to go on doing, to not interrupt	/ˈturpinaːʃu/
3149	daudzām	many	/ˈdaudzaːm/
3150	cieta	solid	/ˈt͡sieta/
3151	jautrs	cheerful, merry, happy	[jàwtɾs]
3152	klusi	quiet, silent, quietly, silently; adverbial form of kluss	/ˈklusi/
3153	šokolāde	chocolate	/ˈʃokolaːde/
3154	pamata	base, basis, foundation	/ˈpamata/
3155	zirga	horse	/ˈzirɡa/
3156	ietekme	influence	/ˈietekme/
3157	vācieši	a German, a man from Germany	/ˈʋaːt͡sieʃi/
3158	pavasara	spring	/ˈpaʋasara/
3159	pirkstiem	finger, toe	/ˈpirkstiem/
3160	dzīvos	to live, to be alive	/ˈdziːʋuos/
3161	darbinieki	employee; clerk; official	/ˈdarbinieki/
3162	aizstāvi	to defend	/ˈaizstaːʋi/
3163	gulēju	to sleep, to be asleep	/ˈɡuleːju/
3164	muļķa	fool, stupid man	/ˈmuʎca/
3165	valoda	language	[valuôda]
3166	izcila	great, excellent, outstanding, brilliant	/ˈizt͡sila/
3167	vēlēšanos	wish, desire, longing, yearning	/ˈʋeːleːʃanuos/
3168	spēkos	force	/ˈspæːkuos/
3169	darījāt	to do	/ˈdariːjaːt/
3170	miega	sleep	/ˈmieɡa/
3171	humora	humor	/ˈhumoːra/
3172	virsnieks	officer	/ˈʋirsnieks/
3173	nestrādāju	first-person singular present/past indicative of nestrādāt	/ˈnestraːdaːju/
3174	kauli	bone	/ˈkauli/
3175	ugunsgrēks	fire; conflagration	/ˈuɡunsɡræːks/
3176	vaino	to find guilty, to blame, to attribute guilt to	/ˈʋaiːnuo/
3177	autors	author	/ˈautoːrs/
3178	varējāt	can; to be able to	/ˈʋareːjaːt/
3179	mirušu	having died; indefinite past active participle of mirt	/ˈmiruʃu/
3180	datora	computer	/ˈdatoːra/
3181	muļķe	fool, stupid woman	/ˈmuʎce/
3182	divās	two	/ˈdiʋaːs/
3183	nākamās	genitive singular feminine	/ˈnaːːkamaːs/
3184	dzīvojat	to live, to be alive	/ˈdziːʋuojat/
3185	varējām	can; to be able to	/ˈʋareːjaːm/
3186	neproti	to not know how, to not be able to; negative form of prast	/ˈnepruoti/
3187	brokastu	breakfast	/ˈbruokastu/
3188	neesot	to not be; negative form of būt	/ˈneesuot/
3189	piecpadsmit	fifteen	/ˈpiet͡spadsmit/
3190	pavēlu	to order, to command	/ˈpaʋæːlu/
3191	iesiet	to go, to walk	/ˈiesiet/
3192	stulbeni	stupid man	/ˈstullbæni/
3193	auksti	cold, coldly; adverbial form of auksts	/ˈauksti/
3194	vilku	wolf	/ˈʋilku/
3195	papīrs	paper	/ˈpapiːrs/
3196	guļamistabā	bedroom	/ˈɡuʎamistabaː/
3197	dzirdēja	to hear	/ˈdzirdeːja/
3198	kaila	naked, nude, bare	/ˈkaila/
3199	melna	black	/ˈmællna/
3200	līderis	leader	/ˈliːderis/
3201	vāja	weak	/ˈʋaːja/
3202	datums	date	/ˈdatums/
3203	domāta	thought; indefinite past passive participle of domāt	/ˈduomaːta/
3204	zaļais	green	/ˈzaʎais/
3205	ārprāts	madness, insanity	/ˈaːrpraːts/
3206	vilkt	to pull	/ˈʋilkt/
3207	nemelo	to not lie, to not tell lies; negative form of melot	/ˈnemæluo/
3208	pamosties	to wake up	/ˈpamuosties/
3209	cepumus	something roasted, fried, baked	/ˈt͡sæpumus/
3210	jumtu	roof	/ˈjumtu/
3211	asti	tail	/ˈasti/
3212	zaļā	green	/ˈzaʎaː/
3213	nerunāsim	to not speak, to not talk; negative form of runāt	/ˈnerunaːsim/
3214	mobilā	mobile	/ˈmobilaː/
3215	glāzes	glass	/ˈɡlaːzes/
3216	nemīl	to not love; negative form of mīlēt	/ˈnemiːl/
3217	zvaigzni	star	/z-ˈʋaiɡz-ni/
3218	septembris	the month of September	/ˈseptembris/
3219	dīvainu	strange, odd, unusual, surprising	/ˈdiːʋaiːnu/
3220	nebūsim	will not be; first-person plural future indicative of nebūt	/ˈnebuːsim/
3221	zaudējām	to lose	/ˈzaudeːjaːm/
3222	kauju	battle, fight	/ˈkauju/
3223	pateicību	gratitude, thankfulness	/ˈpateit͡siːbu/
3224	lepnumu	pride	/ˈlæpnumu/
3225	tuksnesī	desert	/ˈtuksnesiː/
3226	deja	dance	/ˈdeja/
3227	logi	window	/ˈluoɡi/
3228	čomi	a male friend, a buddy, a pal	/ˈt͡ʃomi/
3229	jokojat	to joke, to jest, to make fun of something	/ˈjuokuojat/
3230	burvīgs	charming, enchanting, magical	/ˈburʋiːɡs/
3231	putnus	bird	/ˈputnus/
3232	zaudēsi	to lose	/ˈzaudæːsi/
3233	bagāti	rich, richly, in a rich way; adverbial form of bagāts	/ˈbaɡaːti/
3234	redzama	which can or should be seen; indefinite present passive…	/ˈredzama/
3235	resns	thick	[ræsns]
3236	māksla	art	[ˈmâːksla]
3237	vīns	wine	[ˈvīːns]
3238	laulība	marriage, matrimony, wedlock	/ˈlauliːba/
3239	lūpām	lip	/ˈluːpaːm/
3240	kreisajā	left, left-side	/ˈkreisajaː/
3241	smarža	fragrance, aroma	/ˈsmarʒa/
3242	domājot	to think	/ˈduomaːjuot/
3243	svaru	weight	/ˈsʋaru/
3244	tukšu	empty	/ˈtukʃu/
3245	kapa	grave	/ˈkapa/
3246	zinātne	science	[zinâːtnɛ]
3247	melu	lie, falsehood, untruth	/ˈmælu/
3248	notikumu	event, happening, occurrence, incident	/ˈnuotikumu/
3249	ieslēgt	to switch on, to power up, to enable	/ˈieslæːɡt/
3250	vainot	to find guilty, to blame, to attribute guilt to	/ˈʋaiːnuot/
3251	lielākas	bigger, larger, greater; indefinite comparative degree of…	/ˈlielːaːːkas/
3252	kokiem	tree	/ˈkuokiem/
3253	lieliskas	great, wonderful expressing such characteristics	/ˈlielːiskas/
3254	zvēri	beast, animal	/z-ˈʋæːri/
3255	pamatā	base, basis, foundation	/ˈpamataː/
3256	pastu	mail, post	/ˈpastu/
3257	laimīgā	happy	/ˈlaimiːɡaː/
3258	zinājām	to know	/ˈzinaːjaːm/
3259	augsti	high, highly; adverbial form of augsts	/ˈauɡsti/
3260	labākajā	better; indefinite comparative degree of labs	/ˈlabaːːkajaː/
3261	vīrietim	man	/ˈʋiːrietim/
3262	rakstīja	to write by means of writing; to make, form letters with a…	/ˈrakstiːja/
3263	laikus	time, era	/ˈlaikus/
3264	mutes	mouth	/ˈmutes/
3265	glīta	pretty, handsome, neat, good-looking	/ˈɡliːta/
3266	liecināt	to attest to, to bear witness to, to testify to	/ˈliet͡sinaːt/
3267	lasījis	having read, having picked; indefinite past active…	/ˈlasiːjis/
3268	projektu	project	/ˈpro`jektu/
3269	skaistule	beautiful woman, beauty	/ˈskaistule/
3270	balva	prize, award	/ˈballʋa/
3271	gāze	gas, gaseous substance	[ɡāːze]
3272	karsta	hot	/ˈkarsta/
3273	raizes	concern, worry	/ˈraizes/
3274	ēna	shadow	[ǣːna]
3275	muzejs	museum	/ˈmuzejs/
3276	drudzis	fever	/ˈdrudzis/
3277	mācīt	to teach	[ˈmâːt͡sîːt]
3278	ērgļi	eagle	/ˈeːrɡʎi/
3279	pieejams	which can or should be approached; indefinite present…	/ˈpieejams/
3280	metodes	method	/ˈmetoːdes/
3281	vergs	slave, bondman	/ˈʋærɡs/
3282	jautra	cheerful, merry, happy	/ˈjautra/
3283	krasta	shore	/ˈkrasta/
3284	logs	window	[luôks]
3285	pols	pole	/ˈpoːls/
3286	raudi	to weep, to cry and producing inarticulate sounds, because…	/ˈraudi/
3287	neeksistē	to not exist; negative form of eksistēt	/ˈneeksisteː/
3288	eiropā	locative singular of Eiropa	/ˈeiroːpaː/
3289	zināšu	to know	/ˈzinaːʃu/
3290	turpināja	to continue, to go on doing, to not interrupt	/ˈturpinaːja/
3291	tonakt	that night	/ˈtuonakt/
3292	darot	to do	/ˈdaruot/
3293	raksts	article, paper; a piece of writing	[ɾaksts]
3294	atbildēsi	to answer	/ˈatbilldæːsi/
3295	vecajā	old	/ˈʋæt͡sajaː/
3296	skaitu	to count	/ˈskaitu/
3297	džeimsa	genitive singular of Džeimss	/ˈdʐeimsa/
3298	patieso	true, sincere, authentic	/ˈpatiesuo/
3299	sniega	snow	/ˈsnieɡa/
3300	svara	weight	/ˈsʋara/
3301	šāviens	shot	/ˈʃaːʋiens/
3302	desmitiem	ten	/ˈdesmitiem/
3303	amerikānis	an American man, a man born in the United States of America	[amɛɾikāːnis]
3304	atvērts	opened; indefinite past passive participle of atvērt	/ˈatʋæːrts/
3305	saprotam	to understand	/ˈsapruotam/
3306	rezultātā	result	/ˈrezultaːtaː/
3307	ģimenēm	family living together; larger group of relatives living…	/ˈɟimeneːm/
3308	helikopteru	helicopter	/ˈhelikuopteru/
3309	veikli	agile, deft, skillful, agilely, deftly, skillfully;…	/ˈʋeikli/
3310	ezeru	lake	/ˈæzeru/
3311	labākos	better; indefinite comparative degree of labs	/ˈlabaːːkuos/
3312	sīko	tiny, little, small	/ˈsiːkuo/
3313	pases	passport	/ˈpases/
3314	pievilcīgs	attractive, appealing	/ˈpieʋilt͡siːɡs/
3315	svarīgas	important, significant	/ˈsʋariːɡas/
3316	dūmu	smoke	/ˈduːmu/
3317	parakstīt	to sign	/ˈparakstiːt/
3318	nepareizu	wrong, incorrect	/ˈnepareizu/
3319	loma	role, part, character	/ˈluoma/
3320	nākamajai	dative singular feminine of nākamais	/ˈnaːːkamajai/
3321	francijā	francium	/ˈfrant͡sijaː/
3322	daudzu	many	/ˈdaudzu/
3323	sakām	saying, telling; adverbial object-of-perception present…	/ˈsakaːm/
3324	labākas	better; indefinite comparative degree of labs	/ˈlabaːːkas/
3325	zēna	boy	/ˈzæːna/
3326	varējusi	having been able to; indefinite past active participle of…	/ˈʋareːjusi/
3327	iekšas	guts, entrails	/ˈiekʃas/
3328	iekšējo	interior, internal, inner	/ˈiekʃeːjuo/
3329	seksīgs	sexy, hot	/ˈseksiːɡs/
3330	stāstījis	having told, having narrated; indefinite past active…	/ˈstaːstiːjis/
3331	vienlaikus	simultaneously, at the same time	/ˈʋieːnlaikus/
3332	pretinieks	opponent, adversary	/ˈpretinieks/
3333	izskats	appearance, look	/ˈizskats/
3334	mazāka	smaller, littler; indefinite comparative degree of mazs	/ˈmazaːːka/
3335	kucēns	baby dog, puppy	/ˈkut͡sæːns/
3336	smagu	heavy	/ˈsmaɡu/
3337	pulksteņa	clock, watch	/ˈpulksteɲa/
3338	citreiz	another time	/ˈt͡sitreiz/
3339	akla	blind incapable of seeing	/ˈakla/
3340	citai	another	/ˈt͡sitai/
3341	dzīvotu	to live, to be alive	/ˈdziːʋuotu/
3342	skumjas	sadness, grief	[skùmjas]
3343	lelle	doll	/ˈlelle/
3344	turpinu	to continue, to go on doing, to not interrupt	/ˈturpinu/
3345	pareiza	precise, exact, correct, accurate	/ˈpareiza/
3346	naktis	night	/ˈnaktis/
3347	ložu	sphere	/ˈluoʒu/
3348	viesu	guest, visitor	/ˈʋiesu/
3349	process	process	/ˈprot͡sess/
3350	krēslu	chair	/ˈkræːslu/
3351	nevarēsi	to not be able to; negative form of varēt	/ˈneʋaræːsi/
3352	pērk	to buy, to purchase	/ˈpeːrk/
3353	vistu	hen; chicken	/ˈʋistu/
3354	svētki	holiday, feast	/ˈsʋæːtki/
3355	varā	power	/ˈʋaraː/
3356	tautu	people, nation	/ˈtautu/
3357	locekļi	limb, member	/ˈluot͡sekʎi/
3358	maksa	pay, payment, fee, fare, toll	[ˈmaksa]
3359	deviņiem	nine	/ˈdeʋiɲiem/
3360	austrumos	east	/ˈaustrumuos/
3361	zirgus	horse	/ˈzirɡus/
3362	upe	river	[ˈupːɛ]
3363	kokā	tree	/ˈkuokaː/
3364	dzīvosi	to live, to be alive	/ˈdziːʋuosi/
3365	vienus	one	/ˈʋieːnus/
3366	smaka	smell, stink, stench	/ˈsmaka/
3367	nepareizs	wrong, incorrect	[paɾɛ̄īs]
3368	kārtība	kilter	/ˈkaːrtiːba/
3369	interesantu	interesting	/ˈinteresantu/
3370	normāls	normal	/ˈnormaːls/
3371	trīsdesmit	thirty	/ˈtriːsdesmit/
3372	ņēmi	to take; to seize with one's hands for some purpose	/ˈɲeːmi/
3373	em	The Latvian name of the Latin script letter M/m	[ɛm]
3374	acī	eye	/ˈat͡siː/
3375	nozagu	to steal	/ˈnuozaɡu/
3376	sīkums	trifle	/ˈsiːkums/
3377	netic	to not believe; negative form of ticēt	/ˈnetit͡s/
3378	krūšu	breast	/ˈkruːʃu/
3379	skatiens	look, glance	/ˈskatiens/
3380	sveikas	safe; unharmed despite adverse circumstances	/ˈsʋeikas/
3381	režisors	director, film director	/ˈreʒisoːrs/
3382	skots	a Scot or Scotsman, a man from Scotland	/ˈskots/
3383	maksāju	first-person singular present/past indicative of maksāt	/ˈmaksaːju/
3384	ņemam	to take; to seize with one's hands for some purpose	/ˈɲæmam/
3385	puikam	boy	/ˈpuikam/
3386	izjūta	feeling, sense	/ˈizjuːta/
3387	zinātnieks	scientist, scholar	/ˈzinaːtnieks/
3388	saldi	sweet, sweetly; adverbial form of salds	/ˈsalldi/
3389	skaistums	beauty	/ˈskaistums/
3390	apstākļi	accusative/vocative plural of apstāklis	/ˈapstaːːkʎi/
3391	ātruma	speed, velocity	/ˈaːtruma/
3392	notikums	event, happening, occurrence, incident	/ˈnuotikums/
3393	baigais	terrible, dreadful, depressive, grim; that which causes…	/ˈbaiɡais/
3394	nevarējām	to not be able to; negative form of varēt	/ˈneʋareːjaːm/
3395	vecākā	older; indefinite comparative degree of vecs	/ˈʋæt͡saːːkaː/
3396	iedevi	to give, to hand, so that someone takes it	/ˈiedæʋi/
3397	miršu	to die	/ˈmirʃu/
3398	gādāšu	to take care of, to see to, to provide	/ˈɡaːdaːʃu/
3399	spīd	to shine	/ˈspiːd/
3400	lāči	bear	/ˈlaːt͡ʃi/
3401	traucējumi	disturbance	/ˈtraut͡seːjumi/
3402	tukšas	empty	/ˈtukʃas/
3403	māsai	sister	/ˈmaːsai/
3404	maksu	pay, payment, fee, fare, toll	/ˈmaksu/
3405	baznīca	church	[baznìːtsa]
3406	patikt	to like	[ˈpatikt]
3407	konsultants	consultant	/ˈkonsultants/
3408	interesants	interesting	/ˈinteresants/
3409	mednieks	hunter	/ˈmednieks/
3410	dzīvniekus	animal	/ˈdziːʋniekus/
3411	datorā	computer	/ˈdatoːraː/
3412	parāds	debt	/ˈparaːds/
3413	ķīnā	locative singular of Ķīna	/ˈciːnaː/
3414	dzīvokļa	apartment	/ˈdziːʋuokʎa/
3415	pildspalvu	pen	/ˈpildspallʋu/
3416	nama	house, building	/ˈnama/
3417	traucēju	first-person singular present/past indicative of traucēt	/ˈtraut͡seːju/
3418	brāļiem	brother	/ˈbraːʎiem/
3419	uzvalkā	suit	/ˈuz-ʋalkaː/
3420	kaimiņš	neighbour	/ˈkaimiɲʃ/
3421	aizmirstiet	to forget	/ˈaizmirstiet/
3422	teicami	excellent, excellently; adverbial form of teicams	/ˈteit͡sami/
3423	jāglābj	to save death; to protect from death	/ˈjaːɡlaːbj/
3424	dzimusi	having been born; indefinite past active participle of dzimt	/ˈdzimusi/
3425	pasta	mail, post	/ˈpasta/
3426	vērtības	value	/ˈʋeːrtiːbas/
3427	mēslus	dung, manure, animal excrement	/ˈmæːslus/
3428	brūce	wound, gash	/ˈbruːt͡se/
3429	cepumu	something roasted, fried, baked	/ˈt͡sæpumu/
3430	meklējiet	to search for, to look for	/ˈmekleːjiet/
3431	vainīgi	guilty, guiltily; adverbial form of vainīgs	/ˈʋaiːniːɡi/
3432	sviestmaizi	open sandwich; by extension, also closed sandwiches	/ˈsʋiestmaizi/
3433	augstā	high, tall	/ˈauɡstaː/
3434	karam	war	/ˈkaram/
3435	liesmas	flame, visible part of fire	/ˈliesmas/
3436	mīļa	dear, cherished, beloved	/ˈmiːʎa/
3437	pamats	base, basis, foundation	[pamats]
3438	smiltis	sand	/ˈsmiltis/
3439	atsevišķi	separate, discrete, individual	/ˈatseʋiʃci/
3440	autobuss	bus	/ˈautobuss/
3441	mīlēšu	to love, to feel love for	/ˈmiːleːʃu/
3442	piedzīvojums	adventure	/ˈpiedziːʋuojums/
3443	saistība	connection, link, tie	/ˈsaistiːba/
3444	ratā	wheel	/ˈrataː/
3445	pāvests	Pope	[pāːvɛsts]
3446	asaru	tears	/ˈasaru/
3447	noteiktu	to say, to state, to declare	/ˈnuoteiktu/
3448	ļaunais	evil, wicked	/ˈʎaunais/
3449	ceļot	to journey	/ˈt͡seʎuot/
3450	septiņus	seven	/ˈseptiɲus/
3451	pierast	to get used, to get accustomed	/ˈpierast/
3452	cilpa	loop	/ˈt͡silpa/
3453	nezinājām	to not know; negative form of zināt	/ˈnezinaːjaːm/
3454	jupitera	genitive singular of Jupiters	/ˈjupitera/
3455	spēlei	play	/ˈspeːlei/
3456	ausīs	ear	/ˈausiːs/
3457	septiņiem	seven	/ˈseptiɲiem/
3458	zilais	blue color as, e.g., a clear sky	/ˈzilais/
3459	palīdzēsiet	to help, to help out, to aid, to assist	/ˈpaliːdzeːsiet/
3460	vecos	old	/ˈʋæt͡suos/
3461	krēsla	twilight, dusk shortly after sunset	[krǣːsla]
3462	turēšu	to hold	/ˈtureːʃu/
3463	džonu	accusative/instrumental singular of Džons	/ˈdʐonu/
3464	atrastos	found; indefinite past passive participle of atrast	/ˈatrastuos/
3465	pusdienu	lunch	/ˈpusdieːnu/
3466	zagle	thief	[zaɡlɛ]
3467	nezinot	to not know; negative form of zināt	/ˈnezinuot/
3468	dzirdējām	to hear	/ˈdzirdeːjaːm/
3469	apkalpi	crew	/ˈapkalpi/
3470	īrs	an Irishman	/ˈiːrs/
3471	vilki	wolf	/ˈʋilki/
3472	zirgiem	horse	/ˈzirɡiem/
3473	notikumiem	event, happening, occurrence, incident	/ˈnuotikumiem/
3474	nejoko	to not joke; negative form of jokot	/ˈnejuokuo/
3475	cerēsim	to hope	/ˈt͡særeːsim/
3476	sarežģīts	complex	/ˈsareʒɟiːts/
3477	zinātnes	science	/ˈzinaːtnes/
3478	uzticams	which can or should be entrusted; indefinite present…	/ˈuztit͡sams/
3479	mirtu	to die	/ˈmirtu/
3480	aizmirstu	to forget	/ˈaizmirstu/
3481	pasākums	measure	/ˈpasaːːkums/
3482	vidu	middle, center	/ˈʋidu/
3483	gribēšu	to want	/ˈɡribeːʃu/
3484	neticēsi	to not believe; negative form of ticēt	/ˈnetit͡sæːsi/
3485	zilo	blue color as, e.g., a clear sky	/ˈziluo/
3486	pirksts	finger, toe	/ˈpirksts/
3487	izrādīt	to demonstrate, to show, to display	/ˈizraːdiːt/
3488	dienestu	service, duty	/ˈdieːnæstu/
3489	krist	to fall	/ˈkrist/
3490	veidos	form	/ˈʋeiduos/
3491	veselas	healthy	/ˈʋæsælas/
3492	gājām	to go, to walk	/ˈɡaːjaːm/
3493	mazuļi	little child, little one, baby	/ˈmazuʎi/
3494	augļus	fruit	/ˈauɡʎus/
3495	pagrabu	cellar, basement	/ˈpaɡrabu/
3496	apspriežu	conference, meeting where something is discussed, evaluated	/ˈapsprieʒu/
3497	pārstāvis	representative	/ˈpaːrstaːʋis/
3498	īstie	real, true, genuine, not false or artificial	/ˈiːstie/
3499	fotogrāfija	photography	/ˈfotoɡraːfija/
3500	vēža	crayfish	/ˈʋeːʒa/
3501	vistas	hen; chicken	/ˈʋistas/
3502	puišu	young man, youth, boy	/ˈpuiʃu/
3503	algu	salary, wage	/ˈallɡu/
3504	ķīnas	genitive singular of Ķīna	/ˈciːnas/
3505	zinātnieki	scientist, scholar	/ˈzinaːtnieki/
3506	stiprāks	stronger; indefinite comparative degree of stiprs	/ˈstipraːːks/
3507	bruņas	armor	[bruɲɑs]
3508	mīlat	to love, to feel love for	/ˈmiːlat/
3509	dārga	expensive, costly	/ˈdaːrɡa/
3510	putniem	bird	/ˈputniem/
3511	noderēt	to be useful	/ˈnuodæreːt/
3512	senās	ancient, old, of long ago	/ˈsænaːs/
3513	helikopters	helicopter	/ˈhelikuopters/
3514	nebraukšu	to not go, to not ride; negative form of braukt	/ˈnebraukʃu/
3515	lepnums	pride	/ˈlæpnums/
3516	slimības	disease, illness	/ˈslimiːbas/
3517	eksperts	expert	/ˈekspærts/
3518	mazdēls	grandson	/ˈmazdæːls/
3519	puķe	flower	/ˈpuce/
3520	suņus	domestic dog	/ˈsuɲus/
3521	klusēt	To not make noise vocally either through talking, laughing,…	[kluˈsɛt]
3522	žurku	rat	/ˈʒurku/
3523	nākat	to come	/ˈnaːːkat/
3524	licis	to put	/ˈlit͡sis/
3525	dosieties	to give oneself; reflexive of dot	/ˈduosieties/
3526	tīras	clean	/ˈtiːras/
3527	sarkans	red	[sâɾkans]
3528	kartē	map, chart	/ˈkarteː/
3529	meitenīte	little girl; diminutive of meitene	/ˈmeiteniːte/
3530	maisu	sack, bag	/ˈmaisu/
3531	preču	article, product, goods, wares, merchandise	/ˈpret͡ʃu/
3532	grūts	tough, arduous, difficult	[ɡɾūːts]
3533	kurpju	shoes with heels and hard soles, covering the foot but not…	/ˈkurpju/
3534	reizei	time	/ˈreizei/
3535	stāviet	to stand	/ˈstaːʋiet/
3536	ātro	fast, quick, rapid	/ˈaːtruo/
3537	zemūdene	submarine	/ˈzemuːdene/
3538	stingri	firm, strong, strict; adverbial form of stingrs	/ˈstiŋɡri/
3539	atbildu	to answer	/ˈatbilldu/
3540	virtuvi	kitchen	/ˈʋirtuʋi/
3541	kāršu	pole, post	/ˈkaːrʃu/
3542	monētu	coin	/ˈmonæːtu/
3543	alas	cave	/a.las/
3544	bada	hunger, starvation, famine	/ˈbada/
3545	sarkana	red	/ˈsarkana/
3546	mazākās	smaller, littler; indefinite comparative degree of mazs	/ˈmazaːːkaːs/
3547	skotu	a Scot or Scotsman, a man from Scotland	/ˈskotu/
3548	dzeru	to drink	/ˈdzæru/
3549	viegls	light, lightweight	[vìɛɡls]
3550	kuģus	ship	/ˈkuɟus/
3551	slimību	disease, illness	/ˈslimiːbu/
3552	sargu	to protect, to guard	/ˈsarɡu/
3553	minūtēs	minute	/ˈminuːteːs/
3554	parku	park	/ˈparku/
3555	alerģija	allergy	/ˈalerɟija/
3556	kreisās	left, left-side	/ˈkreisaːs/
3557	skaidru	clean, clear, bright, without clouds	/ˈskaidru/
3558	preces	article, product, goods, wares, merchandise	/ˈpret͡ses/
3559	maksāja	to pay	/ˈmaksaːja/
3560	nevarēsim	to not be able to; negative form of varēt	/ˈneʋareːsim/
3561	augstumā	height, altitude	/ˈauɡstumaː/
3562	tovakar	that evening	/ˈtuoʋakar/
3563	daudzums	amount, quantity, number	/ˈdaudzums/
3564	jaunāks	younger, newer; indefinite comparative degree of jauns	/ˈjaunaːːks/
3565	stipru	strong	/ˈstipru/
3566	zupu	soup	/ˈzupu/
3567	pelni	ashes, cinders, embers	/ˈpællni/
3568	noteikts	definite	/ˈnuoteikts/
3569	sviestu	butter	/ˈsʋiestu/
3570	dzēriens	drink, beverage	/ˈdzeːriens/
3571	spēkam	force	/ˈspæːkam/
3572	dabūjāt	to get, to obtain	/ˈdabuːjaːt/
3573	liesmās	flame, visible part of fire	/ˈliesmaːs/
3574	francijas	genitive singular of Francija	/ˈfrant͡sijas/
3575	radītājs	creator	/ˈradiːtaːjs/
3576	jājautā	to ask question, to inquire, to question	/ˈjaːjautaː/
3577	precēt	to marry	/ˈpræt͡seːt/
3578	ielejā	valley	/ˈielejaː/
3579	slepens	secret	/ˈslæpæns/
3580	mezglu	knot	/ˈmezɡlu/
3581	siers	cheese	[ˈsīɛ̄ɾs]
3582	prasīju	to ask for, to request, to demand	/ˈprasiːju/
3583	lasa	to read	/ˈlasa/
3584	kurls	deaf	[kûɾls]
3585	labumu	goodness; good quality	/ˈlabumu/
3586	svaigs	fresh	/ˈsʋaiɡs/
3587	apkalpe	crew	/ˈapkalpe/
3588	indi	poison, venom	/ˈiŋdi/
3589	noliktava	store, storehouse, warehouse	/ˈnuoliktaʋa/
3590	izmantots	used, utilised, exploited; indefinite past passive…	/ˈizmantuots/
3591	balles	ball	/ˈballes/
3592	stundās	hour	/ˈstuŋdaːs/
3593	stulbā	stupid, dumb	/ˈstullbaː/
3594	trūkums	lack, absence, shortage, scarcity, dearth	/ˈtruːkums/
3595	enerģija	energy	/ˈenerɟija/
3596	naudai	money	/ˈnaudai/
3597	parastu	normal, ordinary, plain	/ˈparastu/
3598	pilnīgu	complete, total, full, perfect, absolute	/ˈpillniːɡu/
3599	gredzena	ring	/ˈɡrædzæna/
3600	dejas	dance	/ˈdejas/
3601	tīģeri	tiger	/ˈtiːɟeri/
3602	ēdis	having eaten; indefinite past active participle of ēst	/ˈeːdis/
3603	iedzīvotājiem	inhabitant, resident	/ˈiedziːʋuotaːjiem/
3604	kļūstu	to become	/ˈkʎuːstu/
3605	ātru	fast, quick, rapid	/ˈaːtru/
3606	stiklu	glass	/ˈstiklu/
3607	motoru	motor, engine	/ˈmotoːru/
3608	ož	to smell	/ˈuoʒ/
3609	augļu	fruit	/ˈauɡʎu/
3610	burtiem	letter	/ˈburtiem/
3611	augstas	high, tall	/ˈauɡstas/
3612	kareivi	soldier, private rank in the army; a soldier of this rank	/ˈkareiʋi/
3613	pārvalde	administration	/ˈpaːrʋallde/
3614	valstis	state, country	/ˈʋalstis/
3615	slēgt	to close, to shut	/ˈslæːɡt/
3616	mēru	measure	/ˈmæːru/
3617	bruņots	armed	/ˈbruɲuots/
3618	buču	kiss	/ˈbut͡ʃu/
3619	lauva	lion in general	[lāwva]
3620	burtu	letter	/ˈburtu/
3621	karavīri	soldier	/ˈkaraʋiːri/
3622	slēpt	to hide, to conceal so that others cannot see or find it,…	[slɛ̀ːpt]
3623	dosim	to give	/ˈduosim/
3624	mazajam	small, little size of other similar objects, beings, areas,…	/ˈmazajam/
3625	vēsti	to herald	/ˈʋæːsti/
3626	barons	baron	/ˈbaroːns/
3627	zināsim	to know	/ˈzinaːsim/
3628	aste	tail	[ˈastɛ]
3629	bailēs	fear	/ˈbaileːs/
3630	censties	to strive for, to endeavor	[tsɛ̀nstiɛ̂s]
3631	decembrī	the month of December	/ˈdet͡sembriː/
3632	veseli	healthy, whole, healthily; adverbial form of vesels	/ˈʋæsæli/
3633	reputācija	reputation	/ˈreputaːt͡sija/
3634	jātur	to hold	/ˈjaːtur/
3635	sliktie	bad not following moral rules, treating others in a cruel…	/ˈsliktie/
3636	politiku	politics	/ˈpolitiku/
3637	ļaunākais	more evil; indefinite comparative degree of ļauns	/ˈʎaunaːːkais/
3638	krēsls	chair	[krǣːsls]
3639	lielajiem	big, large	/ˈlielːajiem/
3640	čoms	a male friend, a buddy, a pal	[tʃoms]
3641	nekustieties	to not move; negative form of kustēties	/ˈnekustieties/
3642	ēnu	shadow	/ˈæːnu/
3643	turpināsi	to continue, to go on doing, to not interrupt	/ˈturpinaːsi/
3644	piemērs	example	[ˈpìɛ̯mǣːɾs]
3645	izteiksmi	expression	/ˈizteiksmi/
3646	pašnāvība	suicide	/ˈpaʃnaːʋiːba/
3647	deviņas	nine	/ˈdeʋiɲas/
3648	jālido	to fly	/ˈjaːliduo/
3649	cenas	price	/ˈt͡sænas/
3650	baltie	white	/ˈbaltie/
3651	ienaidniekiem	enemy, opponent, adversary, foe	/ˈieːnaidniekiem/
3652	smaids	smile	[smāīts]
3653	cerēt	to hope	[tsɛɾɛ̂ːt]
3654	čūsku	snake	/ˈt͡ʃuːsku/
3655	pleciem	shoulder	/ˈplæt͡siem/
3656	vēlēties	to wish	/ˈʋeːleːties/
3657	troksnis	noise, sound	/ˈtruoksnis/
3658	rakstīju	to write by means of writing; to make, form letters with a…	/ˈrakstiːju/
3659	ticēju	to believe	/ˈtit͡seːju/
3660	senāk	more ancient, more anciently; adverbial form of senāks	/ˈsænaːːk/
3661	karjera	career	/ˈkarjera/
3662	mēbeles	furniture, nominative plural of mēbele	/ˈmeːbeles/
3663	aiziesi	to leave, to go away, to escape	/ˈaiziesi/
3664	braucienā	trip, ride, journey	/ˈbraut͡sieːnaː/
3665	produktu	product	/ˈproduktu/
3666	jautrība	cheerfulness, merriment, fun, hilarity	/ˈjautriːba/
3667	muļķībām	foolishness, folly, stupidity	/ˈmuʎciːbaːm/
3668	tasi	cup	/ˈtasi/
3669	parks	park	/ˈparks/
3670	matos	hair	/ˈmatuos/
3671	ceram	hoping; adverbial object-of-perception present active…	/ˈt͡særam/
3672	bāze	basis	/ˈbaːze/
3673	ceturtā	fourth	/ˈt͡seturtaː/
3674	dzeramu	drinkable; indefinite present passive participle of dzert	/ˈdzæramu/
3675	prasītu	to ask for, to request, to demand	/ˈprasiːtu/
3676	lēkt	to jump	/ˈleːkt/
3677	laukums	area	/ˈlaukums/
3678	kuros	which, who	/ˈkuruos/
3679	sūtījums	consignment, parcel, remittance, shipment	[ˈsùːtīːjums]
3680	mest	to throw	[ˈmɛst]
3681	rīkli	throat; pharynx	/ˈriːkli/
3682	jaunumus	newness, youth	/ˈjaunumus/
3683	zoss	goose	[zùos]
3684	labam	good following accepted moral rules, treating others in a…	/ˈlabam/
3685	cepures	hat	/ˈt͡sæpures/
3686	bibliotēkā	library	/ˈbiblioteːkaː/
3687	melnajā	black	/ˈmællnajaː/
3688	rupjš	coarse, rough	[rupʲʃ]
3689	maksas	pay, payment, fee, fare, toll	/ˈmaksas/
3690	padomju	council, board	/ˈpaduomju/
3691	svešinieks	stranger	/ˈsʋeʃinieks/
3692	grāmatām	book	/ˈɡraːmataːm/
3693	nerunājam	not speaking, not talking; adverbial object-of-perception…	/ˈnerunaːjam/
3694	sūkā	to suck	/ˈsuːkaː/
3695	bezjēdzīgi	meaningless, nonsensical, meaninglessly, nonsensically;…	/ˈbezjeːdziːɡi/
3696	neprātīgi	foolish, reckless, excessive, foolishly, recklessly,…	/ˈnepraːtiːɡi/
3697	aizmirsusi	having forgotten; indefinite past active participle of…	/ˈaizmirsusi/
3698	neraudi	to not cry, to not weep; negative form of raudāt	/ˈneraudi/
3699	lūpas	lip	/ˈluːpas/
3700	velk	to pull	/ˈʋælk/
3701	elpas	breath, breathing	/ˈælpas/
3702	apstākļiem	circumstance	/ˈapstaːːkʎiem/
3703	meklēšanas	looking for, searching, seeking; verbal noun of meklēt	/ˈmekleːʃanas/
3704	bremzes	brake	/ˈbremzes/
3705	pica	pizza	[ˈpit͡sːa]
3706	vijole	violin	/ˈʋijuole/
3707	bruņinieku	knight	/ˈbruɲinieku/
3708	tumšās	dark	/ˈtumʃaːs/
3709	skar	to touch	/ˈskar/
3710	ciemu	village, settlement	/ˈt͡siemu/
3711	būdams	being; adverbial variable present active participle of būt	/ˈbuːdams/
3712	zirgi	horse	/ˈzirɡi/
3713	likumiem	law	/ˈlikumiem/
3714	ziņās	message	/ˈziɲaːs/
3715	rīss	rice	/ˈriːss/
3716	augusts	the month of August	/ˈauɡusts/
3717	veļas	linens, cloth, towel	/ˈʋeʎas/
3718	pēta	to investigate	/ˈpæːta/
3719	strādājot	to work	/ˈstraːdaːjuot/
3720	mācība	lesson	/ˈmaːt͡siːba/
3721	lielākās	bigger, larger, greater; indefinite comparative degree of…	/ˈlielːaːːkaːs/
3722	svarīgāks	more important; indefinite comparative degree of svarīgs	/ˈsʋariːɡaːːks/
3723	rotaļlietu	toy, plaything	/ˈruotaʎlietu/
3724	karogs	banner, flag	[kaɾuōks]
3725	geju	gay, homosexual	/ˈɡeju/
3726	labāki	better; indefinite comparative degree of labs	/ˈlabaːːki/
3727	kanādas	genitive singular of Kanāda	/ˈkanaːdas/
3728	ieteikt	to recommend, to advise	/ˈieteikt/
3729	atvērtu	to open so as to make the space behind it accessible	/ˈatʋæːrtu/
3730	palīdze	helper, assistant	/ˈpaliːdze/
3731	šā	of this; genitive singular masculine of šis	/ˈʃaː/
3732	sliktākais	worse; indefinite comparative degree of slikts	/ˈsliktaːːkais/
3733	brokastīm	breakfast	/ˈbruokastiːm/
3734	zaļš	green	[zaʎʃ]
3735	krīze	crisis	/ˈkriːze/
3736	nedarīsim	to not do, to not make; negative form of darīt	/ˈnedariːsim/
3737	uzvedība	behaviour, conduct	/ˈuz-ʋediːba/
3738	pilnība	fullness, completeness	/ˈpillniːba/
3739	zēniem	boy	/ˈzæːniem/
3740	ēģiptē	locative singular of Ēģipte	/ˈeːɟipteː/
3741	viļņi	wave	/ˈʋiʎɲi/
3742	jaunajiem	having relatively low age, young, new	/ˈjaunajiem/
3743	ņemsi	to take; to seize with one's hands for some purpose	/ˈɲæmsi/
3744	klusā	soft, quiet, silent	/ˈklusaː/
3745	redzēsimies	to see oneself, to see each other; reflexive of redzēt	/ˈredzeːsimies/
3746	cūkas	the name of a certain card game	/ˈt͡suːkas/
3747	idioti	idiot	/ˈidiuoti/
3748	ceļojuma	trip, journey, travel	/ˈt͡seʎuojuma/
3749	mājai	house, dwelling	/ˈmaːjai/
3750	garšīgs	tasty	/ˈɡarʃiːɡs/
3751	fantastiska	fantastic	/ˈfantastiska/
3752	strādāji	to work	/ˈstraːdaːji/
3753	mērci	sauce	/ˈmeːrt͡si/
3754	roboti	robot	/ˈroboti/
3755	elements	element	/ˈelements/
3756	svarīgāk	more important, more importantly; adverbial form of…	/ˈsʋariːɡaːːk/
3757	īstās	real, true, genuine, not false or artificial	/ˈiːstaːs/
3758	datumu	date	/ˈdatumu/
3759	apmaiņu	exchange, swap	/ˈapmaiɲu/
3760	dvīņi	twin	/ˈdʋiːɲi/
3761	sūdiem	shit	/ˈsuːdiem/
3762	veidi	form	/ˈʋeidi/
3763	atmiņā	memory	/ˈatmiɲaː/
3764	kopa	group	/ˈkuopa/
3765	sekundēs	second	/ˈsekuŋdeːs/
3766	baru	crowd	/ˈbaru/
3767	jaunāko	younger, newer; indefinite comparative degree of jauns	/ˈjaunaːːkuo/
3768	neatbild	to not answer; negative form of atbildēt	/ˈneatbild/
3769	mirušie	dead person, deceased person	/ˈmiruʃie/
3770	dvēseļu	soul	/ˈdʋeːseʎu/
3771	džona	genitive singular of Džons	/ˈdʐona/
3772	iesit	to go, to walk	/ˈiesit/
3773	karavīrs	soldier	/ˈkaraʋiːrs/
3774	piens	milk	[ˈpīɛ̄ns]
3775	veļu	soul of the dead; ghost	/ˈʋeʎu/
3776	galdu	table	/ˈɡalldu/
3777	uzdevumā	task, duty	/ˈuzdæʋumaː/
3778	attālums	distance	/ˈattaːlums/
3779	franciju	francium	/ˈfrant͡siju/
3780	miesu	flesh, muscle and fat tissue of a human or animal body	/ˈmiesu/
3781	melnie	black	/ˈmellnie/
3782	nedzirdēju	to not hear; negative form of dzirdēt	/ˈnedzirdeːju/
3783	skaisto	beautiful	/ˈskaistuo/
3784	pacients	patient	/ˈpat͡sients/
3785	nulle	zero	/ˈnulle/
3786	marta	the month of March	/ˈmarta/
3787	līt	to flow	[ˈlîːt]
3788	iesist	to drive in, hit, strike so that something goes into…	/ˈiesist/
3789	zaudēs	to lose	/ˈzaudeːs/
3790	kļūsim	to become	/ˈkʎuːsim/
3791	augs	plant	[âwks]
3792	kalnus	mountain, hill	/ˈkallnus/
3793	vecumu	old age	/ˈʋæt͡sumu/
3794	raķete	rocket	/ˈracete/
3795	neaizej	to not go; negative form of aiziet	/ˈneaizej/
3796	vērtīga	valuable, precious, expensive	/ˈʋeːrtiːɡa/
3797	domāti	thought; indefinite past passive participle of domāt	/ˈduomaːti/
3798	novembris	the month of November	/ˈnoʋembris/
3799	braucat	to go, to ride	/ˈbraut͡sat/
3800	profesoru	professor	/ˈprofesoːru/
3801	nepalīdz	to not help; negative form of palīdzēt	/ˈnepaliːdz/
3802	ministrija	ministry, government department	/ˈministrija/
3803	dzinēji	motor, engine	/ˈdzineːji/
3804	tipa	type	/ˈtipa/
3805	dolārs	dollar	/ˈdolaːrs/
3806	jautāji	to ask question, to inquire, to question	/ˈjautaːji/
3807	vieno	to link, to connect	/ˈʋieːnuo/
3808	vīrieša	man	/ˈʋiːrieʃa/
3809	telefonā	telephone	/ˈtelefoːnaː/
3810	negaršo	to not taste; negative form of garšot	/ˈneɡarʃuo/
3811	maksātu	to pay	/ˈmaksaːtu/
3812	dīvainas	strange, odd, unusual, surprising	/ˈdiːʋaiːnas/
3813	kārts	pole, post	[kāːɾts]
3814	malu	edge, shore	/ˈmalu/
3815	uzdod	to raise, to lift, e.g., hay, straw, etc	/ˈuzduod/
3816	tīrais	clean	/ˈtiːrais/
3817	atrasti	found; indefinite past passive participle of atrast	/ˈatrasti/
3818	tukšā	empty-handed, without something desired, expected	/ˈtukʃaː/
3819	radi	to find be present, in use, or in one's possession	/ˈradi/
3820	spārnu	wing	/ˈspaːrnu/
3821	kalni	mountain, hill	/ˈkallni/
3822	atvērtas	opened; indefinite past passive participle of atvērt	/ˈatʋæːrtas/
3823	vilciena	one-off event of dragging, pulling, drawing, or its result	/ˈʋilt͡sieːna/
3824	kristu	alternative form of krusts	/ˈkristu/
3825	aizliegta	prohibited; indefinite past passive participle of aizliegt	/ˈaizlieɡta/
3826	ebrejs	Jew	/ˈæbrejs/
3827	trakā	mad, rabid	/ˈtrakaː/
3828	mirušajiem	dead person, deceased person	/ˈmiruʃajiem/
3829	sūtījumu	consignment, parcel, remittance, shipment	/ˈsuːtiːjumu/
3830	atrodu	to find	/ˈatruodu/
3831	rindas	row, line, queue	/ˈriŋdas/
3832	temperatūra	temperature	[ˈtɛ̄mp(ɛ)ɾatūːɾa]
3833	hercogs	duke	/ˈhert͡soːɡs/
3834	torņa	tower	/ˈtuorɲa/
3835	normāla	normal	/ˈnormaːla/
3836	tēja	tea plant	/ˈteːja/
3837	pavēl	to order, to command	/ˈpaʋeːl/
3838	vieglu	light, lightweight	/ˈʋieɡlu/
3839	vecāka	older; indefinite comparative degree of vecs	/ˈʋæt͡saːːka/
3840	īsa	short	/ˈiːsa/
3841	jostas	belt	/ˈjuostas/
3842	prāvas	large, big, sizeable, considerable	/ˈpraːʋas/
3843	slepenu	secret	/ˈslæpænu/
3844	jākustas	to move; reflexive of kustēt	/ˈjaːːkustas/
3845	baltu	Balt, a Baltic person, someone from the Baltic states	/ˈbaltu/
3846	pupi	teat	/ˈpupi/
3847	pietura	stop	/ˈpietura/
3848	jostu	belt	/ˈjuostu/
3849	ciema	village, settlement	/ˈt͡siema/
3850	laimīgas	happy	/ˈlaimiːɡas/
3851	kosmosā	cosmos, universe, outer space	/ˈkosmosaː/
3852	mīlestībā	love	/ˈmiːlestiːbaː/
3853	draudzību	friendship	/ˈdraudziːbu/
3854	neredzēšu	to not see; negative form of redzēt	/ˈneredzeːʃu/
3855	starptautisko	international	/ˈstarptautiskuo/
3856	lopus	livestock, animal	/ˈluopus/
3857	lopu	livestock, animal	/ˈluopu/
3858	sāls	salt	[sàːls]
3859	saldumu	sweetness	/ˈsalldumu/
3860	izaicinājums	challenge	/ˈizait͡sinaːjums/
3861	meklēs	to search for, to look for	/ˈmekleːs/
3862	uztvert	to perceive	/ˈuztʋært/
3863	netīrs	dirty	[nɛtīːɾs]
3864	brīvā	free	/ˈbriːʋaː/
3865	sviests	butter	[sviɛ̂sts]
3866	gatavam	ready	/ˈɡataʋam/
3867	atbildēšu	to answer	/ˈatbilldeːʃu/
3868	situ	first-person singular present/past indicative of sist	/ˈsitu/
3869	priesteris	priest	[pɾīɛ̄stɛɾis]
3870	jaunieši	a young man, between adolescence and adulthood	/ˈjaunieʃi/
3871	jokus	joke, jest	/ˈjuokus/
3872	ministrs	minister	/ˈministrs/
3873	nepareizajā	wrong, incorrect	/ˈnepareizajaː/
3874	suņiem	domestic dog	/ˈsuɲiem/
3875	būtiski	essentially, significantly; adverbial form of būtisks	/ˈbuːtiski/
3876	dārzu	garden	/ˈdaːrzu/
3877	sveicienus	greeting, salutation	/ˈsʋeit͡sieːnus/
3878	dzeršana	drinking; verbal noun of dzert	/ˈdzærʃana/
3879	māsām	sister	/ˈmaːsaːm/
3880	neatkarīgi	independent, independently; adverbial form of neatkarīgs	/ˈneatkariːɡi/
3881	tests	test	/ˈtests/
3882	ceļus	road, way	/ˈt͡seʎus/
3883	federālās	federal	/ˈfedæraːlaːs/
3884	cūku	pig	/ˈt͡suːku/
3885	klase	grade, class	/ˈklase/
3886	mezgli	knot	/ˈmezɡli/
3887	kucēnu	baby dog, puppy	/ˈkut͡sæːnu/
3888	nedarām	not doing, not making; adverbial object-of-perception…	/ˈnedaraːm/
3889	stiprāk	stronger, more strongly; adverbial form of stiprāks	/ˈstipraːːk/
3890	kurt	to light, to ignite	[kūrt]
3891	amerikāņiem	an American man, a man born in the United States of America	/ˈamerikaːɲiem/
3892	nemaksā	to not pay, to not cost; negative form of maksāt	/ˈnemaksaː/
3893	aizgājusi	having gone away; indefinite past active participle of…	/ˈaizɡaːjusi/
3894	nelīdzēs	to not help; negative form of līdzēt	/ˈneliːdzeːs/
3895	ēdiena	food prepared for consumption; meal; dish	/ˈeːdieːna/
3896	elektrība	electricity	/ˈælektriːba/
3897	takas	path	/ˈtakas/
3898	piektdienas	Friday	/ˈpiektdieːnas/
3899	naids	hatred, hate, hostility, enmity, animosity	/ˈnaids/
3900	gaume	taste	[ɡāūme]
3901	loks	arc	[lùɔ̯ks]
3902	robeža	border	/ˈruobeʒa/
3903	meta	to throw	/ˈmeta/
3904	apstiprināt	to confirm	/ˈapstiprinaːt/
3905	strādāšu	to work	/ˈstraːdaːʃu/
3906	dārgumiem	expensiveness, costliness, cost	/ˈdaːrɡumiem/
3907	pilnīgā	complete, total, full, perfect, absolute	/ˈpillniːɡaː/
3908	naktīm	night	/ˈnaktiːm/
3909	smaida	smile	/ˈsmaida/
3910	neredzētu	to not see; negative form of redzēt	/ˈneredzeːtu/
3911	sātana	satan, the devil	/ˈsaːtana/
3912	atkarībā	dependence	/ˈatkariːbaː/
3913	vista	hen; chicken	/ˈʋista/
3914	pelnu	ashes, cinders, embers	/ˈpællnu/
3915	sūdus	shit	/ˈsuːdus/
3916	gūt	to get, to acquire, to obtain, to procure	/ˈɡuːt/
3917	skaistulis	beautiful person; handsome man	/ˈskaistulis/
3918	stārka	alternative form of stārķis	/ˈstaːrka/
3919	nagu	fingernail fingertip	/ˈnaɡu/
3920	lāču	bear	/ˈlaːt͡ʃu/
3921	tornis	tower	[ˈtūɔ̄ɾnis]
3922	augsts	high, tall	[ˈaûkst͡s]
3923	nebēdā	carefreeness, lightheartedness	/ˈnebæːdaː/
3924	biksēs	pants, trousers; shorts	/ˈbikseːs/
3925	atšķirīgs	different, diverse, distinct	/ˈatʃciriːɡs/
3926	rūpes	worries, concern	/ˈruːpes/
3927	dēmons	demon, devil	/ˈdeːmoːns/
3928	grīdā	floor, flooring	/ˈɡriːdaː/
3929	nedzirdēji	to not hear; negative form of dzirdēt	/ˈnedzirdeːji/
3930	runājuši	having spoken, having talked; indefinite past active…	/ˈrunaːjuʃi/
3931	studenti	vocative/accusative/instrumental singular of studente	/ˈstudænti/
3932	jaunības	youth	/ˈjauniːbas/
3933	beisbols	baseball	/ˈbeisboːls/
3934	kokus	tree	/ˈkuokus/
3935	stāstā	story	/ˈstaːstaː/
3936	iesita	to drive in, hit, strike so that something goes into…	/ˈiesita/
3937	virtuve	kitchen	/ˈʋirtuʋe/
3938	piķis	pitch	[ˈpicːis]
3939	tilts	bridge	[tīlts]
3940	mazākais	smaller, littler; indefinite comparative degree of mazs	/ˈmazaːːkais/
3941	neredzēsi	to not see; negative form of redzēt	/ˈneredzæːsi/
3942	sabiedrībai	society	/ˈsabiedriːbai/
3943	angli	an Englishman, a man born in England	/ˈaŋɡli/
3944	tradīcija	tradition	/ˈtradiːt͡sija/
3945	nepareiza	wrong, incorrect	/ˈnepareiza/
3946	plāksni	plate, sheet	/ˈplaːːksni/
3947	kaķu	domestic cat	/ˈkacu/
3948	meklējām	to search for, to look for	/ˈmekleːjaːm/
3949	glīts	pretty, handsome, neat, good-looking	[ɡlîːts]
3950	saulē	sun	/ˈsauleː/
3951	sliktās	bad not following moral rules, treating others in a cruel…	/ˈsliktaːs/
3952	augu	first-person singular present/past indicative of augt	/ˈauɡu/
3953	strādājām	to work	/ˈstraːdaːjaːm/
3954	plaši	wide, broad, widely, broadly; adverbial form of plašs	/ˈplaʃi/
3955	vīriešus	man	/ˈʋiːrieʃus/
3956	džordžu	accusative/instrumental singular of Džordžs	/ˈdʐordʐu/
3957	astes	tail	/ˈastes/
3958	art	to plow for sowing by using a plow	[ˈâɾt]
3959	pareizs	precise, exact, correct, accurate	[paɾɛ̄īs]
3960	labuma	goodness; good quality	/ˈlabuma/
3961	japāņu	a Japanese man, a man born in Japan or of Japanese descent	/ˈjapaːɲu/
3962	dabūsiet	to get, to obtain	/ˈdabuːsiet/
3963	prāvā	large, big, sizeable, considerable	/ˈpraːʋaː/
3964	villa	villa	/ˈʋilla/
3965	lopi	livestock, animal	/ˈluopi/
3966	vecajiem	old	/ˈʋæt͡sajiem/
3967	četru	four	/ˈt͡ʃetru/
3968	atvēra	to open so as to make the space behind it accessible	/ˈatʋeːra/
3969	mobilais	mobile	/ˈmobilais/
3970	skuķi	girl, young woman	/ˈskuci/
3971	variants	version, variant, option	/ˈʋariants/
3972	jāmaina	to change, to exchange	/ˈjaːmaiːna/
3973	lauvas	lion in general	/ˈlauʋas/
3974	plānots	planned; indefinite past passive participle of plānot	/ˈplaːnuots/
3975	vecajam	old	/ˈʋæt͡sajam/
3976	strādnieki	worker, workman, laborer	/ˈstraːdnieki/
3977	brokastīs	breakfast	/ˈbruokastiːs/
3978	jāstāsta	to tell, to narrate	/ˈjaːstaːsta/
3979	īpašas	specific, independent	/ˈiːpaʃas/
3980	melus	lie, falsehood, untruth	/ˈmælus/
3981	stāstīji	to tell, to narrate	/ˈstaːstiːji/
3982	sers	sir, Sir	/ˈsærs/
3983	karstu	hot	/ˈkarstu/
3984	spriedumu	judgment, opinion	/ˈspriedumu/
3985	smuka	pretty, beautiful, handsome	/ˈsmuka/
3986	daļai	part	/ˈdaʎai/
3987	kaklasaite	necktie	/ˈkaklasaite/
3988	lapa	leaf	/ˈlapa/
3989	nekļūsti	to not become; negative form of kļūt	/ˈnekʎuːsti/
3990	ābolu	apple fruit	/ˈaːbuolu/
3991	patiesa	true, sincere, authentic	/ˈpatiesa/
3992	teicām	to say, to tell	/ˈteit͡saːm/
3993	kuģiem	ship	/ˈkuɟiem/
3994	bēdīgi	sad, sadly; adverbial form of bēdīgs	/ˈbeːdiːɡi/
3995	piloti	pilot	/ˈpiloti/
3996	jātic	to believe	/ˈjaːtit͡s/
3997	atbildība	responsibility	/ˈatbilldiːba/
3998	šausmīga	horrible, terrible	/ˈʃausmiːɡa/
3999	lidoja	to fly	/ˈliduoja/
4000	turamo	vocative/accusative/instrumental singular masculine/feminine	/ˈturamuo/
4001	jaku	cardigan	/ˈjaku/
4002	neredzēji	to not see; negative form of redzēt	/ˈneredzeːji/
4003	pilsonis	citizen	[pìlsuonis]
4004	jaunava	young, usually unmarried, woman	/ˈjaunaʋa/
4005	normu	norm	/ˈnoːrmu/
4006	šinī	in this; locative singular masculine of šis	/ˈʃiniː/
4007	īpašā	specific, independent	/ˈiːpaʃaː/
4008	sekunžu	second	/ˈsekunʒu/
4009	nevainojami	not blamable, which cannot or should not be blamed;…	/ˈneʋaiːnuojami/
4010	sezonā	season	/ˈsæzoːnaː/
4011	vāciju	accusative/instrumental singular of Vācija	/ˈʋaːt͡siju/
4012	riteņiem	wheel	/ˈriteɲiem/
4013	draudzība	friendship	/ˈdraudziːba/
4014	nerunājot	not speaking, not talking; adverbial invariable present…	/ˈnerunaːjuot/
4015	ļauno	evil, wicked	/ˈʎaunuo/
4016	gadam	year	/ˈɡadam/
4017	nedabūšu	to not get, to not obtain, to not receive; negative form of…	/ˈnedabuːʃu/
4018	spalvas	feather	/ˈspallʋas/
4019	kaklarota	necklace	/ˈkaklaruota/
4020	vecam	old	/ˈʋæt͡sam/
4021	augstāko	higher, taller; indefinite comparative degree of augsts	/ˈauɡstaːːkuo/
4022	spējīgi	able, capable, skilled, ably, capably; adverbial form of…	/ˈspeːjiːɡi/
4023	biksēm	pants, trousers; shorts	/ˈbikseːm/
4024	emocionāli	emotional, emotionally; adverbial form of emocionāls	/ˈemot͡sioːnaːli/
4025	tēvocim	uncle	/ˈteːʋuot͡sim/
4026	vienpadsmit	eleven	[vi͡ɛnpatsmit]
4027	darbībām	action, activity	/ˈdarbiːbaːm/
4028	līķus	dead body, corpse	/ˈliːcus/
4029	maizes	bread	/ˈmaizes/
4030	zādzības	theft	/ˈzaːdziːbas/
4031	jumts	roof	[jùmts]
4032	lieliskā	great, wonderful expressing such characteristics	/ˈlielːiskaː/
4033	apvienošanās	union, unifying, unification; verbal noun of apvienot	/ˈapʋieːnuoʃanaːs/
4034	bungas	drum	/ˈbuŋɡas/
4035	studentu	student	/ˈstudæntu/
4036	skolotāja	teacher	/ˈskuoluotaːja/
4037	zālēm	grass	/ˈzaːleːm/
4038	maģija	magic	/ˈmaɟija/
4039	valstīs	state, country	/ˈʋalstiːs/
4040	baltās	white	/ˈbaltaːs/
4041	savienība	union, alliance	/ˈsaʋieːniːba/
4042	vergi	slave, bondman	/ˈʋærɡi/
4043	sarkanās	red	/ˈsarkanaːs/
4044	zivīm	fish	/ˈziʋiːm/
4045	grīdu	floor, flooring	/ˈɡriːdu/
4046	liesmu	flame, visible part of fire	/ˈliesmu/
4047	punkta	stop/full stop, period	/ˈpuŋkta/
4048	dziedam	to sing	/ˈdziedam/
4049	rītdienai	tomorrow	/ˈriːtdieːnai/
4050	sapratām	to understand	/ˈsaprataːm/
4051	dievina	to admire, to adore, to idolize, to deify	/ˈdieʋina/
4052	zāļu	grass	/ˈzaːʎu/
4053	braucām	to go, to ride	/ˈbraut͡saːm/
4054	milzīgas	huge, enormous, giant	/ˈmillziːɡas/
4055	iedotu	given; indefinite past passive participle of iedot	/ˈieduotu/
4056	lidostas	airport, airfield	/ˈliduostas/
4057	mainīja	to change, to exchange	/ˈmaiːniːja/
4058	cilts	tribe	[tsîlts]
4059	rokai	hand, arm	/ˈruokai/
4060	nesit	to not hit, to not strike, to not beat; negative form of…	/ˈnesit/
4061	attieksmi	attitude, mindset, approach	/ˈattieksmi/
4062	mainīs	to change, to exchange	/ˈmaiːniːs/
4063	laikmets	time period, epoch, era	[ˈlāīkmæt͡s]
4064	gāji	to go, to walk	/ˈɡaːji/
4065	patiesā	true, sincere, authentic	/ˈpatiesaː/
4066	zaķi	hare	/ˈzaci/
4067	ieleju	valley	/ˈieleju/
4068	smago	heavy	/ˈsmaɡuo/
4069	sieru	cheese	/ˈsieru/
4070	palīdzēsim	to help, to help out, to aid, to assist	/ˈpaliːdzeːsim/
4071	talantīgs	talented	/ˈtalantiːɡs/
4072	burbuli	bubble	/ˈburbuli/
4073	lelles	doll	/ˈlelles/
4074	iepirkties	to shop, to go shopping	/ˈiepirkties/
4075	grēku	sin, transgression, offense	/ˈɡræːku/
4076	raudāja	to weep, to cry and producing inarticulate sounds, because…	/ˈraudaːja/
4077	kūka	cake	[ˈkūːka]
4078	pludmali	beach	/ˈpludmali/
4079	ķēniņš	king	[ˈcɛ̄ːniɲʃ]
4080	ielām	street, road	/ˈielaːm/
4081	iedzīvotāju	inhabitant, resident	/ˈiedziːʋuotaːju/
4082	neesiet	do not be; second-person plural imperative of nebūt	/ˈneesiet/
4083	parastā	normal, ordinary, plain	/ˈparastaː/
4084	kari	war	/ˈkari/
4085	garlaicīgs	boring, tedious	/ˈɡarlait͡siːɡs/
4086	smagas	heavy	/ˈsmaɡas/
4087	karoga	banner, flag	/ˈkaruoɡa/
4088	arābu	Arab, a man belonging to the Arabic people or from an…	/ˈaraːbu/
4089	mēnešu	moon	/ˈmeːneʃu/
4090	olām	egg	/ˈuolaːm/
4091	terorists	terrorist	/ˈtærorists/
4092	jēgu	meaning, sense, point	/ˈjæːɡu/
4093	nevainīgu	innocent, not guilty	/ˈneʋaiːniːɡu/
4094	naidu	hatred, hate, hostility, enmity, animosity	/ˈnaidu/
4095	balta	Balt, a Baltic person, someone from the Baltic states	/ˈbalta/
4096	meksikas	genitive singular of Meksika	/ˈmeksikas/
4097	zemestrīce	earthquake	/ˈzemestriːt͡se/
4098	dārgie	expensive, costly	/ˈdaːrɡie/
4099	rupji	rough, harsh, coarse, roughly, harshly, coarsely; adverbial…	/ˈrupji/
4100	eņģeli	angel	/ˈeɲɟæli/
4101	ziņām	message	/ˈziɲaːm/
4102	rotaļlietas	toy, plaything	/ˈruotaʎlietas/
4103	piecos	five	/ˈpiet͡suos/
4104	pasakas	legend, folktale, fairy tale	/ˈpasakas/
4105	politika	politics	[pɔlːitːikːa]
4106	slepenās	secret	/ˈslæpænaːs/
4107	svētdienas	Sunday	/ˈsʋeːtdieːnas/
4108	neiesim	to not go; negative form of iet	/ˈneiesim/
4109	īss	short	[îːs]
4110	slavena	famous, well-known, renowned	/ˈslaʋæna/
4111	zagļi	thief	/ˈzaɡʎi/
4112	ziemassvētkiem	dative/instrumental plural of Ziemassvētki	/ˈziemassʋæːtkiem/
4113	apli	circle, ring	/ˈapli/
4114	upuriem	offering, sacrifice	/ˈupuriem/
4115	zābaki	boot	/ˈzaːbaki/
4116	centus	cent used with several currencies, among which the dollar…	/ˈt͡sentus/
4117	metafora	metaphor	/ˈmetafoːra/
4118	ciešāk	tighter, denser, closer, more tightly, more densely, more…	/ˈt͡sieʃaːːk/
4119	garša	taste	[ˈɡâɾʃa]
4120	ēdamu	edible; which can or should be eaten; indefinite present…	/ˈæːdamu/
4121	saimnieka	farmer, landowner	/ˈsaimnieka/
4122	profesore	professor	[pɾofɛsoɾɛ]
4123	tīklā	mesh	/ˈtiːklaː/
4124	cirvi	axe	/ˈt͡sirʋi/
4125	klusums	silence, quiet	/ˈklusums/
4126	maize	bread	[màjzɛ]
4127	riteni	wheel	/ˈritæni/
4128	divpadsmit	twelve	/ˈdiʋpadsmit/
4129	ātrumā	speed, velocity	/ˈaːtrumaː/
4130	ziedi	blossom; flower	/ˈziedi/
4131	atvērta	opened; indefinite past passive participle of atvērt	/ˈatʋæːrta/
4132	trijiem	three	/ˈtrijiem/
4133	vērtīgu	valuable, precious, expensive	/ˈʋeːrtiːɡu/
4134	mata	hair	/ˈmata/
4135	tanī	in that; locative singular masculine of tas	/ˈtaniː/
4136	būtība	essence	/ˈbuːtiːba/
4137	nevainojama	not blamable, which cannot or should not be blamed;…	/ˈneʋaiːnuojama/
4138	pirksti	finger, toe	/ˈpirksti/
4139	varējuši	having been able to; indefinite past active participle of…	/ˈʋareːjuʃi/
4140	auksta	cold	/ˈauksta/
4141	sirdsapziņas	conscience	/ˈsirdsapziɲas/
4142	versija	version	/ˈʋersija/
4143	ēģiptiešu	Egyptian, a man from Egypt	/ˈeːɟiptieʃu/
4144	aizmirsuši	having forgotten; indefinite past active participle of…	/ˈaizmirsuʃi/
4145	atrasta	found; indefinite past passive participle of atrast	/ˈatrasta/
4146	vielas	matter, substance; material	/ˈʋielas/
4147	dabūjam	to get, to obtain	/ˈdabuːjam/
4148	skābeklis	oxygen	/ˈskaːbeklis/
4149	drīkstam	being allowed to, daring; adverbial object-of-perception…	/ˈdriːkstam/
4150	ogas	berry	/ˈuoɡas/
4151	teātris	theater	/ˈteaːtris/
4152	solījums	promise	/ˈsuoliːjums/
4153	mīlēji	to love, to feel love for	/ˈmiːleːji/
4154	garas	long	/ˈɡaras/
4155	jaunajam	having relatively low age, young, new	/ˈjaunajam/
4156	lieliem	shin	/ˈlielːiem/
4157	metu	to throw	[ˈmætːu]
4158	naktīs	night	/ˈnaktiːs/
4159	varavīksnes	rainbow	/ˈʋaraʋiːksnes/
4160	cukuru	sugar	/ˈt͡sukuru/
4161	vecītis	old man	/ˈʋet͡siːtis/
4162	sestdienas	Saturday	/ˈsestdieːnas/
4163	punktiem	stop/full stop, period	/ˈpuŋktiem/
4164	džordža	genitive singular of Džordžs	/ˈdʐordʐa/
4165	nejautā	To not ask, to not inquire, to not question; negative form…	/ˈnejautaː/
4166	kļuvi	to become	/ˈkʎuʋi/
4167	mele	liar, deceiver	/ˈmele/
4168	nagi	fingernail fingertip	/ˈnaɡi/
4169	netrūkst	to not lack, to not be lacking; negative form of trūkt	/ˈnetruːkst/
4170	zupa	soup	[ˈzupːa]
4171	iestāde	institution, office, authority	/ˈiestaːde/
4172	cīnītājs	fighter, combatant	/ˈt͡siːniːtaːjs/
4173	recepte	medical prescription	/ˈret͡septe/
4174	neatradīs	to not find; negative form of atrast	/ˈneatradiːs/
4175	jūru	sea	/ˈjuːru/
4176	bārdas	beard	/ˈbaːrdas/
4177	cerot	hoping; adverbial invariable present active participle of…	/ˈt͡særuot/
4178	slēp	to hide, to conceal so that others cannot see or find it,…	/ˈsleːp/
4179	pilsoņi	citizen	/ˈpilsuoɲi/
4180	melnu	black	/ˈmællnu/
4181	salām	island	/ˈsalaːm/
4182	dārzs	garden	[dàːɾs]
4183	neatbildi	to not answer; negative form of atbildēt	/ˈneatbilldi/
4184	murgi	nightmare	/ˈmurɡi/
4185	šahs	chess	/ˈʃahs/
4186	uzdevuma	task, duty	/ˈuzdæʋuma/
4187	stratēģija	strategy	/ˈstrateːɟija/
4188	feja	fairy	/ˈfeja/
4189	pieres	forehead	/ˈpieres/
4190	rādīt	to show	/ˈraːdiːt/
4191	ķīnietis	a Chinese man, a man from China or of Chinese descent	/ˈciːnietis/
4192	iespaidīgs	impressive	/ˈiespaidiːɡs/
4193	jūrnieks	seaman, sailor; navy seaman	/ˈjuːrnieks/
4194	cilvēce	humanity, mankind, humankind	/ˈt͡sillʋæːt͡se/
4195	prata	to know how to, to be able to do	/ˈprata/
4196	viesiem	visitor, guest	/ˈʋiesiem/
4197	priecīgu	happy, glad, joyful, delighted	/ˈpriet͡siːɡu/
4198	netraucē	to not disturb, to not bother, to not interfere with;…	/ˈnetraut͡seː/
4199	nāci	to come	/ˈnaːt͡si/
4200	fiziski	physical, physically; adverbial form of fizisks	/ˈfiziski/
4201	sita	to hit, to strike, to beat	/ˈsita/
4202	prostitūta	prostitute	/ˈprostituːta/
4203	vardarbība	violence	/ˈʋardarbiːba/
4204	bankām	bank	/ˈbaŋkaːm/
4205	aizietu	to leave, to go away, to escape	/ˈaizietu/
4206	dzimst	to be born	/ˈdzimst/
4207	atvēru	to open so as to make the space behind it accessible	/ˈatʋeːru/
4208	atbildēs	answer	/ˈatbilldeːs/
4209	skaistumu	beauty	/ˈskaistumu/
4210	leģendu	legend	/ˈleɟæŋdu/
4211	tīklu	mesh	/ˈtiːklu/
4212	bankai	bank	/ˈbaŋkai/
4213	pastāvēt	to stand for a short time	/ˈpastaːʋeːt/
4214	bēbis	a baby, an infant or a toddler	/ˈbēːbis/
4215	okeāns	ocean	/ˈokeaːns/
4216	svinam	lead	/ˈsʋinam/
4217	nemaina	to not change; negative form of mainīt	/ˈnemaiːna/
4218	bagātības	wealth	/ˈbaɡaːtiːbas/
4219	stāstam	story	/ˈstaːstam/
4220	nozīmēt	to mean	/ˈnuoziːmeːt/
4221	peni	penis	/ˈpæni/
4222	japānas	genitive singular of Japāna	/ˈjapaːnas/
4223	vislabāko	definite vocative/accusative/instrumental…	/ʋiˈslabaːːkuo/
4224	zilas	blue color as, e.g., a clear sky	/ˈzilas/
4225	dibenu	bottom, lower part, base	/ˈdibænu/
4226	ziepes	soap	[ziɛpɛs]
4227	loku	arc	/ˈluoku/
4228	maiss	sack, bag	[màjs]
4229	nezinās	to not know; negative form of zināt	/ˈnezinaːs/
4230	sena	ancient, old, of long ago	/ˈsæna/
4231	raksturu	character, temperament, personality, nature	/ˈraksturu/
4232	neparastu	to not get used to; negative form of parast	/ˈneparastu/
4233	dziļumā	depth	/ˈdziʎumaː/
4234	maksājam	paying, costing; adverbial object-of-perception present…	/ˈmaksaːjam/
4235	neaizmirst	to not forget; negative form of aizmirst	/ˈneaizmirst/
4236	domātas	thought; indefinite past passive participle of domāt	/ˈduomaːtas/
4237	rindu	row, line, queue	/ˈriŋdu/
4238	svarīgāka	more important; indefinite comparative degree of svarīgs	/ˈsʋariːɡaːːka/
4239	zināsi	to know	/ˈzinaːsi/
4240	kuģu	ship	/ˈkuɟu/
4241	jaunavas	young, usually unmarried, woman	/ˈjaunaʋas/
4242	gadsimtiem	century	/ˈɡadsimtiem/
4243	kaklā	neck	/ˈkaklaː/
4244	zaudēšu	to lose	/ˈzaudeːʃu/
4245	kailu	naked, nude, bare	/ˈkailu/
4246	stiprāka	stronger; indefinite comparative degree of stiprs	/ˈstipraːːka/
4247	neatradu	to not find; negative form of atrast	/ˈneatradu/
4248	maisā	sack, bag	/ˈmaisaː/
4249	barības	food, nutrients	/ˈbariːbas/
4250	bagātu	rich, wealthy	/ˈbaɡaːtu/
4251	ūdeņi	water	/ˈuːdeɲi/
4252	kļūdās	error, mistake	/ˈkʎuːdaːs/
4253	pacietība	patience	/ˈpat͡sietiːba/
4254	sargāt	to protect, to guard	[sârɡāːt]
4255	peru	to spank	/ˈpæru/
4256	trijos	three	/ˈtrijuos/
4257	nemīli	to not love; negative form of mīlēt	/ˈnemiːli/
4258	faktus	fact	/ˈfaktus/
4259	meklēšana	looking for, searching, seeking; verbal noun of meklēt	/ˈmekleːʃana/
4260	vārdam	name	/ˈʋaːrdam/
4261	mazos	small, little size of other similar objects, beings, areas,…	/ˈmazuos/
4262	trieciens	impact, collision	/ˈtriet͡siens/
4263	nevaino	to not blame; negative form of vainot	/ˈneʋaiːnuo/
4264	nedabūs	to not get, to not obtain, to not receive; negative form of…	/ˈnedabuːs/
4265	trakas	mad, rabid	/ˈtrakas/
4266	negāja	to not go; negative form of iet	/ˈneɡaːja/
4267	sīkāk	tinier, more detailed, more detailedly; adverbial form of…	/ˈsiːkaːːk/
4268	tumši	dark, darkly; adverbial form of tumšs	/ˈtumʃi/
4269	dienestā	service, duty	/ˈdieːnæstaː/
4270	speciālists	specialist	/ˈspet͡siaːlists/
4271	cepumiem	something roasted, fried, baked	/ˈt͡sæpumiem/
4272	haizivs	shark	[ˈxāī̯ziws]
4273	iedosi	to give, to hand, so that someone takes it	/ˈieduosi/
4274	tekstu	text	/ˈtekstu/
4275	poga	button	/ˈpuoɡa/
4276	kauliem	bone	/ˈkauliem/
4277	situācijas	situation	/ˈsituaːt͡sijas/
4278	patiesas	true, sincere, authentic	/ˈpatiesas/
4279	maiklu	accusative/instrumental singular of Maikls	/ˈmaiklu/
4280	sātans	satan, the devil	[sāːtans]
4281	lappuse	page	/ˈlappuse/
4282	pazīt	to be acquainted	/ˈpaziːt/
4283	mauka	indecent, dissolute woman; prostitute, whore	[ˈmāū̯ka]
4284	tuvāko	nearer, closer; indefinite comparative degree of tuvs	/ˈtuʋaːːkuo/
4285	pavēlēm	order, command	/ˈpaʋeːleːm/
4286	glābšana	saving, salvation; verbal noun of glābt	/ˈɡlaːbʃana/
4287	darāmā	which can or should be done, made; indefinite present…	/ˈdaraːmaː/
4288	neparasta	rare, uncommon, unusual	/ˈneparasta/
4289	virve	rope	/ˈʋirʋe/
4290	centi	cent used with several currencies, among which the dollar…	/ˈt͡senti/
4291	šķēres	scissors	[ʃcɛ̄ːɾɛs]
4292	bremzē	brake	/ˈbremzeː/
4293	astoņiem	eight	/ˈastuoɲiem/
4294	sīki	tiny, little, detailed, detailedly; adverbial form of sīks	/ˈsiːki/
4295	apspriestu	to debate, to discuss	/ˈapspriestu/
4296	aizstāvis	defender	/ˈaizstaːʋis/
4297	joki	joke, jest	/ˈjuoki/
4298	netīrais	dirty	/ˈnetiːrais/
4299	dieviem	god	/ˈdieʋiem/
4300	dzirdētu	to hear	/ˈdzirdeːtu/
4301	klaunu	clown	/ˈklaunu/
4302	kalifornija	californium	/ˈkalifornija/
4303	ādā	skin body	/ˈaːdaː/
4304	cietoksnis	fortress	/ˈt͡sietuoksnis/
4305	dejotāja	dancer	/ˈdejuotaːja/
4306	slepkavībā	murder, homicide	/ˈslæpkaʋiːbaː/
4307	lielām	big, large	/ˈlielːaːm/
4308	mainītu	to change, to exchange	/ˈmaiːniːtu/
4309	pircējs	buyer, customer	/ˈpirt͡seːjs/
4310	kareivju	soldier, private rank in the army; a soldier of this rank	/ˈkareiʋju/
4311	pavasarī	spring	/ˈpaʋasariː/
4312	imperators	emperor	/ˈimpæratoːrs/
4313	logiem	window	/ˈluoɡiem/
4314	centrālās	central	/ˈt͡sentraːlaːs/
4315	lomā	role, part, character	/ˈluomaː/
4316	pāriet	to cross, to go across	/ˈpaːriet/
4317	aizstāvība	defense	/ˈaizstaːʋiːba/
4318	grāmatvedis	accountant	/ˈɡraːmatʋedis/
4319	pildspalva	pen	/ˈpildspallʋa/
4320	turēts	held, kept; indefinite past passive participle of turēt	/ˈtureːts/
4321	gaiši	bright, light, clear, brightly, lightly, clearly; adverbial…	/ˈɡaiʃi/
4322	apmeklēt	to visit	/ˈapmekleːt/
4323	kroni	crown, coronet	/ˈkruoni/
4324	jaunam	having relatively low age, young, new	/ˈjaunam/
4325	rituāls	ritual	/ˈrituaːls/
4326	bībeles	a bible, a copy of the Bible	/ˈbiːbeles/
4327	kuci	female dog, bitch	/ˈkut͡si/
4328	pēcpusi	tail, ass, butt	/ˈpeːt͡spusi/
4329	nemeklē	to not look for, to not search, to not seek; negative form…	/ˈnemekleː/
4330	virsu	top	/ˈʋirsu/
4331	teiciens	phrase, saying, idiom	/ˈteit͡siens/
4332	lokā	arc	/ˈluokaː/
4333	mīlestībai	love	/ˈmiːlæstiːbai/
4334	būvēt	to build, to construct	/ˈbuːʋeːt/
4335	sīkie	tiny, little, small	/ˈsiːkie/
4336	parasto	normal, ordinary, plain	/ˈparastuo/
4337	braucis	having gone, ridden; indefinite past active participle of…	/ˈbraut͡sis/
4338	lidošu	to fly	/ˈliduoʃu/
4339	sīks	tiny, little, small	[sîːks]
4340	vesti	waistcoat	/ˈʋæsti/
4341	jauneklis	unmarried young man	/ˈjauneklis/
4342	ieradums	habit	/ˈieradums/
4343	glīti	pretty, handsome, prettily; adverbial form of glīts	/ˈɡliːti/
4344	kal	to forge	/ˈkal/
4345	meksiku	accusative/instrumental singular of Meksika	/ˈmeksiku/
4346	ticētu	to believe	/ˈtit͡sæːtu/
4347	negribēs	to not want; negative form of gribēt	/ˈneɡribeːs/
4348	astoņos	eight	/ˈastuoɲuos/
4349	bruņinieks	knight	/ˈbruɲinieks/
4350	iesiti	to drive in, hit, strike so that something goes into…	/ˈiesiti/
4351	dzīvošu	to live, to be alive	/ˈdziːʋuoʃu/
4352	labiem	good following accepted moral rules, treating others in a…	/ˈlabiem/
4353	kost	to bite, to take a bite	[ˈkuɔ̯̂st]
4354	astoņus	eight	/ˈastuoɲus/
4355	stingrs	firm, strong, rigid	[stīŋɡɾs]
4356	teikto	vocative/accusative/instrumental singular masculine/feminine	/ˈteiktuo/
4357	bučo	to kiss	/ˈbut͡ʃuo/
4358	bēdu	sadness, sorrow, grief	/ˈbæːdu/
4359	vagīna	vagina	/ˈʋaɡiːna/
4360	cītīgi	diligently, zealously, industriously; adverbial form of…	/ˈt͡siːtiːɡi/
4361	rets	thin, sparse	[ɾæts]
4362	pele	mouse	/ˈpele/
4363	kaķa	domestic cat	/ˈkaca/
4364	aitas	sheep	/ˈaitas/
4365	projekta	project	/ˈpro`jekta/
4366	brīvas	free	/ˈbriːʋas/
4367	teikuši	having said, told; indefinite past active participle of…	/ˈteikuʃi/
4368	zaudēsim	to lose	/ˈzaudeːsim/
4369	apkalpes	crew	/ˈapkalpes/
4370	helikoptera	helicopter	/ˈhelikuoptera/
4371	neredzams	not visible, which cannot or should not be seen; indefinite…	/ˈneredzams/
4372	nulles	zero	/ˈnulles/
4373	okeānā	ocean	/ˈokeaːnaː/
4374	jautājat	to ask question, to inquire, to question	/ˈjautaːjat/
4375	nevainoju	first-person singular present/past indicative of nevainot	/ˈneʋaiːnuoju/
4376	daudzos	many	/ˈdaudzuos/
4377	idejām	idea	/ˈidejaːm/
4378	intuīcija	intuition	[intuīcija]
4379	tomātu	tomato with branched stems, yellow flowers and juicy,…	/ˈtomaːtu/
4380	galdā	table	/ˈɡalldaː/
4381	gudru	intelligent, wise	/ˈɡudru/
4382	svars	weight	/ˈsʋars/
4383	sausu	dry little or no liquid, moisture, vapor; whose surface has…	/ˈsausu/
4384	ceri	to hope	/ˈt͡særi/
4385	īstenība	reality	/ˈiːsteniːba/
4386	gulējis	having slept, having lain down; indefinite past active…	/ˈɡuleːjis/
4387	pļāpāt	to chat, to chatter, to babble, to gossip	[pʎāːpât]
4388	gribējusi	having wanted; indefinite past active participle of gribēt	/ˈɡribeːjusi/
4389	spārniem	wing	/ˈspaːrniem/
4390	atgriezt	to return	[atɡrīɛ̄st]
4391	plāniem	plan, map, blueprint, layout	/ˈplaːniem/
4392	nodevība	treason	/ˈnuodeʋiːba/
4393	dzērieni	drink, beverage	/ˈdzeːrieːni/
4394	terapija	therapy	/ˈtærapija/
4395	krusts	suffering, hardship; nuisance	[ˈkɾust͡s]
4396	slepenas	secret	/ˈslæpænas/
4397	sauli	sun	/ˈsauli/
4398	dvēselei	soul	/ˈdʋeːselei/
4399	bijusī	the one having been; definite past active participle of būt	/ˈbijusiː/
4400	asmeni	edge, blade	/ˈasmæni/
4401	kaklam	neck	/ˈkaklam/
4402	sarakstam	a written list, record, register, schedule	/ˈsarakstam/
4403	valstīm	state, country	/ˈʋalstiːm/
4404	uzvalki	suit	/ˈuz-ʋalki/
4405	upuru	offering, sacrifice	/ˈupuru/
4406	grūtībām	difficulty, hardship	/ˈɡruːtiːbaːm/
4407	pāvesta	Pope	/ˈpaːʋæsta/
4408	noteikta	determined; indefinite past passive participle of noteikt	/ˈnuoteikta/
4409	nemīlu	to not love; negative form of mīlēt	/ˈnemiːlu/
4410	pateicīga	grateful, thankful	/ˈpateit͡siːɡa/
4411	naktij	night	/ˈnaktij/
4412	meklēšanu	looking for, searching, seeking; verbal noun of meklēt	/ˈmekleːʃanu/
4413	karo	to wage a war	/ˈkaruo/
4414	aprīlis	the month of April	/ˈapriːlis/
4415	ratus	wheel	/ˈratus/
4416	šaubas	doubt	/ˈʃaubas/
4417	jāaizmirst	to forget	/ˈjaːaizmirst/
4418	puikām	boy	/ˈpuikaːm/
4419	nebūsiet	will not be; second-person plural future indicative of nebūt	/ˈnebuːsiet/
4420	attēls	picture, image	/ˈattæːls/
4421	neatradīsim	to not find; negative form of atrast	/ˈneatradiːsim/
4422	grēkiem	sin, transgression, offense	/ˈɡræːkiem/
4423	nedzer	to not drink; negative form of dzert	/ˈnedzær/
4424	nevainīgi	innocent, innocently; adverbial form of nevainīgs	/ˈneʋaiːniːɡi/
4425	cel	to lift, to raise	/ˈt͡sæl/
4426	revolūcija	revolution	/ˈreʋoluːt͡sija/
4427	turēju	to hold	/ˈtureːju/
4428	sēklas	seed, pip	/ˈseːklas/
4429	aplis	circle, ring	/ˈaplis/
4430	personības	personality	/ˈpersoːniːbas/
4431	adreses	address	/ˈadreses/
4432	cilvēcei	humanity, mankind, humankind	/ˈt͡sillʋæːt͡sei/
4433	pavēlēts	ordered, commanded; indefinite past passive participle of…	/ˈpaʋeːleːts/
4434	ātros	fast, quick, rapid	/ˈaːtruos/
4435	rudens	autumn	[ˈɾudɛns]
4436	bulta	arrow	[būlta]
4437	dubļu	mud	/ˈdubʎu/
4438	viskijs	whisky, whiskey	/ˈʋiskijs/
4439	šausmu	terror, horror	/ˈʃausmu/
4440	havaju	genitive plural of Havajas	/ˈhaʋaju/
4441	tautai	people, nation	/ˈtautai/
4442	tuvs	close, near, nearby	[tuws]
4443	ilgas	long	/ˈillɡas/
4444	zodz	to steal	/ˈzuodz/
4445	teritorija	territory, area, compound	/ˈteritorija/
4446	īso	short	/ˈiːsuo/
4447	gadsimtā	century	/ˈɡadsimtaː/
4448	vissvarīgākais	the most important; superlative degree of svarīgs	/ʋisˈsʋariːɡaːːkais/
4449	nenāktu	to not come; negative form of nākt	/ˈnenaːːktu/
4450	palīdzējis	having helped; indefinite past active participle of palīdzēt	/ˈpaliːdzeːjis/
4451	jaunībā	youth	/ˈjauniːbaː/
4452	pasaulēm	world	/ˈpasauleːm/
4453	dzīvojām	to live, to be alive	/ˈdziːʋuojaːm/
4454	nāktu	to come	/ˈnaːːktu/
4455	nākošajā	locative singular masculine/feminine of nākošais	/ˈnaːːkuoʃajaː/
4456	smakas	smell, stink, stench	/ˈsmakas/
4457	nekustas	to move; reflexive of kustēt	/ˈnekustas/
4458	mīļās	dear, cherished, beloved	/ˈmiːʎaːs/
4459	ziedot	to donate	/ˈzieduot/
4460	tipiski	typical, typically; adverbial form of tipisks	/ˈtipiski/
4461	rādītāji	part of a measuring instrument that moves to show the…	/ˈraːdiːtaːji/
4462	skaiti	to count	/ˈskaiti/
4463	kapu	grave	/ˈkapu/
4464	kompass	compass	/ˈkompass/
4465	bibliotēku	library	/ˈbiblioteːku/
4466	veste	waistcoat	/ˈʋeste/
4467	radinieks	relative, relation	/ˈradinieks/
4468	itāliešu	a Italian, a man from Italy or of Italian descent	/ˈitaːlieʃu/
4469	vētru	storm which causes strong waves and land damage	/ˈʋæːtru/
4470	spriedums	judgment, opinion	[spɾiɛ̂dums]
4471	celiet	to lift, to raise	/ˈt͡seliet/
4472	dārgums	expensiveness, costliness, cost	/ˈdaːrɡums/
4473	īpašības	essential, typical feature, trait, characteristic, property	/ˈiːpaʃiːbas/
4474	impērijas	empire	/ˈimpeːrijas/
4475	tumšajā	dark	/ˈtumʃajaː/
4476	ciemā	village, settlement	/ˈt͡siemaː/
4477	kauna	shame act, action	/ˈkauna/
4478	notikumus	event, happening, occurrence, incident	/ˈnuotikumus/
4479	reāli	really, realistically, pragmatically; adverbial form of…	/ˈreaːli/
4480	meklēji	to search for, to look for	/ˈmekleːji/
4481	francija	francium	/ˈfrant͡sija/
4482	brīvajā	free	/ˈbriːʋajaː/
4483	zābaka	boot	/ˈzaːbaka/
4484	skolotāji	teacher	/ˈskuoluotaːji/
4485	lapsas	fox	/ˈlapsas/
4486	pareizajā	precise, exact, correct, accurate	/ˈpareizajaː/
4487	ņemtu	to take; to seize with one's hands for some purpose	/ˈɲæmtu/
4488	īstiem	real, true, genuine, not false or artificial	/ˈiːstiem/
4489	apgūt	to learn, to acquire, to master	/ˈapɡuːt/
4490	kārti	pole, post	/ˈkaːrti/
4491	nacionālā	national	/ˈnat͡sioːnaːlaː/
4492	gatavoju	first-person singular present/past indicative of gatavot	/ˈɡataʋuoju/
4493	lapām	leaf	/ˈlapaːm/
4494	apziņu	consciousness	/ˈapziɲu/
4495	dosi	to give	/ˈduosi/
4496	gaišu	bright	/ˈɡaiʃu/
4497	idiotu	idiot	/ˈidiuotu/
4498	ūdeņos	water	/ˈuːdeɲuos/
4499	ielej	to pour in	/ˈielej/
4500	dīvainā	strange, odd, unusual, surprising	/ˈdiːʋaiːnaː/
4501	nākamgad	next year	/ˈnaːːkamɡad/
4502	aklu	blind incapable of seeing	/ˈaklu/
4503	lauzt	to break	/ˈlauzt/
4504	grāmatās	book	/ˈɡraːmataːs/
4505	aizgājuši	having gone away; indefinite past active participle of…	/ˈaizɡaːjuʃi/
4506	nūja	stick	/ˈnuːja/
4507	apspriežams	which can or should be discussed, debated; indefinite…	/ˈapsprieʒams/
4508	sapņiem	dream	/ˈsapɲiem/
4509	izrādei	performance, show, play	/ˈizraːdei/
4510	vampīrs	vampire	/ˈʋampiːrs/
4511	precīzāk	adverbial form of precīzāks	/ˈpret͡siːzaːːk/
4512	muldi	to twaddle	/ˈmulldi/
4513	apziņas	consciousness	/ˈapziɲas/
4514	ēdam	to eat	/ˈæːdam/
4515	mīlējusi	having loved; indefinite past active participle of mīlēt	/ˈmiːleːjusi/
4516	atbildētu	to answer	/ˈatbilldeːtu/
4517	aktrise	actress	/ˈaktrise/
4518	jauniešu	a young man, between adolescence and adulthood	/ˈjaunieʃu/
4519	aitu	sheep	/ˈaitu/
4520	maksāšu	to pay	/ˈmaksaːʃu/
4521	fantastisks	fantastic	[fantastisks]
4522	skaitlis	number, quantity, figure	/ˈskaitlis/
4523	vecums	old age	/ˈʋæt͡sums/
4524	līķu	dead body, corpse	/ˈliːcu/
4525	gardi	tasty, delicious, with appetite, tastily, deliciously;…	/ˈɡardi/
4526	turēs	to hold	/ˈtureːs/
4527	nepareizā	wrong, incorrect	/ˈnepareizaː/
4528	sliktāks	worse; indefinite comparative degree of slikts	/ˈsliktaːːks/
4529	logus	window	/ˈluoɡus/
4530	sirdīs	heart	/ˈsirdiːs/
4531	nedarīja	to not do, to not make; negative form of darīt	/ˈnedariːja/
4532	lielus	shin	/ˈlielːus/
4533	nēsāt	to bear, to carry	[ˈnǣːsâːt]
4534	zaudētu	to lose	/ˈzaudeːtu/
4535	miegs	sleep	[mìɛks]
4536	garāks	longer; indefinite comparative degree of garš	/ˈɡaraːːks/
4537	drosmīga	brave, courageous	/ˈdruosmiːɡa/
4538	centrālā	central	/ˈt͡sentraːlaː/
4539	smēķēt	to smoke	/ˈsmeːceːt/
4540	zobena	sword	/ˈzuobæna/
4541	raķešu	rocket	/ˈraceʃu/
4542	dvēselē	soul	/ˈdʋeːseleː/
4543	bāka	lighthouse	/ˈbaːːka/
4544	ciematu	synonym of ciems	/ˈt͡siematu/
4545	saimnieku	farmer, landowner	/ˈsaimnieku/
4546	grēks	sin, transgression, offense	/ˈɡræːks/
4547	piemēru	example	/ˈpiemæːru/
4548	vislabākie	definite nominative/vocative masculine plural of vislabāks	/ʋiˈslabaːːkie/
4549	paciest	to endure, tolerate	/ˈpat͡siest/
4550	vainīgu	guilty	/ˈʋaiːniːɡu/
4551	nedzīvo	to not live; negative form of dzīvot	/ˈnedziːʋuo/
4552	dārgas	expensive, costly	/ˈdaːrɡas/
4553	tēviem	father	/ˈtæːʋiem/
4554	bagātība	wealth	/ˈbaɡaːtiːba/
4555	protat	to know how to, to be able to do	/ˈpruotat/
4556	bārda	beard	[bàːɾda]
4557	pelna	to be paid, to earn	/ˈpællna/
4558	milzīgi	huge, enormous, hugely, enormously; adverbial form of…	/ˈmillziːɡi/
4559	džeimsam	dative singular of Džeimss	/ˈdʐeimsam/
4560	versiju	version	/ˈʋersiju/
4561	pusnaktī	midnight	/ˈpusnaktiː/
4562	viņos	in them; locative plural of viņi	/ˈʋiɲuos/
4563	tālā	far, far away, distant	/ˈtaːlaː/
4564	atoms	atom	[atoːms]
4565	dzeltens	yellow	[dzæ̀ltæns]
4566	dzirdot	to hear	/ˈdzirduot/
4567	apspriedīsim	to debate, to discuss	/ˈapspriediːsim/
4568	lielos	shin	/ˈlielːuos/
4569	jūlijs	the month of July	/ˈjuːlijs/
4570	skaitļi	number, quantity, figure	/ˈskaitʎi/
4571	āfrikas	genitive singular of Āfrika	/ˈaːfrikas/
4572	neglīts	ugly, unattractive	[nɛɡlîːts]
4573	augstuma	height, altitude	/ˈauɡstuma/
4574	mehāniķis	mechanic, operator, machinist	/ˈmehaːnicis/
4575	plaušas	lung	/ˈplauʃas/
4576	rotaļu	game, recreational activity	/ˈruotaʎu/
4577	apetīti	accusative/instrumental singular of apetīte	/ˈapætiːti/
4578	āfrikā	locative singular of Āfrika	/ˈaːfrikaː/
4579	sešu	six	/ˈseʃu/
4580	apliecība	certificate	/ˈapliet͡siːba/
4581	glābiet	to save death; to protect from death	/ˈɡlaːbiet/
4582	ballē	ball	/ˈballeː/
4583	kultūras	culture	/ˈkultuːras/
4584	negribējām	to not want; negative form of gribēt	/ˈneɡribeːjaːm/
4585	skata	look	/ˈskata/
4586	pliks	naked, nude	/ˈpliks/
4587	mazāko	smaller, littler; indefinite comparative degree of mazs	/ˈmazaːːkuo/
4588	daudzās	many	/ˈdaudzaːs/
4589	telefonus	telephone	/ˈtelefoːnus/
4590	īri	an Irishman	/ˈiːri/
4591	dāsni	generous, abundant, generously, abundantly; adverbial form…	/ˈdaːsni/
4592	smieklīga	funny, humorous, amusing	/ˈsmiekliːɡa/
4593	stiprāku	stronger; indefinite comparative degree of stiprs	/ˈstipraːːku/
4594	posms	link	/ˈpuosm̩s/
4595	realitāte	reality	/ˈrealitaːte/
4596	lappusi	page	/ˈlappusi/
4597	nedošu	to not give; negative form of dot	/ˈneduoʃu/
4598	atmiņās	memory	/ˈatmiɲaːs/
4599	ziedus	blossom; flower	/ˈziedus/
4600	dodot	to give	/ˈduoduot/
4601	viela	matter, substance; material	/ˈʋiela/
4602	lauks	field	[lāūks]
4603	lielam	shin	/ˈlielːam/
4604	ziemu	winter	/ˈziemu/
4605	skaitīt	to count	[skàjtîːt]
4606	senais	ancient, old, of long ago	/ˈsænais/
4607	centrālo	central	/ˈt͡sentraːluo/
4608	stāvam	standing; adverbial object-of-perception present active…	/ˈstaːʋam/
4609	bultu	arrow	/ˈbultu/
4610	zibeni	lightning	/ˈzibæni/
4611	instrumentu	instrument	/ˈinstrumæntu/
4612	jauko	nice, cute	/ˈjaukuo/
4613	draugos	friend	/ˈdrauɡuos/
4614	nikna	wild, furious, raging	/ˈnikna/
4615	kazu	goat	/ˈkazu/
4616	dumjš	stupid, dim-witted, foolish, silly	/ˈdumʃ/
4617	lūku	accusative/instrumental singular of Lūks	/ˈluːku/
4618	jaka	cardigan	/ˈjaka/
4619	mazajā	small, little size of other similar objects, beings, areas,…	/ˈmazajaː/
4620	franciski	French, in French; adverbial form of francisks	/ˈfrant͡siski/
4621	pildīt	to fill	/ˈpilldiːt/
4622	melojis	having lied, having told lies; indefinite past active…	/ˈmæluojis/
4623	spāniski	Spanish, in Spanish; adverbial form of spānisks	/ˈspaːniski/
4624	zagtu	to steal	/ˈzaɡtu/
4625	sliktajiem	bad not following moral rules, treating others in a cruel…	/ˈsliktajiem/
4626	aprīlī	the month of April	/ˈapriːliː/
4627	vanna	bathtub, tub	/ˈʋanna/
4628	dzīvajiem	living, alive	/ˈdziːʋajiem/
4629	tantes	aunt	/ˈtantes/
4630	ugunī	fire	/ˈuɡuniː/
4631	tirgu	market, marketplace	/ˈtirɡu/
4632	braucot	to go, to ride	/ˈbraut͡suot/
4633	punktā	stop/full stop, period	/ˈpuŋktaː/
4634	gariem	spirit	/ˈɡariem/
4635	bumbām	ball	/ˈbumbaːm/
4636	dārgu	expensive, costly	/ˈdaːrɡu/
4637	robs	small deformation on a surface, dent, indentation, notch	/ˈruobs/
4638	aizejam	to leave, to go away, to escape	/ˈaizejam/
4639	ekonomikas	economy	/ˈekonoːmikas/
4640	resni	thick, fat, thickly, fatly; adverbial form of resns	/ˈræsni/
4641	izrādes	performance, show, play	/ˈizraːdes/
4642	ego	eglantine	/ˈæɡoː/
4643	krievijā	locative singular of Krievija	/ˈkrieʋijaː/
4644	žurnāls	magazine	[ˈʒurnaːls]
4645	datumā	date	/ˈdatumaː/
4646	vēsta	to herald	/ˈʋæːsta/
4647	okeānu	ocean	/ˈokeaːnu/
4648	nākuši	having come; indefinite past active participle of nākt	/ˈnaːːkuʃi/
4649	žigli	fast, quick, agile, quickly, agilely; adverbial form of…	/ˈʒiɡli/
4650	tavos	your, yours	/ˈtaʋuos/
4651	balsī	voice	/ˈbalsiː/
4652	mīļākās	dearer, more cherished, more beloved; indefinite…	/ˈmiːʎaːːkaːs/
4653	tapa	plug	/ˈtapa/
4654	rasu	dew	/ˈrasu/
4655	vērtībā	value	/ˈʋeːrtiːbaː/
4656	nedomājat	to not think; negative form of domāt	/ˈneduomaːjat/
4657	dzīvus	living, alive	/ˈdziːʋus/
4658	vestes	waistcoat	/ˈʋestes/
4659	stikls	glass	/ˈstikl̩s/
4660	akli	blind, blindly; adverbial form of akls	/ˈakli/
4661	lāčiem	bear	/ˈlaːt͡ʃiem/
4662	neteikt	to not say, to not tell; negative form of teikt	/ˈneteikt/
4663	sapulce	meeting, gathering, assembly, rally	/ˈsapult͡se/
4664	gulētu	to sleep, to be asleep	/ˈɡulæːtu/
4665	sula	juice	/ˈsula/
4666	aizmirsāt	to forget	/ˈaizmirsaːt/
4667	mugurkaula	spine, backbone	/ˈmuɡurkaula/
4668	iegādāties	to obtain, to get, to acquire	/ˈieɡaːdaːties/
4669	dodat	to give	/ˈduodat/
4670	sezonu	season	/ˈsæzoːnu/
4671	sīkā	tiny, little, small	/ˈsiːkaː/
4672	dejoju	first-person singular present/past indicative of dejot	/ˈdejuoju/
4673	vardes	frog which typically hops	/ˈʋardes/
4674	zods	chin	[ˈzuɔ̂t͡s]
4675	sapņot	to dream	/ˈsapɲuot/
4676	pretinieku	opponent, adversary	/ˈpretinieku/
4677	būris	cage	/ˈbuːris/
4678	saldējums	ice	/ˈsalldeːjums/
4679	resnā	thick	/ˈræsnaː/
4680	tēvoča	uncle	/ˈteːʋuot͡ʃa/
4681	skotijas	genitive singular of Skotija	/ˈskotijas/
4682	aicināti	invited; indefinite past passive participle of aicināt	/ˈait͡sinaːti/
4683	aizvērties	to close up	/ˈaizʋeːrties/
4684	sākat	to begin, to start	/ˈsaːːkat/
4685	mini	to guess	/ˈmini/
4686	patiesu	true, sincere, authentic	/ˈpatiesu/
4687	garo	long	/ˈɡaruo/
4688	kazas	goat	/ˈkazas/
4689	rītdiena	tomorrow	[ɾîːddìɛna]
4690	zems	low, short	[ˈzæms]
4691	raksturs	character, temperament, personality, nature	[ɾakstuɾs]
4692	doto	vocative/accusative/instrumental singular masculine/feminine	/ˈduotuo/
4693	svētība	blessing	/ˈsʋeːtiːba/
4694	kož	to bite, to take a bite	/ˈkuoʒ/
4695	mežs	forest	[mɛ̄ʃː]
4696	tumšo	dark	/ˈtumʃuo/
4697	vidi	middle, center	/ˈʋidi/
4698	visums	universe	/ˈʋisums/
4699	iekļuva	to get into, to enter somewhere	/ˈiekʎuʋa/
4700	sviestmaizes	open sandwich; by extension, also closed sandwiches	/ˈsʋiestmaizes/
4701	senči	ancestor	/ˈsænt͡ʃi/
4702	aģentūra	agency, authority	[aɟːentuːɾa]
4703	spļauj	to spit, to expectorate	/ˈspʎauj/
4704	vismazāk	smallest, least; adverbial form of vismazākais	/ʋisˈmazaːːk/
4705	upei	river	/ˈupei/
4706	kareivjiem	soldier, private rank in the army; a soldier of this rank	/ˈkareiʋjiem/
4707	lielie	big, large	/ˈlielːie/
4708	āķi	hook	/ˈaːci/
4709	monēta	coin	/ˈmonæːta/
4710	mēnešos	moon	/ˈmeːneʃuos/
4711	kastēs	box	/ˈkasteːs/
4712	gaumē	taste	/ˈɡaumeː/
4713	konts	account, bank account	/ˈkonts/
4714	krava	cargo, freight	/ˈkraʋa/
4715	mīļie	dear, cherished, beloved	/ˈmiːʎie/
4716	bārdu	beard	/ˈbaːrdu/
4717	apmaiņa	exchange, swap	[apmāīɲa]
4718	jāēd	to eat	/ˈjaːeːd/
4719	apmaiņas	exchange, swap	/ˈapmaiɲas/
4720	nāksiet	to come	/ˈnaːːksiet/
4721	lidos	to fly	/ˈliduos/
4722	celt	to lift, to raise	[ˈt͡sɛ̂lt]
4723	realitāti	reality	/ˈrealitaːti/
4724	iedzeršu	to drink, to have a drink	/ˈiedzærʃu/
4725	normālu	normal	/ˈnormaːlu/
4726	maisiņu	little sack, bag; diminutive of maiss	/ˈmaisiɲu/
4727	apziņa	consciousness	[ˈabziɲa]
4728	tirgotājs	merchant, dealer, trader	/ˈtirɡuotaːjs/
4729	ezerā	lake	/ˈæzeraː/
4730	nebijāt	were not; second-person plural past indicative of nebūt	/ˈnebijaːt/
4731	dzeriet	to drink	/ˈdzeriet/
4732	vajadzīgo	necessary	/ˈʋa`ja`dziːɡuo/
4733	meklētu	to search for, to look for	/ˈmeklæːtu/
4734	plānoju	to plan	/ˈplaːnuoju/
4735	arhitekts	architect	/ˈarhitekts/
4736	giganti	giant	/ˈɡiɡanti/
4737	policijā	police	/ˈpolit͡sijaː/
4738	padomdevējs	advisor	/ˈpaduomdæʋeːjs/
4739	telts	tent	[ˈtɛ̄lt͡s]
4740	lielākoties	in many cases, mostly; almost always; usually	/ˈlielːaːːkuoties/
4741	brīvo	free	/ˈbriːʋuo/
4742	vēders	belly	[ˈvæ̂ːdæɾs]
4743	foršu	cool, good, fine, great, attractive	/ˈforʃu/
4744	vāveri	squirrel	/ˈʋaːʋeri/
4745	biezs	thick, dense	[bìɛs]
4746	meksikā	locative singular of Meksika	/ˈmeksikaː/
4747	dzelteno	yellow	/ˈdzeltænuo/
4748	smagā	heavy	/ˈsmaɡaː/
4749	ziedu	blossom; flower	/ˈziedu/
4750	uzticēt	to entrust	[uztitsɛ̂ːt]
4751	šāvējs	marksman	/ˈʃaːʋeːjs/
4752	izrunāt	to pronounce	/ˈizrunaːt/
4753	zaga	to steal	/ˈzaɡa/
4754	radies	to occur	/ˈradies/
4755	slēdzis	switch	/ˈsleːdzis/
4756	vecajos	old	/ˈʋæt͡sajuos/
4757	slavenais	famous, well-known, renowned	/ˈslaʋænais/
4758	sākumu	beginning, starting point *in time or space	/ˈsaːːkumu/
4759	cieņa	respect, honour	/ˈt͡sieɲa/
4760	labos	good following accepted moral rules, treating others in a…	/ˈlabuos/
4761	cimdu	glove	/ˈt͡simdu/
4762	piekrist	to agree	/ˈpiekrist/
4763	atvērs	to open so as to make the space behind it accessible	/ˈatʋæːrs/
4764	upē	river	/ˈupeː/
4765	vīrusu	virus	/ˈʋiːrusu/
4766	apģērbs	clothing	/ˈapɟæːrbs/
4767	klauns	clown	/ˈklauns/
4768	krieviem	a Russian, a Russian man, a man from Russia or of Russian…	/ˈkrieʋiem/
4769	maijā	the month of May	/ˈmaijjaː/
4770	spējam	sudden, quick	/ˈspeːjam/
4771	nevainīga	innocent, not guilty	/ˈneʋaiːniːɡa/
4772	neguļ	to not sleep, to not lie down; negative form of gulēt	/ˈneɡuʎ/
4773	muskuļi	muscle	/ˈmuskuʎi/
4774	ausi	ear	/ˈausi/
4775	spogulī	mirror	/ˈspuoɡuliː/
4776	universitāti	university, college	/ˈuniʋersitaːti/
4777	kaklarotu	necklace	/ˈkaklaruotu/
4778	eksistenci	existence, living, life, subsistence, survival	/ˈeksistænt͡si/
4779	nestāsta	to not tell, to not narrate; negative form of stāstīt	/ˈnestaːsta/
4780	neatrada	to not find; negative form of atrast	/ˈneatrada/
4781	nagiem	fingernail fingertip	/ˈnaɡiem/
4782	laipna	nice, polite, kind, friendly, warm, welcoming	/ˈlaipna/
4783	neredzam	not seeing; adverbial object-of-perception present active…	/ˈneredzam/
4784	devusi	having given; indefinite past active participle of dot	/ˈdæʋusi/
4785	nezināms	which cannot or should not be known; indefinite present…	/ˈnezinaːms/
4786	akts	act, action	[akts]
4787	vīruss	virus	/ˈʋiːruss/
4788	stāvokļa	position, location	/ˈstaːʋuokʎa/
4789	neticat	to not believe; negative form of ticēt	/ˈnetit͡sat/
4790	melotu	to lie, to tell lies	/ˈmeluotu/
4791	viesistabā	living room, sitting room	/ˈʋiesistabaː/
4792	runāsi	to speak, to talk	/ˈrunaːsi/
4793	miljonārs	millionaire	/ˈmilljoːnaːrs/
4794	gatavais	ready	/ˈɡataʋais/
4795	dzeram	to drink	/ˈdzæram/
4796	bēru	brown, bay horse	/ˈbæːru/
4797	nedos	to not give; negative form of dot	/ˈneduos/
4798	necerēju	to not hope; negative form of cerēt	/ˈnet͡særeːju/
4799	emociju	emotion, emotions	/ˈæmoːt͡siju/
4800	kuģim	ship	/ˈkuɟim/
4801	pirmdienas	Monday	/ˈpirm̩dieːnas/
4802	kaklasaiti	necktie	/ˈkaklasaiti/
4803	asmens	edge, blade	/ˈasmæns/
4804	domājams	which can or should be thought; indefinite present passive…	/ˈduomaːjams/
4805	lidaparāti	aircraft, vehicle capable of flying	/ˈlidaparaːti/
4806	politiķi	politician	/ˈpolitici/
4807	turētu	to hold	/ˈturæːtu/
4808	neredzēt	to not see; negative form of redzēt	/ˈneredzeːt/
4809	grieķiju	accusative/instrumental singular of Grieķija	/ˈɡrieciju/
4810	papīri	paper	/ˈpapiːri/
4811	kauls	bone	/ˈkauls/
4812	dienestam	service, duty	/ˈdieːnæstam/
4813	pūce	owl	[ˈpūːt͡sɛ]
4814	neatradīsi	to not find; negative form of atrast	/ˈneatradiːsi/
4815	džonam	dative singular of Džons	/ˈdʐonam/
4816	stipram	strong	/ˈstipram/
4817	starptautiskais	international	/ˈstarptautiskais/
4818	federālā	federal	/ˈfedæraːlaː/
4819	mēnesis	month	[ˈmɛ̄ːnɛsis]
4820	tinte	ink	[tīnte]
4821	ducis	dozen	[ˈdut͡sːis]
4822	tīkls	mesh	/ˈtiːkl̩s/
4823	kroņa	crown, coronet	/ˈkruoɲa/
4824	spēcīgu	strong	/ˈspeːt͡siːɡu/
4825	pamatiem	base, basis, foundation	/ˈpamatiem/
4826	lauvu	lion in general	/ˈlauʋu/
4827	rinda	row, line, queue	[ɾīnda]
4828	atbildēju	to answer	/ˈatbilldeːju/
4829	banknotes	banknote, bill bank	/ˈbaŋknuotes/
4830	rīks	instrument, tool, equipment	[ˈɾìːks]
4831	galds	table	[ɡâlts]
4832	prasīji	to ask for, to request, to demand	/ˈprasiːji/
4833	labākajām	better; indefinite comparative degree of labs	/ˈlabaːːkajaːm/
4834	jūsos	in you; locative plural of jūs	/ˈjuːsuos/
4835	metālu	metal	/ˈmetaːlu/
4836	nedomāji	to not think; negative form of domāt	/ˈneduomaːji/
4837	šausmīgs	horrible, terrible	/ˈʃausmiːɡs/
4838	vāju	weak	/ˈʋaːju/
4839	plāksne	plate, sheet	/ˈplaːːksne/
4840	guļot	to sleep, to be asleep	/ˈɡuʎuot/
4841	nozagām	to steal	/ˈnuozaɡaːm/
4842	jautrības	cheerfulness, merriment, fun, hilarity	/ˈjautriːbas/
4843	televizors	television	/ˈteleʋizoːrs/
4844	politisko	political	/ˈpolitiskuo/
4845	prasāt	to ask for, to request, to demand	/ˈprasaːt/
4846	šķist	to seem	/ˈʃcist/
4847	impēriju	empire	/ˈimpeːriju/
4848	zaudējāt	to lose	/ˈzaudeːjaːt/
4849	kājā	leg, foot	/ˈkaːjaː/
4850	savienot	to connect	/ˈsaʋieːnuot/
4851	tehnoloģija	technology	[ˈtɛxnɔlɔ̄ːɟija]
4852	dziedās	to sing	/ˈdziedaːs/
4853	glābs	to save death; to protect from death	/ˈɡlaːbs/
4854	kauss	cup, goblet, bowl	/ˈkauss/
4855	izglītību	education, formation	/ˈizɡliːtiːbu/
4856	nepareizais	wrong, incorrect	/ˈnepareizais/
4857	mašīnās	machine, machinery, mechanism	/ˈmaʃiːnaːs/
4858	līdzēs	to help	/ˈliːdzeːs/
4859	kubu	cube	/ˈkubu/
4860	cepumi	something roasted, fried, baked	/ˈt͡sæpumi/
4861	deguna	nose	/ˈdæɡuna/
4862	svarīgākā	more important; indefinite comparative degree of svarīgs	/ˈsʋariːɡaːːkaː/
4863	reģistrācijas	registration	/ˈreɟistraːt͡sijas/
4864	klasi	grade, class	/ˈklasi/
4865	viesus	visitor, guest	/ˈʋiesus/
4866	pupu	bean	/ˈpupu/
4867	apstākļus	circumstance	/ˈapstaːːkʎus/
4868	viedokļa	viewpoint, standpoint, point of view	/ˈʋieduokʎa/
4869	vilnis	wave	[ˈvîlnis]
4870	mirstam	to die	/ˈmirstam/
4871	karstums	heat	/ˈkarstums/
4872	abos	both	/ˈabuos/
4873	armijai	a country's armed forces	/ˈarmijai/
4874	slaktiņš	massacre	/ˈslaktiɲʃ/
4875	locekļiem	limb, member	/ˈluot͡sekʎiem/
4876	augstākajā	higher, taller; indefinite comparative degree of augsts	/ˈauɡstaːːkajaː/
4877	pļāpas	chat, chatter, gossip, babble	/ˈpʎaːpas/
4878	augt	to grow	[ˈaû̯kt]
4879	tūkstotis	thousand	/ˈtuːkstuotis/
4880	ausī	ear	/ˈausiː/
4881	netīra	dirty	/ˈnetiːra/
4882	auss	ear	[àws]
4883	ķirbju	pumpkin, squash, gourd	/ˈcirbju/
4884	redzami	visibly; quickly	/ˈredzami/
4885	locekļus	limb, member	/ˈluot͡sekʎus/
4886	vāka	lid, movable cover	/ˈʋaːːka/
4887	vāji	weak, poor, weakly, poorly; adverbial form of vājš	/ˈʋaːji/
4888	neskaitāmas	which cannot or should not be counted; indefinite present…	/ˈneskaitaːmas/
4889	pludmales	beach	/ˈpludmales/
4890	paslēpts	hidden; indefinite past passive participle of paslēpt	/ˈpasleːpts/
4891	baltajiem	white	/ˈbaltajiem/
4892	piparu	pepper and Solanaceae, with spicy fruits used as condiments	/ˈpiparu/
4893	vajadzībām	need, necessary	/ˈʋa`ja`dziːbaːm/
4894	cilvēkos	person, human being	/ˈt͡sillʋæːkuos/
4895	zagšana	stealing; verbal noun of zagt	/ˈzaɡʃana/
4896	laboratorija	laboratory	/ˈlaboratorija/
4897	sešām	six	/ˈseʃaːm/
4898	garlaicīga	boring, tedious	/ˈɡarlait͡siːɡa/
4899	lielajam	big, large	/ˈlielːajam/
4900	medaļa	medal	/ˈmedaʎa/
4901	muskuļus	muscle	/ˈmuskuʎus/
4902	ola	egg	[wōla]
4903	caurumā	hole	/ˈt͡saurumaː/
4904	meklēšu	to search for, to look for	/ˈmekleːʃu/
4905	ēdīsim	to eat	/ˈeːdiːsim/
4906	priekšmets	object, thing	[ˈpɾìɛ̯kʃmæt͡s]
4907	lodēm	sphere	/ˈluodeːm/
4908	retums	rarity	/ˈrætums/
4909	briedis	deer, stag	[ˈbɾiɛ̂dis]
4910	mantojums	inheritance	/ˈmantuojums/
4911	pilnīgas	complete, total, full, perfect, absolute	/ˈpillniːɡas/
4912	traģēdija	tragedy	/ˈtraɟeːdija/
4913	vakaros	evening	/ˈʋakaruos/
4914	ģitāru	guitar	/ˈɟitaːru/
4915	medīt	to hunt	/ˈmediːt/
4916	šodienai	today, this day	/ˈʃuodieːnai/
4917	biedriem	colleague, mate, comrade	/ˈbiedriem/
4918	rozes	rose	/ˈruozes/
4919	vienīgās	only, unique	/ˈʋieːniːɡaːs/
4920	dzinējus	motor, engine	/ˈdzineːjus/
4921	vieniem	one	/ˈʋieːniem/
4922	seksīgas	sexy, hot	/ˈseksiːɡas/
4923	sveci	candle	/ˈsʋæt͡si/
4924	ūdeņiem	water	/ˈuːdeɲiem/
4925	aknas	liver	[aknas]
4926	svešu	unknown, foreign	/ˈsʋeʃu/
4927	pušu	half	/ˈpuʃu/
4928	ziņošu	science	/ˈziɲuoʃu/
4929	martā	the month of March	/ˈmartaː/
4930	brāļus	brother	/ˈbraːʎus/
4931	nākamajam	dative singular masculine of nākamais	/ˈnaːːkamajam/
4932	domājiet	to think	/ˈduomaːjiet/
4933	brīvais	free	/ˈbriːʋais/
4934	mirušā	having died; indefinite past active participle of mirt	/ˈmiruʃaː/
4935	cilvēci	humanity, mankind, humankind	/ˈt͡sillʋæːt͡si/
4936	sveces	candle	/ˈsʋet͡ses/
4937	dejām	dance	/ˈdejaːm/
4938	radīs	to find be present, in use, or in one's possession	/ˈradiːs/
4939	galvai	head	/ˈɡallʋai/
4940	šampanietis	champagne	/ˈʃampanietis/
4941	neredzat	to not see; negative form of redzēt	/ˈneredzat/
4942	skaistās	beautiful	/ˈskaistaːs/
4943	mīlējis	having loved; indefinite past active participle of mīlēt	/ˈmiːleːjis/
4944	pase	passport	/ˈpase/
4945	ātrākais	faster, quicker, more rapid; indefinite comparative degree…	/ˈaːtraːːkais/
4946	kolu	colon	/ˈkoːlu/
4947	cēlonis	cause, reason	/ˈt͡seːluonis/
4948	īkšķi	thumb	/ˈiːkʃci/
4949	bīstamu	dangerous, perilous, scary	/ˈbiːstamu/
4950	griezt	to turn, to spin	[ɡrīɛ̄st]
4951	kustībā	motion	/ˈkustiːbaː/
4952	sāli	salt	/ˈsaːli/
4953	eļļu	oil	/ˈeʎʎu/
4954	bites	bee	/ˈbites/
4955	karstā	hot	/ˈkarstaː/
4956	nenāksi	to not come; negative form of nākt	/ˈnenaːːksi/
4957	dziedāja	to sing	/ˈdziedaːja/
4958	negribēsi	to not want; negative form of gribēt	/ˈneɡribæːsi/
4959	sprieduma	judgment, opinion	/ˈsprieduma/
4960	gājuši	having gone; indefinite past active participle of iet	/ˈɡaːjuʃi/
4961	pelniem	ashes, cinders, embers	/ˈpællniem/
4962	dzimtas	family, kin, kin group, clan, kind	/ˈdzimtas/
4963	paziņojums	announcement, communiqué, declaration, notice	/ˈpaziɲuojums/
4964	sirdsapziņa	conscience	/ˈsirdsapziɲa/
4965	tālruņa	telephone set, phone	/ˈtaːllruɲa/
4966	brauci	to go, to ride	/ˈbraut͡si/
4967	nesaprati	to not understand; negative form of saprast	/ˈnesaprati/
4968	pērkona	thunder	/ˈpeːrkuona/
4969	gatavojam	preparing; adverbial object-of-perception present active…	/ˈɡataʋuojam/
4970	krustu	suffering, hardship; nuisance	/ˈkrustu/
4971	zobenus	sword	/ˈzuobænus/
4972	tuvākajā	nearer, closer; indefinite comparative degree of tuvs	/ˈtuʋaːːkajaː/
4973	lūzums	fracture, break	/ˈluːzums/
4974	ievērot	to notice, to observe, to spot	/ˈieʋeːruot/
4975	iekšējā	interior, internal, inner	/ˈiekʃeːjaː/
4976	atvērsi	to open so as to make the space behind it accessible	/ˈatʋæːrsi/
4977	fabrika	factory	/ˈfabrika/
4978	sargājiet	to protect, to guard	/ˈsarɡaːjiet/
4979	piederēt	to belong	/ˈpiedæreːt/
4980	gravitācijas	gravitation	/ˈɡraʋitaːt͡sijas/
4981	labajiem	good following accepted moral rules, treating others in a…	/ˈlabajiem/
4982	neņemiet	to not take; negative form of ņemt	/ˈneɲemiet/
4983	austrālijā	locative singular of Austrālija	/ˈaustraːlijaː/
4984	brālība	brotherhood, fraternity	/ˈbraːliːba/
4985	ēdīsi	to eat	/ˈeːdiːsi/
4986	zilās	blue color as, e.g., a clear sky	/ˈzilaːs/
4987	analīze	analysis	/ˈanaliːze/
4988	vilka	wolf	/ˈʋilka/
4989	gadsimtu	century	/ˈɡadsimtu/
4990	palīdzējāt	to help, to help out, to aid, to assist	/ˈpaliːdzeːjaːt/
4991	starta	start	/ˈstarta/
4992	akcents	accent, stress	[aktsɛnts]
4993	aizgājām	to leave, to go away, to escape	/ˈaizɡaːjaːm/
4994	ēdienus	food prepared for consumption; meal; dish	/ˈeːdieːnus/
4995	ugunsgrēka	fire; conflagration	/ˈuɡunsɡræːka/
4996	atriebību	revenge, vengeance	/ˈatriebiːbu/
4997	baudīt	to enjoy, to savour	/ˈbaudiːt/
4998	salās	island	/ˈsalaːs/
4999	senu	ancient, old, of long ago	/ˈsænu/
5000	apelsīnu	orange	/ˈapælsiːnu/
5001	cepeti	roast	/ˈt͡sæpæti/
5002	izteiciens	expression, phrase, saying	/ˈizteit͡siens/
5003	jaunai	having relatively low age, young, new	/ˈjaunai/
5004	sīkumi	trifle	/ˈsiːkumi/
5005	skaistuli	beautiful person; handsome man	/ˈskaistuli/
5006	patlaban	now, currently	/paˈtlaban/
5007	ķermeņi	body	/ˈcærmeɲi/
5008	nerunāšu	to not speak, to not talk; negative form of runāt	/ˈnerunaːʃu/
5009	smiekli	laugh, laughter	/ˈsmiekli/
5010	nestāstīšu	to not tell, to not narrate; negative form of stāstīt	/ˈnestaːstiːʃu/
5011	pētu	to investigate	/ˈpæːtu/
5012	ciematā	synonym of ciems	/ˈt͡siemataː/
5013	pareizu	precise, exact, correct, accurate	/ˈpareizu/
5014	neēdu	first-person singular present/past indicative of neēst	/ˈneæːdu/
5015	likties	to appear	/ˈlikties/
5016	māsīca	A female first-cousin	[maːˈsiː.t͡sa]
5017	klausīt	to obey	[ˈklàusîːt]
5018	ērgļa	eagle	/ˈæːrɡʎa/
5019	viesuļvētra	hurricane	/ˈʋiesuʎʋæːtra/
5020	smaidiet	to smile	/ˈsmaidiet/
5021	mazajiem	small, little size of other similar objects, beings, areas,…	/ˈmazajiem/
5022	žests	gesture, sign	/ˈʒæsts/
5023	slēptu	to hide, to conceal so that others cannot see or find it,…	/ˈsleːptu/
5024	pūķiem	in old Latvian mythology, a household spirit that could be…	/ˈpuːciem/
5025	paku	package	/ˈpaku/
5026	konkrētu	concrete	/ˈkonkreːtu/
5027	neteicāt	to not say, to not tell; negative form of teikt	/ˈneteit͡saːt/
5028	apavus	footwear	/ˈapaʋus/
5029	svešiniekiem	stranger	/ˈsʋeʃiniekiem/
5030	iekļūtu	to get into, to enter somewhere	/ˈiekʎuːtu/
5031	šveicē	locative singular of Šveice	/ˈʃʋeit͡seː/
5032	septiņu	seven	/ˈseptiɲu/
5033	šķērsot	to cross	[ʃcɛ̀ːɾsuôt]
5034	eksperti	expert	/ˈekspærti/
5035	paslēpta	hidden; indefinite past passive participle of paslēpt	/ˈpasleːpta/
5036	nedzird	to not hear; negative form of dzirdēt	/ˈnedzird/
5037	vecumam	old age	/ˈʋæt͡sumam/
5038	mazuļiem	little child, little one, baby	/ˈmazuʎiem/
5039	iedos	to give, to hand, so that someone takes it	/ˈieduos/
5040	dzimumu	sex, gender	/ˈdzimumu/
5041	lieka	odd	/ˈlieka/
5042	neticēs	to not believe; negative form of ticēt	/ˈnetit͡seːs/
5043	eņģeļi	angel	/ˈeɲɟeʎi/
5044	neredzēs	to not see; negative form of redzēt	/ˈneredzeːs/
5045	sienā	hay	/ˈsieːnaː/
5046	ostu	port, harbor	/ˈuostu/
5047	rēķins	account	/ˈreːcins/
5048	produkts	product	/ˈprodukts/
5049	aukstā	cold	/ˈaukstaː/
5050	vecene	old woman; also ugly, evil woman	/ˈʋæt͡sene/
5051	brauksiet	to go, to ride	/ˈbrauksiet/
5052	ticam	to believe	/ˈtit͡sam/
5053	spārni	wing	/ˈspaːrni/
5054	mantām	property	/ˈmantaːm/
5055	ostā	port, harbor	/ˈuostaː/
5056	sapņa	dream	/ˈsapɲa/
5057	iedzīvotājus	inhabitant, resident	/ˈiedziːʋuotaːjus/
5058	uzdošu	to raise, to lift, e.g., hay, straw, etc	/ˈuzduoʃu/
5059	muļķīga	stupid, foolish, dumb	/ˈmuʎciːɡa/
5060	darbiniece	employee; clerk; official	/ˈdarbiniet͡se/
5061	draudzības	friendship	/ˈdraudziːbas/
5062	īru	an Irishman	/ˈiːru/
5063	testa	test	/ˈtesta/
5064	alkohols	alcohol	/ˈalkohoːls/
5065	zaļa	green	/ˈzaʎa/
5066	skaļruni	loudspeaker	/ˈskaʎruni/
5067	nasta	burden	/ˈnasta/
5068	ērtāk	more comfortable, more convenient, more comfortably, more…	/ˈæːrtaːːk/
5069	ugunsgrēku	fire; conflagration	/ˈuɡunsɡræːku/
5070	jaunavai	young, usually unmarried, woman	/ˈjaunaʋai/
5071	piederēs	to belong	/ˈpiedereːs/
5072	dziļa	deep	/ˈdziʎa/
5073	noslēpumiem	secret	/ˈnuoslæːpumiem/
5074	ašāk	quicker, faster, more swiftly; adverbial form of ašāks	/ˈaʃaːːk/
5075	itāļu	Italic; a member of the ancient Italic peoples of primitive…	/ˈitaːʎu/
5076	panika	panic	/ˈpanika/
5077	bēga	to flee, run away, escape	/ˈbæːɡa/
5078	pēcpusdienu	afternoon	/ˈpeːt͡spusdieːnu/
5079	karatē	karate	[kaɾːateː]
5080	sveiciens	greeting, salutation	/ˈsʋeit͡siens/
5081	mežos	forest	/ˈmeʒuos/
5082	galus	tip, end	/ˈɡalus/
5083	poda	pot	/ˈpuoda/
5084	ienaidniekus	enemy, opponent, adversary, foe	/ˈieːnaidniekus/
5085	aicinu	to invite	/ˈait͡sinu/
5086	vidus	middle, center	/ˈʋidus/
5087	lesbiete	lesbian	/ˈlesbiete/
5088	skaļu	loud	/ˈskaʎu/
5089	kanālu	channel; canal	/ˈkanaːlu/
5090	zemēm	ground, land, mainland	/ˈzemeːm/
5091	ostas	port, harbor	/ˈuostas/
5092	amats	craft, trade	/ˈamats/
5093	peld	to swim	/ˈpæld/
5094	ministra	minister	/ˈministra/
5095	darbiniekus	employee; clerk; official	/ˈdarbiniekus/
5096	disks	disc, disk	/ˈdisks/
5097	gards	tasty, delicious	[ɡâɾts]
5098	dzīvēm	life	/ˈdziːʋeːm/
5099	akcentu	accent, stress	/ˈakt͡sentu/
5100	jāiedzer	to drink, to have a drink	/ˈjaːiedzær/
5101	situācijās	situation	/ˈsituaːt͡sijaːs/
5102	mēles	tongue	/ˈmeːles/
5103	varde	frog which typically hops	[ˈvârdɛ]
5104	spēcīgas	strong	/ˈspeːt͡siːɡas/
5105	sekundē	second	/ˈsekuŋdeː/
5106	students	student	[studæːnts]
5107	nepalīdzi	to not help; negative form of palīdzēt	/ˈnepaliːdzi/
5108	brīvam	free	/ˈbriːʋam/
5109	mirsiet	to die	/ˈmirsiet/
5110	japānā	locative singular of Japāna	/ˈjapaːnaː/
5111	nevainojams	not blamable, which cannot or should not be blamed;…	/ˈneʋaiːnuojams/
5112	strādniekus	worker, workman, laborer	/ˈstraːdniekus/
5113	gudrinieks	a smart, intelligent, wise guy	/ˈɡudrinieks/
5114	dzersi	to drink	/ˈdzærsi/
5115	brīvās	free	/ˈbriːʋaːs/
5116	nozagāt	to steal	/ˈnuozaɡaːt/
5117	ņems	to take; to seize with one's hands for some purpose	/ˈɲæms/
5118	kurpe	shoes with heels and hard soles, covering the foot but not…	[kūɾpɛ]
5119	smuks	pretty, beautiful, handsome	[smuks]
5120	skaitli	number, quantity, figure	/ˈskaitli/
5121	sliktos	bad not following moral rules, treating others in a cruel…	/ˈsliktuos/
5122	taku	path	/ˈtaku/
5123	izteicu	first-person singular present/past indicative of izteikt	/ˈizteit͡su/
5124	senču	ancestor	/ˈsænt͡ʃu/
5125	identitāte	identity	/ˈidentitaːte/
5126	bruņinieki	knight	/ˈbruɲinieki/
5127	motora	motor, engine	/ˈmotoːra/
5128	sports	sport, sports	/ˈsports/
5129	slēpa	to hide, to conceal so that others cannot see or find it,…	/ˈslæːpa/
5130	avīze	newspaper	/ˈaʋiːze/
5131	plāksnes	plate, sheet	/ˈplaːːksnes/
5132	varai	power	/ˈʋarai/
5133	iedzēris	having drunk, having had a drink; indefinite past active…	/ˈiedzeːris/
5134	neatrod	to not find; negative form of atrast	/ˈneatruod/
5135	cimdus	glove	/ˈt͡simdus/
5136	pavēlēja	to order, to command	/ˈpaʋeːleːja/
5137	lielgabals	cannon	/ˈlielːɡabals/
5138	negaiss	thunderstorm	/ˈneɡaiss/
5139	ērkšķi	thorn	/ˈeːrkʃci/
5140	ēda	to eat	/ˈæːda/
5141	uzdevumus	task, duty	/ˈuzdæʋumus/
5142	mīlēties	The mutual feeling of love for another	[miːlʲeːtiɛs]
5143	never	to not open; negative form of vērt	/ˈneʋær/
5144	kaulus	bone	/ˈkaulus/
5145	kļūdām	error, mistake	/ˈkʎuːdaːm/
5146	ala	cave	[ala]
5147	ciets	solid	[tsiɛ̂ts]
5148	dzeramo	vocative/accusative/instrumental singular masculine/feminine	/ˈdzæramuo/
5149	ceļojumi	trip, journey, travel	/ˈt͡seʎuojumi/
5150	garšoja	to taste good, to please	/ˈɡarʃuoja/
5151	garšas	taste	/ˈɡarʃas/
5152	karot	to wage a war	/ˈkaruot/
5153	salto	cold, frosty, freezing, frozen	/ˈsaltuo/
5154	vampīru	vampire	/ˈʋampiːru/
5155	vaļu	whale	/ˈʋaʎu/
5156	ēdams	edible; which can or should be eaten; indefinite present…	/ˈæːdams/
5157	jocīgs	funny, humorous	/ˈjuot͡siːɡs/
5158	spilvenu	pillow, cushion	/ˈspillʋænu/
5159	jaunos	having relatively low age, young, new	/ˈjaunuos/
5160	indiāņi	a male member of one of the indigenous peoples of the…	/ˈiŋdiaːɲi/
5161	partija	political party	/ˈpartija/
5162	daiļa	very beautiful, lovely, exquisite	/ˈdaiʎa/
5163	bagāta	rich, wealthy	/ˈbaɡaːta/
5164	jāguļ	to sleep, to be asleep	/ˈjaːɡuʎ/
5165	maiznīcu	bakery	/ˈmaiz-niːt͡su/
5166	izteica	to express	/ˈizteit͡sa/
5167	neņemšu	to not take; negative form of ņemt	/ˈneɲemʃu/
5168	līķiem	dead body, corpse	/ˈliːciem/
5169	nokrist	to fall	/ˈnuokrist/
5170	iestādēm	institution, office, authority	/ˈiestaːdeːm/
5171	saistīt	to bind, to join, to link, to tie together	/ˈsaistiːt/
5172	detaļa	part, component	/ˈdetaʎa/
5173	melnas	black	/ˈmællnas/
5174	solo	solo	/ˈsoːloː/
5175	nesapratīs	to not understand; negative form of saprast	/ˈnesapratiːs/
5176	ātrās	fast, quick, rapid	/ˈaːtraːs/
5177	ziņkārīgs	curious, inquisitive	/ˈziɲkaːriːɡs/
5178	neguļu	to not sleep, to not lie down; negative form of gulēt	/ˈneɡuʎu/
5179	neceri	to not hope; negative form of cerēt	/ˈnet͡seri/
5180	zinātniski	scientific, scientifically; adverbial form of zinātnisks	/ˈzinaːtniski/
5181	puķu	flower	/ˈpucu/
5182	dzirdam	to hear	/ˈdzirdam/
5183	pudelē	bottle	/ˈpudeleː/
5184	rupja	coarse, rough	/ˈrupja/
5185	nolūku	intention, purpose	/ˈnuoluːku/
5186	nestāviet	to not stand; negative form of stāvēt	/ˈnestaːʋiet/
5187	mugura	back	/ˈmuɡura/
5188	krūtīs	breast	/ˈkruːtiːs/
5189	ārstiem	doctor, physician	/ˈaːrstiem/
5190	kilogrami	kilogram	/ˈkiloɡrami/
5191	gatavoja	to prepare, to produce, to build, to make	/ˈɡataʋuoja/
5192	nāvessodu	death penalty, capital punishment	/ˈnaːʋæssuodu/
5193	dodoties	to give oneself; reflexive of dot	/ˈduoduoties/
5194	adatu	needle	/ˈadatu/
5195	sliktākajā	worse; indefinite comparative degree of slikts	/ˈsliktaːːkajaː/
5196	velnu	the Devil; Satan	/ˈʋællnu/
5197	stāvot	standing; adverbial invariable present active participle of…	/ˈstaːʋuot/
5198	dzelmē	depth	/ˈdzellmeː/
5199	pateicība	gratitude, thankfulness	/ˈpateit͡siːba/
5200	gudrais	intelligent, wise	/ˈɡudrais/
5201	smieklu	laugh, laughter	/ˈsmieklu/
5202	bulli	bull	/ˈbulli/
5203	grīda	floor, flooring	/ˈɡriːda/
5204	ievainot	to wound, to injure	/ˈieʋaiːnuot/
5205	nestāvi	to not stand; negative form of stāvēt	/ˈnestaːʋi/
5206	saprāts	reason	/ˈsapraːts/
5207	skolnieks	schoolboy, pupil, student	/ˈskuolnieks/
5208	daļās	part	/ˈdaʎaːs/
5209	oktobris	the month of October	/ˈoktoːbris/
5210	karaspēku	army, forces, troops	/ˈkaraspæːku/
5211	neskaita	to not count; negative form of skaitīt	/ˈneskaita/
5212	dvīņu	twin	/ˈdʋiːɲu/
5213	augstumu	height, altitude	/ˈauɡstumu/
5214	pircēju	buyer, customer	/ˈpirt͡seːju/
5215	braucamais	to go, to ride	/ˈbraut͡samais/
5216	baudi	to enjoy, to savour	/ˈbaudi/
5217	cerējām	to hope	/ˈt͡særeːjaːm/
5218	vannu	bathtub, tub	/ˈʋannu/
5219	nākusi	having come; indefinite past active participle of nākt	/ˈnaːːkusi/
5220	vēlēšanu	election	/ˈʋeːleːʃanu/
5221	ņēmis	having taken; indefinite past active participle of ņemt	/ˈɲeːmis/
5222	glābju	to save death; to protect from death	/ˈɡlaːbju/
5223	omas	mood	/ˈuomas/
5224	maija	the month of May	/ˈmaijja/
5225	gādāt	to take care of, to see to, to provide	[ɡāːdâːt]
5226	federālais	federal	/ˈfedæraːlais/
5227	ekonomiku	economy	/ˈekonoːmiku/
5228	karalienei	queen	/ˈkaralieːnei/
5229	bedre	pit, hollow, depression	/ˈbedre/
5230	stāstījusi	having told, having narrated; indefinite past active…	/ˈstaːstiːjusi/
5231	pērc	to buy, to purchase	/ˈpæːrt͡s/
5232	ēdīšu	to eat	/ˈeːdiːʃu/
5233	garāža	garage	/ˈɡaraːʒa/
5234	rotaļlieta	toy, plaything	/ˈruotaʎlieta/
5235	neprasi	to not ask for, to not require, to not demand; negative…	/ˈneprasi/
5236	saldā	sweet	/ˈsalldaː/
5237	mušas	fly	/ˈmuʃas/
5238	jaunākās	younger, newer; indefinite comparative degree of jauns	/ˈjaunaːːkaːs/
5239	aktivizēt	to activate, to enable	/ˈaktiʋizeːt/
5240	velosipēdu	bicycle, bike	/ˈʋælosipæːdu/
5241	drošībai	safety	/ˈdruoʃiːbai/
5242	nemirst	to not die; negative form of mirt	/ˈnemirst/
5243	alās	cave	/ˈalaːs/
5244	tirgo	to sell, to vend goods, usually in the market, in a shop	/ˈtirɡuo/
5245	zābaku	boot	/ˈzaːbaku/
5246	jādzer	to drink	/ˈjaːdzær/
5247	banānu	banana tree	/ˈbanaːnu/
5248	nesaprast	to not understand; negative form of saprast	/ˈnesaprast/
5249	austrālijas	genitive singular of Austrālija	/ˈaustraːlijas/
5250	krūti	breast	/ˈkruːti/
5251	senā	ancient, old, of long ago	/ˈsænaː/
5252	karaspēks	army, forces, troops	[ˈkàɾaspæ̀ːks]
5253	cerēja	to hope	/ˈt͡særeːja/
5254	saimniekam	farmer, landowner	/ˈsaimniekam/
5255	kokos	tree	/ˈkuokuos/
5256	eksistences	existence, living, life, subsistence, survival	/ˈeksistent͡ses/
5257	rīkle	throat; pharynx	/ˈriːkle/
5258	rīklē	throat; pharynx	/ˈriːkleː/
5259	stāstiet	to tell, to narrate	/ˈstaːstiet/
5260	sociālās	social	/ˈsot͡siaːlaːs/
5261	leļļu	doll	/ˈleʎʎu/
5262	reālu	real	/ˈreaːlu/
5263	ātrāks	faster, quicker, more rapid; indefinite comparative degree…	/ˈaːtraːːks/
5264	seksuāli	sexual, sexually; adverbial form of seksuāls	/ˈseksuaːli/
5265	sportu	sport, sports	/ˈsportu/
5266	ciemiņš	guest, visitor	/ˈt͡siemiɲʃ/
5267	vienoti	unitedly; adverbial form of vienots	/ˈʋieːnuoti/
5268	kodolieroču	nuclear weapon	/ˈkuoduolieruot͡ʃu/
5269	vajadzība	need, necessary	/ˈʋa`ja`dziːba/
5270	radis	having found; indefinite past active participle of rast	/ˈradis/
5271	izglītība	education, formation	/ˈizɡliːtiːba/
5272	mētelis	overcoat	/ˈmeːtelis/
5273	spēlēm	play	/ˈspeːleːm/
5274	jahta	yacht	/ˈjahta/
5275	šausmīgas	horrible, terrible	/ˈʃausmiːɡas/
5276	neskaitot	not counting; adverbial invariable present active…	/ˈneskaituot/
5277	saldus	sweet	/ˈsalldus/
5278	zobārsta	dentist	/ˈzuobaːrsta/
5279	strupceļš	blind alley	/ˈstrupt͡seʎʃ/
5280	retu	thin, sparse	/ˈretu/
5281	skandāls	scandal	/ˈskaŋdaːls/
5282	strādās	to work	/ˈstraːdaːs/
5283	būsit	will be; second-person plural future indicative of būt	/ˈbuːsit/
5284	konkrēti	concrete, concretely; adverbial form of konkrēts	/ˈkonkreːti/
5285	idiote	idiot	/ˈidioːte/
5286	pacietīgs	patient	/ˈpat͡sietiːɡs/
5287	ēzelis	donkey	[ɛ̄ːzɛlis]
5288	draudzenēm	friend, girlfriend	/ˈdraudzeneːm/
5289	gaišā	bright	/ˈɡaiʃaː/
5290	gulēšu	to sleep, to be asleep	/ˈɡuleːʃu/
5291	pūces	owl	/ˈpuːt͡ses/
5292	gulēsi	to sleep, to be asleep	/ˈɡulæːsi/
5293	lapās	leaf	/ˈlapaːs/
5294	karaliskā	royal	/ˈkaraliskaː/
5295	atslēgām	key	/ˈatslæːɡaːm/
5296	nākotnei	future	/ˈnaːːkuotnei/
5297	decembris	the month of December	/ˈdet͡sembris/
5298	kļūdīties	to err, to make a mistake	/ˈkʎuːdiːties/
5299	šovasar	this summer	/ˈʃuoʋasar/
5300	drošas	brave, fearless, confident	/ˈdruoʃas/
5301	nerunāt	to not speak, to not talk; negative form of runāt	/ˈnerunaːt/
5302	balts	white	[bālts]
5303	zemūdens	underwater, submarine, subaquatic	/ˈzemuːdæns/
5304	salātus	lettuce	/ˈsalaːtus/
5305	lieliskais	great, wonderful expressing such characteristics	/ˈlielːiskais/
5306	aicināt	to invite	[aîtsinâːt]
5307	zobārstu	dentist	/ˈzuobaːrstu/
5308	datorus	computer	/ˈdatoːrus/
5309	klausa	to obey	/ˈklausa/
5310	abās	both	/ˈabaːs/
5311	pamatu	base, basis, foundation	/ˈpamatu/
5312	vads	pipe, tube, duct, chute	[vats]
5313	dzīvā	living, alive	/ˈdziːʋaː/
5314	mikrofons	microphone	/ˈmikrofoːns/
5315	progress	progress	/ˈproɡræss/
5316	brauciena	trip, ride, journey	/ˈbraut͡sieːna/
5317	metāls	metal	/ˈmetaːls/
5318	upurus	offering, sacrifice	/ˈupurus/
5319	seksuālās	sexual	/ˈseksuaːlaːs/
5320	nedzeršu	to not drink; negative form of dzert	/ˈnedzærʃu/
5321	jautāšu	to ask question, to inquire, to question	/ˈjautaːʃu/
5322	aktīvi	active, actively; adverbial form of aktīvs	/ˈaktiːʋi/
5323	tuva	close, near, nearby	/ˈtuʋa/
5324	irākā	locative singular of Irāka	/ˈiraːːkaː/
5325	distanci	interval	/ˈdistant͡si/
5326	asi	sharp, sharply; adverbial form of ass	/ˈasi/
5327	skaidras	clean, clear, bright, without clouds	/ˈskaidras/
5328	būtību	essence	/ˈbuːtiːbu/
5329	pilno	full	/ˈpillnuo/
5330	dalībnieks	participant	/ˈdaliːbnieks/
5331	sadursme	collision	/ˈsadursme/
5332	tanti	aunt	/ˈtanti/
5333	siltumu	heat	/ˈsiltumu/
5334	laukos	field	/ˈlaukuos/
5335	reta	thin, sparse	/ˈræta/
5336	silta	warm	/ˈsilta/
5337	izraēlas	genitive singular of Izraēla	/ˈizraæːlas/
5338	veiklāk	more agile, defter, more skillful, more agilely, more…	/ˈʋeiklaːːk/
5339	ticams	which can or should be believed; indefinite present passive…	/ˈtit͡sams/
5340	nedomāja	to not think; negative form of domāt	/ˈneduomaːja/
5341	dzerat	to drink	/ˈdzærat/
5342	galvassāpes	headache	/ˈɡallʋassaːpes/
5343	nodoklis	tax	/ˈnuoduoklis/
5344	rakstījis	having written; indefinite past active participle of rakstīt	/ˈrakstiːjis/
5345	min	to guess	/ˈmin/
5346	vāku	lid, movable cover	/ˈʋaːːku/
5347	neticēsiet	to not believe; negative form of ticēt	/ˈnetit͡seːsiet/
5348	dāsna	generous	/ˈdaːsna/
5349	nākošo	vocative/accusative/instrumental singular masculine/feminine	/ˈnaːːkuoʃuo/
5350	turpinātu	to continue, to go on doing, to not interrupt	/ˈturpinaːtu/
5351	mēslos	dung, manure, animal excrement	/ˈmæːsluos/
5352	parastās	normal, ordinary, plain	/ˈparastaːs/
5353	drīkstat	may; be allowed, authorized, have the right	/ˈdriːkstat/
5354	nestāv	to not stand; negative form of stāvēt	/ˈnestaːʋ/
5355	guļamistabas	bedroom	/ˈɡuʎamistabas/
5356	valdes	board	/vɑldes/
5357	turamie	nominative/vocative plural masculine of turamais	/ˈturamie/
5358	liegta	refused, prevented; indefinite past passive participle of…	/ˈlieɡta/
5359	modrību	vigilance, watchfulness, alertness	/ˈmuodriːbu/
5360	puķēm	flower	/ˈpuceːm/
5361	suga	species	[ˈsuɡa]
5362	vēlās	late	/ˈʋæːlaːs/
5363	rīsu	rice	/ˈriːsu/
5364	saulei	sun	/ˈsaulei/
5365	pūci	owl	/ˈpuːt͡si/
5366	ezers	lake	[æzæɾs]
5367	vislabākās	definite genitive feminine singular	/ʋiˈslabaːːkaːs/
5368	violetu	purple	/ˈʋiolætu/
5369	lēti	cheap, cheaply; adverbial form of lēts	/ˈlæːti/
5370	riņķi	circle	/ˈriɲci/
5371	uzdevu	to raise, to lift, e.g., hay, straw, etc	/ˈuzdæʋu/
5372	helikopteri	helicopter	/ˈhelikuopteri/
5373	valūtas	currency	/ˈʋaluːtas/
5374	karsto	hot	/ˈkarstuo/
5375	barot	to feed	/ˈbaruot/
5376	tukši	empty, emptily; adverbial form of tukšs	/ˈtukʃi/
5377	sišana	hitting, striking, beating; verbal noun of sist	/ˈsiʃana/
5378	radām	to find be present, in use, or in one's possession	/ˈradaːm/
5379	ražošanu	production, producing; verbal noun of ražot	/ˈraʒuoʃanu/
5380	aukstu	cold	/ˈaukstu/
5381	siltuma	heat	/ˈsiltuma/
5382	mironis	dead body, corpse	/ˈmiruonis/
5383	vecākie	older; indefinite comparative degree of vecs	/ˈʋæt͡saːːkie/
5384	vāciski	German, in German; adverbial form of vācisks	/ˈʋaːt͡siski/
5385	cēli	noble, loftily, sublimely; adverbial form of cēls	/ˈt͡sæːli/
5386	dūmus	smoke	/ˈduːmus/
5387	ēšanas	eating; verbal noun of ēst	/ˈeːʃanas/
5388	būtni	being, organism, creature	/ˈbuːtni/
5389	pupiem	teat	/ˈpupiem/
5390	profesora	professor	/ˈprofesoːra/
5391	trūks	to lack, to be in short supply, to not be available	/ˈtruːks/
5392	nemirs	to not die; negative form of mirt	/ˈnemirs/
5393	dziļu	deep	/ˈdziʎu/
5394	pareizāk	righter, more correct, more precise, more rightly, more…	/ˈpareizaːːk/
5395	centu	cent used with several currencies, among which the dollar…	/ˈt͡sentu/
5396	pīle	duck	[pīːlɛ]
5397	lūka	genitive singular of Lūks	/ˈluːka/
5398	atrodams	which can or should be found; indefinite present passive…	/ˈatruodams/
5399	devāt	to give	/ˈdæʋaːt/
5400	futbols	football	[fudbɔːls]
5401	sliktākā	worse; indefinite comparative degree of slikts	/ˈsliktaːːkaː/
5402	prezidente	president, female equivalent of prezidents	/ˈprezidente/
5403	izstāde	exhibition	/ˈizstaːde/
5404	aizstāvībai	defense	/ˈaizstaːʋiːbai/
5405	malai	edge, shore	/ˈmalai/
5406	politikas	politics	/ˈpolitikas/
5407	jāgādā	to take care of, to see to, to provide	/ˈjaːɡaːdaː/
5408	meklējis	having looked for, having searched, having sought;…	/ˈmekleːjis/
5409	tumšais	dark	/ˈtumʃais/
5410	garam	spirit	/ˈɡaram/
5411	labvakaru	good evening	/ˈlabʋakaru/
5412	sniegu	snow	/ˈsnieɡu/
5413	spalvu	feather	/ˈspallʋu/
5414	mikstūra	potion, concoction, draught	/ˈmikstuːra/
5415	astoņām	eight	/ˈastuoɲaːm/
5416	rīkot	to rule, to order, to command	[ˈɾìːkuɔ̯̂t]
5417	reliģiju	religion	/ˈreliɟiju/
5418	slaveno	famous, well-known, renowned	/ˈslaʋænuo/
5419	dzīvas	living, alive	/ˈdziːʋas/
5420	skandālu	scandal	/ˈskaŋdaːlu/
5421	eiro	euro	[ˈɛìɾɔ]
5422	slapjš	wet	[slapʲʃ]
5423	redzamas	which can or should be seen; indefinite present passive…	/ˈredzamas/
5424	prece	article, product, goods, wares, merchandise	/ˈpret͡se/
5425	skaitīšu	to count	/ˈskaitiːʃu/
5426	maksāsi	to pay	/ˈmaksaːsi/
5427	ēdi	to eat	/ˈæːdi/
5428	paklāju	carpet, rug, mat	/ˈpaklaːju/
5429	skūpsta	kiss	/ˈskuːpsta/
5430	terorismu	accusative/instrumental singular of terorisms	/ˈtærorismu/
5431	zaudēts	lost; indefinite past passive participle of zaudēt	/ˈzaudeːts/
5432	iestādē	institution, office, authority	/ˈiestaːdeː/
5433	stārks	alternative form of stārķis	/ˈstaːrks/
5434	deviņos	nine	/ˈdeʋiɲuos/
5435	kronis	crown, coronet	[kɾūōnis]
5436	dejoja	to dance	/ˈdejuoja/
5437	telefonam	telephone	/ˈtelefoːnam/
5438	nākamie	nominative/vocative plural masculine of nākamais	/ˈnaːːkamie/
5439	seno	ancient, old, of long ago	/ˈsænuo/
5440	kvalitāte	quality	/ˈkʋalitaːte/
5441	tirgonis	merchant, dealer, trader	/ˈtirɡonis/
5442	jauniem	having relatively low age, young, new	/ˈjauniem/
5443	universitāte	university, college	/ˈuniʋersitaːte/
5444	visskaistākā	definite genitive masculine singular	/ʋissˈkaistaːːkaː/
5445	rubīnu	ruby	/ˈrubiːnu/
5446	nerunājiet	to not speak, to not talk; negative form of runāt	/ˈnerunaːjiet/
5447	metodi	method	/ˈmetoːdi/
5448	pavēlnieka	master	/ˈpaʋeːllnieka/
5449	neņemot	not taking; adverbial invariable present active participle…	/ˈneɲemuot/
5450	spoža	bright	/ˈspuoʒa/
5451	kucēni	baby dog, puppy	/ˈkut͡sæːni/
5452	sarkanu	red	/ˈsarkanu/
5453	konkurss	contest, competition	[ˈkɔnkurs]
5454	bultas	arrow	/ˈbultas/
5455	raudu	roach	/ˈraudu/
5456	kalifornijā	californium	/ˈkalifornijaː/
5457	sievām	wife	/ˈsieʋaːm/
5458	spogulis	mirror	[spūōɡulis]
5459	ķēdi	chain	/ˈceːdi/
5460	dzejolis	poem	[ˈd͡zɛjɔlis]
5461	pilni	full	/ˈpillni/
5462	astoņdesmit	eighty	/ˈastuoɲdesmit/
5463	zīmuli	pencil	/ˈziːmuli/
5464	dieviete	goddess	/ˈdieʋiete/
5465	svešā	unknown, foreign	/ˈsʋeʃaː/
5466	dziļas	deep	/ˈdziʎas/
5467	muldēt	to twaddle	/ˈmulldeːt/
5468	aploksni	envelope	/ˈapluoksni/
5469	pirksta	finger, toe	/ˈpirksta/
5470	īgi	to be surly, sullen, angry	/ˈiːɡi/
5471	metode	method	/ˈmetoːde/
5472	reliģija	religion	/ˈreliɟija/
5473	zoba	tooth	/ˈzuoba/
5474	skaistākā	more beautiful; indefinite comparative degree of skaists	/ˈskaistaːːkaː/
5475	kaķim	domestic cat	/ˈkacim/
5476	lēns	slow	[læ̀ːns]
5477	dzejnieks	poet	/ˈdzejnieks/
5478	nedomāt	to not think; negative form of domāt	/ˈneduomaːt/
5479	kaps	grave	/ˈkaps/
5480	asiņainā	bloody	/ˈasiɲaiːnaː/
5481	telti	tent	/ˈtælti/
5482	tanks	tank	/ˈtaŋks/
5483	afganistānā	locative singular of Afganistāna	/ˈafɡanistaːnaː/
5484	gulēsim	to sleep, to be asleep	/ˈɡuleːsim/
5485	zirgā	horse	/ˈzirɡaː/
5486	malām	edge, shore	/ˈmalaːm/
5487	skaitļiem	number, quantity, figure	/ˈskaitʎiem/
5488	laukiem	field	/ˈlaukiem/
5489	saimnieki	farmer, landowner	/ˈsaimnieki/
5490	burbulis	bubble	/ˈburbulis/
5491	resna	thick	/ˈræsna/
5492	plecus	shoulder	/ˈplæt͡sus/
5493	skatītos	seen, looked; indefinite past passive participle of skatīt	/ˈskatiːtuos/
5494	laimīgās	happy	/ˈlaimiːɡaːs/
5495	vadus	pipe, tube, duct, chute	/ˈʋadus/
5496	vienos	at one o'clock	/ˈʋieːnuos/
5497	emocijām	emotion, emotions	/ˈæmoːt͡sijaːm/
5498	stars	ray, beam	/ˈstars/
5499	jautrāk	more cheerful, merrier, happier; indefinite comparative…	/ˈjautraːːk/
5500	aplī	circle, ring	/ˈapliː/
5501	slavenība	famous person, celebrity, celeb	/ˈslaʋeniːba/
5502	medus	honey	[ˈmædus]
5503	medu	honey	/ˈmedu/
5504	muļķīgs	stupid, foolish, dumb	/ˈmuʎciːɡs/
5505	upura	offering, sacrifice	/ˈupura/
5506	patvērums	asylum	/ˈpatʋæːrums/
5507	stāstiem	story	/ˈstaːstiem/
5508	ātrā	fast, quick, rapid	/ˈaːtraː/
5509	mīkla	dough	/ˈmiːkla/
5510	dzīt	to lead, to drive go faster, or in a certain direction	[dzīːt]
5511	līķa	dead body, corpse	/ˈliːca/
5512	uzdots	given as a task; indefinite past passive participle of uzdot	/ˈuzduots/
5513	rieksts	nut	/ˈrieksts/
5514	pelnus	ashes, cinders, embers	/ˈpællnus/
5515	faktiem	fact	/ˈfaktiem/
5516	rādītājs	part of a measuring instrument that moves to show the…	/ˈraːdiːtaːjs/
5517	laimīgākais	happier; indefinite comparative degree of laimīgs	/ˈlaimiːɡaːːkais/
5518	jaunākā	younger, newer; indefinite comparative degree of jauns	/ˈjaunaːːkaː/
5519	biedrība	society, group, organization	/ˈbiedriːba/
5520	rij	to swallow, to gulp down	/ˈrij/
5521	svešinieku	stranger	/ˈsʋeʃinieku/
5522	rietumi	west	/ˈrietumi/
5523	letes	counter	/ˈletes/
5524	dejotāju	dancer	/ˈdejuotaːju/
5525	guļam	to sleep, to be asleep	/ˈɡuʎam/
5526	varot	being able to; adverbial invariable present active…	/ˈʋaruot/
5527	izglītības	education, formation	/ˈizɡliːtiːbas/
5528	aizdot	to lend	/ˈaizduot/
5529	stulbeņi	stupid man	/ˈstullbeɲi/
5530	ieleja	valley	/ˈieleja/
5531	vjetnamā	locative singular of Vjetnama	/ˈʋjætnamaː/
5532	teļa	calf	/ˈteʎa/
5533	ēģiptes	genitive singular of Ēģipte	/ˈeːɟiptes/
5534	ausu	ear	/ˈausu/
5535	viesmīli	waiter person who serves visitors, clients at a restaurant,…	/ˈʋiesmiːli/
5536	pilsētām	city, town	/ˈpilsæːtaːm/
5537	virziens	direction	/ˈʋirziens/
5538	kurts	lit, ignited; indefinite past passive participle of kurt	/ˈkurts/
5539	lomas	role, part, character	/ˈluomas/
5540	zilie	blue color as, e.g., a clear sky	/ˈzilie/
5541	zils	blue color as, e.g., a clear sky	/ˈzils/
5542	atmiņām	memory	/ˈatmiɲaːm/
5543	cāļa	chick	/ˈt͡saːʎa/
5544	paņēmiens	method, technique, way	/ˈpaɲeːmiens/
5545	strādnieku	worker, workman, laborer	/ˈstraːdnieku/
5546	gatavību	readiness	/ˈɡataʋiːbu/
5547	kartupeļu	potato	/ˈkartupeʎu/
5548	ievest	to bring in, to lead in, to take in	/ˈieʋæst/
5549	skota	a Scot or Scotsman, a man from Scotland	/ˈskota/
5550	pievilt	to let down, disappoint	[piɛvːilt]
5551	burts	letter	[būrts]
5552	lielākie	bigger, larger, greater; indefinite comparative degree of…	/ˈlielːaːːkie/
5553	princeses	princess	/ˈprint͡seses/
5554	kodi	code	/ˈkuodi/
5555	sēdekļa	seat	/ˈseːdekʎa/
5556	vidusskola	secondary school	/ˈʋidusskuola/
5557	singapūrā	locative singular of Singapūra	/ˈsiŋɡapuːraː/
5558	laimīgo	happy	/ˈlaimiːɡuo/
5559	dzirdēts	heard; indefinite past passive participle of dzirdēt	/ˈdzirdeːts/
5560	tīrā	clean	/ˈtiːraː/
5561	hobijs	hobby	/ˈhobijs/
5562	studijā	studio, school	/ˈstudijaː/
5563	gludi	smooth, smoothly, without difficulties; adverbial form of…	/ˈɡludi/
5564	pieklājīgs	polite	/ˈpieklaːjiːɡs/
5565	viļņus	wave	/ˈʋiʎɲus/
5566	osta	port, harbor	[ˈūɔ̄sta]
5567	tīrīšanu	cleaning; verbal noun of tīrīt	/ˈtiːriːʃanu/
5568	eņģeļiem	angel	/ˈeɲɟeʎiem/
5569	minūtē	minute	/ˈminuːteː/
5570	aklais	blind incapable of seeing	/ˈaklais/
5571	novembrī	the month of November	/ˈnoʋembriː/
5572	burti	letter	/ˈburti/
5573	mūsos	in us; locative plural of mēs	/ˈmuːsuos/
5574	demokrātija	democracy	/ˈdæmokraːtija/
5575	redzēta	seen; indefinite past passive participle of redzēt	/ˈredzæːta/
5576	augstāka	higher, taller; indefinite comparative degree of augsts	/ˈauɡstaːːka/
5577	jauniešiem	a young man, between adolescence and adulthood	/ˈjaunieʃiem/
5578	robotiem	robot	/ˈrobotiem/
5579	šķidrumu	liquid, liquid substance, fluid	/ˈʃcidrumu/
5580	fantastika	fantastic literature, fantasy literature	[fantastika]
5581	aizmirsīsim	to forget	/ˈaizmirsiːsim/
5582	iedzeram	to drink, to have a drink	/ˈiedzæram/
5583	stulbās	stupid, dumb	/ˈstullbaːs/
5584	ķermenim	body	/ˈcærmenim/
5585	nākošā	coming; indefinite present active participle of nākt	/ˈnaːːkuoʃaː/
5586	hercoga	duke	/ˈhert͡soːɡa/
5587	mirušos	having died; indefinite past active participle of mirt	/ˈmiruʃuos/
5588	jūlijā	the month of July	/ˈjuːlijaː/
5589	neatrastu	to not find; negative form of atrast	/ˈneatrastu/
5590	sarkanas	red	/ˈsarkanas/
5591	līcis	bay	/ˈliːt͡sis/
5592	īstenot	to realize, to implement	/ˈiːstænuot/
5593	miroņi	dead body, corpse	/ˈmiruoɲi/
5594	dzeja	poetry	/ˈdzeja/
5595	vētrā	storm which causes strong waves and land damage	/ˈʋæːtraː/
5596	jāuzdod	to raise, to lift, e.g., hay, straw, etc	/ˈjaːuzduod/
5597	nedrīkstēja	to not be allowed, to not dare; negative form of drīkstēt	/ˈnedriːksteːja/
5598	skriešus	running, while running	/ˈskrieʃus/
5599	atriebības	revenge, vengeance	/ˈatriebiːbas/
5600	kodola	core, kernel	/ˈkuoduola/
5601	derīgs	useful, usable, fit, suitable, adapted, appropriate	/ˈderiːɡs/
5602	teiktais	to say, to tell	/ˈteiktais/
5603	būšot	to be, to exist	/ˈbuːʃuot/
5604	moments	moment	/ˈmoments/
5605	nedabūja	to not get, to not obtain, to not receive; negative form of…	/ˈnedabuːja/
5606	nemeklēju	first-person singular present/past indicative of nemeklēt	/ˈnemekleːju/
5607	strādniekiem	worker, workman, laborer	/ˈstraːdniekiem/
5608	tīrīšana	cleaning; verbal noun of tīrīt	/ˈtiːriːʃana/
5609	melojāt	to lie, to tell lies	/ˈmælojaːt/
5610	cīnītāji	fighter, combatant	/ˈt͡siːniːtaːji/
5611	atsākt	to resume	/ˈatsaːːkt/
5612	cieti	hard, solid, tight, solidly, tightly; adverbial form of…	/ˈt͡sieti/
5613	josta	belt	[ˈjuɔ̯̂sta]
5614	nebrauksi	to not go, to not ride; negative form of braukt	/ˈnebrauksi/
5615	lielākajām	bigger, larger, greater; indefinite comparative degree of…	/ˈlielːaːːkajaːm/
5616	laizīt	to lick	[ˈlaiziːt]
5617	rudenī	autumn	/ˈrudeniː/
5618	nenāciet	to not come; negative form of nākt	/ˈnenaːt͡siet/
5619	grāmatvedības	accounting	/ˈɡraːmatʋediːbas/
5620	bibliotēka	library	/ˈbiblioteːka/
5621	devas	portion	/ˈdæʋas/
5622	paslēp	to hide	/ˈpasleːp/
5623	vissliktākais	the worst; superlative degree of slikts	/ʋisˈsliktaːːkais/
5624	manīt	to notice	/ˈmaniːt/
5625	āru	exterior, outside	/ˈaːru/
5626	aizliedzu	first-person singular present/past indicative of aizliegt	/ˈaizliedzu/
5627	nebrauks	to not go, to not ride; negative form of braukt	/ˈnebrauks/
5628	gubernators	governor	/ˈɡubærnatoːrs/
5629	sazvērestības	conspiracy, plot	/ˈsaz-ʋeːrestiːbas/
5630	rags	horn	[ɾaks]
5631	krūze	mug	/ˈkruːze/
5632	dzēru	to drink	/ˈdzæːru/
5633	smita	genitive singular of Smits	/ˈsmita/
5634	jāteic	to say, to tell	/ˈjaːteit͡s/
5635	nenormāli	abnormal, abnormally; adverbial form of nenormāls	/ˈnenormaːli/
5636	jautās	to ask question, to inquire, to question	/ˈjautaːs/
5637	impērija	empire	/ˈimpeːrija/
5638	rūpnīca	factory, plant	/ˈruːpniːt͡sa/
5639	mazam	small, little size of other similar objects, beings, areas,…	/ˈmazam/
5640	sestdiena	Saturday	/ˈsestdieːna/
5641	izcilu	great, excellent, outstanding, brilliant	/ˈizt͡silu/
5642	pagrabs	cellar, basement	/ˈpaɡrabs/
5643	ministrijas	ministry, government department	/ˈministrijas/
5644	runājusi	having spoken, having talked; indefinite past active…	/ˈrunaːjusi/
5645	bībelē	a bible, a copy of the Bible	/ˈbiːbeleː/
5646	nemainīs	to not change; negative form of mainīt	/ˈnemaiːniːs/
5647	studijas	studio, school	/ˈstudijas/
5648	meklēsim	to search for, to look for	/ˈmekleːsim/
5649	izteiksme	expression	/ˈizteiksme/
5650	pasts	mail, post	[pasts]
5651	irānas	genitive singular of Irāna	/ˈiraːnas/
5652	galamērķis	destination, final destination	/ˈɡalameːrcis/
5653	jautru	cheerful, merry, happy	/ˈjautru/
5654	eļļa	oil	[æʎːa]
5655	dzērājs	drinker	/ˈdzæːraːjs/
5656	statuja	statue	/ˈstatuja/
5657	mīlēs	to love, to feel love for	/ˈmiːleːs/
5658	dzeršanu	drinking; verbal noun of dzert	/ˈdzærʃanu/
5659	milzis	giant	[mîlzis]
5660	gaita	course	/ˈɡaita/
5661	stāvēs	to stand	/ˈstaːʋeːs/
5662	neteiks	to not say, to not tell; negative form of teikt	/ˈneteiks/
5663	atvainosiet	to accept someone's apology, to excuse, to forgive	/ˈatʋaiːnuosiet/
5664	nelaimīgs	unhappy	/ˈnelaimiːɡs/
5665	vēstulē	letter	/ˈʋæːstuleː/
5666	zāģētavu	sawmill	/ˈzaːɟæːtaʋu/
5667	ārstniecības	medicine	/ˈaːrstniet͡siːbas/
5668	barā	crowd	/ˈbaraː/
5669	zebiekste	weasel	/ˈzebiekste/
5670	uzdodu	to raise, to lift, e.g., hay, straw, etc	/ˈuzduodu/
5671	ārzemēs	abroad; foreign countries, lands	/ˈaːrzemeːs/
5672	tinti	ink	/ˈtinti/
5673	pulkstens	clock, watch; alternative form of pulkstenis	[pùlkstæns]
5674	tukšām	empty	/ˈtukʃaːm/
5675	muļķīgu	stupid, foolish, dumb	/ˈmuʎciːɡu/
5676	vjetnamas	genitive singular of Vjetnama	/ˈʋjætnamas/
5677	miršanas	dying; verbal noun of mirt	/ˈmirʃanas/
5678	dies	to dance	/ˈdies/
5679	zinātni	science	/ˈzinaːtni/
5680	kluso	soft, quiet, silent	/ˈklusuo/
5681	neprasu	to not ask for, to not require, to not demand; negative…	/ˈneprasu/
5682	sapratīšu	to understand	/ˈsapratiːʃu/
5683	jautājumā	question; inquiry	/ˈjautaːjumaː/
5684	tīrīt	to clean	/ˈtiːriːt/
5685	personisks	personal	/ˈpersoːnisks/
5686	dzirdes	hearing	/ˈdzirdes/
5687	maikla	genitive singular of Maikls	/ˈmaikla/
5688	dzīvoji	to live, to be alive	/ˈdziːʋuoji/
5689	skapi	wardrobe; cupboard; closet; shelf	/ˈskapi/
5690	materiāls	material	/ˈmateriaːls/
5691	kalpi	farmhand, farm laborer, servant	/ˈkalpi/
5692	kurpēm	shoes with heels and hard soles, covering the foot but not…	/ˈkurpeːm/
5693	akmeņu	stone, rock	/ˈakmeɲu/
5694	četrpadsmit	fourteen	/ˈt͡ʃetrpadsmit/
5695	džordžam	dative singular of Džordžs	/ˈdʐordʐam/
5696	neceru	to not hope; negative form of cerēt	/ˈnet͡seru/
5697	barību	food, nutrients	/ˈbariːbu/
5698	cietoksni	fortress	/ˈt͡sietuoksni/
5699	starptautiskā	international	/ˈstarptautiskaː/
5700	neatradīsiet	to not find; negative form of atrast	/ˈneatradiːsiet/
5701	stipras	strong	/ˈstipras/
5702	puķi	flower	/ˈpuci/
5703	diennakts	day	[dìɛnnakts]
5704	patiesais	true, sincere, authentic	/ˈpatiesais/
5705	indijā	indium	/ˈiŋdijaː/
5706	jods	iodine	[joːts]
5707	vilni	wave	/ˈʋillni/
5708	bēdīgs	sad	/ˈbeːdiːɡs/
5709	spoži	bright, shiny, brilliant, brightly, shinily, brilliantly;…	/ˈspuoʒi/
5710	naža	knife	/ˈnaʒa/
5711	sveicieni	greeting, salutation	/ˈsʋeit͡sieːni/
5712	organisms	organism	/ˈorɡanism̩s/
5713	savienojums	connection, link, join	/ˈsaʋieːnuojums/
5714	lieks	odd	/ˈlieks/
5715	laipnību	kindness, friendliness, warmth	/ˈlaipniːbu/
5716	smieklīgu	funny, humorous, amusing	/ˈsmiekliːɡu/
5717	ministrijā	ministry, government department	/ˈministrijaː/
5718	atrodat	to find	/ˈatruodat/
5719	mazāks	smaller, littler; indefinite comparative degree of mazs	/ˈmazaːːks/
5720	rase	race	/ˈrase/
5721	pludmale	beach	[pludmalɛ]
5722	saprotami	which can or should be understood; indefinite present…	/ˈsapruotami/
5723	skaitļus	number, quantity, figure	/ˈskaitʎus/
5724	humors	humor	/ˈhumoːrs/
5725	karstuma	heat	/ˈkarstuma/
5726	maini	to change, to exchange	/ˈmaiːni/
5727	gaumi	taste	/ˈɡaumi/
5728	augstums	height, altitude	/ˈauɡstums/
5729	jāstāv	to stand	/ˈjaːstaːʋ/
5730	tehnika	technology	[ˈtɛxnika]
5731	matemātiku	mathematics	/ˈmatæmaːtiku/
5732	slimi	sick; adverbial form of slims	/ˈslimi/
5733	jautājuma	question; inquiry	/ˈjautaːjuma/
5734	šķērslis	obstacle, barrier	[ʃcɛ̀ːɾslis]
5735	nolūks	intention, purpose	/ˈnuoluːks/
5736	pavārs	cook	/ˈpaʋaːrs/
5737	iestāžu	institution, office, authority	/ˈiestaːʒu/
5738	personība	personality	/ˈpersoːniːba/
5739	dumji	stupid, foolish, stupidly, foolishly; adverbial form of…	/ˈdumji/
5740	sapratusi	having understood; indefinite past active participle of…	/ˈsapratusi/
5741	nejautāju	first-person singular present/past indicative of nejautāt	/ˈnejautaːju/
5742	garšīga	tasty	/ˈɡarʃiːɡa/
5743	klosterī	monastery, cloister, convent	/ˈkluosteriː/
5744	foršas	cool, good, fine, great, attractive	/ˈforʃas/
5745	pierē	forehead	/ˈpiereː/
5746	bumbai	ball	/ˈbumbai/
5747	lāča	bear	/ˈlaːt͡ʃa/
5748	torija	thorium	/ˈtoːrija/
5749	atpūta	rest, break	/ˈatpuːta/
5750	mīts	myth	[mīːts]
5751	darbos	work, job, business	/ˈdarbuos/
5752	izpildītājs	executor, performer, doer	/ˈizpilldiːtaːjs/
5753	resno	thick	/ˈræsnuo/
5754	baram	scolding; adverbial object-of-perception present active…	/ˈbaram/
5755	tuksneša	desert	/ˈtuksneʃa/
5756	jautājiet	to ask question, to inquire, to question	/ˈjautaːjiet/
5757	došanos	giving oneself, going; verbal noun of doties	/ˈduoʃanuos/
5758	kārtot	to put in order	/ˈkaːrtuot/
5759	karavīrus	soldier	/ˈkaraʋiːrus/
5760	mazām	small, little size of other similar objects, beings, areas,…	/ˈmazaːm/
5761	atrastas	found; indefinite past passive participle of atrast	/ˈatrastas/
5762	spoguli	mirror	/ˈspuoɡuli/
5763	senos	ancient, old, of long ago	/ˈsænuos/
5764	ugunskura	fire, bonfire, campfire	/ˈuɡunskura/
5765	notikuma	event, happening, occurrence, incident	/ˈnuotikuma/
5766	zoda	chin	/ˈzuoda/
5767	indijas	genitive singular of Indija	/ˈiŋdijas/
5768	kļūstam	to become	/ˈkʎuːstam/
5769	picas	pizza	/ˈpit͡sas/
5770	zupas	soup	/ˈzupas/
5771	ārzemju	abroad; foreign countries, lands	/ˈaːrzemju/
5772	atriebt	to avenge	/ˈatriebt/
5773	neejiet	to not go; negative form of iet	/ˈneejiet/
5774	gadsimtus	century	/ˈɡadsimtus/
5775	eļļas	oil	/ˈeʎʎas/
5776	zagļa	thief	/ˈzaɡʎa/
5777	draudzīga	friendly	/ˈdraudziːɡa/
5778	gādājiet	to take care of, to see to, to provide	/ˈɡaːdaːjiet/
5779	turamā	which can or should be held, kept; indefinite present…	/ˈturamaː/
5780	oma	mood	[uōma]
5781	helikopterā	helicopter	/ˈhelikuopteraː/
5782	slepenība	secret, secrecy	/ˈslæpeniːba/
5783	dzēra	to drink	/ˈdzæːra/
5784	devušies	having given oneself, having gone; indefinite past active…	/ˈdæʋuʃies/
5785	brazīlijas	genitive singular of Brazīlija	/ˈbraziːlijas/
5786	stādīt	to plant in the soil so that it grows	[stāːdîːt]
5787	septembrī	the month of September	/ˈseptembriː/
5788	sveša	unknown, foreign	/ˈsʋeʃa/
5789	slimais	sick, ill, diseased	/ˈslimais/
5790	tumša	dark	/ˈtumʃa/
5791	tīrīšanas	cleaning; verbal noun of tīrīt	/ˈtiːriːʃanas/
5792	zaudēto	vocative/accusative/instrumental singular masculine/feminine	/ˈzaudæːtuo/
5793	pārdevējs	shop assistant	/ˈpaːrdæʋeːjs/
5794	paklāja	carpet, rug, mat	/ˈpaklaːja/
5795	pasi	passport	/ˈpasi/
5796	klavieres	piano	/ˈklaʋieres/
5797	teltī	tent	/ˈteltiː/
5798	zīmulis	pencil	[zìːmulis]
5799	mēle	tongue	[mɛ̀ːlɛ]
5800	seksuālas	sexual	/ˈseksuaːlas/
5801	sveikt	to greet, to welcome	/ˈsʋeikt/
5802	atbalsts	prop, support	/ˈatbalsts/
5803	nagus	fingernail fingertip	/ˈnaɡus/
5804	bargs	severe, intense, harsh	/ˈbarɡs/
5805	zinātnieku	scientist, scholar	/ˈzinaːtnieku/
5806	sperma	sperm, semen	/ˈspærma/
5807	lētu	cheap	/ˈlæːtu/
5808	jāsargā	to protect, to guard	/ˈjaːsarɡaː/
5809	jaunekli	unmarried young man	/ˈjaunekli/
5810	kurpi	shoes with heels and hard soles, covering the foot but not…	/ˈkurpi/
5811	cigarete	cigarette, ciggy	/ˈt͡siɡarete/
5812	reāls	real	/ˈreaːls/
5813	muskuļu	muscle	/ˈmuskuʎu/
5814	mandarīna	tangerine, mandarin orange	/ˈmaŋdariːna/
5815	turpmāko	next, further, coming, following, subsequent, future, of…	/ˈturpmaːːkuo/
5816	lēts	cheap	[lǣːts]
5817	plecā	shoulder	/ˈplæt͡saː/
5818	sīka	tiny, little, small	/ˈsiːka/
5819	jaukākais	nicer, more pleasant; indefinite comparative degree of jauks	/ˈjaukaːːkais/
5820	vielu	matter, substance; material	/ˈʋielu/
5821	kilogramu	kilogram	/ˈkiloɡramu/
5822	garšos	to taste good, to please	/ˈɡarʃuos/
5823	vērtīgas	valuable, precious, expensive	/ˈʋeːrtiːɡas/
5824	frizūra	hairstyle, hairdo	/ˈfrizuːra/
5825	kļūstot	to become	/ˈkʎuːstuot/
5826	viļņa	wave	/ˈʋiʎɲa/
5827	vēstuļu	letter	/ˈʋæːstuʎu/
5828	dzīviem	living, alive	/ˈdziːʋiem/
5829	ziņkārīga	curious, inquisitive	/ˈziɲkaːriːɡa/
5830	astē	tail	/ˈasteː/
5831	patriots	patriot	/ˈpatriuots/
5832	smalks	fine	/ˈsmalks/
5833	literatūru	literature	/ˈlitæratuːru/
5834	spēcīgāks	strong	/ˈspeːt͡siːɡaːːks/
5835	turēsi	to hold	/ˈturæːsi/
5836	meklējāt	to search for, to look for	/ˈmekleːjaːt/
5837	zaļi	green, greenish; adverbial form of zaļš	/ˈzaʎi/
5838	klintīm	rock, cliff	/ˈklintiːm/
5839	veikls	agile, dexterous, deft, neat, skillful, precise	[vɛ͜ikls]
5840	telefoni	telephone	/ˈtelefoːni/
5841	kaulam	bone	/ˈkaulam/
5842	ņēmāt	to take; to seize with one's hands for some purpose	/ˈɲeːmaːt/
5843	pērkons	thunder	[ˈpæ̀ːɾkuɔ̂ns]
5844	pūķus	in old Latvian mythology, a household spirit that could be…	/ˈpuːcus/
5845	dosiet	to give	/ˈduosiet/
5846	senajā	ancient, old, of long ago	/ˈsænajaː/
5847	ķivere	helmet, hard hat	/ˈciʋere/
5848	tumšie	dark	/ˈtumʃie/
5849	algotnis	mercenary	/ˈallɡuotnis/
5850	zābakus	boot	/ˈzaːbakus/
5851	devītais	ninth	/ˈdeʋiːtais/
5852	itālijas	genitive singular of Itālija	/ˈitaːlijas/
5853	variet	can; to be able to	/ˈʋariet/
5854	sliktāku	worse; indefinite comparative degree of slikts	/ˈsliktaːːku/
5855	neredzama	not visible, which cannot or should not be seen; indefinite…	/ˈneredzama/
5856	vāks	lid, movable cover	[ˈvâːks]
5857	pārtika	foodstuffs, provisions, groceries	/ˈpaːrtika/
5858	zirgam	horse	/ˈzirɡam/
5859	nacionālo	national	/ˈnat͡sioːnaːluo/
5860	ticami	believably; adverbial form of ticams	/ˈtit͡sami/
5861	mātēm	mother	/ˈmaːteːm/
5862	pimpis	penis; dick, cock, prick	/ˈpimpis/
5863	radīsim	to find be present, in use, or in one's possession	/ˈradiːsim/
5864	čemodānu	suitcase, trunk	/ˈt͡ʃemodaːnu/
5865	aicināja	to invite	/ˈait͡sinaːja/
5866	netraucēs	to not disturb, to not bother, to not interfere with;…	/ˈnetraut͡seːs/
5867	itāliju	accusative/instrumental singular of Itālija	/ˈitaːliju/
5868	krams	flint	/ˈkrams/
5869	mazuļa	little child, little one, baby	/ˈmazuʎa/
5870	bieza	thick, dense	/ˈbieza/
5871	mērce	sauce	/ˈmeːrt͡se/
5872	istabās	room	/ˈistabaːs/
5873	ciemata	synonym of ciems	/ˈt͡siemata/
5874	titāna	titanium	/ˈtitaːna/
5875	jāatver	to open so as to make the space behind it accessible	/ˈjaːatʋær/
5876	omā	mood	/ˈuomaː/
5877	mazmeita	granddaughter	/ˈmazmeita/
5878	žīds	Yid, Yiddo	[ˈʒīːds]
5879	trīspadsmit	thirteen	/ˈtriːspadsmit/
5880	devusies	having given oneself, having gone; indefinite past active…	/ˈdæʋusies/
5881	atvērsim	to open so as to make the space behind it accessible	/ˈatʋeːrsim/
5882	audzināt	to raise, to bring up, to educate	/ˈaudzinaːt/
5883	pilsoņiem	citizen	/ˈpilsuoɲiem/
5884	kļūstat	to become	/ˈkʎuːstat/
5885	locekļu	limb, member	/ˈluot͡sekʎu/
5886	balodis	pigeon, dove	/ˈbaluodis/
5887	kaķus	domestic cat	/ˈkacus/
5888	vainoju	first-person singular present/past indicative of vainot	/ˈʋaiːnuoju/
5889	maijs	the month of May	/ˈmaijjs/
5890	februāris	the month of February	/ˈfebruaːris/
5891	realitātes	reality	/ˈrealitaːtes/
5892	piektdiena	Friday	/ˈpiektdieːna/
5893	staru	ray, beam	/ˈstaru/
5894	direktoru	director administrator or manager in an institution or…	/ˈdirektoːru/
5895	labus	good following accepted moral rules, treating others in a…	/ˈlabus/
5896	brīvprātīgais	volunteer	/ˈbriːʋpraːtiːɡais/
5897	bērnību	childhood	/ˈbeːrniːbu/
5898	kanāla	channel; canal	/ˈkanaːla/
5899	būtnēm	being, organism, creature	/ˈbuːtneːm/
5900	rast	to find be present, in use, or in one's possession	[ɾast]
5901	slēpjat	to hide, to conceal so that others cannot see or find it,…	/ˈsleːpjat/
5902	dodam	to give	/ˈduodam/
5903	ziemai	winter	/ˈziemai/
5904	cimdi	glove	/ˈt͡simdi/
5905	dzemdēt	to give birth	/ˈdzemdeːt/
5906	teiktā	said, told; indefinite past passive participle of teikt	/ˈteiktaː/
5907	izskatīt	to consider	/ˈizskatiːt/
5908	papīriem	paper	/ˈpapiːriem/
5909	normas	norm	/ˈnoːrmas/
5910	nenāca	to not come; negative form of nākt	/ˈnenaːt͡sa/
5911	klintis	rock, cliff	/ˈklintis/
5912	dzeniet	to lead, to drive go faster, or in a certain direction	/ˈdzeniet/
5913	pretinieki	opponent, adversary	/ˈpretinieki/
5914	patiesībai	truth	/ˈpatiesiːbai/
5915	iztēle	imagination	/ˈizteːle/
5916	pērn	last year	[pǣːɾn]
5917	dziediet	to sing	/ˈdziediet/
5918	vergus	slave, bondman	/ˈʋærɡus/
5919	cepums	something roasted, fried, baked	[t͡sæpːums]
5920	spaini	bucket, pail	/ˈspaiːni/
5921	segas	blanket, quilt	/ˈsæɡas/
5922	svešs	unknown, foreign	[svɛʃ]
5923	karavīru	soldier	/ˈkaraʋiːru/
5924	smaidīt	to smile	[smāīdîːt]
5925	ražo	to produce	/ˈraʒuo/
5926	netur	to not hold, to not keep; negative form of turēt	/ˈnetur/
5927	aizstāv	to defend	/ˈaizstaːʋ/
5928	segu	blanket, quilt	/ˈsæɡu/
5929	puisēns	little boy	/ˈpuisæːns/
5930	nemirsti	to not die; negative form of mirt	/ˈnemirsti/
5931	āzijas	genitive singular of Āzija	/ˈaːzijas/
5932	baltajā	white	/ˈbaltajaː/
5933	melos	lie, falsehood, untruth	/ˈmæluos/
5934	guļamistabu	bedroom	/ˈɡuʎamistabu/
5935	lepna	proud, haughty	/ˈlæpna/
5936	rūpēm	worries, concern	/ˈruːpeːm/
5937	cauru	having a hole or holes	/ˈt͡sauru/
5938	prostitūtu	prostitute	/ˈprostituːtu/
5939	karaļi	king	/ˈkaraʎi/
5940	jāzaudē	to lose	/ˈjaːzaudeː/
5941	nabags	poor man, pauper	/ˈnabaɡs/
5942	reliģijas	religion	/ˈreliɟijas/
5943	vēstulēm	letter	/ˈʋæːstuleːm/
5944	atkritumi	rubbish, trash, scrap	/ˈatkritumi/
5945	plašāk	wider, more spacious, more widely, more spaciously;…	/ˈplaʃaːːk/
5946	vājprātīgs	crazy, mad, insane	/ˈʋaːjpraːtiːɡs/
5947	ārējo	external, outside, outer	/ˈaːreːjuo/
5948	riktīgi	right, correct, rightly, correctly; adverbial form of…	/ˈriktiːɡi/
5949	pāreju	crossing, pass	/ˈpaːreju/
5950	tipisks	typical	/ˈtipisks/
5951	slavenā	famous, well-known, renowned	/ˈslaʋænaː/
5952	garus	spirit	/ˈɡarus/
5953	tonnu	ton	/ˈtonnnu/
5954	lepni	proud, proudly; adverbial form of auksts	/ˈlæpni/
5955	autā	put on; indefinite past passive participle of aut	/ˈautaː/
5956	parastais	normal, ordinary, plain	/ˈparastais/
5957	rītdienu	tomorrow	/ˈriːtdieːnu/
5958	baro	to feed	/ˈbaruo/
5959	cāli	chick	/ˈt͡saːli/
5960	kanāls	channel; canal	/ˈkanaːls/
5961	nemelošu	to not lie, to not tell lies; negative form of melot	/ˈnemæluoʃu/
5962	netīrās	dirty	/ˈnetiːraːs/
5963	pavasaris	spring	[ˈpavasːaɾis]
5964	plati	wide, broad, widely, broadly; adverbial form of plats	/ˈplati/
5965	nāciju	nation	/ˈnaːt͡siju/
5966	šķidrums	liquid, liquid substance, fluid	/ˈʃcidrums/
5967	nabagiem	poor man, pauper	/ˈnabaɡiem/
5968	neatradām	to not find; negative form of atrast	/ˈneatradaːm/
5969	jaunajai	having relatively low age, young, new	/ˈjaunajai/
5970	glābj	to save death; to protect from death	/ˈɡlaːbj/
5971	paslēpt	to hide	[paslɛ̀ːpt]
5972	janvārī	the month of January	/ˈjanʋaːriː/
5973	zemēs	ground, land, mainland	/ˈzemeːs/
5974	režīms	regime	[ˈɾɛʒīːms]
5975	pieri	forehead	/ˈpieri/
5976	sūdos	shit	/ˈsuːduos/
5977	vienotos	united, linked; indefinite past passive participle of vienot	/ˈʋieːnuotuos/
5978	dīvainības	strangeness, oddness, peculiarity	/ˈdiːʋaiːniːbas/
5979	laivām	boat	/ˈlaiʋaːm/
5980	vecai	old	/ˈʋæt͡sai/
5981	nedzeru	to not drink; negative form of dzert	/ˈnedzeru/
5982	neeju	to not go; negative form of iet	/ˈneeju/
5983	bagātie	rich, wealthy	/ˈbaɡaːtie/
5984	noslēpumainā	secretive, mysterious	/ˈnuoslæːpumaiːnaː/
5985	degunā	nose	/ˈdæɡunaː/
5986	arābi	Arab, a man belonging to the Arabic people or from an…	/ˈaraːbi/
5987	vau	woof	/ˈʋau/
5988	ričardu	accusative/instrumental singular of Ričards	/ˈrit͡ʃardu/
5989	ēdieni	food prepared for consumption; meal; dish	/ˈeːdieːni/
5990	bēdīga	sad	/ˈbeːdiːɡa/
5991	strādnieks	worker, workman, laborer	/ˈstraːdnieks/
5992	kaka	poo	/ˈkaka/
5993	sēklu	seed, pip	/ˈseːklu/
5994	daļām	part	/ˈdaʎaːm/
5995	elkoni	vocative/instrumental/accusative singular of elkonis	/ˈelkuoni/
5996	vislielākā	definite genitive masculine singular	/ʋiˈslielːaːːkaː/
5997	dibens	bottom, lower part, base	[ˈdibæns]
5998	makā	little purse, wallet, pouch	/ˈmakaː/
5999	baltas	white	/ˈbaltas/
6000	atpūtu	rest, break	/ˈatpuːtu/
6001	melojat	to lie, to tell lies	/ˈmælojat/
6002	drošās	brave, fearless, confident	/ˈdruoʃaːs/
6003	studiju	studio, school	/ˈstudiju/
6004	iekļuvi	to get into, to enter somewhere	/ˈiekʎuʋi/
6005	notis	note	/ˈnuotis/
6006	kabelis	cable	/ˈkabelis/
6007	statuss	status	/ˈstatuss/
6008	sešdesmit	sixty	/ˈseʃdesmit/
6009	aizliedz	to prohibit, to forbid	/ˈaizliedz/
6010	nedabū	to not get, to not obtain, to not receive; negative form of…	/ˈnedabuː/
6011	dzersim	to drink	/ˈdzersim/
6012	kaķiem	domestic cat	/ˈkaciem/
6013	krūts	breast	/ˈkruːts/
6014	pilnmēness	full moon	/ˈpillnmeːness/
6015	būda	hut, shack, hovel, shanty	/ˈbuːda/
6016	plecs	shoulder	/ˈplæt͡ss/
6017	strādājusi	having worked; indefinite past active participle of strādāt	/ˈstraːdaːjusi/
6018	klātbūtne	presence	/ˈklaːtbuːtne/
6019	braucienam	trip, ride, journey	/ˈbraut͡sieːnam/
6020	vietnieks	replacement, substitute	/ˈʋietnieks/
6021	taka	path	[ˈtakːa]
6022	dzērieniem	drink, beverage	/ˈdzeːrieːniem/
6023	gājusi	having gone; indefinite past active participle of iet	/ˈɡaːjusi/
6024	slapja	wet	/ˈslapja/
6025	remonts	renovation, repair	/ˈræmonts/
6026	septembra	the month of September	/ˈseptembra/
6027	dzīvojot	to live, to be alive	/ˈdziːʋuojuot/
6028	redze	vision, eyesight	/ˈredze/
6029	jaunajām	having relatively low age, young, new	/ˈjaunajaːm/
6030	trakāk	madder, crazier, more madly, more crazily; adverbial form…	/ˈtrakaːːk/
6031	joka	joke, jest	/ˈjuoka/
6032	baznīcai	church	/ˈbaz-niːt͡sai/
6033	dzīvēs	life	/ˈdziːʋeːs/
6034	apjoms	bulk	/ˈapjuoms/
6035	dalīt	to divide, to split	[ˈdalîːt]
6036	gredzeni	ring	/ˈɡrædzæni/
6037	ielejas	valley	/ˈielejas/
6038	ķiveri	helmet, hard hat	/ˈciʋeri/
6039	ņemat	to take; to seize with one's hands for some purpose	/ˈɲæmat/
6040	dubļi	mud	/ˈdubʎi/
6041	liesma	flame, visible part of fire	/ˈliesma/
6042	domāšanas	thinking; verbal noun of domāt	/ˈduomaːʃanas/
6043	lielākajiem	bigger, larger, greater; indefinite comparative degree of…	/ˈlielːaːːkajiem/
6044	viljamu	accusative/instrumental singular of Viljams	/ˈʋilljamu/
6045	guļat	to sleep, to be asleep	/ˈɡuʎat/
6046	aizvietot	to replace	[aizviɛtɔt]
6047	bišu	bee	/ˈbiʃu/
6048	vēsi	coolly, coldly; adverbial form of vēss	/ˈʋæːsi/
6049	ienaidniekam	enemy, opponent, adversary, foe	/ˈieːnaidniekam/
6050	pietikt	to suffice, to be enough	/ˈpietikt/
6051	apvienot	to unite, to combine, bring together	[ɑbviɛ̯̂nuô̯t]
6052	neņemu	to not take; negative form of ņemt	/ˈneɲæmu/
6053	nepalīdzēsi	to not help; negative form of palīdzēt	/ˈnepaliːdzæːsi/
6054	devuši	having given; indefinite past active participle of dot	/ˈdæʋuʃi/
6055	cilvēkā	person, human being	/ˈt͡sillʋæːkaː/
6056	lēnu	slow	/ˈlæːnu/
6057	saldo	sweet	/ˈsalldoː/
6058	variantu	version, variant, option	/ˈʋariantu/
6059	iekārta	system	/ˈiekaːrta/
6060	ēnā	shadow	/ˈæːnaː/
6061	āmurs	hammer	[āːmuɾs]
6062	ziemeļamerikas	genitive singular of Ziemeļamerika	/ˈziemeʎamerikas/
6063	gādāju	first-person singular present/past indicative of gādāt	/ˈɡaːdaːju/
6064	tipu	type	/ˈtipu/
6065	ledū	ice	/ˈlæduː/
6066	strādājāt	to work	/ˈstraːdaːjaːt/
6067	spānijas	genitive singular of Spānija	/ˈspaːnijas/
6068	audzē	to grow, to raise so that it grows	/ˈaudzeː/
6069	pašreizējā	current, present	/ˈpaʃreizeːjaː/
6070	skolai	school	/ˈskuolai/
6071	papa	dad, daddy	[ˈpapːa]
6072	alga	salary, wage	/ˈallɡa/
6073	murgu	nightmare	/ˈmurɡu/
6074	gulbju	swan	/ˈɡulbju/
6075	amerikai	dative singular of Amerika	/ˈamerikai/
6076	spārnos	wing	/ˈspaːrnuos/
6077	došanās	giving oneself, going; verbal noun of doties	/ˈduoʃanaːs/
6078	skuķis	girl, young woman	[ˈskucːis]
6079	spānijā	locative singular of Spānija	/ˈspaːnijaː/
6080	dzīslās	blood vessel	/ˈdziːslaːs/
6081	bauda	enjoyment, pleasure	/ˈbauda/
6082	romāns	novel	/ˈromaːns/
6083	partijas	political party	/ˈpartijas/
6084	miroņiem	dead body, corpse	/ˈmiruoɲiem/
6085	vēlēšanām	election	/ˈʋeːleːʃanaːm/
6086	vajadzību	need, necessary	/ˈʋa`ja`dziːbu/
6087	aparātu	device, appliance, set, machine, contraption	/ˈaparaːtu/
6088	vestu	to lead	/ˈʋæstu/
6089	naivs	naive	/ˈnaiʋs/
6090	aizsargs	defender	/ˈaizsarɡs/
6091	astoņpadsmit	eighteen	/ˈastuoɲpadsmit/
6092	nenormāls	abnormal, unusual	/ˈnenormaːls/
6093	tāls	far, far away, distant	[tâːls]
6094	temats	subject, topic	/ˈtæmats/
6095	tabaka	tobacco	[tabaka]
6096	mīksts	soft	[mîːksts]
6097	šodienu	today, this day	/ˈʃuodieːnu/
6098	daiļā	very beautiful, lovely, exquisite	/ˈdaiʎaː/
6099	izpratne	realization	/ˈizpratne/
6100	eksāmens	examination, exam	/ˈeksaːmæns/
6101	īpašība	essential, typical feature, trait, characteristic, property	[īːpaʃìːba]
6102	zobs	tooth	[ˈzùɔps]
6103	dziedātāja	singer, person who sings	/ˈdziedaːtaːja/
6104	pediņš	faggot	/ˈpediɲʃ/
6105	skaita	to count	/ˈskaita/
6106	īsā	short	/ˈiːsaː/
6107	trakie	mad, rabid	/ˈtrakie/
6108	ātra	fast, quick, rapid	/ˈaːtra/
6109	metam	to throw	/ˈmetam/
6110	briedi	deer, stag	/ˈbriedi/
6111	lapā	leaf	/ˈlapaː/
6112	kaitināt	to irritate, to annoy; to provoke	[kāītinâːt]
6113	šķēps	spear, lance	[ʃcæ̀ps]
6114	ārstam	doctor, physician	/ˈaːrstam/
6115	centrālajā	central	/ˈt͡sentraːlajaː/
6116	velku	to pull	/ˈʋælku/
6117	sargāšu	to protect, to guard	/ˈsarɡaːʃu/
6118	personai	person	/ˈpersoːnai/
6119	holandieša	a Dutchman, a man from the Netherlands	/ˈholaŋdieʃa/
6120	zaudēsiet	to lose	/ˈzaudeːsiet/
6121	holandietis	a Dutchman, a man from the Netherlands	/ˈholaŋdietis/
6122	raksturo	to characterize, to describe	/ˈraksturuo/
6123	rasties	to occur	/ˈrasties/
6124	šķērso	to cross	/ˈʃcæːrsuo/
6125	vērtīgāks	more valuable, more precious; indefinite comparative degree…	/ˈʋeːrtiːɡaːːks/
6126	admirālis	admiral	[admiɾaːlis]
6127	svētdiena	Sunday	/ˈsʋeːtdieːna/
6128	modernās	modern	/ˈmodærnaːs/
6129	gudrības	intelligence, wiseness, wisdom	/ˈɡudriːbas/
6130	jāiekļūst	to get into, to enter somewhere	/ˈjaːiekʎuːst/
6131	idiotiem	idiot	/ˈidiuotiem/
6132	pelnīt	to be paid, to earn	[pɛ̀lnîːt]
6133	interesantas	interesting	/ˈinteresantas/
6134	cerat	to hope	/ˈt͡særat/
6135	skūpstīt	to kiss	[skûːpstīːt]
6136	džemperis	sweater	/ˈdʐæmperis/
6137	mozambikā	locative singular of Mozambika	/ˈmuozambikaː/
6138	bāla	pale	/ˈbaːla/
6139	jāprot	to know how to, to be able to do	/ˈjaːpruot/
6140	darbībā	action, activity	/ˈdarbiːbaː/
6141	lašu	salmon	/ˈlaʃu/
6142	pozīcija	position	/ˈpoziːt͡sija/
6143	jūnijs	the month of June	/ˈjuːnijs/
6144	cālis	chick	[tsāːlis]
6145	nepareizās	wrong, incorrect	/ˈnepareizaːs/
6146	lāčus	bear	/ˈlaːt͡ʃus/
6147	republikas	republic	/ˈrepublikas/
6148	dotas	given; indefinite past passive participle of dot	/ˈduotas/
6149	iedevis	having given; indefinite past active participle of iedot	/ˈiedeʋis/
6150	pilij	palace	/ˈpilij/
6151	ekspertu	expert	/ˈekspærtu/
6152	datoriem	computer	/ˈdatoːriem/
6153	domāšanu	thinking; verbal noun of domāt	/ˈduomaːʃanu/
6154	nerunāja	to not speak, to not talk; negative form of runāt	/ˈnerunaːja/
6155	miglā	fog, mist, haze	/ˈmiɡlaː/
6156	pagraba	cellar, basement	/ˈpaɡraba/
6157	matemātika	mathematics	/ˈmatæmaːtika/
6158	tapt	to be made, to be formed, to be invented, to be discovered	[tapt]
6159	būšanu	relation, relationship between people, e.g., when implying…	/ˈbuːʃanu/
6160	rokraksts	handwriting	/ˈruokraksts/
6161	salāti	lettuce	/ˈsalaːti/
6162	svētdienu	Sunday	/ˈsʋeːtdieːnu/
6163	irānā	locative singular of Irāna	/ˈiraːnaː/
6164	instruments	instrument	/ˈinstruments/
6165	septiņpadsmit	seventeen	/ˈseptiɲpadsmit/
6166	kaujai	battle, fight	/ˈkaujai/
6167	parādība	phenomenon	/ˈparaːdiːba/
6168	stāvēsi	to stand	/ˈstaːʋæːsi/
6169	kāri	to hang	/ˈkaːri/
6170	karaliskās	royal	/ˈkaraliskaːs/
6171	slepenībā	secret, secrecy	/ˈslæpeniːbaː/
6172	slotas	broom, besom	/ˈsluotas/
6173	vecim	old man	/ˈʋet͡sim/
6174	mapi	folder, file	/ˈmapi/
6175	sliņķi	lazy man, animal	/ˈsliɲci/
6176	lidojošo	vocative/accusative/instrumental singular masculine/feminine	/ˈliduojuoʃuo/
6177	orgānu	organ	/ˈorɡaːnu/
6178	februārī	the month of February	/ˈfebruaːriː/
6179	bīties	to be afraid	[bîːtiɛ̂s]
6180	neticētu	to not believe; negative form of ticēt	/ˈnetit͡sæːtu/
6181	sistēmai	system	/ˈsisteːmai/
6182	neprātīgs	foolish, imprudent, unreasonable; expressing these qualities	/ˈnepraːtiːɡs/
6183	vairākums	majority	/ˈʋairaːːkums/
6184	vainīgo	guilty	/ˈʋaiːniːɡuo/
6185	slimībām	disease, illness	/ˈslimiːbaːm/
6186	vecajās	old	/ˈʋæt͡sajaːs/
6187	brillēm	glasses, eyeglasses, spectacles	/ˈbrilleːm/
6188	zēnus	boy	/ˈzæːnus/
6189	pupas	bean	/ˈpupas/
6190	veselīgs	healthy, robust	/ˈʋæseliːɡs/
6191	vislielāko	definite vocative/accusative/instrumental…	/ʋiˈslielːaːːkuo/
6192	zemnieki	peasant	/ˈzemnieki/
6193	piemirsu	to forget temporarily; to be unable to remember	/ˈpiemirsu/
6194	atbildēji	to answer	/ˈatbilldeːji/
6195	medicīniskā	medical	/ˈmedit͡siːniskaː/
6196	skati	look	/ˈskati/
6197	sargās	to protect, to guard	/ˈsarɡaːs/
6198	lidosta	airport, airfield	/ˈliduosta/
6199	mītne	dwelling, abode	/ˈmiːtne/
6200	stāvēju	to stand	/ˈstaːʋeːju/
6201	nemeklēs	to not look for, to not search, to not seek; negative form…	/ˈnemekleːs/
6202	dēmoni	demon, devil	/ˈdeːmoːni/
6203	dejai	dance	/ˈdejai/
6204	griesti	ceiling	/ˈɡriesti/
6205	nebijušu	not having been; indefinite past active participle of nebūt	/ˈnebijuʃu/
6206	īpašam	specific, independent	/ˈiːpaʃam/
6207	pastāvīgi	permanently, constantly; adverbial form of pastāvīgs	/ˈpastaːʋiːɡi/
6208	paciņa	packet	/ˈpat͡siɲa/
6209	sākāt	to begin, to start	/ˈsaːːkaːt/
6210	stabils	stable, steady, settled	/ˈstabils/
6211	diskusiju	discussion, debate	/ˈdiskusiju/
6212	eņģeļu	angel	/ˈeɲɟeʎu/
6213	nācām	to come	/ˈnaːt͡saːm/
6214	lauvenes	female lion, lioness	/ˈlauʋenes/
6215	bijušā	having been; indefinite past active participle of būt	/ˈbijuʃaː/
6216	politiķis	politician	/ˈpoliticis/
6217	bēdām	sadness, sorrow, grief	/ˈbæːdaːm/
6218	dumja	stupid, dim-witted, foolish, silly	/ˈdumja/
6219	nāvessods	death penalty, capital punishment	/ˈnaːʋæssuods/
6220	kakls	neck	/ˈkakl̩s/
6221	holandiešu	a Dutchman, a man from the Netherlands	/ˈholaŋdieʃu/
6222	galvām	head	/ˈɡallʋaːm/
6223	nelido	to not fly; negative form of lidot	/ˈneliduo/
6224	spārna	wing	/ˈspaːrna/
6225	aizejot	to leave, to go away, to escape	/ˈaizejuot/
6226	peldi	to swim	/ˈpælldi/
6227	nozog	to steal	/ˈnuozuoɡ/
6228	gudrība	intelligence, wiseness, wisdom	/ˈɡudriːba/
6229	nedēļās	week	/ˈnedeːʎaːs/
6230	mehānismu	mechanism, engine	/ˈmehaːnismu/
6231	nedomājiet	to not think; negative form of domāt	/ˈneduomaːjiet/
6232	rozi	rose	/ˈroːzi/
6233	radu	to find be present, in use, or in one's possession	/ˈradu/
6234	nejēgas	ignorant, unskilled, stupid person	/ˈnejæːɡas/
6235	nedošos	to not give self, to not go; negative form of dot	/ˈneduoʃuos/
6236	ērglis	eagle	[ˈɛ̀ːɾɡlis]
6237	sīkumiem	trifle	/ˈsiːkumiem/
6238	skotijā	locative singular of Skotija	/ˈskotijaː/
6239	lappusē	page	/ˈlappuseː/
6240	rubīns	ruby	/ˈrubiːns/
6241	dolāra	dollar	/ˈdolaːra/
6242	jaunību	youth	/ˈjauniːbu/
6243	augstāks	higher, taller; indefinite comparative degree of augsts	/ˈauɡstaːːks/
6244	ūsām	moustache	/ˈuːsaːm/
6245	pēcpuse	tail, ass, butt	/ˈpeːt͡spuse/
6246	jūdu	Jew	/ˈjuːdu/
6247	jūnijā	the month of June	/ˈjuːnijaː/
6248	kanādā	locative singular of Kanāda	/ˈkanaːdaː/
6249	plika	naked, nude	/ˈplika/
6250	jaukās	nice, cute	/ˈjaukaːs/
6251	tēviņš	male	/ˈteːʋiɲʃ/
6252	viljama	genitive singular of Viljams	/ˈʋilljama/
6253	ārpuses	outside, exterior	/ˈaːrpuses/
6254	virsotni	top, peak, summit	/ˈʋirsuotni/
6255	karoti	spoon	/ˈkaruoti/
6256	indes	poison, venom	/ˈiŋdes/
6257	večiem	old man	/ˈʋet͡ʃiem/
6258	kavalērija	cavalry	/ˈkaʋaleːrija/
6259	spožu	bright	/ˈspuoʒu/
6260	konkrēta	concrete	/ˈkonkreːta/
6261	ogu	berry	/ˈuoɡu/
6262	pēcpusdienas	afternoon	/ˈpeːt͡spusdieːnas/
6263	ziņkāre	curiosity	/ˈziɲkaːre/
6264	krāns	tap, faucet	/ˈkraːns/
6265	kola	cola	/ˈkoːla/
6266	uzvalkam	suit	/ˈuz-ʋalkam/
6267	aizliegtā	prohibited; indefinite past passive participle of aizliegt	/ˈaizlieɡtaː/
6268	dubļos	mud	/ˈdubʎuos/
6269	spriest	to judge	[spɾiɛ̂st]
6270	novietot	to place	/ˈnuoʋietuot/
6271	dzimuši	having been born; indefinite past active participle of dzimt	/ˈdzimuʃi/
6272	maukas	indecent, dissolute woman; prostitute, whore	/ˈmaukas/
6273	nikni	wild, angry, furious, wildly, angrily, furiously; adverbial…	/ˈnikni/
6274	laivās	boat	/ˈlaiʋaːs/
6275	pūst	to blow	[ˈpùːst]
6276	federālajā	federal	/ˈfedæraːlajaː/
6277	ceļojumam	trip, journey, travel	/ˈt͡seʎuojumam/
6278	ķīnieti	a Chinese man, a man from China or of Chinese descent	/ˈciːnieti/
6279	liesmām	flame, visible part of fire	/ˈliesmaːm/
6280	izmantošana	utilization	/ˈizmantuoʃana/
6281	likumīgo	legal, valid, lawful	/ˈlikumiːɡuo/
6282	vēss	cool, cold	[vǣːs]
6283	stulbie	stupid, dumb	/ˈstullbie/
6284	lidojiet	to fly	/ˈliduojiet/
6285	zeltā	gold	/ˈzæltaː/
6286	apraksts	description	/ˈapraksts/
6287	svarīgākas	more important; indefinite comparative degree of svarīgs	/ˈsʋariːɡaːːkas/
6288	neredzēsim	to not see; negative form of redzēt	/ˈneredzeːsim/
6289	matemātikas	mathematics	/ˈmatæmaːtikas/
6290	mūžīgs	eternal, everlasting, perpetual	/ˈmuːʒiːɡs/
6291	jāiedod	to give, to hand, so that someone takes it	/ˈjaːieduod/
6292	zābakiem	boot	/ˈzaːbakiem/
6293	kukurūzas	corn, maize	/ˈkukuruːzas/
6294	locekļa	limb, member	/ˈluot͡sekʎa/
6295	spēji	sudden, quick, strong, suddenly, quickly, strongly;…	/ˈspeːji/
6296	nedzirdējāt	to not hear; negative form of dzirdēt	/ˈnedzirdeːjaːt/
6297	recepti	medical prescription	/ˈret͡septi/
6298	mirstīgais	mortal	/ˈmirstiːɡais/
6299	kļuvām	to become	/ˈkʎuʋaːm/
6300	malās	edge, shore	/ˈmalaːs/
6301	jocīga	funny, humorous	/ˈjuot͡siːɡa/
6302	svešas	unknown, foreign	/ˈsʋeʃas/
6303	manuskriptu	manuscript	/ˈmanuskriptu/
6304	karalisko	royal	/ˈkaraliskuo/
6305	kilogramus	kilogram	/ˈkiloɡramus/
6306	apavu	footwear	/ˈapaʋu/
6307	jokam	joke, jest	/ˈjuokam/
6308	veidus	form	/ˈʋeidus/
6309	vienāds	identical, same	/ˈʋieːnaːds/
6310	slotu	broom, besom	/ˈsluotu/
6311	lētāk	cheaper, more cheaply; adverbial form of lētāks	/ˈlæːtaːːk/
6312	piecās	five	/ˈpiet͡saːs/
6313	ogles	charcoal	/ˈuoɡles/
6314	bērt	to pour	/ˈbæːrt/
6315	jaunām	having relatively low age, young, new	/ˈjaunaːm/
6316	rati	cart, carriage	/ˈrati/
6317	augstās	high, tall	/ˈauɡstaːs/
6318	smiekliem	laugh, laughter	/ˈsmiekliem/
6319	būvē	building, construction	/ˈbuːʋeː/
6320	kaili	naked, nakedly; adverbial form of kails	/ˈkaili/
6321	labajam	good following accepted moral rules, treating others in a…	/ˈlabajam/
6322	likumam	law	/ˈlikumam/
6323	istabām	room	/ˈistabaːm/
6324	tīrās	clean	/ˈtiːraːs/
6325	paklājs	carpet, rug, mat	[paklâːjs]
6326	mandarīnu	tangerine, mandarin orange	/ˈmaŋdariːnu/
6327	lielajai	big, large	/ˈlielːajai/
6328	dzirdams	hearable; which can or should be heard; indefinite present…	/ˈdzirdams/
6329	zvaigznei	star	/z-ˈʋaiɡz-nei/
6330	bārenis	orphan	[bàːɾɛnis]
6331	sēnes	fungus	/ˈseːnes/
6332	esošās	being; indefinite present active participle of būt	/ˈesuoʃaːs/
6333	devām	portion	/ˈdæʋaːm/
6334	pavasari	spring	/ˈpaʋasari/
6335	nedodas	to not give self, to not go; negative form of dot	/ˈneduodas/
6336	zemiski	base, mean, vile, basely, meanly, vilely; adverbial form of…	/ˈzemiski/
6337	filadelfijas	genitive singular of Filadelfija	/ˈfiladelfijas/
6338	maisiņā	little sack, bag; diminutive of maiss	/ˈmaisiɲaː/
6339	milzīgā	huge, enormous, giant	/ˈmillziːɡaː/
6340	galdiem	table	/ˈɡalldiem/
6341	dzinējiem	motor, engine	/ˈdzineːjiem/
6342	dēliem	son	/ˈdæːliem/
6343	ilgā	long	/ˈillɡaː/
6344	lopiem	livestock, animal	/ˈluopiem/
6345	spējīga	able, capable, skilled	/ˈspeːjiːɡa/
6346	gudrākais	more intelligent, wiser; indefinite comparative degree of…	/ˈɡudraːːkais/
6347	lūpu	lip	/ˈluːpu/
6348	lops	livestock, animal	[lūōps]
6349	augustā	the month of August	/ˈauɡustaː/
6350	baltus	Balt, a Baltic person, someone from the Baltic states	/ˈbaltus/
6351	albāniski	Albanian, in Albanian; adverbial form of albānisks	/ˈallbaːniski/
6352	atbildējis	having answered; indefinite past active participle of…	/ˈatbilldeːjis/
6353	jāslēpj	to hide, to conceal so that others cannot see or find it,…	/ˈjaːsleːpj/
6354	jaunumiem	newness, youth	/ˈjaunumiem/
6355	dēlus	son	/ˈdæːlus/
6356	pasažieris	passenger	/ˈpasaʒieris/
6357	nabadzīte	little poor woman; diminutive of nabadze	/ˈnabadziːte/
6358	vēstniecība	embassy	/ˈʋeːstniet͡siːba/
6359	pretinieka	opponent, adversary	/ˈpretinieka/
6360	nedarīji	to not do, to not make; negative form of darīt	/ˈnedariːji/
6361	sarkani	red, reddish; adverbial form of sarkans	/ˈsarkani/
6362	mīlētu	to love, to feel love for	/ˈmiːlæːtu/
6363	negribētos	not wanted, unwanted; indefinite past passive participle of…	/ˈneɡribæːtuos/
6364	dibena	bottom, lower part, base	/ˈdibæna/
6365	piektdienu	Friday	/ˈpiektdieːnu/
6366	turat	to hold	/ˈturat/
6367	pāreja	crossing, pass	/ˈpaːreja/
6368	aleksandra	genitive singular of Aleksandrs	/ˈaleksaŋdra/
6369	talanta	talent	/ˈtalanta/
6370	kareivjus	soldier, private rank in the army; a soldier of this rank	/ˈkareiʋjus/
6371	bloķē	to block	/ˈbloceː/
6372	taisns	straight	/ˈtaisŋs/
6373	veikaliem	shop, store	/ˈʋeikaliem/
6374	neprasa	to not ask for, to not require, to not demand; negative…	/ˈneprasa/
6375	mats	hair	[mats]
6376	konstitūcija	constitution	/ˈkonstituːt͡sija/
6377	būtības	essence	/ˈbuːtiːbas/
6378	lasīja	to read	/ˈlasiːja/
6379	grūtu	tough, arduous, difficult	/ˈɡruːtu/
6380	iedosim	to give, to hand, so that someone takes it	/ˈieduosim/
6381	sodam	penalty, punishment	/ˈsuodam/
6382	dziedāsim	to sing	/ˈdziedaːsim/
6383	pants	verse, stanza	/ˈpants/
6384	elpošanas	the act of breathing, respiration	/ˈælpuoʃanas/
6385	elks	idol	/ˈælks/
6386	vaigs	cheek	/ˈʋaiɡs/
6387	likumīga	legal, valid, lawful	/ˈlikumiːɡa/
6388	pavēlnieku	master	/ˈpaʋeːllnieku/
6389	esošo	the being; definite present active participle of būt	/ˈesuoʃuo/
6390	mēms	mute	/ˈmæːms/
6391	persiks	peach	/ˈpersiks/
6392	drīkstētu	may; be allowed, authorized, have the right	/ˈdriːksteːtu/
6393	maziem	small, little size of other similar objects, beings, areas,…	/ˈmaziem/
6394	staigāju	first-person singular present/past indicative of staigāt	/ˈstaiɡaːju/
6395	gaismai	light	/ˈɡaismai/
6396	airus	oar, paddle	/ˈairus/
6397	neiedeva	to not give; negative form of iedot	/ˈneiedæʋa/
6398	skaistāka	more beautiful; indefinite comparative degree of skaists	/ˈskaistaːːka/
6399	konkrēts	concrete	/ˈkonkreːts/
6400	saimniece	farmer, landowner; farmer's or landowner's wife; mistress,…	/ˈsaimniet͡se/
6401	uzdeva	to raise, to lift, e.g., hay, straw, etc	/ˈuzdæʋa/
6402	mīļākie	dearer, more cherished, more beloved; indefinite…	/ˈmiːʎaːːkie/
6403	garums	length	/ˈɡarums/
6404	astotais	eighth	/ˈastuotais/
6405	jēdziens	concept, idea	/ˈjeːdziens/
6406	noteica	to say, to state, to declare	/ˈnuoteit͡sa/
6407	kaklasaites	necktie	/ˈkaklasaites/
6408	sāksiet	to begin, to start	/ˈsaːːksiet/
6409	atoma	atom	/ˈatoːma/
6410	īstos	real, true, genuine, not false or artificial	/ˈiːstuos/
6411	lipīgs	sticky, adhesive	/ˈlipiːɡs/
6412	purva	swamp, bog, marsh, morass	/ˈpurʋa/
6413	viņpus	on the other side of	/ˈʋiɲpus/
6414	mazus	small, little size of other similar objects, beings, areas,…	/ˈmazus/
6415	seni	ancient, old, of long ago	/ˈsæni/
6416	ērgļiem	eagle	/ˈeːrɡʎiem/
6417	balsot	to vote	/ˈbalsuot/
6418	sešos	six	/ˈseʃuos/
6419	saiti	string, lace, cord, link, tie	/ˈsaiti/
6420	turpināju	to continue, to go on doing, to not interrupt	/ˈturpinaːju/
6421	draudzīgs	friendly	/ˈdraudziːɡs/
6422	ugunīgie	fiery	/ˈuɡuniːɡie/
6423	kanādieši	a Canadian man, a man from Canada	/ˈkanaːdieʃi/
6424	septiņos	seven	/ˈseptiɲuos/
6425	šautene	gun, rifle	/ˈʃautene/
6426	aicināts	invited; indefinite past passive participle of aicināt	/ˈait͡sinaːts/
6427	sliktus	bad not following moral rules, treating others in a cruel…	/ˈsliktus/
6428	gādātu	to take care of, to see to, to provide	/ˈɡaːdaːtu/
6429	studē	to study at a university or college	/ˈstudeː/
6430	sitīsi	to hit, to strike, to beat	/ˈsitiːsi/
6431	koncerts	concert	/ˈkont͡særts/
6432	situācijām	situation	/ˈsituaːt͡sijaːm/
6433	skotiju	accusative/instrumental singular of Skotija	/ˈskotiju/
6434	grieķijas	dative singular of Grieķija	/ˈɡriecijas/
6435	modrs	vigilant, watchful, alert	[muôdɾs]
6436	salda	sweet	/ˈsallda/
6437	krievs	a Russian, a Russian man, a man from Russia or of Russian…	[ˈkɾìɛws]
6438	aukstas	cold	/ˈaukstas/
6439	vēsu	cool, cold	/ˈʋæːsu/
6440	kvīts	receipt	/ˈkʋiːts/
6441	dīķī	pond	/ˈdiːciː/
6442	neaiziet	to not go; negative form of aiziet	/ˈneaiziet/
6443	pilota	pilot	/ˈpilota/
6444	atzīme	record, mark, note	/ˈatziːme/
6445	dīvainais	strange, odd, unusual, surprising	/ˈdiːʋaiːnais/
6446	skaistai	beautiful	/ˈskaistai/
6447	griež	to turn, to spin	/ˈɡrieʒ/
6448	izteikts	expressed; indefinite past passive participle of izteikt	/ˈizteikts/
6449	sarkanajā	red	/ˈsarkanajaː/
6450	nekļūs	to not become; negative form of kļūt	/ˈnekʎuːs/
6451	sīpolu	onion	/ˈsiːpuolu/
6452	kausi	to slaughter	/ˈkausi/
6453	glāze	glass	[ɡlāːzɛ]
6454	skumjš	sad	[skùmʲʃ]
6455	tiešs	direct	/ˈtieʃs/
6456	tuvas	close, near, nearby	/ˈtuʋas/
6457	maksāsim	to pay	/ˈmaksaːsim/
6458	deviņus	nine	/ˈdeʋiɲus/
6459	angļi	an Englishman, a man born in England	/ˈaŋɡʎi/
6460	stīvo	stiff, hard, numb	/ˈstiːʋuo/
6461	sāpēt	to hurt	/ˈsaːpeːt/
6462	ģitāra	guitar	/ˈɟitaːra/
6463	tuvākā	nearer, closer; indefinite comparative degree of tuvs	/ˈtuʋaːːkaː/
6464	indiju	indium	/ˈiŋdiju/
6465	jāapspriež	to debate, to discuss	/ˈjaːapsprieʒ/
6466	simboli	symbol	/ˈsimboːli/
6467	purvā	swamp, bog, marsh, morass	/ˈpurʋaː/
6468	gravitācija	gravitation	/ˈɡraʋitaːt͡sija/
6469	neglīta	ugly, unattractive	/ˈneɡliːta/
6470	parīt	the day after tomorrow	[paɾîːt]
6471	stāvat	to stand	/ˈstaːʋat/
6472	grēki	sin, transgression, offense	/ˈɡræːki/
6473	stigs	to sink so that it becomes difficult or impossible to move…	/ˈstiɡs/
6474	sestais	sixth	/ˈsæstais/
6475	šķīvi	dish, plate	/ˈʃciːʋi/
6476	āzis	male goat, billy goat, buck	[âːzis]
6477	smuki	pretty, handsome, prettily, handsomely; adverbial form of…	/ˈsmuki/
6478	ekonomika	economy	/ˈekonoːmika/
6479	produktus	product	/ˈproduktus/
6480	senie	ancient, old, of long ago	/ˈsenie/
6481	draudzīgi	friendly, amicably; adverbial form of draudzīgs	/ˈdraudziːɡi/
6482	neatbildēji	to not answer; negative form of atbildēt	/ˈneatbilldeːji/
6483	dārgakmeņus	gem, gemstone, precious stone; a polished piece of such a…	/ˈdaːrɡakmeɲus/
6484	aparāts	device, appliance, set, machine, contraption	/ˈaparaːts/
6485	vainojams	blamable, which can or should be blamed; indefinite present…	/ˈʋaiːnuojams/
6486	amerikāni	an American man, a man born in the United States of America	/ˈamerikaːni/
6487	bēgu	to flee, run away, escape	/ˈbæːɡu/
6488	sarga	to protect, to guard	/ˈsarɡa/
6489	augļiem	fruit	/ˈauɡʎiem/
6490	dabisks	natural	/ˈdabisks/
6491	sliktāko	worse; indefinite comparative degree of slikts	/ˈsliktaːːkuo/
6492	septiņām	seven	/ˈseptiɲaːm/
6493	karstas	hot	/ˈkarstas/
6494	dzīvam	living, alive	/ˈdziːʋam/
6495	doks	dock	/ˈdoks/
6496	kanādiešu	a Canadian man, a man from Canada	/ˈkanaːdieʃu/
6497	ļaunie	evil, wicked	/ˈʎaunie/
6498	aukle	babysitter, baby-sitter	/ˈaukle/
6499	neguli	to not sleep, to not lie down; negative form of gulēt	/ˈneɡuli/
6500	nenākt	to not come; negative form of nākt	/ˈnenaːːkt/
6501	bikšu	pants, trousers; shorts	/ˈbikʃu/
6502	kriptona	krypton	/ˈkriptuona/
6503	seksīgu	sexy, hot	/ˈseksiːɡu/
6504	cepurē	hat	/ˈt͡sæpureː/
6505	eņģeļa	angel	/ˈeɲɟeʎa/
6506	citronu	lemon tree	/ˈt͡sitroːnu/
6507	gids	guide	/ˈɡids/
6508	jautātu	to ask question, to inquire, to question	/ˈjautaːtu/
6509	lidmašīnai	airplane	/ˈlidmaʃiːnai/
6510	kosta	bitten; indefinite past passive participle of kost	/ˈkuosta/
6511	sejai	face	/ˈsejai/
6512	helēnas	genitive singular	/ˈheleːnas/
6513	vājība	weakness	/ˈʋaːjiːba/
6514	marts	the month of March	/ˈmarts/
6515	augi	plant	/ˈauɡi/
6516	lidojis	having flown; indefinite past active participle of lidot	/ˈliduojis/
6517	apspriedi	conference, meeting where something is discussed, evaluated	/ˈapspriedi/
6518	šodiena	today, this day	/ˈʃuodieːna/
6519	atveru	to open so as to make the space behind it accessible	/ˈatʋeru/
6520	tirgoties	to sell, to trade	[ˈtìɾ.ɡuɔ̯̂.tiɛ̯̂s]
6521	pūču	owl	/ˈpuːt͡ʃu/
6522	vainīgais	guilty	/ˈʋaiːniːɡais/
6523	strādāsi	to work	/ˈstraːdaːsi/
6524	izrādē	performance, show, play	/ˈizraːdeː/
6525	problēmai	problem	/ˈproblæːmai/
6526	daili	beauty	/ˈdaili/
6527	tirdzniecību	commerce, trade, business	/ˈtirdzniet͡siːbu/
6528	prostitūtas	prostitute	/ˈprostituːtas/
6529	robu	small deformation on a surface, dent, indentation, notch	/ˈruobu/
6530	rindās	row, line, queue	/ˈriŋdaːs/
6531	kaujās	battle, fight	/ˈkaujaːs/
6532	robam	small deformation on a surface, dent, indentation, notch	/ˈruobam/
6533	nabadziņš	little poor man; diminutive of nabags	/ˈnabadziɲʃ/
6534	zīmēt	to draw	/ˈziːmeːt/
6535	studentiem	student	/ˈstudentiem/
6536	desmitos	ten	/ˈdesmituos/
6537	muša	fly	[ˈmuʃːa]
6538	politikā	politics	/ˈpolitikaː/
6539	personām	person	/ˈpersoːnaːm/
6540	precīzs	precise, exact, accurate	/ˈpret͡siːzs/
6541	bijušajam	the one having been; definite past active participle of būt	/ˈbijuʃajam/
6542	aizmirsts	forgotten; indefinite past passive participle of aizmirst	/ˈaizmirsts/
6543	neparastas	rare, uncommon, unusual	/ˈneparastas/
6544	filadelfijā	locative singular of Filadelfija	/ˈfiladelfijaː/
6545	sists	hit, struck, beaten; indefinite past passive participle of…	/ˈsists/
6546	radītāja	creator	/ˈradiːtaːja/
6547	darbnīca	workshop	/ˈdarbniːt͡sa/
6548	smagais	heavy	/ˈsmaɡais/
6549	drānas	fabric	/ˈdraːnas/
6550	mirušais	to die	/ˈmiruʃais/
6551	rokasspiediens	handshake	/ˈruokasspiediens/
6552	jūdze	mile	/ˈjuːdze/
6553	netīri	dirty, impure, dirtily, impurely; adverbial form of netīrs	/ˈnetiːri/
6554	plānā	plan, map, blueprint, layout	/ˈplaːnaː/
6555	tirgotāja	merchant, dealer, trader	/ˈtirɡuotaːja/
6556	vistuvāk	nearest, closest; adverbial form of vistuvākais	/ʋisˈtuʋaːːk/
6557	maksājumu	payment	/ˈmaksaːjumu/
6558	vide	environment	/ˈʋide/
6559	vecvecāki	grandparents	/ˈʋet͡sʋet͡saːːki/
6560	bijušās	having been; indefinite past active participle of būt	/ˈbijuʃaːs/
6561	grēka	sin, transgression, offense	/ˈɡræːka/
6562	ķīlnieks	hostage	/ˈciːllnieks/
6563	grāfiene	countess	/ˈɡraːfieːne/
6564	netraucēt	to not disturb, to not bother, to not interfere with;…	/ˈnetraut͡seːt/
6565	ieteikums	recommendation	/ˈieteikums/
6566	atkarība	dependence	/ˈatkariːba/
6567	fakti	fact	/ˈfakti/
6568	spēcīgāk	adverbial form of spēcīgāks	/ˈspeːt͡siːɡaːːk/
6569	ledusskapja	refrigerator, fridge	/ˈlædusskapja/
6570	teikšanas	saying, telling; verbal noun of teikt	/ˈteikʃanas/
6571	vērtībām	value	/ˈʋeːrtiːbaːm/
6572	purvu	swamp, bog, marsh, morass	/ˈpurʋu/
6573	sišanu	hitting, striking, beating; verbal noun of sist	/ˈsiʃanu/
6574	augstākais	higher, chief, main, leading, supreme	/ˈauɡstaːːkais/
6575	lauzts	broken; indefinite past passive participle of lauzt	/ˈlauzts/
6576	apakšbikses	underpants	/ˈapakʃbikses/
6577	pirkstā	finger, toe	/ˈpirkstaː/
6578	vājā	weak	/ˈʋaːjaː/
6579	iekšējais	interior, internal, inner	/ˈiekʃeːjais/
6580	tipiem	type	/ˈtipiem/
6581	labumiem	goodness; good quality	/ˈlabumiem/
6582	marsa	genitive singular of Marss	/ˈmarsa/
6583	vecajām	old	/ˈʋæt͡sajaːm/
6584	meitenīti	little girl; diminutive of meitene	/ˈmeitæniːti/
6585	iedzēru	to drink, to have a drink	/ˈiedzeːru/
6586	aut	put on footwear	[ˈàu̯t]
6587	smagāk	heavier, more severe, more difficult, more heavily, more…	/ˈsmaɡaːːk/
6588	sīku	tiny, little, small	/ˈsiːku/
6589	šķērsoja	to cross	/ˈʃcæːrsuoja/
6590	sākumam	beginning, starting point *in time or space	/ˈsaːːkumam/
6591	veču	old man	/ˈʋet͡ʃu/
6592	vilkiem	wolf	/ˈʋilkiem/
6593	neatradīšu	to not find; negative form of atrast	/ˈneatradiːʃu/
6594	mikroviļņu	microwaves	/ˈmikroʋiʎɲu/
6595	guļamistaba	bedroom	/ˈɡuʎamistaba/
6596	cerēji	to hope	/ˈt͡særeːji/
6597	grozu	basket	/ˈɡruozu/
6598	stiprā	strong	/ˈstipraː/
6599	pārstāvēt	to represent	/ˈpaːrstaːʋeːt/
6600	slaveni	famously; adverbial form of slavens	/ˈslaʋæni/
6601	skuķu	girl, young woman	/ˈskucu/
6602	daikta	tool, instrument; also, thing	/ˈdaikta/
6603	mīkstie	soft	/ˈmiːkstie/
6604	stāvētu	to stand	/ˈstaːʋæːtu/
6605	baterija	battery	[ˈbatːɛɾija]
6606	uzdevumi	task, duty	/ˈuzdæʋumi/
6607	slēptuvi	hideout, hiding place	/ˈsleːptuʋi/
6608	mirstot	to die	/ˈmirstuot/
6609	kartupeļi	potato	/ˈkartupeʎi/
6610	mezgls	knot	[mæzɡls]
6611	diskusijas	discussion, debate	/ˈdiskusijas/
6612	acij	eye	/ˈat͡sij/
6613	cilti	tribe	/ˈt͡silti/
6614	redzes	vision, eyesight	/ˈredzes/
6615	zemūdenē	submarine	/ˈzemuːdeneː/
6616	neņems	to not take; negative form of ņemt	/ˈneɲæms/
6617	zodu	chin	/ˈzuodu/
6618	ziemsvētku	genitive plural of Ziemsvētki	/ˈziemsʋæːtku/
6619	sapratīsiet	to understand	/ˈsapratiːsiet/
6620	ticējis	having believed; indefinite past active participle of ticēt	/ˈtit͡seːjis/
6621	garda	tasty, delicious	/ˈɡarda/
6622	dzēri	to drink	/ˈdzæːri/
6623	labvēlīgs	favourable, benevolent	/ˈlabʋeːliːɡs/
6624	kampaņa	campaign	/ˈkampaɲa/
6625	receptes	medical prescription	/ˈret͡septes/
6626	svīst	to sweat	/ˈsʋiːst/
6627	svētdienās	Sunday	/ˈsʋeːtdieːnaːs/
6628	pīli	duck	/ˈpiːli/
6629	slimu	sick, ill, diseased	/ˈslimu/
6630	cerējis	having hoped; indefinite past active participle of cerēt	/ˈt͡særeːjis/
6631	oranžā	orange	/ˈoranʒaː/
6632	aiziešanas	going away; verbal noun of aiziet	/ˈaizieʃanas/
6633	neturu	to not hold, to not keep; negative form of turēt	/ˈneturu/
6634	slēpšanu	hiding, concealing; verbal noun of slēpt	/ˈsleːpʃanu/
6635	kapsēta	graveyard	/ˈkapsæːta/
6636	žiglāk	faster, quicker, more agile, more quickly, more agilely;…	/ˈʒiɡlaːːk/
6637	bruņās	armor	/ˈbruɲaːs/
6638	tumšajiem	dark	/ˈtumʃajiem/
6639	audzināja	to raise, to bring up, to educate	/ˈaudzinaːja/
6640	anglis	an Englishman, a man born in England	[āŋɡlis]
6641	progresu	progress	/ˈproɡræsu/
6642	bads	hunger, starvation, famine	[bats]
6643	bankās	bank	/ˈbaŋkaːs/
6644	rakstīji	to write by means of writing; to make, form letters with a…	/ˈrakstiːji/
6645	bargi	severely, harshly, strictly, sternly; adverbial form of…	/ˈbarɡi/
6646	ugunsgrēkā	fire; conflagration	/ˈuɡunsɡræːkaː/
6647	zivij	fish	/ˈziʋij/
6648	ābols	apple fruit	[ɑ̂ːbuo̯ɫs]
6649	bezjēdzīga	nonsensical, meaningless	/ˈbezjeːdziːɡa/
6650	lidojošā	flying; indefinite present active participle of lidot	/ˈliduojuoʃaː/
6651	jūrnieku	seaman, sailor; navy seaman	/ˈjuːrnieku/
6652	iedzeriet	to drink, to have a drink	/ˈiedzeriet/
6653	auna	male sheep, ram, tup	/ˈauna/
6654	nažiem	knife	/ˈnaʒiem/
6655	cepu	first-person singular present/past indicative of cept	/ˈt͡sæpu/
6656	viļņu	wave	/ˈʋiʎɲu/
6657	nelīdz	to not help; negative form of līdzēt	/ˈneliːdz/
6658	iekšēji	internal, inner, internally, innerly; adverbial form of…	/ˈiekʃeːji/
6659	dalīsim	to divide, to split	/ˈdaliːsim/
6660	paciente	patient	/ˈpat͡sieːnte/
6661	īpašībām	essential, typical feature, trait, characteristic, property	/ˈiːpaʃiːbaːm/
6662	iekšējie	interior, internal, inner	/ˈiekʃeːjie/
6663	biznesmenis	businessman	/ˈbiz-næsmenis/
6664	ziemā	winter	/ˈziemaː/
6665	viļņiem	wave	/ˈʋiʎɲiem/
6666	neglābs	to not save; negative form of glābt	/ˈneɡlaːbs/
6667	jautrību	cheerfulness, merriment, fun, hilarity	/ˈjautriːbu/
6668	pazīme	sign, indication, symptom	/ˈpaziːme/
6669	mīlīgi	kind, affectionate, loving, kindly, affectionately,…	/ˈmiːliːɡi/
6670	šķērsos	to cross	/ˈʃcæːrsuos/
6671	akadēmijā	academy	/ˈakadeːmijaː/
6672	ierīču	device, appliance, instrument	/ˈieriːt͡ʃu/
6673	nācijas	nation	/ˈnaːt͡sijas/
6674	nesaprata	to not understand; negative form of saprast	/ˈnesaprata/
6675	oglekļa	carbon	/ˈuoɡlekʎa/
6676	pīles	duck	/ˈpiːles/
6677	slinks	lazy	[slīnks]
6678	federāli	federal, federally; adverbial form of federāls	/ˈfedæraːli/
6679	sīkumu	trifle	/ˈsiːkumu/
6680	ietekmīgs	influential	/ˈietekmiːɡs/
6681	uzņēmējs	boss	/ˈuzɲeːmeːjs/
6682	apmainīt	to swap, to exchange something for something else	[apmāīnîːt]
6683	ledusskapī	refrigerator, fridge	/ˈlædusskapiː/
6684	mobilos	mobile	/ˈmobiluos/
6685	meklēšanā	looking for, searching, seeking; verbal noun of meklēt	/ˈmekleːʃanaː/
6686	neticama	unbelievable; which cannot or should not be believed;…	/ˈnetit͡sama/
6687	āķa	hook	/ˈaːca/
6688	zagļiem	thief	/ˈzaɡʎiem/
6689	radušās	having found; indefinite past active participle of rast	/ˈraduʃaːs/
6690	pilsētās	city, town	/ˈpilsæːtaːs/
6691	pusnaktij	midnight	/ˈpusnaktij/
6692	smagumu	weight, heaviness; gravity	/ˈsmaɡumu/
6693	studente	student	[studæːntæ]
6694	sīkumus	trifle	/ˈsiːkumus/
6695	kubā	cube	/ˈkubaː/
6696	rezultātiem	result	/ˈrezultaːtiem/
6697	saulīte	sun	/ˈsauliːte/
6698	skaistuma	beauty	/ˈskaistuma/
6699	bērnība	childhood	/ˈbeːrniːba/
6700	dievināja	to admire, to adore, to idolize, to deify	/ˈdieʋinaːja/
6701	tievs	thin	[tiêws]
6702	zvēriem	beast, animal	/z-ˈʋæːriem/
6703	jaukajā	nice, cute	/ˈjaukajaː/
6704	kalendārā	calendar	/ˈkalæŋdaːraː/
6705	trepes	ladders	[ˈtɾɛpːɛs]
6706	aknu	liver	/ˈaknu/
6707	iekšu	interior, inside	/ˈiekʃu/
6708	neatver	to not open; negative form of atvērt	/ˈneatʋær/
6709	salds	sweet	[sâlts]
6710	uzdos	to raise, to lift, e.g., hay, straw, etc	/ˈuzduos/
6711	raudāju	to weep, to cry and producing inarticulate sounds, because…	/ˈraudaːju/
6712	mazgāju	first-person singular present/past indicative of mazgāt	/ˈmazɡaːju/
6713	rakstniece	writer	/ˈrakstniet͡se/
6714	miru	to die	/ˈmiru/
6715	ievainojums	injury	/ˈieʋaiːnuojums/
6716	dienvidi	south	/ˈdieːnʋidi/
6717	karaliskais	royal	/ˈkaraliskais/
6718	apkaime	neighbourhood, vicinity, environs, surrounding area	/ˈapkaime/
6719	roc	to dig	/ˈruot͡s/
6720	brīvām	free	/ˈbriːʋaːm/
6721	ziloni	elephant	/ˈziluoni/
6722	dziedātājs	singer, a person that sings	/ˈdziedaːtaːjs/
6723	teikums	sentence, clause	/ˈteikums/
6724	soļo	to walk	/ˈsuoʎuo/
6725	projektam	project	/ˈpro`jektam/
6726	dejotājas	dancer	/ˈdejuotaːjas/
6727	mazgāt	to wash	[mazɡâːt]
6728	spalvām	feather	/ˈspallʋaːm/
6729	esošā	being; indefinite present active participle of būt	/ˈesuoʃaː/
6730	sencis	ancestor	[ˈsɛ̄nt͡sis]
6731	orķestris	orchestra	/ˈorcestris/
6732	slavenības	famous person, celebrity, celeb	/ˈslaʋeniːbas/
6733	dzīvajā	living, alive	/ˈdziːʋajaː/
6734	krasts	shore	/ˈkrasts/
6735	atbilžu	answer	/ˈatbillʒu/
6736	rok	to dig	/ˈruok/
6737	saldumus	sweetness	/ˈsalldumus/
6738	virkne	chain, row, sequence, series, succession	/ˈʋirkne/
6739	mīļākajiem	dearer, more cherished, more beloved; indefinite…	/ˈmiːʎaːːkajiem/
6740	stum	to push, to pull	/ˈstum/
6741	pin	to braid	/ˈpin/
6742	siti	to hit, to strike, to beat	/ˈsiti/
6743	kalendāru	calendar	/ˈkalæŋdaːru/
6744	direktore	director	[diɾɛktoːɾɛ]
6745	domāšana	thinking; verbal noun of domāt	/ˈduomaːʃana/
6746	bīstamā	dangerous, perilous, scary	/ˈbiːstamaː/
6747	republika	republic	/ˈrepublika/
6748	nedeva	to not give; negative form of dot	/ˈnedæʋa/
6749	dzerot	to drink	/ˈdzæruot/
6750	nenācu	to not come; negative form of nākt	/ˈnenaːt͡su/
6751	stulbības	stupidity	/ˈstullbiːbas/
6752	strādāsim	to work	/ˈstraːdaːsim/
6753	kalnam	mountain, hill	/ˈkallnam/
6754	morāle	morality	/ˈmoraːle/
6755	ļaunumam	evil	/ˈʎaunumam/
6756	miljona	million	/ˈmilljoːna/
6757	ciemiņi	guest, visitor	/ˈt͡siemiɲi/
6758	braukšana	going, riding; verbal noun of braukt	/ˈbraukʃana/
6759	spīdzināšana	torture	/ˈspiːdzinaːʃana/
6760	pliku	naked, nude	/ˈpliku/
6761	pēcpusē	tail, ass, butt	/ˈpeːt͡spuseː/
6762	kārt	to hang	/ˈkaːrt/
6763	pateicīgi	grateful, thankful, fruitful, gratefully, thankfully,…	/ˈpateit͡siːɡi/
6764	sabiedrotais	ally	/ˈsabiedruotais/
6765	aklie	blind incapable of seeing	/ˈaklie/
6766	māsiņa	little sister	/ˈmaːsiɲa/
6767	ētikas	ethics	/ˈeːtikas/
6768	virsotnes	top, peak, summit	/ˈʋirsuotnes/
6769	morāli	moral, morally; adverbial form of morāls	/ˈmoraːli/
6770	bokss	boxing, pugilism	/ˈbokss/
6771	bāreņiem	orphan	/ˈbaːreɲiem/
6772	tvaiks	steam, vapor	[ˈtvài̯ks]
6773	ielejai	valley	/ˈielejai/
6774	sveicienu	greeting, salutation	/ˈsʋeit͡sieːnu/
6775	ierīcēm	device, appliance, instrument	/ˈieriːt͡seːm/
6776	zilonis	elephant	[ziluònis]
6777	pūt	to rot	[ˈpūːt]
6778	dien	day	/ˈdien/
6779	dabūjuši	having gotten, having obtained, having received; indefinite…	/ˈdabuːjuʃi/
6780	šausmās	terror, horror	/ˈʃausmaːs/
6781	modri	vigilant, watchful, alert, vigilantly, watchfully, alertly…	/ˈmuodri/
6782	paģiras	hangover	/ˈpaɟiras/
6783	mūžība	eternity, perpetuity	/ˈmuːʒiːba/
6784	lasīji	to read	/ˈlasiːji/
6785	kultūru	culture	/ˈkultuːru/
6786	aizejiet	to leave, to go away, to escape	/ˈaizejiet/
6787	tumšajām	dark	/ˈtumʃajaːm/
6788	mīļu	dear, cherished, beloved	/ˈmiːʎu/
6789	zaudēta	lost; indefinite past passive participle of zaudēt	/ˈzaudæːta/
6790	mezgliem	knot	/ˈmezɡliem/
6791	normālā	normal	/ˈnormaːlaː/
6792	uzdevumam	task, duty	/ˈuzdæʋumam/
6793	lampu	lamp	/ˈlampu/
6794	augstumos	height, altitude	/ˈauɡstumuos/
6795	prāvai	large, big, sizeable, considerable	/ˈpraːʋai/
6796	vemt	to vomit, to puke	/ˈʋæmt/
6797	lielākajai	bigger, larger, greater; indefinite comparative degree of…	/ˈlielːaːːkajai/
6798	tvaika	steam, vapor	/ˈtʋaika/
6799	iedvesma	inspiration	[ìɛdvɛsma]
6800	zilu	blue color as, e.g., a clear sky	/ˈzilu/
6801	vāveres	squirrel	/ˈʋaːʋeres/
6802	josla	strip, stripe	[ˈjuɔ̯̂sla]
6803	odze	viper, adder	[ˈuɔ̯̂d͡zɛ]
6804	ļaunāks	more evil; indefinite comparative degree of ļauns	/ˈʎaunaːːks/
6805	neietu	to not go; negative form of iet	/ˈneietu/
6806	kalpu	farmhand, farm laborer, servant	/ˈkalpu/
6807	reālus	real	/ˈreaːlus/
6808	cēla	to lift, to raise	/ˈt͡sæːla/
6809	lietū	rain, shower; rainwater	/ˈlietuː/
6810	selēna	selenium	/ˈsælæːna/
6811	vienās	one	/ˈʋieːnaːs/
6812	nedotu	to not give; negative form of dot	/ˈneduotu/
6813	vilcieni	one-off event of dragging, pulling, drawing, or its result	/ˈʋilt͡sieːni/
6814	nevarējāt	to not be able to; negative form of varēt	/ˈneʋareːjaːt/
6815	mazuļus	little child, little one, baby	/ˈmazuʎus/
6816	otrdiena	Tuesday	/ˈuotrdieːna/
6817	svinu	lead	/ˈsʋinu/
6818	studēt	to study at a university or college	[studɛ̂ːt]
6819	mīlēts	loved; indefinite past passive participle of mīlēt	/ˈmiːleːts/
6820	tumšas	dark	/ˈtumʃas/
6821	vājums	weakness	/ˈʋaːjums/
6822	nacionālās	national	/ˈnat͡sioːnaːlaːs/
6823	augusta	the month of August	/ˈauɡusta/
6824	ellei	hell	/ˈellei/
6825	lasot	to read	/ˈlasuot/
6826	kamene	bumblebee	/ˈkamene/
6827	nācāt	to come	/ˈnaːt͡saːt/
6828	pētīt	to investigate	/ˈpeːtiːt/
6829	vilkam	wolf	/ˈʋilkam/
6830	statusu	status	/ˈstatusu/
6831	jūda	Jew	/ˈjuːda/
6832	balti	white, whitish; adverbial form of balts	/ˈbalti/
6833	govi	cattle	/ˈɡuoʋi/
6834	otrdienā	Tuesday	/ˈuotrdieːnaː/
6835	kristāls	crystal	/ˈkristaːls/
6836	saulesbrilles	sunglasses	/ˈsaulesbrilles/
6837	vajadzīgais	necessary	/ˈʋa`ja`dziːɡais/
6838	ķiveres	helmet, hard hat	/ˈciʋeres/
6839	pēcpusdiena	afternoon	[pɛː̂tspusdìɛna]
6840	rakstura	character, temperament, personality, nature	/ˈrakstura/
6841	nākamajās	locative plural feminine of nākamais	/ˈnaːːkamajaːs/
6842	brāļu	brother	/ˈbraːʎu/
6843	slimnīcai	hospital	/ˈslimniːt͡sai/
6844	pilsoni	citizen	/ˈpilsuoni/
6845	saldu	sweet	/ˈsalldu/
6846	tirgot	to sell, to vend goods, usually in the market, in a shop	[ˈtìɾɡuɔ̯̂t]
6847	dzirdēs	to hear	/ˈdzirdeːs/
6848	gans	shepherd	/ˈɡans/
6849	kamerai	camera	/ˈkamærai/
6850	augsto	high, tall	/ˈauɡstuo/
6851	neteiksim	to not say, to not tell; negative form of teikt	/ˈneteiksim/
6852	sastāvs	composition, constitution	/ˈsastaːʋs/
6853	melnajiem	black	/ˈmællnajiem/
6854	auts	put on; indefinite past passive participle of aut	/ˈauts/
6855	psiholoģijas	psychology	/ˈpsiholoːɟijas/
6856	nepalīdzēja	to not help; negative form of palīdzēt	/ˈnepaliːdzeːja/
6857	čūskām	snake	/ˈt͡ʃuːskaːm/
6858	ierocim	weapon	/ˈieruot͡sim/
6859	kaku	poo	/ˈkaku/
6860	ēstu	to eat	/ˈæːstu/
6861	aizliegt	to prohibit, to forbid	/ˈaizlieɡt/
6862	mauku	indecent, dissolute woman; prostitute, whore	/ˈmauku/
6863	deaktivizēt	to deactivate, to disable	/ˈdeaktiʋizeːt/
6864	gulējāt	to sleep, to be asleep	/ˈɡuleːjaːt/
6865	zvēra	beast, animal	/z-ˈʋæːra/
6866	lielbritānijas	genitive singular of Lielbritānija	/ˈlielːbritaːnijas/
6867	asumu	sharpness	/ˈasumu/
6868	meklēts	looked for, searched, sought; indefinite past passive…	/ˈmekleːts/
6869	runāšana	speaking, talking; verbal noun of runāt	/ˈrunaːʃana/
6870	aparātam	device, appliance, set, machine, contraption	/ˈaparaːtam/
6871	nezinājāt	to not know; negative form of zināt	/ˈnezinaːjaːt/
6872	slimos	sick, ill, diseased	/ˈslimuos/
6873	indiešu	Indian, a man from India	/ˈiŋdieʃu/
6874	pavēlēju	to order, to command	/ˈpaʋeːleːju/
6875	dziedu	to sing	/ˈdziedu/
6876	kailām	naked, nude, bare	/ˈkailaːm/
6877	metodēm	method	/ˈmetoːdeːm/
6878	aizmirsīšu	to forget	/ˈaizmirsiːʃu/
6879	necel	to not lift, to not raise, to not build; negative form of…	/ˈnet͡sæl/
6880	jautājumos	question; inquiry	/ˈjautaːjumuos/
6881	ļaunas	evil, wicked	/ˈʎaunas/
6882	jaukais	nice, cute	/ˈjaukais/
6883	asarām	tears	/ˈasaraːm/
6884	neredzējāt	to not see; negative form of redzēt	/ˈneredzeːjaːt/
6885	kapiem	grave	/ˈkapiem/
6886	mazināt	to reduce, to turn down	/ˈmazinaːt/
6887	ķīmiskās	chemical	/ˈciːmiskaːs/
6888	seru	sir, Sir	/ˈsæru/
6889	parastas	normal, ordinary, plain	/ˈparastas/
6890	milzi	giant	/ˈmillzi/
6891	vaska	wax	/ˈʋaska/
6892	precīzu	precise, exact, accurate	/ˈpret͡siːzu/
6893	zeķi	sock	/ˈzæci/
6894	rožu	rose	/ˈruoʒu/
6895	apstiprinājums	confirmation	/ˈapstiprinaːjums/
6896	ceļ	to lift, to raise	/ˈt͡seʎ/
6897	delfīnu	dolphin	/ˈdælfiːnu/
6898	līdzsvars	equilibrium, balance	/ˈliːdzsʋars/
6899	rīkles	throat; pharynx	/ˈriːkles/
6900	rādītāju	part of a measuring instrument that moves to show the…	/ˈraːdiːtaːju/
6901	krāsns	stove	[kɾâːsns]
6902	mākoņi	cloud	/ˈmaːːkuoɲi/
6903	sienās	wall that limits a building, a room, etc	/ˈsieːnaːs/
6904	zobeni	sword	/ˈzuobæni/
6905	vislielākais	the biggest, the largest, the greatest; superlative degree…	/ʋiˈslielːaːːkais/
6906	rakstus	article, paper; a piece of writing	/ˈrakstus/
6907	aicināju	to invite	/ˈait͡sinaːju/
6908	krieviski	Russian, in Russian; adverbial form of krievisks	/ˈkrieʋiski/
6909	skuķiem	girl, young woman	/ˈskuciem/
6910	pāvestu	Pope	/ˈpaːʋæstu/
6911	nedrīkstētu	to not be allowed, to not dare; negative form of drīkstēt	/ˈnedriːksteːtu/
6912	slepenie	secret	/ˈslæpenie/
6913	vējam	wind	/ˈʋeːjam/
6914	priecīgas	happy, glad, joyful, delighted	/ˈpriet͡siːɡas/
6915	ķermeņiem	body	/ˈcærmeɲiem/
6916	mehānisms	mechanism, engine	/ˈmehaːnism̩s/
6917	neejam	to not go; negative form of iet	/ˈneejam/
6918	stīvais	stiff, hard, numb	/ˈstiːʋais/
6919	mizas	tree bark	/ˈmizas/
6920	aklo	blind incapable of seeing	/ˈakluo/
6921	ķīmisko	chemical	/ˈciːmiskuo/
6922	vecus	old	/ˈʋæt͡sus/
6923	pulveris	powder	/ˈpullʋeris/
6924	jāaizstāv	to defend	/ˈjaːaizstaːʋ/
6925	cīnītāju	fighter, combatant	/ˈt͡siːniːtaːju/
6926	dusi	to be dead, to rest	/ˈdusi/
6927	varianti	version, variant, option	/ˈʋarianti/
6928	aiziešana	going away; verbal noun of aiziet	/ˈaizieʃana/
6929	paslēpa	to hide	/ˈpaslæːpa/
6930	dāsns	generous	[dāːsns]
6931	salai	island	/ˈsalai/
6932	noslēpumainais	secretive, mysterious	/ˈnuoslæːpumaiːnais/
6933	iedevāt	to give, to hand, so that someone takes it	/ˈiedæʋaːt/
6934	komandanta	army commandant, officer in charge	/ˈkomaŋdanta/
6935	mākonis	cloud	/ˈmaːːkuonis/
6936	nesaprotam	not understanding; adverbial object-of-perception present…	/ˈnesapruotam/
6937	auglis	fruit	[âwɡlis]
6938	rūpju	worries, concern	/ˈruːpju/
6939	polo	polo	/ˈpoːloː/
6940	dzīvoklim	apartment	/ˈdziːʋuoklim/
6941	žurnālists	journalist	/ˈʒurnaːlists/
6942	žīda	Yid, Yiddo	/ˈʒiːda/
6943	holandieti	a Dutchman, a man from the Netherlands	/ˈholaŋdieti/
6944	doti	given; indefinite past passive participle of dot	/ˈduoti/
6945	puisītis	little boy; diminutive of puisis	/ˈpuisiːtis/
6946	imperatora	emperor	/ˈimpæratoːra/
6947	pavadonis	guard	/ˈpaʋaduonis/
6948	vēlam	late	/ˈʋæːlam/
6949	civilizācija	civilization	/ˈt͡siʋilizaːt͡sija/
6950	nabadzīgs	poor	/ˈnabadziːɡs/
6951	glābjot	to save death; to protect from death	/ˈɡlaːbjuot/
6952	eiropiešu	a European man, a man, person from Europe or of European…	/ˈeiropieʃu/
6953	burtus	letter	/ˈburtus/
6954	produkti	product	/ˈprodukti/
6955	īpašās	specific, independent	/ˈiːpaʃaːs/
6956	plašu	wide, broad, spacious, large	/ˈplaʃu/
6957	noslēpumains	secretive, mysterious	/ˈnuoslæːpumains/
6958	gardas	tasty, delicious	/ˈɡardas/
6959	izteiktu	to express	/ˈizteiktu/
6960	veselīga	healthy, robust	/ˈʋæseliːɡa/
6961	dziļā	deep	/ˈdziʎaː/
6962	cīnītāja	fighter, combattant	/ˈt͡siːniːtaːja/
6963	vali	whale	/ˈʋali/
6964	darbībai	action, activity	/ˈdarbiːbai/
6965	sīkās	tiny, little, small	/ˈsiːkaːs/
6966	centram	center	/ˈt͡sentram/
6967	neraksta	to not write; negative form of rakstīt	/ˈneraksta/
6968	lidaparāts	aircraft, vehicle capable of flying	/ˈlidaparaːts/
6969	riteņu	wheel	/ˈriteɲu/
6970	cieto	solid	/ˈt͡sietuo/
6971	pavēlniekam	master	/ˈpaʋeːllniekam/
6972	jaunietis	a young man, between adolescence and adulthood	/ˈjaunietis/
6973	nedosies	to not give self, to not go; negative form of dot	/ˈneduosies/
6974	daudzuma	amount, quantity, number	/ˈdaudzuma/
6975	nozagsim	to steal	/ˈnuozaɡsim/
6976	vēlākam	later; indefinite comparative degree of vēls	/ˈʋæːlaːːkam/
6977	ceturtdienas	Thursday	/ˈt͡seturtdieːnas/
6978	svešais	unknown, foreign	/ˈsʋeʃais/
6979	iedzēra	to drink, to have a drink	/ˈiedzeːra/
6980	dzelžus	iron objects	/ˈdzællʒus/
6981	veidam	form	/ˈʋeidam/
6982	eksistēju	first-person singular present/past indicative of eksistēt	/ˈeksisteːju/
6983	orgasmu	orgasm	/ˈorɡasmu/
6984	trusis	rabbit	/ˈtrusis/
6985	zarnu	intestine, bowel	/ˈzarnu/
6986	lielisko	great, wonderful expressing such characteristics	/ˈlielːiskuo/
6987	mazākā	smaller, littler; indefinite comparative degree of mazs	/ˈmazaːːkaː/
6988	skapja	wardrobe; cupboard; closet; shelf	/ˈskapja/
6989	ēdīs	to eat	/ˈeːdiːs/
6990	stiprākais	stronger; indefinite comparative degree of stiprs	/ˈstipraːːkais/
6991	cūkām	pig	/ˈt͡suːkaːm/
6992	brūni	brown, brownish; adverbial form of brūns	/ˈbruːni/
6993	mainīsim	to change, to exchange	/ˈmaiːniːsim/
6994	lidaparātus	aircraft, vehicle capable of flying	/ˈlidaparaːtus/
6995	neatrastos	not found; indefinite past passive participle of neatrast	/ˈneatrastuos/
6996	sekunde	second	/ˈsekuŋde/
6997	slavē	fame, glory; alternative form of slava	/ˈslaʋeː/
6998	grāmatai	book	/ˈɡraːmatai/
6999	auga	plant	/ˈauɡa/
7000	studēju	first-person singular present/past indicative of studēt	/ˈstudeːju/
7001	meitām	daughter	/ˈmeitaːm/
7002	ēdienkartē	menu	/ˈeːdieːnkarteː/
7003	stīva	stiff, hard, numb	/ˈstiːʋa/
7004	fotogrāfs	photographer	/ˈfotoɡraːfs/
7005	galīgs	final, ultimate, finished	/ˈɡaliːɡs/
7006	opera	opera	/ˈoːpera/
7007	reģistrus	register	/ˈreɟistrus/
7008	zaudējat	to lose	/ˈzaudeːjat/
7009	bēdās	sadness, sorrow, grief	/ˈbæːdaːs/
7010	pērciet	to buy, to purchase	/ˈpeːrt͡siet/
7011	kļūsiet	to become	/ˈkʎuːsiet/
7012	darbinieka	employee; clerk; official	/ˈdarbinieka/
7013	ratiem	wheel	/ˈratiem/
7014	balsts	support, prop, rest	/ˈbalsts/
7015	iestādi	institution, office, authority	/ˈiestaːdi/
7016	čomu	a male friend, a buddy, a pal	/ˈt͡ʃomu/
7017	diennakti	day	/ˈdieːnnakti/
7018	pelēks	gray	[pælæ̂ːks]
7019	ēnās	shadow	/ˈæːnaːs/
7020	ēdienam	food prepared for consumption; meal; dish	/ˈeːdieːnam/
7021	kelvins	kelvin	/ˈkellʋins/
7022	spāņi	Spaniard	/ˈspaːɲi/
7023	nedzirdēs	to not hear; negative form of dzirdēt	/ˈnedzirdeːs/
7024	karavīriem	soldier	/ˈkaraʋiːriem/
7025	neglīti	ugly, in an ugly way; adverbial form of neglīts	/ˈneɡliːti/
7026	sociālo	social	/ˈsot͡siaːluo/
7027	nekļūst	to not become; negative form of kļūt	/ˈnekʎuːst/
7028	apstākļu	circumstance	/ˈapstaːːkʎu/
7029	zaļajiem	green	/ˈzaʎajiem/
7030	pudelīte	bottle	/ˈpudeliːte/
7031	ritenis	wheel	/ˈritenis/
7032	mēnesim	moon	/ˈmeːnesim/
7033	neaizmirsīsim	to not forget; negative form of aizmirst	/ˈneaizmirsiːsim/
7034	plaša	wide, broad, spacious, large	/ˈplaʃa/
7035	neņemsi	to not take; negative form of ņemt	/ˈneɲæmsi/
7036	ēdām	to eat	/ˈæːdaːm/
7037	profesoram	professor	/ˈprofesoːram/
7038	jaunieti	a young man, between adolescence and adulthood	/ˈjaunieti/
7039	fizisku	physical	/ˈfizisku/
7040	stingra	firm, strong, rigid	/ˈstiŋɡra/
7041	tārps	worm	/ˈtaːrps/
7042	laimīgam	happy	/ˈlaimiːɡam/
7043	aploksnē	envelope	/ˈapluoksneː/
7044	dzērusi	having drunk; indefinite past active participle of dzert	/ˈdzæːrusi/
7045	muļķiem	fool, stupid man	/ˈmuʎciem/
7046	nebraucam	not going, not riding; adverbial object-of-perception…	/ˈnebraut͡sam/
7047	klusumā	silence, quiet	/ˈklusumaː/
7048	nedēļai	week	/ˈnedeːʎai/
7049	braucāt	to go, to ride	/ˈbraut͡saːt/
7050	aromāts	aroma, fragrance	/ˈaromaːts/
7051	nemirsi	to not die; negative form of mirt	/ˈnemirsi/
7052	degu	first-person singular present/past indicative of degt	/ˈdæɡu/
7053	senčiem	ancestor	/ˈsent͡ʃiem/
7054	aizliegumu	prohibition, ban	/ˈaizlieɡumu/
7055	maiznīcas	bakery	/ˈmaiz-niːt͡sas/
7056	drudzi	fever	/ˈdrudzi/
7057	deviņām	nine	/ˈdeʋiɲaːm/
7058	gatavots	prepared; indefinite past passive participle of gatavot	/ˈɡataʋuots/
7059	spainis	bucket, pail	[spāīnis]
7060	pēda	foot	/ˈpæːda/
7061	arlabvakar	polite farewell, used in the evening; have a good evening!	/ˈarlabʋakar/
7062	ziloņi	elephant	/ˈziluoɲi/
7063	situsi	having hit, having struck, having beaten; indefinite past…	/ˈsitusi/
7064	aktīva	active voice	/ˈaktiːʋa/
7065	jāmelo	to lie, to tell lies	/ˈjaːmæluo/
7066	milzīgo	huge, enormous, giant	/ˈmillziːɡuo/
7067	patiesās	true, sincere, authentic	/ˈpatiesaːs/
7068	muļķes	fool, stupid woman	/ˈmuʎces/
7069	maksājat	to pay	/ˈmaksaːjat/
7070	slepkavām	killer, murderer	/ˈslæpkaʋaːm/
7071	meklēdami	looking for, searching, seeking; adverbial variable present…	/ˈmeklæːdami/
7072	sviesta	butter	/ˈsʋiesta/
7073	ēdiet	to eat	/ˈeːdiet/
7074	anālo	anal	/ˈanaːluo/
7075	vācietis	a German, a man from Germany	/ˈʋaːt͡sietis/
7076	sastāvā	composition, constitution	/ˈsastaːʋaː/
7077	funkcija	function	/ˈfuŋkt͡sija/
7078	dvīņiem	twin	/ˈdʋiːɲiem/
7079	prasījis	having asked for, having requested, having demanded;…	/ˈprasiːjis/
7080	ziepju	soap	/ˈziepju/
7081	seksuālā	sexual	/ˈseksuaːlaː/
7082	nozagšu	to steal	/ˈnuozaɡʃu/
7083	zīda	silk	/ˈziːda/
7084	mietu	stick, stake, picket, post, pole	/ˈmietu/
7085	dzīvais	living, alive	/ˈdziːʋais/
7086	centieni	efforts, aspirations	/ˈt͡sentieːni/
7087	aizstāvat	to defend	/ˈaizstaːʋat/
7088	rokrakstu	handwriting	/ˈruokrakstu/
7089	kaunu	shame act, action	/ˈkaunu/
7090	šomēnes	this month	/ˈʃuomeːnes/
7091	rakstītu	to write by means of writing; to make, form letters with a…	/ˈrakstiːtu/
7092	lidaparātu	aircraft, vehicle capable of flying	/ˈlidaparaːtu/
7093	zili	blue, bluish; adverbial form of zils	/ˈzili/
7094	profesiju	profession	/ˈprofesiju/
7095	pirku	to buy, to purchase	/ˈpirku/
7096	turīgs	well off, rich, wealthy	/ˈturiːɡs/
7097	aizstāvēja	to defend	/ˈaizstaːʋeːja/
7098	nākamos	accusative plural masculine of nākamais	/ˈnaːːkamuos/
7099	pavēlēsiet	to order, to command	/ˈpaʋeːleːsiet/
7100	mīlējām	to love, to feel love for	/ˈmiːleːjaːm/
7101	marihuānas	marijuana	/ˈmarihuaːnas/
7102	izplatīt	to spread, to diffuse, to disseminate, to distribute, to…	/ˈizplatiːt/
7103	stadija	stage, level, phase	/ˈstadija/
7104	zieds	blossom; flower	/ˈzieds/
7105	atdalīt	to separate, to disconnect, to detach	/ˈatdaliːt/
7106	samērā	relatively, rather	/ˈsameːraː/
7107	āfriku	accusative/instrumental singular of Āfrika	/ˈaːfriku/
7108	ražošana	production, producing; verbal noun of ražot	/ˈraʒuoʃana/
7109	cietu	solid	/ˈt͡sietu/
7110	nevainību	innocence, lack of guilt	/ˈneʋaiːniːbu/
7111	krāsās	color	/ˈkraːsaːs/
7112	matracis	mattress	/ˈmatrat͡sis/
7113	violetas	purple	/ˈʋiolætas/
7114	veselīgi	healthful, healthy, robust, healthfully, healthily,…	/ˈʋæsæliːɡi/
7115	ceturtdienai	Thursday	/ˈt͡seturtdieːnai/
7116	pelēkais	gray	/ˈpæleːkais/
7117	asa	sharp can easily cut or pierce	/ˈasa/
7118	omu	mood	/ˈoːmu/
7119	vislabākajā	definite locative masculine/feminine singular of vislabāks	/ʋiˈslabaːːkajaː/
7120	stabus	pole, post, pillar	/ˈstabus/
7121	mājdzīvnieku	domestic animal	/ˈmaːjdziːʋnieku/
7122	noslēpumaina	secretive, mysterious	/ˈnuoslæːpumaiːna/
7123	vadiem	pipe, tube, duct, chute	/ˈʋadiem/
7124	gulējusi	having slept, having lain down; indefinite past active…	/ˈɡuleːjusi/
7125	reaktors	reactor	/ˈreaktoːrs/
7126	aktīvu	active voice	/ˈaktiːʋu/
7127	nestāstu	to not tell, to not narrate; negative form of stāstīt	/ˈnestaːstu/
7128	garajā	long	/ˈɡarajaː/
7129	svarā	weight	/ˈsʋaraː/
7130	negribēsiet	to not want; negative form of gribēt	/ˈneɡribeːsiet/
7131	baigie	terrible, dreadful, depressive, grim; that which causes…	/ˈbaiɡie/
7132	dejojam	to dance	/ˈdejuojam/
7133	priekšstats	idea, image	/ˈpriekʃstats/
7134	gultai	bed	/ˈɡultai/
7135	ūdeņus	water	/ˈuːdeɲus/
7136	dalītos	divided, shared; indefinite past passive participle of dalīt	/ˈdaliːtuos/
7137	sarkanie	red	/ˈsarkanie/
7138	aziātu	an Asian man, a man born in Asia or of Asian descent	/ˈaziaːtu/
7139	neticēju	to not believe; negative form of ticēt	/ˈnetit͡seːju/
7140	zīdainis	infant, baby	/ˈziːdaiːnis/
7141	īkšķus	thumb	/ˈiːkʃcus/
7142	platīna	platinum	/ˈplatiːna/
7143	politiskās	political	/ˈpolitiskaːs/
7144	pakāpe	degree, level, grade	/ˈpakaːpe/
7145	greizsirdība	jealousy	/ˈɡreizsirdiːba/
7146	vieglāku	easier, lighter, milder; indefinite comparative degree of…	/ˈʋieɡlaːːku/
7147	tērauds	steel	[ˈtǣːɾaû̯t͡s]
7148	mazgā	to wash	/ˈmazɡaː/
7149	caurumi	hole	/ˈt͡saurumi/
7150	pamatus	base, basis, foundation	/ˈpamatus/
7151	neaizmirstu	to not forget; negative form of aizmirst	/ˈneaizmirstu/
7152	savienots	connected, joined, united; indefinite past passive…	/ˈsaʋieːnuots/
7153	saturna	genitive singular of Saturns	/ˈsaturna/
7154	projekti	project	/ˈpro`jekti/
7155	rakstīšu	to write by means of writing; to make, form letters with a…	/ˈrakstiːʃu/
7156	meklējams	which can or should be looked for, searched, sought;…	/ˈmekleːjams/
7157	vienīgu	only, unique	/ˈʋieːniːɡu/
7158	pasauļu	world	/ˈpasauʎu/
7159	dubļus	mud	/ˈdubʎus/
7160	produktiem	product	/ˈproduktiem/
7161	profesija	profession	/ˈprofesija/
7162	māksliniece	artist	/ˈmaːːksliniet͡se/
7163	dejošu	to dance	/ˈdejuoʃu/
7164	skate	display, exhibition, show	[skatɛ]
7165	japānu	accusative/instrumental singular of Japāna	/ˈjapaːnu/
7166	stīvu	stiff, hard, numb	/ˈstiːʋu/
7167	samurajs	samurai	[samːuɾːajs]
7168	pirka	to buy, to purchase	/ˈpirka/
7169	halātu	any flowing garment worn over the body or over other…	/ˈhalaːtu/
7170	drošākā	braver, safer, surer; indefinite comparative degree of drošs	/ˈdruoʃaːːkaː/
7171	noteiktā	determined; indefinite past passive participle of noteikt	/ˈnuoteiktaː/
7172	spilvena	pillow, cushion	/ˈspillʋæna/
7173	putna	bird	/ˈputna/
7174	arābs	Arab, a man belonging to the Arabic people or from an…	/ˈaraːbs/
7175	govīm	cattle	/ˈɡuoʋiːm/
7176	likumīgs	legal, valid, lawful	/ˈlikumiːɡs/
7177	ķīnu	accusative/instrumental singular of Ķīna	/ˈciːnu/
7178	gudrību	intelligence, wiseness, wisdom	/ˈɡudriːbu/
7179	mehāniķi	mechanic, operator, machinist	/ˈmehaːnici/
7180	izsole	auction	/ˈizsuole/
7181	šņabis	spirit, liquor	[ˈʃɲabis]
7182	ciems	village, settlement	[tsìems]
7183	dzīlēm	depth	/ˈdziːleːm/
7184	kaulos	bone	/ˈkauluos/
7185	drūms	gloomy, dreary, sombre, bleak, miserable	/ˈdruːms/
7186	pīpēt	to smoke	/ˈpiːpeːt/
7187	klusa	soft, quiet, silent	/ˈklusa/
7188	muļķību	foolishness, folly, stupidity	/ˈmuʎciːbu/
7189	šausmīgu	horrible, terrible	/ˈʃausmiːɡu/
7190	gadsimts	century	[ɡatsìmts]
7191	trijās	three	/ˈtrijaːs/
7192	starts	start	/ˈstarts/
7193	duci	dozen	/ˈdut͡si/
7194	skaistām	beautiful	/ˈskaistaːm/
7195	sālsūdens	salt water	/ˈsaːlsuːdæns/
7196	siltas	warm	/ˈsiltas/
7197	evolūcija	evolution	/ˈeʋoluːt͡sija/
7198	psihiatrs	psychiatrist	/ˈpsihiatrs/
7199	pasu	passport	/ˈpasu/
7200	drosmīgais	brave, courageous	/ˈdruosmiːɡais/
7201	grieķi	Greek, a man born in Greece; also, an Ancient Greek, a man…	/ˈɡrieci/
7202	lielāki	bigger, larger, greater; indefinite comparative degree of…	/ˈlielːaːːki/
7203	sapnim	dream	/ˈsapnim/
7204	ratu	wheel	/ˈratu/
7205	studija	studio, school	/ˈstudija/
7206	tirgotāju	merchant, dealer, trader	/ˈtirɡuotaːju/
7207	ķirurgs	surgeon	/ˈcirurɡs/
7208	bijušos	having been; indefinite past active participle of būt	/ˈbijuʃuos/
7209	vilcieniem	one-off event of dragging, pulling, drawing, or its result	/ˈʋilt͡sieːniem/
7210	frekvenci	frequency, rate	/ˈfrekʋænt͡si/
7211	neredzējām	to not see; negative form of redzēt	/ˈneredzeːjaːm/
7212	nezaudējiet	to not lose; negative form of zaudēt	/ˈnezaudeːjiet/
7213	stāstījāt	to tell, to narrate	/ˈstaːstiːjaːt/
7214	uzdodas	to give, present oneself as, to claim to be; reflexive of…	/ˈuzduodas/
7215	glābšanu	saving, salvation; verbal noun of glābt	/ˈɡlaːbʃanu/
7216	atomu	atom	/ˈatoːmu/
7217	garāka	longer; indefinite comparative degree of garš	/ˈɡaraːːka/
7218	oglēm	charcoal	/ˈuoɡleːm/
7219	sulas	juice	/ˈsulas/
7220	skatīt	to look at, to see	[skatîːt]
7221	mākoņiem	cloud	/ˈmaːːkuoɲiem/
7222	dziedāji	to sing	/ˈdziedaːji/
7223	lija	harrier	/lija/
7224	fāze	phase	/ˈfaːze/
7225	sazvērestība	conspiracy, plot	/ˈsaz-ʋeːrestiːba/
7226	stāstīšu	to tell, to narrate	/ˈstaːstiːʃu/
7227	jāņa	genitive singular of Jānis	/ˈjaːɲa/
7228	taizemē	locative singular of Taizeme	/ˈtaizemeː/
7229	niknums	fury, rage, ferocity	/ˈniknums/
7230	ceptu	to fry	/ˈt͡sæptu/
7231	nokaut	to kill	/ˈnuokaut/
7232	sapratuši	having understood; indefinite past active participle of…	/ˈsapratuʃi/
7233	runām	speech, speaking, talking	/ˈrunaːm/
7234	dziedāju	to sing	/ˈdziedaːju/
7235	sausa	dry little or no liquid, moisture, vapor; whose surface has…	/ˈsausa/
7236	ķīnieši	a Chinese man, a man from China or of Chinese descent	/ˈciːnieʃi/
7237	aprakt	to bury, to inter	/ˈaprakt/
7238	augstāku	higher, taller; indefinite comparative degree of augsts	/ˈauɡstaːːku/
7239	nafta	petroleum, oil	/ˈnafta/
7240	skolniekiem	schoolboy, pupil, student	/ˈskuolniekiem/
7241	mūku	monk	/ˈmuːku/
7242	mātīte	female animal	/ˈmaːtiːte/
7243	taps	to be made, to be formed, to be invented, to be discovered	/ˈtaps/
7244	maisus	sack, bag	/ˈmaisus/
7245	ugunskuru	fire, bonfire, campfire	/ˈuɡunskuru/
7246	slēdzene	lock	/ˈsleːdzene/
7247	ticēs	to believe	/ˈtit͡seːs/
7248	brūnas	brown	/ˈbruːnas/
7249	gulēs	to sleep, to be asleep	/ˈɡuleːs/
7250	vājās	weak	/ˈʋaːjaːs/
7251	sargiet	to protect, to guard	/ˈsarɡiet/
7252	zvejot	to fish, with fishing tools, e.g., net, fishing rod, etc	[zvejuôt]
7253	dzeršanas	drinking; verbal noun of dzert	/ˈdzærʃanas/
7254	zaķis	hare	[zacis]
7255	mazulim	little child, little one, baby	/ˈmazulim/
7256	jāmīl	to love, to feel love for	/ˈjaːmiːl/
7257	augus	plant	/ˈauɡus/
7258	augiem	all, whole	/ˈauɡiem/
7259	stulbas	stupid, dumb	/ˈstullbas/
7260	neatkarības	independence	/ˈneatkariːbas/
7261	rādītājus	part of a measuring instrument that moves to show the…	/ˈraːdiːtaːjus/
7262	onkulis	uncle	/ˈoŋkulis/
7263	biezu	thick, dense	/ˈbiezu/
7264	lasījusi	having read, having picked; indefinite past active…	/ˈlasiːjusi/
7265	punktam	stop/full stop, period	/ˈpuŋktam/
7266	iekšējās	interior, internal, inner	/ˈiekʃeːjaːs/
7267	pulksteņus	clock, watch	/ˈpulksteɲus/
7268	mīksta	soft	/ˈmiːksta/
7269	vakardienu	yesterday, the day before today	/ˈʋakardieːnu/
7270	miesā	flesh, muscle and fat tissue of a human or animal body	/ˈmiesaː/
7271	jādzird	to hear	/ˈjaːdzird/
7272	aklā	blind incapable of seeing	/ˈaklaː/
7273	slimo	sick, ill, diseased	/ˈslimuo/
7274	jācer	to hope	/ˈjaːt͡sær/
7275	nerunāsi	to not speak, to not talk; negative form of runāt	/ˈnerunaːsi/
7276	dzīvosiet	to live, to be alive	/ˈdziːʋuosiet/
7277	strāva	current, flow, stream	/ˈstraːʋa/
7278	jē	The Latvian name of the Latin script letter J/j	[jɛː]
7279	kokam	tree	/ˈkuokam/
7280	augli	fruit	/ˈauɡli/
7281	kaza	goat	[kaza]
7282	migla	fog, mist, haze	/ˈmiɡla/
7283	mazajām	small, little size of other similar objects, beings, areas,…	/ˈmazajaːm/
7284	baltos	Balt, a Baltic person, someone from the Baltic states	/ˈbaltuos/
7285	kaula	bone	/ˈkaula/
7286	nesāks	to not start, to not begin; negative form of sākt	/ˈnesaːːks/
7287	bibliotēkas	library	/ˈbiblioteːkas/
7288	tīrīju	to clean	/ˈtiːriːju/
7289	talantīga	talented	/ˈtalantiːɡa/
7290	stādu	plant, plantlet, seedling	/ˈstaːdu/
7291	aizstāvēs	to defend	/ˈaizstaːʋeːs/
7292	tīģera	tiger	/ˈtiːɟera/
7293	rīsa	rice	/ˈriːsa/
7294	uzdotu	to raise, to lift, e.g., hay, straw, etc	/ˈuzduotu/
7295	piederi	to belong	/ˈpiederi/
7296	altāra	altar	/ˈaltaːra/
7297	skūpstam	kiss	/ˈskuːpstam/
7298	ķert	to catch	/ˈcært/
7299	ķīniešiem	a Chinese man, a man from China or of Chinese descent	/ˈciːnieʃiem/
7300	sirdsapziņu	conscience	/ˈsirdsapziɲu/
7301	rakstnieku	writer	/ˈrakstnieku/
7302	žokli	jaw	/ˈʒuokli/
7303	barība	food, nutrients	/ˈbariːba/
7304	valis	whale	[valis]
7305	skapis	wardrobe; cupboard; closet; shelf	[ˈskapːis]
7306	masa	mass	[ˈmasːa]
7307	ričarda	genitive singular of Ričards	/ˈrit͡ʃarda/
7308	augstākas	higher, taller; indefinite comparative degree of augsts	/ˈauɡstaːːkas/
7309	piemirsis	having forgotten; indefinite past active participle of…	/ˈpiemirsis/
7310	valūtu	currency	/ˈʋaluːtu/
7311	nedodu	to not give; negative form of dot	/ˈneduodu/
7312	čemodānā	suitcase, trunk	/ˈt͡ʃæmodaːnaː/
7313	tālruni	telephone set, phone	/ˈtaːllruni/
7314	apavi	footwear	/ˈapaʋi/
7315	delnas	genitive singular	/ˈdællnas/
7316	skaidrību	clearness	/ˈskaidriːbu/
7317	pupus	teat	/ˈpupus/
7318	zaļu	green	/ˈzaʎu/
7319	sliktāka	worse; indefinite comparative degree of slikts	/ˈsliktaːːka/
7320	atrodot	to find	/ˈatruoduot/
7321	dvieli	towel	/ˈdʋieli/
7322	lampa	lamp	/ˈlampa/
7323	zaļās	green	/ˈzaʎaːs/
7324	pirkstiņu	accusative/instrumental singular	/ˈpirkstiɲu/
7325	startam	start	/ˈstartam/
7326	gādās	to take care of, to see to, to provide	/ˈɡaːdaːs/
7327	krauklis	raven	/ˈkrauk.lis/
7328	dziļš	deep	[ˈd͡ziʎʃ]
7329	konkrētā	concrete	/ˈkonkreːtaː/
7330	kažoks	fur coat, fur, pelt	/ˈkaʒuoks/
7331	neuzdod	to not give as a task; negative form of uzdot	/ˈneuzduod/
7332	skaļš	loud	[skaʎʃ]
7333	jāpērk	to buy, to purchase	/ˈjaːpeːrk/
7334	varavīksne	rainbow	[vaɾavîːksnɛ]
7335	govis	cattle	/ˈɡuoʋis/
7336	tārpi	worm	/ˈtaːrpi/
7337	tārpu	worm	/ˈtaːrpu/
7338	daudzajiem	dative/instrumental masculine plural of daudzie	/ˈdaudzajiem/
7339	burvība	magic, sorcery, witchcraft, wizardry	/ˈburʋiːba/
7340	kāsi	hook	/ˈkaːsi/
7341	zīmuļu	pencil	/ˈziːmuʎu/
7342	trase	track	[ˈtɾasːɛ]
7343	sacelšanās	uprising, revolt, insurgency	/ˈsat͡selʃanaːs/
7344	retāk	thinner, sparser, rarer, more thinly, more sparsely, more…	/ˈretaːːk/
7345	virsas	top	/ˈʋirsas/
7346	veselība	health	/ˈʋæseliːba/
7347	kartēm	map, chart	/ˈkarteːm/
7348	putra	porridge	/ˈputra/
7349	policiste	policewoman, police officer, female equivalent of policists	/ˈpolit͡siste/
7350	kailas	naked, nude, bare	/ˈkailas/
7351	karogi	banner, flag	/ˈkaruoɡi/
7352	hercogu	duke	/ˈhert͡soːɡu/
7353	tulkojis	having translated; indefinite past active participle of…	/ˈtulkuojis/
7354	labām	good following accepted moral rules, treating others in a…	/ˈlabaːm/
7355	modernā	modern	/ˈmodærnaː/
7356	asaris	European perch	/ˈasaris/
7357	mugurkaulu	spine, backbone	/ˈmuɡurkaulu/
7358	ķīmijas	chemistry	/ˈciːmijas/
7359	tukšo	empty	/ˈtukʃuo/
7360	vainīgam	guilty	/ˈʋaiːniːɡam/
7361	talantus	talent	/ˈtalantus/
7362	dzīvie	living, alive	/ˈdziːʋie/
7363	teicienu	phrase, saying, idiom	/ˈteit͡sieːnu/
7364	dega	to burn	/ˈdæɡa/
7365	turot	to hold	/ˈturuot/
7366	krēsli	chair	/ˈkræːsli/
7367	kamerās	camera	/ˈkamæraːs/
7368	ēdīsiet	to eat	/ˈeːdiːsiet/
7369	dzīvnieka	animal	/ˈdziːʋnieka/
7370	nāvīgi	mortal, deadly, fatal	/ˈnaːʋiːɡi/
7371	simbolu	symbol	/ˈsimboːlu/
7372	maiklam	dative singular of Maikls	/ˈmaiklam/
7373	lēna	slow	/ˈlæːna/
7374	mazajai	small, little size of other similar objects, beings, areas,…	/ˈmazajai/
7375	četros	four	/ˈt͡ʃetruos/
7376	grūtākais	more difficult, tougher; indefinite comparative degree of…	/ˈɡruːtaːːkais/
7377	velnišķīgi	devilish, diabolical, devilishly, diabolically; intensely,…	/ˈʋellniʃciːɡi/
7378	biedrus	colleague, mate, comrade	/ˈbiedrus/
7379	siltu	warm	/ˈsiltu/
7380	pusēs	half	/ˈpuseːs/
7381	dēmonu	demon, devil	/ˈdeːmoːnu/
7382	dzeršu	to drink	/ˈdzærʃu/
7383	šķēršļus	obstacle, barrier	/ˈʃceːrʃʎus/
7384	nabagi	poor, poorly, in a poor way; adverbial form of nabags	/ˈnabaɡi/
7385	netīru	dirty	/ˈnetiːru/
7386	vieglākais	easier, lighter, milder; indefinite comparative degree of…	/ˈʋieɡlaːːkais/
7387	garšīgu	tasty	/ˈɡarʃiːɡu/
7388	gulbi	swan	/ˈɡullbi/
7389	nozogu	to steal	/ˈnuozuoɡu/
7390	redzēti	seen; indefinite past passive participle of redzēt	/ˈredzeːti/
7391	slepkavībām	murder, homicide	/ˈslæpkaʋiːbaːm/
7392	rubīna	ruby	/ˈrubiːna/
7393	kanāliem	channel; canal	/ˈkanaːliem/
7394	nebrauksim	to not go, to not ride; negative form of braukt	/ˈnebrauksim/
7395	nejautāja	To not ask, to not inquire, to not question; negative form…	/ˈnejautaːja/
7396	monarhs	monarch	/ˈmonarhs/
7397	krūmu	bush, shrub	/ˈkruːmu/
7398	kustēsies	to move; reflexive of kustēt	/ˈkusteːsies/
7399	ādai	skin body	/ˈaːdai/
7400	asara	tears	/ˈasara/
7401	pļavā	meadow	/ˈpʎaʋaː/
7402	gudrāki	more intelligent, wiser; indefinite comparative degree of…	/ˈɡudraːːki/
7403	lappuses	page	/ˈlappuses/
7404	iekšējos	interior, internal, inner	/ˈiekʃeːjuos/
7405	noteiktas	determined; indefinite past passive participle of noteikt	/ˈnuoteiktas/
7406	fantastisku	fantastic	/ˈfantastisku/
7407	karaspēka	army, forces, troops	/ˈkaraspæːka/
7408	dārgakmeņu	gem, gemstone, precious stone; a polished piece of such a…	/ˈdaːrɡakmeɲu/
7409	ģitāras	guitar	/ˈɟitaːras/
7410	talanti	talent	/ˈtalanti/
7411	sargātu	to protect, to guard	/ˈsarɡaːtu/
7412	atombumba	atom bomb	/ˈatoːmbumba/
7413	dzirdēšu	to hear	/ˈdzirdeːʃu/
7414	seksam	sex, gender	/ˈseksam/
7415	bumbā	ball	/ˈbumbaː/
7416	bruņu	armor	/ˈbruɲu/
7417	solu	bench	/ˈsuolu/
7418	dzeltenais	yellow	/ˈdzeltænais/
7419	akmenī	stone, rock	/ˈakmeniː/
7420	viesmīlis	waiter person who serves visitors, clients at a restaurant,…	/ˈʋiesmiːlis/
7421	pieiet	to approach, to walk up to	/ˈpieiet/
7422	glāzē	glass	/ˈɡlaːzeː/
7423	somām	bag, pack	/ˈsuomaːm/
7424	kafejnīca	coffeehouse	/ˈkafejniːt͡sa/
7425	iekļuvis	having gotten into, having entered; indefinite past active…	/ˈiekʎuʋis/
7426	kliedziens	cry, screech, shout	/ˈkliedziens/
7427	sacītu	to say, tell	/ˈsat͡siːtu/
7428	rīsi	to swallow, to gulp down	/ˈriːsi/
7429	mjau	meow	/ˈmjau/
7430	sodas	natron	/ˈsuodas/
7431	laivai	boat	/ˈlaiʋai/
7432	pārejas	crossing, pass	/ˈpaːrejas/
7433	lielumā	size, value, magnitude	/ˈlielːumaː/
7434	ilgāku	longer; indefinite comparative degree of ilgs	/ˈillɡaːːku/
7435	nestāstīju	to not tell, to not narrate; negative form of stāstīt	/ˈnestaːstiːju/
7436	klusuma	silence, quiet	/ˈklusuma/
7437	daudzajām	dative/instrumental feminine plural of daudzie	/ˈdaudzajaːm/
7438	veikalam	shop, store	/ˈʋeikalam/
7439	spermu	sperm, semen	/ˈspærmu/
7440	gatavošanu	preparation, preparing; verbal noun of gatavot	/ˈɡataʋuoʃanu/
7441	agrs	early	[aɡɾs]
7442	nedzīvos	to not live; negative form of dzīvot	/ˈnedziːʋuos/
7443	nebrauciet	to not go, to not ride; negative form of braukt	/ˈnebraut͡siet/
7444	dvieļus	towel	/ˈdʋieʎus/
7445	ķīmija	chemistry	/ˈciːmija/
7446	dejošana	dancing; verbal noun of dejot	/ˈdejuoʃana/
7447	tvaiku	steam, vapor	/ˈtʋaiku/
7448	kurtu	to light, to ignite	/ˈkurtu/
7449	rakstāt	to write by means of writing; to make, form letters with a…	/ˈrakstaːt/
7450	zāģētava	sawmill	/ˈzaːɟæːtaʋa/
7451	cēls	noble	[tseːls]
7452	veselais	healthy	/ˈʋæsælais/
7453	labākajam	better; indefinite comparative degree of labs	/ˈlabaːːkajam/
7454	zāģētavā	sawmill	/ˈzaːɟæːtaʋaː/
7455	augļi	fruit	/ˈauɡʎi/
7456	kareivim	soldier, private rank in the army; a soldier of this rank	/ˈkareiʋim/
7457	kareivja	soldier, private rank in the army; a soldier of this rank	/ˈkareiʋja/
7458	ēģipti	accusative/instrumental singular of Ēģipte	/ˈeːɟipti/
7459	ārzemēm	abroad; foreign countries, lands	/ˈaːrzemeːm/
7460	vēsā	cool, cold	/ˈʋæːsaː/
7461	veča	old man	/ˈʋet͡ʃa/
7462	kurpēs	shoes with heels and hard soles, covering the foot but not…	/ˈkurpeːs/
7463	ņemta	taken; indefinite past passive participle of ņemt	/ˈɲæmta/
7464	garās	long	/ˈɡaraːs/
7465	prakse	practice	/ˈprakse/
7466	svētdienā	Sunday	/ˈsʋeːtdieːnaː/
7467	uzvalkus	suit	/ˈuz-ʋalkus/
7468	mape	folder, file	[ˈmapːɛ]
7469	zviedru	a Swede, a man from Sweden	/z-ˈʋiedru/
7470	banknošu	banknote, bill bank	/ˈbaŋknuoʃu/
7471	šveices	genitive singular of Šveice	/ˈʃʋeit͡ses/
7472	tintes	ink	/ˈtintes/
7473	nogurums	tiredness, fatigue	/ˈnuoɡurums/
7474	jokot	to joke, to jest, to make fun of something	[juōkuôt]
7475	cipars	digit	[tsipars]
7476	stāvēšu	to stand	/ˈstaːʋeːʃu/
7477	tuksnesi	desert	/ˈtuksnæsi/
7478	tīkla	mesh	/ˈtiːkla/
7479	pašreizējo	current, present	/ˈpaʃreizeːjuo/
7480	sestdienu	Saturday	/ˈsestdieːnu/
7481	rītiem	morning	/ˈriːtiem/
7482	atvainotos	excused; indefinite past passive participle of atvainot	/ˈatʋaiːnuotuos/
7483	deviņu	nine	/ˈdeʋiɲu/
7484	dārgās	expensive, costly	/ˈdaːrɡaːs/
7485	lieluma	size, value, magnitude	/ˈlielːuma/
7486	atbildēm	answer	/ˈatbilldeːm/
7487	lente	riband	/ˈlente/
7488	miltos	flour	/ˈmiltuos/
7489	slepkavot	to murder	/ˈslæpkaʋuot/
7490	pēcpuses	tail, ass, butt	/ˈpeːt͡spuses/
7491	ziemeļi	north	/ˈziemeʎi/
7492	stāstītu	to tell, to narrate	/ˈstaːstiːtu/
7493	netīrie	dirty	/ˈnetiːrie/
7494	mežus	forest	/ˈmeʒus/
7495	aizliedza	to prohibit, to forbid	/ˈaizliedza/
7496	veciem	old	/ˈʋæt͡siem/
7497	pelnos	ashes, cinders, embers	/ˈpællnuos/
7498	palīdzat	to help, to help out, to aid, to assist	/ˈpaliːdzat/
7499	alkoholiķis	alcoholic, drunkard	/ˈalkoholicis/
7500	krāsām	color	/ˈkraːsaːm/
7501	profesijā	profession	/ˈprofesijaː/
7502	klauniem	clown	/ˈklauniem/
7503	fotoaparāts	camera	/ˈfotoaparaːts/
7504	akadēmijas	academy	/ˈakadeːmijas/
7505	autobusi	bus	/ˈautobusi/
7506	svārkiem	coat, jacket	/ˈsʋaːrkiem/
7507	nažus	knife	/ˈnaʒus/
7508	viesmīle	waitress person who serves visitors, clients at a…	/ˈʋiesmiːle/
7509	sliktām	bad not following moral rules, treating others in a cruel…	/ˈsliktaːm/
7510	kanālā	channel; canal	/ˈkanaːlaː/
7511	sals	intense cold, frost, with air temperature below the…	/ˈsals/
7512	lidmašīnām	airplane	/ˈlidmaʃiːnaːm/
7513	stingru	firm, strong, rigid	/ˈstiŋɡru/
7514	vēji	wind	/ˈʋeːji/
7515	dzirde	hearing	/ˈdzirde/
7516	krusti	suffering, hardship; nuisance	/ˈkrusti/
7517	aizstāvētu	to defend	/ˈaizstaːʋæːtu/
7518	jēra	young or baby sheep, lamb	/ˈjæːra/
7519	nesist	to not hit, to not strike, to not beat; negative form of…	/ˈnesist/
7520	neiesiet	to not go; negative form of iet	/ˈneiesiet/
7521	elpošana	the act of breathing, respiration	[ˈǣlpuɔ̯̂ʃana]
7522	asas	sharp can easily cut or pierce	/ˈasas/
7523	visbiežāk	most frequent, most frequently, most often; adverbial form…	/ʋisˈbieʒaːːk/
7524	pērkam	buying; adverbial object-of-perception present active…	/ˈpeːrkam/
7525	retais	thin, sparse	/ˈrætais/
7526	slepenības	secret, secrecy	/ˈslæpeniːbas/
7527	politiskā	political	/ˈpolitiskaː/
7528	karstumu	heat	/ˈkarstumu/
7529	irākas	genitive singular of Irāka	/ˈiraːːkas/
7530	televīzija	television	/ˈteleʋiːzija/
7531	zilajā	blue color as, e.g., a clear sky	/ˈzilajaː/
7532	gudrāka	more intelligent, wiser; indefinite comparative degree of…	/ˈɡudraːːka/
7533	čemodāns	suitcase, trunk	/ˈt͡ʃæmodaːns/
7534	kokteilis	cocktail	/ˈkokteilis/
7535	tīrītavas	cleaner	/ˈtiːriːtaʋas/
7536	senas	ancient, old, of long ago	/ˈsænas/
7537	janvāris	the month of January	/ˈjanʋaːris/
7538	bāreņu	orphan	/ˈbaːreɲu/
7539	šķīsta	pure, immaculate, without sin	/ˈʃciːsta/
7540	foršākā	cooler, greater; indefinite comparative degree of foršs	/ˈforʃaːːkaː/
7541	kosmosu	cosmos, universe, outer space	/ˈkosmosu/
7542	nestāstīja	to not tell, to not narrate; negative form of stāstīt	/ˈnestaːstiːja/
7543	milzeni	giant, colossus	/ˈmillzæni/
7544	drošo	brave, fearless, confident	/ˈdruoʃuo/
7545	pircēji	buyer, customer	/ˈpirt͡seːji/
7546	izejai	exit, way out, egress	/ˈizejai/
7547	slēpjams	which can or should be hidden, concealed; indefinite…	/ˈsleːpjams/
7548	sišanas	hitting, striking, beating; verbal noun of sist	/ˈsiʃanas/
7549	dievieti	goddess	/ˈdieʋieti/
7550	svina	lead	/ˈsʋina/
7551	pasakaini	fabulous, fantastic, fabulously, fantastically; adverbial…	/ˈpasakaiːni/
7552	ēdamā	edible; which can or should be eaten; indefinite present…	/ˈæːdamaː/
7553	riet	to bark	[riɛ̂t]
7554	piederējusi	having belonged to, having befitted; indefinite past active…	/ˈpiedæreːjusi/
7555	dvēselēm	soul	/ˈdʋeːseleːm/
7556	ceremonija	ceremony	/ˈt͡særæmoːnija/
7557	sargāja	to protect, to guard	/ˈsarɡaːja/
7558	citos	another	/ˈt͡situos/
7559	virsmas	surface	/ˈʋirsmas/
7560	šķēpu	spear, lance	/ˈʃcæːpu/
7561	nerada	to not find; negative form of rast	/ˈnerada/
7562	labdarība	charity, beneficence	/ˈlabdariːba/
7563	zaķiem	hare	/ˈzaciem/
7564	steigties	to rush, to be in a hurry	/ˈsteiɡties/
7565	gultās	bed	/ˈɡultaːs/
7566	gā	The Latvian name of the Latin script letter G/g	[ɡaː]
7567	nestāstiet	to not tell, to not narrate; negative form of stāstīt	/ˈnestaːstiet/
7568	ražotājs	producer	/ˈraʒuotaːjs/
7569	seksuālo	sexual	/ˈseksuaːluo/
7570	latīniski	Latin, in Latin, in the Latin way; adverbial form of…	/ˈlatiːniski/
7571	labklājību	well-being, welfare, wealth	/ˈlabklaːjiːbu/
7572	zemnieku	peasant	/ˈzemnieku/
7573	korupcija	corruption	/ˈkorupt͡sija/
7574	melīgs	lying	/ˈmeliːɡs/
7575	nāvējošas	killing; indefinite present active participle of nāvēt	/ˈnaːʋeːjuoʃas/
7576	stāstīsi	to tell, to narrate	/ˈstaːstiːsi/
7577	orgāni	organ	/ˈorɡaːni/
7578	tirdzniecībā	commerce, trade, business	/ˈtirdzniet͡siːbaː/
7579	sprādze	buckle	/ˈspraːdze/
7580	prasīts	asked for, requested, demanded; indefinite past passive…	/ˈprasiːts/
7581	īstajiem	real, true, genuine, not false or artificial	/ˈiːstajiem/
7582	miegu	sleep	/ˈmieɡu/
7583	šķiltavas	lighter, cigarette lighter	/ˈʃciltaʋas/
7584	peles	mouse	/ˈpeles/
7585	nedzirdēja	to not hear; negative form of dzirdēt	/ˈnedzirdeːja/
7586	glābi	to save death; to protect from death	/ˈɡlaːbi/
7587	brazīlijā	locative singular of Brazīlija	/ˈbraziːlijaː/
7588	ziņkārības	curiosity	/ˈziɲkaːriːbas/
7589	smagās	heavy	/ˈsmaɡaːs/
7590	negāju	to not go; negative form of iet	/ˈneɡaːju/
7591	pingvīns	penguin	/ˈpiŋɡʋiːns/
7592	dus	to be dead, to rest	/ˈdus/
7593	bijušie	the one having been; definite past active participle of būt	/ˈbijuʃie/
7594	diskusija	discussion, debate	/ˈdiskusija/
7595	adatas	needle	/ˈadatas/
7596	neredzēsiet	to not see; negative form of redzēt	/ˈneredzeːsiet/
7597	starptautiskās	international	/ˈstarptautiskaːs/
7598	dēmonus	demon, devil	/ˈdeːmoːnus/
7599	toriju	thorium	/ˈtoːriju/
7600	balsīm	voice	/ˈbalsiːm/
7601	kultūra	culture	/ˈkultuːra/
7602	zosi	goose	/ˈzuosi/
7603	mazāku	smaller, littler; indefinite comparative degree of mazs	/ˈmazaːːku/
7604	audzināšanas	education, educating; verbal noun of audzināt	/ˈaudzinaːʃanas/
7605	piederējis	having belonged to, having befitted; indefinite past active…	/ˈpiedæreːjis/
7606	maiznīca	bakery	[màiznìːtsa]
7607	smagums	weight, heaviness; gravity	/ˈsmaɡums/
7608	devāties	to give oneself; reflexive of dot	/ˈdæʋaːties/
7609	ražošanas	production, producing; verbal noun of ražot	/ˈraʒuoʃanas/
7610	krieviju	accusative/instrumental singular of Krievija	/ˈkrieʋiju/
7611	dejotājs	dancer	/ˈdejuotaːjs/
7612	atvēris	having opened; indefinite past active participle of atvērt	/ˈatʋeːris/
7613	aukstais	cold	/ˈaukstais/
7614	briti	a Briton, a British man, a man born in Great Britain; a…	/ˈbriti/
7615	palīdzam	to help, to help out, to aid, to assist	/ˈpaliːdzam/
7616	sinepes	mustard	/ˈsinepes/
7617	draudzīgu	friendly	/ˈdraudziːɡu/
7618	mazākas	smaller, littler; indefinite comparative degree of mazs	/ˈmazaːːkas/
7619	dzersiet	to drink	/ˈdzersiet/
7620	biedēklis	an object, an image that causes fear, with which one tries…	/ˈbiedeːklis/
7621	glāba	to save death; to protect from death	/ˈɡlaːba/
7622	novērtējums	appraisal, assessment, evaluation	/ˈnuoʋeːrteːjums/
7623	nevainība	innocence, lack of guilt	/ˈneʋaiːniːba/
7624	noteiks	to say, to state, to declare	/ˈnuoteiks/
7625	dzīvokļu	apartment	/ˈdziːʋuokʎu/
7626	otrdienas	Tuesday	/ˈuotrdieːnas/
7627	neredzamo	vocative/accusative/instrumental singular masculine/feminine	/ˈneredzamuo/
7628	vissliktākā	definite genitive masculine singular	/ʋisˈsliktaːːkaː/
7629	nākošās	coming; indefinite present active participle of nākt	/ˈnaːːkuoʃaːs/
7630	nedevās	to not give self, to not go; negative form of dot	/ˈnedæʋaːs/
7631	slēptuve	hideout, hiding place	/ˈsleːptuʋe/
7632	pī	pi	/ˈpiː/
7633	netraucētu	to not disturb, to not bother, to not interfere with;…	/ˈnetraut͡sæːtu/
7634	bēda	sadness, sorrow, grief	[bæ̀ːda]
7635	karstām	hot	/ˈkarstaːm/
7636	austrāliju	accusative/instrumental singular of Austrālija	/ˈaustraːliju/
7637	atvainosi	to accept someone's apology, to excuse, to forgive	/ˈatʋaiːnuosi/
7638	frekvence	frequency, rate	/ˈfrekʋent͡se/
7639	īsāko	shorter; indefinite comparative degree of īss	/ˈiːsaːːkuo/
7640	baloža	pigeon, dove	/ˈbaluoʒa/
7641	nāktos	come; indefinite past passive participle of nākt	/ˈnaːːktuos/
7642	fiziskā	physical	/ˈfiziskaː/
7643	kriptonu	krypton	/ˈkriptuonu/
7644	mītu	myth	/ˈmiːtu/
7645	tīklus	mesh	/ˈtiːklus/
7646	kurmis	mole	[ˈkūɾmis]
7647	miljards	billion	/ˈmilljards/
7648	auj	put on footwear	/ˈauj/
7649	jumtiem	roof	/ˈjumtiem/
7650	žirafe	giraffe	/ˈʒirafe/
7651	redzamība	visibility	/ˈredzamiːba/
7652	dibinātāji	founder	/ˈdibinaːtaːji/
7653	grozs	basket	/ˈɡruozs/
7654	torņu	tower	/ˈtuorɲu/
7655	ēdienkarti	menu	/ˈeːdieːnkarti/
7656	īsas	short	/ˈiːsas/
7657	delfīni	dolphin	/ˈdælfiːni/
7658	asinsspiediens	blood pressure	/ˈasinsspiediens/
7659	mazinātu	to reduce, to turn down	/ˈmazinaːtu/
7660	aktivitāte	activity	/ˈaktiʋitaːte/
7661	neraudiet	to not cry, to not weep; negative form of raudāt	/ˈneraudiet/
7662	bremžu	brake	/ˈbræmʒu/
7663	džezs	jazz	/ˈdʐæzs/
7664	dzirdēsim	to hear	/ˈdzirdeːsim/
7665	zaudēšana	loss, losing; verbal noun of zaudēt	/ˈzaudeːʃana/
7666	dārgāka	more expensive, costlier, dearer; indefinite comparative…	/ˈdaːrɡaːːka/
7667	dumjais	stupid, dim-witted, foolish, silly	/ˈdumjais/
7668	ūdenskritums	waterfall	/ˈuːdenskritums/
7669	visgrūtāk	most difficult, toughest, most difficultly, with greatest…	/ʋisˈɡruːtaːːk/
7670	filozofu	philosopher	/ˈfilozofu/
7671	t-krekls	t-shirt	/ˈteːˈkrekl̩s/
7672	griezto	vocative/accusative/instrumental singular masculine/feminine	/ˈɡrieztuo/
7673	salātu	lettuce	/ˈsalaːtu/
7674	ceturtdiena	Thursday	/ˈt͡seturtdieːna/
7675	nevarēsiet	to not be able to; negative form of varēt	/ˈneʋareːsiet/
7676	celta	lifted, raised, built; indefinite past passive participle…	/ˈt͡sælta/
7677	apspriede	conference, meeting where something is discussed, evaluated	[apspɾiɛ̂dɛ]
7678	saprašanas	understanding; verbal noun of saprast	/ˈsapraʃanas/
7679	audzināšanu	education, educating; verbal noun of audzināt	/ˈaudzinaːʃanu/
7680	dzīvokļi	apartment	/ˈdziːʋuokʎi/
7681	sparu	energy	/ˈsparu/
7682	krāsnī	stove	/ˈkraːsniː/
7683	ziemsvētkiem	dative/instrumental plural of Ziemsvētki	/ˈziemsʋæːtkiem/
7684	nekļūšu	to not become; negative form of kļūt	/ˈnekʎuːʃu/
7685	bāreņi	orphan	/ˈbaːreɲi/
7686	fotografēju	first-person singular present/past indicative of fotografēt	/ˈfotoɡrafeːju/
7687	diennaktī	day	/ˈdieːnnaktiː/
7688	aizmirsām	to forget	/ˈaizmirsaːm/
7689	ciltij	tribe	/ˈt͡siltij/
7690	iedvesmu	inspiration	/ˈiedʋæsmu/
7691	mitra	humid, wet	/ˈmitra/
7692	grūtību	difficulty, hardship	/ˈɡruːtiːbu/
7693	vērtīgi	valuable, precious, valuably, preciously; adverbial form of…	/ˈʋeːrtiːɡi/
7694	sviestā	butter	/ˈsʋiestaː/
7695	aizstāvības	defense	/ˈaizstaːʋiːbas/
7696	ūdeņraža	hydrogen	/ˈuːdeɲraʒa/
7697	reāla	real	/ˈreaːla/
7698	iekļūsim	to get into, to enter somewhere	/ˈiekʎuːsim/
7699	putas	foam	/ˈputas/
7700	nevainīgus	innocent, not guilty	/ˈneʋaiːniːɡus/
7701	apspriedām	to debate, to discuss	/ˈapspriedaːm/
7702	ķermeņus	body	/ˈcærmeɲus/
7703	trakākais	madder, crazier; indefinite comparative degree of traks	/ˈtrakaːːkais/
7704	mugursomu	backpack, knapsack, rucksack	/ˈmuɡursuomu/
7705	pirktu	to buy, to purchase	/ˈpirktu/
7706	griežam	turning; adverbial object-of-perception present active…	/ˈɡrieʒam/
7707	tuvajiem	close, near, nearby	/ˈtuʋajiem/
7708	ķēdē	chain	/ˈceːdeː/
7709	vājumu	weakness	/ˈʋaːjumu/
7710	sliktākas	worse; indefinite comparative degree of slikts	/ˈsliktaːːkas/
7711	īstajam	real, true, genuine, not false or artificial	/ˈiːstajam/
7712	nolūkā	intention, purpose	/ˈnuoluːkaː/
7713	braukšanas	going, riding; verbal noun of braukt	/ˈbraukʃanas/
7714	likumīgu	legal, valid, lawful	/ˈlikumiːɡu/
7715	aizstāvēsim	to defend	/ˈaizstaːʋeːsim/
7716	dzērām	to drink	/ˈdzæːraːm/
7717	vienīgajam	only, unique	/ˈʋieːniːɡajam/
7718	bruņiniekiem	knight	/ˈbruɲiniekiem/
7719	matrača	mattress	/ˈmatrat͡ʃa/
7720	apvienoto	the united, the combined; definite past passive participle…	/ˈapʋieːnuotuo/
7721	dzimtā	family, kin, kin group, clan, kind	/ˈdzimtaː/
7722	lesbietes	lesbian	/ˈlesbietes/
7723	fotogrāfijām	photography	/ˈfotoɡraːfijaːm/
7724	labestība	goodness	/ˈlabestiːba/
7725	patēvs	stepfather	/ˈpatæːʋs/
7726	orbītā	orbit	/ˈorbiːtaː/
7727	precēm	article, product, goods, wares, merchandise	/ˈpret͡seːm/
7728	īsāks	shorter; indefinite comparative degree of īss	/ˈiːsaːːks/
7729	sportists	sportsman, athlete	/ˈsportists/
7730	turētos	held, kept; indefinite past passive participle of turēt	/ˈturæːtuos/
7731	saprotot	to understand	/ˈsapruotuot/
7732	aukstumu	cold	/ˈaukstumu/
7733	prātus	mind	/ˈpraːtus/
7734	septiņās	seven	/ˈseptiɲaːs/
7735	kontrabanda	smuggling	/ˈkontrabaŋda/
7736	austeres	oyster	/ˈausteres/
7737	saulains	sunny	/ˈsaulains/
7738	cep	to fry	/ˈt͡sæp/
7739	bīstamas	dangerous, perilous, scary	/ˈbiːstamas/
7740	atbildot	to answer	/ˈatbillduot/
7741	siet	to bind	/ˈsiet/
7742	ēnām	shadow	/ˈæːnaːm/
7743	cept	to fry	[ˈt͡sɛpt]
7744	ceturtdienā	Thursday	/ˈt͡seturtdieːnaː/
7745	visīstākais	the realest, the truest, the most genuine; superlative…	/ʋiˈsiːstaːːkais/
7746	apkārtne	environs, locality, neighbourhood, neighborhood,…	/ˈapkaːrtne/
7747	buru	to conjure	/ˈburu/
7748	svarīgāki	more important; indefinite comparative degree of svarīgs	/ˈsʋariːɡaːːki/
7749	zara	branch, twig, spray	/ˈzara/
7750	rastos	found; indefinite past passive participle of rast	/ˈrastuos/
7751	iesitīs	to drive in, hit, strike so that something goes into…	/ˈiesitiːs/
7752	somālijas	genitive singular of Somālija	/ˈsuomaːlijas/
7753	ārēji	external, outside, foreign, externally; adverbial form of…	/ˈaːreːji/
7754	zilos	blue color as, e.g., a clear sky	/ˈziluos/
7755	nedzirdēts	not heard, unheard; indefinite past passive participle of…	/ˈnedzirdeːts/
7756	parastos	normal, ordinary, plain	/ˈparastuos/
7757	spožs	bright	/ˈspuoʒs/
7758	teksta	text	/ˈteksta/
7759	rakstīs	to write by means of writing; to make, form letters with a…	/ˈrakstiːs/
7760	valodās	language	/ˈʋaluodaːs/
7761	pilnību	fullness, completeness	/ˈpillniːbu/
7762	austrijas	genitive singular of Austrija	/ˈaustrijas/
7763	industrija	industry	/ˈiŋdustrija/
7764	īve	yew	[ˈīːvɛ]
7765	nevainojamas	not blamable, which cannot or should not be blamed;…	/ˈneʋaiːnuojamas/
7766	korejiešu	a Korean man, a man from Korea or of Korean descent	/ˈkorejieʃu/
7767	lomās	role, part, character	/ˈluomaːs/
7768	slepenajām	secret	/ˈslæpænajaːm/
7769	kopējs	common, joint	/ˈkuopeːjs/
7770	ragiem	horn	/ˈraɡiem/
7771	haizivis	shark	/ˈhaiziʋis/
7772	sodi	penalty, punishment	/ˈsuodi/
7773	vilcienus	one-off event of dragging, pulling, drawing, or its result	/ˈʋilt͡sieːnus/
7774	gaumei	taste	/ˈɡaumei/
7775	zvērēt	to swear	/z-ˈʋeːreːt/
7776	sienai	wall that limits a building, a room, etc	/ˈsieːnai/
7777	fizisko	physical	/ˈfiziskuo/
7778	slavenību	famous person, celebrity, celeb	/ˈslaʋæniːbu/
7779	lauki	field	/ˈlauki/
7780	medicīnisko	medical	/ˈmedit͡siːniskuo/
7781	spriež	to judge	/ˈsprieʒ/
7782	ātrajiem	fast, quick, rapid	/ˈaːtrajiem/
7783	sistēmām	system	/ˈsisteːmaːm/
7784	sudrabs	silver	/ˈsudrabs/
7785	vanags	hawk	/ˈʋanaɡs/
7786	bagāža	baggage, luggage	/ˈbaɡaːʒa/
7787	sargāsi	to protect, to guard	/ˈsarɡaːsi/
7788	aso	sharp can easily cut or pierce	/ˈasuo/
7789	apaļš	round, rounded	/ˈapaʎʃ/
7790	netrūks	to not lack, to not be lacking; negative form of trūkt	/ˈnetruːks/
7791	sausā	dry little or no liquid, moisture, vapor; whose surface has…	/ˈsausaː/
7792	lakstīgala	nightingale	[lakstīːɡala]
7793	tirdzniecība	commerce, trade, business	/ˈtirdzniet͡siːba/
7794	skūpsti	kiss	/ˈskuːpsti/
7795	pelēka	gray	/ˈpælæːka/
7796	ēdot	to eat	/ˈeːduot/
7797	laukus	field	/ˈlaukus/
7798	kalpone	servant, maid domestic worker	/ˈkalpuone/
7799	retas	thin, sparse	/ˈrætas/
7800	vilkacis	werewolf	/ˈʋilkat͡sis/
7801	struktūra	structure	/ˈstruktuːra/
7802	aploksne	envelope	[aplùoksne]
7803	miroņa	dead body, corpse	/ˈmiruoɲa/
7804	kājai	leg, foot	/ˈkaːjai/
7805	ilgus	long	/ˈillɡus/
7806	ķermeņu	body	/ˈcærmeɲu/
7807	smukas	pretty, beautiful, handsome	/ˈsmukas/
7808	saldais	sweet	/ˈsalldais/
7809	savienojuma	connection, link, join	/ˈsaʋieːnuojuma/
7810	karogus	banner, flag	/ˈkaruoɡus/
7811	audzēt	to grow, to raise so that it grows	/ˈaudzeːt/
7812	atmosfēra	atmosphere	/ˈatmosfeːra/
7813	zaru	branch, twig, spray	/ˈzaru/
7814	zilumi	blue, blueness	/ˈzilumi/
7815	neitralizēti	neutralized; indefinite past passive participle of…	/ˈneitralizeːti/
7816	bruņurupucis	tortoise, turtle	/ˈbruɲuruput͡sis/
7817	bise	gun, rifle	/ˈbise/
7818	čūskai	snake	/ˈt͡ʃuːskai/
7819	zādzībā	theft	/ˈzaːdziːbaː/
7820	arbūzs	watermelon	[ˈâɾbūːs]
7821	karus	war	/ˈkarus/
7822	sitiet	to hit, to strike, to beat	/ˈsitiet/
7823	mitrums	humidity in some medium	/ˈmitrums/
7824	turpinājums	continuation	[tùɾpinâːjums]
7825	spārns	wing	[spàːɾns]
7826	fakta	fact	/ˈfakta/
7827	vampīri	vampire	/ˈʋampiːri/
7828	prastu	to know how to, to be able to do	/ˈprastu/
7829	dzimuma	sex, gender	/ˈdzimuma/
7830	pulkstenim	clock, watch	/ˈpulkstenim/
7831	galaktikas	galaxy	/ˈɡalaktikas/
7832	ņēmu	to take; to seize with one's hands for some purpose	/ˈɲeːmu/
7833	ātrais	fast, quick, rapid	/ˈaːtrais/
7834	moderns	modern	[modæɾns]
7835	nedzirdi	to not hear; negative form of dzirdēt	/ˈnedzirdi/
7836	slāpekļa	nitrogen	/ˈslaːpekʎa/
7837	astoņu	eight	/ˈastuoɲu/
7838	nemaksās	to not pay, to not cost; negative form of maksāt	/ˈnemaksaːs/
7839	mainīji	to change, to exchange	/ˈmaiːniːji/
7840	mākslīgi	artificially; adverbial form of mākslīgs	/ˈmaːːksliːɡi/
7841	medicīnu	medicine	/ˈmedit͡siːnu/
7842	interesantāk	more interesting, more interestingly; adverbial form of…	/ˈinteresantaːːk/
7843	aiziešanu	going away; verbal noun of aiziet	/ˈaizieʃanu/
7844	pakistānas	genitive singular of Pakistāna	/ˈpakistaːnas/
7845	šķīvjus	dish, plate	/ˈʃciːʋjus/
7846	dārgakmeņiem	gem, gemstone, precious stone; a polished piece of such a…	/ˈdaːrɡakmeɲiem/
7847	otrdienu	Tuesday	/ˈuotrdieːnu/
7848	nekļūsi	to not become; negative form of kļūt	/ˈnekʎuːsi/
7849	palīdzējusi	having helped; indefinite past active participle of palīdzēt	/ˈpaliːdzeːjusi/
7850	kārdinājums	temptation	/ˈkaːrdinaːjums/
7851	neaizmirsi	to not forget; negative form of aizmirst	/ˈneaizmirsi/
7852	abortu	abortion	/ˈabortu/
7853	plašs	wide, broad, spacious, large	[plaʃ]
7854	atpūtā	rest, break	/ˈatpuːtaː/
7855	sīpolus	onion	/ˈsiːpuolus/
7856	vannasistabā	bathroom	/ˈʋannasistabaː/
7857	nelīdzēja	to not help; negative form of līdzēt	/ˈneliːdzeːja/
7858	gaišs	bright	[ɡàjʃ]
7859	esamības	being, existence	/ˈæsamiːbas/
7860	karaļu	king	/ˈkaraʎu/
7861	īstenību	reality	/ˈiːstæniːbu/
7862	sacīju	to say, tell	/ˈsat͡siːju/
7863	darbarīkus	tool	/ˈdarbariːkus/
7864	bioloģiskā	biological	/ˈbioloːɟiskaː/
7865	dārgakmens	gem, gemstone, precious stone; a polished piece of such a…	/ˈdaːrɡakmæns/
7866	pilis	palace	/ˈpilis/
7867	domājuši	having thought; indefinite past active participle of domāt	/ˈduomaːjuʃi/
7868	trakajiem	mad, rabid	/ˈtrakajiem/
7869	dziesmā	song	/ˈdziesmaː/
7870	mezglus	knot	/ˈmezɡlus/
7871	dubļiem	mud	/ˈdubʎiem/
7872	reģistrēts	registered; indefinite past passive participle of reģistrēt	/ˈreɟistreːts/
7873	tin	to wind	/ˈtin/
7874	ieelpa	the act of breathing in, inhalation	/ˈieælpa/
7875	zinātniskā	scientific	/ˈzinaːtniskaː/
7876	redzamā	which can or should be seen; indefinite present passive…	/ˈredzamaː/
7877	zvejnieks	fisherman	/z-ˈʋejnieks/
7878	neraksti	to not write; negative form of rakstīt	/ˈneraksti/
7879	akas	well	/ˈakas/
7880	laipnības	kindness, friendliness, warmth	/ˈlaipniːbas/
7881	nevainīgas	innocent, not guilty	/ˈneʋaiːniːɡas/
7882	nākot	to come	/ˈnaːːkuot/
7883	gribot	wanting; adverbial invariable present active participle of…	/ˈɡribuot/
7884	galdam	table	/ˈɡalldam/
7885	fotogrāfijā	photography	/ˈfotoɡraːfijaː/
7886	jūlija	the month of July	/ˈjuːlija/
7887	situācijai	situation	/ˈsituaːt͡sijai/
7888	liedz	to refuse, to reject, to deny	/ˈliedz/
7889	piederētu	to belong	/ˈpiedæræːtu/
7890	ķēde	chain	[cɛ̄ːdɛ]
7891	čības	slipper	/ˈt͡ʃiːbas/
7892	smieklīgas	funny, humorous, amusing	/ˈsmiekliːɡas/
7893	pilnus	full	/ˈpillnus/
7894	nedomājot	not thinking; adverbial invariable present active…	/ˈneduomaːjuot/
7895	šķēršļi	obstacle, barrier	/ˈʃceːrʃʎi/
7896	ņemti	taken; indefinite past passive participle of ņemt	/ˈɲæmti/
7897	itālijā	locative singular of Itālija	/ˈitaːlijaː/
7898	krustmāte	godmother	/ˈkrustmaːte/
7899	jaunums	newness, youth	/ˈjaunums/
7900	mainījis	having changed; indefinite past active participle of mainīt	/ˈmaiːniːjis/
7901	ragi	horn	/ˈraɡi/
7902	fakultāte	faculty	/ˈfakultaːte/
7903	albānijas	genitive singular of Albānija	/ˈallbaːnijas/
7904	lidojat	to fly	/ˈliduojat/
7905	niere	kidney	[ˈnīɛ̯̄ɾɛ]
7906	neskaitāmi	which cannot or should not be counted; indefinite present…	/ˈneskaitaːmi/
7907	svārkus	coat, jacket	/ˈsʋaːrkus/
7908	tuvākais	neighbor, fellow man, fellow human being	/ˈtuʋaːːkais/
7909	turam	to hold	/ˈturam/
7910	košļāt	to chew	/ˈkuoʃʎaːt/
7911	sātanu	satan, the devil	/ˈsaːtanu/
7912	riteņi	wheel	/ˈriteɲi/
7913	vēlēšanas	election	/ˈʋeːleːʃanas/
7914	mandarīns	tangerine, mandarin orange	/ˈmaŋdariːns/
7915	neprātīgu	foolish, imprudent, unreasonable; expressing these qualities	/ˈnepraːtiːɡu/
7916	mīlot	to love, to feel love for	/ˈmiːluot/
7917	centiem	cent used with several currencies, among which the dollar…	/ˈt͡sentiem/
7918	dziļumiem	depth	/ˈdziʎumiem/
7919	noslēpumaino	secretive, mysterious	/ˈnuoslæːpumaiːnuo/
7920	miets	stick, stake, picket, post, pole	[mìɛts]
7921	arhibīskaps	archbishop	/ˈarhibiːskaps/
7922	blondīne	blonde	/ˈblondiːne/
7923	baroju	first-person singular present/past indicative of barot	/ˈbaruoju/
7924	sīkumam	trifle	/ˈsiːkumam/
7925	vīni	wine	/ˈʋiːni/
7926	dzeltenā	yellow	/ˈdzeltænaː/
7927	ticēšu	to believe	/ˈtit͡seːʃu/
7928	mušu	fly	/ˈmuʃu/
7929	lepnam	proud, haughty	/ˈlæpnam/
7930	svēts	holy, sacred	/ˈsʋæːts/
7931	iedarbību	influence, effect, impact	/ˈiedarbiːbu/
7932	nedomātu	to not think; negative form of domāt	/ˈneduomaːtu/
7933	nolūkiem	intention, purpose	/ˈnuoluːkiem/
7934	raudāji	to weep, to cry and producing inarticulate sounds, because…	/ˈraudaːji/
7935	labklājības	well-being, welfare, wealth	/ˈlabklaːjiːbas/
7936	muļķim	fool, stupid man	/ˈmuʎcim/
7937	miglas	fog, mist, haze	/ˈmiɡlas/
7938	indīga	poisonous	/ˈiŋdiːɡa/
7939	svarīgāko	more important; indefinite comparative degree of svarīgs	/ˈsʋariːɡaːːkuo/
7940	parastiem	normal, ordinary, plain	/ˈparastiem/
7941	arheologs	archaeologist	/ˈarheoloːɡs/
7942	otrdienās	Tuesday	/ˈuotrdieːnaːs/
7943	precīza	precise, exact, accurate	/ˈpret͡siːza/
7944	aita	sheep	[àjta]
7945	neredzēts	not seen; indefinite past passive participle of neredzēt	/ˈneredzeːts/
7946	helikopteriem	helicopter	/ˈhelikuopteriem/
7947	trešdienas	Wednesday	/ˈtreʃdieːnas/
7948	pļavas	meadow	/ˈpʎaʋas/
7949	vakarus	evening	/ˈʋakarus/
7950	logā	window	/ˈluoɡaː/
7951	neprasīju	to not ask for, to not require, to not demand; negative…	/ˈneprasiːju/
7952	kņaziene	princess	/ˈkɲazieːne/
7953	zaķus	hare	/ˈzacus/
7954	labākus	better; indefinite comparative degree of labs	/ˈlabaːːkus/
7955	iesitu	first-person singular present/past indicative of iesist	/ˈiesitu/
7956	sargāsim	to protect, to guard	/ˈsarɡaːsim/
7957	pērku	to buy, to purchase	/ˈpeːrku/
7958	tulkojums	translation from one language into another	/ˈtulkuojums/
7959	deviņdesmit	ninety	/ˈdeʋiɲdesmit/
7960	pretstats	opposite	/ˈpretstats/
7961	sīpoli	onion	/ˈsiːpuoli/
7962	badu	hunger, starvation, famine	/ˈbadu/
7963	ārējā	external, outside, outer	/ˈaːreːjaː/
7964	projektā	project	/ˈpro`jektaː/
7965	monētām	coin	/ˈmonæːtaːm/
7966	murgiem	nightmare	/ˈmurɡiem/
7967	kalponi	servant, maid domestic worker	/ˈkalpoːni/
7968	tīro	clean	/ˈtiːruo/
7969	protam	knowing how to, being able to; adverbial…	/ˈpruotam/
7970	seksualitāti	sexuality	/ˈseksualitaːti/
7971	normai	norm	/ˈnoːrmai/
7972	evolūcijas	evolution	/ˈeʋoluːt͡sijas/
7973	mērces	sauce	/ˈmeːrt͡ses/
7974	ēdieniem	food prepared for consumption; meal; dish	/ˈeːdieːniem/
7975	dzirdēsiet	to hear	/ˈdzirdeːsiet/
7976	ticēsi	to believe	/ˈtit͡sæːsi/
7977	rūpīgāk	more caring, more attentive, more careful, more caringly,…	/ˈruːpiːɡaːːk/
7978	tabulā	table	/ˈtabulaː/
7979	kaunā	shame act, action	/ˈkaunaː/
7980	prātiem	mind	/ˈpraːtiem/
7981	baloži	pigeon, dove	/ˈbaluoʒi/
7982	miku	accusative/instrumental singular of Mikus	/ˈmiku/
7983	sportisti	sportsman, athlete	/ˈsportisti/
7984	sēru	sulfur	/ˈsæːru/
7985	visļaunākais	the most evil; superlative degree of ļauns	/ʋiˈsʎaunaːːkais/
7986	ēšanai	eating; verbal noun of ēst	/ˈeːʃanai/
7987	īsteno	real, true, genuine	/ˈiːstænuo/
7988	jādejo	to dance	/ˈjaːdejuo/
7989	pērkot	buying; adverbial invariable present active participle of…	/ˈpeːrkuot/
7990	pirmdiena	Monday	/ˈpirm̩dieːna/
7991	jautrā	cheerful, merry, happy	/ˈjautraː/
7992	būtiskas	essential, significant	/ˈbuːtiskas/
7993	nepalīdzēšu	to not help; negative form of palīdzēt	/ˈnepaliːdzeːʃu/
7994	lielai	big, large	/ˈlielːai/
7995	dzemdēja	to give birth	/ˈdzemdeːja/
7996	dienvidamerikas	genitive singular of Dienvidamerika	/ˈdieːnʋidamerikas/
7997	gudras	intelligent, wise	/ˈɡudras/
7998	domāsi	to think	/ˈduomaːsi/
7999	neņēma	to not take; negative form of ņemt	/ˈneɲeːma/
8000	visvieglāk	lightest, easiest, mildest, most lightly, most easily, most…	/ʋiˈsʋieɡlaːːk/
8001	sūc	to suck; to absorb, to pump, etc	/ˈsuːt͡s/
8002	zādzībām	theft	/ˈzaːdziːbaːm/
8003	lietussargu	umbrella	/ˈlietussarɡu/
8004	teikdams	saying, telling; adverbial variable present active…	/ˈteikdams/
8005	nāksim	to come	/ˈnaːːksim/
8006	dziesmai	song	/ˈdziesmai/
8007	krāsni	stove	/ˈkraːsni/
8008	skābe	acid	/ˈskaːbe/
8009	maksājums	payment	/ˈmaksaːjums/
8010	negriez	to not turn; negative form of griezt	/ˈneɡriez/
8011	kultūrā	culture	/ˈkultuːraː/
8012	templis	temple	/ˈtemplis/
8013	apvieno	to unite, to combine, bring together	/ˈapʋieːnuo/
8014	zemāku	lower; indefinite comparative degree of zems	/ˈzemaːːku/
8015	ekonomiskie	economical	/ˈekonoːmiskie/
8016	turēta	held, kept; indefinite past passive participle of turēt	/ˈturæːta/
8017	disciplīnas	discipline	/ˈdist͡sipliːnas/
8018	pratīsi	to know how to, to be able to do	/ˈpratiːsi/
8019	ieteicams	which can or should be recommended; indefinite present…	/ˈieteit͡sams/
8020	dīķa	pond	/ˈdiːca/
8021	ekonomiskās	economical	/ˈekonoːmiskaːs/
8022	neraudāšu	to not cry, to not weep; negative form of raudāt	/ˈneraudaːʃu/
8023	lauvām	lion in general	/ˈlauʋaːm/
8024	rūpe	worries, concern	/ˈruːpe/
8025	šķirne	kind, sort, type	/ˈʃcirne/
8026	morāles	morality	/ˈmoraːles/
8027	pediņ	faggot	/ˈpediɲ/
8028	nedrīkstēju	to not be allowed, to not dare; negative form of drīkstēt	/ˈnedriːksteːju/
8029	notikumam	event, happening, occurrence, incident	/ˈnuotikumam/
8030	saite	string, lace, cord, link, tie	/ˈsaite/
8031	būdami	being; adverbial variable present active participle of būt	/ˈbuːdami/
8032	aizliegtas	prohibited; indefinite past passive participle of aizliegt	/ˈaizlieɡtas/
8033	kredītkarte	credit card	/ˈkrediːtkarte/
8034	spēcīgāka	genitive masculine singular	/ˈspeːt͡siːɡaːːka/
8035	galaktikā	galaxy	/ˈɡalaktikaː/
8036	biedra	colleague, mate, comrade	/ˈbiedra/
8037	gredzenus	ring	/ˈɡrædzænus/
8038	pašreizējais	current, present	/ˈpaʃreizeːjais/
8039	lidostai	airport, airfield	/ˈliduostai/
8040	strādājuši	having worked; indefinite past active participle of strādāt	/ˈstraːdaːjuʃi/
8041	nāvējoši	killing; indefinite present active participle of nāvēt	/ˈnaːʋeːjuoʃi/
8042	alumīnija	aluminum	/ˈalumiːnija/
8043	skolnieki	schoolboy, pupil, student	/ˈskuolnieki/
8044	grāfu	count, earl	/ˈɡraːfu/
8045	piparus	pepper and Solanaceae, with spicy fruits used as condiments	/ˈpiparus/
8046	skaidrām	clean, clear, bright, without clouds	/ˈskaidraːm/
8047	slēptuvē	hideout, hiding place	/ˈsleːptuʋeː/
8048	šais	in these; locative plural masculine of šis	/ˈʃais/
8049	kloni	barn floor, earthen floor, threshing floor	/ˈkloːni/
8050	glābu	to save death; to protect from death	/ˈɡlaːbu/
8051	aizmirstam	to forget	/ˈaizmirstam/
8052	martu	the month of March	/ˈmartu/
8053	skaistules	beautiful woman, beauty	/ˈskaistules/
8054	iecerēts	intended, planned; indefinite past passive participle of…	/ˈiet͡særeːts/
8055	dziļumos	depth	/ˈdziʎumuos/
8056	lēnas	slow	/ˈlæːnas/
8057	grieziet	to turn, to spin	/ˈɡrieziet/
8058	dzemdē	womb, uterus	/ˈdzemdeː/
8059	jakas	cardigan	/ˈjakas/
8060	melnām	black	/ˈmællnaːm/
8061	ratos	wheel	/ˈratuos/
8062	īrisa	iris	/ˈiːrisa/
8063	gali	tip, end	/ˈɡali/
8064	laimīgāks	happier; indefinite comparative degree of laimīgs	/ˈlaimiːɡaːːks/
8065	šaušana	shooting	/ˈʃauʃana/
8066	gādāsim	to take care of, to see to, to provide	/ˈɡaːdaːsim/
8067	olā	egg	/ˈuolaː/
8068	kapi	cemetery	/ˈkapi/
8069	purpura	the color purple	/ˈpurpura/
8070	audzis	having grown; indefinite past active participle of augt	/ˈaudzis/
8071	moderno	modern	/ˈmodærnuo/
8072	dziedāšana	singing; verbal noun of dziedāt	/ˈdziedaːʃana/
8073	burt	to conjure	/ˈburt/
8074	emocionāls	emotional	/ˈemot͡sioːnaːls/
8075	klostera	monastery, cloister, convent	/ˈkluostera/
8076	prasīsi	to ask for, to request, to demand	/ˈprasiːsi/
8077	daudzumā	amount, quantity, number	/ˈdaudzumaː/
8078	akmenim	stone, rock	/ˈakmenim/
8079	zars	branch, twig, spray	[zāɾs]
8080	aizstāvēju	to defend	/ˈaizstaːʋeːju/
8081	nedzīvoju	first-person singular present/past indicative of nedzīvot	/ˈnedziːʋuoju/
8082	anglijai	dative singular of Anglija	/ˈaŋɡlijai/
8083	amulets	amulet	/ˈamulæts/
8084	smieklus	laugh, laughter	/ˈsmieklus/
8085	melone	melon	/ˈmeloːne/
8086	daiļās	very beautiful, lovely, exquisite	/ˈdaiʎaːs/
8087	trakajam	mad, rabid	/ˈtrakajam/
8088	reālas	real	/ˈreaːlas/
8089	āra	exterior, outside	/ˈaːra/
8090	vadā	pipe, tube, duct, chute	/ˈʋadaː/
8091	katls	kettle	/ˈkatl̩s/
8092	gejiem	gay, homosexual	/ˈɡejiem/
8093	pērkon	thunder	/ˈpeːrkuon/
8094	nedzirdētu	to not hear; negative form of dzirdēt	/ˈnedzirdeːtu/
8095	glītu	pretty, handsome, neat, good-looking	/ˈɡliːtu/
8096	kaliforniju	californium	/ˈkaliforniju/
8097	stiprāki	stronger; indefinite comparative degree of stiprs	/ˈstipraːːki/
8098	uzdevumiem	task, duty	/ˈuzdæʋumiem/
8099	turcijā	locative singular of Turcija	/ˈturt͡sijaː/
8100	esošajām	the being; definite present active participle of būt	/ˈesuoʃajaːm/
8101	pliko	naked, nude	/ˈplikuo/
8102	pratīs	to know how to, to be able to do	/ˈpratiːs/
8103	sacīji	to say, tell	/ˈsat͡siːji/
8104	vardi	frog which typically hops	/ˈʋardi/
8105	spermas	sperm, semen	/ˈspærmas/
8106	nedabūji	to not get, to not obtain, to not receive; negative form of…	/ˈnedabuːji/
8107	kukaiņu	insect, bug; less specifically, also other kinds of…	/ˈkukaiɲu/
8108	gataviem	ready	/ˈɡataʋiem/
8109	neredzamā	not visible, which cannot or should not be seen; indefinite…	/ˈneredzamaː/
8110	dēlis	batten	[ˈdɛ̄ːlis]
8111	psihiatra	psychiatrist	/ˈpsihiatra/
8112	pulksteņi	clock, watch	/ˈpulksteɲi/
8113	nāvējošs	killing; indefinite present active participle of nāvēt	/ˈnaːʋeːjuoʃs/
8114	jaunavu	young, usually unmarried, woman	/ˈjaunaʋu/
8115	arhitektūra	architecture	/ˈarhitektuːra/
8116	piemineklis	monument	/ˈpiemineklis/
8117	mīksto	soft	/ˈmiːkstuo/
8118	tīkli	mesh	/ˈtiːkli/
8119	futbolists	footballer; football player, soccer player	/ˈfutboːlists/
8120	ātrāki	faster, quicker, more rapid; indefinite comparative degree…	/ˈaːtraːːki/
8121	nedzirdam	not hearing; adverbial object-of-perception present active…	/ˈnedzirdam/
8122	nedevāt	to not give; negative form of dot	/ˈnedæʋaːt/
8123	statistika	statistics	/ˈstatistika/
8124	indiānis	a male member of one of the indigenous peoples of the…	/ˈiŋdiaːnis/
8125	indiāņu	a male member of one of the indigenous peoples of the…	/ˈiŋdiaːɲu/
8126	bullis	bull	/ˈbullis/
8127	mutei	mouth	/ˈmutei/
8128	sliktākie	worse; indefinite comparative degree of slikts	/ˈsliktaːːkie/
8129	gatavība	readiness	/ˈɡataʋiːba/
8130	brīvdiena	Holiday	/ˈbriːʋdieːna/
8131	nevainojamu	not blamable, which cannot or should not be blamed;…	/ˈneʋaiːnuojamu/
8132	auklu	string, cord, line, lace	/ˈauklu/
8133	meži	forest	/ˈmeʒi/
8134	ciemats	synonym of ciems	/ˈt͡siemats/
8135	argentīnā	locative singular of Argentīna	/ˈarɡentiːnaː/
8136	niknais	wild, furious, raging	/ˈniknais/
8137	gailis	rooster, cock	/ˈɡailis/
8138	zema	low, short	/ˈzema/
8139	purvs	swamp, bog, marsh, morass	[pùɾvs]
8140	avokado	avocado plant	[avoˈkadoː]
8141	tagadne	present	/ˈtaɡadne/
8142	gaišo	bright	/ˈɡaiʃuo/
8143	nabagu	poor man, pauper	/ˈnabaɡu/
8144	planētām	planet	/ˈplanæːtaːm/
8145	bagātus	rich, wealthy	/ˈbaɡaːtus/
8146	orgānus	organ	/ˈorɡaːnus/
8147	e-pasts	e-mail	/ˈeːˈpasts/
8148	ziņnesis	messenger, herald	/ˈziɲnesis/
8149	zadzis	having stolen; indefinite past active participle of zagt	/ˈzadzis/
8150	jaunāku	younger, newer; indefinite comparative degree of jauns	/ˈjaunaːːku/
8151	ēdienkartes	menu	/ˈeːdieːnkartes/
8152	reģistratūras	registration, reception is carried out; hospital or…	/ˈreɟistratuːras/
8153	kakā	poo	/ˈkakaː/
8154	cepurei	hat	/ˈt͡sæpurei/
8155	sveši	unknown, foreign, strange, strangely; adverbial form of…	/ˈsʋeʃi/
8156	zosāda	goose bumps	/ˈzuosaːda/
8157	vagīnu	vagina	/ˈʋaɡiːnu/
8158	nerunātu	to not speak, to not talk; negative form of runāt	/ˈnerunaːtu/
8159	priekam	joy, delight	/ˈpriekam/
8160	cepetis	roast	[tsɛpɛtis]
8161	sauss	dry little or no liquid, moisture, vapor; whose surface has…	[ˈsàws]
8162	zagļu	thief	/ˈzaɡʎu/
8163	aicinām	inviting; adverbial object-of-perception present active…	/ˈait͡sinaːm/
8164	vājas	weak	/ˈʋaːjas/
8165	negulēju	to not sleep, to not lie down; negative form of gulēt	/ˈneɡuleːju/
8166	cepurēm	hat	/ˈt͡sæpureːm/
8167	tuksnesis	desert	[tuksnɛsis]
8168	pagrabos	cellar, basement	/ˈpaɡrabuos/
8169	izteicis	having expressed; indefinite past active participle of…	/ˈizteit͡sis/
8170	ūdenim	water	/ˈuːdenim/
8171	iz	from, out of	/ˈiz/
8172	aizstāvību	defense	/ˈaizstaːʋiːbu/
8173	augstības	Highness	/ˈauɡstiːbas/
8174	tornim	tower	/ˈtuornim/
8175	stāstīts	told, narrated; indefinite past passive participle of…	/ˈstaːstiːts/
8176	mēlē	tongue	/ˈmeːleː/
8177	zīmuļus	pencil	/ˈziːmuʎus/
8178	vienīgs	only, unique	/ˈʋieːniːɡs/
8179	kūst	to thaw	/ˈkuːst/
8180	verdzība	slavery	/ˈʋerdziːba/
8181	kristāla	crystal	/ˈkristaːla/
8182	neprātīgas	foolish, imprudent, unreasonable; expressing these qualities	/ˈnepraːtiːɡas/
8183	ēģiptieši	Egyptian, a man from Egypt	/ˈeːɟiptieʃi/
8184	šķērsosim	to cross	/ˈʃcæːrsuosim/
8185	vērša	ox	/ˈʋeːrʃa/
8186	atvainot	to accept someone's apology, to excuse, to forgive	/ˈatʋaiːnuot/
8187	fotogrāfijās	photography	/ˈfotoɡraːfijaːs/
8188	impērijai	empire	/ˈimpeːrijai/
8189	saīsinājums	abbreviation	/ˈsaiːsinaːjums/
8190	kodols	core, kernel	/ˈkuoduols/
8191	atbildēsiet	to answer	/ˈatbilldeːsiet/
8192	plašajā	wide, broad, spacious, large	/ˈplaʃajaː/
8193	zināšanu	knowing; verbal noun of zināt	/ˈzinaːʃanu/
8194	zagta	stolen; indefinite past passive participle of zagt	/ˈzaɡta/
8195	agrā	early	/ˈaɡraː/
8196	priekšstatu	idea, image	/ˈpriekʃstatu/
8197	nemiršu	to not die; negative form of mirt	/ˈnemirʃu/
8198	mirušam	having died; indefinite past active participle of mirt	/ˈmiruʃam/
8199	busi	bus	/ˈbusi/
8200	uzvārdu	surname, family name, last name	/ˈuz-ʋaːrdu/
8201	ražot	to produce	/ˈraʒuot/
8202	reliģisko	religious	/ˈreliɟiskuo/
8203	faili	file	/ˈfaili/
8204	vaļasprieks	hobby	/ˈʋaʎasprieks/
8205	pamati	base, basis, foundation	/ˈpamati/
8206	bagātiem	rich, wealthy	/ˈbaɡaːtiem/
8207	sega	blanket, quilt	[sæɡa]
8208	milzīgus	huge, enormous, giant	/ˈmillziːɡus/
8209	vainīgas	guilty	/ˈʋaiːniːɡas/
8210	dzertu	to drink	/ˈdzærtu/
8211	nejēgām	ignorant, unskilled, stupid person	/ˈnejæːɡaːm/
8212	bezbailīgs	fearless, dauntless, intrepid	/ˈbezbailiːɡs/
8213	mango	tree of the genus Mangifera with aromatic, sweet fruits	[maŋɡoː]
8214	kukaiņi	insect, bug; less specifically, also other kinds of…	/ˈkukaiɲi/
8215	ļaudīs	people	/ˈʎaudiːs/
8216	kora	choir	/ˈkuora/
8217	jūrās	sea	/ˈjuːraːs/
8218	labības	cereal	/ˈlabiːbas/
8219	debates	discussions	/ˈdæbates/
8220	skuķe	girl, young woman	[ˈskucːɛ]
8221	redaktors	editor	/ˈredaktoːrs/
8222	produkta	product	/ˈprodukta/
8223	meitenē	girl	/ˈmeiteneː/
8224	atrodami	which can or should be found; indefinite present passive…	/ˈatruodami/
8225	irānu	accusative/instrumental singular of Irāna	/ˈiraːnu/
8226	zīlītes	pupil	/ˈziːliːtes/
8227	slimnieku	sick person, patient having a health problem	/ˈslimnieku/
8228	versijas	version	/ˈʋersijas/
8229	sērs	sulfur	[ˈsǣːɾs]
8230	jādzied	to sing	/ˈjaːdzied/
8231	atrodama	which can or should be found; indefinite present passive…	/ˈatruodama/
8232	zemākajā	lower; indefinite comparative degree of zems	/ˈzemaːːkajaː/
8233	dūzis	ace	[ˈdūːzis]
8234	oktobrī	the month of October	/ˈoktoːbriː/
8235	dzimšanu	being born, birth; verbal noun of dzimt	/ˈdzimʃanu/
8236	eksistence	existence, living, life, subsistence, survival	/ˈeksistent͡se/
8237	lieliskiem	great, wonderful expressing such characteristics	/ˈlielːiskiem/
8238	biedēt	to scare, to frighten	/ˈbiedeːt/
8239	alķīmiķis	alchemist	[ˈɑlciːmicis]
8240	viesnīcai	hotel	/ˈʋiesniːt͡sai/
8241	pelnīja	to be paid, to earn	/ˈpellniːja/
8242	žīdu	Yid, Yiddo	/ˈʒiːdu/
8243	tuvo	close, near, nearby	/ˈtuʋuo/
8244	pavēlēt	to order, to command	[pavɛ̄ːlɛ̂ːt]
8245	ģimeņu	family living together; larger group of relatives living…	/ˈɟimeɲu/
8246	ziņkārība	curiosity	/ˈziɲkaːriːba/
8247	polārlācis	polar bear	/ˈpolaːrlaːt͡sis/
8248	turamajiem	dative/instrumental plural masculine of turamais	/ˈturamajiem/
8249	pudelēm	bottle	/ˈpudeleːm/
8250	vāciešiem	a German, a man from Germany	/ˈʋaːt͡sieʃiem/
8251	kust	to thaw	/ˈkust/
8252	vieglāko	easier, lighter, milder; indefinite comparative degree of…	/ˈʋieɡlaːːkuo/
8253	stari	ray, beam	/ˈstari/
8254	starptautiskajā	international	/ˈstarptautiskajaː/
8255	vakari	evening	/ˈʋakari/
8256	veikali	shop, store	/ˈʋeikali/
8257	ātrie	fast, quick, rapid	/ˈaːtrie/
8258	šķiedra	fiber	/ˈʃciedra/
8259	zaglim	thief	/ˈzaɡlim/
8260	vājības	weakness	/ˈʋaːjiːbas/
8261	realitātē	reality	/ˈrealitaːteː/
8262	nerunās	to not speak, to not talk; negative form of runāt	/ˈnerunaːs/
8263	politiskos	political	/ˈpolitiskuos/
8264	iedzēri	to drink, to have a drink	/ˈiedzeːri/
8265	punktos	stop/full stop, period	/ˈpuŋktuos/
8266	pirki	to buy, to purchase	/ˈpirki/
8267	ugunis	fire	/ˈuɡunis/
8268	haizivju	shark	/ˈhaiziʋju/
8269	politiķiem	politician	/ˈpoliticiem/
8270	mugursomā	backpack, knapsack, rucksack	/ˈmuɡursuomaː/
8271	eksperte	expert	/ˈeksperte/
8272	veseri	heavy hammer, sledgehammer	/ˈʋæseri/
8273	īsais	short	/ˈiːsais/
8274	skavas	clamp	/ˈskaʋas/
8275	gadalaiki	season of the year	/ˈɡadalaiki/
8276	tēvi	father	/ˈtæːʋi/
8277	attīstība	expansion	/ˈattiːstiːba/
8278	kakas	poo	/ˈkakas/
8279	nedzīvojam	not living; adverbial object-of-perception present active…	/ˈnedziːʋuojam/
8280	skaistais	beautiful	/ˈskaistais/
8281	zvejas	fishing	/z-ˈʋejas/
8282	zobos	tooth	/ˈzuobuos/
8283	doku	dock	/ˈdoku/
8284	pekles	hell	/ˈpekles/
8285	puķei	flower	/ˈpucei/
8286	vienīgas	only, unique	/ˈʋieːniːɡas/
8287	ūsaiņa	mustached man	/ˈuːsaiɲa/
8288	ņemts	taken; indefinite past passive participle of ņemt	/ˈɲæmts/
8289	nozags	to steal	/ˈnuozaɡs/
8290	sliktiem	bad not following moral rules, treating others in a cruel…	/ˈsliktiem/
8291	meklējuši	having looked for, having searched, having sought;…	/ˈmekleːjuʃi/
8292	karaspēkam	army, forces, troops	/ˈkaraspæːkam/
8293	kalpos	farmhand, farm laborer, servant	/ˈkalpuos/
8294	pirkumu	purchase	/ˈpirkumu/
8295	nedosi	to not give; negative form of dot	/ˈneduosi/
8296	rāvējslēdzējs	zip fastener, zipper, zip	/ˈraːʋeːjsleːdzeːjs/
8297	bagātāks	richer; indefinite comparative degree of bagāts	/ˈbaɡaːtaːːks/
8298	īkšķa	thumb	/ˈiːkʃca/
8299	seksīgo	sexy, hot	/ˈseksiːɡuo/
8300	ielasmeita	streetwalker, prostitute	/ˈielasmeita/
8301	sēklinieku	plant, fruit cultivated for its seeds	/ˈseːklinieku/
8302	indonēzijā	locative singular of Indonēzija	/ˈiŋdoneːzijaː/
8303	slepkavošana	murdering; verbal noun of slepkavot	/ˈslæpkaʋuoʃana/
8304	sejām	face	/ˈsejaːm/
8305	stadions	stadium	/ˈstadioːns/
8306	klasei	grade, class	/ˈklasei/
8307	nabadzības	poverty	/ˈnabadziːbas/
8308	jautājumam	question; inquiry	/ˈjautaːjumam/
8309	daudzumos	amount, quantity, number	/ˈdaudzumuos/
8310	jāraksta	to write by means of writing; to make, form letters with a…	/ˈjaːraksta/
8311	kukaini	insect, bug; less specifically, also other kinds of…	/ˈkukaiːni/
8312	grūtākā	more difficult, tougher; indefinite comparative degree of…	/ˈɡruːtaːːkaː/
8313	japāņi	a Japanese man, a man born in Japan or of Japanese descent	/ˈjapaːɲi/
8314	sviestmaize	open sandwich; by extension, also closed sandwiches	/ˈsʋiestmaize/
8315	mīlīgs	friendly, kind, affectionate, loving; also, nice, pleasant,…	/ˈmiːliːɡs/
8316	tunča	tuna	/ˈtunt͡ʃa/
8317	cukurs	sugar	[ˈt͡sukːuɾs]
8318	bērnunamu	alternative spelling of bērnu nams	/ˈbæːrnunamu/
8319	iedzertu	to drink, to have a drink	/ˈiedzærtu/
8320	čomiem	a male friend, a buddy, a pal	/ˈt͡ʃomiem/
8321	neatbildēšu	to not answer; negative form of atbildēt	/ˈneatbilldeːʃu/
8322	apsprieduši	having discussed, having debated; indefinite past active…	/ˈapsprieduʃi/
8323	īpašajiem	specific, independent	/ˈiːpaʃajiem/
8324	audu	to dawn	/ˈaudu/
8325	dzīlēs	depth	/ˈdziːleːs/
8326	ražots	produced; indefinite past passive participle of ražot	/ˈraʒuots/
8327	rakstīšana	writing; verbal noun of rakstīt	/ˈrakstiːʃana/
8328	jūliju	the month of July	/ˈjuːliju/
8329	radītāju	creator	/ˈradiːtaːju/
8330	celšu	to lift, to raise	/ˈt͡sælʃu/
8331	rod	to find be present, in use, or in one's possession	/ˈruod/
8332	maršruts	route	/ˈmarʃruts/
8333	kāpostu	cabbage	/ˈkaːpuostu/
8334	ķēdēs	chain	/ˈceːdeːs/
8335	veselus	healthy	/ˈʋæsælus/
8336	zemūdeņu	submarine	/ˈzemuːdeɲu/
8337	kubs	cube	/ˈkubs/
8338	kukurūza	corn, maize	/ˈkukuruːza/
8339	sitīšu	to hit, to strike, to beat	/ˈsitiːʃu/
8340	mīksti	soft, softly; adverbial form of mīksts	/ˈmiːksti/
8341	šķēršļu	obstacle, barrier	/ˈʃceːrʃʎu/
8342	dziļums	depth	/ˈdziʎums/
8343	ātrāka	faster, quicker, more rapid; indefinite comparative degree…	/ˈaːtraːːka/
8344	nažu	knife	/ˈnaʒu/
8345	netraucēšu	to not disturb, to not bother, to not interfere with;…	/ˈnetraut͡seːʃu/
8346	izcilas	great, excellent, outstanding, brilliant	/ˈizt͡silas/
8347	rakstiem	article, paper; a piece of writing	/ˈrakstiem/
8348	klusām	quiet, silent, quietly, silently; adverbial form of kluss	/ˈklusaːm/
8349	nedabūju	first-person singular present/past indicative of nedabūt	/ˈnedabuːju/
8350	pupa	bean	[ˈpupːa]
8351	lugu	play	/ˈluɡu/
8352	noslēpumaini	secretively, mysteriously; adverbial form of noslēpumains	/ˈnuoslæːpumaiːni/
8353	tumšu	dark	/ˈtumʃu/
8354	valdi	board	/ˈʋalldi/
8355	zārks	coffin	/ˈzaːrks/
8356	centa	cent used with several currencies, among which the dollar…	/ˈt͡senta/
8357	dominiku	accusative/instrumental singular of Dominika	/ˈdominiku/
8358	pretiniekiem	opponent, adversary	/ˈpretiniekiem/
8359	jaunība	youth	/ˈjauniːba/
8360	riepa	tyre, tire	/ˈriepa/
8361	zarus	branch, twig, spray	/ˈzarus/
8362	dzina	to lead, to drive go faster, or in a certain direction	/ˈdzina/
8363	seksīgais	sexy, hot	/ˈseksiːɡais/
8364	dzīvāks	more living, more alive; indefinite comparative degree of…	/ˈdziːʋaːːks/
8365	mizu	tree bark	/ˈmizu/
8366	balodi	pigeon, dove	/ˈbaluodi/
8367	balsij	voice	/ˈbalsij/
8368	nozagsi	to steal	/ˈnuozaɡsi/
8369	miglu	fog, mist, haze	/ˈmiɡlu/
8370	slimībā	disease, illness	/ˈslimiːbaː/
8371	žurkai	rat	/ˈʒurkai/
8372	sakāve	defeat	/ˈsakaːʋe/
8373	stariem	ray, beam	/ˈstariem/
8374	strēlnieki	rifleman, infantryman, infantry soldier	/ˈstreːllnieki/
8375	savanna	savanna	/ˈsaʋanna/
8376	informācijai	information	/ˈinformaːt͡sijai/
8377	ceļojumiem	trip, journey, travel	/ˈt͡seʎuojumiem/
8378	filozofija	philosophy	/ˈfilozofija/
8379	vergiem	slave, bondman	/ˈʋærɡiem/
8380	dzima	to be born	/ˈdzima/
8381	sadursmes	collision	/ˈsadursmes/
8382	šveici	accusative/instrumental singular of Šveice	/ˈʃʋeit͡si/
8383	smagāks	heavier, more severe, more difficult; indefinite…	/ˈsmaɡaːːks/
8384	trijām	three	/ˈtrijaːm/
8385	ātras	fast, quick, rapid	/ˈaːtras/
8386	garāki	longer; indefinite comparative degree of garš	/ˈɡaraːːki/
8387	drošais	brave, fearless, confident	/ˈdruoʃais/
8388	tunci	tuna	/ˈtunt͡si/
8389	skaidro	clean, clear, bright, without clouds	/ˈskaidruo/
8390	mobilajā	mobile	/ˈmobilajaː/
8391	morālo	moral	/ˈmoraːluo/
8392	jaunākie	younger, newer; indefinite comparative degree of jauns	/ˈjaunaːːkie/
8393	apļa	circle, ring	/ˈapʎa/
8394	asiņainais	bloody	/ˈasiɲaiːnais/
8395	seksuālu	sexual	/ˈseksuaːlu/
8396	krupis	toad	/ˈkrupis/
8397	spēt	to be able	/ˈspeːt/
8398	dzēruši	having drunk; indefinite past active participle of dzert	/ˈdzæːruʃi/
8399	kumeļš	baby or young horse, foal, colt	/ˈkumeʎʃ/
8400	rezultāta	result	/ˈrezultaːta/
8401	neņemt	to not take; negative form of ņemt	/ˈneɲemt/
8402	tipiska	typical	/ˈtipiska/
8403	turpu	to there, thither; alternative form of turp	/ˈturpu/
8404	nedomās	to not think; negative form of domāt	/ˈneduomaːs/
8405	cimdiem	glove	/ˈt͡simdiem/
8406	lielajām	big, large	/ˈlielːajaːm/
8407	ķēniņu	king	/ˈceːniɲu/
8408	rīku	instrument, tool, equipment	/ˈriːku/
8409	aktīvus	active voice	/ˈaktiːʋus/
8410	mīlošs	loving; indefinite present active participle of mīlēt	/ˈmiːluoʃs/
8411	nelaimīgi	unhappily, unfortunately, unluckily; adverbial form of…	/ˈnelaimiːɡi/
8412	valūta	currency	[valùːta]
8413	sešās	six	/ˈseʃaːs/
8414	krūmos	bush, shrub	/ˈkruːmuos/
8415	konkrētas	concrete	/ˈkonkreːtas/
8416	celis	knee	[tsɛlis]
8417	vecākajam	older; indefinite comparative degree of vecs	/ˈʋæt͡saːːkajam/
8418	aktu	act, action	/ˈaktu/
8419	dalām	dividing, sharing; adverbial object-of-perception present…	/ˈdalaːm/
8420	mirstīgās	mortal	/ˈmirstiːɡaːs/
8421	tīrākā	cleaner, purer; indefinite comparative degree of tīrs	/ˈtiːraːːkaː/
8422	ūdensvīra	merman; water spirit in male form	/ˈuːdensʋiːra/
8423	put	third-person singular/plural present indicative of putēt	/ˈput/
8424	siltums	heat	/ˈsiltums/
8425	ticēji	to believe	/ˈtit͡seːji/
8426	stāvēji	to stand	/ˈstaːʋeːji/
8427	iekļuvuši	having gotten into, having entered; indefinite past active…	/ˈiekʎuʋuʃi/
8428	paslēpsim	to hide	/ˈpasleːpsim/
8429	tāla	far, far away, distant	/ˈtaːla/
8430	lellēm	doll	/ˈlelleːm/
8431	burve	magician, sorceress, witch; female equivalent of burvis	/ˈburʋe/
8432	ragā	horn	/ˈraɡaː/
8433	maiju	the month of May	/ˈmaijju/
8434	roba	small deformation on a surface, dent, indentation, notch	/ˈruoba/
8435	seksuāla	sexual	/ˈseksuaːla/
8436	jūrai	sea	/ˈjuːrai/
8437	skaidrāks	clearer; indefinite comparative degree of skaidrs	/ˈskaidraːːks/
8438	meklēto	vocative/accusative/instrumental singular masculine/feminine	/ˈmeklæːtuo/
8439	dejā	dance	/ˈdejaː/
8440	veselīgas	healthy, robust	/ˈʋæseliːɡas/
8441	austrumi	east	[àwstrumi]
8442	stārku	alternative form of stārķis	/ˈstaːrku/
8443	septiņdesmit	seventy	/ˈseptiɲdesmit/
8444	tirgotājiem	merchant, dealer, trader	/ˈtirɡuotaːjiem/
8445	vīniem	wine	/ˈʋiːniem/
8446	gribēsim	to want	/ˈɡribeːsim/
8447	nedabūsim	to not get, to not obtain, to not receive; negative form of…	/ˈnedabuːsim/
8448	žogam	fence	/ˈʒuoɡam/
8449	īkšķis	thumb	/ˈiːkʃcis/
8450	starptautisks	international	/ˈstarptautisks/
8451	virsotnei	top, peak, summit	/ˈʋirsuotnei/
8452	pedālis	pedal	/ˈpædaːlis/
8453	dzimto	vocative/accusative/instrumental singular masculine/feminine	/ˈdzimtuo/
8454	karšu	map, chart	/ˈkarʃu/
8455	lielākajā	bigger, larger, greater; indefinite comparative degree of…	/ˈlielːaːːkajaː/
8456	muļķu	fool, stupid man	/ˈmuʎcu/
8457	sekla	shallow	/ˈsekla/
8458	nedzirdēsim	to not hear; negative form of dzirdēt	/ˈnedzirdeːsim/
8459	starus	ray, beam	/ˈstarus/
8460	holandietim	a Dutchman, a man from the Netherlands	/ˈholaŋdietim/
8461	mobilajiem	mobile	/ˈmobilajiem/
8462	pavasarim	spring	/ˈpaʋasarim/
8463	mākoņa	cloud	/ˈmaːːkuoɲa/
8464	vērt	to open	/ˈʋæːrt/
8465	apkalpē	crew	/ˈapkalpeː/
8466	oža	smell	[ˈuɔ̯̂ʒa]
8467	šauru	narrow a relatively small diameter	/ˈʃauru/
8468	iekļuvu	to get into, to enter somewhere	/ˈiekʎuʋu/
8469	pareizās	precise, exact, correct, accurate	/ˈpareizaːs/
8470	tīklos	mesh	/ˈtiːkluos/
8471	laipnība	kindness, friendliness, warmth	/ˈlaipniːba/
8472	ministrijai	ministry, government department	/ˈministrijai/
8473	siltāks	warmer; indefinite comparative degree of silts	/ˈsiltaːːks/
8474	seksualitāte	sexuality	/ˈseksualitaːte/
8475	stundai	hour	/ˈstuŋdai/
8476	cietā	solid	/ˈt͡sietaː/
8477	spilgta	bright	/ˈspilɡta/
8478	īpašiem	specific, independent	/ˈiːpaʃiem/
8479	īrijas	genitive singular of Īrija	/ˈiːrijas/
8480	pudeļu	bottle	/ˈpudeʎu/
8481	sviedri	sweat	/ˈsʋiedri/
8482	rodeo	rodeo	/ˈrodeoː/
8483	orgasms	orgasm	/ˈorɡasm̩s/
8484	brazīliešu	a Brazilian man, a man from Brazil	/ˈbraziːlieʃu/
8485	apmainīja	to swap, to exchange something for something else	/ˈapmaiːniːja/
8486	mūsa	alternative form of muša	/ˈmuːsa/
8487	lieliskās	great, wonderful expressing such characteristics	/ˈlielːiskaːs/
8488	dīķi	pond	/ˈdiːci/
8489	baigā	terrible, dreadful, depressive, grim; that which causes…	/ˈbaiɡaː/
8490	iesitīšu	to drive in, hit, strike so that something goes into…	/ˈiesitiːʃu/
8491	neturi	to not hold, to not keep; negative form of turēt	/ˈneturi/
8492	apkalpei	crew	/ˈapkalpei/
8493	darāmas	which can or should be done, made; indefinite present…	/ˈdaraːmas/
8494	stiklus	glass	/ˈstiklus/
8495	drudža	fever	/ˈdrudʐa/
8496	virsmu	surface	/ˈʋirsmu/
8497	nedarāt	to not do, to not make; negative form of darīt	/ˈnedaraːt/
8498	maksājis	having paid, having cost; indefinite past active participle…	/ˈmaksaːjis/
8499	īpašām	specific, independent	/ˈiːpaʃaːm/
8500	veselīgu	healthy, robust	/ˈʋæsæliːɡu/
8501	steidzīgi	hurriedly, hastily, urgently; adverbial form of steidzīgs	/ˈsteidziːɡi/
8502	frekvences	frequency, rate	/ˈfrekʋent͡ses/
8503	izteikšu	to express	/ˈizteikʃu/
8504	vājos	weak	/ˈʋaːjuos/
8505	kņazs	prince	/ˈkɲazs/
8506	bezjēdzīgs	nonsensical, meaningless	/ˈbezjeːdziːɡs/
8507	vienīga	only, unique	/ˈʋieːniːɡa/
8508	esošais	the being; definite present active participle of būt	/ˈesuoʃais/
8509	gluds	smooth	/ˈɡluds/
8510	burāt	to sail	[buɾaːt]
8511	ministru	minister	/ˈministru/
8512	istabai	room	/ˈistabai/
8513	stāstāt	to tell, to narrate	/ˈstaːstaːt/
8514	slēpi	to hide, to conceal so that others cannot see or find it,…	/ˈslæːpi/
8515	dalīts	divided, shared; indefinite past passive participle of dalīt	/ˈdaliːts/
8516	izcilā	great, excellent, outstanding, brilliant	/ˈizt͡silaː/
8517	lieti	rain, shower; rainwater	/ˈlieti/
8518	fails	file	/ˈfails/
8519	šķiņķis	ham	[ˈʃciɲcis]
8520	netīrā	dirty	/ˈnetiːraː/
8521	savienojumu	connection, link, join	/ˈsaʋieːnuojumu/
8522	krūma	bush, shrub	/ˈkruːma/
8523	sūkāt	to suck	/ˈsuːkaːt/
8524	tases	cup	/ˈtases/
8525	burka	jar	[ˈbùɾka]
8526	sunī	domestic dog	/ˈsuniː/
8527	dzērienā	drink, beverage	/ˈdzeːrieːnaː/
8528	kakāt	to shit	/ˈkakaːt/
8529	mūks	monk	[mūːks]
8530	neglīto	ugly, unattractive	/ˈneɡliːtuo/
8531	politiķus	politician	/ˈpoliticus/
8532	zaļas	green	/ˈzaʎas/
8533	vilcienam	one-off event of dragging, pulling, drawing, or its result	/ˈʋilt͡sieːnam/
8534	frekvencē	frequency, rate	/ˈfrekʋent͡seː/
8535	vēlā	late	/ˈʋæːlaː/
8536	lētā	cheap	/ˈlæːtaː/
8537	psihiatrisko	psychiatric	/ˈpsihiatriskuo/
8538	ciešu	dense, tight	/ˈt͡sieʃu/
8539	piecreiz	five times	/ˈpiet͡sreiz/
8540	braucamo	vocative/accusative/instrumental singular masculine/feminine	/ˈbraut͡samuo/
8541	turpinājumu	continuation	/ˈturpinaːjumu/
8542	zagtas	stolen; indefinite past passive participle of zagt	/ˈzaɡtas/
8543	neitrālo	neutral	/ˈneitraːluo/
8544	krūmiem	bush, shrub	/ˈkruːmiem/
8545	dzelzi	iron	/ˈdzællzi/
8546	baros	crowd	/ˈbaruos/
8547	dvaša	breath, breathing	/ˈdʋaʃa/
8548	grūtībās	difficulty, hardship	/ˈɡruːtiːbaːs/
8549	raksturīgi	characteristic, typical, characteristically, typically;…	/ˈraksturiːɡi/
8550	ciešs	dense, tight	[tsiɛ̂ʃ]
8551	barbadosā	locative singular of Barbadosa	/ˈbarbaduosaː/
8552	vieglas	light, lightweight	/ˈʋieɡlas/
8553	audzina	to raise, to bring up, to educate	/ˈaudzina/
8554	baložus	pigeon, dove	/ˈbaluoʒus/
8555	visspēcīgākais	strong	/ʋissˈpeːt͡siːɡaːːkais/
8556	skaidrot	to explain	[skāīdruôt]
8557	jaukajām	nice, cute	/ˈjaukajaːm/
8558	brokastot	to breakfast	/ˈbruokastuot/
8559	likumīgais	legal, valid, lawful	/ˈlikumiːɡais/
8560	gādāja	to take care of, to see to, to provide	/ˈɡaːdaːja/
8561	turēji	to hold	/ˈtureːji/
8562	skorpions	scorpion	/ˈskorpioːns/
8563	būves	building, construction	/ˈbuːʋes/
8564	ātrāko	faster, quicker, more rapid; indefinite comparative degree…	/ˈaːtraːːkuo/
8565	efekts	effect	/ˈefekts/
8566	īpašajos	specific, independent	/ˈiːpaʃajuos/
8567	dārgāks	more expensive, costlier, dearer; indefinite comparative…	/ˈdaːrɡaːːks/
8568	nolūki	intention, purpose	/ˈnuoluːki/
8569	dejosi	to dance	/ˈdejuosi/
8570	aizmirstība	oblivion	/ˈaizmirstiːba/
8571	peldēšanas	swimming, floating, sailing; verbal noun of peldēt	/ˈpælldeːʃanas/
8572	pasakaina	fabulous, fantastic	/ˈpasakaiːna/
8573	mocīt	to torture	/ˈmuot͡siːt/
8574	galiem	tip, end	/ˈɡaliem/
8575	ticamāk	more believable, more probable, more significant, more…	/ˈtit͡samaːːk/
8576	pūķim	in old Latvian mythology, a household spirit that could be…	/ˈpuːcim/
8577	mērcē	sauce	/ˈmeːrt͡seː/
8578	aizmirsīs	to forget	/ˈaizmirsiːs/
8579	rīkus	instrument, tool, equipment	/ˈriːkus/
8580	reliģijām	religion	/ˈreliɟijaːm/
8581	visinteresantākais	the most interesting; superlative degree of interesants	/ʋiˈsinteresantaːːkais/
8582	nepalīdzēji	to not help; negative form of palīdzēt	/ˈnepaliːdzeːji/
8583	dzimtu	family, kin, kin group, clan, kind	/ˈdzimtu/
8584	tēviņi	male	/ˈteːʋiɲi/
8585	dezertieris	deserter	/ˈdæzertieris/
8586	noslēpuma	secret	/ˈnuoslæːpuma/
8587	motocikls	motorcycle	/ˈmotoːt͡sikl̩s/
8588	sausums	drought	/ˈsausums/
8589	sapratīsim	to understand	/ˈsapratiːsim/
8590	niknu	wild, furious, raging	/ˈniknu/
8591	dzeļ	to sting	/ˈdzeʎ/
8592	tirgotāji	merchant, dealer, trader	/ˈtirɡuotaːji/
8593	skolēni	schoolchild, pupil, student	/ˈskuolæːni/
8594	pelēkā	gray	/ˈpælæːkaː/
8595	tukšiem	empty	/ˈtukʃiem/
8596	rakstīta	genitive singular masculine	/ˈrakstiːta/
8597	negribot	unwillingly	/ˈneɡribuot/
8598	raduši	having found; indefinite past active participle of rast	/ˈraduʃi/
8599	ballēm	ball	/ˈballeːm/
8600	iekaisums	swelling, inflammation	/ˈiekaisums/
8601	parāde	parade	/ˈparaːde/
8602	dzīvniekam	animal	/ˈdziːʋniekam/
8603	svārki	coat, jacket	[svāːɾki]
8604	galvaspilsēta	capital city	[ˈɡâlvas.pìlsǣːta]
8605	pārdzīvojums	experience, event	/ˈpaːrdziːʋuojums/
8606	knābis	beak, bill	[knàːbis]
8607	iekļūšanas	getting into, entering; verbal noun of iekļūt	/ˈiekʎuːʃanas/
8608	zogam	stealing; adverbial object-of-perception present active…	/ˈzuoɡam/
8609	veiklāks	more agile, defter, more skillful; indefinite comparative…	/ˈʋeiklaːːks/
8610	dzeltena	yellow	/ˈdzeltæna/
8611	vieglāks	easier, lighter, milder; indefinite comparative degree of…	/ˈʋieɡlaːːks/
8612	bāls	pale	[bāːls]
8613	geji	gay, homosexual	/ˈɡeji/
8614	spoguļu	mirror	/ˈspuoɡuʎu/
8615	garīgs	spiritual	/ˈɡariːɡs/
8616	rītos	morning	/ˈriːtuos/
8617	vidum	middle, center	/ˈʋidum/
8618	fiziskās	physical	/ˈfiziskaːs/
8619	vēži	crayfish	/ˈʋeːʒi/
8620	senākais	more ancient, older; indefinite comparative degree of sens	/ˈsænaːːkais/
8621	dedz	to burn	/ˈdædz/
8622	īves	yew	/ˈiːʋes/
8623	tulks	translator, interpreter	[tūlks]
8624	priekiem	joy, delight	/ˈpriekiem/
8625	kosmisko	cosmic, spatial	/ˈkosmiskuo/
8626	mina	to tread	/ˈmina/
8627	asiņaino	bloody	/ˈasiɲaiːnuo/
8628	idiotam	idiot	/ˈidiuotam/
8629	plecam	shoulder	/ˈplæt͡sam/
8630	delfīns	dolphin	/ˈdelfiːns/
8631	rokrakstā	handwriting	/ˈruokrakstaː/
8632	vaļa	leisure	/ˈʋaʎa/
8633	spalva	feather	[ˈspālva]
8634	darbinieces	employee; clerk; official	/ˈdarbiniet͡ses/
8635	pirkstiņa	genitive singular of pirkstiņš	/ˈpirkstiɲa/
8636	tase	cup	[ˈtasːɛ]
8637	zāģētavas	sawmill	/ˈzaːɟæːtaʋas/
8638	dzīvās	living, alive	/ˈdziːʋaːs/
8639	sadursmei	collision	/ˈsadursmei/
8640	ziedos	blossom; flower	/ˈzieduos/
8641	gaismām	light	/ˈɡaismaːm/
8642	mājdzīvnieks	domestic animal	/ˈmaːjdziːʋnieks/
8643	tualetei	dress, outfit, dressing style	/ˈtualætei/
8644	arbūzu	watermelon	/ˈarbuːzu/
8645	tīrāks	cleaner, purer; indefinite comparative degree of tīrs	/ˈtiːraːːks/
8646	seglos	saddle	/ˈsæɡluos/
8647	kapus	grave	/ˈkapus/
8648	ceturtdaļas	one fourth, one quarter, 1/4	/ˈt͡seturtdaʎas/
8649	popkorns	popcorn	/ˈpopkuorŋs/
8650	kurta	lit, ignited; indefinite past passive participle of kurt	/ˈkurta/
8651	skaidrāk	clearer, more clearly; adverbial form of skaidrāks	/ˈskaidraːːk/
8652	maģisks	magic, magical	/ˈmaɟisks/
8653	ragu	horn	/ˈraɡu/
8654	ātrumam	speed, velocity	/ˈaːtrumam/
8655	snieg	snow	/ˈsnieɡ/
8656	modinātāju	waker	/ˈmuodinaːtaːju/
8657	apļiem	circle, ring	/ˈapʎiem/
8658	nedzirdat	to not hear; negative form of dzirdēt	/ˈnedzirdat/
8659	veselums	whole, wholeness	/ˈʋæsælums/
8660	neceļ	to not lift, to not raise, to not build; negative form of…	/ˈnet͡seʎ/
8661	tantei	aunt	/ˈtantei/
8662	jārod	to find be present, in use, or in one's possession	/ˈjaːruod/
8663	ķirzaka	lizard	[ˈcīɾzaka]
8664	garumu	length	/ˈɡarumu/
8665	spoguļi	mirror	/ˈspuoɡuʎi/
8666	mirusī	dead person, deceased person	/ˈmirusiː/
8667	sargāju	first-person singular present/past indicative of sargāt	/ˈsarɡaːju/
8668	trakus	mad, rabid	/ˈtrakus/
8669	nekustos	to not move; negative form of kustēties	/ˈnekustuos/
8670	pirmdienu	Monday	/ˈpirm̩dieːnu/
8671	garšīgas	tasty	/ˈɡarʃiːɡas/
8672	reliģiska	religious	/ˈreliɟiska/
8673	kross	cross country	/ˈkross/
8674	spārnā	wing	/ˈspaːrnaː/
8675	gājienā	trip, walk	/ˈɡaːjieːnaː/
8676	tīrītavu	cleaner	/ˈtiːriːtaʋu/
8677	kartupeļus	potato	/ˈkartupeʎus/
8678	fantastikas	fantastic literature, fantasy literature	/ˈfantastikas/
8679	zinātniskās	scientific	/ˈzinaːtniskaːs/
8680	neraudu	to not cry, to not weep; negative form of raudāt	/ˈneraudu/
8681	dzīli	depth	/ˈdziːli/
8682	lidosiet	to fly	/ˈliduosiet/
8683	nemeloja	to not lie, to not tell lies; negative form of melot	/ˈnemæloja/
8684	stingrāk	firmer, stronger, stricter, more firmly, more strongly,…	/ˈstiŋɡraːːk/
8685	neceriet	to not hope; negative form of cerēt	/ˈnet͡seriet/
8686	kailā	naked, nude, bare	/ˈkailaː/
8687	mirstīgā	mortal	/ˈmirstiːɡaː/
8688	spoguļa	mirror	/ˈspuoɡuʎa/
8689	raksturīga	characteristic, typical	/ˈraksturiːɡa/
8690	dzērve	crane	[ˈd͡zɛ̄ːɾvɛ]
8691	loka	arc	/ˈluoka/
8692	saldūdens	fresh water	/ˈsallduːdæns/
8693	melosi	to lie, to tell lies	/ˈmeluosi/
8694	pleci	shoulder	/ˈplæt͡si/
8695	pulks	regiment	/ˈpulks/
8696	lepnu	proud, haughty	/ˈlæpnu/
8697	polijā	locative singular of Polija	/ˈpuolijaː/
8698	ņūtons	newton	/ˈɲuːtoːns/
8699	apakšveļa	underwear	/ˈapakʃʋeʎa/
8700	apļi	circle, ring	/ˈapʎi/
8701	pienene	dandelion	[ˈpīɛ̄nɛnɛ]
8702	pavēlējis	having ordered, having commanded; indefinite past active…	/ˈpaʋeːleːjis/
8703	diegu	thread	/ˈdieɡu/
8704	dosities	to give oneself; reflexive of dot	/ˈduosities/
8705	bagātais	rich, wealthy	/ˈbaɡaːtais/
8706	gājienus	trip, walk	/ˈɡaːjieːnus/
8707	aizdevums	loan	/ˈaizdæʋums/
8708	aku	well	/ˈaku/
8709	dziedāšu	to sing	/ˈdziedaːʃu/
8710	audzināju	to raise, to bring up, to educate	/ˈaudzinaːju/
8711	meloni	melon	/ˈmæloːni/
8712	paslēpiet	to hide	/ˈpasleːpiet/
8713	rakstiski	written, in written form; adverbial form of rakstisks	/ˈrakstiski/
8714	karos	war	/ˈkaruos/
8715	starā	ray, beam	/ˈstaraː/
8716	aust	to dawn	[àwst]
8717	runāšanu	speaking, talking; verbal noun of runāt	/ˈrunaːʃanu/
8718	garlaicība	boredom, tedium	/ˈɡarlait͡siːba/
8719	riteņa	wheel	/ˈriteɲa/
8720	spožā	bright	/ˈspuoʒaː/
8721	bagātajiem	rich, wealthy	/ˈbaɡaːtajiem/
8722	deviņpadsmit	nineteen	/ˈdeʋiɲpadsmit/
8723	māla	clay	/ˈmaːla/
8724	toksīnu	toxin	/ˈtoksiːnu/
8725	ēzeļi	donkey	/ˈeːzeʎi/
8726	domādams	thinking; adverbial variable present active participle of…	/ˈduomaːdams/
8727	dzīvošana	living; verbal noun of dzīvot	/ˈdziːʋuoʃana/
8728	ledains	icy, freezing, frozen, iced	/ˈlædains/
8729	sešpadsmit	sixteen	/ˈseʃpadsmit/
8730	kriptons	krypton	/ˈkriptoːns/
8731	marsu	accusative/instrumental singular of Marss	/ˈmarsu/
8732	dabūjat	to get, to obtain	/ˈdabuːjat/
8733	veļa	linens, cloth, towel	/ˈʋeʎa/
8734	taja	Thai; pertaining to Thailand, to the Thai people, or their…	/ˈtaja/
8735	jāmazgā	to wash	/ˈjaːmazɡaː/
8736	dibinātājs	founder	/ˈdibinaːtaːjs/
8737	priesteri	priest	/ˈpriesteri/
8738	neēdīšu	to not eat; negative form of ēst	/ˈneeːdiːʃu/
8739	pakas	package	/ˈpakas/
8740	švaki	not good; adverbial form of švaks	/ˈʃʋaki/
8741	tīrīšanai	cleaning; verbal noun of tīrīt	/ˈtiːriːʃanai/
8742	grezna	splendid, luxurious, magnificent	/ˈɡrez-na/
8743	prostitūtām	prostitute	/ˈprostituːtaːm/
8744	aizgājušo	the one having gone away; definite past active participle…	/ˈaizɡaːjuʃuo/
8745	bagātam	rich, wealthy	/ˈbaɡaːtam/
8746	namam	house, building	/ˈnamam/
8747	sēta	fence	[ˈsǣːta]
8748	neprasīs	to not ask for, to not require, to not demand; negative…	/ˈneprasiːs/
8749	mazai	small, little size of other similar objects, beings, areas,…	/ˈmazai/
8750	klusajā	soft, quiet, silent	/ˈklusajaː/
8751	šķērsojam	crossing, being an obstacle; adverbial object-of-perception…	/ˈʃcæːrsuojam/
8752	rotaļas	game, recreational activity	/ˈruotaʎas/
8753	francūzis	Frenchman	/ˈfrant͡suːzis/
8754	pāvestam	Pope	/ˈpaːʋæstam/
8755	neaicināju	to not invite; negative form of aicināt	/ˈneait͡sinaːju/
8756	ēšanu	eating; verbal noun of ēst	/ˈeːʃanu/
8757	rotaļlietām	toy, plaything	/ˈruotaʎlietaːm/
8758	reģistrāciju	registration	/ˈreɟistraːt͡siju/
8759	cenām	price	/ˈt͡sænaːm/
8760	holandi	accusative/instrumental singular of Holande	/ˈholaŋdi/
8761	indīgs	poisonous	/ˈiŋdiːɡs/
8762	triju	three	/ˈtriju/
8763	skaistajā	beautiful	/ˈskaistajaː/
8764	ģipsis	gypsum	/ˈɟipsis/
8765	nemelotu	to not lie, to not tell lies; negative form of melot	/ˈnemeluotu/
8766	gatavotu	to prepare, to produce, to build, to make	/ˈɡataʋuotu/
8767	šķirt	to part, to separate, to divide	/ˈʃcirt/
8768	ekonomisko	economical	/ˈekonoːmiskuo/
8769	nedotos	to not give self, to not go; negative form of dot	/ˈneduotuos/
8770	imperatoram	emperor	/ˈimpæratoːram/
8771	sportistu	sportsman, athlete	/ˈsportistu/
8772	centieniem	efforts, aspirations	/ˈt͡sentieːniem/
8773	darāmo	vocative/accusative/instrumental singular masculine/feminine	/ˈdaraːmuo/
8774	arheologu	archaeologist	/ˈarheoloːɡu/
8775	plašas	wide, broad, spacious, large	/ˈplaʃas/
8776	zālei	grass	/ˈzaːlei/
8777	dzimtās	family, kin, kin group, clan, kind	/ˈdzimtaːs/
8778	oficiante	waitress person who serves visitors, clients at a…	/ˈofit͡siante/
8779	zeķe	sock	[ˈzɛcːɛ]
8780	nesapratīsi	to not understand; negative form of saprast	/ˈnesapratiːsi/
8781	jālasa	to read	/ˈjaːlasa/
8782	gudrībā	intelligence, wiseness, wisdom	/ˈɡudriːbaː/
8783	kontinenta	continent	/ˈkontinenta/
8784	demokrātijai	democracy	/ˈdæmokraːtijai/
8785	neturēs	to not hold, to not keep; negative form of turēt	/ˈnetureːs/
8786	slepenos	secret	/ˈslæpænuos/
8787	joslā	strip, stripe	/ˈjuoslaː/
8788	spriedumus	judgment, opinion	/ˈspriedumus/
8789	klauni	clown	/ˈklauni/
8790	nāvējoša	killing; indefinite present active participle of nāvēt	/ˈnaːʋeːjuoʃa/
8791	dibinātājiem	founder	/ˈdibinaːtaːjiem/
8792	neitralizē	to neutralize	/ˈneitralizeː/
8793	kāsis	hook	[ˈkàːsis]
8794	skuķus	girl, young woman	/ˈskucus/
8795	velsas	genitive singular of Velsa	/ˈʋælsas/
8796	dievinām	adoring, idolizing; adverbial object-of-perception present…	/ˈdieʋinaːm/
8797	teikšana	saying, telling; verbal noun of teikt	/ˈteikʃana/
8798	turienei	a specific, definite place situated relatively far from the…	/ˈturieːnei/
8799	politiķu	politician	/ˈpoliticu/
8800	audi	tissue	/ˈaudi/
8801	glītā	pretty, handsome, neat, good-looking	/ˈɡliːtaː/
8802	greznību	luxury	/ˈɡrez-niːbu/
8803	aizliegto	vocative/accusative/instrumental singular masculine/feminine	/ˈaizlieɡtuo/
8804	laipnu	nice, polite, kind, friendly, warm, welcoming	/ˈlaipnu/
8805	lielākos	bigger, larger, greater; indefinite comparative degree of…	/ˈlielːaːːkuos/
8806	nerātni	naughty, mischievous, bold, naughtily, mischievously,…	/ˈneraːtni/
8807	dziedot	to sing	/ˈdzieduot/
8808	velni	the Devil; Satan	/ˈʋællni/
8809	tilti	bridge	/ˈtilti/
8810	vieglāka	easier, lighter, milder; indefinite comparative degree of…	/ˈʋieɡlaːːka/
8811	nepalīdzētu	to not help; negative form of palīdzēt	/ˈnepaliːdzeːtu/
8812	karaliskajā	royal	/ˈkaraliskajaː/
8813	raktuve	mine, pit	/ˈraktuʋe/
8814	lepnība	pride, haughtiness, arrogance	/ˈlepniːba/
8815	plosa	to tear	/ˈpluosa/
8816	griezīsim	to turn, to spin	/ˈɡrieziːsim/
8817	parastie	normal, ordinary, plain	/ˈparastie/
8818	lēta	cheap	/ˈlæːta/
8819	dievišķā	divine, godlike	/ˈdieʋiʃcaː/
8820	gaišās	bright	/ˈɡaiʃaːs/
8821	slinkais	lazy	/ˈsliŋkais/
8822	īsumā	shortness	/ˈiːsumaː/
8823	vēnas	vein	/ˈʋæːnas/
8824	nepieklājīgs	impolite	/ˈnepieklaːjiːɡs/
8825	bruņinieka	knight	/ˈbruɲinieka/
8826	amizanti	amusing, amusingly; adverbial form of amizants	/ˈamizanti/
8827	prieki	joy, delight	/ˈprieki/
8828	leģendārs	legendary	/ˈleɟæŋdaːrs/
8829	liellopu	cattle in general, cows and oxen	/ˈlielːluopu/
8830	vagīnas	vagina	/ˈʋaɡiːnas/
8831	zirneklis	spider	/ˈzirneklis/
8832	viesnīcās	hotel	/ˈʋiesniːt͡saːs/
8833	ārējais	external, outside, outer	/ˈaːreːjais/
8834	murgus	nightmare	/ˈmurɡus/
8835	sibīrijas	genitive singular of Sibīrija	/ˈsibiːrijas/
8836	negulēšu	to not sleep, to not lie down; negative form of gulēt	/ˈneɡuleːʃu/
8837	vēla	late	/ˈʋæːla/
8838	masturbēt	to masturbate	[mastuɾbæːt]
8839	strādāsiet	to work	/ˈstraːdaːsiet/
8840	cietumam	prison	/ˈt͡sietumam/
8841	agrāko	earlier; indefinite comparative degree of agrs	/ˈaɡraːːkuo/
8842	lētas	cheap	/ˈlæːtas/
8843	ogļu	charcoal	/ˈuoɡʎu/
8844	spāniju	accusative/instrumental singular of Spānija	/ˈspaːniju/
8845	mušām	fly	/ˈmuʃaːm/
8846	izcilību	excellence	/ˈizt͡siliːbu/
8847	karstais	hot	/ˈkarstais/
8848	agrākā	earlier; indefinite comparative degree of agrs	/ˈaɡraːːkaː/
8849	ēdat	to eat	/ˈæːdat/
8850	bandinieks	pawn	/ˈbaŋdinieks/
8851	vājprātu	madness, insanity	/ˈʋaːjpraːtu/
8852	attieksmes	attitude, mindset, approach	/ˈattieksmes/
8853	kanālus	channel; canal	/ˈkanaːlus/
8854	apkalpot	to serve	/ˈapkalpuot/
8855	citrona	lemon tree	/ˈt͡sitroːna/
8856	dzīvošanai	living; verbal noun of dzīvot	/ˈdziːʋuoʃanai/
8857	biezi	thick, dense, thickly, densely; adverbial form of biezs	/ˈbiezi/
8858	dzīvojiet	to live, to be alive	/ˈdziːʋuojiet/
8859	mainīju	to change, to exchange	/ˈmaiːniːju/
8860	žokļiem	jaw	/ˈʒuokʎiem/
8861	sitīs	to hit, to strike, to beat	/ˈsitiːs/
8862	nepateicīgais	ungrateful	/ˈnepateit͡siːɡais/
8863	laimīgāki	happier; indefinite comparative degree of laimīgs	/ˈlaimiːɡaːːki/
8864	aizstāvēšu	to defend	/ˈaizstaːʋeːʃu/
8865	caurām	having a hole or holes	/ˈt͡sauraːm/
8866	stāvoklim	position, location	/ˈstaːʋuoklim/
8867	nedevu	to not give; negative form of dot	/ˈnedæʋu/
8868	nestāstīt	to not tell, to not narrate; negative form of stāstīt	/ˈnestaːstiːt/
8869	vecenes	old woman; also ugly, evil woman	/ˈʋæt͡senes/
8870	ieliet	to pour in	/ˈieliet/
8871	ētiku	ethics	/ˈeːtiku/
8872	atbildējāt	to answer	/ˈatbilldeːjaːt/
8873	automobilis	car	/ˈautomobilis/
8874	deserta	dessert	/ˈdæsærta/
8875	klauna	clown	/ˈklauna/
8876	auksto	cold	/ˈaukstuo/
8877	nākamajām	dative/instrumental plural feminine of nākamais	/ˈnaːːkamajaːm/
8878	milzīgajā	huge, enormous, giant	/ˈmillziːɡajaː/
8879	melni	black; adverbial form of melns	/ˈmællni/
8880	eksperimentēt	to experiment, try	[ækspæɾːimæntæːt]
8881	nejautāšu	To not ask, to not inquire, to not question; negative form…	/ˈnejautaːʃu/
8882	netīras	dirty	/ˈnetiːras/
8883	lēnā	slow	/ˈlæːnaː/
8884	skaistiem	beautiful	/ˈskaistiem/
8885	nerunājat	to not speak, to not talk; negative form of runāt	/ˈnerunaːjat/
8886	parastajā	normal, ordinary, plain	/ˈparastajaː/
8887	bots	bot	/ˈbuots/
8888	slepkavoja	to murder	/ˈslæpkaʋuoja/
8889	biedre	colleague, mate, comrade	[bìɛdɾɛ]
8890	zagto	vocative/accusative/instrumental singular masculine/feminine	/ˈzaɡtuo/
8891	vēsturisks	historical	/ˈʋeːsturisks/
8892	nejēgā	ignorant, unskilled, stupid person	/ˈnejæːɡaː/
8893	gaišas	bright	/ˈɡaiʃas/
8894	eja	passageway, tunnel, corridor, hallway, aisle etc. where one…	[ɛja]
8895	degunradzis	rhinoceros	/ˈdæɡunradzis/
8896	nemelojiet	to not lie, to not tell lies; negative form of melot	/ˈnemæluojiet/
8897	stiept	to stretch	/ˈstiept/
8898	od	to smell	/ˈuod/
8899	ķirbja	pumpkin, squash, gourd	/ˈcirbja/
8900	nedosimies	to not give self, to not go; negative form of dot	/ˈneduosimies/
8901	aparātus	device, appliance, set, machine, contraption	/ˈaparaːtus/
8902	aizgājušas	having gone away; indefinite past active participle of…	/ˈaizɡaːjuʃas/
8903	nemazgā	to not wash; negative form of mazgāt	/ˈnemazɡaː/
8904	īstenības	reality	/ˈiːsteniːbas/
8905	likumos	law	/ˈlikumuos/
8906	mīļotājs	lover	/ˈmiːʎuotaːjs/
8907	vē	The Latvian name of the Latin script letter V/v	[vɛː]
8908	augšai	top, upper part	/ˈauɡʃai/
8909	jūnija	the month of June	/ˈjuːnija/
8910	vēstnieks	ambassador	/ˈʋeːstnieks/
8911	amsterdamā	locative singular of Amsterdama	/ˈamstærdamaː/
8912	vasku	wax	/ˈʋasku/
8913	vecajai	old	/ˈʋæt͡sajai/
8914	asu	axle	/ˈasu/
8915	dalībniece	participant	/ˈdaliːbniet͡se/
8916	ziloņa	elephant	/ˈziluoɲa/
8917	vērsis	ox	[vɛ̀ːrsis]
8918	datuma	date	/ˈdatuma/
8919	viesim	visitor, guest	/ˈʋiesim/
8920	vannasistaba	bathroom	/ˈʋannasistaba/
8921	esošie	the being; definite present active participle of būt	/ˈesuoʃie/
8922	labākajai	better; indefinite comparative degree of labs	/ˈlabaːːkajai/
8923	septītais	seventh	/ˈseptiːtais/
8924	gulbis	swan	[ˈɡùlbis]
8925	sūdzība	complaint	/ˈsuːdziːba/
8926	zebra	zebra	/ˈzɛbra/
8927	vecākas	older; indefinite comparative degree of vecs	/ˈʋæt͡saːːkas/
8928	kartupeļiem	potato	/ˈkartupeʎiem/
8929	spilvens	pillow, cushion	[ˈspìlvæns]
8930	viedoklim	viewpoint, standpoint, point of view	/ˈʋieduoklim/
8931	atombumbu	atom bomb	/ˈatoːmbumbu/
8932	noindēt	to poison	/ˈnuoiːndeːt/
8933	visdziļāko	definite vocative/accusative/instrumental…	/ʋisdˈziʎaːːkuo/
8934	četrinieks	four, number four	/ˈt͡ʃetrinieks/
8935	atvēršanas	opening; verbal noun of atvērt	/ˈatʋeːrʃanas/
8936	pircis	having bought; indefinite past active participle of pirkt	/ˈpirt͡sis/
8937	vieglus	light, lightweight	/ˈʋieɡlus/
8938	vecākam	older; indefinite comparative degree of vecs	/ˈʋæt͡saːːkam/
8939	iekļūšu	to get into, to enter somewhere	/ˈiekʎuːʃu/
8940	slēpjama	which can or should be hidden, concealed; indefinite…	/ˈsleːpjama/
8941	zābaks	boot	[zàːbaks]
8942	skolās	school	/ˈskuolaːs/
8943	vaboles	beetle with two hard, shell-like front wings which cover…	/ˈʋabuoles/
8944	zāģi	saw	/ˈzaːɟi/
8945	grūtāka	more difficult, tougher; indefinite comparative degree of…	/ˈɡruːtaːːka/
8946	tulku	translator, interpreter	/ˈtulku/
8947	tieva	thin	/ˈtieʋa/
8948	krusttēvs	godfather	/ˈkrusttæːʋs/
8949	dažs	some	[ˈdaʃː]
8950	saprotošs	understanding; indefinite present active participle of…	/ˈsapruotuoʃs/
8951	lēnais	slow	/ˈlæːnais/
8952	slēpjam	hiding, concealing; adverbial object-of-perception present…	/ˈsleːpjam/
8953	slēptā	hidden, concealed; indefinite past passive participle of…	/ˈsleːptaː/
8954	mūžs	life, lifespan, lifetime	[ˈmûːʃ]
8955	glābti	saved; indefinite past passive participle of glābt	/ˈɡlaːbti/
8956	profesori	professor	/ˈprofesoːri/
8957	šūna	cell	/ˈʃuːna/
8958	viesmīlību	hospitableness, hospitability, hospitality	/ˈʋiesmiːliːbu/
8959	etiopijas	genitive singular of Etiopija	/ˈetiopijas/
8960	kustam	moving; adverbial object-of-perception present active…	/ˈkustam/
8961	tukšās	empty	/ˈtukʃaːs/
8962	neceliet	to not lift, to not raise, to not build; negative form of…	/ˈnet͡seliet/
8963	daile	beauty	[dāīlɛ]
8964	karaļiem	king	/ˈkaraʎiem/
8965	siržu	heart	/ˈsirʒu/
8966	lāpstu	shovel, spade	/ˈlaːpstu/
8967	augsne	soil, earth	[âwksnɛ]
8968	klusāki	quieter, more silent; indefinite comparative degree of kluss	/ˈklusaːːki/
8969	jaukāka	nicer, more pleasant; indefinite comparative degree of jauks	/ˈjaukaːːka/
8970	hotelī	hotel; synonym of viesnīca	/ˈhoteliː/
8971	hana	khan	/ˈhana/
8972	darbiniekam	employee; clerk; official	/ˈdarbiniekam/
8973	šķērsojot	crossing, being an obstacle; adverbial invariable present…	/ˈʃcæːrsuojuot/
8974	starptautisku	international	/ˈstarptautisku/
8975	maiji	the month of May	/ˈmaijji/
8976	rudmati	redhead, red-haired man	/ˈrudmati/
8977	rasists	racist, racialist	/ˈrasists/
8978	knābi	beak, bill	/ˈknaːbi/
8979	disciplīnu	discipline	/ˈdist͡sipliːnu/
8980	prognoze	prognosis	/ˈproɡnoːze/
8981	lidojošs	flying; indefinite present active participle of lidot	/ˈliduojuoʃs/
8982	nevainojiet	to not blame; negative form of vainot	/ˈneʋaiːnuojiet/
8983	nags	fingernail fingertip	/ˈnaɡs/
8984	pudiņš	pudding	[ˈpudːiɲʃ]
8985	tagadnes	present	/ˈtaɡadnes/
8986	svarīgo	important, significant	/ˈsʋariːɡuo/
8987	iedosiet	to give, to hand, so that someone takes it	/ˈieduosiet/
8988	drosmīgu	brave, courageous	/ˈdruosmiːɡu/
8989	bailīgs	fearful, timid, afraid	/ˈbailiːɡs/
8990	dievišķo	divine, godlike	/ˈdieʋiʃcuo/
8991	veram	opening; adverbial object-of-perception present active…	/ˈʋæram/
8992	dabūjusi	having gotten, having obtained, having received; indefinite…	/ˈdabuːjusi/
8993	neeksistēja	to not exist; negative form of eksistēt	/ˈneeksisteːja/
8994	kuba	cube	/ˈkuba/
8995	kastei	box	/ˈkastei/
8996	iekšām	guts, entrails	/ˈiekʃaːm/
8997	sirdīm	heart	/ˈsirdiːm/
8998	nedevi	to not give; negative form of dot	/ˈnedæʋi/
8999	tumšāka	darker; indefinite comparative degree of tumšs	/ˈtumʃaːːka/
9000	večus	old man	/ˈʋet͡ʃus/
9001	dakšiņa	fork	/ˈdakʃiɲa/
9002	nerātns	naughty, mischievous, playful	[næɾāːtns]
9003	kārpa	wart	/ˈkaːrpa/
9004	neņēmu	to not take; negative form of ņemt	/ˈneɲeːmu/
9005	redzējušas	having seen; indefinite past active participle of redzēt	/ˈredzeːjuʃas/
9006	vērsim	ox	/ˈʋeːrsim/
9007	mobilie	mobile	/ˈmobilie/
9008	meklējusi	having looked for, having searched, having sought;…	/ˈmekleːjusi/
9009	iedodu	to give, to hand, so that someone takes it	/ˈieduodu/
9010	iedzersi	to drink, to have a drink	/ˈiedzærsi/
9011	dziesmām	song	/ˈdziesmaːm/
9012	torņi	tower	/ˈtuorɲi/
9013	kvieši	wheat	[kvìɛʃi]
9014	glābta	saved; indefinite past passive participle of glābt	/ˈɡlaːbta/
9015	vēstulēs	letter	/ˈʋæːstuleːs/
9016	atvilktne	drawer	/ˈatʋilktne/
9017	ievadu	introduction, introductory words, actions	/ˈieʋadu/
9018	naivi	naively; adverbial form of naivs	/ˈnaiʋi/
9019	konkrētāk	more concrete, more concretely; adverbial form of konkrētāks	/ˈkonkreːtaːːk/
9020	meklējamo	vocative/accusative/instrumental singular masculine/feminine	/ˈmekleːjamuo/
9021	centrāle	central, central station	/ˈt͡sentraːle/
9022	simptomi	symptom	/ˈsimptoːmi/
9023	siltāk	warmer, more warmly; adverbial form of siltāks	/ˈsiltaːːk/
9024	kļūdaini	wrong, erroneous, wrongly, erroneously; adverbial form of…	/ˈkʎuːdaiːni/
9025	nabadzība	poverty	/ˈnabadziːba/
9026	redzēto	vocative/accusative/instrumental singular masculine/feminine	/ˈredzeːtuo/
9027	miesām	flesh, muscle and fat tissue of a human or animal body	/ˈmiesaːm/
9028	iekļuvāt	to get into, to enter somewhere	/ˈiekʎuʋaːt/
9029	nabadzībā	poverty	/ˈnabadziːbaː/
9030	glābsim	to save death; to protect from death	/ˈɡlaːbsim/
9031	paslēpu	to hide	/ˈpaslæːpu/
9032	celsim	to lift, to raise	/ˈt͡selsim/
9033	kreilis	left-hander, left-handed man	[kɾēīlis]
9034	rata	wheel	/ˈrata/
9035	buļļus	bull	/ˈbuʎʎus/
9036	ainava	landscape	/ˈaiːnaʋa/
9037	siltumā	heat	/ˈsiltumaː/
9038	zinātnē	science	/ˈzinaːtneː/
9039	sitam	hitting, striking, beating; adverbial object-of-perception…	/ˈsitam/
9040	sestdienās	Saturday	/ˈsestdieːnaːs/
9041	nedodies	to not give self, to not go; negative form of dot	/ˈneduodies/
9042	burta	letter	/ˈburta/
9043	medicīna	medicine	/ˈmedit͡siːna/
9044	avis	ewe	/ˈaʋis/
9045	gigantiem	giant	/ˈɡiɡantiem/
9046	foršāks	cooler, greater; indefinite comparative degree of foršs	/ˈforʃaːːks/
9047	vissvarīgāk	most important, most importantly; adverbial form of…	/ʋisˈsʋariːɡaːːk/
9048	vājprātīgi	crazy, mad, insane, crazily, madly, insanely; adverbial…	/ˈʋaːjpraːtiːɡi/
9049	liegts	refused, prevented; indefinite past passive participle of…	/ˈlieɡts/
9050	stiprākā	stronger; indefinite comparative degree of stiprs	/ˈstipraːːkaː/
9051	atkarīgi	dependent, dependently; adverbial form of atkarīgs	/ˈatkariːɡi/
9052	jaguāru	jaguar	/ˈjaɡuaːru/
9053	efekti	effect	/ˈefekti/
9054	nolūkos	intention, purpose	/ˈnuoluːkuos/
9055	līdzēts	helped; indefinite past passive participle of līdzēt	/ˈliːdzeːts/
9056	nesaprastu	to not understand; negative form of saprast	/ˈnesaprastu/
9057	nulli	zero	/ˈnulli/
9058	rota	ornament	/ˈruota/
9059	apvienotās	united, combined; indefinite past passive participle of…	/ˈapʋieːnuotaːs/
9060	rakstnieki	writer	/ˈrakstnieki/
9061	nelasi	to not read, to not pick; negative form of lasīt	/ˈnelasi/
9062	skolotājus	teacher	/ˈskuoluotaːjus/
9063	ēdusi	having eaten; indefinite past active participle of ēst	/ˈæːdusi/
9064	svira	lever	/ˈsʋira/
9065	zvērus	beast, animal	/z-ˈʋæːrus/
9066	bioloģisko	biological	/ˈbioloːɟiskuo/
9067	platu	wide, broad	/ˈplatu/
9068	brīvībai	freedom, liberty subordination, dependence	/ˈbriːʋiːbai/
9069	augšanas	growing, growth; verbal noun of augt	/ˈauɡʃanas/
9070	neredzamais	to not see; negative form of redzēt	/ˈneredzamais/
9071	svešinieki	stranger	/ˈsʋeʃinieki/
9072	īstus	real, true, genuine, not false or artificial	/ˈiːstus/
9073	mānīt	to deceive	/ˈmaːniːt/
9074	asais	sharp can easily cut or pierce	/ˈasais/
9075	ciemam	village, settlement	/ˈt͡siemam/
9076	stabi	pole, post, pillar	/ˈstabi/
9077	strādājošā	working; indefinite present active participle of strādāt	/ˈstraːdaːjuoʃaː/
9078	kļuvāt	to become	/ˈkʎuʋaːt/
9079	zināsiet	to know	/ˈzinaːsiet/
9080	saimniecība	economy	/ˈsaimniet͡siːba/
9081	bīstamās	dangerous, perilous, scary	/ˈbiːstamaːs/
9082	aiziesiet	to leave, to go away, to escape	/ˈaiziesiet/
9083	dzēst	to extinguish, to put out	/ˈdzeːst/
9084	šaura	narrow a relatively small diameter	/ˈʃaura/
9085	iedevusi	having given; indefinite past active participle of iedot	/ˈiedæʋusi/
9086	neprātīgāku	more foolish, more reckless, more excessive; indefinite…	/ˈnepraːtiːɡaːːku/
9087	slimie	sick, ill, diseased	/ˈslimie/
9088	stipendija	scholarship	/ˈstipeŋdija/
9089	žagars	switch	/ˈʒaɡars/
9090	reliģijai	religion	/ˈreliɟijai/
9091	netrūka	to not lack, to not be lacking; negative form of trūkt	/ˈnetruːka/
9092	veikalos	shop, store	/ˈʋeikaluos/
9093	modernajā	modern	/ˈmodærnajaː/
9094	moderna	modern	/ˈmodærna/
9095	pasakā	legend, folktale, fairy tale	/ˈpasakaː/
9096	trešdienās	Wednesday	/ˈtreʃdieːnaːs/
9097	tempu	speed	/ˈtempu/
9098	reliģiozs	religious	/ˈreliɟioːzs/
9099	izcilo	great, excellent, outstanding, brilliant	/ˈizt͡siluo/
9100	ložmetējs	machine gun	/ˈluoʒmeteːjs/
9101	neraud	to not cry, to not weep; negative form of raudāt	/ˈneraud/
9102	redzējušies	having seen oneself, each other; having met; indefinite…	/ˈredzeːjuʃies/
9103	bioloģiskais	biological	/ˈbioloːɟiskais/
9104	drošāka	braver, safer, surer; indefinite comparative degree of drošs	/ˈdruoʃaːːka/
9105	neprotam	not knowing how to, not being able to; adverbial…	/ˈnepruotam/
9106	atkarīgas	dependent	/ˈatkariːɡas/
9107	jēdzīgi	meaningful, reasonable, meaningfully, reasonably; adverbial…	/ˈjeːdziːɡi/
9108	aizgājāt	to leave, to go away, to escape	/ˈaizɡaːjaːt/
9109	aizmirsīsi	to forget	/ˈaizmirsiːsi/
9110	ciemiņus	guest, visitor	/ˈt͡siemiɲus/
9111	demokrātijas	democracy	/ˈdæmokraːtijas/
9112	virsotne	top, peak, summit	/ˈʋirsuotne/
9113	nestāstīsi	to not tell, to not narrate; negative form of stāstīt	/ˈnestaːstiːsi/
9114	labajām	good following accepted moral rules, treating others in a…	/ˈlabajaːm/
9115	siltā	warm	/ˈsiltaː/
9116	airi	oar, paddle	/ˈairi/
9117	nemainītu	to not change; negative form of mainīt	/ˈnemaiːniːtu/
9118	bagātniekiem	rich man	/ˈbaɡaːtniekiem/
9119	paslēpi	to hide	/ˈpaslæːpi/
9120	solīt	to promise	/ˈsuoliːt/
9121	ugunīs	fire	/ˈuɡuniːs/
9122	efektu	effect	/ˈefektu/
9123	apspriežam	discussing, debating; adverbial object-of-perception…	/ˈapsprieʒam/
9124	dominikānas	genitive singular of Dominikāna	/ˈdominikaːnas/
9125	turēti	held, kept; indefinite past passive participle of turēt	/ˈtureːti/
9126	jūrnieki	seaman, sailor; navy seaman	/ˈjuːrnieki/
9127	maisos	sack, bag	/ˈmaisuos/
9128	dzīvai	living, alive	/ˈdziːʋai/
9129	aukstums	cold	/ˈaukstums/
9130	svītra	streak, stripe, dash	/ˈsʋiːtra/
9131	gudrāku	more intelligent, wiser; indefinite comparative degree of…	/ˈɡudraːːku/
9132	vērtīgākais	more valuable, more precious; indefinite comparative degree…	/ˈʋeːrtiːɡaːːkais/
9133	svešiem	unknown, foreign	/ˈsʋeʃiem/
9134	nepieciešamība	necessity	/ˈnepiet͡sieʃamiːba/
9135	veselībai	health	/ˈʋæsæliːbai/
9136	rakstnieka	writer	/ˈrakstnieka/
9137	neņemsim	to not take; negative form of ņemt	/ˈneɲemsim/
9138	nagos	fingernail fingertip	/ˈnaɡuos/
9139	normāliem	normal	/ˈnormaːliem/
9140	rokasgrāmata	manual	/ˈruokasɡraːmata/
9141	drīkstēja	may; be allowed, authorized, have the right	/ˈdriːksteːja/
9142	meļi	liar, deceiver	/ˈmeʎi/
9143	iedarbība	influence, effect, impact	/ˈiedarbiːba/
9144	seniem	ancient, old, of long ago	/ˈsæniem/
9145	nenāci	to not come; negative form of nākt	/ˈnenaːt͡si/
9146	neaizmirstams	unforgettable; indefinite present passive participle of…	/ˈneaizmirstams/
9147	aktīvists	activist	/ˈaktiːʋists/
9148	sīkajam	tiny, little, small	/ˈsiːkajam/
9149	slodze	load, burden	/ˈsluodze/
9150	fiziska	physical	/ˈfiziska/
9151	loģika	logic	/ˈloːɟika/
9152	skaitītas	counted; indefinite past passive participle of skaitīt	/ˈskaitiːtas/
9153	nākošnedēļ	next week	/ˈnaːːkuoʃnædeːʎ/
9154	salvete	napkin	/ˈsallʋete/
9155	demokrātiju	democracy	/ˈdæmokraːtiju/
9156	sankcijas	sanction	/ˈsaŋkt͡sijas/
9157	slimajiem	sick, ill, diseased	/ˈslimajiem/
9158	darīta	done, made; indefinite past passive participle of darīt	/ˈdariːta/
9159	šķīstu	pure, immaculate, without sin	/ˈʃciːstu/
9160	direktoram	director administrator or manager in an institution or…	/ˈdirektoːram/
9161	gatavos	ready	/ˈɡataʋuos/
9162	neatradi	to not find; negative form of atrast	/ˈneatradi/
9163	uztvere	perception	/ˈuztʋere/
9164	muskuļiem	muscle	/ˈmuskuʎiem/
9165	brieža	deer, stag	/ˈbrieʒa/
9166	maksāšanas	payment, the act of paying; verbal noun of maksāt	/ˈmaksaːʃanas/
9167	vati	watt	/ˈʋati/
9168	smaidīja	to smile	/ˈsmaidiːja/
9169	okeānam	ocean	/ˈokæaːnam/
9170	vielām	matter, substance; material	/ˈʋielaːm/
9171	stiprums	strength strong	/ˈstiprums/
9172	prasījāt	to ask for, to request, to demand	/ˈprasiːjaːt/
9173	patriotisms	patriotism	/ˈpatriotism̩s/
9174	dilles	dill	/ˈdilles/
9175	slēpšanas	hiding, concealing; verbal noun of slēpt	/ˈsleːpʃanas/
9176	domāšu	to think	/ˈduomaːʃu/
9177	bietē	beet	/ˈbieteː/
9178	starptautiskie	international	/ˈstarptautiskie/
9179	laimīgie	happy	/ˈlaimiːɡie/
9180	literatūras	literature	/ˈlitæratuːras/
9181	dala	to divide, to split	/ˈdala/
9182	ērgli	accusative/vocative/instrumental singular of ērglis	/ˈeːrɡli/
9183	dūre	fist	/ˈduːre/
9184	haizivi	shark	/ˈhaiziʋi/
9185	mūziķis	musician	[ˈmuːzicis]
9186	nebraukt	to not go, to not ride; negative form of braukt	/ˈnebraukt/
9187	krista	alternative form of krusts	/ˈkrista/
9188	vēsturisku	historical	/ˈʋeːsturisku/
9189	ekonomikā	economy	/ˈekonoːmikaː/
9190	aicinās	to invite	/ˈait͡sinaːs/
9191	īstajām	real, true, genuine, not false or artificial	/ˈiːstajaːm/
9192	per	to spank	/ˈpær/
9193	kalpa	farmhand, farm laborer, servant	/ˈkalpa/
9194	bumbās	ball	/ˈbumbaːs/
9195	nesitiet	to not hit, to not strike, to not beat; negative form of…	/ˈnesitiet/
9196	šķērsli	accusative/vocative/instrumental singular of šķērslis	/ˈʃceːrsli/
9197	mainīts	changed; indefinite past passive participle of mainīt	/ˈmaiːniːts/
9198	raižu	concern, worry	/ˈraiʒu/
9199	ēdāt	to eat	/ˈæːdaːt/
9200	ceptuvi	bakehouse	/ˈt͡sæptuʋi/
9201	miroņu	dead body, corpse	/ˈmiruoɲu/
9202	dīvainākais	stranger, odder; indefinite comparative degree of dīvains	/ˈdiːʋaiːnaːːkais/
9203	mātīti	female animal	/ˈmaːtiːti/
9204	apakšveļas	underwear	/ˈapakʃʋeʎas/
9205	sejās	face	/ˈsejaːs/
9206	ārste	doctor, physician	/ˈaːrste/
9207	runājošs	speaking, talking; indefinite present active participle of…	/ˈrunaːjuoʃs/
9208	wi-fi	Wi-Fi	/ˈʋiˈfi/
9209	vientulība	loneliness	/ˈʋieːntuliːba/
9210	liegt	to refuse, to reject, to deny	[liɛ̂kt]
9211	ziepēs	soap	/ˈziepeːs/
9212	zogu	to steal	/ˈzuoɡu/
9213	svešās	unknown, foreign	/ˈsʋeʃaːs/
9214	atlaide	discount	/ˈatlaide/
9215	dzīvošanas	living; verbal noun of dzīvot	/ˈdziːʋuoʃanas/
9216	aa	yeah, uh-huh	/ˈaa/
9217	torņos	tower	/ˈtuorɲuos/
9218	zagts	stolen; indefinite past passive participle of zagt	/ˈzaɡts/
9219	prāti	mind	/ˈpraːti/
9220	nezogu	to not steal; negative form of zagt	/ˈnezoːɡu/
9221	vietniece	replacement, substitute	/ˈʋietniet͡se/
9222	vērtīgus	valuable, precious, expensive	/ˈʋeːrtiːɡus/
9223	vīrusa	virus	/ˈʋiːrusa/
9224	vissvarīgākā	definite genitive masculine singular	/ʋisˈsʋariːɡaːːkaː/
9225	stāvēsim	to stand	/ˈstaːʋeːsim/
9226	nedzirdēsi	to not hear; negative form of dzirdēt	/ˈnedzirdæːsi/
9227	starptautiski	international, internationally; adverbial form of…	/ˈstarptautiski/
9228	rakstītas	genitive singular feminine	/ˈrakstiːtas/
9229	neparastais	rare, uncommon, unusual	/ˈneparastais/
9230	dzirkstele	spark	/ˈdzirkstele/
9231	atrašanu	finding; verbal noun of atrast	/ˈatraʃanu/
9232	zilajiem	blue color as, e.g., a clear sky	/ˈzilajiem/
9233	atbildēsim	to answer	/ˈatbilldeːsim/
9234	ātrāku	faster, quicker, more rapid; indefinite comparative degree…	/ˈaːtraːːku/
9235	auglības	fruitfulness, fertility, fecundity	/ˈauɡliːbas/
9236	nelidošu	to not fly; negative form of lidot	/ˈneliduoʃu/
9237	lielākus	bigger, larger, greater; indefinite comparative degree of…	/ˈlielːaːːkus/
9238	institūts	institute	/ˈinstituːts/
9239	degs	to burn	/ˈdæɡs/
9240	slēpts	hidden, concealed; indefinite past passive participle of…	/ˈsleːpts/
9241	apvienos	to unite, to combine, bring together	/ˈapʋieːnuos/
9242	sveicināt	to greet, to welcome	/ˈsʋeit͡sinaːt/
9243	pircēja	buyer, customer	/ˈpirt͡seːja/
9244	klintīs	rock, cliff	/ˈklintiːs/
9245	tipus	type	/ˈtipus/
9246	fizisks	physical	/ˈfizisks/
9247	pilotus	pilot	/ˈpilotus/
9248	bagātnieki	rich man	/ˈbaɡaːtnieki/
9249	neaicina	to not invite; negative form of aicināt	/ˈneait͡sina/
9250	neatbildējāt	to not answer; negative form of atbildēt	/ˈneatbilldeːjaːt/
9251	dzelonis	sting, stinger	/ˈdzæloːnis/
9252	ūsu	moustache	/ˈuːsu/
9253	neaizies	to not go; negative form of aiziet	/ˈneaizies/
9254	jautājusi	having asked, enquired, questioned; indefinite past active…	/ˈjautaːjusi/
9255	mazgāšana	washing; verbal noun of mazgāt	/ˈmazɡaːʃana/
9256	dievietes	goddess	/ˈdieʋietes/
9257	kastēm	box	/ˈkasteːm/
9258	skābes	acid	/ˈskaːbes/
9259	bijušajai	the one having been; definite past active participle of būt	/ˈbijuʃajai/
9260	atvērām	to open so as to make the space behind it accessible	/ˈatʋæːraːm/
9261	būtisku	essential, significant	/ˈbuːtisku/
9262	vēsturei	history	/ˈʋeːsturei/
9263	eksistējusi	having existed; indefinite past active participle of…	/ˈeksisteːjusi/
9264	krāšņs	very beautiful, gorgeous, splendid, magnificent	[kɾàːʃɲs]
9265	vests	led; indefinite past passive participle of vest	/ˈʋæsts/
9266	sacīdams	saying, telling; adverbial variable present active…	/ˈsat͡siːdams/
9267	seksualitātes	sexuality	/ˈseksualitaːtes/
9268	neredzot	not seeing; adverbial invariable present active participle…	/ˈneredzuot/
9269	peldam	swimming, floating, sailing; adverbial object-of-perception…	/ˈpælldam/
9270	tomāti	tomato with branched stems, yellow flowers and juicy,…	/ˈtomaːti/
9271	apgādāt	to equip, to supply, to provide	/ˈapɡaːdaːt/
9272	neatbildu	to not answer; negative form of atbildēt	/ˈneatbilldu/
9273	mūki	monk	/ˈmuːki/
9274	sadursmi	collision	/ˈsadursmi/
9275	putnam	bird	/ˈputnam/
9276	haizivīm	shark	/ˈhaiziʋiːm/
9277	mitruma	humidity in some medium	/ˈmitruma/
9278	nesāciet	to not start, to not begin; negative form of sākt	/ˈnesaːt͡siet/
9279	grozīt	to change	/ˈɡruoziːt/
9280	mātītes	female animal	/ˈmaːtiːtes/
9281	hanu	khan	/ˈhanu/
9282	variantiem	version, variant, option	/ˈʋariantiem/
9283	akadēmija	academy	/ˈakadeːmija/
9284	dzemdes	womb, uterus	/ˈdzemdes/
9285	gaumes	taste	/ˈɡaumes/
9286	lidaparātiem	aircraft, vehicle capable of flying	/ˈlidaparaːtiem/
9287	sargājam	protecting; adverbial object-of-perception present active…	/ˈsarɡaːjam/
9288	darīšanu	doing, making; verbal noun of darīt	/ˈdariːʃanu/
9289	titānu	titanium	/ˈtitaːnu/
9290	vājo	weak	/ˈʋaːjuo/
9291	bruņurupuči	tortoise, turtle	/ˈbruɲuruput͡ʃi/
9292	novembra	the month of November	/ˈnoʋæmbra/
9293	tehniķis	technician	/ˈtehnicis/
9294	godāt	to honor	[ˈɡùɔdâːt]
9295	emocionālas	emotional	/ˈemot͡sioːnaːlas/
9296	radītājam	creator	/ˈradiːtaːjam/
9297	muļķība	foolishness, folly, stupidity	/ˈmuʎciːba/
9298	pirmskara	prewar years, prewar period	/ˈpirm̩skara/
9299	rūpīgs	caring, providing	/ˈruːpiːɡs/
9300	bīstamāks	more dangerous; indefinite comparative degree of bīstams	[biːstamaːks]
9301	šūt	to sew	[ˈʃūːt]
9302	mīna	mine	/ˈmiːna/
9303	ietekmīgi	influential, influentially; adverbial form of ietekmīgs	/ˈietekmiːɡi/
9304	kukurūzu	corn, maize	/ˈkukuruːzu/
9305	sliktākajiem	worse; indefinite comparative degree of slikts	/ˈsliktaːːkajiem/
9306	audzināts	raised, brought up; indefinite past passive participle of…	/ˈaudzinaːts/
9307	tiltus	bridge	/ˈtiltus/
9308	vīrišķīgs	masculine, male, manly	/ˈʋiːriʃciːɡs/
9309	sudrabu	silver	/ˈsudrabu/
9310	galvaskauss	skull	/ˈɡallʋaskauss/
9311	neapspriedīsim	to not discuss, to not debate; negative form of apspriest	/ˈneapspriediːsim/
9312	izcilais	great, excellent, outstanding, brilliant	/ˈizt͡silais/
9313	psihiatriskā	psychiatric	/ˈpsihiatriskaː/
9314	motoriem	motor, engine	/ˈmotoːriem/
9315	sliktāki	worse; indefinite comparative degree of slikts	/ˈsliktaːːki/
9316	pretiniekam	opponent, adversary	/ˈpretiniekam/
9317	karalistē	kingdom	/ˈkaralisteː/
9318	interesantā	interesting	/ˈinteresantaː/
9319	ierocī	weapon	/ˈieruot͡siː/
9320	gājāt	to go, to walk	/ˈɡaːjaːt/
9321	torņus	tower	/ˈtuorɲus/
9322	pļāpu	chatty person, chatterbox	/ˈpʎaːpu/
9323	esošajiem	the being; definite present active participle of būt	/ˈesuoʃajiem/
9324	trešdaļu	one-third, 1/3	/ˈtreʃdaʎu/
9325	mutiski	oral, verbal, orally, verbally; adverbial form of mutisks	/ˈmutiski/
9326	sacīs	to say, tell	/ˈsat͡siːs/
9327	cieša	dense, tight	/ˈt͡sieʃa/
9328	nedabūtu	to not get, to not obtain, to not receive; negative form of…	/ˈnedabuːtu/
9329	tirgoja	to sell, to vend goods, usually in the market, in a shop	/ˈtirɡuoja/
9330	aicināšu	to invite	/ˈait͡sinaːʃu/
9331	izteikti	expressed; indefinite past passive participle of izteikt	/ˈizteikti/
9332	pateicīgam	grateful, thankful	/ˈpateit͡siːɡam/
9333	aplokā	enclosure for farm animals to live or to graze, corral,…	/ˈapluokaː/
9334	tālāko	farther, more distant; indefinite comparative degree of tāls	/ˈtaːlaːːkuo/
9335	varēsit	can; to be able to	/ˈʋareːsit/
9336	dejosim	to dance	/ˈdejuosim/
9337	atverot	to open so as to make the space behind it accessible	/ˈatʋæruot/
9338	nedomājām	to not think; negative form of domāt	/ˈneduomaːjaːm/
9339	zemenes	strawberry	/ˈzemenes/
9340	nenoteiksi	to not determine; negative form of noteikt	/ˈnenuoteiksi/
9341	skolniekus	schoolboy, pupil, student	/ˈskuolniekus/
9342	siekalas	saliva	[sīɛ̄kalas]
9343	mirstīgie	mortal	/ˈmirstiːɡie/
9344	federālos	federal	/ˈfedæraːluos/
9345	vilnas	wool	/ˈʋillnas/
9346	nedabūsiet	to not get, to not obtain, to not receive; negative form of…	/ˈnedabuːsiet/
9347	klosteris	monastery, cloister, convent	[kluostɛɾis]
9348	trakāks	madder, crazier; indefinite comparative degree of traks	/ˈtrakaːːks/
9349	milžiem	giant	/ˈmillʒiem/
9350	jāceļ	to lift, to raise	/ˈjaːt͡seʎ/
9351	deserts	dessert	/ˈdæsærts/
9352	vingrinājumus	exercise	/ˈʋiŋɡrinaːjumus/
9353	tālrunis	telephone set, phone	/ˈtaːllrunis/
9354	samuraji	samurai	/ˈsamuraji/
9355	uzdevis	having given as a task; indefinite past active participle…	/ˈuzdeʋis/
9356	jāzog	to steal	/ˈjaːzuoɡ/
9357	reālo	real	/ˈreaːluo/
9358	lasījuši	having read, having picked; indefinite past active…	/ˈlasiːjuʃi/
9359	agresijas	aggression, attack, invasion	/ˈaɡresijas/
9360	noslēpumainības	mysteriousness	/ˈnuoslæːpumaiːniːbas/
9361	nebijušas	not having been; indefinite past active participle of nebūt	/ˈnebijuʃas/
9362	grīva	estuary, mouth	[ɡɾīːva]
9363	recepšu	medical prescription	/ˈret͡sepʃu/
9364	mirstīgo	mortal	/ˈmirstiːɡuo/
9365	aparātā	device, appliance, set, machine, contraption	/ˈaparaːtaː/
9366	sīknaudu	small change	/ˈsiːknaudu/
9367	daiktus	tool, instrument; also, thing	/ˈdaiktus/
9368	vēnās	vein	/ˈʋæːnaːs/
9369	traucējoši	disturbing, bothering, interfering with; indefinite present…	/ˈtraut͡seːjuoʃi/
9370	veikalus	shop, store	/ˈʋeikalus/
9371	matemātikā	mathematics	/ˈmatæmaːtikaː/
9372	plānos	plan, map, blueprint, layout	/ˈplaːnuos/
9373	nātrija	sodium	/ˈnaːtrija/
9374	fizikas	physics	/ˈfizikas/
9375	zilajām	blue color as, e.g., a clear sky	/ˈzilajaːm/
9376	variantus	version, variant, option	/ˈʋariantus/
9377	lietots	used; indefinite past passive participle of lietot	/ˈlietuots/
9378	vagīnā	vagina	/ˈʋaɡiːnaː/
9379	noteiktos	determined; indefinite past passive participle of noteikt	/ˈnuoteiktuos/
9380	pipari	pepper and Solanaceae, with spicy fruits used as condiments	/ˈpipari/
9381	dalu	to divide, to split	/ˈdalu/
9382	klinti	rock, cliff	/ˈklinti/
9383	būtiska	essential, significant	/ˈbuːtiska/
9384	lielums	size, value, magnitude	/ˈlielːums/
9385	izsniegt	to give out, to hand out, to serve, to issue	/ˈizsnieɡt/
9386	neredzamas	not visible, which cannot or should not be seen; indefinite…	/ˈneredzamas/
9387	ceptuve	bakehouse	[tsæptuvɛ]
9388	muld	to twaddle	/ˈmuld/
9389	bučas	kiss	/ˈbut͡ʃas/
9390	likumīgas	legal, valid, lawful	/ˈlikumiːɡas/
9391	kvartāls	quarter	/ˈkʋartaːls/
9392	ekonomiski	economic, economical, economically; adverbial form of…	/ˈekonoːmiski/
9393	pliki	naked, nakedly; adverbial form of pliks	/ˈpliki/
9394	pasaulēs	world	/ˈpasauleːs/
9395	svešie	unknown, foreign	/ˈsʋeʃie/
9396	saldie	sweet	/ˈsalldie/
9397	pļāpā	chatty person, chatterbox	/ˈpʎaːpaː/
9398	atriebsim	to avenge	/ˈatriebsim/
9399	kālija	potassium	/ˈkaːlija/
9400	projektiem	project	/ˈpro`jektiem/
9401	slimnīcām	hospital	/ˈslimniːt͡saːm/
9402	nedomājam	not thinking; adverbial object-of-perception present active…	/ˈneduomaːjam/
9403	stulbākais	stupider, dumber; indefinite comparative degree of stulbs	/ˈstullbaːːkais/
9404	seglus	saddle	/ˈsæɡlus/
9405	duncis	dagger	/ˈdunt͡sis/
9406	kuņģa	stomach	/ˈkuɲɟa/
9407	bīstamo	dangerous, perilous, scary	/ˈbiːstamuo/
9408	žē	The Latvian name of the Latin script letter Ž/ž	[ʒɛː]
9409	oranžos	orange	/ˈoranʒuos/
9410	gultām	bed	/ˈɡultaːm/
9411	dzēriena	drink, beverage	/ˈdzeːrieːna/
9412	skaistajām	beautiful	/ˈskaistajaːm/
9413	vainoja	to find guilty, to blame, to attribute guilt to	/ˈʋaiːnuoja/
9414	vienīgajai	only, unique	/ˈʋieːniːɡajai/
9415	plate	table-leaf	/ˈplate/
9416	biežs	frequent	[bìɛʃː]
9417	galdus	table	/ˈɡalldus/
9418	plauksta	hand	/ˈplauksta/
9419	skaļa	loud	/ˈskaʎa/
9420	skanēt	to sound	/ˈskaneːt/
9421	pavēlei	order, command	/ˈpaʋeːlei/
9422	dēmoniem	demon, devil	/ˈdeːmoːniem/
9423	zinātniska	scientific	/ˈzinaːtniska/
9424	čakli	industriously, diligently; adverbial form of čakls	/ˈt͡ʃakli/
9425	federālajai	federal	/ˈfedæraːlajai/
9426	nedodos	to not give self, to not go; negative form of dot	/ˈneduoduos/
9427	likumā	law	/ˈlikumaː/
9428	nedarot	not doing, not making; adverbial invariable present active…	/ˈnedaruot/
9429	jāpelna	to be paid, to earn	/ˈjaːpællna/
9430	visdārgākā	definite genitive masculine singular	/ʋisˈdaːrɡaːːkaː/
9431	žurkām	rat	/ˈʒurkaːm/
9432	drosmīgam	brave, courageous	/ˈdruosmiːɡam/
9433	līdzētu	to help	/ˈliːdzeːtu/
9434	zobeniem	sword	/ˈzuobæniem/
9435	dejos	to dance	/ˈdejuos/
9436	bagātākais	richer; indefinite comparative degree of bagāts	/ˈbaɡaːtaːːkais/
9437	secība	order, sequence, progression	/ˈset͡siːba/
9438	krūms	bush, shrub	[kɾūːms]
9439	tīrot	cleaning; adverbial invariable present active participle of…	/ˈtiːruot/
9440	glābts	saved; indefinite past passive participle of glābt	/ˈɡlaːbts/
9441	būtņu	being, organism, creature	/ˈbuːtɲu/
9442	bieds	an entity, a phenomenon that causes, inspires fear; a threat	/ˈbieds/
9443	pirkstiņus	accusative plural of pirkstiņš	/ˈpirkstiɲus/
9444	stulbumu	stupidity	/ˈstullbumu/
9445	labumam	goodness; good quality	/ˈlabumam/
9446	baigo	terrible, dreadful, depressive, grim; that which causes…	/ˈbaiɡuo/
9447	īstens	real, true, genuine	[īːstɛns]
9448	saldums	sweetness	/ˈsalldums/
9449	kustos	to move; reflexive of kustēt	/ˈkustuos/
9450	zemniekiem	peasant	/ˈzemniekiem/
9451	piedurknes	sleeve	/ˈpiedurknes/
9452	gudrai	intelligent, wise	/ˈɡudrai/
9453	ziemeļamerikā	locative singular of Ziemeļamerika	/ˈziemeʎamerikaː/
9454	mironi	dead body, corpse	/ˈmiruoni/
9455	reģistrā	register	/ˈreɟistraː/
9456	nāvējošu	killing; indefinite present active participle of nāvēt	/ˈnaːʋeːjuoʃu/
9457	runāts	spoken, talked; indefinite past passive participle of runāt	/ˈrunaːts/
9458	nemīlēja	to not love; negative form of mīlēt	/ˈnemiːleːja/
9459	ņemsiet	to take; to seize with one's hands for some purpose	/ˈɲemsiet/
9460	gājieni	trip, walk	/ˈɡaːjieːni/
9461	nerātna	naughty, mischievous, playful	/ˈneraːtna/
9462	daiļš	very beautiful, lovely, exquisite	[dāīʎʃ]
9463	nemainīšu	to not change; negative form of mainīt	/ˈnemaiːniːʃu/
9464	ceturtdienu	Thursday	/ˈt͡seturtdieːnu/
9465	pelnījušas	having earned, having deserved; indefinite past active…	/ˈpellniːjuʃas/
9466	bīskaps	bishop	/ˈbiːskaps/
9467	ziņkārīgais	curious, inquisitive	/ˈziɲkaːriːɡais/
9468	esamību	being, existence	/ˈæsamiːbu/
9469	arodbiedrība	trade union; labour union, labor union	/ˈaruodbiedriːba/
9470	jāsit	to hit, to strike, to beat	/ˈjaːsit/
9471	veselai	healthy	/ˈʋæsælai/
9472	reliģisks	religious	/ˈreliɟisks/
9473	rupjībām	roughness, harshness	/ˈrupjiːbaːm/
9474	straujš	fast, quick, rapid	[stɾàujʃ]
9475	nedodiet	to not give; negative form of dot	/ˈneduodiet/
9476	mīļos	dear, cherished, beloved	/ˈmiːʎuos/
9477	vienotu	to link, to connect	/ˈʋieːnuotu/
9478	karaliski	royal, royally; adverbial form of karalisks	/ˈkaraliski/
9479	tuvajos	close, near, nearby	/ˈtuʋajuos/
9480	lesbieti	lesbian	/ˈlesbieti/
9481	atvērtā	opened; indefinite past passive participle of atvērt	/ˈatʋæːrtaː/
9482	melnajai	black	/ˈmællnajai/
9483	mīļākajai	dearer, more cherished, more beloved; indefinite…	/ˈmiːʎaːːkajai/
9484	pillā	alternative form of pilns	/ˈpillaː/
9485	groza	basket	/ˈɡruoza/
9486	palīdzēšanu	helping; verbal noun of palīdzēt	/ˈpaliːdzeːʃanu/
9487	zosu	goose	/ˈzuosu/
9488	skābais	sour	/ˈskaːbais/
9489	omārs	lobster	/ˈomaːrs/
9490	raksturot	to characterize, to describe	/ˈraksturuot/
9491	sociālā	social	/ˈsot͡siaːlaː/
9492	ķēra	to catch	/ˈcæːra/
9493	panna	pan	[pānna]
9494	brunete	brunette	/ˈbrunete/
9495	šalle	scarf	/ˈʃalle/
9496	vienīgajā	only, unique	/ˈʋieːniːɡajaː/
9497	atrašanas	finding; verbal noun of atrast	/ˈatraʃanas/
9498	ēzeļa	donkey	/ˈeːzeʎa/
9499	nebrauksiet	to not go, to not ride; negative form of braukt	/ˈnebrauksiet/
9500	lampas	lamp	/ˈlampas/
9501	bagātā	rich, wealthy	/ˈbaɡaːtaː/
9502	netraucēju	first-person singular present/past indicative of netraucēt	/ˈnetraut͡seːju/
9503	nākušas	having come; indefinite past active participle of nākt	/ˈnaːːkuʃas/
9504	arābijas	genitive singular of Arābija	/ˈaraːbijas/
9505	saprašanu	understanding; verbal noun of saprast	/ˈsapraʃanu/
9506	redzamības	visibility	/ˈredzamiːbas/
9507	teleskops	telescope	/ˈteleskoːps/
9508	lidošana	flight, flying; verbal noun of lidot	/ˈliduoʃana/
9509	mirušas	having died; indefinite past active participle of mirt	/ˈmiruʃas/
9510	nebrauktu	to not go, to not ride; negative form of braukt	/ˈnebrauktu/
9511	nedot	to not give; negative form of dot	/ˈneduot/
9512	turpinot	to continue, to go on doing, to not interrupt	/ˈturpinuot/
9513	neviļus	involuntarily	/ˈneʋiʎus/
9514	pilnām	fully, completely; adverbial form of pilns	/ˈpillnaːm/
9515	jāšķērso	to cross	/ˈjaːʃcæːrsuo/
9516	grūtāku	more difficult, tougher; indefinite comparative degree of…	/ˈɡruːtaːːku/
9517	aprūpe	care	/ˈapruːpe/
9518	delfīniem	dolphin	/ˈdelfiːniem/
9519	gadalaikam	season of the year	/ˈɡadalaikam/
9520	trusi	rabbit	/ˈtrusi/
9521	zīds	silk	/ˈziːds/
9522	vingrinājumi	exercise	/ˈʋiŋɡrinaːjumi/
9523	mīkstā	soft	/ˈmiːkstaː/
9524	lētāks	cheaper; indefinite comparative degree of lēts	/ˈlæːtaːːks/
9525	grāmatnīcā	bookstore, bookshop	/ˈɡraːmatniːt͡saː/
9526	neticamu	unbelievable; which cannot or should not be believed;…	/ˈnetit͡samu/
9527	lidojām	to fly	/ˈliduojaːm/
9528	pirksim	to buy, to purchase	/ˈpirksim/
9529	banāni	banana tree	/ˈbanaːni/
9530	enkurs	anchor	/ˈæŋkurs/
9531	tēraudu	steel	/ˈtæːraudu/
9532	grāmatnīca	bookstore, bookshop	/ˈɡraːmatniːt͡sa/
9533	lasīsi	to read	/ˈlasiːsi/
9534	kokvilna	cotton	/ˈkuokʋillna/
9535	tīši	intentionally, deliberately; adverbial form of tīšs	/ˈtiːʃi/
9536	turīgi	rich, richly, wealthy, wealthily, well-off; adverbial form…	/ˈturiːɡi/
9537	vērtīgo	valuable, precious, expensive	/ˈʋeːrtiːɡuo/
9538	nestrādās	to not work; negative form of strādāt	/ˈnestraːdaːs/
9539	tukšajā	empty	/ˈtukʃajaː/
9540	palīdzot	to help, to help out, to aid, to assist	/ˈpaliːdzuot/
9541	zemnieks	peasant	/ˈzemnieks/
9542	stāvošo	vocative/accusative/instrumental singular masculine/feminine	/ˈstaːʋuoʃuo/
9543	drošam	brave, fearless, confident	/ˈdruoʃam/
9544	lasām	to read	/ˈlasaːm/
9545	degt	to burn	[dekt]
9546	kurs	to light, to ignite	/ˈkurs/
9547	ķīmiskā	chemical	/ˈciːmiskaː/
9548	runājušas	having spoken, having talked; indefinite past active…	/ˈrunaːjuʃas/
9549	mantot	to inherit	/ˈmantuot/
9550	nemaksāšu	to not pay, to not cost; negative form of maksāt	/ˈnemaksaːʃu/
9551	vēsturnieki	historian	/ˈʋeːsturnieki/
9552	slimīgi	sickly, frail, weak, weakly; adverbial form of slimīgs	/ˈslimiːɡi/
9553	brazīliju	accusative/instrumental singular of Brazīlija	/ˈbraziːliju/
9554	vainīgie	guilty	/ˈʋaiːniːɡie/
9555	sēkļa	shallow place, shallow, ford, sandbank, shoals	/ˈseːkʎa/
9556	nemīlēju	to not love; negative form of mīlēt	/ˈnemiːleːju/
9557	aktīviem	active voice	/ˈaktiːʋiem/
9558	saitēm	string, lace, cord, link, tie	/ˈsaiteːm/
9559	sievietē	woman	/ˈsieʋieteː/
9560	konsultante	consultant	/ˈkonsultante/
9561	ātrajai	fast, quick, rapid	/ˈaːtrajai/
9562	stikliem	glass	/ˈstikliem/
9563	bloķējiet	to block	/ˈbloceːjiet/
9564	čakarēt	to mess up	/ˈt͡ʃakareːt/
9565	bloķēta	blocked; indefinite past passive participle of bloķēt	/ˈblocæːta/
9566	sēdeklī	seat	/ˈseːdekliː/
9567	greizs	crooked, bent, awry	/ˈɡreizs/
9568	tabaku	tobacco	/ˈtabaku/
9569	kārava	diamonds	/ˈkaːraʋa/
9570	muļķīgie	stupid, foolish, dumb	/ˈmuʎciːɡie/
9571	senām	ancient, old, of long ago	/ˈsænaːm/
9572	piekūnu	falcon	/ˈpiekuːnu/
9573	dievišķajam	divine, godlike	/ˈdieʋiʃcajam/
9574	paruna	proverb, saying	/ˈparuna/
9575	šķērsojām	to cross	/ˈʃcæːrsuojaːm/
9576	līdzvērtīgs	equivalent	/ˈliːdzʋeːrtiːɡs/
9577	meteorīts	meteorite	/ˈmeteoriːts/
9578	gļēvs	cowardly, pusillanimous	/ˈɡʎæːʋs/
9579	krāsnis	stove	/ˈkraːsnis/
9580	simboliem	symbol	/ˈsimboːliem/
9581	mīlā	love	/ˈmiːlaː/
9582	izstrādāt	to develop, to work up, to draw up	/ˈizstraːdaːt/
9583	lietavas	rains, long, incessant rain; rainy period	/ˈlietaʋas/
9584	veseliem	healthy	/ˈʋæsæliem/
9585	neziniet	to not know; negative form of zināt	/ˈneziniet/
9586	darbistaba	study; office	/ˈdarbistaba/
9587	jūrnieka	seaman, sailor; navy seaman	/ˈjuːrnieka/
9588	beļģu	Belgian	/ˈbeʎɟu/
9589	kentauri	centaur	/ˈkentauri/
9590	zosis	goose	/ˈzuosis/
9591	paprikas	sweet pepper, bell pepper	/ˈpaprikas/
9592	guļamistabām	bedroom	/ˈɡuʎamistabaːm/
9593	ēdamo	vocative/accusative/instrumental singular masculine/feminine	/ˈæːdamuo/
9594	jāprasa	to ask for, to request, to demand	/ˈjaːprasa/
9595	ievads	introduction, introductory words, actions	/ˈieʋads/
9596	disciplīna	discipline	/ˈdist͡sipliːna/
9597	seksīgāka	sexier; indefinite comparative degree of seksīgs	/ˈseksiːɡaːːka/
9598	dievība	deity	/ˈdieʋiːba/
9599	grāmatnīcu	bookstore, bookshop	/ˈɡraːmatniːt͡su/
9600	domai	thought	/ˈduomai/
9601	augšāmcelšanās	resurrection	/ˈauɡʃaːmt͡selʃanaːs/
9602	tuvākajam	nearer, closer; indefinite comparative degree of tuvs	/ˈtuʋaːːkajam/
9603	neprotat	to not know how, to not be able to; negative form of prast	/ˈnepruotat/
9604	runcis	male cat, tom cat, he-cat	[ɾūntsis]
9605	cerējāt	to hope	/ˈt͡særeːjaːt/
9606	slepkavībai	murder, homicide	/ˈslæpkaʋiːbai/
9607	parastam	normal, ordinary, plain	/ˈparastam/
9608	cietoksnī	fortress	/ˈt͡sietuoksniː/
9609	reliģijās	religion	/ˈreliɟijaːs/
9610	neaizmirsu	to not forget; negative form of aizmirst	/ˈneaizmirsu/
9611	nots	note	[ˈnùɔt͡s]
9612	horizonta	horizon	/ˈhorizoːnta/
9613	mirstīgi	mortal	/ˈmirstiːɡi/
9614	grāfs	count, earl	/ˈɡraːfs/
9615	sīkas	tiny, little, small	/ˈsiːkas/
9616	nezinādams	not knowing; adverbial variable present active participle…	/ˈnezinaːdams/
9617	brits	a Briton, a British man, a man born in Great Britain; a…	/ˈbrits/
9618	somāliju	accusative/instrumental singular of Somālija	/ˈsuomaːliju/
9619	dvašu	breath, breathing	/ˈdʋaʃu/
9620	peli	mouse	/ˈpæli/
9621	automašīna	car	/ˈautomaʃiːna/
9622	evolūciju	evolution	/ˈeʋoluːt͡siju/
9623	nerakstīšu	to not write; negative form of rakstīt	/ˈnerakstiːʃu/
9624	saturnu	accusative/instrumental singular of Saturns	/ˈsaturnu/
9625	nemirstība	immortality	/ˈnemirstiːba/
9626	neticēja	to not believe; negative form of ticēt	/ˈnetit͡seːja/
9627	lasīs	to read	/ˈlasiːs/
9628	pagalms	courtyard, court, yard	/ˈpaɡalm̩s/
9629	interesantāku	more interesting; indefinite comparative degree of…	/ˈinteresantaːːku/
9630	ražošanā	production, producing; verbal noun of ražot	/ˈraʒuoʃanaː/
9631	sportā	sport, sports	/ˈsportaː/
9632	piemirsusi	having forgotten; indefinite past active participle of…	/ˈpiemirsusi/
9633	kultūrās	culture	/ˈkultuːraːs/
9634	muļķīgā	stupid, foolish, dumb	/ˈmuʎciːɡaː/
9635	nemīlētu	to not love; negative form of mīlēt	/ˈnemiːlæːtu/
9636	pelnīto	the earned, the deserved; definite past passive participle…	/ˈpellniːtuo/
9637	uzdevies	having given as a task; indefinite past active participle…	/ˈuzdeʋies/
9638	visbīstamākais	the most dangerous; superlative degree of bīstams	[visbiːstamaːkais]
9639	stulbus	stupid, dumb	/ˈstullbus/
9640	krēslus	chair	/ˈkræːslus/
9641	spļaut	to spit, to expectorate	[ˈspʎāūt]
9642	asinu	to sharpen	/ˈasinu/
9643	pircējam	buyer, customer	/ˈpirt͡seːjam/
9644	pelnītu	to be paid, to earn	/ˈpællniːtu/
9645	smuko	pretty, beautiful, handsome	/ˈsmukuo/
9646	elpošanu	the act of breathing, respiration	/ˈelpuoʃanu/
9647	izteikusi	having expressed; indefinite past active participle of…	/ˈizteikusi/
9648	nekod	to not bite; negative form of kost	/ˈnekuod/
9649	cietais	solid	/ˈt͡sietais/
9650	franči	Frenchman	/ˈfrant͡ʃi/
9651	manuskriptus	manuscript	/ˈmanuskriptus/
9652	prāvs	large, big, sizeable, considerable	[pràws]
9653	neprātu	folly	/ˈnepraːtu/
9654	psihoze	psychosis	/ˈpsihoze/
9655	simptomiem	symptom	/ˈsimptoːmiem/
9656	velosipēds	bicycle, bike	/ˈʋælosipæːds/
9657	iekļuvusi	having gotten into, having entered; indefinite past active…	/ˈiekʎuʋusi/
9658	matraci	mattress	/ˈmatrat͡si/
9659	galvās	head	/ˈɡallʋaːs/
9660	brūnā	brown	/ˈbruːnaː/
9661	izteicieni	expression, phrase, saying	/ˈizteit͡sieːni/
9662	lācim	bear	/ˈlaːt͡sim/
9663	uzvalkiem	suit	/ˈuz-ʋalkiem/
9664	atkarības	dependence	/ˈatkariːbas/
9665	svarīgiem	important, significant	/ˈsʋariːɡiem/
9666	grieķijā	genitive singular of Grieķija	/ˈɡriecijaː/
9667	ēdienā	food prepared for consumption; meal; dish	/ˈeːdieːnaː/
9668	darbarīki	tool	/ˈdarbariːki/
9669	jaunākas	younger, newer; indefinite comparative degree of jauns	/ˈjaunaːːkas/
9670	dvielis	towel	[dvīēɫis]
9671	slēpu	secretly, stealthily, without others knowing or noticing;…	/ˈslæːpu/
9672	kodolieročiem	nuclear weapon	/ˈkuoduolieruot͡ʃiem/
9673	rupjības	roughness, harshness	/ˈrupjiːbas/
9674	psihologu	psychologist	/ˈpsiholoːɡu/
9675	negribēšu	to not want; negative form of gribēt	/ˈneɡribeːʃu/
9676	kļūdai	error, mistake	/ˈkʎuːdai/
9677	slapjas	wet	/ˈslapjas/
9678	loceklim	limb, member	/ˈluot͡seklim/
9679	kurli	deaf	/ˈkurli/
9680	izplatīts	widespread, common	/ˈizplatiːts/
9681	paslēptu	to hide	/ˈpasleːptu/
9682	republiku	republic	/ˈrepubliku/
9683	tirgoni	merchant, dealer, trader	/ˈtirɡoːni/
9684	ostām	port, harbor	/ˈuostaːm/
9685	gudrus	intelligent, wise	/ˈɡudrus/
9686	šķēpus	spear, lance	/ˈʃcæːpus/
9687	garuma	length	/ˈɡaruma/
9688	fiziskas	physical	/ˈfiziskas/
9689	slepkavošanu	murdering; verbal noun of slepkavot	/ˈslæpkaʋuoʃanu/
9690	angļus	an Englishman, a man born in England	/ˈaŋɡʎus/
9691	drošāku	braver, safer, surer; indefinite comparative degree of drošs	/ˈdruoʃaːːku/
9692	vēsa	cool, cold	/ˈʋæːsa/
9693	iekšās	guts, entrails	/ˈiekʃaːs/
9694	skūpstītu	to kiss	/ˈskuːpstiːtu/
9695	melošana	lying, telling lies; verbal noun of melot	/ˈmæluoʃana/
9696	sūtījumi	consignment, parcel, remittance, shipment	/ˈsuːtiːjumi/
9697	zaudējot	to lose	/ˈzaudeːjuot/
9698	horizontu	horizon	/ˈhorizoːntu/
9699	bučot	to kiss	/ˈbut͡ʃuot/
9700	auklas	string, cord, line, lace	/ˈauklas/
9701	īgņa	person who is generally sullen, surly, angry	/ˈiːɡɲa/
9702	meitenītes	little girl; diminutive of meitene	/ˈmeiteniːtes/
9703	vislabākos	definite accusative masculine plural of vislabāks	/ʋiˈslabaːːkuos/
9704	skaļumu	loudness, volume	/ˈskaʎumu/
9705	kaijas	gull, seagull	/ˈkaijjas/
9706	reālā	real	/ˈreaːlaː/
9707	aitām	sheep	/ˈaitaːm/
9708	marihuānu	marijuana	/ˈmarihuaːnu/
9709	pirksi	to buy, to purchase	/ˈpirksi/
9710	kursi	to light, to ignite	/ˈkursi/
9711	kājnieki	infantry	/ˈkaːjnieki/
9712	nedarījām	to not do, to not make; negative form of darīt	/ˈnedariːjaːm/
9713	rīkojums	order, command, instruction	/ˈriːkuojums/
9714	neticēt	to not believe; negative form of ticēt	/ˈnetit͡seːt/
9715	japāniski	Japanese, in Japanese; adverbial form of japānisks	/ˈjapaːniski/
9716	zemju	ground, land, mainland	/ˈzemju/
9717	spīdums	shine, glow	/ˈspiːdums/
9718	federālie	federal	/ˈfedæraːlie/
9719	nepiederu	to not belong, to not befit; negative form of piederēt	/ˈnepiederu/
9720	nākošie	nominative/vocative plural masculine of nākošais	/ˈnaːːkuoʃie/
9721	ārpuse	outside, exterior	/ˈaːrpuse/
9722	krēslas	twilight, dusk shortly after sunset	/ˈkræːslas/
9723	gigantu	giant	/ˈɡiɡantu/
9724	īpašajā	specific, independent	/ˈiːpaʃajaː/
9725	spāre	rafter	/ˈspaːre/
9726	mīlai	love	/ˈmiːlai/
9727	nabago	poor	/ˈnabaɡuo/
9728	dzeršanā	drinking; verbal noun of dzert	/ˈdzærʃanaː/
9729	vainīgos	guilty	/ˈʋaiːniːɡuos/
9730	nerātnos	naughty, mischievous, playful	/ˈneraːtnuos/
9731	teiktajam	dative singular masculine of teiktais	/ˈteiktajam/
9732	jautājis	having asked, enquired, questioned; indefinite past active…	/ˈjautaːjis/
9733	dvieļa	towel	/ˈdʋieʎa/
9734	ziloņus	elephant	/ˈziluoɲus/
9735	sacīts	said, told; indefinite past passive participle of sacīt	/ˈsat͡siːts/
9736	asteroīdu	asteroid	/ˈastæroiːdu/
9737	turējuši	having held, having kept; indefinite past active participle…	/ˈtureːjuʃi/
9738	ikdiena	weekday	/ˈikdieːna/
9739	distance	interval	/ˈdistant͡se/
9740	jēgā	meaning, sense, point	/ˈjæːɡaː/
9741	kustaties	to move; reflexive of kustēt	/ˈkustaties/
9742	adrenalīns	adrenaline	[adɾænːaliːns]
9743	pratīšu	to know how to, to be able to do	/ˈpratiːʃu/
9744	iedzeru	to drink, to have a drink	/ˈiedzeru/
9745	dzimumaktu	sex act, sexual intercourse	/ˈdzimumaktu/
9746	neaizmirsīs	to not forget; negative form of aizmirst	/ˈneaizmirsiːs/
9747	neaizejiet	to not go; negative form of aiziet	/ˈneaizejiet/
9748	dumju	stupid, dim-witted, foolish, silly	/ˈdumju/
9749	filozofs	philosopher	/ˈfilozofs/
9750	nebūšanas	genitive singular of nebūšana	/ˈnebuːʃanas/
9751	selēnu	selenium	/ˈsælæːnu/
9752	nesaprotiet	to not understand; negative form of saprast	/ˈnesapruotiet/
9753	skūpstos	kiss	/ˈskuːpstuos/
9754	kanāli	channel; canal	/ˈkanaːli/
9755	ziloņu	elephant	/ˈziluoɲu/
9756	vajadzīgu	necessary	/ˈʋa`ja`dziːɡu/
9757	zviedrijas	genitive singular of Zviedrija	/z-ˈʋiedrijas/
9758	vecām	old	/ˈʋæt͡saːm/
9759	jūrniekus	seaman, sailor; navy seaman	/ˈjuːrniekus/
9760	bīstamiem	dangerous, perilous, scary	/ˈbiːstamiem/
9761	kosmoss	cosmos, universe, outer space	/ˈkosmoss/
9762	ķirbji	pumpkin, squash, gourd	/ˈcirbji/
9763	ugunij	fire	/ˈuɡunij/
9764	studentēm	dative/instrumental plural of studente	/ˈstudenteːm/
9765	gudrie	intelligent, wise	/ˈɡudrie/
9766	celi	knee	/ˈt͡sæli/
9767	gājieniem	trip, walk	/ˈɡaːjieːniem/
9768	apvidus	area, region, terrain	[apvidus]
9769	tiltam	bridge	/ˈtiltam/
9770	maksājumi	payment	/ˈmaksaːjumi/
9771	idiota	idiot	/ˈidiuota/
9772	alām	cave	/ˈalaːm/
9773	indīgā	poisonous	/ˈiŋdiːɡaː/
9774	filozofijas	philosophy	/ˈfilozofijas/
9775	rakstot	to write by means of writing; to make, form letters with a…	/ˈrakstuot/
9776	nepērc	to not sting; negative form of pirkt	/ˈnepæːrt͡s/
9777	slepenajā	secret	/ˈslæpænajaː/
9778	ražoja	to produce	/ˈraʒuoja/
9779	atriebtu	to avenge	/ˈatriebtu/
9780	smaidam	smile	/ˈsmaidam/
9781	trakos	mad, rabid	/ˈtrakuos/
9782	mazinās	to reduce, to turn down	/ˈmazinaːs/
9783	vēlāku	later; indefinite comparative degree of vēls	/ˈʋæːlaːːku/
9784	raga	horn	/ˈraɡa/
9785	džungļi	jungle	/ˈdʐuŋɡʎi/
9786	šokolādē	chocolate	/ˈʃokolaːdeː/
9787	gadsimti	century	/ˈɡadsimti/
9788	svarīgām	important, significant	/ˈsʋariːɡaːm/
9789	hroma	chromium	/ˈhroma/
9790	togad	that year	/ˈtuoɡad/
9791	spīdīgu	shining, shiny, glossy, lustrous	/ˈspiːdiːɡu/
9792	izdarības	ability, capacity, diligence, efficiency	/ˈizdariːbas/
9793	saaukstēšanās	cold	/ˈsaauksteːʃanaːs/
9794	strauja	fast, quick, rapid	/ˈstrauja/
9795	radīšu	to find be present, in use, or in one's possession	/ˈradiːʃu/
9796	spēcīgākais	definite nominative masculine singular of spēcīgāks, the…	/ˈspeːt͡siːɡaːːkais/
9797	pirkšanas	buying, purchasing; verbal noun of pirkt	/ˈpirkʃanas/
9798	mazuļu	little child, little one, baby	/ˈmazuʎu/
9799	vāvere	squirrel	[ˈvāːvɛɾɛ]
9800	dzimtajā	locative singular masculine/feminine of dzimtais	/ˈdzimtajaː/
9801	slēptos	hidden, concealed; indefinite past passive participle of…	/ˈsleːptuos/
9802	dzīsla	blood vessel	[dzîːsla]
9803	kukaiņiem	insect, bug; less specifically, also other kinds of…	/ˈkukaiɲiem/
9804	vīnam	wine	/ˈʋiːnam/
9805	grezns	splendid, luxurious, magnificent	[ɡɾæzns]
9806	konkrētajā	concrete	/ˈkonkreːtajaː/
9807	ļaunākajā	more evil; indefinite comparative degree of ļauns	/ˈʎaunaːːkajaː/
9808	reālajā	real	/ˈreaːlajaː/
9809	centienus	efforts, aspirations	/ˈt͡sentieːnus/
9810	bagāto	rich, wealthy	/ˈbaɡaːtuo/
9811	truls	blunt, dull	/ˈtruls/
9812	prec	to marry	/ˈpræt͡s/
9813	uzvalkos	suit	/ˈuz-ʋalkuos/
9814	apbrīnot	to admire	/ˈapbriːnuot/
9815	lidosi	to fly	/ˈliduosi/
9816	neticamas	unbelievable; which cannot or should not be believed;…	/ˈnetit͡samas/
9817	momentu	moment	/ˈmomæntu/
9818	milzīgos	huge, enormous, giant	/ˈmillziːɡuos/
9819	parūka	wig	/ˈparuːka/
9820	tīģerim	tiger	/ˈtiːɟerim/
9821	atrieb	to avenge	/ˈatrieb/
9822	svied	to throw	/ˈsʋied/
9823	puisīti	little boy; diminutive of puisis	/ˈpuisiːti/
9824	neapspriežam	not discussing, not debating; adverbial…	/ˈneapsprieʒam/
9825	kodolu	core, kernel	/ˈkuoduolu/
9826	braukšanu	going, riding; verbal noun of braukt	/ˈbraukʃanu/
9827	izcepsies	to be cooked, roasted, fried, baked; reflexive of izcept	/ˈizt͡sepsies/
9828	nedabūt	to not get, to not obtain, to not receive; negative form of…	/ˈnedabuːt/
9829	lēto	cheap	/ˈlæːtuo/
9830	aizejat	to leave, to go away, to escape	/ˈaizejat/
9831	nemeklējat	to not look for, to not search, to not seek; negative form…	/ˈnemekleːjat/
9832	bloķēja	to block	/ˈbloceːja/
9833	nesāksi	to not start, to not begin; negative form of sākt	/ˈnesaːːksi/
9834	eiropai	dative singular of Eiropa	/ˈeiroːpai/
9835	izteicienu	expression, phrase, saying	/ˈizteit͡sieːnu/
9836	lasītu	to read	/ˈlasiːtu/
9837	tē	The Latvian name of the Latin script letter T/t	[tɛː]
9838	vājāks	weaker, poorer; indefinite comparative degree of vājš	/ˈʋaːjaːːks/
9839	mols	jetty	/ˈmoːls/
9840	negaisa	to not evaporate, to not dissipate, to not fade, to not…	/ˈneɡaisa/
9841	aziāts	an Asian man, a man born in Asia or of Asian descent	/ˈaziaːts/
9842	izteiksmes	expression	/ˈizteiksmes/
9843	patiesam	true, sincere, authentic	/ˈpatiesam/
9844	aka	well	[ˈakːa]
9845	lētiem	cheap	/ˈlæːtiem/
9846	nejautājiet	To not ask, to not inquire, to not question; negative form…	/ˈnejautaːjiet/
9847	smagajā	heavy	/ˈsmaɡajaː/
9848	pašreizējās	current, present	/ˈpaʃreizeːjaːs/
9849	nezināsi	to not know; negative form of zināt	/ˈnezinaːsi/
9850	riktīgs	right, correct	/ˈriktiːɡs/
9851	ķirurģija	surgery	/ˈcirurɟija/
9852	velnam	the Devil; Satan	/ˈʋællnam/
9853	arābiem	Arab, a man belonging to the Arabic people or from an…	/ˈaraːbiem/
9854	sīpoliem	onion	/ˈsiːpuoliem/
9855	nestāvētu	to not stand; negative form of stāvēt	/ˈnestaːʋæːtu/
9856	sestdienai	Saturday	/ˈsestdieːnai/
9857	kanādu	accusative/instrumental singular of Kanāda	/ˈkanaːdu/
9858	neteiksiet	to not say, to not tell; negative form of teikt	/ˈneteiksiet/
9859	zvejnieki	fisherman	/z-ˈʋejnieki/
9860	neticam	not believing; adverbial object-of-perception present…	/ˈnetit͡sam/
9861	veidiem	form	/ˈʋeidiem/
9862	neēdīsi	to not eat; negative form of ēst	/ˈneeːdiːsi/
9863	ķīnai	dative singular of Ķīna	/ˈciːnai/
9864	ananāsu	pineapple; alternative form of ananass	/ˈananaːsu/
9865	guliet	to sleep, to be asleep	/ˈɡuliet/
9866	spilveni	pillow, cushion	/ˈspillʋæni/
9867	drānās	fabric	/ˈdraːnaːs/
9868	mainītos	changed; indefinite past passive participle of mainīt	/ˈmaiːniːtuos/
9869	nedzīvotu	to not live; negative form of dzīvot	/ˈnedziːʋuotu/
9870	iekša	interior, inside	[ìɛkʃa]
9871	resnas	thick	/ˈræsnas/
9872	smukā	pretty, beautiful, handsome	/ˈsmukaː/
9873	nedarīsiet	to not do, to not make; negative form of darīt	/ˈnedariːsiet/
9874	aborts	abortion	[abːoɾts]
9875	iešanu	going; verbal noun of iet	/ˈieʃanu/
9876	galaktika	galaxy	/ˈɡalaktika/
9877	dārzeņus	vegetable	/ˈdaːrzeɲus/
9878	neatkarīgs	independent, free	/ˈneatkariːɡs/
9879	iekšēju	interior, internal, inner	/ˈiekʃeːju/
9880	mīlētos	loved; indefinite past passive participle of mīlēt	/ˈmiːlæːtuos/
9881	profesijas	profession	/ˈprofesijas/
9882	sakne	root	/ˈsakne/
9883	klinšu	rock, cliff	/ˈklinʃu/
9884	bēgat	to flee, run away, escape	/ˈbeːɡat/
9885	helikopterus	helicopter	/ˈhelikuopterus/
9886	astei	tail	/ˈastei/
9887	mirušās	having died; indefinite past active participle of mirt	/ˈmiruʃaːs/
9888	neprātīga	foolish, imprudent, unreasonable; expressing these qualities	/ˈnepraːtiːɡa/
9889	stulbeņa	stupid man	/ˈstullbeɲa/
9890	rozēm	rose	/ˈruozeːm/
9891	apvienošanas	union, unifying, unification; verbal noun of apvienot	/ˈapʋieːnuoʃanas/
9892	īpašos	specific, independent	/ˈiːpaʃuos/
9893	miegam	sleep	/ˈmieɡam/
9894	karstās	hot	/ˈkarstaːs/
9895	bioloģiski	biological, biologically; adverbial form of bioloģisks	/ˈbioloːɟiski/
9896	savienojumi	connection, link, join	/ˈsaʋieːnuojumi/
9897	mainām	to change, to exchange	/ˈmaiːnaːm/
9898	profesorei	professor	/ˈprofesoːrei/
9899	nāsis	nostril	/ˈnaːsis/
9900	vingrošanas	exercise, exercising; verbal noun of vingrot	/ˈʋiŋɡruoʃanas/
9901	seksā	sex, gender	/ˈseksaː/
9902	paslēptos	hidden; indefinite past passive participle of paslēpt	/ˈpasleːptuos/
9903	vēsturiski	historical, historically; adverbial form of vēsturisks	/ˈʋeːsturiski/
9904	skumju	sadness, grief	/ˈskumju/
9905	nolūka	intention, purpose	/ˈnuoluːka/
9906	aizstāvēji	to defend	/ˈaizstaːʋeːji/
9907	studējis	having studied; indefinite past active participle of studēt	/ˈstudeːjis/
9908	glābjam	to save death; to protect from death	/ˈɡlaːbjam/
9909	āzijā	locative singular of Āzija	/ˈaːzijaː/
9910	nestrādājat	to not work; negative form of strādāt	/ˈnestraːdaːjat/
9911	zariem	branch, twig, spray	/ˈzariem/
9912	nenācām	to not come; negative form of nākt	/ˈnenaːt͡saːm/
9913	asiem	sharp can easily cut or pierce	/ˈasiem/
9914	lasiet	to read	/ˈlasiet/
9915	audzēju	first-person singular present/past indicative of audzēt	/ˈaudzeːju/
9916	garastāvoklis	mood	/ˈɡarastaːʋuoklis/
9917	milzīgais	huge, enormous, giant	/ˈmillziːɡais/
9918	lustra	chandelier	/ˈlustra/
9919	sausumā	drought	/ˈsausumaː/
9920	mainiet	to change, to exchange	/ˈmaiːniet/
9921	eņ	The Latvian name of the Latin script letter Ņ/ņ	[ɛɲ]
9922	iesitis	having hit, having driven in; indefinite past active…	/ˈiesitis/
9923	kviešu	wheat	/ˈkʋieʃu/
9924	pievilcība	attraction, appeal, charm	/ˈpieʋilt͡siːba/
9925	iedzīvotājs	inhabitant, resident	/ˈiedziːʋuotaːjs/
9926	jāgatavo	to prepare, to produce, to build, to make	/ˈjaːɡataʋuo/
9927	peļu	mouse	/ˈpeʎu/
9928	mežiem	forest	/ˈmeʒiem/
9929	kārs	craving, covetous, thirsty or hungry	[kāːrs]
9930	zinātniekam	scientist, scholar	/ˈzinaːtniekam/
9931	kalu	to forge	/ˈkalu/
9932	maisiņus	little sack, bag; diminutive of maiss	/ˈmaisiɲus/
9933	priede	pine	/ˈpriede/
9934	sīkajiem	tiny, little, small	/ˈsiːkajiem/
9935	niknumu	fury, rage, ferocity	/ˈniknumu/
9936	grieķijai	dative singular of Grieķija	/ˈɡriecijai/
9937	spilvenus	pillow, cushion	/ˈspillʋænus/
9938	stāstos	story	/ˈstaːstuos/
9939	datumus	date	/ˈdatumus/
9940	progresa	progress	/ˈproɡræsa/
9941	trūktu	to lack, to be in short supply, to not be available	/ˈtruːktu/
9942	velsiešu	a Welshman, a man from Wales	/ˈʋelsieʃu/
9943	sēj	to sow	/ˈsæːj/
9944	dejās	dance	/ˈdejaːs/
9945	nevainības	innocence, lack of guilt	/ˈneʋaiːniːbas/
9946	mīkstu	soft	/ˈmiːkstu/
9947	slepkavo	to murder	/ˈslæpkaʋuo/
9948	zvēram	beast, animal	/z-ˈʋæːram/
9949	teksts	text	/ˈteksts/
9950	augusi	having grown; indefinite past active participle of augt	/ˈauɡusi/
9951	plānam	plan, map, blueprint, layout	/ˈplaːnam/
9952	dzīle	depth	/ˈdziːle/
9953	bēgs	to flee, run away, escape	/ˈbæːɡs/
9954	siekalām	saliva	/ˈsiekalaːm/
9955	šķidruma	liquid, liquid substance, fluid	/ˈʃcidruma/
9956	vikonts	viscount	/ˈʋikonts/
9957	neglābjami	which cannot or should not be saved; indefinite present…	/ˈneɡlaːbjami/
9958	dārzenis	vegetable	/ˈdaːrzenis/
9959	turpināji	to continue, to go on doing, to not interrupt	/ˈturpinaːji/
9960	visvērtīgākais	the most valuable, the most precious; superlative degree of…	/ʋiˈsʋeːrtiːɡaːːkais/
9961	kaķēnu	kitten, baby cat	/ˈkacæːnu/
9962	ilgam	long	/ˈillɡam/
9963	karalistes	kingdom	/ˈkaralistes/
9964	pudelei	bottle	/ˈpudælei/
9965	latīņu	a Latin man; a male member of the people of Latium in…	/ˈlatiːɲu/
9966	psihiski	psychical, mental, mentally; adverbial form of psihisks	/ˈpsihiski/
9967	iedevām	to give, to hand, so that someone takes it	/ˈiedæʋaːm/
9968	uzvārdā	surname, family name, last name	/ˈuz-ʋaːrdaː/
9969	visdārgākais	the most expensive, the costliest, the dearest; superlative…	/ʋisˈdaːrɡaːːkais/
9970	binoklis	opera glasses	[bìnoklis]
9971	universitātei	university, college	/ˈuniʋersitaːtei/
9972	rūgti	bitter, bitterly; adverbial form of rūgts	/ˈruːɡti/
9973	mīlētam	loved; indefinite past passive participle of mīlēt	/ˈmiːlæːtam/
9974	lappušu	page	/ˈlappuʃu/
9975	dārgākais	more expensive, costlier, dearer; indefinite comparative…	/ˈdaːrɡaːːkais/
9976	līķim	dead body, corpse	/ˈliːcim/
9977	ukrainas	genitive singular of Ukraina	/ˈukraiːnas/
9978	nelasu	to not read, to not pick; negative form of lasīt	/ˈnelasu/
9979	dīvaino	strange, odd, unusual, surprising	/ˈdiːʋaiːnuo/
9980	skaistulēm	beautiful woman, beauty	/ˈskaistuleːm/
9981	atrašanai	finding; verbal noun of atrast	/ˈatraʃanai/
9982	pastāvīgais	permanent	/ˈpastaːʋiːɡais/
9983	rūsa	rust	[ˈɾûːsa]
9984	saldumi	sweetness	/ˈsalldumi/
9985	autu	put on footwear	/ˈautu/
9986	lūpā	lip	/ˈluːpaː/
9987	jaukām	nice, cute	/ˈjaukaːm/
9988	raudāšana	crying; verbal noun of raudāt	/ˈraudaːʃana/
9989	nestrādājam	not working; adverbial object-of-perception present active…	/ˈnestraːdaːjam/
9990	klusēju	To not make noise vocally either through talking, laughing,…	/ˈkluseːju/
9991	īstajai	real, true, genuine, not false or artificial	/ˈiːstajai/
9992	planētai	planet	/ˈplanæːtai/
9993	audums	Fabric, cloth or textile	[ˈa.u.dums]
9994	spožais	bright	/ˈspuoʒais/
9995	nekodīšu	to not bite; negative form of kost	/ˈnekuodiːʃu/
9996	arābus	Arab, a man belonging to the Arabic people or from an…	/ˈaraːbus/
9997	paslēpis	having hidden; indefinite past active participle of paslēpt	/ˈpasleːpis/
9998	velies	to roll	/ˈʋelies/
9999	ara	to plow for sowing by using a plow	/ˈara/
10000	peldu	to swim	/ˈpælldu/
