rank	word	english	ipa
1	да	yes	[da(ː)]
2	не	no	[nɛ]
3	се	Short reflexive direct object pronoun	[sɛ]
4	е	to be	/e/
5	на	on	[na]
6	го	Short direct object form of тој	[ɡɔ]
7	и	and	/i/
8	што	the	[ʃtɔ]
9	ќе	Future particle equivalent to "will" in English	[cɛ]
10	во	in	[vɔ]
11	за	for	[za]
12	тоа	it, that	[ˈtɔa]
13	ти	you	[ti]
14	дека	that	[ˈdɛka]
15	од	from	[ɔt]
16	со	with	[sɔ]
17	ми	Short indirect object form of јас	[mi]
18	си	Short reflexive indirect object pronoun	[si]
19	ја	short direct object form of таа	[ja]
20	како	how	[ˈkakɔ]
21	јас	I	[jas]
22	ги	Short direct object form of тие	[ɡi]
23	ова	this one	/ˈɒvɐ/
24	сум	to be	[sum]
25	добро	well, alright, fine, okay	[ˈdɔbrɔ]
26	ме	Short direct object form of јас	[mɛ]
27	те	at times... at other times	[tɛ]
28	само	only, just	[ˈsamɔ]
29	ли	An interrogative particle used in yes-or-no questions	[li]
30	нема	to not have, to lack	[ˈnɛma]
31	но	but	[nɔ]
32	ако	if, assuming that, suppose	[ˈakɔ]
33	а	what about	[a]
34	тој	that	[tɔj]
35	беше	to be	[ˈbɛʃɛ]
36	треба	to be necessary, be advisable	[ˈtrɛba]
37	кога	when	[ˈkɔɡa]
38	сега	now	[ˈsɛɡa]
39	многу	very, a lot	[ˈmnɔɡu]
40	кој	which	[kɔj]
41	му	Short indirect object form of тој	[mu]
42	има	to have	[ˈima]
43	нешто	something	[ˈnɛʃtɔ]
44	може	to be able	[ˈmɔʒɛ]
45	мене	Long direct object form of јас	[ˈmɛnɛ]
46	би	A verbal particle used to render the conditional mood	[bi]
47	каде	where, whereto, whither	[ˈkadɛ]
48	сакам	to want, desire	[ˈsakam]
49	тебе	Long direct object form of ти	[ˈtɛbɛ]
50	тука	here	[ˈtuka]
51	дали	if, whether	[ˈdali]
52	така	that way, thus, so	[ˈtaka]
53	зошто	why	[ˈzɔʃtɔ]
54	сите	entire, whole, all	[ˈsitɛ]
55	ајде	let's go	[ˈajdɛ]
56	ред	line, string, row	[rɛt]
57	ни	neither	[ni]
58	па	so	[pa]
59	овде	here	[ˈɔvdɛ]
60	таа	she	[ˈtaa]
61	биде	to be	[ˈbidɛ]
62	по	after	[pɔ]
63	сакаш	to want, desire	[ˈsakaʃ]
64	до	next to, beside	[dɔ]
65	еден	one	[ˈɛdɛn]
66	ви	Short indirect object form of вие	[vi]
67	уште	still, yet	[ˈuʃtɛ]
68	или	or	[ili]
69	некој	some	/ˈnæko̞j/
70	ама	but	[ˈama]
71	време	time	[ˈvrɛmɛ]
72	ништо	nothing	[ˈniʃtɔ]
73	тие	they	[ˈti(j)ɛ]
74	таму	there	[ˈtamu]
75	сме	to be	[smɛ]
76	мора	to have to, must	[ˈmɔɾa]
77	пред	before	[prɛt]
78	можеби	maybe, perhaps	[ˈmɔʒɛbi]
79	имам	to have	[ˈimam]
80	ве	Short direct object form of вие	[vɛ]
81	малку	a little, some	[ˈmaɫku]
82	молам	please	[ˈmɔɫam]
83	ние	we	[ˈni(j)ɛ]
84	еј	hey	[ɛj]
85	повеќе	rather, preferably	[ˈpɔvɛcɛ]
86	навистина	really, truly	[naˈvistina]
87	колку	how much, how	[ˈkɔɫku]
88	него	Long direct object form of тој	[ˈnɛɡɔ]
89	работа	work, labor	[ˈrabɔta]
90	тогаш	then	[ˈtɔɡaʃ]
91	оди	to go, walk	[ˈɔdi]
92	здраво	healthily, wholesomely	[ˈzdravɔ]
93	толку	that much, that	[ˈtɔɫku]
94	никогаш	never	[ˈnikɔɡaʃ]
95	луѓе	person	[ˈɫuɟɛ]
96	вие	you	[ˈvi(j)ɛ]
97	им	Short indirect object form of тие	[im]
98	кои	who	[ˈkɔi]
99	значи	so, thus, in other words	[ˈznat͡ʃi]
100	затоа	therefore	[ˈzatɔa]
101	една	one	[ˈɛdna]
102	благодарам	thanks	[bɫaˈɡɔdaɾam]
103	овој	this	[ˈɔvɔj]
104	која	who	[ˈkɔja]
105	татко	father	[ˈtatkɔ]
106	веќе	already	[ˈvɛcɛ]
107	работи	work, labor	[ˈrabɔti]
108	нели	right, don't you think	[ˈnɛli]
109	без	without	[bɛs]
110	човек	person	[ˈt͡ʃɔvɛk]
111	години	year	[ˈɡɔdini]
112	нас	Long direct object form of ние	[nas]
113	ден	day	[dɛn]
114	оваа	this one	[ˈɔvaa]
115	фала	thanks	[ˈfaɫa]
116	кај	at, by	[kaj]
117	сака	to want, desire	[ˈsaka]
118	направи	to do, make	[ˈnapravi]
119	о	wow	/ɔ/
120	рече	to say, utter, tell	[ˈrɛt͡ʃɛ]
121	види	to see, look	[ˈvidi]
122	изгледа	to look, appear, seem	[ˈizɡlɛda]
123	додека	while	[ˈdɔdɛka]
124	бидејќи	because, since	[biˈdɛjci]
125	кажи	to tell, say	[ˈkaʒi]
126	пат	way, road	[pat]
127	вас	Long direct object form of вие	[vas]
128	никој	no, not any	[ˈnikɔj]
129	место	instead of	[ˈmɛstɔ]
130	овие	this one	[ˈɔvi(j)ɛ]
131	дома	at home	[ˈdɔma]
132	мајка	mother	[ˈmajka]
133	секогаш	always	[ˈsɛkɔɡaʃ]
134	жал	sorrow, grief	[ʒaɫ]
135	неа	Long direct object form of таа	[ˈnɛa]
136	добар	good	[ˈdɔbar]
137	бил	to be	[biɫ]
138	дојде	to come, arrive	[ˈdɔjdɛ]
139	подобро	good	[ˈpɔdɔbrɔ]
140	боже	god	[ˈbɔʒɛ]
141	нив	Long direct object form of тие	[nif]
142	неколку	a few, several, some	[ˈnɛkɔɫku]
143	луѓето	person	[ˈɫuɟɛtɔ]
144	било	to be	[ˈbiɫɔ]
145	веднаш	immediately	[ˈvɛdnaʃ]
146	живот	life	[ˈʒivɔt]
147	она	that one	/ˈɒnɐ/
148	жена	woman	[ˈʒɛna]
149	секако	everyhow	[ˈsɛkakɔ]
150	тато	dad	[ˈtatɔ]
151	секој	every, each	/ˈsæko̞j/
152	добра	good	[ˈdɔbra]
153	знае	to know	[ˈznaɛ]
154	исто	identically, in the same way	[ˈistɔ]
155	право	straight, directly	[ˈpravɔ]
156	извини	to forgive, excuse, pardon	[ˈizvini]
157	гледам	to see	[ˈɡlɛdam]
158	еве	here, here it is, here you are, voilà	/ˈæve̞/
159	сигурно	surely, certainly	[ˈsiɡurnɔ]
160	ох	oh	[ɔx]
161	пари	money	[ˈpaɾi]
162	поради	because of, due to	[ˈpɔɾadi]
163	дај	to give	[daj]
164	прави	right, proper	[ˈpravi]
165	врати	to return, restore, give back	[ˈvrati]
166	сеуште	misspelling of сѐ уште	[ˈsɛuʃtɛ]
167	дури	even	[ˈduɾi]
168	сакав	to want, desire	[ˈsakaf]
169	повторно	again	[ˈpɔftɔrnɔ]
170	видам	to see, look	[ˈvidam]
171	гледаш	to see	[ˈɡlɛdaʃ]
172	дојди	to come, arrive	[ˈdɔjdi]
173	после	afterwards, later	[ˈpɔslɛ]
174	друг	other	[druk]
175	доволно	sufficiently, enough	[ˈdɔvɔɫnɔ]
176	надвор	outside	[ˈnadvɔr]
177	три	three	[tri]
178	помош	help	[ˈpɔmɔʃ]
179	баш	exactly, precisely	[baʃ]
180	едно	one	[ˈɛdnɔ]
181	убаво	beautifully	[ˈubavɔ]
182	кон	towards, to	/koːn/
183	сакате	to want, desire	[ˈsakatɛ]
184	проблем	problem	[ˈprɔblɛm]
185	пак	again	[pak]
186	супер	awesomely, superbly	[ˈsupɛr]
187	немам	to not have, to lack	[ˈnɛmam]
188	денес	today	[ˈdɛnɛs]
189	мој	my, mine	[mɔj]
190	брат	brother	[brat]
191	син	blue	[sin]
192	г	g	/g/
193	два	two	[dva]
194	под	under	[pɔt]
195	начин	way, manner, method	[ˈnat͡ʃin]
196	точно	correctly, accurately	[ˈtɔt͡ʃnɔ]
197	име	name	[ˈimɛ]
198	заедно	together	[ˈzaɛdnɔ]
199	дел	part	[dɛɫ]
200	две	two	[dvɛ]
201	потоа	then, subsequently, afterwards	[ˈpɔtɔa]
202	момци	lad, youth, boy	[ˈmɔmt͡si]
203	зарем	really? is it possible that...?	[ˈzaɾɛm]
204	минути	minute	[ˈminuti]
205	сигурен	sure, certain	[ˈsiɡuɾɛn]
206	зборуваш	to speak	[ˈzbɔɾuvaʃ]
207	нека	let, may	[ˈnɛka]
208	низ	through	[nis]
209	врска	connection, link	[ˈvr̩ska]
210	утре	tomorrow	[ˈutrɛ]
211	видиме	to see, look	[ˈvidimɛ]
212	зашто	because	[ˈzaʃtɔ]
213	пријател	friend, pal, mate	[ˈpri(j)atɛɫ]
214	ноќ	night, nighttime	[nɔc]
215	дете	child, kid	[ˈdɛtɛ]
216	видов	to see, look	[ˈvidɔf]
217	деца	child, kid	[ˈdɛt͡sa]
218	назад	backward, in the back	[ˈnazat]
219	всушност	actually, in fact	[ˈfsuʃnɔst]
220	околу	around	[ˈɔkɔɫu]
221	лошо	badly, poorly	[ˈɫɔʃɔ]
222	девојка	girl, young female, maiden	[ˈdɛvɔjka]
223	момче	boy	[ˈmɔmt͡ʃɛ]
224	кое	who	[ˈkɔɛ]
225	брзо	fast, quickly, rapidly	[ˈbr̩zɔ]
226	моја	my, mine	[ˈmɔja]
227	внатре	inside	[ˈvnatrɛ]
228	сакал	to want, desire	[ˈsakaɫ]
229	мртов	dead	[ˈmr̩tɔf]
230	себе	Long reflexive direct object pronoun	[ˈsɛbɛ]
231	страна	side	[ˈstrana]
232	остави	to leave, abandon, relinquish	[ˈɔstavi]
233	освен	except, apart from, besides	[ˈɔsvɛn]
234	вечерва	tonight	[ˈvɛt͡ʃɛrva]
235	некогаш	sometimes, occasionally, formerly, a long time ago	[ˈnɛkɔɡaʃ]
236	имаат	to have	[ˈimaat]
237	сам	alone, by oneself	[sam]
238	еднаш	once	[ˈɛdnaʃ]
239	година	year	[ˈɡɔdina]
240	кого	who	[ˈkɔɡɔ]
241	доста	enough, sufficiently	[ˈdɔsta]
242	важно	importantly	[ˈvaʒnɔ]
243	долго	long	[ˈdɔɫɡɔ]
244	сакаше	to want, desire	[ˈsakaʃɛ]
245	пријатели	friend, pal, mate	[priˈjatɛli]
246	голема	big, large, great	[ˈɡɔlɛma]
247	доаѓа	to come, arrive	[ˈdɔaɟa]
248	зборувам	to speak	[ˈzbɔɾuvam]
249	јави	to convey	[ˈjavi]
250	мило	dearly, sweetly	[ˈmiɫɔ]
251	одлично	excellently, amazingly, superbly	[ˈɔdlit͡ʃnɔ]
252	тешко	heavily	[ˈtɛʃkɔ]
253	против	against	[ˈprɔtif]
254	сакаат	to want, desire	[ˈsakaat]
255	даде	to give	[ˈdadɛ]
256	куќа	house	[ˈkuca]
257	цел	whole, entire	[t͡sɛɫ]
258	преку	through, via	[ˈprɛku]
259	голем	big, large, great	[ˈɡɔlɛm]
260	дена	counted plural of ден	[ˈdɛna]
261	прво	first, firstly, to start with	[ˈpr̩vɔ]
262	разбира	to understand, comprehend	[ˈrazbiɾa]
263	заврши	to end, finish	[ˈzavr̩ʃi]
264	ниту	neither	[ˈnitu]
265	грижи	care, concern, worry	[ˈɡriʒi]
266	момент	moment	[mɔˈmɛnt]
267	двајца	two individuals, the two of us/you/them	[ˈdvajt͡sa]
268	едноставно	simply	[ɛdˈnɔstavnɔ]
269	туку	but	[ˈtuku]
270	најде	to find	[ˈnajdɛ]
271	вака	this way, thus	[ˈvaka]
272	случај	case, situation	[ˈsɫut͡ʃaj]
273	среќа	happiness	[ˈsrɛca]
274	каков	what kind of, what type of	[ˈkakɔf]
275	вечер	evening	[ˈvɛt͡ʃɛr]
276	постои	to exist	[ˈpɔstɔi]
277	била	to be	[ˈbiɫa]
278	барем	at least	[ˈbaɾɛm]
279	вели	to say	[ˈvɛli]
280	тип	type, kind, sort	[tip]
281	пушти	to let, let go, release	[ˈpuʃti]
282	бог	god	[bɔk]
283	човеку	vocative singular of човек m	[ˈt͡ʃɔvɛku]
284	вика	to shout, yell	[ˈvika]
285	мисли	to think, ponder	[ˈmisli]
286	видиш	to see, look	[ˈvidiʃ]
287	сепак	nevertheless, nonetheless	[ˈsɛpak]
288	семејство	family	[ˈsɛmɛjstvɔ]
289	видел	masculine singular imperfect/aorist l-participle of види	[ˈvidɛɫ]
290	држи	to hold, keep	[ˈdr̩ʒi]
291	пати	way, road	[ˈpati]
292	човече	person	[ˈt͡ʃɔvɛt͡ʃɛ]
293	гледај	to see	[ˈɡlɛdaj]
294	соба	room	[ˈsɔba]
295	човекот	person	[ˈt͡ʃɔvɛkɔt]
296	гледаме	to see	[ˈɡlɛdamɛ]
297	умре	to die	[ˈumrɛ]
298	долари	dollar	[ˈdɔɫaɾi]
299	откако	after	[ˈɔtkakɔ]
300	биди	nonstandard form of биде	[ˈbidi]
301	каже	to tell, say	[ˈkaʒɛ]
302	шанса	chance	[ˈʃansa]
303	ќерка	daughter	[ˈcɛrka]
304	секоја	everybody, everyone	[ˈsɛkɔja]
305	среќен	happy	[ˈsrɛcɛn]
306	долу	down, downward	[ˈdɔɫu]
307	свет	world	[svɛt]
308	зборува	to speak	[ˈzbɔɾuva]
309	вода	water	[ˈvɔda]
310	господе	vocative singular of Господ m	[ˈɡɔspɔdɛ]
311	добри	good	[ˈdɔbri]
312	горе	up, upward	[ˈɡɔɾɛ]
313	број	number	[brɔj]
314	прв	first	[pr̩f]
315	вистина	truth	[ˈvistina]
316	игра	game	[ˈiɡra]
317	земја	earth, soil	[ˈzɛmja]
318	срце	heart	[ˈsr̩t͡sɛ]
319	оној	that	[ˈɔnɔj]
320	крв	blood	[kr̩f]
321	ало	hello?	[ˈaɫɔ]
322	крај	beside, near	[kraj]
323	маж	man	[maʃ]
324	убие	to kill, murder	[ˈubi(j)ɛ]
325	нов	new	[nɔf]
326	часа	count plural of час m	[ˈt͡ʃasa]
327	сем	except, apart from, besides	[sɛm]
328	гајле	worry, care	[ˈɡajlɛ]
329	виде	to see, look	[ˈvidɛ]
330	меѓу	between, among	[ˈmɛɟu]
331	недела	Sunday	[ˈnɛdɛɫa]
332	проблеми	problem	[ˈprɔblɛmi]
333	сакаме	to want, desire	[ˈsakamɛ]
334	пет	five	[pɛt]
335	сето	entire, whole, all	[ˈsɛtɔ]
336	чудно	strangely, oddly	[ˈt͡ʃudnɔ]
337	полека	slowly, gradually	[ˈpɔlɛka]
338	вистински	truly, really, genuinely	[ˈvistinski]
339	биле	to be	[ˈbilɛ]
340	сестра	sister	[ˈsɛstra]
341	лесно	easily	[ˈlɛsnɔ]
342	децата	child, kid	[ˈdɛt͡sata]
343	жив	alive	[ʒif]
344	рацете	unspecified definite plural of рака f	[ˈrat͡sɛtɛ]
345	идеја	idea	[iˈdɛja]
346	утро	morning	[ˈutrɔ]
347	чао	bye	[ˈt͡ʃaɔ]
348	воопшто	in general, generally	[ˈvɔɔpʃtɔ]
349	прашање	question	[ˈpraʃaɲɛ]
350	збор	word	[zbɔr]
351	љубов	love	[ˈʎubɔf]
352	зар	really? is it possible that...?	[zar]
353	месеци	month	[ˈmɛsɛt͡si]
354	прекрасно	wonderfully, beautifully, great, gorgeously, well, nicely	[ˈprɛkrasnɔ]
355	затвор	prison, jail	[ˈzatvɔr]
356	мама	mama, mummy, mommy, mum, mom	[ˈmama]
357	час	hour	[t͡ʃas]
358	наскоро	soon	[ˈnaskɔɾɔ]
359	отвори	to open	[ˈɔtvɔɾi]
360	веројатно	probably, likely	[vɛˈrɔjatnɔ]
361	помогне	to assist, help, aid, support, give a hand	[ˈpɔmɔɡnɛ]
362	другар	friend, fellow, buddy	[ˈdruɡar]
363	оружје	weapon, weaponry, arm	[ˈɔɾuʒjɛ]
364	кола	car, motorcar, automobile	[ˈkɔɫa]
365	звучи	to sound	[ˈzvut͡ʃi]
366	причина	cause, reason	[ˈprit͡ʃina]
367	стави	to put, place	[ˈstavi]
368	град	city, town	[ɡrat]
369	дојдеш	to come, arrive	[ˈdɔjdɛʃ]
370	покрај	despite	[ˈpɔkraj]
371	заради	because of	[ˈzaɾadi]
372	мал	little, small	[maɫ]
373	некого	somebody, someone	[ˈnɛkɔɡɔ]
374	некаде	somewhere	[ˈnɛkadɛ]
375	јасно	clearly, limpidly, plainly	[ˈjasnɔ]
376	барам	to search, look for	[ˈbaɾam]
377	убава	beautiful, pretty	[ˈubava]
378	отколку	than	[ˈɔtkɔɫku]
379	готово	ready, prepared	[ˈɡɔtɔvɔ]
380	зад	behind	[zat]
381	зборуваме	to speak	[zbɔˈruvamɛ]
382	ебам	to fuck, screw	[ˈɛbam]
383	продолжи	to continue	[ˈprɔdɔɫʒi]
384	приказна	story	[ˈprikazna]
385	одовде	hence	[ˈɔdɔvdɛ]
386	рака	arm	[ˈraka]
387	веруваш	to believe, trust	[ˈvɛɾuvaʃ]
388	живее	to live	[ˈʒivɛɛ]
389	забава	fun, amusement, entertainment	[ˈzabava]
390	очи	eye	[ˈɔt͡ʃi]
391	избор	choice	[ˈizbɔr]
392	смешно	funnily, comically	[ˈsmɛʃnɔ]
393	таков	that kind of, that type of	[ˈtakɔf]
394	понекогаш	sometimes, occasionally	[pɔˈnɛkɔɡaʃ]
395	над	above, over	[nat]
396	грешка	mistake, error	[ˈɡrɛʃka]
397	бара	puddle	[ˈbaɾa]
398	храна	food	[ˈxrana]
399	верува	to believe, trust	[ˈvɛɾuva]
400	глава	head	[ˈɡɫava]
401	сериозно	seriously	[sɛɾiˈɔznɔ]
402	напред	forward, ahead, in front	[ˈnaprɛt]
403	војна	war	[ˈvɔjna]
404	ете	there, there it is, there you are, voilà	/ˈæte̞/
405	план	plan	[pɫan]
406	проклетство	curses!	[ˈprɔklɛtstvɔ]
407	спаси	to rescue, save	[ˈspasi]
408	смири	to appease, calm down	[ˈsmiɾi]
409	смрт	death	[smr̩t]
410	отиде	to go	[ˈɔtidɛ]
411	полиција	police	[pɔˈlit͡si(j)a]
412	скоро	soon	[ˈskɔɾɔ]
413	превод	translation	[ˈprɛvɔt]
414	побрзо	fast, quickly, rapidly	[ˈpɔbr̩zɔ]
415	господа	mister, sir, Mr	[ˈɡɔspɔda]
416	излезе	to exit, go out	[ˈizlɛzɛ]
417	лице	face	[ˈlit͡sɛ]
418	гледа	to see	[ˈɡlɛda]
419	далеку	far, far away	[ˈdalɛku]
420	раце	indefinite plural	[ˈrat͡sɛ]
421	девојки	girl, young female, maiden	[ˈdɛvɔjki]
422	очигледно	obviously, evidently	[ɔˈt͡ʃiɡlɛdnɔ]
423	мали	to baby, infantilize	[ˈmali]
424	четири	four	[ˈt͡ʃɛtiɾi]
425	токму	exactly, precisely	[ˈtɔkmu]
426	тим	team	[tim]
427	луд	mad, insane, crazy	[ɫut]
428	замолчи	to fall silent	[ˈzamɔɫt͡ʃi]
429	донесе	to bring	[ˈdɔnɛsɛ]
430	недели	Sunday	[ˈnɛdɛli]
431	носи	to carry, bear	[ˈnɔsi]
432	порака	message	[ˈpɔɾaka]
433	прашам	to ask	[ˈpraʃam]
434	леле	oh, oh my, oh dear, alas	[ˈlɛlɛ]
435	твој	your, yours	[tvɔj]
436	според	according to, based on	[ˈspɔɾɛt]
437	фати	to catch	[ˈfati]
438	телефон	telephone	[tɛlɛˈfɔn]
439	куче	dog	[ˈkut͡ʃɛ]
440	дозволи	permission, license	[ˈdɔzvɔli]
441	дојдете	to come, arrive	[ˈdɔjdɛtɛ]
442	викаш	to shout, yell	[ˈvikaʃ]
443	некако	somehow	[ˈnɛkakɔ]
444	велам	to say	[ˈvɛɫam]
445	конечно	finally, ultimately	[ˈkɔnɛt͡ʃnɔ]
446	потреба	need	[ˈpɔtrɛba]
447	бегај	to run away	[ˈbɛɡaj]
448	шанси	chance	[ˈʃansi]
449	чини	to cost	[ˈt͡ʃini]
450	викам	to shout, yell	[ˈvikam]
451	вчера	yesterday	[ˈft͡ʃɛɾa]
452	личност	person, individual	[ˈlit͡ʃnɔst]
453	половина	half	[pɔˈɫɔvina]
454	мое	my, mine	[ˈmɔɛ]
455	позади	behind, in the back	[ˈpɔzadi]
456	жени	woman	[ˈʒɛni]
457	дом	home, house	[dɔm]
458	заборави	to forget	[zaˈbɔɾavi]
459	штотуку	just	[ˈʃtɔtuku]
460	дедо	grandfather	[ˈdɛdɔ]
461	вечера	dinner	[ˈvɛt͡ʃɛɾa]
462	штом	as soon as, once	[ʃtɔm]
463	подготвен	to prepare	[ˈpɔdɡɔtvɛn]
464	денот	day	[ˈdɛnɔt]
465	велиш	to say	[ˈvɛliʃ]
466	имал	to have	[ˈimaɫ]
467	никаде	nowhere	[ˈnikadɛ]
468	води	water	[ˈvɔdi]
469	сакала	to want, desire	[ˈsakaɫa]
470	брод	ship	[brɔt]
471	постојано	constantly, continuously	[pɔˈstɔjanɔ]
472	последен	last, ultimate	[ˈpɔslɛdɛn]
473	неверојатно	incredibly, unbelievably	[nɛvɛˈrɔjatnɔ]
474	еби	to fuck, screw	[ˈɛbi]
475	бе	A particle expressing anger, frustration, or surprise	[bɛ]
476	ваму	here, hither	[ˈvamu]
477	големи	big, large, great	[ˈɡɔlɛmi]
478	контрола	control	[kɔnˈtrɔɫa]
479	најдобро	good	[ˈnajdɔbrɔ]
480	прашања	question	[ˈpraʃaɲa]
481	господ	alternative letter-case form of Господ m	[ˈɡɔspɔt]
482	врата	door	[ˈvrata]
483	состанок	meeting, appointment	[ˈsɔstanɔk]
484	чека	to wait, wait for, to await	[ˈt͡ʃɛka]
485	остане	to stay, remain	[ˈɔstanɛ]
486	договор	agreement	[ˈdɔɡɔvɔr]
487	големо	big, large	[ˈɡɔlɛmɔ]
488	раката	unspecified definite singular of рака f	[ˈrakata]
489	станува	to become	[ˈstanuva]
490	влезе	to enter	[ˈvlɛzɛ]
491	пол	sex	[pɔɫ]
492	никого	nobody, no one	[ˈnikɔɡɔ]
493	мразам	to hate, loathe, resent, detest	[ˈmrazam]
494	копиле	bastard	[ˈkɔpilɛ]
495	лично	personally	[ˈlit͡ʃnɔ]
496	таква	that kind of, that type of	[ˈtakva]
497	кафе	coffee	[ˈkafɛ]
498	стварно	really, truly	[ˈstvarnɔ]
499	велат	to say	[ˈvɛɫat]
500	стар	old	[star]
501	разлика	difference	[ˈrazlika]
502	засекогаш	forever, for all eternity	[zaˈsɛkɔɡaʃ]
503	мои	my, mine	[ˈmɔi]
504	дами	lady	[ˈdami]
505	стана	to become	[ˈstana]
506	стори	story	[ˈstɔɾi]
507	помеѓу	between	[ˈpɔmɛɟu]
508	училиште	school	[uˈt͡ʃiliʃtɛ]
509	пиштол	gun, pistol	[ˈpiʃtɔɫ]
510	шест	six	[ʃɛst]
511	гледате	to see	[ˈɡlɛdatɛ]
512	дечко	adolescent boy, young man	[ˈdɛt͡ʃkɔ]
513	сила	force	[ˈsiɫa]
514	синоќа	last night, last evening	[ˈsinɔca]
515	инаку	otherwise, differently	[ˈinaku]
516	вид	sight	[vit]
517	секунди	second	[sɛˈkundi]
518	вести	news	[ˈvɛsti]
519	нешта	thing	[ˈnɛʃta]
520	полицаец	policeman	[pɔliˈt͡saɛt͡s]
521	видете	to see, look	[ˈvidɛtɛ]
522	лош	bad, poor	[ɫɔʃ]
523	тело	body	[ˈtɛɫɔ]
524	глупости	stupidity, nonsense, foolishness, foolery	[ˈɡɫupɔsti]
525	родители	parent	[rɔˈditɛli]
526	иако	although, even though	[ˈi(j)akɔ]
527	слика	image, picture, painting	[ˈslika]
528	денеска	today	[ˈdɛnɛska]
529	бараш	to search, look for	[ˈbaɾaʃ]
530	крал	king	[kraɫ]
531	секс	sex, sexual intercourse	[sɛks]
532	спремен	ready, prepared	[ˈsprɛmɛn]
533	напад	attack, assault	[ˈnapat]
534	боли	to hurt, ache	[ˈbɔli]
535	убав	beautiful, pretty	[ˈubaf]
536	внимание	attention	[vniˈmani(j)ɛ]
537	услуга	favor	[ˈusɫuɡa]
538	детето	child, kid	[ˈdɛtɛtɔ]
539	улица	street	[ˈulit͡sa]
540	кажува	to tell, say	[ˈkaʒuva]
541	важи	to be valid, apply, obtain	[ˈvaʒi]
542	насекаде	everywhere, all around	[naˈsɛkadɛ]
543	врз	on top of, atop	[vr̩s]
544	доле	down, downward	[ˈdɔlɛ]
545	он	he	[ɔn]
546	прилично	quite, rather, pretty	[ˈprilit͡ʃnɔ]
547	доктор	doctor	[ˈdɔktɔr]
548	зборови	word	[ˈzbɔɾɔvi]
549	браво	bravo	[ˈbravɔ]
550	минута	minute	[ˈminuta]
551	кревет	bed	[ˈkrɛvɛt]
552	в	alternative form of во	/və/
553	убиец	killer, murderer, slayer, assassin	[ˈubi(j)ɛt͡s]
554	двете	two	[ˈdvɛtɛ]
555	моќ	power, might	[mɔc]
556	убиство	murder, homicide	[ˈubistvɔ]
557	борба	struggle, battle, combat	[ˈbɔrba]
558	спушти	to lower, bring down	[ˈspuʃti]
559	жената	woman	[ˈʒɛnata]
560	месец	month	[ˈmɛsɛt͡s]
561	блиску	close by	[ˈblisku]
562	целосно	wholly, fully, entirely, integrally	[ˈt͡sɛɫɔsnɔ]
563	прашувам	to ask	[ˈpraʃuvam]
564	наваму	hither	[ˈnavamu]
565	девојче	girl	[ˈdɛvɔjt͡ʃɛ]
566	ново	newly	[ˈnɔvɔ]
567	зборувај	to speak	[ˈzbɔɾuvaj]
568	агент	agent	[aˈɡɛnt]
569	обично	usually, commonly, ordinarily, habitually, customarily	[ˈɔbit͡ʃnɔ]
570	погрешно	wrongly, incorrectly, erroneously	[ˈpɔɡrɛʃnɔ]
571	пишува	to write	[ˈpiʃuva]
572	прати	to send	[ˈprati]
573	сосема	completely, altogether	[ˈsɔsɛma]
574	сон	dream	[sɔn]
575	посебно	in particular, especially	[ˈpɔsɛbnɔ]
576	прва	first	[ˈpr̩va]
577	книга	book	[ˈkniɡa]
578	пример	example, instance	[ˈprimɛr]
579	мир	peace	[mir]
580	искрено	sincerely, honestly	[ˈiskrɛnɔ]
581	наоколу	about, around	[naˈɔkɔɫu]
582	оган	fire	[ˈɔɡan]
583	фрли	to throw, toss	[ˈfr̩li]
584	уништи	to destroy, annihilate, exterminate, devastate, ruin	[ˈuniʃti]
585	најдобар	good	[ˈnajdɔbar]
586	добие	to get, acquire	[ˈdɔbi(j)ɛ]
587	ах	ah	[ax]
588	том	tome, volume	[tɔm]
589	задоволство	satisfaction, pleasure	[zaˈdɔvɔɫstvɔ]
590	лудо	madly, insanely	[ˈɫudɔ]
591	следи	to follow, tail	[ˈslɛdi]
592	тајна	secret	[ˈtajna]
593	стане	to become	[ˈstanɛ]
594	удри	to hit, strike, punch	[ˈudri]
595	бараат	to search, look for	[ˈbaɾaat]
596	мажи	man	[ˈmaʒi]
597	зема	to take	[ˈzɛma]
598	водата	water	[ˈvɔdata]
599	бебе	baby, infant, babe	[ˈbɛbɛ]
600	седи	to sit, be seated	[ˈsɛdi]
601	сине	entire, whole, all	[ˈsinɛ]
602	болница	hospital	[ˈbɔɫnit͡sa]
603	научи	to learn, teach	[ˈnaut͡ʃi]
604	смисла	sense, meaning, logic, purpose	[ˈsmisɫa]
605	разбуди	to wake up	[ˈrazbudi]
606	штета	harm, damage	[ˈʃtɛta]
607	дрога	drug, narcotic	[ˈdrɔɡa]
608	ужасно	horribly, terribly, dreadfully	[ˈuʒasnɔ]
609	можност	possibility	[ˈmɔʒnɔst]
610	линија	line	[ˈlini(j)a]
611	подобар	good	[ˈpɔdɔbar]
612	дефинитивно	definitely	[dɛfiniˈtivnɔ]
613	стој	to stand	[stɔj]
614	места	place, site	[ˈmɛsta]
615	прекрасна	wonderful, amazing, magnificent, delightful, excellent,…	/prɛjkrosna/
616	почеток	beginning	[ˈpɔt͡ʃɛtɔk]
617	користи	to use	[ˈkɔɾisti]
618	одговори	to answer, reply	[ɔdˈɡɔvɔɾi]
619	повеќето	most, the majority of	[pɔˈvɛcɛtɔ]
620	секунда	second	[sɛˈkunda]
621	група	group	[ˈɡrupa]
622	сопруг	husband, male spouse	[ˈsɔpruk]
623	идиот	idiot	[idiˈɔt]
624	систем	system	[ˈsistɛm]
625	г-ѓа	abbreviation of госпоѓа	/gɐ/
626	чест	common, frequent	[t͡ʃɛst]
627	вози	to drive	[ˈvɔzi]
628	видите	to see, look	[ˈviditɛ]
629	ставам	to put, place	[ˈstavam]
630	поим	term	[ˈpɔim]
631	страв	fear	[straf]
632	дајте	to give	[ˈdajtɛ]
633	опасност	danger, peril	[ˈɔpasnɔst]
634	десет	ten	[ˈdɛsɛt]
635	мери	to measure	[ˈmɛɾi]
636	забавно	amusingly, entertainingly	[ˈzabavnɔ]
637	чисто	cleanly, neatly	[ˈt͡ʃistɔ]
638	клер	clergy	[klɛr]
639	наместо	instead of	[ˈnamɛstɔ]
640	денови	day	[ˈdɛnɔvi]
641	нормално	normally, in a normal way	[ˈnɔrmaɫnɔ]
642	понатаму	later on	[pɔˈnatamu]
643	победи	victory	[ˈpɔbɛdi]
644	бизнис	business, enterprise	[ˈbiznis]
645	изгуби	to lose, misplace	[ˈizɡubi]
646	дечки	adolescent boy, young man	[ˈdɛt͡ʃki]
647	совршено	perfectly	[sɔˈvr̩ʃɛnɔ]
648	удар	hit, blow, strike, kick, punch, cuff	[ˈudar]
649	сад	vessel, container, dish	[sat]
650	вреди	to be worth, have a value	[ˈvrɛdi]
651	адвокат	lawyer	[advɔˈkat]
652	играш	to play	[ˈiɡraʃ]
653	одамна	long ago	[ˈɔdamna]
654	затвори	prison, jail	[ˈzatvɔɾi]
655	канцеларија	office	[kant͡sɛˈɫaɾi(j)a]
656	земе	to take	[ˈzɛmɛ]
657	дух	ghost	[dux]
658	лево	to the left	[ˈlɛvɔ]
659	провери	to check, verify	[ˈprɔvɛɾi]
660	викаат	to shout, yell	[ˈvikaat]
661	роденден	birthday	[ˈrɔdɛndɛn]
662	знак	sign	[znak]
663	интересира	to interest	[intɛɾɛˈsiɾa]
664	пази	to watch, keep, take heed of, take care of	[ˈpazi]
665	филм	film, strip	[fiɫm]
666	бараме	to search, look for	[ˈbaɾamɛ]
667	отсекогаш	since always	[ɔtˈsɛkɔɡaʃ]
668	речиси	almost	[ˈrɛt͡ʃisi]
669	баба	grandmother, grandma, granny, gran	[ˈbaba]
670	испрати	to send	[ˈisprati]
671	безбедно	safely, securely	[ˈbɛzbɛdnɔ]
672	интересно	interestingly	[inˈtɛɾɛsnɔ]
673	дава	to give	[ˈdava]
674	промени	change, alteration	[ˈprɔmɛni]
675	често	often, frequently	[ˈt͡ʃɛstɔ]
676	помине	to pass, elapse	[ˈpɔminɛ]
677	синко	son	[ˈsiŋkɔ]
678	жените	woman	[ˈʒɛnitɛ]
679	глупав	stupid, idiotic	[ˈɡɫupaf]
680	внимателно	carefully, cautiously	[vniˈmatɛɫnɔ]
681	дозвола	permission, license	[ˈdɔzvɔɫa]
682	избега	to run away	[ˈizbɛɡa]
683	авион	airplane, aeroplane	[aviˈɔn]
684	најдобриот	good	[najˈdɔbri(j)ɔt]
685	воздух	air	[ˈvɔzdux]
686	шеф	boss	[ʃɛf]
687	збогум	goodbye, farewell soon	[ˈzbɔɡum]
688	плаши	to scare, frighten	[ˈpɫaʃi]
689	слободно	freely	[ˈsɫɔbɔdnɔ]
690	одличен	great, excellent, outstanding	[ˈɔdlit͡ʃɛn]
691	виделе	plural imperfect/aorist l-participle of види	[ˈvidɛlɛ]
692	слободен	free	[ˈsɫɔbɔdɛn]
693	успее	to succeed, work out, manage	[ˈuspɛɛ]
694	видат	to see, look	[ˈvidat]
695	повик	call	[ˈpɔvik]
696	страшно	scarily, frightfully	[ˈstraʃnɔ]
697	прости	to excuse, forgive, pardon	[ˈprɔsti]
698	видела	indefinite plural	[ˈvidɛɫa]
699	подарок	gift, present	[ˈpɔdaɾɔk]
700	грижа	care, concern, worry	[ˈɡriʒa]
701	невозможно	impossibly	[nɛˈvɔzmɔʒnɔ]
702	глупаво	stupidly, inanely	[ˈɡɫupavɔ]
703	пиво	beer	[ˈpivɔ]
704	де	A particle expressing nonchalance, used to emphasize that…	[dɛ]
705	слично	similarly	[ˈslit͡ʃnɔ]
706	партнер	partner	[ˈpartnɛr]
707	херој	brave man, hero	[ˈxɛɾɔj]
708	личи	to resemble, look like	[ˈlit͡ʃi]
709	плати	salary, pay	[ˈpɫati]
710	среди	to take care of, arrange, deal with	[ˈsrɛdi]
711	седум	seven	[ˈsɛdum]
712	полошо	badly, poorly	[ˈpɔɫɔʃɔ]
713	стара	old	[ˈstaɾa]
714	почит	respect	[ˈpɔt͡ʃit]
715	близина	proximity, vicinity	[ˈblizina]
716	пречи	to disrupt, hinder	[ˈprɛt͡ʃi]
717	облека	clothing, clothes	[ˈɔblɛka]
718	состојба	state, condition	[ˈsɔstɔjba]
719	школо	school	[ʃˈkɔɫɔ]
720	друштво	company	[ˈdruʃtvɔ]
721	доцна	late	[ˈdɔt͡sna]
722	сврти	to turn	[ˈsvr̩ti]
723	едвај	hardly, barely	[ˈɛdvaj]
724	одговор	answer	[ˈɔdɡɔvɔr]
725	играме	to play	[ˈiɡramɛ]
726	брате	vocative singular of брат m	[ˈbratɛ]
727	прекрасен	wonderful, amazing, magnificent, delightful, excellent,…	[ˈprɛkrasɛn]
728	при	at, near, by	[pri]
729	жива	alive	[ˈʒiva]
730	метри	plural of метар m	[ˈmɛtri]
731	дупка	hole, cavity, gap	[ˈdupka]
732	играм	to play	[ˈiɡram]
733	ум	intellect, intelligence, mind, wit, brain	[um]
734	автомобил	automobile, car	[aftɔmɔˈbiɫ]
735	одмор	rest, repose	[ˈɔdmɔr]
736	зборуваше	to speak	[zbɔˈruvaʃɛ]
737	у	wow!	[u]
738	т	t	/t/
739	погоди	to hit	[ˈpɔɡɔdi]
740	виновен	guilty, culpable	[ˈvinɔvɛn]
741	момчиња	boy	[ˈmɔmt͡ʃiɲa]
742	извади	to pull out, take out	[ˈizvadi]
743	чудо	wonder, miracle	[ˈt͡ʃudɔ]
744	одлука	decision	[ˈɔdɫuka]
745	потребен	needed, necessary	[ˈpɔtrɛbɛn]
746	злато	gold	[ˈzɫatɔ]
747	несреќа	misfortune, trouble, disaster, mischief	[ˈnɛsrɛca]
748	мраз	ice	[mras]
749	претходно	previously	[ˈprɛtxɔdnɔ]
750	кучкин	bitch	[ˈkut͡ʃkin]
751	ѓубре	garbage, trash, litter	[ˈɟubrɛ]
752	војници	soldier	[ˈvɔjnit͡si]
753	купи	to buy, purchase	[ˈkupi]
754	животи	life	[ˈʒivɔti]
755	гледаат	to see	[ˈɡlɛdaat]
756	вети	to promise	[ˈvɛti]
757	изненадување	surprise	[iznɛnaˈduvaɲɛ]
758	разбрав	to understand, comprehend	[ˈrazbraf]
759	глас	voice	[ɡɫas]
760	некаков	some kind of, some type of	[ˈnɛkakɔf]
761	песна	song	[ˈpɛsna]
762	господи	vocative singular of Господ m	[ˈɡɔspɔdi]
763	пријателка	female friend, girlfriend	[priˈjatɛɫka]
764	праша	to ask	[ˈpraʃa]
765	стои	to stand	[ˈstɔi]
766	кучка	bitch	[ˈkut͡ʃka]
767	однесе	to take, carry	[ˈɔdnɛsɛ]
768	ене	there, there it is, there you are, voilà	/ˈæne̞/
769	наутро	in the morning	[ˈnautrɔ]
770	музика	music	[ˈmuzika]
771	смее	to be allowed	[ˈsmɛɛ]
772	десно	to the right	[ˈdɛsnɔ]
773	ситуација	situation	[situˈat͡si(j)a]
774	зборувате	to speak	[zbɔˈruvatɛ]
775	стан	flat, apartment	[stan]
776	последно	lastly	[ˈpɔslɛdnɔ]
777	фино	nicely, finely	[ˈfinɔ]
778	книгата	book	[ˈkniɡata]
779	повреди	to hurt, harm, injure	[ˈpɔvrɛdi]
780	станица	station, terminal	[ˈstanit͡sa]
781	досега	heretofore, so far, up until now	[ˈdɔsɛɡa]
782	опасно	dangerous	[ˈɔpasnɔ]
783	длабоко	deeply, profoundly	[ˈdɫabɔkɔ]
784	одговара	to answer, reply	[ɔdˈɡɔvaɾa]
785	опушти	to relax	[ˈɔpuʃti]
786	зависи	to depend	[ˈzavisi]
787	докази	proof, evidence	[ˈdɔkazi]
788	браќа	brother	[ˈbraca]
789	доказ	proof, evidence	[ˈdɔkas]
790	боб	bobsled	[bɔp]
791	повели	here you go, here you are	[ˈpɔvɛli]
792	апсолутно	absolutely	[apsɔˈɫutnɔ]
793	наредба	command, order	[ˈnaɾɛdba]
794	чекор	step	[ˈt͡ʃɛkɔr]
795	смета	to calculate	[ˈsmɛta]
796	почнува	to begin, initiate	[ˈpɔt͡ʃnuva]
797	готов	ready, prepared	[ˈɡɔtɔf]
798	коса	hair	[ˈkɔsa]
799	дознае	to find out, discover	[ˈdɔznaɛ]
800	чичко	uncle	[ˈt͡ʃit͡ʃkɔ]
801	чувство	feeling, sensation	[ˈt͡ʃufstvɔ]
802	совет	advice	[ˈsɔvɛt]
803	газот	unspecified definite singular of газ m	[ˈɡazɔt]
804	аха	uh-huh	[aˈxa]
805	разговор	talk, conversation	[ˈrazɡɔvɔr]
806	незнам	misspelling of не знам	[ˈnɛznam]
807	нозе	indefinite plural of нога f	[ˈnɔzɛ]
808	осум	eight	[ˈɔsum]
809	кратко	shortly	[ˈkratkɔ]
810	натера	to make, force	[ˈnatɛɾa]
811	сакале	to want, desire	[ˈsakalɛ]
812	излези	exit	[ˈizlɛzi]
813	зборуваат	to speak	[zbɔˈruvaat]
814	вино	wine	[ˈvinɔ]
815	контакт	contact	[ˈkɔntakt]
816	позиција	position	[pɔˈzit͡si(j)a]
817	натаму	thither	[ˈnatamu]
818	ослободи	to free, liberate	[ɔˈsɫɔbɔdi]
819	смени	to change, replace, swap	[ˈsmɛni]
820	животни	plural of животно n	[ˈʒivɔtni]
821	ма	Placed at the end of an utterance as an offensive…	[ma]
822	паметен	smart, clever	[ˈpamɛtɛn]
823	патување	journey, trip, travel, voyage	[paˈtuvaɲɛ]
824	нозете	unspecified definite plural of нога f	[ˈnɔzɛtɛ]
825	болка	pain	[ˈbɔɫka]
826	ручек	lunch	[ˈrut͡ʃɛk]
827	скрши	to break, fracture	[ˈskr̩ʃi]
828	заштита	protection	[ˈzaʃtita]
829	слики	image, picture, painting	[ˈsliki]
830	главен	main, chief, cardinal	[ˈɡɫavɛn]
831	тројца	three individuals, the three of us/you/them	[ˈtrɔjt͡sa]
832	среќно	happily, merrily	[ˈsrɛcnɔ]
833	млад	young	[mɫat]
834	капетан	captain, commander, master, skipper	[ˈkapɛtan]
835	трага	trail, trace	[ˈtraɡa]
836	движи	to move	[ˈdviʒi]
837	мозокот	unspecified definite singular of мозок m	[ˈmɔzɔkɔt]
838	душа	soul	[ˈduʃa]
839	наш	our, ours	[naʃ]
840	одеднаш	suddenly	[ˈɔdɛdnaʃ]
841	будала	fool	[ˈbudaɫa]
842	народ	people, nation	[ˈnaɾɔt]
843	функционира	to function	[fuŋkt͡si(j)ɔˈniɾa]
844	гледав	to see	[ˈɡlɛdaf]
845	твои	your, yours	[ˈtvɔi]
846	мисија	mission	[ˈmisi(j)a]
847	размисли	to think, ponder, mull, consider, linger	[ˈrazmisli]
848	добредојде	welcome	[dɔbˈrɛdɔjdɛ]
849	слатко	sweetly	[ˈsɫatkɔ]
850	иднина	future	[ˈidnina]
851	губи	to lose	[ˈɡubi]
852	напушти	to leave	[ˈnapuʃti]
853	зборував	to speak	[ˈzbɔɾuvaf]
854	надеж	hope	[ˈnadɛʃ]
855	близу	nearby, close by	[ˈblizu]
856	операција	operation	[ɔpɛˈrat͡si(j)a]
857	сериозен	serious	[sɛɾiˈɔzɛn]
858	гладен	hungry	[ˈɡɫadɛn]
859	месо	meat, flesh	[ˈmɛsɔ]
860	спијам	to sleep	[ˈspi(j)am]
861	наоѓа	to find	[ˈnaɔɟa]
862	загрижен	concerned, worried, disquieted	[ˈzaɡriʒɛn]
863	ниво	level	[niˈvɔ]
864	трае	to last	[ˈtraɛ]
865	неможам	misspelling of не можам	[ˈnɛmɔʒam]
866	маса	table	[ˈmasa]
867	спие	to sleep	[ˈspi(j)ɛ]
868	парче	piece	[ˈpart͡ʃɛ]
869	задржи	to detain, hold back, keep longer than expected, not release	[ˈzadr̩ʒi]
870	вина	guilt, fault	[ˈvina]
871	кучето	unspecified definite singular of куче n	[ˈkut͡ʃɛtɔ]
872	риба	fish	[ˈriba]
873	ѕидот	unspecified definite singular of ѕид m	[ˈd͡zidɔt]
874	зафатен	busy	[ˈzafatɛn]
875	лук	garlic	[ɫuk]
876	случајно	accidentally	[ˈsɫut͡ʃajnɔ]
877	фамилија	family	[faˈmili(j)a]
878	излез	exit	[ˈizlɛs]
879	убива	to kill	[ˈubiva]
880	полна	full	[ˈpɔɫna]
881	милион	million	[miliˈɔn]
882	разбра	to understand, comprehend	[ˈrazbra]
883	фер	fairly, justly, equitably	[fɛr]
884	болен	sick, ill	[ˈbɔlɛn]
885	шега	joke, jest	[ˈʃɛɡa]
886	пукај	to shoot, fire	[ˈpukaj]
887	убиен	to kill, murder	[ˈubi(j)ɛn]
888	војска	army	[ˈvɔjska]
889	желба	wish, desire	[ˈʒɛɫba]
890	задача	task, assignment	[ˈzadat͡ʃa]
891	поглед	look, gaze	[ˈpɔɡlɛt]
892	бори	to attack or beat in play	[ˈbɔɾi]
893	ха	ha	[xa]
894	бараше	to search, look for	[ˈbaɾaʃɛ]
895	обиди	try, attempt	[ˈɔbidi]
896	спиеш	to sleep	[ˈspi(j)ɛʃ]
897	скот	cattle, livestock	[skɔt]
898	однесува	to carry, take	[ɔdˈnɛsuva]
899	подобра	good	[ˈpɔdɔbra]
900	сопруга	wife, female spouse	[ˈsɔpruɡa]
901	височество	Highness	[viˈsɔt͡ʃɛstvɔ]
902	видено	to see, look	[ˈvidɛnɔ]
903	одма	immediately	[ˈɔdma]
904	силен	strong, powerful	[ˈsilɛn]
905	тишина	silence	[ˈtiʃina]
906	слобода	freedom, liberty	[ˈsɫɔbɔda]
907	добредојдовте	welcome	[dɔbrɛˈdɔjdɔftɛ]
908	чекаат	to wait, wait for, to await	[ˈt͡ʃɛkaat]
909	кутија	box	[ˈkuti(j)a]
910	брак	marriage, matrimony	[brak]
911	барав	to search, look for	[ˈbaɾaf]
912	слуша	to listen, hear	[ˈsɫuʃa]
913	повреден	to hurt, harm, injure	[ˈpɔvrɛdɛn]
914	магија	magic	[ˈmaɡi(j)a]
915	кур	dick, prick, cock	[kur]
916	енергија	energy	[ɛˈnɛrɡi(j)a]
917	проклет	cursed, damned	[ˈprɔklɛt]
918	помага	to assist, help, aid, support, give a hand	[ˈpɔmaɡa]
919	километри	plural of кило́метар m	[kiˈɫɔmɛtri]
920	свој	one's own	[svɔj]
921	долг	long, lengthy	[dɔɫk]
922	претседател	president	[prɛtˈsɛdatɛɫ]
923	ист	same	[ist]
924	камен	stone, rock	[ˈkamɛn]
925	потполно	fully, entirely	[ˈpɔtpɔɫnɔ]
926	имало	to have	[ˈimaɫɔ]
927	цена	price	[ˈt͡sɛna]
928	умира	to die	[ˈumiɾa]
929	приказни	story	[ˈprikazni]
930	украде	to steal	[ˈukradɛ]
931	мирно	peacefully, tranquilly	[ˈmirnɔ]
932	моли	to beseech, beg, implore, pray	[ˈmɔli]
933	викаше	to shout, yell	[ˈvikaʃɛ]
934	англиски	English	[ˈaŋɡliski]
935	судбина	fate, destiny	[ˈsudbina]
936	правилно	properly, correctly	[ˈpraviɫnɔ]
937	служба	service	[ˈsɫuʒba]
938	плус	plus	[pɫus]
939	храброст	bravery, courage, valour	[ˈxrabrɔst]
940	полн	full	[pɔɫn]
941	војник	soldier	[ˈvɔjnik]
942	информација	information	[iɱfɔrˈmat͡si(j)a]
943	јадење	to eat	[ˈjadɛɲɛ]
944	компанија	firm, company	[kɔmˈpani(j)a]
945	бел	white	[bɛɫ]
946	око	eye	[ˈɔkɔ]
947	излегува	to exit, go out, leave	[izˈlɛɡuva]
948	господин	mister, sir, Mr	[ˈɡɔspɔdin]
949	побара	to search, seek	[ˈpɔbaɾa]
950	меч	sword	[mɛt͡ʃ]
951	познат	known, familiar	[ˈpɔznat]
952	враќа	to give back	[ˈvraca]
953	правила	rule	[ˈpraviɫa]
954	останува	to remain, stay	[ɔˈstanuva]
955	најдобрите	good	[najˈdɔbritɛ]
956	поголема	big, large, great	[pɔˈɡɔlɛma]
957	бомба	bomb	[ˈbɔmba]
958	точка	point, dot	[ˈtɔt͡ʃka]
959	моментално	currently, at the moment, for the time being	[mɔmɛnˈtaɫnɔ]
960	имале	to have	[ˈimalɛ]
961	податоци	information, data	[pɔˈdatɔt͡si]
962	роден	to give birth to	[ˈrɔdɛn]
963	сеедно	whatever, all the same	[ˈsɛɛdnɔ]
964	коњ	horse	[kɔɲ]
965	косата	unspecified definite singular of коса f	[ˈkɔsata]
966	најмалку	at least	[ˈnajmaɫku]
967	тивко	quietly	[ˈtifkɔ]
968	директно	directly	[ˈdiɾɛktnɔ]
969	жртва	sacrifice	[ˈʒr̩tva]
970	батка	brother	[ˈbatka]
971	газ	bottom, buttocks, ass, anus	[ɡas]
972	уста	mouth	[ˈusta]
973	боговите	unspecified definite plural of бог m	[bɔˈɡɔvitɛ]
974	пијалок	drink, beverage	[ˈpi(j)aɫɔk]
975	мајко	vocative singular of мајка f	[ˈmajkɔ]
976	бегаме	to run away	[ˈbɛɡamɛ]
977	навечер	in the evening	[ˈnavɛt͡ʃɛr]
978	прашав	first-person singular imperfect/aorist of праша	[ˈpraʃaf]
979	дрво	a tree	[ˈdr̩vɔ]
980	чува	to keep, store	[ˈt͡ʃuva]
981	сметка	bill, receipt	[ˈsmɛtka]
982	јаде	to eat	[ˈjadɛ]
983	здравје	health	[ˈzdravjɛ]
984	јајца	plural of јајце n	[ˈjajt͡sa]
985	предаде	to betray	[ˈprɛdadɛ]
986	поголем	big, large, great	[ˈpɔɡɔlɛm]
987	имала	to have	[ˈimaɫa]
988	неволја	trouble, inconvenience	[ˈnɛvɔʎa]
989	секси	sexy	[ˈsɛksi]
990	важен	important	[ˈvaʒɛn]
991	единствено	only, just, solely	[ɛˈdinstvɛnɔ]
992	искуство	experience	[ˈiskustvɔ]
993	живо	alive	[ˈʒivɔ]
994	пријатно	pleasantly, pleasingly	[ˈpri(j)atnɔ]
995	шоу	show	[ˈʃɔu]
996	чист	clean, pure	[t͡ʃist]
997	курва	whore, prostitute	[ˈkurva]
998	доколку	if, provided, as long as	[ˈdɔkɔɫku]
999	боја	color	[ˈbɔja]
1000	нож	knife	[nɔʃ]
1001	мислење	to think, ponder	[ˈmislɛɲɛ]
1002	чај	tea	[t͡ʃaj]
1003	падне	to fall	[ˈpadnɛ]
1004	барате	to search, look for	[ˈbaɾatɛ]
1005	планета	planet	[pɫaˈnɛta]
1006	детектив	detective	[dɛtɛkˈtif]
1007	најдоброто	good	[najˈdɔbrɔtɔ]
1008	вест	news	[vɛst]
1009	казна	punishment	[ˈkazna]
1010	стил	style	[stiɫ]
1011	животно	animal	[ˈʒivɔtnɔ]
1012	пристап	approach	[ˈpristap]
1013	ебено	to fuck, screw	[ˈɛbɛnɔ]
1014	продавница	shop, store	[prɔˈdavnit͡sa]
1015	клуб	club	[kɫup]
1016	тест	father-in-law	[tɛst]
1017	писмо	letter	[ˈpismɔ]
1018	видовте	to see, look	[ˈvidɔftɛ]
1019	опасен	dangerous, perilous, risky	[ˈɔpasɛn]
1020	полицајци	indefinite plural of полица́ец	[pɔliˈt͡sajt͡si]
1021	кучиња	dog	[ˈkut͡ʃiɲa]
1022	ладно	coldly	[ˈɫadnɔ]
1023	мозок	brain	[ˈmɔzɔk]
1024	имиња	name	[ˈimiɲa]
1025	дени	deni; a subdivision of currency, equal to 0.01 Macedonian…	[ˈdɛni]
1026	лут	angry, mad	[ɫut]
1027	богатство	wealth, riches	[ˈbɔɡatstvɔ]
1028	делови	part	[ˈdɛɫɔvi]
1029	тежок	heavy, weighty, ponderous, elephantine	[ˈtɛʒɔk]
1030	гледајте	to see	[ˈɡlɛdajtɛ]
1031	книги	book	[ˈkniɡi]
1032	реши	to decide	[ˈrɛʃi]
1033	единствен	sole, only	[ˈɛdinstvɛn]
1034	тера	to force, compel	[ˈtɛɾa]
1035	безбедност	safety, security	[ˈbɛzbɛdnɔst]
1036	одговорен	to answer, reply	[ɔdˈɡɔvɔɾɛn]
1037	акција	action	[ˈakt͡si(j)a]
1038	тетка	aunt	[ˈtɛtka]
1039	никаков	no kind of, no type of	[ˈnikakɔf]
1040	такси	taxi, cab	[ˈtaksi]
1041	намера	intention	[ˈnamɛɾa]
1042	почне	to start, begin, commence	[ˈpɔt͡ʃnɛ]
1043	возот	unspecified definite singular of воз m	[ˈvɔzɔt]
1044	прашај	to ask	[ˈpraʃaj]
1045	грб	back	[ɡr̩p]
1046	стигне	to arrive	[ˈstiɡnɛ]
1047	куп	pile, heap	[kup]
1048	запали	to ignite, set ablaze, set alight	[ˈzapali]
1049	искрен	honest, sincere, straightforward, genuine, real, frank,…	[ˈiskrɛn]
1050	наредби	command, order	[ˈnaɾɛdbi]
1051	историја	history	[isˈtɔɾi(j)a]
1052	роб	slave	[rɔp]
1053	патем	by the way	[ˈpatɛm]
1054	армија	army, military	[ˈarmi(j)a]
1055	рано	early	[ˈranɔ]
1056	машина	machine	[ˈmaʃina]
1057	награда	award, reward	[ˈnaɡrada]
1058	ваков	this kind of, this type of	[ˈvakɔf]
1059	сигнал	signal	[siˈɡnaɫ]
1060	карта	map	[ˈkarta]
1061	промена	change, alteration	[ˈprɔmɛna]
1062	просто	simply, plainly, just	[ˈprɔstɔ]
1063	лос	moose, elk	[ɫɔs]
1064	поминав	to pass, elapse	[ˈpɔminaf]
1065	вујко	uncle	[ˈvujkɔ]
1066	разбереш	to understand, comprehend	[ˈrazbɛɾɛʃ]
1067	извештај	account, report	[ˈizvɛʃtaj]
1068	жртви	sacrifice	[ˈʒr̩tvi]
1069	центар	centre	[ˈt͡sɛntar]
1070	вкус	taste	[fkus]
1071	оти	why	[ˈɔti]
1072	член	member	[t͡ʃlɛn]
1073	зграда	building	[ˈzɡrada]
1074	одбрана	defense	[ˈɔdbrana]
1075	единица	unit	[ɛˈdinit͡sa]
1076	прашуваш	to ask	[ˈpraʃuvaʃ]
1077	припаѓа	to belong	[ˈpripaɟa]
1078	сладок	sweet	[ˈsɫadɔk]
1079	мириса	to smell	[ˈmiɾisa]
1080	видовме	to see, look	[ˈvidɔvmɛ]
1081	светлина	light, brightness	[ˈsvɛtlina]
1082	дело	work, deed, act	[ˈdɛɫɔ]
1083	ваква	this kind of, this type of	[ˈvakva]
1084	серко	a person who defecates frequently	[ˈsɛrkɔ]
1085	рок	due date	[rɔk]
1086	трчај	to run	[ˈtr̩t͡ʃaj]
1087	светло	lightly, brightly	[ˈsvɛtɫɔ]
1088	север	north	[ˈsɛvɛr]
1089	никому	nobody, no one	[ˈnikɔmu]
1090	гас	gas	[ɡas]
1091	прифати	to accept	[ˈprifati]
1092	адам	infertility	[ˈadam]
1093	онака	that way, thus	[ˈɔnaka]
1094	проба	rehearsal	[ˈprɔba]
1095	хотел	hotel	[ˈxɔtɛɫ]
1096	непријатели	enemy	[nɛpriˈjatɛli]
1097	закон	law	[ˈzakɔn]
1098	држава	state, country	[ˈdr̩ʒava]
1099	јазик	tongue	[ˈjazik]
1100	времиња	time	[ˈvrɛmiɲa]
1101	свои	one's own	[ˈsvɔi]
1102	корист	benefit, advantage, use	[ˈkɔɾist]
1103	едни	one	[ˈɛdni]
1104	куршум	bullet	[ˈkurʃum]
1105	али	monster	[ˈali]
1106	бегајте	to run away	[ˈbɛɡajtɛ]
1107	траги	trail, trace	[ˈtraɡi]
1108	замине	to leave, depart	[ˈzaminɛ]
1109	дама	lady	[ˈdama]
1110	сево	entire, whole, all	[ˈsɛvɔ]
1111	мажот	man	[ˈmaʒɔt]
1112	менува	to change, alter	[ˈmɛnuva]
1113	исклучи	to turn off, disactivate	[ˈiskɫut͡ʃi]
1114	суд	court	[sut]
1115	поинаку	otherwise, differently	[pɔˈinaku]
1116	ѕвезда	star	[ˈd͡zvɛzda]
1117	стража	guard, watch	[ˈstraʒa]
1118	спрема	toward	[ˈsprɛma]
1119	замисли	to imagine, think of	[ˈzamisli]
1120	ногата	unspecified definite singular of нога f	[ˈnɔɡata]
1121	права	right, proper	[ˈprava]
1122	бар	at least	[bar]
1123	особено	especially, particularly	[ɔˈsɔbɛnɔ]
1124	петок	Friday	[ˈpɛtɔk]
1125	кралица	queen	[ˈkralit͡sa]
1126	црна	black	[ˈt͡sr̩na]
1127	планови	plan	[ˈpɫanɔvi]
1128	парк	park	[park]
1129	сили	force	[ˈsili]
1130	должност	duty	[ˈdɔɫʒnɔst]
1131	врти	to turn	[ˈvr̩ti]
1132	недостасува	to lack, be missing/absent	[nɛdɔˈstasuva]
1133	ким	caraway, cumin	[kim]
1134	високо	high	[ˈvisɔkɔ]
1135	искористи	to use	[isˈkɔɾisti]
1136	интернет	Internet	[ˈintɛrnɛt]
1137	победа	victory	[ˈpɔbɛda]
1138	прашував	to ask	[ˈpraʃuvaf]
1139	нога	leg	[ˈnɔɡa]
1140	рик	roar	[rik]
1141	малечок	little, small	[ˈmalɛt͡ʃɔk]
1142	доведе	to bring	[ˈdɔvɛdɛ]
1143	брза	fast, quick, rapid	[ˈbr̩za]
1144	сведок	witness	[ˈsvɛdɔk]
1145	оче	eye	[ˈɔt͡ʃɛ]
1146	простор	space	[ˈprɔstɔr]
1147	ставиш	to put, place	[ˈstaviʃ]
1148	објасни	to explain, explicate	[ˈɔbjasni]
1149	чудовиште	monster	[t͡ʃuˈdɔviʃtɛ]
1150	одлучи	to decide, resolve	[ˈɔdɫut͡ʃi]
1151	закана	threat	[ˈzakana]
1152	чуден	strange, peculiar, weird, odd, unusual	[ˈt͡ʃudɛn]
1153	притисок	pressure	[ˈpritisɔk]
1154	сета	entire, whole, all	[ˈsɛta]
1155	крие	to hide, conceal	[ˈkri(j)ɛ]
1156	пар	pair, couple	[par]
1157	лага	lie	[ˈɫaɡa]
1158	брзина	speed, velocity	[ˈbr̩zina]
1159	мажите	man	[ˈmaʒitɛ]
1160	причини	cause, reason	[ˈprit͡ʃini]
1161	карти	map	[ˈkarti]
1162	радио	radio	[ˈradi(j)ɔ]
1163	девет	nine	[ˈdɛvɛt]
1164	потег	move, movement	[ˈpɔtɛk]
1165	кретен	cretin, idiot	[krɛˈtɛn]
1166	натпревар	match	[ˈnatprɛvar]
1167	колеџ	college	[ˈkɔlɛt͡ʃ]
1168	чувства	feeling, sensation	[ˈt͡ʃufstva]
1169	носот	nose	[ˈnɔsɔt]
1170	најдобра	good	[ˈnajdɔbra]
1171	добива	to get, obtain, receive	[ˈdɔbiva]
1172	најдобрата	good	[najˈdɔbrata]
1173	водам	to lead, guide	[ˈvɔdam]
1174	господар	master, lord	[ˈɡɔspɔdar]
1175	покажува	to show, point out, illustrate	[pɔˈkaʒuva]
1176	основа	base, basis	[ˈɔsnɔva]
1177	горд	proud	[ɡɔrt]
1178	филмот	unspecified definite singular of филм m	[ˈfiɫmɔt]
1179	најдобри	good	[ˈnajdɔbri]
1180	ал	nonstandard form of дали	/al/
1181	непријател	enemy	[nɛˈpri(j)atɛɫ]
1182	суштество	creature, being	[ˈsuʃtɛstvɔ]
1183	викенд	weekend	[ˈvikɛnt]
1184	обезбедување	security	[ɔbɛzbɛˈduvaɲɛ]
1185	океј	okay	[ɔˈkɛj]
1186	негов	his, its	[ˈnɛɡɔf]
1187	издржи	to endure, bear, cope	[ˈizdr̩ʒi]
1188	гости	to treat guests with hospitality by giving them lots of food	[ˈɡɔsti]
1189	лаже	to lie, tell lies	[ˈɫaʒɛ]
1190	ваш	your, yours	[vaʃ]
1191	гомно	shit, usually human	[ˈɡɔmnɔ]
1192	сол	salt	[sɔɫ]
1193	документи	document	[dɔkuˈmɛnti]
1194	силно	strongly, powerfully, mightily, hard	[ˈsiɫnɔ]
1195	случаи	case, situation	[ˈsɫut͡ʃai]
1196	повика	to call, summon, invoke	[ˈpɔvika]
1197	клуч	key	[kɫut͡ʃ]
1198	подобри	good	[ˈpɔdɔbri]
1199	битка	battle, fight	[ˈbitka]
1200	долга	long, lengthy	[ˈdɔɫɡa]
1201	запомни	to remember	[ˈzapɔmni]
1202	остров	island	[ˈɔstrɔf]
1203	девојко	vocative singular of девојка f	[ˈdɛvɔjkɔ]
1204	море	sea	[ˈmɔɾɛ]
1205	џин	giant	[d͡ʒin]
1206	совршен	perfect, flawless	[ˈsɔvr̩ʃɛn]
1207	внимателен	careful, cautious	[vniˈmatɛlɛn]
1208	клиент	client	[kliˈɛnt]
1209	кат	corner	[kat]
1210	заштити	to protect, shield	[ˈzaʃtiti]
1211	завршува	to end, cease	[zaˈvr̩ʃuva]
1212	банка	bank	[ˈbaŋka]
1213	паѓа	to fall	[ˈpaɟa]
1214	телевизија	television	[tɛlɛˈvizi(j)a]
1215	млеко	milk	[ˈmlɛkɔ]
1216	сабота	Saturday	[ˈsabɔta]
1217	втор	second	[ftɔr]
1218	итно	urgently	[ˈitnɔ]
1219	тате	dad, daddy	[ˈtatɛ]
1220	престане	to stop, cease	[ˈprɛstanɛ]
1221	понуда	offer	[ˈpɔnuda]
1222	тргне	to set off, get going, begin a trip	[ˈtr̩ɡnɛ]
1223	заби	tooth	[ˈzabi]
1224	камера	camera	[ˈkamɛɾa]
1225	црн	black	[t͡sr̩n]
1226	однесување	to carry, take	[ɔdnɛˈsuvaɲɛ]
1227	спиење	to sleep	[ˈspi(j)ɛɲɛ]
1228	движење	to move	[ˈdviʒɛɲɛ]
1229	минато	past	[ˈminatɔ]
1230	волт	volt	[vɔɫt]
1231	сакаа	to want, desire	[ˈsakaa]
1232	милост	mercy	[ˈmiɫɔst]
1233	оттука	hence	[ˈɔttuka]
1234	куршуми	bullet	[ˈkurʃumi]
1235	црква	church	[ˈt͡sr̩kva]
1236	претвори	to convert, transform	[ˈprɛtvɔɾi]
1237	ставиме	to put, place	[ˈstavimɛ]
1238	женски	in a female way	[ˈʒɛnski]
1239	паметно	smartly, cleverly, intelligently	[ˈpamɛtnɔ]
1240	средба	meeting, encounter	[ˈsrɛdba]
1241	фил	glazing, coating, topping	[fiɫ]
1242	одговорност	responsibility	[ɔdˈɡɔvɔrnɔst]
1243	лежи	to lie	[ˈlɛʒi]
1244	видео	video	[ˈvidɛɔ]
1245	фустан	dress	[ˈfustan]
1246	покаже	to show, indicate, point	[ˈpɔkaʒɛ]
1247	решение	solution	[rɛˈʃɛni(j)ɛ]
1248	слатка	sweet	[ˈsɫatka]
1249	агенти	agent	[aˈɡɛnti]
1250	разговара	to converse, chat	[razˈɡɔvaɾa]
1251	код	code	[kɔt]
1252	база	base	[ˈbaza]
1253	другари	friend, fellow, buddy	[ˈdruɡaɾi]
1254	пронајде	to find, discover	[ˈprɔnajdɛ]
1255	кожа	skin	[ˈkɔʒa]
1256	цели	goal, aim	[ˈt͡sɛli]
1257	игри	game	[ˈiɡri]
1258	американски	American	[amɛˈrikanski]
1259	натпреварот	unspecified definite singular of натпревар m	[natˈprɛvaɾɔt]
1260	пиеш	to drink	[ˈpi(j)ɛʃ]
1261	топло	warmly	[ˈtɔpɫɔ]
1262	болест	illness, disease, sickness, malady, ailment	[ˈbɔlɛst]
1263	снема	to run out, be depleted	[ˈsnɛma]
1264	оглед	test, experiment	[ˈɔɡlɛt]
1265	втора	second	[ˈftɔɾa]
1266	волја	will, volition	[ˈvɔʎa]
1267	пијан	drunk, drunken	[ˈpi(j)an]
1268	воз	train	[vɔs]
1269	задник	buttocks, bottom, butt	[ˈzadnik]
1270	чувствува	to feel, sense	[ˈt͡ʃufstvuva]
1271	одвратно	disgustingly, repulsively, abhorrently	[ˈɔdvratnɔ]
1272	екипа	team, crew	[ɛˈkipa]
1273	различно	differently	[ˈrazlit͡ʃnɔ]
1274	онаму	over there, yonder	[ˈɔnamu]
1275	круг	circle	[kruk]
1276	прашаш	to ask	[ˈpraʃaʃ]
1277	опрема	equipment	[ˈɔprɛma]
1278	женска	woman, women	[ˈʒɛnska]
1279	поле	field	[ˈpɔlɛ]
1280	форма	form	[ˈfɔrma]
1281	човечки	humanly, humanely	[ˈt͡ʃɔvɛt͡ʃki]
1282	камион	truck	[kamiˈɔn]
1283	правило	rule	[ˈpraviɫɔ]
1284	одмазда	revenge	[ˈɔdmazda]
1285	прстен	digital	[ˈpr̩stɛn]
1286	лет	flight	[lɛt]
1287	секаде	everywhere	[ˈsɛkadɛ]
1288	средно	to an intermediate degree	[ˈsrɛdnɔ]
1289	хм	hmm, hum	[xm̩]
1290	брус	whetstone	[brus]
1291	исток	east	[ˈistɔk]
1292	хартија	paper	[ˈxarti(j)a]
1293	посебен	special	[ˈpɔsɛbɛn]
1294	работел	to work, labour	[ˈrabɔtɛɫ]
1295	картичка	card	[ˈkartit͡ʃka]
1296	мрази	to hate, loathe, resent, detest	[ˈmrazi]
1297	чевли	shoe	[ˈt͡ʃɛvli]
1298	доверба	trust, faith	[ˈdɔvɛrba]
1299	ставив	to put, place	[ˈstavif]
1300	мачка	cat	[ˈmat͡ʃka]
1301	велите	to say	[ˈvɛlitɛ]
1302	генерал	general	[ɡɛnɛˈraɫ]
1303	ебен	to fuck, screw	[ˈɛbɛn]
1304	добрите	good	[ˈdɔbritɛ]
1305	надолу	downward	[ˈnadɔɫu]
1306	гради	chest	[ˈɡradi]
1307	пијам	to drink	[ˈpi(j)am]
1308	настрана	sideways, aside, to the side	[ˈnastrana]
1309	они	they	[ˈɔni]
1310	нервозен	upset, irritated, ill-tempered, angry	[ˈnɛrvɔzɛn]
1311	поправи	to fix, repair, mend	[ˈpɔpravi]
1312	духови	ghost	[ˈduxɔvi]
1313	однесуваш	to carry, take	[ɔˈdnɛsuvaʃ]
1314	очекува	to expect, await	[ɔˈt͡ʃɛkuva]
1315	грешки	mistake, error	[ˈɡrɛʃki]
1316	враќање	to give back	[ˈvracaɲɛ]
1317	замена	substitute, substitution	[ˈzamɛna]
1318	ставете	to put, place	[ˈstavɛtɛ]
1319	гледаше	to see	[ˈɡlɛdaʃɛ]
1320	заслужува	to deserve	[zaˈsɫuʒuva]
1321	досие	file, dossier	[dɔsiˈɛ]
1322	играат	to play	[ˈiɡraat]
1323	обичен	usual, ordinary	[ˈɔbit͡ʃɛn]
1324	посета	visit	[ˈpɔsɛta]
1325	подготви	to prepare	[ˈpɔdɡɔtvi]
1326	јазикот	unspecified definite singular of јазик m	[ˈjazikɔt]
1327	втората	second	[ˈftɔɾata]
1328	никако	nohow	[ˈnikakɔ]
1329	слава	fame	[ˈsɫava]
1330	поминува	to pass, elapse	[pɔˈminuva]
1331	страни	side	[ˈstrani]
1332	ангел	angel	[ˈaŋɡɛɫ]
1333	влегува	to enter	[ˈvlɛɡuva]
1334	лица	face	[ˈlit͡sa]
1335	правец	direction	[ˈpravɛt͡s]
1336	останат	to stay, remain	[ˈɔstanat]
1337	слушне	to hear	[ˈsɫuʃnɛ]
1338	помисли	to think of, have the idea	[ˈpɔmisli]
1339	сфати	to realise, figure out	[ˈsfati]
1340	епизода	episode	[ɛpiˈzɔda]
1341	повтори	to repeat, reiterate, redo	[ˈpɔftɔɾi]
1342	започнува	to commence, start	[zaˈpɔt͡ʃnuva]
1343	компјутер	computer	[kɔmˈpjutɛr]
1344	век	century	[vɛk]
1345	село	village	[ˈsɛɫɔ]
1346	оддел	division, department	[ˈɔddɛɫ]
1347	сред	in the middle of, amid	[srɛt]
1348	полни	to fill	[ˈpɔɫni]
1349	истрага	inquiry, investigation	[ˈistraɡa]
1350	суштества	creature, being	[suʃˈtɛstva]
1351	поздрави	to greet, salute	[ˈpɔzdravi]
1352	кина	cinema, movies	[ˈkina]
1353	погрешен	wrong, incorrect, erroneous	[ˈpɔɡrɛʃɛn]
1354	изјава	declaration, statement	[ˈizjava]
1355	исплашен	to scare	[ˈispɫaʃɛn]
1356	сезона	season	[sɛˈzɔna]
1357	топка	ball	[ˈtɔpka]
1358	идеи	idea	[iˈdɛi]
1359	прав	dust	[praf]
1360	област	district, region, area	[ˈɔbɫast]
1361	величество	Majesty	[vɛˈlit͡ʃɛstvɔ]
1362	изненаден	sudden, abrupt, surprising	[izˈnɛnadɛn]
1363	затворен	to imprison, jail, lock up, incarcerate	[ˈzatvɔɾɛn]
1364	гомна	shit	[ˈɡɔmna]
1365	засега	for the time being, for now	[ˈzasɛɡa]
1366	фали	to praise, laud	[ˈfali]
1367	обид	try, attempt	[ˈɔbit]
1368	запре	to stop	[ˈzaprɛ]
1369	преживее	to survive	[prɛˈʒivɛɛ]
1370	трева	grass	[ˈtrɛva]
1371	чувството	feeling, sensation	[ˈt͡ʃufstvɔtɔ]
1372	попладне	in the afternoon	[ˈpɔpɫadnɛ]
1373	рој	swarm	[rɔj]
1374	невин	innocent	[ˈnɛvin]
1375	програма	programme	[ˈprɔɡrama]
1376	класа	class	[ˈkɫasa]
1377	прием	reception	[ˈpri(j)ɛm]
1378	алкохол	alcohol	[ˈaɫkɔxɔɫ]
1379	зборувавме	to speak	[zbɔˈruvavmɛ]
1380	разберам	to understand, comprehend	[ˈrazbɛɾam]
1381	м	m	/matɛ/
1382	волку	wolf	[ˈvɔɫku]
1383	претстава	performance	[ˈprɛtstava]
1384	роди	to give birth to	[ˈrɔdi]
1385	сто	hundred	[stɔ]
1386	геј	gay, homosexual	[ɡɛj]
1387	црно	in black	[ˈt͡sr̩nɔ]
1388	птица	bird	[ˈptit͡sa]
1389	мобилен	mobile	[ˈmɔbilɛn]
1390	прилика	opportunity, chance	[ˈprilika]
1391	тоалет	toilet	[tɔaˈlɛt]
1392	кому	who	[ˈkɔmu]
1393	пауза	pause	[ˈpauza]
1394	качи	to take to a higher level, place on a higher surface	[ˈkat͡ʃi]
1395	лек	medication	[lɛk]
1396	црвено	in red	[ˈt͡sr̩vɛnɔ]
1397	сакавме	to want, desire	[ˈsakavmɛ]
1398	сонце	sun	[ˈsɔnt͡sɛ]
1399	мирен	calm, still	[ˈmiɾɛn]
1400	двата	two	[ˈdvata]
1401	влез	entrance, ingress	[vlɛs]
1402	недостига	to lack, be missing/absent	[nɛˈdɔstiɡa]
1403	нормален	normal, standard	[ˈnɔrmalɛn]
1404	богат	rich, wealthy	[ˈbɔɡat]
1405	обработка	processing, working	[ɔbˈrabɔtka]
1406	запад	west	[ˈzapat]
1407	слаб	weak, effete, feeble, puny	[sɫap]
1408	бери	to collect	[ˈbɛɾi]
1409	сведоци	witness	[ˈsvɛdɔt͡si]
1410	цврсто	firmly, hard, fast	[ˈt͡svr̩stɔ]
1411	шише	bottle	[ˈʃiʃɛ]
1412	адреса	address	[ˈadrɛsa]
1413	пукајте	to shoot, fire	[ˈpukajtɛ]
1414	започне	to commence, start	[ˈzapɔt͡ʃnɛ]
1415	говор	speech	[ˈɡɔvɔr]
1416	извлече	to pull out, draw	[ˈizvlɛt͡ʃɛ]
1417	брз	fast, quick, rapid	[br̩s]
1418	нагоре	upward	[ˈnaɡɔɾɛ]
1419	смешен	funny, ridiculous	[ˈsmɛʃɛn]
1420	отворено	openly, candidly	[ɔˈtvɔɾɛnɔ]
1421	предвид	in mind, in consideration	[ˈprɛdvit]
1422	понеделник	Monday	[pɔˈnɛdɛɫnik]
1423	срам	shame, embarrassment	[sram]
1424	мрежа	net	[ˈmrɛʒa]
1425	нарече	to call	[ˈnaɾɛt͡ʃɛ]
1426	честитки	congratulations	[ˈt͡ʃɛstitki]
1427	бродови	ship	[ˈbrɔdɔvi]
1428	јавува	to convey	[ˈjavuva]
1429	тек	current, flow, course, stream	[tɛk]
1430	викај	to shout, yell	[ˈvikaj]
1431	кариера	career	[kaɾiˈɛɾa]
1432	гори	to burn, be on fire	[ˈɡɔɾi]
1433	одново	anew, again	[ˈɔdnɔvɔ]
1434	чаша	glass	[ˈt͡ʃaʃa]
1435	следно	next	[ˈslɛdnɔ]
1436	трик	trick	[trik]
1437	правда	justice	[ˈpravda]
1438	лов	hunt	[ɫɔf]
1439	врски	connection, link	[ˈvr̩ski]
1440	автобус	bus	[aftɔˈbus]
1441	ла	la, A	[ɫa]
1442	познава	to know	[ˈpɔznava]
1443	следен	to follow, tail	[ˈslɛdɛn]
1444	бегство	escape, flight	[ˈbɛkstvɔ]
1445	барање	puddle	[ˈbaɾaɲɛ]
1446	второ	secondly	[ˈftɔɾɔ]
1447	вторник	Tuesday	[ˈftɔrnik]
1448	поддршка	help, support	[ˈpɔddr̩ʃka]
1449	бакнеж	kiss	[ˈbaknɛʃ]
1450	досадно	boringly, tediously	[ˈdɔsadnɔ]
1451	експлодира	to explode	[ɛkspɫɔˈdiɾa]
1452	салата	salad	[ˈsaɫata]
1453	парчиња	piece	[ˈpart͡ʃiɲa]
1454	камери	camera	[ˈkamɛɾi]
1455	тотално	totally, utterly	[ˈtɔtaɫnɔ]
1456	кас	trot	[kas]
1457	бргу	quickly	[ˈbr̩ɡu]
1458	илјада	thousand	[ˈiʎada]
1459	нејзе	Long indirect object form of таа	[ˈnɛjzɛ]
1460	висок	tall	[ˈvisɔk]
1461	групата	unspecified definite singular of група f	[ˈɡrupata]
1462	заќути	to fall silent, stop speaking	[ˈzacuti]
1463	ѕид	wall	[d͡zit]
1464	имот	property, estate	[ˈimɔt]
1465	саат	clock	[saːt]
1466	црвена	gules	[ˈt͡sr̩vɛna]
1467	викнам	to cry, shout	[ˈviknam]
1468	идиоти	idiot	[idiˈɔti]
1469	првпат	for the first time	[ˈpr̩fpat]
1470	крадец	thief	[ˈkradɛt͡s]
1471	листа	list	[ˈlista]
1472	пораки	message	[ˈpɔɾaki]
1473	вампир	vampire	[ˈvampir]
1474	чисти	to clean	[ˈt͡ʃisti]
1475	водач	guide	[ˈvɔdat͡ʃ]
1476	список	list	[ˈspisɔk]
1477	звук	sound	[zvuk]
1478	ди	giddyup, gee up, gee; move forward; go faster	[di]
1479	мета	target	[ˈmɛta]
1480	зона	zone	[ˈzɔna]
1481	колена	knee	[ˈkɔlɛna]
1482	лета	to fly	[ˈlɛta]
1483	заебан	fucked up	[ˈzaɛban]
1484	потрага	search, quest	[ˈpɔtraɡa]
1485	зло	evil, wickedness, malice	[zɫɔ]
1486	км	km	
1487	пиење	to drink	[ˈpi(j)ɛɲɛ]
1488	заинтересиран	interested	[zaintɛɾɛˈsiɾan]
1489	понуди	offer	[ˈpɔnudi]
1490	безбеден	safe, secure	[ˈbɛzbɛdɛn]
1491	влада	government	[ˈvɫada]
1492	глуп	stupid, idiotic	[ɡɫup]
1493	фин	kind, nice	[fin]
1494	ресторан	restaurant	[rɛstɔˈran]
1495	лажго	liar	[ˈɫaʒɡɔ]
1496	глупост	stupidity, nonsense, foolishness, foolery	[ˈɡɫupɔst]
1497	сети	to sense, detect	[ˈsɛti]
1498	принц	prince	[print͡s]
1499	чија	chia	[ˈt͡ʃi(j)a]
1500	молчи	to be silent, keep quiet	[ˈmɔɫt͡ʃi]
1501	загуби	to lose	[ˈzaɡubi]
1502	дебел	thick	[ˈdɛbɛɫ]
1503	амин	amen	[ˈamin]
1504	предизвика	to challenge	[prɛˈdizvika]
1505	огромен	huge, tremendous, vast, gigantic, immense	[ˈɔɡrɔmɛn]
1506	мачи	to torture, torment	[ˈmat͡ʃi]
1507	неверојатен	improbable, unlikely	[nɛvɛˈrɔjatɛn]
1508	локација	location	[ɫɔˈkat͡si(j)a]
1509	шо	what, alternative form of што	[ʃɔ]
1510	филмови	film, strip	[ˈfiɫmɔvi]
1511	возење	to drive	[ˈvɔzɛɲɛ]
1512	старо	old, in an old manner	[ˈstaɾɔ]
1513	фантастично	fantastically	[fanˈtastit͡ʃnɔ]
1514	гол	naked, nude	[ɡɔɫ]
1515	извор	spring	[ˈizvɔr]
1516	бегаш	to run away	[ˈbɛɡaʃ]
1517	торба	bag	[ˈtɔrba]
1518	струја	electricity	[ˈstruja]
1519	лето	summer, summertime	[ˈlɛtɔ]
1520	сѐ	increasingly	[sɛ]
1521	лута	to roam, wander	[ˈɫuta]
1522	теорија	theory	[tɛˈɔɾi(j)a]
1523	играч	player	[ˈiɡrat͡ʃ]
1524	придружи	to accompany	[ˈpridruʒi]
1525	судија	judge	[ˈsudi(j)a]
1526	сцена	scene	[ˈst͡sɛna]
1527	стапица	trap	[ˈstapit͡sa]
1528	пушка	rifle, gun	[ˈpuʃka]
1529	пријатен	pleasant, nice, agreeable	[ˈpri(j)atɛn]
1530	кол	stake, post, spike, picket	[kɔɫ]
1531	жешко	hotly	[ˈʒɛʃkɔ]
1532	период	period	[pɛɾiˈɔt]
1533	продаде	to sell	[ˈprɔdadɛ]
1534	пие	to drink	[ˈpi(j)ɛ]
1535	однос	relationship, relation	[ˈɔdnɔs]
1536	убиваат	to kill	[uˈbivaat]
1537	рак	crab	[rak]
1538	чесен	honest	[ˈt͡ʃɛsɛn]
1539	пица	pizza	[ˈpit͡sa]
1540	воен	war	[ˈvɔɛn]
1541	отказ	resignation	[ˈɔtkas]
1542	вклучи	to turn on, activate	[ˈfkɫut͡ʃi]
1543	глупак	idiot, fool, simpleton, stupid person	[ˈɡɫupak]
1544	задоволен	satisfied, content	[zaˈdɔvɔlɛn]
1545	стотици	hundred	[ˈstɔtit͡si]
1546	проклета	cursed, damned	[ˈprɔklɛta]
1547	шампион	champion	[ʃampiˈɔn]
1548	гориво	fuel	[ˈɡɔɾivɔ]
1549	храбар	bold, courageous, brave, daring, valiant, gallant	[ˈxrabar]
1550	предност	advantage	[ˈprɛdnɔst]
1551	кал	mud	[kaɫ]
1552	забави	to slow down	[ˈzabavi]
1553	поздрав	bye	[ˈpɔzdraf]
1554	намести	to put, place, position, set up	[ˈnamɛsti]
1555	педер	homosexual, gay male, fag, faggot	[ˈpɛdɛr]
1556	контролира	to control	[kɔntrɔˈliɾa]
1557	пука	to shoot, fire	[ˈpuka]
1558	души	to choke, asphyxiate, smother	[ˈduʃi]
1559	сигурност	certainty, surety	[ˈsiɡurnɔst]
1560	сопре	to stop, prevent	[ˈsɔprɛ]
1561	насмевка	smile	[ˈnasmɛfka]
1562	крив	guilty	[krif]
1563	претставува	to present, represent	[prɛtˈstavuva]
1564	предлагам	to suggest, propose	[ˈprɛdɫaɡam]
1565	налог	warrant	[ˈnaɫɔk]
1566	самоубиство	suicide	[samɔˈubistvɔ]
1567	отворен	to open	[ˈɔtvɔɾɛn]
1568	хаос	how chaotic, what a mess	[ˈxaɔs]
1569	расте	to grow	[ˈrastɛ]
1570	плаќа	to pay	[ˈpɫaca]
1571	полноќ	midnight	[ˈpɔɫnɔc]
1572	разбере	to understand, comprehend	[ˈrazbɛɾɛ]
1573	уживај	no worries, don't worry about it, don't mention it, nothing…	[uˈʒivaj]
1574	делува	to appear, seem	[ˈdɛɫuva]
1575	абе	hey	[ˈabɛ]
1576	предупредување	warning, monition	[prɛduprɛˈduvaɲɛ]
1577	спречи	to prevent, forestall	[ˈsprɛt͡ʃi]
1578	први	first	[ˈpr̩vi]
1579	допре	to touch	[ˈdɔprɛ]
1580	плата	salary, pay	[ˈpɫata]
1581	водат	to lead, guide	[ˈvɔdat]
1582	предлог	suggestion, proposal	[ˈprɛdɫɔk]
1583	возило	vehicle	[ˈvɔziɫɔ]
1584	подршка	misspelling of поддршка	[ˈpɔdr̩ʃka]
1585	продава	to sell, give away	[ˈprɔdava]
1586	нарекува	to name, call, term	[naˈrɛkuva]
1587	полно	being full	[ˈpɔɫnɔ]
1588	улога	role, function	[ˈuɫɔɡa]
1589	директор	director	[diˈrɛktɔr]
1590	јако	strongly, mightily	[ˈjakɔ]
1591	демон	demon	[ˈdɛmɔn]
1592	постави	to set up	[ˈpɔstavi]
1593	возраст	age	[ˈvɔzrast]
1594	лекција	lesson	[ˈlɛkt͡si(j)a]
1595	чув	to hear	[t͡ʃuf]
1596	водиш	to lead, guide	[ˈvɔdiʃ]
1597	одделение	grade	[ɔddɛˈlɛni(j)ɛ]
1598	нападнат	to attack, assail, aggress	[ˈnapadnat]
1599	создаде	to create, produce	[ˈsɔzdadɛ]
1600	ебате	fucking, bloody	[ɛˈbatɛ]
1601	соништа	indefinite plural	[ˈsɔniʃta]
1602	фрлам	to throw, cast	[ˈfr̩ɫam]
1603	роднина	relative	[ˈrɔdnina]
1604	пени	foam	[ˈpɛni]
1605	доброто	good	[ˈdɔbrɔtɔ]
1606	пишувам	to write	[ˈpiʃuvam]
1607	пекол	hell	[ˈpɛkɔɫ]
1608	дожд	rain, shower	[dɔʃt]
1609	учи	to learn, study	[ˈut͡ʃi]
1610	сестро	vocative singular of сестра f	[ˈsɛstrɔ]
1611	сок	juice	[sɔk]
1612	танц	dance, dancing	[tant͡s]
1613	единици	unit	[ɛˈdinit͡si]
1614	мајмун	monkey, ape	[ˈmajmun]
1615	чувар	guardian, guard, watchman	[ˈt͡ʃuvar]
1616	степени	degree	[ˈstɛpɛni]
1617	благодарен	grateful	[bɫaˈɡɔdaɾɛn]
1618	услови	to condition, impose a condition upon	[ˈusɫɔvi]
1619	лаги	lie	[ˈɫaɡi]
1620	поголемо	big, large, great	[pɔˈɡɔlɛmɔ]
1621	терен	terrain	[ˈtɛɾɛn]
1622	маска	hinny	[ˈmaska]
1623	вклучувајќи	to switch on, to power up, to enable	[fkɫut͡ʃuˈvajci]
1624	одведе	to lead, guide	[ˈɔdvɛdɛ]
1625	професор	professor	[ˈprɔfɛsɔr]
1626	отидоа	to go	[ɔˈtidɔa]
1627	воена	war	[ˈvɔɛna]
1628	леб	bread	[lɛp]
1629	начини	way, manner, method	[ˈnat͡ʃini]
1630	четворица	four individuals, the four of us/you/them	[t͡ʃɛˈtvɔɾit͡sa]
1631	истражување	research, study	[istraˈʒuvaɲɛ]
1632	смрди	to stink, reek	[ˈsmr̩di]
1633	членови	member	[ˈt͡ʃlɛnɔvi]
1634	француски	French	[ˈfrant͡suski]
1635	уапсен	to arrest, imprison	[ˈuapsɛn]
1636	моќи	power, might	[ˈmɔci]
1637	играј	to play	[ˈiɡraj]
1638	трка	race	[ˈtr̩ka]
1639	броеви	number	[ˈbrɔɛvi]
1640	лудак	madman, lunatic, loony, nutcase, nutter	[ˈɫudak]
1641	лекар	doctor	[ˈlɛkar]
1642	покани	to invite	[ˈpɔkani]
1643	благослови	to bless	[bɫaˈɡɔsɫɔvi]
1644	виски	whiskey	[ˈviski]
1645	хеликоптер	helicopter, chopper, copter	[xɛliˈkɔptɛr]
1646	успех	success, progress	[ˈuspɛx]
1647	мил	dear, lovable, pleasant, nice, kind, adorable	[miɫ]
1648	продолжува	to continue, proceed, resume	[prɔˈdɔɫʒuva]
1649	лекови	medication	[ˈlɛkɔvi]
1650	копилиња	bastard	[kɔˈpiliɲa]
1651	сирење	white cheese	[ˈsiɾɛɲɛ]
1652	бело	in white	[ˈbɛɫɔ]
1653	исплаши	to scare	[ˈispɫaʃi]
1654	ебе	to fuck, screw	[ˈɛbɛ]
1655	прими	to receive	[ˈprimi]
1656	југ	south	[juk]
1657	појадок	breakfast	[ˈpɔjadɔk]
1658	днк	Abbreviation of деоксирибонуклеинска киселина DNA	[dɛɛŋˈka]
1659	тажно	sadly, sorrowfully	[ˈtaʒnɔ]
1660	г-ца	abbreviation of госпоѓица	/gɛtsa/
1661	пијачка	beverage, drink	[ˈpi(j)at͡ʃka]
1662	поголеми	big, large, great	[pɔˈɡɔlɛmi]
1663	док	dock, dockside, wharf	[dɔk]
1664	заминува	to leave, depart	[zaˈminuva]
1665	коњи	horse	[ˈkɔɲi]
1666	лична	personal, private	[ˈlit͡ʃna]
1667	гадно	disgustingly, revoltingly	[ˈɡadnɔ]
1668	ноќе	at night, in the night, during the night	[ˈnɔcɛ]
1669	осигурување	insurance	[ɔsiɡuˈruvaɲɛ]
1670	проект	project	[ˈprɔɛkt]
1671	ѓавол	devil	[ˈɟavɔɫ]
1672	присуство	presence	[ˈprisustvɔ]
1673	збори	to speak	[ˈzbɔɾi]
1674	коски	bone	[ˈkɔski]
1675	превоз	conveyance, transport, transportation	[ˈprɛvɔs]
1676	тексас	denim	[ˈtɛksas]
1677	црни	to blacken	[ˈt͡sr̩ni]
1678	лути	to anger, upset, aggravate	[ˈɫuti]
1679	бели	white	[ˈbɛli]
1680	ризик	risk	[ˈrizik]
1681	ебан	fucking, vulgar	[ˈɛban]
1682	намерно	intentionally, on purpose	[ˈnamɛrnɔ]
1683	гледал	to see	[ˈɡlɛdaɫ]
1684	многумина	many	[mnɔˈɡumina]
1685	прсти	finger	[ˈpr̩sti]
1686	висост	highness	[ˈvisɔst]
1687	вам	Long indirect object form of вие	[vam]
1688	викате	to shout, yell	[ˈvikatɛ]
1689	пожар	fire, arson	[ˈpɔʒar]
1690	вештерка	witch, sorceress	[ˈvɛʃtɛrka]
1691	сестри	sister	[ˈsɛstri]
1692	снимка	recording, tape	[ˈsnimka]
1693	одлуки	decision	[ˈɔdɫuki]
1694	ален	scarlet, vermilion, carnation	[ˈalɛn]
1695	повлече	to pull, give a tug	[ˈpɔvlɛt͡ʃɛ]
1696	кадешто	misspelling of каде што	[ˈkadɛʃtɔ]
1697	пукање	to shoot, fire	[ˈpukaɲɛ]
1698	талент	talent	[taˈlɛnt]
1699	извинување	apology	[izviˈnuvaɲɛ]
1700	вештини	skill	[ˈvɛʃtini]
1701	болно	ill, sick	[ˈbɔɫnɔ]
1702	насока	direction	[ˈnasɔka]
1703	официјално	officially	[ɔfit͡siˈjaɫnɔ]
1704	верба	faith	[ˈvɛrba]
1705	сладолед	ice cream	[ˈsɫadɔlɛt]
1706	објаснување	explanation	[ɔbjasˈnuvaɲɛ]
1707	ен	one	[ɛn]
1708	поручник	lieutenant, first lieutenant	[ˈpɔɾut͡ʃnik]
1709	риби	fish	[ˈribi]
1710	повици	call	[ˈpɔvit͡si]
1711	братучед	male cousin	[ˈbratut͡ʃɛt]
1712	исчезне	to disappear, vanish	[ˈiʃt͡ʃɛznɛ]
1713	поврзан	to connect	[ˈpɔvr̩zan]
1714	факултет	faculty	[fakuɫˈtɛt]
1715	типови	type, kind, sort	[ˈtipɔvi]
1716	весник	newspaper	[ˈvɛsnik]
1717	буден	awake	[ˈbudɛn]
1718	изеде	to eat	[ˈizɛdɛ]
1719	морал	morality	[ˈmɔɾaɫ]
1720	куќи	plural of куќа f	[ˈkuci]
1721	учител	teacher	[ˈut͡ʃitɛɫ]
1722	намали	to decrease	[ˈnamali]
1723	богови	god	[ˈbɔɡɔvi]
1724	камења	stone, rock	[ˈkamɛɲa]
1725	годишно	yearly, annually	[ˈɡɔdiʃnɔ]
1726	уморен	tired	[ˈumɔɾɛn]
1727	торта	cake	[ˈtɔrta]
1728	алишта	clothing	[ˈaliʃta]
1729	машко	male	[ˈmaʃkɔ]
1730	тече	to flow	[ˈtɛt͡ʃɛ]
1731	одмори	to rest	[ˈɔdmɔɾi]
1732	насилство	violence	[ˈnasiɫstvɔ]
1733	свештеник	priest	[ˈsvɛʃtɛnik]
1734	рита	to kick	[ˈrita]
1735	цицки	boob, tit	[ˈt͡sit͡ski]
1736	нам	long indirect object form of ние	[nam]
1737	убиваш	to kill	[ˈubivaʃ]
1738	предавник	traitor	[ˈprɛdavnik]
1739	двапати	twice	[ˈdvapati]
1740	секого	everybody, everyone	[ˈsɛkɔɡɔ]
1741	внук	grandson	[vnuk]
1742	то	that one	/ˈtɒ/
1743	лиса	a nickname for a female fox used in folklore and stories…	[ˈlisa]
1744	посети	to visit	[ˈpɔsɛti]
1745	рони	to crumble	[ˈrɔni]
1746	свети	sacred, holy	[ˈsvɛti]
1747	служи	to serve	[ˈsɫuʒi]
1748	свиња	pig, swine	[ˈsviɲa]
1749	ловец	hunter	[ˈɫɔvɛt͡s]
1750	нос	nose	[nɔs]
1751	застрела	to shoot	[ˈzastrɛɫa]
1752	свесен	aware, conscious	[ˈsvɛsɛn]
1753	затвореник	prisoner	[zaˈtvɔɾɛnik]
1754	капа	cap, hat	[ˈkapa]
1755	бабо	vocative singular of баба f	[ˈbabɔ]
1756	природа	nature, environment	[ˈpriɾɔda]
1757	опција	option	[ˈɔpt͡si(j)a]
1758	копија	copy, duplicate	[ˈkɔpi(j)a]
1759	нула	zero	[ˈnuɫa]
1760	способен	capable, competent	[ˈspɔsɔbɛn]
1761	бега	to run away	[ˈbɛɡa]
1762	убивање	to kill	[uˈbivaɲɛ]
1763	машки	in a manly way	[ˈmaʃki]
1764	ставил	to put, place	[ˈstaviɫ]
1765	елен	deer	[ˈɛlɛn]
1766	изутрина	on the morrow	[iˈzutrina]
1767	пичка	pussy, cunt	[ˈpit͡ʃka]
1768	омилен	favourite	[ˈɔmilɛn]
1769	знаење	to know	[ˈznaɛɲɛ]
1770	бесплатно	for free, free of charge, gratis	[ˈbɛspɫatnɔ]
1771	офицер	officer	[ˈɔfit͡sɛr]
1772	убавина	beauty	[uˈbavina]
1773	плажа	beach	[ˈpɫaʒa]
1774	накај	toward	[ˈnakaj]
1775	камп	camp	[kamp]
1776	технички	technically	[ˈtɛxnit͡ʃki]
1777	чул	horsecloth	[t͡ʃuɫ]
1778	чекори	step	[ˈt͡ʃɛkɔɾi]
1779	оф	oh, oh dear, woe is me	[ɔf]
1780	вечно	eternally, permanently	[ˈvɛt͡ʃnɔ]
1781	мат	matte	[mat]
1782	пукам	to shoot, fire	[ˈpukam]
1783	цигари	indefinite plural of ци́гара	[ˈt͡siɡaɾi]
1784	вили	fairy	[ˈvili]
1785	велеше	to say	[ˈvɛlɛʃɛ]
1786	птици	bird	[ˈptit͡si]
1787	вмешан	to involve, implicate	[ˈvmɛʃan]
1788	свири	to play	[ˈsviɾi]
1789	постар	old	[ˈpɔstar]
1790	пациент	patient	[pat͡siˈɛnt]
1791	цигара	cigarette	[ˈt͡siɡaɾa]
1792	пилот	pilot	[ˈpiɫɔt]
1793	погодок	guess	[ˈpɔɡɔdɔk]
1794	вера	religion	[ˈvɛɾa]
1795	црнец	Black, Negro	[ˈt͡sr̩nɛt͡s]
1796	влијание	influence	[vliˈjani(j)ɛ]
1797	мотор	engine	[ˈmɔtɔr]
1798	ужасен	horrible, dreadful, horrid, awful	[ˈuʒasɛn]
1799	пријателот	unspecified definite singular of пријател m	[priˈjatɛɫɔt]
1800	средина	middle, center	[ˈsrɛdina]
1801	пукаш	to shoot, fire	[ˈpukaʃ]
1802	поверува	to believe, buy	[pɔˈvɛɾuva]
1803	катастрофа	disaster, catastrophe	[katasˈtrɔfa]
1804	команда	command	[kɔˈmanda]
1805	исчисти	to clean	[ˈiʃt͡ʃisti]
1806	специјален	special	[spɛt͡siˈjalɛn]
1807	нареди	to order, command	[ˈnaɾɛdi]
1808	кучињата	unspecified definite plural of куче n	[kuˈt͡ʃiɲata]
1809	неможе	misspelling of не може	[ˈnɛmɔʒɛ]
1810	чек	cheque	[t͡ʃɛk]
1811	прст	finger	[pr̩st]
1812	осомничен	suspected	[ɔˈsɔmnit͡ʃɛn]
1813	телефонски	telephonic	[tɛlɛˈfɔnski]
1814	роднини	relative	[ˈrɔdnini]
1815	миличок	dear, lovable, pleasant, nice, kind, adorable	[ˈmilit͡ʃɔk]
1816	црвен	red	[ˈt͡sr̩vɛn]
1817	четврток	Thursday	[ˈt͡ʃɛtvr̩tɔk]
1818	притвор	custody, detainment	[ˈpritvɔr]
1819	драг	dear	[drak]
1820	буквално	literally	[ˈbukvaɫnɔ]
1821	технологија	technology	[tɛxnɔˈɫɔɡi(j)a]
1822	бум	boom	[bum]
1823	мек	soft	[mɛk]
1824	модел	model	[ˈmɔdɛɫ]
1825	згоден	convenient, fitting	[ˈzɡɔdɛn]
1826	пита	pie, tart	[ˈpita]
1827	отров	extremely	[ˈɔtrɔf]
1828	грабеж	robbery	[ˈɡrabɛʃ]
1829	политика	policy	[pɔˈlitika]
1830	маршал	marshal	[ˈmarʃaɫ]
1831	мајки	mother	[ˈmajki]
1832	измама	deceit, deception, fraud, swindle, scam	[ˈizmama]
1833	робот	robot	[ˈrɔbɔt]
1834	оскар	Academy Award	[ˈɔskar]
1835	фудбал	football, soccer	[ˈfudbaɫ]
1836	тајно	secretly	[ˈtajnɔ]
1837	почнат	to start, begin, commence	[ˈpɔt͡ʃnat]
1838	станат	to become	[ˈstanat]
1839	светла	light	[ˈsvɛtɫa]
1840	кукавица	cuckoo	[kuˈkavit͡sa]
1841	тврди	to claim, state, assert	[ˈtvr̩di]
1842	случајност	coincidence	[ˈsɫut͡ʃajnɔst]
1843	чита	to read	[ˈt͡ʃita]
1844	успева	to succeed	[ˈuspɛva]
1845	земји	earth, soil	[ˈzɛmji]
1846	бавно	slowly	[ˈbavnɔ]
1847	вкусно	tastily, savorily	[ˈfkusnɔ]
1848	спротивно	oppositely, reversely	[ˈsprɔtivnɔ]
1849	проверка	check, verification, inspection	[ˈprɔvɛrka]
1850	станал	to become	[ˈstanaɫ]
1851	зборам	to speak	[ˈzbɔɾam]
1852	нападне	to attack, assail, aggress	[ˈnapadnɛ]
1853	неодамна	recently	[nɛˈɔdamna]
1854	полковник	colonel	[ˈpɔɫkɔvnik]
1855	касно	late	[ˈkasnɔ]
1856	глави	head	[ˈɡɫavi]
1857	американците	unspecified definite plural of Американец m	[amɛɾiˈkant͡sitɛ]
1858	резултат	result	[rɛzuɫˈtat]
1859	света	sacred, holy	[ˈsvɛta]
1860	памет	memory	[ˈpamɛt]
1861	партнери	partner	[ˈpartnɛɾi]
1862	вознемирен	to upset, disturb, irk, distress	[vɔzˈnɛmiɾɛn]
1863	шок	shock	[ʃɔk]
1864	значење	significance, meaning, sense	[ˈznat͡ʃɛɲɛ]
1865	поседува	to own, possess	[pɔˈsɛduva]
1866	кошмар	nightmare	[ˈkɔʃmar]
1867	договори	agreement	[dɔˈɡɔvɔɾi]
1868	девојчиња	girl	[dɛˈvɔjt͡ʃiɲa]
1869	става	build, stature, figure	[ˈstava]
1870	употреби	to use, utilize	[uˈpɔtrɛbi]
1871	помошник	helper, aid	[ˈpɔmɔʃnik]
1872	кино	cinema, movies	[ˈkinɔ]
1873	интерес	interest	[ˈintɛɾɛs]
1874	потврди	to confirm, corroborate	[ˈpɔtvr̩di]
1875	агол	angle	[ˈaɡɔɫ]
1876	плачеш	to cry, weep	[ˈpɫat͡ʃɛʃ]
1877	часовник	clock	[ˈt͡ʃasɔvnik]
1878	поклон	bow	[ˈpɔkɫɔn]
1879	сонот	unspecified definite singular of сон m	[ˈsɔnɔt]
1880	канал	sewer, pipe	[ˈkanaɫ]
1881	сенка	shadow	[ˈsɛŋka]
1882	лудило	madness, insanity	[ˈɫudiɫɔ]
1883	гледање	to see	[ˈɡlɛdaɲɛ]
1884	наполни	to fill	[ˈnapɔɫni]
1885	уништување	to destroy	[uniˈʃtuvaɲɛ]
1886	змеј	dragon	[zmɛj]
1887	довидување	misspelling of до видување	[dɔviˈduvaɲɛ]
1888	заклучи	to lock	[ˈzakɫut͡ʃi]
1889	интервју	interview	[intɛrˈvju]
1890	гостин	guest	[ˈɡɔstin]
1891	криминалец	criminal	[krimiˈnalɛt͡s]
1892	долар	dollar	[ˈdɔɫar]
1893	замени	substitute, substitution	[ˈzamɛni]
1894	здив	breath	[zdif]
1895	луѓево	person	[ˈɫuɟɛvɔ]
1896	рана	wound	[ˈrana]
1897	нина	aunt	[ˈnina]
1898	приватен	private	[ˈprivatɛn]
1899	градови	city, town	[ˈɡradɔvi]
1900	остава	to leave, abandon	[ˈɔstava]
1901	реално	realistically	[ˈrɛaɫnɔ]
1902	одело	suit	[ˈɔdɛɫɔ]
1903	предмет	thing, object, entity	[ˈprɛdmɛt]
1904	брег	bank, shore, coast	[brɛk]
1905	возач	driver, chauffeur	[ˈvɔzat͡ʃ]
1906	факт	fact	[fakt]
1907	невоља	misspelling of неволја	[ˈnɛvɔʎa]
1908	оружја	weapon, weaponry, arm	[ˈɔɾuʒja]
1909	губитник	loser, failure	[ˈɡubitnik]
1910	банда	gang	[ˈbanda]
1911	застане	to assume a static standing position	[ˈzastanɛ]
1912	тренинг	training	[ˈtrɛniŋk]
1913	ретко	rarely, seldom	[ˈrɛtkɔ]
1914	организација	organization	[ɔrɡaniˈzat͡si(j)a]
1915	краток	short, brief	[ˈkratɔk]
1916	текнува	to think of, come to mind, occur	[ˈtɛknuva]
1917	товар	load, cargo	[ˈtɔvar]
1918	прашува	to ask	[ˈpraʃuva]
1919	поранешен	past, previous, ex	[pɔˈranɛʃɛn]
1920	поминат	to pass, elapse	[ˈpɔminat]
1921	свадба	wedding	[ˈsvadba]
1922	принцеза	princess	[prinˈt͡sɛza]
1923	заслужи	to deserve	[ˈzasɫuʒi]
1924	фарма	farm	[ˈfarma]
1925	наопаку	upside-down	[naˈɔpaku]
1926	ѕвезди	star	[ˈd͡zvɛzdi]
1927	мени	menu	[mɛˈni]
1928	робови	slave	[ˈrɔbɔvi]
1929	возбуден	excited	[ˈvɔzbudɛn]
1930	нему	Long indirect object form of тој	[ˈnɛmu]
1931	открие	to uncover	[ˈɔtkri(j)ɛ]
1932	голф	golf	[ɡɔɫf]
1933	граница	border	[ˈɡranit͡sa]
1934	светски	global, of the world	[ˈsvɛtski]
1935	фирма	firm, company	[ˈfirma]
1936	мечка	bear	[ˈmɛt͡ʃka]
1937	полициски	police	[pɔˈlit͡siski]
1938	изглед	appearance, looks	[ˈizɡlɛt]
1939	сметки	bill, receipt	[ˈsmɛtki]
1940	заврти	to turn, take a turn	[ˈzavr̩ti]
1941	пишуваш	to write	[ˈpiʃuvaʃ]
1942	непријатно	unpleasantly, disagreeably	[nɛˈpri(j)atnɔ]
1943	костум	suit	[ˈkɔstum]
1944	исфрли	to throw out, eject	[ˈisfr̩li]
1945	собере	to gather, collect	[ˈsɔbɛɾɛ]
1946	сендвич	sandwich	[ˈsɛndvit͡ʃ]
1947	стигнат	to arrive	[ˈstiɡnat]
1948	возбудливо	excitingly, thrillingly	[vɔzˈbudlivɔ]
1949	судење	trial, proceedings	[ˈsudɛɲɛ]
1950	глад	hunger	[ɡɫat]
1951	природно	naturally	[ˈpriɾɔdnɔ]
1952	јужна	southern	[ˈjuʒna]
1953	шума	forest, woods	[ˈʃuma]
1954	збориш	to speak	[ˈzbɔɾiʃ]
1955	смена	shift	[ˈsmɛna]
1956	омажи	to marry off	[ˈɔmaʒi]
1957	вината	unspecified definite plural of вино n	[ˈvinata]
1958	ќелија	cell	[ˈcɛli(j)a]
1959	удобно	comfortably	[ˈudɔbnɔ]
1960	играчки	game, player	[ˈiɡrat͡ʃki]
1961	гласно	loudly	[ˈɡɫasnɔ]
1962	признавам	to confess, admit	[ˈpriznavam]
1963	радост	joy	[ˈradɔst]
1964	визија	vision	[ˈvizi(j)a]
1965	џеб	pocket	[d͡ʒɛp]
1966	дваесет	twenty	[ˈdvaɛsɛt]
1967	мапа	map	[ˈmapa]
1968	двојно	doubly, double	[ˈdvɔjnɔ]
1969	држави	state, country	[ˈdr̩ʒavi]
1970	сабајле	in the morning	[saˈbajlɛ]
1971	навреда	insult, offense	[ˈnavrɛda]
1972	влијае	to influence	[ˈvli(j)aɛ]
1973	бес	rage, fury	[bɛs]
1974	погоден	to hit	[ˈpɔɡɔdɛn]
1975	продажба	sale, selling, vendition	[ˈprɔdaʒba]
1976	измами	to deceive, swindle, con, dupe, scam, fool, trick	[ˈizmami]
1977	легенда	legend	[ˈlɛɡɛnda]
1978	месечина	moon	[mɛˈsɛt͡ʃina]
1979	наредник	master sergeant	[ˈnaɾɛdnik]
1980	медицинска	indefinite feminine singular of медици́нски	[mɛdiˈt͡sinska]
1981	криминал	crime, criminal activity	[krimiˈnaɫ]
1982	пали	to ignite, set alight	[ˈpali]
1983	стрес	stress	[strɛs]
1984	напорно	strenuously, arduously, laboriously	[ˈnapɔrnɔ]
1985	различен	different, distinct	[ˈrazlit͡ʃɛn]
1986	запамти	to remember, learn	[ˈzapamti]
1987	зел	to take	[zɛɫ]
1988	шериф	sheriff	[ˈʃɛɾif]
1989	фаза	phase	[ˈfaza]
1990	масло	oil	[ˈmasɫɔ]
1991	моќен	mighty, powerful	[ˈmɔcɛn]
1992	големина	size	[ɡɔˈlɛmina]
1993	некому	somebody, someone	[ˈnɛkɔmu]
1994	терористите	unspecified definite plural of терори́ст	[tɛɾɔˈristitɛ]
1995	прочита	to read	[ˈprɔt͡ʃita]
1996	ебеш	to fuck, screw	[ˈɛbɛʃ]
1997	комплицирано	complicatedly, complexly	[kɔmpliˈt͡siɾanɔ]
1998	вирус	virus	[ˈviɾus]
1999	неред	mess, disorder	[ˈnɛɾɛt]
2000	настан	event, happening	[ˈnastan]
2001	спасување	rescue, salvation	[spaˈsuvaɲɛ]
2002	спрат	floor, story/storey	[sprat]
2003	уметност	art	[ˈumɛtnɔst]
2004	муниција	ammunition	[muˈnit͡si(j)a]
2005	потсети	to remind	[ˈpɔtsɛti]
2006	подароци	gift, present	[pɔˈdaɾɔt͡si]
2007	семејства	family	[ˈsɛmɛjstva]
2008	л	l	/ɫ/
2009	пее	to sing	[ˈpɛɛ]
2010	мачки	cat	[ˈmat͡ʃki]
2011	страшен	scary	[ˈstraʃɛn]
2012	тукушто	just	[ˈtukuʃtɔ]
2013	грозно	horribly, horridly	[ˈɡrɔznɔ]
2014	територија	territory	[tɛɾiˈtɔɾi(j)a]
2015	реакција	reaction	[rɛˈakt͡si(j)a]
2016	играње	game	[ˈiɡraɲɛ]
2017	соби	plural of соба f	[ˈsɔbi]
2018	ела	fir tree	[ˈɛɫa]
2019	можности	possibility	[ˈmɔʒnɔsti]
2020	кит	whale	[kit]
2021	заеба	to fuck up, screw up	[ˈzaɛba]
2022	плаче	to cry, weep	[ˈpɫat͡ʃɛ]
2023	чистење	to clean	[ˈt͡ʃistɛɲɛ]
2024	честа	common, frequent	[ˈt͡ʃɛsta]
2025	едниот	one	[ˈɛdni(j)ɔt]
2026	говори	to speak, talk	[ˈɡɔvɔɾi]
2027	другарче	friend, fellow, buddy	[ˈdruɡart͡ʃɛ]
2028	експлозија	explosion	[ɛksˈpɫɔzi(j)a]
2029	пиј	to drink	[pij]
2030	збунет	confused, befuddled, perplexed, puzzled, nonplussed	[ˈzbunɛt]
2031	долги	long, lengthy	[ˈdɔɫɡi]
2032	вампири	plural of вампир m	[ˈvampiɾi]
2033	замоли	to ask	[ˈzamɔli]
2034	снег	snow	[snɛk]
2035	скали	ladder	[ˈskali]
2036	играте	to play	[ˈiɡratɛ]
2037	рид	hill	[rit]
2038	тргнат	to set off, get going, begin a trip	[ˈtr̩ɡnat]
2039	уф	expression of annoyance or discomfort	[uf]
2040	бомби	indefinite plural	[ˈbɔmbi]
2041	оттаму	thence	[ˈɔttamu]
2042	кара	to scold, reprimand	[ˈkaɾa]
2043	средства	means, instrument	[ˈsrɛtstva]
2044	импресивно	impressively	[imprɛˈsivnɔ]
2045	сина	blue	[ˈsina]
2046	кошула	shirt	[ˈkɔʃuɫa]
2047	поинаков	different	[pɔˈinakɔf]
2048	патишта	way, road	[ˈpatiʃta]
2049	љубоморен	jealous	[ʎuˈbɔmɔɾɛn]
2050	резултати	result	[rɛzuɫˈtati]
2051	полициска	police	[pɔˈlit͡siska]
2052	алфа	alpha	[ˈaɫfa]
2053	супа	soup	[ˈsupa]
2054	операции	operation	[ɔpɛˈrat͡sii]
2055	терористи	indefinite plural	[tɛɾɔˈristi]
2056	погреб	funeral	[ˈpɔɡrɛp]
2057	насамо	in private, alone, face-to-face	[ˈnasamɔ]
2058	пошта	post, mail	[ˈpɔʃta]
2059	вежба	practice, exercise, drill	[ˈvɛʒba]
2060	способност	ability, capability, capacity, competence, fitness	[ˈspɔsɔbnɔst]
2061	победник	winner, victor	[ˈpɔbɛdnik]
2062	воин	warrior	[ˈvɔin]
2063	будали	fool	[ˈbudali]
2064	императорот	emperor	/impɛraːˈrɔt/
2065	интересен	interesting	[inˈtɛɾɛsɛn]
2066	борец	fighter, combatant	[ˈbɔɾɛt͡s]
2067	ноќи	night, nighttime	[ˈnɔci]
2068	коска	bone	[ˈkɔska]
2069	кујна	kitchen	[ˈkujna]
2070	напади	attack, assault	[ˈnapadi]
2071	став	attitude, stance	[staf]
2072	осамен	lonely	[ˈɔsamɛn]
2073	засолниште	shelter, haven	[zaˈsɔɫniʃtɛ]
2074	панталони	pants, trousers	[panˈtaɫɔni]
2075	ѕидовите	unspecified definite plural of ѕид m	[d͡ziˈdɔvitɛ]
2076	ранет	to wound, injure	[ˈranɛt]
2077	менаџер	manager	[ˈmɛnad͡ʒɛr]
2078	паника	panic	[ˈpanika]
2079	пукаат	to shoot, fire	[ˈpukaat]
2080	пријави	to report	[ˈpri(j)avi]
2081	пакет	packet, package	[ˈpakɛt]
2082	рани	to wound, injure	[ˈrani]
2083	губење	to lose	[ˈɡubɛɲɛ]
2084	лабораторија	laboratory	[ɫabɔɾaˈtɔɾi(j)a]
2085	закони	law	/zakoni/
2086	онде	over there, yonder	[ˈɔndɛ]
2087	срцев	cardiac	[ˈsr̩t͡sɛf]
2088	изгубен	to lose, misplace	[ˈizɡubɛn]
2089	божји	God's, of God	[ˈbɔʒji]
2090	инцидент	incident	[int͡siˈdɛnt]
2091	лудница	madhouse, psychiatric facility, mental hospital, lunatic…	[ˈɫudnit͡sa]
2092	загуба	loss	[ˈzaɡuba]
2093	тивок	quiet, low, soft	[ˈtivɔk]
2094	гаќи	underpants	[ˈɡaci]
2095	уред	device, apparatus, appliance	[ˈuɾɛt]
2096	сос	sauce, dressing	[sɔs]
2097	тестови	father-in-law	[ˈtɛstɔvi]
2098	јасен	clear, straightforward, comprehensible	[ˈjasɛn]
2099	цвеќе	flower	[ˈt͡svɛcɛ]
2100	фунти	pound	[ˈfunti]
2101	шеќер	sugar	[ˈʃɛcɛr]
2102	лав	lion	[ɫaf]
2103	планира	to plan	[pɫaˈniɾa]
2104	празен	empty, void	[ˈprazɛn]
2105	благодарност	gratitude, gratefulness, thankfulness	[bɫaˈɡɔdarnɔst]
2106	американец	American	[amɛˈrikanɛt͡s]
2107	роба	goods, wares, merchandise	[ˈrɔba]
2108	книгите	book	[ˈkniɡitɛ]
2109	франк	franc	[fraŋk]
2110	физички	physically	[ˈfizit͡ʃki]
2111	бран	wave	[bran]
2112	објаснува	to explain	[ɔbˈjasnuva]
2113	чад	smoke	[t͡ʃat]
2114	сруши	to demolish, tear down, devastate	[ˈsruʃi]
2115	вредно	diligently, industriously, hardworkingly	[ˈvrɛdnɔ]
2116	жими	I swear on	[ˈʒimi]
2117	градоначалник	mayor	[ɡradɔˈnat͡ʃaɫnik]
2118	сопственост	property	[ˈsɔpstvɛnɔst]
2119	фотографија	photograph	[fɔtɔˈɡrafi(j)a]
2120	уши	ear	[ˈuʃi]
2121	миг	moment, instant	[mik]
2122	играчка	toy	[ˈiɡrat͡ʃka]
2123	среде	in the middle of, amid	[ˈsrɛdɛ]
2124	кокаин	cocaine	[kɔkaˈin]
2125	слеп	blind	[slɛp]
2126	добриот	good	[ˈdɔbri(j)ɔt]
2127	крило	wing, pinion body that enables it to fly	[ˈkriɫɔ]
2128	кралство	kingdom	[ˈkraɫstvɔ]
2129	трет	third	[trɛt]
2130	бензин	gasoline	[ˈbɛnzin]
2131	криминалци	criminal	[krimiˈnaɫt͡si]
2132	барај	to search, look for	[ˈbaɾaj]
2133	здрав	healthy, robust, hale, well	[zdraf]
2134	ученици	student, pupil	[uˈt͡ʃɛnit͡si]
2135	дише	to breathe	[ˈdiʃɛ]
2136	мис	miss	[mis]
2137	примерок	sample	[ˈprimɛɾɔk]
2138	направен	to do, make	[ˈnapravɛn]
2139	седиште	seat	[ˈsɛdiʃtɛ]
2140	серија	series	[ˈsɛɾi(j)a]
2141	побегне	to run away	[ˈpɔbɛɡnɛ]
2142	витез	knight	[ˈvitɛs]
2143	уништен	to destroy, annihilate, exterminate, devastate, ruin	[ˈuniʃtɛn]
2144	другарка	female friend, girlfriend	[ˈdruɡarka]
2145	размислување	to think, ponder	[razmisˈɫuvaɲɛ]
2146	откачи	to unhook, separate	[ˈɔtkat͡ʃi]
2147	облечен	to put on	[ˈɔblɛt͡ʃɛn]
2148	стомак	belly, stomach, abdomen	[ˈstɔmak]
2149	чин	act, deed	[t͡ʃin]
2150	све	nonstandard form of сѐ	[svɛ]
2151	госпоѓа	mister, sir, Mr	[ˈɡɔspɔɟa]
2152	ниско	low	[ˈniskɔ]
2153	градина	garden	[ˈɡradina]
2154	празни	to empty out	[ˈprazni]
2155	состаноци	meeting, appointment	[sɔˈstanɔt͡si]
2156	бура	bora, gale	[ˈbuɾa]
2157	змија	snake, serpent, ophidian	[ˈzmi(j)a]
2158	пушиш	to smoke	[ˈpuʃiʃ]
2159	криза	crisis	[ˈkriza]
2160	мирис	smell	[ˈmiɾis]
2161	замок	castle	[ˈzamɔk]
2162	американци	American	[amɛˈrikant͡si]
2163	кукла	doll, puppet	[ˈkukɫa]
2164	автомобили	automobile, car	[aftɔmɔˈbili]
2165	билет	ticket	[biˈlɛt]
2166	несреќен	unhappy, miserable, wretched	[ˈnɛsrɛcɛn]
2167	старец	old man	[ˈstaɾɛt͡s]
2168	клучеви	key	[ˈkɫut͡ʃɛvi]
2169	писма	letter	[ˈpisma]
2170	облик	shape, form	[ˈɔblik]
2171	раса	race	[ˈrasa]
2172	темно	darkly	[ˈtɛmnɔ]
2173	напредок	progress	[ˈnaprɛdɔk]
2174	лик	character	[lik]
2175	песок	sand	[ˈpɛsɔk]
2176	експерт	expert	[ˈɛkspɛrt]
2177	курот	unspecified definite singular of кур m	[ˈkuɾɔt]
2178	ветување	promise	[vɛˈtuvaɲɛ]
2179	поднесе	to submit, file	[ˈpɔdnɛsɛ]
2180	чудовишта	monster	[t͡ʃuˈdɔviʃta]
2181	викаме	to shout, yell	[ˈvikamɛ]
2182	кула	tower	[ˈkuɫa]
2183	мост	bridge	[mɔst]
2184	услуги	indefinite plural of услуг	[ˈusɫuɡi]
2185	руски	Russian	[ˈruski]
2186	фотографии	photograph	[fɔtɔˈɡrafii]
2187	јавно	publicly, openly	[ˈjavnɔ]
2188	исчезнат	missing, gone	[ˈiʃt͡ʃɛznat]
2189	роман	novel	[ˈrɔman]
2190	авиони	airplane, aeroplane	[aviˈɔni]
2191	сопственик	owner, proprietor	[ˈsɔpstvɛnik]
2192	материјал	material	[matɛɾiˈjaɫ]
2193	сомнеж	doubt, suspicion	[ˈsɔmnɛʃ]
2194	патува	to travel	[ˈpatuva]
2195	наука	science	[ˈnauka]
2196	ај	come on, c'mon	[aj]
2197	праќа	to send	[ˈpraca]
2198	освои	to conquer	[ˈɔsvɔi]
2199	таен	secret, furtive	[ˈtaɛn]
2200	бегам	to run away	[ˈbɛɡam]
2201	германски	German	[ˈɡɛrmanski]
2202	сакавте	to want, desire	[ˈsakaftɛ]
2203	колега	colleague	[kɔˈlɛɡa]
2204	дилер	dealer, broker	[ˈdilɛr]
2205	добрата	good	[ˈdɔbrata]
2206	заљубен	in love	[ˈzaʎubɛn]
2207	отец	Father	[ˈɔtɛt͡s]
2208	венчавка	wedding	[ˈvɛnt͡ʃafka]
2209	пиеме	to drink	[ˈpi(j)ɛmɛ]
2210	заебано	in a fucked up, screwed up way	[zaˈɛbanɔ]
2211	озбилно	seriously	[ˈɔzbiɫnɔ]
2212	новинар	journalist, reporter	[ˈnɔvinar]
2213	лева	left	[ˈlɛva]
2214	зајак	rabbit, hare	[ˈzajak]
2215	аеродром	airport, aerodrome	[aɛɾɔˈdrɔm]
2216	попрво	rather	[ˈpɔpr̩vɔ]
2217	магаре	donkey	[ˈmaɡaɾɛ]
2218	аман	pity, mercy, compassion, forgiveness	[ˈaman]
2219	човеков	person	[ˈt͡ʃɔvɛkɔf]
2220	слабост	weakness, feebleness, frailty, infirmity, debility	[ˈsɫabɔst]
2221	слушнат	to hear	[ˈsɫuʃnat]
2222	предавство	betrayal, treason	[ˈprɛdafstvɔ]
2223	чесно	honestly	[ˈt͡ʃɛsnɔ]
2224	опседнат	obsessed	[ˈɔpsɛdnat]
2225	пријателство	friendship	[priˈjatɛɫstvɔ]
2226	процес	process	[ˈprɔt͡sɛs]
2227	односи	relationship, relation	[ˈɔdnɔsi]
2228	апартман	apartment	[apartˈman]
2229	мети	target	[ˈmɛti]
2230	гласини	rumor	[ˈɡɫasini]
2231	потрае	to last	[ˈpɔtraɛ]
2232	гениј	genius	[ˈɡɛnij]
2233	заедница	community	[zaˈɛdnit͡sa]
2234	чиј	whose	[t͡ʃij]
2235	костим	costume	[ˈkɔstim]
2236	вредност	value, worth	[ˈvrɛdnɔst]
2237	положба	location, position	[ˈpɔɫɔʒba]
2238	херои	brave man, hero	[ˈxɛɾɔi]
2239	домашна	ellipsis of домашна работа: homework	[ˈdɔmaʃna]
2240	спомени	memory	[ˈspɔmɛni]
2241	врат	neck	[vrat]
2242	небо	sky	[ˈnɛbɔ]
2243	тема	theme, topic, subject	[ˈtɛma]
2244	тажен	sad	[ˈtaʒɛn]
2245	потврда	confirmation	[ˈpɔtvr̩da]
2246	наводно	allegedly, reportedly	[ˈnavɔdnɔ]
2247	кеј	quay	[kɛj]
2248	трета	third	[ˈtrɛta]
2249	должи	to owe	[ˈdɔɫʒi]
2250	гроб	grave	[ɡrɔp]
2251	спреми	to prepare	[ˈsprɛmi]
2252	оженет	married	[ˈɔʒɛnɛt]
2253	пуши	to smoke	[ˈpuʃi]
2254	фабрика	factory	[ˈfabrika]
2255	порно	porn	[ˈpɔrnɔ]
2256	пиштоли	gun, pistol	[ˈpiʃtɔli]
2257	однапред	beforehand, in advance	[ˈɔdnaprɛt]
2258	убивам	to kill	[ˈubivam]
2259	блок	block	[bɫɔk]
2260	малце	a tad, a bit, very little	[ˈmaɫt͡sɛ]
2261	потсетува	to remind	[pɔtˈsɛtuva]
2262	изгради	to build, construct	[ˈizɡradi]
2263	итен	urgent, pressing	[ˈitɛn]
2264	едната	one	[ˈɛdnata]
2265	пенис	penis	[ˈpɛnis]
2266	одржи	to maintain	[ˈɔdr̩ʒi]
2267	честито	congratulations	[t͡ʃɛsˈtitɔ]
2268	заминат	to leave, depart	[ˈzaminat]
2269	изморен	exhausted	[ˈizmɔɾɛn]
2270	ц	no	[ǀ]
2271	ожени	to marry off	[ˈɔʒɛni]
2272	гужва	crowd, jam	[ˈɡuʒva]
2273	удари	hit, blow, strike, kick, punch, cuff	[ˈudaɾi]
2274	личен	personal, private	[ˈlit͡ʃɛn]
2275	дозволува	to allow, permit	[dɔˈzvɔɫuva]
2276	пукаше	to shoot, fire	[ˈpukaʃɛ]
2277	чуда	wonder, miracle	[ˈt͡ʃuda]
2278	карактер	character	[ˈkaɾaktɛr]
2279	бебиња	baby, infant, babe	[ˈbɛbiɲa]
2280	сеќавања	memory	[sɛˈcavaɲa]
2281	мини	mini, miniature	[ˈmini]
2282	необично	unusually, uncustomarily, strangely	[nɛˈɔbit͡ʃnɔ]
2283	пушки	rifle, gun	[ˈpuʃki]
2284	догледање	misspelling of до гледање	[dɔˈɡlɛdaɲɛ]
2285	дневно	daily, on a daily basis	[ˈdnɛvnɔ]
2286	писател	author, writer	[ˈpisatɛɫ]
2287	планина	mountain	[ˈpɫanina]
2288	владее	to know very well	[ˈvɫadɛɛ]
2289	забавен	to slow down	[ˈzabavɛn]
2290	слуга	servant	[ˈsɫuɡa]
2291	зголеми	to enlarge, increase, enhance, augment	[ˈzɡɔlɛmi]
2292	патека	path, route	[ˈpatɛka]
2293	трпение	patience	[tr̩ˈpɛni(j)ɛ]
2294	среда	Wednesday	[ˈsrɛda]
2295	јакна	jacket	[ˈjakna]
2296	планирам	to plan	[pɫaˈniɾam]
2297	терапија	therapy	[tɛˈrapi(j)a]
2298	рај	heaven, paradise	[raj]
2299	гордост	pride	[ˈɡɔrdɔst]
2300	генерација	generation	[ɡɛnɛˈrat͡si(j)a]
2301	граници	border	[ˈɡranit͡si]
2302	заменик	substitute, replacement	[ˈzamɛnik]
2303	огледало	mirror	[ɔˈɡlɛdaɫɔ]
2304	битно	essentially, importantly	[ˈbitnɔ]
2305	јули	the month of July	[ˈjuli]
2306	покана	invitation	[ˈpɔkana]
2307	че	that	[t͡ʃɛ]
2308	водиме	to lead, guide	[ˈvɔdimɛ]
2309	врши	to perform, carry out	[ˈvr̩ʃi]
2310	огромно	immensely, enormously	[ˈɔɡrɔmnɔ]
2311	контролирам	to control	[kɔntrɔˈliɾam]
2312	поголемиот	big, large, great	[pɔɡɔˈlɛmi(j)ɔt]
2313	кома	coma	[ˈkɔma]
2314	срамота	shame, shameful deed	[ˈsramɔta]
2315	традиција	tradition	[traˈdit͡si(j)a]
2316	возврат	reciprocation, retaliation, repayment	[ˈvɔzvrat]
2317	премин	passage	[ˈprɛmin]
2318	весници	newspaper	[ˈvɛsnit͡si]
2319	цвеќиња	flower	[ˈt͡svɛciɲa]
2320	возила	vehicle	[ˈvɔziɫa]
2321	командант	commander	[kɔmanˈdant]
2322	групи	group	[ˈɡrupi]
2323	заложник	hostage	[ˈzaɫɔʒnik]
2324	сали	hall	[ˈsali]
2325	кинески	Chinese	[ˈkinɛski]
2326	играчи	player	[ˈiɡrat͡ʃi]
2327	бре	used to express aggression, impatience, fervor or similar…	[brɛ]
2328	докаже	to prove	[ˈdɔkaʒɛ]
2329	хероин	heroin	[xɛɾɔˈin]
2330	надзор	supervision	[ˈnadzɔr]
2331	сериски	serially	[ˈsɛɾiski]
2332	специјално	specially, particularly	[spɛt͡siˈjaɫnɔ]
2333	овај	nonstandard form of овој	[ˈɔvaj]
2334	советник	adviser, counselor	[ˈsɔvɛtnik]
2335	грев	sin	[ɡrɛf]
2336	пропушти	to miss	[ˈprɔpuʃti]
2337	курви	whore, prostitute	[ˈkurvi]
2338	посилен	strong, powerful	[ˈpɔsilɛn]
2339	божја	God's, of God	[ˈbɔʒja]
2340	репутација	reputation	[rɛpuˈtat͡si(j)a]
2341	дар	gift, present	[dar]
2342	јаже	rope	[ˈjaʒɛ]
2343	исполни	to fill up	[ˈispɔɫni]
2344	стрела	arrow	[ˈstrɛɫa]
2345	сектор	sector	[ˈsɛktɔr]
2346	стап	stick, cane, rod, staff	[stap]
2347	волк	wolf	[vɔɫk]
2348	униформа	uniform	[uniˈfɔrma]
2349	зима	winter, wintertime	[ˈzima]
2350	стално	constantly, continuously, always, non-stop	[ˈstaɫnɔ]
2351	колачи	cake	[ˈkɔɫat͡ʃi]
2352	ловци	hunter	[ˈɫɔft͡si]
2353	прозорец	window	[ˈprɔzɔɾɛt͡s]
2354	медицински	medically	[mɛdiˈt͡sinski]
2355	пазар	bazaar, market, marketplace	[ˈpazar]
2356	маче	kitten	[ˈmat͡ʃɛ]
2357	страст	passion	[strast]
2358	сценарио	scenario	[st͡sɛˈnaɾi(j)ɔ]
2359	погледне	to take a look, look at	[ˈpɔɡlɛdnɛ]
2360	женско	woman, women	[ˈʒɛnskɔ]
2361	зборувал	to speak	[ˈzbɔɾuvaɫ]
2362	штити	to defend, shield, protect	[ˈʃtiti]
2363	помал	little, small	[ˈpɔmaɫ]
2364	работник	worker	[ˈrabɔtnik]
2365	ќути	to be silent, keep quiet	[ˈcuti]
2366	расположен	in some mood	[rasˈpɔɫɔʒɛn]
2367	брка	to chase, run after	[ˈbr̩ka]
2368	тренер	trainer, coach	[ˈtrɛnɛr]
2369	фантазија	imagination, fancy, vision	[fanˈtazi(j)a]
2370	ученик	student, pupil	[ˈut͡ʃɛnik]
2371	привремено	temporarily, provisionally	[priˈvrɛmɛnɔ]
2372	поента	point	[pɔˈɛnta]
2373	мерки	measurement	[ˈmɛrki]
2374	цар	czar, tsar, tzar	[t͡sar]
2375	комплетно	completely	[ˈkɔmplɛtnɔ]
2376	пријателки	female friend, girlfriend	[priˈjatɛɫki]
2377	впечаток	impression	[ˈfpɛt͡ʃatɔk]
2378	размислува	to think, ponder	[razˈmisɫuva]
2379	комбе	van	[ˈkɔmbɛ]
2380	бр	brr	[br̩]
2381	глупо	stupidly	[ˈɡɫupɔ]
2382	зелено	in green	[ˈzɛlɛnɔ]
2383	изврши	to perform, carry out	[ˈizvr̩ʃi]
2384	видови	sight	[ˈvidɔvi]
2385	биро	desk	[biˈrɔ]
2386	развод	divorce	[ˈrazvɔt]
2387	обвинет	accused, defendant	[ˈɔbvinɛt]
2388	чоколадо	chocolate	[t͡ʃɔkɔˈɫadɔ]
2389	топ	in a topnotch, great, awesome way	[tɔp]
2390	ситно	finely	[ˈsitnɔ]
2391	вреќа	sack, bag	[ˈvrɛca]
2392	празно	emptily, vacantly	[ˈpraznɔ]
2393	следење	to follow, tail	[ˈslɛdɛɲɛ]
2394	баз	sod, turf	/baːz/
2395	мајор	major	[ˈmajɔr]
2396	верзија	version	[ˈvɛrzi(j)a]
2397	омраза	hatred, odium, detestation	[ˈɔmraza]
2398	авантура	adventure	[avanˈtuɾa]
2399	убеди	to convince	[ˈubɛdi]
2400	заеднички	commonly, mutually	[zaˈɛdnit͡ʃki]
2401	газда	master, owner	[ˈɡazda]
2402	вон	outside	[vɔn]
2403	краде	to steal	[ˈkradɛ]
2404	трчаш	to run	[ˈtr̩t͡ʃaʃ]
2405	кутии	box	[ˈkutii]
2406	предмети	thing, object, entity	[ˈprɛdmɛti]
2407	потивко	quietly	[ˈpɔtifkɔ]
2408	читав	intact, whole	[ˈt͡ʃitaf]
2409	колеги	colleague	[kɔˈlɛɡi]
2410	преведе	to translate	[ˈprɛvɛdɛ]
2411	навика	habit	[ˈnavika]
2412	симбол	symbol	[ˈsimbɔɫ]
2413	странец	foreigner, alien, outlander	[ˈstranɛt͡s]
2414	векови	century	[ˈvɛkɔvi]
2415	заглавен	header, entry	[ˈzaɡɫavɛn]
2416	префрли	to transfer	[ˈprɛfr̩li]
2417	нација	nation	[ˈnat͡si(j)a]
2418	фаца	face	[ˈfat͡sa]
2419	вклучува	to switch on, to power up, to enable	[ˈfkɫut͡ʃuva]
2420	опа	used to express surprise at something daring on the part of…	[ˈɔpa]
2421	патници	traveler, passenger	[ˈpatnit͡si]
2422	одење	to go, walk	[ˈɔdɛɲɛ]
2423	челик	steel	[ˈt͡ʃɛlik]
2424	маја	ferment	[ˈmaja]
2425	граѓани	citizen	[ˈɡraɟani]
2426	раѓање	birth, childbirth	[ˈraɟaɲɛ]
2427	слушнато	to hear	[ˈsɫuʃnatɔ]
2428	двор	court, yard, courtyard	[dvɔr]
2429	пенкало	pen	[ˈpɛŋkaɫɔ]
2430	истече	to flow, flow out, outflow	[ˈistɛt͡ʃɛ]
2431	греј	to heat, warm up	[ɡrɛj]
2432	трча	to run	[ˈtr̩t͡ʃa]
2433	лисици	handcuffs	[ˈlisit͡si]
2434	жешка	hot	/ʒɛʃka/
2435	бојата	unspecified definite singular of боја f	[ˈbɔjata]
2436	врне	to rain	[ˈvr̩nɛ]
2437	третата	third	[ˈtrɛtata]
2438	израз	expression	[ˈizras]
2439	практично	practically, pragmatically	[ˈpraktit͡ʃnɔ]
2440	разговори	talk, conversation	[razˈɡɔvɔɾi]
2441	соништата	unspecified definite plural of сон m	[sɔˈniʃtata]
2442	џандар	cop, copper	[ˈd͡ʒandar]
2443	свиѓа	to like	[ˈsviɟa]
2444	иде	to come	[ˈidɛ]
2445	закани	threat	[ˈzakani]
2446	скапо	expensively, dearly	[ˈskapɔ]
2447	вреден	diligent, hardworking	[ˈvrɛdɛn]
2448	дебела	thick	[ˈdɛbɛɫa]
2449	непознат	unknown, unfamiliar	[ˈnɛpɔznat]
2450	лидер	leader	[ˈlidɛr]
2451	исправи	to straighten	[ˈispravi]
2452	прашуваат	to ask	[praˈʃuvaat]
2453	нервозна	upset, irritated, ill-tempered, angry	[ˈnɛrvɔzna]
2454	работници	worker	[raˈbɔtnit͡si]
2455	точки	point, dot	[ˈtɔt͡ʃki]
2456	ветер	wind	[ˈvɛtɛr]
2457	собира	to collect, gather	[ˈsɔbiɾa]
2458	јак	strong, firm	[jak]
2459	пушам	to smoke	[ˈpuʃam]
2460	нежно	gently, tenderly, caringly	[ˈnɛʒnɔ]
2461	шпион	spy	[ˈʃpi(j)ɔn]
2462	соработка	cooperation, collaboration	[sɔˈrabɔtka]
2463	ѕидови	wall	[ˈd͡zidɔvi]
2464	политички	politically	[pɔˈlitit͡ʃki]
2465	магла	fog	[ˈmaɡɫa]
2466	сеќавање	memory	[sɛˈcavaɲɛ]
2467	марш	march	[marʃ]
2468	најбрзо	fast, quickly, rapidly	[ˈnajbr̩zɔ]
2469	предизвик	challenge	[ˈprɛdizvik]
2470	лажен	to lie, tell lies	[ˈɫaʒɛn]
2471	застрелан	to shoot	[ˈzastrɛɫan]
2472	прошетка	walk, stroll	[ˈprɔʃɛtka]
2473	играше	to play	[ˈiɡraʃɛ]
2474	системи	system	[ˈsistɛmi]
2475	повлекување	to withdraw, pull back	[pɔvlɛˈkuvaɲɛ]
2476	братче	brother	[ˈbratt͡ʃɛ]
2477	обожавател	admirer, adorer	[ɔbɔˈʒavatɛɫ]
2478	путер	butter	[ˈputɛr]
2479	барајќи	to search, look for	[baˈrajci]
2480	отпуштен	to fire, sack	[ˈɔtpuʃtɛn]
2481	солзи	to tear up	[ˈsɔɫzi]
2482	трите	three	[ˈtritɛ]
2483	доручек	breakfast	[ˈdɔɾut͡ʃɛk]
2484	повикува	to call, summon	[pɔˈvikuva]
2485	та	and, so	[ta]
2486	винчестер	Winchester	[ˈvint͡ʃɛstɛr]
2487	линк	link, hyperlink	[liŋk]
2488	совест	conscience	[ˈsɔvɛst]
2489	настани	event, happening	[ˈnastani]
2490	предупреди	to warn, admonish	[prɛˈduprɛdi]
2491	тура	round	[ˈtuɾa]
2492	возрасен	adult, of age	[ˈvɔzrasɛn]
2493	предизвикува	to challenge	[prɛdizˈvikuva]
2494	тага	sadness, sorrow	[ˈtaɡa]
2495	нејзин	her, hers	[ˈnɛjzin]
2496	девица	virgin	[ˈdɛvit͡sa]
2497	скокај	to jump, spring, leap	[ˈskɔkaj]
2498	чујам	to hear	[ˈt͡ʃujam]
2499	пладне	noon	[ˈpɫadnɛ]
2500	сопствен	own	[ˈsɔpstvɛn]
2501	наназад	backward	[ˈnanazat]
2502	дрва	a tree	[ˈdr̩va]
2503	стотина	hundredth	[ˈstɔtina]
2504	килограми	plural of килограм m	[kiˈɫɔɡrami]
2505	шпански	Spanish	[ˈʃpanski]
2506	стапки	step	[ˈstapki]
2507	наследство	heritage, inheritance	[ˈnaslɛtstvɔ]
2508	вау	wow	[ˈvau]
2509	почека	to wait for a while	[ˈpɔt͡ʃɛka]
2510	оброк	meal	[ˈɔbrɔk]
2511	гледајќи	to see	[ɡlɛˈdajci]
2512	мај	the month of May	[maj]
2513	терорист	terrorist	[tɛɾɔˈrist]
2514	целосен	complete, entire	[ˈt͡sɛɫɔsɛn]
2515	пијана	drunk, drunken	[piˈjana]
2516	отпечатоци	print, imprint	[ɔtpɛˈt͡ʃatɔt͡si]
2517	победува	to win	[pɔˈbɛduva]
2518	ќерки	daughter	[ˈcɛrki]
2519	одзади	from behind	[ˈɔdzadi]
2520	лудост	craziness, a crazy act	[ˈɫudɔst]
2521	кила	hernia	[ˈkiɫa]
2522	кучки	bitch	[ˈkut͡ʃki]
2523	гревови	sin	[ˈɡrɛvɔvi]
2524	соочи	to confront, face	[ˈsɔɔt͡ʃi]
2525	екстра	great, awesome, superb	[ˈɛkstra]
2526	мед	honey	[mɛt]
2527	изненади	to surprise	[izˈnɛnadi]
2528	ѕвони	to ring	[ˈd͡zvɔni]
2529	гомнар	shithead	[ˈɡɔmnar]
2530	создава	to create	[ˈsɔzdava]
2531	ам	eating onomatopoeia, yum	[am]
2532	копче	button	[ˈkɔpt͡ʃɛ]
2533	дијаманти	diamond	[di(j)aˈmanti]
2534	замка	trap	[ˈzamka]
2535	власт	rule, power, dominion	[vɫast]
2536	благослов	blessing	[ˈbɫaɡɔsɫɔf]
2537	следува	to ensue	[ˈslɛduva]
2538	сношти	last night, last evening	[ˈsnɔʃti]
2539	северно	to the north of	[ˈsɛvɛrnɔ]
2540	ангели	angel	[ˈaŋɡɛli]
2541	сала	hall	[ˈsaɫa]
2542	наследник	heir	[ˈnaslɛdnik]
2543	психијатар	psychiatrist	[psixiˈjatar]
2544	јајце	egg	[ˈjajt͡sɛ]
2545	срца	heart	[ˈsr̩t͡sa]
2546	кислород	oxygen	[ˈkisɫɔɾɔt]
2547	откаже	to cancel	[ˈɔtkaʒɛ]
2548	апсење	to arrest, imprison	[ˈapsɛɲɛ]
2549	врева	noise, clamour, racket	[ˈvrɛva]
2550	баравме	to search, look for	[ˈbaɾavmɛ]
2551	идентитет	identity	[idɛntiˈtɛt]
2552	извести	to notify, inform	[ˈizvɛsti]
2553	линии	line	[ˈlinii]
2554	играв	to play	[ˈiɡraf]
2555	ами	but	[ˈami]
2556	извори	spring	[ˈizvɔɾi]
2557	избори	choice	[ˈizbɔɾi]
2558	род	tribe, family	[rɔt]
2559	накит	jewelry	[ˈnakit]
2560	мисла	thought	[ˈmisɫa]
2561	адвокати	lawyer	[aˈdvɔkati]
2562	река	river	[ˈrɛka]
2563	трето	thirdly	[ˈtrɛtɔ]
2564	глушец	mouse	[ˈɡɫuʃɛt͡s]
2565	јака	collar	[ˈjaka]
2566	набрзо	presently, shortly, soon	[ˈnabr̩zɔ]
2567	спорт	sport	[spɔrt]
2568	цвет	flower	[t͡svɛt]
2569	забележи	to notice	[zaˈbɛlɛʒi]
2570	џабе	in vain, for free	[ˈd͡ʒabɛ]
2571	скок	jump, leap	[skɔk]
2572	чинија	plate	[ˈt͡ʃini(j)a]
2573	ладен	cold, cool	[ˈɫadɛn]
2574	одржува	to hold, give	[ɔˈdr̩ʒuva]
2575	приоритет	priority	[pri(j)ɔɾiˈtɛt]
2576	женет	married	[ˈʒɛnɛt]
2577	мочам	to pee, urinate	[ˈmɔt͡ʃam]
2578	чудесно	wondrously, wonderfully, marvelously, miraculously	[ˈt͡ʃudɛsnɔ]
2579	деби	debut	[dɛˈbi]
2580	тон	tone, pitch	[tɔn]
2581	август	the month of August	[ˈavɡust]
2582	јужно	to the south of	[ˈjuʒnɔ]
2583	глупчо	dummy, silly thing	[ˈɡɫupt͡ʃɔ]
2584	белец	Caucasian, white	[ˈbɛlɛt͡s]
2585	спиј	to sleep	[spij]
2586	управува	to manage, direct, control	[uˈpravuva]
2587	гром	thunder	[ɡrɔm]
2588	рамо	shoulder	[ˈramɔ]
2589	споредба	comparison	[ˈspɔɾɛdba]
2590	шампањ	champagne	[ʃamˈpaɲ]
2591	ем	Used to express the coexistence of several conditions or…	[ɛm]
2592	барал	to search, look for	[ˈbaɾaɫ]
2593	активност	activity	[ˈaktivnɔst]
2594	дупки	hole, cavity, gap	[ˈdupki]
2595	вади	to take out, remove, pull out	[ˈvadi]
2596	олади	to cool	[ˈɔɫadi]
2597	потреби	need	[ˈpɔtrɛbi]
2598	чувствата	feeling, sensation	[ˈt͡ʃufstvata]
2599	приближува	to bring closer	[priˈbliʒuva]
2600	заседа	ambush	[ˈzasɛda]
2601	близок	near, proximate	[ˈblizɔk]
2602	метал	metal	[ˈmɛtaɫ]
2603	свеж	fresh	[svɛʃ]
2604	велосипед	bicycle	[vɛɫɔsiˈpɛt]
2605	компании	firm, company	[kɔmˈpanii]
2606	пациенти	patient	[pat͡siˈɛnti]
2607	лојалност	loyalty	[ˈɫɔjaɫnɔst]
2608	опции	option	[ˈɔpt͡sii]
2609	отпор	resistance	[ˈɔtpɔr]
2610	купува	to buy, purchase	[ˈkupuva]
2611	прашувате	to ask	[praˈʃuvatɛ]
2612	чекање	to wait, wait for, to await	[ˈt͡ʃɛkaɲɛ]
2613	содржи	to contain	[ˈsɔdr̩ʒi]
2614	загрижува	to worry, concern, disconcert	[zaˈɡriʒuva]
2615	десерт	dessert	[dɛˈsɛrt]
2616	студент	student, undergraduate	[stuˈdɛnt]
2617	вклучен	to turn on, activate	[ˈfkɫut͡ʃɛn]
2618	научник	scientist	[ˈnaut͡ʃnik]
2619	осуден	to sentence, convict, judge	[ˈɔsudɛn]
2620	телефони	telephone	[tɛlɛˈfɔni]
2621	презиме	surname	[ˈprɛzimɛ]
2622	океан	ocean	[ɔkɛˈan]
2623	вик	call, cry	[vik]
2624	уво	ear	[ˈuvɔ]
2625	мајстор	master	[ˈmajstɔr]
2626	производ	product	[ˈprɔizvɔt]
2627	скршен	to break, fracture	[ˈskr̩ʃɛn]
2628	заглави	to get stuck, be unable to continue	[ˈzaɡɫavi]
2629	улици	street	[ˈulit͡si]
2630	светска	global, of the world	[ˈsvɛtska]
2631	којшто	who, which, that	[ˈkɔjʃtɔ]
2632	заклетва	oath, pledge	[ˈzaklɛtva]
2633	сочувство	sympathy, empathy	[ˈsɔt͡ʃufstvɔ]
2634	избран	to choose, pick	[ˈizbran]
2635	април	the month of April	[ˈapriɫ]
2636	распоред	schedule	[ˈraspɔɾɛt]
2637	карпа	rock	[ˈkarpa]
2638	засилување	to strengthen, reinforce, amplify, intensify	[zasiˈɫuvaɲɛ]
2639	зборување	to speak	[zbɔˈruvaɲɛ]
2640	овен	ram	[ˈɔvɛn]
2641	мина	mine	[ˈmina]
2642	топки	ball	[ˈtɔpki]
2643	шупак	anus, asshole	[ˈʃupak]
2644	послужи	to serve	[ˈpɔsɫuʒi]
2645	пијалак	beverage, drink	[ˈpi(j)aɫak]
2646	акции	action	[ˈakt͡sii]
2647	експеримент	experiment	[ɛkspɛɾiˈmɛnt]
2648	одвратен	disgusting, revolting, repulsive, repugnant, loathsome	[ˈɔdvratɛn]
2649	извештаи	account, report	[izˈvɛʃtai]
2650	сјајно	glowingly, shinily	[ˈsjajnɔ]
2651	неопходно	indispensably, necessarily	[nɛˈɔpxɔdnɔ]
2652	лесен	easy, facile	[ˈlɛsɛn]
2653	психопат	psychopath	[psixɔˈpat]
2654	последици	consequence	[pɔˈslɛdit͡si]
2655	јасна	clear, straightforward, comprehensible	[ˈjasna]
2656	завршен	to end, finish	[ˈzavr̩ʃɛn]
2657	лента	ribbon, band	[ˈlɛnta]
2658	запознае	to meet, get to know	[zaˈpɔznaɛ]
2659	шах	shah	[ʃax]
2660	врзан	to tie	[ˈvr̩zan]
2661	навреди	to insult, offend	[ˈnavrɛdi]
2662	округ	county, district	[ˈɔkruk]
2663	шири	to spread, extend	[ˈʃiɾi]
2664	плоча	plate, slab, slate	[ˈpɫɔt͡ʃa]
2665	дели	to divide, separate	[ˈdɛli]
2666	прашина	dust	[ˈpraʃina]
2667	казни	punishment	[ˈkazni]
2668	измамник	swindler, conman, cheat, fraud, deceiver, faker, trickster	[ˈizmamnik]
2669	поубаво	beautifully	[pɔˈubavɔ]
2670	рунда	round	[ˈrunda]
2671	доцни	to be late, arrive late	[ˈdɔt͡sni]
2672	мрда	to move, stir, budge	[ˈmr̩da]
2673	езеро	lake	[ˈɛzɛɾɔ]
2674	предолго	too long	[ˈprɛdɔɫɡɔ]
2675	чу	to hear	[t͡ʃu]
2676	уништува	to destroy	[uˈniʃtuva]
2677	труд	effort, endeavor	[trut]
2678	билети	ticket	[biˈlɛti]
2679	гласови	voice	[ˈɡɫasɔvi]
2680	количка	car, motorcar, automobile	[ˈkɔlit͡ʃka]
2681	палата	court, palace	[ˈpaɫata]
2682	ѕвер	beast	[d͡zvɛr]
2683	досаден	boring, tedious	[ˈdɔsadɛn]
2684	храни	to feed	[ˈxrani]
2685	зделка	bargain, deal	[ˈzdɛɫka]
2686	студено	coldly	[ˈstudɛnɔ]
2687	порта	gate	[ˈpɔrta]
2688	злосторство	crime	[ˈzɫɔstɔrstvɔ]
2689	слабо	weakly	[ˈsɫabɔ]
2690	гарда	guard	[ˈɡarda]
2691	вооружен	armed	[vɔˈɔɾuʒɛn]
2692	стакло	glass	[ˈstakɫɔ]
2693	пензија	retirement	[ˈpɛnzi(j)a]
2694	храбро	bravely	[ˈxrabrɔ]
2695	издаде	to publish, release	[ˈizdadɛ]
2696	изговор	pronunciation	[ˈizɡɔvɔr]
2697	бои	color	[ˈbɔi]
2698	наеднаш	suddenly	[ˈnaɛdnaʃ]
2699	сечи	to cut	[ˈsɛt͡ʃi]
2700	степен	degree	[ˈstɛpɛn]
2701	исправно	in good order, properly	[ˈispravnɔ]
2702	совети	advice	[ˈsɔvɛti]
2703	свати	misspelling of сфати	[ˈsvati]
2704	пара	unit of money or physical manifestation of money	[ˈpaɾa]
2705	забавува	to entertain, amuse	[zaˈbavuva]
2706	бенд	band	[bɛnt]
2707	математика	mathematics	[matɛˈmatika]
2708	усни	lip	[ˈusni]
2709	видоа	to see, look	[ˈvidɔa]
2710	личности	person, individual	[ˈlit͡ʃnɔsti]
2711	скара	grill	[ˈskaɾa]
2712	златен	golden	[ˈzɫatɛn]
2713	разберете	to understand, comprehend	[raˈzbɛɾɛtɛ]
2714	трагедија	tragedy	[traˈɡɛdi(j)a]
2715	обука	training	[ˈɔbuka]
2716	отприлика	approximately, roughly	[ɔtˈprilika]
2717	неуспех	failure	[ˈnɛuspɛx]
2718	крадци	thief	[ˈkratt͡si]
2719	октомври	the month of October	[ɔkˈtɔɱvri]
2720	свињи	indefinite plural	[ˈsviɲi]
2721	плачам	to cry, weep	[ˈpɫat͡ʃam]
2722	дозволив	permissible, admissible	[ˈdɔzvɔlif]
2723	тепачка	fight, fighting, brawl, scuffle, dustup	[ˈtɛpat͡ʃka]
2724	хумор	humour	[ˈxumɔr]
2725	приближно	approximately	[ˈpribliʒnɔ]
2726	тежина	weight	[ˈtɛʒina]
2727	крши	to break	[ˈkr̩ʃi]
2728	страница	page	[ˈstranit͡sa]
2729	напаѓа	to attack	[ˈnapaɟa]
2730	пријателски	friendly	[priˈjatɛɫski]
2731	бања	bath	[ˈbaɲa]
2732	платен	to pay	[ˈpɫatɛn]
2733	базен	swimming pool	[baˈzɛn]
2734	инспектор	inspector, detective	[inˈspɛktɔr]
2735	тревога	trouble, anxiety, uneasiness, fluster, discomposure,…	[ˈtrɛvɔɡa]
2736	тигар	tiger	[ˈtiɡar]
2737	вики	a wiki	[ˈviki]
2738	стаорец	rat	[ˈstaɔɾɛt͡s]
2739	наречен	to call	[ˈnaɾɛt͡ʃɛn]
2740	кражба	theft, thievery	[ˈkraʒba]
2741	позиции	position	[pɔˈzit͡sii]
2742	водич	guide	[ˈvɔdit͡ʃ]
2743	воглавно	mainly, mostly	[ˈvɔɡɫavnɔ]
2744	врста	species	[ˈvr̩sta]
2745	уапси	to arrest, imprison	[ˈuapsi]
2746	дилан	to deal drugs	[ˈdiɫan]
2747	првин	first, firstly, to start with	[ˈpr̩vin]
2748	смирен	to appease, calm down	[ˈsmiɾɛn]
2749	записи	record, writing	[ˈzapisi]
2750	ракета	rocket	[raˈkɛta]
2751	бегаат	to run away	[ˈbɛɡaat]
2752	реалност	reality	[ˈrɛaɫnɔst]
2753	свириш	to play	[ˈsviɾiʃ]
2754	крст	cross	[kr̩st]
2755	чело	forehead	[ˈt͡ʃɛɫɔ]
2756	преземе	to take over	[ˈprɛzɛmɛ]
2757	болки	pain	[ˈbɔɫki]
2758	слетување	landing	[slɛˈtuvaɲɛ]
2759	стаорци	rat	[ˈstaɔrt͡si]
2760	колкумина	how many individuals	[kɔɫˈkumina]
2761	обвинител	prosecutor	[ɔbˈvinitɛɫ]
2762	деновите	day	[dɛˈnɔvitɛ]
2763	посака	to wish	[ˈpɔsaka]
2764	жено	woman	[ˈʒɛnɔ]
2765	удира	to hit, strike, punch	[ˈudiɾa]
2766	острови	island	[ˈɔstrɔvi]
2767	паричка	coin	[ˈpaɾit͡ʃka]
2768	ефект	effect	[ˈɛfɛkt]
2769	одвај	hardly, barely	[ˈɔdvaj]
2770	агенција	agency	[aˈɡɛnt͡si(j)a]
2771	ау	oh my	[ˈau]
2772	трчам	to run	[ˈtr̩t͡ʃam]
2773	сакан	to want, desire	[ˈsakan]
2774	нервира	to annoy, irritate	[nɛrˈviɾa]
2775	незгодно	inconveniently	[ˈnɛzɡɔdnɔ]
2776	дебели	thick	[ˈdɛbɛli]
2777	сал	only	[saɫ]
2778	привлече	to attract	[ˈprivlɛt͡ʃɛ]
2779	евра	euro	[ˈɛvra]
2780	активира	to activate	[aktiˈviɾa]
2781	војни	war	[ˈvɔjni]
2782	комбинација	combination	[kɔmbiˈnat͡si(j)a]
2783	општество	society	[ˈɔpʃtɛstvɔ]
2784	стол	chair	[stɔɫ]
2785	отпушти	to fire, sack	[ˈɔtpuʃti]
2786	руди	indefinite plural of руда f	[ˈrudi]
2787	лажно	falsely	[ˈɫaʒnɔ]
2788	истовремено	simultaneously	[istɔˈvrɛmɛnɔ]
2789	заложници	hostage	[zaˈɫɔʒnit͡si]
2790	сереш	to defecate, shit	[ˈsɛɾɛʃ]
2791	воини	warrior	[ˈvɔini]
2792	очила	glasses, spectacles	[ˈɔt͡ʃiɫa]
2793	чука	rocky peak	[ˈt͡ʃuka]
2794	баравте	to search, look for	[ˈbaɾaftɛ]
2795	буди	to wake, awaken, rouse	[ˈbudi]
2796	борци	fighter, combatant	[ˈbɔrt͡si]
2797	професионалец	professional	[prɔfɛsi(j)ɔˈnalɛt͡s]
2798	снемува	to run out, be depleted	[ˈsnɛmuva]
2799	покрив	guilty	[ˈpɔkrif]
2800	сојуз	alliance, union	[ˈsɔjus]
2801	значка	badge	[ˈznat͡ʃka]
2802	ортак	partner, associate	[ˈɔrtak]
2803	внука	granddaughter	[ˈvnuka]
2804	персонал	staff, personnel	[pɛrsɔˈnaɫ]
2805	слета	to land	[ˈslɛta]
2806	вила	fairy	[ˈviɫa]
2807	прозор	window	[ˈprɔzɔr]
2808	заработи	to earn	[zaˈrabɔti]
2809	негде	nonstandard form of некаде	[ˈnɛɡdɛ]
2810	залудно	in vain	[ˈzaɫudnɔ]
2811	оствари	to realize, carry out	[ˈɔstvaɾi]
2812	предавање	lecture	[prɛˈdavaɲɛ]
2813	гледавме	to see	[ˈɡlɛdavmɛ]
2814	снимање	to record	[ˈsnimaɲɛ]
2815	олку	this much, this	[ˈɔɫku]
2816	обезбеди	to ensure, secure	[ɔˈbɛzbɛdi]
2817	уметник	artist	[ˈumɛtnik]
2818	објави	to publish, divulge	[ˈɔbjavi]
2819	однесуваат	to carry, take	[ɔdnɛˈsuvaat]
2820	убеден	to convince	[ˈubɛdɛn]
2821	брада	beard	[ˈbrada]
2822	разнесе	to deliver, take to different places	[ˈraznɛsɛ]
2823	патики	sneaker, running shoe	[ˈpatiki]
2824	јадел	to eat	[ˈjadɛɫ]
2825	прашувај	to ask	[ˈpraʃuvaj]
2826	едноставен	simple	[ɛdˈnɔstavɛn]
2827	изрод	bastard	[ˈizrɔt]
2828	гаража	garage	[ɡaˈraʒa]
2829	тенк	tank	[tɛŋk]
2830	обратно	the other way around, vice versa, in the reverse manner	[ˈɔbratnɔ]
2831	секретарка	female secretary	[sɛkrɛˈtarka]
2832	публика	audience	[ˈpublika]
2833	тунел	tunnel	[ˈtunɛɫ]
2834	молитва	prayer	[ˈmɔlitva]
2835	бу	boo	[bu]
2836	капка	droplet, drop	[ˈkapka]
2837	новости	news	[ˈnɔvɔsti]
2838	виното	unspecified definite singular of вино n	[ˈvinɔtɔ]
2839	ставите	to put, place	[ˈstavitɛ]
2840	разочаран	to disappoint	[raˈzɔt͡ʃaɾan]
2841	сретне	to meet, encounter	[ˈsrɛtnɛ]
2842	врв	top, peak, summit	[vr̩f]
2843	лови	to hunt	[ˈɫɔvi]
2844	свирам	to play	[ˈsviɾam]
2845	татковци	plural of татко m	[ˈtatkɔft͡si]
2846	привлекува	to attract	[priˈvlɛkuva]
2847	движења	movement, motion	[ˈdviʒɛɲa]
2848	злобен	evil, wicked	[ˈzɫɔbɛn]
2849	добровечер	good evening	[dɔbˈrɔvɛt͡ʃɛr]
2850	пристигне	to arrive	[ˈpristiɡnɛ]
2851	знаме	flag, banner, standard	[ˈznamɛ]
2852	летање	to fly	[ˈlɛtaɲɛ]
2853	главно	mainly, mostly	[ˈɡɫavnɔ]
2854	одред	regiment, unit	[ˈɔdrɛt]
2855	ко	how	[kɔ]
2856	тетоважа	tattoo	[tɛtɔˈvaʒa]
2857	вонземјани	plural of вонземјанин m	[vɔnˈzɛmjani]
2858	цврст	hard, firm, fixed, stable, immovable	[t͡svr̩st]
2859	бранови	wave	[ˈbranɔvi]
2860	љубезен	friendly, polite, kind, obliging, courteous	[ˈʎubɛzɛn]
2861	испрашување	to interrogate, question	[ispraˈʃuvaɲɛ]
2862	измисли	to make up, invent, fabricate	[ˈizmisli]
2863	десетина	ten	[dɛˈsɛtina]
2864	водите	water	[ˈvɔditɛ]
2865	паднат	to fall	[ˈpadnat]
2866	бесен	furious, enraged	[ˈbɛsɛn]
2867	размена	exchange	[ˈrazmɛna]
2868	напредува	to progress	[naˈprɛduva]
2869	правење	to make	[ˈpravɛɲɛ]
2870	дарба	talent, aptitude	[ˈdarba]
2871	шопинг	shopping	[ˈʃɔpiŋk]
2872	соседи	neighbor	[ˈsɔsɛdi]
2873	септември	the month of September	[sɛpˈtɛɱvri]
2874	чуеш	to hear	[ˈt͡ʃuɛʃ]
2875	навреме	on time	[ˈnavrɛmɛ]
2876	седмица	seven	[ˈsɛdmit͡sa]
2877	ослободен	to free, liberate	[ɔˈsɫɔbɔdɛn]
2878	проценка	estimate, approximation	[ˈprɔt͡sɛŋka]
2879	овошје	fruit	[ˈɔvɔʃjɛ]
2880	сери	to defecate, shit	/ˈsæri/
2881	доза	dose	[ˈdɔza]
2882	љубопитен	curious, inquisitive	[ʎuˈbɔpitɛn]
2883	подготвува	to prepare	[pɔdˈɡɔtvuva]
2884	напротив	on the contrary	[ˈnaprɔtif]
2885	спиел	to sleep	[ˈspi(j)ɛɫ]
2886	чамец	boat	[ˈt͡ʃamɛt͡s]
2887	анализа	analysis	[anaˈliza]
2888	сешто	everything	[ˈsɛʃtɔ]
2889	бинго	bingo	[ˈbiŋɡɔ]
2890	обзир	misspelling of обѕир	[ˈɔbzir]
2891	употреба	use, usage	[uˈpɔtrɛba]
2892	претпоставка	assumption, supposition	[prɛtˈpɔstafka]
2893	машини	machine	[ˈmaʃini]
2894	брани	to defend	[ˈbrani]
2895	најчесто	common, frequent	[ˈnajt͡ʃɛstɔ]
2896	колаче	cookie	[ˈkɔɫat͡ʃɛ]
2897	исклучок	exception	[ˈiskɫut͡ʃɔk]
2898	спремно	readily	[ˈsprɛmnɔ]
2899	дневник	diary, journal	[ˈdnɛvnik]
2900	клас	ear, spike	[kɫas]
2901	пепел	ash, cinder	[ˈpɛpɛɫ]
2902	недоразбирање	misunderstanding	[nɛdɔɾazˈbiɾaɲɛ]
2903	танцување	to dance	[tanˈt͡suvaɲɛ]
2904	крвари	to bleed	[ˈkr̩vaɾi]
2905	прашаме	to ask	[ˈpraʃamɛ]
2906	лист	leaf	[list]
2907	култура	culture	[kuɫˈtuɾa]
2908	свежо	freshly	[ˈsvɛʒɔ]
2909	професија	profession	[prɔˈfɛsi(j)a]
2910	разбравте	to understand, comprehend	[ˈrazbraftɛ]
2911	волци	wolf	[ˈvɔɫt͡si]
2912	преглед	examination	[ˈprɛɡlɛt]
2913	легално	legally	[ˈlɛɡaɫnɔ]
2914	партија	party	[ˈparti(j)a]
2915	зголемува	to increase, magnify	[zɡɔˈlɛmuva]
2916	царство	empire	[ˈt͡sarstvɔ]
2917	рекорд	record	[ˈrɛkɔrt]
2918	туш	shower	[tuʃ]
2919	доктори	doctor	[ˈdɔktɔɾi]
2920	меѓусебно	mutually, reciprocally	[mɛˈɟusɛbnɔ]
2921	картички	card	[ˈkartit͡ʃki]
2922	меѓутоа	however	[mɛˈɟutɔa]
2923	нѐ	Short direct object form of ние	[nɛ]
2924	централа	headquarters	[t͡sɛnˈtraɫa]
2925	комуникација	communication	[kɔmuniˈkat͡si(j)a]
2926	паркинг	parking lot, parking space	[ˈparkiŋk]
2927	импресиониран	to impress, amaze	[imprɛsi(j)ɔˈniɾan]
2928	евреин	Jew	[ˈɛvrɛin]
2929	емисија	radio or television program	[ɛˈmisi(j)a]
2930	оставка	resignation	[ˈɔstafka]
2931	студенти	indefinite plural	[stuˈdɛnti]
2932	крајно	extremely	[ˈkrajnɔ]
2933	волшебник	wizard, sorcerer, magician	[ˈvɔɫʃɛbnik]
2934	нелегално	illegally	[nɛˈlɛɡaɫnɔ]
2935	мака	pain, suffering, anguish, torment, torture	[ˈmaka]
2936	органи	organ	[ˈɔrɡani]
2937	роботи	robot	[ˈrɔbɔti]
2938	расипан	broken, out of order	[ˈrasipan]
2939	изненадувања	surprise	[iznɛnaˈduvaɲa]
2940	обврски	obligation	[ˈɔbvr̩ski]
2941	флота	fleet, navy	[ˈfɫɔta]
2942	услов	condition	[ˈusɫɔf]
2943	намери	intention	[ˈnamɛɾi]
2944	евакуација	evacuation	[ɛvakuˈat͡si(j)a]
2945	мистерија	mystery	[misˈtɛɾi(j)a]
2946	престанат	to stop, cease	[ˈprɛstanat]
2947	потера	manhunt, chase, pursuit	[ˈpɔtɛɾa]
2948	морски	sea; marine	[ˈmɔrski]
2949	кловн	clown	[ˈkɫɔvn̩]
2950	сребро	silver	[ˈsrɛbrɔ]
2951	поздравете	to greet, salute	[pɔzˈdravɛtɛ]
2952	ерл	earl	[ˈɛrɫ̩]
2953	аларм	alarm	[aˈɫarm]
2954	исечам	to cut	[ˈisɛt͡ʃam]
2955	потенцијал	potential	[pɔtɛnt͡siˈjaɫ]
2956	температура	temperature	[tɛmpɛɾaˈtuɾa]
2957	триесет	thirty	[ˈtri(j)ɛsɛt]
2958	колекција	collection	[kɔˈlɛkt͡si(j)a]
2959	висина	height	[ˈvisina]
2960	мајмуни	indefinite plural	[ˈmajmuni]
2961	бакшиш	tip	[ˈbakʃiʃ]
2962	пасош	passport	[ˈpasɔʃ]
2963	грубо	coarsely, roughly	[ˈɡrubɔ]
2964	хит	hit	[xit]
2965	работеле	to work, labour	[raˈbɔtɛlɛ]
2966	патрола	patrol	[patˈrɔɫa]
2967	шифра	code, cipher	[ˈʃifra]
2968	терористички	terroristically	[tɛɾɔˈristit͡ʃki]
2969	сеф	safe, vault	[sɛf]
2970	циркус	circus	[ˈt͡sirkus]
2971	гнездо	nest	[ˈɡnɛzdɔ]
2972	повреда	injury	[ˈpɔvrɛda]
2973	крпа	towel	[ˈkr̩pa]
2974	признание	acknowledgement, recognition	[priˈznani(j)ɛ]
2975	жители	inhabitant, denizen, resident, occupant, dweller	[ˈʒitɛli]
2976	маица	T-shirt	[ˈmait͡sa]
2977	пијат	to drink	[ˈpi(j)at]
2978	домови	home, house	[ˈdɔmɔvi]
2979	пиле	chick	[ˈpilɛ]
2980	тврдина	fortress	[ˈtvr̩dina]
2981	нафта	oil, petroleum	[ˈnafta]
2982	покер	poker	[ˈpɔkɛr]
2983	долна	lower, bottom	[ˈdɔɫna]
2984	чуе	to hear	[ˈt͡ʃuɛ]
2985	леди	lady	[ˈlɛdi]
2986	пратка	consignment, shipment	[ˈpratka]
2987	зимата	winter, wintertime	[ˈzimata]
2988	жали	to mourn, grieve, lament	[ˈʒali]
2989	прошка	forgiveness, pardon, amnesty	[ˈprɔʃka]
2990	отвора	to open	[ˈɔtvɔɾa]
2991	говориш	to speak, talk	[ˈɡɔvɔɾiʃ]
2992	допир	touch	[ˈdɔpir]
2993	мртовец	dead person, decedent	[ˈmr̩tɔvɛt͡s]
2994	мрак	darkness	[mrak]
2995	сомнение	doubt	[sɔˈmnɛni(j)ɛ]
2996	клетва	curse	[ˈklɛtva]
2997	зелен	green	[ˈzɛlɛn]
2998	љубезно	politely	[ˈʎubɛznɔ]
2999	налути	to anger	[ˈnaɫuti]
3000	стратегија	strategy	[straˈtɛɡi(j)a]
3001	прегратка	hug, embrace	[ˈprɛɡratka]
3002	одвнатре	misspelling of однатре	[ˈɔdvnatrɛ]
3003	лига	league, association	[ˈliɡa]
3004	злосторства	crime	[ˈzɫɔstɔrstva]
3005	странци	foreigner, alien, outlander	[ˈstrant͡si]
3006	читање	to read	[ˈt͡ʃitaɲɛ]
3007	чизми	indefinite plural of чи́зма	[ˈt͡ʃizmi]
3008	обожава	to worship, adore	[ɔˈbɔʒava]
3009	перење	to wash	[ˈpɛɾɛɲɛ]
3010	федерален	federal	[fɛdɛˈralɛn]
3011	текне	to remember, think of, come to mind	[ˈtɛknɛ]
3012	документ	document	[dɔkuˈmɛnt]
3013	вљубен	in love	[ˈvʎubɛn]
3014	поврзаност	connection, affiliation	[pɔˈvr̩zanɔst]
3015	бараа	to search, look for	[ˈbaɾaa]
3016	фатен	to catch	[ˈfatɛn]
3017	форд	Ford	[fɔrt]
3018	су	nonstandard form of сум	[su]
3019	потекло	origin	[ˈpɔtɛkɫɔ]
3020	ноќна	nocturnal, nightly	[ˈnɔcna]
3021	факти	fact	[ˈfakti]
3022	седев	to sit, be seated	[ˈsɛdɛf]
3023	империја	empire	[imˈpɛɾi(j)a]
3024	бегалец	refugee, fugitive	[ˈbɛɡalɛt͡s]
3025	ноќен	nocturnal, nightly	[ˈnɔcɛn]
3026	почитува	to respect	[pɔˈt͡ʃituva]
3027	изјави	declaration, statement	[ˈizjavi]
3028	признае	to admit, acknowledge	[ˈpriznaɛ]
3029	кошарка	basketball	[ˈkɔʃarka]
3030	верен	loyal, faithful, true, staunch, stalwart, devoted	[ˈvɛɾɛn]
3031	фан	fan	[fan]
3032	потроши	to spend	[ˈpɔtrɔʃi]
3033	шеги	joke, jest	[ˈʃɛɡi]
3034	штит	shield	[ʃtit]
3035	кученце	dog	[ˈkut͡ʃɛnt͡sɛ]
3036	саати	clock	[ˈsaːti]
3037	приближи	to bring closer, pull closer	[ˈpribliʒi]
3038	успешно	successfully	[ˈuspɛʃnɔ]
3039	данок	tax	[ˈdanɔk]
3040	овозможи	to enable, make possible	[ɔˈvɔzmɔʒi]
3041	гнев	wrath, anger, fury	[ɡnɛf]
3042	пустина	desert	[ˈpustina]
3043	примероци	sample	[priˈmɛɾɔt͡si]
3044	зборувајте	to speak	[zbɔˈruvajtɛ]
3045	разбереме	to understand, comprehend	[raˈzbɛɾɛmɛ]
3046	избрка	to kick out, banish, expel	[ˈizbr̩ka]
3047	играл	to play	[ˈiɡraɫ]
3048	снима	to record	[ˈsnima]
3049	глупаци	idiot, fool, simpleton, stupid person	[ˈɡɫupat͡si]
3050	карате	karate	[kaˈratɛ]
3051	внимава	to pay attention	[ˈvnimava]
3052	сино	in blue	[ˈsinɔ]
3053	набрзина	in a rush	[naˈbr̩zina]
3054	темнина	darkness	[ˈtɛmnina]
3055	седмици	seven	[ˈsɛdmit͡si]
3056	готви	to cook	[ˈɡɔtvi]
3057	третман	treatment	[ˈtrɛtman]
3058	корисно	usefully	[ˈkɔɾisnɔ]
3059	идентификација	identification	[idɛntifiˈkat͡si(j)a]
3060	фаќа	to catch, seize	[ˈfaca]
3061	болести	illness, disease, sickness, malady, ailment	[ˈbɔlɛsti]
3062	камо	where is, give me X	[ˈkamɔ]
3063	коментар	comment	[kɔmɛnˈtar]
3064	потпис	signature	[ˈpɔtpis]
3065	исплати	to pay out	[ˈispɫati]
3066	сиот	entire, whole, all	[ˈsi(j)ɔt]
3067	цајкан	cop, copper	[ˈt͡sajkan]
3068	безбол	baseball	[ˈbɛzbɔɫ]
3069	индустрија	industry	[inˈdustri(j)a]
3070	пресели	to move, relocate	[ˈprɛsɛli]
3071	киднапирање	to kidnap	[kidnaˈpiɾaɲɛ]
3072	свето	in a holy way	[ˈsvɛtɔ]
3073	евреи	Jew	[ˈɛvrɛi]
3074	мудар	wise	[ˈmudar]
3075	печат	seal, stamp	[ˈpɛt͡ʃat]
3076	придружба	escort	[ˈpridruʒba]
3077	задачи	task, assignment	[ˈzadat͡ʃi]
3078	спална	ellipsis of спална соба: bedroom	[ˈspaɫna]
3079	пресуда	sentence, judgement, verdict	[ˈprɛsuda]
3080	троши	to spend, use up, waste, deplete	[ˈtrɔʃi]
3081	заговор	conspiracy	[ˈzaɡɔvɔr]
3082	одбива	to refuse, reject, reflect, repulse, deflect	[ˈɔdbiva]
3083	обвини	to blame, accuse	[ˈɔbvini]
3084	чекан	to wait, wait for, to await	[ˈt͡ʃɛkan]
3085	погласно	loud	[ˈpɔɡɫasnɔ]
3086	продавач	salesman, vendor	[ˈprɔdavat͡ʃ]
3087	пробува	to try, test	[ˈprɔbuva]
3088	докажува	to prove	[dɔˈkaʒuva]
3089	кралеви	king	[ˈkralɛvi]
3090	недостаток	disadvantage, fault	[nɛˈdɔstatɔk]
3091	поштеди	to spare	[ˈpɔʃtɛdi]
3092	изведе	to perform, execute	[ˈizvɛdɛ]
3093	мудро	wisely	[ˈmudrɔ]
3094	строго	strictly	[ˈstrɔɡɔ]
3095	источно	to the east of	[ˈistɔt͡ʃnɔ]
3096	џина	count plural of џин m	[ˈd͡ʒina]
3097	жеден	thirsty	[ˈʒɛdɛn]
3098	јануари	January	[januˈaɾi]
3099	успешен	successful	[ˈuspɛʃɛn]
3100	цени	to appreciate, value	[ˈt͡sɛni]
3101	страда	to suffer	[ˈstrada]
3102	пеги	freckle	[ˈpɛɡi]
3103	пери	to wash	[ˈpɛɾi]
3104	плачи	to cry, weep	[ˈpɫat͡ʃi]
3105	кампања	campaign	[kamˈpaɲa]
3106	одреден	certain, determined, particular	[ˈɔdrɛdɛn]
3107	ужива	to enjoy, relish	[ˈuʒiva]
3108	количина	quantity	[kɔˈlit͡ʃina]
3109	глуми	to act, pretend	[ˈɡɫumi]
3110	вселенски	outer space	[ˈfsɛlɛnski]
3111	згради	building	[ˈzɡradi]
3112	стражари	to stand guard	[ˈstraʒaɾi]
3113	дадилка	nanny	[ˈdadiɫka]
3114	очаен	desperate	[ˈɔt͡ʃaɛn]
3115	американска	American	[amɛˈrikanska]
3116	објект	object	[ˈɔbjɛkt]
3117	сума	sum	[ˈsuma]
3118	стока	livestock	[ˈstɔka]
3119	јури	to charge	[ˈjuɾi]
3120	појас	belt, girdle	[ˈpɔjas]
3121	копии	copy, duplicate	[ˈkɔpii]
3122	рози	rose	[ˈrɔzi]
3123	помлад	young	[ˈpɔmɫat]
3124	приватност	privacy	[ˈprivatnɔst]
3125	леа	garden plot	[ˈlɛa]
3126	пророк	prophet	[ˈprɔɾɔk]
3127	перфектно	perfectly	[pɛrˈfɛktnɔ]
3128	шета	to stroll, promenade, take a walk	[ˈʃɛta]
3129	концерт	concert	[ˈkɔnt͡sɛrt]
3130	заебава	to screw with, poke fun at, take the piss	[zaɛˈbava]
3131	ебете	to fuck, screw	[ˈɛbɛtɛ]
3132	цевка	tube, pipe	[ˈt͡sɛfka]
3133	рашири	to stretch, extend, expand	[ˈraʃiɾi]
3134	соработува	to cooperate, collaborate	[sɔɾaˈbɔtuva]
3135	плен	prey	[plɛn]
3136	збориме	to speak	[ˈzbɔɾimɛ]
3137	планини	indefinite plural	[ˈpɫanini]
3138	нуди	to offer	[ˈnudi]
3139	дојден	to come, arrive	[ˈdɔjdɛn]
3140	природен	natural	[ˈpriɾɔdɛn]
3141	фраер	hotshot, cool guy	[ˈfraɛr]
3142	страници	page	[ˈstranit͡si]
3143	статија	article	[ˈstati(j)a]
3144	крива	curve	[ˈkriva]
3145	посетители	visitor	[pɔsɛˈtitɛli]
3146	валкан	dirty, filthy, unclean	[ˈvaɫkan]
3147	остатоци	remainder, rest, leftover	[ɔˈstatɔt͡si]
3148	компири	potato	[ˈkɔmpiɾi]
3149	романтично	romantically	[rɔˈmantit͡ʃnɔ]
3150	ужас	horror, terror	[ˈuʒas]
3151	ебат	to fuck, screw	[ˈɛbat]
3152	журка	party	[ˈʒurka]
3153	семеен	familial	[ˈsɛmɛɛn]
3154	конференција	conference	[kɔɱfɛˈrɛnt͡si(j)a]
3155	разбравме	to understand, comprehend	[ˈrazbravmɛ]
3156	помала	little, small	[ˈpɔmaɫa]
3157	цимер	roommate	[ˈt͡simɛr]
3158	прашајте	to ask	[ˈpraʃajtɛ]
3159	учење	to learn, study	[ˈut͡ʃɛɲɛ]
3160	којзнае	who knows, God knows	[ˈkɔjznaɛ]
3161	жица	wire	[ˈʒit͡sa]
3162	меден	made with honey	[ˈmɛdɛn]
3163	топол	hot, warm	[ˈtɔpɔɫ]
3164	транспорт	transport, transportation	[ˈtranspɔrt]
3165	рецепт	recipe	[ˈrɛt͡sɛpt]
3166	компјутери	computer	[kɔmˈpjutɛɾi]
3167	жити	Particle used in implorations	[ˈʒiti]
3168	полош	bad, poor	[ˈpɔɫɔʃ]
3169	пад	fall	[pat]
3170	почитување	honouring, respect, esteem	[pɔt͡ʃiˈtuvaɲɛ]
3171	потпише	to sign	[ˈpɔtpiʃɛ]
3172	предци	ancestor, forefather	[ˈprɛtt͡si]
3173	драма	drama	[ˈdrama]
3174	невеста	bride	[ˈnɛvɛsta]
3175	меморија	memory	[mɛˈmɔɾi(j)a]
3176	груб	rough, crude, coarse	[ɡrup]
3177	фризура	hairstyle, haircut	[friˈzuɾa]
3178	внесе	to bring in	[ˈvnɛsɛ]
3179	универзум	universe	[uniˈvɛrzum]
3180	ноември	the month of November	[nɔˈɛɱvri]
3181	очајно	desperately	[ˈɔt͡ʃajnɔ]
3182	молитви	to pray; to say a prayer	[ˈmɔlitvi]
3183	разбирање	to understand, comprehend	[razˈbiɾaɲɛ]
3184	камиони	truck	[kamiˈɔni]
3185	награди	award, reward	[ˈnaɡradi]
3186	оправдување	justification, excuse	[ɔpravˈduvaɲɛ]
3187	нежен	gentle, affectionate, loving	[ˈnɛʒɛn]
3188	западно	to the west of	[ˈzapadnɔ]
3189	палто	coat	[ˈpaɫtɔ]
3190	техника	machinery, equipment	[ˈtɛxnika]
3191	месечно	monthly, per month	[ˈmɛsɛt͡ʃnɔ]
3192	јапонски	Japanese	[ˈjapɔnski]
3193	игравме	to play	[ˈiɡravmɛ]
3194	статус	status	[ˈstatus]
3195	одела	suit	[ˈɔdɛɫa]
3196	куфер	suitcase	[ˈkufɛr]
3197	долгови	debt	[ˈdɔɫɡɔvi]
3198	борби	struggle, battle, combat	[ˈbɔrbi]
3199	март	the month of March	[mart]
3200	реагира	to react	[rɛaˈɡiɾa]
3201	игла	needle	[ˈiɡɫa]
3202	допира	to touch	[ˈdɔpiɾa]
3203	храбри	bold, courageous, brave, daring, valiant, gallant	[ˈxrabri]
3204	ставија	to put, place	[ˈstavi(j)a]
3205	претстави	performance	[ˈprɛtstavi]
3206	заштитен	to protect, shield	[ˈzaʃtitɛn]
3207	вежбање	practice, exercise, drill	[ˈvɛʒbaɲɛ]
3208	турнир	tournament, tourney	[ˈturnir]
3209	интереси	interest	[inˈtɛɾɛsi]
3210	убиваме	to kill	[uˈbivamɛ]
3211	развој	development	[ˈrazvɔj]
3212	актер	performer	[ˈaktɛr]
3213	сведочи	to testify, prove	[ˈsvɛdɔt͡ʃi]
3214	студио	studio	[ˈstudi(j)ɔ]
3215	детска	ellipsis of детска соба: child's room, children's room,…	[ˈdɛtska]
3216	кг	kg	/kɛg/
3217	односно	that is, i.e., in other words	[ˈɔdnɔsnɔ]
3218	негативно	negatively	[nɛɡaˈtivnɔ]
3219	годишнина	anniversary	[ɡɔˈdiʃnina]
3220	кафез	cage	[ˈkafɛs]
3221	губитници	loser, failure	[ɡuˈbitnit͡si]
3222	школа	school	[ʃˈkɔɫa]
3223	топлина	warmth, heat	[ˈtɔplina]
3224	вод	platoon	[vɔt]
3225	музеј	museum	[muˈzɛj]
3226	успори	to slow down, decelerate	[ˈuspɔɾi]
3227	предложи	to suggest, propose	[ˈprɛdɫɔʒi]
3228	тајност	secrecy	[ˈtajnɔst]
3229	трчајте	to run	[ˈtr̩t͡ʃajtɛ]
3230	пички	pussy, cunt	[ˈpit͡ʃki]
3231	јуни	the month of June	[ˈjuni]
3232	сексуално	sexually	[sɛksuˈaɫnɔ]
3233	аби	to wear away, wear out, blunt	[ˈabi]
3234	директен	direct	[ˈdiɾɛktɛn]
3235	нечиј	someone's	[ˈnɛt͡ʃij]
3236	двојка	pair, couple	[ˈdvɔjka]
3237	ковчег	chest	[ˈkɔft͡ʃɛk]
3238	почесто	common, frequent	[ˈpɔt͡ʃɛstɔ]
3239	оклоп	armour	[ˈɔkɫɔp]
3240	исече	to cut	[ˈisɛt͡ʃɛ]
3241	масажа	massage	[maˈsaʒa]
3242	религија	religion	[rɛˈliɡi(j)a]
3243	ситуации	situation	[situˈat͡sii]
3244	заб	tooth	[zap]
3245	напушта	to leave, abandon	[ˈnapuʃta]
3246	пештера	cave	[ˈpɛʃtɛɾa]
3247	екстремно	extremely	[ˈɛkstrɛmnɔ]
3248	процедура	procedure	[prɔt͡sɛˈduɾa]
3249	пренос	transfer	[ˈprɛnɔs]
3250	воља	misspelling of волја	[ˈvɔʎa]
3251	пропаст	chasm, abyss	[ˈprɔpast]
3252	грд	ugly, hideous	[ɡr̩t]
3253	промаши	to miss	[ˈprɔmaʃi]
3254	бонус	bonus	[ˈbɔnus]
3255	јавност	public	[ˈjavnɔst]
3256	рачно	manually	[ˈrat͡ʃnɔ]
3257	бивш	past, previous, ex	[bifʃ]
3258	кинеска	Chinese	[ˈkinɛska]
3259	храм	temple	[xram]
3260	хоби	hobby	[ˈxɔbi]
3261	мачење	to torture, torment	[ˈmat͡ʃɛɲɛ]
3262	научници	scientist	[naˈut͡ʃnit͡si]
3263	работела	to work, labour	[raˈbɔtɛɫa]
3264	детството	unspecified definite singular of детство n	[ˈdɛtstvɔtɔ]
3265	испраќа	to send	[ˈispraca]
3266	снегот	unspecified definite singular of снег m	[ˈsnɛɡɔt]
3267	откритие	revelation, discovery	[ɔtˈkriti(j)ɛ]
3268	бејзбол	baseball	[ˈbɛjzbɔɫ]
3269	сосед	neighbor	[ˈsɔsɛt]
3270	датум	date	[ˈdatum]
3271	сними	to record	[ˈsnimi]
3272	слепа	blind	[ˈslɛpa]
3273	убивај	to kill	[ˈubivaj]
3274	уплашен	to scare, frighten	[ˈupɫaʃɛn]
3275	грда	ugly, hideous	[ˈɡr̩da]
3276	готвач	cook, chef	[ˈɡɔtvat͡ʃ]
3277	поглавје	chapter	[ˈpɔɡɫavjɛ]
3278	производство	production, manufacture	[prɔˈizvɔtstvɔ]
3279	разбрал	to understand, comprehend	[ˈrazbraɫ]
3280	порасне	to grow up	[ˈpɔɾasnɛ]
3281	бендот	unspecified definite singular of бенд m	[ˈbɛndɔt]
3282	излегување	to exit, go out, leave	[izlɛˈɡuvaɲɛ]
3283	почувствува	to feel	[pɔˈt͡ʃufstvuva]
3284	танцува	to dance	[ˈtant͡suva]
3285	заминување	to leave, depart	[zamiˈnuvaɲɛ]
3286	поклони	to bestow, gift, give as a gift	[ˈpɔkɫɔni]
3287	вратила	horizontal bar	[ˈvratiɫa]
3288	тргнува	to depart	[ˈtr̩ɡnuva]
3289	државен	national, statal	[ˈdr̩ʒavɛn]
3290	службеник	employee	[ˈsɫuʒbɛnik]
3291	граѓанин	citizen	[ˈɡraɟanin]
3292	доближи	to bring closer, pull closer	[ˈdɔbliʒi]
3293	суштина	essence	[ˈsuʃtina]
3294	испадне	to turn out, prove to be	[ˈispadnɛ]
3295	преживување	to survive, live through	[prɛʒiˈvuvaɲɛ]
3296	ослободување	liberation	[ɔsɫɔbɔˈduvaɲɛ]
3297	џуџе	dwarf, midget, elf	[ˈd͡ʒud͡ʒɛ]
3298	кандидат	candidate	[kandiˈdat]
3299	одземе	to subtract, take away	[ˈɔdzɛmɛ]
3300	гаранција	guarantee	[ɡaˈrant͡si(j)a]
3301	исклучително	exceptionally, extraordinarily	[iskɫuˈt͡ʃitɛɫnɔ]
3302	викаа	to shout, yell	[ˈvikaa]
3303	трговија	trade, commerce	[tr̩ˈɡɔvi(j)a]
3304	законски	legally, legislatively	[ˈzakɔnski]
3305	прашал	masculine singular imperfect/aorist l-participle of праша	[ˈpraʃaɫ]
3306	живеење	to live	[ʒiˈvɛɛɲɛ]
3307	извонредно	extraordinarily, superbly	[izˈvɔnrɛdnɔ]
3308	гаден	disgusting, revolting, icky, vile	[ˈɡadɛn]
3309	кратки	ellipsis of кратки ракави	[ˈkratki]
3310	брилијантно	brilliantly, ingeniously	[briliˈjantnɔ]
3311	соработник	coworker	[sɔˈrabɔtnik]
3312	соло	solo	[ˈsɔɫɔ]
3313	комплимент	compliment	[kɔmpliˈmɛnt]
3314	шкампи	shrimps	[ʃˈkampi]
3315	седумте	seven	[ˈsɛdumtɛ]
3316	пушта	to let, let go, release	[ˈpuʃta]
3317	постоење	to exist	[pɔˈstɔɛɲɛ]
3318	ракавици	glove, gauntlet	[raˈkavit͡si]
3319	курс	course	[kurs]
3320	кршење	to break	[ˈkr̩ʃɛɲɛ]
3321	прекрши	to violate, infringe, breach	[ˈprɛkr̩ʃi]
3322	змии	indefinite plural	[ˈzmii]
3323	валкано	dirtily	[ˈvaɫkanɔ]
3324	заповед	command, order	[ˈzapɔvɛt]
3325	водете	to lead, guide	[ˈvɔdɛtɛ]
3326	чета	troop, squad	[ˈt͡ʃɛta]
3327	медал	medal	[ˈmɛdaɫ]
3328	гума	rubber	[ˈɡuma]
3329	дивизија	division	[diˈvizi(j)a]
3330	најден	to find	[ˈnajdɛn]
3331	чаши	indefinite plural	[ˈt͡ʃaʃi]
3332	кеси	sack, bag	[ˈkɛsi]
3333	кредитна	credit	[ˈkrɛditna]
3334	противник	opponent	[ˈprɔtivnik]
3335	манијак	maniac	[maniˈjak]
3336	ич	not at all	[it͡ʃ]
3337	собирање	addition	[sɔˈbiɾaɲɛ]
3338	спасител	saviour	[ˈspasitɛɫ]
3339	залихи	stockpile	[ˈzalixi]
3340	кратка	short, brief	[ˈkratka]
3341	дупло	doubly	[ˈdupɫɔ]
3342	измени	to alter, modify	[ˈizmɛni]
3343	стрелец	archer	[ˈstrɛlɛt͡s]
3344	пристаниште	harbor, dock, port, haven, wharf	[prisˈtaniʃtɛ]
3345	грав	bean	[ɡraf]
3346	километар	kilometre/kilometer	[kiˈɫɔmɛtar]
3347	хирург	surgeon	[ˈxiɾurk]
3348	однесувам	to carry, take	[ɔˈdnɛsuvam]
3349	спречува	to prevent	[ˈsprɛt͡ʃuva]
3350	професионален	professional	[prɔfɛsi(j)ɔˈnalɛn]
3351	закачи	to hang up, attach	[ˈzakat͡ʃi]
3352	шешир	hat, bonnet	[ˈʃɛʃir]
3353	најубавата	beautiful, pretty	[najuˈbavata]
3354	пи	pi	[pi]
3355	зборуваа	to speak	[zbɔˈruvaa]
3356	рис	lynx	[ris]
3357	логика	logic	[ˈɫɔɡika]
3358	генијалец	genius	[ɡɛniˈjalɛt͡s]
3359	круна	crown	[ˈkruna]
3360	библиотека	library	[bibliˈɔtɛka]
3361	труп	trunk	[trup]
3362	тесно	tightly	[ˈtɛsnɔ]
3363	умирање	to die	[uˈmiɾaɲɛ]
3364	декември	the month of December	[dɛˈkɛɱvri]
3365	треска	fever	[ˈtrɛska]
3366	рум	rum	[rum]
3367	родител	parent	[ˈrɔditɛɫ]
3368	слепо	blindly	[ˈslɛpɔ]
3369	греши	to be wrong, be mistaken	[ˈɡrɛʃi]
3370	лајно	shit, usually animal	[ˈɫajnɔ]
3371	располагање	to dispose with, have at one's disposition	[raspɔˈɫaɡaɲɛ]
3372	вештина	skill	[ˈvɛʃtina]
3373	орел	eagle	[ˈɔɾɛɫ]
3374	разберат	to understand, comprehend	[ˈrazbɛɾat]
3375	исчезнува	to disappear, vanish	[iʃˈt͡ʃɛznuva]
3376	меша	to mix, shuffle, stir, blend	[ˈmɛʃa]
3377	настап	performance	[ˈnastap]
3378	кошмари	nightmare	[ˈkɔʃmaɾi]
3379	искушение	temptation	[iskuˈʃɛni(j)ɛ]
3380	виси	to hang, dangle, droop	[ˈvisi]
3381	примети	to notice	[ˈprimɛti]
3382	истрел	shot, firing	[ˈistrɛɫ]
3383	осети	to feel, sense, detect	[ˈɔsɛti]
3384	лудаци	madman, lunatic, loony, nutcase, nutter	[ˈɫudat͡si]
3385	растојание	distance	[rastɔˈjani(j)ɛ]
3386	складиште	warehouse, depot, storeroom, storage	[ˈskɫadiʃtɛ]
3387	сомнително	suspiciously, dubiously	[sɔˈmnitɛɫnɔ]
3388	медицина	medicine	[mɛdiˈt͡sina]
3389	дотогаш	until then	[ˈdɔtɔɡaʃ]
3390	непозната	variable	[nɛˈpɔznata]
3391	трговец	merchant, tradesman, salesman, retailer, trader, dealer	[ˈtr̩ɡɔvɛt͡s]
3392	крем	cream-coloured, beige	[krɛm]
3393	пламен	flaming	[ˈpɫamɛn]
3394	сенатор	senator	[sɛˈnatɔr]
3395	реченица	sentence	[rɛˈt͡ʃɛnit͡sa]
3396	суши	to dry	[ˈsuʃi]
3397	доволен	sufficient	[ˈdɔvɔlɛn]
3398	пролет	spring, springtime	[ˈprɔlɛt]
3399	можен	possible	[ˈmɔʒɛn]
3400	пукал	to shoot, fire	[ˈpukaɫ]
3401	багаж	luggage	[ˈbaɡaʃ]
3402	отпад	waste, refuse	[ˈɔtpat]
3403	јавна	public, open	[ˈjavna]
3404	финансиски	financially	[fiˈnansiski]
3405	крава	cow	[ˈkrava]
3406	пропадне	to fall apart, deteriorate	[ˈprɔpadnɛ]
3407	сателит	satellite	[satɛˈlit]
3408	спортски	sport	[ˈspɔrtski]
3409	акцент	accent	[ˈakt͡sɛnt]
3410	еднакво	equally	[ˈɛdnakvɔ]
3411	сланина	fatback	[ˈsɫanina]
3412	утеха	comfort, consolation	[ˈutɛxa]
3413	казнет	to punish	[ˈkaznɛt]
3414	ера	era	[ˈɛɾa]
3415	театар	theater	[tɛˈatar]
3416	прасе	pig, piglet	[ˈprasɛ]
3417	гитара	guitar	[ɡiˈtaɾa]
3418	поврзува	to connect, link, bind	[pɔˈvr̩zuva]
3419	економија	economy	[ɛkɔˈnɔmi(j)a]
3420	суди	to judge	[ˈsudi]
3421	деновиве	day	[dɛˈnɔvivɛ]
3422	делта	delta	[ˈdɛɫta]
3423	сперма	sperm, semen	[ˈspɛrma]
3424	пајак	spider	[ˈpajak]
3425	каша	porridge, gruel, oatmeal	[ˈkaʃa]
3426	столица	chair	[ˈstɔlit͡sa]
3427	брои	to count	[ˈbrɔi]
3428	када	bathtub	[ˈkada]
3429	образование	education	[ɔbrazɔˈvani(j)ɛ]
3430	неволји	trouble, inconvenience	[ˈnɛvɔʎi]
3431	навикнат	used to, accustomed	[ˈnaviknat]
3432	смисли	to think through, plan, conceive, think of	[ˈsmisli]
3433	гледала	to see	[ˈɡlɛdaɫa]
3434	пумпа	pump	[ˈpumpa]
3435	зависник	addict	[ˈzavisnik]
3436	дење	in daylight, during the day	[ˈdɛɲɛ]
3437	бубачки	bug	[ˈbubat͡ʃki]
3438	тепа	to beat, batter	[ˈtɛpa]
3439	пченка	corn, maize	[ˈpt͡ʃɛŋka]
3440	заробен	captive, imprisoned	[ˈzaɾɔbɛn]
3441	ставиле	to put, place	[ˈstavilɛ]
3442	сони	to dream	[ˈsɔni]
3443	аудиција	audition	[auˈdit͡si(j)a]
3444	прослава	celebration	[ˈprɔsɫava]
3445	афера	scandal	[aˈfɛɾa]
3446	кум	witness	[kum]
3447	врколак	werewolf	[ˈvr̩kɔɫak]
3448	претчувство	premonition, presentiment, hunch	[ˈprɛtt͡ʃufstvɔ]
3449	вештерки	witch, sorceress	[ˈvɛʃtɛrki]
3450	доверливо	reliably, trustworthily	[dɔˈvɛrlivɔ]
3451	далечина	distance	[daˈlɛt͡ʃina]
3452	пристојно	civilly, decently, properly	[ˈpristɔjnɔ]
3453	испит	exam	[ˈispit]
3454	патник	traveler, passenger	[ˈpatnik]
3455	создал	to create, produce	[ˈsɔzdaɫ]
3456	мудрост	wisdom	[ˈmudrɔst]
3457	домашно	domestically	[ˈdɔmaʃnɔ]
3458	лани	last year	[ˈɫani]
3459	приватно	privately	[ˈprivatnɔ]
3460	министер	minister	[ˈministɛr]
3461	бич	whip	[bit͡ʃ]
3462	славен	famous, glorious	[ˈsɫavɛn]
3463	длабока	deep, profound	[ˈdɫabɔka]
3464	ле	An emphatic particle used to reinforce vocative phrases	[lɛ]
3465	пушење	smoking	[ˈpuʃɛɲɛ]
3466	ризично	riskily, hazardously	[ˈrizit͡ʃnɔ]
3467	обврска	obligation	[ˈɔbvr̩ska]
3468	минува	to pass	[ˈminuva]
3469	фрла	to throw, cast	[ˈfr̩ɫa]
3470	заклучен	concluding	[ˈzakɫut͡ʃɛn]
3471	сообраќај	traffic	[sɔˈɔbracaj]
3472	прекине	to interrupt	[ˈprɛkinɛ]
3473	телевизор	television set, television	[tɛlɛˈvizɔr]
3474	колиба	hut, cottage, cabin	[ˈkɔliba]
3475	предава	to hand over, turn in, submit	[ˈprɛdava]
3476	смеење	to be allowed	[ˈsmɛɛɲɛ]
3477	роза	rose	[ˈrɔza]
3478	растури	to bring into a state of disorder, disrupt the structure of	[ˈrastuɾi]
3479	чим	since, given that	[t͡ʃim]
3480	гордо	proudly	[ˈɡɔrdɔ]
3481	помошничка	female helper, assistant	[pɔˈmɔʃnit͡ʃka]
3482	користење	to use	[kɔˈristɛɲɛ]
3483	чувствителен	sensitive	[t͡ʃufˈstvitɛlɛn]
3484	направа	device, gadget, appliance	[ˈnaprava]
3485	автоматски	automatically	[aftɔˈmatski]
3486	јан	side	[jan]
3487	инстинкт	instinct	[ˈinstiŋkt]
3488	раздели	to separate	[ˈrazdɛli]
3489	одзема	to subtract, take away	[ˈɔdzɛma]
3490	нивен	their, theirs	[ˈnivɛn]
3491	божем	allegedly, supposedly, as if	[ˈbɔʒɛm]
3492	инфекција	infection	[iɱˈfɛkt͡si(j)a]
3493	локален	local	[ˈɫɔkalɛn]
3494	суво	dryly	[ˈsuvɔ]
3495	зајдисонце	sunset	[zajˈdisɔnt͡sɛ]
3496	крила	wing, pinion body that enables it to fly	[ˈkriɫa]
3497	детски	childishly	[ˈdɛtski]
3498	папа	pope	[ˈpapa]
3499	влече	to pull, drag	[ˈvlɛt͡ʃɛ]
3500	знај	to know	[znaj]
3501	алиби	alibi	[aˈlibi]
3502	разумен	reasonable, sensible, rational	[ˈrazumɛn]
3503	отсега	henceforth, from now on	[ˈɔtsɛɡa]
3504	командир	commander	[kɔmanˈdir]
3505	касета	cassette, video tape	[kaˈsɛta]
3506	авенија	avenue	[aˈvɛni(j)a]
3507	мочка	urine	[ˈmɔt͡ʃka]
3508	глув	deaf	[ɡɫuf]
3509	лансирање	to launch	[ɫanˈsiɾaɲɛ]
3510	подари	to bestow, endow, gift, give as a gift	[ˈpɔdaɾi]
3511	настрада	to die, perish	[ˈnastrada]
3512	газе	bottom, buttocks, ass, anus	[ˈɡazɛ]
3513	овдека	here	[ˈɔvdɛka]
3514	аплауз	applause	[ˈapɫaus]
3515	бездомници	homeless person, tramp, hobo, vagabond	[bɛzˈdɔmnit͡si]
3516	фрлил	to throw, toss	[ˈfr̩liɫ]
3517	шармантен	charming	[ʃarˈmantɛn]
3518	табла	chalkboard	[ˈtabɫa]
3519	огин	alternative form of оган	[ˈɔɡin]
3520	мода	fashion	[ˈmɔda]
3521	просторија	room, area, chamber	[prɔˈstɔɾi(j)a]
3522	престанува	to cease, end, cut it out	[prɛˈstanuva]
3523	упатства	directions, instructions, manual, guideline	[ˈupatstva]
3524	дневна	ellipsis of дневна соба: living room	[ˈdnɛvna]
3525	излечи	to cure	[ˈizlɛt͡ʃi]
3526	револуција	revolution	[rɛvɔˈɫut͡si(j)a]
3527	зомби	zombie	[ˈzɔmbi]
3528	профил	profile	[ˈprɔfiɫ]
3529	лузна	scar	[ˈɫuzna]
3530	заштитува	to protect, defend	[zaˈʃtituva]
3531	чорапи	sock	[ˈt͡ʃɔɾapi]
3532	пријателче	friend, pal, mate	[priˈjatɛɫt͡ʃɛ]
3533	љубовник	lover	[ˈʎubɔvnik]
3534	општо	generally	[ˈɔpʃtɔ]
3535	стапала	foot	[ˈstapaɫa]
3536	близнаци	Gemini	[ˈbliznat͡si]
3537	претепа	to beat senseless, to beat severely	[ˈprɛtɛpa]
3538	убавица	a beautiful female, belle, beauty	[uˈbavit͡sa]
3539	злобно	wickedly, maliciously, maleficently	[ˈzɫɔbnɔ]
3540	мит	myth	[mit]
3541	пишување	to write	[piˈʃuvaɲɛ]
3542	запамети	to remember	[zaˈpamɛti]
3543	панама	a type of cotton fabric suitable for embroidery in which…	[ˈpanama]
3544	имунитет	immunity	[imuniˈtɛt]
3545	смирено	calmly, serenely	[ˈsmiɾɛnɔ]
3546	сендвичи	sandwich	[ˈsɛndvit͡ʃi]
3547	станала	to become	[ˈstanaɫa]
3548	домашен	domestic, native	[ˈdɔmaʃɛn]
3549	вујче	uncle	[ˈvujt͡ʃɛ]
3550	парови	pair, couple	[ˈpaɾɔvi]
3551	криење	to hide, conceal	[ˈkri(j)ɛɲɛ]
3552	сокрие	to hide, conceal	[ˈsɔkri(j)ɛ]
3553	вол	ox	[vɔɫ]
3554	онесвести	to render unconscious, knock out	[ɔˈnɛsvɛsti]
3555	нега	nurture, care	[ˈnɛɡa]
3556	педесет	fifty	[ˈpɛdɛsɛt]
3557	домашни	domestic, native	[ˈdɔmaʃni]
3558	мобилни	mobile	[ˈmɔbiɫni]
3559	протокол	protocol	[ˈprɔtɔkɔɫ]
3560	ширум	wide	[ˈʃiɾum]
3561	позајми	to borrow, lend	[ˈpɔzajmi]
3562	ритам	rhythm	[ˈritam]
3563	шуми	to rustle, burble, hum	[ˈʃumi]
3564	реклама	commercial, publicity	[rɛˈkɫama]
3565	лифт	elevator, lift	[lift]
3566	мерка	measurement	[ˈmɛrka]
3567	фрлање	to throw, cast	[ˈfr̩ɫaɲɛ]
3568	пирс	piercing	[pirs]
3569	коктел	cocktail	[ˈkɔktɛɫ]
3570	купување	buying, shopping	[kuˈpuvaɲɛ]
3571	напише	to write	[ˈnapiʃɛ]
3572	одржување	to hold, give	[ɔdr̩ˈʒuvaɲɛ]
3573	плочи	plate, slab, slate	[ˈpɫɔt͡ʃi]
3574	присутен	present	[ˈprisutɛn]
3575	гангстер	gangster	[ˈɡaŋkstɛr]
3576	гробишта	graveyard	[ˈɡrɔbiʃta]
3577	отвара	nonstandard form of отвора	[ˈɔtvaɾa]
3578	јаки	collar	[ˈjaki]
3579	глувци	mouse	[ˈɡɫuft͡si]
3580	педери	homosexual, gay male, fag, faggot	[ˈpɛdɛɾi]
3581	дебело	fatly, thickly	[ˈdɛbɛɫɔ]
3582	слугинка	maid, servant	[ˈsɫuɡiŋka]
3583	занимава	to entertain, amuse	[zaˈnimava]
3584	дробови	lung	[ˈdrɔbɔvi]
3585	однадвор	from the outside	[ˈɔdnadvɔr]
3586	мајмунот	unspecified definite singular of мајмун m	[ˈmajmunɔt]
3587	мистер	mister	[ˈmistɛr]
3588	асистент	assistent	[asisˈtɛnt]
3589	работна	work	[ˈrabɔtna]
3590	одобри	to approve, condone	[ˈɔdɔbri]
3591	италијански	Italian	[itaˈli(j)anski]
3592	скала	ladder	[ˈskaɫa]
3593	сапун	soap	[ˈsapun]
3594	ирска	Irish	[ˈirska]
3595	ризикува	to risk	[riˈzikuva]
3596	фрлаш	to throw, cast	[ˈfr̩ɫaʃ]
3597	злочин	crime	[ˈzɫɔt͡ʃin]
3598	наштети	to harm	[ˈnaʃtɛti]
3599	брилијантен	brilliant	[briliˈjantɛn]
3600	приговор	objection, protest	[ˈpriɡɔvɔr]
3601	здравица	toast	[ˈzdravit͡sa]
3602	едното	one	[ˈɛdnɔtɔ]
3603	сексуален	sexual	[sɛksuˈalɛn]
3604	разумно	reasonably, sensibly	[ˈrazumnɔ]
3605	метро	metro, subway	[ˈmɛtrɔ]
3606	временска	temporal	[ˈvrɛmɛnska]
3607	мотори	engine	[ˈmɔtɔɾi]
3608	доброволно	willingly, voluntarily	[dɔbˈrɔvɔɫnɔ]
3609	согласност	consent	[ˈsɔɡɫasnɔst]
3610	секретар	secretary	[sɛkrɛˈtar]
3611	временски	temporally	[ˈvrɛmɛnski]
3612	можда	maybe, perhaps	[ˈmɔʒda]
3613	госпоѓица	young lady, Miss	[ɡɔsˈpɔɟit͡sa]
3614	бек	back	[bɛk]
3615	дванаесет	twelve	[dvaˈnaɛsɛt]
3616	мускули	muscle	[ˈmuskuli]
3617	трчање	to run	[ˈtr̩t͡ʃaɲɛ]
3618	претерано	excessively, unduly, overly	[prɛˈtɛɾanɔ]
3619	пресече	to cut in half	[ˈprɛsɛt͡ʃɛ]
3620	поставува	to set up, put up	[pɔˈstavuva]
3621	прашате	to ask	[ˈpraʃatɛ]
3622	производи	product	[prɔˈizvɔdi]
3623	дишење	breathing, respiration	[ˈdiʃɛɲɛ]
3624	исклучен	to turn off, disactivate	[ˈiskɫut͡ʃɛn]
3625	череп	skull	[ˈt͡ʃɛɾɛp]
3626	дилери	dealer, broker	[ˈdilɛɾi]
3627	скромен	humble, frugal, modest	[ˈskrɔmɛn]
3628	чип	chip	[t͡ʃip]
3629	празник	holiday	[ˈpraznik]
3630	мотел	motel	[ˈmɔtɛɫ]
3631	пијаница	drunkard	[piˈjanit͡sa]
3632	наполеон	napoleon	[napɔlɛˈɔn]
3633	прима	unison	[ˈprima]
3634	известување	notification	[izvɛsˈtuvaɲɛ]
3635	детективи	indefinite plural of детекти́в	[dɛtɛkˈtivi]
3636	снага	body, build, stature	[ˈsnaɡa]
3637	спиела	to sleep	[ˈspi(j)ɛɫa]
3638	најлошо	badly, poorly	[ˈnajɫɔʃɔ]
3639	прифаќа	to accept	[ˈprifaca]
3640	виден	to see, look	[ˈvidɛn]
3641	годишен	yearly, annual	[ˈɡɔdiʃɛn]
3642	здрава	healthy, robust, hale, well	[ˈzdrava]
3643	нервен	nerve; nervous	[ˈnɛrvɛn]
3644	ножеви	knife	[ˈnɔʒɛvi]
3645	предомисли	to change someone's mind	[prɛˈdɔmisli]
3646	хемија	chemistry	[ˈxɛmi(j)a]
3647	палка	club, bat	[ˈpaɫka]
3648	мотив	motive	[ˈmɔtif]
3649	чудак	weirdo, freak, crank, eccentric, oddball	[ˈt͡ʃudak]
3650	јава	to ride	[ˈjava]
3651	заклучок	conclusion, deduction	[ˈzakɫut͡ʃɔk]
3652	вдовица	widow	[ˈvdɔvit͡sa]
3653	лед	ice	[lɛt]
3654	изгори	to burn	[ˈizɡɔɾi]
3655	качува	to raise toward a higher level	[ˈkat͡ʃuva]
3656	соседство	neighborhood	[ˈsɔsɛtstvɔ]
3657	слуги	servant	[ˈsɫuɡi]
3658	чуство	misspelling of чувство	[ˈt͡ʃustvɔ]
3659	постара	old	[ˈpɔstaɾa]
3660	јаболка	indefinite plural of јаболко n	[ˈjabɔɫka]
3661	интелигенција	intelligence	[intɛliˈɡɛnt͡si(j)a]
3662	корисен	useful, beneficial	[ˈkɔɾisɛn]
3663	посетител	visitor	[pɔˈsɛtitɛɫ]
3664	одбие	to reject, refuse	[ˈɔdbi(j)ɛ]
3665	започнат	to commence, start	[ˈzapɔt͡ʃnat]
3666	ориз	rice	[ˈɔɾis]
3667	граната	grenade	[ɡraˈnata]
3668	ноќеска	last night	[ˈnɔcɛska]
3669	главоболка	headache, cephalalgia	[ɡɫaˈvɔbɔɫka]
3670	зеленчук	vegetables	[ˈzɛlɛnt͡ʃuk]
3671	станици	station, terminal	[ˈstanit͡si]
3672	привлечен	attractive	[ˈprivlɛt͡ʃɛn]
3673	пукне	to crack, split	[ˈpuknɛ]
3674	плава	blue	[ˈpɫava]
3675	ќотек	beating, battery	[ˈcɔtɛk]
3676	скриена	indefinite feminine singular of скриен	[ˈskri(j)ɛna]
3677	ланец	chain	[ˈɫanɛt͡s]
3678	пречки	obstacle, barrier	[ˈprɛt͡ʃki]
3679	муштерија	customer	[muˈʃtɛɾi(j)a]
3680	смести	to place, accommodate	[ˈsmɛsti]
3681	наметка	cape, cloak	[ˈnamɛtka]
3682	пети	misspelling of петти	[ˈpɛti]
3683	милја	mile	[ˈmiʎa]
3684	пренесе	to transport	[ˈprɛnɛsɛ]
3685	премести	to move, relocate, transfer	[ˈprɛmɛsti]
3686	вечност	eternity	[ˈvɛt͡ʃnɔst]
3687	калта	feminine declension − unspecified definite singular of кал…	[ˈkaɫta]
3688	новинари	journalist, reporter	[nɔˈvinaɾi]
3689	набави	to obtain, procure, acquire, provide	[ˈnabavi]
3690	полетување	takeoff	[pɔlɛˈtuvaɲɛ]
3691	двоен	double, twofold	[ˈdvɔɛn]
3692	кокошка	chicken, hen	[ˈkɔkɔʃka]
3693	испушти	to emit	[ˈispuʃti]
3694	течност	liquid, fluid	[ˈtɛt͡ʃnɔst]
3695	јаболко	apple	[ˈjabɔɫkɔ]
3696	одмазди	to avenge	[ˈɔdmazdi]
3697	петмина	five individuals	[ˈpɛtmina]
3698	магично	magically	[ˈmaɡit͡ʃnɔ]
3699	невреме	storm, foul weather	[ˈnɛvrɛmɛ]
3700	љубовна	amorous, romantic	[ˈʎubɔvna]
3701	морничаво	creepily, eerily	[mɔrˈnit͡ʃavɔ]
3702	заштитник	protector, defender	[ˈzaʃtitnik]
3703	шишиња	bottle	[ˈʃiʃiɲa]
3704	проститутка	whore, prostitute	[prɔstiˈtutka]
3705	облак	cloud	[ˈɔbɫak]
3706	подели	to divide, split	[ˈpɔdɛli]
3707	изненадувачки	surprising	[iznɛnaˈduvat͡ʃki]
3708	должен	obligated	[ˈdɔɫʒɛn]
3709	професионалци	professional	[prɔfɛsi(j)ɔˈnaɫt͡si]
3710	лојален	loyal	[ˈɫɔjalɛn]
3711	збрка	confusion, mixup, jumble, misunderstanding, mess	[ˈzbr̩ka]
3712	решен	to decide	[ˈrɛʃɛn]
3713	црево	hose	[ˈt͡srɛvɔ]
3714	макар	at least	[ˈmakar]
3715	послуша	to obey	[ˈpɔsɫuʃa]
3716	полиња	field	[ˈpɔliɲa]
3717	заработува	to earn	[zaɾaˈbɔtuva]
3718	покрива	to cover, deck	[ˈpɔkriva]
3719	камењата	unspecified definite plural of камен m	[kaˈmɛɲata]
3720	точен	exact, precise, accurate	[ˈtɔt͡ʃɛn]
3721	темница	darkness	[ˈtɛmnit͡sa]
3722	тестирање	to test	[tɛsˈtiɾaɲɛ]
3723	пони	pony	[ˈpɔni]
3724	помести	to move, shift	[ˈpɔmɛsti]
3725	ноќва	tonight	[ˈnɔcva]
3726	насилен	violent	[ˈnasilɛn]
3727	плачеше	to cry, weep	[ˈpɫat͡ʃɛʃɛ]
3728	моча	to pee, urinate	[ˈmɔt͡ʃa]
3729	копно	land, dry land	[ˈkɔpnɔ]
3730	самоодбрана	self-defense	[samɔˈɔdbrana]
3731	софтвер	software	[ˈsɔftvɛr]
3732	мамец	bait	[ˈmamɛt͡s]
3733	даска	board, plank	[ˈdaska]
3734	продавање	to sell, give away	[prɔˈdavaɲɛ]
3735	норвешка	Norwegian	[ˈnɔrvɛʃka]
3736	подрум	basement	[ˈpɔdrum]
3737	џунгла	jungle	[ˈd͡ʒuŋɡɫa]
3738	благословен	to bless	[bɫaˈɡɔsɫɔvɛn]
3739	упропасти	to ruin, mar, destroy, spoil	[uˈprɔpasti]
3740	лавови	lion	[ˈɫavɔvi]
3741	минус	minus	[ˈminus]
3742	популарен	popular, well-liked	[pɔpuˈɫaɾɛn]
3743	караме	to scold, reprimand	[ˈkaɾamɛ]
3744	бестрага	equivalent of "hell" in expressions such as "go to hell"	[ˈbɛstraɡa]
3745	патетичен	pathetic	[paˈtɛtit͡ʃɛn]
3746	добрина	goodness, benevolence	[ˈdɔbrina]
3747	наочари	glasses, spectacles	[naˈɔt͡ʃaɾi]
3748	вознемирува	to distress, disturb, unsettle, upset	[vɔznɛˈmiɾuva]
3749	вработен	employee	[ˈvrabɔtɛn]
3750	невидлив	invisible	[ˈnɛvidlif]
3751	пиете	to drink	[ˈpi(j)ɛtɛ]
3752	фармер	farmer	[ˈfarmɛr]
3753	чуеме	to hear	[ˈt͡ʃuɛmɛ]
3754	експлозив	explosive	[ɛkspɫɔˈzif]
3755	завет	lee; shelter	[ˈzavɛt]
3756	барале	to search, look for	[ˈbaɾalɛ]
3757	чипс	chips, crisps	[t͡ʃips]
3758	шема	scheme, model, outline	[ˈʃɛma]
3759	режисер	director	[rɛʒiˈsɛr]
3760	молба	request, plea	[ˈmɔɫba]
3761	привилегија	privilege	[priviˈlɛɡi(j)a]
3762	железо	iron	[ˈʒɛlɛzɔ]
3763	превземе	misspelling of преземе	[ˈprɛvzɛmɛ]
3764	император	emperor	[impɛˈratɔr]
3765	годинава	this year	[ɡɔdiˈnava]
3766	кралски	royally	[ˈkraɫski]
3767	впрочем	by the way, moreover, besides	[ˈfprɔt͡ʃɛm]
3768	тепање	to beat, batter	[ˈtɛpaɲɛ]
3769	наркоман	junkie, drug addict	[narkɔˈman]
3770	несреќи	misfortune, trouble, disaster, mischief	[ˈnɛsrɛci]
3771	нишан	aim	[ˈniʃan]
3772	гробница	tomb, crypt, sepulchre, burial chamber	[ˈɡrɔbnit͡sa]
3773	диплома	diploma	[diˈpɫɔma]
3774	непријателски	hostilely, inimically	[nɛpriˈjatɛɫski]
3775	домаќин	host, head of household	[ˈdɔmacin]
3776	слон	elephant	[sɫɔn]
3777	компјутерски	in terms of computers	[kɔmˈpjutɛrski]
3778	сосем	completely, altogether	[ˈsɔsɛm]
3779	сиве	entire, whole, all	[ˈsivɛ]
3780	патетично	pathetically	[paˈtɛtit͡ʃnɔ]
3781	себичен	selfish	[ˈsɛbit͡ʃɛn]
3782	добредојден	welcome, desirable	[dɔbˈrɛdɔjdɛn]
3783	шефови	boss	[ˈʃɛfɔvi]
3784	престој	stay	[ˈprɛstɔj]
3785	пливање	swimming	[ˈplivaɲɛ]
3786	отсуство	absence	[ˈɔtsustvɔ]
3787	бокс	boxing	[bɔks]
3788	ајкула	shark	[ˈajkuɫa]
3789	бонбони	indefinite plural of бонбо́на f	[bɔmˈbɔni]
3790	одобрување	to approve	[ɔdɔbˈruvaɲɛ]
3791	поврати	to vomit	[ˈpɔvrati]
3792	унапредување	promotion	[unaprɛˈduvaɲɛ]
3793	светови	world	[ˈsvɛtɔvi]
3794	бегалци	refugee, fugitive	[ˈbɛɡaɫt͡si]
3795	ретка	rare, uncommon	[ˈrɛtka]
3796	суров	raw	[ˈsuɾɔf]
3797	разум	reason, mind	[ˈrazum]
3798	гледале	to see	[ˈɡlɛdalɛ]
3799	истекува	to expire, run out	[isˈtɛkuva]
3800	кауција	bail	[kaˈut͡si(j)a]
3801	расчисти	to clear up, tidy up	[ˈraʃt͡ʃisti]
3802	казино	casino	[kaˈzinɔ]
3803	воено	war	[ˈvɔɛnɔ]
3804	задоволи	to satisfy	[zaˈdɔvɔli]
3805	накратко	briefly	[ˈnakratkɔ]
3806	обичај	custom	[ˈɔbit͡ʃaj]
3807	семе	seed	[ˈsɛmɛ]
3808	даноци	tax	[ˈdanɔt͡si]
3809	лак	bow	[ɫak]
3810	професионално	professionally	[prɔfɛsi(j)ɔˈnaɫnɔ]
3811	киселина	acid	[kiˈsɛlina]
3812	бизнисмен	businessman	[ˈbiznismɛn]
3813	затвора	to imprison, jail, lock up, incarcerate	[ˈzatvɔɾa]
3814	кристал	crystal	[krisˈtaɫ]
3815	тужба	lawsuit	[ˈtuʒba]
3816	господари	to rule, dominate, be a master	[ɡɔsˈpɔdaɾi]
3817	келнер	waiter	[ˈkɛɫnɛr]
3818	принцип	principle	[ˈprint͡sip]
3819	функција	function	[ˈfuŋkt͡si(j)a]
3820	претвора	to transform, convert	[ˈprɛtvɔɾa]
3821	улоги	role, function	[ˈuɫɔɡi]
3822	обвинение	accusation	[ɔbviˈnɛni(j)ɛ]
3823	украден	to steal	[ˈukradɛn]
3824	дијамант	diamond	[di(j)aˈmant]
3825	гад	bastard, scumbag, scum	[ɡat]
3826	колкав	how big; how large	[ˈkɔɫkaf]
3827	апетит	appetite	[apɛˈtit]
3828	хокеј	hockey	[ˈxɔkɛj]
3829	полуди	to go mad	[ˈpɔɫudi]
3830	тврдоглав	hardheaded, stubborn, obstinate	[ˈtvr̩dɔɡɫaf]
3831	овозможува	to enable, make possible	[ɔvɔzˈmɔʒuva]
3832	околина	environment, surroundings	[ɔˈkɔlina]
3833	рамнотежа	balance	[ramˈnɔtɛʒa]
3834	незгода	trouble, accident, mishap	[ˈnɛzɡɔda]
3835	пулс	pulse	[puɫs]
3836	шатор	tent	[ˈʃatɔr]
3837	влакно	hair	[ˈvɫaknɔ]
3838	преправа	to redo	[ˈprɛprava]
3839	опис	description	[ˈɔpis]
3840	чула	to hear	[ˈt͡ʃuɫa]
3841	свеќи	candle	[ˈsvɛci]
3842	единаесет	eleven	[ɛdiˈnaɛsɛt]
3843	следбеници	successor	[slɛdˈbɛnit͡si]
3844	чуле	to hear	[ˈt͡ʃulɛ]
3845	поезија	poetry	[pɔˈɛzi(j)a]
3846	грдо	in an ugly way	[ˈɡr̩dɔ]
3847	полудува	to go crazy, make crazy, madden	[pɔˈɫuduva]
3848	стипендија	scholarship	[stiˈpɛndi(j)a]
3849	пристигнува	to arrive	[prisˈtiɡnuva]
3850	кабина	cabin	[kaˈbina]
3851	чума	plague	[ˈt͡ʃuma]
3852	ситни	to chop up, grind, granulate	[ˈsitni]
3853	македонски	Macedonian	[maˈkɛdɔnski]
3854	установа	institution	[uˈstanɔva]
3855	отфрли	to cast away, shun	[ˈɔtfr̩li]
3856	детство	childhood	[ˈdɛtstvɔ]
3857	сурово	cruelly	[ˈsuɾɔvɔ]
3858	платеници	mercenary	[pɫaˈtɛnit͡si]
3859	генетски	genetically	[ˈɡɛnɛtski]
3860	решава	to solve, resolve	[ˈrɛʃava]
3861	стигнува	to arrive	[ˈstiɡnuva]
3862	заебе	to fuck up, screw up	[ˈzaɛbɛ]
3863	упс	oops	[ups]
3864	фонд	fund, stock	[fɔnt]
3865	љубам	to love	[ˈʎubam]
3866	дува	to blow	[ˈduva]
3867	несвест	unconscience, faint	[ˈnɛsvɛst]
3868	попушти	to go easy on someone	[ˈpɔpuʃti]
3869	толкав	that size of	[ˈtɔɫkaf]
3870	посакува	to wish, want	[pɔˈsakuva]
3871	низок	low	[ˈnizɔk]
3872	таленти	talent	[taˈlɛnti]
3873	пијани	drunk, drunken	[ˈpi(j)ani]
3874	рагби	rugby	[ˈraɡbi]
3875	неочекувано	unexpectedly	[nɛɔt͡ʃɛˈkuvanɔ]
3876	побрз	fast, quick, rapid	[ˈpɔbr̩s]
3877	ограби	to rob	[ˈɔɡrabi]
3878	преплаши	to scare to death	[ˈprɛpɫaʃi]
3879	лимон	lemon	[ˈlimɔn]
3880	оттогаш	since then	[ˈɔttɔɡaʃ]
3881	проверува	to check, verify	[prɔˈvɛɾuva]
3882	грозје	grapes	[ˈɡrɔzjɛ]
3883	одбор	committee	[ˈɔdbɔr]
3884	кварт	neighborhood	[kvart]
3885	немо	mutely, speechlessly	[ˈnɛmɔ]
3886	барајте	to search, look for	[ˈbaɾajtɛ]
3887	инспирација	inspiration	[inspiˈrat͡si(j)a]
3888	достоен	worthy, decent, deserving	[ˈdɔstɔɛn]
3889	пиел	to drink	[ˈpi(j)ɛɫ]
3890	цајкани	cop, copper	[ˈt͡sajkani]
3891	расположена	in some mood	[raspɔˈɫɔʒɛna]
3892	синхронизација	synchronization	[siŋxrɔniˈzat͡si(j)a]
3893	средство	means, instrument	[ˈsrɛtstvɔ]
3894	тркала	to roll	[ˈtr̩kaɫa]
3895	марихуана	marijuana	[maɾixuˈana]
3896	пукате	to shoot, fire	[ˈpukatɛ]
3897	западен	western	[ˈzapadɛn]
3898	ебати	fucking, fuck, bloody	[ɛˈbati]
3899	началник	chief, commander, head man	[ˈnat͡ʃaɫnik]
3900	крадење	to steal	[ˈkradɛɲɛ]
3901	дејствува	to act, take action	[ˈdɛjstvuva]
3902	силување	rape	[siˈɫuvaɲɛ]
3903	пиеше	to drink	[ˈpi(j)ɛʃɛ]
3904	соодветно	appropriately, adequately, accordingly	[sɔˈɔdvɛtnɔ]
3905	испорака	dispatch, delivery	[isˈpɔɾaka]
3906	испитување	to examine, scrutinize	[ispiˈtuvaɲɛ]
3907	илузија	illusion	[iˈɫuzi(j)a]
3908	мамка	bait	[ˈmamka]
3909	изгаси	to extinguish, douse	[ˈizɡasi]
3910	универзитет	university	[univɛrziˈtɛt]
3911	бескорисен	useless	[bɛsˈkɔɾisɛn]
3912	сомневање	to doubt	[sɔˈmnɛvaɲɛ]
3913	носење	to carry, bear	[ˈnɔsɛɲɛ]
3914	пешки	by foot	[ˈpɛʃki]
3915	мрачно	darkly, murkily	[ˈmrat͡ʃnɔ]
3916	срами	to embarrass	[ˈsrami]
3917	кров	roof	[krɔf]
3918	изговори	to pronounce	[izˈɡɔvɔɾi]
3919	карпи	rock	[ˈkarpi]
3920	ѓаволски	devilishly, diabolically	[ˈɟavɔɫski]
3921	бегање	to run away	[ˈbɛɡaɲɛ]
3922	невообичаено	uncustomarily	[nɛvɔɔbiˈt͡ʃaɛnɔ]
3923	вкупно	in total	[ˈfkupnɔ]
3924	продуцент	producer	[prɔduˈt͡sɛnt]
3925	организира	to organise	[ɔrɡaniˈziɾa]
3926	албум	album	[ˈaɫbum]
3927	свест	conscience	[svɛst]
3928	посветеност	dedication, devotion	[pɔˈsvɛtɛnɔst]
3929	верност	loyalty, fidelity	[ˈvɛrnɔst]
3930	шеќерче	sugar	[ˈʃɛcɛrt͡ʃɛ]
3931	ограда	fence	[ˈɔɡrada]
3932	поп	priest	[pɔp]
3933	морска	sea; marine	[ˈmɔrska]
3934	гуми	rubber	[ˈɡumi]
3935	лисица	vixen	[ˈlisit͡sa]
3936	продавници	shop, store	[prɔˈdavnit͡si]
3937	странски	foreign, alien	[ˈstranski]
3938	скриен	alternative form of сокрие	[ˈskri(j)ɛn]
3939	вреска	to scream, yell	[ˈvrɛska]
3940	вознемири	to upset, disturb, irk, distress	[vɔzˈnɛmiɾi]
3941	сообраќајка	traffic accident	[sɔɔbraˈcajka]
3942	достапен	accessible, reachable, obtainable	[ˈdɔstapɛn]
3943	лозинка	motto, slogan, watchword, parol	[ˈɫɔziŋka]
3944	трети	alternative form of трет	[ˈtrɛti]
3945	лот	lot	[ɫɔt]
3946	макро	pimp	[maˈkrɔ]
3947	премиер	prime minister	[prɛmiˈɛr]
3948	полк	regiment	[pɔɫk]
3949	ладење	cooling, refrigeration	[ˈɫadɛɲɛ]
3950	праведно	justly, equitably	[ˈpravɛdnɔ]
3951	жежок	hot	[ˈʒɛʒɔk]
3952	диск	disc	[disk]
3953	пуканки	a single popcorn	[ˈpukaŋki]
3954	крвна	blood	[ˈkr̩vna]
3955	див	wild, untamed	[dif]
3956	ура	hoorah, hooray	[ˈuɾa]
3957	достоинство	dignity	[dɔˈstɔinstvɔ]
3958	џип	jeep	[d͡ʒip]
3959	прогонува	to persecute, exile, banish	[prɔˈɡɔnuva]
3960	диво	wildly	[ˈdivɔ]
3961	бо	wow	/ˈbɒ(ː)/
3962	република	republic	[rɛˈpublika]
3963	апсурдно	absurdly	[ˈapsurdnɔ]
3964	скап	expensive	[skap]
3965	топли	to warm up	[ˈtɔpli]
3966	скриено	alternative form of сокрие	[ˈskri(j)ɛnɔ]
3967	почитуван	respected, esteemed	[pɔˈt͡ʃituvan]
3968	симне	to take down, bring down	[ˈsimnɛ]
3969	глума	acting	[ˈɡɫuma]
3970	пренесува	to transfer, transport	[prɛˈnɛsuva]
3971	патувања	journey, trip, travel, voyage	[paˈtuvaɲa]
3972	пронајден	to find, discover	[ˈprɔnajdɛn]
3973	парфем	perfume	[ˈparfɛm]
3974	викајте	to shout, yell	[ˈvikajtɛ]
3975	логично	logically	[ˈɫɔɡit͡ʃnɔ]
3976	милијарда	milliard, billion	[miˈli(j)arda]
3977	пишуваат	to write	[piˈʃuvaat]
3978	гест	gesture	[ɡɛst]
3979	избегне	to avoid, evade	[ˈizbɛɡnɛ]
3980	фронт	front	[frɔnt]
3981	водство	leadership, guidance	[ˈvɔtstvɔ]
3982	дрвја	a tree	[ˈdr̩vja]
3983	грло	throat	[ˈɡr̩ɫɔ]
3984	материјали	indefinite plural of материја́л	[matɛɾiˈjali]
3985	зори	dawn	[ˈzɔɾi]
3986	жално	sadly, mournfully	[ˈʒaɫnɔ]
3987	коцка	cube	[ˈkɔt͡ska]
3988	апарат	apparatus, device	[apaˈrat]
3989	постапи	to act, do, opt for a particular course of action	[ˈpɔstapi]
3990	пораз	defeat	[ˈpɔɾas]
3991	дизајн	design	[ˈdizajn]
3992	келнерка	waitress	[ˈkɛɫnɛrka]
3993	пеш	by foot	[pɛʃ]
3994	класика	classic	[ˈkɫasika]
3995	веб	web	[vɛp]
3996	депресија	depression	[dɛˈprɛsi(j)a]
3997	спомен	memory	[ˈspɔmɛn]
3998	пристоен	appropriate, decent	[ˈpristɔɛn]
3999	крофни	doughnut	[ˈkrɔfni]
4000	расположение	mood	[raspɔɫɔˈʒɛni(j)ɛ]
4001	жалење	to mourn, grieve, lament	[ˈʒalɛɲɛ]
4002	кралства	kingdom	[ˈkraɫstva]
4003	прашуваше	to ask	[praˈʃuvaʃɛ]
4004	лузни	scar	[ˈɫuzni]
4005	фаќање	to catch, seize	[ˈfacaɲɛ]
4006	секира	axe	[ˈsɛkiɾa]
4007	банана	banana	[baˈnana]
4008	отстрани	to remove, eliminate	[ˈɔtstrani]
4009	структура	structure	[strukˈtuɾa]
4010	рудник	mine	[ˈrudnik]
4011	претера	to overdo, to go to far, to cross the line	[ˈprɛtɛɾa]
4012	садови	vessel, container, dish	[ˈsadɔvi]
4013	обвинува	to blame, accuse	[ɔbˈvinuva]
4014	сину	vocative singular of син m	[ˈsinu]
4015	снајде	to befall	[ˈsnajdɛ]
4016	прекин	termination	[ˈprɛkin]
4017	кирија	rent	[ˈkiɾi(j)a]
4018	шапка	hat	[ˈʃapka]
4019	стек	steak	[stɛk]
4020	готвење	to cook	[ˈɡɔtvɛɲɛ]
4021	финта	feint	[ˈfinta]
4022	верување	to believe, trust	[vɛˈruvaɲɛ]
4023	подрачје	region	[ˈpɔdrat͡ʃjɛ]
4024	тета	auntie	[ˈtɛta]
4025	удави	to drown	[ˈudavi]
4026	увери	to assure	[ˈuvɛɾi]
4027	акт	act	[akt]
4028	гувернер	governor	[ɡuvɛrˈnɛr]
4029	кругови	circle	[ˈkruɡɔvi]
4030	љубовница	lover, mistress	[ʎuˈbɔvnit͡sa]
4031	доаѓање	to come, arrive	[dɔˈaɟaɲɛ]
4032	текст	text	[tɛkst]
4033	попуст	discount, reduction	[ˈpɔpust]
4034	конец	thread	[ˈkɔnɛt͡s]
4035	грчки	Greek	[ˈɡr̩t͡ʃki]
4036	пентагон	Pentagon	[pɛntaˈɡɔn]
4037	фотограф	photographer	[ˈfɔtɔɡraf]
4038	лезбејка	lesbian	[ˈlɛzbɛjka]
4039	замисла	thought, concept	[ˈzamisɫa]
4040	натпревари	match	[natˈprɛvaɾi]
4041	подигне	to lift up, pick up	[ˈpɔdiɡnɛ]
4042	бесплатен	gratuitous, free	[ˈbɛspɫatɛn]
4043	пијано	drunkenly	[piˈjanɔ]
4044	цајканите	unspecified definite plural of цајкан m	[t͡sajˈkanitɛ]
4045	мече	cub	[ˈmɛt͡ʃɛ]
4046	проработи	to start working, functioning	[prɔˈrabɔti]
4047	јавен	to convey	[ˈjavɛn]
4048	хамбургер	hamburger	[ˈxamburɡɛr]
4049	скапа	expensive	[ˈskapa]
4050	грант	grant	[ɡrant]
4051	авторитет	authority	[aftɔɾiˈtɛt]
4052	детево	child, kid	[ˈdɛtɛvɔ]
4053	мак	poppy	[mak]
4054	правен	to make	[ˈpravɛn]
4055	канали	sewer, pipe	[ˈkanali]
4056	титула	title	[ˈtituɫa]
4057	преживеан	to survive	[prɛˈʒivɛan]
4058	копје	spear	[ˈkɔpjɛ]
4059	капење	to bathe, give a bath	[ˈkapɛɲɛ]
4060	странство	abroad	[ˈstranstvɔ]
4061	вечен	eternal	[ˈvɛt͡ʃɛn]
4062	јазици	tongue	[ˈjazit͡si]
4063	синдром	syndrome	[ˈsindrɔm]
4064	разочарување	disappointment	[razɔt͡ʃaˈruvaɲɛ]
4065	пробив	breakthrough	[ˈprɔbif]
4066	повторува	to repeat, review	[pɔˈftɔɾuva]
4067	заем	loan	[ˈzaɛm]
4068	сослушување	to hear out	[sɔsɫuˈʃuvaɲɛ]
4069	озбилен	serious	[ˈɔzbilɛn]
4070	влегување	to enter	[vlɛˈɡuvaɲɛ]
4071	набљудување	to observe	[nabʎuˈduvaɲɛ]
4072	запис	record, writing	[ˈzapis]
4073	седишта	seat	[ˈsɛdiʃta]
4074	пукаа	to shoot, fire	[ˈpukaa]
4075	зора	dawn	[ˈzɔɾa]
4076	тројка	three	[ˈtrɔjka]
4077	премине	to pass, cross	[ˈprɛminɛ]
4078	повлекува	to withdraw, pull back	[pɔˈvlɛkuva]
4079	елементи	element	[ɛlɛˈmɛnti]
4080	пеј	to sing	[pɛj]
4081	племе	tribe	[ˈplɛmɛ]
4082	крене	to lift, raise, pick up	[ˈkrɛnɛ]
4083	наспроти	facing, opposite	[ˈnasprɔti]
4084	игнорирај	second-person singular imperative of игнори́ра	[iɡnɔˈriɾaj]
4085	вереник	fiancé	[ˈvɛɾɛnik]
4086	повод	reason, grounds, occasion	[ˈpɔvɔt]
4087	списание	magazine, periodical	[spiˈsani(j)ɛ]
4088	феникс	phoenix	[ˈfɛniks]
4089	адаптација	adaptation	[adapˈtat͡si(j)a]
4090	пристигнат	to arrive	[ˈpristiɡnat]
4091	нинџа	ninja	[ˈnind͡ʒa]
4092	пројде	to pass through	[ˈprɔjdɛ]
4093	пес	dog, hound	[pɛs]
4094	ќелии	cell	[ˈcɛlii]
4095	четврти	fourth	[ˈt͡ʃɛtvr̩ti]
4096	спротивстави	to oppose, contrast	[sprɔˈtifstavi]
4097	одлучува	to decide	[ɔdˈɫut͡ʃuva]
4098	собир	gathering, assembly	[ˈsɔbir]
4099	рубин	ruby	[ˈrubin]
4100	сништа	indefinite plural	[ˈsniʃta]
4101	нарача	to order	[ˈnaɾat͡ʃa]
4102	летало	aircraft	[ˈlɛtaɫɔ]
4103	посветен	dedicated, devoted, earnest	[ˈpɔsvɛtɛn]
4104	загриженост	worry, concern	[zaˈɡriʒɛnɔst]
4105	овластување	authorization	[ɔvɫasˈtuvaɲɛ]
4106	сличен	similar, like	[ˈslit͡ʃɛn]
4107	делумно	partly, partially	[ˈdɛɫumnɔ]
4108	јунак	brave man	[ˈjunak]
4109	првенство	championship	[ˈpr̩vɛnstvɔ]
4110	скокне	to jump, leap, spring	[ˈskɔknɛ]
4111	риболов	fishing	[ˈribɔɫɔf]
4112	срцка	sweetie, dear person, sweetheart	[ˈsr̩t͡ska]
4113	јуда	a fairy-like, often malevolent mythical creature	[ˈjuda]
4114	институција	institution	[instiˈtut͡si(j)a]
4115	овци	sheep	[ˈɔft͡si]
4116	коза	goat	[ˈkɔza]
4117	плива	to swim	[ˈpliva]
4118	перница	pillow, cushion	[ˈpɛrnit͡sa]
4119	отвор	opening, aperture	[ˈɔtvɔr]
4120	основно	basically, fundamentally	[ˈɔsnɔvnɔ]
4121	нокаут	knockout	[ˈnɔkaut]
4122	идеално	ideally	[idɛˈaɫnɔ]
4123	опкружен	to surround, encircle	[ˈɔpkruʒɛn]
4124	шила	indefinite plural	[ˈʃiɫa]
4125	комора	larder, pantry, closet, boxroom or utility room	[ˈkɔmɔɾa]
4126	атмосфера	atmosphere	[atmɔˈsfɛɾa]
4127	жаба	frog	[ˈʒaba]
4128	создадов	to create, produce	[ˈsɔzdadɔf]
4129	стражар	sentry, guard	[ˈstraʒar]
4130	потекнува	to stem, originate	[pɔˈtɛknuva]
4131	минутка	minute	[ˈminutka]
4132	мисирка	turkey	[ˈmisirka]
4133	џемпер	sweater	[ˈd͡ʒɛmpɛr]
4134	конфликт	conflict	[ˈkɔɱflikt]
4135	позадина	background	[pɔˈzadina]
4136	надгледува	to monitor, supervise	[nadˈɡlɛduva]
4137	спас	rescue, salvation	[spas]
4138	пукаме	to shoot, fire	[ˈpukamɛ]
4139	трчаат	to run	[ˈtr̩t͡ʃaat]
4140	редови	line, string, row	[ˈrɛdɔvi]
4141	калибар	calibre	[kaˈlibar]
4142	длабок	deep, profound	[ˈdɫabɔk]
4143	шминка	make-up	[ˈʃmiŋka]
4144	правобранител	ombudsman	[pravɔˈbranitɛɫ]
4145	спасен	to rescue, save	[ˈspasɛn]
4146	задолжен	indebted	[ˈzadɔɫʒɛn]
4147	мува	fly	[ˈmuva]
4148	белки	perhaps, possibly	[ˈbɛɫki]
4149	цивилизација	civilization	[t͡siviliˈzat͡si(j)a]
4150	истражува	to research	[isˈtraʒuva]
4151	исполнет	to fill up	[ˈispɔɫnɛt]
4152	автопат	highway	[ˈaftɔpat]
4153	редовно	regularly, at regular intervals	[ˈrɛdɔvnɔ]
4154	животен	life	[ˈʒivɔtɛn]
4155	автограм	autograph, signature	[ˈaftɔɡram]
4156	актерка	female performer	[ˈaktɛrka]
4157	гони	to chase, persecute	[ˈɡɔni]
4158	боксер	boxer	[ˈbɔksɛr]
4159	ќебе	thick, warm blanket	[ˈcɛbɛ]
4160	најми	to hire	[ˈnajmi]
4161	избере	to choose, pick	[ˈizbɛɾɛ]
4162	условно	conditionally, provisionally	[ˈusɫɔvnɔ]
4163	мори	An interjection used to threaten a woman or reprimand her…	[ˈmɔɾi]
4164	сечило	blade	[ˈsɛt͡ʃiɫɔ]
4165	одреди	to determine, decide, designate	[ˈɔdrɛdi]
4166	баби	indefinite plural of ба́ба	[ˈbabi]
4167	прекршок	violation, breech, offense	[ˈprɛkr̩ʃɔk]
4168	закопан	to bury, inter	[ˈzakɔpan]
4169	намалува	to reduce, diminish	[naˈmaɫuva]
4170	провали	to break in	[ˈprɔvali]
4171	експерименти	experiment	[ɛkspɛɾiˈmɛnti]
4172	копчиња	button	[ˈkɔpt͡ʃiɲa]
4173	муабет	conversation, chit-chat	[ˈmuabɛt]
4174	зборувавте	to speak	[zbɔˈruvaftɛ]
4175	пајаци	spider	[ˈpajat͡si]
4176	факс	fax	[faks]
4177	петка	five	[ˈpɛtka]
4178	жалба	complaint	[ˈʒaɫba]
4179	конци	thread	[ˈkɔnt͡si]
4180	камила	camel	[ˈkamiɫa]
4181	плачат	to cry, weep	[ˈpɫat͡ʃat]
4182	русин	Russian	[ˈrusin]
4183	зголемување	to increase, magnify	[zɡɔlɛˈmuvaɲɛ]
4184	пот	sweat	[pɔt]
4185	исхрана	nutrition, diet	[ˈisxrana]
4186	долина	valley	[ˈdɔlina]
4187	претставник	representative	[ˈprɛtstavnik]
4188	ѓубриња	garbage, trash, litter	[ˈɟubriɲa]
4189	шарм	charm	[ʃarm]
4190	сигнали	signal	[ˈsiɡnali]
4191	сврши	to commit, perform, execute	[ˈsvr̩ʃi]
4192	истури	to rain profusely	[ˈistuɾi]
4193	препознае	to recognize	[prɛˈpɔznaɛ]
4194	снешко	snowman	[ˈsnɛʃkɔ]
4195	тужи	to sue	[ˈtuʒi]
4196	радиус	radius	[ˈradi(j)us]
4197	домет	range	[ˈdɔmɛt]
4198	сакат	crippled, lame	[ˈsakat]
4199	дополнителни	additional, extra	[dɔpɔɫˈnitɛɫni]
4200	администрација	administration	[adminisˈtrat͡si(j)a]
4201	зависност	dependence	[ˈzavisnɔst]
4202	воздушен	aerial	[ˈvɔzduʃɛn]
4203	згреши	to make a mistake, err, be wrong	[ˈzɡrɛʃi]
4204	клиника	clinic	[ˈklinika]
4205	мечки	bear	[ˈmɛt͡ʃki]
4206	вагина	vagina	[vaˈɡina]
4207	запалка	lighter	[ˈzapaɫka]
4208	метар	metre	[ˈmɛtar]
4209	сјај	glow, radiance, shine, lustre, splendour	[sjaj]
4210	филозофија	philosophy	[fiɫɔˈzɔfi(j)a]
4211	нивоа	level	[niˈvɔa]
4212	парада	parade	[paˈrada]
4213	испратен	to send	[ˈispratɛn]
4214	трговски	commercially	[ˈtr̩ɡɔfski]
4215	вежби	practical lesson, class where students solve exercises or…	[ˈvɛʒbi]
4216	витези	knight	[ˈvitɛzi]
4217	емоционално	emotionally	[ɛmɔt͡si(j)ɔˈnaɫnɔ]
4218	цевки	tube, pipe	[ˈt͡sɛfki]
4219	крева	to lift, raise	[ˈkrɛva]
4220	создавање	creation	[sɔzˈdavaɲɛ]
4221	скока	to jump, spring, leap	[ˈskɔka]
4222	спасува	to rescue, save	[ˈspasuva]
4223	фасцинантно	fascinatingly	[fast͡siˈnantnɔ]
4224	пиев	to drink	[ˈpi(j)ɛf]
4225	вработи	to hire	[ˈvrabɔti]
4226	гранати	grenade	[ɡraˈnati]
4227	безбедносен	safety	[bɛzˈbɛdnɔsɛn]
4228	бивши	alternative form of бивш	[ˈbifʃi]
4229	внуци	grandson	[ˈvnut͡si]
4230	репортер	reporter	[rɛpɔrˈtɛr]
4231	стриптиз	striptease	[ˈstriptis]
4232	белег	mark	[ˈbɛlɛk]
4233	тресе	to shake	[ˈtrɛsɛ]
4234	ќелав	bald	[ˈcɛɫaf]
4235	крилја	wing, pinion body that enables it to fly	[ˈkriʎa]
4236	је	yay	[jɛ]
4237	разочара	to disappoint	[raˈzɔt͡ʃaɾa]
4238	вонземјанин	extraterrestrial, alien	[vɔnˈzɛmjanin]
4239	градски	urbanly	[ˈɡratski]
4240	квалитет	quality	[kvaliˈtɛt]
4241	открива	to uncover	[ˈɔtkriva]
4242	пардон	sorry, excuse me	[parˈdɔn]
4243	џуџиња	dwarf, midget, elf	[ˈd͡ʒud͡ʒiɲa]
4244	чоколада	chocolate	[t͡ʃɔkɔˈɫada]
4245	перспектива	perspective	[pɛrspɛkˈtiva]
4246	скрие	alternative form of сокрие	[ˈskri(j)ɛ]
4247	испразни	to empty out	[ˈisprazni]
4248	гледаа	to see	[ˈɡlɛdaa]
4249	инфаркт	heart attack, infarct	[iɱˈfarkt]
4250	глумец	actor	[ˈɡɫumɛt͡s]
4251	можи	nonstandard form of може	[ˈmɔʒi]
4252	мрачен	dark, poorly lit	[ˈmrat͡ʃɛn]
4253	фудбалски	football	[ˈfudbaɫski]
4254	фустани	dress	[ˈfustani]
4255	олеснување	relief	[ɔlɛsˈnuvaɲɛ]
4256	уплаши	to scare, frighten	[ˈupɫaʃi]
4257	марки	brand	[ˈmarki]
4258	одбрани	defense	[ˈɔdbrani]
4259	пелени	diaper	[ˈpɛlɛni]
4260	олабави	to loosen	[ɔˈɫabavi]
4261	прозбори	to start speaking, learn how to speak	[ˈprɔzbɔɾi]
4262	среден	to take care of, arrange, deal with	[ˈsrɛdɛn]
4263	водачи	guide	[ˈvɔdat͡ʃi]
4264	важност	importance	[ˈvaʒnɔst]
4265	ставила	to put, place	[ˈstaviɫa]
4266	текила	tequila	[tɛˈkiɫa]
4267	стапче	stick	[ˈstapt͡ʃɛ]
4268	електрична	electrical	[ɛˈlɛktrit͡ʃna]
4269	одобрение	approval	[ɔdɔˈbrɛni(j)ɛ]
4270	мајмуните	unspecified definite plural of мајмун m	[majˈmunitɛ]
4271	сојузници	ally	[sɔˈjuznit͡si]
4272	пробие	to penetrate, pierce, permeate	[ˈprɔbi(j)ɛ]
4273	раст	growth	[rast]
4274	затреба	to suddenly become needed	[ˈzatrɛba]
4275	пречка	obstacle, barrier	[ˈprɛt͡ʃka]
4276	шала	joke, jest	[ˈʃaɫa]
4277	колач	cake	[ˈkɔɫat͡ʃ]
4278	поврзе	to connect	[ˈpɔvr̩zɛ]
4279	атентат	assassination	[atɛnˈtat]
4280	пратен	to send	[ˈpratɛn]
4281	блокира	to block	[bɫɔˈkiɾa]
4282	бубрег	kidney	[ˈbubrɛk]
4283	инструмент	instrument	[instruˈmɛnt]
4284	бета	beta	[ˈbɛta]
4285	его	ego	[ˈɛɡɔ]
4286	наполнет	to fill	[ˈnapɔɫnɛt]
4287	сребрен	silver	[ˈsrɛbrɛn]
4288	откажува	to cancel	[ɔtˈkaʒuva]
4289	згодно	conveniently, comfortably, cozily	[ˈzɡɔdnɔ]
4290	салон	salon	[ˈsaɫɔn]
4291	еврејски	Jewish	[ˈɛvrɛjski]
4292	гледано	to see	[ˈɡlɛdanɔ]
4293	воден	to lead, guide	[ˈvɔdɛn]
4294	братучетка	female cousin	[braˈtut͡ʃɛtka]
4295	жици	wire	[ˈʒit͡si]
4296	доврши	to finish	[ˈdɔvr̩ʃi]
4297	амбасада	embassy	[ambaˈsada]
4298	ебел	to fuck, screw	[ˈɛbɛɫ]
4299	нишани	to aim	[ˈniʃani]
4300	љубовници	lover	[ʎuˈbɔvnit͡si]
4301	поправка	reparation	[ˈpɔprafka]
4302	алат	tool	[ˈaɫat]
4303	руси	indefinite plural	[ˈrusi]
4304	службено	officially	[ˈsɫuʒbɛnɔ]
4305	доба	age	[ˈdɔba]
4306	виц	joke, funny story, gag, rib-tickler	[vit͡s]
4307	обожаватели	admirer, adorer	[ɔbɔʒaˈvatɛli]
4308	позитивно	positively	[pɔziˈtivnɔ]
4309	плаќање	to pay	[ˈpɫacaɲɛ]
4310	учествува	to participate	[uˈt͡ʃɛstvuva]
4311	прошири	to expand	[ˈprɔʃiɾi]
4312	зборувале	to speak	[zbɔˈruvalɛ]
4313	комесар	commissioner	[kɔmɛˈsar]
4314	свештеници	priest	[svɛˈʃtɛnit͡si]
4315	дина	dune	[ˈdina]
4316	балет	ballet	[ˈbalɛt]
4317	додаток	addition, appendage, affix	[ˈdɔdatɔk]
4318	жолто	in yellow	[ˈʒɔɫtɔ]
4319	авантури	adventure	[avanˈtuɾi]
4320	напнат	tense, suspenseful	[ˈnapnat]
4321	желка	turtle, tortoise	[ˈʒɛɫka]
4322	терапевт	therapist	[tɛɾaˈpɛft]
4323	слави	to celebrate	[ˈsɫavi]
4324	нахрани	to feed	[ˈnaxrani]
4325	батерија	battery	[baˈtɛɾi(j)a]
4326	прозорци	window	[ˈprɔzɔrt͡si]
4327	пече	to bake	[ˈpɛt͡ʃɛ]
4328	мека	to bleat	[ˈmɛka]
4329	облог	bet, wager	[ˈɔbɫɔk]
4330	бој	battle, combat	[bɔj]
4331	секција	section	[ˈsɛkt͡si(j)a]
4332	означува	to tag, mark, label	[ɔˈznat͡ʃuva]
4333	потпретседател	vice-president	[pɔtprɛtˈsɛdatɛɫ]
4334	ним	Long indirect object form of тие	[nim]
4335	презема	to take over	[ˈprɛzɛma]
4336	смали	to reduce, minimize, make smaller	[ˈsmali]
4337	демократија	democracy	[dɛmɔˈkrati(j)a]
4338	набљудува	to observe	[naˈbʎuduva]
4339	олесни	to facilitate, make easier	[ˈɔlɛsni]
4340	диско	disco	[ˈdiskɔ]
4341	невиност	innocence	[ˈnɛvinɔst]
4342	забранет	to forbid, prohibit	[ˈzabranɛt]
4343	сонува	to dream	[ˈsɔnuva]
4344	конкуренција	competition, rivalry	[kɔŋkuˈrɛnt͡si(j)a]
4345	нарачка	order	[ˈnaɾat͡ʃka]
4346	бри	brie	[bri]
4347	битки	battle, fight	[ˈbitki]
4348	работеа	to work, labour	[raˈbɔtɛa]
4349	типично	typically	[ˈtipit͡ʃnɔ]
4350	иронично	ironically	[iˈrɔnit͡ʃnɔ]
4351	посран	to shit out or onto	[ˈpɔsran]
4352	покрие	to cover, deck	[ˈpɔkri(j)ɛ]
4353	мадиња	testicle	[ˈmadiɲa]
4354	кап	dripping onomatopoeia	[kap]
4355	мебел	furniture	[ˈmɛbɛɫ]
4356	пеколно	infernally	[ˈpɛkɔɫnɔ]
4357	низа	sequence	[ˈniza]
4358	нокти	nail	[ˈnɔkti]
4359	прекар	nickname, sobriquet, byname, cognomen, soubriquet	[ˈprɛkar]
4360	благо	sweetly	[ˈbɫaɡɔ]
4361	освета	revenge, vengeance	[ˈɔsvɛta]
4362	батали	to disregard, forget about, ignore, abandon	[ˈbatali]
4363	шкотска	Scottish	[ʃˈkɔtska]
4364	средби	meeting, encounter	[ˈsrɛdbi]
4365	сожалување	to pity	[sɔʒaˈɫuvaɲɛ]
4366	скроз	completely, altogether	[skrɔs]
4367	жолт	yellow	[ʒɔɫt]
4368	поканет	to invite	[ˈpɔkanɛt]
4369	кора	bark, rind	[ˈkɔɾa]
4370	поседување	to own, possess	[pɔsɛˈduvaɲɛ]
4371	внатрешен	internal	[ˈvnatrɛʃɛn]
4372	напор	strain, effort, exertion, endeavor	[ˈnapɔr]
4373	сече	to cut	[ˈsɛt͡ʃɛ]
4374	тост	toast	[tɔst]
4375	кромид	onion	[ˈkrɔmit]
4376	пепелта	feminine declension − unspecified definite singular of…	[ˈpɛpɛɫta]
4377	кукавици	cuckoo	[kuˈkavit͡si]
4378	комисија	commission	[kɔˈmisi(j)a]
4379	стапало	foot	[ˈstapaɫɔ]
4380	создаден	to create, produce	[ˈsɔzdadɛn]
4381	закопа	to bury, inter	[ˈzakɔpa]
4382	насилно	violently	[ˈnasiɫnɔ]
4383	прегледа	to examine	[ˈprɛɡlɛda]
4384	ходник	corridor, hallway	[ˈxɔdnik]
4385	параноичен	paranoid	[paɾaˈnɔit͡ʃɛn]
4386	приколка	trailer	[ˈprikɔɫka]
4387	осамено	in a lonely way	[ɔˈsamɛnɔ]
4388	јога	yoga	[ˈjɔɡa]
4389	самодоверба	self-confidence	[samɔˈdɔvɛrba]
4390	шоља	misspelling of шолја	[ˈʃɔʎa]
4391	четврт	quarter	[ˈt͡ʃɛtvr̩t]
4392	фрижидер	refrigerator	[friʒiˈdɛr]
4393	ментално	mentally	[ˈmɛntaɫnɔ]
4394	сервис	service center, repair shop	[ˈsɛrvis]
4395	умови	intellect, intelligence, mind, wit, brain	[ˈumɔvi]
4396	туна	tuna	[ˈtuna]
4397	навики	habit	[ˈnaviki]
4398	политичар	politician	[pɔˈlitit͡ʃar]
4399	републиката	unspecified definite singular of република f	[rɛpuˈblikata]
4400	барел	barrel	[ˈbaɾɛɫ]
4401	гозба	feast	[ˈɡɔzba]
4402	смеа	laughter	[ˈsmɛa]
4403	крпи	to patch up	[ˈkr̩pi]
4404	смртоносен	deadly, fatal, lethal, mortal	[smr̩ˈtɔnɔsɛn]
4405	сметководител	accountant	[smɛtkɔˈvɔditɛɫ]
4406	амбасадор	ambassador	[ambaˈsadɔr]
4407	судски	court; judicial	[ˈsutski]
4408	расипе	to ruin, spoil, mar, wreck	[ˈrasipɛ]
4409	ад	hell	[at]
4410	задржува	to detain, hold back, keep longer than expected, not release	[zaˈdr̩ʒuva]
4411	управување	management	[upraˈvuvaɲɛ]
4412	четвртина	fourth	[t͡ʃɛˈtvr̩tina]
4413	британски	British	[ˈbritanski]
4414	преголем	too big	[ˈprɛɡɔlɛm]
4415	птичка	bird	[ˈptit͡ʃka]
4416	канта	bin, bucket	[ˈkanta]
4417	плови	to sail, navigate	[ˈpɫɔvi]
4418	кредит	credit	[ˈkrɛdit]
4419	опстанок	sustenance, survival	[ˈɔpstanɔk]
4420	бездомник	homeless person, tramp, hobo, vagabond	[ˈbɛzdɔmnik]
4421	кравата	necktie, tie	[kraˈvata]
4422	паричник	wallet	[ˈpaɾit͡ʃnik]
4423	пазам	to watch, keep, take heed of, take care of	[ˈpazam]
4424	екран	screen	[ɛˈkran]
4425	елемент	element	[ɛlɛˈmɛnt]
4426	искуства	experience	[ˈiskustva]
4427	тенис	tennis	[ˈtɛnis]
4428	тумор	tumour	[ˈtumɔr]
4429	бунт	riot, mutiny, rebellion, revolt	[bunt]
4430	академија	academia	[akaˈdɛmi(j)a]
4431	внатрешно	internally	[ˈvnatrɛʃnɔ]
4432	огнена	fiery, igneous	[ˈɔɡnɛna]
4433	задоцни	to be late, arrive late	[ˈzadɔt͡sni]
4434	разбери	to understand, comprehend	[ˈrazbɛɾi]
4435	татковина	homeland, fatherland	[tatˈkɔvina]
4436	застрашувачки	intimidating	[zastraˈʃuvat͡ʃki]
4437	мајчина	maternal	[ˈmajt͡ʃina]
4438	дим	smoke	[dim]
4439	метод	method	[ˈmɛtɔt]
4440	одморалиште	resort	[ɔdmɔˈraliʃtɛ]
4441	барут	gunpowder	[ˈbaɾut]
4442	грди	ugly, hideous	[ˈɡr̩di]
4443	изведба	performance, interpretation	[ˈizvɛdba]
4444	забрани	to forbid, prohibit	[ˈzabrani]
4445	играјте	to play	[ˈiɡrajtɛ]
4446	сокол	falcon	[ˈsɔkɔɫ]
4447	бон	voucher, coupon, grand	[bɔn]
4448	јавач	rider, horseman	[ˈjavat͡ʃ]
4449	отстапи	to step away, step back, back off	[ˈɔtstapi]
4450	бубачка	bug	[ˈbubat͡ʃka]
4451	истражувач	explorer, researcher, investigator	[isˈtraʒuvat͡ʃ]
4452	диета	diet	[diˈɛta]
4453	кутар	poor, pitiful	[ˈkutar]
4454	пена	foam	[ˈpɛna]
4455	смотан	to roll up, coil	[ˈsmɔtan]
4456	компир	potato	[ˈkɔmpir]
4457	викав	to shout, yell	[ˈvikaf]
4458	полицајка	policewoman	[pɔliˈt͡sajka]
4459	налево	to the left	[ˈnalɛvɔ]
4460	црви	to put on lipstick	[ˈt͡sr̩vi]
4461	кауч	couch, sofa	[ˈkaut͡ʃ]
4462	патеки	path, route	[ˈpatɛki]
4463	категорија	category	[katɛˈɡɔɾi(j)a]
4464	склад	warehouse, depot, storeroom, storage	[skɫat]
4465	опашка	tail	[ˈɔpaʃka]
4466	тежи	to weigh	[ˈtɛʒi]
4467	инженер	engineer	[inʒɛˈnɛr]
4468	мартини	martini	[marˈtini]
4469	строг	strict	[strɔk]
4470	широко	widely, broadly	[ˈʃiɾɔkɔ]
4471	вистинито	truthfully, veraciously	[visˈtinitɔ]
4472	шунка	ham	[ˈʃuŋka]
4473	оп	oops	[ɔp]
4474	светец	saint	[ˈsvɛtɛt͡s]
4475	умен	clever, smart, mindful	[ˈumɛn]
4476	инвазија	invasion	[iɱˈvazi(j)a]
4477	дисциплина	discipline	[dist͡sipˈlina]
4478	заспие	to fall asleep	[ˈzaspi(j)ɛ]
4479	постапки	deed, action	[ˈpɔstapki]
4480	муви	fly	[ˈmuvi]
4481	проговори	to start speaking	[prɔˈɡɔvɔɾi]
4482	празници	holiday	[ˈpraznit͡si]
4483	ветар	alternative form of ветер	[ˈvɛtar]
4484	примирје	armistice, truce, reconciliation	[ˈprimirjɛ]
4485	заебанција	joke, fun, banter, fucking around	[zaɛˈbant͡si(j)a]
4486	легне	to lie down	[ˈlɛɡnɛ]
4487	трофеј	trophy	[ˈtrɔfɛj]
4488	зет	son-in-law	[zɛt]
4489	будење	awakening, waking	[ˈbudɛɲɛ]
4490	рехабилитација	rehabilitation	[rɛxabiliˈtat͡si(j)a]
4491	помфрит	French fries	[ˈpɔɱfrit]
4492	ритуал	ritual	[rituˈaɫ]
4493	специјалист	specialist	[spɛt͡si(j)aˈlist]
4494	школки	shell, clam, mussel	[ʃˈkɔɫki]
4495	бесмислено	senselessly, meaninglessly, absurdly	[bɛˈsmislɛnɔ]
4496	вратоврска	necktie, tie	[vraˈtɔvr̩ska]
4497	контејнер	dumpster	[kɔnˈtɛjnɛr]
4498	кочија	carriage, coach	[ˈkɔt͡ʃi(j)a]
4499	фрлаат	to throw, cast	[ˈfr̩ɫaat]
4500	реален	real	[ˈrɛalɛn]
4501	дестинација	destination	[dɛstiˈnat͡si(j)a]
4502	цртежи	drawing	[ˈt͡sr̩tɛʒi]
4503	гроф	count	[ɡrɔf]
4504	имат	nonstandard form of има	[ˈimat]
4505	мастило	ink	[ˈmastiɫɔ]
4506	ураган	hurricane	[ˈuɾaɡan]
4507	телохранител	bodyguard	[tɛɫɔˈxranitɛɫ]
4508	оштетен	to damage, harm	[ˈɔʃtɛtɛn]
4509	очув	stepfather	[ˈɔt͡ʃuf]
4510	пудинг	pudding	[puˈdiŋk]
4511	хемиски	chemically	[ˈxɛmiski]
4512	пребарување	to search through, look through	[prɛbaˈruvaɲɛ]
4513	униформи	indefinite plural of унифо́рма	[uniˈfɔrmi]
4514	зборев	to speak	[ˈzbɔɾɛf]
4515	рутина	routine	[ˈrutina]
4516	купувач	buyer	[ˈkupuvat͡ʃ]
4517	ретардиран	retarded	[rɛtarˈdiɾan]
4518	изнервиран	to annoy, irritate	[iznɛrˈviɾan]
4519	зони	indefinite plural	[ˈzɔni]
4520	соучесник	accomplice	[sɔˈut͡ʃɛsnik]
4521	церемонија	ceremony	[t͡sɛɾɛˈmɔni(j)a]
4522	површина	surface	[pɔˈvr̩ʃina]
4523	полета	to take flight, take off	[ˈpɔlɛta]
4524	градник	brassiere, bra	[ˈɡradnik]
4525	игранка	dance	[ˈiɡraŋka]
4526	одозгора	on the top	[ɔˈdɔzɡɔɾa]
4527	сојузник	ally	[ˈsɔjuznik]
4528	дно	bottom	[dnɔ]
4529	чување	to keep, store	[ˈt͡ʃuvaɲɛ]
4530	црв	worm	[t͡sr̩f]
4531	постигне	to attain, accomplish, achieve	[ˈpɔstiɡnɛ]
4532	страдање	suffering, woe	[ˈstradaɲɛ]
4533	милениче	pet	[miˈlɛnit͡ʃɛ]
4534	вовлече	to suck in, pull in	[ˈvɔvlɛt͡ʃɛ]
4535	изнервира	to annoy, irritate	[iznɛrˈviɾa]
4536	детенце	child, kid	[ˈdɛtɛnt͡sɛ]
4537	стрелци	archer	[ˈstrɛɫt͡si]
4538	мастика	mastic, resin	[ˈmastika]
4539	упати	to direct	[ˈupati]
4540	киднапира	to kidnap	[kidnaˈpiɾa]
4541	почестен	to treat	[ˈpɔt͡ʃɛstɛn]
4542	фигура	figure	[fiˈɡuɾa]
4543	велев	to say	[ˈvɛlɛf]
4544	тинејџер	teenager	[ˈtinɛjd͡ʒɛr]
4545	бескорисно	uselessly	[bɛsˈkɔɾisnɔ]
4546	порази	to defeat, vanquish	[ˈpɔɾazi]
4547	собори	to knock down, push onto the ground, defeat	[ˈsɔbɔɾi]
4548	февруари	February	[fɛvruˈaɾi]
4549	стрели	arrow	[ˈstrɛli]
4550	подморница	submarine	[pɔdˈmɔrnit͡sa]
4551	донесува	to bring	[dɔˈnɛsuva]
4552	лото	lotto	[ˈɫɔtɔ]
4553	кандидира	to nominate	[kandiˈdiɾa]
4554	бавен	slow	[ˈbavɛn]
4555	барон	baron	[ˈbaɾɔn]
4556	водени	to make wet	[ˈvɔdɛni]
4557	латински	Latin	[ˈɫatinski]
4558	инвестиција	investment	[iɱvɛsˈtit͡si(j)a]
4559	талентиран	gifted, talented	[talɛnˈtiɾan]
4560	скривалиште	shelter	[skriˈvaliʃtɛ]
4561	ликови	character	[ˈlikɔvi]
4562	овака	nonstandard form of вака	[ɔˈvaka]
4563	откуп	ransom	[ˈɔtkup]
4564	ебење	to fuck, screw	[ˈɛbɛɲɛ]
4565	изгрејсонце	sunrise	[izˈɡrɛjsɔnt͡sɛ]
4566	издание	publication	[izˈdani(j)ɛ]
4567	толпа	crowd	[ˈtɔɫpa]
4568	бучава	noise, din	[ˈbut͡ʃava]
4569	тло	ground	[tɫɔ]
4570	говориме	to speak, talk	[ɡɔˈvɔɾimɛ]
4571	жалост	sorrow	[ˈʒaɫɔst]
4572	летала	aircraft	[ˈlɛtaɫa]
4573	велиме	to say	[ˈvɛlimɛ]
4574	мафија	mafia	[ˈmafi(j)a]
4575	руска	Russian	[ˈruska]
4576	римски	Roman	[ˈrimski]
4577	расипано	in a broken, spoiled, dysfunctional way	[raˈsipanɔ]
4578	собрание	assembly	[sɔˈbrani(j)ɛ]
4579	криминално	criminally	[krimiˈnaɫnɔ]
4580	уредник	editor	[ˈuɾɛdnik]
4581	шведска	Swedish	[ˈʃvɛtska]
4582	велеа	to say	[ˈvɛlɛa]
4583	денов	day	[ˈdɛnɔf]
4584	зајаци	rabbit, hare	[ˈzajat͡si]
4585	прекинат	to interrupt	[ˈprɛkinat]
4586	касни	to be late, run late	[ˈkasni]
4587	галама	fuss	[ɡaˈɫama]
4588	лидери	leader	[ˈlidɛɾi]
4589	црта	to draw	[ˈt͡sr̩ta]
4590	торнадо	tornado	[tɔrˈnadɔ]
4591	кофи	pail, bucket	[ˈkɔfi]
4592	агенции	agency	[aˈɡɛnt͡sii]
4593	сфаќа	to realize, understand, get, figure out	[ˈsfaca]
4594	термин	term	[ˈtɛrmin]
4595	заљубив	to start loving, fall in love with	[ˈzaʎubif]
4596	женава	woman	[ˈʒɛnava]
4597	џиновски	gigantically	[ˈd͡ʒinɔfski]
4598	височина	height, altitude, elevation	[viˈsɔt͡ʃina]
4599	статуа	statue	[ˈstatua]
4600	торби	bag	[ˈtɔrbi]
4601	музички	musically	[ˈmuzit͡ʃki]
4602	аспирин	aspirin	[aspiˈrin]
4603	отворање	to open	[ɔˈtvɔɾaɲɛ]
4604	сведочење	to testify, prove	[svɛˈdɔt͡ʃɛɲɛ]
4605	старче	old man	[ˈstart͡ʃɛ]
4606	училишта	school	[uˈt͡ʃiliʃta]
4607	опера	opera	[ˈɔpɛɾa]
4608	редок	rare, uncommon	[ˈrɛdɔk]
4609	вредности	value, worth	[ˈvrɛdnɔsti]
4610	наивен	naive, gullible	[ˈnaivɛn]
4611	шампиони	champion	[ʃampiˈɔni]
4612	дамка	spot	[ˈdamka]
4613	пчела	bee	[ˈpt͡ʃɛɫa]
4614	шпиони	spy	[ˈʃpi(j)ɔni]
4615	сподели	to share	[ˈspɔdɛli]
4616	преговара	to negotiate	[prɛˈɡɔvaɾa]
4617	симболи	symbol	[ˈsimbɔli]
4618	забелешка	remark	[zaˈbɛlɛʃka]
4619	сели	to move	[ˈsɛli]
4620	магичен	magical	[ˈmaɡit͡ʃɛn]
4621	четирите	four	[t͡ʃɛˈtiɾitɛ]
4622	вреќи	sack, bag	[ˈvrɛci]
4623	надоле	downward	[ˈnadɔlɛ]
4624	зборувајќи	to speak	[zbɔɾuˈvajci]
4625	области	district, region, area	[ˈɔbɫasti]
4626	запален	to ignite, set ablaze, set alight	[ˈzapalɛn]
4627	ебач	fucker	[ˈɛbat͡ʃ]
4628	зоолошка	zoological	[zɔˈɔɫɔʃka]
4629	спушта	to lower, bring down	[ˈspuʃta]
4630	петнаесет	fifteen	[pɛtˈnaɛsɛt]
4631	приклучи	to attach, plug	[ˈprikɫut͡ʃi]
4632	населба	settlement	[ˈnasɛɫba]
4633	пуштен	to let, let go, release	[ˈpuʃtɛn]
4634	физика	physics	[ˈfizika]
4635	хорор	horror	[ˈxɔɾɔr]
4636	ебеше	to fuck, screw	[ˈɛbɛʃɛ]
4637	облече	to put on	[ˈɔblɛt͡ʃɛ]
4638	пијачки	beverage, drink	[ˈpi(j)at͡ʃki]
4639	исполнува	to fill up	[isˈpɔɫnuva]
4640	понатака	later on	[pɔˈnataka]
4641	инекција	misspelling of инјекција	[iˈnɛkt͡si(j)a]
4642	преплашен	to scare to death	[ˈprɛpɫaʃɛn]
4643	социјален	social	[sɔˈt͡si(j)alɛn]
4644	совпаѓање	to coincide, fit together	[sɔfˈpaɟaɲɛ]
4645	камата	interest	[ˈkamata]
4646	мрдне	to move, stir, budge	[ˈmr̩dnɛ]
4647	научен	to learn, teach	[ˈnaut͡ʃɛn]
4648	тако	taco	[ˈtakɔ]
4649	радијација	radiation	[radiˈjat͡si(j)a]
4650	гаси	to turn off, switch off	[ˈɡasi]
4651	списанија	magazine, periodical	[spiˈsani(j)a]
4652	повремено	periodically, at times	[pɔˈvrɛmɛnɔ]
4653	службеници	employee	[sɫuʒˈbɛnit͡si]
4654	кука	hook	[ˈkuka]
4655	старци	old man	[ˈstart͡si]
4656	кечап	ketchup	[ˈkɛt͡ʃap]
4657	одлета	to fly away	[ˈɔdlɛta]
4658	седне	to sit down, take a seat	[ˈsɛdnɛ]
4659	зборувала	to speak	[zbɔˈruvaɫa]
4660	натрапник	intruder, interloper, trespasser	[ˈnatrapnik]
4661	гадови	bastard, scumbag, scum	[ˈɡadɔvi]
4662	ореви	walnut	[ˈɔɾɛvi]
4663	бик	bull	[bik]
4664	програми	programme	[ˈprɔɡrami]
4665	пријава	logging in, registration	[ˈpri(j)ava]
4666	колено	knee	[ˈkɔlɛnɔ]
4667	габи	fungus	[ˈɡabi]
4668	опорави	to make someone right, make someone better	[ɔˈpɔɾavi]
4669	стабилен	stable	[ˈstabilɛn]
4670	модерно	modernly	[ˈmɔdɛrnɔ]
4671	тепих	rug	[ˈtɛpix]
4672	станале	to become	[ˈstanalɛ]
4673	американско	American	[amɛˈrikanskɔ]
4674	скокаш	to jump, spring, leap	[ˈskɔkaʃ]
4675	достава	delivery, shipping	[ˈdɔstava]
4676	намалување	reduction	[namaˈɫuvaɲɛ]
4677	желе	jelly	[ʒɛˈlɛ]
4678	личните	personal, private	[ˈlit͡ʃnitɛ]
4679	братство	brotherhood	[ˈbratstvɔ]
4680	џем	jam	[d͡ʒɛm]
4681	длабочина	depth	[dɫaˈbɔt͡ʃina]
4682	каубој	cowboy	[kauˈbɔj]
4683	загатка	puzzle, conundrum, riddle	[ˈzaɡatka]
4684	траума	trauma	[ˈtrauma]
4685	возбудува	to excite, arouse	[vɔzˈbuduva]
4686	пресметка	skirmish	[ˈprɛsmɛtka]
4687	ствари	indefinite plural	[ˈstvaɾi]
4688	фантастичен	fantastic	[fanˈtastit͡ʃɛn]
4689	крварење	to bleed	[kr̩ˈvaɾɛɲɛ]
4690	мечката	unspecified definite singular of мечка f	[ˈmɛt͡ʃkata]
4691	градинка	kindergarten	[ˈɡradiŋka]
4692	алергичен	allergic	[aˈlɛrɡit͡ʃɛn]
4693	другпат	another time	[ˈdrukpat]
4694	пижами	pyjamas	[piˈʒami]
4695	поима	to understand, comprehend, interpret	[ˈpɔima]
4696	запира	to stop	[ˈzapiɾa]
4697	излудува	to drive mad	[izˈɫuduva]
4698	остро	sharply	[ˈɔstrɔ]
4699	механичар	mechanic	[mɛˈxanit͡ʃar]
4700	као	nonstandard form of како	[ˈkaɔ]
4701	ловење	to hunt	[ˈɫɔvɛɲɛ]
4702	секојдневно	daily	[sɛˈkɔjdnɛvnɔ]
4703	прашаат	to ask	[ˈpraʃaat]
4704	шолја	cup	[ˈʃɔʎa]
4705	изнесе	to take outside	[ˈiznɛsɛ]
4706	сиромашен	poor, impecunious, destitute	[siˈrɔmaʃɛn]
4707	формација	formation	[fɔrˈmat͡si(j)a]
4708	возбуда	excitement, arousal	[ˈvɔzbuda]
4709	брава	lock	[ˈbrava]
4710	плави	to rinse	[ˈpɫavi]
4711	оргазам	orgasm	[ɔrˈɡazam]
4712	гласник	messenger, herald	[ˈɡɫasnik]
4713	гаќички	panties	[ˈɡacit͡ʃki]
4714	загине	to die, perish	[ˈzaɡinɛ]
4715	скандал	scandal	[ˈskandaɫ]
4716	неизбежно	inevitably	[nɛˈizbɛʒnɔ]
4717	сјае	to shine, gleam	[ˈsjaɛ]
4718	излезен	to exit, go out	[ˈizlɛzɛn]
4719	состав	essay, composition	[ˈsɔstaf]
4720	тактика	tactics	[ˈtaktika]
4721	трансфер	transfer	[ˈtransfɛr]
4722	меко	softly	[ˈmɛkɔ]
4723	трпелив	patient	[ˈtr̩pɛlif]
4724	топови	cannon	[ˈtɔpɔvi]
4725	формула	formula	[ˈfɔrmuɫa]
4726	штрумфови	indefinite plural	[ˈʃtruɱfɔvi]
4727	канџи	claw	[ˈkand͡ʒi]
4728	служби	service	[ˈsɫuʒbi]
4729	логор	camp, encampment, bivouac	[ˈɫɔɡɔr]
4730	серам	to defecate, shit	[ˈsɛɾam]
4731	кучешки	canine, doggish	[ˈkut͡ʃɛʃki]
4732	татенце	dad	[ˈtatɛnt͡sɛ]
4733	процент	percent	[ˈprɔt͡sɛnt]
4734	квит	even	[kvit]
4735	киднапиран	to kidnap	[kidnaˈpiɾan]
4736	невино	innocently, guiltlessly	[ˈnɛvinɔ]
4737	пеперутка	butterfly	[pɛˈpɛɾutka]
4738	пораснат	to grow up	[ˈpɔɾasnat]
4739	впери	to point, aim, direct	[ˈfpɛɾi]
4740	дружи	to spend time with as a friend, give attention as a friend,…	[ˈdruʒi]
4741	настапи	to perform	[ˈnastapi]
4742	збореше	to speak	[ˈzbɔɾɛʃɛ]
4743	цент	cent	[t͡sɛnt]
4744	вмеша	to involve, implicate	[ˈvmɛʃa]
4745	водник	sergeant	[ˈvɔdnik]
4746	теоретски	theoretically	[tɛˈɔɾɛtski]
4747	ставивме	to put, place	[ˈstavivmɛ]
4748	постапка	deed, action	[ˈpɔstapka]
4749	четка	brush	[ˈt͡ʃɛtka]
4750	порота	jury	[ˈpɔɾɔta]
4751	претрес	search, ransacking, perquisition	[ˈprɛtrɛs]
4752	возачи	driver, chauffeur	[ˈvɔzat͡ʃi]
4753	побегнат	to run away	[ˈpɔbɛɡnat]
4754	програм	program	[ˈprɔɡram]
4755	лажење	to lie, tell lies	[ˈɫaʒɛɲɛ]
4756	откачен	to unhook, separate	[ˈɔtkat͡ʃɛn]
4757	масовно	en masse, massively	[ˈmasɔvnɔ]
4758	божица	goddess	[ˈbɔʒit͡sa]
4759	грип	flu, influenza	[ɡrip]
4760	периметар	perimeter	[pɛɾiˈmɛtar]
4761	роса	dew	[ˈrɔsa]
4762	пакување	package	[paˈkuvaɲɛ]
4763	портокал	orange	[ˈpɔrtɔkaɫ]
4764	магионичар	magician	[maɡiˈɔnit͡ʃar]
4765	пикник	picnic	[ˈpiknik]
4766	временската	temporal	[vrɛˈmɛnskata]
4767	патка	duck	[ˈpatka]
4768	ан	inn	[an]
4769	искра	spark	[ˈiskra]
4770	завера	conspiracy	[ˈzavɛɾa]
4771	облаци	cloud	[ˈɔbɫat͡si]
4772	финансии	finances	[fiˈnansii]
4773	пишувал	to write	[ˈpiʃuvaɫ]
4774	превзема	misspelling of презема	[ˈprɛvzɛma]
4775	измет	feces, excrement	[ˈizmɛt]
4776	карантин	quarantine	[kaɾanˈtin]
4777	извонреден	extraordinary, exceptional, amazing, stupendous, wonderful	[izˈvɔnrɛdɛn]
4778	писта	runway	[ˈpista]
4779	чанта	bag, purse	[ˈt͡ʃanta]
4780	забрана	prohibition, interdiction, ban	[ˈzabrana]
4781	иден	future	[ˈidɛn]
4782	сателитски	satellite	[satɛˈlitski]
4783	поен	point, score	[ˈpɔɛn]
4784	франци	franc	[ˈfrant͡si]
4785	старателство	guardianship, custody	[staˈratɛɫstvɔ]
4786	снајперист	sniper	[snajpɛˈrist]
4787	фрлај	to throw, cast	[ˈfr̩ɫaj]
4788	стрип	comic	[strip]
4789	сретнат	to meet, encounter	[ˈsrɛtnat]
4790	брату	vocative singular of брат m	[ˈbratu]
4791	одбере	to choose, select	[ˈɔdbɛɾɛ]
4792	ехо	echo	[ˈɛxɔ]
4793	наредува	to order	[naˈrɛduva]
4794	тотален	total	[ˈtɔtalɛn]
4795	поразлично	differently	[pɔˈrazlit͡ʃnɔ]
4796	глетка	sight	[ˈɡlɛtka]
4797	затворање	to imprison, jail, lock up, incarcerate	[zaˈtvɔɾaɲɛ]
4798	парички	coin	[ˈpaɾit͡ʃki]
4799	семестар	semester	[sɛˈmɛstar]
4800	пареа	steam, vapor	[ˈpaɾɛa]
4801	работен	to work, labour	[ˈrabɔtɛn]
4802	школка	shell, clam, mussel	[ʃˈkɔɫka]
4803	непотребно	needlessly, unnecessarily	[nɛˈpɔtrɛbnɔ]
4804	ненадејно	suddenly, abruptly	[nɛˈnadɛjnɔ]
4805	лажица	spoon	[ˈɫaʒit͡sa]
4806	викал	to shout, yell	[ˈvikaɫ]
4807	сандаче	ellipsis of поштенско сандаче	[ˈsandat͡ʃɛ]
4808	ирец	Irishman	[ˈiɾɛt͡s]
4809	дроб	lung	[drɔp]
4810	пити	pie, tart	[ˈpiti]
4811	извлекување	to pull out, extract	[izvlɛˈkuvaɲɛ]
4812	штети	harm, damage	[ˈʃtɛti]
4813	алелуја	hallelujah	[alɛˈɫuja]
4814	реклами	indefinite plural of рекла́ма	[rɛˈkɫami]
4815	коњски	in an equine way	[ˈkɔɲski]
4816	криво	crookedly	[ˈkrivɔ]
4817	аукција	auction	[aˈukt͡si(j)a]
4818	влоши	to worsen, aggravate	[ˈvɫɔʃi]
4819	генијално	ingeniously, brilliantly	[ɡɛniˈjaɫnɔ]
4820	глувче	mouse	[ˈɡɫuft͡ʃɛ]
4821	напори	strain, effort, exertion, endeavor	[ˈnapɔɾi]
4822	уметнички	artistically	[uˈmɛtnit͡ʃki]
4823	чуди	to shock, surprise	[ˈt͡ʃudi]
4824	старт	start	[start]
4825	проколнат	to curse, damn	[ˈprɔkɔɫnat]
4826	шестмина	six individuals	[ˈʃɛstmina]
4827	рен	horseradish	[rɛn]
4828	јадро	nucleus	[ˈjadrɔ]
4829	водење	to lead, guide	[ˈvɔdɛɲɛ]
4830	гласа	to vote	[ˈɡɫasa]
4831	овца	sheep	[ˈɔft͡sa]
4832	земјиште	parcel, plot, land	[ˈzɛmjiʃtɛ]
4833	дарби	talent, aptitude	[ˈdarbi]
4834	доверлив	reliable, trustable, trustworthy	[ˈdɔvɛrlif]
4835	штитови	shield	[ˈʃtitɔvi]
4836	џентлмен	gentleman	[ˈd͡ʒɛntɫ̩mɛn]
4837	прстени	ring	[ˈpr̩stɛni]
4838	дејства	effect, function	[ˈdɛjstva]
4839	погреши	to make a mistake, err	[ˈpɔɡrɛʃi]
4840	пират	pirate	[ˈpiɾat]
4841	судир	crash, collision, clash	[ˈsudir]
4842	партнерка	female partner	[ˈpartnɛrka]
4843	клетки	cell	[ˈklɛtki]
4844	произведува	to produce	[prɔizˈvɛduva]
4845	христијанин	Christian	[xrisˈti(j)anin]
4846	изненадува	to surprise	[iznɛˈnaduva]
4847	полза	use, benefit	[ˈpɔɫza]
4848	девојкава	proximal definite singular of девојка f	[dɛˈvɔjkava]
4849	ајкули	shark	[ˈajkuli]
4850	пракса	practical work	[ˈpraksa]
4851	подржи	to hold for a while	[ˈpɔdr̩ʒi]
4852	изложба	exhibition	[ˈizɫɔʒba]
4853	хеликоптери	plural of хелико́птер	[xɛliˈkɔptɛɾi]
4854	мие	to wash	[ˈmi(j)ɛ]
4855	тапа	cork, plug	[ˈtapa]
4856	свират	to play	[ˈsviɾat]
4857	насочи	to direct	[ˈnasɔt͡ʃi]
4858	болничар	orderly, hospital attendant, paramedic, male nurse	[ˈbɔɫnit͡ʃar]
4859	смрдеа	stench	[ˈsmr̩dɛa]
4860	секојпат	always, every time	[ˈsɛkɔjpat]
4861	брзање	to rush, hurry	[ˈbr̩zaɲɛ]
4862	трон	throne	[trɔn]
4863	германец	German	[ˈɡɛrmanɛt͡s]
4864	беден	miserable, pathetic, pitiful	[ˈbɛdɛn]
4865	чинии	plate	[ˈt͡ʃinii]
4866	исфрлен	ejective	[ˈisfr̩lɛn]
4867	актовка	briefcase	[ˈaktɔfka]
4868	сере	to defecate, shit	[ˈsɛɾɛ]
4869	криви	guilty	[ˈkrivi]
4870	кинез	Chinese	[ˈkinɛs]
4871	четириесет	forty	[t͡ʃɛtiˈri(j)ɛsɛt]
4872	динамит	dynamite	[dinaˈmit]
4873	детиште	brat	[ˈdɛtiʃtɛ]
4874	трки	race	[ˈtr̩ki]
4875	срамно	shamefully, disgracefully	[ˈsramnɔ]
4876	уреди	to arrange, tidy	[ˈuɾɛdi]
4877	инструменти	instrument	[instruˈmɛnti]
4878	пост	fast	[pɔst]
4879	укажува	to point out	[uˈkaʒuva]
4880	адреналин	adrenaline	[adrɛnaˈlin]
4881	сенки	shadow	[ˈsɛŋki]
4882	проголта	to swallow	[ˈprɔɡɔɫta]
4883	јужен	southern	[ˈjuʒɛn]
4884	изграден	to build, construct	[ˈizɡradɛn]
4885	празнина	emptiness, vacancy	[ˈpraznina]
4886	трчав	to run	[ˈtr̩t͡ʃaf]
4887	заблуда	delusion, misconception	[ˈzabɫuda]
4888	цртеж	drawing	[ˈt͡sr̩tɛʃ]
4889	повредува	to hurt, injure, wound	[pɔˈvrɛduva]
4890	листови	leaf	[ˈlistɔvi]
4891	костуми	suit	[ˈkɔstumi]
4892	заслуга	merit	[ˈzasɫuɡa]
4893	фестивал	festival	[fɛstiˈvaɫ]
4894	уживање	to enjoy, relish	[uˈʒivaɲɛ]
4895	мочаш	to pee, urinate	[ˈmɔt͡ʃaʃ]
4896	свеќа	candle	[ˈsvɛca]
4897	јагне	lamb	[ˈjaɡnɛ]
4898	вишок	excess, surplus, surfeit	[ˈviʃɔk]
4899	комуникации	communication	[kɔmuniˈkat͡sii]
4900	непристојно	indecently, inappropriately	[nɛˈpristɔjnɔ]
4901	препорака	recommendation	[prɛˈpɔɾaka]
4902	величествен	grand, majestic, august, imposing, impressive, magnificent	[vɛˈlit͡ʃɛstvɛn]
4903	колона	column	[ˈkɔɫɔna]
4904	спогодба	bargain, coming to terms	[ˈspɔɡɔdba]
4905	потрес	concussion	[ˈpɔtrɛs]
4906	заповеди	command, order	[zaˈpɔvɛdi]
4907	скитник	vagrant, wanderer, vagabond, roamer	[ˈskitnik]
4908	чили	chilli	[ˈt͡ʃili]
4909	гравитација	gravitation, gravity	[ɡraviˈtat͡si(j)a]
4910	пантолони	nonstandard form of панталони	[panˈtɔɫɔni]
4911	амандман	amendment	[amandˈman]
4912	врие	to boil, ferment	[ˈvri(j)ɛ]
4913	гарантира	to guarantee	[ɡaɾanˈtiɾa]
4914	погон	drive	[ˈpɔɡɔn]
4915	бира	to choose, pick	[ˈbiɾa]
4916	клима	climate	[ˈklima]
4917	остри	to sharpen	[ˈɔstri]
4918	буре	barrel	[ˈbuɾɛ]
4919	вотка	vodka	[ˈvɔtka]
4920	ленти	ribbon, band	[ˈlɛnti]
4921	кондом	condom	[kɔnˈdɔm]
4922	трагично	tragically	[ˈtraɡit͡ʃnɔ]
4923	каса	safe, strongbox	[ˈkasa]
4924	повраќа	to vomit, to puke, to regurgitate	[ˈpɔvraca]
4925	плин	natural gas	[plin]
4926	доближува	to bring closer	[dɔˈbliʒuva]
4927	напуштен	to leave	[ˈnapuʃtɛn]
4928	кали	to temper	[ˈkali]
4929	балон	balloon	[ˈbaɫɔn]
4930	штала	stable, stall	[ˈʃtaɫa]
4931	плачење	to cry, weep	[ˈpɫat͡ʃɛɲɛ]
4932	очај	despair	[ˈɔt͡ʃaj]
4933	печурки	mushroom	[ˈpɛt͡ʃurki]
4934	рамен	flat, even	[ˈramɛn]
4935	турбо	intensely	[ˈturbɔ]
4936	самица	solitary confinement cell	[ˈsamit͡sa]
4937	контактира	to contact	[kɔntakˈtiɾa]
4938	корупција	corruption	[kɔˈrupt͡si(j)a]
4939	петте	five	[ˈpɛttɛ]
4940	доброволец	volunteer	[dɔbˈrɔvɔlɛt͡s]
4941	медиум	medium, psychic, sensitive	[ˈmɛdi(j)um]
4942	пеење	singing	[ˈpɛɛɲɛ]
4943	добивање	to get, obtain, receive	[dɔˈbivaɲɛ]
4944	исуши	to dry up, desiccate	[ˈisuʃi]
4945	максимум	maximum	[ˈmaksimum]
4946	романтичен	romantic	[rɔˈmantit͡ʃɛn]
4947	говорница	platform, podium, stand	[ɡɔˈvɔrnit͡sa]
4948	штаб	headquarters, staff	[ʃtap]
4949	земјотрес	earthquake	[ˈzɛmjɔtrɛs]
4950	ре	re	[rɛ]
4951	неприфатливо	unacceptably	[nɛpriˈfatlivɔ]
4952	резервација	reservation	[rɛzɛrˈvat͡si(j)a]
4953	племиња	tribe	[ˈplɛmiɲa]
4954	сечат	to cut	[ˈsɛt͡ʃat]
4955	аналитичар	analyst	[anaˈlitit͡ʃar]
4956	историски	historically	[isˈtɔɾiski]
4957	проби	rehearsal	[ˈprɔbi]
4958	кош	basket	[kɔʃ]
4959	заборават	nonstandard form of заборава	[zaˈbɔɾavat]
4960	сува	dry, dried	[ˈsuva]
4961	прецизен	precise	[ˈprɛt͡sizɛn]
4962	функции	function	[ˈfuŋkt͡sii]
4963	прееска	a short while ago	[ˈprɛɛska]
4964	сантиметри	centimeter/centimetre	[sanˈtimɛtri]
4965	соблече	to take off	[ˈsɔblɛt͡ʃɛ]
4966	експерти	indefinite plural	[ˈɛkspɛrti]
4967	растенија	plant	[rasˈtɛni(j)a]
4968	нуклеарен	nuclear	[nuklɛˈaɾɛn]
4969	исплата	payment	[ˈispɫata]
4970	љубопитност	curiosity	[ʎuˈbɔpitnɔst]
4971	биолошки	biologically	[biˈɔɫɔʃki]
4972	кондоми	condom	[kɔnˈdɔmi]
4973	вклопува	to fit in, integrate	[ˈfkɫɔpuva]
4974	полнење	to fill	[ˈpɔɫnɛɲɛ]
4975	веш	laundry, washing	[vɛʃ]
4976	скапоцен	precious	[ˈskapɔt͡sɛn]
4977	сувенир	souvenir	[suvɛˈnir]
4978	источен	eastern	[ˈistɔt͡ʃɛn]
4979	припреми	to prepare	[ˈpriprɛmi]
4980	совлада	to master	[ˈsɔvɫada]
4981	изнајми	to rent	[ˈiznajmi]
4982	крилата	unspecified definite plural of крило n	[ˈkriɫata]
4983	заѕвони	to ring	[ˈzad͡zvɔni]
4984	давање	to give	[ˈdavaɲɛ]
4985	надлежност	responsibility, charge	[ˈnadlɛʒnɔst]
4986	осигура	to ensure	[ɔˈsiɡuɾa]
4987	миризба	smell, scent	[ˈmiɾizba]
4988	алтернатива	alternative	[aɫtɛrnaˈtiva]
4989	бакнежи	indefinite plural of ба́кнеж	[ˈbaknɛʒi]
4990	маден	testicular	[ˈmadɛn]
4991	срамежлив	shy, bashful, coy	[ˈsramɛʒlif]
4992	планирање	to plan	[pɫaˈniɾaɲɛ]
4993	воодушевен	to inspire; encourage; cheer up	[vɔɔˈduʃɛvɛn]
4994	независност	independence	[nɛˈzavisnɔst]
4995	станало	to become	[ˈstanaɫɔ]
4996	изигра	to play	[ˈiziɡra]
4997	препушти	to leave to someone, allow someone else to take over	[ˈprɛpuʃti]
4998	докторка	female doctor	[ˈdɔktɔrka]
4999	грозен	ugly, unattractive	[ˈɡrɔzɛn]
5000	сандак	chest, trunk, box, crate	[ˈsandak]
5001	боречки	martial	[ˈbɔɾɛt͡ʃki]
5002	јагоди	strawberry	[ˈjaɡɔdi]
5003	отсутен	absent	[ˈɔtsutɛn]
5004	ткиво	tissue	[ˈtkivɔ]
5005	семејно	familially, as a family	[ˈsɛmɛjnɔ]
5006	наслов	title, heading	[ˈnasɫɔf]
5007	жртвување	to sacrifice	[ʒr̩ˈtvuvaɲɛ]
5008	ламба	lamp	[ˈɫamba]
5009	лечење	to cure	[ˈlɛt͡ʃɛɲɛ]
5010	расправија	argument, dispute	[rasˈpravi(j)a]
5011	заборава	to forget, fail to think of	[zaˈbɔɾava]
5012	социјална	social	[sɔˈt͡si(j)aɫna]
5013	викне	to cry, shout	[ˈviknɛ]
5014	ранец	backpack	[ˈranɛt͡s]
5015	задници	buttocks, bottom, butt	[ˈzadnit͡si]
5016	ножици	scissors	[ˈnɔʒit͡si]
5017	нигде	nonstandard form of никаде	[ˈniɡdɛ]
5018	бате	older brother	[ˈbatɛ]
5019	брутално	brutally	[ˈbrutaɫnɔ]
5020	вратен	to return, restore, give back	[ˈvratɛn]
5021	почива	to rest	[ˈpɔt͡ʃiva]
5022	расправа	dispute	[ˈrasprava]
5023	повикан	to call, summon, invoke	[ˈpɔvikan]
5024	кити	to decorate, adorn, bedeck	[ˈkiti]
5025	зараза	contagion	[ˈzaɾaza]
5026	прогласи	to proclaim, declare	[ˈprɔɡɫasi]
5027	сведува	to reduce	[ˈsvɛduva]
5028	шпагети	spaghetti	[ʃpaˈɡɛti]
5029	ива	sallow, goat willow	[ˈiva]
5030	концепт	concept	[ˈkɔnt͡sɛpt]
5031	пружи	to hang up	[ˈpruʒi]
5032	ѕверови	beast	[ˈd͡zvɛɾɔvi]
5033	игли	needle	[ˈiɡli]
5034	бриши	to erase, delete	[ˈbriʃi]
5035	прогласен	to proclaim, declare	[ˈprɔɡɫasɛn]
5036	чувте	to hear	[ˈt͡ʃuftɛ]
5037	население	population	[nasɛˈlɛni(j)ɛ]
5038	пила	saw	[ˈpiɫa]
5039	тврд	hard, firm	[tvr̩t]
5040	ташна	bag, purse	[ˈtaʃna]
5041	танго	tango	[ˈtaŋɡɔ]
5042	развива	to develop	[ˈrazviva]
5043	чести	common, frequent	[ˈt͡ʃɛsti]
5044	навреден	to insult, offend	[ˈnavrɛdɛn]
5045	имагинација	imagination, fantasy	[imaɡiˈnat͡si(j)a]
5046	активен	active	[ˈaktivɛn]
5047	искреност	honesty, sincerity	[ˈiskrɛnɔst]
5048	крвав	bloody, bloodstained	[ˈkr̩vaf]
5049	бегате	to run away	[ˈbɛɡatɛ]
5050	мами	to cheat, deceive, swindle, con, dupe, scam	[ˈmami]
5051	втори	alternative form of втор	[ˈftɔɾi]
5052	џез	jazz	[d͡ʒɛs]
5053	налета	to run into, come across	[ˈnalɛta]
5054	есен	autumn, fall	[ˈɛsɛn]
5055	кармин	lipstick	[ˈkarmin]
5056	премини	passage	[ˈprɛmini]
5057	разликува	to differentiate, distinguish	[razˈlikuva]
5058	артилерија	artillery	[artiˈlɛɾi(j)a]
5059	прат	twig; birch, rod	[prat]
5060	потерница	warrant	[pɔˈtɛrnit͡sa]
5061	специјалност	specialty	[spɛt͡siˈjaɫnɔst]
5062	загрози	to endanger, imperil, jeopardize	[ˈzaɡrɔzi]
5063	несомнено	undoubtedly	[nɛˈsɔmnɛnɔ]
5064	жртвува	to sacrifice	[ˈʒr̩tvuva]
5065	блокада	blockade, obstruction	[bɫɔˈkada]
5066	должина	length	[ˈdɔɫʒina]
5067	сместување	accommodation, lodging	[smɛsˈtuvaɲɛ]
5068	напорен	strenuous, difficult	[ˈnapɔɾɛn]
5069	топче	ball	[ˈtɔpt͡ʃɛ]
5070	анонимен	anonymous, unnamed	[anɔˈnimɛn]
5071	вознемирувачки	upsetting, distressing	[vɔznɛmiˈruvat͡ʃki]
5072	полска	field	[ˈpɔɫska]
5073	костими	costume	[ˈkɔstimi]
5074	вешт	skilled, adroit, dexterous	[vɛʃt]
5075	божиќен	Christmas	[ˈbɔʒicɛn]
5076	гласање	to vote	[ˈɡɫasaɲɛ]
5077	мустаќи	moustache	[ˈmustaci]
5078	јаглен	coal	[ˈjaɡlɛn]
5079	тренира	to train, coach	[trɛˈniɾa]
5080	ребра	rib	[ˈrɛbra]
5081	љубовен	amorous, romantic	[ˈʎubɔvɛn]
5082	досада	boredom	[ˈdɔsada]
5083	трезен	sober	[ˈtrɛzɛn]
5084	бриџ	bridge	[brit͡ʃ]
5085	чуј	to hear	[t͡ʃuj]
5086	луна	moon	[ˈɫuna]
5087	корен	root	[ˈkɔɾɛn]
5088	зграпчи	to grip, grab, seize	[ˈzɡrapt͡ʃi]
5089	шут	clown, buffoon	[ʃut]
5090	подобрување	improvement, amelioration	[pɔdɔbˈruvaɲɛ]
5091	психологија	psychology	[psixɔˈɫɔɡi(j)a]
5092	заљуби	to start loving, fall in love with	[ˈzaʎubi]
5093	спреј	spray	[sprɛj]
5094	коцкање	to gamble	[ˈkɔt͡skaɲɛ]
5095	пчели	bee	[ˈpt͡ʃɛli]
5096	спонзор	sponsor	[ˈspɔnzɔr]
5097	лимузина	limousine	[limuˈzina]
5098	вселена	space, outer space	[ˈfsɛlɛna]
5099	капут	kaputt	[kaˈput]
5100	маало	neighbourhood, block	[ˈmaaɫɔ]
5101	сув	dry, dried	[suf]
5102	стадо	herd, flock	[ˈstadɔ]
5103	кањон	canyon	[ˈkaɲɔn]
5104	манастир	monastery	[ˈmanastir]
5105	војски	army	[ˈvɔjski]
5106	погледи	look, gaze	[ˈpɔɡlɛdi]
5107	финале	finale, finals	[fiˈnalɛ]
5108	дефиниција	definition	[dɛfiˈnit͡si(j)a]
5109	цивил	civilian	[ˈt͡siviɫ]
5110	богатства	wealth, riches	[ˈbɔɡatstva]
5111	јута	jute	[ˈjuta]
5112	капацитет	capacity	[kapat͡siˈtɛt]
5113	магацин	warehouse, depot, storeroom	[maɡaˈt͡sin]
5114	заразен	contagious	[ˈzaɾazɛn]
5115	комитет	committee	[kɔmiˈtɛt]
5116	реки	river	[ˈrɛki]
5117	постојан	steady, consistent	[ˈpɔstɔjan]
5118	дента	that day	[ˈdɛnta]
5119	дефект	defect	[ˈdɛfɛkt]
5120	наоѓање	to find	[naˈɔɟaɲɛ]
5121	обучен	trained	[ˈɔbut͡ʃɛn]
5122	изроди	bastard	[ˈizrɔdi]
5123	забар	dentist	[ˈzabar]
5124	жестоко	fiercely	[ˈʒɛstɔkɔ]
5125	послуга	staff, servants	[ˈpɔsɫuɡa]
5126	спои	to combine, join	[ˈspɔi]
5127	лилјак	bat	[ˈliʎak]
5128	почетник	beginner	[ˈpɔt͡ʃɛtnik]
5129	резервоар	reservoir, tank	[rɛzɛrvɔˈar]
5130	мистик	mystic	[ˈmistik]
5131	врсти	species	[ˈvr̩sti]
5132	појава	phenomenon	[ˈpɔjava]
5133	голтка	sip, draught	[ˈɡɔɫtka]
5134	лезбејки	lesbian	[ˈlɛzbɛjki]
5135	учителка	teacher	[uˈt͡ʃitɛɫka]
5136	нагази	to step on	[ˈnaɡazi]
5137	работилница	workshop	[rabɔˈtiɫnit͡sa]
5138	пластична	plastic	[ˈpɫastit͡ʃna]
5139	идентификува	to identify	[idɛntiˈfikuva]
5140	палуба	deck	[ˈpaɫuba]
5141	змиите	snake, serpent, ophidian	[ˈzmiitɛ]
5142	најубаво	beautifully	[naˈjubavɔ]
5143	корпорација	corporation	[kɔrpɔˈrat͡si(j)a]
5144	елка	fir	[ˈɛɫka]
5145	арогантен	arrogant	[aɾɔˈɡantɛn]
5146	архитект	architect	[arxiˈtɛkt]
5147	изневерува	to cheat on, commit adultery	[iznɛˈvɛɾuva]
5148	очекувања	expectation	[ɔt͡ʃɛˈkuvaɲa]
5149	мечеви	sword	[ˈmɛt͡ʃɛvi]
5150	екипи	indefinite plural of еки́па f	[ɛˈkipi]
5151	дејство	effect, function	[ˈdɛjstvɔ]
5152	амбуланта	clinic	[ambuˈɫanta]
5153	проститутки	whore, prostitute	[prɔstiˈtutki]
5154	кревети	bed	[ˈkrɛvɛti]
5155	ропство	slavery	[ˈrɔpstvɔ]
5156	молња	lightning	[ˈmɔɫɲa]
5157	маки	pain, suffering, anguish, torment, torture	[ˈmaki]
5158	поубав	beautiful, pretty	[ˈpɔubaf]
5159	застанат	to assume a static standing position	[ˈzastanat]
5160	владетел	ruler	[ˈvɫadɛtɛɫ]
5161	играва	proximal definite singular of игра f	[ˈiɡrava]
5162	фраза	phrase	[ˈfraza]
5163	рибар	fisherman	[ˈribar]
5164	запалив	flammable	[ˈzapalif]
5165	виза	visa	[ˈviza]
5166	пердуви	feather	[ˈpɛrduvi]
5167	оставен	to leave, abandon, relinquish	[ˈɔstavɛn]
5168	покриен	to cover, deck	[ˈpɔkri(j)ɛn]
5169	криптон	krypton	[ˈkriptɔn]
5170	кампување	to camp	[kamˈpuvaɲɛ]
5171	весел	happy, merry, cheerful, jolly, gay	[ˈvɛsɛɫ]
5172	школски	school	[ʃˈkɔɫski]
5173	учел	to learn, study	[ˈut͡ʃɛɫ]
5174	велејќи	to say	[vɛˈlɛjci]
5175	прекинува	to stop	[prɛˈkinuva]
5176	средна	medium, central, middle	[ˈsrɛdna]
5177	вртење	to turn	[ˈvr̩tɛɲɛ]
5178	научна	scientific	[ˈnaut͡ʃna]
5179	деловен	business	[ˈdɛɫɔvɛn]
5180	капи	indefinite plural of капа f	[ˈkapi]
5181	северен	northern	[ˈsɛvɛɾɛn]
5182	пукав	to shoot, fire	[ˈpukaf]
5183	решавање	to solve, resolve	[rɛˈʃavaɲɛ]
5184	зрак	a ray, beam	[zrak]
5185	последица	consequence	[pɔˈslɛdit͡sa]
5186	паркирање	to park	[parˈkiɾaɲɛ]
5187	трипати	thrice	[ˈtripati]
5188	посетува	to visit	[pɔˈsɛtuva]
5189	безброј	countless, a myriad of	[ˈbɛzbrɔj]
5190	утакмица	game, match	[uˈtakmit͡sa]
5191	веце	bathroom	[ˈvɛt͡sɛ]
5192	говорат	to speak, talk	[ˈɡɔvɔɾat]
5193	скокам	to jump, spring, leap	[ˈskɔkam]
5194	компас	compass	[ˈkɔmpas]
5195	домаќинка	housewife	[dɔˈmaciŋka]
5196	позитивен	positive	[pɔziˈtivɛn]
5197	кавга	quarrel, altercation	[ˈkavɡa]
5198	грашок	peas	[ˈɡraʃɔk]
5199	чевел	shoe	[ˈt͡ʃɛvɛɫ]
5200	дави	to choke, asphyxiate, strangle, throttle	[ˈdavi]
5201	раѓа	to give birth to	[ˈraɟa]
5202	регион	region	[rɛɡiˈɔn]
5203	теми	theme, topic, subject	[ˈtɛmi]
5204	предлози	suggestion, proposal	[ˈprɛdɫɔzi]
5205	мисии	mission	[ˈmisii]
5206	споро	slowly	[ˈspɔɾɔ]
5207	прост	simple, plain, ordinary	[prɔst]
5208	густо	thickly, densely	[ˈɡustɔ]
5209	маченце	kitten	[ˈmat͡ʃɛnt͡sɛ]
5210	чеша	to scratch, itch	[ˈt͡ʃɛʃa]
5211	стршлен	hornet	[ˈstr̩ʃlɛn]
5212	демек	that is to say, meaning	[ˈdɛmɛk]
5213	поредок	order	[ˈpɔɾɛdɔk]
5214	опсесија	obsession	[ɔpˈsɛsi(j)a]
5215	праведен	just, fair	[ˈpravɛdɛn]
5216	појачување	to intensify, strengthen	[pɔjaˈt͡ʃuvaɲɛ]
5217	изрази	to express	[ˈizrazi]
5218	потврдува	to confirm	[pɔˈtvr̩duva]
5219	билки	herb	[ˈbiɫki]
5220	гардероба	wardrobe	[ɡardɛˈrɔba]
5221	лутина	anger	[ˈɫutina]
5222	поет	poet	[ˈpɔɛt]
5223	вереница	fiancee	[vɛˈrɛnit͡sa]
5224	сирена	siren	[siˈrɛna]
5225	убивате	to kill	[uˈbivatɛ]
5226	кокошки	chicken, hen	[ˈkɔkɔʃki]
5227	труење	poisoning	[ˈtruɛɲɛ]
5228	концентрација	concentration	[kɔnt͡sɛnˈtrat͡si(j)a]
5229	куре	dick, prick, cock	[ˈkuɾɛ]
5230	изум	invention, discovery	[ˈizum]
5231	раскажува	to tell, recount	[rasˈkaʒuva]
5232	кученца	puppy, pup	[ˈkut͡ʃɛnt͡sa]
5233	платформа	platform	[pɫatˈfɔrma]
5234	ген	gene	[ɡɛn]
5235	состави	to put together, compile, assemble	[ˈsɔstavi]
5236	топот	footfall, trample, stomp	[ˈtɔpɔt]
5237	осет	feeling, sense	[ˈɔsɛt]
5238	мито	bribe	[ˈmitɔ]
5239	месија	Messiah	[ˈmɛsi(j)a]
5240	кабинет	office, private office, home office	[kabiˈnɛt]
5241	исклучува	to switch off, to turn off, to disable	[isˈkɫut͡ʃuva]
5242	демонстрација	protest	[dɛmɔnˈstrat͡si(j)a]
5243	изложен	exposed, open, uncovered	[ˈizɫɔʒɛn]
5244	теренски	terrain, field	[ˈtɛɾɛnski]
5245	владеење	to know very well	[vɫaˈdɛɛɲɛ]
5246	стравови	fear	[ˈstravɔvi]
5247	ракопис	handwriting	[ˈrakɔpis]
5248	ветеринар	veterinarian	[vɛtɛɾiˈnar]
5249	крофна	doughnut	[ˈkrɔfna]
5250	положи	to place, lay	[ˈpɔɫɔʒi]
5251	зол	evil, mean, wicked	[zɔɫ]
5252	конте	count	[ˈkɔntɛ]
5253	обувки	shoe, footwear	/ubufk/
5254	барала	to search, look for	[ˈbaɾaɫa]
5255	кофа	pail, bucket	[ˈkɔfa]
5256	појдете	to go, start moving, head	[ˈpɔjdɛtɛ]
5257	мистериозен	mysterious	[mistɛɾiˈɔzɛn]
5258	комплетен	complete	[ˈkɔmplɛtɛn]
5259	спој	junction, connection	[spɔj]
5260	осуди	to sentence, convict, judge	[ˈɔsudi]
5261	доведува	to bring	[dɔˈvɛduva]
5262	готовина	cash	[ɡɔˈtɔvina]
5263	светлост	light	[ˈsvɛtɫɔst]
5264	скокаат	to jump, spring, leap	[ˈskɔkaat]
5265	залиха	stockpile	[ˈzalixa]
5266	буриња	barrel	[ˈbuɾiɲa]
5267	домати	tomato	[ˈdɔmati]
5268	прибор	equipment, kit, supplies, gear, set	[ˈpribɔr]
5269	облици	shape, form	[ˈɔblit͡si]
5270	должности	duty	[ˈdɔɫʒnɔsti]
5271	намирници	groceries, foodstuffs	[naˈmirnit͡si]
5272	сечам	to cut	[ˈsɛt͡ʃam]
5273	освести	to render conscious, make aware, give a reality check	[ˈɔsvɛsti]
5274	чекаа	to wait, wait for, to await	[ˈt͡ʃɛkaa]
5275	сив	grey	[sif]
5276	нетрпение	impatience	[nɛtr̩ˈpɛni(j)ɛ]
5277	стаса	to arrive	[ˈstasa]
5278	турнеја	tour	[turˈnɛja]
5279	сираче	orphan	[ˈsiɾat͡ʃɛ]
5280	фармерки	jeans	[ˈfarmɛrki]
5281	лакот	elbow	/ɫakot/
5282	тетоважи	tattoo	[tɛtɔˈvaʒi]
5283	себично	selfishly	[ˈsɛbit͡ʃnɔ]
5284	предавници	traitor	[prɛˈdavnit͡si]
5285	мориња	sea	[ˈmɔɾiɲa]
5286	бургер	burger	[ˈburɡɛr]
5287	материја	matter	[maˈtɛɾi(j)a]
5288	вештачки	artificially	[ˈvɛʃtat͡ʃki]
5289	купатило	bathroom	[kuˈpatiɫɔ]
5290	бесмртен	immortal	[ˈbɛsmr̩tɛn]
5291	газови	bottom, buttocks, ass, anus	[ˈɡazɔvi]
5292	научно	scientifically	[ˈnaut͡ʃnɔ]
5293	вкусен	tasty, delicious	[ˈfkusɛn]
5294	крема	cream	[ˈkrɛma]
5295	влошува	to worsen	[ˈvɫɔʃuva]
5296	кило	kilogram, kilo	[ˈkiɫɔ]
5297	тестира	to test	[tɛsˈtiɾa]
5298	онлајн	online	[ˈɔnɫajn]
5299	проектил	projectile	[prɔɛkˈtiɫ]
5300	недвижности	real estate, property which cannot be moved	[nɛˈdviʒnɔsti]
5301	пропаднат	to fall apart, deteriorate	[ˈprɔpadnat]
5302	села	village	[ˈsɛɫa]
5303	целост	entirety	[ˈt͡sɛɫɔst]
5304	фирми	firm, company	[ˈfirmi]
5305	прилог	adverb	[ˈpriɫɔk]
5306	застанува	to stop	[zasˈtanuva]
5307	борејќи	to attack or beat in play	[bɔˈrɛjci]
5308	пропаѓа	to fall, fall through, seep through, sink	[ˈprɔpaɟa]
5309	вагон	wagon, cart	[ˈvaɡɔn]
5310	копа	to dig	[ˈkɔpa]
5311	придржи	to hold for a while	[ˈpridr̩ʒi]
5312	прашуваме	to ask	[praˈʃuvamɛ]
5313	сончев	sunny	[ˈsɔnt͡ʃɛf]
5314	претпоставува	to suppose, presume, assume	[prɛtpɔˈstavuva]
5315	дигне	to lift, pick up	[ˈdiɡnɛ]
5316	стапчиња	stick	[ˈstapt͡ʃiɲa]
5317	ослободува	to liberate	[ɔsɫɔˈbɔduva]
5318	ветува	to promise, vow	[ˈvɛtuva]
5319	безнадежно	hopelessly	[bɛzˈnadɛʒnɔ]
5320	вени	vein	[ˈvɛni]
5321	поздравува	to salute, greet	[pɔˈzdravuva]
5322	личната	personal, private	[ˈlit͡ʃnata]
5323	фиока	drawer	[fiˈɔka]
5324	умно	wisely	[ˈumnɔ]
5325	педерски	in a gay, homosexual way	[ˈpɛdɛrski]
5326	роденденски	relating to birthdays	[rɔˈdɛndɛnski]
5327	изолација	isolation	[izɔˈɫat͡si(j)a]
5328	престап	transgression, infraction	[ˈprɛstap]
5329	кривично	penally, criminally	[ˈkrivit͡ʃnɔ]
5330	кабел	cable	[ˈkabɛɫ]
5331	летечки	flying	[ˈlɛtɛt͡ʃki]
5332	лежеше	to lie	[ˈlɛʒɛʃɛ]
5333	зборат	to speak	[ˈzbɔɾat]
5334	речник	dictionary	[ˈrɛt͡ʃnik]
5335	пластика	plastic	[ˈpɫastika]
5336	дружење	to spend time with as a friend, give attention as a friend,…	[ˈdruʒɛɲɛ]
5337	столб	post, pole, pillar, column	[stɔɫp]
5338	стопи	to melt	[ˈstɔpi]
5339	ланче	necklace	[ˈɫant͡ʃɛ]
5340	физичко	ellipsis of физичко образование, PE class	[ˈfizit͡ʃkɔ]
5341	перика	wig, peruke	[ˈpɛɾika]
5342	караница	quarrel, altercation	[kaˈranit͡sa]
5343	клупа	bench	[ˈkɫupa]
5344	пристапи	approach	[ˈpristapi]
5345	интервенција	intervention	[intɛrˈvɛnt͡si(j)a]
5346	курвин	whore	[ˈkurvin]
5347	појде	to go, start moving, head	[ˈpɔjdɛ]
5348	добивка	gain, profit	[ˈdɔbifka]
5349	сида	AIDS	[ˈsida]
5350	богато	richly, sumptuously, opulently	[ˈbɔɡatɔ]
5351	ранлив	vulnerable	[ˈranlif]
5352	ладнокрвно	cold-bloodedly	[ɫadˈnɔkr̩vnɔ]
5353	лив	molten metal	[lif]
5354	скај	imitation leather	[skaj]
5355	курови	dick, prick, cock	[ˈkuɾɔvi]
5356	разбирливо	comprehensibly, understandably	[razˈbirlivɔ]
5357	смрдлив	smelly, stinky, malodorous, fetid	[ˈsmr̩dlif]
5358	барови	bar	[ˈbaɾɔvi]
5359	чесни	clove	[ˈt͡ʃɛsni]
5360	бунтовници	rebel	[bunˈtɔvnit͡si]
5361	сопственици	owner, proprietor	[sɔpˈstvɛnit͡si]
5362	пештери	cave	[ˈpɛʃtɛɾi]
5363	тупаница	fist	[tuˈpanit͡sa]
5364	поставен	to set up	[ˈpɔstavɛn]
5365	замислува	to imagine, conceive	[zaˈmisɫuva]
5366	исечеш	to cut	[ˈisɛt͡ʃɛʃ]
5367	збунувачки	confusing	[zbuˈnuvat͡ʃki]
5368	лажливец	liar	[ˈɫaʒlivɛt͡s]
5369	електронски	electronically	[ɛlɛkˈtrɔnski]
5370	примена	application, use	[ˈprimɛna]
5371	остар	sharp	[ˈɔstar]
5372	нервозно	edgily, irritatedly, vexedly	[ˈnɛrvɔznɔ]
5373	кеса	sack, bag	[ˈkɛsa]
5374	психички	with respect to the psyche	[ˈpsixit͡ʃki]
5375	уверен	to assure	[ˈuvɛɾɛn]
5376	незаконски	illegally	[nɛˈzakɔnski]
5377	бебенце	baby, infant, babe	[ˈbɛbɛnt͡sɛ]
5378	крзно	fur	[ˈkr̩znɔ]
5379	жешки	hot	/ʒɛʃki/
5380	прецизно	precisely	[ˈprɛt͡siznɔ]
5381	шлаг	whipped cream	[ʃɫak]
5382	резерва	stock	[ˈrɛzɛrva]
5383	мозоци	brain	[ˈmɔzɔt͡si]
5384	јахта	yacht	[ˈjaxta]
5385	драматично	dramatically	[draˈmatit͡ʃnɔ]
5386	зачини	to season, spice up	[ˈzat͡ʃini]
5387	натпреварување	to compete	[natprɛvaˈruvaɲɛ]
5388	германска	German	[ˈɡɛrmanska]
5389	магазин	warehouse, storeroom	[maɡaˈzin]
5390	пресметки	skirmish	[ˈprɛsmɛtki]
5391	мамење	to cheat, deceive, swindle, con, dupe, scam	[ˈmamɛɲɛ]
5392	панцир	armour	[ˈpant͡sir]
5393	поправа	to repair, fix	[ˈpɔprava]
5394	арно	well, alright, fine, okay	[ˈarnɔ]
5395	залак	morsel, bite	[ˈzaɫak]
5396	палење	to ignite, set alight	[ˈpalɛɲɛ]
5397	подготовка	preparation	[pɔdˈɡɔtɔfka]
5398	блуза	blouse	[ˈbɫuza]
5399	семоќен	omnipotent, almighty	[ˈsɛmɔcɛn]
5400	приход	income	[ˈprixɔt]
5401	дофат	range, reach	[ˈdɔfat]
5402	танчерка	nonstandard form of танчарка	[ˈtant͡ʃɛrka]
5403	турист	tourist	[tuˈrist]
5404	дебелко	thick	[ˈdɛbɛɫkɔ]
5405	скокање	to jump, spring, leap	[ˈskɔkaɲɛ]
5406	сензори	sensor	[ˈsɛnzɔɾi]
5407	шизик	dandy, fashionable man	[ˈʃizik]
5408	организам	organism	[ɔrɡaˈnizam]
5409	ненормален	abnormal	[nɛˈnɔrmalɛn]
5410	свиреше	to play	[ˈsviɾɛʃɛ]
5411	ебеме	to fuck, screw	[ˈɛbɛmɛ]
5412	играле	to play	[ˈiɡralɛ]
5413	бакне	to kiss	[ˈbaknɛ]
5414	крик	scream, cry, shriek	[krik]
5415	сируп	syrup	[ˈsiɾup]
5416	вулкан	volcano	[ˈvuɫkan]
5417	дискусија	discussion	[disˈkusi(j)a]
5418	класичен	classical	[ˈkɫasit͡ʃɛn]
5419	дроги	drug, narcotic	[ˈdrɔɡi]
5420	третина	third	[ˈtrɛtina]
5421	зарази	to infect	[ˈzaɾazi]
5422	татичко	daddy	[ˈtatit͡ʃkɔ]
5423	никаквец	bastard	[ˈnikakvɛt͡s]
5424	гавран	raven	[ˈɡavran]
5425	лимонада	lemonade	[limɔˈnada]
5426	возови	plural of воз m	[ˈvɔzɔvi]
5427	бакнува	to kiss	[ˈbaknuva]
5428	топи	to melt	[ˈtɔpi]
5429	пехар	cup, goblet	[ˈpɛxar]
5430	децении	decade	[dɛˈt͡sɛnii]
5431	џинови	giant	[ˈd͡ʒinɔvi]
5432	тргнување	to depart	[tr̩ɡˈnuvaɲɛ]
5433	феномен	phenomenon	[fɛnɔˈmɛn]
5434	трчаме	to run	[ˈtr̩t͡ʃamɛ]
5435	маркетинг	marketing	[ˈmarkɛtiŋk]
5436	радар	radar	[ˈradar]
5437	сјаен	shiny, luminous	[ˈsjaɛn]
5438	зароби	to imprison, confine, trap	[ˈzaɾɔbi]
5439	надзорник	supervisor, overseer	[ˈnadzɔrnik]
5440	фокусиран	to focus	[fɔkuˈsiɾan]
5441	нацрта	to draw	[ˈnat͡sr̩ta]
5442	сложи	to put together	[ˈsɫɔʒi]
5443	народи	to give birth to, to bear	[ˈnaɾɔdi]
5444	нарушување	breach, violation, impairment	[naɾuˈʃuvaɲɛ]
5445	понесе	to bring along, take with oneself	[ˈpɔnɛsɛ]
5446	нараквица	bracelet	[naˈrakvit͡sa]
5447	затворски	prison	[ˈzatvɔrski]
5448	платеник	mercenary	[ˈpɫatɛnik]
5449	рогови	horn	[ˈrɔɡɔvi]
5450	тегла	jar	[ˈtɛɡɫa]
5451	венча	to marry	[ˈvɛnt͡ʃa]
5452	прослави	to celebrate	[ˈprɔsɫavi]
5453	секому	everybody, everyone	[ˈsɛkɔmu]
5454	зачува	to preserve, keep	[ˈzat͡ʃuva]
5455	мапи	indefinite plural of мапа f	[ˈmapi]
5456	коинциденција	coincidence	[kɔint͡siˈdɛnt͡si(j)a]
5457	метафора	metaphor	[mɛˈtafɔɾa]
5458	мото	motto	[ˈmɔtɔ]
5459	арчи	to spend, fritter away, squander	[ˈart͡ʃi]
5460	спуштање	to lower, bring down	[ˈspuʃtaɲɛ]
5461	плачев	to cry, weep	[ˈpɫat͡ʃɛf]
5462	чистач	cleaner	[ˈt͡ʃistat͡ʃ]
5463	прилега	to befit, beseem, be decent	[ˈprilɛɡa]
5464	загинат	to die, perish	[ˈzaɡinat]
5465	малибу	Malibu	[maˈlibu]
5466	колбаси	sausage	[ˈkɔɫbasi]
5467	простување	to excuse, forgive, pardon	[prɔsˈtuvaɲɛ]
5468	јавување	to convey	[jaˈvuvaɲɛ]
5469	плаво	in blue	[ˈpɫavɔ]
5470	лажга	female liar	[ˈɫaʒɡa]
5471	станови	plural of стан m	[ˈstanɔvi]
5472	здодевно	boringly	[ˈzdɔdɛvnɔ]
5473	механизам	mechanism	[mɛxaˈnizam]
5474	популација	population	[pɔpuˈɫat͡si(j)a]
5475	јавање	reality	[ˈjavaɲɛ]
5476	денар	denar	[ˈdɛnar]
5477	муабети	to chat	[muˈabɛti]
5478	евтино	cheaply	[ˈɛftinɔ]
5479	посредник	mediator, middleman	[ˈpɔsrɛdnik]
5480	престрелка	gunfight, shooting, exchange of fire, skirmish, shootout,…	[ˈprɛstrɛɫka]
5481	убедливо	persuasively	[uˈbɛdlivɔ]
5482	секаков	every kind of, every type of	[ˈsɛkakɔf]
5483	обврзници	bond	[ɔbˈvr̩znit͡si]
5484	судејќи	to judge	[suˈdɛjci]
5485	инспекција	inspection	[inˈspɛkt͡si(j)a]
5486	бам	bam	[bam]
5487	врвен	ultimate, supreme	[ˈvr̩vɛn]
5488	милионер	millionaire	[mili(j)ɔˈnɛr]
5489	маици	T-shirt	[ˈmait͡si]
5490	гуштер	lizard	[ˈɡuʃtɛr]
5491	лае	to bark	[ˈɫaɛ]
5492	сомнителен	suspicious, shady	[sɔˈmnitɛlɛn]
5493	падобран	parachute	[ˈpadɔbran]
5494	кошница	basket	[ˈkɔʃnit͡sa]
5495	трупови	trunk	[ˈtrupɔvi]
5496	отисок	print	[ˈɔtisɔk]
5497	мисури	indefinite plural	[ˈmisuɾi]
5498	црнчуга	Negro	[ˈt͡sr̩nt͡ʃuɡa]
5499	паста	paste	[ˈpasta]
5500	пресврт	twist, peripety	[ˈprɛsvr̩t]
5501	надесно	to the right	[ˈnadɛsnɔ]
5502	свирка	gig	[ˈsvirka]
5503	дамки	spot	[ˈdamki]
5504	забоде	to stab	[ˈzabɔdɛ]
5505	криминален	criminal	[krimiˈnalɛn]
5506	спор	dispute, controversy	[spɔr]
5507	фараон	pharaoh	[faɾaˈɔn]
5508	сандаци	chest, trunk, box, crate	[ˈsandat͡si]
5509	панда	panda	[ˈpanda]
5510	благороден	noble, gentle	[bɫaˈɡɔɾɔdɛn]
5511	скут	lap	[skut]
5512	слој	layer	[sɫɔj]
5513	рог	horn	[rɔk]
5514	лаптоп	laptop	[ˈɫaptɔp]
5515	бегаше	to run away	[ˈbɛɡaʃɛ]
5516	привлечно	attractively	[ˈprivlɛt͡ʃnɔ]
5517	старомоден	old-fashioned	[staˈrɔmɔdɛn]
5518	газа	gauze	[ˈɡaza]
5519	локално	locally	[ˈɫɔkaɫnɔ]
5520	игралиште	playground	[iˈɡraliʃtɛ]
5521	пустелија	wasteland, barren area	[pusˈtɛli(j)a]
5522	џокер	joker	[ˈd͡ʒɔkɛr]
5523	католик	Catholic	[ˈkatɔlik]
5524	був	owl	[buf]
5525	минимум	minimum	[ˈminimum]
5526	советскиот	Soviet	[sɔˈvɛtski(j)ɔt]
5527	неудобно	uncomfortably	[nɛˈudɔbnɔ]
5528	темен	dark, poorly lit	[ˈtɛmɛn]
5529	одблизу	close-up	[ˈɔdblizu]
5530	раководи	to manage, direct	[raˈkɔvɔdi]
5531	поддржува	to support, back	[pɔdˈdr̩ʒuva]
5532	капитен	captain	/kapitɛn/
5533	напнато	tensely	[ˈnapnatɔ]
5534	борење	to attack or beat in play	[ˈbɔɾɛɲɛ]
5535	дворец	palace	[ˈdvɔɾɛt͡s]
5536	порти	gate	[ˈpɔrti]
5537	аматери	amateur, dilettante	[amaˈtɛɾi]
5538	слезе	to descend, get off	[ˈslɛzɛ]
5539	микрофон	microphone	[mikrɔˈfɔn]
5540	мистериозно	mysteriously	[mistɛɾiˈɔznɔ]
5541	блокови	block	[ˈbɫɔkɔvi]
5542	морално	morally	[ˈmɔɾaɫnɔ]
5543	распродажба	sale, clearance	[rasˈprɔdaʒba]
5544	дечиња	indefinite plural of детенце	[ˈdɛt͡ʃiɲa]
5545	исечи	to cut	[ˈisɛt͡ʃi]
5546	мати	to stir	[ˈmati]
5547	оштетување	damage	[ɔʃtɛˈtuvaɲɛ]
5548	дијагноза	diagnosis	[di(j)aˈɡnɔza]
5549	алкохоличар	alcoholic	[aɫkɔˈxɔlit͡ʃar]
5550	надгледување	to monitor, supervise	[nadɡlɛˈduvaɲɛ]
5551	буџет	budget	[ˈbud͡ʒɛt]
5552	ка	shoo	/ka/
5553	рез	cut, cutting	[rɛs]
5554	бројка	figure, numeral	[ˈbrɔjka]
5555	грешно	wrongly, incorrectly, erroneously	[ˈɡrɛʃnɔ]
5556	задутре	day after tomorrow, overmorrow	[ˈzadutrɛ]
5557	трошење	to spend, use up, waste, deplete	[ˈtrɔʃɛɲɛ]
5558	ненормално	abnormally	[nɛˈnɔrmaɫnɔ]
5559	трчаше	to run	[ˈtr̩t͡ʃaʃɛ]
5560	ванила	vanilla	[vaˈniɫa]
5561	исекол	to cut	[ˈisɛkɔɫ]
5562	диносаурус	dinosaur	[dinɔˈsauɾus]
5563	неранимајко	scoundrel, rascal, rogue, miscreant	[nɛɾaˈnimajkɔ]
5564	спореди	to compare	[ˈspɔɾɛdi]
5565	режим	regime	[ˈrɛʒim]
5566	сликар	painter	[ˈslikar]
5567	непочитување	disrespect	[nɛpɔt͡ʃiˈtuvaɲɛ]
5568	гени	gene	[ˈɡɛni]
5569	стандард	as usual, as if complying with a standard	[ˈstandart]
5570	младенче	newborn, infant	[ˈmɫadɛnt͡ʃɛ]
5571	огнено	in a fiery way	[ˈɔɡnɛnɔ]
5572	просечен	average, mediocre	[ˈprɔsɛt͡ʃɛn]
5573	французин	Frenchman	[ˈfrant͡suzin]
5574	гение	nonstandard form of гениј	[ˈɡɛni(j)ɛ]
5575	тајминг	timing	[ˈtajmiŋk]
5576	туширање	to shower	[tuˈʃiɾaɲɛ]
5577	препораки	recommendation	[prɛˈpɔɾaki]
5578	советници	adviser, counselor	[sɔˈvɛtnit͡si]
5579	синџир	chain	[ˈsind͡ʒir]
5580	исечеме	to cut	[iˈsɛt͡ʃɛmɛ]
5581	откажување	to cancel	[ɔtkaˈʒuvaɲɛ]
5582	религиозен	religious	[rɛliɡiˈɔzɛn]
5583	ласер	laser	[ˈɫasɛr]
5584	решенија	solution	[rɛˈʃɛni(j)a]
5585	серум	serum	[ˈsɛɾum]
5586	пореметување	disorder	[pɔɾɛmɛˈtuvaɲɛ]
5587	трајно	permanently, durably	[ˈtrajnɔ]
5588	оператор	operator, operative	[ɔpɛˈratɔr]
5589	вакцина	vaccine	[vakˈt͡sina]
5590	апарати	indefinite plural	[apaˈrati]
5591	уличен	street	[ˈulit͡ʃɛn]
5592	ѕверка	female beast	[ˈd͡zvɛrka]
5593	бека	to bleat	[ˈbɛka]
5594	хранење	to feed	[ˈxranɛɲɛ]
5595	денешен	of today, today's	[ˈdɛnɛʃɛn]
5596	издава	to publish, release	[ˈizdava]
5597	покачување	to increase, augment	[pɔkaˈt͡ʃuvaɲɛ]
5598	одложи	to postpone, defer, adjourn	[ˈɔdɫɔʒi]
5599	планински	mountain	[ˈpɫaninski]
5600	урна	urn	[ˈurna]
5601	огномет	fireworks	[ˈɔɡnɔmɛt]
5602	обеси	to hang	[ˈɔbɛsi]
5603	свршеница	fiancée	[svr̩ˈʃɛnit͡sa]
5604	јаделе	to eat	[ˈjadɛlɛ]
5605	ракија	rakija	[ˈraki(j)a]
5606	конкретно	concretely	[ˈkɔŋkrɛtnɔ]
5607	тројно	triply	[ˈtrɔjnɔ]
5608	новост	news	[ˈnɔvɔst]
5609	прекршување	to violate, breech	[prɛkr̩ˈʃuvaɲɛ]
5610	шепа	paw	[ˈʃɛpa]
5611	огледала	mirror	[ɔˈɡlɛdaɫa]
5612	галаксија	galaxy	[ɡaˈɫaksi(j)a]
5613	отклучи	to unlock	[ˈɔtkɫut͡ʃi]
5614	кувар	cook	[ˈkuvar]
5615	столче	stool	[ˈstɔɫt͡ʃɛ]
5616	виновно	guiltily, culpably	[ˈvinɔvnɔ]
5617	пластичен	plastic	[ˈpɫastit͡ʃɛn]
5618	блог	blog	[bɫɔk]
5619	ученичка	female student, pupil	[uˈt͡ʃɛnit͡ʃka]
5620	одвлече	to pull away, drag away	[ˈɔdvlɛt͡ʃɛ]
5621	престојува	to stay, reside temporarily, to sojourn	[prɛˈstɔjuva]
5622	самовила	fairy	[saˈmɔviɫa]
5623	бајка	fairy tale	[ˈbajka]
5624	стапка	step	[ˈstapka]
5625	врколаци	werewolf	[vr̩ˈkɔɫat͡si]
5626	мислења	opinion	[ˈmislɛɲa]
5627	дуќан	shop, store	[ˈducan]
5628	зафркава	to joke with, tease	[zafr̩ˈkava]
5629	тресеш	to shake	[ˈtrɛsɛʃ]
5630	оддели	division, department	[ˈɔddɛli]
5631	власти	rule, power, dominion	[ˈvɫasti]
5632	ѕвонче	bell	[ˈd͡zvɔnt͡ʃɛ]
5633	џвакање	to chew	[ˈd͡ʒvakaɲɛ]
5634	синдикат	syndicate	[sindiˈkat]
5635	скина	to rip, tear	[ˈskina]
5636	глобално	globally	[ˈɡɫɔbaɫnɔ]
5637	паша	pasha	[ˈpaʃa]
5638	клошар	hobo, bum	[ˈkɫɔʃar]
5639	реон	area, region, district	[ˈrɛɔn]
5640	опсада	siege	[ˈɔpsada]
5641	мутант	mutant	[muˈtant]
5642	банани	banana	[baˈnani]
5643	ирис	iris	[ˈiɾis]
5644	селани	peasant, villager	[ˈsɛɫani]
5645	институт	institute	[instiˈtut]
5646	форми	form	[ˈfɔrmi]
5647	шефица	female boss	[ˈʃɛfit͡sa]
5648	мравки	ant	[ˈmrafki]
5649	дркаџија	wanker	[dr̩ˈkad͡ʒi(j)a]
5650	организации	organization	[ɔrɡaniˈzat͡sii]
5651	смртник	mortal	[ˈsmr̩tnik]
5652	морфиум	morphine	[ˈmɔrfi(j)um]
5653	поразен	varied, miscellaneous	[ˈpɔɾazɛn]
5654	модерен	modern	[ˈmɔdɛɾɛn]
5655	олово	lead	[ˈɔɫɔvɔ]
5656	иницијатива	initiative	[init͡si(j)aˈtiva]
5657	резервен	spare	[ˈrɛzɛrvɛn]
5658	гласина	rumor	[ˈɡɫasina]
5659	вентилација	ventilation	[vɛntiˈɫat͡si(j)a]
5660	куќичка	house	[ˈkucit͡ʃka]
5661	педерче	homosexual, gay male, fag, faggot	[ˈpɛdɛrt͡ʃɛ]
5662	претпазлив	cautious, alert, wary, circumspect, careful, guarded,…	[ˈprɛtpazlif]
5663	плочки	tile, plate	[ˈpɫɔt͡ʃki]
5664	робинка	female slave	[ˈrɔbiŋka]
5665	поминување	to pass, elapse	[pɔmiˈnuvaɲɛ]
5666	љубезност	friendliness, politeness, kindness	[ˈʎubɛznɔst]
5667	максимално	maximally	[maksiˈmaɫnɔ]
5668	јама	pit, cavity	[ˈjama]
5669	оваму	here, hither	[ˈɔvamu]
5670	ѓердан	necklace	[ˈɟɛrdan]
5671	пор	polecat	[pɔr]
5672	медиуми	media	[mɛˈdi(j)umi]
5673	побавно	slow	[ˈpɔbavnɔ]
5674	поднесува	to tolerate, bear, endure	[pɔdˈnɛsuva]
5675	одметник	outlaw, rebel	[ˈɔdmɛtnik]
5676	мочуриште	swamp	[mɔˈt͡ʃuɾiʃtɛ]
5677	удирање	to hit, strike, punch	[uˈdiɾaɲɛ]
5678	даден	to give	[ˈdadɛn]
5679	дебата	debate	[dɛˈbata]
5680	пополни	to fill in, fill out	[ˈpɔpɔɫni]
5681	тик	tic	[tik]
5682	картон	cardboard	[ˈkartɔn]
5683	компромис	compromise	[ˈkɔmprɔmis]
5684	цигли	brick	[ˈt͡siɡli]
5685	тероризам	terrorism	[tɛɾɔˈrizam]
5686	слоеви	layer	[ˈsɫɔɛvi]
5687	кима	to nod	[ˈkima]
5688	хамбургери	hamburger	[xamˈburɡɛɾi]
5689	потсеќа	to remind, call to mind	[ˈpɔtsɛca]
5690	престапник	delinquent	[ˈprɛstapnik]
5691	жито	grain, cereal	[ˈʒitɔ]
5692	изгореници	burn	[izɡɔˈrɛnit͡si]
5693	пакети	packet, package	[ˈpakɛti]
5694	солза	tear	[ˈsɔɫza]
5695	гасови	gas	[ˈɡasɔvi]
5696	монах	monk	[ˈmɔnax]
5697	хармонија	harmony	[xarˈmɔni(j)a]
5698	тукутака	just like that	[tuˈkutaka]
5699	коментари	comment	[kɔmɛnˈtaɾi]
5700	јасмин	jasmine	[ˈjasmin]
5701	туѓ	foreign, strange	[tuc]
5702	гробови	grave	[ˈɡrɔbɔvi]
5703	опасности	danger, peril	[ɔˈpasnɔsti]
5704	психо	psycho, insane	[ˈpsixɔ]
5705	откривање	to uncover	[ɔtˈkrivaɲɛ]
5706	пишувате	to write	[piˈʃuvatɛ]
5707	пуштање	to let, let go, release	[ˈpuʃtaɲɛ]
5708	одмара	to rest	[ˈɔdmaɾa]
5709	сесија	session	[ˈsɛsi(j)a]
5710	сачмарка	shotgun	[ˈsat͡ʃmarka]
5711	примен	to receive	[ˈprimɛn]
5712	лажговци	liar	[ˈɫaʒɡɔft͡si]
5713	дотука	up to here	[ˈdɔtuka]
5714	жед	thirst	[ʒɛt]
5715	капитал	capital, asset	[kapiˈtaɫ]
5716	удел	share	[ˈudɛɫ]
5717	федерална	indefinite feminine singular of федера́лен	[fɛdɛˈraɫna]
5718	појди	to go, start moving, head	[ˈpɔjdi]
5719	психолошки	psychologically	[psiˈxɔɫɔʃki]
5720	аспект	aspect	[ˈaspɛkt]
5721	одигра	to play	[ˈɔdiɡra]
5722	бидува	to happen	[ˈbiduva]
5723	мртовечница	morgue	[mr̩tɔˈvɛt͡ʃnit͡sa]
5724	активиран	to activate	[aktiˈviɾan]
5725	пилешки	chicken	[ˈpilɛʃki]
5726	кип	statue	[kip]
5727	кокос	coconut	[ˈkɔkɔs]
5728	мажјак	male	[ˈmaʒjak]
5729	притиска	to press	[ˈpritiska]
5730	француска	French	[ˈfrant͡suska]
5731	откриен	to uncover	[ˈɔtkri(j)ɛn]
5732	разлики	difference	[ˈrazliki]
5733	ер	yer	[ɛr]
5734	вложи	to invest	[ˈvɫɔʒi]
5735	бременост	pregnancy	[ˈbrɛmɛnɔst]
5736	наместен	to put, place, position, set up	[ˈnamɛstɛn]
5737	амнезија	amnesia	[aˈmnɛzi(j)a]
5738	депозит	deposit	[ˈdɛpɔzit]
5739	перфектен	perfect	[ˈpɛrfɛktɛn]
5740	пријде	to approach	[ˈprijdɛ]
5741	ирски	Irish	[ˈirski]
5742	леш	corpse	[lɛʃ]
5743	пиевме	to drink	[ˈpi(j)ɛvmɛ]
5744	преполн	brimming, replete	[ˈprɛpɔɫn]
5745	читал	to read	[ˈt͡ʃitaɫ]
5746	оригинално	originally, inventively	[ɔɾiɡiˈnaɫnɔ]
5747	гледачи	viewer	[ˈɡlɛdat͡ʃi]
5748	поарно	good	[ˈpɔarnɔ]
5749	сцени	scene	[ˈst͡sɛni]
5750	неспособен	incapable, incompetent	[nɛˈspɔsɔbɛn]
5751	тиква	pumpkin	[ˈtikva]
5752	детално	in detail	[ˈdɛtaɫnɔ]
5753	молчење	to be silent, keep quiet	[ˈmɔɫt͡ʃɛɲɛ]
5754	галерија	gallery	[ɡaˈlɛɾi(j)a]
5755	засрамен	to embarrass	[ˈzasramɛn]
5756	целина	whole, entirety	[ˈt͡sɛlina]
5757	слонови	indefinite plural of слон m	[ˈsɫɔnɔvi]
5758	баран	to search, look for	[ˈbaɾan]
5759	арена	arena	[aˈrɛna]
5760	кривина	curve, bend	[ˈkrivina]
5761	социопат	sociopath	[sɔt͡si(j)ɔˈpat]
5762	свириме	to play	[ˈsviɾimɛ]
5763	испушта	to emit	[ˈispuʃta]
5764	гето	ghetto	[ˈɡɛtɔ]
5765	долен	lower, bottom	[ˈdɔlɛn]
5766	сако	suit coat	[saˈkɔ]
5767	арија	aria	[ˈaɾi(j)a]
5768	исклучување	to switch off, to turn off, to disable	[iskɫuˈt͡ʃuvaɲɛ]
5769	видеше	to see, look	[ˈvidɛʃɛ]
5770	так	cue	[tak]
5771	љубомора	jealousy, envy	[ʎuˈbɔmɔɾa]
5772	музичар	musician	[ˈmuzit͡ʃar]
5773	разбрале	to understand, comprehend	[ˈrazbralɛ]
5774	спокојно	calmly, tranquilly, serenely	[ˈspɔkɔjnɔ]
5775	тоне	to sink	[ˈtɔnɛ]
5776	избрише	to erase, wipe	[ˈizbriʃɛ]
5777	англичанец	Englishman	[aŋɡˈlit͡ʃanɛt͡s]
5778	брадавици	nipple	[braˈdavit͡si]
5779	изградба	structure	[ˈizɡradba]
5780	сенф	mustard	[sɛɱf]
5781	прстените	unspecified definite plural of прстен m	[pr̩sˈtɛnitɛ]
5782	фантом	phantom	[ˈfantɔm]
5783	маси	table	[ˈmasi]
5784	мине	to pass	[ˈminɛ]
5785	победници	winner, victor	[pɔˈbɛdnit͡si]
5786	оддалечен	distant	[ɔdˈdalɛt͡ʃɛn]
5787	ограничен	limited, restricted	[ɔˈɡranit͡ʃɛn]
5788	употребува	to use	[upɔˈtrɛbuva]
5789	ментол	menthol	[ˈmɛntɔɫ]
5790	углед	reputation	[ˈuɡlɛt]
5791	значително	significantly, considerably, greatly	[znaˈt͡ʃitɛɫnɔ]
5792	зајче	bunny, baby rabbit	[ˈzajt͡ʃɛ]
5793	порција	portion	[ˈpɔrt͡si(j)a]
5794	извршен	executive	[ˈizvr̩ʃɛn]
5795	растение	plant	[rasˈtɛni(j)ɛ]
5796	прототип	prototype	[ˈprɔtɔtip]
5797	регистрација	registration	[rɛɡisˈtrat͡si(j)a]
5798	залив	bay	[ˈzalif]
5799	разбрано	sensibly, understandingly	[ˈrazbranɔ]
5800	емитува	to broadcast, air	[ɛˈmituva]
5801	честитка	congratulation	[ˈt͡ʃɛstitka]
5802	американка	American woman	[amɛˈrikaŋka]
5803	помисла	thought	[ˈpɔmisɫa]
5804	спакува	to pack	[ˈspakuva]
5805	конвој	convoy, escort	[kɔɱˈvɔj]
5806	скијање	skiing	[ˈski(j)aɲɛ]
5807	кори	type of traditional Macedonian dried pasta, similar to…	[ˈkɔɾi]
5808	ветеран	veteran	[vɛtɛˈran]
5809	почести	to treat	[ˈpɔt͡ʃɛsti]
5810	грабежи	robbery	[ˈɡrabɛʒi]
5811	уметничко	artistic	[uˈmɛtnit͡ʃkɔ]
5812	качување	to raise toward a higher level	[kaˈt͡ʃuvaɲɛ]
5813	прекинувач	switch, circuit breaker	[prɛˈkinuvat͡ʃ]
5814	ментор	mentor	[ˈmɛntɔr]
5815	таман	in a way that's just right	[taˈman]
5816	дивјак	savage, heathen	[ˈdivjak]
5817	надоаѓа	to rise	[naˈdɔaɟa]
5818	плод	fruit	[pɫɔt]
5819	мизерен	miserable	[ˈmizɛɾɛn]
5820	преврти	to turn over, flip over, turn upside down	[ˈprɛvr̩ti]
5821	студена	cold, chilly	[ˈstudɛna]
5822	сиромаштија	poverty	[siɾɔˈmaʃti(j)a]
5823	свадбен	nuptial	[ˈsvadbɛn]
5824	фокус	focus	[ˈfɔkus]
5825	портрет	portrait	[pɔrˈtrɛt]
5826	кодекс	codex	[ˈkɔdɛks]
5827	документација	documentation	[dɔkumɛnˈtat͡si(j)a]
5828	лекување	to heal, cure, treat	[lɛˈkuvaɲɛ]
5829	суперхерој	superhero	[supɛrˈxɛɾɔj]
5830	негативец	villain	[nɛɡaˈtivɛt͡s]
5831	конзерва	tin, can	[kɔnˈzɛrva]
5832	циклус	cycle	[ˈt͡sikɫus]
5833	марка	brand	[ˈmarka]
5834	аматер	amateur, dilettante	[amaˈtɛr]
5835	златно	gold	[ˈzɫatnɔ]
5836	учество	participation	[ˈut͡ʃɛstvɔ]
5837	помлада	young	[ˈpɔmɫada]
5838	врховен	supreme, top, highest	[ˈvr̩xɔvɛn]
5839	состојки	ingredient	[ˈsɔstɔjki]
5840	мајмунче	monkey, ape	[ˈmajmunt͡ʃɛ]
5841	прогноза	prognosis, forecast	[prɔˈɡnɔza]
5842	гали	to stroke, caress, pet	[ˈɡali]
5843	крваво	bloodily	[ˈkr̩vavɔ]
5844	балони	balloon	[ˈbaɫɔni]
5845	скенирање	to scan	[skɛˈniɾaɲɛ]
5846	нестабилен	unstable	[nɛˈstabilɛn]
5847	шутрак	polled bull	[ˈʃutrak]
5848	одбивање	to refuse, reject, reflect, repulse, deflect	[ɔdˈbivaɲɛ]
5849	идол	idol	[ˈidɔɫ]
5850	испаѓа	to fall out, get removed	[ˈispaɟa]
5851	ебев	to fuck, screw	[ˈɛbɛf]
5852	онолку	that much, that	[ˈɔnɔɫku]
5853	недоволно	insufficiently	[nɛˈdɔvɔɫnɔ]
5854	арсенал	arsenal	[arsɛˈnaɫ]
5855	независно	independently	[nɛˈzavisnɔ]
5856	алати	tool	[ˈaɫati]
5857	пијте	to drink	[ˈpijtɛ]
5858	тресам	to shake	[ˈtrɛsam]
5859	симпатичен	sweet, cute, adorable, likable	[simˈpatit͡ʃɛn]
5860	презентација	presentation	[prɛzɛnˈtat͡si(j)a]
5861	лечи	to cure	[ˈlɛt͡ʃi]
5862	бренди	brandy	[ˈbrɛndi]
5863	генератор	generator	[ɡɛnɛˈratɔr]
5864	фон	von	[fɔn]
5865	брокер	broker	[ˈbrɔkɛr]
5866	џоинт	joint	[ˈd͡ʒɔint]
5867	потешкотии	difficulty, obstacle, complication	[pɔtɛʃˈkɔtii]
5868	дистрибуција	distribution	[distriˈbut͡si(j)a]
5869	сменет	to change, replace, swap	[ˈsmɛnɛt]
5870	сезнајко	know-it-all, smartass	[ˈsɛznajkɔ]
5871	претпазливост	carefulness, cautiousness	[prɛtˈpazlivɔst]
5872	сечење	to cut	[ˈsɛt͡ʃɛɲɛ]
5873	рецепција	reception desk	[rɛˈt͡sɛpt͡si(j)a]
5874	организиран	organized, orderly	[ɔrɡaniˈziɾan]
5875	студ	cold, chill	[stut]
5876	значаен	significant, meaningful, important	[ˈznat͡ʃaɛn]
5877	донатор	donor, donator	[dɔˈnatɔr]
5878	весело	merrily, joyfully	[ˈvɛsɛɫɔ]
5879	зајде	to set	[ˈzajdɛ]
5880	изрека	saying	[ˈizrɛka]
5881	платно	canvas	[ˈpɫatnɔ]
5882	заборавен	to forget	[zaˈbɔɾavɛn]
5883	недвижнини	real estate, property which cannot be moved	[nɛˈdviʒnini]
5884	техничар	technician	[ˈtɛxnit͡ʃar]
5885	просек	average	[ˈprɔsɛk]
5886	агресивен	aggressive	[aɡrɛˈsivɛn]
5887	примени	to apply, put to use	[ˈprimɛni]
5888	разгледа	to look around	[ˈrazɡlɛda]
5889	титан	Titan	[ˈtitan]
5890	радува	to gladden, make happy, delight	[ˈraduva]
5891	викање	to shout, yell	[ˈvikaɲɛ]
5892	ситен	tiny, petty	[ˈsitɛn]
5893	настинка	cold	[ˈnastiŋka]
5894	блокиран	to block	[bɫɔˈkiɾan]
5895	фантазии	indefinite plural	[fanˈtazii]
5896	дузина	dozen	[ˈduzina]
5897	светост	holiness, sanctity	[ˈsvɛtɔst]
5898	насилник	bully	[ˈnasiɫnik]
5899	извршување	to perform, commit, execute	[izvr̩ˈʃuvaɲɛ]
5900	перо	quill	[ˈpɛɾɔ]
5901	праска	peach	[ˈpraska]
5902	еволуција	evolution	[ɛvɔˈɫut͡si(j)a]
5903	невнимателен	careless, sloppy, inattentive, inadvertent, unheeding,…	[nɛvniˈmatɛlɛn]
5904	кофеин	caffeine	[kɔfɛˈin]
5905	поход	campaign, march, quest	[ˈpɔxɔt]
5906	предизвици	challenge	[prɛˈdizvit͡si]
5907	гонат	to chase, persecute	[ˈɡɔnat]
5908	дипломатски	diplomatic	[dipɫɔˈmatski]
5909	пораст	growth, increase	[ˈpɔɾast]
5910	учители	teacher	[uˈt͡ʃitɛli]
5911	видовит	clairvoyant	[ˈvidɔvit]
5912	пилиња	chick	[ˈpiliɲa]
5913	мачо	macho	[ˈmat͡ʃɔ]
5914	демонски	demonically	[ˈdɛmɔnski]
5915	регистриран	to register, detect	[rɛɡisˈtriɾan]
5916	преместување	to move, relocate, transfer	[prɛmɛsˈtuvaɲɛ]
5917	течности	liquid, fluid	[ˈtɛt͡ʃnɔsti]
5918	стадион	stadium	[stadiˈɔn]
5919	канализација	sewage	[kanaliˈzat͡si(j)a]
5920	масакр	massacre	[maˈsakr̩]
5921	алчен	covetous, greedy, avaricious	[ˈaɫt͡ʃɛn]
5922	излета	to fly out	[ˈizlɛta]
5923	истапи	to step out, leave	[ˈistapi]
5924	руши	to tear down, destruct	[ˈruʃi]
5925	ороспија	trollop, harlot, tramp, whore	[ɔˈrɔspi(j)a]
5926	препорача	to recommend	[prɛˈpɔɾat͡ʃa]
5927	облекува	to clothe, dress	[ɔˈblɛkuva]
5928	кажување	to tell, say	[kaˈʒuvaɲɛ]
5929	летови	flight	[ˈlɛtɔvi]
5930	изговара	to pronounce	[izˈɡɔvaɾa]
5931	џебови	pocket	[ˈd͡ʒɛbɔvi]
5932	посвојување	to adopt	[pɔsvɔˈjuvaɲɛ]
5933	магнет	magnet	[ˈmaɡnɛt]
5934	хипотека	mortgage	[xipɔˈtɛka]
5935	оперативен	operating, operative	[ɔpɛɾaˈtivɛn]
5936	образ	cheek	[ˈɔbras]
5937	насоки	direction	[ˈnasɔki]
5938	шармантно	charmingly	[ʃarˈmantnɔ]
5939	великодушно	magnanimously, generously	[vɛliˈkɔduʃnɔ]
5940	женка	female	[ˈʒɛŋka]
5941	клише	cliché	[kliˈʃɛ]
5942	кошта	to cost	[ˈkɔʃta]
5943	истребување	to exterminate	[istrɛˈbuvaɲɛ]
5944	морков	carrot	[ˈmɔrkɔf]
5945	додаде	to add	[ˈdɔdadɛ]
5946	карма	karma	[ˈkarma]
5947	тркач	runner	[ˈtr̩kat͡ʃ]
5948	зимски	in a wintery way	[ˈzimski]
5949	заклучоци	conclusion, deduction	[zaˈkɫut͡ʃɔt͡si]
5950	навредува	to offend, insult	[naˈvrɛduva]
5951	паничи	to panic	[ˈpanit͡ʃi]
5952	наговори	to persuade	[naˈɡɔvɔɾi]
5953	виделина	visibility, clarity	[viˈdɛlina]
5954	чувме	to hear	[ˈt͡ʃuvmɛ]
5955	темел	basis, foundation	[ˈtɛmɛɫ]
5956	режија	direction	[ˈrɛʒi(j)a]
5957	тихо	quietly	[ˈtixɔ]
5958	негативен	negative	[nɛɡaˈtivɛn]
5959	импресионира	to impress, amaze	[imprɛsi(j)ɔˈniɾa]
5960	генерално	generally	[ɡɛnɛˈraɫnɔ]
5961	тепачки	fighting, martial	[ˈtɛpat͡ʃki]
5962	рулет	roulette	[ruˈlɛt]
5963	нуклеарно	in a nuclear way or sense	[nuklɛˈarnɔ]
5964	метеж	disturbance, uproar	[ˈmɛtɛʃ]
5965	завеси	curtain	[ˈzavɛsi]
5966	фигури	figure	[fiˈɡuɾi]
5967	расист	racist	[raˈsist]
5968	инвалид	invalid, cripple	[iɱvaˈlit]
5969	комуницира	to communicate, convey	[kɔmuniˈt͡siɾa]
5970	увид	insight	[ˈuvit]
5971	гуру	guru	[ˈɡuɾu]
5972	монструм	monster	[ˈmɔnstrum]
5973	главоболки	headache, cephalalgia	[ɡɫaˈvɔbɔɫki]
5974	комедија	comedy	[kɔˈmɛdi(j)a]
5975	омега	omega	[ˈɔmɛɡa]
5976	понижувачки	humiliatingly	[pɔniˈʒuvat͡ʃki]
5977	фонтана	fountain	[fɔnˈtana]
5978	осветли	to illuminate, light up, lit, brighten	[ˈɔsvɛtli]
5979	квадратни	square	[ˈkvadratni]
5980	бари	puddle	[ˈbaɾi]
5981	шишенце	bottle	[ˈʃiʃɛnt͡sɛ]
5982	студентка	female student	[stuˈdɛntka]
5983	бикини	bikini	[biˈkini]
5984	излет	picnic, excursion, field trip	[ˈizlɛt]
5985	банкрот	bankruptcy	[baŋkˈrɔt]
5986	напиток	potion, drink	[ˈnapitɔk]
5987	извршува	to perform, commit, execute	[izˈvr̩ʃuva]
5988	ситница	trifle	[sitˈnit͡sa]
5989	соборен	gathering	[ˈsɔbɔɾɛn]
5990	перници	pillow, cushion	[ˈpɛrnit͡si]
5991	реми	rummy	[ˈrɛmi]
5992	прифатливо	acceptably	[priˈfatlivɔ]
5993	необичен	unusual, peculiar, odd	[nɛˈɔbit͡ʃɛn]
5994	самовили	fairy	[saˈmɔvili]
5995	изнајмување	to let	[iznajˈmuvaɲɛ]
5996	трговци	merchant, tradesman, salesman, retailer, trader, dealer	[ˈtr̩ɡɔft͡si]
5997	ограбен	to rob	[ˈɔɡrabɛn]
5998	лекари	doctor	[ˈlɛkaɾi]
5999	европски	European	[ˈɛvrɔpski]
6000	потоне	to sink	[ˈpɔtɔnɛ]
6001	пинг-понг	ping pong, table tennis	[ˈpiŋkpɔŋk]
6002	исеков	to cut	[ˈisɛkɔf]
6003	хакер	hacker	[ˈxakɛr]
6004	фрламе	to throw, cast	[ˈfr̩ɫamɛ]
6005	наближува	to draw nigh, be imminent	[naˈbliʒuva]
6006	зафати	to take up, occupy	[ˈzafati]
6007	наследи	to inherit	[ˈnaslɛdi]
6008	опишува	to describe	[ɔˈpiʃuva]
6009	алергија	allergy	[aˈlɛrɡi(j)a]
6010	заинтересира	to catch one's interest, intrigue	[zaintɛɾɛˈsiɾa]
6011	економски	economically	[ɛˈkɔnɔmski]
6012	модерна	modernist art	[mɔˈdɛrna]
6013	шофер	chauffeur	[ˈʃɔfɛr]
6014	лади	to cool down	[ˈɫadi]
6015	ерупција	eruption	[ɛˈrupt͡si(j)a]
6016	погребан	to inter, entomb	[ˈpɔɡrɛban]
6017	прегази	to run over	[ˈprɛɡazi]
6018	куглање	bowling	[ˈkuɡɫaɲɛ]
6019	идеален	ideal	[idɛˈalɛn]
6020	обетки	earring	[ˈɔbɛtki]
6021	закачам	to tease, banter	[ˈzakat͡ʃam]
6022	додатоци	addition, appendage, affix	[dɔˈdatɔt͡si]
6023	арапски	Arabic	[ˈaɾapski]
6024	сокриен	to hide, conceal	[ˈsɔkri(j)ɛn]
6025	печати	to print	[ˈpɛt͡ʃati]
6026	апче	pill	[ˈapt͡ʃɛ]
6027	соодветен	suitable, appropriate	[sɔˈɔdvɛtɛn]
6028	наврати	to stop by	[ˈnavrati]
6029	буква	letter	[ˈbukva]
6030	сајт	site, website	[sajt]
6031	исправен	functional, operable	[ˈispravɛn]
6032	алчност	greed, avarice, cupidity	[ˈaɫt͡ʃnɔst]
6033	создадам	to create, produce	[ˈsɔzdadam]
6034	психолог	psychologist	[psixɔˈɫɔk]
6035	клучен	key, crucial	[ˈkɫut͡ʃɛn]
6036	потомци	descendant, progeny, offspring	[ˈpɔtɔmt͡si]
6037	повраќање	to vomit, to puke, to regurgitate	[pɔˈvracaɲɛ]
6038	биологија	biology	[bi(j)ɔˈɫɔɡi(j)a]
6039	индијанец	A Native American, an American Indian	[indiˈjanɛt͡s]
6040	сликање	image, picture, painting	[ˈslikaɲɛ]
6041	електричен	electrical	[ɛˈlɛktrit͡ʃɛn]
6042	тоалетна	indefinite feminine singular of тоале́тен	[tɔaˈlɛtna]
6043	малтретирање	to torture, mistreat	[maɫtrɛˈtiɾaɲɛ]
6044	шура	brother-in-law	[ˈʃuɾa]
6045	предрасуди	prejudice	[prɛdˈrasudi]
6046	дизајнер	designer	[diˈzajnɛr]
6047	отровен	poisonous, venomous	[ˈɔtrɔvɛn]
6048	амбиција	ambition	[amˈbit͡si(j)a]
6049	атом	atom	[ˈatɔm]
6050	седна	to sit down, take a seat	[ˈsɛdna]
6051	понижување	to humiliate	[pɔniˈʒuvaɲɛ]
6052	облози	bet, wager	[ˈɔbɫɔzi]
6053	трагач	seeker	[ˈtraɡat͡ʃ]
6054	фактор	factor	[ˈfaktɔr]
6055	ефтин	misspelling of евтин	[ˈɛftin]
6056	национален	national	[nat͡si(j)ɔˈnalɛn]
6057	трезор	safe, vault	[ˈtrɛzɔr]
6058	суви	dry, dried	[ˈsuvi]
6059	разбрала	to understand, comprehend	[ˈrazbraɫa]
6060	признава	to confess, admit	[ˈpriznava]
6061	маскиран	to mask	[masˈkiɾan]
6062	видик	line of sight, visual field, sight	[ˈvidik]
6063	препознавање	to recognize	[prɛpɔˈznavaɲɛ]
6064	брише	to erase, delete	[ˈbriʃɛ]
6065	морнари	sailor, seaman	[ˈmɔrnaɾi]
6066	електрични	electrical	[ɛˈlɛktrit͡ʃni]
6067	грицки	snacks	[ˈɡrit͡ski]
6068	издрогиран	to drug	[izdrɔˈɡiɾan]
6069	заклучување	to conclude, infer, deduce	[zakɫuˈt͡ʃuvaɲɛ]
6070	девојченце	girl	[dɛˈvɔjt͡ʃɛnt͡sɛ]
6071	преминува	to pass, cross	[prɛˈminuva]
6072	фабрики	factory	[ˈfabriki]
6073	третира	to treat	[trɛˈtiɾa]
6074	благородно	nobly	[bɫaˈɡɔɾɔdnɔ]
6075	резиме	summary	[rɛziˈmɛ]
6076	шлем	helmet	[ʃlɛm]
6077	пророштво	prophecy	[ˈprɔɾɔʃtvɔ]
6078	претепан	to beat senseless, to beat severely	[ˈprɛtɛpan]
6079	сместен	to place, accommodate	[ˈsmɛstɛn]
6080	раскаже	to tell, recount, narrate	[ˈraskaʒɛ]
6081	епидемија	epidemic	[ɛpiˈdɛmi(j)a]
6082	борбен	militant, belligerent, ready to fight	[ˈbɔrbɛn]
6083	брашно	flour	[ˈbraʃnɔ]
6084	мешавина	mixture, medley	[mɛˈʃavina]
6085	привлечност	attractiveness	[ˈprivlɛt͡ʃnɔst]
6086	морнар	sailor, seaman	[ˈmɔrnar]
6087	калуѓерка	nun	[kaˈɫuɟɛrka]
6088	гумени	rubber	[ˈɡumɛni]
6089	чамци	boat	[ˈt͡ʃamt͡si]
6090	посвоен	to adopt	[ˈpɔsvɔɛn]
6091	смирува	to calm down, appease	[ˈsmiɾuva]
6092	рамно	flatly, smoothly	[ˈramnɔ]
6093	одгледа	to bring up, raise, cultivate, rear	[ˈɔdɡlɛda]
6094	експедиција	expedition	[ɛkspɛˈdit͡si(j)a]
6095	уметници	artist	[uˈmɛtnit͡si]
6096	норма	norm	[ˈnɔrma]
6097	потсетник	reminder	[ˈpɔtsɛtnik]
6098	генерали	general	[ɡɛnɛˈrali]
6099	цимерка	female roommate	[ˈt͡simɛrka]
6100	пен	stump	[pɛn]
6101	оддалеченост	distance, remoteness	[ɔddaˈlɛt͡ʃɛnɔst]
6102	скине	to rip, tear	[ˈskinɛ]
6103	триаголник	triangle	[triˈaɡɔɫnik]
6104	присили	to compel, impel, coerce	[ˈprisili]
6105	прозори	window	[ˈprɔzɔɾi]
6106	интуиција	intuition	[intuˈit͡si(j)a]
6107	збуни	to confuse, befuddle, bewilder	[ˈzbuni]
6108	министерство	ministry	[miˈnistɛrstvɔ]
6109	четворка	foursome	[ˈt͡ʃɛtvɔrka]
6110	пеперутки	butterfly	[pɛˈpɛɾutki]
6111	јадела	to eat	[ˈjadɛɫa]
6112	намириса	to smell, detect a smell	[naˈmiɾisa]
6113	паѓање	to fall	[ˈpaɟaɲɛ]
6114	тула	brick	[ˈtuɫa]
6115	хелиум	helium	[ˈxɛli(j)um]
6116	маст	fat, lipid	[mast]
6117	иш	shoo, go away	[iʃ]
6118	цимет	cinnamon	[ˈt͡simɛt]
6119	јастог	lobster	[ˈjastɔk]
6120	скрати	to shorten, curtail, abridge, abbreviate	[ˈskrati]
6121	командува	to command, be bossy	[kɔˈmanduva]
6122	ценет	to appreciate, value	[ˈt͡sɛnɛt]
6123	тресат	to shake	[ˈtrɛsat]
6124	значајно	significantly, meaningfully	[ˈznat͡ʃajnɔ]
6125	елегантно	elegantly	[ɛlɛˈɡantnɔ]
6126	истражувачки	research, researcher	[istraˈʒuvat͡ʃki]
6127	депресивен	depressive	[dɛprɛˈsivɛn]
6128	поема	poem	[pɔˈɛma]
6129	корумпиран	corrupt	[kɔɾumˈpiɾan]
6130	ракавица	glove, gauntlet	[raˈkavit͡sa]
6131	ветрови	indefinite plural of ветер m	[ˈvɛtrɔvi]
6132	смртоносно	lethally, fatally, mortally	[smr̩ˈtɔnɔsnɔ]
6133	зрна	indefinite plural	[ˈzr̩na]
6134	гребен	crest, peak	[ˈɡrɛbɛn]
6135	мотивација	motivation	[mɔtiˈvat͡si(j)a]
6136	нерешено	tied	[nɛˈrɛʃɛnɔ]
6137	судии	judge	[ˈsudii]
6138	исчезнување	disappearance, vanishing	[iʃt͡ʃɛzˈnuvaɲɛ]
6139	конгресмен	congressman	[ˈkɔŋɡrɛsmɛn]
6140	лагата	unspecified definite singular of лага f	[ˈɫaɡata]
6141	социјално	socially	[sɔt͡siˈjaɫnɔ]
6142	преведувач	translator	[prɛˈvɛduvat͡ʃ]
6143	убедување	conviction, belief	[ubɛˈduvaɲɛ]
6144	убивал	to kill	[ˈubivaɫ]
6145	злоупотреба	misuse, abuse	[zɫɔuˈpɔtrɛba]
6146	навредливо	insultingly, insolently, offensively	[naˈvrɛdlivɔ]
6147	професори	professor	[prɔˈfɛsɔɾi]
6148	загревање	to heat, warm up	[zaˈɡrɛvaɲɛ]
6149	појак	strong, firm	[ˈpɔjak]
6150	белешка	written note	[ˈbɛlɛʃka]
6151	воспостави	to establish, introduce	[vɔsˈpɔstavi]
6152	густа	thick, dense, viscous	[ˈɡusta]
6153	сервер	server	[ˈsɛrvɛr]
6154	чуете	to hear	[ˈt͡ʃuɛtɛ]
6155	принуден	coercive, compulsory	[ˈprinudɛn]
6156	мозочен	cerebral	[ˈmɔzɔt͡ʃɛn]
6157	осеќа	to feel, sense, detect	[ˈɔsɛca]
6158	седатив	sedative	[sɛdaˈtif]
6159	иви	indefinite plural	[ˈivi]
6160	адмирал	admiral	[admiˈraɫ]
6161	тенок	thin	[ˈtɛnɔk]
6162	бесмртност	immortality	[ˈbɛsmr̩tnɔst]
6163	децава	child, kid	[ˈdɛt͡sava]
6164	ставен	to put, place	[ˈstavɛn]
6165	лев	left	[lɛf]
6166	верник	believer	[ˈvɛrnik]
6167	возврати	to reciprocate	[ˈvɔzvrati]
6168	исклучоци	exception	[isˈkɫut͡ʃɔt͡si]
6169	јоги	yogi	[ˈjɔɡi]
6170	уличка	alley, small street	[ˈulit͡ʃka]
6171	придружник	companion, escort	[ˈpridruʒnik]
6172	кадар	competent, capable	[ˈkadar]
6173	гребнатинка	graze	[ɡrɛbˈnatiŋka]
6174	споменик	monument, memorial	[ˈspɔmɛnik]
6175	поправен	to fix, repair, mend	[ˈpɔpravɛn]
6176	случаеви	nonstandard form of случај	[sɫuˈt͡ʃaɛvi]
6177	тркало	wheel	[ˈtr̩kaɫɔ]
6178	телохранители	bodyguard	[tɛɫɔxraˈnitɛli]
6179	пештерски	cave	[ˈpɛʃtɛrski]
6180	зла	evil, wickedness, malice	[zɫa]
6181	поведе	to take along, lead	[ˈpɔvɛdɛ]
6182	кабли	plural of кабел m	[ˈkabli]
6183	широк	wide, broad	[ˈʃiɾɔk]
6184	смирување	to calm down, appease	[smiˈruvaɲɛ]
6185	леден	icy, glacial, frigid	[ˈlɛdɛn]
6186	судница	courtroom	[ˈsudnit͡sa]
6187	опиум	opium	[ˈɔpi(j)um]
6188	чујат	to hear	[ˈt͡ʃujat]
6189	убод	sting, stab, prick	[ˈubɔt]
6190	курир	courier	[ˈkuɾir]
6191	континент	continent, mainland	[kɔntiˈnɛnt]
6192	релативно	relatively	[rɛɫaˈtivnɔ]
6193	измори	to tire, exhaust	[ˈizmɔɾi]
6194	финансира	to finance	[finanˈsiɾa]
6195	забележан	to notice	[zaˈbɛlɛʒan]
6196	критика	criticism	[ˈkritika]
6197	краен	final, ultimate	[ˈkraɛn]
6198	лепак	glue	[ˈlɛpak]
6199	ограничување	limitation, restriction	[ɔɡraniˈt͡ʃuvaɲɛ]
6200	весела	happy, merry, cheerful, jolly, gay	[ˈvɛsɛɫa]
6201	сродна	related, akin, cognate	[ˈsrɔdna]
6202	изгрее	to rise	[ˈizɡrɛɛ]
6203	помошници	helper, aid	[pɔˈmɔʃnit͡si]
6204	зјапа	to stare, gawk	[ˈzjapa]
6205	дополнителна	additional, extra	[dɔpɔɫˈnitɛɫna]
6206	лебед	swan	[ˈlɛbɛt]
6207	оркестар	orchestra	[ˈɔrkɛstar]
6208	брут	nail	[brut]
6209	крикет	cricket	[ˈkrikɛt]
6210	редица	line, row, queue	[ˈrɛdit͡sa]
6211	носач	carrier, porter, baggage clerk, skycap	[ˈnɔsat͡ʃ]
6212	продукција	production	[prɔˈdukt͡si(j)a]
6213	оцени	to grade, evaluate, assess	[ˈɔt͡sɛni]
6214	должник	debtor	[ˈdɔɫʒnik]
6215	убедлив	convincing, persuasive	[ˈubɛdlif]
6216	прекршоци	violation, breech, offense	[prɛˈkr̩ʃɔt͡si]
6217	испружи	to extend, hold out, stretch out	[ˈispruʒi]
6218	братучеди	male cousin	[braˈtut͡ʃɛdi]
6219	нагло	suddenly, abruptly	[ˈnaɡɫɔ]
6220	загатки	puzzle, conundrum, riddle	[ˈzaɡatki]
6221	зајаче	rabbit, hare	[ˈzajat͡ʃɛ]
6222	беља	misfortune, calamity, trouble	[ˈbɛʎa]
6223	ерекција	erection	[ɛˈrɛkt͡si(j)a]
6224	спасение	salvation	[spaˈsɛni(j)ɛ]
6225	фалсификат	forgery, counterfeit	[faɫsifiˈkat]
6226	дополнително	furthermore, additionally	[dɔpɔɫˈnitɛɫnɔ]
6227	шокиран	to shock	[ʃɔˈkiɾan]
6228	делфин	dolphin	[ˈdɛɫfin]
6229	гангстери	gangster	[ˈɡaŋkstɛɾi]
6230	ранг	rank	[raŋk]
6231	казнува	to punish, chastise	[ˈkaznuva]
6232	средува	to tidy, order	[ˈsrɛduva]
6233	спиевме	to sleep	[ˈspi(j)ɛvmɛ]
6234	младост	youth	[ˈmɫadɔst]
6235	погледнат	to take a look, look at	[ˈpɔɡlɛdnat]
6236	запознавање	to meet	[zapɔˈznavaɲɛ]
6237	испуши	to smoke	[ˈispuʃi]
6238	фреквенција	frequency	[frɛˈkvɛnt͡si(j)a]
6239	мести	to place, position, arrange	[ˈmɛsti]
6240	налози	warrant	[ˈnaɫɔzi]
6241	ракчиња	shrimp, prawn	[ˈrakt͡ʃiɲa]
6242	изработка	manufacture	[izˈrabɔtka]
6243	вилушка	fork	[ˈviɫuʃka]
6244	дарежлив	generous, giving	[ˈdaɾɛʒlif]
6245	набргу	presently, shortly, soon	[ˈnabr̩ɡu]
6246	претпоставки	assumption, supposition	[prɛtˈpɔstafki]
6247	заработка	earnings	[zaˈrabɔtka]
6248	кренат	to lift, raise, pick up	[ˈkrɛnat]
6249	дланка	palm	[ˈdɫaŋka]
6250	доживее	to experience, go through	[dɔˈʒivɛɛ]
6251	оригинален	original	[ɔɾiɡiˈnalɛn]
6252	субјект	subject	[ˈsubjɛkt]
6253	пристигнување	to arrive	[pristiɡˈnuvaɲɛ]
6254	сулфур	sulphur	[ˈsuɫfur]
6255	непристоен	inappropriate, indecent, obscene	[nɛˈpristɔɛn]
6256	старател	custodian, guardian	[ˈstaɾatɛɫ]
6257	отпечаток	print, imprint	[ɔtˈpɛt͡ʃatɔk]
6258	лисја	plural of лисје	[ˈlisja]
6259	замешан	to involve, implicate	[ˈzamɛʃan]
6260	легален	legal	[ˈlɛɡalɛn]
6261	животински	in the manner of an animal	[ʒiˈvɔtinski]
6262	извидник	scout	[ˈizvidnik]
6263	поништи	to annul, invalidate, cancel out	[ˈpɔniʃti]
6264	шкафче	closet	[ʃˈkaft͡ʃɛ]
6265	обесен	to hang	[ˈɔbɛsɛn]
6266	допрва	yet	[ˈdɔpr̩va]
6267	димензија	dimension	[diˈmɛnzi(j)a]
6268	дата	date	[ˈdata]
6269	банкар	banker	[ˈbaŋkar]
6270	шокантно	shockingly	[ʃɔˈkantnɔ]
6271	напивка	potion, concoction	[ˈnapifka]
6272	спални	ellipsis of спална соба: bedroom	[ˈspaɫni]
6273	тинејџерка	female teenager	[tiˈnɛjd͡ʒɛrka]
6274	светилка	light bulb	[ˈsvɛtiɫka]
6275	христијански	in a Christian way	[xrisˈti(j)anski]
6276	ознака	marking, mark	[ˈɔznaka]
6277	стапови	stick, cane, rod, staff	[ˈstapɔvi]
6278	самурај	samurai	[samuˈraj]
6279	рап	rap	[rap]
6280	трпи	to endure, suffer through	[ˈtr̩pi]
6281	прадедо	great-grandfather	[ˈpradɛdɔ]
6282	колонија	colony	[kɔˈɫɔni(j)a]
6283	мистерии	mystery	[misˈtɛɾii]
6284	предаден	to betray	[ˈprɛdadɛn]
6285	лопата	shovel, spade	[ˈɫɔpata]
6286	лотарија	lottery	[ɫɔˈtaɾi(j)a]
6287	разочарувачки	disappointingly	[razɔt͡ʃaˈruvat͡ʃki]
6288	престапници	delinquent	[prɛˈstapnit͡si]
6289	кантата	cantata	[kanˈtata]
6290	хемичар	chemist	[ˈxɛmit͡ʃar]
6291	заштеди	to save up	[ˈzaʃtɛdi]
6292	прашавте	second-person plural imperfect/aorist of праша	[ˈpraʃaftɛ]
6293	бескрајно	endlessly	[ˈbɛskrajnɔ]
6294	незнае	misspelling of не знае	[ˈnɛznaɛ]
6295	тркачки	race, racer	[ˈtr̩kat͡ʃki]
6296	конзулат	consulate	[kɔnzuˈɫat]
6297	мамичка	mama, mummy, mommy, mum, mom	[ˈmamit͡ʃka]
6298	сек	cut	[sɛk]
6299	додава	to add	[ˈdɔdava]
6300	исклучив	exclusive	[ˈiskɫut͡ʃif]
6301	полица	shelf	[ˈpɔlit͡sa]
6302	куќна	house	[ˈkucna]
6303	заробеник	prisoner, captive	[zaˈrɔbɛnik]
6304	медицинско	indefinite neuter singular of медици́нски	[mɛdiˈt͡sinskɔ]
6305	убиваше	to kill	[uˈbivaʃɛ]
6306	шесто	nonstandard form of шестотини	[ˈʃɛstɔ]
6307	комплет	set	[ˈkɔmplɛt]
6308	растура	to take apart	[ˈrastuɾa]
6309	работење	to work, labour	[raˈbɔtɛɲɛ]
6310	рамка	frame	[ˈramka]
6311	добиток	livestock	[ˈdɔbitɔk]
6312	преполни	to overfill	[ˈprɛpɔɫni]
6313	надарен	gifted, talented	[ˈnadaɾɛn]
6314	достигне	to reach, attain	[ˈdɔstiɡnɛ]
6315	колец	stake, post, spike, picket	[ˈkɔlɛt͡s]
6316	водопади	waterfall	[vɔˈdɔpadi]
6317	придонес	contribution	[ˈpridɔnɛs]
6318	иронија	irony	[iˈrɔni(j)a]
6319	емоционален	emotion; emotional	[ɛmɔt͡si(j)ɔˈnalɛn]
6320	нуркање	to dive	[ˈnurkaɲɛ]
6321	починат	deceased	[ˈpɔt͡ʃinat]
6322	божиќно	in a Christmassy way	[ˈbɔʒicnɔ]
6323	менувач	gearbox, transmission	[ˈmɛnuvat͡ʃ]
6324	пиче	pussy, cunt	[ˈpit͡ʃɛ]
6325	соочува	to cause to face, cause to confront	[sɔˈɔt͡ʃuva]
6326	новинарка	journalist, reporter	[nɔˈvinarka]
6327	патриот	patriot	[patriˈɔt]
6328	тропа	trope	[ˈtrɔpa]
6329	вилица	jaw	[ˈvilit͡sa]
6330	пу	spitting onomatopoeia	[pu]
6331	засрами	to embarrass	[ˈzasrami]
6332	ноќно	nocturnally	[ˈnɔcnɔ]
6333	светилки	light bulb	[ˈsvɛtiɫki]
6334	идиотски	idiotically	[idiˈɔtski]
6335	оправдува	to justify	[ɔˈpravduva]
6336	публицитет	publicity	[publit͡siˈtɛt]
6337	часовници	clock	[t͡ʃaˈsɔvnit͡si]
6338	навали	to incline, tilt, bend	[ˈnavali]
6339	сираци	orphan	[ˈsiɾat͡si]
6340	тури	to pour	[ˈtuɾi]
6341	филмски	movie, film	[ˈfiɫmski]
6342	силува	to rape	[ˈsiɫuva]
6343	италијанец	Italian	[italiˈjanɛt͡s]
6344	автор	author	[ˈaftɔr]
6345	игнорира	to ignore	[iɡnɔˈriɾa]
6346	меѓународен	international	[mɛɟuˈnaɾɔdɛn]
6347	одложување	to postpone, delay, put off	[ɔdɫɔˈʒuvaɲɛ]
6348	артерија	artery	[arˈtɛɾi(j)a]
6349	парализа	paralysis, palsy	[paɾaˈliza]
6350	редослед	sequence, order	[ˈrɛdɔslɛt]
6351	ефикасно	efficiently	[ɛfiˈkasnɔ]
6352	паркиран	to park	[parˈkiɾan]
6353	долж	along	[dɔɫʃ]
6354	аргумент	argument	[arɡuˈmɛnt]
6355	чадор	umbrella	[ˈt͡ʃadɔr]
6356	забрзува	to speed up	[zaˈbr̩zuva]
6357	искористува	to use, exploit	[iskɔˈristuva]
6358	ракун	raccoon	[ˈrakun]
6359	гранки	branch	[ˈɡraŋki]
6360	прашаа	third-person plural imperfect/aorist of праша	[ˈpraʃaa]
6361	луксуз	luxury	[ˈɫuksus]
6362	тесен	narrow	[ˈtɛsɛn]
6363	памети	to remember, recall	[ˈpamɛti]
6364	потенцијален	potential	[pɔtɛnt͡siˈjalɛn]
6365	жесток	fierce, feisty, violent	[ˈʒɛstɔk]
6366	заштеда	savings	[ˈzaʃtɛda]
6367	ограничувања	limitation, restriction	[ɔɡraniˈt͡ʃuvaɲa]
6368	бригада	brigade	[briˈɡada]
6369	миса	mass	[ˈmisa]
6370	саем	fair	[ˈsaɛm]
6371	зачин	spice	[ˈzat͡ʃin]
6372	шетање	to stroll, promenade, take a walk	[ˈʃɛtaɲɛ]
6373	чашка	small cup	[ˈt͡ʃaʃka]
6374	тули	brick	[ˈtuli]
6375	апликација	application, use	[apliˈkat͡si(j)a]
6376	донација	donation	[dɔˈnat͡si(j)a]
6377	тиквар	numbskull, nincompoop, dimwit, ninny	[ˈtikvar]
6378	измамен	to deceive, swindle, con, dupe, scam, fool, trick	[ˈizmamɛn]
6379	уцени	to blackmail	[ˈut͡sɛni]
6380	проблематичен	problematic	[prɔblɛˈmatit͡ʃɛn]
6381	чизма	boot	[ˈt͡ʃizma]
6382	донесен	to bring	[ˈdɔnɛsɛn]
6383	совршенство	perfection	[sɔˈvr̩ʃɛnstvɔ]
6384	заслуги	merit	[ˈzasɫuɡi]
6385	веројатност	probability, likelihood	[vɛˈrɔjatnɔst]
6386	сита	sieve	[ˈsita]
6387	кокошката	unspecified definite singular of кокошка f	[kɔˈkɔʃkata]
6388	претпостави	to assume, suppose, surmise	[prɛtˈpɔstavi]
6389	залепи	to stick, glue	[ˈzalɛpi]
6390	комплициран	complicated, complex	[kɔmpliˈt͡siɾan]
6391	потомок	descendant, progeny, offspring	[ˈpɔtɔmɔk]
6392	селски	rurally, rustically	[ˈsɛɫski]
6393	мана	flaw, fault	[ˈmana]
6394	ризици	risk	[ˈrizit͡si]
6395	прошета	to take a walk	[ˈprɔʃɛta]
6396	љубител	enthusiast, devotee, lover, fan	[ˈʎubitɛɫ]
6397	бут	thigh	[but]
6398	присуствува	to attend, be present	[priˈsustvuva]
6399	индиски	Indian	[ˈindiski]
6400	парење	money	[ˈpaɾɛɲɛ]
6401	задолжително	obligatorily, compulsorily, mandatorily	[zadɔɫˈʒitɛɫnɔ]
6402	дур	major	[dur]
6403	железничка	ellipsis of железничка станица: railway station	[ʒɛˈlɛznit͡ʃka]
6404	чоколаден	chocolate	[t͡ʃɔkɔˈɫadɛn]
6405	проституција	prostitution	[prɔstiˈtut͡si(j)a]
6406	оддалечи	to push further away, distantiate	[ɔdˈdalɛt͡ʃi]
6407	информиран	to inform	[iɱfɔrˈmiɾan]
6408	вклопи	to fit in, integrate	[ˈfkɫɔpi]
6409	појасно	clearly, limpidly, plainly	[ˈpɔjasnɔ]
6410	камшик	whip	[ˈkamʃik]
6411	цимери	roommate	[ˈt͡simɛɾi]
6412	мешање	to mix, shuffle, stir, blend	[ˈmɛʃaɲɛ]
6413	бадијала	in vain, for free	[baˈdi(j)aɫa]
6414	летово	this summer	[lɛˈtɔvɔ]
6415	прирачник	handbook, manual	[ˈpriɾat͡ʃnik]
6416	евтин	cheap, inexpensive	[ˈɛftin]
6417	скапан	rotten, lousy, flimsy, shoddy, no-good	[ˈskapan]
6418	прикладно	appropriately, suitably, fittingly	[ˈprikɫadnɔ]
6419	снајпер	sniper	[ˈsnajpɛr]
6420	музичари	musician	[muˈzit͡ʃaɾi]
6421	покори	to subjugate, subdue	[ˈpɔkɔɾi]
6422	дупи	to perforate, pierce	[ˈdupi]
6423	програмиран	to program	[prɔɡraˈmiɾan]
6424	далечински	remotely	[daˈlɛt͡ʃinski]
6425	ливче	leaf	[ˈlift͡ʃɛ]
6426	нино	vocative singular of нина f	[ˈninɔ]
6427	праг	threshold, doorstep	[prak]
6428	немора	misspelling of не мора	[ˈnɛmɔɾa]
6429	интелигентен	intelligent	[intɛliˈɡɛntɛn]
6430	гнасно	disgustingly, filthily, squalidly	[ˈɡnasnɔ]
6431	огласи	to announce, proclaim, divulge	[ˈɔɡɫasi]
6432	орган	organ	[ˈɔrɡan]
6433	легија	legion	[ˈlɛɡi(j)a]
6434	надмине	to surpass, surmount, overcome	[ˈnadminɛ]
6435	плав	blue	[pɫaf]
6436	орев	walnut	[ˈɔɾɛf]
6437	лосос	salmon	[ˈɫɔsɔs]
6438	помагање	to assist, help, aid, support, give a hand	[pɔˈmaɡaɲɛ]
6439	раат	comfortably, peacefully, tranquilly, serenely	[ˈraat]
6440	завој	bandage	[ˈzavɔj]
6441	железница	railway	[ʒɛˈlɛznit͡sa]
6442	седнат	to sit down, take a seat	[ˈsɛdnat]
6443	создадеш	to create, produce	[ˈsɔzdadɛʃ]
6444	гризне	to bite	[ˈɡriznɛ]
6445	ланци	chain	[ˈɫant͡si]
6446	одраз	reflection	[ˈɔdras]
6447	официјален	official	[ɔfit͡siˈjalɛn]
6448	злоба	evil, malice, wickedness	[ˈzɫɔba]
6449	грмушка	bush, shrub	[ˈɡr̩muʃka]
6450	лавиринт	labyrinth	[ɫaviˈrint]
6451	келија	misspelling of ќелија	[ˈkɛli(j)a]
6452	надлежен	responsible, in charge	[ˈnadlɛʒɛn]
6453	градба	structure	[ˈɡradba]
6454	спротистави	misspelling of спротивстави	[sprɔˈtistavi]
6455	окови	shackles, chains	[ˈɔkɔvi]
6456	посрамоти	to embarrass, humiliate	[pɔˈsramɔti]
6457	изуми	to forget	[ˈizumi]
6458	искрши	to break, shatter	[ˈiskr̩ʃi]
6459	тестамент	will, testament	[tɛstaˈmɛnt]
6460	преживува	to survive, live through	[prɛˈʒivuva]
6461	омлет	omelette	[ˈɔmlɛt]
6462	запознаен	acquainted	[zaˈpɔznaɛn]
6463	слух	hearing	[sɫux]
6464	грк	Greek	[ɡr̩k]
6465	мачиња	kitten	[ˈmat͡ʃiɲa]
6466	данска	Danish	[ˈdanska]
6467	непобедлив	invincible	[nɛˈpɔbɛdlif]
6468	формулар	form	[fɔrmuˈɫar]
6469	кружи	to circle	[ˈkruʒi]
6470	инвестиции	investment	[iɱvɛsˈtit͡sii]
6471	изобилство	abundance, plenty, profusion, multitude, plethora	[iˈzɔbiɫstvɔ]
6472	меур	bubble	[ˈmɛur]
6473	среќник	lucky person	[ˈsrɛcnik]
6474	зачудувачки	surprising, astounding	[zat͡ʃuˈduvat͡ʃki]
6475	посвети	to dedicate, consecrate, devote	[ˈpɔsvɛti]
6476	лизга	to slide	[ˈlizɡa]
6477	оглас	ad, advertisement	[ˈɔɡɫas]
6478	литература	literature	[litɛɾaˈtuɾa]
6479	ава	air	[ˈava]
6480	метла	broom	[ˈmɛtɫa]
6481	дружина	band, troupe, crew, team	[ˈdruʒina]
6482	спортист	athlete	[spɔrˈtist]
6483	убивајте	to kill	[uˈbivajtɛ]
6484	волшебно	magically	[ˈvɔɫʃɛbnɔ]
6485	раководител	manager	[rakɔˈvɔditɛɫ]
6486	сопатник	fellow traveller	[ˈsɔpatnik]
6487	опише	to describe	[ˈɔpiʃɛ]
6488	онаков	that kind of, that type of	[ˈɔnakɔf]
6489	сонда	probe	[ˈsɔnda]
6490	преговарање	to negotiate	[prɛɡɔˈvaɾaɲɛ]
6491	гриз	bite	[ɡris]
6492	клавир	piano	[ˈkɫavir]
6493	инспирира	to inspire	[inspiˈriɾa]
6494	обезбедува	to secure, provide	[ɔbɛzˈbɛduva]
6495	свила	silk	[ˈsviɫa]
6496	добиено	menstruation, period	[dɔˈbi(j)ɛnɔ]
6497	адреси	address	[ˈadrɛsi]
6498	мексикански	Mexican	[mɛksiˈkanski]
6499	раскрсница	intersection, crossroads	[rasˈkr̩snit͡sa]
6500	упорен	persistent, tenacious	[ˈupɔɾɛn]
6501	изненадно	suddenly, out of the blue, surprisingly	[izˈnɛnadnɔ]
6502	феноменално	phenomenally, spectacularly	[fɛnɔmɛˈnaɫnɔ]
6503	јаден	to eat	[ˈjadɛn]
6504	пожарникар	firefighter	[pɔˈʒarnikar]
6505	подобрува	to improve	[pɔˈdɔbruva]
6506	ширење	to spread, extend	[ˈʃiɾɛɲɛ]
6507	кибрит	matchbox	[ˈkibrit]
6508	краеви	end, finish	[ˈkraɛvi]
6509	банкноти	banknote	[baŋkˈnɔti]
6510	дерен	to skin, flay	[ˈdɛɾɛn]
6511	капија	gate	[ˈkapi(j)a]
6512	познавање	to know	[pɔˈznavaɲɛ]
6513	поврзување	to connect, link, bind	[pɔvr̩ˈzuvaɲɛ]
6514	детаљ	detail	[dɛˈtaʎ]
6515	простории	room, area, chamber	[prɔˈstɔɾii]
6516	довери	to entrust	[ˈdɔvɛɾi]
6517	молив	pencil	[ˈmɔlif]
6518	енергетски	energy	[ɛnɛrˈɡɛtski]
6519	разузнавање	to reconnoiter, find out about the enemy	[razuˈznavaɲɛ]
6520	бурито	burrito	[buˈritɔ]
6521	обиколка	circumference	[ɔˈbikɔɫka]
6522	скенер	scanner	[ˈskɛnɛr]
6523	елени	deer	[ˈɛlɛni]
6524	заведе	to seduce	[ˈzavɛdɛ]
6525	износ	amount, sum	[ˈiznɔs]
6526	играа	to play	[ˈiɡraa]
6527	боди	bodysuit	[ˈbɔdi]
6528	управник	director, manager	[ˈupravnik]
6529	пушеше	to smoke	[ˈpuʃɛʃɛ]
6530	безопасен	harmless, not dangerous	[bɛˈzɔpasɛn]
6531	пратеник	emissary, member of parliament	[ˈpratɛnik]
6532	одбиен	to reject, refuse	[ˈɔdbi(j)ɛn]
6533	интегритет	integrity	[intɛɡriˈtɛt]
6534	фази	phase	[ˈfazi]
6535	мажоретка	majorette	[maʒɔˈrɛtka]
6536	беспомошен	helpless	[bɛsˈpɔmɔʃɛn]
6537	суспендиран	to suspend	[suspɛnˈdiɾan]
6538	седење	to sit, be seated	[ˈsɛdɛɲɛ]
6539	кутре	puppy	[ˈkutrɛ]
6540	фарми	farm	[ˈfarmi]
6541	шепи	paw	[ˈʃɛpi]
6542	викале	to shout, yell	[ˈvikalɛ]
6543	купувачи	indefinite plural	[kuˈpuvat͡ʃi]
6544	мускетар	musketeer	[muskɛˈtar]
6545	перверзен	perverse	[ˈpɛrvɛrzɛn]
6546	мутација	mutation	[muˈtat͡si(j)a]
6547	отпаѓа	to fall out, be removed	[ˈɔtpaɟa]
6548	инсистира	to insist	[insisˈtiɾa]
6549	збогување	farewell, goodbye, parting	[zbɔˈɡuvaɲɛ]
6550	антички	antique	[ˈantit͡ʃki]
6551	блед	pale, pallid, bleak	[blɛt]
6552	маде	testicle	[ˈmadɛ]
6553	напојување	power supply	[napɔˈjuvaɲɛ]
6554	касне	to bite	[ˈkasnɛ]
6555	стихови	line	[ˈstixɔvi]
6556	имоти	property, estate	[ˈimɔti]
6557	гуска	goose	[ˈɡuska]
6558	одоколу	indirectly, around	[ɔˈdɔkɔɫu]
6559	хирургија	surgery	[xiˈrurɡi(j)a]
6560	дрогира	to drug, intoxicate	[drɔˈɡiɾa]
6561	жаби	indefinite plural	[ˈʒabi]
6562	битие	creature, being	[ˈbiti(j)ɛ]
6563	маченик	sufferer, martyr	[ˈmat͡ʃɛnik]
6564	лешеви	nonstandard form of лешови	[ˈlɛʃɛvi]
6565	прашувавме	to ask	[praˈʃuvavmɛ]
6566	нејасно	vaguely, unclearly	[ˈnɛjasnɔ]
6567	конвенција	convention	[kɔɱˈvɛnt͡si(j)a]
6568	полувреме	half time	[pɔˈɫuvrɛmɛ]
6569	жител	inhabitant, denizen, resident, occupant, dweller	[ˈʒitɛɫ]
6570	градење	chest	[ˈɡradɛɲɛ]
6571	жилет	razor blade	[ʒiˈlɛt]
6572	старица	old woman, hag, beldame, gammer	[ˈstaɾit͡sa]
6573	погодува	to guess	[pɔˈɡɔduva]
6574	баланс	balance	[ˈbaɫans]
6575	мрзлив	lazy, slothful	[ˈmr̩zlif]
6576	партнерство	partnership	[ˈpartnɛrstvɔ]
6577	замрзнат	frozen	[ˈzamr̩znat]
6578	врзување	to tie, connect	[vr̩ˈzuvaɲɛ]
6579	перам	to wash	[ˈpɛɾam]
6580	пишуваме	to write	[piˈʃuvamɛ]
6581	чорба	stew, broth	[ˈt͡ʃɔrba]
6582	хор	choir	[xɔr]
6583	капсула	capsule	[ˈkapsuɫa]
6584	најава	announcement	[ˈnajava]
6585	забележува	to notice, note	[zabɛˈlɛʒuva]
6586	ќорсокак	cul-de-sac, dead end	[ˈcɔrsɔkak]
6587	одненадеж	unexpectedly, suddenly	[ɔdˈnɛnadɛʃ]
6588	карневал	carnival	[karnɛˈvaɫ]
6589	бањање	bath	[ˈbaɲaɲɛ]
6590	прикриен	to hush up, mask, hide	[ˈprikri(j)ɛn]
6591	дизајниран	to design	[dizajˈniɾan]
6592	петти	fifth	[ˈpɛtti]
6593	аутопсија	autopsy	[auˈtɔpsi(j)a]
6594	бури	bora, gale	[ˈbuɾi]
6595	фризер	hairdresser	[ˈfrizɛr]
6596	културно	politely, civilly	[ˈkuɫturnɔ]
6597	шака	hand	[ˈʃaka]
6598	соопштение	announcement	[sɔɔpˈʃtɛni(j)ɛ]
6599	дистанца	distance	[disˈtant͡sa]
6600	кинези	plural of Кинез m	[ˈkinɛzi]
6601	граѓански	citizen	[ˈɡraɟanski]
6602	тимски	in the spirit of teamwork	[ˈtimski]
6603	задоволства	indefinite plural of задо́волство	[zaˈdɔvɔɫstva]
6604	годи	to do good for, please	[ˈɡɔdi]
6605	постела	bed, bedspread	[ˈpɔstɛɫa]
6606	сложено	complicatedly, complexly	[ˈsɫɔʒɛnɔ]
6607	слушање	to listen, hear	[ˈsɫuʃaɲɛ]
6608	бато	brother	[ˈbatɔ]
6609	достави	to deliver	[ˈdɔstavi]
6610	пешкир	towel	[ˈpɛʃkir]
6611	разведен	divorced	[ˈrazvɛdɛn]
6612	поддржи	to support	[ˈpɔddr̩ʒi]
6613	побрза	to rush, hurry	[ˈpɔbr̩za]
6614	истера	to kick out, expel, banish	[ˈistɛɾa]
6615	викенди	weekend	[ˈvikɛndi]
6616	бунтовник	rebel	[ˈbuntɔvnik]
6617	мустанг	mustang	[ˈmustaŋk]
6618	матно	cloudily, blurrily	[ˈmatnɔ]
6619	вештер	warlock, male witch	[ˈvɛʃtɛr]
6620	возбуди	to excite, arouse	[ˈvɔzbudi]
6621	независен	independent	[nɛˈzavisɛn]
6622	духовит	witty, humorous	[ˈduxɔvit]
6623	глутница	pack	[ˈɡɫutnit͡sa]
6624	дувло	lair, den	[ˈduvɫɔ]
6625	наставник	teacher, lecturer	[ˈnastavnik]
6626	авионски	with respect to airplanes	[aviˈɔnski]
6627	обнови	to renew, renovate	[ˈɔbnɔvi]
6628	пушат	to smoke	[ˈpuʃat]
6629	пастув	stallion, stud	[ˈpastuf]
6630	смртен	deadly, fatal	[ˈsmr̩tɛn]
6631	глобална	global	[ˈɡɫɔbaɫna]
6632	чудаци	weirdo, freak, crank, eccentric, oddball	[ˈt͡ʃudat͡si]
6633	дивина	wilderness	[ˈdivina]
6634	информира	to inform	[iɱfɔrˈmiɾa]
6635	икс	The Roman letter X, x	[iks]
6636	надворешен	external	[naˈdvɔɾɛʃɛn]
6637	аи	oh dear, oh no	[ˈai]
6638	машна	ribbon, bowtie	[ˈmaʃna]
6639	прачки	stick, cane, rod	[ˈprat͡ʃki]
6640	каење	to regret, rue	[ˈkaɛɲɛ]
6641	несоодветно	unsuitably, inadequately	[nɛsɔˈɔdvɛtnɔ]
6642	добитник	winner	[ˈdɔbitnik]
6643	влага	humidity, moisture	[ˈvɫaɡa]
6644	гласна	loud	[ˈɡɫasna]
6645	гладијатор	gladiator	[ɡɫadiˈjatɔr]
6646	пречека	to receive, welcome	[ˈprɛt͡ʃɛka]
6647	метеор	meteor	[mɛtɛˈɔr]
6648	истрча	to run	[ˈistr̩t͡ʃa]
6649	евиденција	track, records	[ɛviˈdɛnt͡si(j)a]
6650	остаток	remainder, rest, leftover	[ˈɔstatɔk]
6651	култ	cult	[kuɫt]
6652	исправено	straight, upright	[isˈpravɛnɔ]
6653	испие	to drink, drink up	[ˈispi(j)ɛ]
6654	уникатен	unique	[uniˈkatɛn]
6655	стабилност	stability	[ˈstabiɫnɔst]
6656	покривање	to cover, deck	[pɔˈkrivaɲɛ]
6657	кочи	to brake, halt	[ˈkɔt͡ʃi]
6658	шести	sixth	[ˈʃɛsti]
6659	подржува	to hold for a while	[pɔˈdr̩ʒuva]
6660	бакнување	to kiss	[bakˈnuvaɲɛ]
6661	сит	full, stuffed, sated	[sit]
6662	очигледен	obvious, evident, apparent	[ɔˈt͡ʃiɡlɛdɛn]
6663	преместен	to move, relocate, transfer	[ˈprɛmɛstɛn]
6664	развесели	to cheer up	[razˈvɛsɛli]
6665	вонка	outside	[ˈvɔŋka]
6666	видев	to see, look	[ˈvidɛf]
6667	местенка	rigged event	[ˈmɛstɛŋka]
6668	изолиран	to isolate	[iˈzɔliɾan]
6669	купче	pile, heap	[ˈkupt͡ʃɛ]
6670	пешадија	infantry	[pɛˈʃadi(j)a]
6671	добор	nonstandard form of добар	[ˈdɔbɔr]
6672	гранка	branch	[ˈɡraŋka]
6673	лигави	to drool on, cover in drool	[ˈliɡavi]
6674	преводи	translation	[ˈprɛvɔdi]
6675	цветови	indefinite plural	[ˈt͡svɛtɔvi]
6676	подигање	to lift, raise	[pɔˈdiɡaɲɛ]
6677	бришење	to erase, delete	[ˈbriʃɛɲɛ]
6678	бранител	defender	[ˈbranitɛɫ]
6679	загрижи	to worry, disquiet, alarm	[ˈzaɡriʒi]
6680	правци	direction	[ˈpraft͡si]
6681	плодови	fruit	[ˈpɫɔdɔvi]
6682	засили	to strengthen, reinforce, amplify, intensify	[ˈzasili]
6683	гостинка	female guest	[ˈɡɔstiŋka]
6684	клинец	nail	[ˈklinɛt͡s]
6685	луле	pipe	[ˈɫulɛ]
6686	колешка	female colleague	[kɔˈlɛʃka]
6687	крвен	blood	[ˈkr̩vɛn]
6688	гнасен	disgusting, dirty, unclean	[ˈɡnasɛn]
6689	давеж	suffocation	[ˈdavɛʃ]
6690	дрзок	impertinent, insolent, impudent, arrogant, shameless, cheeky	[ˈdr̩zɔk]
6691	играла	to play	[ˈiɡraɫa]
6692	пере	to wash	[ˈpɛɾɛ]
6693	памук	cotton	[ˈpamuk]
6694	летен	summer, estival	[ˈlɛtɛn]
6695	агли	angle	[ˈaɡli]
6696	усреќи	to gladden, make happy	[ˈusrɛci]
6697	сакај	to want, desire	[ˈsakaj]
6698	книгава	book	[ˈkniɡava]
6699	исповед	confession	[ˈispɔvɛt]
6700	мајонез	mayonnaise	[majɔˈnɛs]
6701	процени	to estimate, assess	[ˈprɔt͡sɛni]
6702	банкарски	banking, banker	[ˈbaŋkarski]
6703	тревка	blade of grass	[ˈtrɛfka]
6704	мандат	mandate	[ˈmandat]
6705	бег	flight, escape	[bɛk]
6706	гризнат	to bite	[ˈɡriznat]
6707	агонија	agony	[aˈɡɔni(j)a]
6708	земање	to take	[ˈzɛmaɲɛ]
6709	приходи	income	[ˈprixɔdi]
6710	поласкан	to flatter	[ˈpɔɫaskan]
6711	орбита	orbit	[ɔrˈbita]
6712	сирени	siren	[siˈrɛni]
6713	врзува	to tie, connect	[ˈvr̩zuva]
6714	ќош	corner	[cɔʃ]
6715	бункер	bunker	[ˈbuŋkɛr]
6716	напуштање	to leave, abandon	[naˈpuʃtaɲɛ]
6717	полетува	to take flight, take off	[pɔˈlɛtuva]
6718	формално	formally	[ˈfɔrmaɫnɔ]
6719	робија	penal colony	[ˈrɔbi(j)a]
6720	содржина	contents	[sɔˈdr̩ʒina]
6721	осаменост	loneliness	[ɔˈsamɛnɔst]
6722	спомнува	to mention	[ˈspɔmnuva]
6723	ентузијазам	enthusiasm	[ɛntuziˈjazam]
6724	обедини	to unite, unify	[ɔˈbɛdini]
6725	уцена	blackmail	[ˈut͡sɛna]
6726	мумија	mummy	[ˈmumi(j)a]
6727	макарони	macaroni	[makaˈrɔni]
6728	натпис	inscription, caption, public text	[ˈnatpis]
6729	бандит	bandit, gangster, brigand	[banˈdit]
6730	пукнатина	crack, fissure	[pukˈnatina]
6731	теретана	gym	[tɛɾɛˈtana]
6732	возбудлив	exciting, thrilling, breathtaking	[ˈvɔzbudlif]
6733	честички	particle	[ˈt͡ʃɛstit͡ʃki]
6734	губиток	loss	[ˈɡubitɔk]
6735	помоќен	mighty, powerful	[ˈpɔmɔcɛn]
6736	ставивте	to put, place	[ˈstaviftɛ]
6737	израснат	to grow up	[ˈizrasnat]
6738	откажан	to cancel	[ˈɔtkaʒan]
6739	несигурен	unsure, uncertain	[nɛˈsiɡuɾɛn]
6740	стига	to arrive	[ˈstiɡa]
6741	улови	to catch, capture	[ˈuɫɔvi]
6742	верверица	squirrel	[vɛrˈvɛɾit͡sa]
6743	инјекција	injection	[inˈjɛkt͡si(j)a]
6744	буба	bug, beetle	[ˈbuba]
6745	кенгур	kangaroo	[ˈkɛŋɡur]
6746	бегав	to run away	[ˈbɛɡaf]
6747	извинувања	apology	[izviˈnuvaɲa]
6748	променет	to change	[ˈprɔmɛnɛt]
6749	избира	to choose, select	[ˈizbiɾa]
6750	задоволува	to satisfy, please, pleasure	[zadɔˈvɔɫuva]
6751	претпоставен	superior, boss	[prɛtˈpɔstavɛn]
6752	паскал	pascal	[ˈpaskaɫ]
6753	ведро	pail, bucket	[ˈvɛdrɔ]
6754	недостиг	scarcity, shortage, deficit	[ˈnɛdɔstik]
6755	печка	stove	[ˈpɛt͡ʃka]
6756	прободе	to stab, impale, penetrate	[ˈprɔbɔdɛ]
6757	пингвин	penguin	[ˈpiŋɡvin]
6758	прегратки	hug, embrace	[ˈprɛɡratki]
6759	флека	stain	[ˈflɛka]
6760	слабак	weakling	[ˈsɫabak]
6761	специјалитет	delicacy	[spɛt͡si(j)aliˈtɛt]
6762	цигла	brick	[ˈt͡siɡɫa]
6763	пропушта	to miss	[ˈprɔpuʃta]
6764	училница	classroom	[uˈt͡ʃiɫnit͡sa]
6765	хомосексуалец	homosexual	[xɔmɔsɛksuˈalɛt͡s]
6766	светилиште	sanctuary, shrine, holy place, holy temple	[svɛˈtiliʃtɛ]
6767	еднаков	equal	[ˈɛdnakɔf]
6768	благородник	aristocrat, noble, nobleman	[bɫaˈɡɔɾɔdnik]
6769	депресивно	depressingly	[dɛprɛˈsivnɔ]
6770	херојски	heroically	[ˈxɛɾɔjski]
6771	затоплување	to heat up	[zatɔpˈɫuvaɲɛ]
6772	поставување	to set up, put up	[pɔstaˈvuvaɲɛ]
6773	ковач	smith	[ˈkɔvat͡ʃ]
6774	обичаи	custom	[ɔˈbit͡ʃai]
6775	анестезија	anesthesia	[anɛsˈtɛzi(j)a]
6776	изложи	to exhibit, display, expose, subject	[ˈizɫɔʒi]
6777	бол	pain	[bɔɫ]
6778	крвни	blood	[ˈkr̩vni]
6779	кавијар	caviar	[ˈkavi(j)ar]
6780	сантиметар	centimeter/centimetre	[santiˈmɛtar]
6781	измислува	to make up, fabricate, invent	[izˈmisɫuva]
6782	адвокатка	female lawyer	[advɔˈkatka]
6783	амбициозен	ambitious	[ambit͡siˈɔzɛn]
6784	старост	old age	[ˈstaɾɔst]
6785	количество	quantity, number, amount	[kɔˈlit͡ʃɛstvɔ]
6786	бубалица	nerd, geek	[buˈbalit͡sa]
6787	лоза	vine	[ˈɫɔza]
6788	пресуди	to deliver a verdict	[ˈprɛsudi]
6789	формира	to form, shape	[fɔrˈmiɾa]
6790	раб	edge, curb, brink	[rap]
6791	бас	bass	[bas]
6792	непрекинато	uninterruptedly, continuously	[nɛprɛˈkinatɔ]
6793	џет	jet	[d͡ʒɛt]
6794	влог	deposit, investment	[vɫɔk]
6795	розов	pink	[ˈrɔzɔf]
6796	константно	constantly	[kɔnˈstantnɔ]
6797	ремен	belt	[ˈrɛmɛn]
6798	страшливец	coward, scaredy-cat	[ˈstraʃlivɛt͡s]
6799	корки	crust, scab	[ˈkɔrki]
6800	лекува	to heal, cure, treat	[ˈlɛkuva]
6801	пирамида	pyramid	[piɾaˈmida]
6802	шал	shawl, scarf	[ʃaɫ]
6803	столбови	post, pole, pillar, column	[ˈstɔɫbɔvi]
6804	ира	tanned sheepskin	[ˈiɾa]
6805	подготовки	preparation	[pɔdˈɡɔtɔfki]
6806	означи	to mark, designate	[ˈɔznat͡ʃi]
6807	мечето	unspecified definite singular of мече n	[ˈmɛt͡ʃɛtɔ]
6808	идиотка	female idiot	[idiˈɔtka]
6809	лен	flax	[lɛn]
6810	шорцеви	shorts	[ˈʃɔrt͡sɛvi]
6811	типичен	typical	[ˈtipit͡ʃɛn]
6812	сечеш	to cut	[ˈsɛt͡ʃɛʃ]
6813	изведува	to perform, act out	[izˈvɛduva]
6814	ќоше	corner	[ˈcɔʃɛ]
6815	свршеник	fiancé	[ˈsvr̩ʃɛnik]
6816	вработување	mk of се вработува	[vrabɔˈtuvaɲɛ]
6817	известува	to notify, inform	[izˈvɛstuva]
6818	хипотетички	hypothetically	[xipɔˈtɛtit͡ʃki]
6819	глумица	actress	[ˈɡɫumit͡sa]
6820	команден	command	[kɔˈmandɛn]
6821	допушти	to concede, acknowledge, admit	[ˈdɔpuʃti]
6822	шипка	dog rose	[ˈʃipka]
6823	ужина	snack	[ˈuʒina]
6824	симулација	simulation	[simuˈɫat͡si(j)a]
6825	школи	school	[ʃˈkɔli]
6826	создале	to create, produce	[ˈsɔzdalɛ]
6827	фрлач	thrower	[ˈfr̩ɫat͡ʃ]
6828	тврдо	firmly	[ˈtvr̩dɔ]
6829	двоумење	to have a dilemma, hesitate	[dvɔˈumɛɲɛ]
6830	детектор	detector	[dɛˈtɛktɔr]
6831	гуша	throat	[ˈɡuʃa]
6832	одмора	to rest	[ˈɔdmɔɾa]
6833	боровинки	blueberry	[bɔˈrɔviŋki]
6834	гризе	to bite	[ˈɡrizɛ]
6835	викавме	to shout, yell	[ˈvikavmɛ]
6836	безопасно	safely, unhazardously	[bɛˈzɔpasnɔ]
6837	коло	wheel	[ˈkɔɫɔ]
6838	батаљон	misspelling of баталјон	[bataˈʎɔn]
6839	матура	graduation, prom	[maˈtuɾa]
6840	дига	to lift, raise	[ˈdiɡa]
6841	стрико	uncle	[ˈstrikɔ]
6842	одоздола	from below	[ɔˈdɔzdɔɫa]
6843	бакар	copper	[ˈbakar]
6844	предели	region, area	[ˈprɛdɛli]
6845	спектакуларно	spectacularly	[spɛktakuˈɫarnɔ]
6846	седумнаесет	seventeen	[sɛdumˈnaɛsɛt]
6847	четри	nonstandard form of четири	[ˈt͡ʃɛtri]
6848	присилен	coercive, compulsory	[ˈprisilɛn]
6849	даб	oak	[dap]
6850	наликува	to resemble	[naˈlikuva]
6851	сочува	to preserve	[ˈsɔt͡ʃuva]
6852	цд	CD	[ˈt͡sɛdɛ]
6853	навлезе	to go, start discussing	[ˈnavlɛzɛ]
6854	оживее	to be revived, come back to life, revive	[ɔˈʒivɛɛ]
6855	обезбеден	to ensure, secure	[ɔˈbɛzbɛdɛn]
6856	пејачка	singer, songstress	[ˈpɛjat͡ʃka]
6857	поттик	incentive, motivation	[ˈpɔttik]
6858	биографија	biography	[bi(j)ɔˈɡrafi(j)a]
6859	корени	root	[ˈkɔɾɛni]
6860	случка	happening, occurrence, event	[ˈsɫut͡ʃka]
6861	автобуска	ellipsis of автобуска станица: bus station	[afˈtɔbuska]
6862	корпа	bin	[ˈkɔrpa]
6863	испита	to examine, inspect, investigate	[ˈispita]
6864	убивав	to kill	[ˈubivaf]
6865	лампа	lamp	[ˈɫampa]
6866	настапува	to perform, give a performance	[nasˈtapuva]
6867	бомбардирање	to bombard, bomb	[bɔmbarˈdiɾaɲɛ]
6868	заповеда	to command, order	[zaˈpɔvɛda]
6869	неофицијално	unofficially	[nɛɔfit͡siˈjaɫnɔ]
6870	нестрплив	impatient	[ˈnɛstr̩plif]
6871	познаник	acquaintance	[ˈpɔznanik]
6872	терминал	terminal	[tɛrmiˈnaɫ]
6873	породи	to cause; to lead to	/pɔˈrɔdi/
6874	сона	count plural of сон m	[ˈsɔna]
6875	двобој	duel	[ˈdvɔbɔj]
6876	романи	novel	[ˈrɔmani]
6877	напаѓач	attacker, assailant	[ˈnapaɟat͡ʃ]
6878	кашкавал	cheese, yellow cheese	[ˈkaʃkavaɫ]
6879	прикажува	to depict, portray	[priˈkaʒuva]
6880	клоца	kick	[ˈkɫɔt͡sa]
6881	конечен	final, ultimate	[ˈkɔnɛt͡ʃɛn]
6882	морници	shivers, chills	[ˈmɔrnit͡si]
6883	спротивен	opposite, contrary	[ˈsprɔtivɛn]
6884	противници	opponent	[prɔˈtivnit͡si]
6885	легнат	to lie down	[ˈlɛɡnat]
6886	самрак	twilight, dusk	[ˈsamrak]
6887	гледавте	to see	[ˈɡlɛdaftɛ]
6888	службен	official	[ˈsɫuʒbɛn]
6889	шампон	shampoo	[ˈʃampɔn]
6890	додели	to grant, award	[ˈdɔdɛli]
6891	крупен	coarse-grained, large, big, voluminous	[ˈkrupɛn]
6892	кусур	change	[ˈkusur]
6893	подолг	long, lengthy	[ˈpɔdɔɫk]
6894	папагал	parrot	[papaˈɡaɫ]
6895	десен	right, right-hand, dextral	[ˈdɛsɛn]
6896	восок	wax	[ˈvɔsɔk]
6897	читала	to read	[ˈt͡ʃitaɫa]
6898	спроведува	to carry out, enforce, realize	[sprɔˈvɛduva]
6899	отпуштање	discharge, dismissal	[ɔtˈpuʃtaɲɛ]
6900	опколен	to surround, besiege	[ˈɔpkɔlɛn]
6901	филозоф	philosopher	[ˈfiɫɔzɔf]
6902	мокри	to make wet, soak, drench	[ˈmɔkri]
6903	инсект	insect	[ˈinsɛkt]
6904	мор	mass death caused by disease or starvation	[mɔr]
6905	архива	archive	[arˈxiva]
6906	дискови	disc	[ˈdiskɔvi]
6907	препрека	obstacle	[ˈprɛprɛka]
6908	стручњак	expert, specialist, professional	[ˈstrut͡ʃɲak]
6909	оздрави	to recover, become healthy	[ˈɔzdravi]
6910	физичар	physicist	[ˈfizit͡ʃar]
6911	незамисливо	inconceivably, unimaginably, unthinkably	[nɛzaˈmislivɔ]
6912	превземање	misspelling of презема	[prɛˈvzɛmaɲɛ]
6913	мајчин	maternal	[ˈmajt͡ʃin]
6914	назначен	to list	[ˈnaznat͡ʃɛn]
6915	влажни	to moisten	[ˈvɫaʒni]
6916	измие	to wash	[ˈizmi(j)ɛ]
6917	прашок	powder	[ˈpraʃɔk]
6918	ограничено	in a limited, restricted way	[ɔɡraˈnit͡ʃɛnɔ]
6919	префрлен	to transfer	[ˈprɛfr̩lɛn]
6920	шутира	to kick, shoot	[ʃuˈtiɾa]
6921	намена	purpose	[ˈnamɛna]
6922	понижи	to humiliate	[ˈpɔniʒi]
6923	овчар	shepherd	[ˈɔft͡ʃar]
6924	канцеларии	office	[kant͡sɛˈɫaɾii]
6925	горила	gorilla	[ɡɔˈriɫa]
6926	предвиди	to predict, foresee	[ˈprɛdvidi]
6927	егзекуција	execution	[ɛɡzɛˈkut͡si(j)a]
6928	дуел	duel	[ˈduɛɫ]
6929	престол	throne	[ˈprɛstɔɫ]
6930	селанец	peasant, farmer	[ˈsɛɫanɛt͡s]
6931	измислен	imaginary, fictitious	[ˈizmislɛn]
6932	припрема	to prepare	[ˈpriprɛma]
6933	ископа	to dig	[ˈiskɔpa]
6934	вуду	voodoo	[ˈvudu]
6935	точак	bike	[ˈtɔt͡ʃak]
6936	бос	barefoot, unshod	[bɔs]
6937	вооружување	arming, armament	[vɔɔɾuˈʒuvaɲɛ]
6938	искусен	experienced	[ˈiskusɛn]
6939	опуштен	to relax	[ˈɔpuʃtɛn]
6940	докрајчи	to finish off	[ˈdɔkrajt͡ʃi]
6941	плазма	plasma	[ˈpɫazma]
6942	самец	single man	[ˈsamɛt͡s]
6943	олимписки	Olympic, Olympian	[ɔˈlimpiski]
6944	управа	management, administration	[ˈuprava]
6945	особина	feature, characteristic, trait	[ɔˈsɔbina]
6946	здодевен	boring, tedious	[ˈzdɔdɛvɛn]
6947	гушкање	double chin, layer of skin under the chin	[ˈɡuʃkaɲɛ]
6948	помири	to reconcile, conciliate	[ˈpɔmiɾi]
6949	зелка	cabbage	[ˈzɛɫka]
6950	реакции	reaction	[rɛˈakt͡sii]
6951	удрен	to hit, strike, punch	[ˈudrɛn]
6952	заобиколи	to circumvent, go around, take a detour around	[zaɔˈbikɔli]
6953	безнадежен	hopeless	[bɛzˈnadɛʒɛn]
6954	снимен	to record	[ˈsnimɛn]
6955	пишувај	to write	[ˈpiʃuvaj]
6956	надуван	high	[ˈnaduvan]
6957	поток	brook	[ˈpɔtɔk]
6958	миење	to wash	[ˈmi(j)ɛɲɛ]
6959	чизбургер	cheeseburger	[ˈt͡ʃizburɡɛr]
6960	елегантен	elegant, graceful	[ɛlɛˈɡantɛn]
6961	гази	to step on, walk over	[ˈɡazi]
6962	зборевме	to speak	[ˈzbɔɾɛvmɛ]
6963	идни	future	[ˈidni]
6964	истраги	inquiry, investigation	[ˈistraɡi]
6965	елиминира	to eliminate	[ɛlimiˈniɾa]
6966	среќава	to meet, encounter, come across	[ˈsrɛcava]
6967	портал	portal	[ˈpɔrtaɫ]
6968	бричење	to shave	[ˈbrit͡ʃɛɲɛ]
6969	шиење	to sew	[ˈʃi(j)ɛɲɛ]
6970	удобен	comfortable	[ˈudɔbɛn]
6971	нана	to sleep	[ˈnana]
6972	именик	directory	[ˈimɛnik]
6973	шеснаесет	sixteen	[ʃɛsˈnaɛsɛt]
6974	дрвен	wooden	[ˈdr̩vɛn]
6975	специфично	specifically, peculiarly	[spɛˈt͡sifit͡ʃnɔ]
6976	лилјаци	bat	[ˈliʎat͡si]
6977	жетва	harvest	[ˈʒɛtva]
6978	баци	to kiss	[ˈbat͡si]
6979	издигне	to raise, elevate	[ˈizdiɡnɛ]
6980	мочај	to pee, urinate	[ˈmɔt͡ʃaj]
6981	сељак	boor, lout, thug, brute	[ˈsɛʎak]
6982	особини	feature, characteristic, trait	[ɔˈsɔbini]
6983	потполност	totality, entirety	[ˈpɔtpɔɫnɔst]
6984	поважен	important	[ˈpɔvaʒɛn]
6985	цртање	drawing	[ˈt͡sr̩taɲɛ]
6986	учтивост	courtesy	[ˈut͡ʃtivɔst]
6987	нуклеарка	nuclear power plant	[nuklɛˈarka]
6988	аванс	advance payment	[aˈvans]
6989	растење	to grow	[ˈrastɛɲɛ]
6990	капела	chapel	[kaˈpɛɫa]
6991	немири	disquiet, agitation, unrest	[ˈnɛmiɾi]
6992	бука	beech	[ˈbuka]
6993	лектор	reviser, proofreader	[ˈlɛktɔr]
6994	дигнат	stuck-up, smug	[ˈdiɡnat]
6995	прашуваа	to ask	[praˈʃuvaa]
6996	капучино	cappuccino	[kapuˈt͡ʃinɔ]
6997	султан	sultan	[ˈsuɫtan]
6998	тапани	drum	[ˈtapani]
6999	тен	tan	[tɛn]
7000	календар	calendar	[ˈkalɛndar]
7001	испука	to crack, get chapped	[ˈispuka]
7002	постепено	gradually	[pɔˈstɛpɛnɔ]
7003	дотаму	up to there	[ˈdɔtamu]
7004	украси	to decorate, adorn, beautify, embellish, ornament, bedeck	[ˈukrasi]
7005	кугла	ball	[ˈkuɡɫa]
7006	железен	of iron, ferrous	[ˈʒɛlɛzɛn]
7007	ласерски	with a laser	[ˈɫasɛrski]
7008	свртување	to turn	[svr̩ˈtuvaɲɛ]
7009	човештво	humanity	[ˈt͡ʃɔvɛʃtvɔ]
7010	наиде	to come across, chance upon	[ˈnaidɛ]
7011	отварање	nonstandard form of отвора	[ɔˈtvaɾaɲɛ]
7012	порше	Porsche	[pɔrˈʃɛ]
7013	баталјон	battalion	[bataˈʎɔn]
7014	изгорен	to burn	[ˈizɡɔɾɛn]
7015	јадно	miserably, poorly, pitifully	[ˈjadnɔ]
7016	дна	bottom	[dna]
7017	постигнат	to attain, accomplish, achieve	[ˈpɔstiɡnat]
7018	јагода	strawberry	[ˈjaɡɔda]
7019	дол	dale	[dɔɫ]
7020	снаа	daughter-in-law	[ˈsnaa]
7021	трактор	tractor	[ˈtraktɔr]
7022	новинарство	journalism	[nɔˈvinarstvɔ]
7023	работодавец	employer	[rabɔˈtɔdavɛt͡s]
7024	сено	hay	[ˈsɛnɔ]
7025	супермаркет	supermarket	[supɛrˈmarkɛt]
7026	римјанин	Roman	[ˈrimjanin]
7027	органски	organic	[ˈɔrɡanski]
7028	криенка	hide and seek	[ˈkri(j)ɛŋka]
7029	разузнавачки	reconnaissance	[razuˈznavat͡ʃki]
7030	бордел	brothel, whorehouse	[ˈbɔrdɛɫ]
7031	непослушност	disobedience	[nɛˈpɔsɫuʃnɔst]
7032	известен	to notify, inform	[ˈizvɛstɛn]
7033	беспомошно	helplessly	[bɛsˈpɔmɔʃnɔ]
7034	создадоа	to create, produce	[sɔˈzdadɔa]
7035	симнат	to take down, bring down	[ˈsimnat]
7036	попречи	to obstruct, block, impede	[ˈpɔprɛt͡ʃi]
7037	пореметен	to disrupt, disturb, interfere	[pɔˈrɛmɛtɛn]
7038	фигаро	curling iron	[ˈfiɡaɾɔ]
7039	лава	lava	[ˈɫava]
7040	спаѓа	to fall in the category of	[ˈspaɟa]
7041	верверичка	squirrel	[vɛrˈvɛɾit͡ʃka]
7042	презир	scorn, contempt, disdain	[ˈprɛzir]
7043	вазна	vase	[ˈvazna]
7044	збунува	to confuse, perplex	[ˈzbunuva]
7045	шампионат	championship	[ʃampi(j)ɔˈnat]
7046	најпрвин	first, firstly, to start with	[ˈnajpr̩vin]
7047	трениран	to train, coach	[trɛˈniɾan]
7048	одвои	to separate, set aside	[ˈɔdvɔi]
7049	приказ	representation, depiction	[ˈprikas]
7050	паразит	parasite	[paɾaˈzit]
7051	јогурт	yoghurt	[ˈjɔɡurt]
7052	смрдле	fetid person	[ˈsmr̩dlɛ]
7053	прилики	opportunity, chance	[ˈpriliki]
7054	плакар	closet	[ˈpɫakar]
7055	забрза	to speed up, accelerate	[ˈzabr̩za]
7056	нанесе	to inflict	[ˈnanɛsɛ]
7057	рикверц	reverse	[ˈrikvɛrt͡s]
7058	волшебен	magical, magic, miraculous	[ˈvɔɫʃɛbɛn]
7059	неправда	injustice	[ˈnɛpravda]
7060	кокс	coke	[kɔks]
7061	симпатично	likably, prepossessingly	[simˈpatit͡ʃnɔ]
7062	создадовме	to create, produce	[sɔˈzdadɔvmɛ]
7063	бунар	well	[ˈbunar]
7064	величина	greatness, importance	[vɛˈlit͡ʃina]
7065	бурма	wedding ring	[ˈburma]
7066	трема	stage fright	[ˈtrɛma]
7067	онај	nonstandard form of оној	[ˈɔnaj]
7068	незгоден	inconvenient, cumbersome	[ˈnɛzɡɔdɛn]
7069	создател	creator	[ˈsɔzdatɛɫ]
7070	прелив	dressing, sauce	[ˈprɛlif]
7071	лешници	hazelnut	[ˈlɛʃnit͡si]
7072	крт	mole	[kr̩t]
7073	дојава	alert, notification	[ˈdɔjava]
7074	имајќи	to have	[iˈmajci]
7075	користен	to use	[ˈkɔɾistɛn]
7076	комичар	comedian	[ˈkɔmit͡ʃar]
7077	разгледување	to take a look at, analyze	[razɡlɛˈduvaɲɛ]
7078	црева	hose	[ˈt͡srɛva]
7079	скокотка	to tickle	[ˈskɔkɔtka]
7080	смртно	mortally	[ˈsmr̩tnɔ]
7081	утрински	morning	[ˈutrinski]
7082	обложи	to cover, coat	[ˈɔbɫɔʒi]
7083	одобрен	to approve, condone	[ˈɔdɔbrɛn]
7084	приморан	to compel, coerce	[ˈprimɔɾan]
7085	кланица	slaughterhouse	[ˈkɫanit͡sa]
7086	тутун	tobacco	[ˈtutun]
7087	развие	to develop	[ˈrazvi(j)ɛ]
7088	животов	proximal definite singular of живот m	[ˈʒivɔtɔf]
7089	морален	moral	[ˈmɔɾalɛn]
7090	бедно	pitifully, pathetically	[ˈbɛdnɔ]
7091	темперамент	temperament	[tɛmpɛɾaˈmɛnt]
7092	кози	indefinite plural	[ˈkɔzi]
7093	куки	plural of кука f	[ˈkuki]
7094	магаренце	donkey	[maˈɡaɾɛnt͡sɛ]
7095	нужда	necessity	[ˈnuʒda]
7096	мантил	coat	[ˈmantiɫ]
7097	состојка	ingredient	[ˈsɔstɔjka]
7098	привилегии	privilege	[priviˈlɛɡii]
7099	истепа	to beat, batter	[ˈistɛpa]
7100	убивајќи	to kill	[ubiˈvajci]
7101	утврди	to establish, ascertain	[ˈutvr̩di]
7102	мизерно	miserably, pitifully	[ˈmizɛrnɔ]
7103	подземен	underground, subterranean	[ˈpɔdzɛmɛn]
7104	награден	prize, award, reward	[ˈnaɡradɛn]
7105	мангуп	rascal, rogue, vagabond	[ˈmaŋɡup]
7106	урина	urine	[ˈuɾina]
7107	тостер	toaster	[ˈtɔstɛr]
7108	одбројување	countdown	[ɔdbrɔˈjuvaɲɛ]
7109	количини	quantity	[kɔˈlit͡ʃini]
7110	дебил	moron, imbecile, idiot	[dɛˈbiɫ]
7111	ограничена	limited, restricted	[ɔɡraˈnit͡ʃɛna]
7112	пофалба	praise, commendation	[ˈpɔfaɫba]
7113	поделба	division, partition, classification	[ˈpɔdɛɫba]
7114	книжарница	bookshop	[kniˈʒarnit͡sa]
7115	каиш	belt	[ˈkaiʃ]
7116	простува	to excuse, forgive, pardon	[ˈprɔstuva]
7117	нечистотија	impurity, filth	[nɛt͡ʃisˈtɔti(j)a]
7118	одрази	to reflect	[ˈɔdrazi]
7119	мексиканец	Mexican	[mɛksiˈkanɛt͡s]
7120	спроведување	to carry out, enforce, realize	[sprɔvɛˈduvaɲɛ]
7121	бисер	pearl	[ˈbisɛr]
7122	рецепти	recipe	[ˈrɛt͡sɛpti]
7123	одредува	to determine	[ɔdˈrɛduva]
7124	мокар	wet, damp	[ˈmɔkar]
7125	откровение	revelation, discovery, epiphany	[ɔtkrɔˈvɛni(j)ɛ]
7126	караоке	karaoke	[kaɾaˈɔkɛ]
7127	ласица	weasel	[ˈɫasit͡sa]
7128	појавување	to appear, show up	[pɔjaˈvuvaɲɛ]
7129	крш	mess, shambles, wreck	[kr̩ʃ]
7130	бетон	concrete	[ˈbɛtɔn]
7131	појаси	belt, girdle	[ˈpɔjasi]
7132	базира	to base	[baˈziɾa]
7133	шкаф	closet	[ʃkaf]
7134	преболи	to get over	[ˈprɛbɔli]
7135	базиран	to base	[baˈziɾan]
7136	преостанува	to remain	[prɛɔˈstanuva]
7137	пакт	pact	[pakt]
7138	аптека	chemist; drugstore; pharmacy	[ˈaptɛka]
7139	советување	to advise	[sɔvɛˈtuvaɲɛ]
7140	надминува	to surpass, overcome	[nadˈminuva]
7141	славење	to celebrate	[ˈsɫavɛɲɛ]
7142	рибарски	fishing, fisherman	[ˈribarski]
7143	привремен	temporary	[ˈprivrɛmɛn]
7144	емитување	to broadcast, air	[ɛmiˈtuvaɲɛ]
7145	љубовно	amorously, romantically	[ˈʎubɔvnɔ]
7146	ставање	build, stature, figure	[ˈstavaɲɛ]
7147	поклопува	to put a lid on, conceal with a container	[pɔˈkɫɔpuva]
7148	рачуна	to calculate	[raˈt͡ʃuna]
7149	кобра	cobra	[ˈkɔbra]
7150	играјќи	to play	[iˈɡrajci]
7151	бесење	to hang	[ˈbɛsɛɲɛ]
7152	стапи	to set foot, step	[ˈstapi]
7153	провизија	commission	[prɔˈvizi(j)a]
7154	ставено	to put, place	[ˈstavɛnɔ]
7155	скокаме	to jump, spring, leap	[ˈskɔkamɛ]
7156	оштети	to damage, harm	[ˈɔʃtɛti]
7157	спасувачки	rescue	[spaˈsuvat͡ʃki]
7158	гладно	hungrily	[ˈɡɫadnɔ]
7159	анонимно	anonymously	[anɔˈnimnɔ]
7160	марионета	marionette, puppet	[maɾi(j)ɔˈnɛta]
7161	опсег	extent, range	[ˈɔpsɛk]
7162	премисли	to change someone's mind	[ˈprɛmisli]
7163	малтретира	to torture, mistreat	[maɫtrɛˈtiɾa]
7164	турка	to shove, push	[ˈturka]
7165	цркви	plural of црква f	[ˈt͡sr̩kvi]
7166	кади	to emit smoke	[ˈkadi]
7167	глина	clay	[ˈɡlina]
7168	лизгање	to slide	[ˈlizɡaɲɛ]
7169	миленик	pet	[ˈmilɛnik]
7170	свечено	solemnly, ceremonially	[ˈsvɛt͡ʃɛnɔ]
7171	пунч	punch	[punt͡ʃ]
7172	седми	seventh	[ˈsɛdmi]
7173	манекенки	indefinite plural of манеке́нка	[manɛˈkɛŋki]
7174	фрлен	to throw, toss	[ˈfr̩lɛn]
7175	распнат	to pitch	[ˈraspnat]
7176	оперира	to operate, do surgery	[ɔpɛˈriɾa]
7177	оценка	grade, mark	[ˈɔt͡sɛŋka]
7178	гласни	loud	[ˈɡɫasni]
7179	кацига	helmet	[ˈkat͡siɡa]
7180	еврејка	female Jew	[ˈɛvrɛjka]
7181	усти	mouth	[ˈusti]
7182	замислен	to imagine, think of	[ˈzamislɛn]
7183	ветерани	veteran	[vɛtɛˈrani]
7184	сиво	in grey	[ˈsivɔ]
7185	жештина	heat	[ˈʒɛʃtina]
7186	негира	to negate	[nɛˈɡiɾa]
7187	бљак	ew, yech, yuck	[bʎak]
7188	материи	matter	[maˈtɛɾii]
7189	духовно	spiritually, religiously	[ˈduxɔvnɔ]
7190	отспротива	opposite, facing	[ɔtˈsprɔtiva]
7191	брачен	marital, conjugal	[ˈbrat͡ʃɛn]
7192	спиеле	to sleep	[ˈspi(j)ɛlɛ]
7193	осетлив	sensitive	[ˈɔsɛtlif]
7194	порача	to order	[ˈpɔɾat͡ʃa]
7195	здружение	association, organization	[zdruˈʒɛni(j)ɛ]
7196	нечесно	dishonestly	[ˈnɛt͡ʃɛsnɔ]
7197	спроведе	to enforce, implement	[ˈsprɔvɛdɛ]
7198	запише	to write down, jot down	[ˈzapiʃɛ]
7199	ознаки	marking, mark	[ˈɔznaki]
7200	креативно	creatively	[krɛaˈtivnɔ]
7201	ракува	to handle, manipulate	[ˈrakuva]
7202	случаен	accidental, fortuitous, random	[ˈsɫut͡ʃaɛn]
7203	памти	to remember, recall	[ˈpamti]
7204	предности	advantage	[ˈprɛdnɔsti]
7205	освојување	to conquer, win	[ɔsvɔˈjuvaɲɛ]
7206	катастрофално	catastrophically	[katastrɔˈfaɫnɔ]
7207	соли	to salt	[ˈsɔli]
7208	однесувал	to carry, take	[ɔˈdnɛsuvaɫ]
7209	карам	to scold, reprimand	[ˈkaɾam]
7210	глумење	to act, pretend	[ˈɡɫumɛɲɛ]
7211	излечен	to cure	[ˈizlɛt͡ʃɛn]
7212	спојување	to connect, fuse, bind, merge	[spɔˈjuvaɲɛ]
7213	исклучиво	exclusively, solely	[isˈkɫut͡ʃivɔ]
7214	мравка	ant	[ˈmrafka]
7215	плачко	crybaby, sissy, wuss	[ˈpɫat͡ʃkɔ]
7216	трчате	to run	[ˈtr̩t͡ʃatɛ]
7217	потомство	progeny, descendants	[ˈpɔtɔmstvɔ]
7218	рамни	to flatten, leve	[ˈramni]
7219	пороци	vice	[ˈpɔɾɔt͡si]
7220	вообичаен	usual, customary	[vɔɔˈbit͡ʃaɛn]
7221	одговорно	responsibly	[ɔdˈɡɔvɔrnɔ]
7222	луто	angrily	[ˈɫutɔ]
7223	степ	tap dance	[stɛp]
7224	стадиум	stage, phase	[ˈstadi(j)um]
7225	копање	haystack	[ˈkɔpaɲɛ]
7226	гласи	to state, say, go	[ˈɡɫasi]
7227	бодови	point, score	[ˈbɔdɔvi]
7228	ароганција	arrogance	[aɾɔˈɡant͡si(j)a]
7229	попис	census	[ˈpɔpis]
7230	дронови	drone	[ˈdrɔnɔvi]
7231	младич	boy, young man	[ˈmɫadit͡ʃ]
7232	зајко	bunny	[ˈzajkɔ]
7233	умее	to be capable, know how to	[ˈumɛɛ]
7234	дрен	dogwood, cornel	[drɛn]
7235	напнатост	tension	[ˈnapnatɔst]
7236	алатка	tool	[ˈaɫatka]
7237	егзорцизам	exorcism	[ɛɡˈzɔrt͡sizam]
7238	стих	line	[stix]
7239	преземање	to take over	[prɛˈzɛmaɲɛ]
7240	триста	three hundred	[ˈtrista]
7241	јарец	billy goat, buck	[ˈjaɾɛt͡s]
7242	чопор	herd, pack	[ˈt͡ʃɔpɔr]
7243	бистар	clear	[ˈbistar]
7244	дозволен	to allow, permit	[ˈdɔzvɔlɛn]
7245	избегнат	to avoid, evade	[ˈizbɛɡnat]
7246	неизбежен	inevitable	[nɛˈizbɛʒɛn]
7247	мера	degree, extent	[ˈmɛɾa]
7248	немирен	turbulent, restless	[ˈnɛmiɾɛn]
7249	кока-кола	Coca-Cola	[ˈkɔka ˈkɔɫa]
7250	игравте	to play	[ˈiɡraftɛ]
7251	настава	lecture, lesson, teaching	[ˈnastava]
7252	податок	information, data	[ˈpɔdatɔk]
7253	отчукува	to strike	[ɔtˈt͡ʃukuva]
7254	зависен	dependent	[ˈzavisɛn]
7255	безобразен	impertinent, cheeky, shameless, audacious	[bɛˈzɔbrazɛn]
7256	викала	to shout, yell	[ˈvikaɫa]
7257	избегнува	to avoid, evade	[izˈbɛɡnuva]
7258	опоравување	to make someone right, make someone better	[ɔpɔɾaˈvuvaɲɛ]
7259	плоштад	square	[ˈpɫɔʃtat]
7260	меси	to knead	[ˈmɛsi]
7261	зависници	addict	[zaˈvisnit͡si]
7262	палци	thumb	[ˈpaɫt͡si]
7263	близнак	twin	[ˈbliznak]
7264	одолее	to resist	[ɔˈdɔlɛɛ]
7265	виолина	violin	[vi(j)ɔˈlina]
7266	полски	field	[ˈpɔɫski]
7267	товарен	freight, cargo, burden	[ˈtɔvaɾɛn]
7268	огнен	fiery, igneous	[ˈɔɡnɛn]
7269	сеа	now, alternative form of се́га	[ˈsɛa]
7270	гуши	to choke, asphyxiate, smother	[ˈɡuʃi]
7271	гостопримство	hospitality	[ɡɔsˈtɔprimstvɔ]
7272	резервирано	reserved, constrained	[rɛzɛrˈviɾanɔ]
7273	скинат	no longer a virgin, having had one's hymen torn	[ˈskinat]
7274	сметководство	accounting	[smɛtˈkɔvɔtstvɔ]
7275	еднорог	unicorn	[ˈɛdnɔɾɔk]
7276	меурчиња	bubble	[mɛˈurt͡ʃiɲa]
7277	пензионирање	to retire	[pɛnzi(j)ɔˈniɾaɲɛ]
7278	лиценца	licence	[liˈt͡sɛnt͡sa]
7279	делче	part	[ˈdɛɫt͡ʃɛ]
7280	подига	to lift, raise	[ˈpɔdiɡa]
7281	двеста	misspelling of двесте	[ˈdvɛsta]
7282	коњак	cognac	[ˈkɔɲak]
7283	готвачка	female cook	[ˈɡɔtvat͡ʃka]
7284	прифатен	to accept	[ˈprifatɛn]
7285	пантер	panther	[ˈpantɛr]
7286	продукт	product	[ˈprɔdukt]
7287	напон	voltage	[ˈnapɔn]
7288	визуелен	visual	[vizuˈɛlɛn]
7289	нанапред	forward	[ˈnanaprɛt]
7290	загубен	to lose	[ˈzaɡubɛn]
7291	древен	ancient	[ˈdrɛvɛn]
7292	влажен	damp, wet, dank, moist, humid	[ˈvɫaʒɛn]
7293	кауза	cause	[ˈkauza]
7294	живеалиште	dwelling, abode	[ʒivɛˈaliʃtɛ]
7295	астронаут	astronaut	[astrɔˈnaut]
7296	посада	garrison	[ˈpɔsada]
7297	пушите	to smoke	[ˈpuʃitɛ]
7298	сончање	to sunbathe	[ˈsɔnt͡ʃaɲɛ]
7299	банер	web banner, banner ad	[ˈbanɛr]
7300	магариња	donkey	[maˈɡaɾiɲa]
7301	спомне	to mention	[ˈspɔmnɛ]
7302	расипува	to spoil, mar, ruin	[raˈsipuva]
7303	гулаб	dove, pigeon	[ˈɡuɫap]
7304	сосетка	female neighbour	[ˈsɔsɛtka]
7305	науки	science	[ˈnauki]
7306	пул	piece, checker	/pʰul/
7307	мац	used to summon a cat	[mat͡s]
7308	рачна	ellipsis of рачна кочница	[ˈrat͡ʃna]
7309	лигаво	slimily, droolingly	[ˈliɡavɔ]
7310	достигнување	accomplishment, attainment	[dɔstiɡˈnuvaɲɛ]
7311	тап	blunt, dull	[tap]
7312	преминат	to pass, cross	[ˈprɛminat]
7313	плавуша	blonde	[ˈpɫavuʃa]
7314	директори	director	[diˈrɛktɔɾi]
7315	пропаганда	propaganda	[prɔpaˈɡanda]
7316	јени	yen	[ˈjɛni]
7317	мачор	a male cat, tomcat	[ˈmat͡ʃɔr]
7318	брода	count plural of брод m	[ˈbrɔda]
7319	цитат	quote, quotation	[t͡siˈtat]
7320	скитници	vagrant, wanderer, vagabond, roamer	[ˈskitnit͡si]
7321	упатство	directions, instructions, manual, guideline	[ˈupatstvɔ]
7322	набљудувач	observer	[naˈbʎuduvat͡ʃ]
7323	упорно	persistently, with perseverance	[ˈupɔrnɔ]
7324	петел	rooster, cock	[ˈpɛtɛɫ]
7325	ракови	crab	[ˈrakɔvi]
7326	навигација	navigation	[naviˈɡat͡si(j)a]
7327	деценија	decade	[dɛˈt͡sɛni(j)a]
7328	течен	liquid, fluid	[ˈtɛt͡ʃɛn]
7329	тоалети	indefinite plural of тоале́т	[tɔaˈlɛti]
7330	колбас	sausage	[ˈkɔɫbas]
7331	примери	example, instance	[ˈprimɛɾi]
7332	отруен	to poison	[ˈɔtruɛn]
7333	наведе	to list, enumerate, cite, quote	[ˈnavɛdɛ]
7334	прасиња	pig, piglet	[ˈprasiɲa]
7335	распаѓање	to fall apart, decompose, fall to pieces	[rasˈpaɟaɲɛ]
7336	многупати	many times, multiple times	[mnɔˈɡupati]
7337	екскурзија	excursion	[ɛksˈkurzi(j)a]
7338	расправии	argument, dispute	[rasˈpravii]
7339	агресивно	aggressively	[aɡrɛˈsivnɔ]
7340	шпиун	nonstandard form of шпион	[ˈʃpi(j)un]
7341	зглоб	joint	[zɡɫɔp]
7342	неодговорно	irresponsibly	[nɛɔdˈɡɔvɔrnɔ]
7343	осип	rash	[ˈɔsip]
7344	одлучен	to decide, resolve	[ˈɔdɫut͡ʃɛn]
7345	поговорка	proverb	[pɔˈɡɔvɔrka]
7346	штрумф	smurf	[ʃtruɱf]
7347	плунка	saliva	[ˈpɫuŋka]
7348	лигуш	overly sentimental person	[ˈliɡuʃ]
7349	невозможен	impossible	[nɛˈvɔzmɔʒɛn]
7350	статистика	statistics	[staˈtistika]
7351	искрвари	to bleed out	[isˈkr̩vaɾi]
7352	рипка	fish	[ˈripka]
7353	палец	thumb	[ˈpalɛt͡s]
7354	китови	whale	[ˈkitɔvi]
7355	белким	I guess, probably, possibly	[ˈbɛɫkim]
7356	наплати	to charge	[ˈnapɫati]
7357	пукале	to shoot, fire	[ˈpukalɛ]
7358	трака	strip, ribbon	[ˈtraka]
7359	маркет	market, shop	[ˈmarkɛt]
7360	погубување	to execute	[pɔɡuˈbuvaɲɛ]
7361	согласен	consenting, on board	[ˈsɔɡɫasɛn]
7362	трошка	crumb	[ˈtrɔʃka]
7363	близначки	twins	[ˈbliznat͡ʃki]
7364	куме	vocative singular of кум m	[ˈkumɛ]
7365	професорка	female professor	[prɔˈfɛsɔrka]
7366	осуденик	convict	[ɔˈsudɛnik]
7367	смрдливо	fetidly	[ˈsmr̩dlivɔ]
7368	сурфање	to surf	[ˈsurfaɲɛ]
7369	комунист	communist	[kɔmuˈnist]
7370	склекови	push-up	[ˈsklɛkɔvi]
7371	протеини	protein	[prɔtɛˈini]
7372	сплав	raft	[spɫaf]
7373	струи	to course, flow	[ˈstrui]
7374	хипи	hippie, hippy	[ˈxipi]
7375	свирев	to play	[ˈsviɾɛf]
7376	ползи	to creep, crawl	[ˈpɔɫzi]
7377	заповедник	commander	[zaˈpɔvɛdnik]
7378	утроба	gut, interior of an organism	[ˈutrɔba]
7379	хи	chi	[xi]
7380	дарови	gift, present	[ˈdaɾɔvi]
7381	темелно	thoroughly	[ˈtɛmɛɫnɔ]
7382	застанување	to stop	[zastaˈnuvaɲɛ]
7383	палам	to ignite, set alight	[ˈpaɫam]
7384	столици	chair	[ˈstɔlit͡si]
7385	маќеа	stepmother	[ˈmacɛa]
7386	повторување	repetition, revision	[pɔftɔˈruvaɲɛ]
7387	потфат	undertaking	[ˈpɔtfat]
7388	ерген	bachelor	[ˈɛrɡɛn]
7389	толерира	to tolerate	[tɔlɛˈriɾa]
7390	видеа	video	[ˈvidɛa]
7391	пушел	to smoke	[ˈpuʃɛɫ]
7392	бомбаш	bomber	[ˈbɔmbaʃ]
7393	војување	to wage war	[vɔˈjuvaɲɛ]
7394	љуби	to love	[ˈʎubi]
7395	умрен	to die	[ˈumrɛn]
7396	мрднат	nuts, bonkers	[ˈmr̩dnat]
7397	емотивно	emotionally, sensitively	[ɛmɔˈtivnɔ]
7398	отфрлен	to cast away, shun	[ˈɔtfr̩lɛn]
7399	дрогиран	to drug, intoxicate	[drɔˈɡiɾan]
7400	советски	Soviet	[ˈsɔvɛtski]
7401	ќеса	misspelling of кеса	[ˈcɛsa]
7402	говорев	to speak, talk	[ˈɡɔvɔɾɛf]
7403	евентуално	possibly	[ɛvɛntuˈaɫnɔ]
7404	бесконечно	endlessly, infinitely	[bɛsˈkɔnɛt͡ʃnɔ]
7405	масти	fat, lipid	[ˈmasti]
7406	плачете	to cry, weep	[ˈpɫat͡ʃɛtɛ]
7407	продолжување	to continue, proceed, resume	[prɔdɔɫˈʒuvaɲɛ]
7408	зрно	grain, seed	[ˈzr̩nɔ]
7409	загрозен	endangered, imperilled	[ˈzaɡrɔzɛn]
7410	противотров	antidote, antitoxin	[prɔtivˈɔtrɔf]
7411	посвои	to adopt	[ˈpɔsvɔi]
7412	рачка	handle, grip	[ˈrat͡ʃka]
7413	гимназија	gymnasium, high school	[ɡimˈnazi(j)a]
7414	градинар	gardener	[ˈɡradinar]
7415	тан	tahini	[tan]
7416	измислица	fabrication, fiction, something made up	[iˈzmislit͡sa]
7417	придружува	to accompany	[priˈdruʒuva]
7418	фамилијарен	familial	[familiˈjaɾɛn]
7419	раскомоти	to make someone feel comfortable, to unburden	[rasˈkɔmɔti]
7420	јаглерод	carbon	[ˈjaɡlɛɾɔt]
7421	стабилно	stably	[ˈstabiɫnɔ]
7422	утеши	to comfort, console	[ˈutɛʃi]
7423	нареден	next, upcoming, following, subsequent	[ˈnaɾɛdɛn]
7424	отсече	to cut off	[ˈɔtsɛt͡ʃɛ]
7425	богаташ	rich man	[bɔɡaˈtaʃ]
7426	консултант	consultant	[kɔnsuɫˈtant]
7427	милијардер	billionaire	[mili(j)arˈdɛr]
7428	рамена	shoulder	[ˈramɛna]
7429	реванш	revanche	[rɛˈvanʃ]
7430	монитор	monitor	[ˈmɔnitɔr]
7431	маратон	marathon	[ˈmaɾaˈtɔn]
7432	рика	to roar	[ˈrika]
7433	запознава	to meet	[zaˈpɔznava]
7434	рација	police raid	[ˈrat͡si(j)a]
7435	шеќерна	sugar	[ˈʃɛcɛrna]
7436	тетин	aunt's	[ˈtɛtin]
7437	протест	protest, riot	[ˈprɔtɛst]
7438	јапонска	Japanese	[ˈjapɔnska]
7439	ствар	thing	[stvar]
7440	грее	to heat, warm up	[ˈɡrɛɛ]
7441	застој	stoppage, jamming, slowdown	[ˈzastɔj]
7442	венчање	to marry	[ˈvɛnt͡ʃaɲɛ]
7443	пруга	stripe	[ˈpruɡa]
7444	ексклузивно	exclusively	[ɛkskɫuˈzivnɔ]
7445	стварност	reality	[ˈstvarnɔst]
7446	ракетен	rocket	[ˈrakɛtɛn]
7447	конзул	consul	[ˈkɔnzuɫ]
7448	врвови	top, peak, summit	[ˈvr̩vɔvi]
7449	стебло	stem, stalk, trunk	[ˈstɛbɫɔ]
7450	измоча	to pee onto a surface	[ˈizmɔt͡ʃa]
7451	давење	to choke, asphyxiate, strangle, throttle	[ˈdavɛɲɛ]
7452	таксист	taxi driver	[takˈsist]
7453	косач	mower	[ˈkɔsat͡ʃ]
7454	збунето	confusedly	[ˈzbunɛtɔ]
7455	бина	stage	[ˈbina]
7456	спортисти	athlete	[spɔrˈtisti]
7457	полуден	to go mad	[ˈpɔɫudɛn]
7458	задави	to strangle, choke	[ˈzadavi]
7459	танчер	nonstandard form of танчар	[ˈtant͡ʃɛr]
7460	царина	customs	[ˈt͡saɾina]
7461	избегнување	to avoid, evade	[izbɛɡˈnuvaɲɛ]
7462	конфликти	conflict	[ˈkɔɱflikti]
7463	градини	garden	[ˈɡradini]
7464	кражби	theft, thievery	[ˈkraʒbi]
7465	паркира	to park	[parˈkiɾa]
7466	сало	fat	[ˈsaɫɔ]
7467	визуелно	visually	[vizuˈɛɫnɔ]
7468	смокинг	tuxedo, dinner jacket	[ˈsmɔkiŋk]
7469	ураниум	uranium	[uˈrani(j)um]
7470	училишен	nonstandard form of училиштен	[uˈt͡ʃiliʃɛn]
7471	агресија	aggression	[aˈɡrɛsi(j)a]
7472	коцкар	gambler	[ˈkɔt͡skar]
7473	повнимателен	careful, cautious	[pɔvniˈmatɛlɛn]
7474	сестричке	vocative singular of сестричка f	[ˈsɛstrit͡ʃkɛ]
7475	очекување	to expect, await	[ɔt͡ʃɛˈkuvaɲɛ]
7476	безвреден	worthless, valueless	[ˈbɛzvrɛdɛn]
7477	студија	study, research	[ˈstudi(j)a]
7478	одаја	chamber, room	[ˈɔdaja]
7479	денари	denar	[ˈdɛnaɾi]
7480	препознава	to recognize	[prɛˈpɔznava]
7481	бајки	fairy tale	[ˈbajki]
7482	критично	critically	[ˈkritit͡ʃnɔ]
7483	злосторник	criminal, felon	[ˈzɫɔstɔrnik]
7484	транс	trance	[trans]
7485	мускул	muscle	[ˈmuskuɫ]
7486	хигиена	hygiene	[xiɡiˈɛna]
7487	дискретно	discreetly	[ˈdiskrɛtnɔ]
7488	дијалог	dialogue	[ˈdi(j)aɫɔk]
7489	поплава	flood	[ˈpɔpɫava]
7490	ефикасен	efficient	[ɛfiˈkasɛn]
7491	терминатор	terminator	[tɛrmiˈnatɔr]
7492	фудбалер	footballer; football player, soccer player	[fudbaˈlɛr]
7493	хитно	urgently	[ˈxitnɔ]
7494	достојно	worthily	[ˈdɔstɔjnɔ]
7495	затемнување	to darken	[zatɛmˈnuvaɲɛ]
7496	снабдување	to provide	[snabˈduvaɲɛ]
7497	едра	sail	[ˈɛdra]
7498	карање	military cart	[ˈkaɾaɲɛ]
7499	влечење	to pull, drag	[ˈvlɛt͡ʃɛɲɛ]
7500	колкови	hip	[ˈkɔɫkɔvi]
7501	причинува	to cause	[priˈt͡ʃinuva]
7502	премостување	to bridge, surmount, overcome	[prɛmɔsˈtuvaɲɛ]
7503	недостапен	inaccessible, unreachable	[nɛˈdɔstapɛn]
7504	сиромав	poor person	[ˈsiɾɔmaf]
7505	завист	envy	[ˈzavist]
7506	волна	wool	[ˈvɔɫna]
7507	бие	beat	[ˈbi(j)ɛ]
7508	завршување	to end, cease	[zavr̩ˈʃuvaɲɛ]
7509	кордон	cordon	[ˈkɔrdɔn]
7510	процедури	procedure	[prɔt͡sɛˈduɾi]
7511	несреќно	unhappily, miserably, misfortunately	[ˈnɛsrɛcnɔ]
7512	марамче	handkerchief	[ˈmaɾamt͡ʃɛ]
7513	прецизност	precision, exactitude	[ˈprɛt͡siznɔst]
7514	дилема	dilemma	[diˈlɛma]
7515	приведе	to bring into a police station, take into custody	[ˈprivɛdɛ]
7516	чоколади	chocolate	[t͡ʃɔkɔˈɫadi]
7517	трава	grass	[ˈtrava]
7518	величествено	majestically, magnificently, stupendously	[vɛliˈt͡ʃɛstvɛnɔ]
7519	монопол	monopoly	[ˈmɔnɔpɔɫ]
7520	случување	to happen, occur, take place	[sɫuˈt͡ʃuvaɲɛ]
7521	караат	to scold, reprimand	[ˈkaɾaat]
7522	човека	counted plural of човек	[ˈt͡ʃɔvɛka]
7523	тринаесет	thirteen	[triˈnaɛsɛt]
7524	манипулира	to manipulate	[manipuˈliɾa]
7525	потрчко	errand boy, submissive person who takes orders from everyone	[ˈpɔtr̩t͡ʃkɔ]
7526	излага	to exhibit, display, expose	[ˈizɫaɡa]
7527	колатерална	collateral	[kɔɫatɛˈraɫna]
7528	труе	to poison	[ˈtruɛ]
7529	подигнат	to lift up, pick up	[ˈpɔdiɡnat]
7530	ангелче	angel	[ˈaŋɡɛɫt͡ʃɛ]
7531	препреки	obstacle	[ˈprɛprɛki]
7532	озвучен	to equip with sound instruments	[ˈɔzvut͡ʃɛn]
7533	муслиман	Muslim	[ˈmusliman]
7534	греење	heating	[ˈɡrɛɛɲɛ]
7535	неважно	unimportantly, insignificantly	[ˈnɛvaʒnɔ]
7536	дискреција	discretion	[diˈskrɛt͡si(j)a]
7537	одаи	chamber, room	[ˈɔdai]
7538	кучево	proximal definite singular of куче n	[ˈkut͡ʃɛvɔ]
7539	лебди	to hover, levitate	[ˈlɛbdi]
7540	елек	waistcoat, vest	[ˈɛlɛk]
7541	таван	ceiling	[ˈtavan]
7542	какао	cocoa	[kaˈkaɔ]
7543	попови	priest	[ˈpɔpɔvi]
7544	воведе	to introduce	[ˈvɔvɛdɛ]
7545	пиленце	chick	[ˈpilɛnt͡sɛ]
7546	извалка	to dirty, sully, besmirch	[ˈizvaɫka]
7547	склон	inclined, prone	[skɫɔn]
7548	штикли	stiletto	[ˈʃtikli]
7549	фантастика	figment, invention, fantasy	[fanˈtastika]
7550	раскине	to tear up, tear apart	[rasˈkinɛ]
7551	обзема	to consume, overcome, overwhelm	[ˈɔbzɛma]
7552	соја	soya, soybean	[ˈsɔja]
7553	влезови	entrance, ingress	[ˈvlɛzɔvi]
7554	прикривање	to conceal, obscure, hide, occult	[priˈkrivaɲɛ]
7555	надомест	compensation	[ˈnadɔmɛst]
7556	додавање	to add	[dɔˈdavaɲɛ]
7557	капе	to bathe, give a bath	[ˈkapɛ]
7558	килограм	kilogram	[ˈkiɫɔɡram]
7559	бибер	pepper	[ˈbibɛr]
7560	опаѓа	to diminish, decrease	[ˈɔpaɟa]
7561	распуст	holiday	[ˈraspust]
7562	смачка	to squish, crush	[ˈsmat͡ʃka]
7563	антена	antenna	[anˈtɛna]
7564	сил	masterwort	[siɫ]
7565	параноја	paranoia	[paɾaˈnɔja]
7566	успорува	to slow down	[uˈspɔɾuva]
7567	заврне	to start raining	[ˈzavr̩nɛ]
7568	јазли	node, knot	[ˈjazli]
7569	свесно	consciously, knowingly	[ˈsvɛsnɔ]
7570	нагони	urge, drive	[ˈnaɡɔni]
7571	корпус	body, trunk	[ˈkɔrpus]
7572	сирак	orphan	[ˈsiɾak]
7573	памтење	memory	[ˈpamtɛɲɛ]
7574	караван	caravan, convoy	[kaɾaˈvan]
7575	вртоглавица	dizziness, giddiness, vertigo	[vr̩tɔˈɡɫavit͡sa]
7576	најави	to announce	[ˈnajavi]
7577	купишта	indefinite plural of купиште	[ˈkupiʃta]
7578	тоник	tonic water	[ˈtɔnik]
7579	израдува	to delight, gladden	[izˈraduva]
7580	потпишан	to sign	[ˈpɔtpiʃan]
7581	урне	to demolish, tear down	[ˈurnɛ]
7582	опоравува	to make someone right, make someone better	[ɔpɔˈravuva]
7583	продолжение	continuation	[prɔdɔɫˈʒɛni(j)ɛ]
7584	аквариум	aquarium	[aˈkvaɾi(j)um]
7585	држење	to hold, keep	[ˈdr̩ʒɛɲɛ]
7586	пст	psst	[psːt]
7587	делење	division	[ˈdɛlɛɲɛ]
7588	великодушен	magnanimous, generous	[vɛliˈkɔduʃɛn]
7589	предизвикан	to challenge	[prɛˈdizvikan]
7590	упатува	to direct	[uˈpatuva]
7591	набавка	acquisition	[ˈnabafka]
7592	индустриски	industrially	[inˈdustriski]
7593	деликатно	delicately	[dɛliˈkatnɔ]
7594	етика	ethics	[ˈɛtika]
7595	хрватска	Croatian	[ˈxr̩vatska]
7596	кошули	shirt	[ˈkɔʃuli]
7597	навлече	to pull onto, stretch onto, put on	[ˈnavlɛt͡ʃɛ]
7598	склучи	to enter into	[ˈskɫut͡ʃi]
7599	неслужбено	unofficially	[nɛˈsɫuʒbɛnɔ]
7600	менување	to change, alter	[mɛˈnuvaɲɛ]
7601	потврден	affirmative	[ˈpɔtvr̩dɛn]
7602	загрева	to heat, warm up	[ˈzaɡrɛva]
7603	дрес	jersey	[drɛs]
7604	електроника	electronics	[ɛlɛkˈtrɔnika]
7605	приближување	to bring closer	[pribliˈʒuvaɲɛ]
7606	сложува	to put together	[ˈsɫɔʒuva]
7607	заземе	to conquer, seize	[ˈzazɛmɛ]
7608	габа	fungus	[ˈɡaba]
7609	имитира	to imitate	[imiˈtiɾa]
7610	виножито	rainbow	[viˈnɔʒitɔ]
7611	печен	to bake	[ˈpɛt͡ʃɛn]
7612	чудесен	wonderful, miraculous, marvellous	[ˈt͡ʃudɛsɛn]
7613	свински	swine	[ˈsvinski]
7614	фи	phi	[fi]
7615	намами	to lure, entice	[ˈnamami]
7616	сценарија	indefinite plural	[st͡sɛˈnaɾi(j)a]
7617	предатор	predator	[prɛˈdatɔr]
7618	опкружување	to surround	[ɔpkruˈʒuvaɲɛ]
7619	ткаенина	textile, fabric, material	[tkaˈɛnina]
7620	човечност	humaneness	[ˈt͡ʃɔvɛt͡ʃnɔst]
7621	носител	carrier	[ˈnɔsitɛɫ]
7622	далечен	far, distant, remote, faraway	[ˈdalɛt͡ʃɛn]
7623	импресивен	impressive	[imprɛˈsivɛn]
7624	оптимист	optimist	[ɔptiˈmist]
7625	влета	to fly into	[ˈvlɛta]
7626	ананас	pineapple	[ˈananas]
7627	освојува	to conquer, win	[ɔˈsvɔjuva]
7628	дефинира	to define	[dɛfiˈniɾa]
7629	преморен	exhausted, fatigued	[ˈprɛmɔɾɛn]
7630	пресреќен	overjoyed	[ˈprɛsrɛcɛn]
7631	срамни	to flatten, equate	[ˈsramni]
7632	пердув	feather	[ˈpɛrduf]
7633	професорке	vocative singular of професорка f	[prɔˈfɛsɔrkɛ]
7634	почесен	honest	[ˈpɔt͡ʃɛsɛn]
7635	разлути	to anger	[ˈrazɫuti]
7636	нечисто	impurely, not cleanly	[ˈnɛt͡ʃistɔ]
7637	теле	calf	[ˈtɛlɛ]
7638	мачно	torturously, arduously, painstakingly	[ˈmat͡ʃnɔ]
7639	испрашува	to interrogate, question	[isˈpraʃuva]
7640	плутониум	plutonium	[pɫuˈtɔni(j)um]
7641	базени	swimming pool	[baˈzɛni]
7642	самит	summit	[ˈsamit]
7643	горе-долу	up and down	[ˈɡɔɾɛ ˈdɔɫu]
7644	поправки	reparation	[ˈpɔprafki]
7645	мафијаш	mobster, Mafioso	[mafiˈjaʃ]
7646	тиквица	courgette, zucchini	[ˈtikvit͡sa]
7647	хоризонт	horizon	[xɔɾiˈzɔnt]
7648	израсне	to grow up	[ˈizrasnɛ]
7649	бонбонче	diminutive of бонбо́на f	[bɔmˈbɔnt͡ʃɛ]
7650	параграф	paragraph, item	[ˈpaɾaɡraf]
7651	бариера	barrier	[baɾiˈɛɾa]
7652	фондација	foundation	[fɔnˈdat͡si(j)a]
7653	турски	Turkish	[ˈturski]
7654	сарказам	sarcasm	[sarˈkazam]
7655	естрада	stage, platform	[ɛˈstrada]
7656	фајл	file	[ˈfajɫ̩]
7657	затвара	nonstandard form of затвора	[ˈzatvaɾa]
7658	прска	to spray, sprout	[ˈpr̩ska]
7659	кабриолет	cabriolet, convertible	[kabri(j)ɔˈlɛt]
7660	издржливост	endurance, stamina, persistence, durability	[izˈdr̩ʒlivɔst]
7661	деверуша	bridesmaid	[dɛvɛˈruʃa]
7662	насмее	to make someone laugh	[ˈnasmɛɛ]
7663	трн	thorn	[tr̩n]
7664	корал	coral	[ˈkɔɾaɫ]
7665	културен	polite, well-behaved, courteous	[ˈkuɫtuɾɛn]
7666	ветете	to promise	[ˈvɛtɛtɛ]
7667	послаб	weak, effete, feeble, puny	[ˈpɔsɫap]
7668	овоа	nonstandard form of ова	[ˈɔvɔa]
7669	владин	governmental	[ˈvɫadin]
7670	своеволно	in a self-willed way	[svɔˈɛvɔɫnɔ]
7671	папи	indefinite plural	[ˈpapi]
7672	просветли	to enlighten	[ˈprɔsvɛtli]
7673	ружа	rose	[ˈruʒa]
7674	самоуверен	self-confident	[samɔˈuvɛɾɛn]
7675	занает	trade	[ˈzanaɛt]
7676	трга	to set off, leave	[ˈtr̩ɡa]
7677	ниша	to rock, swing, cause to sway	[ˈniʃa]
7678	прифаќање	to accept	[priˈfacaɲɛ]
7679	египетски	Egyptian	[ɛˈɡipɛtski]
7680	претставување	to present, represent	[prɛtstaˈvuvaɲɛ]
7681	хобит	hobbit	[ˈxɔbit]
7682	кине	to rip, tear	[ˈkinɛ]
7683	рено	Renault	[rɛˈnɔ]
7684	забранува	to forbid, prohibit	[zaˈbranuva]
7685	електронска	indefinite feminine singular of електро́нски	[ɛlɛkˈtrɔnska]
7686	јато	flock	[ˈjatɔ]
7687	нагон	urge, drive	[ˈnaɡɔn]
7688	потресен	shocking, disturbing, traumatic	[ˈpɔtrɛsɛn]
7689	леопард	leopard	[lɛɔˈpart]
7690	нло	UFO	[ˈnəɫəɔ]
7691	варијанта	variant, variety	[vaɾiˈjanta]
7692	потенцијално	potentially	[pɔtɛnt͡siˈjaɫnɔ]
7693	беда	misery	[ˈbɛda]
7694	верно	faithfully, loyally	[ˈvɛrnɔ]
7695	врабец	sparrow	[ˈvrabɛt͡s]
7696	мажоретки	indefinite plural of мажоре́тка	[maʒɔˈrɛtki]
7697	венчан	to marry	[ˈvɛnt͡ʃan]
7698	покажување	to show, point out, illustrate	[pɔkaˈʒuvaɲɛ]
7699	знамиња	flag, banner, standard	[ˈznamiɲa]
7700	активирање	to activate	[aktiˈviɾaɲɛ]
7701	наратор	narrator	[naˈratɔr]
7702	одгледува	to grow, raise, bring up, cultivate	[ɔdˈɡlɛduva]
7703	дневници	diary, journal	[ˈdnɛvnit͡si]
7704	скар	A declaration that a friendship or relationship has…	[skar]
7705	разведри	to clear up	[ˈrazvɛdri]
7706	отпрвин	at first	[ˈɔtpr̩vin]
7707	цица	to suck, suckle	[ˈt͡sit͡sa]
7708	забремени	to get pregnant	[zaˈbrɛmɛni]
7709	вперен	to point, aim, direct	[ˈfpɛɾɛn]
7710	ширина	width, breadth	[ˈʃiɾina]
7711	ака	to roam, wander	[ˈaka]
7712	самостојно	independently	[saˈmɔstɔjnɔ]
7713	броење	to count	[ˈbrɔɛɲɛ]
7714	пригода	opportunity	[ˈpriɡɔda]
7715	српски	Serbian	[ˈsr̩pski]
7716	испраќање	to send	[isˈpracaɲɛ]
7717	прачка	stick, cane, rod	[ˈprat͡ʃka]
7718	специфичен	specific, particular	[spɛˈt͡sifit͡ʃɛn]
7719	лажливо	mendaciously	[ˈɫaʒlivɔ]
7720	креација	creation	[krɛˈat͡si(j)a]
7721	засака	to take a fancy to, grow fond of, start liking	[ˈzasaka]
7722	начина	count plural of начин m	[ˈnat͡ʃina]
7723	спот	music video	[spɔt]
7724	сечеме	to cut	[ˈsɛt͡ʃɛmɛ]
7725	дофати	to reach	[ˈdɔfati]
7726	заден	back, posterior, last	[ˈzadɛn]
7727	романтика	romance	[rɔˈmantika]
7728	кондури	shoe	[ˈkɔnduɾi]
7729	завчера	the day before yesterday, ereyesterday	[ˈzaft͡ʃɛɾa]
7730	божествен	divine, godly	[ˈbɔʒɛstvɛn]
7731	ров	ditch, moat, trench, fosse	[rɔf]
7732	сличност	similarity, resemblance	[ˈslit͡ʃnɔst]
7733	бодеж	dagger	[ˈbɔdɛʃ]
7734	ласери	laser	[ˈɫasɛɾi]
7735	удобност	comfort, cosiness	[ˈudɔbnɔst]
7736	разбие	to shatter, break, dispel, smash	[ˈrazbi(j)ɛ]
7737	квадрант	quadrant	[kvaˈdrant]
7738	прикрие	to hush up, mask, hide	[ˈprikri(j)ɛ]
7739	облекување	to clothe, dress	[ɔblɛˈkuvaɲɛ]
7740	заоѓа	to set	[ˈzaɔɟa]
7741	реченици	sentence	[rɛˈt͡ʃɛnit͡si]
7742	исфрла	to throw out, throw away	[ˈisfr̩ɫa]
7743	ложа	box	[ˈɫɔʒa]
7744	лиже	to lick	[ˈliʒɛ]
7745	сирачиња	indefinite plural of сираче	[siˈrat͡ʃiɲa]
7746	дрскост	audacity, boldness, cheekiness	[ˈdr̩skɔst]
7747	криптонит	kryptonite	[kriptɔˈnit]
7748	комарци	mosquito	[ˈkɔmart͡si]
7749	тензија	tension	[ˈtɛnzi(j)a]
7750	скрил	alternative form of сокрие	[skriɫ]
7751	темели	to base, found	[ˈtɛmɛli]
7752	имитација	imitation	[imiˈtat͡si(j)a]
7753	запроси	to propose, ask to marry	[ˈzaprɔsi]
7754	куфери	suitcase	[ˈkufɛɾi]
7755	механички	mechanically	[mɛˈxanit͡ʃki]
7756	делфини	dolphin	[ˈdɛɫfini]
7757	колење	to slay, slaughter, massacre	[ˈkɔlɛɲɛ]
7758	телескоп	telescope	[ˈtɛlɛskɔp]
7759	концентриран	to concentrate	[kɔnt͡sɛnˈtriɾan]
7760	дискретен	discreet, subtle	[ˈdiskrɛtɛn]
7761	чујте	to hear	[ˈt͡ʃujtɛ]
7762	излекува	to heal, cure, treat	[izˈlɛkuva]
7763	поти	to cause to sweat	[ˈpɔti]
7764	компензација	compensation	[kɔmpɛnˈzat͡si(j)a]
7765	створи	to create	[ˈstvɔɾi]
7766	убавец	a pretty man	[ˈubavɛt͡s]
7767	нарачки	order	[ˈnaɾat͡ʃki]
7768	старешина	chief, head	[staˈrɛʃina]
7769	пастир	shepherd	[ˈpastir]
7770	настане	to arise, form, come into existence	[ˈnastanɛ]
7771	статистички	statistically	[staˈtistit͡ʃki]
7772	воскресна	to rise from the dead	[ˈvɔskrɛsna]
7773	вампирски	vampirically	[ˈvampirski]
7774	пребарува	to search through, look through	[prɛˈbaɾuva]
7775	обожува	to deify, worship	[ɔˈbɔʒuva]
7776	наставничка	teacher, lecturer	[nasˈtavnit͡ʃka]
7777	стјуард	steward	[ˈstjuart]
7778	национално	nationally	[nat͡si(j)ɔˈnaɫnɔ]
7779	водечки	leading, head	[ˈvɔdɛt͡ʃki]
7780	сентиментален	sentimental, corny	[sɛntimɛnˈtalɛn]
7781	објавува	to publish, post, make known	[ɔbˈjavuva]
7782	круга	count plural of круг m	[ˈkruɡa]
7783	отстранување	to remove, eliminate	[ɔtstraˈnuvaɲɛ]
7784	уметничка	female artist	[uˈmɛtnit͡ʃka]
7785	почине	to pass away, die	[ˈpɔt͡ʃinɛ]
7786	картел	cartel	[ˈkartɛɫ]
7787	натпреварувачи	competitor, contestant	[natprɛvaˈruvat͡ʃi]
7788	промашува	to miss	[prɔˈmaʃuva]
7789	принцези	princess	[prinˈt͡sɛza]
7790	хитови	indefinite plural	[ˈxitɔvi]
7791	гел	gel	[ɡɛɫ]
7792	спектакл	spectacle	[spɛkˈtakɫ̩]
7793	предок	ancestor, forefather	[ˈprɛdɔk]
7794	династија	dynasty	[diˈnasti(j)a]
7795	карактеристика	characteristic, feature	[kaɾaktɛˈristika]
7796	кафиња	plural of ка́фе	[ˈkafiɲa]
7797	изнесува	to take out, carry out	[izˈnɛsuva]
7798	патнички	passenger	[ˈpatnit͡ʃki]
7799	разгледница	postcard	[razˈɡlɛdnit͡sa]
7800	патење	to suffer	[ˈpatɛɲɛ]
7801	неправедно	unfairly, unjustly	[nɛˈpravɛdnɔ]
7802	мастики	mastic, resin	[ˈmastiki]
7803	персиски	Persian	[ˈpɛrsiski]
7804	модрици	bruise, contusion	[ˈmɔdrit͡si]
7805	лименка	can	[ˈlimɛŋka]
7806	пречек	welcome	[ˈprɛt͡ʃɛk]
7807	загрее	to warm up	[ˈzaɡrɛɛ]
7808	шаблон	template, pattern	[ˈʃabɫɔn]
7809	бисери	pearl	[ˈbisɛɾi]
7810	викнат	to cry, shout	[ˈviknat]
7811	бор	pine	[bɔr]
7812	математички	mathematically	[matɛˈmatit͡ʃki]
7813	лигав	slimy, mucous, gooey	[ˈliɡaf]
7814	стебла	stem, stalk, trunk	[ˈstɛbɫa]
7815	црнечки	black, of black race	[ˈt͡sr̩nɛt͡ʃki]
7816	шумски	forest	[ˈʃumski]
7817	одлепи	to unstick, unglue	[ˈɔdlɛpi]
7818	патент	patent	[paˈtɛnt]
7819	бестрашен	fearless, intrepid, impavid	[ˈbɛstraʃɛn]
7820	замав	swing, blow	[ˈzamaf]
7821	прејде	to transition	[ˈprɛjdɛ]
7822	којот	coyote	[ˈkɔjɔt]
7823	стрплив	patient	[ˈstr̩plif]
7824	цвета	to blossom, bloom	[ˈt͡svɛta]
7825	верници	believer	[ˈvɛrnit͡si]
7826	пункт	point, station	[puŋkt]
7827	притисне	to press	[ˈpritisnɛ]
7828	плачејќи	to cry, weep	[pɫaˈt͡ʃɛjci]
7829	колички	cart, wagon	[ˈkɔlit͡ʃki]
7830	предобро	extremely well	[ˈprɛdɔbrɔ]
7831	вентил	valve	[ˈvɛntiɫ]
7832	страшило	scarecrow	[ˈstraʃiɫɔ]
7833	кец	ace	[kɛt͡s]
7834	прислушкување	to eavesdrop	[prisɫuʃˈkuvaɲɛ]
7835	израмни	to flatten	[ˈizramni]
7836	прифатилиште	asylum, refugee center	[prifaˈtiliʃtɛ]
7837	завети	lee; shelter	[ˈzavɛti]
7838	пронаоѓање	to find, discover, invent	[prɔnaˈɔɟaɲɛ]
7839	црнчиште	Black, Negro	[ˈt͡sr̩nt͡ʃiʃtɛ]
7840	ѓаволи	devil	[ˈɟavɔli]
7841	автобуси	bus	[afˈtɔbusi]
7842	оброци	meal	[ˈɔbrɔt͡si]
7843	исечете	to cut	[iˈsɛt͡ʃɛtɛ]
7844	пробивање	to penetrate, pierce, permeate	[prɔˈbivaɲɛ]
7845	формалност	formality	[ˈfɔrmaɫnɔst]
7846	пик	spades	[pik]
7847	трол	troll	[trɔɫ]
7848	осудува	to sentence, convict, judge	[ɔˈsuduva]
7849	забуна	confusion	[ˈzabuna]
7850	запечати	to seal	[zaˈpɛt͡ʃati]
7851	белези	mark	[ˈbɛlɛzi]
7852	шајки	nail	[ˈʃajki]
7853	икона	icon	[ˈikɔna]
7854	хируршки	surgically	[ˈxiɾurʃki]
7855	кума	godmother	[ˈkuma]
7856	одбранбен	defensive	[ˈɔdbrambɛn]
7857	изгрева	to rise	[ˈizɡrɛva]
7858	мексиканска	indefinite feminine singular of мексика́нски	[mɛksiˈkanska]
7859	опремен	to equip	[ˈɔprɛmɛn]
7860	кумот	unspecified definite singular of кум m	[ˈkumɔt]
7861	задржан	to detain, hold back, keep longer than expected, not release	[ˈzadr̩ʒan]
7862	непосредно	directly	[nɛˈpɔsrɛdnɔ]
7863	претежно	predominantly, mainly, chiefly	[ˈprɛtɛʒnɔ]
7864	неразумно	unreasonably	[nɛˈrazumnɔ]
7865	соблекувална	changing room, dressing room, locker room	[sɔblɛkuˈvaɫna]
7866	дијамантски	diamond	[di(j)aˈmantski]
7867	маркер	marker	[ˈmarkɛr]
7868	збир	sum, total	[zbir]
7869	рамења	nonstandard form of рамена	[ˈramɛɲa]
7870	двојник	doppleganger, lookalike	[ˈdvɔjnik]
7871	поза	pose	[ˈpɔza]
7872	пета	heel	[ˈpɛta]
7873	ракување	to handle, manipulate	[raˈkuvaɲɛ]
7874	грч	spasm, cramp	[ɡr̩t͡ʃ]
7875	нервоза	annoyance, frustration, vexation	[nɛrˈvɔza]
7876	блесок	shine, sparkle	[ˈblɛsɔk]
7877	лампи	lamp	[ˈɫampi]
7878	пристојност	decency, propriety	[ˈpristɔjnɔst]
7879	мажиште	man	[ˈmaʒiʃtɛ]
7880	гратче	city, town	[ˈɡratt͡ʃɛ]
7881	искупување	atonement, expiation	[iskuˈpuvaɲɛ]
7882	ку	The name of the Latin script letter Q/q	/kʰu/
7883	зебра	zebra	[ˈzɛbra]
7884	плука	to spit	[ˈpɫuka]
7885	студира	to study	[stuˈdiɾa]
7886	првокласен	first-class, first-rate, high-class	[pr̩ˈvɔkɫasɛn]
7887	поштенски	postal	[ˈpɔʃtɛnski]
7888	блеска	to flash, shine, sparkle, twinkle	[ˈblɛska]
7889	резервна	spare	[ˈrɛzɛrvna]
7890	правилен	proper, correct	[ˈpravilɛn]
7891	исход	outcome, result	[ˈisxɔt]
7892	неодговорен	irresponsible	[nɛɔdˈɡɔvɔɾɛn]
7893	крокодил	crocodile	[krɔkɔˈdiɫ]
7894	пиеле	to drink	[ˈpi(j)ɛlɛ]
7895	фраери	hotshot, cool guy	[ˈfraɛɾi]
7896	копнеж	desire, longing, yearning	[ˈkɔpnɛʃ]
7897	мелодија	melody	[mɛˈɫɔdi(j)a]
7898	разгледува	to take a look at, analyze	[razˈɡlɛduva]
7899	кускуле	shorty	[ˈkuskulɛ]
7900	разјасни	to explain, clarify	[ˈrazjasni]
7901	наслика	to paint	[ˈnaslika]
7902	повлечен	withdrawn, reticent	[ˈpɔvlɛt͡ʃɛn]
7903	пиела	to drink	[ˈpi(j)ɛɫa]
7904	налутен	to anger	[ˈnaɫutɛn]
7905	бесмислици	nonsense, tommyrot	[bɛˈsmislit͡si]
7906	вена	vein	[ˈvɛna]
7907	битија	creature, being	[ˈbiti(j)a]
7908	дождови	rain, shower	[ˈdɔʒdɔvi]
7909	фаул	foul	[ˈfauɫ]
7910	донекаде	somewhat, to some extent	[dɔˈnɛkadɛ]
7911	замара	to annoy, nag, bother	[zaˈmaɾa]
7912	сипаници	measles, chickenpox	[siˈpanit͡si]
7913	напаст	nuisance, nagger	[ˈnapast]
7914	алка	bracelet	[ˈaɫka]
7915	неспособност	incompetence, inability	[nɛˈspɔsɔbnɔst]
7916	тупаници	fist	[tuˈpanit͡si]
7917	тргува	to trade	[ˈtr̩ɡuva]
7918	анархија	anarchy	[aˈnarxi(j)a]
7919	тушира	to shower	[tuˈʃiɾa]
7920	шупаци	anus, asshole	[ˈʃupat͡si]
7921	обвинување	to blame, accuse	[ɔbviˈnuvaɲɛ]
7922	уништувач	destructor, destroyer	[uˈniʃtuvat͡ʃ]
7923	детонатор	detonator	[dɛtɔˈnatɔr]
7924	новчаник	wallet	[nɔfˈt͡ʃanik]
7925	посед	property, estate	[ˈpɔsɛt]
7926	истура	to pour, spill	[ˈistuɾa]
7927	исцрпен	exhaustive	[ˈist͡sr̩pɛn]
7928	ѕвоно	bell	[ˈd͡zvɔnɔ]
7929	врнежи	precipitation	[ˈvr̩nɛʒi]
7930	фенер	lamp, lantern	[ˈfɛnɛr]
7931	сложувалка	jigsaw puzzle	[sɫɔˈʒuvaɫka]
7932	драгоцено	preciously	[draˈɡɔt͡sɛnɔ]
7933	маршира	to march	[marˈʃiɾa]
7934	непријатен	awkward, uncomfortable, embarrassing	[nɛˈpri(j)atɛn]
7935	скратен	to shorten, curtail, abridge, abbreviate	[ˈskratɛn]
7936	земјо	vocative singular of земја f	[ˈzɛmjɔ]
7937	богаташи	rich man	[bɔɡaˈtaʃi]
7938	маестро	maestro	[maˈɛstrɔ]
7939	сродство	kinship, affinity	[ˈsrɔtstvɔ]
7940	дечковци	adolescent boy, young man	[ˈdɛt͡ʃkɔft͡si]
7941	најглупавата	stupid, idiotic	[najɡɫuˈpavata]
7942	охо	used to admire abundance	[ɔˈxɔ]
7943	опаш	tail	[ˈɔpaʃ]
7944	обединување	to unify	[ɔbɛdiˈnuvaɲɛ]
7945	суреди	to destroy, defeat	[ˈsuɾɛdi]
7946	видливост	visibility	[ˈvidlivɔst]
7947	беси	to hang	[ˈbɛsi]
7948	соса	count plural of сос m	[ˈsɔsa]
7949	графити	graffiti	[ɡraˈfiti]
7950	восхит	admiration	[ˈvɔsxit]
7951	окупација	occupation	[ɔkuˈpat͡si(j)a]
7952	невооружен	unarmed	[nɛvɔˈɔɾuʒɛn]
7953	измачува	to harrow, bedevil, beset	[izˈmat͡ʃuva]
7954	лабораториски	laboratory	[ɫabɔɾaˈtɔɾiski]
7955	бракови	marriage, matrimony	[ˈbrakɔvi]
7956	раскинат	to tear up, tear apart	[ˈraskinat]
7957	организми	organism	[ɔrɡaˈnizmi]
7958	проток	strait	[ˈprɔtɔk]
7959	алигатор	alligator	[aliˈɡatɔr]
7960	четиринаесет	fourteen	[t͡ʃɛtiɾiˈnaɛsɛt]
7961	семинар	seminar	[sɛmiˈnar]
7962	понижен	to humiliate	[ˈpɔniʒɛn]
7963	војвода	military leader	[ˈvɔjvɔda]
7964	класично	classically	[ˈkɫasit͡ʃnɔ]
7965	елита	elite	[ɛˈlita]
7966	канти	bin, bucket	[ˈkanti]
7967	понтон	pontoon	[ˈpɔntɔn]
7968	града	breast, bosom	[ˈɡrada]
7969	испорача	to dispatch	[isˈpɔɾat͡ʃa]
7970	онесвестен	to render unconscious, knock out	[ɔˈnɛsvɛstɛn]
7971	грчеви	spasm, cramp	[ˈɡr̩t͡ʃɛvi]
7972	брадавица	nipple	[braˈdavit͡sa]
7973	шеј	thing	[ʃɛj]
7974	привлекување	to attract	[privlɛˈkuvaɲɛ]
7975	бард	bard	[bart]
7976	глупачка	a stupid woman	[ˈɡɫupat͡ʃka]
7977	фоки	seal	[ˈfɔki]
7978	шепоти	to whisper	[ˈʃɛpɔti]
7979	олеснува	to facilitate, make easy	[ɔˈlɛsnuva]
7980	постигнува	to reach, attain, accomplish	[pɔˈstiɡnuva]
7981	голо	nakedly, nudely	[ˈɡɔɫɔ]
7982	соочување	to cause to face, cause to confront	[sɔɔˈt͡ʃuvaɲɛ]
7983	претвара	nonstandard form of претвора	[ˈprɛtvaɾa]
7984	кубански	Cuban	[ˈkubanski]
7985	паразити	indefinite plural	[paɾaˈziti]
7986	забрзано	at an accelerated rate, faster than normal	[zaˈbr̩zanɔ]
7987	зборите	to speak	[ˈzbɔɾitɛ]
7988	густ	thick, dense, viscous	[ɡust]
7989	нето	net	[ˈnɛtɔ]
7990	бркал	to chase, run after	[ˈbr̩kaɫ]
7991	искри	to spark, emit sparks	[ˈiskri]
7992	прдеж	fart	[ˈpr̩dɛʃ]
7993	качулка	hood	[ˈkat͡ʃuɫka]
7994	њутн	newton	[ˈɲutn̩]
7995	помоча	to pee on	[ˈpɔmɔt͡ʃa]
7996	вознемирување	to distress, disturb, unsettle, upset	[vɔznɛmiˈruvaɲɛ]
7997	пекара	bakery	[pɛˈkaɾa]
7998	избришан	to erase, wipe	[ˈizbriʃan]
7999	допирање	to touch	[dɔˈpiɾaɲɛ]
8000	расположи	to brighten one's spirits, to cause to be in a good mood	[rasˈpɔɫɔʒi]
8001	хрчак	hamster	[ˈxr̩t͡ʃak]
8002	нокт	nail	[nɔkt]
8003	означен	to mark, designate	[ˈɔznat͡ʃɛn]
8004	склоност	predisposition	[ˈskɫɔnɔst]
8005	кога-тогаш	sooner or later, at some point	[ˈkɔɡa ˈtɔɡaʃ]
8006	партали	to tear to shreds	[ˈpartali]
8007	имун	immune	[ˈimun]
8008	остварување	to realize	[ɔstvaˈruvaɲɛ]
8009	смело	boldly, bravely, courageously, daringly, audaciously	[ˈsmɛɫɔ]
8010	пустински	desert	[ˈpustinski]
8011	благородници	aristocrat, noble, nobleman	[bɫaɡɔˈrɔdnit͡si]
8012	генијален	ingenious	[ɡɛniˈjalɛn]
8013	поаѓање	to set off, embark	[pɔˈaɟaɲɛ]
8014	отрови	poison, venom	[ˈɔtrɔvi]
8015	ултиматум	ultimatum	[uɫtiˈmatum]
8016	напишан	to write	[ˈnapiʃan]
8017	убиствен	murderous	[ˈubistvɛn]
8018	стандардно	standardly	[ˈstandardnɔ]
8019	фанатик	fanatic	[ˈfanatik]
8020	нафрли	to throw a certain amount of things	[ˈnafr̩li]
8021	чоколатце	chocolate	[t͡ʃɔkɔˈɫatt͡sɛ]
8022	етапа	stage, phase	[ɛˈtapa]
8023	демократски	democratically	[dɛˈmɔkratski]
8024	корисник	user	[ˈkɔɾisnik]
8025	непредвидлив	unpredictable	[nɛˈprɛdvidlif]
8026	изеден	to eat	[ˈizɛdɛn]
8027	срценце	heart	[ˈsr̩t͡sɛnt͡sɛ]
8028	почва	soil, ground	[ˈpɔt͡ʃva]
8029	грам	gram	[ɡram]
8030	манго	mango	[ˈmaŋɡɔ]
8031	вознемиреност	distress, alarm	[vɔznɛˈmiɾɛnɔst]
8032	французинка	French woman	[franˈt͡suziŋka]
8033	доделен	to grant, award	[ˈdɔdɛlɛn]
8034	спонтано	spontaneously	[ˈspɔntanɔ]
8035	заболи	to start aching	[ˈzabɔli]
8036	сукња	skirt	[ˈsukɲa]
8037	врзе	to tie	[ˈvr̩zɛ]
8038	реткост	rarity	[ˈrɛtkɔst]
8039	недопирлив	untouchable	[nɛˈdɔpirlif]
8040	морничав	creepy, eerie	[ˈmɔrnit͡ʃaf]
8041	тестенини	pasta	[tɛsˈtɛnini]
8042	активно	actively	[ˈaktivnɔ]
8043	скокот	tickle, ticklishness	[ˈskɔkɔt]
8044	слушалка	receiver	[ˈsɫuʃaɫka]
8045	убавици	a beautiful female, belle, beauty	[uˈbavit͡si]
8046	свирел	to play	[ˈsviɾɛɫ]
8047	вразуми	to talk some sense into, get someone to see reason	[ˈvrazumi]
8048	пушев	to smoke	[ˈpuʃɛf]
8049	водопад	waterfall	[ˈvɔdɔpat]
8050	розово	in pink	[ˈrɔzɔvɔ]
8051	петици	heel	[ˈpɛtit͡si]
8052	чистачка	cleaning lady	[ˈt͡ʃistat͡ʃka]
8053	порамнување	to even out	[pɔɾamˈnuvaɲɛ]
8054	квалитетно	displaying high quality, producing high quality	[kvaliˈtɛtnɔ]
8055	бистра	clear	[ˈbistra]
8056	брегови	bank, shore, coast	[ˈbrɛɡɔvi]
8057	клиентка	female client	[kliˈɛntka]
8058	пошто	because	[ˈpɔʃtɔ]
8059	труба	trumpet	[ˈtruba]
8060	чукање	rocky peak	[ˈt͡ʃukaɲɛ]
8061	листи	list	[ˈlisti]
8062	далечно	distantly, remotely, far	[ˈdalɛt͡ʃnɔ]
8063	пиратски	in the manner of pirate	[ˈpiɾatski]
8064	туѓинец	foreigner	[ˈtuɟinɛt͡s]
8065	информатор	informer, informant	[iɱfɔrˈmatɔr]
8066	загадување	pollution, contamination	[zaɡaˈduvaɲɛ]
8067	раскинување	to tear up, tear apart	[raskiˈnuvaɲɛ]
8068	коњаница	cavalry	[kɔˈɲanit͡sa]
8069	здравствено	with respect to healthcare, medically	[ˈzdrafstvɛnɔ]
8070	пуф	onomatopoeia for sudden appearance or disappеarance, poof	[puf]
8071	веј	to blow	[vɛj]
8072	скапува	to rot	[ˈskapuva]
8073	солзавец	tear gas	[ˈsɔɫzavɛt͡s]
8074	прочистување	to purify, cleanse	[prɔt͡ʃisˈtuvaɲɛ]
8075	помни	to remember	[ˈpɔmni]
8076	барака	shack, hut, barracks	[ˈbaɾaka]
8077	гледач	viewer	[ˈɡlɛdat͡ʃ]
8078	интернационален	international	[intɛrnat͡si(j)ɔˈnalɛn]
8079	избави	to deliver, free, save, get out	[ˈizbavi]
8080	ридови	hill	[ˈridɔvi]
8081	сламка	drinking straw	[ˈsɫamka]
8082	емоција	emotion	[ɛˈmɔt͡si(j)a]
8083	модул	module	[ˈmɔduɫ]
8084	поплаки	complaint	[ˈpɔpɫaki]
8085	ходници	corridor, hallway	[ˈxɔdnit͡si]
8086	бледо	faintly, palely	[ˈblɛdɔ]
8087	опседнатост	obsession	[ɔpˈsɛdnatɔst]
8088	одгледување	to grow, raise, bring up, cultivate	[ɔdɡlɛˈduvaɲɛ]
8089	боледување	sick leave, medical leave	[bɔlɛˈduvaɲɛ]
8090	извлекува	to pull out, extract	[izˈvlɛkuva]
8091	кари	curry	[ˈkaɾi]
8092	читале	to read	[ˈt͡ʃitalɛ]
8093	испланира	to plan	[ispɫaˈniɾa]
8094	пепси	Pepsi	[ˈpɛpsi]
8095	солена	salted	[ˈsɔlɛna]
8096	блефира	to bluff	[blɛˈfiɾa]
8097	ѓумбир	ginger	[ˈɟumbir]
8098	картица	card	[ˈkartit͡sa]
8099	иницијали	initials	[init͡siˈjali]
8100	милостив	merciful, gracious, kind	[ˈmiɫɔstif]
8101	кратер	crater	[ˈkratɛr]
8102	смел	brave, bold, courageous, daring, audacious	[smɛɫ]
8103	помнење	to remember	[ˈpɔmnɛɲɛ]
8104	сиропиталиште	orphanage	[siɾɔpiˈtaliʃtɛ]
8105	инфузија	intravenous therapy	[iɱˈfuzi(j)a]
8106	дере	to skin, flay	[ˈdɛɾɛ]
8107	исклучителен	exceptional	[iskɫuˈt͡ʃitɛlɛn]
8108	дневен	daily	[ˈdnɛvɛn]
8109	италијанска	Italian	[itaˈli(j)anska]
8110	железото	unspecified definite singular of железо n	[ʒɛˈlɛzɔtɔ]
8111	ѓубриво	fertilizer	[ˈɟubrivɔ]
8112	летни	summer, estival	[ˈlɛtni]
8113	продавачи	salesman, vendor	[prɔˈdavat͡ʃi]
8114	душек	mattress	[ˈduʃɛk]
8115	разбојник	outlaw, bandit, brigand, robber, desperado, footpad	[ˈrazbɔjnik]
8116	воспаление	inflammation	[vɔspaˈlɛni(j)ɛ]
8117	коа	when, alternative form of ко́га	[ˈkɔa]
8118	безусловно	unconditionally	[bɛˈzusɫɔvnɔ]
8119	уморно	tiredly, wearily	[ˈumɔrnɔ]
8120	пакетче	a packet of sweets prepared for distribution to carolers	[ˈpakɛtt͡ʃɛ]
8121	федер	spring	[ˈfɛdɛr]
8122	слама	straw	[ˈsɫama]
8123	трска	reed, cane	[ˈtr̩ska]
8124	гама	range, array, variety	/gama/
8125	носилка	stretcher, litter	[ˈnɔsiɫka]
8126	пениси	penis	[ˈpɛnisi]
8127	одрече	to revoke, repeal, unsay, deny	[ˈɔdrɛt͡ʃɛ]
8128	припадник	member	[ˈpripadnik]
8129	шокира	to shock	[ʃɔˈkiɾa]
8130	писатели	author, writer	[piˈsatɛli]
8131	багажник	trunk, boot	[ˈbaɡaʒnik]
8132	идентификуван	to identify	[idɛntiˈfikuvan]
8133	кодиран	to code, encode, encipher	[kɔˈdiɾan]
8134	камуфлажа	camouflage	[kamuˈfɫaʒa]
8135	постапува	to act, do, opt for a particular course of action	[pɔˈstapuva]
8136	готовност	readiness, eagerness, willingness	[ˈɡɔtɔvnɔst]
8137	лосион	lotion	[ɫɔsiˈɔn]
8138	торти	cake	[ˈtɔrti]
8139	виола	viola	[viˈɔɫa]
8140	трогнат	to touch, move	[ˈtrɔɡnat]
8141	ладнокрвен	cold-blooded, cruel	[ɫadˈnɔkr̩vɛn]
8142	толеранција	tolerance	[tɔlɛˈrant͡si(j)a]
8143	исполнување	to fill up	[ispɔɫˈnuvaɲɛ]
8144	студи	to be cold	[ˈstudi]
8145	единство	oneness	[ˈɛdinstvɔ]
8146	четата	unspecified definite singular of чета f	[ˈt͡ʃɛtata]
8147	полубрат	half brother	[ˈpɔɫubrat]
8148	коси	to mow	[ˈkɔsi]
8149	поплави	to flood, inundate, deluge	[ˈpɔpɫavi]
8150	составен	component	[ˈsɔstavɛn]
8151	отпадоци	piece of waste	[ɔtˈpadɔt͡si]
8152	вујна	uncle	[ˈvujna]
8153	креативен	creative	[krɛaˈtivɛn]
8154	ро	rho	[rɔ]
8155	повикување	to call, summon	[pɔviˈkuvaɲɛ]
8156	налепници	sticker	[naˈlɛpnit͡si]
8157	навивач	fan, cheerer	[ˈnavivat͡ʃ]
8158	пејач	singer	[ˈpɛjat͡ʃ]
8159	варди	to ward, watch over, take care of	[ˈvardi]
8160	комета	comet	[kɔˈmɛta]
8161	килер	pantry, cellar	[ˈkilɛr]
8162	заклучува	to conclude, infer, deduce	[zaˈkɫut͡ʃuva]
8163	сваќа	co-mother-in-law	[ˈsvaca]
8164	чаршафи	sheet, cloth, spread	[ˈt͡ʃarʃafi]
8165	рушење	demolition, collapse	[ˈruʃɛɲɛ]
8166	крзна	fur	[ˈkr̩zna]
8167	студентски	in the manner of a university student	[ˈstudɛntski]
8168	поразговара	to have a quick chat, converse briefly	[pɔɾazˈɡɔvaɾa]
8169	терет	burden, cargo	[ˈtɛɾɛt]
8170	насмевки	smile	[ˈnasmɛfki]
8171	манекенка	fashion model	[manɛˈkɛŋka]
8172	манипулација	manipulation	[manipuˈɫat͡si(j)a]
8173	издржува	to endure, tolerate, bear	[izˈdr̩ʒuva]
8174	машкост	manhood, manliness	[ˈmaʃkɔst]
8175	погодно	suitably, adequately	[ˈpɔɡɔdnɔ]
8176	сауна	sauna	[ˈsauna]
8177	џул	joule	[d͡ʒuɫ]
8178	запишан	enrolled, signed up	[ˈzapiʃan]
8179	загрижено	worriedly	[zaˈɡriʒɛnɔ]
8180	треси	to shake	[ˈtrɛsi]
8181	божествено	divinely	[bɔˈʒɛstvɛnɔ]
8182	отстранет	to remove, eliminate	[ˈɔtstranɛt]
8183	дни	day	[dni]
8184	гневен	angry, wrathful, irate, furious, enraged	[ˈɡnɛvɛn]
8185	талог	precipitate	[ˈtaɫɔk]
8186	клон	clone	[kɫɔn]
8187	ефикасност	effectiveness, efficiency	[ɛfiˈkasnɔst]
8188	шверцер	smuggler	[ˈʃvɛrt͡sɛr]
8189	обавезно	mandatorily, necessarily, without fail	[ɔbaˈvɛznɔ]
8190	ефективно	effectively	[ɛfɛkˈtivnɔ]
8191	кодош	snitch, informer	[ˈkɔdɔʃ]
8192	војнички	in a military, soldierly way	[ˈvɔjnit͡ʃki]
8193	шум	noise	[ʃum]
8194	сливи	indefinite plural	[ˈslivi]
8195	одобрува	to approve	[ɔˈdɔbruva]
8196	хартии	paper	[ˈxartii]
8197	амајлија	amulet, lucky charm	[aˈmajli(j)a]
8198	штитоносец	shieldbearer	[ʃtiˈtɔnɔsɛt͡s]
8199	пловење	to sail, navigate	[ˈpɫɔvɛɲɛ]
8200	потпира	to prop, lean	[ˈpɔtpiɾa]
8201	чувствително	sensitively	[t͡ʃufˈstvitɛɫnɔ]
8202	наруши	to violate, infringe, breach	[ˈnaɾuʃi]
8203	строј	array, formation, arrangement	[strɔj]
8204	гонење	to chase, persecute	[ˈɡɔnɛɲɛ]
8205	одработи	to work a certain amount of time to fulfil a requirement,…	[ɔdˈrabɔti]
8206	вис	height	[vis]
8207	градежништво	construction	[ɡraˈdɛʒniʃtvɔ]
8208	диктатор	dictator	[dikˈtatɔr]
8209	одземен	to subtract, take away	[ˈɔdzɛmɛn]
8210	мостови	bridge	[ˈmɔstɔvi]
8211	пеколен	hellish, infernal	[ˈpɛkɔlɛn]
8212	сурогат	surrogate	[suɾɔˈɡat]
8213	наем	rent, hire	[ˈnaɛm]
8214	ловечки	hunting, hunter; hunter's	[ˈɫɔvɛt͡ʃki]
8215	подрачја	region	[ˈpɔdrat͡ʃja]
8216	прашувајќи	to ask	[praʃuˈvajci]
8217	провинција	province	[prɔˈvint͡si(j)a]
8218	соопшти	to declare, convey, announce	[ˈsɔɔpʃti]
8219	именувам	to name	[iˈmɛnuvam]
8220	ружи	rose	[ˈruʒi]
8221	лажлив	deceitful, mendacious	[ˈɫaʒlif]
8222	зафркне	to trick, deceive, inconvenience	[ˈzafr̩knɛ]
8223	мота	to wind	[ˈmɔta]
8224	влакнест	hairy, hirsute	[ˈvɫaknɛst]
8225	патор	drake	[ˈpatɔr]
8226	цемент	cement	[ˈt͡sɛmɛnt]
8227	касап	butcher, slaughterer	[ˈkasap]
8228	заштитнички	protective, tutelary	[zaˈʃtitnit͡ʃki]
8229	грешник	sinner	[ˈɡrɛʃnik]
8230	макси	maxi	[ˈmaksi]
8231	генерален	general	[ɡɛnɛˈralɛn]
8232	возовите	unspecified definite plural of воз m	[vɔˈzɔvitɛ]
8233	монети	coin	[mɔˈnɛti]
8234	налепница	sticker	[naˈlɛpnit͡sa]
8235	бекство	misspelling of бегство	[ˈbɛkstvɔ]
8236	традиционално	traditionally	[tradit͡si(j)ɔˈnaɫnɔ]
8237	швајцарски	Swiss	[ˈʃvajt͡sarski]
8238	реконструкција	reconstruction	[rɛkɔnˈstrukt͡si(j)a]
8239	дрон	drone	[drɔn]
8240	поткажувач	informant, informer	[pɔtˈkaʒuvat͡ʃ]
8241	неранимајковци	scoundrel, rascal, rogue, miscreant	[nɛɾaniˈmajkɔft͡si]
8242	каубојски	in the manner of a cowboy	[kauˈbɔjski]
8243	смешка	joke	[ˈsmɛʃka]
8244	помрдне	to move	[ˈpɔmr̩dnɛ]
8245	митралез	machine gun	[mitraˈlɛs]
8246	побуна	rebellion, mutiny	[ˈpɔbuna]
8247	моди	fashion	[ˈmɔdi]
8248	советува	to advise	[sɔˈvɛtuva]
8249	пион	pawn	[ˈpi(j)ɔn]
8250	ограбува	to rob	[ɔˈɡrabuva]
8251	освежи	to freshen up, refresh	[ˈɔsvɛʒi]
8252	незнаење	ignorance	[nɛˈznaɛɲɛ]
8253	притоа	thereby, therewith	[ˈpritɔa]
8254	мечиња	cub	[ˈmɛt͡ʃiɲa]
8255	украс	decoration, ornament, ornamentation	[ˈukras]
8256	височини	height, altitude, elevation	[viˈsɔt͡ʃini]
8257	невидливо	invisibly	[nɛˈvidlivɔ]
8258	овластен	to authorize	[ˈɔvɫastɛn]
8259	азил	asylum	[ˈaziɫ]
8260	неуспешен	unsuccessful	[nɛˈuspɛʃɛn]
8261	козата	unspecified definite singular of коза f	[ˈkɔzata]
8262	однесен	to take, carry	[ˈɔdnɛsɛn]
8263	безболно	painlessly	[ˈbɛzbɔɫnɔ]
8264	цицка	boob, tit	[ˈt͡sit͡ska]
8265	милениум	millennium	[miˈlɛni(j)um]
8266	свирите	to play	[ˈsviɾitɛ]
8267	ѕвонење	to ring	[ˈd͡zvɔnɛɲɛ]
8268	уценува	to blackmail	[uˈt͡sɛnuva]
8269	традиционален	traditional	[tradit͡si(j)ɔˈnalɛn]
8270	свирче	whistle	[ˈsvirt͡ʃɛ]
8271	обврзан	obligated	[ˈɔbvr̩zan]
8272	екстракт	extract	[ɛksˈtrakt]
8273	учтиво	courteously	[ˈut͡ʃtivɔ]
8274	пушиме	to smoke	[ˈpuʃimɛ]
8275	крсти	to name	[ˈkr̩sti]
8276	стрелање	arrow	[ˈstrɛɫaɲɛ]
8277	века	century	[ˈvɛka]
8278	сунѓер	sponge	[ˈsuɲɟɛr]
8279	суспензија	suspension	[susˈpɛnzi(j)a]
8280	шприц	syringe	[ʃprit͡s]
8281	шверцери	smuggler	[ˈʃvɛrt͡sɛɾi]
8282	маѓепсан	to enchant, bewitch, charm, captivate	[ˈmaɟɛpsan]
8283	плочка	tile, plate	[ˈpɫɔt͡ʃka]
8284	отпорен	resistent	[ˈɔtpɔɾɛn]
8285	фрлаше	to throw, cast	[ˈfr̩ɫaʃɛ]
8286	пире	puree	[piˈrɛ]
8287	пробива	to penetrate, pierce, permeate	[ˈprɔbiva]
8288	возбудување	to excite, arouse	[vɔzbuˈduvaɲɛ]
8289	архитектура	architecture	[arxitɛkˈtuɾa]
8290	достоинствено	in a dignified way	[dɔstɔˈinstvɛnɔ]
8291	жалосно	sadly, mournfully	[ˈʒaɫɔsnɔ]
8292	неподнослив	unbearable, intolerable	[nɛˈpɔdnɔslif]
8293	пренесување	to transfer, transport	[prɛnɛˈsuvaɲɛ]
8294	етикета	tag, label	[ɛtiˈkɛta]
8295	механика	mechanics	[mɛˈxanika]
8296	правно	legally, juridically	[ˈpravnɔ]
8297	светци	saint	[ˈsvɛtt͡si]
8298	пресечен	to cut in half	[ˈprɛsɛt͡ʃɛn]
8299	напреден	advanced, developed	[ˈnaprɛdɛn]
8300	преварант	swindler, trickster, cheater, con man	[prɛvaˈrant]
8301	африкански	African	[aˈfrikanski]
8302	случајности	coincidence	[sɫuˈt͡ʃajnɔsti]
8303	здолниште	skirt	[ˈzdɔɫniʃtɛ]
8304	пуст	barren	[pust]
8305	провалија	abyss, chasm	[prɔˈvali(j)a]
8306	ил	clay	[iɫ]
8307	момченце	boy	[ˈmɔmt͡ʃɛnt͡sɛ]
8308	гледиште	viewpoint, aspect	[ˈɡlɛdiʃtɛ]
8309	психијатрија	psychiatry	[psixiˈjatri(j)a]
8310	кашлица	cough	[ˈkaʃlit͡sa]
8311	војува	to wage war	[ˈvɔjuva]
8312	клинци	nail	[ˈklint͡si]
8313	напладне	at noon	[ˈnapɫadnɛ]
8314	прилагоди	to adjust, adapt	[priˈɫaɡɔdi]
8315	компромитиран	to compromise, jeopardise	[kɔmprɔmiˈtiɾan]
8316	композитор	composer	[kɔmpɔˈzitɔr]
8317	скорпион	scorpion	[ˈskɔrpi(j)ɔn]
8318	прашала	feminine singular imperfect/aorist l-participle of праша	[ˈpraʃaɫa]
8319	опал	opal	[ˈɔpaɫ]
8320	приврзан	to attach, tie to something	[ˈprivr̩zan]
8321	силеџија	bully	[siˈlɛd͡ʒi(j)a]
8322	спречување	to prevent	[sprɛˈt͡ʃuvaɲɛ]
8323	ориентација	orientation	[ɔɾi(j)ɛnˈtat͡si(j)a]
8324	одбојка	volleyball	[ˈɔdbɔjka]
8325	испитува	to examine, scrutinize	[isˈpituva]
8326	ненамерно	unintentionally	[nɛˈnamɛrnɔ]
8327	прилози	adverb	[ˈpriɫɔzi]
8328	ужаси	horror, terror	/ʊˈʒasi/
8329	праски	peach	[ˈpraski]
8330	емотивен	emotional	[ɛmɔˈtivɛn]
8331	чедо	child	[ˈt͡ʃɛdɔ]
8332	книшка	booklet	[ˈkniʃka]
8333	текстови	text	[ˈtɛkstɔvi]
8334	гуски	goose	[ˈɡuski]
8335	кредибилитет	credibility	[krɛdibiliˈtɛt]
8336	оправда	to justify	[ˈɔpravda]
8337	матрица	matrix	[ˈmatrit͡sa]
8338	испити	exam	[ˈispiti]
8339	разделба	separation	[ˈrazdɛɫba]
8340	неправилно	improperly, irregularly	[nɛˈpraviɫnɔ]
8341	периоди	period	[pɛɾiˈɔdi]
8342	стандарден	standard	[ˈstandardɛn]
8343	етер	ether	[ˈɛtɛr]
8344	селотејп	adhesive tape	[sɛɫɔˈtɛjp]
8345	тесто	dough, paste, batter	[ˈtɛstɔ]
8346	кака	poop	[ˈkaka]
8347	милосрдие	mercy	[miɫɔˈsr̩di(j)ɛ]
8348	зандана	dungeon	[ˈzandana]
8349	каравме	to scold, reprimand	[ˈkaɾavmɛ]
8350	зеза	to joke with, tease, screw with	[ˈzɛza]
8351	растргнат	to tear asunder, to rip apart	[ˈrastr̩ɡnat]
8352	ѕвона	bell	[ˈd͡zvɔna]
8353	абортус	abortion	[aˈbɔrtus]
8354	цицај	to suck, suckle	[ˈt͡sit͡saj]
8355	непријатност	unpleasantness, inconvenience	[nɛˈpri(j)atnɔst]
8356	скелет	skeleton	[ˈskɛlɛt]
8357	таинствен	mysterious	[ˈtainstvɛn]
8358	победен	to win, vanquish	[ˈpɔbɛdɛn]
8359	таблета	tablet	[tabˈlɛta]
8360	трепери	to tremble, shake	[ˈtrɛpɛɾi]
8361	седумдесет	seventy	[sɛˈdumdɛsɛt]
8362	подиум	raised floor, podium, platform	[ˈpɔdi(j)um]
8363	банкнота	banknote	[baŋkˈnɔta]
8364	билка	herb	[ˈbiɫka]
8365	потврдно	affirmatively	[ˈpɔtvr̩dnɔ]
8366	непромислено	rashly, without thinking it through	[nɛprɔˈmislɛnɔ]
8367	стега	to squeeze, press	[ˈstɛɡa]
8368	астма	asthma	[ˈastma]
8369	излади	to cool	[ˈizɫadi]
8370	побогат	rich, wealthy	[ˈpɔbɔɡat]
8371	автомат	slot machine, automat	[aftɔˈmat]
8372	гладува	to starve	[ˈɡɫaduva]
8373	поколение	generation, age	[pɔkɔˈlɛni(j)ɛ]
8374	одблиску	close-up	[ˈɔdblisku]
8375	комшија	neighbour	[ˈkɔmʃi(j)a]
8376	интимно	intimately	[ˈintimnɔ]
8377	ќесе	bag	[ˈcɛsɛ]
8378	реликвија	relic	[rɛˈlikvi(j)a]
8379	заробеништво	captivity	[zaɾɔˈbɛniʃtvɔ]
8380	метеорски	meteor	[mɛtɛˈɔrski]
8381	датотека	file	[datɔˈtɛka]
8382	јазол	node, knot	[ˈjazɔɫ]
8383	телевизори	television set, television	[tɛlɛˈvizɔɾi]
8384	занимливо	interestingly	[zaˈnimlivɔ]
8385	контекст	context	[ˈkɔntɛkst]
8386	свирење	to play	[ˈsviɾɛɲɛ]
8387	аномалија	anomaly	[anɔˈmali(j)a]
8388	катастрофи	disaster, catastrophe	[katasˈtrɔfi]
8389	ограбувач	robber, burglar	[ɔˈɡrabuvat͡ʃ]
8390	трансакција	transaction	[tranˈsakt͡si(j)a]
8391	протера	to exile, banish	[ˈprɔtɛɾa]
8392	свадби	wedding	[ˈsvadbi]
8393	орхидеја	orchid	[ɔrxiˈdɛja]
8394	навивачи	fan, cheerer	[naˈvivat͡ʃi]
8395	ангелски	angelic	[ˈaŋɡɛɫski]
8396	стрејт	straight, heterosexual	[strɛjt]
8397	фудбалска	football	[ˈfudbaɫska]
8398	златници	gold coin	[ˈzɫatnit͡si]
8399	бебешки	baby	[ˈbɛbɛʃki]
8400	грабнат	to snatch, grab, seize	[ˈɡrabnat]
8401	домаќинство	household	[dɔˈmacinstvɔ]
8402	духовен	spiritual	[ˈduxɔvɛn]
8403	турбуленција	turbulence	[turbuˈlɛnt͡si(j)a]
8404	триење	to rub	[ˈtri(j)ɛɲɛ]
8405	протеран	to exile, banish	[ˈprɔtɛɾan]
8406	носорог	rhinoceros	[ˈnɔsɔɾɔk]
8407	зготви	to cook	[ˈzɡɔtvi]
8408	воодушеви	to inspire; encourage; cheer up	[vɔɔˈduʃɛvi]
8409	вар	quicklime	[var]
8410	наследници	heir	[naˈslɛdnit͡si]
8411	киборг	cyborg	[ˈkibɔrk]
8412	штеди	to spare, save, be frugal	[ˈʃtɛdi]
8413	контролна	control	[ˈkɔntrɔɫna]
8414	купен	to buy, purchase	[ˈkupɛn]
8415	безобразно	cheekily, impudently, shamelessly	[bɛˈzɔbraznɔ]
8416	народна	national, people's	[ˈnaɾɔdna]
8417	доблест	virtue	[ˈdɔblɛst]
8418	елате	come	[ˈɛɫatɛ]
8419	стриптизерка	female stripper	[striptiˈzɛrka]
8420	безвредно	worthlessly	[ˈbɛzvrɛdnɔ]
8421	инфициран	infected	[iɱfiˈt͡siɾan]
8422	клада	pyre, stake, pile	[ˈkɫada]
8423	поклонување	worship	[pɔkɫɔˈnuvaɲɛ]
8424	блескав	shiny, sparkly	[ˈblɛskaf]
8425	несмасен	clumsy	[ˈnɛsmasɛn]
8426	фитнес	fitness	[ˈfitnɛs]
8427	неопходен	necessary	[nɛˈɔpxɔdɛn]
8428	кинеско	Chinese	[ˈkinɛskɔ]
8429	царски	imperially, in the manner of an emperor	[ˈt͡sarski]
8430	тенко	thinly	[ˈtɛŋkɔ]
8431	слово	homily, sermon	[ˈsɫɔvɔ]
8432	петиција	petition	[pɛˈtit͡si(j)a]
8433	стоматолог	stomatologist, dentist	[stɔmaˈtɔɫɔk]
8434	избркан	to kick out, banish, expel	[ˈizbr̩kan]
8435	факел	torch	[ˈfakɛɫ]
8436	прашавме	first-person plural imperfect/aorist of праша	[ˈpraʃavmɛ]
8437	гитла	beat it, begone, scram	[ˈɡitɫa]
8438	мочање	to pee, urinate	[ˈmɔt͡ʃaɲɛ]
8439	прашувајте	to ask	[praˈʃuvajtɛ]
8440	родендени	birthday	[rɔˈdɛndɛni]
8441	спонзори	sponsor	[ˈspɔnzɔɾi]
8442	грабливец	predator	[ˈɡrablivɛt͡s]
8443	офанзива	offensive	[ɔfanˈziva]
8444	попречување	to obstruct, block	[pɔprɛˈt͡ʃuvaɲɛ]
8445	беснило	rabies, hydrophobia	[ˈbɛsniɫɔ]
8446	основен	basic, fundamental, principal, main	[ˈɔsnɔvɛn]
8447	громови	thunder	[ˈɡrɔmɔvi]
8448	подобрите	good	[pɔˈdɔbritɛ]
8449	ревизија	revision	[rɛˈvizi(j)a]
8450	унапреден	to promote, advance	[uˈnaprɛdɛn]
8451	заразно	contagiously, infectiously	[ˈzaɾaznɔ]
8452	инч	inch	[int͡ʃ]
8453	поделен	to divide, split	[ˈpɔdɛlɛn]
8454	гласен	loud	[ˈɡɫasɛn]
8455	трогателно	in a touching, moving way	[trɔˈɡatɛɫnɔ]
8456	езера	lake	[ˈɛzɛɾa]
8457	збогати	to enrich	[ˈzbɔɡati]
8458	скрив	alternative form of сокрие	[skrif]
8459	инцест	incest	[ˈint͡sɛst]
8460	остриги	oyster	[ˈɔstriɡi]
8461	помошен	auxiliary, helping	[ˈpɔmɔʃɛn]
8462	леќи	lentil	[ˈlɛci]
8463	варден	to ward, watch over, take care of	[ˈvardɛn]
8464	учтив	polite, courteous, thoughtful, considerate, well-mannered,…	[ˈut͡ʃtif]
8465	палки	club, bat	[ˈpaɫki]
8466	напразно	in vain	[ˈnapraznɔ]
8467	дабар	beaver	[ˈdabar]
8468	скромно	humbly, modestly	[ˈskrɔmnɔ]
8469	старечки	old people	[ˈstaɾɛt͡ʃki]
8470	наказа	freak, monster	[ˈnakaza]
8471	градител	builder	[ˈɡraditɛɫ]
8472	столар	carpenter	[ˈstɔɫar]
8473	приреди	to organize, arrange	[ˈpriɾɛdi]
8474	фора	An advantage	[ˈfɔɾa]
8475	интелект	intellect	[intɛˈlɛkt]
8476	граден	to build	[ˈɡradɛn]
8477	верувајќи	to believe, trust	[vɛɾuˈvajci]
8478	електрицитет	electricity	[ɛlɛktrit͡siˈtɛt]
8479	бесно	angrily, furiously	[ˈbɛsnɔ]
8480	кројач	tailor	[ˈkrɔjat͡ʃ]
8481	јадна	miserable, pathetic, pitiful	[ˈjadna]
8482	шини	rail, track	[ˈʃini]
8483	бебиситерка	female babysitter	[bɛbiˈsitɛrka]
8484	запирање	to stop	[zaˈpiɾaɲɛ]
8485	заеми	loan	[ˈzaɛmi]
8486	драми	to overreact, exaggerate, as if acting in a drama	[ˈdrami]
8487	променува	to change	[prɔˈmɛnuva]
8488	залог	pledge, deposit	[ˈzaɫɔk]
8489	државно	at the state level	[ˈdr̩ʒavnɔ]
8490	новини	novelty	[ˈnɔvini]
8491	прекриен	to cover, conceal	[ˈprɛkri(j)ɛn]
8492	земен	to take	[ˈzɛmɛn]
8493	силувач	rapist	[ˈsiɫuvat͡ʃ]
8494	замрзнување	to freeze	[zamr̩zˈnuvaɲɛ]
8495	родителски	parental	[rɔˈditɛɫski]
8496	проучување	to scrutinize, study, examine	[prɔuˈt͡ʃuvaɲɛ]
8497	импулс	impulse, urge	[ˈimpuɫs]
8498	вегетаријанец	vegetarian	[vɛɡɛtaɾiˈjanɛt͡s]
8499	поспоро	slow	[ˈpɔspɔɾɔ]
8500	сценарист	screenwriter	[st͡sɛnaˈrist]
8501	радосен	happy, cheerful, joyful	[ˈradɔsɛn]
8502	незгоди	trouble, accident, mishap	[ˈnɛzɡɔdi]
8503	сечете	to cut	[ˈsɛt͡ʃɛtɛ]
8504	круни	crown	[ˈkruni]
8505	стабилизира	to stabilise	[stabiliˈziɾa]
8506	љубиш	to love	[ˈʎubiʃ]
8507	квадрат	square	[ˈkvadrat]
8508	џигер	liver	[ˈd͡ʒiɡɛr]
8509	проповед	sermon, homily	[ˈprɔpɔvɛt]
8510	притиснат	to press	[ˈpritisnat]
8511	дознава	to find out, discover	[ˈdɔznava]
8512	камени	stone	[ˈkamɛni]
8513	баксуз	bad luck	[ˈbaksus]
8514	кафеав	brown	[ˈkafɛaf]
8515	финска	Finnish	[ˈfinska]
8516	болнички	hospital	[ˈbɔɫnit͡ʃki]
8517	подвижен	motile, mobile	[ˈpɔdviʒɛn]
8518	паметење	to remember, recall	[paˈmɛtɛɲɛ]
8519	волан	steering wheel	[ˈvɔɫan]
8520	брави	indefinite plural	[ˈbravi]
8521	шеесет	sixty	[ˈʃɛɛsɛt]
8522	цртан	ellipsis of цртан филм: cartoon	[ˈt͡sr̩tan]
8523	расистички	in a racist way	[raˈsistit͡ʃki]
8524	прекинување	to stop	[prɛkiˈnuvaɲɛ]
8525	обожавателка	female admirer, adorer	[ɔbɔʒaˈvatɛɫka]
8526	мачнина	difficulty, adversity, suffering	[ˈmat͡ʃnina]
8527	усна	lip	[ˈusna]
8528	салфетка	napkin	[saɫˈfɛtka]
8529	двесте	two hundred	[ˈdvɛstɛ]
8530	настроен	inclined, disposed	[ˈnastrɔɛn]
8531	перон	train platform, bus platform	[ˈpɛɾɔn]
8532	цедило	strainer, sieve	[ˈt͡sɛdiɫɔ]
8533	квиз	quiz	[kvis]
8534	санка	sled	[ˈsaŋka]
8535	ментален	mental	[ˈmɛntalɛn]
8536	попречува	to obstruct, block	[pɔˈprɛt͡ʃuva]
8537	отмено	elegantly, classily	[ˈɔtmɛnɔ]
8538	опомена	warning, admonition	[ɔˈpɔmɛna]
8539	пребара	to search through, look through	[ˈprɛbaɾa]
8540	назначи	to list	[ˈnaznat͡ʃi]
8541	портокали	orange	[pɔrˈtɔkali]
8542	зборење	to speak	[ˈzbɔɾɛɲɛ]
8543	албуми	album	[ˈaɫbumi]
8544	предел	region, area	[ˈprɛdɛɫ]
8545	трошок	expense, expenditure	[ˈtrɔʃɔk]
8546	врвно	supremely	[ˈvr̩vnɔ]
8547	наплата	charging, collection	[ˈnapɫata]
8548	замор	exhaustion, tiredness	[ˈzamɔr]
8549	здравство	health care	[ˈzdrafstvɔ]
8550	прелета	to fly over	[ˈprɛlɛta]
8551	локал	business premises	[ˈɫɔkaɫ]
8552	остварува	to realize	[ɔˈstvaɾuva]
8553	парализиран	paralyzed	[paɾaˈliziɾan]
8554	чесност	honesty	[ˈt͡ʃɛsnɔst]
8555	порнографија	pornography	[pɔrnɔˈɡrafi(j)a]
8556	нетрпелив	impatient	[nɛˈtr̩pɛlif]
8557	потивок	quiet, low, soft	[ˈpɔtivɔk]
8558	турчин	Turk	[ˈturt͡ʃin]
8559	ничиј	no one's	[ˈnit͡ʃij]
8560	сакајќи	to want, desire	[saˈkajci]
8561	изнајмен	to rent	[ˈiznajmɛn]
8562	нелегален	illegal	[nɛˈlɛɡalɛn]
8563	отфрла	to cast away, dismiss	[ˈɔtfr̩ɫa]
8564	течно	fluently	[ˈtɛt͡ʃnɔ]
8565	постигнување	to reach, attain, accomplish	[pɔstiɡˈnuvaɲɛ]
8566	наменет	to intend, destine, designate	[ˈnamɛnɛt]
8567	претседателски	presidentially	[prɛtsɛˈdatɛɫski]
8568	бактерија	bacterium	[bakˈtɛɾi(j)a]
8569	мнозинство	majority	[ˈmnɔzinstvɔ]
8570	мириси	smell	[ˈmiɾisi]
8571	порачка	request, order	[ˈpɔɾat͡ʃka]
8572	блаженство	bliss, beatitude, felicity	[ˈbɫaʒɛnstvɔ]
8573	корејски	Korean	[ˈkɔɾɛjski]
8574	сиги	indefinite plural	[ˈsiɡi]
8575	секири	axe	[ˈsɛkiɾi]
8576	досадува	to become boring	[dɔˈsaduva]
8577	војниче	soldier	[ˈvɔjnit͡ʃɛ]
8578	однатре	from the inside	[ˈɔdnatrɛ]
8579	првак	firstborn	[ˈpr̩vak]
8580	средување	to tidy, order	[srɛˈduvaɲɛ]
8581	извинува	to excuse, pardon	[izˈvinuva]
8582	деноноќно	round the clock	[dɛˈnɔnɔcnɔ]
8583	жезол	staff, scepter	[ˈʒɛzɔɫ]
8584	саркастичен	sarcastic	[sarˈkastit͡ʃɛn]
8585	хангар	hangar	[ˈxaŋɡar]
8586	навивачка	female cheerer, cheerleader	[naˈvivat͡ʃka]
8587	федерација	federation	[fɛdɛˈrat͡si(j)a]
8588	превез	veil	[ˈprɛvɛs]
8589	уклучи	nonstandard form of вклучи	[ˈukɫut͡ʃi]
8590	итар	sly, cunning, quick-witted, prudent, shrewd	[ˈitar]
8591	фотографира	to photograph	[fɔtɔɡraˈfiɾa]
8592	искористен	to use	[isˈkɔɾistɛn]
8593	ас	ace	[as]
8594	пупка	bud	[ˈpupka]
8595	ранч	ranch	[rant͡ʃ]
8596	заменува	to replace, substitute	[zaˈmɛnuva]
8597	такт	measure, bar	[takt]
8598	вклучување	to switch on, to power up, to enable	[fkɫuˈt͡ʃuvaɲɛ]
8599	погледнува	to take a look at	[pɔˈɡlɛdnuva]
8600	хемисфера	hemisphere	[xɛmiˈsfɛɾa]
8601	каснат	to bite	[ˈkasnat]
8602	огорчен	embittered	[ˈɔɡɔrt͡ʃɛn]
8603	кларинет	clarinet	[kɫaɾiˈnɛt]
8604	газиња	indefinite plural of газе	[ˈɡaziɲa]
8605	пика	to shove, to cram, to stuff	[ˈpika]
8606	градежник	builder	[ˈɡradɛʒnik]
8607	исечат	to cut	[ˈisɛt͡ʃat]
8608	централен	central	[ˈt͡sɛntralɛn]
8609	зделки	bargain, deal	[ˈzdɛɫki]
8610	сензација	sensation	[sɛnˈzat͡si(j)a]
8611	серат	to defecate, shit	[ˈsɛɾat]
8612	грмушки	bush, shrub	[ˈɡr̩muʃki]
8613	продаден	to sell	[ˈprɔdadɛn]
8614	килим	carpet	[ˈkilim]
8615	параван	screen	[ˈpaɾavan]
8616	раздвои	to separate	[ˈrazdvɔi]
8617	грчка	Greek	[ˈɡr̩t͡ʃka]
8618	компликација	complication	[kɔmpliˈkat͡si(j)a]
8619	зафат	procedure, intervention, operation, undertaking	[ˈzafat]
8620	голијат	goliath	[ɡɔliˈjat]
8621	турне	to push, shove	[ˈturnɛ]
8622	работничка	female worker	[raˈbɔtnit͡ʃka]
8623	салама	salami	[saˈɫama]
8624	лила	purple, lilac	[ˈliɫa]
8625	принуди	to compel, coerce	[ˈprinudi]
8626	лутење	to anger, upset, aggravate	[ˈɫutɛɲɛ]
8627	покачи	to increase, raise	[ˈpɔkat͡ʃi]
8628	здружи	to pair up, bring together into alliance	[ˈzdruʒi]
8629	кафуле	cafe, coffeehouse	[ˈkafulɛ]
8630	множина	plural	[ˈmnɔʒina]
8631	изненадено	in a surprised way	[iznɛˈnadɛnɔ]
8632	сеанса	seance	[sɛˈansa]
8633	следбеник	successor	[ˈslɛdbɛnik]
8634	датуми	date	[ˈdatumi]
8635	злодела	misdeed, crime	[ˈzɫɔdɛɫa]
8636	навикне	to get accustomed, habituate	[ˈnaviknɛ]
8637	рж	misspelling of ’рж	
8638	па-па	bye-bye	[pa paː]
8639	снаоѓа	to befall, happen to	[ˈsnaɔɟa]
8640	трагичен	tragic	[ˈtraɡit͡ʃɛn]
8641	лепило	glue	[ˈlɛpiɫɔ]
8642	пукано	to shoot, fire	[ˈpukanɔ]
8643	лицемер	hypocrite	[ˈlit͡sɛmɛr]
8644	телевизиски	television	[tɛlɛˈviziski]
8645	победнички	victoriously	[pɔˈbɛdnit͡ʃki]
8646	осигуран	to ensure	[ɔˈsiɡuɾan]
8647	падови	fall	[ˈpadɔvi]
8648	географија	geography	[ɡɛɔˈɡrafi(j)a]
8649	поединци	individual	[pɔˈɛdint͡si]
8650	мизерија	misery	[miˈzɛɾi(j)a]
8651	симпатија	crush, romantic interest, love interest	[simˈpati(j)a]
8652	воскресне	to rise from the dead	[ˈvɔskrɛsnɛ]
8653	пушач	smoker	[ˈpuʃat͡ʃ]
8654	проповеда	to preach	[prɔˈpɔvɛda]
8655	срушен	to demolish, tear down, devastate	[ˈsruʃɛn]
8656	седан	sedan	[sɛˈdan]
8657	више	already, anymore	[ˈviʃɛ]
8658	лама	llama	[ˈɫama]
8659	љубен	beloved	[ˈʎubɛn]
8660	распореди	to arrange, distribute	[rasˈpɔɾɛdi]
8661	грешен	wrong, incorrect, erroneous	[ˈɡrɛʃɛn]
8662	копира	to copy, make a copy	[kɔˈpiɾa]
8663	близначка	female twin	[ˈbliznat͡ʃka]
8664	суден	fateful	[ˈsudɛn]
8665	зрел	mature, ripe	[zrɛɫ]
8666	пратки	consignment, shipment	[ˈpratki]
8667	онеспособи	to render incapable, incapacitate	[ɔnɛˈspɔsɔbi]
8668	управител	manager, director	[uˈpravitɛɫ]
8669	зафркнат	screwed up, tough, complex	[ˈzafr̩knat]
8670	трагачи	seeker	[ˈtraɡat͡ʃi]
8671	мјузикл	musical	[ˈmjuzikɫ̩]
8672	серии	series	[ˈsɛɾii]
8673	детонација	detonation	[dɛtɔˈnat͡si(j)a]
8674	притискање	to press	[priˈtiskaɲɛ]
8675	скија	ski	[ˈski(j)a]
8676	осми	eighth	[ˈɔsmi]
8677	перцепција	perception	[pɛrˈt͡sɛpt͡si(j)a]
8678	мувла	mold	[ˈmuvɫa]
8679	армиски	army	[ˈarmiski]
8680	спортови	sport	[ˈspɔrtɔvi]
8681	североисток	Northeast	[sɛvɛɾɔˈistɔk]
8682	прибежиште	shelter	[priˈbɛʒiʃtɛ]
8683	гарнизон	garrison	[ɡarniˈzɔn]
8684	рапер	rapper	[ˈrapɛr]
8685	збирка	collection, set	[ˈzbirka]
8686	учеле	to learn, study	[ˈut͡ʃɛlɛ]
8687	неподносливо	unbearably, insufferably	[nɛpɔˈdnɔslivɔ]
8688	шатори	tent	[ˈʃatɔɾi]
8689	мол	minor	[mɔɫ]
8690	протекува	to leak, be leaky	[prɔˈtɛkuva]
8691	караш	crucian carp	/karaʃ/
8692	разнесен	to deliver, take to different places	[ˈraznɛsɛn]
8693	крајбрежје	coast	[ˈkrajbrɛʒjɛ]
8694	слушалки	earphones, headphones	[ˈsɫuʃaɫki]
8695	ар	are	[ar]
8696	поголемите	big, large, great	[pɔɡɔˈlɛmitɛ]
8697	вкуси	to taste	[ˈfkusi]
8698	фрка	trouble, plight, predicament	[ˈfr̩ka]
8699	квадратен	square	[ˈkvadratɛn]
8700	изразува	to express	[izˈrazuva]
8701	чешање	to scratch, itch	[ˈt͡ʃɛʃaɲɛ]
8702	малер	bad luck	[ˈmalɛr]
8703	еспресо	espresso	[ɛsˈprɛsɔ]
8704	рекреација	recreation	[rɛkrɛˈat͡si(j)a]
8705	масовен	mass, large-scale	[ˈmasɔvɛn]
8706	вари	to boil, brew	[ˈvaɾi]
8707	друштва	company	[ˈdruʃtva]
8708	прободен	to stab, impale, penetrate	[ˈprɔbɔdɛn]
8709	фрлајте	to throw, cast	[ˈfr̩ɫajtɛ]
8710	креира	to create	[krɛˈiɾa]
8711	заслепен	to blind, illude	[ˈzaslɛpɛn]
8712	резултира	to result	[rɛzuɫˈtiɾa]
8713	тагува	to grieve, lament, be sad	[ˈtaɡuva]
8714	тетко	vocative singular of тетка f	[ˈtɛtkɔ]
8715	радиоактивен	radioactive	[radi(j)ɔˈaktivɛn]
8716	забрзување	acceleration	[zabr̩ˈzuvaɲɛ]
8717	убивале	to kill	[uˈbivalɛ]
8718	облеки	clothing, clothes	[ˈɔblɛki]
8719	свртен	to turn	[ˈsvr̩tɛn]
8720	булевар	boulevard	[bulɛˈvar]
8721	јунаци	brave man	[ˈjunat͡si]
8722	свитка	to ply, fold	[ˈsvitka]
8723	старее	to age	[ˈstaɾɛɛ]
8724	имено	namely	[ˈimɛnɔ]
8725	видело	light, daylight	[ˈvidɛɫɔ]
8726	кекс	biscuit, cookie	[kɛks]
8727	зрнце	grain, seed	[ˈzr̩nt͡sɛ]
8728	ставови	attitude, stance	[ˈstavɔvi]
8729	билјард	billiards	[biˈʎart]
8730	зачувување	to preserve, keep, retain	[zat͡ʃuˈvuvaɲɛ]
8731	студен	cold, chilly	[ˈstudɛn]
8732	лузер	loser	[ˈɫuzɛr]
8733	шестка	six	[ˈʃɛs(t)ka]
8734	рокенрол	rock and roll	[rɔkɛnˈrɔɫ]
8735	дева	virgin, maiden, maid	[ˈdɛva]
8736	осумнаесет	eighteen	[ɔsumˈnaɛsɛt]
8737	туристички	tourism or tourists	[tuˈristit͡ʃki]
8738	оригинал	original	[ɔɾiɡiˈnaɫ]
8739	танци	dance, dancing	[ˈtant͡si]
8740	ветено	to promise	[ˈvɛtɛnɔ]
8741	надимак	nickname	[ˈnadimak]
8742	дркање	masturbation	[ˈdr̩kaɲɛ]
8743	сништата	unspecified definite plural of сон m	[ˈsniʃtata]
8744	брана	dam	[ˈbrana]
8745	атракција	attraction	[aˈtrakt͡si(j)a]
8746	востание	revolution	[vɔˈstani(j)ɛ]
8747	прашувал	to ask	[ˈpraʃuvaɫ]
8748	азбука	alphabet	[ˈazbuka]
8749	мешаница	mixup, confusion, chaos, disorder	[mɛˈʃanit͡sa]
8750	учесници	participant	[uˈt͡ʃɛsnit͡si]
8751	филмов	proximal definite singular of филм m	[ˈfiɫmɔf]
8752	израелски	Israeli	[iˈzraɛɫski]
8753	свари	to boil	[ˈsvaɾi]
8754	кашмир	cashmere	[ˈkaʃmir]
8755	подло	underhandedly, wickedly	[ˈpɔdɫɔ]
8756	манифест	manifesto	[ˈmanifɛst]
8757	накрај	in the end, eventually	[ˈnakraj]
8758	испраша	to interrogate	[ˈispraʃa]
8759	опуштање	to relax	[ɔˈpuʃtaɲɛ]
8760	одбира	to choose, select	[ˈɔdbiɾa]
8761	будалесто	foolishly, fatuously	[buˈdalɛstɔ]
8762	интернат	boarding school	[intɛrˈnat]
8763	бифтек	beefsteak	[ˈbiftɛk]
8764	тврдење	claim, statement	[ˈtvr̩dɛɲɛ]
8765	двојки	pair, couple	[ˈdvɔjki]
8766	документарец	documentary	[dɔkumɛnˈtaɾɛt͡s]
8767	подготвеност	readiness, preparedness	[pɔdˈɡɔtvɛnɔst]
8768	спонтан	spontaneous	[ˈspɔntan]
8769	задоцнување	delay, tardiness	[zadɔt͡sˈnuvaɲɛ]
8770	обраќање	to address	[ɔˈbracaɲɛ]
8771	одвоено	separately, apart	[ɔˈdvɔɛnɔ]
8772	волонтер	volunteer	[vɔɫɔnˈtɛr]
8773	врескање	to scream, yell	[ˈvrɛskaɲɛ]
8774	станување	to become	[staˈnuvaɲɛ]
8775	медо	a nickname for a he-bear used in folklore and stories for…	[ˈmɛdɔ]
8776	безмилосен	ruthless, merciless	[bɛzˈmiɫɔsɛn]
8777	срж	marrow, core	[sr̩ʃ]
8778	фокусира	to focus	[fɔkuˈsiɾa]
8779	престапи	to cross, transgress	[ˈprɛstapi]
8780	наметки	cape, cloak	[ˈnamɛtki]
8781	нефер	unfairly	[ˈnɛfɛr]
8782	нерв	nerve	[nɛrf]
8783	скалила	stair	[ˈskaliɫa]
8784	добротворен	philanthropic, charitable	[dɔbˈrɔtvɔɾɛn]
8785	маани	flaw, fault	[ˈmaːni]
8786	престава	misspelling of претстава	[ˈprɛstava]
8787	химен	hymen	[ˈximɛn]
8788	проекција	projection	[prɔˈɛkt͡si(j)a]
8789	тапанар	drummer	[ˈtapanar]
8790	шведски	Swedish	[ˈʃvɛtski]
8791	парти	indefinite plural	[ˈparti]
8792	енигма	enigma	[ɛˈniɡma]
8793	лубеница	watermelon	[ɫuˈbɛnit͡sa]
8794	благ	sweet	[bɫak]
8795	завршеток	ending, conclusion, closure	[zavr̩ˈʃɛtɔk]
8796	сетило	sense	[ˈsɛtiɫɔ]
8797	сопрузи	husband, male spouse	[ˈsɔpruzi]
8798	кафези	cage	[ˈkafɛzi]
8799	суета	vanity	[ˈsuɛta]
8800	сорта	sort	[ˈsɔrta]
8801	синче	son	[ˈsint͡ʃɛ]
8802	изразување	to express	[izraˈzuvaɲɛ]
8803	симнува	to lower, bring down, descend	[ˈsimnuva]
8804	ленин	relational adjective of Лена	[ˈlɛnin]
8805	небесен	celestial	[ˈnɛbɛsɛn]
8806	штетници	pest	[ˈʃtɛtnit͡si]
8807	измена	change	[ˈizmɛna]
8808	букет	bouquet	[ˈbukɛt]
8809	великодушност	magnanimity, generosity, munificence	[vɛliˈkɔduʃnɔst]
8810	лижење	to lick	[ˈliʒɛɲɛ]
8811	регент	regent	[ˈrɛɡɛnt]
8812	каубоец	cowboy	[kauˈbɔɛt͡s]
8813	тенденција	tendency	[tɛnˈdɛnt͡si(j)a]
8814	мрзелив	lazy, slothful	[ˈmr̩zɛlif]
8815	зачуден	to shock, surprise	[ˈzat͡ʃudɛn]
8816	гребаница	scratch	[ɡrɛˈbanit͡sa]
8817	бесмислен	meaningless, pointless, nonsensical	[ˈbɛsmislɛn]
8818	примање	income	[ˈprimaɲɛ]
8819	гипс	cast	[ɡips]
8820	искочи	to go out, come out, exit, emerge	[ˈiskɔt͡ʃi]
8821	бркање	to chase, run after	[ˈbr̩kaɲɛ]
8822	ав	woof	[af]
8823	регенерација	regeneration	[rɛɡɛnɛˈrat͡si(j)a]
8824	собарка	chambermaid	[ˈsɔbarka]
8825	директорка	female director, principal	[diɾɛkˈtɔrka]
8826	степа	steppe	[ˈstɛpa]
8827	вампирка	female vampire	[ˈvampirka]
8828	новак	novice, newbie	[ˈnɔvak]
8829	чоек	nonstandard form of човек	[ˈt͡ʃɔɛk]
8830	пророци	prophet	[ˈprɔɾɔt͡si]
8831	разболи	to infect, get sick	[ˈrazbɔli]
8832	згази	to step on	[ˈzɡazi]
8833	друштвен	social, sociable, gregarious	[ˈdruʃtvɛn]
8834	светица	saint	[ˈsvɛtit͡sa]
8835	нереално	unrealistically	[nɛˈrɛaɫnɔ]
8836	орлов	eagle	[ˈɔrɫɔf]
8837	познаници	acquaintance	[pɔˈznanit͡si]
8838	застапник	representative, proxy	[ˈzastapnik]
8839	справување	to deal with, manage, cope, work something out	[spraˈvuvaɲɛ]
8840	седуммина	seven individuals	[sɛˈdummina]
8841	неидентификуван	unidentified	[nɛidɛntiˈfikuvan]
8842	образи	cheek	[ˈɔbrazi]
8843	скалпел	scalpel	[ˈskaɫpɛɫ]
8844	гнезда	nest	[ˈɡnɛzda]
8845	пресретнат	to meet, encounter	[ˈprɛsrɛtnat]
8846	гонам	to chase, persecute	[ˈɡɔnam]
8847	незадоволен	unsatisfied, discontented	[nɛzaˈdɔvɔlɛn]
8848	лажици	spoon	[ˈɫaʒit͡si]
8849	занимање	job, profession	[zaˈnimaɲɛ]
8850	заболекар	dentist	[zaˈbɔlɛkar]
8851	унапреди	to promote, advance	[uˈnaprɛdi]
8852	започнување	to commence, start	[zapɔˈt͡ʃnuvaɲɛ]
8853	земјотреси	earthquake	[zɛmˈjɔtrɛsi]
8854	смајли	smiley face, emoticon	[ˈsmajli]
8855	легло	bed	[ˈlɛɡɫɔ]
8856	шир	expanse, breadth	[ʃir]
8857	бесилка	gallows	[ˈbɛsiɫka]
8858	тропски	tropical	[ˈtrɔpski]
8859	штрајк	strike	[ʃtrajk]
8860	глумци	actor	[ˈɡɫumt͡si]
8861	преспие	to sleep through	[ˈprɛspi(j)ɛ]
8862	индијански	American Indian, Native American	[indiˈjanski]
8863	пруги	stripe	[ˈpruɡi]
8864	зборел	to speak	[ˈzbɔɾɛɫ]
8865	сигурносен	safety	[siˈɡurnɔsɛn]
8866	насочен	directed, oriented	[ˈnasɔt͡ʃɛn]
8867	селекција	selection	[sɛˈlɛkt͡si(j)a]
8868	популарност	popularity	[pɔpuˈɫarnɔst]
8869	љубимец	favourite	[ˈʎubimɛt͡s]
8870	чукнат	nuts, bonkers, mad, crazy	[ˈt͡ʃuknat]
8871	изводливо	feasibly	[izˈvɔdlivɔ]
8872	реплика	remark, utterance	[ˈrɛplika]
8873	предлага	to suggest, propose	[ˈprɛdɫaɡa]
8874	посере	to shit out or onto	[ˈpɔsɛɾɛ]
8875	дремка	nap	[ˈdrɛmka]
8876	пронајдок	invention, discovery	[ˈprɔnajdɔk]
8877	тропање	trope	[ˈtrɔpaɲɛ]
8878	издига	to raise, elevate	[ˈizdiɡa]
8879	нота	note	[ˈnɔta]
8880	оправдано	justifiably, rightfully	[ɔˈpravdanɔ]
8881	замислив	conceivable, imaginable	[ˈzamislif]
8882	неочекуван	unexpected	[nɛɔˈt͡ʃɛkuvan]
8883	пипер	paprika	[ˈpipɛr]
8884	грешници	sinner	[ˈɡrɛʃnit͡si]
8885	жа	nonstandard form of ќе	[ʒa]
8886	руж	lipstick	[ruʃ]
8887	трчајќи	to run	[tr̩ˈt͡ʃajci]
8888	приготви	to cook, prepare	[ˈpriɡɔtvi]
8889	коњче	horse	[ˈkɔɲt͡ʃɛ]
8890	осветлување	to brighten, light up, illuminate	[ɔsvɛtˈɫuvaɲɛ]
8891	легитимен	legitimate	[lɛɡiˈtimɛn]
8892	задуши	to smother	[ˈzaduʃi]
8893	детален	detailed	[ˈdɛtalɛn]
8894	сконцентриран	to concentrate	[skɔnt͡sɛnˈtriɾan]
8895	горење	to burn, be on fire	[ˈɡɔɾɛɲɛ]
8896	кани	to invite	[ˈkani]
8897	државјанин	citizen	[dr̩ˈʒavjanin]
8898	исечен	to cut	[ˈisɛt͡ʃɛn]
8899	собири	gathering, assembly	[ˈsɔbiɾi]
8900	сокче	juice	[ˈsɔkt͡ʃɛ]
8901	интимност	intimacy	[ˈintimnɔst]
8902	онакви	to do	[ˈɔnakvi]
8903	пролив	diarrhea	[ˈprɔlif]
8904	тетратка	notebook	[ˈtɛtratka]
8905	обѕир	consideration, heed	[ˈɔbd͡zir]
8906	покоен	deceased, lated	[ˈpɔkɔɛn]
8907	бендиса	to like, fancy	[ˈbɛndisa]
8908	читатели	reader	[t͡ʃiˈtatɛli]
8909	завеса	curtain	[ˈzavɛsa]
8910	објаснувања	explanation	[ɔbjasˈnuvaɲa]
8911	генијалност	ingeniousness, brilliance	[ɡɛniˈjaɫnɔst]
8912	декорација	decoration	[dɛkɔˈrat͡si(j)a]
8913	потполковник	lieutenant colonel	[pɔtˈpɔɫkɔvnik]
8914	перална	laundry room	[pɛˈraɫna]
8915	мајмунски	in a simian way	[ˈmajmunski]
8916	послушност	obedience	[ˈpɔsɫuʃnɔst]
8917	руско	Russian	[ˈruskɔ]
8918	пешачење	to walk, go by foot	[pɛˈʃat͡ʃɛɲɛ]
8919	редовен	regular, systematic	[ˈrɛdɔvɛn]
8920	суша	drought	[ˈsuʃa]
8921	пакува	to pack	[ˈpakuva]
8922	мамурен	hungover	[ˈmamuɾɛn]
8923	двоглед	binoculars	[ˈdvɔɡlɛt]
8924	средношколски	high school	[srɛdˈnɔʃkɔɫski]
8925	автограми	autograph, signature	[afˈtɔɡrami]
8926	спелува	to spell	[ˈspɛɫuva]
8927	распарчи	to shatter, to break to pieces	[ˈraspart͡ʃi]
8928	крстен	cross	[ˈkr̩stɛn]
8929	мочко	a person who urinates frequently	[ˈmɔt͡ʃkɔ]
8930	прегладнет	to starve, get very hungry	[ˈprɛɡɫadnɛt]
8931	надмоќ	superiority, dominion	[ˈnadmɔc]
8932	говеда	cattle	[ˈɡɔvɛda]
8933	диктатура	dictatorship	[diktaˈtuɾa]
8934	збркан	to confuse	[ˈzbr̩kan]
8935	помрднува	to move, shift	[pɔˈmr̩dnuva]
8936	убиваа	to kill	[uˈbivaa]
8937	иванов	relational adjective of Иван	[ˈivanɔf]
8938	колекционер	collector	[kɔlɛkt͡si(j)ɔˈnɛr]
8939	филе	fillet	[fiˈlɛ]
8940	шпионира	to spy, spy on	[ʃpi(j)ɔˈniɾa]
8941	свинче	pig, swine	[ˈsvint͡ʃɛ]
8942	прељуба	adultery	[ˈprɛʎuba]
8943	лижавче	lollipop	[ˈliʒaft͡ʃɛ]
8944	шупа	shed	[ˈʃupa]
8945	менструација	menstruation	[mɛnstruˈat͡si(j)a]
8946	пресмета	to calculate	[ˈprɛsmɛta]
8947	истражи	to investigate, enquire, research	[ˈistraʒi]
8948	кочница	brake	[ˈkɔt͡ʃnit͡sa]
8949	зазема	to take up	[ˈzazɛma]
8950	неограничен	unlimited, unrestricted, boundless	[nɛɔˈɡranit͡ʃɛn]
8951	технолошки	technologically	[tɛxˈnɔɫɔʃki]
8952	бруталност	brutality	[ˈbrutaɫnɔst]
8953	смрзнувачка	very cold weather	[smr̩zˈnuvat͡ʃka]
8954	пофалби	praise, commendation	[ˈpɔfaɫbi]
8955	шегаџија	joker, jester, wisecracker, jokester	[ʃɛˈɡad͡ʒi(j)a]
8956	троен	triple	[ˈtrɔɛn]
8957	гризли	grizzly bear	[ˈɡrizli]
8958	банкомат	ATM, automated teller machine, cash machine	[baŋkɔˈmat]
8959	лептир	butterfly	[ˈlɛptir]
8960	трепка	eyelash	[ˈtrɛpka]
8961	бегал	to run away	[ˈbɛɡaɫ]
8962	печење	roast	[ˈpɛt͡ʃɛɲɛ]
8963	фебруари	nonstandard form of февруа́ри	[fɛbruˈaɾi]
8964	пума	cougar, puma, mountain lion	[ˈpuma]
8965	педикир	pedicure	[pɛdiˈkir]
8966	берза	stock exchange, market	[ˈbɛrza]
8967	лази	to creep, crawl	[ˈɫazi]
8968	случки	happening, occurrence, event	[ˈsɫut͡ʃki]
8969	стјуардеса	stewardess	[stjuarˈdɛsa]
8970	местење	to place, position, arrange	[ˈmɛstɛɲɛ]
8971	заздравува	to heal	[zaˈzdravuva]
8972	снабдува	to provide	[ˈsnabduva]
8973	нежност	tenderness, delicacy, gentleness	[ˈnɛʒnɔst]
8974	ивица	edge	[ˈivit͡sa]
8975	самохрана	single	[saˈmɔxrana]
8976	балерина	ballerina	[balɛˈrina]
8977	врел	boiling, scalding	[vrɛɫ]
8978	медуза	medusa, jellyfish	[mɛˈduza]
8979	рејтинг	rating	[ˈrɛjtiŋk]
8980	ветре	breeze	[ˈvɛtrɛ]
8981	ѕидини	wall	[ˈd͡zidini]
8982	зголемен	enlarged	[ˈzɡɔlɛmɛn]
8983	мировен	peace, conciliation	[ˈmiɾɔvɛn]
8984	вдовици	widow	[ˈvdɔvit͡si]
8985	милостина	alms	[miˈɫɔstina]
8986	концентрира	to concentrate	[kɔnt͡sɛnˈtriɾa]
8987	испече	to bake	[ˈispɛt͡ʃɛ]
8988	рампа	boom barrier	[ˈrampa]
8989	пијаното	drunk, drunken	[piˈjanɔtɔ]
8990	преден	front, anterior	[ˈprɛdɛn]
8991	каран	to scold, reprimand	[ˈkaɾan]
8992	инспириран	to inspire	[inspiˈriɾan]
8993	ром	Roma, Romani	[rɔm]
8994	скришно	secretly, furtively, stealthily	[ˈskriʃnɔ]
8995	пешкири	towel	[ˈpɛʃkiɾi]
8996	цунами	tsunami	[t͡suˈnami]
8997	арсен	arsenic	[ˈarsɛn]
8998	форензичари	forensics expert	[fɔɾɛnˈzit͡ʃaɾi]
8999	мав	doom, hopeless situation	[maf]
9000	части	to treat	[ˈt͡ʃasti]
9001	рефлекс	reflex	[ˈrɛflɛks]
9002	преправање	to redo	[prɛˈpravaɲɛ]
9003	учесник	participant	[ˈut͡ʃɛsnik]
9004	уникатно	uniquely	[uniˈkatnɔ]
9005	ран	early	[ran]
9006	исцеди	to squeeze out, extract	[ˈist͡sɛdi]
9007	пелена	diaper	[ˈpɛlɛna]
9008	царица	czar, tsar, tzar	[t͡saˈrit͡sa]
9009	муцка	muzzle, snout	[ˈmut͡ska]
9010	притреба	to suddenly become needed	[ˈpritrɛba]
9011	дополнителен	additional, extra	[dɔpɔɫˈnitɛlɛn]
9012	деловно	in terms of business, for business purposes	[ˈdɛɫɔvnɔ]
9013	придружничка	female companion, escort	[priˈdruʒnit͡ʃka]
9014	комуникациски	in terms of communication	[kɔmuniˈkat͡siski]
9015	бродски	naval, nautical	[ˈbrɔtski]
9016	куропушач	cocksucker, fellator	[kuɾɔˈpuʃat͡ʃ]
9017	повраќаница	vomit, puke	[pɔvraˈcanit͡sa]
9018	мамурлак	hangover	[ˈmamurɫak]
9019	групен	group	[ˈɡrupɛn]
9020	пикаш	to shove, to cram, to stuff	[ˈpikaʃ]
9021	пропалица	failure, loser, bum	[prɔˈpalit͡sa]
9022	жад	jade	[ʒat]
9023	мирување	to be at rest, stay immobile	[miˈruvaɲɛ]
9024	предвидлив	predictable, foreseeable	[ˈprɛdvidlif]
9025	фен	hairdryer	[fɛn]
9026	спектар	spectrum	[ˈspɛktar]
9027	потрошувачка	female consumer	[pɔtrɔˈʃuvat͡ʃka]
9028	шлаканица	slap	[ʃɫaˈkanit͡sa]
9029	сиромашно	poorly, indigently	[siˈrɔmaʃnɔ]
9030	мираз	dowry	[ˈmiɾas]
9031	вешто	skillfully, deftly	[ˈvɛʃtɔ]
9032	доминира	to dominate, prevail	[dɔmiˈniɾa]
9033	месечини	moon	[mɛˈsɛt͡ʃini]
9034	житарици	grain	[ʒiˈtaɾit͡si]
9035	смелост	bravery, boldness	[ˈsmɛɫɔst]
9036	насред	in the middle of, amid	[ˈnasrɛt]
9037	отровно	poisonously, venomously	[ˈɔtrɔvnɔ]
9038	вкусови	taste	[ˈfkusɔvi]
9039	пушела	to smoke	[ˈpuʃɛɫa]
9040	издавање	to publish, release	[izˈdavaɲɛ]
9041	додатен	additional, supplementary	[ˈdɔdatɛn]
9042	зависно	depending on	[ˈzavisnɔ]
9043	арогантно	arrogantly	[aɾɔˈɡantnɔ]
9044	тргување	to trade	[tr̩ˈɡuvaɲɛ]
9045	вицови	alternative form of вицеви	[ˈvit͡sɔvi]
9046	волти	volt	[ˈvɔɫti]
9047	чвора	to knot	[ˈt͡ʃvɔɾa]
9048	чешел	comb	[ˈt͡ʃɛʃɛɫ]
9049	сабја	sabre, saber	[ˈsabja]
9050	приоѓа	to approach	[ˈpri(j)ɔɟa]
9051	стоејќи	to stand	[stɔˈɛjci]
9052	индиска	Indian	[ˈindiska]
9053	диспечерот	unspecified definite singular of диспечер m	[disˈpɛt͡ʃɛɾɔt]
9054	рудници	mine	[ˈrudnit͡si]
9055	образец	model	[ˈɔbrazɛt͡s]
9056	претседателка	female president	[prɛtsɛˈdatɛɫka]
9057	почест	common, frequent	[ˈpɔt͡ʃɛst]
9058	светлосна	light	[ˈsvɛtɫɔsna]
9059	апартмани	apartment	[apartˈmani]
9060	цијанид	cyanide	[t͡si(j)aˈnit]
9061	потпишува	to sign	[pɔtˈpiʃuva]
9062	орли	eagle	[ˈɔrli]
9063	проаѓа	to pass through	[ˈprɔaɟa]
9064	кукле	doll, puppet	[ˈkuklɛ]
9065	освојувач	conqueror	[ɔˈsvɔjuvat͡ʃ]
9066	арка	ark, Noah's Ark	[ˈarka]
9067	суровост	cruelty	[ˈsuɾɔvɔst]
9068	изопачен	to pervert, distort, disfigure	[iˈzɔpat͡ʃɛn]
9069	сервери	server	[ˈsɛrvɛɾi]
9070	господарка	mistress, female owner	[ɡɔsˈpɔdarka]
9071	хибернација	hibernation	[xibɛrˈnat͡si(j)a]
9072	бравос	bravo	[ˈbravɔs]
9073	камена	stone	[ˈkamɛna]
9074	кисела	sour, vinegary	[ˈkisɛɫa]
9075	венец	wreath, garland	[ˈvɛnɛt͡s]
9076	спокоен	tranquil, serene, peaceful, placid, calm	[ˈspɔkɔɛn]
9077	домино	dominoes	[ˈdɔminɔ]
9078	нечист	dirty, filthy	[ˈnɛt͡ʃist]
9079	будалче	fool	[ˈbudaɫt͡ʃɛ]
9080	карамела	caramel	[kaɾaˈmɛɫa]
9081	коби	to forebode	[ˈkɔbi]
9082	вграден	to incorporate, build into	[ˈvɡradɛn]
9083	зацврсти	to consolidate, harden	[ˈzat͡svr̩sti]
9084	љубена	beloved	[ˈʎubɛna]
9085	конгрес	congress	[ˈkɔŋɡrɛs]
9086	лебарка	cockroach	[ˈlɛbarka]
9087	подаде	to hand, pass, give	[ˈpɔdadɛ]
9088	просветлување	to enlighten	[prɔsvɛtˈɫuvaɲɛ]
9089	вечерна	vespers, evensong	[ˈvɛt͡ʃɛrna]
9090	венчален	wedding	[ˈvɛnt͡ʃalɛn]
9091	купола	cupola, dome	[ˈkupɔɫa]
9092	преморена	exhausted, fatigued	[prɛˈmɔɾɛna]
9093	лабаво	loosely, unstably, shakily, unsteadily, wobbly	[ˈɫabavɔ]
9094	геноцид	genocide	[ˈɡɛnɔt͡sit]
9095	урбан	urban	[ˈurban]
9096	протеза	prosthesis	[prɔˈtɛza]
9097	пипа	to fumble, grope, finger, touch	[ˈpipa]
9098	кисело	sourly	[ˈkisɛɫɔ]
9099	заљубил	to start loving, fall in love with	[ˈzaʎubiɫ]
9100	проблематично	problematically	[prɔblɛˈmatit͡ʃnɔ]
9101	мава	to hit, strike, pound	[ˈmava]
9102	галија	galley	[ˈɡali(j)a]
9103	чирак	apprentice	[ˈt͡ʃiɾak]
9104	заслужен	creditable, meritorious	[ˈzasɫuʒɛn]
9105	сензор	sensor	[ˈsɛnzɔr]
9106	станари	resident, occupant, tenant	[ˈstanaɾi]
9107	досади	to finish planting	[ˈdɔsadi]
9108	чуено	to hear	[ˈt͡ʃuɛnɔ]
9109	напален	horny	[ˈnapalɛn]
9110	злоставување	to abuse	[zɫɔstaˈvuvaɲɛ]
9111	наставници	teacher, lecturer	[nasˈtavnit͡si]
9112	поштар	mailman	[ˈpɔʃtar]
9113	танга	thong, G-string	[ˈtaŋɡa]
9114	маневар	maneuver	[maˈnɛvar]
9115	беспрекорно	impeccably, irreproachably	[bɛsˈprɛkɔrnɔ]
9116	уфрли	to throw in, interject	[ˈufr̩li]
9117	јапонец	Japanese	[ˈjapɔnɛt͡s]
9118	симптом	symptom	[ˈsimptɔm]
9119	расизам	racism	[raˈsizam]
9120	стопли	to heat, warm up	[ˈstɔpli]
9121	сознание	knowledge, information	[sɔˈznani(j)ɛ]
9122	сечиј	everyone's	[ˈsɛt͡ʃij]
9123	колне	to curse, damn	[ˈkɔɫnɛ]
9124	годишник	yearbook	[ˈɡɔdiʃnik]
9125	залепен	to stick, glue	[ˈzalɛpɛn]
9126	контролирање	to control	[kɔntrɔˈliɾaɲɛ]
9127	говорник	speaker	[ˈɡɔvɔrnik]
9128	сакајте	to want, desire	[ˈsakajtɛ]
9129	владетели	ruler	[vɫaˈdɛtɛli]
9130	католички	in a Catholic way	[kaˈtɔlit͡ʃki]
9131	кнез	prince	[knɛs]
9132	рбет	misspelling of ’рбет	/rbɛt/
9133	светилник	light fixture, luminaire	[ˈsvɛtiɫnik]
9134	монитори	monitor	[mɔˈnitɔɾi]
9135	признавање	to confess, admit	[priˈznavaɲɛ]
9136	нулата	zero	[ˈnuɫata]
9137	седнал	to sit down, take a seat	[ˈsɛdnaɫ]
9138	погодоци	guess	[pɔˈɡɔdɔt͡si]
9139	претходник	predecessor, precursor	[ˈprɛtxɔdnik]
9140	манифестира	to manifest	[manifɛsˈtiɾa]
9141	фуј	ew, yuck	[fuj]
9142	торбичка	bag	[ˈtɔrbit͡ʃka]
9143	херпес	herpes	[ˈxɛrpɛs]
9144	патоказ	road sign, signpost	[ˈpatɔkas]
9145	молњи	lightning	[ˈmɔɫɲi]
9146	живци	nerve	[ˈʒift͡si]
9147	создадено	to create, produce	[sɔˈzdadɛnɔ]
9148	долета	to arrive by flying	[ˈdɔlɛta]
9149	пченица	wheat	[ˈpt͡ʃɛnit͡sa]
9150	љубители	enthusiast, devotee, lover, fan	[ʎuˈbitɛli]
9151	тау	tau	[ˈtau]
9152	гитарски	guitar	[ɡiˈtarski]
9153	појасни	to clarify	[ˈpɔjasni]
9154	преобрази	to transform	[prɛˈɔbrazi]
9155	устав	constitution	[ˈustaf]
9156	навигатор	navigator	[naviˈɡatɔr]
9157	дади	sis, older sister, big sis	[ˈdadi]
9158	горен	to burn, be on fire	[ˈɡɔɾɛn]
9159	шина	rail, track	[ˈʃina]
9160	закасни	to be late, arrive late	[ˈzakasni]
9161	вадење	to take out, remove, pull out	[ˈvadɛɲɛ]
9162	јадено	to eat	[ˈjadɛnɔ]
9163	мочаат	to pee, urinate	[ˈmɔt͡ʃaat]
9164	напитоци	potion, drink	[naˈpitɔt͡si]
9165	перверзно	perversely	[ˈpɛrvɛrznɔ]
9166	градби	structure	[ˈɡradbi]
9167	асоцијација	association	[asɔt͡siˈjat͡si(j)a]
9168	согласно	in agreement, in accordance	[ˈsɔɡɫasnɔ]
9169	неважен	unimportant	[ˈnɛvaʒɛn]
9170	очевидец	eyewitness, witness, beholder	[ɔˈt͡ʃɛvidɛt͡s]
9171	трња	plural of трње	[ˈtr̩ɲa]
9172	пописот	unspecified definite singular of попис m	[ˈpɔpisɔt]
9173	загрозува	to endanger	[zaˈɡrɔzuva]
9174	шпанска	Spanish	[ˈʃpanska]
9175	кашлање	winter pasture	[ˈkaʃɫaɲɛ]
9176	нацист	Nazi	[naˈt͡sist]
9177	нездрав	unhealthy	[ˈnɛzdraf]
9178	ладилник	refrigerator	[ˈɫadiɫnik]
9179	жилав	tough, sinewy	[ˈʒiɫaf]
9180	комбинации	combination	[kɔmbiˈnat͡sii]
9181	произведе	to produce	[prɔˈizvɛdɛ]
9182	рачен	hand, arm; brachial	[ˈrat͡ʃɛn]
9183	канцелар	chancellor	[kant͡sɛˈɫar]
9184	гора	forest	[ˈɡɔɾa]
9185	неодолив	irresistible	[nɛˈɔdɔlif]
9186	микроскоп	microscope	[ˈmikrɔskɔp]
9187	пренасочи	to redirect	[prɛˈnasɔt͡ʃi]
9188	единец	single child	[ˈɛdinɛt͡s]
9189	поротници	juror, juryman, juryperson	[pɔˈrɔtnit͡si]
9190	солидно	solidly, firmly, soundly	[ˈsɔlidnɔ]
9191	диспечер	dispatcher, controller, traffic superintendent	[ˈdispɛt͡ʃɛr]
9192	бирање	beer	[ˈbiɾaɲɛ]
9193	запишува	to write down	[zaˈpiʃuva]
9194	инвестира	to invest	[iɱvɛsˈtiɾa]
9195	индиец	Indian	[ˈindi(j)ɛt͡s]
9196	плик	envelope	[plik]
9197	слајд	slide	[sɫajt]
9198	арап	Arab	[ˈaɾap]
9199	вонземјански	alien	[vɔnˈzɛmjanski]
9200	истекување	to expire, run out	[istɛˈkuvaɲɛ]
9201	освети	to avenge	[ˈɔsvɛti]
9202	фунта	pound	[ˈfunta]
9203	ревија	inspection	[ˈrɛvi(j)a]
9204	непријателство	animosity, hostility, enmity	[nɛpriˈjatɛɫstvɔ]
9205	нацрт	sketch, draft	[ˈnat͡sr̩t]
9206	огранок	offshoot, branch	[ˈɔɡranɔk]
9207	капак	lid	[ˈkapak]
9208	чакал	gravel	[ˈt͡ʃakaɫ]
9209	сегашност	present	[ˈsɛɡaʃnɔst]
9210	претпазливо	cautiously, precautiously	[prɛtˈpazlivɔ]
9211	лепи	to stick, glue	[ˈlɛpi]
9212	отпатува	to travel to some destination	[ɔtˈpatuva]
9213	попуши	to smoke for a while	[ˈpɔpuʃi]
9214	летачки	flying	[ˈlɛtat͡ʃki]
9215	дејствија	effect, function	[ˈdɛjstvi(j)a]
9216	дигитален	digital	[diɡiˈtalɛn]
9217	савана	savannah	[saˈvana]
9218	тиранин	tyrant	[ˈtiɾanin]
9219	загреан	to warm up	[ˈzaɡrɛan]
9220	минерална	indefinite feminine singular of минера́лен	[minɛˈraɫna]
9221	смрзнат	frozen	[ˈsmr̩znat]
9222	внуче	grandson	[ˈvnut͡ʃɛ]
9223	установи	to institutionalize, establish	[uˈstanɔvi]
9224	намине	to stop by, pay a visit	[ˈnaminɛ]
9225	британец	Brit	[ˈbritanɛt͡s]
9226	предигра	foreplay	[ˈprɛdiɡra]
9227	пазари	to shop	[ˈpazaɾi]
9228	понизок	low	[ˈpɔnizɔk]
9229	мотивира	to motivate	[mɔtiˈviɾa]
9230	истражувачка	female researcher	[istraˈʒuvat͡ʃka]
9231	пристаништа	harbor, dock, port, haven, wharf	[prisˈtaniʃta]
9232	местенце	diminutive of место n	[ˈmɛstɛnt͡sɛ]
9233	каталог	catalog, catalogue	[ˈkataɫɔk]
9234	валцер	waltz	[ˈvaɫt͡sɛr]
9235	борач	wrestler	[ˈbɔɾat͡ʃ]
9236	ќелави	to go bald	[ˈcɛɫavi]
9237	небесно	celestially	[ˈnɛbɛsnɔ]
9238	твор	skunk	[tvɔr]
9239	одвлекува	to pull away, drag away	[ɔdˈvlɛkuva]
9240	претерува	to overdo, go too far, to exaggerate	[prɛˈtɛɾuva]
9241	рационално	rationally	[rat͡si(j)ɔˈnaɫnɔ]
9242	стаза	track	[ˈstaza]
9243	истакнува	to bring out, cause to stand out	[isˈtaknuva]
9244	упад	invasion, incursion, raid	[ˈupat]
9245	заменет	to replace, substitute	[ˈzamɛnɛt]
9246	брутален	brutal	[ˈbrutalɛn]
9247	предавниците	unspecified definite plural of предавник m	[prɛdavˈnit͡sitɛ]
9248	гејша	geisha	[ˈɡɛjʃa]
9249	грмотевица	thunder	[ɡr̩mɔˈtɛvit͡sa]
9250	нанишани	to aim	[naˈniʃani]
9251	натприродно	supernaturally	[natˈpriɾɔdnɔ]
9252	републиканец	republican	[rɛpubliˈkanɛt͡s]
9253	изведувач	performer	[izˈvɛduvat͡ʃ]
9254	побарувачка	demand	[pɔbaˈruvat͡ʃka]
9255	антилопа	antelope	[antiˈɫɔpa]
9256	флипер	pinball	[ˈflipɛr]
9257	одредување	to determine	[ɔdrɛˈduvaɲɛ]
9258	претпријатие	firm, company, enterprise	[prɛtpriˈjati(j)ɛ]
9259	безначаен	trivial, meaningless, insignificant	[bɛˈznat͡ʃaɛn]
9260	пружа	to extend, hold out	[ˈpruʒa]
9261	морско	sea; marine	[ˈmɔrskɔ]
9262	темелен	thorough, meticulous	[ˈtɛmɛlɛn]
9263	претходен	previous, preceding, past, last	[ˈprɛtxɔdɛn]
9264	пролетен	spring, vernal	[ˈprɔlɛtɛn]
9265	крнтија	wreck, wreckage, junk, rattletrap	[ˈkr̩nti(j)a]
9266	сенат	senate	[ˈsɛnat]
9267	јагниња	lamb	[ˈjaɡniɲa]
9268	заврзан	to tie, bind	[ˈzavr̩zan]
9269	холандски	of the Netherlands; Dutch	[ˈxɔɫantski]
9270	излаже	to lie to, deceive	[ˈizɫaʒɛ]
9271	одјавува	to log out	[ɔdˈjavuva]
9272	провалување	to break in	[prɔvaˈɫuvaɲɛ]
9273	пасишта	pasture, pastureland	[ˈpasiʃta]
9274	предвидува	to foresee, foretell	[prɛdˈviduva]
9275	послушен	obedient	[ˈpɔsɫuʃɛn]
9276	собирач	collector, gatherer	[ˈsɔbiɾat͡ʃ]
9277	створен	to create	[ˈstvɔɾɛn]
9278	камионче	truck	[kamiˈɔnt͡ʃɛ]
9279	максимален	maximal	[maksiˈmalɛn]
9280	непотребен	unneeded, unnecessary	[nɛˈpɔtrɛbɛn]
9281	воздушно	aerially	[ˈvɔzduʃnɔ]
9282	предводи	to lead, head, preside	[ˈprɛdvɔdi]
9283	библиски	biblical	[ˈbibliski]
9284	октопод	octopus	[ˈɔktɔpɔt]
9285	глумата	to pretend, feign, act hypocritically, ingratiate oneself…	[ɡɫuˈmata]
9286	фетиш	fetish	[ˈfɛtiʃ]
9287	драгоцен	precious	[ˈdraɡɔt͡sɛn]
9288	хирурзи	surgeon	[ˈxiɾurzi]
9289	оддалеку	from afar	[ɔdˈdalɛku]
9290	новинарски	journalistic	[nɔˈvinarski]
9291	бдеење	to watch, guard	[ˈbdɛɛɲɛ]
9292	благајник	treasurer	[ˈbɫaɡajnik]
9293	луксузен	luxurious	[ˈɫuksuzɛn]
9294	избричи	to shave	[ˈizbrit͡ʃi]
9295	премиера	premiere	[prɛmiˈɛɾa]
9296	цреша	cherry	[ˈt͡srɛʃa]
9297	азиски	Asian	[ˈaziski]
9298	ѕвезден	starry	[ˈd͡zvɛzdɛn]
9299	желен	desirous, wishful, eager	[ˈʒɛlɛn]
9300	обработува	to cultivate	[ɔbˈrabɔtuva]
9301	смртници	mortal	[ˈsmr̩tnit͡si]
9302	куров	proximal definite singular of кур m	[ˈkuɾɔf]
9303	преминување	to pass, cross	[prɛmiˈnuvaɲɛ]
9304	фрлила	to throw, toss	[ˈfr̩liɫa]
9305	десетка	ten	[ˈdɛsɛtka]
9306	размножување	to reproduce, multiply	[razmnɔˈʒuvaɲɛ]
9307	магнетна	magnetic	[ˈmaɡnɛtna]
9308	англиска	English	[ˈaŋɡliska]
9309	папка	folder	[ˈpapka]
9310	ормари	indefinite plural of ормар	[ˈɔrmaɾi]
9311	поправање	to repair, fix	[pɔˈpravaɲɛ]
9312	функционален	functional	[fuŋkt͡si(j)ɔˈnalɛn]
9313	општина	commune	[ˈɔpʃtina]
9314	слегува	to get off, descend, come down	[ˈslɛɡuva]
9315	лукав	sly, cunning, wily, shifty, crafty, smart, quick-witted	[ˈɫukaf]
9316	соблекува	to strip, undress	[sɔˈblɛkuva]
9317	достапно	availably, reachably	[ˈdɔstapnɔ]
9318	додатно	additionally, supplementarily	[ˈdɔdatnɔ]
9319	бабичке	vocative singular of бабичка f	[ˈbabit͡ʃkɛ]
9320	хармоника	accordion	[xarˈmɔnika]
9321	деветка	nine	[ˈdɛvɛtka]
9322	дружељубив	sociable, gregarious	[druˈʒɛʎubif]
9323	исплаќа	to pay out	[ˈispɫaca]
9324	бендисува	to like, fancy	[bɛnˈdisuva]
9325	делириум	delirium	[dɛˈliɾi(j)um]
9326	фрустрација	frustration	[fruˈstrat͡si(j)a]
9327	ослободител	liberator	[ɔsɫɔˈbɔditɛɫ]
9328	шницла	schnitzel	[ˈʃnit͡sɫa]
9329	взаемно	nonstandard form of заемно	[ˈvzaɛmnɔ]
9330	збунетост	confusion, befuddlement	[ˈzbunɛtɔst]
9331	еднаквост	equality	[ˈɛdnakvɔst]
9332	пневмонија	pneumonia	[pnɛvˈmɔni(j)a]
9333	голта	to swallow	[ˈɡɔɫta]
9334	изгасне	to extinguish, douse	[ˈizɡasnɛ]
9335	гониме	to chase, persecute	[ˈɡɔnimɛ]
9336	опкружува	to surround	[ɔpˈkruʒuva]
9337	кукавички	in a cowardly way	[kuˈkavit͡ʃki]
9338	потресе	to shake up, disturb	[ˈpɔtrɛsɛ]
9339	искористување	to use, exploit	[iskɔɾisˈtuvaɲɛ]
9340	излив	outward flow, spill	[ˈizlif]
9341	занимација	entertainment, entertaining activity	[zaniˈmat͡si(j)a]
9342	наивно	naively, gullibly	[ˈnaivnɔ]
9343	куќарка	hut, cottage, small house	[ˈkucarka]
9344	дамаск	damask	[ˈdamask]
9345	скулптура	sculpture	[skuɫpˈtuɾa]
9346	возвраќа	to reciprocate	[ˈvɔzvraca]
9347	гост	guest	[ɡɔst]
9348	нектар	nectar	[ˈnɛktar]
9349	здрвен	to stiffen, make hard like wood	[ˈzdr̩vɛn]
9350	странично	laterally	[ˈstranit͡ʃnɔ]
9351	дипломат	diplomat	[dipɫɔˈmat]
9352	деверица	bridesmaid	[dɛˈvɛɾit͡sa]
9353	драматичен	dramatic	[draˈmatit͡ʃɛn]
9354	напредно	in an advanced way, progressively	[ˈnaprɛdnɔ]
9355	заздрави	to heal	[ˈzazdravi]
9356	систематски	systematically	[sistɛˈmatski]
9357	лоцира	to locate	[ɫɔˈt͡siɾa]
9358	чир	ulcer	[t͡ʃir]
9359	газди	master, owner	[ˈɡazdi]
9360	туркање	to shove, push	[ˈturkaɲɛ]
9361	траен	lasting, permanent	[ˈtraɛn]
9362	исфрлање	to throw out, throw away	[isˈfr̩ɫaɲɛ]
9363	запрен	to stop	[ˈzaprɛn]
9364	измери	to measure	[ˈizmɛɾi]
9365	градоначалниче	diminutive of градоначалник m	[ɡradɔnaˈt͡ʃaɫnit͡ʃɛ]
9366	бизарно	bizarrely	[ˈbizarnɔ]
9367	снабдувач	supplier	[ˈsnabduvat͡ʃ]
9368	кревање	to lift, raise	[ˈkrɛvaɲɛ]
9369	именуван	to name	[iˈmɛnuvan]
9370	кафетерија	cafeteria	[kafɛˈtɛɾi(j)a]
9371	траење	to last	[ˈtraɛɲɛ]
9372	рабин	rabbi	[ˈrabin]
9373	залуден	vain, futile	[ˈzaɫudɛn]
9374	зезање	to joke with, tease, screw with	[ˈzɛzaɲɛ]
9375	носталгија	nostalgia	[nɔsˈtaɫɡi(j)a]
9376	протече	to start flowing	[ˈprɔtɛt͡ʃɛ]
9377	магма	magma	[ˈmaɡma]
9378	кален	to temper	[ˈkalɛn]
9379	вулкански	volcanically	[ˈvuɫkanski]
9380	пцуе	to swear, curse	[ˈpt͡suɛ]
9381	неповреден	unscathed	[nɛˈpɔvrɛdɛn]
9382	дочека	to finish waiting, get what one has been waiting for	[ˈdɔt͡ʃɛka]
9383	замеша	to involve, implicate	[ˈzamɛʃa]
9384	изгореница	burn	[izɡɔˈrɛnit͡sa]
9385	газдарица	mistress, female owner	[ɡazˈdaɾit͡sa]
9386	заклетви	oath, pledge	[ˈzaklɛtvi]
9387	плима	tide, high tide	[ˈplima]
9388	камоли	let alone, to say nothing of, much less	[ˈkamɔli]
9389	задава	to assign	[ˈzadava]
9390	безжичен	wireless	[ˈbɛʒʒit͡ʃɛn]
9391	радикално	radically	[radiˈkaɫnɔ]
9392	тревник	lawn	[ˈtrɛvnik]
9393	скромност	modesty, humility	[ˈskrɔmnɔst]
9394	резолуција	resolution	[rɛzɔˈɫut͡si(j)a]
9395	транзиција	transition	[tranˈzit͡si(j)a]
9396	слабее	to weaken	[ˈsɫabɛɛ]
9397	мокро	wetly, humidly	[ˈmɔkrɔ]
9398	цреши	cherry	[ˈt͡srɛʃi]
9399	возејќи	to drive	[vɔˈzɛjci]
9400	брич	razor	[brit͡ʃ]
9401	изумирање	to die out, become extinct	[izuˈmiɾaɲɛ]
9402	јата	flock	[ˈjata]
9403	споменува	to mention	[spɔˈmɛnuva]
9404	тегови	weight	[ˈtɛɡɔvi]
9405	потајно	secretly, clandestinely	[ˈpɔtajnɔ]
9406	народен	national, people's	[ˈnaɾɔdɛn]
9407	миља	misspelling of милја	[ˈmiʎa]
9408	бигфут	Bigfoot	[ˈbikfut]
9409	писателка	female writer	[piˈsatɛɫka]
9410	бедник	wretch	[ˈbɛdnik]
9411	јадни	miserable, pathetic, pitiful	[ˈjadni]
9412	мршојадец	vulture	[mr̩ˈʃɔjadɛt͡s]
9413	доцнење	to be late, arrive late	[ˈdɔt͡snɛɲɛ]
9414	лом	mess, rumpus	[ɫɔm]
9415	доминација	domination	[dɔmiˈnat͡si(j)a]
9416	внимателност	attentiveness, attention	[vniˈmatɛɫnɔst]
9417	суеверие	superstition	[suɛˈvɛɾi(j)ɛ]
9418	револуционер	revolutionary	[rɛvɔɫut͡si(j)ɔˈnɛr]
9419	супериорен	superior	[supɛɾiˈɔɾɛn]
9420	репортажа	report, story	[rɛpɔrˈtaʒa]
9421	егзотично	exotically	[ɛɡˈzɔtit͡ʃnɔ]
9422	погуби	to execute	[ˈpɔɡubi]
9423	неуспешно	unsuccessfully	[nɛˈuspɛʃnɔ]
9424	сурфер	surfer	[ˈsurfɛr]
9425	витка	to bend, curve	[ˈvitka]
9426	обвивка	cover, casing, wrapper	[ˈɔbvifka]
9427	јагуар	jaguar	[ˈjaɡuar]
9428	потрошен	consumable, intended to be consumed	[ˈpɔtrɔʃɛn]
9429	метален	metal	[ˈmɛtalɛn]
9430	срби	indefinite plural	[ˈsr̩bi]
9431	натпреварувач	competitor, contestant	[natprɛˈvaɾuvat͡ʃ]
9432	стада	herd, flock	[ˈstada]
9433	почетничка	female beginner	[pɔˈt͡ʃɛtnit͡ʃka]
9434	малу	a little, a bit	[ˈmaɫu]
9435	минат	previous, past, last	[ˈminat]
9436	тренд	trend	[trɛnt]
9437	потпора	support	[ˈpɔtpɔɾa]
9438	отежнува	to make more difficult	[ɔˈtɛʒnuva]
9439	одвојување	to separate	[ɔdvɔˈjuvaɲɛ]
9440	подвиг	feat	[ˈpɔdvik]
9441	замрзне	to turn to ice, to freeze	[ˈzamr̩znɛ]
9442	напредување	to progress	[naprɛˈduvaɲɛ]
9443	отиден	to go	[ˈɔtidɛn]
9444	стриптизета	female stripper	[striptiˈzɛta]
9445	безмалку	almost, close to	[ˈbɛzmaɫku]
9446	капути	coat	[ˈkaputi]
9447	палачинка	pancake	[paɫaˈt͡ʃiŋka]
9448	балистика	ballistics	[baˈlistika]
9449	олтар	altar	[ˈɔɫtar]
9450	заборав	oblivion	[ˈzabɔɾaf]
9451	приврзаност	attachment	[priˈvr̩zanɔst]
9452	цивилизиран	civilized	[t͡siviliˈziɾan]
9453	честита	to congratulate	[ˈt͡ʃɛstita]
9454	благосостојба	welfare, well-being, prosperity	[bɫaɡɔˈsɔstɔjba]
9455	прашале	plural imperfect/aorist l-participle of праша	[ˈpraʃalɛ]
9456	светлечки	shining, flashing, light-emitting	[ˈsvɛtlɛt͡ʃki]
9457	зафрканција	joke, joking	[zafr̩ˈkant͡si(j)a]
9458	кривини	curve, bend	[ˈkrivini]
9459	летно	in a summery way, summerily	[ˈlɛtnɔ]
9460	погубен	pernicious, devastating, deleterious	[ˈpɔɡubɛn]
9461	победничка	female winner	[pɔˈbɛdnit͡ʃka]
9462	лизгав	slippery	[ˈlizɡaf]
9463	ограбување	to rob	[ɔɡraˈbuvaɲɛ]
9464	довлечка	to drag something to some place, to bring someone to some…	[ˈdɔvlɛt͡ʃka]
9465	финансирање	to finance	[finanˈsiɾaɲɛ]
9466	керка	misspelling of ќерка	[ˈkɛrka]
9467	ангажира	to engage, give a task to	[aŋɡaˈʒiɾa]
9468	лиги	league, association	[ˈliɡi]
9469	кочии	carriage, coach	[ˈkɔt͡ʃii]
9470	видлив	visible	[ˈvidlif]
9471	надомести	to make up for, compensate	[naˈdɔmɛsti]
9472	клучно	crucially, principally	[ˈkɫut͡ʃnɔ]
9473	предупреден	to warn, admonish	[prɛˈduprɛdɛn]
9474	сексуалност	sexuality	[sɛksuˈaɫnɔst]
9475	вообразен	imagined	[vɔˈɔbrazɛn]
9476	кујнски	kitchen, culinary	[ˈkujnski]
9477	микрочип	microchip	[ˈmikrɔt͡ʃip]
9478	вторпат	for a second time	[ˈftɔrpat]
9479	портокалов	orange	[pɔrˈtɔkaɫɔf]
9480	менаџмент	management	[ˈmɛnad͡ʒmɛnt]
9481	детективка	female detective	[dɛtɛkˈtifka]
9482	дрка	to jerk off, masturbate	[ˈdr̩ka]
9483	спротивност	opposition, contrast	[ˈsprɔtivnɔst]
9484	полен	pollen	[ˈpɔlɛn]
9485	лавина	avalanche	[ˈɫavina]
9486	катедрала	cathedral	[katɛˈdraɫa]
9487	парадокс	paradox	[ˈpaɾadɔks]
9488	кондиција	physical fitness	[kɔnˈdit͡si(j)a]
9489	премал	too small	[ˈprɛmaɫ]
9490	интензивно	intensively	[intɛnˈzivnɔ]
9491	скокајте	to jump, spring, leap	[ˈskɔkajtɛ]
9492	депонија	dump, landfill, junkyard	[dɛˈpɔni(j)a]
9493	оживува	to rise from the dead, come back to life	[ɔˈʒivuva]
9494	оптужен	to charge, indict	[ˈɔptuʒɛn]
9495	фолија	foil	[ˈfɔli(j)a]
9496	припази	to watch over, keep an eye on for a while	[ˈpripazi]
9497	драстично	drastically	[ˈdrastit͡ʃnɔ]
9498	соучесници	accomplice	[sɔuˈt͡ʃɛsnit͡si]
9499	ракав	sleeve	[ˈrakaf]
9500	јамка	loop	[ˈjamka]
9501	проширување	to expand	[prɔʃiˈruvaɲɛ]
9502	ета	eta	[ˈɛta]
9503	ескадрила	squadron	/ɛskaˈdriɫa/
9504	рѓа	misspelling of ’рѓа	/ɾɟa/
9505	задржување	to detain, hold back, keep longer than expected, not release	[zadr̩ˈʒuvaɲɛ]
9506	безначајно	insignificantly, meaninglessly	[bɛˈznat͡ʃajnɔ]
9507	буцко	a plump person	[ˈbut͡skɔ]
9508	организирано	in an organized way	[ɔrɡaniˈziɾanɔ]
9509	гусар	pirate	[ˈɡusar]
9510	тркање	to race	[ˈtr̩kaɲɛ]
9511	недвижен	real-estate	[ˈnɛdviʒɛn]
9512	алгоритам	algorithm	[aɫɡɔˈritam]
9513	немат	nonstandard form of нема	[ˈnɛmat]
9514	влијанија	influence	[vliˈjani(j)a]
9515	непрофесионално	unprofessionally	[nɛprɔfɛsi(j)ɔˈnaɫnɔ]
9516	ублажи	to allay, alleviate, assuage, mitigate, palliate	[ˈubɫaʒi]
9517	повратен	reflexive	[ˈpɔvratɛn]
9518	обратен	reverse, opposite	[ˈɔbratɛn]
9519	серете	to defecate, shit	[ˈsɛɾɛtɛ]
9520	пудлица	poodle	[ˈpudlit͡sa]
9521	скакулци	grasshopper	[ˈskakuɫt͡si]
9522	процесор	processor	[prɔˈt͡sɛsɔr]
9523	џепарлак	pocket money, allowance	[d͡ʒɛˈparɫak]
9524	канџа	claw	[ˈkand͡ʒa]
9525	дизајнира	to design	[dizajˈniɾa]
9526	базука	bazooka	[baˈzuka]
9527	мрзи	to be lazy	[ˈmr̩zi]
9528	микрофони	indefinite plural of микрофо́н	[mikrɔˈfɔni]
9529	стажист	intern	[staˈʒist]
9530	лизне	to slide	[ˈliznɛ]
9531	избоден	to stab thoroughly, stab multiple times	[ˈizbɔdɛn]
9532	едрење	to sail	[ˈɛdrɛɲɛ]
9533	нем	mute, dumb	[nɛm]
9534	извод	extract	[ˈizvɔt]
9535	киднапер	kidnapper	[kidnaˈpɛr]
9536	кетеринг	catering	[ˈkɛtɛɾiŋk]
9537	лаванда	lavender	[ɫaˈvanda]
9538	плодност	fertility, fruitfulness	[ˈpɫɔdnɔst]
9539	пукнат	to crack, split	[ˈpuknat]
9540	поглавар	chief, head, chieftain	[ˈpɔɡɫavar]
9541	мотивиран	to motivate	[mɔtiˈviɾan]
9542	зрачење	radiation	[ˈzrat͡ʃɛɲɛ]
9543	бучи	roar, rumble, bluster	[ˈbut͡ʃi]
9544	одбројува	to count down	[ɔdˈbrɔjuva]
9545	вертикално	vertically	[vɛrtiˈkaɫnɔ]
9546	цивилизации	civilization	[t͡siviliˈzat͡sii]
9547	дијабетичар	diabetic	[di(j)aˈbɛtit͡ʃar]
9548	зрачи	to radiate	[ˈzrat͡ʃi]
9549	џвака	to chew	[ˈd͡ʒvaka]
9550	сесии	session	[ˈsɛsii]
9551	трчал	to run	[ˈtr̩t͡ʃaɫ]
9552	проповедник	preacher	[prɔˈpɔvɛdnik]
9553	дупчење	to perforate, pierce, drill	[ˈdupt͡ʃɛɲɛ]
9554	дијалект	dialect	[di(j)aˈlɛkt]
9555	тазе	fresh	[ˈtazɛ]
9556	бај	to chant	[baj]
9557	вицеви	joke, funny story, gag, rib-tickler	[ˈvit͡sɛvi]
9558	сојузен	federal, of an alliance	[ˈsɔjuzɛn]
9559	реформа	reform	[rɛˈfɔrma]
9560	стегнат	concise, terse	[ˈstɛɡnat]
9561	нафтена	petrol	[ˈnaftɛna]
9562	јурисдикција	jurisdiction	[juɾizˈdikt͡si(j)a]
9563	почетоци	beginning	[pɔˈt͡ʃɛtɔt͡si]
9564	впечатливо	strikingly, remarkably	[fpɛˈt͡ʃatlivɔ]
9565	имиџ	image	[ˈimit͡ʃ]
9566	коња	count plural of коњ m	[ˈkɔɲa]
9567	напојува	to charge	[naˈpɔjuva]
9568	специјалец	soldier in the special forces	[spɛt͡siˈjalɛt͡s]
9569	прибере	to gather	[ˈpribɛɾɛ]
9570	градско	urban, of the city	[ˈɡratskɔ]
9571	гробници	tomb, crypt, sepulchre, burial chamber	[ˈɡrɔbnit͡si]
9572	грото	most, the bulk of	[ˈɡrɔtɔ]
9573	викајќи	to shout, yell	[viˈkajci]
9574	пагански	pagan, paganic	[ˈpaɡanski]
9575	плашливец	coward, scaredy-cat	[ˈpɫaʃlivɛt͡s]
9576	роси	to drizzle	[ˈrɔsi]
9577	кампови	camp	[ˈkampɔvi]
9578	варвари	barbarian	[ˈvarvaɾi]
9579	упорност	persistence, tenacity	[ˈupɔrnɔst]
9580	успивање	to put to sleep	[uˈspivaɲɛ]
9581	тротоар	sidewalk, pavement	[trɔtɔˈar]
9582	цистерна	cistern	[ˈt͡sistɛrna]
9583	наредно	next	[ˈnaɾɛdnɔ]
9584	пикап	pickup truck	[ˈpikap]
9585	засилува	to strengthen, reinforce, amplify, intensify	[zaˈsiɫuva]
9586	олимпијада	Olympics	[ɔlimpiˈjada]
9587	грозница	fever	[ˈɡrɔznit͡sa]
9588	предбрачен	premarital	[ˈprɛdbrat͡ʃɛn]
9589	невработен	unemployed	[nɛˈvrabɔtɛn]
9590	мамци	bait	[ˈmamt͡si]
9591	конфузија	confusion	[kɔɱˈfuzi(j)a]
9592	бармен	barman	[ˈbarmɛn]
9593	стапне	to step, set foot	[ˈstapnɛ]
9594	сидро	anchor	[ˈsidrɔ]
9595	фара	count plural of фар m	[ˈfaɾa]
9596	пелин	wormwood	[ˈpɛlin]
9597	потопи	to immerse, plunge, sink	[ˈpɔtɔpi]
9598	заигра	to start playing, dancing	[ˈzaiɡra]
9599	плач	crying, weeping, cry	[pɫat͡ʃ]
9600	сочно	juicily, succulently	[ˈsɔt͡ʃnɔ]
9601	умори	to tire, exhaust	[ˈumɔɾi]
9602	напамет	by heart	[ˈnapamɛt]
9603	просечно	on average	[ˈprɔsɛt͡ʃnɔ]
9604	кошаркарски	basketball	[kɔˈʃarkarski]
9605	оцена	grade, evaluation	[ˈɔt͡sɛna]
9606	несигурно	unsurely, uncertainly, unconfidently	[nɛˈsiɡurnɔ]
9607	виетнамски	Vietnamese	[viˈɛtnamski]
9608	артист	artist	[arˈtist]
9609	апсен	to arrest, imprison	[ˈapsɛn]
9610	клинички	clinically	[ˈklinit͡ʃki]
9611	вој	howl	[vɔj]
9612	плачел	to cry, weep	[ˈpɫat͡ʃɛɫ]
9613	разбраа	to understand, comprehend	[ˈrazbraa]
9614	ликер	liqueur	[ˈlikɛr]
9615	провод	good time, fun	[ˈprɔvɔt]
9616	трио	trio	[ˈtri(j)ɔ]
9617	везир	vizier	[ˈvɛzir]
9618	искушенија	temptation	[iskuˈʃɛni(j)a]
9619	вршење	to perform, carry out	[ˈvr̩ʃɛɲɛ]
9620	чорап	sock	[ˈt͡ʃɔɾap]
9621	попусто	in vain	[ˈpɔpustɔ]
9622	грмотевици	thunder	[ɡr̩mɔˈtɛvit͡si]
9623	шепотење	to whisper	[ʃɛˈpɔtɛɲɛ]
9624	основи	base, basis	[ˈɔsnɔvi]
9625	бода	count plural of бод m	[ˈbɔda]
9626	моментален	momentary	[mɔmɛnˈtalɛn]
9627	изменет	to alter, modify	[ˈizmɛnɛt]
9628	куќен	house	[ˈkucɛn]
9629	дрска	to have diarrhea	[ˈdr̩ska]
9630	докторат	doctorate, doctoral degree	[dɔktɔˈrat]
9631	рандеву	rendezvous, meeting	[randɛˈvu]
9632	слетува	to land	[ˈslɛtuva]
9633	намуртен	to scowl, frown	[ˈnamurtɛn]
9634	усреќува	to gladden, make happy	[uˈsrɛcuva]
9635	исекле	to cut	[ˈisɛklɛ]
9636	отплата	repayment, paying off	[ˈɔtpɫata]
9637	соочен	to confront, face	[ˈsɔɔt͡ʃɛn]
9638	нацистички	in the manner of a Nazi	[naˈt͡sistit͡ʃki]
9639	вовед	introduction	[ˈvɔvɛt]
9640	душичка	soul	[ˈduʃit͡ʃka]
9641	простата	prostate, prostate gland	[prɔsˈtata]
9642	недопрен	untouched	[ˈnɛdɔprɛn]
9643	осумдесет	eighty	[ɔˈsumdɛsɛt]
9644	бањи	bath	[ˈbaɲi]
9645	христијанка	Christian woman	[xrisˈti(j)aŋka]
9646	бегалка	female refugee, female fugitive	[ˈbɛɡaɫka]
9647	несигурност	uncertainty, incertitude	[nɛˈsiɡurnɔst]
9648	лушпи	peel	[ˈɫuʃpi]
9649	кратенка	abbreviation	[ˈkratɛŋka]
9650	јадејќи	to eat	[jaˈdɛjci]
9651	искушува	to tempt	[isˈkuʃuva]
9652	опушта	to relax	[ˈɔpuʃta]
9653	горчлив	bitter	[ˈɡɔrt͡ʃlif]
9654	сноб	snob	[snɔp]
9655	филтер	filter	[ˈfiɫtɛr]
9656	просјак	beggar	[ˈprɔsjak]
9657	задева	to tease, molest	[ˈzadɛva]
9658	боцка	spike	[ˈbɔt͡ska]
9659	џихад	jihad	[ˈd͡ʒixat]
9660	заебавање	to screw with, poke fun at, take the piss	[zaɛˈbavaɲɛ]
9661	рерна	oven	[ˈrɛrna]
9662	лифтови	elevator, lift	[ˈliftɔvi]
9663	блескаво	shinily, sparklingly	[ˈblɛskavɔ]
9664	воскреснување	to rise from the dead, resurrect	[vɔskrɛsˈnuvaɲɛ]
9665	тераса	terrace	[tɛˈrasa]
9666	молби	request, plea	[ˈmɔɫbi]
9667	кокошките	unspecified definite plural of кокошка f	[kɔˈkɔʃkitɛ]
9668	ангажиран	to engage, give a task to	[aŋɡaˈʒiɾan]
9669	пациентка	female patient	[pat͡siˈɛntka]
9670	вел	veil	[vɛɫ]
9671	шесте	six	[ˈʃɛstɛ]
9672	чвор	knot, node	[t͡ʃvɔr]
9673	одземање	subtraction	[ɔdˈzɛmaɲɛ]
9674	еколошки	ecologically	[ɛˈkɔɫɔʃki]
9675	вепар	wild boar, usually male	[ˈvɛpar]
9676	пијалаци	beverage, drink	[piˈjaɫat͡si]
9677	шајка	nail	[ˈʃajka]
9678	дезодоранс	deodorant	[dɛzɔdɔˈrans]
9679	координира	to coordinate	[kɔɔrdiˈniɾa]
9680	издаден	protuberant, projecting	[ˈizdadɛn]
9681	стотки	hundred	[ˈstɔtki]
9682	пури	cigar	[ˈpuɾi]
9683	лимони	lemon	[ˈlimɔni]
9684	разоткрие	to expose, reveal	[raˈzɔtkri(j)ɛ]
9685	алеја	alameda, allée, alley	[aˈlɛja]
9686	логори	camp, encampment, bivouac	[ˈɫɔɡɔɾi]
9687	летечка	flying	[ˈlɛtɛt͡ʃka]
9688	бескраен	endless, infinite	[ˈbɛskraɛn]
9689	зрело	ripely, maturely	[ˈzrɛɫɔ]
9690	мамут	mammoth	[ˈmamut]
9691	мавта	to wave, brandish	[ˈmafta]
9692	монструми	monster	[ˈmɔnstrumi]
9693	прогон	prosecution, banishment	[ˈprɔɡɔn]
9694	бензиска	feminine singular of бензиски	[ˈbɛnziska]
9695	евакуира	to evacuate	[ɛvakuˈiɾa]
9696	мноштво	multitude, plenitude	[ˈmnɔʃtvɔ]
9697	фаворит	favourite	[favɔˈrit]
9698	затрескан	infatuated, besotted, smitten	[ˈzatrɛskan]
9699	обземен	to consume, possess, obsess	[ˈɔbzɛmɛn]
9700	таи	to conceal, keep secret	[ˈtai]
9701	светол	lucid, light, bright	[ˈsvɛtɔɫ]
9702	одразува	to reflect	[ɔdˈrazuva]
9703	блуз	blues	[bɫus]
9704	дои	to breastfeed	[ˈdɔi]
9705	измеша	to mix, blend	[ˈizmɛʃa]
9706	зачепи	to plug, seal with a plug	[ˈzat͡ʃɛpi]
9707	прскање	to spray, sprout	[ˈpr̩skaɲɛ]
9708	поткуп	bribe	[ˈpɔtkup]
9709	голман	goalkeeper	[ˈɡɔɫman]
9710	готвачи	cook, chef	[ˈɡɔtvat͡ʃi]
9711	кривица	guilt, fault, blame	[ˈkrivit͡sa]
9712	јакни	jacket	[ˈjakni]
9713	наведување	to list, enumerate, cite, quote	[navɛˈduvaɲɛ]
9714	резиденција	residence of a politically powerful person	[rɛziˈdɛnt͡si(j)a]
9715	алтернативен	alternative	[aɫtɛrnaˈtivɛn]
9716	гајба	crate, box	[ˈɡajba]
9717	стапува	to set foot, step	[ˈstapuva]
9718	дукс	clipping of дуксер	[duks]
9719	монаси	monk	[ˈmɔnasi]
9720	настрано	queerly, bizarrely	[ˈnastranɔ]
9721	стаклен	glass	[ˈstaklɛn]
9722	сработи	to perform, execute, finish	[ˈsrabɔti]
9723	вистинит	true, truthful	[ˈvistinit]
9724	воздигне	to elevate	[ˈvɔzdiɡnɛ]
9725	маичка	T-shirt	[ˈmait͡ʃka]
9726	моливи	indefinite plural of молив m	[ˈmɔlivi]
9727	склони	to bend, incline, decline	[ˈskɫɔni]
9728	краставици	cucumber	[krasˈtavit͡si]
9729	чуван	to keep, store	[ˈt͡ʃuvan]
9730	бесмислица	nonsense, tommyrot	[bɛˈsmislit͡sa]
9731	заплаши	to intimidate	[ˈzapɫaʃi]
9732	билијард	misspelling of билјард	[biliˈjart]
9733	звучник	loudspeaker	[ˈzvut͡ʃnik]
9734	фрлате	to throw, cast	[ˈfr̩ɫatɛ]
9735	прекршува	to violate, breech	[prɛˈkr̩ʃuva]
9736	размер	scale, measure	[ˈrazmɛr]
9737	викинг	Viking	[ˈvikiŋk]
9738	терористичките	terroristic	[tɛɾɔɾisˈtit͡ʃkitɛ]
9739	сослуша	to hear out	[ˈsɔsɫuʃa]
9740	тренери	trainer, coach	[ˈtrɛnɛɾi]
9741	приведен	to bring into a police station, take into custody	[ˈprivɛdɛn]
9742	крепост	fortress, stronghold	[ˈkrɛpɔst]
9743	делување	to appear, seem	[dɛˈɫuvaɲɛ]
9744	дневни	daily	[ˈdnɛvni]
9745	снегулка	snowflake	[ˈsnɛɡuɫka]
9746	слепец	a blind man	[ˈslɛpɛt͡s]
9747	наследничка	heiress	[naˈslɛdnit͡ʃka]
9748	охрабри	to encourage	[ˈɔxrabri]
9749	веселба	merriment, joy	[ˈvɛsɛɫba]
9750	југозапад	southwest	[juɡɔˈzapat]
9751	отсек	segment, division	[ˈɔtsɛk]
9752	претстои	to await, be imminent, impend	[ˈprɛtstɔi]
9753	разузнавачи	indefinite plural	[razuˈznavat͡ʃi]
9754	внесува	to bring in	[ˈvnɛsuva]
9755	верски	religiously	[ˈvɛrski]
9756	хотелски	hotel	[ˈxɔtɛɫski]
9757	нави	malevolent mythical creatures	[ˈnavi]
9758	стотка	hundred	[ˈstɔtka]
9759	проверен	to check, verify	[ˈprɔvɛɾɛn]
9760	бравите	unspecified definite plural of брав m	[ˈbravitɛ]
9761	изложување	to exhibit, display, expose	[izɫɔˈʒuvaɲɛ]
9762	доживување	experience	[dɔʒiˈvuvaɲɛ]
9763	срциња	heart	[ˈsr̩t͡siɲa]
9764	докер	dockworker, docker, longshoreman	[ˈdɔkɛr]
9765	троп	trope	[trɔp]
9766	наклонетост	inclination, disposition	[naˈkɫɔnɛtɔst]
9767	записник	proceedings, minutes	[ˈzapisnik]
9768	тампон	tampon	[tamˈpɔn]
9769	разнесувач	distributor, delivery boy	[razˈnɛsuvat͡ʃ]
9770	домат	tomato	[ˈdɔmat]
9771	објава	proclamation, announcement	[ˈɔbjava]
9772	стрина	aunt	[ˈstrina]
9773	снаодлив	resourceful, competent	[ˈsnaɔdlif]
9774	осуммина	eight individuals	[ɔˈsummina]
9775	полјак	Pole	[ˈpɔʎak]
9776	помирување	to reconcile, conciliate	[pɔmiˈruvaɲɛ]
9777	балкон	balcony	[ˈbaɫkɔn]
9778	свекор	father-in-law	[ˈsvɛkɔr]
9779	простак	simpleton, oaf, boor	[ˈprɔstak]
9780	рамнина	plain	[ˈramnina]
9781	поведение	behaviour	[pɔvɛˈdɛni(j)ɛ]
9782	осуда	verdict, conviction	[ˈɔsuda]
9783	групно	as a group	[ˈɡrupnɔ]
9784	лансира	to launch	[ɫanˈsiɾa]
9785	пријавува	to report	[priˈjavuva]
9786	математичар	mathematician	[matɛˈmatit͡ʃar]
9787	буни	to confuse	[ˈbuni]
9788	копук	A person with unlikable qualities	[ˈkɔpuk]
9789	присилува	to compel, coerce, force	[priˈsiɫuva]
9790	фрустриран	to frustrate	[fruˈstriɾan]
9791	поштенско	postal	[ˈpɔʃtɛnskɔ]
9792	вистини	truth	[ˈvistini]
9793	повози	to drive for a while	[ˈpɔvɔzi]
9794	комарец	mosquito	[ˈkɔmaɾɛt͡s]
9795	поклопување	to put a lid on, conceal with a container	[pɔkɫɔˈpuvaɲɛ]
9796	ребро	rib	[ˈrɛbrɔ]
9797	кама	a kind of dagger	[ˈkama]
9798	апликации	application, use	[apliˈkat͡sii]
9799	терористичката	terroristic	[tɛɾɔɾisˈtit͡ʃkata]
9800	расеан	absent-minded, scatterbrained	[ˈrasɛan]
9801	лизгаво	slipperily	[ˈlizɡavɔ]
9802	итро	cunningly, craftily, shrewdly	[ˈitrɔ]
9803	копита	hoof	[ˈkɔpita]
9804	настанува	to emerge, arise, appear	[nasˈtanuva]
9805	премија	prize	[ˈprɛmi(j)a]
9806	динари	dinar	[ˈdinaɾi]
9807	тапи	to blunt	[ˈtapi]
9808	микробранова	ellipsis of микробранова печка: microwave	[mikrɔˈbranɔva]
9809	групите	unspecified definite plural of група f	[ˈɡrupitɛ]
9810	неблагодарен	ungrateful	[nɛbɫaˈɡɔdaɾɛn]
9811	префрла	to transfer	[ˈprɛfr̩ɫa]
9812	бучно	noisily	[ˈbut͡ʃnɔ]
9813	смалува	to shrink, decrease, reduce	[ˈsmaɫuva]
9814	дарежливо	generously, munificently	[daˈrɛʒlivɔ]
9815	домаќини	host, head of household	[dɔˈmacini]
9816	трансмисија	transmission	[tranˈsmisi(j)a]
9817	правосмукалка	vacuum cleaner	[pravɔˈsmukaɫka]
9818	мечувалец	swordsman, swordfighter	[mɛˈt͡ʃuvalɛt͡s]
9819	чистота	cleanliness, purity, hygiene	[ˈt͡ʃistɔta]
9820	лоциран	to locate	[ɫɔˈt͡siɾan]
9821	колк	hip	[kɔɫk]
9822	ординација	doctor's office	[ɔrdiˈnat͡si(j)a]
9823	југоисток	southeast	[juɡɔˈistɔk]
9824	лог	log	[ɫɔk]
9825	императоре	emperor	
9826	семки	pit	[ˈsɛmki]
9827	немир	disquiet, agitation, unrest	[ˈnɛmir]
9828	бруцош	freshman, first-year	[ˈbrut͡sɔʃ]
9829	бикови	bull	[ˈbikɔvi]
9830	обележи	to mark	[ɔˈbɛlɛʒi]
9831	психа	psyche	[ˈpsixa]
9832	погледа	to look at for a while	[ˈpɔɡlɛda]
9833	имбецил	imbecile	[imbɛˈt͡siɫ]
9834	развивање	to develop	[razˈvivaɲɛ]
9835	флејта	flute	[ˈflɛjta]
9836	болничарка	female paramedic	[bɔɫˈnit͡ʃarka]
9837	вратар	doorman, porter, janitor	[ˈvratar]
9838	десница	right hand	[ˈdɛsnit͡sa]
9839	тресеше	to shake	[ˈtrɛsɛʃɛ]
9840	селанка	peasant woman	[ˈsɛɫaŋka]
9841	туба	tube	[ˈtuba]
9842	бора	count plural of бор m	[ˈbɔɾa]
9843	скокнат	to jump, leap, spring	[ˈskɔknat]
9844	колумбиски	Colombian, Columbian	[kɔˈɫumbiski]
9845	суптилно	subtly	[ˈsuptiɫnɔ]
9846	жртвено	sacrificially	[ˈʒr̩tvɛnɔ]
9847	родителство	parenthood	[rɔˈditɛɫstvɔ]
9848	жар	ember	[ʒar]
9849	извиднички	scout	[izˈvidnit͡ʃki]
9850	марама	headscarf, kerchief, hood	[ˈmaɾama]
9851	семиња	seed	[ˈsɛmiɲa]
9852	пешачи	to walk, go by foot	[ˈpɛʃat͡ʃi]
9853	нереди	mess, disorder	[ˈnɛɾɛdi]
9854	одбран	to choose, select	[ˈɔdbran]
9855	пирамиди	pyramid	[piɾaˈmidi]
9856	плетенки	plait, braid	[ˈplɛtɛŋki]
9857	согорување	combustion, burning	[sɔɡɔˈruvaɲɛ]
9858	демне	to stalk	[ˈdɛmnɛ]
9859	конекција	connection	[kɔˈnɛkt͡si(j)a]
9860	продавачка	saleswoman, female vendor	[prɔˈdavat͡ʃka]
9861	палта	coat	[ˈpaɫta]
9862	поработи	to work for a while, work a little	[pɔˈrabɔti]
9863	ќа	nonstandard form of ќе	[ca]
9864	шпионажа	espionage	[ʃpi(j)ɔˈnaʒa]
9865	бабичка	grandmother, grandma, granny, gran	[ˈbabit͡ʃka]
9866	присебен	composed, poised, having self-control	[ˈprisɛbɛn]
9867	избеган	to run away	[ˈizbɛɡan]
9868	екстремен	extreme	[ˈɛkstrɛmɛn]
9869	маникир	manicure	[maniˈkir]
9870	миротворец	peacemaker	[miˈrɔtvɔɾɛt͡s]
9871	внатрешност	inside, interior	[ˈvnatrɛʃnɔst]
9872	народите	unspecified definite plural of народ m	[naˈrɔditɛ]
9873	хипотеза	hypothesis	[xipɔˈtɛza]
9874	опстане	to survive, subsist	[ˈɔpstanɛ]
9875	холивудски	Hollywood	[xɔˈlivutski]
9876	поротник	juror, juryman, juryperson	[ˈpɔɾɔtnik]
9877	цареви	czar, tsar, tzar	[ˈt͡saɾɛvi]
9878	попушта	to give away, collapse, cave in	[ˈpɔpuʃta]
9879	третиран	to treat	[trɛˈtiɾan]
9880	чепка	to touch	[ˈt͡ʃɛpka]
9881	маме	momma	[ˈmamɛ]
9882	црти	line	[ˈt͡sr̩ti]
9883	десетар	corporal	[ˈdɛsɛtar]
9884	деветте	nine	[ˈdɛvɛttɛ]
9885	десетмина	ten individuals	[dɛˈsɛtmina]
9886	замрзнува	to freeze	[zaˈmr̩znuva]
9887	мандарински	Mandarin	[mandaˈrinski]
9888	муле	mule	[ˈmulɛ]
9889	архангел	archangel	[arˈxaŋɡɛɫ]
9890	обелиск	obelisk	[ˈɔbɛlisk]
9891	тук	lard	[tuk]
9892	шеик	sheik, sheikh	[ˈʃɛik]
9893	проценки	estimate, approximation	[ˈprɔt͡sɛŋki]
9894	богородица	an icon or other artifact with the image of Virgin Mary	[bɔɡɔˈrɔdit͡sa]
9895	тужител	plaintiff	[ˈtuʒitɛɫ]
9896	мажјаци	male	[ˈmaʒjat͡si]
9897	колапс	collapse	[ˈkɔɫaps]
9898	сифилис	syphilis	[ˈsifilis]
9899	прслук	brassier	[ˈpr̩sɫuk]
9900	рестартира	to restart	[rɛstarˈtiɾa]
9901	педофил	pedophile	[pɛdɔˈfiɫ]
9902	немоќен	powerless, impotent	[ˈnɛmɔcɛn]
9903	цицаш	to suck, suckle	[ˈt͡sit͡saʃ]
9904	амерички	American	[aˈmɛɾit͡ʃki]
9905	небитно	irrelevantly, unimportantly	[ˈnɛbitnɔ]
9906	поместува	to move, shift	[pɔˈmɛstuva]
9907	авокадо	avocado	[avɔˈkadɔ]
9908	азот	nitrogen	[ˈazɔt]
9909	основач	founder	[ˈɔsnɔvat͡ʃ]
9910	изваден	to pull out, take out	[ˈizvadɛn]
9911	русинка	Russian woman	[ˈrusiŋka]
9912	хакира	to hack	[xaˈkiɾa]
9913	фризби	frisbee	[ˈfrizbi]
9914	панел	panel	[ˈpanɛɫ]
9915	јен	yen	[jɛn]
9916	легнува	to lie down	[ˈlɛɡnuva]
9917	лишен	to deprive, divest	[ˈliʃɛn]
9918	фотографирање	to photograph	[fɔtɔɡraˈfiɾaɲɛ]
9919	симнување	to lower, bring down, descend	[simˈnuvaɲɛ]
9920	испаничи	to panic	[isˈpanit͡ʃi]
9921	инсулин	insulin	[insuˈlin]
9922	обновување	renewal, reconstruction, restoration	[ɔbnɔˈvuvaɲɛ]
9923	оток	swelling	[ˈɔtɔk]
9924	незрел	immature, unripe	[ˈnɛzrɛɫ]
9925	клип	video clip	[klip]
9926	регионален	regional	[rɛɡi(j)ɔˈnalɛn]
9927	баскет	basketball	[ˈbaskɛt]
9928	преферира	to prefer	[prɛfɛˈriɾa]
9929	предвидување	to foresee, foretell	[prɛdviˈduvaɲɛ]
9930	изнајмува	to let	[izˈnajmuva]
9931	апсолутен	absolute	[apsɔˈɫutɛn]
9932	желудник	stomach	[ˈʒɛɫudnik]
9933	предводник	leader, head	[ˈprɛdvɔdnik]
9934	брдо	hill, mountain	[ˈbr̩dɔ]
9935	креда	chalk	[ˈkrɛda]
9936	развиен	developed	[ˈrazvi(j)ɛn]
9937	костур	skeleton	[ˈkɔstur]
9938	лажичка	teaspoon	[ˈɫaʒit͡ʃka]
9939	извиси	to stand up	[ˈizvisi]
9940	кисели	to pickle, make sour	[ˈkisɛli]
9941	гумена	rubber	[ˈɡumɛna]
9942	спанко	sleepyhead	[ˈspaŋkɔ]
9943	покајание	repentance	[pɔkaˈjani(j)ɛ]
9944	катови	corner	[ˈkatɔvi]
9945	навлегува	enter	[naˈvlɛɡuva]
9946	раководство	management	[raˈkɔvɔtstvɔ]
9947	датира	to date	[daˈtiɾa]
9948	клетви	curse	[ˈklɛtvi]
9949	оддалечува	to distantiate, distance	[ɔddaˈlɛt͡ʃuva]
9950	контролиран	to control	[kɔntrɔˈliɾan]
9951	хендикепиран	handicapped	[xɛndikɛˈpiɾan]
9952	разубави	to embellish, beautify	[raˈzubavi]
9953	помеша	to blend	[ˈpɔmɛʃa]
9954	внесен	to bring in	[ˈvnɛsɛn]
9955	глупавост	stupidity	[ˈɡɫupavɔst]
9956	пси	psi	[psi]
9957	заложи	to pawn, pledge	[ˈzaɫɔʒi]
9958	рус	fair, blond	[rus]
9959	стажант	intern, trainee	[staˈʒant]
9960	превртува	to flip, turn over	[prɛˈvr̩tuva]
9961	помагала	aid, tool	[pɔˈmaɡaɫa]
9962	свештеничка	priestess	[svɛˈʃtɛnit͡ʃka]
9963	симфонија	symphony	[siɱˈfɔni(j)a]
9964	нијанса	nuance, shade	[niˈjansa]
9965	коба	omen, augury	[ˈkɔba]
9966	здравствен	health, sanitary	[ˈzdrafstvɛn]
9967	дует	duet	[duˈɛt]
9968	унија	union	[ˈuni(j)a]
9969	праведност	righteousness, equity	[ˈpravɛdnɔst]
9970	милкшејк	milkshake	[ˈmiɫkʃɛjk]
9971	здогледа	to spot, catch sight of, notice, see	[ˈzdɔɡlɛda]
9972	печурка	mushroom	[ˈpɛt͡ʃurka]
9973	невкусно	unsavorily, tastelessly, in poor taste	[ˈnɛfkusnɔ]
9974	артефакт	artefact	[ˈartɛfakt]
9975	солиден	solid, decent	[ˈsɔlidɛn]
9976	плеска	to slap, hit, spank	[ˈplɛska]
9977	инсталација	installation	[instaˈɫat͡si(j)a]
9978	фрлаа	to throw, cast	[ˈfr̩ɫaa]
9979	подобриот	good	[pɔˈdɔbri(j)ɔt]
9980	поука	lesson	[ˈpɔuka]
9981	лонец	pot, saucepan	[ˈɫɔnɛt͡s]
9982	ископување	to dig	[iskɔˈpuvaɲɛ]
9983	уље	oil	[ˈuʎɛ]
9984	самоконтрола	self-control	[samɔkɔnˈtrɔɫa]
9985	бисквит	biscuit	[bisˈkvit]
9986	ада	island	[ˈada]
9987	легитимација	ID	[lɛɡitiˈmat͡si(j)a]
9988	неутрон	neutron	[nɛuˈtrɔn]
9989	лупен	to peel, excoriate	[ˈɫupɛn]
9990	шизофренија	schizophrenia	[ʃizɔˈfrɛni(j)a]
9991	шепот	whisper, murmur	[ˈʃɛpɔt]
9992	ротација	rotation	[rɔˈtat͡si(j)a]
9993	внесување	to bring in	[vnɛˈsuvaɲɛ]
9994	опус	opus	[ˈɔpus]
9995	мелез	half-breed	[ˈmɛlɛs]
9996	карбуратор	carburetor	[karbuˈratɔr]
9997	гризам	to bite	[ˈɡrizam]
9998	одвлекување	to pull away, drag away	[ɔdvlɛˈkuvaɲɛ]
9999	шпил	deck, pack	[ʃpiɫ]
10000	стресно	stressfully	[ˈstrɛsnɔ]
