rank	word	english	ipa
1	ഒരു	one	/oɾu/
2	നീ	you	/n̪iː/
3	ഞാൻ	I	/ɲaːn/
4	അത്	that	/ɐd̪ɨ/
5	എനിക്ക്	to me; for me	/enikkɨ/
6	ഈ	this	/iː/
7	ആ	that	/aː/
8	ഇത്	this	/id̪ɨ/
9	എന്റെ	I	/en̪re/
10	ഇവിടെ	here	/iʋiɖe/
11	എന്നെ	1st person singular pronoun	/en̪n̪e/
12	തന്നെ	same	/t̪ɐn̪n̪e/
13	പക്ഷെ	obsolete spelling of പക്ഷേ	
14	എന്താ	what	/en̪t̪aː/
15	ഇല്ല	no	/illɐ/
16	അതെ	yes	/ɐd̪e/
17	എന്ന്	A quotative marker, used to introduce quotes and names	/en̪n̪ɨ/
18	പിന്നെ	later; at some unspecified time in the future	/pin̪n̪e/
19	നിന്നെ	you	/n̪inne/
20	ശരി	correct	/ʃɐɾi/
21	എന്ത്	what	/en̪t̪ɨ/
22	ആണ്	yes; affirmative adverb	/aːɳɨ/
23	വളരെ	very, to a great extent or degree	/ʋɐɭɐɾe/
24	നിങ്ങൾ	you all	/n̪iŋŋɐɭ/
25	നല്ല	good	/n̪ɐllɐ/
26	പക്ഷേ	but	/pɐkʂeː/
27	അവിടെ	there	/ɐʋiɖe/
28	കൊണ്ട്	using	/koɳɖɨ/
29	എല്ലാം	all	/ellaːm/
30	അല്ല	not; no; absolute negation	/ɐllɐ/
31	പോലെ	like	/poːle/
32	വേണ്ട	don't want	/ʋeːɳɖɐ/
33	വാ	shortened form of വായ	/ʋaː/
34	നിന്ന്	from	/n̪in̪n̪ɨ/
35	നന്ദി	thank	/n̪ɐn̪n̪i/
36	ഉണ്ട്	to be, exist, be present, be located	/uɳɖɨ/
37	ഇനി	from now on	/ini/
38	ഒന്ന്	one	/on̪n̪ɨ/
39	കാര്യം	crux	/kaːɾjɐm/
40	പറഞ്ഞു	to say, to tell	/pɐrɐɲɲu/
41	കൂടെ	with	/kuːɖe/
42	എല്ലാ	all	/ellaː/
43	നോക്ക്	to look	/n̪oːkkɨ/
44	അങ്ങനെ	that way; in that manner	/ɐŋŋɐne/
45	കാരണം	because	/kaːɾɐɳɐm/
46	വേണം	wanted, needed	/ʋeːɳɐm/
47	അവൻ	he	/ɐʋɐn/
48	അവർ	they	/ɐʋɐr/
49	എന്നോട്	sociative case case of എൻ; me	/enːoːɖɨ̆/
50	വലിയ	big; large	/ʋɐlijɐ/
51	അദ്ദേഹം	The respectful form of he, used for mahatmas, celebrities,…	/ɐd̪d̪eːhɐm/
52	പേര്	name	/peːɾɨ/
53	വേഗം	quickly	/ʋeːɡɐm/
54	നമ്മൾ	inclusive we; 1st person plural nominative case	/n̪ɐmmɐɭ/
55	കുറച്ച്	some, few	/kurɐt͡ʃt͡ʃɨ/
56	ശരിക്കും	really	/ʃɐɾikkum/
57	എവിടെ	where	/eʋiɖe/
58	മാത്രം	only; exclusively	/maːt̪ram/
59	പോകാം	let's go	/poːɡaːm/
60	ജോലി	job	/d͡ʒoːli/
61	ഇന്ന്	today, this day	/in̪n̪ɨ/
62	ഹലോ	hello	/häloː/
63	വരെ	till, up to	/ʋɐɾe/
64	ഏറ്റവും	most	/eːtäʋum/
65	എങ്ങനെ	how	/eŋŋɐne/
66	മതി	enough	/mɐd̪i/
67	സമയം	time	/sɐmɐjɐm/
68	എത്ര	How many	
69	പറ്റി	about; concerning; regarding	/pɐrri/
70	വീണ്ടും	again	/ʋiːɳɖum/
71	ആര്	who	/aːɾɨ/
72	വരും	coming; next	/ʋɐɾum/
73	എന്നിട്ട്	and then; next	/en̪ːiʈːɨ̆/
74	ഞങ്ങൾ	we; 1st person plural nominative case	/ɲɐŋŋɐɭ/
75	ദിവസം	day	/d̪iʋasam/
76	ഇങ്ങനെ	this way; in this manner	/iŋŋɐne/
77	അവൾ	she	/ɐʋɐɭ/
78	പണം	money	/pɐɳɐm/
79	രാത്രി	night	/ɾaːt̪ri/
80	അതുകൊണ്ട്	therefore; consequently	/ɐd̪uɡoɳɖɨ/
81	കണ്ടു	to see	/kɐɳɖu/
82	വഴി	path	/ʋɐɻi/
83	ആയിരുന്നു	was or were; used to connect a subject to its identity or…	/aːjiɾun̪n̪u/
84	വേറെ	other, another	/ʋeːre/
85	പുതിയ	new	/pud̪ijɐ/
86	നല്ലത്	that which is good	/n̪ɐllɐd̪ɨ/
87	രണ്ട്	two	/ɾɐɳɖɨ/
88	ഇപ്പോൾ	now	/ippoːɭ/
89	പറ	to say, to tell	/pɐrɐ/
90	ശേഷം	after	/ʃeːʂɐm/
91	ആദ്യം	first, firstly	/aːd̪jɐm/
92	സാർ	sir	/saːr/
93	നാളെ	tomorrow	/n̪aːɭe/
94	എന്നാൽ	if that is the case	/en̪n̪aːl/
95	അമ്മ	mother	/ɐmmɐ/
96	ദയവായി	please	/d̪ɐjɐʋaːji/
97	അയാൾ	that person	/ajaːɭ/
98	നാശം	disaster; doom	
99	എപ്പോഴും	always; invariably, uniformly	/eppoːɻum/
100	ചെറിയ	small; tiny	/t͡ʃerijɐ/
101	നാം	we	/n̪aːm/
102	കഴിഞ്ഞു	finished	/kɐɻiɲɲu/
103	പ്രശ്നം	problem	
104	ചില	some	/t͡ʃilɐ/
105	എന്ന	which, the mentioned one	
106	ജീവിതം	life; living	/d͡ʒiːʋid̪ɐm/
107	പെട്ടെന്ന്	quickly, fast	/peʈʈen̪n̪ɨ/
108	സത്യം	truth	/sat̪jam/
109	അടുത്ത	next	/ɐɖut̪t̪ɐ/
110	കുറിച്ച്	about	/kurit͡ʃt͡ʃɨ/
111	സ്ഥലം	place	/st̪(ʰ)ɐlɐm/
112	ദൈവം	God	/d̪ɐi̯ʋɐm/
113	വെറുതെ	without reward or profit	/ʋerud̪e/
114	പുറത്ത്	on the outside; outdoors	/purɐt̪t̪ɨ/
115	വെറും	just	/ʋerum/
116	സ്വയം	by oneself; on one's own	/sʋɐjɐm/
117	ആള്	alternative form of ആൾ	/aːɭɨ̆/
118	നിമിഷം	moment	/n̪imiʂɐm/
119	മുമ്പ്	alternative form of മുൻപ്	/mumpɨ/
120	ഭക്ഷണം	food	/b(ʱ)ɐkʂɐɳɐm/
121	സ്വന്തം	own, private	/sʋɐn̪t̪ɐm/
122	ആയി	mother	/aːji/
123	ശരിയാണ്	correct, it is correct, it is so	/ʃɐɾijaːɳɨ/
124	കൈ	hand	/kɐi̯/
125	ഉള്ള	having; possessing; owning	/uɭɭɐ/
126	ഇങ്ങോട്ട്	to here, at this place	/iŋŋoːʈʈɨ/
127	എന്തായാലും	anyway	/en̪t̪äːjäːlum/
128	അത്ര	that much	/ɐt̪rɐ/
129	അപ്പോൾ	then, at that time	/ɐppoːɭ/
130	മൂന്ന്	three	/muːn̪n̪ɨ/
131	പോലീസ്	police	/poːliːsɨ̆/
132	എന്തിന്	why; for what purpose	/en̪t̪inɨ/
133	പഴയ	old	/pɐɻɐjɐ/
134	കുട്ടി	child	/kuʈʈi/
135	ഓരോ	each	/oːɾoː/
136	സന്തോഷം	happiness	/sɐn̪t̪oːʂɐm/
137	പണി	work; job; occupation	/pɐɳi/
138	അടുത്ത്	near	/ɐɖut̪t̪ɨ/
139	യുദ്ധം	war	
140	വെള്ളം	water	/ʋeɭɭɐm/
141	കഴിഞ്ഞ	past, finished	/kɐɻiɲːɐ/
142	താഴെ	below	/t̪äːɻe/
143	അവസാനം	end	/ɐʋɐsaːnɐm/
144	ഹായ്	hi	/häːjɨ̆/
145	വീട്	house, home	/ʋiːɖɨ/
146	തിരിച്ച്	back	/t̪iɾit͡ʃt͡ʃɨ/
147	പരിഭാഷ	translation	/pɐɾib(ʱ)aːʂɐ/
148	ഉം	and	/um/
149	കൂടുതൽ	more	/kuːɖud̪ɐl/
150	ആകെ	wholly, total	/aːɡe/
151	താ	to give to the 1st or 2nd person	/t̪aː/
152	നേരെ	straight	/n̪eːɾe/
153	അല്ലെങ്കിൽ	or, if not	
154	നിൽക്ക്	to stand	/n̪ilkkɨ/
155	കുറെ	less	/kure/
156	രാവിലെ	morning	/ɾaːʋile/
157	ശബ്ദം	voice	/ʃɐbd̪ɐm/
158	ഇത്ര	this much	/it̪rɐ/
159	തവണ	time; an instance or occurrence	/t̪ɐʋɐɳɐ/
160	മുഴുവൻ	all	/muɻuʋɐn/
161	അവ	those	/ɐʋɐ/
162	ഇതുവരെ	yet, thus far	/id̪uʋäɾe/
163	ഭാര്യ	wife	/b(ʱ)aːɾjɐ/
164	വന്ന്	to come	/ʋɐn̪n̪ɨ/
165	ദാ	there	/d̪aː/
166	കാലം	season	/kaːlɐm/
167	ലോകം	world	/loːɡɐm/
168	ഇന്നലെ	yesterday	/in̪n̪ɐle/
169	വിട്	to leave something, release hold	
170	സഹായം	help, assistance	/sɐhaːjɐm/
171	യാത്ര	travelling	
172	പകരം	instead of	/pɐɡɐɾɐm/
173	അധികം	degree	/ɐd̪(ʱ)iɡɐm/
174	കഥ	story	/kɐt̪(ʰ)ɐ/
175	അന്ന്	that day	/ɐn̪n̪ɨ/
176	സ്വാഗതം	welcome	/sʋɐːɡɐd̪ɐm/
177	എന്നത്	the one or ones mentioned; which	/en̪ːat̪ə/
178	എന്നാലും	even though that is the case	/en̪ːäːlum/
179	ഏത്	which, what	/eːd̪ɨ/
180	ചെയ്യ്	alternative form of ചെയ്	/t͡ʃejjɨ/
181	സോറി	sorry	/soːri/
182	തല	head	/t̪ɐlɐ/
183	വിവാഹം	marriage	/ʋiʋaːhɐm/
184	എന്തുകൊണ്ട്	why	/en̪t̪uɡoɳɖɨ/
185	ചോദ്യം	question	/t͡ʃoːd̪jɐm/
186	വെടി	shot	/ʋeɖi/
187	പിന്നീട്	later, afterwards; on a later time	/pinniːɖə̆/
188	തമാശ	comedy	/t̪ɐmäːʃɐ/
189	വാക്ക്	word	/ʋaːkkɨ/
190	മുഖം	face	/muk(ʰ)ɐm/
191	ഉള്ളത്	that which is present; the available thing	/uɭɭɐd̪ɨ/
192	തോക്ക്	gun	/t̪oːkkɨ/
193	സാധനം	stuff	/saːd̪(ʱ)ɐnɐm/
194	അങ്ങോട്ട്	to there, at that place	/ɐŋŋoːʈʈɨ/
195	കാശ്	cash, money	/kaːʃɨ/
196	മിനിറ്റ്	minute; 60 seconds	
197	എങ്കിലും	nevertheless	/eŋkilum/
198	നാല്	four	/n̪aːlɨ/
199	അങ്ങ്	you	/ɐŋŋɨ/
200	അയ്യോ	aiyo, alas; an expression of sorrow, distress, regret or…	/ɐjjoː/
201	ഉത്തരം	answer	/ut̪t̪ɐɾɐm/
202	തിരികെ	back	/t̪iɾiɡe/
203	പിടിക്ക്	catch	/piɖikkɨ/
204	മുൻപ്	before	
205	കുഴപ്പം	problem, trouble	/kuɻɐppɐm/
206	സാധാരണ	common	/saːd̪(ʱ)aːɾɐɳɐ/
207	ബാക്കി	remaining, what's left	/baːkki/
208	മാസം	month	/maːsɐm/
209	ആദ്യത്തെ	first	/aːd̪jɐt̪t̪e/
210	ഇത്തരം	this kind, thus	/it̪t̪ɐɾɐm/
211	നേരം	time	/n̪eːɾɐm/
212	ഇരിക്ക്	to sit	
213	സ്വപ്നം	dream seen at night, Imaginary events seen in the mind…	/sʋɐpnɐm/
214	മോശം	bad	/moːʃɐm/
215	ഇവര്	they	/iʋɐɾɨ̆/
216	മരണം	death	/mɐɾɐɳɐm/
217	ഡോക്ടർ	alternative form of ഡോക്റ്റർ	/ɖoːkʈɐr/
218	വില	price; cost	/ʋilɐ/
219	നേരത്തെ	early	/n̪eːɾɐt̪t̪e/
220	അവസാന	last	/ɐʋɐsaːnɐ/
221	സ്ത്രീ	girl	/st̪riː/
222	പാവം	harmless	/paːʋɐm/
223	അച്ഛൻ	father	/ɐt͡ʃt͡ʃ(ʰ)ɐn/
224	മുന്നില്	in front, before	
225	ഓഫ്	off, stop	/oːfɨ/
226	ഉടനെ	soon	/uɖɐne/
227	കളി	game	/kɐɭi/
228	ആവശ്യം	need	
229	ഭാഗം	part	
230	കൂടാതെ	and also; and	/kuːɖaːd̪e/
231	കേട്ടു	to hear	/keːʈʈu/
232	എടാ	a term of address to a male of same age or younger; used…	/eɖaː/
233	വർഷം	year	/ʋɐrʂɐm/
234	കുറേ	many, several, numerous	/kureː/
235	വണ്ടി	vehicle	/ʋɐɳɖi/
236	പരസ്പരം	each other; one another	/pɐɾɐspɐɾɐm/
237	ആദ്യ	first	/aːd̪jɐ/
238	ധാരാളം	plenty enough	/d̪(ʱ)aːɾaːɭɐm/
239	പൈസ	paisa; a currency unit in India equal to 1/100 of a rupee	/pɐi̯sɐ/
240	ശക്തി	power, force, strength	/ʃɐkt̪i/
241	മാന്	alternative spelling of മാൻ	
242	അഞ്ച്	five	/ɐɲt͡ʃɨ/
243	അവസരം	opportunity, chance	/ɐʋɐsɐɾɐm/
244	ശരീരം	body	/ʃaɾiːɾam/
245	ഭയങ്കര	fearsome	/b(ʱ)ɐjɐŋkɐɾɐ/
246	കല്യാണം	marriage	/kɐljaːɳɐm/
247	എങ്കിൽ	if	/eŋkil/
248	മുന്നോട്ട്	forward	/mun̪n̪oːʈʈɨ/
249	തെറ്റ്	wrong, error	/t̪errɨ/
250	പരിപാടി	event	/pɐɾibaːɖi/
251	രക്തം	blood	/ɾɐkt̪ɐm/
252	സിനിമ	cinema, movie	/sinimɐ/
253	പതുക്കെ	slowly	/pɐd̪ukke/
254	ഒപ്പം	along with	/oppɐm/
255	പല	many	/pɐlɐ/
256	ഫോട്ടോ	photograph	/foːʈːoː/
257	ചായ	tea, beverage made from the brewed leaves or leaf buds of…	/t͡ʃaːjɐ/
258	ഭാഗ്യം	luck	/b(ʱ)aːɡjɐm/
259	നിക്ക്	to stand	/n̪ikkɨ/
260	താങ്കൾ	you; second person singular pronoun	/t̪aːŋkɐɭ/
261	മികച്ച	super	/miɡɐt͡ʃt͡ʃɐ/
262	നുണ	lie, false information, intentional untruth	/n̪uɳɐ/
263	ചെയ്യുക	to do	/t͡ʃejjuɡɐ/
264	ബന്ധം	relationship	/bɐn̪d̪(ʱ)ɐm/
265	എന്നിട്ടും	even then	/en̪ːiʈːum/
266	മൊത്തം	whole	/mot̪t̪ɐm/
267	കുടുംബം	family	
268	അതുപോലെ	like that	/ɐd̪uboːle/
269	കണ്ണ്	eye	/kɐɳɳɨ/
270	കഴിഞ്ഞ്	finished	/kɐɻiɲɲɨ/
271	ആല്	alternative form of ആൽ	
272	ചുമ്മാ	gratis	/t͡ʃummaː/
273	കാല്	alternative spelling of കാൽ	
274	ഇഷ്ടം	liking	/iʂʈɐm/
275	നിയമം	law	/n̪ijamam/
276	സുഖം	well being	/suk(ʰ)ɐm/
277	മുതൽ	from; since; starting from	/mud̪ɐl/
278	കയ്യിൽ	in hand	
279	മോര്	buttermilk	/moːɾɨ/
280	ദൂരെ	far	/d̪uːɾe/
281	ഇവിടം	this place	/iʋiɖɐm/
282	പ്രധാന	important, foremost	/prɐd̪(ʱ)aːnɐ/
283	സുഹൃത്ത്	friend	/suhrɨt̪t̪ɨ/
284	കൈകാര്യം	handling	/kɐi̯ɡaːɾjɐm/
285	അവസ്ഥ	state	/ɐʋɐst̪(ʰ)ɐ/
286	കുറ്റം	fault	/kurrɐm/
287	എന്തേ	where	/en̪t̪eː/
288	ഉറപ്പ്	surety	/urɐppɨ/
289	മുറി	room	/muri/
290	മറുപടി	reply	/mɐrubɐɖi/
291	വേദന	pain	
292	കള്ളം	lie	/kɐɭɭɐm/
293	അകത്ത്	inside	/ɐɡɐt̪t̪ɨ/
294	ഒരാൾ	one person	/oɾäːɭ/
295	പ്രത്യേക	special	/prɐt̪jeːɡɐ/
296	ഏകദേശം	approximately	/eːɡɐd̪eːʃɐm/
297	ശെരി	nonstandard spelling of ശരി	/ʃeɾi/
298	ഒറ്റ	one	/orrɐ/
299	അപകടം	accident	/ɐbɐɡɐɖɐm/
300	ഒറ്റയ്ക്ക്	alone	/orrɐjkkɨ/
301	പാട്	a mark, sign	/paːɖɨ/
302	പ്രാവശ്യം	time; an instance or occurrence	/praːʋɐʃjɐm/
303	രാജ്യം	kingdom	/ɾaːd͡ʒjɐm/
304	സംഭവം	incident	/sɐmb(ʱ)ɐʋɐm/
305	തരം	sort	/t̪ɐɾɐm/
306	പെണ്ണ്	woman	/peɳɳɨ/
307	ഫോൺ	phone	/foːɳ/
308	ഓടി	a large, long and narrow seaboat, chiefly from the…	/oːɖi/
309	ഒരിക്കൽ	one day	/oɾikkɐl/
310	വിശ്വാസം	trust	/ʋiʃʋaːsɐm/
311	വിധി	judgment	/ʋid̪(ʱ)i/
312	കോടതി	court	/koːɖɐd̪i/
313	ചെയ്	to do	/t͡ʃejɨ/
314	നടന്നു	to walk	/n̪ɐɖɐn̪n̪u/
315	മഴ	rain; condensed water falling from a cloud	/mɐɻɐ/
316	മറ്റ്	other	/mɐrrɨ/
317	പറയ്	to say, to tell	/pɐrɐjɨ/
318	തീരുമാനം	decision	/t̪iːɾumaːnɐm/
319	ഇവൻ	he	/iʋɐn/
320	രൂപ	rupee; the currency of India	/ɾuːbɐ/
321	ഹൃദയം	heart	/hrɨd̪ɐjɐm/
322	പത്ത്	ten	/pɐt̪t̪ɨ/
323	ഏറെ	many, much	/eːre/
324	സ്നേഹം	love	/sneːhɐm/
325	വിചാരം	thought	/ʋid͡ʒaːɾɐm/
326	സമ്മാനം	gift, present	
327	ആഗ്രഹം	eagerness, wish, desire	/aːɡɾɐhɐm/
328	പാട്ട്	song	/paːʈʈɨ/
329	റൂം	room	/ruːm/
330	പകുതി	half	/pɐɡud̪i/
331	മാറ്	breast	/maːrɨ/
332	പറയുക	to say, to tell	/pɐrɐjuɡɐ/
333	ദൂരം	distance	/d̪uːɾɐm/
334	ഇവള്	she	/iʋɐɭɨ̆/
335	പ്രിയപ്പെട്ട	dear, dearest	/prijɐppeʈʈɐ/
336	മുകളിൽ	above, up	
337	വസ്ത്രം	dress	/ʋɐst̪rɐm/
338	കൊല്ലം	year	/kollɐm/
339	തരണം	overcome	/t̪ɐɾɐɳɐm/
340	മാപ്പ്	absolution, forgiveness, indemnity, apology, pardon,…	/maːppɨ/
341	ആദ്യമായി	firstly; for the first time	/aːd̪jɐmaːji/
342	മനസ്സ്	mind, psyche	/mɐnɐssɨ/
343	നഗരം	city	
344	ബാഗ്	bag	/bäːɡɨ̆/
345	ചിത്രം	picture	
346	ക്ഷമ	patience	
347	കത്ത്	letter; a written or printed communication, generally…	/kɐt̪t̪ɨ/
348	എല്ലായിടത്തും	everywhere	/elːäːjiɖɐt̪ːum/
349	മനുഷ്യൻ	human, person	/mɐnuʂjɐn/
350	ദേഷ്യം	anger	/d̪eːʂjɐm/
351	വാതിൽ	door; A portal of entry into a building or vehicle, with a…	/ʋaːd̪il/
352	വിവരം	information	/ʋiʋaɾam/
353	റെഡി	ready	/reɖi/
354	കാലത്ത്	morning	/kaːlɐt̪t̪ɨ/
355	ഏതാണ്ട്	about	/eːd̪aːɳɖɨ/
356	ഉള്ളു	to be, exist, be present, be located	/uɭɭu/
357	എളുപ്പം	easy	/eɭuppɐm/
358	വല്യ	alternative form of വലിയ	/ʋɐljɐ/
359	ചിലത്	some	
360	സ്ഥാനം	place	/st̪(ʰ)aːnɐm/
361	കത്തി	knife	/kɐt̪t̪i/
362	ശ്വാസം	breath	/ʃʋaːsɐm/
363	മാം	me	/maːm/
364	തീ	fire	/t̪iː/
365	നീണ്ട	long	/n̪iːɳɖɐ/
366	മുടി	head hair	/muɖi/
367	നടക്ക്	to walk	/n̪ɐɖɐkkɨ/
368	തമ്മിൽ	each other	/t̪ɐmmil/
369	രണ്ടാം	second, 2nd	/ɾɐɳɖaːm/
370	ഓട്	bronze	/oːɖɨ/
371	കെ	The name of the Latin script letter K/k	/ke/
372	ഇത്തിരി	little, few	/it̪t̪iɾi/
373	ഇംഗ്ലീഷ്	English	/iŋɡɭiːʂɨ/
374	രഹസ്യം	secret	/ɾɐhɐsjɐm/
375	താഴേക്ക്	downward	/t̪aːɻeːkkɨ/
376	മൂലം	because of, due to	/muːlɐm/
377	ഇവ	these	/iʋɐ/
378	പുസ്തകം	book	/pust̪ɐɡɐm/
379	സാധ്യത	possibility	/saːd̪(ʱ)jɐd̪ɐ/
380	ദേ	here	/d̪eː/
381	ഊര്	town, village	/uːɾɨ/
382	ആൾ	person; individual	/aːɭ/
383	സന്ദേശം	message	/sɐn̪d̪eːʃɐm/
384	ബോട്ട്	boat	/boːʈʈɨ/
385	കാർ	car, automobile	/kaːr/
386	ജി	the honorific particle, usually appended to names and titles	/d͡ʒi/
387	എണ്ണം	count, number	/eɳːäm/
388	താങ്ക്യൂ	thank you	/t̪aːŋkjuː/
389	അടി	beat	/ɐɖi/
390	ബുക്ക്	book	/bukːɨ̆/
391	സ്വാതന്ത്ര്യം	independence	/sʋaːd̪ɐn̪t̪rjɐm/
392	ധൈര്യം	courage	/d̪(ʱ)ɐi̯ɾjɐm/
393	ഭ്രാന്ത്	madness, mental illness	/b(ʱ)ɾaːn̪t̪ɨ/
394	കാപ്പി	coffee	/kaːppi/
395	പെട്ടി	a box	/peʈʈi/
396	കോപ്പ്	accoutrements	/koːppɨ/
397	വാള്	alternative form of വാൾ	/ʋaːɭɨ/
398	പ്രകാരം	according to	/prɐɡaːɾɐm/
399	കടം	debt	/kɐɖɐm/
400	അവിടുന്ന്	Shortened version of അവിടെ നിന്ന്	/ɐʋiɖun̪n̪ɨ/
401	കുറഞ്ഞ	less, low	/kurɐɲɲɐ/
402	ആയുധം	weapon	/aːjud̪(ʱ)ɐm/
403	ഒരൊറ്റ	single	/oɾotɐ/
404	മനോഹരമായ	beautiful	/mɐnoːhɐɾɐmaːjɐ/
405	ആത്മഹത്യ	suicide	/aːt̪mɐhɐt̪jɐ/
406	വെളിച്ചം	light	/ʋeɭit͡ʃt͡ʃɐm/
407	തോല്	alternative spelling of തോൽ . skin	
408	വിഡ്ഢി	fool, idiot	/ʋiɖɖ(ʱ)i/
409	കഷ്ടം	suffering	/kɐʂʈɐm/
410	ഭാഷ	language	/b(ʱ)aːʂɐ/
411	നിറഞ്ഞ	full	/n̪irɐɲɲɐ/
412	ഇന്നാ	here, take	/in̪n̪aː/
413	മരുന്ന്	medicine	/mɐɾun̪n̪ɨ/
414	നൃത്തം	dance	/nrit̪t̪ɐm/
415	കൂട്ടം	group	/kuːʈʈɐm/
416	ടിക്കറ്റ്	ticket	/ʈikkɐrrɨ/
417	ലക്ഷം	lakh, lac; 1,00,000	/lɐkʂɐm/
418	ചീത്ത	bad	/t͡ʃiːt̪ːɐ/
419	ശ്രദ്ധ	attention, mind's focus	/ʃrɐd̪d̪(ʱ)ɐ/
420	ജീവൻ	life; state of being alive	/d͡ʒiːʋɐn/
421	ശിക്ഷ	punishment	/ʃikʂɐ/
422	മണി	bell	/mɐɳi/
423	എങ്ങോട്ട്	to where	/eŋŋoːʈʈɨ/
424	നമസ്കാരം	hello, greetings	/n̪ɐmɐskaːɾɐm/
425	കമ്പനി	company	/kämpɐni/
426	സംശയം	doubt	/sɐmʃɐjɐm/
427	റോഡ്	road	/roːɖɨ̆/
428	ബോസ്സ്	boss	/boːsːɨ̆/
429	മോതിരം	ring worn around finger	/moːd̪iɾɐm/
430	രണ്ടാമത്തെ	second, 2nd	/ɾɐɳɖaːmɐt̪t̪e/
431	സമാധാനം	peace	/sɐmaːd̪(ʱ)aːnɐm/
432	പോര്	war	/poːɾɨ/
433	ലക്ഷ്യം	target	/lɐkʂjɐm/
434	സൈന്യം	army	/säinjɐm/
435	കല്ല്	stone, rock	/kɐllɨ/
436	താമസം	living, stay; accommodation	/t̪aːmɐsɐm/
437	വേര്	root	
438	പണ്ട്	ago	/pɐɳɖɨ/
439	കുഞ്ഞ്	child	/kuɲɲɨ/
440	ഇല്ലാത്ത	lacking; devoid of; without	/illaːt̪t̪ɐ/
441	ബോംബ്	bomb	/boːmbɨ/
442	പരിശീലനം	training	
443	മരം	tree	/mɐɾɐm/
444	യഥാർത്ഥ	real	/jat̪(ʰ)aːrt̪t̪(ʰ)a/
445	പേടി	fear	/peːɖi/
446	ഇദ്ദേഹം	The respectful form of he, used for mahatmas, celebrities,…	/id̪d̪eːhɐm/
447	മകൻ	son	
448	പേർ	alternative form of പേര്	
449	അത്ഭുതം	miracle	/ɐt̪b(ʱ)ud̪ɐm/
450	ടീം	team, group	
451	ചൂട്	heat	/t͡ʃuːɖɨ/
452	പണ്ടാരം	treasury	/pɐɳɖaːɾɐm/
453	ഒന്നാം	first	/on̪n̪aːm/
454	ആറ്	six	/aːrɨ/
455	രീതി	method	/ɾiːd̪i/
456	ഇങ്ങ്	here, at this place	/iŋŋɨ/
457	പട്ടി	dog	/pɐʈʈi/
458	കൊലപാതകം	homicide; killing of human, murder	/kolɐbaːd̪ɐɡɐm/
459	ബാങ്ക്	bank	/baːŋkɨ/
460	ഒരുപക്ഷേ	perhaps	/oɾubäkʂeː/
461	അധികാരം	authority	/ad̪(ʱ)iɡaːɾam/
462	പിടി	handle	/piɖi/
463	പദ്ധതി	project	
464	ഏക	only	/eːɡɐ/
465	ഭൂമി	earth	/b(ʱ)uːmi/
466	ബോധം	consciousness	
467	ഇരുന്നു	to sit	/iɾun̪n̪u/
468	ഭയം	fear	/b(ʱ)ɐjɐm/
469	റിപ്പോർട്ട്	report	/ripːoːrʈːɨ̆/
470	മാറ്റം	change	/maːrrɐm/
471	മൈക്ക്	mike	/mɐi̯kkɨ/
472	വിഷമം	sadness; grief; sorrow	/ʋiʂɐmɐm/
473	റേഡിയോ	radio	/reːɖijoː/
474	തുടക്കം	beginning	/t̪uɖɐkːɐm/
475	മത്സരം	competition	/mɐtsɐɾɐm/
476	ഉറക്കം	sleep	/urɐkkɐm/
477	വ്യത്യാസം	difference	/ʋjɐt̪jaːsɐm/
478	മണം	smell	/mɐɳɐm/
479	ദയവുചെയ്ത്	please	/d̪ɐjɐʋud͡ʒejd̪ɨ/
480	സിഗരറ്റ്	cigarette	/siɡäɾɐtɨ̆/
481	താക്കോൽ	a key	/t̪aːkkoːl/
482	പോസ്റ്റ്	a post	/poːstɨ̆/
483	എല്ലായ്പ്പോഴും	all the time; always	/ellaːjppoːɻum/
484	നില	level	/n̪ilɐ/
485	ശമ്പളം	salary, wage	/ʃɐmpɐɭɐm/
486	ഗംഭീരം	excellent, great, awesome	/ɡɐmb(ʱ)iːɾɐm/
487	വിഷയം	subject	
488	അന്വേഷണം	inquiry	/ɐnʋeːʂɐɳɐm/
489	വയസ്സ്	age	/ʋɐjɐssɨ/
490	കയറ്	alternative form of കയർ	/kɐjɐrɨ/
491	പ്രതീക്ഷ	hope	
492	ബുദ്ധി	wisdom, intelligence	/bud̪d̪(ʱ)i/
493	താല്പര്യം	alternative spelling of താൽപ്പര്യം	
494	ആയിരം	thousand	/aːjiɾɐm/
495	പ്രതികാരം	revenge	/prad̪iɡaːɾam/
496	അതിര്	border, boundary	/ɐd̪iɾɨ/
497	സംഗീതം	song, music	/sɐŋɡiːd̪ɐm/
498	വ്യക്തമായി	clearly	
499	ഏഴ്	seven	/eːɻɨ/
500	അഭിപ്രായം	opinion	/ɐb(ʱ)ipraːjɐm/
501	നാക്ക്	tongue	/n̪aːkkɨ/
502	വിഷം	poison	/ʋiʂɐm/
503	ഭാരം	weight	/b(ʱ)aːɾɐm/
504	നടക്കുന്ന	possible	/n̪ɐɖɐkkun̪n̪ɐ/
505	സംസാരം	talk, speech, conversation	/sɐmsäːɾɐm/
506	പ്രായം	age	/praːjɐm/
507	ട്രക്ക്	truck, lorry	/ʈräkːɨ̆/
508	മീൻ	an aquatic animal; commonly just fish	/miːn/
509	വിജയം	victory	/ʋid͡ʒɐjɐm/
510	ഇയാൾ	this person	/ijaːɭ/
511	കൊല	murder, killing, homicide	/kolɐ/
512	മേൽ	up	/meːl/
513	ഉമ്മ	mother	/ummɐ/
514	ചോര	blood	/t͡ʃoːɾɐ/
515	താൻ	you; second person singular pronoun	/t̪aːn/
516	ഉടൻ	immediately	/uɖɐn/
517	ബിൽ	bill	/bil/
518	കാറ്	car	/kaːrɨ/
519	സംവിധാനം	direction in cinema, drama or an art form	/sämvid̪ʱäːnɐm/
520	ഇവൾ	she	/iʋɐɭ/
521	പരാതി	complaint	/pɐɾaːd̪i/
522	അറ്റാക്ക്	heart attack	/ɐrraːkkɨ/
523	ഗ്ലാസ്	glass	/ɡɭaːsɨ/
524	ആയ	helper laborer woman employed for cleaning and assisting…	/aːjɐ/
525	മൂന്നാം	third, 3rd	/muːn̪n̪aːm/
526	കട	store, shop	/kɐɖɐ/
527	പ്രതി	defendant; accused	/prɐd̪i/
528	ദയവ്	kindness	/d̪ɐjɐʋɨ/
529	സുപ്രഭാതം	good morning	/suprɐb(ʱ)aːd̪ɐm/
530	ദിനം	day	/d̪inɐm/
531	സെക്കന്റ്	second; 1/60 of a minute	/sekkɐn̪rɨ/
532	കാറ്റ്	wind	/kaːrrɨ/
533	ശ്രദ്ധിക്കുക	pay attention	/ʃrɐd̪ːʱikːuɡɐ/
534	മാർക്ക്	exam grade	/mäːrkːɨ̆/
535	ജലം	water	/d͡ʒɐlɐm/
536	കോഫി	coffee	/koːfi/
537	മനോഹരം	beauty	/manoːhaɾam/
538	സുന്ദരി	beauty; beautiful female	/sun̪d̪ɐɾi/
539	പാചകം	cooking	/paːd͡ʒɐɡɐm/
540	രാജാവ്	king	/ɾaːd͡ʒaːʋɨ/
541	അടയാളം	symbol, sign, mark	/ɐɖɐjaːɭɐm/
542	വേഗത	speed	/ʋeːɡɐd̪ɐ/
543	പതിയെ	slowly	/pɐd̪ije/
544	ആശയം	concept	/äːʃɐjɐm/
545	തെളിവ്	evidence	/t̪eɭiʋɨ/
546	അടുത്തത്	next, next one	/ɐɖut̪t̪ɐd̪ɨ/
547	വാഗ്ദാനം	assurance, pledge, commitment, promise	
548	പ്രധാനം	important, foremost	/prɐd̪(ʱ)aːnɐm/
549	തുക	sum	
550	സഹോദരി	sister	/sɐhoːd̪ɐɾi/
551	കഴിവ്	ability, potential	/kɐɻiʋɨ/
552	റെഡ്	red	/reɖɨ̆/
553	ശവം	corpse	/ʃɐʋɐm/
554	മണിക്കൂർ	hour	/mɐɳikkuːr/
555	കച്ചവടം	business	/kɐt͡ʃt͡ʃɐʋɐɖɐm/
556	ആഹാരം	food	/aːhaːɾɐm/
557	മണ്ടത്തരം	foolishness, stupidity	/mɐɳɖɐt̪t̪ɐɾɐm/
558	മുന്നറിയിപ്പ്	warning	/mun̪n̪ɐrijippɨ/
559	വായ	mouth	/ʋaːjɐ/
560	വരിക	alternative form of വരുക	/ʋɐɾiɡɐ/
561	സലാം	salaam	/sɐlaːm/
562	ആഴ്ച	week	/aːɻt͡ʃɐ/
563	ഹാപ്പി	happy	/haːppi/
564	പന്നി	pig	/pɐn̪n̪i/
565	പാലം	bridge	/paːlɐm/
566	വൈകുന്നേരം	afternoon	/ʋɐi̯ɡun̪n̪eːɾɐm/
567	കാഴ്ച	view	/kaːɻt͡ʃɐ/
568	രൂപം	structure, form	/ɾuːbɐm/
569	ഗുസ്തി	wrestling	/ɡust̪i/
570	ശ്രമം	attempt	/ʃrɐmɐm/
571	വേഷം	role	/ʋeːʂɐm/
572	കള	throw	/kɐɭɐ/
573	വിമാനം	airplane	/ʋimaːnɐm/
574	കവര്	sea sparkle, a bioluminescence caused by algae Noctiluca…	/käʋäɾɨ̆/
575	അസുഖം	disease	/äsukʰɐm/
576	രഹസ്യ	secret	/ɾɐhɐsjɐ/
577	ചേച്ചി	elder sister	/t͡ʃeːt͡ʃt͡ʃi/
578	അത്തരം	that type	/ɐt̪t̪ɐɾɐm/
579	മുത്തശ്ശി	grandmother	/mut̪t̪ɐʃʃi/
580	ഡാൻസ്	dance	/ɖaːnsɨ/
581	ശതമാനം	percentage	
582	ആക്രമണം	attack	
583	റാണി	queen, a female ruler or the female spouse of a king	/raːɳi/
584	പരമാവധി	maximum extent	/pɐɾɐmaːʋɐd̪(ʱ)i/
585	ശത്രു	enemy	/ʃɐt̪ru/
586	ബസ്	bus	/bɐsɨ/
587	കുപ്പി	bottle	/kuppi/
588	ദയ	kindness	/d̪ɐjɐ/
589	പുള്ളി	spot	/puɭɭi/
590	നിറം	colour	/n̪irɐm/
591	പന്ന	fallen, crowling or creeping along the ground	/pɐnnɐ/
592	അഥവാ	or	/ɐt̪(ʰ)ɐʋaː/
593	രചന	literary composition; work	
594	നിയന്ത്രണം	control	
595	സംഗതി	the thing, matter	/sɐŋɡɐd̪i/
596	വക	own	/ʋɐɡɐ/
597	സ്വഭാവം	behavior	/sʋɐb(ʱ)aːʋɐm/
598	വിട	good bye	/ʋiɖɐ/
599	വ്യക്തി	person	/ʋjɐkt̪i/
600	അത്താഴം	dinner, supper, food at night	/ɐt̪t̪aːɻɐm/
601	ഐസ്	ice	/äjsɨ̆/
602	മെയ്	truth	/mej/
603	വിധം	method; way of doing	/ʋid̪(ʱ)ɐm/
604	എപ്പോൾ	when	/eppoːɭ/
605	നീക്കം	movement	/n̪iːkkɐm/
606	മണ്ണ്	soil, earth	/mɐɳɳɨ/
607	പേ	mad, wild, vicious	/peː/
608	തണുപ്പ്	cold	/t̪ɐɳuppɨ/
609	അനുസരിച്ച്	according to	/änusɐɾit͡ʃːɨ̆/
610	പടം	picture, photograph	/pɐɖɐm/
611	പിതാവ്	father	/pid̪aːʋɨ/
612	നീല	blue; the color of the clear sky and deep sea	/n̪iːlɐ/
613	തൊപ്പി	hat, cap	/t̪oppi/
614	തനിയെ	by oneself	/t̪ɐnije/
615	സൈനിക	military; relating to army	/sɐi̯niɡɐ/
616	ഉറക്കെ	loudly	/urɐkːe/
617	രോഗം	disease	/ɾoːɡɐm/
618	കൃത്യം	exact	
619	ഭൂമിയുടെ	earth	/b(ʱ)uːmijuɖe/
620	ടാ	Shortened version of എടാ	/ʈaː/
621	പച്ച	green colour	/pɐt͡ʃt͡ʃɐ/
622	പോവുക	alternative form of പോകുക	
623	ബോയ്	palanquin bearers	/boːjɨ/
624	നാടകം	drama	/n̪aːɖɐɡɐm/
625	ഉപകാരം	help	/ubɐɡaːɾɐm/
626	വായു	air	/ʋaːju/
627	കൊല്ല്	to kill	
628	ചരിത്രം	history	
629	മുറിവ്	wound, cut	/muriʋɨ/
630	പ്രിയ	dear	/prijɐ/
631	അടിപൊളി	fabulous; superb	/ɐɖiboɭi/
632	ആത്മാവ്	soul	/aːt̪maːʋɨ/
633	തുണി	cloth, textiles	/t̪uɳi/
634	എട്ട്	eight	/eʈʈɨ/
635	ഇട്ടു	to drop something down, to put	/iʈʈu/
636	പങ്ക്	allocated portion	
637	പ്രണയം	love affair, fondness	/prɐɳɐjɐm/
638	വാടക	rent	/ʋaːɖɐɡɐ/
639	ഭർത്താവ്	husband	/b(ʱ)ɐrt̪t̪aːʋɨ/
640	ഗുണം	use	/ɡuɳɐm/
641	അവിടം	that place	/ɐʋiɖɐm/
642	ഏ	eh, what	/eː/
643	അങ്ങേര്	The respectful form of he, but less than addeham	/ɐŋŋeːɾɨ/
644	വടക്ക്	north	/ʋɐɖɐkkɨ/
645	മകൾ	daughter	
646	വട്ടം	circle	/ʋɐʈʈɐm/
647	പാല്	alternative form of പാൽ	
648	വിളി	call	/ʋiɭi/
649	നാട്	state, country, nation, kingdom	/n̪aːɖɨ/
650	പല്ല്	tooth	/pɐllɨ/
651	വെളുത്ത	white	/ʋeɭut̪t̪ɐ/
652	വലുത്	large, big	[ʋɐlud̪ɨ]
653	ഇരുണ്ട	dark	/iɾuɳʈä/
654	ഫലം	result	/fɐlɐm/
655	സാമ്പത്തിക	financial	/saːmpɐt̪t̪iɡɐ/
656	തെക്ക്	south	/t̪ekːɨ̆/
657	സ്കൂൾ	school	/skuːɭ/
658	അനുവാദം	permission	/anuʋaːd̪am/
659	നാണം	shyness	/n̪aːɳɐm/
660	നോട്ടം	look, sight, examination	/n̪oːʈʈɐm/
661	പോരാ	insufficient; not enough	/poːɾaː/
662	ദ്വീപ്	island	/d̪ʋiːbɨ/
663	നന്ന്	goodness	/n̪ɐn̪n̪ɨ/
664	ഇടപാട്	dealing	/iɖɐbaːɖɨ/
665	അതിനാൽ	so that, because of that	/ɐd̪inaːl/
666	അടക്കം	including	/ɐɖɐkkɐm/
667	ഒന്നിച്ച്	along, together	/on̪n̪it͡ʃt͡ʃɨ/
668	കിടക്ക	bed	/kiɖɐkkɐ/
669	വോട്ട്	vote	/ʋoːʈʈɨ/
670	ഉദ്ദേശം	intention	/ud̪d̪eːʃɐm/
671	സാക്ഷി	witness	/saːkʂi/
672	കിടക്ക്	to lie down	/kiɖɐkkɨ/
673	കോട്ട്	coat	/koːʈʈɨ/
674	നേര്	alternative form of നേർ	/n̪eːɾɨ/
675	സ്ഥിതി	situation	/st̪(ʰ)id̪i/
676	മയക്കുമരുന്ന്	drug used for recreational use	
677	ഉന്നം	aim	/unːɐm/
678	എം	our	/em/
679	നീതി	justice	/n̪iːd̪i/
680	വീഡിയോ	video	/ʋiːɖijoː/
681	മറിച്ച്	but, rather, on the contrary	/märit͡ʃːɨ̆/
682	പ്രകടനം	performance	/prɐɡɐɖɐnɐm/
683	സ്വകാര്യ	private	/sʋɐɡaːɾjɐ/
684	സാമൂഹിക	social; communal	/saːmuːhiɡa/
685	ഡോക്റ്റർ	doctor	/ɖoːktɐr/
686	തിന്നു	to eat	/t̪in̪n̪u/
687	നം	we	/n̪ɐm/
688	പാത്രം	plate	/paːt̪rɐm/
689	ക്ലാസ്	class	/kɭaːsɨ/
690	മെല്ലെ	slowly	/melle/
691	വിഡ്ഢിത്തം	stupidity	/ʋiɖɖ(ʱ)it̪t̪ɐm/
692	അസംബന്ധം	nonsense	/äsɐmbɐn̪d̪ʱɐm/
693	ട്രെയിൻ	train	/ʈrejin/
694	പത്രം	newspaper	/pɐt̪rɐm/
695	യന്ത്രം	machine	/jɐn̪t̪rɐm/
696	ചങ്ങാതി	friend	/t͡ʃɐŋŋaːd̪i/
697	സഖാവ്	comrade; fellow socialist or communist	/sɐk(ʰ)aːʋɨ/
698	ബലം	force	/bɐlɐm/
699	കൈവശം	in possession	/kai̯ʋaʃam/
700	ഗ്യാസ്	gas	/ɡjaːsɨ/
701	ചെവി	ear; the sense organ responsible for hearing	/t͡ʃeʋi/
702	അവകാശം	a legal or moral entitlement; right	/aʋaɡaːʃam/
703	കേക്ക്	cake	/keːkːi/
704	വിപ്ലവം	revolution, political upheaval	
705	പ്രതിഫലം	reward	
706	പുറം	back	/purɐm/
707	നാറി	scoundrel; rascal	/n̪aːri/
708	പരിചയം	experience	/paɾid͡ʒajam/
709	പ്രത്യേകം	specially	/prɐt̪jeːɡɐm/
710	പന്തയം	stake, wager	/pɐn̪t̪ɐjɐm/
711	ഗ്രാമം	village	/ɡɾäːmɐm/
712	തോറ്റു	To fail; to be defeated	/t̪oːrru/
713	എവിടെയും	everywhere, anywhere	/eʋiɖejum/
714	കണക്ക്	mathematics; math	/kɐɳɐkkɨ/
715	ബഹളം	noisy talks or chatter	/bɐhɐɭɐm/
716	ചിന്ത	thought	/t͡ʃin̪t̪ɐ/
717	ഒച്ച	sound, noise, voice	/ot͡ːʃɐ/
718	സ്ഥിരം	permanently; always	/st̪(ʰ)iɾam/
719	കുതിര	horse	/kud̪iɾɐ/
720	തണുത്ത	cold	/t̪ɐɳut̪ːɐ/
721	നോക്കുക	to look	/n̪oːkkuɡɐ/
722	അകലെ	far	/ɐɡɐle/
723	പുക	smoke, the visible gaseous and particulate matter given off…	/puɡɐ/
724	സഭ	committee	/sɐb(ʱ)ɐ/
725	വെള്ള	white	/ʋeɭɭɐ/
726	ഡ്രിങ്ക്	drink	/ɖriŋkɨ̆/
727	പട്ടാളം	army	/pɐʈʈaːɭɐm/
728	പോകുക	to go	/poːɡukɐ/
729	ചെന്നായ	wolf, the largest wild member of the family Canidae	/t͡ʃen̪n̪aːjɐ/
730	മോഷണം	thievery; burglary; stealing	/moːʂɐɳɐm/
731	കാണുക	to see	/kaːɳuɡɐ/
732	കക്ഷി	party, faction	/kɐkʂi/
733	സമൂഹം	society	/sɐmuːhɐm/
734	രാജകുമാരി	princess	/ɾaːd͡ʒɐɡumaːɾi/
735	പക്ഷി	bird	/pɐkʂi/
736	ഇറച്ചി	raw meat for food	/irɐt͡ʃt͡ʃi/
737	ഇവർ	they	/iʋɐr/
738	ആശ	hope	/aːʃɐ/
739	വരണ്ട	dry, lacking moisture	/ʋɐɾɐɳɖɐ/
740	മേലെ	up	/meːle/
741	മുട്ട	egg; An oval or round structure produced by birds,…	/muʈʈɐ/
742	അടിക്ക്	to beat	/ɐɖikkɨ/
743	കഴിയുക	To be over; be spent	/kɐɻijuɡɐ/
744	എങ്ങും	anywhere	/eŋːum/
745	ഉള്ളിൽ	inside	/uɭɭil/
746	പെൺകുട്ടി	girl	
747	പാഠം	lesson	/paːʈ(ʰ)ɐm/
748	ഇരുപത്	twenty	/iɾubɐd̪ɨ/
749	സാഹചര്യം	situation	/saːhɐd͡ʒɐɾjɐm/
750	വിചിത്രം	weird, uncanny, strange	/ʋid͡ʒit̪rɐm/
751	കാട്	forest	/kaːɖɨ/
752	പ്രകാശം	light	/prɐkäːʃɐm/
753	കപ്പ്	cup	/kɐppɨ/
754	നേതാവ്	leader, politician, neta	/n̪eːd̪aːʋə/
755	മഹാ	great, big, large, massive	/mɐhaː/
756	ഭീഷണി	threat	/b(ʱ)iːʂɐɳi/
757	നാൾ	day	/n̪aːɭ/
758	പരിഹാരം	answer; solution	/pɐɾihaːɾɐm/
759	കൃഷി	agriculture	/krɨʂi/
760	വ്യത്യസ്ത	different	/ʋjat̪jast̪a/
761	ലിസ്റ്റ്	list	/listɨ̆/
762	അഭിമാനം	pride	/äbʱimäːnɐm/
763	സംഘം	team, group	/sɐŋɡʱɐm/
764	അര	half, ½	/ɐɾɐ/
765	രസം	charm, beauty	/ɾɐsɐm/
766	മൂക്ക്	nose	/muːkkɨ/
767	ജ്ജ്	dialectal form of നീ	/d͡ʒd͡ʒɨ/
768	മൊഴി	statement; testimony	/moɻi/
769	വാർത്ത	news	
770	ബൈക്ക്	bicycle	/bäikːɨ̆/
771	ഒത്തിരി	a lot, much	/ot̪t̪iɾi/
772	അവധി	leave	/ɐʋɐd̪(ʱ)i/
773	എണ്ണ	oil	/eɳɳɐ/
774	വിശുദ്ധ	holy	/ʋiʃud̪d̪(ʱ)ɐ/
775	അമ്മായി	aunt	/ɐmmaːji/
776	ദേശീയ	national	/d̪eːʃiːjɐ/
777	വിഭാഗം	section	/ʋib(ʱ)aːɡam/
778	മഞ്ഞ	yellow; the colour of sunflower petals	/mɐɲɲɐ/
779	മുൻപിൽ	in front of	
780	മദ്യം	alcohol	/mɐd̪jɐm/
781	വാഹനം	vehicle	/ʋaːhɐnɐm/
782	ഇരട്ടി	double; twice	/iɾɐʈʈi/
783	മീറ്റർ	metre	/miːtar/
784	സീറ്റ്	seat	/siːrrɨ/
785	അപ്പുറത്ത്	on that side of	
786	വിദ്യ	knowledge	
787	മാന്ത്രിക	magical	/maːn̪t̪riɡɐ/
788	മന്ത്രി	minister	/mɐn̪t̪ri/
789	കോടി	crore, that is 10,000,000	/koːɖi/
790	വരവ്	coming, arrival, advent	/ʋɐɾɐʋɨ/
791	കെട്ട്	a knot; tie	/keʈʈɨ/
792	അധിക	excess	/ɐd̪(ʱ)iɡɐ/
793	ആശ്വാസം	relief, comfort, consolation	/äːʃʋäːsɐm/
794	ബഹുമാനം	respect	/bɐhumaːnɐm/
795	പതിവ്	custom, routine, usual practice	/pɐd̪iʋɨ/
796	സിസ്റ്റം	system	/sisrrɐm/
797	വിശേഷം	specialty	
798	അപ്പുറം	across	/ɐppurɐm/
799	കൂട്ട്	like, similar	/kuːʈʈɨ/
800	നൂറ്	hundred	/n̪uːrɨ/
801	പ്രാധാന്യം	importance	/praːd̪(ʱ)aːnjɐm/
802	വർക്ക്	work	/ʋärkːɨ̆/
803	മേരി	merry	/meːɾi/
804	ആശുപത്രി	hospital	/aːʃubɐt̪ri/
805	കവിത	poem	/kɐʋid̪ɐ/
806	പാതി	synonym of പകുതി	/paːd̪i/
807	സമ്മതം	consent	/sɐmmɐd̪ɐm/
808	കണ്ണട	glasses	/kɐɳːɐɖɐ/
809	ശ്രീ	Lakshmi, the Hindu goddess of wealth	/ʃriː/
810	ചിരി	laughter	/t͡ʃiɾi/
811	ടെസ്റ്റ്	test	
812	മാംസം	meat	/maːmsɐm/
813	കാലാവസ്ഥ	weather	/kaːlaːʋɐst̪(ʰ)ɐ/
814	കോളേജ്	college	/koːɭeːd͡ʒɨ/
815	ആരോഗ്യം	health	/aːɾoːɡjɐm/
816	ജാക്കറ്റ്	jacket	/d͡ʒaːkːatɨ̆/
817	റോക്കറ്റ്	rocket	/roːkːɐtɨ̆/
818	സഹോദരൻ	brother	/sɐhoːd̪ɐɾɐn/
819	തിന്ന്	to eat	/t̪in̪n̪ɨ/
820	അപ്പ്	water	/ɐppɨ/
821	വടി	wooden stick	/ʋɐɖi/
822	സൂപ്പ്	soup	/suːppɨ/
823	സൂചന	indication	/suːd͡ʒɐnɐ/
824	ശല്യം	annoyance	/ʃɐljɐm/
825	തിങ്കളാഴ്ച	Monday	/t̪iŋkɐɭaːɻt͡ʃɐ/
826	അർത്ഥം	meaning	/art̪t̪ʰam/
827	ഭംഗി	beauty	/b(ʱ)ɐŋɡi/
828	വാദം	discussion	/ʋaːd̪ɐm/
829	ഉപദേശം	advice	
830	പ്രദേശം	area	/prad̪eːʃam/
831	തീയതി	date	/t̪iːjɐd̪i/
832	മോചനം	liberation	/moːd͡ʒɐnɐm/
833	ഇടം	a space, place, area	/iɖɐm/
834	രുചി	taste	/ɾud͡ʒi/
835	കളവ്	lie	/kɐɭɐʋɨ/
836	വലിക്ക്	to pull	/ʋɐlikkɨ/
837	മതം	religion, system of belief	/mɐd̪ɐm/
838	വസ്തു	object	/ʋɐst̪u/
839	പൂച്ച	cat, Felis catus, small, domesticated carnivorous mammal…	/puːt͡ʃt͡ʃɐ/
840	നായ	dog	/n̪aːjɐ/
841	പ്രഭു	lord	
842	കൊടുങ്കാറ്റ്	typhoon	/koɖuŋkaːrrɨ/
843	സൂ	zoo	
844	പുറകിൽ	behind, in back of	
845	മറ്റും	etc, so on	
846	ലോട്ടറി	lottery	
847	നീളം	length	/n̪iːɭɐm/
848	ചുമതല	responsibility; duty	/t͡ʃumɐd̪ɐlɐ/
849	കെട്ടിടം	building	
850	ആധുനിക	modern	/äːd̪ʱuniɡä/
851	അറിവ്	knowledge	/ɐriʋɨ/
852	ഏറെക്കുറെ	somewhat, more or less	/eːrekkure/
853	പള്ളി	church	/pɐɭɭi/
854	പ്രേതം	ghost	/preːd̪ɐm/
855	സ്തുതി	praise	/st̪ud̪i/
856	കളിക്ക്	to play	/kɐɭikkɨ/
857	കള്ള	false	/käɭːä/
858	ഉയരം	height	/ujɐɾɐm/
859	ഞായറാഴ്ച	Sunday	/ɲaːjɐraːɻt͡ʃɐ/
860	ദൗത്യം	mission	
861	സ്പാനിഷ്	Spanish	/spaːniʂɨ/
862	ഡ്രൈവ്	drive	/ɖrɐi̯ʋɨ/
863	പന്ത്രണ്ട്	twelve	/pɐn̪t̪rɐɳɖɨ/
864	തൊലി	skin, the outer protective layer of the body of human or…	/t̪oli/
865	പട്ടിണി	famine	/pɐʈʈiɳi/
866	കറുപ്പ്	black	/kɐruppɨ/
867	പരിശോധന	inspection	
868	പാത	path	
869	ജോഡി	pair	/d͡ʒoːɖi/
870	കഠിനമായ	hard	/kɐʈ(ʰ)inɐmaːjɐ/
871	അനുമതി	permission	/ɐnumɐd̪i/
872	ഗോളം	sphere	/ɡoːɭɐm/
873	പുറകോട്ട്	backward	/purɐɡoːʈʈɨ/
874	ഉടമ്പടി	treaty	/uɖɐmpɐɖi/
875	വിതരണം	distribution	/ʋid̪ɐɾɐɳɐm/
876	വിരല്	finger	
877	പരിശുദ്ധ	immaculate	/pɐɾiʃud̪d̪(ʱ)ɐ/
878	കണ്ണാടി	mirror, a smooth surface, made of glass with reflective…	/kɐɳːaːɖi/
879	പ്രതികരണം	response	
880	കുറ്റവാളി	culprit	/kurrɐʋaːɭi/
881	നിരവധി	many	/n̪iɾɐʋɐd̪(ʱ)i/
882	കിഴക്ക്	east, the cardinal direction in which the earth spins	/kiɻɐkkɨ/
883	ഹോട്ടൽ	hotel	/hoːʈːɐl/
884	ശാന്തി	peace	/ʃaːn̪t̪i/
885	നാണക്കേട്	insult, shame	/n̪aːɳɐkkeːɖɨ/
886	പോരാട്ടം	fight	/poːɾaːʈʈɐm/
887	ആകാശം	sky	/aːɡaːʃɐm/
888	മനസ്	alternative spelling of മനസ്സ്	/mɐnɐsɨ/
889	ശനിയാഴ്ച	Saturday	/ʃɐnijaːɻt͡ʃɐ/
890	വഴക്ക്	quarrel	
891	ചർച്ച	discussion	/t͡ʃɐrt͡ʃt͡ʃɐ/
892	പ്രവാചകന്	prophet	
893	പന്ത്	ball	/pɐn̪t̪ɨ/
894	പുല്ല്	grass; short plants with long narrow leaves and hollow…	/pulːɨ/
895	പാനപാത്രം	glass, a vessel used for drinking a liquid	/paːnɐbaːt̪rɐm/
896	സേവനം	service	/seːʋɐnɐm/
897	എലി	rat	/eli/
898	സ്വർണം	alternative form of സ്വർണ്ണം	/sʋɐrɳɐm/
899	ചെന്നായ്	alternative form of ചെന്നായ	
900	വേശ്യ	prostitute	/ʋeːʃjɐ/
901	പഠനം	study	
902	തെമ്മാടി	rogue	/t̪emmaːɖi/
903	കിട്ടുക	to get	/kiʈʈuɡɐ/
904	ബാറ്ററി	battery	/baːrrɐri/
905	തെരുവ്	street	/t̪eɾuʋɨ/
906	നരകം	hell	/n̪ɐɾɐɡɐm/
907	പകൽ	day	/pɐɡɐl/
908	കൊന്ന	the tree Castia Fistula	/kon̪n̪ɐ/
909	വശം	side	/ʋɐʃɐm/
910	കൊട്ടാരം	palace	/koʈʈaːɾɐm/
911	പൈലറ്റ്	pilot	
912	പ്രകൃതി	nature	/prɐkrɨd̪i/
913	വിലാസം	address, location	/ʋilaːsɐm/
914	ജനറൽ	general	/d͡ʒɐnɐrɐl/
915	പ്രതിജ്ഞ	pledge	/prɐd̪id͡ʒɲɐ/
916	തടി	wood, timber; the substance making up the central part of…	/t̪ɐɖi/
917	പിന്നോട്ട്	backward	/pin̪n̪oːʈʈɨ/
918	സമരം	strike	/samaɾam/
919	സംരക്ഷണം	protection	
920	നാണയം	coin	/n̪aːɳɐjɐm/
921	ഉപ്പ്	salt	/uppɨ/
922	നദി	a river	/n̪ɐd̪i/
923	അതി	sword	/ɐd̪i/
924	പക്ഷം	stance, position	
925	ചെറു	small	/t͡ʃeru/
926	ചെസ്സ്	chess	
927	തനിച്ച്	alone	/t̪anit͡ʃt͡ʃə/
928	എടുക്കുക	to take	/eɖukkuɡɐ/
929	വേലി	fence, a thin artificial barrier	/ʋeːli/
930	കണ്ടെത്തുക	to find	/käɳʈet̪ːuɡä/
931	പ്ലേറ്റ്	plate	/pleːtɨ̆/
932	സങ്കടം	sadness	/sɐŋkɐɖɐm/
933	ഒരുത്തൻ	one person	/oɾut̪t̪ɐn/
934	സ്റ്റേഷൻ	station	/steːʂɐn/
935	മറ്റേത്	other one	/mɐtːeːd̪ɨ̆/
936	മക്കൾ	one's children; sons and daughters	/mɐkkɐɭ/
937	വെള്ളിയാഴ്ച	Friday	/ʋeɭɭijaːɻt͡ʃɐ/
938	ഒഴികെ	except	/oɻiɡe/
939	മൂടി	cap, a protective cover	/muːɖi/
940	കഴുവേറി	cruel, vile person deserved to be hung	/kɐɻuʋeːri/
941	കുറവ്	less	/kurɐʋɨ/
942	ഡ്രൈവർ	driver	/ɖrɐi̯ʋɐr/
943	ഭയങ്കരം	fearsome; terrifying	/b(ʱ)ɐjɐŋkɐɾɐm/
944	കുറ്റബോധം	feeling guilty; remorse; guilt	/kurrɐboːd̪(ʱ)ɐm/
945	വട്ട്	eccentricity, insanity	/ʋɐʈʈɨ/
946	ജീവി	living organism	
947	സാവധാനം	slowly	
948	ഇന്ധനം	fuel	/in̪d̪(ʱ)ɐnɐm/
949	ജഡ്ജി	judge	/d͡ʒäɖd͡ʒi/
950	മധുരം	a sweet, dessert	/mɐd̪(ʱ)uɾɐm/
951	പ്രാദേശിക	local	/praːd̪eːʃiɡɐ/
952	കലാപം	quarrel	/kɐlaːbɐm/
953	പാപം	sin	
954	വിളിക്കുക	to call	/ʋiɭikkjuɡɐ/
955	ഊഹം	guess	/uːhɐm/
956	എതിരെ	against	/ed̪iɾe/
957	പൂട്ട്	a lock	/puːʈʈɨ/
958	കിലോ	kilogram	/kiloː/
959	മിഠായി	candy	/miʈ(ʰ)aːji/
960	പനി	fever, influenza, flu	/pɐni/
961	അനേകം	several	
962	ചിലർ	some people	/t͡ʃilɐr/
963	ബുദ്ധിമുട്ട്	difficulty	/bud̪d̪(ʱ)imuʈʈɨ/
964	എഴുത്ത്	writing	/eɻut̪t̪ɨ/
965	അടിമ	slave	/ɐɖimɐ/
966	പാർട്ടി	party	/päːrʈːi/
967	പ്രസംഗം	speech; allocution	
968	സെന്റ്	cent	
969	നീളമുള്ള	length having	/n̪iːɭɐmuɭɭɐ/
970	ഘട്ടം	phase, stage	/ɡ(ʱ)ɐʈʈɐm/
971	അൽപം	little	/alpam/
972	ഭാവം	attitude	/b(ʱ)aːʋɐm/
973	ജന്മം	birth	/d͡ʒɐnmɐm/
974	മന്ദബുദ്ധി	mentally retarded	/mɐn̪d̪ɐbud̪d̪(ʱ)i/
975	വിടു	useless, meaningless	/ʋiɖu/
976	ആഴം	depth	/aːɻɐm/
977	കൊടുക്കുക	to give to the 3rd person	/koɖukkuɡɐ/
978	സൂക്ഷിക്കുക	to keep	/suːkʂikkjuɡɐ/
979	വികാരം	emotion	/ʋiɡaːɾɐm/
980	നാലാം	fourth, 4th	/n̪aːlaːm/
981	പ്രത്യേകത	specialness	/prɐt̪jeːɡɐd̪ɐ/
982	തീവണ്ടി	train	/t̪iːʋɐɳɖi/
983	കഴിവുള്ള	capable	/käɻiʋuɭːä/
984	പേടകം	box, basket, case, multitude	/peːɖɐɡɐm/
985	പട്ടണം	town	/pɐʈʈɐɳɐm/
986	ഉറങ്ങ്	to sleep	/urɐŋŋɨ/
987	നഷ്ടം	loss	/n̪ɐʂʈɐm/
988	മിക്ക	most	/mikkɐ/
989	മാതാവ്	mother	/maːd̪aːʋɨ/
990	ഇരുട്ട്	darkness; lack of light	/iɾuʈːɨ/
991	ടെൻഷൻ	tension	/ʈenʂɐn/
992	ലാഭം	profit	/laːb(ʱ)ɐm/
993	അനുഭവം	experience	/ɐnub(ʱ)ɐʋɐm/
994	ശുദ്ധ	pure	/ʃud̪d̪(ʱ)ɐ/
995	പെരുമാറ്റം	manners	/peɾumaːrrɐm/
996	അറിയുക	to know	/ɐrijuɡɐ/
997	പൊതു	public	/pod̪u/
998	പേജ്	page	/peːd͡ʒɨ/
999	സഹായി	helper	/sɐhaːji/
1000	ഉപകരണം	device	/ubɐɡɐɾɐɳɐm/
1001	വൻ	big, huge	/ʋɐn/
1002	നോട്ടീസ്	notice	
1003	ചികിത്സ	treatment, medical care	/t͡ʃiɡit̪sɐ/
1004	പൂ	flower	/puː/
1005	പരാജയം	defeat	/pɐɾaːd͡ʒɐjɐm/
1006	റൗണ്ട്	round	/räuɳʈɨ̆/
1007	അഭയം	refuge	/ɐb(ʱ)ɐjɐm/
1008	ബ്ലൂ	blue	/bɭuː/
1009	വൈദ്യുതി	electricity	/ʋɐjd̪jud̪i/
1010	കൂലി	salary, payment for doing job	/kuːli/
1011	തള്ള്	over exaggeration	/t̪ɐɭɭɨ/
1012	കുറ്റസമ്മതം	admission	
1013	ഭേദം	splitting, breaking, division	/b(ʱ)eːd̪ɐm/
1014	മൂത്ത	elder	/muːt̪t̪ɐ/
1015	പാമ്പ്	snake, limbless reptile with long, slender bodies belonging…	/paːmpɨ/
1016	യൂണിഫോം	uniform	/juːɳifoːm/
1017	കാൽ	leg, a lower limb of humans, animals and insects	/kaːl/
1018	അക്കൗണ്ട്	account	/ɐkkɐu̯ɳɖɨ/
1019	കഴുത്ത്	neck	/kɐɻut̪t̪ɨ/
1020	നികുതി	tax	/n̪iɡud̪i/
1021	ഔദ്യോഗിക	official	/au̯d̪joːɡiɡɐ/
1022	തന്ത്രം	strategy	/t̪ɐn̪t̪rɐm/
1023	പൈ	pi	/pɐi̯/
1024	കപ്പൽ	ship	/kɐppɐl/
1025	ഒറ്റപ്പെട്ട	isolated	/orrɐppeʈʈɐ/
1026	കൊഞ്ച്	long-clawed shrimp, shrimps in the family Palaemonidae with…	/koɲt͡ʃɨ/
1027	വിശപ്പ്	hunger	/ʋiʃɐppɨ/
1028	ഉത്തരവാദിത്വം	responsibility	
1029	താഴ്	a lock	/t̪aːɻɨ/
1030	കുറിപ്പ്	note	/kurippɨ/
1031	പൊടി	dust	/poɖi/
1032	സകല	all	
1033	ഓർക്കുക	to think, remember	/oːrkkuɡɐ/
1034	ഗുളിക	tablet medicine	/ɡuɭiɡɐ/
1035	ക്ഷീണം	tire, fatigue, tiredness	/kʂiːɳɐm/
1036	വ്യവസ്ഥ	term, condition	
1037	നന്മ	goodness	/n̪ɐnmɐ/
1038	വിശ്രമം	rest	/ʋiʃrɐmɐm/
1039	പീ	excrement	/piː/
1040	പൊയ്	lie, falsehood, illusion, unreal; fake	/pojɨ/
1041	മണ്ടൻ	stupid, fool	/mɐɳɖɐn/
1042	വെള്ളി	silver	/ʋeɭɭi/
1043	തലയോട്ടി	scalp	/t̪ɐlɐjoːʈʈi/
1044	ജനം	people	/d͡ʒɐnɐm/
1045	ആവേശം	excitedness	
1046	തിരക്ക്	crowdedness	/t̪iɾɐkkɨ/
1047	മുറിക്ക്	to cut	/murikkɨ/
1048	ഗ്രേ	gray	/ɡɾeː/
1049	പിശാച്	satan, demon	/piʃaːd͡ʒɨ/
1050	കൂട്	nest	/kuːɖɨ/
1051	ദേശം	place, region, country, nation	/d̪eːʃɐm/
1052	ക്ഷമിക്കുക	to forgive	/kʂɐmikkjuɡɐ/
1053	അതീവ	very extreme; in the greatest or highest degree	/ɐd̪iːʋɐ/
1054	നിലം	land	/n̪ilɐm/
1055	കുന്തം	spear	/kun̪t̪ɐm/
1056	തല്ല്	fight	/t̪ɐllɨ/
1057	സാമ്രാജ്യം	empire	/saːmraːd͡ʒjɐm/
1058	ഓൺ	on, start	/oːɳ/
1059	പുരാതന	ancient	/puɾaːt̪ana/
1060	ഒമ്പത്	alternative form of ഒൻപത്	/ompɐd̪ɨ/
1061	എന്തെന്നാൽ	because	/en̪t̪en̪n̪aːl/
1062	റൊട്ടി	bread	/roʈʈi/
1063	ഊഴം	one's turn; chance; term	/uːɻɐm/
1064	പേന	pen	/peːnɐ/
1065	കരുണ	kindness, mercy	/käɾuɳä/
1066	സംഭാഷണം	conversation	/sɐmb(ʱ)aːʂɐɳɐm/
1067	ചെറ്റ	small hut made of leaves	/t͡ʃerrɐ/
1068	പടിഞ്ഞാറ്	west	
1069	കുമാരി	a surname	/kumaːɾi/
1070	മുൻ	previous, before	/mun/
1071	കരടി	bear	/kɐɾɐɖi/
1072	വെക്കുക	to put	/ʋekkuɡɐ/
1073	ഫ്ലൈറ്റ്	flight	/fɭäitɨ̆/
1074	കസേര	chair	/kɐseːɾɐ/
1075	പ്രേമം	love	
1076	ഇര	prey, food for animals	/iɾɐ/
1077	കൃഷ്ണ	black	/krɨʂɳɐ/
1078	സംഭവിക്കുക	to happen	/sɐmb(ʱ)ɐʋikkjuɡɐ/
1079	ഓറഞ്ച്	orange fruit	/oːrɐɲt͡ʃɨ/
1080	മേശ	table	/meːʃɐ/
1081	പോക്ക്	going	/poːkkɨ/
1082	സമ്പത്ത്	wealth	/sɐmpɐt̪t̪ɨ/
1083	ഇൻസ്പെക്ടർ	inspector	/inspekʈar/
1084	നിധി	treasure	/n̪id̪(ʱ)i/
1085	ശപഥം	oath	
1086	തക്ക	fit; suiting	/t̪ɐkkɐ/
1087	വാൾ	sword	/ʋaːɭ/
1088	വുഡ്	wood	/ʋuɖɨ̆/
1089	ഗതി	situation, condition	
1090	വിസ	visa	/ʋisɐ/
1091	എടീ	used to call a familiar female of same age or younger; or…	/eɖiː/
1092	ചുവപ്പ്	red	/t͡ʃuʋɐppɨ/
1093	തുള്ളി	A drop	/t̪uɭɭi/
1094	നാറ്റം	bad smell	
1095	ചീട്ട്	card	/t͡ʃiːʈʈɨ/
1096	ഡോർ	door	/ɖoːr/
1097	താടി	beard	/t̪aːɖi/
1098	ബന്ധപ്പെട്ട	related	/bɐn̪d̪(ʱ)ɐppeʈʈɐ/
1099	റോസ	rose, flowering plant of the genus Rosa	/roːsɐ/
1100	ലൈംഗിക	sexual; pertaining to sex	/lɐi̯ŋɡiɡɐ/
1101	ഗാനം	song, music	/ɡaːnɐm/
1102	അന്ത്യം	the end	
1103	ചെലവ്	expenditure, expense, spending	
1104	കാത്തിരിക്കുക	to wait	/kaːt̪t̪iɾikkjuɡɐ/
1105	പുലി	leopard, Panthera pardus, a large carnivorous felid with a…	/puli/
1106	രേഖ	line	
1107	പ്രചോദനം	encouragement	
1108	കരാർ	agreement	/kɐɾaːr/
1109	അപേക്ഷ	request	/ɐbeːkʂɐ/
1110	രാജ്ഞി	queen	/ɾaːd͡ʒɲi/
1111	ചൂടുള്ള	hot	/t͡ʃuːɖuɭɭɐ/
1112	അടിസ്ഥാന	fundamental	/ɐɖist̪(ʰ)aːnɐ/
1113	കോഴി	chicken, a domesticated variety of fowl kept for it's eggs…	/koːɻi/
1114	വെറുപ്പ്	hate	/ʋeruppɨ/
1115	ക്രീം	cream	/kriːm/
1116	താഴോട്ട്	downward	/t̪aːɻoːʈʈɨ/
1117	കാമറ	camera	/kaːmɐrɐ/
1118	ഗുഹ	a cave	/ɡuhɐ/
1119	ഭംഗിയുള്ള	beautiful; having beauty	/b(ʱ)ɐŋɡijuɭɭɐ/
1120	പരീക്ഷ	academic test, exam, examination	
1121	പെട്ട	a female bird	/peʈʈɐ/
1122	സുന്ദരം	beautiful	
1123	പന്നിക്കുട്ടി	piglet	/pɐn̪ˑn̪ikˑkuʈˑʈi/
1124	വ്യാഴാഴ്ച	Thursday	/ʋjaːɻaːɻt͡ʃɐ/
1125	അളവ്	measurement	/ɐɭɐʋɨ/
1126	സാന്നിധ്യം	presence; being next to	/saːn̪n̪id̪(ʱ)jam/
1127	ശാപം	curse	/ʃaːbɐm/
1128	നക്ഷത്രം	star, celestial luminous star	/n̪ɐkʂɐt̪rɐm/
1129	പാറ	rock, boulder; A large stone	/paːrɐ/
1130	ലിംഗം	lingam, aniconic representation of the Hindu deity Shiva	/liŋɡɐm/
1131	പട്ടിക	list	/pɐʈʈiɡɐ/
1132	മൂല്യം	value	/muːljɐm/
1133	കരുതുക	to assume	/kɐɾud̪uɡɐ/
1134	മാലാഖ	angel, a messenger of God in Abrahamic religions	/maːlaːk(ʰ)ɐ/
1135	ചുംബനം	kiss	/t͡ʃumbanam/
1136	നഖം	fingernail	/n̪ɐk(ʰ)ɐm/
1137	സോപ്പ്	soap	/soːppɨ/
1138	കടുവ	tiger	/kɐɖuʋɐ/
1139	ആജ്ഞ	command; order	/äd͡ʒɲä/
1140	വീഞ്ഞ്	wine; Fermented grape juice	/ʋiːɲɲɨ/
1141	ഉപയോഗം	use	/ubɐjoːɡɐm/
1142	ഓസ്	alternative form of ഓസ്സി	/oːsɨ/
1143	അന്താരാഷ്ട്ര	international	/ɐn̪t̪aːɾaːʂʈrɐ/
1144	ആശ്ചര്യം	amazement	/äːʃt͡ʃɐɾjɐm/
1145	എഴുത്	to write	/eɻud̪ɨ/
1146	ഭീരു	coward; a person who lacks courage	/b(ʱ)iːɾu/
1147	കടൽ	sea	/kɐɖɐl/
1148	സംഭാവന	donation	
1149	പക്കൽ	in hand; in the possession of	/pɐkkɐl/
1150	മൃഗം	animal	/mrɨɡɐm/
1151	ചിങ്കി	poison	/t͡ʃiŋki/
1152	പ്രോഗ്രാം	program	/pɾoːɡɾäːm/
1153	നിലവിളി	loud scream or cry	
1154	തിളങ്ങുന്ന	shining, glowing	/t̪iɭɐŋŋun̪n̪ɐ/
1155	നിരന്തരം	continuously	/n̪iɾɐn̪t̪ɐɾɐm/
1156	കാക്ക	crow, large passerine bird belonging to the genus Corvus…	/kaːkːɐ/
1157	ഒടുവിൽ	in the end	/oɖuʋil/
1158	പീഡനം	torture, causing pain	/piːɖɐnɐm/
1159	ദശലക്ഷം	ten lakhs, one million	/d̪ɐʃɐlɐkʂɐm/
1160	അങ്ങേയറ്റം	extremely	/ɐŋŋeːjɐrrɐm/
1161	കൂടിക്കാഴ്ച	meeting, conference	/kuːɖikkaːɻt͡ʃɐ/
1162	വിളക്ക്	lamp	/ʋiɭɐkkɨ/
1163	പഴയത്	old	/pɐɻɐjɐd̪ɨ̆/
1164	ചൂഷണം	exploitation	/t͡ʃuːʂɐɳɐm/
1165	ചോളം	corn, maize, Zea mays	/t͡ʃoːɭɐm/
1166	മന്ത്രം	mantra	/mɐn̪t̪rɐm/
1167	കുപ്പായം	shirt	
1168	വിത്ത്	seed, nut	/ʋit̪t̪ɨ/
1169	ഇരട്ട	two	/iɾɐʈʈɐ/
1170	ഊർജ്ജം	energy	/uːrd͡ʒd͡ʒɐm/
1171	ലേഖനം	article	/leːk(ʰ)anam/
1172	താളം	rhythm, tune	/t̪aːɭɐm/
1173	മുപ്പത്	thirty	/muppɐd̪ɨ/
1174	വെയിറ്റ്	wait	/ʋejitɨ̆/
1175	പ്രഭാതം	morning	/prab(ʱ)aːd̪am/
1176	വിദ്യാഭ്യാസം	education	
1177	മേ	canopy	/meː/
1178	നടത്തം	walk	/n̪ɐɖɐt̪t̪ɐm/
1179	ഒടുക്കം	in the end	/oɖukːɐm/
1180	സ്വതന്ത്ര	independent, free	/sʋɐd̬ɐn̪t̪ɾä/
1181	വിരൽ	digit, any of the narrow appendages of the human hand or…	/ʋiɾɐl/
1182	സ്വാമി	God	/sʋaːmi/
1183	യോഗം	meeting	/joːɡɐm/
1184	ഇടി	punch, hit	/iɖi/
1185	ഒഴിഞ്ഞ	empty	/oɻiɲːä/
1186	കനത്ത	heavy	/kɐnɐt̪t̪ɐ/
1187	ഗന്ധം	smell	/ɡɐn̪d̪(ʱ)ɐm/
1188	ഗുരു	guru	/ɡuɾu/
1189	ഇളം	lite	/iɭɐm/
1190	കൊല്ലുക	to kill	/kolluɡɐ/
1191	പുതിയത്	new; things that are new	/pud̪ijɐd̪ɨ/
1192	മാൻ	deer	/maːn/
1193	കാപ്പിരി	stupidity	/kaːppiɾi/
1194	ആമേൻ	amen	/aːmeːn/
1195	പിങ്ക്	pink	/piŋkɨ/
1196	തീട്ടം	excrement, feces, shit	/t̪iːʈʈɐm/
1197	ജയിൽ	jail	/d͡ʒɐjil/
1198	ഓർമ്മ	memory	/oːrmmɐ/
1199	എടോ	Used to address a person of same age or younger. Less…	/eɖoː/
1200	വാചകം	sentence	
1201	മുരളി	flute	/muɾɐɭi/
1202	ഗെയിം	game	/ɡejim/
1203	നല്ലപോലെ	very well	/n̪ɐllɐboːle/
1204	അക്രമം	violation of rules; attackive actions	/ɐkrɐmɐm/
1205	ഓർമ	memory; recollection	/oːrmɐ/
1206	പഴം	fruit	/pɐɻɐm/
1207	കൂട്ടുകാരൻ	friend	/kuːʈːuɡaːɾan/
1208	മുന്തിയ	of superior class; high class	/mun̪t̪ijɐ/
1209	എൻ	I	/en/
1210	കൊലപാതക	murderous, killing	/kolɐbaːd̪ɐɡɐ/
1211	നീര്	swelling	/n̪iːɾɨ/
1212	അൽപ്പം	less	/ɐlpɐm/
1213	വൈൻ	wine	/ʋai̯n/
1214	പ്രധാനമന്ത്രി	prime minister	
1215	ചെറുത്	small one	/t͡ʃerut̪ə/
1216	മാനം	sky	/maːnɐm/
1217	അടുക്കള	kitchen	/ɐɖukkɐɭɐ/
1218	തയ്യാർ	ready	/t̪ɐjjaːr/
1219	പ്രപഞ്ചം	The Universe, cosmos	/prɐbɐɲt͡ʃɐm/
1220	മത്സ്യം	fish	/mɐt̪sjɐm/
1221	നിര	line	/n̪iɾɐ/
1222	സഹതാപം	sympathy	
1223	ഗ്രഹം	planet; a body which orbits a star	/ɡɾɐhɐm/
1224	തടവ്	imprisonment	/t̪ɐɖɐʋɨ/
1225	ബലാത്സംഗം	rape, forced non-consensual sexual act	
1226	കൈമാറ്റം	transfer	/kai̯maːtːam/
1227	കഞ്ചാവ്	cannabis	/kɐɲt͡ʃaːʋɨ/
1228	ഊണ്	meals	/uːɳɨ/
1229	പ്രയോജനം	benefit; use	/prɐjoːd͡ʒɐnɐm/
1230	മര്യാദ	manners	
1231	പിടിക്കുക	catch	/piɖikkjuɡɐ/
1232	മരുഭൂമി	desert	/mɐɾub(ʱ)uːmi/
1233	പടി	the way, in the manner, so as	/pɐɖi/
1234	ഒന്നാമത്തെ	first	/on̪n̪aːmɐt̪t̪e/
1235	ഉദ്ദേശ്യം	goal	
1236	ഒന്നാന്തരം	first class, best, highest quality	/on̪n̪aːn̪t̪ɐɾɐm/
1237	വക്കീൽ	lawyer	/ʋɐkkiːl/
1238	പട	army; fighting force	/pɐɖɐ/
1239	സേന	army	/seːnɐ/
1240	നിൽക്കുക	to stand	/n̪ilkːuɡɐ/
1241	രാജകുമാരൻ	prince	
1242	കരച്ചിൽ	crying	
1243	നടക്കുക	to walk	/n̪ɐɖɐkkuɡɐ/
1244	പൂട്ടി	locked	/puːʈʈi/
1245	കൊച്ച്	small	/kot͡ːʃɨ̆/
1246	കഴുത	donkey, a domesticated equine animal, commonly used as…	/kɐɻud̪ɐ/
1247	തടാകം	lake, tank, pond	/t̪ɐɖaːɡɐm/
1248	ജനനം	birth	/d͡ʒɐnɐn̪ɐm/
1249	അകന്നു	To create distance	/ɐɡɐn̪n̪u/
1250	ലളിതമായ	simple	/lɐɭid̪ɐmaːjɐ/
1251	ഓരോരോ	different sorts; this and that	/oːɾoːɾoː/
1252	മുട്ട്	knee	/muʈːɨ̆/
1253	കാമുകി	a female lover	/kaːmuɡi/
1254	രത്നം	gem	/ɾɐt̪n̪ɐm/
1255	കമ്പ്യൂട്ടർ	computer	/kampjuːʈːar/
1256	വരി	line	/ʋɐɾi/
1257	നോം	I	/n̪oːm/
1258	വയ്ക്കുക	alternative form of വെക്കുക	/ʋɐkkjuɡɐ/
1259	പ്രവചനം	prophecy	/prɐʋɐd͡ʒɐnɐm/
1260	ചേട്ടൻ	elder brother	/t͡ʃeːʈʈɐn/
1261	പേപ്പർ	paper	/peːppɐr/
1262	സഹായിക്കുക	to help	/sɐhaːjikkjuɡɐ/
1263	ഉടുപ്പ്	clothing	/uɖupːɨ̆/
1264	ആൺകുട്ടി	boy, young male	
1265	തൊഴിൽ	job	/t̪oɻil/
1266	ഫയൽ	file	/pʰajal/
1267	ഭൂതം	ghost	
1268	പ്രയാസം	effortful; requiring effort	/prɐjaːsɐm/
1269	ആദ്യത്തേത്	first one	/aːd̪jɐt̪t̪eːd̪ɨ/
1270	വ്യാജ	fake	/ʋjaːd͡ʒɐ/
1271	പ്രസ്താവന	statement; declaration	
1272	പുതുതായി	newly	/pud̪ut̪aːji/
1273	താത്പര്യം	alternative spelling of താൽപ്പര്യം	
1274	ആസൂത്രണം	planning	/aːsuːt̪rɐɳɐm/
1275	വിവിധ	various	/ʋiʋid̪(ʱ)ɐ/
1276	സ്വിച്ച്	switch	/sʋit͡ʃːɨ̆/
1277	ചരക്ക്	commodity, goods	/t͡ʃɐɾɐkkɨ/
1278	ചീസ്	cheese	/t͡ʃiːsɨ̆/
1279	അദ്ധ്യായം	chapter; section of textbook	/ɐd̪d̪(ʱ)jaːjɐm/
1280	അരി	uncooked rice	/ɐɾi/
1281	സ്പീഡ്	speed	/spiːɖɨ/
1282	താരതമ്യം	comparison	/t̪aːɾɐd̪ɐmjɐm/
1283	ഉരുളക്കിഴങ്ങ്	potato, Solanum tuberosum, a perennial plant in the…	/uɾuɭɐkːiɻɐŋːɨ̆/
1284	ധൃതി	rush; hurry	/d̪(ʱ)rɨd̪i/
1285	തുടരുക	to continue	/t̪uɖɐɾuɡɐ/
1286	ഗണന	counting	/ɡɐɳɐnɐ/
1287	കാട്ടി	gaur	/käːʈːi/
1288	അന്തരീക്ഷം	atmosphere	/än̪t̪ɐɾikʂɐm/
1289	പരീക്ഷണം	experiment	/paɾiːkʂaɳam/
1290	പ്രവൃത്തി	act, action	/prɐʋrɨt̪t̪i/
1291	തടസ്സം	impediment	/t̪aɖasːam/
1292	ഇഞ്ച്	inch	/iɲt͡ʃɨ/
1293	ഓള്	she	/oːɭɨ/
1294	കേന്ദ്രം	center	/keːn̪d̪ɾam/
1295	രാഷ്ട്രീയം	politics	/ɾaːʂʈriːjam/
1296	ബഹുമാനപ്പെട്ട	honorable	/bɐhumaːnɐppeʈʈɐ/
1297	വാശി	obstinacy, stubbornness	/ʋaːʃi/
1298	സംഘടന	organization	/sɐŋɡ(ʱ)ɐɖɐnɐ/
1299	കാരറ്റ്	carrot	/kaːɾɐrrɨ/
1300	ഉച്ച	noon	/ut͡ʃt͡ʃɐ/
1301	ഉയർന്ന	high; elevated	/ujɐrn̪ːɐ/
1302	ബിയർ	beer	
1303	അഞ്ചാം	fifth, 5th	/ɐɲt͡ʃaːm/
1304	മുതലാളി	boss	/mud̪ɐlaːɭi/
1305	രക്ഷ	saving	/ɾɐkʂɐ/
1306	ആത്മവിശ്വാസം	self-confidence	/aːt̪mɐʋiʃʋaːsɐm/
1307	വാറണ്ട്	warrant	/wäːrɐɳʈɨ̆/
1308	സ്വർണ്ണം	gold	/sʋɐrɳɳɐm/
1309	കോണി	ladder	/koːɳi/
1310	വീഴ്ത്തുക	to make something fall	/ʋiːɻt̪t̪uɡɐ/
1311	എന്റ	colloquial form of എന്റെ	/en̪rɐ/
1312	കയർ	coir	/kɐjɐr/
1313	കാവൽ	guard, safety	/käːʋɐl/
1314	പ്രവർത്തനം	activity	
1315	ഇനം	breed; a specific group of domesticated animals of a common…	/inɐm/
1316	ഭ്രാന്തൻ	mad man	/b(ʱ)ɾaːn̪t̪ɐn/
1317	നടപടി	action; charge, process	/n̪ɐɖɐbɐɖi/
1318	തടിച്ച	thick, fat	/t̪ɐɖit͡ʃt͡ʃɐ/
1319	കൂട്ടുകാരി	female friend	/kuːʈʈuɡaːɾi/
1320	തോട്ടം	garden	/t̪oːʈʈɐm/
1321	ആന	elephant	/aːnɐ/
1322	ആഗോള	global	/äːɡoːɭɐ/
1323	തീറ്റ	feed, fodder, food for animals and pets	/t̪iːrrɐ/
1324	തരിക	alternative form of തരുക	/t̪ɐɾiɡɐ/
1325	അസൂയ	jealousy; envy	
1326	കഷണം	piece	/kɐʂɐɳɐm/
1327	കര	land, earth, soil	/kɐɾɐ/
1328	വജ്രം	diamond	/ʋɐd͡ʒrɐm/
1329	ഭയാനകമായ	horrible, scary	
1330	പരിധി	limit	/pɐɾid̪(ʱ)i/
1331	പതിനഞ്ച്	fifteen	/pɐd̪inɐɲt͡ʃɨ/
1332	പൊട്ടിത്തെറി	explosion	/poʈʈit̪t̪eri/
1333	പ്രതിരോധം	defense	/prɐd̪iɾoːd̪(ʱ)ɐm/
1334	പോക്കറ്റ്	pocket	/poːkːetɨ̆/
1335	ജാഗ്രത	alert	/d͡ʒaːɡɾɐd̪ɐ/
1336	ദാരിദ്ര്യം	poverty	
1337	കതക്	door; A portal of entry into a building or vehicle, with a…	/kad̪aɡɨ̆/
1338	ശാസ്ത്രം	science	/ʃaːst̪rɐm/
1339	ഉപയോഗിക്കുക	to use	/ubäjoːɡikːuɡä/
1340	ആരോപണം	allegation	/aːɾoːbaɳam/
1341	അഭിനയം	acting	
1342	പൂവ്	alternative form of പൂ	
1343	കുത്ത്	dot, point	/kut̪t̪ɨ/
1344	നേട്ടം	achievement, profit, success	/n̪eːʈʈɐm/
1345	മാ	1/20; one twentieth	/maː/
1346	ആൾക്കാർ	person; individual	/aːɭkkaːr/
1347	വണ്ണം	form, manner	/ʋɐɳɳɐm/
1348	ചിഹ്നം	symbol	/t͡ʃihnɐm/
1349	സ്വാധീനം	influence	/sʋaːd̪(ʱ)iːnɐm/
1350	കവി	poet	/kɐʋi/
1351	ചിക്കൻ	chicken	/t͡ʃikːɐn/
1352	നാവ്	tongue	/n̪aːʋɨ/
1353	ശ്രമിക്കുക	to try	/ʃrɐmikkjuɡɐ/
1354	കൂറ്	affection, attachment, gratitude, love	/kuːrɨ/
1355	സായാഹ്നം	evening, eventide	/saːjaːhnɐm/
1356	പണയം	mortgage	/paɳajam/
1357	സാംസ്കാരിക	cultural	/saːmskaːɾiɡa/
1358	താഴ്ന്ന	low	/t̪aːɻn̪n̪ɐ/
1359	സ്വത്ത്	property	/sʋɐt̪t̪ɨ/
1360	ഓട്ടം	running	/oːʈʈɐm/
1361	ചായം	paint	/t͡ʃaːjam/
1362	അപരാധി	wrongdoer	/ɐbɐɾaːd̪(ʱ)i/
1363	സൂപ്പർ	super	
1364	റിമോട്ട്	remote	/rimoːʈːɨ̆/
1365	ഇന്ദു	moon	/in̪d̪u/
1366	സർക്യൂട്ട്	circuit	/särkjuːʈːɨ̆/
1367	ഷർട്ട്	shirt	
1368	വിലപ്പെട്ട	valuable	/ʋilɐppeʈʈɐ/
1369	സഹോദര	siblingly	
1370	ഇടത്	left; opposite of right	/iɖɐd̪ɨ/
1371	സൈക്കിൾ	bicycle, cycle	/sɐi̯kkiɭ/
1372	കഠിന	hard	/kɐʈ(ʰ)inɐ/
1373	വീണ	veena, a musical instrument of India	/ʋiːɳɐ/
1374	പുകവലി	tobacco smoking	/puɡɐʋɐli/
1375	വിടുക	to leave something, release hold	/ʋiɖuɡɐ/
1376	പഞ്ചസാര	white sugar	/pɐɲt͡ʃɐsaːɾɐ/
1377	ദുഃഖം	sadness	/d̪ukk(ʰ)ɐm/
1378	ഇരുമ്പ്	iron	/iɾumbɨ/
1379	ധാരണ	understanding	
1380	പാരിതോഷികം	reward, award	
1381	സിദ്ധാന്തം	theory	/sid̪d̪(ʱ)aːn̪d̪am/
1382	ആശങ്ക	worry, doubt, apprehension; misgiving	/aːʃɐŋkɐ/
1383	കെട്ട	lacking	/keʈʈɐ/
1384	ശീലം	habit	/ʃiːlɐm/
1385	സംസാരിക്കുക	to speak, to talk, verbal communication	/sɐmsaːɾikkjuɡɐ/
1386	പാക്ക്	areca tree	/paːkkɨ/
1387	ഉണ്ട	a round object	/uɳɖɐ/
1388	വകുപ്പ്	department	/ʋɐɡuppɨ/
1389	തൊണ്ട	throat	/t̪oɳɖɐ/
1390	ശേഷി	capability	/ʃeːʂi/
1391	ഗുരുത്വാകർഷണം	gravity	
1392	രംഗം	color	/ɾɐŋɡɐm/
1393	സഞ്ചി	bag; kit	/sɐɲt͡ʃi/
1394	കമ്മിറ്റി	committee	
1395	വലത്	right; opposite of left	/ʋɐlɐd̪ɨ/
1396	സർക്കാർ	government	/sɐrkkaːr/
1397	അന്തസ്സ്	dignity, prestige	/ɐn̪t̪ɐssə/
1398	മാതൃക	model; praiseworthy example	
1399	പ്രവേശനം	entry, door	/prɐʋeːʃɐnɐm/
1400	നടുക്ക്	In the middle	
1401	അപ്പൻ	father	/ɐppɐn/
1402	ഉപരി	over, above	/ubɐɾi/
1403	ഉണങ്ങിയ	dried	/uɳɐŋŋijɐ/
1404	സൗകര്യം	convenience	/sɐu̯kɐɾjɐm/
1405	പൂജ്യം	zero	/puːd͡ʒjɐm/
1406	വല	net	/ʋɐlɐ/
1407	ടയർ	tyre	/ʈäjɐr/
1408	എല്ല്	bone	/elːɨ/
1409	യജമാനൻ	master	/jɐd͡ʒɐmaːnɐn/
1410	നിരാശ	disappointment	
1411	ക്ഷാമം	scarcity, dearth, want, shortage	
1412	സമ്പാദ്യം	earnings	/sɐmpaːd̪jɐm/
1413	പൊക്കം	height	/pokkɐm/
1414	നാമം	name	/n̪aːmɐm/
1415	ബില്ല്യൺ	alternative form of ബില്യൺ	/billjɐɳ/
1416	കൊള്ള	heist, grant robbery	/koɭɭɐ/
1417	കിടിലം	awesome; superb; excellent	/kiɖilɐm/
1418	ഹാജർ	attendance; presence	/haːd͡ʒɐr/
1419	പ്രണയ	romantic	/prɐɳɐjɐ/
1420	ഇടവേള	intermission; interval	/iɖɐʋeːɭɐ/
1421	അഹങ്കാരം	haughtiness	/ɐhɐŋkaːɾɐm/
1422	പതാക	flag	/pɐd̪aːɡɐ/
1423	തേൻ	honey	/t̪eːn/
1424	ഇല	leaf	/ilɐ/
1425	നിർഭാഗ്യവശാൽ	unfortunately	/n̪irb(ʱ)aːɡjɐʋɐʃaːl/
1426	അബദ്ധം	mistake	/äbeːdd̪ʱɐm/
1427	ബഹുമതി	respect	/bɐhumɐd̪i/
1428	ഇരു	two	/iɾu/
1429	ഉദാഹരണം	example	/ud̪äːhäɾɐɳɐm/
1430	തലമുറ	generation	/t̪ɐlɐmurɐ/
1431	പണ്ടത്തെ	antique	/pɐɳɖɐt̪t̪e/
1432	കടലാസ്	paper	/kɐɖɐlaːsɨ/
1433	ഇൽ	house	/il/
1434	വല്യച്ഛൻ	older paternal uncle	/ʋɐljɐt͡ʃt͡ʃ(ʰ)ɐn/
1435	ജന്തു	creature, animal	
1436	ചവറ്	trash	/t͡ʃɐʋɐrɨ/
1437	സുഗന്ധം	pleasant smell; fragrance; scent	/suɡɐn̪d̪(ʱ)ɐm/
1438	ചെണ്ട	a drum of Kerala	/t͡ʃeɳɖɐ/
1439	ചതി	cheating	/t͡ʃɐd̪i/
1440	ഏകാന്തത	solitude	/eːɡaːn̪t̪ɐd̪ɐ/
1441	നഷ്ടപരിഹാരം	compensation	
1442	കുടി	the act of drinking	/kuɖi/
1443	അതിഥി	guest	/ɐd̪it̪(ʰ)i/
1444	ജർമൻ	German	/d͡ʒɐrmɐn/
1445	ചെക്കൻ	boy	/t͡ʃekkɐn/
1446	ആവശ്യത്തിലധികം	more than enough	/aːʋɐʃjɐt̪t̪ilɐd̪(ʱ)iɡɐm/
1447	പുരോഗതി	progress	/puɾoːɡɐd̪i/
1448	ഇരി	to sit	
1449	ഇറ്റാലിയൻ	Italian	/ittaːlijɐn/
1450	വരുക	to come	/ʋɐɾuɡɐ/
1451	തോണി	boat	/t̪oːɳi/
1452	പൊതി	cover	/pod̪i/
1453	മുത്തച്ഛൻ	grandfather	
1454	സമുദ്രം	ocean	
1455	പാകം	ripe, cooked, roasted, boiled; ready to consume or take	/paːɡɐm/
1456	ദാഹം	thirst for water	/d̪aːhɐm/
1457	ദുരന്തം	disaster, hazard	/d̪uɾɐn̪t̪ɐm/
1458	മല	hill; An elevated landmass	/mɐlɐ/
1459	സ്വാഭാവിക	natural, self-generated, spontaneous	/sʋaːb(ʱ)aːʋiɡɐ/
1460	ശരിയാണെങ്കിൽ	if so be, if it is correct	/ʃɐɾijaːɳeŋkil/
1461	ത്യാഗം	sacrifice	/t̪jaːɡɐm/
1462	മുദ്ര	seal	
1463	ദാനം	donation	
1464	കുട	umbrella, parasol	/kuɖɐ/
1465	ആറാം	sixth, 6th	/aːraːm/
1466	ചെടി	plant, an organism of the kingdom Plantae	/t͡ʃeɖi/
1467	കൂട്ടാൻ	dish, side dish, any curry	
1468	വനം	forest	/ʋɐnɐm/
1469	മൂത്രം	urine	/muːt̪rɐm/
1470	കല	art	/kɐlɐ/
1471	പരസ്യം	an overt information known to the general public, a…	/pɐɾɐsjɐm/
1472	അടിപിടി	physical fight	/ɐɖibiɖi/
1473	ഫുഡ്	food	/fuɖɨ/
1474	വിശ്വസിക്കുക	to believe	/ʋiʃʋɐsikkjuɡɐ/
1475	മോന്ത	face	/moːn̪t̪ɐ/
1476	ജനാധിപത്യം	democracy	/d͡ʒanaːd̪(ʱ)ibat̪jam/
1477	ജനാല	window	/d͡ʒɐnaːlɐ/
1478	തോൽ	skin	
1479	എത്തുക	to reach	/et̪t̪uɡɐ/
1480	പതിനൊന്ന്	eleven	/pɐd̪inon̪n̪ɨ/
1481	അനിയത്തി	younger sister	/ɐnijɐt̪t̪i/
1482	അസാധാരണം	unusual	/äsäːd̪ʱäːɾɐɳɐm/
1483	ചായ്	to lean	/t͡ʃaːjɨ/
1484	പലഹാരം	food	/pɐlɐhaːɾɐm/
1485	മാല	necklace, usually made of a string of precious metals,…	/maːlɐ/
1486	കിളി	Any small bird	/kiɭi/
1487	പിഴ	fine, penalty	/piɻɐ/
1488	ഭൂപടം	chart, map	
1489	പെണ്ണുങ്ങൾ	woman	/peɳɳuŋŋɐɭ/
1490	പിന്തുണ	support	/pin̪t̪uɳɐ/
1491	ദേഹം	body	/d̪eːhɐm/
1492	സെൽ	cell	/sel/
1493	കോട്ട	fort	/koːʈʈɐ/
1494	അകലം	distance	/ɐɡɐlɐm/
1495	കുഴി	pit	/kuɻi/
1496	അസാധാരണ	unusual	/äsäːd̪ʱäːɾɐɳä/
1497	വരുമാനം	income	
1498	സ്പൂൺ	spoon	/spuːɳ/
1499	അറ	chamber	/ɐrɐ/
1500	വീർ	roar of elephants, grunt of pigs	/ʋiːr/
1501	ഇരിക്കുക	to sit	/iɾikːuɡɐ/
1502	ലക്ഷണം	symptom	/lɐkʂɐɳɐm/
1503	ഭരണം	governance	/b(ʱ)ɐɾɐɳɐm/
1504	ഷോപ്പ്	shop	/ʂoːppɨ/
1505	ചടങ്ങ്	ceremony	/t͡ʃɐɖɐŋŋɨ/
1506	അവന്മാർ	they	/ɐʋɐnmaːr/
1507	സാങ്കേതിക	technical	/saːŋkeːd̪iɡɐ/
1508	പുഞ്ചിരി	smile	/puɲt͡ʃiɾi/
1509	തെറി	Any kind of word which is used as an insult, or is…	/t̪eri/
1510	ജാമ്യം	bail	/d͡ʒaːmjɐm/
1511	മിടുക്കി	smart woman	/miɖukki/
1512	റഷ്യൻ	Russian	/rɐʂjɐn/
1513	തിടുക്കം	hurry; haste	/t̪iɖukkɐm/
1514	വ്യാളി	dragon	/ʋjaːɭi/
1515	കൂട്ടുകാർ	friends	/kuːʈːuɡäːr/
1516	ദേവി	goddess	/d̪eːʋi/
1517	അക്ഷരം	letter of the alphabet	/ɐkʂɐɾɐm/
1518	ചൊവ്വാഴ്ച	Tuesday	/t͡ʃoʋʋaːɻt͡ʃɐ/
1519	എഴുതുക	to write	/eɻud̪uɡɐ/
1520	ജന്മദിനം	birthday	/d͡ʒɐnmɐd̪inɐm/
1521	മൂട്	lid	/muːɖɨ/
1522	കമ്പി	a long piece of metal, metal wire, cord, thread	/kɐmpi/
1523	ഉറവിടം	source	/urɐʋiɖɐm/
1524	സൂചി	needle	/suːd͡ʒi/
1525	സിംഹം	lion	/simhɐm/
1526	വസ്തുത	fact, reality	
1527	അപകട	Pertaining to accident	/ɐbɐɡɐɖɐ/
1528	കൊഴുപ്പ്	fat	/koɻuppɨ/
1529	ഭൂകമ്പം	earthquake	
1530	സ്തുതിക്കുക	to praise	/st̪ud̪ikkjuɡɐ/
1531	ഉപ്പ	father	/uppɐ/
1532	കവാടം	entrance, gate	/kɐʋaːɖɐm/
1533	മാച്ചിൽ	broom	/mäːt͡ʃːil/
1534	പറ്റുക	to be able, happen	/pɐrruɡɐ/
1535	കൂട്ടക്കൊല	genocide	/kuːʈʈɐkkolɐ/
1536	രാജി	resignation	/ɾaːd͡ʒi/
1537	അറിയിപ്പ്	notification	/ɐrijippɨ/
1538	ഉണ്ടാക്കുക	to create	/uɳɖaːkkuɡɐ/
1539	കറി	curry	/kɐri/
1540	സൂത്രം	a tricky or clever method or solution; artifice, contrivance	/suːt̪rɐm/
1541	പതിനായിരം	ten thousand	/pɐd̪inaːjiɾɐm/
1542	ചോറ്	cooked rice	/t͡ʃoːrɨ/
1543	ഹിന്ദു	Hindu; adherent of Hinduism	/hin̪d̪u/
1544	പീരങ്കി	a cannon	/piːɾɐŋki/
1545	വെണ്ണ	butter	/ʋeɳɳɐ/
1546	ജൂതൻ	Jew	
1547	ചില്ലറ	small change, small coin, small amount	/t͡ʃillɐrɐ/
1548	അനുഗ്രഹം	blessing	/änuɡɾɐhɐm/
1549	ആണുങ്ങൾ	male	/aːɳuŋŋɐɭ/
1550	ഉണ്ടാവുക	alternative spelling of ഉണ്ടാകുക	/uɳɖaːʋuɡɐ/
1551	ചാര	ashy	/t͡ʃaːɾɐ/
1552	നഴ്സ്	nurse	
1553	സന്ധി	joint	/sɐn̪d̪(ʱ)i/
1554	കെണി	trap	/keɳi/
1555	സൗന്ദര്യം	beauty	/sɐun̪d̪ɐɾjɐm/
1556	ചുരുട്ട്	cigar, roll, roll of tobacco	/t͡ʃuɾuʈʈɨ/
1557	ദുരിതം	misery	/d̪uɾid̪ɐm/
1558	ആശയവിനിമയം	communication	/aːʃɐjɐʋinimɐjɐm/
1559	രോമം	hair around your arms and feet	/ɾoːmɐm/
1560	തൊഴിലാളി	worker, employee	/t̪oɻilaːɭi/
1561	തായോളി	motherfucker	/t̪aːjoːɭi/
1562	ചാമ്പ്യൻ	champion	/t͡ʃaːmpjan/
1563	മണ്ണെണ്ണ	kerosene	/mɐɳɳeɳɳɐ/
1564	അഴിമതി	corruption, bribery, seeking bribes or advantages	/ɐɻimɐd̪i/
1565	തലച്ചോറ്	brain	/t̪ɐlɐt͡ʃt͡ʃoːrɨ/
1566	പൈപ്പ്	tap	/pɐi̯ppɨ/
1567	തട്ടിപ്പ്	fraud	/t̪ɐʈʈippɨ/
1568	അറ്റം	end	/ɐrrɐm/
1569	ചുരുക്കം	few	
1570	കൊടി	flag	/koɖi/
1571	തീരം	beach	/t̪iːɾɐm/
1572	മുഖ്യ	chief	/muk(ʰ)jɐ/
1573	കൊളുത്ത്	hook	/koɭut̪t̪ɨ/
1574	അരികിൽ	beside	/aɾiɡil/
1575	ദോ	there	/d̪oː/
1576	കൈക്കൂലി	bribe	/käikːuːli/
1577	അതിർത്തി	border	/ɐd̪irt̪ːi/
1578	പലിശ	interest; the extra amount you have to pay while taking a…	/pɐliʃɐ/
1579	താപനില	temperature	/t̪aːbɐnilɐ/
1580	ഹിന്ദി	belonging or relating to India, anything Indian	/hin̪d̪i/
1581	ലജ്ജ	shyness, shame	/lɐd͡ʒd͡ʒɐ/
1582	സ്വാഭാവികം	something natural, happening by itself	/sʋaːb(ʱ)aːʋiɡɐm/
1583	സത്യസന്ധത	honesty	/sɐt̪jɐsɐn̪d̪(ʱ)ɐd̪ɐ/
1584	അമ്മൂമ്മ	alternative spelling of അമ്മുമ്മ	/ɐmmuːmmɐ/
1585	നമസ്തേ	namaste, traditional greeting of India	/n̪ɐmɐst̪eː/
1586	തുരങ്കം	tunnel	/t̪uɾɐŋkɐm/
1587	പാൽ	milk	/paːl/
1588	തക്കാളി	tomato; Solanum lycopersicum, a widely cultivated plant in…	/t̪ɐkːaːɭi/
1589	സഹകരണം	cooperation	
1590	ശാരീരിക	bodily	/ʃaːɾiːɾiɡɐ/
1591	അമ്പ്	arrow	/ɐmpɨ/
1592	വേട്ട	hunting	/ʋeːʈʈɐ/
1593	വിഗ്രഹം	idol; religious statue	/ʋiɡɾɐhɐm/
1594	അപമാനം	insult; shame	/ɐbɐmaːnɐm/
1595	ക്ഷേത്രം	a temple	/kʂeːt̪rɐm/
1596	വധു	bride	/ʋɐd̪(ʱ)u/
1597	കനം	weight	/kɐnɐm/
1598	സായുധ	armed, wielding weapons	/saːjud̪(ʱ)ɐ/
1599	പോരാളി	fighter	/poːɾaːɭi/
1600	ജീവിക്കുക	to live	
1601	ഐറ്റം	item	/äjtɐm/
1602	അഞ്ഞൂറ്	five hundred	/ɐɲɲuːrɨ/
1603	ജീപ്പ്	jeep	/d͡ʒiːpːɨ̆/
1604	ചേരുക	to join	/t͡ʃeːɾuɡɐ/
1605	മഹത്വം	significance	
1606	എണ്ണ്	to count	/eɳɳɨ/
1607	റാങ്ക്	rank	
1608	സൗഹൃദം	friendship	/sɐu̯hrɨd̪ɐm/
1609	മന	A house, particularly the house of a Brahmin	/mɐnɐ/
1610	തീപ്പെട്ടി	matchbox	/t̪iːppeʈʈi/
1611	മുതിർന്ന	grown up	/mud̪irn̪n̪ɐ/
1612	വ്യക്തിത്വം	personality	
1613	ബോർഡ്	board	/boːrɖɨ̆/
1614	കടുപ്പം	toughness	/käɖupːɐm/
1615	ഇതിഹാസം	legend, epic	/id̪ihaːsɐm/
1616	തലമുടി	hair of head	/t̪ɐlɐmuɖi/
1617	ബൂട്ട്	boot	/buːʈːɨ̆/
1618	എങ്ങനെയിരിക്കുന്നു	how are you?	
1619	കോപം	anger	/koːbɐm/
1620	പഠിക്കുക	to learn	/pɐʈ(ʰ)ikkjuɡɐ/
1621	കുറ്റകൃത്യം	criminal act	
1622	പൊട്ടൻ	a stupid person	/poʈʈɐn/
1623	ഭവനം	house, home, residence	
1624	കട്ട	block	/kɐʈʈɐ/
1625	സിന്ദാബാദ്	long live	
1626	പശ്ചാത്താപം	regret, repenting	
1627	ഇങ്ങേര്	The respectful form of he, but less than addeham	/iŋŋeːɾɨ/
1628	പാസ്പോർട്ട്	passport	/päːspoːrʈːɨ̆/
1629	വലയം	circle	
1630	ശേഖരം	collection	/ʃeːk(ʰ)ɐɾɐm/
1631	മേഖല	region	/meːk(ʰ)ɐlɐ/
1632	മൊത്തത്തിൽ	overall	/mot̪t̪ɐt̪t̪il/
1633	തുണ്ട്	piece; fragment; bit	/t̪uɳɖɨ/
1634	ശരാശരി	average	/ʃɐɾaːʃɐɾi/
1635	ചങ്ങല	chain	/t͡ʃɐŋŋɐlɐ/
1636	ചീഞ്ഞ	rotten	/t͡ʃiːɲɲɐ/
1637	ചതിയൻ	cheater	
1638	അമ്മാവൻ	uncle	/amːaːʋan/
1639	മഞ്ഞുകാലം	winter season	/mɐɲːuɡaːlɐm/
1640	മാനേജർ	manager	/mäːneːd͡ʒɐr/
1641	അഴുക്ക്	dirt	/ɐɻukkɨ/
1642	ചെളി	mud	/t͡ʃeɭi/
1643	അന്തിമ	last; final, ending	/ɐn̪t̪imɐ/
1644	ലഹരി	addictive substance	
1645	വിരുന്ന്	feast	/ʋiɾun̪n̪ɨ/
1646	കാലാവധി	lifespan; time period	/kaːlaːʋɐd̪(ʱ)i/
1647	സദ്യ	Kerala feast consisting of rice and numerous dishes,…	/sɐd̪jɐ/
1648	വഞ്ചന	fraud	
1649	പുതപ്പ്	blanket	/pud̪ɐppɨ/
1650	മണൽ	sand	/mɐɳɐl/
1651	കരുത്ത്	strength	/kɐɾut̪t̪ɨ/
1652	ഇല്ലായ്മ	famine, starvation	/illaːjmɐ/
1653	വേവലാതി	trouble; worry	/ʋeːʋalaːd̪i/
1654	ടാപ്പ്	tap	/ʈaːppɨ/
1655	സ്രോതസ്സ്	source	/sroːd̪ɐssɨ/
1656	മരിക്കുക	to die	/mɐɾikkjuɡɐ/
1657	ടീ	tea	/ʈiː/
1658	കോള	Maroon	/koːɭɐ/
1659	സ്വകാര്യം	private information	
1660	പ്രബന്ധം	thesis; dissertation	/praban̪d̪(ʱ)am/
1661	കാരം	ash	/kaːɾɐm/
1662	വൃത്തി	cleanliness	/ʋrɨt̪t̪i/
1663	ഒന്നാമത്	first, firstly	/on̪n̪aːmɐd̪ɨ/
1664	ചെകുത്താൻ	devil, satan	/t͡ʃeɡut̪t̪aːn/
1665	അംശം	part; small portion	/ɐmʃɐm/
1666	പുരുഷൻ	man	
1667	പെട്രോൾ	petrol	
1668	കാഹളം	trumpet	/kaːhɐɭɐm/
1669	പ്രഭാഷണം	lecture	/prɐb(ʱ)aːʂɐɳɐm/
1670	മെഴുകുതിരി	candle	/meɻuɡud̪iɾi/
1671	പായ	mat	/paːjɐ/
1672	പ്രശസ്തി	fame	/prɐʃɐst̪i/
1673	സാങ്കേതികവിദ്യ	technology	/saːŋkeːd̪iɡɐʋid̪jɐ/
1674	കത്തോലിക്കാ	Catholic	/kɐt̪t̪oːlikkaː/
1675	അംഗീകാരം	recognition	/ɐŋɡiːɡaːɾɐm/
1676	ആലിംഗനം	hug; embrace	/äːliŋɡɐnɐm/
1677	താജ്	peacock	/t̪aːd͡ʒɨ/
1678	ജാതി	caste	/d͡ʒaːd̪i/
1679	ഭീകരം	scary, horrible	
1680	യോനി	yoni, vagina	/joːni/
1681	വര	line	/ʋɐɾɐ/
1682	അച്ചൻ	priest	/ɐt͡ʃt͡ʃɐn/
1683	അധികാരി	a person in power, authority	/ɐd̪(ʱ)iɡaːɾi/
1684	സമനില	mental stability, saneness	
1685	അടിസ്ഥാനം	foundation, base	/ɐɖist̪(ʰ)aːnɐm/
1686	പ്രാക്ടീസ്	practice	/präːkʈiːsɨ̆/
1687	ലളിതം	simple	/lɐɭid̪ɐm/
1688	ഇഷ്ടംപോലെ	as much as you want	/iʂʈɐmpoːle/
1689	വസന്തം	spring season	/ʋɐsɐn̪t̪ɐm/
1690	ചാക്ക്	sack, large bag for commodities	/t͡ʃaːkkɨ/
1691	സ്വരം	sound, voice	/sʋɐɾɐm/
1692	ചക്രം	wheel	/t͡ʃɐkrɐm/
1693	കളിപ്പാട്ടം	toy	/kɐɭippaːʈʈɐm/
1694	സ്ക്രൂ	screw	/skruː/
1695	ഉയിര്	alternative form of ഉയിർ	/ujiɾɨ/
1696	ഇടുങ്ങിയ	narrow	/iɖuŋŋijɐ/
1697	ഒൻപത്	nine	/onpɐd̪ɨ/
1698	പഴി	blame	/pɐɻi/
1699	അറിയപ്പെടുന്ന	well-known, famous	/ärijɐpːeɖun̪ːɐ/
1700	സമിതി	committee	
1701	ഓവ്	ditch, trench, drainage	/oːʋɨ/
1702	പ്ലാസ്റ്റിക്	plastic	/pläːstikːɨ/
1703	പ്രവാഹം	flow	
1704	ദ്വാരം	a hole or door	/d̪ʋaːɾɐm/
1705	കഴിക്കുക	to eat	/kɐɻikkjuɡɐ/
1706	ചുവട്	step	/t͡ʃuʋɐɖɨ/
1707	ജീവ	relating to life	/d͡ʒiːʋɐ/
1708	മുസ്ലിം	muslim	
1709	അയക്കുക	alternative spelling of അയയ്ക്കുക	/ɐjɐkkuɡɐ/
1710	പിൻ	after	/pin/
1711	അസാധ്യം	impossible	/äsäːd̪ʱjɐm/
1712	പ്രേരണ	motivation	/preːɾɐɳɐ/
1713	നേർക്ക്	against	/n̪eːrkkɨ/
1714	വൈറസ്	virus	/ʋairasɨ̆/
1715	നാടോടി	nomad	/n̪aːɖoːʈi/
1716	കഞ്ഞി	congee, gruel, rice porridge	/kɐɲɲi/
1717	മ്യൂസിയം	museum	/mjuːsijɐm/
1718	വിനോദം	entertainment	/ʋinoːd̪ɐm/
1719	കുരിശ്	cross; wooden post with a perpendicular beam, used for…	/kuɾiʃɨ/
1720	ദിവസേന	daily	/d̪iʋaseːna/
1721	വേനൽ	summer	/ʋeːnɐl/
1722	വായ്പ	loan	/ʋaːjbɐ/
1723	ഇണ	mate; a breeding partner	/iɳɐ/
1724	ചൊല്ലി	to recite	/t͡ʃolli/
1725	പരസ്പര	mutual	/pɐɾɐspɐɾɐ/
1726	കഷണ്ടി	partial baldness; alopecia of head	/kɐʂɐɳɖi/
1727	യുവതി	young lady	/juʋɐd̪i/
1728	പാഴ്	futile; useless; vain	/paːɻɨ/
1729	പദവി	post of employment	
1730	ചക്രവർത്തി	king, emperor	
1731	നിർദ്ദേശം	suggestion	
1732	ചിന്തിക്കുക	to think	/t͡ʃin̪t̪ikkjuɡɐ/
1733	പ്രതിനിധി	representative	
1734	നാര്	fiber	/n̪aːɾɨ/
1735	ഗർഭിണി	a pregnant woman	/ɡarb(ʱ)iɳi/
1736	ബന്ധു	relative	/bɐn̪d̪(ʱ)u/
1737	മാരി	rain; condensed water falling from a cloud	/maːɾi/
1738	ഗോതമ്പ്	wheat, Any of the cereal grains in the genus Triticum	/ɡoːd̪ɐmpɨ/
1739	ആപ്പിൾ	apple	/aːppiɭ/
1740	തത്സമയം	live; of an event, as it happens	/t̪ɐtsɐmɐjɐm/
1741	പഞ്ചാര	alternative form of പഞ്ചസാര	
1742	മനോഭാവം	attitude	/mɐnoːb(ʱ)aːʋɐm/
1743	അപവാദം	calumny	/äbɐʋäːd̪ɐm/
1744	ഗതാഗത	transport	/ɡɐd̪aːɡɐd̪ɐ/
1745	സാമ്യം	similarity	/saːmjɐm/
1746	നൂല്	alternative form of നൂൽ	
1747	ചിലന്തി	spider; Any of the various eight-legged predatory…	/t͡ʃilɐn̪d̪i/
1748	വാക്യം	sentence	
1749	പരുന്ത്	eagle or kite, carnivorous birds of family Accipitridae	/pɐɾun̪t̪ɨ/
1750	സഖ്യം	alliance	
1751	പൂന്തോട്ടം	garden	/puːn̪t̪oːʈʈɐm/
1752	അപ്പം	bread, bun, chapatti	
1753	കട്ടിൽ	cot	/kɐʈʈil/
1754	ശവശരീരം	corpse, dead body	/ʃɐʋɐʃɐɾiːɾɐm/
1755	മൃതശരീരം	body	
1756	വീര്യം	strength	/ʋiːɾjɐm/
1757	വ്യവസായം	industry	
1758	പിറ്റേന്ന്	the next-day; following day	/pirreːn̪n̪ɨ/
1759	നിലപാട്	position, opinion, stance	
1760	ചിലവ്	misspelling of ചെലവ്	/t͡ʃilaʋə/
1761	വനിത	woman	
1762	ചാരം	ash	/t͡ʃaːɾɐm/
1763	റെക്കോഡ്	record	/rekːoːɖɨ̆/
1764	ചില്ല്	glass, an amorphous often transparent substance, usually…	/t͡ʃilːɨ̆/
1765	ഇളയ	younger	/iɭɐjɐ/
1766	ക്ലോക്ക്	clock	/kɭoːkkɨ/
1767	പങ്കാളി	partner	/pɐŋkaːɭi/
1768	കോലം	form, way	/koːlɐm/
1769	തെക്കൻ	southern	/t̪ekkɐn/
1770	കോമാളി	clown	/koːmaːɭi/
1771	ഉള്ളി	shallot; a smaller species of onion	/uɭɭi/
1772	അടുപ്പം	closeness; proximity	/ɐɖuppɐm/
1773	മണ്ടി	stupid, fool	/mɐɳɖi/
1774	ചക്ക്	an oil making device	/t͡ʃɐkkɨ/
1775	ഫ്രെഞ്ച്	French	/freɲd͡ʒɨ̆/
1776	ശാന്തത	calmness	/ʃaːn̪t̪ɐd̪ɐ/
1777	ചുണ്ട്	lip	/t͡ʃuɳɖɨ/
1778	തലസ്ഥാനം	capital city	/t̪ɐlɐst̪ʰäːnɐm/
1779	വഞ്ചി	boat	/ʋɐɲt͡ʃi/
1780	ഇങ്ങോട്	to here, at this place	/iŋŋoːɖɨ/
1781	ആനന്ദം	enjoyment	
1782	കൊട്	to give to the 3rd person	/koɖɨ/
1783	സ്നേഹിക്കുക	to love	/sneːhikkjuɡɐ/
1784	ചന്തി	buttock	/t͡ʃɐn̪t̪i/
1785	വംശം	family	/ʋɐmʃɐm/
1786	നെഞ്ച്	chest	/n̪eɲt͡ʃɨ/
1787	പുഴ	river, large natural stream of fresh water, draining a…	/puɻɐ/
1788	കഥാപാത്രം	character of a story	/kɐt̪(ʰ)aːbaːt̪rɐm/
1789	ആമ	terrapin, small turtles that live in fresh or brackish water	/aːmɐ/
1790	ന്യായം	justice	/njaːjɐm/
1791	അനിയൻ	younger brother	/ɐnijɐn/
1792	കാ	alternative form of കായ	
1793	വ്യതിയാനം	deviation	/ʋjɐd̪ijaːnɐm/
1794	ആദരവ്	respect	/aːd̪ɐɾɐʋɨ/
1795	കഷ്ടപ്പാട്	difficulty	/käʂʈɐpːäːɖɨ̆/
1796	മറക്കുക	to forget	/mɐrɐkkuɡɐ/
1797	എറിയ്	to throw	/erijɨ/
1798	ഉത്സാഹം	enthusiasm	/ut̪saːhɐm/
1799	കളയുക	to throw away	/kɐɭɐjuɡɐ/
1800	കന്നഡ	Kannada	/kɐn̪n̪ɐɖɐ/
1801	പിറന്നാൾ	birthday	/pirɐn̪n̪aːɭ/
1802	രണ്ടായിരം	two thousand; 2000	/ɾɐɳɖaːjiɾɐm/
1803	വിവരണം	description	
1804	മുന്നെ	before	
1805	മാതാപിതാക്കൾ	parents	/maːd̪aːbid̪aːkːal/
1806	യുവാവ്	youngster	/juʋaːʋɨ/
1807	വെല്ലുവിളി	challenge	
1808	താവളം	base of a military group	/t̪aːʋɐɭɐm/
1809	സംഖ്യ	number	/sɐŋk(ʰ)jɐ/
1810	ദുരുപയോഗം	misuse, abuse	
1811	പൊതുവായ	general	/pod̪uʋaːjɐ/
1812	കടപ്പാട്	obligation	
1813	ജനസംഖ്യ	population count	/d͡ʒanasank(ʰ)ja/
1814	വാങ്ങുക	to receive, buy	/ʋaːŋŋuɡɐ/
1815	ടാക്സ്	tax	
1816	കീഴ്	below	/kiːɻɨ/
1817	ബലൂൺ	balloon	/bɐluːɳ/
1818	അത്യാഹിതം	causality	/ɐt̪jaːhid̪ɐm/
1819	ഐക്യം	unity	/ai̯kjɐm/
1820	ഓം	om; ॐ	/oːm/
1821	തരി	a grain; a particle; a tiny piece	/t̪ɐɾi/
1822	സമ്മർദ്ദം	coercion, compulsion	
1823	പകർത്തുക	to spread manually	/pɐɡɐrt̪t̪uɡɐ/
1824	കയറുക	to climb	/kɐjɐruɡɐ/
1825	സ്ഥാപനം	institution	/st̪(ʰ)aːbɐnɐm/
1826	ഉന്നത	top	/un.nɐ.d̪ɐ/
1827	വിരോധം	hostility	
1828	പരിഗണന	consideration	/pɐɾiɡɐɳɐnɐ/
1829	അമ്പത്	fifty	/ɐmpɐd̪ɨ/
1830	സാബത്ത്	Sabbath	/saːbɐt̪t̪ɨ/
1831	വാറന്റ്	warrant	/wäːrɐndɨ̆/
1832	കീഴടങ്ങുക	surrender	/kiːɻɐɖɐŋŋuɡɐ/
1833	അനുസരിക്കുക	to obey	/ɐnusɐɾikkjuɡɐ/
1834	പതിമൂന്ന്	thirteen	/pɐd̪imuːn̪n̪ɨ/
1835	ശരത്	autumn	/ʃɐɾɐd̪ɨ/
1836	പൂജ	puja, pooja; a religious ritual performed in South Asia as…	/puːd͡ʒɐ/
1837	സമൃദ്ധി	prosperity	
1838	ഭൂരിപക്ഷം	majority	/b(ʱ)uːɾibɐkʂɐm/
1839	പാശ്ചാത്യ	western	/paːʃt͡ʃaːt̪jɐ/
1840	സോഷ്യലിസം	socialism	/soːʂjɐlisɐm/
1841	തടവറ	prison, jail	/t̪ɐɖɐʋɐrɐ/
1842	കാരുണ്യം	kindness	/käːɾuɳjäm/
1843	ബിരുദം	academic degree	/biɾud̪ɐm/
1844	കോടാലി	axe	/koːɖaːli/
1845	യോഗ്യത	qualification	/joːɡjɐd̪ɐ/
1846	ബലി	sacrifice; religious killing; animal sacrifice	/bɐli/
1847	സമ്പ്രദായം	manner style system traditional advice or justification	/sɐmprɐd̪aːjɐm/
1848	വയറ്	stomach	/ʋɐjɐrɨ/
1849	രാജകീയ	royal; regal	/ɾaːɟakiːja/
1850	കിടിലൻ	awesome; superb; terrific	/kiɖilɐn/
1851	പാവ	doll	/paːʋɐ/
1852	മസാല	masala	/mɐsaːlɐ/
1853	ഭീതി	fear	/b(ʱ)iːd̪i/
1854	നിശ്ശബ്ദം	silence	/n̪iʃːɐbd̪ɐm/
1855	തൃപ്തി	satisfaction	/t̪rɨpt̪i/
1856	തേക്ക്	teak; A tropical deciduous tree known for its durable timber	/t̪eːkkɨ/
1857	കുഴിക്ക്	to dig	/kuɻikkɨ/
1858	ഇസ്ലാം	Islam	/islaːm/
1859	സൃഷ്ടി	creation	/srɨʂʈi/
1860	ധിക്കാരം	reproach	/d̪(ʱ)ikkaːɾɐm/
1861	വ്യായാമം	physical exercise	
1862	ആഘാതം	impact	/äːɡʱäːd̪ɐm/
1863	വാൽ	tail	/ʋaːl/
1864	അടിക്കുക	to beat	/ɐɖikkjuɡɐ/
1865	ഉടമ	owner	/uɖɐmɐ/
1866	ആട്	goat	
1867	അടുത്തിടെ	recently	/ɐɖut̪t̪iɖe/
1868	തട്ട്	tap, hit	/t̪ɐʈʈɨ/
1869	വെടിമരുന്ന്	gunpowder	/ʋeɖimɐɾun̪n̪ɨ/
1870	അത്യാഹിത	of casualty or emergency	/ɐt̪jaːhid̪ɐ/
1871	ഉപേക്ഷിക്കുക	to discard, throw away	/ubeːkʂikːuɡä/
1872	ഞരമ്പ്	nerve	/ɲɐɾɐmpɨ/
1873	ഒഴുക്ക്	flow	/oɻukkɨ/
1874	തിരഞ്ഞെടുപ്പ്	election	/t̪iɾaɲːeɖupːə/
1875	ലേലം	auction	/leːlɐm/
1876	തുറക്കുക	to open	/t̪urɐkkuɡɐ/
1877	സാഹസം	adventure	
1878	പ്രശസ്ത	famous, well-known	/prɐʃɐst̪ɐ/
1879	ഡസൻ	dozen	/ɖäsɐn/
1880	തിര	wave, billow	/t̪iɾɐ/
1881	ബുദ്ധിയുള്ള	intelligent, having high cognitive capacity	/bud̪d̪(ʱ)ijuɭɭɐ/
1882	ഓക്സിജൻ	oxygen	/oːksid͡ʒan/
1883	കറ	stain	/kɐrɐ/
1884	ആകൃതി	shape	/aːkrɨd̪i/
1885	അടിയന്തര	urgent	/ɐɖijɐn̪t̪ɐɾɐ/
1886	ആണി	nail, spike-shaped metal fastener	/aːɳi/
1887	കെമിസ്ട്രി	chemistry	/kemisʈri/
1888	ആൺ	alternative form of ആണ്	
1889	ചുറ്റിക	hammer	/t͡ʃurriɡɐ/
1890	തടവുപുള്ളി	prisoner	/t̪ɐɖɐʋubuɭɭi/
1891	തേ	tea	/t̪eː/
1892	പ്രതിനിധാനം	representation	/prɐd̪inid̪(ʱ)aːnɐm/
1893	മില്യൺ	million	/milljɐɳ/
1894	പതിനാല്	fourteen	/pɐd̪inaːlɨ/
1895	കട്ടിയുള്ള	thick; having thickness	/kɐʈʈijuɭɭɐ/
1896	ചൂണ്ട	fishhook	/t͡ʃuːɳɖɐ/
1897	അവധിക്കാലം	holidays; vacation	/aʋad̪(ʱ)ikːaːlam/
1898	വാട്ടർ	water	/ʋäːʈːɐr/
1899	മതിൽ	fence wall	/mɐd̪il/
1900	അനുശോചനം	condolences	
1901	നിഴൽ	shadow; A dark image cast upon a surface by a body blocking…	/n̪iɻɐl/
1902	ചോദിക്കുക	to ask	/t͡ʃoːd̪ikkjuɡɐ/
1903	നിശ്ചയം	surety	/n̪iʃt͡ʃɐjɐm/
1904	തൊട്ടടുത്ത	adjacent; very next	
1905	കിരീടം	crown	/kiɾiːɖɐm/
1906	സിവിൽ	civil	/siʋil/
1907	ചോയ്സ്	choice	/t͡ʃoːjsɨ̆/
1908	മിടുക്കൻ	smart man	/miɖukkɐn/
1909	വലിക്കുക	to pull	/ʋɐlikkjuɡɐ/
1910	ബ്രെഡ്	bread	
1911	കള്ളത്തരം	fraud; artifice	/kɐɭɭɐt̪t̪ɐɾɐm/
1912	മറു	other; opposite	/mɐru/
1913	മാറ്റുക	to switch	/maːrruɡɐ/
1914	സംതൃപ്തി	satisfaction	/sɐn̪t̪rɨpt̪i/
1915	അമിത	excess	/ämid̪ä/
1916	തലവൻ	chief; head; captain	/t̪alaʋan/
1917	ഭരണ	of or relating to government	/b(ʱ)ɐɾɐɳɐ/
1918	നിർത്തുക	to cause to stop moving	/n̪irt̪t̪uɡɐ/
1919	ലോഹം	metal, material which when polished shows lustrous…	/loːhɐm/
1920	തൂക്കം	weight	/t̪uːkkɐm/
1921	നനഞ്ഞ	wet	/n̪ɐnɐɲɲɐ/
1922	ഭരണകൂടം	government	
1923	കുട്ടിക്കാലം	childhood days	/kuʈʈikkaːlɐm/
1924	ആവുക	alternative form of ആകുക	/aːʋuɡɐ/
1925	ഫ്രിഡ്ജ്	fridge; refrigerator	
1926	കഴുക്	vulture	/kɐɻuɡɨ/
1927	കള്ളൻ	thief	/kɐɭɭɐn/
1928	അതിശയം	surprising	/ɐd̪iʃɐjɐm/
1929	യോദ്ധാവ്	warrior	/joːd̪d̪(ʱ)aːʋɨ/
1930	പുതു	new	/pud̪u/
1931	ജലദോഷം	common cold	/d͡ʒɐlɐd̪oːʂɐm/
1932	മന്ത്രവാദം	witchcraft	/mɐn̪t̪rɐʋaːd̪ɐm/
1933	വെട്ട്	cut	/ʋeʈʈɨ/
1934	സ്ഫോടനം	explosion	
1935	പ്രായശ്ചിത്തം	atonement	/praːjaʃt͡ʃit̪ːam/
1936	ഗംഭീരമായ	majestic; magnificent	/ɡambʱiːɾamaːja/
1937	വിറക്	firewood	/ʋirɐɡɨ/
1938	അന്തരീക്ഷ	pertaining to atmosphere	/än̪t̪ɐɾikʂɐ/
1939	വെട്ടം	light	/ʋeʈʈɐm/
1940	പലതരം	several	/pɐlɐd̪ɐɾɐm/
1941	തള്ളവിരൽ	thumb	
1942	കിടു	awesome; superb; excellent	/kiɖu/
1943	സ്രാവ്	shark, a predatory fish	/sraːʋɨ/
1944	പരിസ്ഥിതി	environment; natural world or ecosystem	/pɐɾist̪(ʰ)id̪i/
1945	അമ്പലം	temple	/ɐmpɐlɐm/
1946	പടിഞ്ഞാറൻ	western	/paɖiɲɲaːran/
1947	ഗവണ്മെന്റ്	government	/ɡɐʋɐɳmen̪rɨ/
1948	പാദം	foot	
1949	നയം	policy	
1950	മടി	laziness	/mɐɖi/
1951	തുടങ്ങുക	to begin; start	/t̪uɖɐŋŋuɡɐ/
1952	തോട്	shell	/t̪oːɖɨ/
1953	ഉച്ചാരണം	pronunciation	/ut͡ʃt͡ʃaːɾɐɳɐm/
1954	ജീവപര്യന്തം	life sentence	/d͡ʒiːʋɐbɐɾjɐn̪t̪ɐm/
1955	പ്രതീകം	symbol	
1956	രണ്ടുതവണ	twice	/ɾɐɳɖud̪ɐʋɐɳɐ/
1957	ചാട്ടം	jumping	/t͡ʃaːʈʈɐm/
1958	അമിതമായി	excessively	/ɐmid̪ɐmaːji/
1959	ഇടുക	to drop something down, to put	/iɖuɡɐ/
1960	ഭരണഘടന	constitution	
1961	മത്സ്യ	Adjective version of മത്സ്യം	
1962	ഫോർക്ക്	fork	/foːrkːɨ̆/
1963	ഏറ്റം	ascent, rise, high-tide, prop for a climbing plant,…	/eːrrɐm/
1964	ടോ	Shortened version of എടോ	
1965	സിമന്റ്	cement	/simandɨ̆/
1966	വികൃതി	naughty; misbehavior	/ʋikrɨd̪i/
1967	നട്ടെല്ല്	back bone	
1968	ഇട	time	/iɖɐ/
1969	യുക്തി	logic; reasoning, rationale	/jukt̪i/
1970	പച്ചപ്പ്	greenery	/pɐt͡ʃt͡ʃɐppɨ/
1971	പക	vengeance	/paɡa/
1972	സന്യാസി	alternative spelling of സന്ന്യാസി	
1973	തിളക്കം	shine; glowiness	/t̪iɭɐkkɐm/
1974	ക്രൂരത	cruelty	/kruːɾɐd̪ɐ/
1975	പുകയില	tobacco, Nicotiana tabacum, the leaves of which are used in…	/puɡɐjilɐ/
1976	കാലി	empty	/kaːli/
1977	ശത്രുത	enmity	/ʃɐt̪rud̪ɐ/
1978	തീർച്ച	for sure, surety	/t̪iːrt͡ʃːä/
1979	കസിൻ	cousin	/kɐsin/
1980	വീഴ്ച	fall, falling down	/ʋiːɻt͡ʃɐ/
1981	എട്ടാം	eighth, 8th	/eʈʈaːm/
1982	പത്താം	tenth, 10th	/pɐt̪t̪aːm/
1983	ചലനം	motion, movement	/t͡ʃalanam/
1984	അന്ധകാരം	blindening	/ɐn̪d̪(ʱ)ɐɡaːɾɐm/
1985	താക്കീത്	warning, disciplinary warning, notice	/t̪aːkkiːd̪ɨ/
1986	മൃഗശാല	zoo	/mrɨɡɐʃaːlɐ/
1987	ലൈസൻസ്	license	/läisɐnsɨ̆/
1988	ലേറ്റ്	late	/leːtɨ̆/
1989	പ്രത്യാശ	hope	/prɐt̪jaːʃɐ/
1990	വേലക്കാരി	female servant, maid	/ʋeːlɐkkaːɾi/
1991	പ്രക്രിയ	process	/prɐkrijɐ/
1992	അസ്വസ്ഥത	discomfort	/äsʋɐst̪t̪ʰɐd̪ä/
1993	തലയണ	pillow	
1994	വടക്കൻ	northern; characteristic of the North	/ʋɐɖɐkkɐn/
1995	വയസ്സൻ	elderly man, old man	/ʋɐjɐssɐn/
1996	സെമിത്തേരി	cemetery	/semit̪t̪eːɾi/
1997	അനാവശ്യമായ	unnecessary	/ɐnaːʋɐʃjɐmaːjɐ/
1998	അംഗം	member; an individual	/ɐŋɡɐm/
1999	ക്രമീകരണം	setting	
2000	ഘടന	structure of an assembly	/ɡ(ʱ)ɐɖɐnɐ/
2001	സാമാനം	stuff	/saːmaːnɐm/
2002	ശവകുടീരം	tomb	/ʃaʋaɡuɖiːɾam/
2003	കത്രിക	scissors	/kɐt̪riɡɐ/
2004	ഊമ്പി	fuck	/uːmpi/
2005	കൂട	an enveloping basket, plastic cover, etc	/kuːɖɐ/
2006	ചങ്കൂറ്റം	courage; bravery	/t͡ʃaŋkuːtːam/
2007	മാന്യത	decency	/maːnjɐd̪ɐ/
2008	കളം	cell	/kɐɭɐm/
2009	വായ്	alternative form of വായ	/ʋaːj/
2010	ലോൺ	loan	/loːɳ/
2011	കക്കൂസ്	toilet	/kɐkkuːsɨ/
2012	ചെറി	cherry	/t͡ʃeri/
2013	അഭ്യാസം	exercise	/ɐb(ʱ)jaːsɐm/
2014	മായ	maya; magic, infatuation, juggling, miraculous power,…	/maːjɐ/
2015	അറബി	Arabic, Arab	/ɐrɐbi/
2016	ഹോസ്പിറ്റൽ	hospital	/hoːspitel/
2017	അടിത്തറ	foundation of a building	/ɐɖit̪t̪ɐrɐ/
2018	പിഴവ്	fault	
2019	കൂണ്	alternative form of കൂൺ	/kuːɳɨ/
2020	ലോറി	lorry, truck	/loːri/
2021	കാമുകൻ	a male lover	/käːmuɡɐn/
2022	ബാധ്യത	liability	/baːd̪(ʱ)jɐd̪ɐ/
2023	കുരുത്തം	obedience, respect for others	/kuɾut̪t̪ɐm/
2024	കുറ്റി	spiked	/kurri/
2025	കലി	anger	/kɐli/
2026	ഹോംവർക്ക്	homework	/hoːmʋärkːɨ̆/
2027	മലം	excrement, stool, feces, shit	/mɐlɐm/
2028	അധിഷ്ഠിത	based	/ɐd̪(ʱ)iʂʈ(ʰ)id̪ɐ/
2029	ആഘോഷം	celebration	/aːɡ(ʱ)oːʂɐm/
2030	കൂത്തിച്ചി	prostitute	/kuːt̪t̪it͡ʃt͡ʃi/
2031	മിച്ചം	remainder	/mit͡ʃt͡ʃɐm/
2032	നീങ്ങുക	to move	/n̪iːŋŋuɡɐ/
2033	തിരഞ്ഞെടുത്ത	selected	
2034	ചന്ത	market	/t͡ʃɐn̪t̪ɐ/
2035	എന്നാലേ	only if	/en̪n̪aːleː/
2036	ഭിക്ഷ	beggary	/b(ʱ)ikʂɐ/
2037	സന്തോഷ	relating to happy	/sɐn̪t̪oːʂɐ/
2038	അച്ചടക്കം	discipline	/ɐt͡ʃt͡ʃɐɖɐkkɐm/
2039	നിരോധനം	ban	/n̪iɾoːd̪(ʱ)ɐnɐm/
2040	ഉന്മൂലനം	annihilation	/unmuːlɐnɐm/
2041	ചങ്ങാടം	jangada	/t͡ʃɐŋŋaːɖɐm/
2042	അണലി	viper, any of the haemotoxic venomous snakes in the…	/ɐɳɐli/
2043	അഭാവം	lack	/ab(ʱ)aːʋam/
2044	മിട്ടായി	alternative form of മിഠായി	/miʈʈaːji/
2045	പട്ടം	kite	/pɐʈʈɐm/
2046	പട്ടാളക്കാരൻ	soldier	/paʈʈaːɭakkaːɾan/
2047	ബ്രഷ്	brush	/bräʂɨ̆/
2048	മുത്തശ്ശൻ	grandfather	
2049	ലളിതമായി	simply; in a simple manner	/lɐɭid̪ɐmaːji/
2050	ഉഗ്രൻ	great	/uɡɾɐn/
2051	കട്ടി	thick	/kɐʈʈi/
2052	ഇഷ്ടിക	brick	/iʂʈiɡɐ/
2053	വ്യാപാരം	trade	
2054	നിക്ഷേപം	investment	/n̪ikʂeːbɐm/
2055	പ്രഥമ	first	/prɐt̪(ʰ)ɐmɐ/
2056	മർദ്ദം	pressure	
2057	തേനീച്ച	honey bee; Any of the small insects in the genus Apis that…	/t̪eːniːt͡ʃt͡ʃɐ/
2058	കള്ള്	toddy, an alcoholic beverage made from the sap of certain…	/kɐɭːɨ̆/
2059	എറിയുക	to throw	/erijuɡɐ/
2060	ബെൽറ്റ്	belt	/beltɨ̆/
2061	രവി	sun	/ɾɐʋi/
2062	മൂങ്ങ	owl; birds of prey of the order Strigiformes with large…	/muːŋŋɐ/
2063	മേഘം	cloud	/meːɡ(ʱ)ɐm/
2064	ഗവേഷണ	of or relating to research	/ɡɐʋeːʂɐɳɐ/
2065	ദ്രോഹി	One who harms or hurts	/d̪ɾoːhi/
2066	ആസിഡ്	acid	/äːsiɖɨ̆/
2067	ആത്മാർത്ഥത	sincerity	/aːt̪maːrt̪t̪(ʰ)ad̪a/
2068	കടി	bite, biting	/kɐɖi/
2069	ചന്ദ്രൻ	moon	/t͡ʃɐn̪d̪ɾɐn/
2070	മുന്തിരി	grapevine; A woody vine in the genus Vitis that yields…	/mun̪t̪iɾi/
2071	കശാപ്പ്	slaughter, butchery	/kɐʃaːppɨ/
2072	സ്വമേധയാ	voluntarily; according to one's own will	/sʋämeːd̪ʱäjäː/
2073	പ്രതിബിംബം	reflection	
2074	വിശകലനം	analysis	/ʋiʃaɡalanam/
2075	സുൽത്താൻ	A Muslim ruler, controller	/sult̪ːäːn/
2076	ഒഴിവാക്കുക	to exclude, exempt	/oɻiʋäːkːuɡä/
2077	കാമം	lust	/kaːmam/
2078	തുഴ	paddle, oar	/t̪uɻɐ/
2079	പ്രാർത്ഥന	praise	/praːrt̪t̪(ʰ)ɐnɐ/
2080	ശൈലി	style	/ʃɐi̯li/
2081	നായ്	alternative form of നായ	
2082	പങ്കായം	oar, paddle	/pɐŋkaːjɐm/
2083	വൃത്തികേട്	untidiness, clutter, dirty	/ʋrɨt̪t̪iɡeːɖɨ/
2084	താരം	star	/t̪aːɾɐm/
2085	ബാപ്പ	father; mostly used by Muslims	/baːppɐ/
2086	വയ്യാത്ത	unable, impossible	/ʋɐjjaːt̪t̪ɐ/
2087	പഴഞ്ചൻ	obsolete, out dated	/pɐɻɐɲd͡ʒɐn/
2088	നിത്യ	everlasting, continual	/n̪it̪ja/
2089	പശ്ചിമ	western	/pɐʃt͡ʃimɐ/
2090	പ്രായോഗിക	practical	/praːjoːɡiɡɐ/
2091	ഫുട്ബോൾ	soccer, football	/fuʈboːɭ/
2092	താറാവ്	duck	/t̪aːraːʋɨ/
2093	നെയ്	ghee	/n̪ej/
2094	എതിരാളി	opponent	/ed̪iɾaːɭi/
2095	ചാവ്	death	/t͡ʃaːʋɨ/
2096	കൃത്രിമ	artificial; man-made	/kr̩t̪ɾima/
2097	വരൻ	bridegroom	/ʋɐɾɐn/
2098	നിഗമനം	conclusion	/n̪iɡamanam/
2099	ശ്വാസകോശം	lung	/ʃʋaːsɐɡoːʃɐm/
2100	സംഗീത	Of, belonging or relating to music; musical	/sɐŋɡiːd̪ɐ/
2101	മൂവായിരം	three thousand	/muːʋaːjiɾɐm/
2102	അടിമത്തം	slavery	/ɐɖimɐt̪t̪ɐm/
2103	കിഴക്കൻ	eastern	/kiɻakːan/
2104	ഓഫിസർ	officer	/oːfisɐr/
2105	മാഷ്	teacher	/mäːʂɨ̆/
2106	വായന	reading	/ʋaːjɐnɐ/
2107	ദൃശ്യം	scene, tableau	/d̪r̩ʃjɐm/
2108	കളിക്കുക	to play	/kɐɭikkjuɡɐ/
2109	മീശ	moustache	/miːʃɐ/
2110	സ്വകാര്യത	privacy	
2111	ബംഗാളി	Bengali	/bɐŋɡaːɭi/
2112	വലി	pulling	/ʋɐli/
2113	സഞ്ചാരി	traveller, voyager	/sɐɲt͡ʃaːɾi/
2114	കൊടിയ	fierce	/koɖijɐ/
2115	നിശ്ചിത	definite; definite	/n̪iʃt͡ʃid̪ɐ/
2116	പിന്തുടരുക	To follow, go after, pursue	/pin̪t̪uɖɐɾuɡɐ/
2117	ഗ്രാമ	relating to a village	/ɡɾaːmɐ/
2118	വിവർത്തനം	translation	/ʋiʋɐrt̪t̪ɐnɐm/
2119	വെയ്ക്കുക	alternative form of വെക്കുക	
2120	ശുദ്ധജലം	fresh water	
2121	പരമ്പരാഗത	traditional	/paɾampaɾaːɡat̪a/
2122	പോള	thin sheet	/poːɭɐ/
2123	സൗണ്ട്	sound	
2124	അനുവദിക്കുക	to allow	/ɐnuʋɐd̪ikkjuɡɐ/
2125	തിന്മ	evil; moral badness	/t̪inmɐ/
2126	മുഷിഞ്ഞ	dull	/muʂiɲɲɐ/
2127	പോരാടുക	to fight	/poːɾaːɖuɡɐ/
2128	ട്യൂബ്	tube	/ʈjuːbɨ/
2129	മാറുക	to replace	/maːruɡɐ/
2130	ചുമര്	alternative form of ചുവര്	
2131	വരുത്തുക	to cause to come	/ʋɐɾut̪t̪uɡɐ/
2132	ഉത്തമം	ideal	/ut̪t̪ɐmɐm/
2133	ജപമാല	rosery	/d͡ʒɐbɐmaːlɐ/
2134	സ്റ്റുഡിയോ	studio	/stuɖijoː/
2135	പച്ചക്കറി	vegetable	/pɐt͡ʃt͡ʃɐkkɐri/
2136	ചാനൽ	channel	/t͡ʃaːnɐl/
2137	തള്ള	mother	/t̪ɐɭɭɐ/
2138	ശ്മശാനം	cemetery	/ʃmɐʃaːnɐm/
2139	പെൺ	alternative form of പെണ്ണ്	/peɳ/
2140	വയ്യാ	alternative form of വഹിയാ	/ʋɐjjaː/
2141	തീപ്പൊരി	spark of fire	/t̪iːppoɾi/
2142	പുത്രൻ	son	/put̪rɐn/
2143	ഹല്ലേലൂയാ	hallelujah	/hɐlleːluːjaː/
2144	അവയവം	organ	/ɐʋɐjɐʋɐm/
2145	പ്രിയം	penchant	/prijɐm/
2146	കണ്ടുപിടുത്തം	alternative spelling of കണ്ടുപിടിത്തം	/kɐɳɖubiɖut̪t̪ɐm/
2147	പേരുകേട്ട	famous, well-known	/peːɾuɡeːʈʈɐ/
2148	തേര്	chariot	/t̪eːɾɨ/
2149	കൗതുകം	curiosity	/kɐu̯t̪uɡɐm/
2150	പ്രതിവിധി	remedy	/prɐd̪iʋid̪(ʱ)i/
2151	നേതൃത്വം	leadership	/n̪eːt̪rɨt̪ʋɐm/
2152	പ്രമേയം	resolution	/prameːjam/
2153	സ്വസ്ഥത	peacefulness	/sʋɐst̪(ʰ)ɐd̪ɐ/
2154	ശുപാർശ	recommendation	/ʃubaːrʃɐ/
2155	എളിയ	humble	/eɭijɐ/
2156	കുരുവി	house sparrow, Passer domesticus, a small perching bird…	/kuɾuʋi/
2157	ഇരിപ്പിടം	seat, pedestal, chair	/iɾipːiɖɐm/
2158	പൊരുതുക	to fight	/poɾud̪uɡɐ/
2159	തീവ്രവാദി	extremist	/t̪iːʋrɐʋaːd̪i/
2160	പതിനേഴ്	seventeen	/pɐd̪ineːɻɨ/
2161	സഹാറ	Sahara	
2162	അഗ്നി	fire	/ɐɡni/
2163	ചെരുപ്പ്	chappal, sandal	/t͡ʃeɾuppɨ/
2164	തിരിച്ചറിയുക	to identify	/t̪iɾit͡ʃt͡ʃɐrijuɡɐ/
2165	പ്രാതൽ	breakfast, morning food	/praːd̪ɐl/
2166	കമ്പിളി	wool	/kɐmpiɭi/
2167	പരവതാനി	carpet	/pɐɾɐʋɐd̪aːni/
2168	പാലിക്കുക	to follow; abide by	/paːlikkjuɡɐ/
2169	തിരിച്ചറിയൽ	identification	
2170	ഭയാനകം	horrible, scary	
2171	വെയിൽ	sunlight, sunshine	/ʋejil/
2172	കയറ്റം	ascent; climb	/kɐjɐrrɐm/
2173	ശുക്ലം	semen	/ʃukɭɐm/
2174	ലഭ്യത	availability	/lɐb(ʱ)jɐd̪ɐ/
2175	കൊക്ക്	egret	/kokkɨ/
2176	മുഴു	full, complete, perfect	/muɻu/
2177	വളവ്	curve	/ʋɐɭɐʋɨ/
2178	ഭവതി	you	/b(ʱ)ɐʋɐd̪i/
2179	സാഹസിക	adventure; adventurous	
2180	ഒഴിവ്	vacancy	/oɻiʋɨ/
2181	സഞ്ചാരം	journey, travel, tour	/sɐɲt͡ʃaːɾɐm/
2182	തിരമാല	wave	/t̪iɾɐmaːlɐ/
2183	തറ	floor	/t̪ɐrɐ/
2184	പിച്ച	beggary	/pit͡ʃt͡ʃɐ/
2185	വ്യവസായ	industrial	
2186	ഉചിതം	proper; appropriate; suitable; best for the situation	/ud͡ʒid̪ɐm/
2187	പെരും	big, massive, heavy	/peɾum/
2188	മന്ത്രാലയം	ministry	
2189	കന്യക	girl	/kɐnjɐɡɐ/
2190	അവതരണം	presentation	/aʋad̪aɾaɳam/
2191	ടെലിവിഷൻ	television	/ʈeliʋiʂɐn/
2192	ശ്രദ്ധേയമായ	notable	/ʃrɐd̪d̪(ʱ)eːjɐmaːjɐ/
2193	സന്തതി	offspring	
2194	ഉഷ്ണമേഖല	torrid zone	/uʂɳɐmeːk(ʰ)ɐlɐ/
2195	വർത്തമാനം	communication, conversation	
2196	തുണ്ടം	piece, bit, slice	/t̪uɳɖɐm/
2197	കണ്ണീര്	tears	/kɐɳɳiːɾɨ/
2198	ഗവേഷണം	research	/ɡɐʋeːʂɐɳɐm/
2199	പതിപ്പ്	edition, version or translation	/pɐd̪ippɨ/
2200	പുരോഹിതൻ	priest	/puɾoːhid̪ɐn/
2201	നിമിത്തം	mark, sign, spot, trace, token	/n̪imit̪t̪ɐm/
2202	ബ്രോക്കർ	mediator	/broːkːɐr/
2203	ബുധനാഴ്ച	Wednesday	/bud̪(ʱ)ɐnaːɻt͡ʃɐ/
2204	ഉച്ചത്തിൽ	loudly	/ut͡ʃːɐt̪ːil/
2205	പദം	word	/pad̪am/
2206	വേല	job	/ʋeːlɐ/
2207	ദിശ	direction	/d̪iʃɐ/
2208	കുണ്ടി	buttocks	/kuɳɖi/
2209	തിരിച്ചറിവ്	realization	/t̪iɾit͡ʃt͡ʃɐriʋɨ/
2210	വ്യാപാരി	merchant	/ʋjaːbaːɾi/
2211	സംരക്ഷിക്കുക	to protect	/samrakʂikːuɡa/
2212	അനുകമ്പ	compassion	/ɐnuɡɐmpɐ/
2213	പരന്ന	flat; having no variations in altitude	/pɐɾɐn̪n̪ɐ/
2214	വലുപ്പം	size	/ʋɐluppɐm/
2215	പ്രമാണം	document	/prɐmaːɳɐm/
2216	പാവാട	skirt, dress that ladies wear from waist downwards	/paːʋaːɖɐ/
2217	മുല	breast, tit	/mulɐ/
2218	അടിവസ്ത്രം	underwear	/ɐɖiʋɐst̪rɐm/
2219	പ്രവണത	tendency	/prɐʋɐɳɐd̪ɐ/
2220	നേർ	truth	/n̪eːr/
2221	നിരീക്ഷണം	observation	
2222	പ്രതിസന്ധി	crisis	/prɐd̪isɐn̪d̪(ʱ)i/
2223	താൽപര്യം	alternative spelling of താൽപ്പര്യം	
2224	വീഴുക	to fall	/ʋiːɻuɡɐ/
2225	നിർബന്ധം	mandatory; compulsory	
2226	ധനം	wealth	/d̪(ʱ)ɐnɐm/
2227	രാജ	king	/ɾaːd͡ʒɐ/
2228	വചനം	word	/ʋɐd͡ʒɐnɐm/
2229	കള്ളി	thief	/kɐɭɭi/
2230	ജില്ല	district	/d͡ʒillɐ/
2231	ഗ്രാഫ്	graph	/ɡɾaːfɨ̆/
2232	ലില്ലി	lily	/lilli/
2233	ജപ്തി	foreclosure	/d͡ʒɐpt̪i/
2234	ആത്മീയ	spiritual	/aːt̪miːjɐ/
2235	പെങ്ങൾ	sister, when spoken of or to by her brother. Male's sister	/peŋŋɐɭ/
2236	നിഷ്കളങ്കത	innocence; unaware of serious or sensitive issues	/n̪iʂkɐɭɐŋkɐd̪ɐ/
2237	രസീത്	receipt	/ɾɐsiːd̪ɨ/
2238	സ്നേഹ	love	/sneːhɐ/
2239	സമീപം	near	/sɐmiːbɐm/
2240	ബദാം	almond	/bɐd̪aːm/
2241	ഖനി	mine; an excavation from which ores and minerals are…	/k(ʰ)ɐni/
2242	വേട്ടക്കാരൻ	hunter	
2243	മടുപ്പ്	tiredness	/mɐɖuppɨ/
2244	കനമുള്ള	heavy	/kɐnɐmuɭɭɐ/
2245	പുണ്യം	pure	/puɳjɐm/
2246	ചളി	Colloquial pronunciation of ചെളി; mud	/t͡ʃɐɭi/
2247	മുന	a sharp point	/munɐ/
2248	വളയം	ring	/ʋɐɭɐjɐm/
2249	ക്ഷയം	tuberculosis disease	/kʂɐjɐm/
2250	പ്രസക്തി	relevance	/prasakt̪i/
2251	കക്ഷം	armpit	
2252	കിഴങ്ങ്	tuber, the fleshy, thickened underground stem of a plant,…	/kiɻɐŋːɨ̆/
2253	കണ്ണി	link of a chain; unit component	/kɐɳɳi/
2254	കിട	equality; match	/kiɖɐ/
2255	തയ്യാറാവുക	to prepare oneself	/t̪ɐjjaːraːʋuɡɐ/
2256	വവ്വാല്	bat	/ʋɐʋːäːlɨ̆/
2257	സന്ദർശനം	visit; visiting	/sɐn̪d̪ɐrʃɐnɐm/
2258	വെപ്രാളം	anxiety	/ʋepraːɭɐm/
2259	ബാ	northern dialectal form of വാ	/baː/
2260	സമത്വം	equality	/sɐmɐt̪ʋɐm/
2261	കളങ്കം	taint; stain	/kɐɭɐŋkɐm/
2262	മുദ്രാവാക്യം	slogan	
2263	വിസ്താരം	extent; coverage	/ʋist̪aːɾɐm/
2264	ഉണക്ക	dry	/uɳɐkkɐ/
2265	പതനം	downfall	/pɐd̪ɐnɐm/
2266	പഴക്കം	old-fashioned	/pɐɻɐkkɐm/
2267	വെപ്പ്	cooking	/ʋeppɨ/
2268	വന്ദനം	greetings	/ʋɐn̪d̪ɐnɐm/
2269	പൊങ്ങച്ചം	boasting	/poŋŋɐt͡ʃt͡ʃɐm/
2270	വിശിഷ്ട	distinguished; special	/ʋiʃiʂʈɐ/
2271	കൊള്ളക്കാരൻ	male robber	
2272	സൗജന്യമായി	for free	/säud͡ʒɐnjämäːji/
2273	കരം	tax	/kɐɾɐm/
2274	തിരഞ്ഞെടുക്കുക	To elect	/t̪iɾɐɲɲeɖukkuɡɐ/
2275	വയലറ്റ്	violet	/ʋɐjɐlɐrrɨ/
2276	പരുപരുത്ത	rough,uneven, coarse, rugged	/pɐɾubɐɾut̪t̪ɐ/
2277	ബൈബിൾ	The Bible	/bɐi̯biɭɐ/
2278	ശ്ലോകം	stanza, verse	
2279	കൂതറ	a thug	/kuːd̪ɐrɐ/
2280	സാരി	sari	/saːɾi/
2281	മോഹം	desire	
2282	ഉണ്ടാകുക	to come into existence	/uɳɖaːɡukɐ/
2283	കണ്ടുപിടിക്കുക	to invent	/käɳʈubiɖikʲːuɡä/
2284	ദക്ഷിണ	southern	/d̪ɐkʂiɳɐ/
2285	പ്രസ്ഥാനം	movement	
2286	ഈവ്	donation, gift	/iːʋɨ/
2287	സന്ധ്യ	twilight	
2288	ആവശ്യകത	necessity; the need	/aːʋɐʃjɐɡɐd̪ɐ/
2289	വിരുദ്ധ	anti	/ʋiɾud̪d̪(ʱ)ɐ/
2290	ഒത്ത	matching	/ot̪ːä/
2291	ഉവ്വ	yes	/uʋʋɐ/
2292	താമസിക്കുക	To be late	/t̪aːmɐsikkjuɡɐ/
2293	കടക്കുക	to enter	/kɐɖɐkkuɡɐ/
2294	പിരി	thread of a screw, twist, twisting, crack	/piɾi/
2295	ശൃംഖല	series	/ʃrɨŋk(ʰ)ɐlɐ/
2296	നടത്തുക	to make someone walk	/n̪ɐɖɐt̪t̪uɡɐ/
2297	ഗതാഗതം	transportation	/ɡad̪aːɡad̪am/
2298	വാസ്തവം	the fact; reality; the truth	/ʋaːst̪aʋam/
2299	അനാവശ്യ	unnecessary	/ɐnaːʋɐʃjɐ/
2300	ഏമ്പക്കം	belch, burp	/eːmpɐkkɐm/
2301	തൂവൽ	feather; branching epidermal outgrowths covering the body…	/t̪uːʋɐl/
2302	വിനയം	humility	
2303	വീക്ഷണം	view	/ʋiːkʂaɳam/
2304	ആരാധന	worship	/äːɾäːdʱɐnä/
2305	വീതിയുള്ള	width having	
2306	നൂറ്റാണ്ട്	century	
2307	പൂർണ	finished	/puːrɳɐ/
2308	പ്രസിദ്ധ	famous	/prɐsid̪d̪(ʱ)ɐ/
2309	ശോഭ	grace, beauty, brightness	/ʃoːb(ʱ)ɐ/
2310	പരിപ്പ്	dal	/pɐɾippɨ/
2311	ഘടകം	conjunction	/ɡ(ʱ)ɐɖɐɡɐm/
2312	കുന്ന്	hill; an elevated landmass	/kun̪n̪ɨ/
2313	തുപ്പ്	to spit	/t̪uppɨ/
2314	അട്ടിമറി	upsetting	/ɐʈʈimɐri/
2315	മുങ്ങിയ	sunken	/muŋŋijɐ/
2316	ആയുസ്സ്	lifespan	/aːjussɨ/
2317	തോള്	shoulder	/t̪oːɭɨ/
2318	മനസ്സിലാക്കുക	to understand; find out	/mɐnɐssilaːkkuɡɐ/
2319	വഴികാട്ടി	guide	/ʋɐɻiɡaːʈʈi/
2320	തത്ത	parrot, colorful birds of the order Psittaciformes with…	/t̪ɐt̪ːɐ/
2321	ചക്കര	palm sugar; jaggery	/t͡ʃɐkkɐɾɐ/
2322	പാളി	layer	
2323	നശിപ്പിക്കുക	ruin	/n̪ɐʃippikkjuɡɐ/
2324	ഉത്തര	northern	/ut̪t̪ɐɾɐ/
2325	ധാരണം	wearing	/d̪(ʱ)aːɾɐɳɐm/
2326	ഇന്നത്	this one; specified one	/inːat̪ə/
2327	എന്റമ്മോ	oh my god	/en̪rɐmmoː/
2328	മെലിഞ്ഞ	thin, skinny	/meliɲɲɐ/
2329	ക്രൂര	cruel	/kɾuːɾa/
2330	വാവ്	either new moon or full moon	/ʋaːʋɨ/
2331	അന്യോന്യം	each other, one another	/anjoːnjam/
2332	രോഷം	wrath, anger, fury	/ɾoːʂam/
2333	കടത്ത്	ferrying, ferry, transporting, jetty	/kɐɖɐt̪t̪ɨ/
2334	പത്തുലക്ഷം	ten lakhs, million	/pɐt̪t̪ulɐkʂɐm/
2335	ദേവത	angel	
2336	യൂണിവേഴ്സിറ്റി	university	/juːɳiʋeːɻsitːi/
2337	ബീഡി	beedi	/biːɖi/
2338	ഓളം	current	/oːɭɐm/
2339	വിവരക്കേട്	ignorance; unknowingness; knowledgelessness	/ʋiʋɐɾɐkkeːɖɨ/
2340	പേരക്കുട്ടി	grandchild	/peːɾɐkkuʈʈi/
2341	കൊട്ട്	tap, hit	/koʈʈɨ/
2342	ഭീമൻ	giant	/b(ʱ)iːmɐn/
2343	കുടം	pot	/kuɖɐm/
2344	ശൈത്യം	winter	
2345	പതിനെട്ട്	eighteen	/pɐd̪ineʈʈɨ/
2346	എവിടം	where	/eʋiɖɐm/
2347	ഉത്തമ	best	/ut̪ːɐmä/
2348	ആഭരണം	jewellery	/aːb(ʱ)ɐɾɐɳɐm/
2349	ഏഴാം	seventh, 7th	/eːɻaːm/
2350	കച്ചറ	trash	/kɐt͡ʃt͡ʃɐrɐ/
2351	കൂട്ട	mass, group	/kuːʈʈɐ/
2352	പഠിപ്പിക്കുക	to teach	/pɐʈ(ʰ)ippikkjuɡɐ/
2353	മറ	a cover obstructing visibility for privacy or protection	/mɐrɐ/
2354	വാപ്പ	alternative form of ബാപ്പ	/ʋaːppɐ/
2355	ഇമേജ്	image	/imeːd͡ʒɨ/
2356	പോംവഴി	solution to a problem	/poːmʋɐɻi/
2357	മുറിക്കുക	to cut	/murikkjuɡɐ/
2358	ക്രിസ്ത്യൻ	christian	/krist̪jɐn/
2359	പ്രവേഗം	velocity	/prɐʋeːɡɐm/
2360	അണ്ടി	nut	/ɐɳɖi/
2361	പ്രയോഗം	application	
2362	തൊണ്ണൂറ്	ninety	/t̪oɳɳuːrɨ/
2363	കാലുറ	socks	/käːlurä/
2364	അദ്ഭുതം	supernatural, unexpected, shocking	/ɐd̪b(ʱ)ud̪ɐm/
2365	വിദ്യാഭ്യാസ	academic	/ʋid̪jaːb(ʱ)jaːsɐ/
2366	സൈനികൻ	soldier	/sɐi̯niɡɐn/
2367	കൂദാശ	sacrament	/kuːd̪aːʃɐ/
2368	പരിഭ്രാന്തി	panic, consternation	
2369	ചോക്ക്	chalk used for writing on blackboard	/t͡ʃoːkːɨ̆/
2370	പ്രതിമ	statue	/prɐd̪imɐ/
2371	ഹെൽപ്പ്	help	/helpːɨ̆/
2372	ആലി	raindrop, hailstone, wind	/aːli/
2373	ശകുനം	bird	/ʃɐɡunɐm/
2374	വിനിമയം	exchange; barter	/ʋinimɐjɐm/
2375	പഴുത്ത	ripe	/pɐɻut̪t̪ɐ/
2376	ദ്രാവകം	liquid	/d̪ɾaːʋɐɡɐm/
2377	സ്വീകരണം	reception, welcoming	
2378	പുതുമ	newness	/pud̪umɐ/
2379	ഉത്കണ്ഠ	worry; anxiety; concern	/ulkaɳʈʰa/
2380	ചലച്ചിത്രം	movie	/t͡ʃɐlɐt͡ʃt͡ʃit̪rɐm/
2381	ഇരുന്നൂറ്	two hundred	/iɾun̪n̪uːrɨ/
2382	ഉരുക്ക്	steel	/uɾukkɨ/
2383	മൂല	source	/muːlɐ/
2384	തീരുമാനിക്കുക	to decide a plan, course, decision, etc	/t̪iːɾumaːnikkjuɡɐ/
2385	സജീവമായ	active	
2386	ശിഷ്യൻ	student	
2387	അനവധി	numerous	/ɐnɐʋɐd̪(ʱ)i/
2388	മൂല്യമുള്ള	valuable	/muːljɐmuɭɭɐ/
2389	മൂഞ്ചി	fuck up	/muːɲt͡ʃi/
2390	കൊള്ളുക	to fit something inside of	/koɭɭuɡɐ/
2391	മൂർച്ച	sharpness	
2392	ഇപ്പൊൾ	archaic form of ഇപ്പോൾ	
2393	ദോഷം	fault, bad	/d̪oːʂɐm/
2394	തലക്കെട്ട്	title	/t̪ɐlɐkkeʈʈɨ/
2395	തലേന്ന്	the previous day; preceding day	/t̪ɐleːn̪n̪ɨ/
2396	മേൽക്കൂര	roof	/meːlkkuːɾɐ/
2397	ഉപദ്രവം	harm, causing damage, torture	
2398	രാജ്യദ്രോഹം	sedition	/ɾaːd͡ʒjɐd̪ɾoːhɐm/
2399	സമ്മേളനം	conference	/sɐmmeːɭɐnɐm/
2400	മട്ട്	sediment	
2401	രാഷ്ട്രം	realm	/ɾaːʂʈrɐm/
2402	നിലാവ്	moonlight	/n̪ilaːʋɨ/
2403	നീന്തൽ	swimming	/n̪iːn̪d̪al/
2404	അച്ചടക്ക	disciplinary; pertaining to discipline	/ɐt͡ʃt͡ʃɐɖɐkkɐ/
2405	മാവ്	mango tree	/maːʋɨ̆/
2406	തോന്നുക	to feel	/t̪oːn̪n̪uɡɐ/
2407	പരിചരണം	care	
2408	പതിനാറ്	sixteen	/pɐd̪inaːrɨ/
2409	ഹൃദയാഘാതം	heart attack	/hr̩d̪ɐjäːɡʱäːd̪ɐm/
2410	ബലൂണ്	balloon	/bɐluːɳɨ̆/
2411	പ്രതിഭ	genius, talent	/prɐd̪ib(ʱ)ɐ/
2412	രാജൻ	king	/ɾaːd͡ʒɐn/
2413	അമ്മമ്മ	grandmother	/ɐmmɐmmɐ/
2414	തണ്ണിമത്തൻ	watermelon	/t̪ɐɳɳimɐt̪t̪ɐn/
2415	പ്രസവം	childbirth; labour	/prɐsɐʋɐm/
2416	കളിക്കാരൻ	player	/kɐɭikkaːɾɐn/
2417	എത്തിക്കുക	to deliver	/et̪t̪ikkjuɡɐ/
2418	ഇരുപത്തഞ്ച്	alternative form of ഇരുപത്തിയഞ്ച്	/iɾubɐt̪t̪ɐɲt͡ʃɨ/
2419	നങ്കൂരം	anchor	/n̪ɐŋkuːɾɐm/
2420	ദൃഷ്ടി	view	/d̪rɨʂʈi/
2421	ശിരസ്സ്	head	
2422	അത്യാഗ്രഹം	greed	/ɐt̪jaːɡɾɐhɐm/
2423	ചാല്	channel, canal, watercourse	/t͡ʃaːlɨ/
2424	തായ്	Thai	/t̪aːjɨ/
2425	അണപ്പല്ല്	molar	/ɐɳɐppɐllɨ/
2426	ഓട്ട	alternative form of ഊട്ട	/oːʈʈɐ/
2427	ജാലവിദ്യ	magic	
2428	തകർക്കുക	to destroy	/t̪aɡarkkuɡa/
2429	ഔദാര്യം	generosity	
2430	ജൈവ	relating to life; living	/d͡ʒɐi̯ʋɐ/
2431	മുളക്	chili pepper, varieties of berry-fruit plants from the…	/muɭɐɡɨ/
2432	വളർച്ച	growth	/ʋɐɭɐrt͡ʃt͡ʃɐ/
2433	ആനുകൂല്യം	benefit; favor	/äːnuɡuːljɐm/
2434	തിരി	wick of a candle or a lamp	/t̪iɾi/
2435	അലവലാതി	tramp, beggar, person in tattered clothes, loafer	/ɐlɐʋɐlaːd̪i/
2436	കുരങ്ങ്	monkey	/kuɾɐŋŋɨ/
2437	ചരട്	thread	
2438	വിലങ്ങ്	handcuff	/ʋilɐŋŋɨ/
2439	ഭിത്തി	house wall	/b(ʱ)it̪t̪i/
2440	തരുക	to give to the 1st or 2nd person	/t̪ɐɾuɡɐ/
2441	നിഗൂഢത	mystery; secrecy, concealment	/n̪iɡuːɖ(ʱ)ɐd̪ɐ/
2442	ഓഹരി	share	
2443	മിഥ്യ	unreal; imaginary	/mit̪(ʰ)jɐ/
2444	കൊതി	strong desire	/kod̪i/
2445	കവചം	shield, armor	/kɐʋɐd͡ʒɐm/
2446	സ്വർഗ്ഗം	heaven	
2447	പരട്ട	useless	/pɐɾɐʈʈɐ/
2448	കൊന്ത	rosary	/kon̪t̪ɐ/
2449	ആചാരം	ritual	/aːd͡ʒaːɾɐm/
2450	മൈതാനം	alternative form of മൈദാനം	/mɐi̯d̪aːnɐm/
2451	സങ്കീർണ്ണമായ	complicated	/sɐŋkiːrɳɳɐmaːjɐ/
2452	ഭാഗ്യവാൻ	a blessed man, a lucky man, a fortunate man	
2453	ഉത്സവം	festival	/ut̪sɐʋɐm/
2454	കുളം	pond	/kuɭɐm/
2455	എരിവ്	pungency of chilli, hot, spicy	/eɾiʋɨ/
2456	മത്തങ്ങ	pumpkin	/mɐt̪t̪ɐŋŋɐ/
2457	ഓടുക	to run	/oːɖuɡɐ/
2458	പുഴു	worm, any of the various tubular invertebrates in the phyla…	/puɻu/
2459	കാട്ടുതീ	wildfire	/kaːʈʈud̪iː/
2460	നൽകുക	to give	/n̪ɐlkuɡɐ/
2461	പ്രവർത്തി	misspelling of പ്രവൃത്തി	
2462	വാതകം	gas	/ʋaːd̪aɡam/
2463	വിദ്വേഷം	hate	
2464	പ്രധാനമായി	importantly	/prɐd̪(ʱ)aːnɐmaːji/
2465	ആറായിരം	six thousand	/aːraːjiɾɐm/
2466	ആദി	beginning	/aːd̪i/
2467	സ്വല്പം	a little	
2468	പാതിരി	Christian priest	/paːd̪iɾi/
2469	ചെങ്കോല്	alternative spelling of ചെങ്കോൽ	/t͡ʃeŋkoːlə/
2470	ചേരി	slum	/t͡ʃeːɾi/
2471	പെരുമാറുക	to behave	/peɾumaːruɡɐ/
2472	കരുതൽ	care, regard, providing, commitment	/kɐɾud̪ɐl/
2473	കൊയ്	to reap, harvest, cut	
2474	പരിണാമം	evolution	
2475	ചിറക്	wing	/t͡ʃirɐɡɨ/
2476	പെൻസിൽ	pencil	/pensil/
2477	ആരവം	cry, noise	/aːɾɐʋɐm/
2478	മുറ്റം	courtyard; unroofed free area outside house; within the…	/murrɐm/
2479	നിലവാരം	quality	/n̪ilaʋaːɾam/
2480	ജനക്കൂട്ടം	crowd of people	/d͡ʒanakːuːʈːam/
2481	എങ്കിലേ	only if	/eŋkileː/
2482	വാസം	living	/ʋaːsɐm/
2483	ഓമന	darling, beloved, loved one	/oːmɐnɐ/
2484	പ്രാചീന	ancient, old	/praːt͡ʃiːna/
2485	വള്ളി	vine, climber	/ʋɐɭɭi/
2486	നരഹത്യ	homicide	/n̪ɐɾɐhɐt̪jɐ/
2487	കേട്	defect	/keːɖɨ/
2488	വിഭജനം	partition	
2489	അങ്ങോട്	to there, at that place	/ɐŋŋoːɖɨ/
2490	തന്ത	father	/t̪ɐn̪t̪ɐ/
2491	മുൻവശം	front	/munʋɐʃɐm/
2492	ദുരഭിമാനം	excessive pride; boastfulness	/d̪uɾɐb(ʱ)imaːnɐm/
2493	ചാരൻ	spy	/t͡ʃaːɾan/
2494	കിഴവി	old female	/kiɻɐʋi/
2495	കരിമ്പ്	sugar cane, Saccharum officinarum, tropical grass from…	/kɐɾimpɨ/
2496	കേമം	that which is superior, great, fine, excellent,…	/keːmɐm/
2497	അറപ്പ്	disgust	/ɐrɐppə/
2498	വൃക്ഷം	tree	/ʋrɨkʂɐm/
2499	നിരൂപണം	review; critical evaluation	
2500	നീക്കുക	to cause to move	/n̪iːkkuɡɐ/
2501	പിടിത്തം	capture	/piɖit̪ːam/
2502	കൂട്ടുകെട്ട്	friendship	/kuːʈːuɡeʈːɨ̆/
2503	സ്വീകരിക്കുക	to accept	/sʋiːɡɐɾikkjuɡɐ/
2504	അവസാനിക്കുക	To end, finish	/ɐʋɐsaːnikkjuɡɐ/
2505	വില്ല്	bow	/ʋillɨ/
2506	ഏൽ	possibility, reach	/eːl/
2507	പരിശോധിക്കുക	to examine	/pɐɾiʃoːd̪(ʱ)ikkjuɡɐ/
2508	അഭിനന്ദനം	congratulation	/äbʱinän̪d̪ɐnɐm/
2509	ഒലിവ്	olive, Olea europaea, an evergreen tree native to the…	/oliʋɨ/
2510	കൂടാരം	tent	/kuːɖaːɾam/
2511	ഇടിവെട്ട്	lightning	/iɖiʋeʈʈɨ/
2512	മദ്യപാനം	drinking of alcohol	
2513	ഉടമസ്ഥൻ	owner	/uɖɐmɐst̪(ʰ)ɐn/
2514	ബദൽ	alternative	/bɐd̪ɐl/
2515	വിദ്യാർഥി	student	/ʋid̪jaːrt̪(ʰ)i/
2516	ഉന്മാദം	hysteria	/unmaːd̪ɐm/
2517	അലൂമിനിയം	misspelling of അലുമിനിയം	
2518	കൂമ്പാരം	heap	/kuːmpaːɾam/
2519	കഠിനം	hard	/kɐʈ(ʰ)inɐm/
2520	കരി	charcoal	/kɐɾi/
2521	അടുപ്പ്	stove, fireplace, furnace	/ɐɖuppɨ/
2522	ഇടനാഴി	corridor, aisle	/iɖɐnaːɻi/
2523	കയ്യടി	clap with palms of both hands	/kɐjjɐɖi/
2524	കുടിക്കുക	to drink	/kuɖikkjuɡɐ/
2525	തർക്കം	dispute	/̪tarkkam/
2526	അർദ്ധരാത്രി	midnight	/ärd̪d̪ʱɐɾäːt̪ɾi/
2527	ദത്ത്	adoption	/d̪ɐt̪t̪ɨ/
2528	കൃപ	grace, kindness, compassion	/kr̩ba/
2529	ചുക്കാൻ	helm	
2530	പൈശാചിക	satanic	/pɐi̯ʃaːd͡ʒiɡɐ/
2531	പാനീയം	beverage	/paːniːjɐm/
2532	സ്ത്രീധനം	dowry; payment by the bride's family to the groom	
2533	സ്വതന്ത്രം	having freedom, free	
2534	കാണ്ടാമൃഗം	rhinoceros; any of the large horned herbivorous ungulates…	/kaːɳɖaːmrɨɡɐm/
2535	മുഖ്യം	chief	
2536	ചവുട്ടി	mat for wiping foot; welcome mat	/t͡ʃɐʋuʈʈi/
2537	ക്രൈസ്തവ	Christian; relating to Christianity	/krɐi̯st̪ɐʋɐ/
2538	മൂസ്	moose	/muːsɨ̆/
2539	കുമ്പസാരം	confession	/kumpɐsaːɾɐm/
2540	അപരിചിതൻ	stranger	/abaɾid͡ʒid̪an/
2541	ഒട്ടകപ്പക്ഷി	ostrich, a flightless bird native to Africa	/oʈʈɐɡɐppɐkʂi/
2542	തുറുപ്പ്	cavalry, cavalryman	/t̪uruppɨ/
2543	ഇരുപതാം	twentieth, 20th	/iɾubɐd̪aːm/
2544	കാണിക്കുക	to show	/kaːɳikkjuɡɐ/
2545	ഭേഷ്	good	/b(ʱ)eːʂɨ/
2546	മരപ്പട്ടി	Asian palm civet; toddy cat	/mɐɾɐppɐʈʈi/
2547	കോമഡി	comedy	/koːmɐɖi/
2548	വണ്ട്	beetle; Any member of the insect order Coleoptera,…	/ʋɐɳɖɨ/
2549	നൗക	boat	/n̪ɐu̯kɐ/
2550	പലചരക്ക്	grocery, general goods	
2551	ഉജ്ജ്വലം	bright	/ud͡ʒd͡ʒʋɐlɐm/
2552	അറിവില്ലായ്മ	unknowingness; knowledgelessness	/ɐriʋillaːjmɐ/
2553	നിൻ	you	
2554	ചെറുക്കൻ	boy	/t͡ʃerukkɐn/
2555	കൂട്ടുക	to add	/kuːʈʈuɡɐ/
2556	ദേവാലയം	a worshiping place	
2557	ശോകം	distress	/ʃoːɡɐm/
2558	ഗോപുരം	tower	/ɡoːbuɾɐm/
2559	മെഴുക്	wax, especially beeswax, the substance that forms the walls…	/meɻuɡɨ/
2560	കാഠിന്യം	hardness	
2561	മോക്ഷം	salvation	/moːkʂɐm/
2562	നിരക്ക്	rate	/n̪iɾɐkkɨ/
2563	പ്രവിശ്യ	province; An administrative subdivision of certain countries	/prɐʋiʃjɐ/
2564	പറി	pick	/pɐri/
2565	ആപത്ത്	danger	/aːbɐt̪t̪ɨ/
2566	പുരാതനമായ	archaic	/puɾaːd̪ɐnɐmaːjɐ/
2567	പ്രാണി	insect	/praːɳi/
2568	പിശക്	mistake, error	/piʃɐɡɨ/
2569	പ്രഹസനം	farce	/prahasanam/
2570	മുണ്ട്	mundu; a traditional draped garment for the lower body,…	/muɳɖɨ/
2571	അണ്ണൻ	elder brother	/ɐɳɳɐn/
2572	ഉറങ്ങുക	to sleep	/urɐŋŋuɡɐ/
2573	കാലഘട്ടം	a period of time in history; epoch, era	/käːlɐɡʱɐʈːɐm/
2574	ഉത്ഭവം	origin	/ut̪b(ʱ)ɐʋɐm/
2575	കച്ചേരി	office	/kɐt͡ʃt͡ʃeːɾi/
2576	ചിത	cremation pyre	
2577	കുറയ്ക്കുക	to subtract, reduce	/kurɐkkjuɡɐ/
2578	തിന്നുക	to eat	/t̪innuɡɐ/
2579	മുന്നൂറ്	three hundred	/mun̪n̪uːrɨ/
2580	ഒമ്പതാം	ninth, 9th	/ompɐd̪aːm/
2581	കേൾക്കുക	to hear	/keːɭkkuɡɐ/
2582	തങ്ങുക	to reside	/t̪ɐŋŋuɡɐ/
2583	ഖനനം	mining	/kʰɐnɐnɐm/
2584	റബ്ബർ	rubber, elastomer	/rɐbbɐr/
2585	പ്രയത്നം	effort; endeavor	/prɐjɐt̪n̪ɐm/
2586	ജഡം	corpse	/d͡ʒɐɖɐm/
2587	കുസൃതി	naughtiness	/kusrɨd̪i/
2588	കക്ക	clam	/kɐkkɐ/
2589	പ്രമുഖ	prominent	/prɐmuk(ʰ)ɐ/
2590	ഞണ്ട്	crab, a crustacean belonging to the infraorder Brachyura…	/ɲɐɳɖɨ/
2591	നീരാളി	octopus, marine cephalopods in the order Octopoda	/n̪iːɾaːɭi/
2592	അറുനൂറ്	alternative form of അറുന്നൂറ്	/ɐrunuːrɨ/
2593	വെറുക്കുക	To hate	/ʋerukkuɡɐ/
2594	അക്കാദമി	academy	/ɐkkaːd̪ɐmi/
2595	യശസ്സ്	fame	/jɐʃɐssɨ/
2596	ധ്വനി	sound	/d̪(ʱ)ʋɐni/
2597	അജ്ഞാത	unknown	/ɐd͡ʒɲaːd̪ɐ/
2598	യാഥാർത്ഥ്യം	reality	
2599	ആലോചിക്കുക	to think	/aːloːd͡ʒikkjuɡɐ/
2600	തകർച്ച	collapse	
2601	പ്രതിബദ്ധത	commitment	/prɐd̪ibɐd̪d̪(ʱ)ɐd̪ɐ/
2602	അഴുകിയ	rotten	/ɐɻuɡijɐ/
2603	സ്ഥിരത	stability	/st̪(ʰ)iɾɐd̪ɐ/
2604	മെത്ത	bed	/met̪t̪ɐ/
2605	വിപരീതം	reversed, backwards	/ʋɪp.ɾiːt̪ɐm/
2606	പറുദീസ	paradise, the ultimate abode of just souls, where good…	/pɐrud̪iːsɐ/
2607	ലഭിക്കുക	To get; receive	/lɐb(ʱ)ikkjuɡɐ/
2608	വിസ്മയം	amazement, wonder, astonishment	/ʋismɐjɐm/
2609	ആശയ	pertaining to concept, idea or thought	/äːʃɐjä/
2610	വെള്ളച്ചാട്ടം	waterfall; Water falling from a height, caused by the flow…	/ʋeɭɭɐt͡ʃt͡ʃaːʈʈɐm/
2611	ഒറിജിനൽ	original	/orid͡ʒinɐl/
2612	തുള	hole	/t̪uɭɐ/
2613	സൗജന്യം	for free	/sau̯d͡ʒanjam/
2614	ഡിസൈൻ	design	/ɖisäin/
2615	പശ	glue	
2616	ദ്രവ്യം	matter, basic structural component of the universe with…	
2617	ഇന്ന	this	/in̪n̪ɐ/
2618	ണ്ട്	to be, exist, be present, be located	/ɳɖɨ/
2619	മുള്ള്	thorn	/muɭɭɨ/
2620	റിഹേഴ്സൽ	rehearsal	/riheːɻsɐl/
2621	കൃഷിക്കാരൻ	farmer	/krɨʂikkaːɾɐn/
2622	വൈദ്യ	medical	/ʋäi̯d̪jä/
2623	ജനൽ	alternative form of ജനാല	/d͡ʒɐnɐl/
2624	സാമി	God	/saːmi/
2625	ചുമ	cough, noisy expulsion of air from lungs	/t͡ʃumɐ/
2626	സുന്ദരൻ	beautiful guy; handsome	
2627	പ്രതിധ്വനി	echo; reflected sound	/prɐd̪id̪(ʱ)ʋɐni/
2628	ഇടുപ്പ്	hip	/iɖuppɨ/
2629	മറാത്തി	Marathi	/mɐraːt̪t̪i/
2630	കാട്ട്	wild	/kaːʈʈɨ/
2631	ധിക്കാരി	an arrogant and disobedient person	/d̪(ʱ)ikkaːɾi/
2632	ആസ്ഥാനം	headquarters	/aːst̪(ʰ)aːnam/
2633	ആതിഥ്യം	hospitality	/aːd̪it̪(ʰ)jam/
2634	കൽക്കരി	coal	
2635	സംരംഭം	initiative	/sɐmrɐmb(ʱ)ɐm/
2636	രക്ഷകൻ	savior	/ɾɐkʂɐɡɐn/
2637	പേശി	muscle	/peːʃi/
2638	ചങ്ങാത്തം	friendship	/t͡ʃɐŋŋaːt̪t̪ɐm/
2639	ഈണം	music	/iːɳɐm/
2640	ആഗിരണം	absorption	/äːɡiɾɐɳɐm/
2641	ചെരിപ്പ്	alternative form of ചെരുപ്പ്	
2642	മസ്തിഷ്കം	brain	/mɐst̪iʂkɐm/
2643	പുലയാടി	bastard	/pulɐjaːɖi/
2644	ഗർഭം	pregnancy	/ɡɐrb(ʱ)ɐm/
2645	ബാധ	disease	/baːd̪(ʱ)ɐ/
2646	ലഹള	quarrel	/lɐhɐɭɐ/
2647	മുത്ത്	pearl; one of the navaratnas	/mut̪t̪ɨ/
2648	കൊണ്ട	tuft of hair	/koɳɖɐ/
2649	പിരിവ്	separation	/piɾiʋɨ/
2650	മോണ	gums	/moːɳɐ/
2651	പൂമ്പാറ്റ	butterfly	/puːmpaːrrɐ/
2652	ഉയർത്തുക	to raise	/ujɐrt̪t̪uɡɐ/
2653	തവിട്ട്	brown	/t̪ɐʋiʈʈɨ/
2654	ഒരിനം	Of a specific kind, category, or type; specific, certain,…	
2655	കുളി	bath	/kuɭi/
2656	കോ	king, emperor	/koː/
2657	ഹൈഡ്രജൻ	hydrogen	/häiɖräːd͡ʒɐn/
2658	മറ്റെ	other	/mɐrre/
2659	കപ്പലണ്ടി	peanut, groundnut	/kɐppɐlɐɳɖi/
2660	തുല്യം	equal	/t̪uljɐm/
2661	നിഗൂഢമായ	mysterious; unknown, secret	/n̪iɡuːɖ(ʱ)ɐmaːjɐ/
2662	ആശംസ	bestowing of wish, greeting	/aːʃɐmsɐ/
2663	പുള്ളിപ്പുലി	leopard	
2664	ഉപഭോക്താവ്	consumer	/ubɐb(ʱ)oːkt̪aːʋɨ/
2665	മലിനീകരണം	pollution	/mɐliniːɡɐɾɐɳɐm/
2666	രാസ	chemical	/ɾaːsɐ/
2667	തളിര്	new leaf	/t̪ɐɭiɾɨ/
2668	അണക്കെട്ട്	dam	/ɐɳɐkkeʈʈɨ/
2669	ഹംസം	swan	/hɐmsɐm/
2670	എന്ത	what	/en̪t̪ɐ/
2671	ഹീബ്രു	Hebrew	/hiːbru/
2672	ഇല്ലാതാക്കുക	eliminate	/ilːäːd̪äːkːuɡä/
2673	മൈക്രോവേവ്	microwave	/mäikɾoːʋeːʋɨ̆/
2674	ഉപാധി	condition	/ubaːd̪(ʱ)i/
2675	അന്ധത	blindness	/ɐn̪d̪(ʱ)ɐd̪ɐ/
2676	ഗുണ്ട	goonda, hired thug, goon	/ɡuɳɖɐ/
2677	രാക്ഷസി	ogress	[ɾɐːkʂɐsi]
2678	ഭരണി	jar	/b(ʱ)ɐɾɐɳi/
2679	പുത്തൻ	new	/put̪t̪ɐn/
2680	ഖേദം	sadness	/k(ʰ)eːd̪ɐm/
2681	നിബന്ധന	term; condition	/n̪ibɐn̪d̪(ʱ)ɐnɐ/
2682	പിച്ച്	pinch	/pit͡ʃt͡ʃɨ/
2683	പൊട്ട്	bindi	/poʈʈɨ/
2684	ആദരം	respect	/aːd̪ɐɾɐm/
2685	പഠിപ്പ്	learning; study	/pɐʈ(ʰ)ippɨ/
2686	അപായം	danger	/ɐbaːjɐm/
2687	സയൻസ്	science	/säjɐnsɨ̆/
2688	പ്രതിഷേധം	protest	/prɐd̪iʂeːd̪(ʱ)ɐm/
2689	പൊള്ളയായ	hollow	/poɭɭɐjaːjɐ/
2690	മധുര	sweet	/mɐd̪(ʱ)uɾɐ/
2691	പതിനെട്ടാം	eighteenth, 18th	/pɐd̪ineʈʈaːm/
2692	സാഹിത്യം	literature	/saːhit̪jɐm/
2693	വാദി	plaintiff, claimant	/ʋaːd̪i/
2694	ഏകീകൃത	unified	/eːɡiːkrɨd̪ɐ/
2695	ഏറ്റെടുക്കുക	To take over	/eːteɖukːuɡä/
2696	രാശി	astrological sign, zodiac sign	/ɾaːʃi/
2697	മണ്ട	skull, cranium	/mɐɳɖɐ/
2698	ഉൾ	alternative form of ഉള്ള്	
2699	വിദ്യാർത്ഥി	student	
2700	പറച്ചിൽ	utterance, something spoken	/pɐrɐt͡ʃt͡ʃil/
2701	ഇപ്പുറത്ത്	on this side of	
2702	ഉൾപ്പെടെ	including	/uɭpːeɖe/
2703	ചൂരൽ	cane	/t͡ʃuːɾɐl/
2704	വ്യഭിചാരം	adultery	/ʋjab(ʱ)id͡ʒaːɾam/
2705	കായിക	relating to sports	/käːjiɡä/
2706	ചെയ്യൽ	the act of doing	
2707	തൂവാല	towel	/t̪uːʋaːlɐ/
2708	സഹാനുഭൂതി	empathy	
2709	ഓല	coconut leaf	/oːlɐ/
2710	മാലിന്യം	waste	/maːlinjɐm/
2711	മുഴ	protuberance	/muɻɐ/
2712	വെള്ളപ്പൊക്കം	flood	/ʋeɭɭɐppokkɐm/
2713	കഠിനാദ്ധ്വാനം	hard work	
2714	കൂട്ടായ്മ	team	/kuːʈʈaːjmɐ/
2715	കുട്ട	round wicker basket, often made of bamboo	/kuʈʈɐ/
2716	വായിക്കുക	to read	/ʋaːjikkjuɡɐ/
2717	അനന്തരം	thereafter	/änɐn̪t̪äɾɐm/
2718	പിണ്ഡം	mass	/piɳɖɐm/
2719	ഏണി	ladder	/eːɳi/
2720	പരിമിതമായ	limited	/pɐɾimid̪ɐmaːjɐ/
2721	അകം	inside	/ɐɡɐm/
2722	തീവ്രവാദം	extremism	/t̪iːʋrɐʋaːd̪ɐm/
2723	ആക്ഷേപം	reproach	/aːkʂeːbɐm/
2724	ഊർജം	energy	/uːrd͡ʒɐm/
2725	കാലക്രമേണ	over time; over the course of time	/käːlɐkɾɐmeːɳä/
2726	അധ്വാനം	labour; work	
2727	പ്രചരണം	walking about, going	/prɐd͡ʒɐɾɐɳɐm/
2728	ആധിപത്യം	hegemony	/äːd̪ʱibɐt̪jɐm/
2729	അടപ്പ്	lid	/ɐɖɐppɨ/
2730	നാരങ്ങ	lemon, lime	/n̪aːɾɐŋŋɐ/
2731	പര്യവേഷണം	exploration	
2732	അഹിംസ	nonviolence	/ɐhimsɐ/
2733	സൃഷ്ടിക്കുക	to create	/srɨʂʈikkjuɡɐ/
2734	സമം	equal	/sɐmɐm/
2735	മാന്യൻ	gentleman, decent man	/maːnjɐn/
2736	സ്തംഭനം	stopping	/st̪ɐmb(ʱ)ɐnɐm/
2737	കുടിശ്ശിക	arrear	/kuɖiʃʃiɡɐ/
2738	വൃത്തിയാക്കുക	To clean; tidy	/ʋrɨt̪t̪ijaːkkuɡɐ/
2739	ഏഴായിരം	seven thousand	/eːɻaːjiɾɐm/
2740	ജന്മഭൂമി	homeland; motherland; birthplace	/d͡ʒɐnmɐb(ʱ)uːmi/
2741	നിയന്ത്രിക്കുക	to control, exercise influenc	/n̪ijɐn̪t̪rikkjuɡɐ/
2742	പരുത്തി	cotton; a widely cultivated fibre crop belonging to the…	/pɐɾut̪t̪i/
2743	തോറ്റ	defeated	/t̪oːrrɐ/
2744	മതപരമായ	regarding religion	
2745	അന്യായം	injustice	/änjäːjɐm/
2746	നിൽ	to stand	/n̪il/
2747	തുണ	help	/t̪uɳɐ/
2748	ഇരിപ്പ്	state of sitting	/iɾippɨ/
2749	ഔഷധം	medicine	/au̯ʂɐd̪(ʱ)ɐm/
2750	പാചക	cooking; designed for culinary purposes	/paːd͡ʒɐɡɐ/
2751	അപ്പ	father	/ɐppɐ/
2752	ഈശ്വരൻ	God	/iːʃʋɐɾɐn/
2753	ജയം	victory	/d͡ʒɐjɐm/
2754	കിറ്റ്	a plastic bag	/kirrɨ/
2755	മഷി	ink	/mɐʂi/
2756	കരിമരുന്ന്	black powder; a form of gunpowder	/käɾimɐɾun̪ːɨ̆/
2757	നേർത്ത	early	/n̪eːrt̪t̪ɐ/
2758	ബൾബ്	bulb	
2759	അവറ്റ	3rd person plural non-human pronoun; those	/ɐʋɐrrɐ/
2760	വീതി	width	/ʋiːd̪i/
2761	പണിയെടുക്കുക	to work; to labor;to toil; to perform a task	/pɐɳijeɖukkuɡɐ/
2762	ഏകാന്ത	solitary	/eːɡaːn̪t̪ɐ/
2763	തയ്യാറാക്കുക	to prepare something	/t̪ɐjjaːraːkkuɡɐ/
2764	ഉദ്യമം	initiative	
2765	കുള്ളൻ	a dwarf	/kuɭɭɐn/
2766	കിറുക്കൻ	madman; maniac; crazy person	/kirukkɐn/
2767	പന്ത്രണ്ടാം	twelfth, 12th	/pɐn̪t̪rɐɳɖaːm/
2768	മാങ്ങ	mango	/maːŋŋɐ/
2769	മുക്കുവർ	fishers	/mukkuʋɐr/
2770	കീശ	pocket	/kiːʃɐ/
2771	മിത്രം	friend	/mit̪rɐm/
2772	മറവി	forgetfulness	/mɐrɐʋi/
2773	സംസ്ഥാനം	state, political division within a nation	/sɐmst̪(ʰ)aːnɐm/
2774	തിരിയുക	to rotate	/t̪iɾijuɡɐ/
2775	വന്യ	wild	/ʋɐnjɐ/
2776	കിറുക്ക്	insanity; eccentricity; madness; mania	/kirukkɨ/
2777	ചാട്ട	whip; A weapon or tool, made of leather or cord, used to…	/t͡ʃaːʈʈɐ/
2778	വെബ്സൈറ്റ്	website	/ʋebsäitɨ̆/
2779	ബന്ദി	slave	/bän̪d̪i/
2780	അവലോകനം	review	/aʋaloːɡanam/
2781	പശു	cow; An adult female of the species Bos taurus	/pɐʃu/
2782	വിപത്ത്	disaster	
2783	ചൈതന്യം	spirit	/t͡ʃɐi̯d̪ɐnjɐm/
2784	അന്തരം	difference	/ɐn̪t̪ɐɾɐm/
2785	നിലക്കടല	groundnut, peanut	/n̪ilɐkkɐɖɐlɐ/
2786	ഭൂഖണ്ഡം	continent	
2787	ആഗ്രഹിക്കുക	to desire	/aːɡɾɐhikkjuɡɐ/
2788	മഹാൻ	great, respected, renowned person	/mɐhaːn/
2789	ധാന്യം	grain	/d̪(ʱ)aːnjɐm/
2790	ചാള	sardine, small oily epipelagic fish belonging to the family…	/t͡ʃaːɭɐ/
2791	പുണ്യ	holy	/puɳjɐ/
2792	പകിട	ace	/pɐɡiɖɐ/
2793	ഘടികാരം	clock	/ɡ(ʱ)ɐɖiɡaːɾɐm/
2794	ജിജ്ഞാസ	curiosity, desire to know	/d͡ʒid͡ʒɲaːsɐ/
2795	കുറേശ്ശെ	a little	/kureːʃːe/
2796	ഉൽപ്പന്നം	alternative spelling of ഉത്പന്നം	
2797	നായകൻ	captain	/n̪aːjɐɡɐn/
2798	ഉഷാർ	alert	/uʂaːr/
2799	ഗീതം	song, music	/ɡiːd̪ɐm/
2800	ഇഡ	praise	/iɖɐ/
2801	കുടല്	guts	/kuɖɐlɨ/
2802	വളം	fertilizer, manure	/ʋɐɭɐm/
2803	തിമിംഗലം	alternative form of തിമിംഗിലം	
2804	ബംഗ്ലാവ്	bungalow	/bɐŋɡɭaːʋɨ/
2805	മിടുക്ക്	smartness	/miɖukkɨ/
2806	ദുഷ്ടത	malice; cruelty, wickedness	/d̪uʂʈɐd̪ɐ/
2807	ഒഴിക്കുക	to pour	/oɻikkjuɡɐ/
2808	മുല്ല	jasmine	/mulːɐ/
2809	വികസനം	development	
2810	വിഷാദം	depression	
2811	ടൺ	tonne	
2812	ഓട	trench	/oːɖɐ/
2813	മൗനം	silence	/mɐu̯nɐm/
2814	പാപ്പ	pope	/paːppɐ/
2815	സസ്പെൻസ്	suspense	/säspensɨ̆/
2816	പയർ	beans	/pɐjɐr/
2817	ശ്വസിക്കുക	to breathe	/ʃʋɐsikkjuɡɐ/
2818	ആലോചന	thinking	/äːloːdʒɐnɐ/
2819	അനുപാതം	proportion	/ɐnubaːd̪ɐm/
2820	ആധാരം	source	/aːd̪(ʱ)aːɾɐm/
2821	ആശയക്കുഴപ്പം	confusion	/äːʃɐjɐkːuɻɐpːɐm/
2822	ആകുക	to be; to become	/aːɡukɐ/
2823	പുഷ്പം	flower	/puʂpɐm/
2824	തള്ളെ	really?	/t̪ɐɭɭe/
2825	തേങ്ങ	coconut	/t̪eːŋŋɐ/
2826	ഇറങ്ങുക	to exit	/iräŋːuɡä/
2827	പ്രലോഭനം	temptation	/prɐloːb(ʱ)ɐnɐm/
2828	എലിവിഷം	rat poison	/eliʋiʂɐm/
2829	കലാകാരൻ	artist	/käläːɡäːɾɐn/
2830	ധീരത	bravery	
2831	പൊട്ടാസ്യം	potassium	/poʈːaːsjam/
2832	ഉറുമ്പ്	ant; Any of the various small eusocial insects belonging to…	/urumpɨ/
2833	പടയാളി	soldier	/pɐɖɐjaːɭi/
2834	തിരശ്ശീല	curtain, screen	/t̪iɾɐʃʃiːlɐ/
2835	നെറ്റി	forehead	/n̪erri/
2836	മുടന്ത്	lameness	
2837	ആരംഭിക്കുക	to begin, start	/aːɾɐmb(ʱ)ikkjuɡɐ/
2838	ടൗൺ	town	/ʈɐuɳ/
2839	ചൂടൻ	hot	/t͡ʃuːɖɐn/
2840	ഇളക്കം	shake	/iɭɐkkɐm/
2841	ദീർഘ	long	/d̪iːrɡ(ʱ)ɐ/
2842	കണ്ടുപിടിത്തം	invention; discovery	/kaɳʈubiɖit̪ːam/
2843	പാട്ട	tin, can, box	/paːʈʈɐ/
2844	തമ്പുരാട്ടി	queen	/t̪ɐmpuɾaːʈʈi/
2845	രാക്ഷസൻ	satan, devil	/ɾaːkʂɐsɐn/
2846	കാൻസർ	cancer	/käːnsɐr/
2847	തള്ളുക	to push; to shove	/t̪ɐɭɭuɡɐ/
2848	അടക്കുക	alternative form of അടയ്ക്കുക	/ɐɖɐkkuɡɐ/
2849	കൂന്	a hump, a deformity in humans caused by abnormal curvature…	/kuːnɨ/
2850	ഞായർ	Sunday	/ɲaːjɐr/
2851	തകരാറ്	nonfunctional, broken; needing repair or fixing	/t̪äɡɐräːrɨ̆/
2852	രക്തസ്രാവം	bleeding; hemorrhage	/ɾakt̪asraːʋam/
2853	പ്രഖ്യാപനം	announcement	/prak(ʰ)jaːbanam/
2854	നിരീക്ഷിക്കുക	to observe	/n̪iɾiːkʂikkjuɡɐ/
2855	കാക്കുക	to guard, protect, safekeep	/kaːkkuɡɐ/
2856	സൗജന്യ	free of charge	/sɐu̯d͡ʒɐnjɐ/
2857	കൊഴുക്കട്ട	a type of sweet dumpling made with jaggery and coconut…	/koɻukkɐʈʈɐ/
2858	റദ്ദ്	cancel	/rɐd̪d̪ɨ/
2859	അനുയോജ്യം	suiting, matching, suitable	/anujoːd͡ʒjam/
2860	നൂതന	new	/n̪uːd̪ɐnɐ/
2861	കടല	chickpea, Bengal gram	/kɐɖɐlɐ/
2862	പന	palm tree, of family Palmae or Arecaceae	/pɐnɐ/
2863	സർവ്വ	all	/särʋːä/
2864	ഒട്ടകം	camel	/oʈʈɐɡɐm/
2865	അറുപത്	sixty	/ɐrubɐd̪ɨ/
2866	തമ്പ്	tent; temporary shelter; camp	/t̪ɐmpɨ/
2867	വൈകല്യം	handicap; disability	/ʋɐi̯ɡɐljɐm/
2868	ഏകദേശ	approximate	/eːɡɐd̪eːʃɐ/
2869	ജ്വരം	fever	/d͡ʒʋɐɾɐm/
2870	മുഷ്ടി	A fist	/muʂʈi/
2871	പ്രക്ഷോഭം	agitation	/prɐkʂoːb(ʱ)ɐm/
2872	അരികെ	nearby, adjacent	/ɐɾiɡe/
2873	ചെല്ലുക	to go somewhere	/t͡ʃelluɡɐ/
2874	ഉറ	sheath	/urɐ/
2875	കാത്	ear	/kaːd̪ɨ/
2876	അപരാധം	offense; crime	/äbɐɾäːd̪ʱɐm/
2877	തിരിക്കുക	to rotate; spin, turn	/t̪iɾikkjuɡɐ/
2878	നേടുക	To get	/n̪eːɖuɡɐ/
2879	ഹരി	green	/hɐɾi/
2880	വ്യാപ്തി	extent	
2881	കാഷ്ടം	feces	
2882	തട്ടാൻ	gold smith	/t̪ɐʈʈaːn/
2883	വിവേകം	wiseness; wisdom	
2884	എണ്ണൂറ്	eight hundred	/eɳɳuːrɨ/
2885	മാമോദീസ	baptism, the Christian sacrament of initiation, in which…	/maːmoːd̪iːsɐ/
2886	ആർത്തി	greed	/äːrt̪ːi/
2887	വീമ്പ്	boast	
2888	സൂപ്രണ്ട്	superintendent	/suːprɐɳʈɨ̆/
2889	അസ്തിത്വം	existence	
2890	മുറ	usual style or practice	/murɐ/
2891	തമിഴ്	Tamil	/t̪ɐmiɻɨ/
2892	ചട്ടം	frame, framework	/t͡ʃɐʈʈɐm/
2893	ആസ്പത്രി	alternative form of ആശുപത്രി	/aːspɐt̪ri/
2894	സ്വദേശി	native	/sʋɐd̪eːʃi/
2895	പ്രാപ്തി	ability; able	/praːpt̪i/
2896	തന്റേടം	bravery	/t̪ɐn̪reːɖɐm/
2897	മാളം	hole, burrow, den, cave	/maːɭɐm/
2898	പൊട്ടിക്കുക	To break	/poʈʈikkjuɡɐ/
2899	തുടയ്ക്ക്	to wipe	/t̪uɖɐjkkɨ/
2900	നിർമ്മാണം	production	/n̪irmːaːɳam/
2901	യുഗം	age	
2902	ഗൂഢാലോചന	conspiracy	/ɡuːɖʰäːloːdʒɐnɐ/
2903	അരങ്ങ്	stage	/ɐɾɐŋŋɨ/
2904	അസാധ്യ	impossible	/äsäːd̪ʱjɐ/
2905	മുന്നേറുക	To advance	/mun̪n̪eːruɡɐ/
2906	ദീപം	oil lamp	
2907	പ്രതിമാസം	monthly; every month	/prɐd̪imaːsɐm/
2908	ഈച്ച	housefly; Any fly commonly found in human habitations	/iːt͡ʃt͡ʃɐ/
2909	ഔചിത്യം	appropriateness	/äud͡ʒit̪jɐm/
2910	ബുദ്ധിമാൻ	intelligent man	/bud̪d̪(ʱ)imaːn/
2911	അവഗണിക്കുക	to slight; to forbearing to treat with attention or respect	/äʋäɡäɳikːuɡä/
2912	വിജാഗിരി	hinge, a flexible mechanical device that allows the…	/ʋid͡ʒaːɡiɾi/
2913	ദേവലോകം	heaven	/d̪eːʋɐloːɡɐm/
2914	ശിശു	child	
2915	അധ്യാപകൻ	teacher	/ɐd̪(ʱ)jaːbɐɡɐn/
2916	യാത്രികൻ	traveler	
2917	വീക്കം	inflammation; -itis	/ʋiːkkɐm/
2918	വെളുത്തുള്ളി	garlic, Allium sativum, perennial flowering plant with…	/ʋeɭut̪t̪uɭɭi/
2919	അംഗത്വം	membership	/ɐŋɡɐt̪ʋɐm/
2920	കവല	junction	/kɐʋɐlɐ/
2921	തത്	that	/t̪ɐd̪ɨ/
2922	ത്രികോണം	triangle	/t̪riɡoːɳɐm/
2923	ചൂല്	broom	/t͡ʃuːlɨ/
2924	ചൂത്	gambling	/t͡ʃuːd̪ɨ/
2925	വെപ്പാട്ടി	concubine; mistress	
2926	മുക്തി	liberation	/mukt̪i/
2927	ഭഗവാൻ	God	/b(ʱ)ɐɡɐʋaːn/
2928	പൊറുക്കുക	to live	/porukkuɡɐ/
2929	ശിശിരം	cold, frost	/ʃiʃiɾɐm/
2930	വിധവ	widow; a woman whose spouse has died	/ʋid̪(ʱ)ɐʋɐ/
2931	പുറപ്പാട്	departure	/purɐppaːɖɨ/
2932	അയൽക്കാരൻ	neighbour	/ɐjɐlkkaːɾɐn/
2933	ഉള്ള്	inside	/uɭɭɨ/
2934	സോഫ	sofa	/soːpʰa/
2935	ഉപവാസം	fasting	/ubɐʋäːsɐm/
2936	കുറ്റമറ്റ	flawless	/kutamata/
2937	ശ്രേണി	series	/ʃreːɳi/
2938	ബയോളജി	biology	/bäjoːɭɐd͡ʒi/
2939	ശാഖ	branch of a tree	/ʃaːk(ʰ)ɐ/
2940	ചങ്കുറപ്പ്	courage	/t͡ʃaŋkurapːɨ̆/
2941	ചുഴി	whirl, whirlpool	/t͡ʃuɻi/
2942	ഉളി	chisel	/uɭi/
2943	കയിൽ	large tablespoon; used in cooking	/käjil/
2944	വളി	fart	/ʋɐɭi/
2945	സാമർഥ്യം	adeptness	/saːmɐrt̪(ʰ)jɐm/
2946	വൃത്തം	circle	/ʋrɨt̪t̪ɐm/
2947	തേജസ്	brilliance, glow, glory	/t̪eːd͡ʒɐsɨ/
2948	അദ്ധ്യാപകൻ	alternative form of അധ്യാപകൻ	/ɐd̪d̪(ʱ)jaːbɐɡɐn/
2949	നിതംബം	buttock	/n̪id̪ambam/
2950	ജലസേചനം	irrigation	/d͡ʒɐlɐseːd͡ʒɐnɐm/
2951	അമ്മച്ചി	synonym of അമ്മ	/ɐmmɐt͡ʃt͡ʃi/
2952	ആരംഭം	beginning	/aːɾɐmb(ʱ)ɐm/
2953	ഉരുണ്ട	round	/uɾuɳɖɐ/
2954	വിളവ്	yield of crop; harvest	/ʋiɭɐʋɨ/
2955	കൃതജ്ഞത	gratitude	
2956	ഉപരിതലം	surface	/ubɐɾid̪ɐlɐm/
2957	സാഹിത്യ	literary; relating to literature	/saːhit̪jɐ/
2958	ഉടനീളം	along; by the length of	
2959	തോത്	measure, scale, standard, rate, criterion	/t̪oːd̪ɨ/
2960	ബാലൻസ്	balance	/bäːlɐnsɨ̆/
2961	ശൂലം	any sharp instrument or pointed dart, lance, pike, spear	/ʃuːlɐm/
2962	ആക്സിലറേറ്റർ	accelerator	/aːksilɐreːrrɐr/
2963	അഭിനയിക്കുക	to act in movie, drama, play, etc	/ɐb(ʱ)inɐjikkjuɡɐ/
2964	അലമ്പ്	mess; disorder	/ɐlɐmpɨ/
2965	ജലാംശം	moisture	
2966	സംഭവിക്കാവുന്ന	happenable; occurable	
2967	കീടം	pest, insect, worm	/kiːɖɐm/
2968	കിടക്കുക	to lie down	/kiɖɐkkuɡɐ/
2969	അശ്ലീലം	obscene	/ɐʃliːlɐm/
2970	പനിനീര്	ice water	/pɐnin̪iːɾɨ/
2971	അംഗീകരിക്കുക	To accept	/ɐŋɡiːɡɐɾikkjuɡɐ/
2972	വയറിളക്കം	diarrhea, loose motion, watery bowel movements	/ʋɐjɐriɭɐkkɐm/
2973	പൈജാമ	pajamas	
2974	അമർത്തുക	to press, crush, overcome, overpower	/ɐmɐrt̪t̪uɡɐ/
2975	അയയ്ക്കുക	to send, dispatch	/ɐjɐkkjuɡɐ/
2976	സസ്തനി	mammal	
2977	മേൽവിലാസം	postal address	/meːlʋilaːsɐm/
2978	അമൂല്യ	invaluable	/ɐmuːljɐ/
2979	അമോണിയ	ammonia	/ɐmoːɳijɐ/
2980	സജീവ	active	
2981	ചതുരം	quadrilateral	/t͡ʃɐd̪uɾɐm/
2982	കടത്തുക	to transport; to cause to cross	/kɐɖɐt̪t̪uɡɐ/
2983	ക്രിയ	verb	/krijɐ/
2984	അനുസരണക്കേട്	disobedience	/ɐnusɐɾɐɳɐkkeːɖɨ/
2985	ദശ	ten	/d̪ɐʃɐ/
2986	കോഴ	bribe	
2987	ജനനി	mother	/d͡ʒɐnɐn̪i/
2988	വിദേശി	foreigner	/ʋid̪eːʃi/
2989	ദുർഗന്ധം	stench; foul smell	/d̪urɡan̪d̪(ʱ)am/
2990	മുൻഗണന	priority	
2991	ചിപ്പി	small shell	/t͡ʃippi/
2992	അഭിലാഷം	desire; wish	
2993	ചെയ്ക	alternative form of ചെയ്യുക	/t͡ʃejɡɐ/
2994	തുടക്ക്	to wipe	/t̪uɖɐkkɨ/
2995	അയ്യായിരം	five thousand	/ɐjjaːjiɾɐm/
2996	ചങ്ക്	conch	/t͡ʃɐŋkɨ/
2997	ചാണകം	cowdung	/t͡ʃaːɳɐɡɐm/
2998	പഴഞ്ചൊല്ല്	proverb, traditional saying	
2999	ഉപചാരം	gratis	/ubɐd͡ʒaːɾɐm/
3000	താന്തോന്നി	prodigal person	/t̪aːn̪t̪oːn̪n̪i/
3001	റഹ്മാൻ	merciful, compassionate	/rɐhmaːn/
3002	പാടം	field	/paːɖɐm/
3003	മയക്കം	sleep	/mɐjɐkkɐm/
3004	വാഴ്	to reign	
3005	വില്ലേജ്	village	/ʋilːeːd͡ʒɨ̆/
3006	ക്രിസ്ത്യാനി	Christian	/krist̪jaːni/
3007	എത്രാമത്തെ	what number, how manyth	/et̪raːmɐt̪t̪e/
3008	വമ്പൻ	huge; giant; massive	/ʋɐmpɐn/
3009	ചേതം	loss	/t͡ʃeːd̪ɐm/
3010	വാണം	skyrocket	/ʋaːɳɐm/
3011	ചീര	spinach, Spinacia oleracea, an edible plant whose leaves…	/t͡ʃiːɾɐ/
3012	ഉറപ്പിക്കുക	To fix	/urɐpːikːuɡä/
3013	മേൽനോട്ടം	supervision	/meːlnoːʈːam/
3014	നാഴിക	A unit of time equal to 24 minutes	/n̪aːɻiɡɐ/
3015	ചാരായം	arrack, a distilled alcoholic drink	/t͡ʃaːɾaːjam/
3016	ചൊല്ല്	word	/t͡ʃollɨ/
3017	കുരുമുളക്	black pepper, Piper nigrum, a hardy perennial vine,…	/kuɾumuɭɐɡɨ̆/
3018	വയ്യായ്ക	unwellness	/ʋɐjjaːjɡɐ/
3019	സ്ഥിര	permanent	/st̪(ʰ)iɾɐ/
3020	കൺഫ്യൂഷൻ	confusion	/käɳfjuːʂɐn/
3021	തേജസ്സ്	alternative spelling of തേജസ്	
3022	വ്യാഖ്യാനം	definition	/ʋjaːk(ʰ)jaːnɐm/
3023	ബാലൻ	boy	/baːlɐn/
3024	മുക്കുവൻ	a caste associated with fishing	/mukkuʋɐn/
3025	യൗവനം	youth	
3026	പടക്കം	firecracker	/pɐɖɐkkɐm/
3027	തിക്ക്	pressure, congestion	/t̪ikkɨ/
3028	മുതുക്	back of the body	/mud̪uɡɨ/
3029	അനുസരണ	obedience	/ɐnusɐɾɐɳɐ/
3030	അക്കം	digit, numeral	/ɐkkɐm/
3031	ആസക്തി	strong desire	/aːsɐkt̪i/
3032	മൺവെട്ടി	hoe	/mɐɳʋeʈʈi/
3033	മരുമകൾ	sister's daughter; a niece	/mɐɾumɐɡɐɭ/
3034	വീര	courageous, brave	/ʋiːɾɐ/
3035	പക്വത	mature, grown up	
3036	അടിയന്തരാവസ്ഥ	emergency	/ɐɖijɐn̪t̪ɐɾaːʋɐst̪(ʰ)ɐ/
3037	ഹിതം	will	
3038	ഉഴുന്ന്	urad; black gram	/uɻun̪ːɨ̆/
3039	ദൃഢത	rigidity	/d̪rɨɖ(ʱ)ɐd̪ɐ/
3040	പല്ലി	lizard	/pɐlli/
3041	സദാചാരം	morality	/sɐd̪aːd͡ʒaːɾɐm/
3042	ആമുഖം	preface	/aːmuk(ʰ)am/
3043	മൂടുക	to cover	/muːɖuɡɐ/
3044	പൊന്ന്	gold	/pon.nɨ̆/
3045	ആണത്തം	manliness; masculinity	/aːɳat̪ːam/
3046	കിഴവൻ	old male	/kiɻɐʋɐn/
3047	ഇവന്മാർ	he	
3048	സോഡിയം	sodium	/soːɖijam/
3049	പതക്കം	medal, award	/pɐd̪ɐkkɐm/
3050	ബഹു	great, big, large, massive	/bɐhu/
3051	വിടവ്	gap	/ʋiɖɐʋɨ/
3052	ഒരുത്തി	a woman	/oɾut̪t̪i/
3053	ആശാരി	carpenter	/aːʃaːɾi/
3054	അലുവ	halva, a dessert	/ɐluʋɐ/
3055	വീഴ്	to fall	/ʋiːɻɨ/
3056	ചട്ട	a cover of a book; the permanent binding	/t͡ʃɐʈʈɐ/
3057	വൈദ്യശാസ്ത്രം	medical science; field of medicine	/ʋäi̯d̪jɐʃäːst̪rɐm/
3058	വേറിട്ട്	separately, differently	/ʋeːriʈʈɨ/
3059	കച്ചവടക്കാരൻ	merchant; seller	/kät͡ʃːɐʋɐɖɐkːäːɾɐn/
3060	ഏർപ്പാട്	arrangement	/eːrppaːɖɨ/
3061	കസ്തൂരി	musk	/käst̪uːɾi/
3062	ഇക്കിളി	tickle, tickling	/ikkiɭi/
3063	അന്ധവിശ്വാസം	superstition	/ɐn̪d̪(ʱ)ɐʋiʃʋaːsɐm/
3064	ഗണിതം	mathematics	/ɡɐɳid̪ɐm/
3065	പുര	house, home	/puɾɐ/
3066	സ്റ്റേഡിയം	stadium	/srreːɖijɐm/
3067	അത്യാർത്തി	excessive greed; avarice	/ät̪jäːrt̪ːi/
3068	ഇഴ	strand, each of the fibres which are twisted to make a…	/iɻɐ/
3069	നിയോഗം	command	/n̪ijoːɡam/
3070	കടിച്ച	bitten	/käɖit͡ʃːɐ/
3071	തളം	an open flat room	/t̪ɐɭɐm/
3072	അതാത്	misspelling of അതത്	/ɐd̪aːt̪ɨ/
3073	മരവിപ്പ്	numbness	/mɐɾɐʋippɨ/
3074	ജന്മ	birth; relating to birth or creation	/d͡ʒɐnmɐ/
3075	പണ്ടാറം	alternative form of പണ്ടാരം	
3076	കുടിൽ	hut	/kuɖil/
3077	ഉദയം	rise	/ud̪ɐjɐm/
3078	വൃഷണം	testicle	/ʋrɨʂɐɳɐm/
3079	സഫാരി	safari	/sɐfaːɾi/
3080	അനുഭവിക്കുക	To experience	/ɐnub(ʱ)ɐʋikkjuɡɐ/
3081	ചട്ടി	a shallow cooking vessel, pot or pan	/t͡ʃɐʈʈi/
3082	കന്നുകാലി	cattle, domesticated bovine animals	/kɐn̪n̪uɡaːli/
3083	ലൈംഗികത	sexuality	/lɐi̯ŋɡiɡɐd̪ɐ/
3084	ബാധിക്കുക	To affect	/baːd̪(ʱ)ikkjuɡɐ/
3085	കണ്ടമാനം	many, several, numerous	/kɐɳɖɐmaːnɐm/
3086	മര	wooden; made of wood	/mɐɾɐ/
3087	കരണ്ട്	electricity	/kɐɾɐɳɖɨ̆/
3088	സ്വാദ്	taste	/sʋaːd̪ɨ/
3089	അങ്കം	mark, sign, stamp, lap	/ɐŋkɐm/
3090	തിങ്കൾ	Monday	/t̪iŋkɐɭ/
3091	എണ്ണമറ്റ	countless	/eɳːämätä/
3092	സമാന	similar; alike	/sɐmaːnɐ/
3093	പ്രതിരൂപം	replica	/prɐd̪iɾuːbɐm/
3094	ഉപരോധം	sanction	/ubɐɾoːd̪ʱɐm/
3095	തീവ്രത	intensity	/t̪iːʋrɐd̪ɐ/
3096	കുരുതി	blood	/kuɾud̪i/
3097	അലങ്കോലം	untidiness, clutter	/ɐlɐŋkoːlɐm/
3098	തപാൽ	post, mail	/t̪ɐbaːl/
3099	ഇളയത്	younger one; the one who is younger than the other	/iɭɐjɐd̪ɨ/
3100	പരുക്കൻ	rough, coarse, not smooth	/pɐɾukkɐn/
3101	ക്രൂരം	cruel	/kruːɾɐm/
3102	എത്രാം	which position or rank in order	
3103	ഖണ്ഡിക	paragraph	/k(ʰ)ɐɳɖiɡɐ/
3104	അഴി	river-mouth, confluence of river or backwater and sea	/ɐɻi/
3105	ആശ്രമം	monastery; building for monks	/äːʃɾɐmɐm/
3106	ലഭ്യം	available	/lɐb(ʱ)jɐm/
3107	പ്രസാദം	Prasada	/prɐsaːd̪ɐm/
3108	കാവ്യം	poetry	
3109	നനവ്	wetness	/n̪ɐnɐʋɨ/
3110	കോല്	a long stick	/koːlɨ/
3111	നടത്തിപ്പ്	management	/n̪ɐɖɐt̪t̪ippɨ/
3112	മുഴക്കം	reverberating, rumbling, roaring sound	/muɻɐkkɐm/
3113	സുവിശേഷം	the gospel	/suʋiʃeːʂɐm/
3114	മരതകം	emerald; one of the navaratnas	/mɐɾɐd̪ɐɡɐm/
3115	അധികാരികൾ	a person in power, authority	/ɐd̪(ʱ)iɡaːɾiɡɐɭ/
3116	പായസം	payasam; a milk dessert	
3117	പ്രണാമം	pranama; salutation	/praɳaːmam/
3118	കരിങ്കാലി	A person who works despite an ongoing strike; blackleg,…	/kɐɾiŋkaːli/
3119	സാഹസികം	adventure	
3120	അളിഞ്ഞ	decayed and rotten	/ɐɭiɲɲɐ/
3121	ഉദ്യോഗസ്ഥൻ	official; officeholder	
3122	പൊരുത്	to fight	/poɾud̪ɨ/
3123	ആടി	swung, shook, oscillated	/aːɖi/
3124	തടയുക	to block	/t̪ɐɖɐjuɡɐ/
3125	അസംഖ്യം	innumerable	/äsäŋkʰjäm/
3126	ശേഷിക്കുന്ന	remaining	/ʃeːʂikkun̪n̪ɐ/
3127	മുപ്പതാം	thirtieth, 30th	/muppɐd̪aːm/
3128	പ്രാവ്	pigeon, dove, birds of the family Columbidae	/praːʋɨ/
3129	ഫോസ്ഫറസ്	phosphorus	/pʰoːspʰarasɨ̆/
3130	ആപ്പ്	app	/aːppɨ/
3131	താപം	heat	/t̪aːbɐm/
3132	സംയുക്ത	joint; shared	/samjukt̪a/
3133	മനുഷ്യത്വം	humanity	/mɐnuʂjɐt̪ʋɐm/
3134	വിളംബരം	proclamation, a royal or formal public announcement	/ʋiɭɐmbɐɾɐm/
3135	സഹിക്കുക	to suffer, to endure	/sɐhikkjuɡɐ/
3136	മുകൾ	top	/muɡɐɭ/
3137	ജ്ഞാനി	knowledgeable person, learned, pandit	/d͡ʒɲaːni/
3138	മണവാട്ടി	bride	/mɐɳɐʋaːʈʈi/
3139	കൃതി	literary work	/krɨd̪i/
3140	സൂര്യോദയം	sunrise	/suːɾjoːd̪ɐjɐm/
3141	വളരുക	to grow	/ʋɐɭɐɾuɡɐ/
3142	സംബോധന	vocative noun case; -ഏ	
3143	മഴവില്ല്	rainbow; An arch of colours formed in the sky, formed by…	/mɐɻɐʋillɨ/
3144	കൊമ്പ്	horn	/kompɨ/
3145	ഉപസംഹാരം	conclusion	/ubasamhaːɾam/
3146	ചിത്രീകരണം	illustration	/t͡ʃit̪riːɡaɾaɳam/
3147	മൊട്ട	shaven head	/moʈʈɐ/
3148	മോഷ്ടിക്കുക	to steal	/moːʂʈikkjuɡɐ/
3149	ലേപനം	ointment	/leːbɐnɐm/
3150	വാണിജ്യ	commercial; pertaining to trade or commerce	/ʋaːɳiɟja/
3151	ബുദ്ധിമതി	an intelligent woman	/bud̪d̪(ʱ)imɐd̪i/
3152	കുഴൽ	pipe	/kuɻɐl/
3153	നാമകരണം	naming	
3154	വാദ്യം	musical instrument	/ʋaːd̪jɐm/
3155	അഭിരുചി	liking; predilection; taste; aptitude	/ɐb(ʱ)iɾud͡ʒi/
3156	അന്തം	end	/ɐn̪t̪ɐm/
3157	പരിഭ്രമം	stumbling due to panic or confusion	/pɐɾib(ʱ)ɾɐmɐm/
3158	നോക്കുകുത്തി	scarecrow, used on fields to deter birds or as superstition…	/n̪oːkkuɡut̪t̪i/
3159	പൂള്	a slice, chip	/puːɭɨ/
3160	പറ്റം	crowd; group: team; herd; flock	/pɐrrɐm/
3161	ഫലകം	plank	/fɐlɐɡɐm/
3162	മഠം	residence of spiritual followers, associated with a place…	/mɐʈ(ʰ)ɐm/
3163	രാപ്പാടി	nightingale; Small passerine bird known for its melodious…	/ɾaːppaːɖi/
3164	വാർഷിക	yearly, annual	/ʋaːrʂiɡɐ/
3165	സാന്ത്വനം	comfort	/saːn̪t̪ʋɐnɐm/
3166	അഭ്യർത്ഥന	request	/äbʱjärt̪t̪ʰɐnä/
3167	ചിരിക്കുക	to smile	/t͡ʃiɾikkjuɡɐ/
3168	കിരണം	lightray	/kiɾɐɳɐm/
3169	കമ്മൽ	earring, jewelry worn around ear	/kämːɐl/
3170	സഹിഷ്ണുത	tolerance	/sɐhiʂɳud̪ɐ/
3171	തൂണ്	pillar	/t̪uːɳɨ/
3172	നത്തോലി	indian anchovy, Stolephorus indicus small schooling marine…	/n̪ɐt̪t̪oːli/
3173	അംഗഭംഗം	amputation; loss of body part	/ɐŋɡɐb(ʱ)ɐŋɡɐm/
3174	കാതം	an old unit equivalent to about 8 kms	/kaːd̪ɐm/
3175	ഗ്രഹണം	eclipse	/ɡɾahaɳam/
3176	നിരപരാധിത്വം	innocence; not guilty	/n̪iɾɐbɐɾaːd̪(ʱ)it̪ʋɐm/
3177	ഇരുപത്തിയേഴ്	twenty-seven	/iɾubɐt̪t̪ijeːɻɨ/
3178	അലുമിനിയം	aluminium	/äluminijɐm/
3179	വക്കിൽ	Locative case form of വക്ക്	
3180	ചുറ്റൽ	act of rotating	/t͡ʃurrɐl/
3181	അനുജൻ	little brother	/ɐnud͡ʒɐn/
3182	ശരിയാക്കുക	to fix, set right	/ʃɐɾijaːkkuɡɐ/
3183	വേവ്	spying	/ʋeːʋɨ/
3184	എൺപത്തെട്ട്	alternative form of എൺപത്തിയെട്ട്	/eɳpɐt̪t̪eʈʈɨ/
3185	മുത്തം	a kiss	/mut̪t̪ɐm/
3186	ചീപ്പ്	comb	/t͡ʃiːppɨ/
3187	ശേഖരിക്കുക	to collect	/ʃeːk(ʰ)ɐɾikkjuɡɐ/
3188	സാരം	meaning	/saːɾɐm/
3189	നീളെ	along; very long	/n̪iːɭe/
3190	കോപ്പ	large cup	/koːppɐ/
3191	തുകൽ	leather	
3192	അഭ്യൂഹം	hypothesis	/ɐb(ʱ)juːhɐm/
3193	ഞാഞ്ഞൂൽ	earthworm	/ɲaːɲɲuːl/
3194	വിലമതിക്കാനാവാത്ത	invaluable	/ʋilɐmɐd̪ikkaːnaːʋaːt̪t̪ɐ/
3195	സഹായ	pertaining to help	/sɐhaːjɐ/
3196	തവള	A frog; any tailless amphibian belonging to the order Anura	/t̪ɐʋɐɭɐ/
3197	ഇരുപത്തിനാല്	twenty-four	/iɾubɐt̪t̪inaːlɨ/
3198	ഇരുപത്തിയൊന്ന്	twenty-one	/iɾubɐt̪t̪ijon̪n̪ɨ/
3199	സ്പീഷീസ്	species	/spiːʂiːsɨ̆/
3200	പരിസരം	premises	/paɾisaɾam/
3201	മഹാമാരി	epidemic disease	/mɐhaːmaːɾi/
3202	കരിമ്പുലി	panther	/kɐɾimpuli/
3203	അഗ്നിപരീക്ഷ	trial by fire	/ɐɡnibɐɾiːkʂɐ/
3204	ഊഷ്മാവ്	temperature	/uːʂmäːʋɨ̆/
3205	പ്രൗഢി	pride with prominence	/prɐu̯ɖ(ʱ)i/
3206	കാര	a sharp eruption on the skin	/kaːɾɐ/
3207	ഏകാഗ്രത	close and undisturbed attention; concentration, focus	/eːɡaːɡɾɐd̪ɐ/
3208	പ്രജനനം	breeding; reproduction	/prɐd͡ʒɐnɐn̪ɐm/
3209	വെങ്കലം	bronze, metallic alloy of copper with tin or specific metals	/ʋeŋkɐlɐm/
3210	പ്രകോപനം	incitement	/prɐɡoːbɐnɐm/
3211	ഗ്രന്ഥം	literary work	/ɡɾɐn̪t̪(ʰ)ɐm/
3212	തൊടുക	to touch	/t̪oɖuɡɐ/
3213	കർത്തവ്യം	what can or ought to be done; duty	/kɐrt̪t̪ɐʋjɐm/
3214	അട്ടഹാസം	loud laughter	/ɐʈʈɐhaːsɐm/
3215	ക്രൂശിക്കുക	To crucify	/kruːʃikkjuɡɐ/
3216	കാള	bull	/kaːɭɐ/
3217	കുഴമ്പ്	an ayurvedic liquid type of medicine	/kuɻɐmpɨ/
3218	മുൻഭാഗം	front part	/munb(ʱ)aːɡɐm/
3219	ദൗർബല്യം	weakness, frailty	
3220	വിധിക്കുക	to declare	/ʋid̪(ʱ)ikkjuɡɐ/
3221	വിനാഗിരി	vinegar	/ʋinaːɡiɾi/
3222	പിച്ചള	alternative form of പിത്തള	
3223	ഋതു	season	/rid̪u/
3224	അസഭ്യം	vulgarity, indecency	/ɐsɐb(ʱ)jɐm/
3225	കരൾ	liver	/kɐɾɐɭ/
3226	ഗൃഹം	house	/ɡrɨhɐm/
3227	കർഷകൻ	farmer	/kɐrʂɐɡɐn/
3228	ഉദ്യാനം	garden	/ud̪jaːnɐm/
3229	കുംഭം	A traditional month roughly corresponding to February-March	/kumb(ʱ)ɐm/
3230	ചുരം	mountain pass with steep climb	/t͡ʃuɾam/
3231	ചെറുകിട	small	/t͡ʃeruɡiɖɐ/
3232	മേന്മ	betterness	/meːnmɐ/
3233	ആശ്രയം	reliance	
3234	പാറ്റ	cockroach; Any of the various nocturnal scavenging insects…	/paːtːɐ/
3235	പരിഗണിക്കുക	to consider; to regard; look at attentively	/pɐɾiɡɐɳikkjuɡɐ/
3236	ആദരണീയനായ	honorable; respected	/äːd̪äɾɐɳiːjɐnäːjɐ/
3237	ദോശ	dosa; a type of thin South Indian food made from fermented…	/d̪oːʃɐ/
3238	പത്രപ്രവർത്തകൻ	journalist of newspaper	
3239	ദിനംപ്രതി	daily; every day	/d̪inɐmprɐd̪i/
3240	കപ്പ	tapioca, casava	/kɐppɐ/
3241	ആങ്ങള	brother, when spoken of or to by his sister. Female's…	/aːŋŋɐɭɐ/
3242	കെട്ടിച്ചമച്ച	fabricated, made-up	/keʈːit͡ʃːamat͡ʃːa/
3243	താൽപ്പര്യം	interest	/t̪aːlppɐɾjɐm/
3244	എണ്ണായിരം	eight thousand	/eɳɳaːjiɾɐm/
3245	കുന്ത്രാണ്ടം	useless device	/kun̪t̪raːɳɖɐm/
3246	മുഹൂർത്തം	at the end moment	/muhuːrt̪t̪ɐm/
3247	ഒണ്ട്	to be, exist, be present, be located	/oɳɖɨ/
3248	ട്രോഫി	trophy	/ʈroːfi/
3249	കെട്ടിയോൻ	alternative form of കെട്ടിയവൻ	
3250	എപ്പൊഴും	archaic form of എപ്പോഴും	
3251	വേള	time	/ʋeːɭɐ/
3252	ദൂതൻ	messenger, envoy	
3253	നിറയ്ക്കുക	to fill	/n̪irɐkkjuɡɐ/
3254	യഹോവ	Lord	/jɐhoːʋä/
3255	വമ്പിച്ച	big	
3256	ബർഗർ	burger	/bɐrɡɐr/
3257	ഇടത്തരം	of intermediate quality	/iɖat̪t̪aɾam/
3258	അണി	beautiful	/ɐɳi/
3259	മുള	bamboo	/muɭɐ/
3260	ഞാവൽ	fruit of Syzygium cumini, Java plum	/ɲaːʋɐl/
3261	സമുറായി	samurai	/sämuräːji/
3262	വട്ടൻ	tick, parasitic insect of cattle	
3263	കലവറ	storehouse	/käläʋɐrä/
3264	മാനേജ്മെന്റ്	management	/maːneːd͡ʒmen̪rɨ/
3265	കീരി	mongoose, any of the various small predatory mammals in the…	/kiːɾi/
3266	മുതല	crocodile	/mud̪ɐlɐ/
3267	നടു	middle	/n̪ɐɖu/
3268	പ്രയോഗിക്കുക	to use	/prɐjoːɡikkjuɡɐ/
3269	സർപ്പം	snake	/sɐrppɐm/
3270	വഴക്കം	flexibility	/ʋaɻakːam/
3271	ഗിയർ	gear	/ɡijɐɾ/
3272	അസ്ഥികൂടം	skeleton	/ɐst̪(ʰ)iɡuːɖɐm/
3273	സത്ത്	essence	/sɐt̪t̪ɨ/
3274	പുരസ്കാരം	award	
3275	അഭിവൃദ്ധി	progress	/ɐb(ʱ)iʋrɨd̪d̪(ʱ)i/
3276	പെരുച്ചാഴി	greater bandicoot rat	/peɾut͡ʃt͡ʃaːɻi/
3277	ബാക്ടീരിയ	bacterium	/baːkʈiːɾijɐ/
3278	മര്യാദയില്ലാത്ത	impolite	
3279	ഊമ	dumb; a person unable to speak	/uːmɐ/
3280	മടങ്ങുക	to return	/mɐɖɐŋŋuɡɐ/
3281	വാക്സിൻ	vaccine	
3282	സഹകരണ	cooperative	/sɐhɐɡɐɾɐɳɐ/
3283	ഗാംഭീര്യം	excellence, solemnity	/ɡaːmb(ʱ)iːɾjɐm/
3284	മഞ്ഞുകട്ട	ice; the solid form of water	/mɐɲɲuɡɐʈʈɐ/
3285	ആലസ്യം	laziness; lethargy	/äːlɐsjɐm/
3286	സ്ഥാപിക്കുക	To place	/st̪(ʰ)aːbikkjuɡɐ/
3287	സമീപ	near	
3288	തൂക്ക്	to hang; to suspend	
3289	ചക്രവാളം	horizon	/t͡ʃakraʋaːɭam/
3290	ഉപായം	solution to a problem	/ubäːjɐm/
3291	ഒളിച്ചുകളി	hide and seek	/oɭit͡ʃt͡ʃuɡɐɭi/
3292	സ്റ്റൗ	stove	/stäu/
3293	പരിഹാസം	ridicule; derision	/paɾihaːsam/
3294	പതിനൊന്നാം	eleventh, 11th	/pɐd̪inon̪n̪aːm/
3295	അനുജത്തി	little sister	/ɐnud͡ʒɐt̪t̪i/
3296	തേവിടിച്ചി	prostitute	/t̪eːʋiɖit͡ʃt͡ʃi/
3297	വൈദിക	vedic; relating to Vedas	/ʋɐi̯d̪iɡɐ/
3298	പതിനാറാം	sixteenth, 16th	/pɐd̪inaːraːm/
3299	ഊറ്റം	strength	/uːrrɐm/
3300	തക്കം	opportunity; chance	/t̪akːam/
3301	ദിവ്യമായ	divine	/d̪iʋjɐmaːjɐ/
3302	എല്ല	border, limit, boundary	/elːɐ/
3303	ആൻ	cow; An adult female of the species Bos taurus,…	/aːn/
3304	വ്യാധി	disease	/ʋjaːd̪(ʱ)i/
3305	ഇരുപത്തെട്ട്	alternative form of ഇരുപത്തിയെട്ട്	/iɾubɐt̪t̪eʈʈɨ/
3306	പ്രാർഥന	alternative form of പ്രാർത്ഥന	/praːrt̪(ʰ)ɐnɐ/
3307	കൽപ്പന	regal command; royal order	/kɐlppɐnɐ/
3308	അവജ്ഞ	despise; disregard, look down, contempt	/ɐʋɐd͡ʒɲɐ/
3309	പുച്ഛം	contempt, scorn, abhorrence, decision	/put͡ʃt͡ʃ(ʰ)ɐm/
3310	ബുദ്ധിശാലി	an intelligent person	/bud̪d̪(ʱ)iʃaːli/
3311	ദർശനം	vision	
3312	സംഭോഗം	intercourse; copulation	/sɐmb(ʱ)oːɡɐm/
3313	മാനവികത	humanity	/maːnɐʋiɡɐd̪ɐ/
3314	ഇക്ക	elder brother	/ikkɐ/
3315	ബുദ്ധൻ	Buddha	/bud̪d̪(ʱ)ɐn/
3316	പൊരുൾ	meaning	/poɾuɭ/
3317	കേടുപാട്	damage	/keːɖubaːɖɨ̆/
3318	കമ്പം	vibration	/kämpɐm/
3319	നൂറായിരം	one hundred thousand, lakh	/n̪uːraːjiɾɐm/
3320	വിശുദ്ധൻ	saint	/ʋiʃud̪d̪(ʱ)ɐn/
3321	അഭി	to, towards, in the direction of, against	/ɐb(ʱ)i/
3322	ചൂടുവെള്ളം	hot water	/t͡ʃuːɖuʋeɭɭɐm/
3323	എംബസി	embassy	/embɐsi/
3324	കാര്യാലയം	office	/kaːɾjaːlɐjɐm/
3325	പുറപ്പെടുക	to depart	/purɐppeɖuɡɐ/
3326	പരിപാലനം	maintenance	/pɐɾibaːlɐnɐm/
3327	തൊഴുത്ത്	cowshed	/t̪oɻut̪t̪ɨ/
3328	ആഗോളതാപനം	global warming	/äːɡoːɭɐt̪äːpɐnɐm/
3329	രൊക്കം	alternative form of റൊക്കം	
3330	കുയിൽ	koel, a cuckoo bird that has a characteristic bird call	/kujil/
3331	ശാസന	disciplinary order	/ʃaːsana/
3332	അയല	Indian mackerel, Rastrelliger kanagurta, small marine fish…	/ɐjɐlɐ/
3333	കൂന	heap; pile	/kuːnɐ/
3334	ചീവീട്	cicada; Any of the various winged insects in the…	/t͡ʃiːʋiːɖɨ/
3335	കായ്	alternative form of കായ	
3336	സാദൃശ്യം	similarity in appearance	/saːd̪rɨʃjɐm/
3337	തൊട്ടി	bucket	/t̪oʈʈi/
3338	ബിരിയാണി	biryani	/biɾijaːɳi/
3339	തിരുത്തുക	to edit, modify, alter	/t̪iɾut̪t̪uɡɐ/
3340	കുറിയ	short	/kurijɐ/
3341	അളിയൻ	brother-in-law; specifically wife's brother or sister's…	/ɐɭijɐn/
3342	കുരു	seed	/kuɾu/
3343	ചെടികൾ	herbage	/t͡ʃeɖiɡɐɭ/
3344	ചൂതാട്ടം	gambling	/t͡ʃuːd̪aːʈʈɐm/
3345	നടുമുറ്റം	inner courtyard; similar to patio	
3346	ദിവ്യ	divine	/d̪iʋjɐ/
3347	ഏകീകരണം	unification	/eːɡiːkɐɾɐɳɐm/
3348	ഗ്രീഷ്മം	summer	/ɡɾiːʂmɐm/
3349	കത്തിക്കുക	to burn; to ignite; to set fire to	/kɐt̪t̪ikkjuɡɐ/
3350	പൊരുത്തം	matchingness	/poɾut̪t̪ɐm/
3351	പ്രതിഫലനം	reflection	
3352	വീശ്	to fan	/ʋiːʃɨ/
3353	ആദിവാസി	Adivasi	/äːd̪iʋäːsi/
3354	നയിക്കുക	to lead, guide or direct	/n̪ɐjikkjuɡɐ/
3355	ഫോട്ടോഗ്രാഫ്	photograph	/foːʈːoːɡräːfɨ̆/
3356	അവബോധം	apprehension	
3357	സാധ്യമാക്കുക	to enable	/saːd̪(ʱ)jɐmaːkkuɡɐ/
3358	നുകം	yoke	/n̪uɡam/
3359	വ്യാവസായിക	industrial	/ʋjaːʋasaːjika/
3360	ലാത്തി	baton, lathi	/laːt̪t̪i/
3361	ഗോഡൗൺ	godown	/ɡoːɖɐu̯ɳ/
3362	വിര	worm	/ʋiɾɐ/
3363	പിശുക്കൻ	miser	/piʃukːan/
3364	ആസ്തി	asset	/aːst̪i/
3365	ചന്തം	beauty	/t͡ʃan̪d̪am/
3366	ഗർജ്ജനം	roar, bellow	/ɡɐrd͡ʒd͡ʒɐnɐm/
3367	ശൂന്യം	empty	/ʃuːnjɐm/
3368	തീർക്കുക	to finish	/t̪iːrkkuɡɐ/
3369	കുഷ്ഠം	leprosy	/kuʂʈʰam/
3370	ചൂളം	whistle	
3371	കാന്തം	magnet	/kaːn̪t̪ɐm/
3372	തളർച്ച	fatigue; tiredness; exhaustion	/t̪ɐɭɐrt͡ʃt͡ʃɐ/
3373	തോൽവി	defeat	/t̪oːlʋi/
3374	തേക്കുക	alternative spelling of തേയ്ക്കുക	/t̪eːkkuɡɐ/
3375	ഒട്ടിക്കുക	to stick something together	/oʈʈikkjuɡɐ/
3376	അലമാര	alternative form of അലമാരി	/ɐlɐmaːɾɐ/
3377	കുണ്ണ	penis	/kuɳɳɐ/
3378	മധുവിധു	honeymoon	/mɐd̪(ʱ)uʋid̪(ʱ)u/
3379	ചൊരുക്ക്	resentment; grudge	/t͡ʃoɾukkɨ/
3380	സ്കൂട്ടർ	scooter	/skuːʈːɐr/
3381	കാബേജ്	cabbage	
3382	മുഖേന	through; by means of	/muk(ʰ)eːnɐ/
3383	ഊതുക	to blow	/uːd̪uɡɐ/
3384	സങ്കൽപം	concept	/sɐŋkɐlpɐm/
3385	ഉല്ലാസം	joy, happiness	/ullaːsɐm/
3386	കർമ്മം	object of a sentence	/kɐrmmɐm/
3387	കടലിടുക്ക്	strait, narrow strip of water connecting two larger water…	/kɐɖɐliɖukːɨ/
3388	വിൽക്കുക	to sell	/ʋilkːuɡa/
3389	മുള്ളി	thorn tree	/muɭɭi/
3390	റൺ	run	/räɳ/
3391	പോറൽ	scratch, tear	/poːrɐl/
3392	മുക്ക്	brass	/mukkɨ/
3393	തൊഴി	hit	/t̪oɻi/
3394	കുത്തക	corporate	/kut̪t̪ɐɡɐ/
3395	ഹരിത	green	/hɐɾid̪ɐ/
3396	തുരുമ്പ്	rust, oxidized metal iron or steel	/t̪uɾumpɨ/
3397	പ്ലം	plum	/pɭɐm/
3398	മഴു	axe, a weapon consisting of a heavy head flattened to a…	/mɐɻu/
3399	മേനി	body	/meːni/
3400	രക്തസാക്ഷിത്വം	martyrdom	
3401	കലാകാരി	artist	/käläːɡäːɾi/
3402	അശ്രദ്ധ	carelessness, inadvertence	/äʃɾɐd̪d̪ʱä/
3403	ടൂറിസം	tourism	
3404	കടുംകൈ	extreme doing	/kɐɖuŋkɐi̯/
3405	കേൾവി	hearing	/keːɭʋi/
3406	ശാപ്പാട്	food	/ʃaːppaːɖɨ/
3407	നശീകരണം	act of causing damage or destruction; ruining	/n̪ɐʃiːɡɐɾɐɳɐm/
3408	വോയ്സ്	voice	
3409	നരക	hellish	/n̪ɐɾɐɡɐ/
3410	അന്വേഷിക്കുക	to inquire	/ɐnʋeːʂikkjuɡɐ/
3411	താമര	lotus, an aquatic plant with cultural significance	/t̪aːmɐɾɐ/
3412	സ്വീകാര്യം	acceptable	/sʋiːɡäːɾjɐm/
3413	അധിപൻ	chief; head	/äd̪ʱibɐn/
3414	ജാലകം	window	/d͡ʒaːlɐɡɐm/
3415	സന്നാഹം	equipage	
3416	ഇടവക	parish	/iɖɐʋɐɡɐ/
3417	അസ്തമയം	sunset	/ɐst̪ɐmɐjɐm/
3418	എന്റർപ്രൈസ്	enterprise	/endarpɾaisɨ̆/
3419	തൊള്ള	throat	/t̪oɭɭɐ/
3420	മുങ്ങുക	to sink	/muŋŋuɡɐ/
3421	സംഘട്ടനം	conflict	/sɐŋɡ(ʱ)ɐʈʈɐnɐm/
3422	വെളുപ്പ്	white	/ʋeɭuppɨ/
3423	യക്ഷി	a type of female ghost	/jɐkʂi/
3424	പ്രാമുഖ്യം	importance	/praːmuk(ʰ)jɐm/
3425	ഉത്പാദനം	production	/ut̪paːd̪ɐnɐm/
3426	മുള്ളങ്കി	radish, a biennial root vegetable Raphanus sativus	/muɭɭɐŋki/
3427	തിരിച്ചുവരിക	to come back	/t̪iɾit͡ʃt͡ʃuʋɐɾiɡɐ/
3428	അന്തേവാസി	inmate	/ɐn̪t̪eːʋaːsi/
3429	യാചന	begging	/jaːd͡ʒɐnɐ/
3430	കത്തോലിക്ക	catholic	/kɐt̪t̪oːlikkɐ/
3431	നിഷേധം	denial	/n̪iʂeːd̪(ʱ)ɐm/
3432	വിവേചനം	discrimination	/ʋiʋeːd͡ʒɐnɐm/
3433	ധീര	brave, courageous	/d̪(ʱ)iːɾɐ/
3434	ചീള്	splinter, piece of wood, wedge, slice	/t͡ʃiːɭɨ/
3435	സങ്കേതം	sanctuary	/sɐŋkeːd̪ɐm/
3436	ആണവ	nuclear; pertaining to the atomic nucleus	/äːɳɐʋä/
3437	വെറി	intoxication, anger, rage, fury, dizziness, scarcity	/ʋeri/
3438	നിമിഷ	within a moment; quick	/n̪imiʂɐ/
3439	തൃണം	grass	/t̪rɨɳɐm/
3440	ഞമ്മള്	inclusive we; 1st person plural nominative case	/ɲɐmmɐɭɨ/
3441	നിസ്സംഗത	uninvolvement, detachment, apathy, indifference, lack of…	/n̪issɐŋɡɐd̪ɐ/
3442	മോഷ്ടാവ്	thief	/moːʂʈaːʋɨ/
3443	അനുമാനം	inference; guess	/änumäːnɐm/
3444	ഗുരുതര	serious; concerning; critical	/ɡuɾud̪ɐɾɐ/
3445	ഭ്രമം	craze	/b(ʱ)ɾɐmɐm/
3446	വിദ്യാലയം	school	/ʋid̪jaːlɐjɐm/
3447	പപ്പായ	papaya	/pɐppaːjɐ/
3448	ക്രോധം	anger, fury	/kroːd̪(ʱ)am/
3449	രാഷ്ട്രപതി	president	/ɾaːʂʈrɐbɐd̪i/
3450	പതിനഞ്ചാം	fifteenth, 15th	/pɐd̪inɐɲt͡ʃaːm/
3451	പരിച	shield; handheld broad piece of defensive armor	/pɐɾid͡ʒɐ/
3452	സ്വദേശം	motherland; one's own country	/sʋɐd̪eːʃɐm/
3453	ചപ്പാത്തി	chapatti	/t͡ʃɐppaːt̪t̪i/
3454	ഉള്ളം	mind, heart	/uɭɭɐm/
3455	ചുറ്റുപാട്	surrounding; outlying area	/t͡ʃurrubaːɖɨ/
3456	എനക്ക്	dialectal form of എനിക്ക്	/enɐkkɨ/
3457	ഇരുത്തം	way of sitting	/iɾut̪t̪ɐm/
