rank	word	english	ipa
1	de	if	/de/
2	nu	no	/nu/
3	să	Subordinative conjunction: to	/sə/
4	o	her	/o/
5	în	in, into, within	/ɨn/
6	ce	what	/t͡ʃe/
7	e	to be	/je/
8	că	that	/kə/
9	la	at, in	/la/
10	a	the infinitive marker: to	/a/
11	cu	with	/ku/
12	pe	on	/pe/
13	am	to have	/am/
14	un	a, an	/un/
15	mai	more	/ˈmaj/
16	asta	this	[ˈas.ta]
17	pentru	for	/ˈpen.tru/
18	este	to be	/ˈjes.te/
19	sunt	to be	/sunt/
20	ai	of	/aj/
21	te	you	/te/
22	bine	well	/ˈbi.ne/
23	da	apocopic form of dar	/ˈda/
24	ca	than	/ka/
25	dar	but	/dar/
26	se	oneself, himself, herself, itself, themselves	/se/
27	din	on, on top of	/din/
28	fost	to be	/ˈfost/
29	care	which	/ˈka.re/
30	fi	to be	/fi/
31	mă	me	/mə/
32	eu	I	/jew/
33	aici	here	/aˈit͡ʃʲ/
34	sa	his/hers	/sa/
35	dacă	if	/ˈda.kə/
36	trebuie	to be necessary, to need to, to have to	[ˈtre.bu.je]
37	va	will	[va]
38	cum	how	/ˈkum/
39	si	si	/si/
40	tu	you, thou	/tu/
41	acum	now; right now; at present	/aˈkum/
42	el	he	/jel/
43	ar	would	/ar/
44	lui	his	/luj/
45	ceva	something	[t͡ʃeˈva]
46	când	when	/ˈkɨnd/
47	doar	just, only, merely	/do̯ar/
48	ei	they	/ˈjej/
49	ne	us	/ne/
50	mine	me	/ˈmi.ne/
51	tine	you	/ˈti.ne/
52	poate	maybe, possibly	/ˈpo̯ate/
53	pot	to be able to; can, could, may	[pot]
54	voi	you	[voj]
55	face	to do, act	/ˈfat͡ʃe/
56	cred	to believe	/ˈkred/
57	îmi	me	/ɨmʲ/
58	au	well?, really?	/aw/
59	mea	mine	[me̯a]
60	spus	to say	/spus/
61	unde	where	[ˈun.de]
62	vă	you	/və/
63	meu	my	/mew/
64	ea	she	/ja/
65	mult	much	/mult/
66	vreau	to want	/ˈvre̯aw/
67	s-a	contraction of se and a	/sa/
68	despre	about	[ˈde.spre]
69	vrei	to want	[vrej]
70	sau	or	/saw/
71	tot	still	/tot/
72	foarte	very	/ˈfo̯ar.te/
73	pare	to look	/ˈpa.re/
74	acolo	there	/aˈko.lo/
75	chiar	even	/kjar/
76	in	flax	/in/
77	noi	we	/noj/
78	bună	good	[ˈbunə]
79	ta	yours	/ta/
80	era	to be	[jeˈra]
81	nimic	synonym of deloc	/niˈmik/
82	faci	to do, act	[fat͡ʃʲ]
83	are	to have	/ˈa.re/
84	făcut	to do, act	[fəˈkut]
85	cine	who	/ˈt͡ʃi.ne/
86	nici	not even	[nitʃʲ]
87	putea	to be able to; can, could, may	/puˈte̯a/
88	fac	to do, act	/ˈfak/
89	fie	to be	/ˈfi.e/
90	nevoie	need, necessity	/neˈvo.je/
91	trebui	to be necessary, to need to, to have to	/tre.bu.ˈi/
92	rău	badly, poorly	/rəw/
93	atunci	then, next	/aˈtunt͡ʃʲ/
94	timp	time	/ˈtimp/
95	tău	your	/təw/
96	spun	to say	/spun/
97	și	and	/ʃi/
98	rog	to ask politely, to say please	[roɡ]
99	acest	this	/aˈt͡ʃest/
100	nu-i	contraction of nu + e, literally “is not”: isn't	/ˈnuj/
101	spune	to say	/ˈspu.ne/
102	avem	to have	[aˈvem]
103	al	of	/al/
104	le	to them	/le/
105	după	behind	/ˈdupə/
106	vom	will	[vom]
107	deci	so, therefore	[det͡ʃʲ]
108	îl	him	/ɨl/
109	prea	too	/ˈpre̯a/
110	să-l	contraction of să + îl	/səl/
111	cineva	someone, somebody	/t͡ʃi.neˈva/
112	oh	alternative form of of	/ˈoh/
113	toate	all, the whole	/ˈto̯a.te/
114	ani	year	[anʲ]
115	cel	that	[tʃel]
116	suntem	to be	[ˈsun.tem]
117	vei	will	[vej]
118	bun	good	/bun/
119	sigur	certainly, definitely, without a doubt	/ˈsi.ɡur/
120	vor	to want	/vor/
121	vrea	to want	/ˈvre̯a/
122	mare	big, large, great	/ˈma.re/
123	îi	to him	[ɨj]
124	iar	again	/jar/
125	până	Optionally preceding și for emphasis or clarification	/ˈpɨ.nə/
126	cât	how much	/kɨt/
127	haide	come on, c'mon	/ˈhaj.de/
128	crezi	to believe	[krezʲ]
129	încă	still, yet	/ˈɨnkə/
130	hei	hey	/hej/
131	stai	to stay	/staj/
132	atât	so, so much	/a.ˈtɨt/
133	totul	a totality, whole	/ˈto.tul/
134	avea	to have	/aˈve̯a/
135	venit	to come	/ve.ˈnit/
136	spui	to say	[spuj]
137	ăsta	this	[ˈəs.ta]
138	avut	to have	/aˈvut/
139	m-am	contraction of mă + am	/mam/
140	lucru	thing; object	[ˈlukru]
141	văzut	to see	[vəˈzut]
142	fel	sort, type, kind	/ˈfel/
143	să-i	contraction of să + îi	/səj/
144	putem	to be able to; can, could, may	[puˈtem]
145	ceea	that	/ˈt͡ʃe.e̯a/
146	n-am	contraction of nu + am	/nam/
147	să-mi	contraction of să + îmi	/səmʲ/
148	fără	without	[ˈfə.rə]
149	ma	obsolete form of mai	/ˈma/
150	mama	mum, mom, mother	/ˈmama/
151	place	to please	[ˈplat͡ʃe]
152	decât	than	/deˈkɨt/
153	domnule	mister, Mr., sir, polite term for a man	/ˈdom.nu.le/
154	niciodată	never	[ni.t͡ʃoˈda.tə]
155	regulă	rule	/ˈre.ɡu.lə/
156	mi-a	contraction of îmi + a	/mja/
157	prin	through; by, by means of	/prin/
158	s-o	contraction of să + o	/so/
159	înainte	before	/ɨ.naˈin.te/
160	văd	to see	[vəd]
161	mergem	to walk	[ˈmerd͡ʒem]
162	unul	one	[ˈu.nul]
163	uite	to forget	[ˈuj.te]
164	hai	let's	[haj]
165	loc	place, location	/lok/
166	nimeni	no one, nobody	[ˈnimenʲ]
167	toată	all, the whole	/ˈto̯a.tə/
168	apoi	subsequently, afterwards, next, then	/aˈpoj/
169	vezi	to see	/ˈvezʲ/
170	dat	given	/ˈdat/
171	întâmplat	to happen, occur	/ɨn.tɨm.ˈplat/
172	fii	son	[fiː]
173	l-am	contraction of îl and am	[lam]
174	naiba	devil, deuce	/naj.ba/
175	nou	new	/now/
176	oameni	human	/ˈo̯a.menʲ/
177	ia	to take	/ja/
178	facem	to do, act	[ˈfat͡ʃem]
179	zi	to say, tell	/ˈzi/
180	acasă	at home	/aˈkasə/
181	multe	much	/ˈmul.te/
182	jos	down	/ʒos/
183	lumea	world	/ˈlume̯a/
184	două	two	/ˈdo.wə/
185	daca	Dacian	[ˈdaka]
186	timpul	time	[ˈtim.pul]
187	această	this	/aˈt͡ʃastə/
188	orice	any	/orʲ.ˈt͡ʃe/
189	oamenii	human	/ˈɔameˌniɪ/
190	auzit	to hear	[a.uˈzit]
191	doi	two	/doj/
192	luat	to take	/lwat/
193	fiecare	every, each	/fi.eˈka.re/
194	peste	over	/ˈpes.te/
195	vrut	to want	/ˈvrut/
196	înapoi	back	/ɨ.naˈpoj/
197	într-o	contraction of în + o: in a; into a	/ɨn.tro/
198	astea	this	/ˈas.te̯a/
199	aia	that	/ˈa.ja/
200	fiu	to be	[fiw]
201	dintre	among	[ˈdin.tre]
202	merge	to walk	/ˈmer.d͡ʒe/
203	lor	their	/lor/
204	trei	three	/ˈtrej/
205	numele	name	[ˈnumele]
206	om	human	/ˈom/
207	cea	that	/t͡ʃe̯a/
208	găsit	to find	/ɡəˈsit/
209	cei	that	/t͡ʃej/
210	doamne	mister, Mr., sir, polite term for a man	/ˈdo̯am.ne/
211	mele	mine	/ˈme.le/
212	te-ai	contraction of te + ai	/te̯aj/
213	i	and	/ˈi/
214	aceasta	this	/aˈt͡ʃe̯as.ta/
215	du-te	contraction of du + te	/ˈdu.te/
216	deja	already, yet	[deˈʒa]
217	ziua	during the daytime	/ˈziwa/
218	duc	to carry, lead, take	/ˈduk/
219	dată	given	/ˈda.tə/
220	parte	part	/ˈpar.te/
221	i-am	îi as dative of el or ea	[jam]
222	vino	to come	[ˈvino]
223	destul	enough, plenty, sufficient	/desˈtul/
224	câteva	some, a little, a few	/ˌkɨteˈva/
225	serios	serious, earnest	/ˌse.riˈos/
226	gata	readily, willingly	/ˈɡa.ta/
227	bani	money; coin	/banʲ/
228	vorbesc	to speak	[vorˈbesk]
229	tatăl	father	[ˈta.təl]
230	aproape	near, close, nearby	[a.ˈpro̯a.pe]
231	vedem	to see	[veˈdem]
232	afară	outside	/aˈfa.rə/
233	dau	to give	/ˈdaw/
234	numai	only	/ˈnu.maj/
235	nostru	our	/ˈnos.tru/
236	adevărat	true	/a.de.vəˈrat/
237	noastră	our	/ˈno̯as.trə/
238	într-un	contraction of în + un: in a; into a	/ɨn.trun/
239	una	one	/ˈuna/
240	vin	to come	[vin]
241	m-a	contraction of mă + a	/ma/
242	eram	to be	/jeˈram/
243	locul	place, location	/ˈlokul/
244	scuze	sorry	/ˈskuze/
245	acesta	this	/aˈt͡ʃes.ta/
246	vine	to come	/ˈvi.ne/
247	repede	fast, quickly, rapidly	/ˈre.pe.de/
248	zis	to say, tell	/ˈzis/
249	fapt	fact	[fapt]
250	ori	or	/orʲ/
251	te-am	contraction of te + am	/te̯am/
252	n-o	contraction of nu + o	/no/
253	putut	past participle of putea able to	/puˈtut/
254	grijă	worry	/ˈɡri.ʒə/
255	tale	yours	[ˈta.le]
256	lucruri	thing; object	/ˈlu.krurʲ/
257	singur	single, only, sole	/ˈsin.ɡur/
258	prima	to prevail, to take precedent	/priˈma/
259	casa	house, dwelling	/ˈkasa/
260	probabil	likely, probable	/proˈba.bil/
261	ajuns	to overtake, to catch up	[aˈʒuns]
262	cam	approximately, a little	/ˈkam/
263	exact	exactly, precisely	/eɡˈzakt/
264	l-a	contraction of îl and a	[ la ]
265	dreptate	righteousness, fairness, justice	/drepˈta.te/
266	simt	to feel	/simt/
267	tocmai	just, precisely, exactly	/ˈtok.maj/
268	noapte	night	/ˈno̯ap.te/
269	cele	that	/ˈt͡ʃe.le/
270	târziu	late	/tɨrˈziw/
271	trecut	to pass through	/treˈkut/
272	zile	day	[ˈzile]
273	facă	to do, act	[ˈfakə]
274	mereu	always, ever, continuously, constantly	/meˈɾeʊ/
275	adică	videlicet, viz., that is to say, in other words	/aˈdikə/
276	partea	part	/ˈpartea/
277	seara	in the evening	/ˈse̯ara/
278	lucrurile	thing; object	[ˈlukrurile]
279	iau	to take	[jaw]
280	unui	of a	/ˈu.nuj/
281	împreună	together	/ɨm.preˈu.nə/
282	plecat	to leave, depart	/pleˈkat/
283	crezut	to believe	[creˈzut]
284	omule	human	/oˈmule/
285	fata	girl	[ˈfata]
286	imediat	immediately	/i.me.diˈat/
287	ne-am	contraction of ne + am	/ne̯am/
288	spre	to, towards	/spre/
289	azi	today	/ˈazʲ/
290	departe	far	/deˈpar.te/
291	aceste	this	[aˈt͡ʃeste]
292	terminat	finished	/ter.miˈnat/
293	început	to begin, to commence	/ɨn.t͡ʃeˈput/
294	trebuia	to be necessary, to need to, to have to	[ˈtre.bu.ja]
295	iubesc	to love	[juˈbesk]
296	m-ai	contraction of mă + ai	/maj/
297	măcar	even	/məˈkar/
298	pierdut	to lose	/pjerˈdut/
299	sub	under, below, beneath, underneath	/sub/
300	copii	child	/koˈpiʲ/
301	frumos	beautifully, nicely	/fruˈmos/
302	banii	money; coin	/ˈbaniɪ/
303	mâine	tomorrow	/ˈmɨj.ne̞/
304	n-ai	contraction of nu + ai	/naj/
305	mi-am	contraction of îmi + am	/mjam/
306	mamă	mum, mom, mother	/ˈma.mə/
307	mi	mi, the note 'E'	/mi/
308	mei	my	/mej/
309	treaba	work	/ˈtreaba/
310	l-ai	contraction of îl + ai	/laj/
311	tată	father	[ˈta.tə]
312	plec	to leave, depart	/ˈplek/
313	sus	up	/ˈsus/
314	păi	well	/pəj/
315	s-ar	contraction of se + ar	/sar/
316	vorba	talk, talking, speaking	/ˈvorba/
317	ăla	that	[ˈə.la]
318	greu	heavy	/ɡrew/
319	vedea	to see	/veˈde̯a/
320	mi-ai	contraction of îmi + ai	/mjaj/
321	dumnezeu	alternative letter-case form of Dumnezeu	/ˌdumneˈzeʊ/
322	tipul	guy	/ˈtipul/
323	desigur	of course; certainly	/deˈsiɡur/
324	drumul	road	/druˈmul/
325	minute	minute	/miˈnute/
326	dracu	alternative form of dracul	/ˈdraku/
327	trebuit	to be necessary, to need to, to have to	/treˈbwit/
328	dai	to give	/ˈdaj/
329	murit	to die	[muˈrit]
330	ajuta	to help	/a.ʒuˈta/
331	mie	thousand	/ˈmi.e/
332	femeie	woman	[fe.ˈme.je]
333	idee	idea	/iˈde.e/
334	copil	child	/koˈpil/
335	gândit	to think	[ɡɨnˈdit]
336	ultima	ultimate, final, last	[ˈul.ti.ma]
337	ale	of	/ˈa.le/
338	moment	the time, the right moment	/moˈment/
339	tip	guy	/ˈtip/
340	i-a	îi as dative of el or ea	[ja]
341	primul	first	/ˈpri.mul/
342	aceea	that	/atˈʃeɪa/
343	pus	to put	[pus]
344	sper	to hope	[sper]
345	noastre	our	/ˈno̯astre/
346	data	an instance, occasion, time	/ˈdata/
347	merg	to walk	/merɡ/
348	pic	little	/pik/
349	s-au	contraction of se and au	/saw/
350	dus	to carry, lead, take	[dus]
351	seama	account	/ˈseama/
352	erau	to be	[(j)eˈraw]
353	bune	good	[ˈbu.ne]
354	imi	to dirty, besmirch, make dirty with mud or dung	[imʲ]
355	lua	to take	/ˈlwa/
356	urmă	footprint, track	/ˈur.mə/
357	tare	strongly	/ˈta.re/
358	griji	worry	/ˈɡriʒʲʲ/
359	cazul	case, circumstance, situation	/ˈkazul/
360	vreo	some, any	/vre̯o/
361	problema	problem	/proˈblema/
362	buna	good	[ˈbu.na]
363	nu-l	contraction of nu + îl	/nul/
364	cauza	cause	/kaˈuza/
365	între	between	/ɨn.tre/
366	ajunge	to overtake, to catch up	/aˈʒun.d͡ʒe/
367	duci	to carry, lead, take	[dut͡ʃʲ]
368	ce-i	contraction of ce + îi	/t͡ʃej/
369	camera	room	/ˈkameˌɾa/
370	ajutor	help!	[aʒuˈtor]
371	mort	dead	[mort]
372	noaptea	at night	/ˈno̯ap.te̯a/
373	vorbim	to speak	[vorˈbim]
374	corect	correct	/koˈrekt/
375	întotdeauna	always	/ˌɨntotdeaˈuna/
376	minunat	wonderful	/ˌminuˈnat/
377	încercat	tried	/ˌɨntʃerˈkat/
378	ele	they	/ˈje.le/
379	poftim	please!, please?, pardon!, I beg your pardon, pardon me,…	/pofˈtim/
380	ucis	to murder	/utˈʃis/
381	ore	hour	/ˈoɾe/
382	pune	to put	/ˈpu.ne/
383	vreodată	ever	/vreoˈdatə/
384	fiul	son	/ˈfiʊl/
385	ciudat	strange, unusual, weird	/t͡ʃuˈdat/
386	unei	of a	/ˈu.nej/
387	probleme	problem	/proˈbleme/
388	problemă	problem	/proˈble.mə/
389	vorbit	to speak	[vorˈbit]
390	adus	brought	/aˈdus/
391	familia	family	[faˈmi.li.a]
392	luni	moon	/ˈlunʲ/
393	vii	to come	/vij/
394	altă	other, another	/ˈal.tə/
395	cap	head	/ˈkap/
396	cer	to request, to ask for	/t͡ʃer/
397	ales	to choose, to select	[aˈles]
398	crede	to believe	[ˈkre.de]
399	cale	avenue	/ˈka.le/
400	te-a	contraction of te + a	/te̯a/
401	nicio	no, none of, not any	/ˈni.t͡ʃʲo/
402	casă	house, dwelling	[ˈka.sə]
403	duce	to carry, lead, take	/ˈdu.t͡ʃe/
404	dă-mi	contraction of dă + îmi	/dəmʲ/
405	bucur	to delight, to cheer, to indulge	/ˈbukur/
406	uitat	to forget	/uɪˈtat/
407	cunosc	to know	/kuˈnosk/
408	acel	that	/aˈt͡ʃel/
409	încredere	trust, faith	/ɨn.ˈkre.de.re/
410	caz	case, circumstance, situation	/ˈkaz/
411	singură	single, only, sole	/ˈsiŋɡuˌɾə/
412	joc	to play	/ʒok/
413	oricum	anyhow, no matter how, in any way, however	/orʲˈkum/
414	mergi	to walk	/merd͡ʒʲ/
415	altceva	something else	/al(t).t͡ʃeˈva/
416	primit	to receive, to get	[priˈmit]
417	asemenea	likewise	/aˈse.me.ne̯a/
418	lume	world	/ˈlu.me/
419	ochii	eye	/ˈokiɪ/
420	acord	accord	/aˈkord/
421	cinci	five	/t͡ʃint͡ʃʲ/
422	fată	girl	[ˈfa.tə]
423	veni	to come	/veˈni/
424	patru	four	/ˈpa.tru/
425	iei	to take	[jej]
426	lăsat	to leave	/ləˈsat/
427	telefon	telephone	/ˌteleˈfon/
428	prins	to catch	/prins/
429	fratele	brother	/fraˈtele/
430	simplu	simple	[ˈsimplu]
431	asta-i	contraction of asta + e	/ˈas.taj/
432	salut	hello! greetings!	/saˈlut/
433	prieten	friend	/priˈe.ten/
434	omul	human	/ˈo.mul/
435	dragă	dear, sweetie	/ˈdra.ɡə/
436	i-ai	îi as dative of el or ea	/jaj/
437	important	important	[im.porˈtant]
438	găsi	to find	/ɡəˈsi/
439	lângă	beside, next to, by, near, close to, alongside	/ˈlɨn.ɡə/
440	grozav	very, bloody, extremely	/ɡroˈzav/
441	doamnă	lady, polite term for a woman, madam, ma'am	/ˈdo̯am.nə/
442	câte	in groups of, in series of	/ˈkɨ.te/
443	vina	guilt, fault	/ˈvina/
444	zici	to say, tell	/ˈzitʃʲ/
445	vorbi	to speak	/vor.ˈbi/
446	dolari	dollar	/doˈlaɾʲʲ/
447	acea	that	/aˈt͡ʃe̯a/
448	pasă	pass	/ˈpasə/
449	mod	mode, fashion, style, way	/ˈmod/
450	ne-a	contraction of ne + a	/ne̯a/
451	uh	obsolete form of uf	/ˈuh/
452	pun	to put	[pun]
453	sunat	called	/suˈnat/
454	ești	to be	[jeʃtʲ]
455	mâna	hand	/mɨˈna/
456	rahat	Turkish delight	/raˈhat/
457	știu	to know	[ʃtiu]
458	pleci	to leave, depart	[plet͡ʃʲ]
459	prieteni	friend	[priˈeteniʲ]
460	odată	once, one time	/oˈda.tə/
461	stau	to stay	/staw/
462	drum	road	/ˈdrum/
463	alte	other, another	/ˈal.te/
464	as	ace	/ˈas/
465	astfel	thus, in this way, so, like that	/ˈastfel/
466	curând	synonym of în curând	/ku.ˈrɨnd/
467	întors	to return, come back	/ɨnˈtors/
468	ora	hour	/ˈo.ra/
469	mi-e	contraction of mi + e	/mje/
470	mic	little, small	/mik/
471	doua	second	/ˈdo.wa/
472	alt	other, another	/ˈalt/
473	începe	to begin, to commence	/ɨnˈtʃe.pe/
474	nouă	nine	/ˈno.wə/
475	de-a	contraction of de + a	/de̯a/
476	singura	single, only, sole	/ˈsiŋɡuˌɾa/
477	gând	thought, idea	/ˈɡɨnd/
478	treabă	work	/ˈtre̯a.bə/
479	trimis	to send	/triˈmis/
480	capul	head	[ˈka.pul]
481	apă	water	/ˈa.pə/
482	copilul	child	/koˈpilul/
483	posibil	possibly	/poˈsi.bil/
484	singurul	single, only, sole	/ˈsiŋɡurul/
485	alo	hello	/aˈlo/
486	noroc	luck; good fortune	[noˈrok]
487	legătură	connection, link, correlation, relationship of cause and…	/le.ɡəˈtu.rə/
488	spate	back	/ˈspate/
489	adevărul	truth	/ˌadeˈvərul/
490	frumoasă	beautiful	[fruˈmo̯asə]
491	aveam	to have	[aˈve̯am]
492	împotriva	against	/ˌɨmpoˈtriva/
493	către	to, toward	/ˈkə.tre/
494	inima	heart	/ˈiniˌma/
495	lăsa	to leave	/ləˈsa/
496	tăi	yours	/təj/
497	niciun	no, none of, not any	/ˈni.t͡ʃʲun/
498	rămâne	to remain, be left, stay behind	/rəˈmɨ.ne/
499	întoarce	to return, come back	/ɨn.ˈto̯ar.t͡ʃe/
500	auzi	to hear	/aˈuzʲʲ/
501	prietenul	friend	/priˈetenul/
502	așa	so, thus, like that, such	/aˈʃa/
503	nume	name	/ˈnu.me/
504	frate	brother	[ˈfra.te]
505	bărbat	man	/bərˈbat/
506	chestia	thing, thingy	/ˈkes.ti.a/
507	astăzi	today	/ˈa.stəzʲ/
508	familie	family	[faˈmi.li.e]
509	las	to leave	/ˈlas/
510	pleca	to leave, depart	/pleˈka/
511	taci	to be silent, say nothing	[tat͡ʃʲ]
512	întâmpla	to happen, occur	/ˌɨntɨmˈpla/
513	spatele	back	/spaˈtele/
514	domnul	mister, Mr., sir, polite term for a man	/ˈdomnul/
515	copiii	child	/koˈpi.iʲ/
516	mers	to walk	/ˈmers/
517	său	his / her	/səw/
518	vreme	weather	/ˈvreme/
519	pace	peace	/ˈpat͡ʃe/
520	mersi	thanks	[merˈsi]
521	ajut	to help	[aˈʒut]
522	fiica	daughter	/ˈfiɪka/
523	an	year	/an/
524	le-am	contraction of le + am	/le̯am/
525	deloc	at all	/deˈlok/
526	motiv	motive	[moˈtiv]
527	pui	to put	/puj/
528	minte	mind	/ˈmin.te/
529	întreb	to ask	/ɨnˈtreb/
530	oră	hour	/ˈorə/
531	perfect	perfectly, completely	[perˈfekt]
532	uita	to forget	/uɪˈta/
533	mari	big, large, great	[marʲ]
534	amândoi	both	/ˌamɨnˈdoj/
535	știi	to know	[ʃtiː]
536	sta	to stay	/ˈsta/
537	jack	alternative form of geac	/ˈʒakk/
538	erai	to be	/jeˈraj/
539	persoană	person; individual	/perˈso̯a.nə/
540	mâinile	hand	/myɪˈnʲile/
541	devreme	early	/deˈvre.me/
542	muncă	work, labour	/ˈmuŋkə/
543	parcă	it’s like, one could say, it’s as if…	/ˈpar.kə/
544	sora	sister	/ˈso.ra/
545	fă	to do, act	[fə]
546	gândesc	to think	/ɡɨnˈdesk/
547	rămas	to remain, be left, stay behind	/rəˈmas/
548	fericit	happy	/fe.riˈt͡ʃit/
549	amintesc	to remind	/a.minˈtesk/
550	plac	to please	/ˈplak/
551	sigură	sure, certain to be true	/ˈsiɡuˌɾə/
552	revedere	seeing again	/reveˈdeɾe/
553	mică	little, small	[ˈmi.kə]
554	fiindcă	because	/fiˈind.kə/
555	prost	poorly, badly	/prost/
556	vină	to come	/ˈvi.nə/
557	urma	footprint, track	/urˈma/
558	nebun	crazy, insane	[neˈbun]
559	arma	arm, weapon	/ˈarma/
560	buni	good	/bunʲ/
561	aduc	to bring	/aˈduk/
562	jumătate	half	/ʒu.məˈta.te/
563	sânge	blood	/ˈsɨn.d͡ʒe/
564	intrat	to enter, go in	[inˈtrat]
565	sun	to ring or produce a sound in general	/ˈsun/
566	aud	to hear	/aˈud/
567	acestea	this	/aˈtʃes.te̯a/
568	moarte	dead	/ˈmo̯ar.te/
569	dvs	abbreviation of dumneavoastră	/ˌdeˌveˈse/
570	cunoscut	known	/ku.nosˈkut/
571	numărul	number	/ˈnumərul/
572	restul	change	/ˈrestul/
573	găsesc	to find	[ɡəˈsesk]
574	undeva	somewhere	/un.deˈva/
575	mi-ar	contraction of îmi + ar	/mjar/
576	faptul	fact	/ˈfap.tul/
577	cerut	to request, to ask for	/tʃeˈɾut/
578	asupra	on	[aˈsupra]
579	pa	bye	[pa]
580	aduce	to bring	/aˈdu.t͡ʃe/
581	zic	to say, tell	/ˈzik/
582	doamna	lady, polite term for a woman, madam, ma'am	/ˈdɔamna/
583	drept	rightly, justly	[drept]
584	cumva	somehow	[kumˈva]
585	aflat	to find out, get wind of	/aˈflat/
586	ah	ah	/ˈah/
587	momentul	the time, the right moment	/moˈmentul/
588	vadă	to see	[ˈvadə]
589	jur	surroundings, vicinity	/ʒur/
590	fim	to be	[fim]
591	luăm	to take	/luˈəm/
592	ce-ai	contraction of ce + ai	/t͡ʃe̯aj/
593	vreun	some, any	/vreˈun/
594	vrem	to want	[vrem]
595	ultimul	ultimate, final, last	[ˈul.ti.mul]
596	moartea	death	/ˈmo̯ar.te̯a/
597	echipa	team	/eˈkipa/
598	întâi	at first	/ɨnˈtɨj/
599	care-i	contraction of care + îi	/ˈka.rej/
600	genul	type, sort, kind	/ˈdʒenul/
601	foc	fire, blaze	/fok/
602	dă	to give	[də]
603	uneori	sometimes, occasionally	/u.neˈorʲ/
604	altfel	otherwise	/ˈaltfel/
605	stat	to stay	/stat/
606	unele	one	/ˈunele/
607	acela	that	/aˈt͡ʃe.la/
608	înăuntru	inside, within, in	/ˌɨnəˈuntru/
609	deschide	to open	/desˈki.de/
610	pur	pure, clean, clear	/pur/
611	scris	writing	[skris]
612	abia	hardly, barely	/aˈbja/
613	clar	clearly, evidently	[klar]
614	trece	to pass through	/ˈtre.t͡ʃe/
615	dea	to give	[de̯a]
616	schimbat	changed	/skimˈbat/
617	altcineva	someone else	/alt.t͡ʃi.neˈva/
618	prietenii	friend	[priˈeteniː]
619	ii	traditional Romanian embroidered blouse	/ij/
620	devenit	to become	/ˌdeveˈnit/
621	ieri	yesterday	/ˈjerʲ/
622	dori	to want, to wish	/doˈri/
623	aibă	to have	/ˈaɪbə/
624	pământ	earth, ground	/pəˈmɨnt/
625	cameră	room	/ˈkamerə/
626	amice	female friend	[ aˈmit͡ʃe ]
627	tuturor	all, the whole	/ˌtutuˈɾor/
628	sex	gender, sex	/seks/
629	afla	to find out, get wind of	/aˈfla/
630	femei	woman	/fe.ˈmej/
631	frică	fear	/ˈfrikə/
632	sale	his/hers	/ˈsa.le/
633	folosit	to use, employ	[foloˈsit]
634	normal	normally	/norˈmal/
635	liber	free, at liberty	/ˈli.ber/
636	într-adevăr	indeed	/ˈɨnˌtradeˈvər/
637	uit	to forget	/ˈuɪt/
638	lasă	to leave	/ˈla.sə/
639	băiat	boy	[bəˈjat]
640	săptămâni	week	[səptəˈmɨnʲ]
641	l-au	contraction of îl + au	/law/
642	încât	that	/ɨnˈkɨt/
643	multă	much	/ˈmul.tə/
644	război	war	/rəzˈboj/
645	milioane	million	/ˌmiljɔˈane/
646	găsim	to find	[ɡəˈsim]
647	ci	but; so that; on the contrary, opposite	/t͡ʃi/
648	ideea	idea	/iˈdeea/
649	biroul	bureau	/biˈɾoʊl/
650	închisoare	prison, jail	/ɨn.kiˈso̯a.re/
651	v-am	contraction of vă + am	/vam/
652	exista	to exist	[eɡ.zisˈta]
653	regula	rule	/re.ɡuˈla/
654	pat	bed	/ˈpat/
655	plus	plus, and	/ˈplus/
656	întâlnit	to meet	[ɨntɨlˈnit]
657	muri	to die	/muˈri/
658	amuzant	funny	/ˌamuˈzant/
659	zice	to say, tell	/ˈzi.t͡ʃe/
660	spital	hospital	[spiˈtal]
661	jurul	surroundings, vicinity	/ˈʒurul/
662	lovit	to hit; to strike	[loˈvit]
663	spună	to say	/ˈspunə/
664	suficient	sufficiently	/ˌsu.fi.t͡ʃiˈent/
665	trage	to pull, draw, drag	/ˈtra.d͡ʒe/
666	doctor	doctor	/ˈdok.tor/
667	plăcere	pleasure	/pləˈt͡ʃe.re/
668	draga	to dredge	/ˈdraɡa/
669	alea	that	/ˈa.le̯a/
670	domnilor	mister, Mr., sir, polite term for a man	/domˈnʲilor/
671	direct	directly	/diˈrekt/
672	petrecere	party; feast; celebration	/peˈtre.t͡ʃe.re/
673	oricine	anyone, anybody	/orʲˈt͡ʃi.ne/
674	plăcut	to please	/pləˈkut/
675	felul	sort, type, kind	/ˈfe.lul/
676	gura	mouth	/ˈɡu.ra/
677	ochi	eye	/okʲ/
678	ucide	to murder	/uˈtʃi.de/
679	traducerea	translation	/traˈdutʃeˌɾea/
680	telefonul	telephone	/ˌteleˈfonul/
681	special	special	/spetˈʃjal/
682	munca	work, labour	/ˈmunka/
683	omorât	killed	/ˌomoˈɾɨt/
684	încerca	to try, to attempt	/ɨn.t͡ʃerˈka/
685	dispărut	missing	/ˌdispəˈɾut/
686	voastră	yours	[ˈvo̯as.trə]
687	întâlnire	meeting	/ˌɨntɨlˈniɾe/
688	unii	one	/ˈuniɪ/
689	complet	completely	/komˈplet/
690	dragoste	love	/ˈdra.ɡo.ste/
691	zece	ten	/ˈze.t͡ʃe/
692	povestea	story, yarn, tale	/poˈves.te̯a/
693	sincer	sincerely	/ˈsin.t͡ʃer/
694	dreapta	right	/ˈdreapta/
695	scrie	to write	[ˈskri.e]
696	opri	to stop the movement of something	/oˈpri/
697	unu	one	/ˈu.nu/
698	obicei	habit	/ˌobitˈʃeɪ/
699	dumneavoastră	you	[dum.ne̯aˈvo̯as.trə]
700	viitoare	future	/viɪˈtɔaɾe/
701	vechi	old	/vekʲ/
702	fugi	to run	/fuˈd͡ʒi/
703	minut	minute	[miˈnut]
704	însă	but, yet, however	/ˈɨn.sə/
705	afaceri	business	/aˈfatʃeɾʲˌʲ/
706	plăcea	to please	/pləˈt͡ʃa/
707	mâncare	food	/mɨnˈka.re/
708	ajung	to overtake, to catch up	/aˈʒuŋɡ/
709	picioare	leg	/piˈt͡ʃo̯a.re/
710	anul	year	/ˈanul/
711	schimb	to modify, to alter	/skimb/
712	întrebare	question	[ɨntreˈbare]
713	aer	air	/ˈa.jer/
714	atâta	Paragogic form of atât	/a.ˈtɨ.ta/
715	puternic	strong	/puˈter.nik/
716	furat	stealing	[fuˈrat]
717	intra	to enter, go in	/inˈtra/
718	ajutorul	help, assistance	/ˌaʒuˈtorul/
719	cafea	coffee	/kaˈfe̯a/
720	vad	ford	/ˈvad/
721	promit	to promise	[proˈmit]
722	poveste	story, yarn, tale	/poˈves.te/
723	gândeam	to think	[ɡɨnˈde̯am]
724	deoarece	since, because	/de.o̯a.reˈt͡ʃe/
725	lucrez	to work	[luˈkrez]
726	luptă	to battle	/ˈluptə/
727	film	movie, film	/ˈfilm/
728	întrebat	to ask	/ˌɨntreˈbat/
729	prietene	friend	/priˈe.te.ne/
730	cat	floor	/kat/
731	anume	namely, precisely, exactly	/aˈnume/
732	mamei	mum, mom, mother	/ˈmameɪ/
733	plece	to leave, depart	[ˈplet͡ʃe]
734	mână	hand	/ˈmɨ.nə/
735	mor	to die	[mor]
736	vedere	sight	/veˈde.re/
737	iubito	vocative singular of iubită	/juˈbito/
738	seară	evening	/ˈse̯arə/
739	pana	feather	/ˈpana/
740	dăm	to give	[dəm]
741	întrebări	question	/ˌɨntreˈbəɾʲʲ/
742	inca	alternative form of incas	/ˈinka/
743	dreptul	right	/ˈdreptul/
744	lupta	to battle	/lupˈta/
745	apa	water	/ˈa.pa/
746	caut	to search, seek	/kaˈut/
747	voie	will	/ˈvo.je/
748	lucrat	to work	/lu.ˈkrat/
749	săptămână	week	[səptəˈmɨnə]
750	le-a	contraction of le + a	/le̯a/
751	doctore	indefinite plural	[ˈdoktore]
752	personal	personally	/per.soˈnal/
753	agent	agent	[aˈdʒent]
754	tom	volume	/ˈtom/
755	dracului	Used as an intensifier or filler: the hell	/ˈdra.ku.luj/
756	femeia	woman	/feˈme.ja/
757	super	superbly	/ˈsuper/
758	fete	girl	[ˈfe.te]
759	puterea	strength	/puˈteɾea/
760	birou	bureau	/biˈrow/
761	pregătit	prepared	/pre.ɡəˈtit/
762	adaptarea	adaptation	/ˌadapˈtaɾea/
763	mesaj	message	/meˈsaʒ/
764	prietena	friend	/priˈe.te.na/
765	meargă	to walk	/ˈme̯ar.ɡə/
766	doresc	to want, to wish	/doˈɾesk/
767	dor	wistfulness, melancholy, nostalgia, longing; a feeling of…	/ˈdor/
768	cui	whose	/kuj/
769	absolut	absolutely	/ab.soˈlut/
770	acele	that	/aˈt͡ʃe.le/
771	persoane	person; individual	/perˈsɔane/
772	accident	accident	/ˌaktʃiˈdent/
773	fiind	to be	/fiˈind/
774	crimă	major crime, offence, or wrongdoing; felony	/ˈkrimə/
775	evident	obvious	/ˌeviˈdent/
776	mi-au	contraction of îmi + au	/mjaw/
777	simte	to feel	/ˈsimte/
778	pierde	to lose	/ˈpjerde/
779	oamenilor	human	/ˈɔameˌnʲilor/
780	ordine	order, command	/ˈor.di.ne/
781	domnului	mister, Mr., sir, polite term for a man	/ˈdomnuluɪ/
782	spunem	to say	/ˈspunem/
783	schimba	to modify, to alter	/skimˈba/
784	noua	new	/ˈno.wa/
785	stare	status, standing, situation, position, condition	/ˈsta.re/
786	mici	little, small	[mit͡ʃʲ]
787	continuă	to continue	/konˈti.nu.ə/
788	rând	row	/rɨnd/
789	salvat	to save	[salˈvat]
790	ce-a	contraction of ce + a	/t͡ʃe̯a/
791	băiatul	boy	/bəˈjatul/
792	trimite	to send	[triˈmi.te]
793	plan	plane	/ˈplan/
794	speriat	frightened, scared	/spe.riˈat/
795	folosi	to use, employ	/foloˈsi/
796	urăsc	to hate	[uˈrəsk]
797	planul	plane	/ˈplanul/
798	fiule	son	/ˈfiʊle/
799	m-au	contraction of mă + au	/maw/
800	suna	to ring or produce a sound in general	/suˈna/
801	închis	to close	/ɨŋˈkis/
802	foame	hunger	/ˈfo̯a.me/
803	citit	to read	/t͡ʃiˈtit/
804	secret	secret, hidden	/seˈkret/
805	omor	murder	/oˈmor/
806	clipă	moment, instant, second, blink of an eye	/ˈklipə/
807	mulțumesc	thank you	[mult͡suˈmesk]
808	privire	look	/priˈviɾe/
809	masă	table	/ˈma.sə/
810	alta	another one	/ˈalta/
811	fetele	girl	[ˈfetele]
812	armă	arm, weapon	[ˈarmə]
813	cere	to request, to ask for	/ˈt͡ʃe.re/
814	carte	book	/ˈkar.te/
815	află	to find out, get wind of	/ˈaflə/
816	femeile	woman	[ feˈmej.le ]
817	teamă	fear	/ˈteamə/
818	rapid	quickly, rapidly, swiftly, speedily, promptly, expeditiously	/raˈpid/
819	bea	to drink	/be̯a/
820	mii	thousand	/mij/
821	zona	zone	[ˈzo.na]
822	potrivit	according to	/po.triˈvit/
823	asculta	to listen	/as.kulˈta/
824	vostru	your	/ˈvos.tru/
825	atent	attentive	/aˈtent/
826	oprit	to stop the movement of something	[oˈprit]
827	primi	to receive, to get	/priˈmi/
828	dintr-o	contraction of din + o: from a, out of a	/din.tro/
829	tatălui	father	[ˈta.tə.luj]
830	băut	to drink	/bəˈut/
831	dragostea	love	[ˈdra.ɡo.ste̯a]
832	cartea	book	/ˈkarte̯a/
833	alături	by, next to	/aˈlə.turʲ/
834	mintea	mind	/ˈmintea/
835	lumina	light	/luˈmina/
836	masa	table	/ˈmasa/
837	că-i	contraction of că + îi	/kəj/
838	echipă	team	/eˈkipə/
839	arme	arm, weapon	[ˈarme]
840	ocupat	to occupy, take up	[okuˈpat]
841	cina	dinner, supper	[t͡ʃiˈna]
842	gură	mouth	/ˈɡu.rə/
843	droguri	plural of drog drugs	/ˈdro.ɡurʲ/
844	baie	bathroom	/ˈbaje/
845	cuvânt	word	[kuˈvɨnt]
846	oară	a time, instance	/ˈo̯arə/
847	stea	to stay	/ste̯a/
848	deschis	openly	[desˈkis]
849	dormi	to sleep	/dorˈmi/
850	putere	strength	/puˈte.re/
851	dna	Direcția Națională Anticorupție	/ˈdna/
852	precum	as	/preˈkum/
853	răspunde	to respond, reply, answer	/rəs.ˈpun.de/
854	răspuns	to respond, reply, answer	[ɾəˈspuns]
855	intre	to enter, go in	[ˈintre]
856	pericol	danger, hazard	/peˈri.kol/
857	începem	to begin, to commence	/ɨnˈt͡ʃe.pem/
858	ies	to exit, to get out	/ˈjes/
859	nebunie	insanity	/neˈbunje/
860	săptămâna	week	/ˌsəptəˈmɨna/
861	uită	third-person singular simple perfect indicative of uita	/ˈuɪtə/
862	bravo	bravo	/ˈbravo/
863	rost	order	/ˈrost/
864	iubit	to love	[juˈbit]
865	puteam	to be able to; can, could, may	[puˈte̯am]
866	n-are	contraction of nu + are; it does not have	/ˈna.re/
867	plin	full	/plin/
868	altul	another one	/ˈaltul/
869	fericită	happy	/ˌfeɾitˈʃitə/
870	lună	moon	/ˈlu.nə/
871	fugit	to run	/fu.ˈd͡ʒit/
872	cealaltă	the other	/tʃeaˈlaltə/
873	decis	determined	/detˈʃis/
874	continua	to continue	/kon.ti.nuˈa/
875	modul	mode, fashion, style, way	/moˈdul/
876	încep	to begin, to commence	/ɨnˈt͡ʃep/
877	interesant	interesting	[in.te.reˈsant]
878	petrece	to party	[peˈtre.tʃe]
879	celălalt	the other	/ˈt͡ʃe̞.lə.lalt/
880	control	control	/konˈtrol/
881	căzut	fallen	/kəˈzut/
882	rănit	injured	/rəˈnit/
883	secunde	second	/seˈkunde/
884	tem	to fear	[tem]
885	punct	point	/punkt/
886	tati	father	/ˈtati/
887	noul	new	/ˈnoʊl/
888	henry	henry	/ˈhenri/
889	totdeauna	always, ever, all the time, at all times	/ˌtotdeaˈuna/
890	crescut	grown, grown-up	/kresˈkut/
891	tras	pulling	/ˈtras/
892	scoate	to remove, take out, subtract, bring out, pull out, throw…	/ˈsko̯a.te/
893	calea	avenue	[ˈka.le̯a]
894	supărat	angry	/ˌsupəˈɾat/
895	doamnelor	lady, polite term for a woman, madam, ma'am	/dɔamˈnelor/
896	promis	promised	/proˈmis/
897	regele	king	[ˈre.d͡ʒe.le]
898	conduce	to rule, lead	/konˈdu.t͡ʃe/
899	scăpat	to drop	/skəˈpat/
900	acestui	this	[aˈt͡ʃestuj]
901	sens	sense, meaning	/ˈsens/
902	vorbească	to speak	[vorˈbe̯as.kə]
903	luna	moon	/ˈlu.na/
904	grija	worry	/ˈɡriʒa/
905	cină	dinner, supper	[ˈt͡ʃinə]
906	chestii	plural of chestie — things	[ˈkes.tij]
907	ajutat	to help	/ˌaʒuˈtat/
908	vede	to see	[ˈvede]
909	băiete	boy	/bəˈjete/
910	imposibil	impossibly	/ˌim.poˈsi.bil/
911	diferit	different, dissimilar, distinct	/di.feˈrit/
912	doare	to hurt, ache	[ˈdo̯are]
913	vremea	weather	/ˈvremea/
914	aseară	last night	[aˈse̯arə]
915	acestei	this	[aˈt͡ʃestej]
916	rece	cold	[ˈret͡ʃe]
917	n-au	contraction of nu + au	/naw/
918	permite	to permit, allow	/perˈmi.te/
919	picioarele	leg	/piˈt͡ʃo̯a.re.le/
920	avocat	lawyer, attorney, barrister	/a.voˈkat/
921	printre	among	/ˈprin.tre/
922	prinde	to catch	/ˈprinde/
923	negru	black	/ˈne.ɡru/
924	serviciu	employment, work	/serˈvi.t͡ʃju/
925	v-a	contraction of vă + a	/va/
926	merită	to deserve, to merit	/ˈme.ri.tə/
927	rămân	to remain, be left, stay behind	/rəˈmɨn/
928	cuvinte	word	[kuˈvin.te]
929	persoana	person; individual	/perˈsɔana/
930	hotel	hotel	/hoˈtel/
931	periculos	dangerously	/ˌpe.ri.kuˈlos/
932	atac	attack	[aˈtak]
933	legătura	connection, link, correlation, relationship of cause and…	/ˌleɡəˈtuɾa/
934	petrecut	happened	/ˌpetreˈkut/
935	indiferent	regardless	/ˌin.di.feˈrent/
936	opt	eight	/opt/
937	general	general	/d͡ʒe.neˈral/
938	proastă	simple, simple-minded	[ˈpro̯as.tə]
939	unde-i	contraction of unde + îi	/ˈun.dej/
940	distrus	destroyed	/disˈtrus/
941	termina	to finish, complete	/ter.miˈna/
942	scos	to remove, take out, subtract, bring out, pull out, throw…	/ˈskos/
943	numit	known as	[nuˈmit]
944	aflu	to find out, get wind of	/ˈaflu/
945	viitor	future	/vi.iˈtor/
946	părea	to look	/pəˈre̯a/
947	par	to look	/ˈpar/
948	propria	own	/ˈproprja/
949	moară	to die	/ˈmo̯a.rə/
950	afacere	business	/aˈfa.t͡ʃe.re/
951	care-l	contraction of care + îl	/ˈka.rel/
952	aruncat	throw, cast, hurl	/ˌaɾunˈkat/
953	ascuns	to hide, to conceal	[asˈkuns]
954	trec	to pass through	/ˈtrek/
955	doctorul	doctor	/ˈdoktorul/
956	încet	slowly	/ɨnˈt͡ʃet/
957	baza	base	/baˈza/
958	aur	gold	/ˈa.ur/
959	apărut	to appear, show up, turn up, emerge	/ˌapəˈɾut/
960	folosesc	to use, employ	[foloˈsesk]
961	cuvântul	word	[kuˈvɨn.tul]
962	voastre	your	/ˈvo̯as.tre/
963	dorit	to want, to wish	/doˈrit/
964	succes	success	/suktˈʃes/
965	mâncat	to eat	[mɨnˈkat]
966	arăta	to show	[a.rəˈta]
967	devine	to become	[deˈvine]
968	le-ai	contraction of le + ai	/le̯aj/
969	câine	dog	/ˈkɨj.ne/
970	dv	abbreviation of dumneavoastră	/ˌdeˈve/
971	ăia	that	/ˈə.ja/
972	voia	will	/voˈja/
973	motivul	motive	/moˈtivul/
974	închide	to close	[ɨnˈki.de]
975	lumii	world	/ˈlumiɪ/
976	jocul	game, play	/ˈʒokul/
977	sângele	blood	/ˈsɨn.d͡ʒe.le/
978	pierd	to lose	/ˈpjerd/
979	familiei	family	/ˌfamiˈlieɪ/
980	cumpărat	to buy, purchase	/ˌkumpəˈɾat/
981	moartă	dead	[ˈmo̯ar.tə]
982	nava	ship	/ˈnava/
983	i-au	îi as dative of el or ea	[jaw]
984	diseară	tonight	[ diˈse̯arə ]
985	mori	to die	[morʲ]
986	nenorocit	displeased	/ˌne.no.roˈt͡ʃit/
987	avion	aeroplane	/aˈvjon/
988	incredibil	incredible	/in.kreˈdi.bil/
989	real	real	[reˈal]
990	născut	born	/nəˈskut/
991	locuri	place, location	/loˈkurʲ/
992	intru	to enter, go in	/ˈintru/
993	deveni	to become	/de.veˈni/
994	doilea	second	/ˈdoj.le̯a/
995	secundă	second	/seˈkundə/
996	aș	would, should	/aʃ/
997	ne-au	contraction of ne + au	/ne̯aw/
998	slujbă	divine service	/ˈsluʒ.bə/
999	lista	to put on a list	/ˈlista/
1000	bate	to beat	/ˈba.te/
1001	bere	beer	/ˈbe.re/
1002	plină	full	/ˈplinə/
1003	rea	bad	[re̯a]
1004	apropo	incidentally	/aproˈpo/
1005	păcat	sin	[pəˈkat]
1006	semn	sign	/semn/
1007	pas	step, pace, footstep, stride	/pas/
1008	nord	north	/nord/
1009	petrecerea	party; feast; celebration	/peˈtretʃeˌɾea/
1010	deasupra	above, over, on top of	/de̯aˈsu.pra/
1011	salva	to save	/salˈva/
1012	observat	to observe; to perceive, to notice, to remark	[obserˈvat]
1013	trezit	woken	/treˈzit/
1014	punem	to put	[ˈpunem]
1015	final	final	/fiˈnal/
1016	lucra	to work	/luˈkra/
1017	atinge	to touch	/aˈtin.d͡ʒe/
1018	pai	straw	/ˈpaɪ/
1019	ne-ai	contraction of ne + ai	/ne̯aj/
1020	tânăr	young	[ˈtɨnər]
1021	bolnav	sick, ill	/bolˈnav/
1022	sufletul	soul, spirit	/ˈsufletul/
1023	omori	to kill	[oˈmorʲ]
1024	exemplu	example	[eɡˈzem.plu]
1025	tai	to cut	[taj]
1026	poți	to be able to; can, could, may	/ˈpot͡sʲ/
1027	fund	bottom	/fund/
1028	companie	company	/komˈpanje/
1029	descoperit	found, discovered	/ˌdeskopeˈɾit/
1030	poartă	to carry, bear	/ˈpo̯ar.tə/
1031	lungă	long	/ˈluŋɡə/
1032	stânga	left	/ˈstɨŋɡa/
1033	alb	white	/ˈalb/
1034	întâlnim	to meet	[ɨntɨlˈnim]
1035	deranjează	to derange, disarrange	[de.ranˈʒe̯azə]
1036	grămadă	a mass, heap, pile, multitude, lot of something	/ɡrəˈma.də/
1037	întrebi	to ask	/ɨnˈtrebʲʲ/
1038	nicăieri	nowhere	/ˌnikəˈjeɾʲʲ/
1039	piciorul	leg	/pitˈʃorul/
1040	cadou	present, gift	/kaˈdow/
1041	nimănui	no one, nobody	[niməˈnuj]
1042	iubire	love, fondness	/juˈbi.re/
1043	bar	bar	/ˈbar/
1044	joci	to play	[ʒot͡ʃʲ]
1045	legat	coherently	/leˈɡat/
1046	sud	south	/sud/
1047	verificat	checked	/ˌveɾifiˈkat/
1048	magazin	shop, supermarket	/ˌmaɡaˈzin/
1049	pari	stake	/parʲ/
1050	cuiva	someone, somebody	/kwiˈva/
1051	scot	to remove, take out, subtract, bring out, pull out, throw…	/ˈskot/
1052	trăi	to live, to exist	[trəˈi]
1053	părul	hair	/ˈpərul/
1054	oriunde	anywhere	/orʲˈun.de/
1055	depinde	to depend	/deˈpinde/
1056	zilele	day	[ˈzilele]
1057	grea	heavy	/ˈɡre̯a/
1058	arestat	arrested	/ˌaɾesˈtat/
1059	viitorul	future	/viɪˈtorul/
1060	port	to carry, bear	/ˈport/
1061	căpitanul	captain	/ˌkəpiˈtanul/
1062	capăt	termination, end	[ˈka.pət]
1063	respect	respect, consideration, deference, esteem, regard	/resˈpekt/
1064	detectiv	detective	/ˌdetekˈtiv/
1065	singuri	single, only, sole	/siŋˈɡurʲ/
1066	rupt	to tear	/rupt/
1067	joacă	to play	/ˈʒo̯a.kə/
1068	grup	a group	/ˈɡrup/
1069	conduc	to rule, lead	[konˈduk]
1070	primesc	to receive, to get	[priˈmesk]
1071	vis	dream; vision	[vis]
1072	chemat	called	/keˈmat/
1073	bob	a type of bean, field bean, horse bean, broad bean	/ˈbob/
1074	securitate	security	/se.ku.riˈta.te/
1075	idiot	idiot; moron; imbecile	/i.diˈot/
1076	alege	to choose, to select	/aˈle.d͡ʒe/
1077	mijlocul	middle, center, mean	/ˈmiʒlokul/
1078	bătut	to beat	/bəˈtut/
1079	fetelor	girl	[ˈfetelor]
1080	armele	arm, weapon	/arˈmele/
1081	aveai	to have	/aˈveai/
1082	cine-i	contraction of cine + îi	/ˈt͡ʃi.nej/
1083	oare	Enhances the interrogative or dubitative value of a question	/ˈo̯a.re/
1084	număr	number	/ˈnu.mər/
1085	pariu	bet, wager	/paˈriw/
1086	criminal	criminally	/kri.miˈnal/
1087	mutat	to move, shift	[muˈtat]
1088	suni	to ring or produce a sound in general	[sunʲ]
1089	sosit	arrival	/soˈsit/
1090	căutat	searched	/ˌkəuˈtat/
1091	regina	queen	[reˈd͡ʒi.na]
1092	părăsit	to abandon, neglect, forsake, leave	/pə.rəˈsit/
1093	iată	look!, see!, behold!	/ˈja.tə/
1094	adresa	to address	/aˈdresa/
1095	celelalte	the other	/ˈtʃeleˌlalte/
1096	strada	street	/ˈstrada/
1097	ascunde	to hide, to conceal	/as.ˈkun.de/
1098	metri	metre	/ˈmetri/
1099	de-al	contraction of de + al	/de̯al/
1100	cheia	key	/ˈke.ja/
1101	numesc	to name	[nuˈmesk]
1102	vorbă	talk, talking, speaking	/ˈvor.bə/
1103	ceai	tea bush	/t͡ʃe̯aj/
1104	urât	hated	/uˈrɨt/
1105	angajat	engaged	/ˌaŋɡaˈʒat/
1106	ducem	to carry, lead, take	[ˈdut͡ʃem]
1107	stradă	street	/ˈstra.də/
1108	încoace	hither, here, this way, in my direction	/ɨnˈkɔatʃe/
1109	marea	big, large, great	/ˈmare̯a/
1110	surpriză	surprise	/surˈprizə/
1111	trag	to pull, draw, drag	/ˈtraɡ/
1112	jucat	to play	/ʒuˈkat/
1113	frumoase	beautiful	[fruˈmo̯ase]
1114	prietenă	friend	/priˈe.te.nə/
1115	chestie	thing, thingy	/ˈkes.ti.e/
1116	făcea	to do, act	[fəˈt͡ʃe̯a]
1117	ni	lo!, look!, behold!	/ˈni/
1118	glumă	joke, jest	/ˈɡlu.mə/
1119	purta	to carry, bear	/purˈta/
1120	misiune	mission	/miˈsjune/
1121	cal	horse	/kal/
1122	curat	clean	/kuˈrat/
1123	ce-mi	contraction of ce + îmi	/t͡ʃemʲ/
1124	clasa	to classify	/ˈklasa/
1125	distractiv	fun	[dis.trakˈtiv]
1126	apel	call	/aˈpel/
1127	juca	to play	/ʒuˈka/
1128	of	ugh, tsk, sigh	/of/
1129	club	club	/ˈklub/
1130	rândul	row	/ˈrɨndul/
1131	părinte	parent	[pəˈrin.te]
1132	beau	to drink	/be̯aw/
1133	continuare	continuation	/ˌkontiˈnwaɾe/
1134	scurt	short	/ˈskurt/
1135	distruge	to destroy	/disˈtru.d͡ʒe/
1136	rege	king	/ˈre.d͡ʒe/
1137	părere	opinion, view, judgement, belief, notion, conviction	/pəˈɾeɾe/
1138	des	frequent, often	/des/
1139	cont	account	/ˈkont/
1140	sergent	sergeant	/serdˈʒent/
1141	mănâncă	to eat	[məˈnɨn.kə]
1142	câteodată	sometimes, at times, occasionally, now and then, now and…	/kɨ.te̯oˈda.tə/
1143	căsătorit	married	/kə.sə.toˈrit/
1144	nebună	madman	/neˈbunə/
1145	întârziat	delayed	/ˌɨntɨrˈzjat/
1146	onoare	honor	/oˈnɔaɾe/
1147	întâlnesc	to meet	[ɨntɨlˈnesk]
1148	obține	to obtain	/obˈt͡si.ne/
1149	sînt	dated form of sunt	/ˈsɨnt/
1150	habar	only used in avea habar and cum ți-e habarul	/haˈbar/
1151	filmul	movie, film	/ˈfil.mul/
1152	dura	to build	/duˈra/
1153	dintr-un	contraction of din + un: from a, out of a	/din.trun/
1154	american	an American man	/aˌme.riˈkan/
1155	dulce	sweet	/ˈdult͡ʃe/
1156	intri	to enter, go in	[ˈintri]
1157	veche	old	/ˈve.ke/
1158	durere	pain, ache, suffering	/duˈre.re/
1159	apare	to appear, show up, turn up, emerge	[aˈpare]
1160	dorm	to sleep	/ˈdorm/
1161	baltă	puddle, pond, pool; also swamp	[ˈbal.tə]
1162	placă	to please	/ˈpla.kə/
1163	gândi	to think	/ɡɨnˈdi/
1164	zonă	zone	[ˈzo.nə]
1165	bunica	grandmother	/ˈbuniˌka/
1166	carne	meat	/ˈkarne/
1167	ne-ar	contraction of ne + ar	/ne̯ar/
1168	scape	to drop	[ˈskape]
1169	oferi	to offer	/o.feˈri/
1170	vocea	voice	/ˈvo.t͡ʃe̯a/
1171	devin	to become	[deˈvin]
1172	vorbind	to speak	[vorˈbind]
1173	haine	garment, garb, article of clothing	/ˈhaɪne/
1174	pământul	earth, ground	/pəˈmɨntul/
1175	total	total	/toˈtal/
1176	gol	empty	/ˈɡol/
1177	vinovat	guilty, culpable	/ˌvi.noˈvat/
1178	teren	plot of land	/teˈren/
1179	linia	to line	/ˈlinja/
1180	spectacol	show	/spekˈtakol/
1181	dificil	difficult	/di.fiˈt͡ʃil/
1182	m-ar	contraction of mă + ar	/mar/
1183	ratat	failed	/raˈtat/
1184	lung	long	/lunɡ/
1185	războiul	war	/ˌrəzboˈiʊl/
1186	soldat	soldier	[solˈdat]
1187	prostie	stupidity, folly	/prosˈti.e/
1188	condus	taken, guided	/konˈdus/
1189	sute	a hundred	/ˈsu.te/
1190	legea	law	[ˈled͡ʒe̯a]
1191	invitat	guest, invitee	/ˌinviˈtat/
1192	ați	have	[at͡sʲ]
1193	zbor	flight	/ˈzbor/
1194	dejun	lunch	/deˈʒun/
1195	formă	form	[ˈformə]
1196	obosit	tired, weary, fatigued	[o.boˈsit]
1197	sunteți	to be	[ˈsun.tet͡sʲ]
1198	proces	process	/protˈʃes/
1199	focul	fire, blaze	/ˈfokul/
1200	bătrân	old	/bəˈtrɨn/
1201	opresc	to stop the movement of something	[oˈpresk]
1202	apropie	to bring near	[aˈpropje]
1203	uimitor	amazing	[uj.miˈtor]
1204	urmărit	person wanted by law enforcement authorities	/ˌurməˈɾit/
1205	pauză	pause, break, stop	/ˈpa.uzə/
1206	săturat	full	/sə.tuˈrat/
1207	aveau	to have	/aˈveaw/
1208	convins	convinced	/konˈvins/
1209	groaznic	dreadful, terrible, horrible, awful, hateful	/ˈɡro̯az.nik/
1210	răspunsul	response, answer	/rəsˈpunsul/
1211	lumină	light	/luˈmi.nə/
1212	cutie	box	/kuˈti.e/
1213	plimbare	the action of walking	/plimˈbaɾe/
1214	schimbă	to modify, to alter	/ˈskimbə/
1215	radio	radio	/ˈradjo/
1216	inimă	heart	[ˈinimə]
1217	perfectă	perfect, flawless	[perfekˈtə]
1218	necesar	necessary	/ne.t͡ʃeˈsar/
1219	găsească	to find	[ɡəˈse̯askə]
1220	public	the public	/ˈpu.blik/
1221	problemele	problem	/ˌprobleˈmele/
1222	plăti	to pay	/pləˈtʲi/
1223	superi	to upset	[ˈsuperʲ]
1224	afli	to find out, get wind of	[ˈafli]
1225	dans	dance	/ˈdans/
1226	nunta	wedding	/ˈnun.ta/
1227	scrisoare	letter	[skriˈso̯a.re]
1228	limba	tongue	/ˈlim.ba/
1229	având	to have	/aˈvɨnd/
1230	norocos	lucky, fortunate	/no.roˈkos/
1231	energie	energy	/ˌenerdˈʒie/
1232	milion	million	/milˈjon/
1233	dormit	to sleep	/dorˈmit/
1234	acei	that	/aˈt͡ʃej/
1235	excelent	excellent	/eks.t͡ʃeˈlent/
1236	pună	to put	/ˈpu.nə/
1237	termin	to finish, complete	/ˈter.min/
1238	motive	motive	[moˈtive]
1239	mâncarea	food	/mɨnˈkaɾea/
1240	dincolo	over there; on the other side	[ˈdinkolo]
1241	mica	little, small	/ˈmi.ka/
1242	iasă	to exit, to get out	/ˈjasə/
1243	oricare	any, every	/orʲˈka.re/
1244	vi	to you	/ˈvi/
1245	casei	house, dwelling	[ˈkasej]
1246	arătat	to show	/ˌaɾəˈtat/
1247	unor	of some	/ˈu.nor/
1248	favoare	favor	/faˈvɔaɾe/
1249	date	an instance, occasion, time	/ˈdate/
1250	mâini	hand	/ˈmɨjnʲ/
1251	ascult	to listen	/asˈkult/
1252	ridicol	laughable, funny, amusing	/riˈdikol/
1253	stop	stop	/stop/
1254	i-ar	contraction of îi + ar	/jar/
1255	rugat	to ask politely, to say please	/ruˈɡat/
1256	lase	to leave	[ˈlase]
1257	crimei	major crime, offence, or wrongdoing; felony	/ˈkrimeɪ/
1258	mănânci	to eat	[məˈnɨnt͡ʃʲ]
1259	acces	access	/akˈt͡ʃes/
1260	sistem	system	/sisˈtem/
1261	cald	warm	/kald/
1262	apartament	apartment	/apartaˈment/
1263	iad	hell	/ˈjad/
1264	frumoasa	beautiful	[fruˈmo̯a.sa]
1265	mândru	proudly	/ˈmɨn.dru/
1266	călătorie	travel	[kə.lə.tor.ˈi.e]
1267	implicat	involved	[impliˈkat]
1268	somn	sleep	/somn/
1269	mânca	to eat	/mɨnˈka/
1270	tipi	guy	/ˈtipʲʲ/
1271	liberă	third-person singular simple perfect indicative of libera	/ˈlibeˌɾə/
1272	te-au	contraction of te + au	/te̯aw/
1273	câinele	dog	/kyɪˈnele/
1274	creat	created	[kreˈat]
1275	verde	green	/ˈver.de/
1276	scriu	to write	/ˈskriw/
1277	maria	to marry	/maˈrja/
1278	profesor	professor	/proˈfe.sor/
1279	rezolva	to resolve	/re.zolˈva/
1280	listă	list	/ˈlistə/
1281	extrem	extreme	/eksˈtrem/
1282	bei	to drink	/ˈbej/
1283	muzică	music	/ˈmu.zi.kə/
1284	bază	base	/ˈba.zə/
1285	frica	fear	[ˈfrika]
1286	păr	hair	/ˈpər/
1287	prânz	lunch	/ˈprɨnz/
1288	moare	to die	/ˈmɔaɾe/
1289	martin	bird of either the starling family, or of the kingfisher…	/marˈtin/
1290	fierbinte	hot	[fjerˈbinte]
1291	pete	spot	/ˈpete/
1292	arate	to show	[aˈrate]
1293	că-mi	contraction of că + îmi	/kəmʲ/
1294	navă	ship	/ˈnavə/
1295	începi	to begin, to commence	/ɨnˈt͡ʃepʲ/
1296	ceri	to request, to ask for	[tʃerʲ]
1297	îngrijorat	worried	/ˌɨŋɡriʒoˈɾat/
1298	trăit	to live, to exist	/trəˈit/
1299	cuvintele	word	[kuˈvin.te.le]
1300	neregulă	wrong	/neˈɾeɡuˌlə/
1301	pahar	glass	/paˈhar/
1302	scăpa	to drop	/skəˈpa/
1303	regulile	rule	/ˈreɡuˌlʲile/
1304	iubirea	love, fondness	/juˈbire̯a/
1305	permis	license, permit	/perˈmis/
1306	oprim	to stop the movement of something	[oˈprim]
1307	existat	to exist	[eɡziˈstat]
1308	atacat	phthisic	[ataˈkat]
1309	corp	body	/ˈkorp/
1310	practic	practically	/ˈprak.tik/
1311	vinde	to sell	/ˈvinde/
1312	est	east	/ˈest/
1313	a-l	contraction of a + îl	/ˈal/
1314	ridicat	to lift, elevate, raise, hoist, suspend	/ri.diˈkat/
1315	neagră	black	/ˈneaɡrə/
1316	perioadă	period, age	[pe.riˈo̯a.də]
1317	puțin	a little	/puˈt͡sin/
1318	tipii	guy	/ˈtipiɪ/
1319	datorită	thanks to, due to	/da.toˈri.tə/
1320	lucrul	thing; object	/ˈlukrul/
1321	vândut	to sell	/vɨnˈdut/
1322	trist	sad	/trist/
1323	băutură	beverage, drink	/bə.uˈtu.rə/
1324	îndrăgostit	loved	/ˌɨndrəɡosˈtit/
1325	interior	interior	/ˌinteɾˈjor/
1326	viu	alive	/viw/
1327	atâtea	so much	/a.ˈtɨ.te̯a/
1328	te-ar	contraction of te + ar	/te̯ar/
1329	băgat	obsolete form of bogat	/bəˈɡat/
1330	conform	according to	/konˈform/
1331	cadavrul	corpse	/kaˈdavrul/
1332	că-l	contraction of că + îl	/kəl/
1333	vizită	visit	/ˈviziˌtə/
1334	blocat	locking	/bloˈkat/
1335	linie	line	/ˈlinje/
1336	lovitură	a hit, blow, kick	/ˌloviˈtuɾə/
1337	or	might	[or]
1338	c-o	contraction of cu + o	/ko/
1339	trăiască	to live, to exist	[trəˈjas.kə]
1340	tragi	to pull, draw, drag	[trad͡ʒʲ]
1341	mesajul	message	/meˈsaʒul/
1342	explica	to explain	[ekspliˈka]
1343	pregătită	prepared	[preɡəˈtitə]
1344	poată	to be able to; can, could, may	[ ˈpʷatə ]
1345	frig	cold, frigidity	/ˈfriɡ/
1346	părut	to look	/pəˈrut/
1347	sir	sir	/ˈsir/
1348	vârstă	age	/ˈvɨrstə/
1349	mi-o	contraction of îmi + o	/mjo/
1350	liceu	secondary school	/litˈʃeʊ/
1351	atins	touched	/aˈtins/
1352	regret	regret	/reˈɡret/
1353	rele	bad	[ˈre.le]
1354	interesat	interested	/ˌinteɾeˈsat/
1355	degrabă	forthwith, without delay	/deˈɡra.bə/
1356	căuta	to search, seek	/kə.uˈta/
1357	picior	leg	/piˈt͡ʃor/
1358	acestor	this	[aˈt͡ʃestor]
1359	arunca	throw, cast, hurl	/aˈɾunka/
1360	întuneric	darkness, dark	/ɨn.tuˈne.rik/
1361	inteligent	intelligent	/in.te.liˈd͡ʒent/
1362	comanda	to order, command, lead	/koˈmanda/
1363	stricat	broken, ruined	/striˈkat/
1364	contact	contact	/konˈtakt/
1365	fericire	happiness, joy, felicity	/fe.riˈt͡ʃi.re/
1366	treia	third	/ˈtre.ja/
1367	înaintea	in front of	/ˌɨnaˈintea/
1368	pădure	forest	/pəˈdu.re/
1369	ordin	order, command	/ˈor.din/
1370	soarele	sun	/ˈso̯a.re.le/
1371	nuntă	wedding	/ˈnun.tə/
1372	prind	to catch	/ˈprind/
1373	decizie	decision	/detˈʃizje/
1374	hotărât	definite	/ˌhotəˈɾɨt/
1375	încântat	delighted	/ɨn.kɨnˈtat/
1376	viața	life	/ˈvja.t͡sa/
1377	dur	hard, tough	/dur/
1378	poarta	gate	/ˈpɔarta/
1379	copiilor	child	[koˈpiilor]
1380	membru	limb	/ˈmembru/
1381	întâlni	to meet	/ɨn.tɨlˈni/
1382	bord	side of a ship's deck	/ˈbord/
1383	ocupa	to occupy, take up	/o.kuˈpa/
1384	surprins	surprised	/surˈprins/
1385	tara	defect, vice, flaw	/ˈtaɾa/
1386	tânără	a youth, young person	/ˈtɨnəˌɾə/
1387	armată	army	/arˈmatə/
1388	citesc	to read	[tʃiˈtesk]
1389	sticlă	glass	/ˈsti.klə/
1390	toți	all, the whole	/tot͡si/
1391	anii	year	/ˈa.nij/
1392	nu-s	Contraction of nu and îs	[nus]
1393	tăiat	cut	/təˈjat/
1394	oricând	anytime	/ˌorʲˈkɨnd/
1395	cauză	cause	/ˈkau̯.zə/
1396	întrebam	to ask	/ˌɨntreˈbam/
1397	animal	brutally	/a.niˈmal/
1398	mănânc	to eat	[məˈnɨnk]
1399	poze	photograph	/ˈpo.ze/
1400	culcare	going to sleep	/kulˈkaɾe/
1401	taxi	taxi	/tak.ˈsi/
1402	restaurant	restaurant	/resˌtauˈɾant/
1403	realizat	accomplished	/reˌaliˈzat/
1404	martor	witness, onlooker, voucher	/ˈmar.tor/
1405	crima	major crime, offence, or wrongdoing; felony	/ˈkrima/
1406	patul	bed	/ˈpa.tul/
1407	culcat	recumbent	/kulˈkat/
1408	ce-o	contraction of ce + o	/t͡ʃe̯o/
1409	curent	current	/kuˈrent/
1410	beat	drunk, drunken, intoxicated; tipsy	[be̯at]
1411	team	team	/ˈteam/
1412	ridica	to lift, elevate, raise, hoist, suspend	/ri.diˈka/
1413	gunoi	garbage, trash, rubbish, litter	/ɡuˈnoj/
1414	soare	sun	/ˈso̯a.re/
1415	erou	hero	[eˈɾow]
1416	îți	to you	[ɨtsʲ]
1417	costum	suit	/kosˈtum/
1418	gât	throat	/ɡɨt/
1419	continui	to continue	/konˈti.nuj/
1420	istoria	history	[iˈstori.a]
1421	zilei	day	/ˈzi.lej/
1422	bucătărie	kitchen	/bukətəˈrije/
1423	schimbare	change	/skimˈba.re/
1424	nivel	level	/niˈvel/
1425	plânge	to cry, weep	/ˈplɨn.d͡ʒe/
1426	responsabil	responsible, answerable, liable	/responˈsabil/
1427	vest	west	/ˈvest/
1428	suflet	soul, spirit	[ˈsuflet]
1429	iubitule	lover, sweetheart, beloved, boyfriend	/ˌjubiˈtule/
1430	bătaie	beating	/bəˈta.je/
1431	omorî	to kill	/o.moˈrɨ/
1432	scenă	scene	/ˈstʃenə/
1433	test	test	/ˈtest/
1434	vorbeam	to speak	[vorˈbʲæm]
1435	nenorocitule	bastard	[ne.no.ɾoˈt͡ʃi.tu.le]
1436	praf	dust	/praf/
1437	milă	compassion, mercifulness, pity	[ˈmilə]
1438	proteja	to protect	[proteˈʒa]
1439	aproximativ	approximately	/ˌaprokˌsimaˈtiv/
1440	nasul	obsolete form of nasol	/ˈnasul/
1441	comun	common; communal	[koˈmun]
1442	clipa	moment, instant, second, blink of an eye	/ˈklipa/
1443	rezolvat	solved	/rezolˈvat/
1444	bogat	richly, fully, amply	/boˈɡat/
1445	chestiile	thing, thingy	/kesˈtiɪle/
1446	albă	white	/ˈal.bə/
1447	urme	footprint, track	/ˈurme/
1448	prezent	present	/pre.ˈzent/
1449	bem	to drink	[bem]
1450	făceam	to do, act	[fəˈt͡ʃe̯am]
1451	importante	obsolete form of important	/im.porˈtan.te/
1452	poză	photograph	/ˈpo.zə/
1453	reală	real	/reˈalə/
1454	construit	built	/kon.struˈit/
1455	crime	major crime, offence, or wrongdoing; felony	[ˈkrime]
1456	iubita	definite nominative/accusative singular of iubită	/juˈbita/
1457	judecător	judge	/ˌʒudekəˈtor/
1458	bucată	piece, bit, fragment, morsel	/buˈka.tə/
1459	meci	match	/ˈmet͡ʃʲ/
1460	cumpăr	to buy, purchase	/kumˈpər/
1461	întreba	to ask	/ˌɨntreˈba/
1462	oficial	official	[o.fi.tʃiˈal]
1463	sexy	sexy	[ˈseksi]
1464	video	video	/ˈvideo/
1465	îndoială	doubt, misgiving, incertitude	/ɨn.doˈja.lə/
1466	ofer	to offer	[oˈfer]
1467	bărbatul	man	[bərˈbatul]
1468	sine	himself, herself, itself, themselves	/ˈsi.ne/
1469	li	to them	/ˈli/
1470	fantastic	fantastic	/fanˈtastik/
1471	program	program	/pro.ˈɡram/
1472	l-ar	contraction of îl + ar	/lar/
1473	poza	photograph	/poˈza/
1474	conduci	to rule, lead	[konˈdut͡ʃʲ]
1475	mile	compassion, mercifulness, pity	[ˈmile]
1476	laborator	laboratory	/ˌlaboɾaˈtor/
1477	biserică	church	/biˈse.ri.kə/
1478	valoare	value, worth	/vaˈlo̯are/
1479	culoare	color	/kuˈlo̯a.re/
1480	flori	flower	[ florʲ ]
1481	mint	to lie	/mint/
1482	bag	to insert, put in, put into	[baɡ]
1483	grav	gravely	/ɡrav/
1484	istorie	history	/isˈtoɾje/
1485	pasa	to pass	/ˈpasa/
1486	vineri	Friday	/ˈvinerʲ/
1487	curaj	courage, guts, bravery	/kuˈraʒ/
1488	specială	special	/spetˈʃjalə/
1489	planuri	plane	/plaˈnurʲ/
1490	bat	to beat	/ˈbat/
1491	fotbal	football; soccer	/ˈfot.bal/
1492	ucid	to murder	/utˈʃid/
1493	chem	to call	/ˈkem/
1494	pară	to look	/ˈpa.rə/
1495	niciunul	none; no-one, nobody	/ˈnitʃunul/
1496	accepta	to accept	/ak.t͡ʃepˈta/
1497	bancă	bench	/ˈbankə/
1498	judecată	judgement, reason, wisdom	/ʒudeˈkatə/
1499	adu	to bring	[ˈadu]
1500	aranjat	arranged	/ˌaɾanˈʒat/
1501	adânc	deep	/aˈdɨnk/
1502	realitate	reality	[realiˈtate]
1503	discutat	to discuss	/ˌdiskuˈtat/
1504	lipsit	missing, lacking	[lipˈsit]
1505	puteți	to be able to; can, could, may	[puˈtet͡sʲ]
1506	însărcinată	charged, responsible	/ˌɨn.sər.t͡ʃiˈna.tə/
1507	ars	to burn	/ars/
1508	clădire	building	[kləˈdi.re]
1509	nevinovat	innocent	/ˌnevinoˈvat/
1510	a-i	contraction of a + îi	/ˈaj/
1511	oprească	to stop the movement of something	[oˈpre̯as.kə]
1512	verifica	to verify, to check	/veˈɾifiˌka/
1513	filme	movie, film	/ˈfilme/
1514	sune	to ring or produce a sound in general	[ˈsune]
1515	alice	alternative form of alică	/ˈalitˌʃe/
1516	scapi	to drop	[skapʲ]
1517	soră	sister	/ˈsorə/
1518	risc	risk	/risk/
1519	insula	island	[ˈinsula]
1520	întreg	whole, entire	/ɨnˈtreɡ/
1521	visul	dream; vision	[ˈvi.sul]
1522	banca	bench	[ˈbanka]
1523	lapte	milk	/ˈlap.te/
1524	tren	train	/ˈtren/
1525	gust	taste	/ˈɡust/
1526	măsură	measure	/məˈsu.rə/
1527	nervos	angry	/nerˈvos/
1528	trenul	train	/ˈtre.nul/
1529	tineri	young	[ˈtinerʲ]
1530	televizor	a television set	/ˌteleviˈzor/
1531	să-ți	contraction of să + îți	/sət͡sʲ/
1532	fiului	son	/ˈfiʊluɪ/
1533	curs	stream, current, flow	/ˈkurs/
1534	eliberat	freed, emancipated	/ˌelibeˈɾat/
1535	râs	to laugh	/ˈrɨs/
1536	fals	false	/fals/
1537	pereche	pair	/peˈɾeke/
1538	slab	weak	[slab]
1539	răspund	to respond, reply, answer	/rəsˈpund/
1540	încolo	thither, away, that way	/ɨnˈko.lo/
1541	refuzat	refused	/refuˈzat/
1542	acceptat	to accept	[akt͡ʃepˈtat]
1543	taie	to cut	/ˈtaɪe/
1544	miezul	core, heart	/ˈmjezul/
1545	purtat	worn	/purˈtat/
1546	centru	centre	/ˈtʃentru/
1547	chef	disposition, mood	/ˈkef/
1548	lupte	fight, fighting	/ˈlupte/
1549	i-o	contraction of îi + o	/jo/
1550	albastru	blue	/al.ˈbas.tru/
1551	căpitan	captain	/kə.piˈtan/
1552	sută	hundred	/ˈsutə/
1553	dovadă	proof, evidence	/doˈvadə/
1554	deoparte	aside	/de.oˈpar.te/
1555	aveți	to have	[aˈvet͡sʲ]
1556	ascultat	to listen	/ˌaskulˈtat/
1557	accept	to accept	[akˈt͡ʃept]
1558	dispari	to disappear, vanish	/disˈpaɾʲʲ/
1559	altele	another one	/alˈtele/
1560	urcă	to climb, ascend, go up, rise	/ˈur.kə/
1561	descurca	to unravel	/ˌdeskurˈka/
1562	curtea	court	/ˈkurtea/
1563	calm	composure	/ˈkalm/
1564	începutul	beginning, start	/ˌɨntʃeˈputul/
1565	director	principal	/diˈɾektor/
1566	bilet	ticket	/biˈlet/
1567	copilului	child	[koˈpiluluj]
1568	prefera	to prefer	/pre.feˈra/
1569	cumpăra	to buy, purchase	/ˌkumpəˈɾa/
1570	camere	room	/kaˈmeɾe/
1571	scaun	chair, seat	/ˈskaʊn/
1572	recent	recent	/retˈʃent/
1573	spart	broken, fractured, broken into many pieces	/spart/
1574	suport	to endure, to bear	/suˈport/
1575	iubitul	lover, sweetheart, beloved, boyfriend	/juˈbitul/
1576	discuta	to discuss	/ˌdiskuˈta/
1577	târfă	whore, tramp, tart, slut, prostitute	/ˈtɨrfə/
1578	descurcat	to unravel	/ˌdeskurˈkat/
1579	imagina	to imagine	/iˈmadʒiˌna/
1580	arde	to burn	/ˈar.de/
1581	închid	to close	/ɨnˈkid/
1582	capabil	capable	/kaˈpa.bil/
1583	suspect	suspicious, doubtful	/susˈpekt/
1584	adio	farewell, adieu	/aˈdi.o/
1585	serie	series	/ˈseɾje/
1586	monstru	monster	/ˈmon.stru/
1587	voce	voice	/ˈvo.t͡ʃe/
1588	plajă	beach	/ˈpla.ʒə/
1589	locotenent	lieutenant	/ˌlokoteˈnent/
1590	raport	report	/raˈport/
1591	veste	news, tidings	/ˈves.te/
1592	prefer	to prefer	/preˈfer/
1593	autobuz	bus	/a.u.toˈbuz/
1594	păstra	to keep, preserve, hold, maintain	/pəsˈtra/
1595	cod	code	/ˈkod/
1596	principal	principal, primary, chief, foremost	/prin.t͡ʃiˈpal/
1597	minciună	lie; deception	/minˈt͡ʃu.nə/
1598	hârtie	paper	/hɨrˈti.je/
1599	cuplu	couple	/ˈkuplu/
1600	model	a template	/moˈdel/
1601	propriu	own	/ˈpro.pri.u/
1602	apropiat	near	/ˌaproˈpjat/
1603	facultate	faculty	/ˌfakulˈtate/
1604	îngrozitor	terribly, awfully	/ˌɨŋ.ɡro.ziˈtor/
1605	căsătorie	marriage, wedlock, matrimony	/ˌkəsəˈtoɾje/
1606	concediat	fired, dismissed	/ˌkontʃeˈdjat/
1607	răni	to hurt	[rəˈni]
1608	cântec	song	/ˈkɨntek/
1609	acoperire	covering	/ˌakopeˈɾiɾe/
1610	știe	to know	[ˈʃtie]
1611	creier	brain	/ˈkrejer/
1612	sărut	kiss	/səˈɾut/
1613	biserica	church	/biˈseɾiˌka/
1614	directorul	principal	/diˈɾektorul/
1615	cai	horse	/kaj/
1616	stabilit	established	/ˌstabiˈlit/
1617	forma	to form; to create; to make	[forˈma]
1618	calul	horse	/ˈkalul/
1619	post	fast, fasting	/ˈpost/
1620	piele	skin	[ˈpjele]
1621	inclusiv	including	/ˌinkluˈsiv/
1622	transformat	transformed	[transforˈmat]
1623	scap	to drop	/ˈskap/
1624	viață	life	/ˈvja.t͡sə/
1625	mâncăm	to eat	[mɨnˈkəm]
1626	semnat	signing	/semˈnat/
1627	folosim	to use, employ	[foloˈsim]
1628	oribil	horrible	/oˈɾibil/
1629	regelui	king	[ˈre.d͡ʒe.luj]
1630	pizza	pizza	/ˈpi.t͡sa/
1631	apucat	grabbed	/ˌapuˈkat/
1632	degetul	finger	/ˈdedʒetul/
1633	slavă	glory	/ˈsla.və/
1634	bombă	bomb	/ˈbom.bə/
1635	arunc	throw, cast, hurl	/aˈɾunk/
1636	devii	to become	[deˈvij]
1637	puncte	point	/ˈpunkte/
1638	client	client	/ˈkljent/
1639	înnebunit	mad	/ˌɨnnebuˈnit/
1640	referi	to refer to something	/re.feˈri/
1641	întreabă	to ask	/ɨnˈtreabə/
1642	ocupi	to occupy, take up	[oˈkupʲ]
1643	porc	pig, hog, swine	/pork/
1644	recunoscut	recognized	[re.ku.noˈskut]
1645	lege	law	/ˈled͡ʒe/
1646	pistol	pistol	/pisˈtol/
1647	pornit	turned on	[porˈnit]
1648	timpului	time	/ˈtimpuluɪ/
1649	alegere	choice	/aˈle.d͡ʒe.re/
1650	imagine	image	/iˈmadʒiˌne/
1651	necazuri	trouble, distress	/ˌnekaˈzurʲ/
1652	cazuri	case, circumstance, situation	/kaˈzurʲ/
1653	sat	village	/ˈsat/
1654	vai	alas, woe	/vaj/
1655	bară	bar	/ˈbaɾə/
1656	modalitate	modality	[modaliˈtate]
1657	făcând	to do, act	/fəˈkɨnd/
1658	nas	nose	/ˈnas/
1659	aeroport	airport	[a.e.ɾo.ˈpoɾt]
1660	întreagă	whole, entire	/ɨnˈtre̯aɡə/
1661	teme	to fear	/ˈte.me/
1662	vremuri	weather	/vreˈmurʲ/
1663	complicat	complicated	[kompliˈkat]
1664	camion	lorry, truck	/ka.miˈon/
1665	fotografii	photography	/fo.toˈɡra.fij/
1666	piatră	stone	/ˈpja.trə/
1667	politia	polity, state, republic	/poˈlitja/
1668	cadavru	corpse	[kaˈdavru]
1669	subiect	subject	/suˈbjekt/
1670	schimbe	to modify, to alter	/ˈskimbe/
1671	deschid	to open	/desˈkid/
1672	cândva	sometime	/kɨndˈva/
1673	calitate	quality	[ka.liˈta.te]
1674	momente	the time, the right moment	[moˈmen.te]
1675	gay	gay	[ɡej]
1676	idei	idea	/iˈdej/
1677	fotografie	photography	/ˌfotoɡraˈfie/
1678	mijloc	middle, center, mean	/ˈmiʒ.lok/
1679	dovedi	to prove, to demonstrate; to vindicate	[doveˈdi]
1680	bagi	to insert, put in, put into	[bad͡ʒʲ]
1681	pantofi	shoe	/panˈtofʲʲ/
1682	planetă	planet	/plaˈne.tə/
1683	fugă	to run	[ˈfuɡə]
1684	ticălos	wicked, wretched, vile, abject, base	/ti.kəˈlos/
1685	ghici	to guess	/ɡiˈt͡ʃi/
1686	mm	abbreviation of morții mă-tii	/ˌmiliˈmetri/
1687	razna	astray	/ˈrazna/
1688	colonel	glyph	/ˌkoloˈnel/
1689	rupe	to tear	/ˈrupe/
1690	miros	smell, odor, scent	/miˈros/
1691	copac	tree	/koˈpak/
1692	bomba	to bulge	/bomˈba/
1693	cheie	key, chief	[ˈke.je]
1694	reveni	to return, come back	/re.veˈni/
1695	siguri	sure, certain to be true	/siˈɡurʲ/
1696	acuzat	accused	/a.kuˈzat/
1697	medicamente	medicine, drug, medication	/me.di.kaˈmen.te/
1698	vara	in the summer	/ˈva.ra/
1699	perete	wall	[peˈrete]
1700	clasă	class	/ˈkla.sə/
1701	partener	partner	/ˌparteˈner/
1702	întregi	integer, whole number	/ɨnˈtredʒʲ/
1703	săi	his / her	[səj]
1704	scrii	to write	[skrij]
1705	caute	to search, seek	/ˈka.u.te/
1706	piept	chest; breast; bosom	/pjept/
1707	podea	floor	[poˈde̯a]
1708	medic	medical	/ˈme.dik/
1709	semnal	signal	/semˈnal/
1710	van	vain	/van/
1711	ceas	hour	/t͡ʃe̯as/
1712	pantaloni	pants, trousers	/ˌpantaˈlonʲʲ/
1713	nebuni	madman	/neˈbunʲʲ/
1714	plecam	to leave, depart	[pleˈkam]
1715	cinste	honor, integrity, honesty	/ˈtʃinste/
1716	înceapă	to begin, to commence	/ɨnˈt͡ʃa.pə/
1717	râde	to laugh	/ˈrɨ.de/
1718	ura	to wish, bid	/uˈra/
1719	mi-l	contraction of îmi + îl	/mil/
1720	înalt	tall	/ɨˈnalt/
1721	fereastră	window	/feˈɾe̯as.t̪ɾə/
1722	citi	to read	/t͡ʃiˈti/
1723	extraordinar	extraordinary	/ˌeks.tra.or.diˈnar/
1724	susan	sesame	/suˈsan/
1725	bolnavă	sick, ill	/bolˈnavə/
1726	simplă	simple	[ˈsim.plə]
1727	cinstit	honestly, sincerely	/t͡ʃinˈstit/
1728	probă	piece of evidence	/proˈbə/
1729	conducere	conduct	/konˈdu.t͡ʃe.re/
1730	sport	sport	/ˈsport/
1731	credit	credit	/ˈkredit/
1732	petrec	to party	/peˈtrek/
1733	termine	to finish, complete	[terˈmine]
1734	aleg	to choose, to select	/aˈleɡ/
1735	camerele	room	/ˌkameˈɾele/
1736	uman	human, humane	/uˈman/
1737	vând	to sell	/ˈvɨnd/
1738	norocul	luck; good fortune	/noˈɾokul/
1739	miss	miss	/ˈmis/
1740	cînd	Formerly standard spelling of când which was introduced in…	/ˈkɨnd/
1741	zero	zero	/ˈze.ro/
1742	supraveghere	surveillance	/ˌsupraveˈɡeɾe/
1743	mulțime	lot, ton, large quantity	/mulˈt͡si.me/
1744	fratelui	brother	/fraˈteluɪ/
1745	lady	lady	/ˈladi/
1746	comandă	to order, command, lead	/koˈman.də/
1747	jocuri	game, play	/ʒoˈkurʲ/
1748	termini	to finish, complete	/ˈter.minʲ/
1749	rock	rock	/ˈrokk/
1750	luam	to take	[luˈam]
1751	sărit	jumping	/səˈɾit/
1752	dispus	ready, willing	/disˈpus/
1753	libertate	liberty, freedom	/li.berˈta.te/
1754	weekend	weekend	/ˈuj.kend/
1755	barcă	boat	/ˈbarkə/
1756	gratis	free of charge, for free	/ˈɡra.tis/
1757	părăsi	to abandon, neglect, forsake, leave	/pərəˈsi/
1758	lucreze	to work	[luˈkreze]
1759	cancer	cancer	/ˈkantʃer/
1760	încercare	try, attempt	/ɨn.t͡ʃerˈka.re/
1761	sentiment	sentiment, thought, sense, feeling	/sen.tiˈment/
1762	stele	star	/ˈste.le/
1763	treilea	third	/ˈtrej.le̯a/
1764	parc	park; garden; terrace	/ˈpark/
1765	minune	wonder, marvel, miracle	/miˈnune/
1766	miere	honey	/ˈmje.re/
1767	rochie	dress	[ˈro.ki.e]
1768	domn	mister, Mr., sir, polite term for a man	/domn/
1769	fine	end	/ˈfine/
1770	niște	some	/ˈniʃ.te/
1771	case	house, dwelling	/ˈkase/
1772	intrare	entrance	/inˈtraɾe/
1773	contra	against, versus	/ˈkontra/
1774	chema	to call	/keˈma/
1775	urmat	to follow	/urˈmat/
1776	deranjez	to derange, disarrange	[de.ranˈʒez]
1777	folos	use	/foˈlos/
1778	cânta	to sing	[kɨnˈta]
1779	locurile	place, location	/loˈkurile/
1780	cursă	race	/ˈkursə/
1781	apar	water-vendor	[aˈpar]
1782	ho	Used to calm or stop a domestic animal, especially horses;…	/ˈho/
1783	oferta	to offer	/oˈferta/
1784	amintit	to remind	/ˌaminˈtit/
1785	prezenta	to present	/pre.zenˈta/
1786	genunchi	knee	[dʒeˈnunkʲ]
1787	celui	that	/ˈt͡ʃe.lu.ˈi/
1788	chestiune	matter, concern, question, problem, issue	/kes.tiˈu.ne/
1789	amin	amen	/aˈmin/
1790	ocazie	occasion	/oˈkazje/
1791	grade	degree	[ˈɡrade]
1792	brusc	sudden	/brusk/
1793	apropiere	nearness, closeness, proximity	/ˌaproˈpjeɾe/
1794	victimă	victim	/ˈvik.ti.mə/
1795	cântă	to sing	/ˈkɨntə/
1796	umane	human, humane	[uˈma.ne]
1797	speciale	special	/spetˈʃjale/
1798	spitalul	hospital	/spiˈtalul/
1799	omului	human	/ˈomuluɪ/
1800	gândim	to think	[ɡɨnˈdim]
1801	rezista	to resist	[re.ziˈsta]
1802	însemna	to mean, signify, imply, indicate	/ɨn.semˈna/
1803	asigura	to assure	/a.si.ɡuˈra/
1804	teribil	terrible	/teˈri.bil/
1805	pregătesc	to prepare	/pre.ɡəˈtesk/
1806	planurile	plane	/plaˈnurile/
1807	aiurea	elsewhere	/aˈju.re̯a/
1808	tribunal	tribunal, courthouse	/ˌtribuˈnal/
1809	dezastru	disaster	/deˈzastru/
1810	spiritul	spirit, ghost	/ˈspiɾitul/
1811	iubi	to love	/ˈju.bi/
1812	etaj	floor	/eˈtaʒ/
1813	gaură	hole	/ɡaˈuɾə/
1814	tabără	camp, encampment	/ˈtabəˌɾə/
1815	artă	art	/ˈar.tə/
1816	capcană	snare, trap	/kapˈkanə/
1817	controla	to control, to master	[kon.troˈla]
1818	me	baa	/ˈme/
1819	aventură	adventure	/ˌavenˈtuɾə/
1820	bucuros	glad	/bu.kuˈros/
1821	sâmbătă	Saturday	/ˈsɨmbətə/
1822	scop	purpose	/ˈskop/
1823	insulă	island	[ˈinsulə]
1824	existe	to exist	[eˈɡziste]
1825	mandat	mandate	/manˈdat/
1826	acelea	that	/atˈʃelea/
1827	ciuda	fury, rage	/ˈtʃuda/
1828	sfat	counsel, advice, tip	/sfat/
1829	bilete	ticket	/biˈlete/
1830	pacient	patient	/pa.t͡ʃiˈent/
1831	sari	sari	/ˈsaɾʲʲ/
1832	lovi	to hit; to strike	/loˈvi/
1833	st	expressing a sudden desire for silence	/ˌseˈte/
1834	decide	to decide	/deˈt͡ʃi.de/
1835	repet	to repeat	[reˈpet]
1836	echipei	team	/eˈkipeɪ/
1837	vânătoare	hunt, chase, pursuit	/ˌvɨnəˈtɔaɾe/
1838	reguli	rule	/ˈre.ɡulʲ/
1839	curte	court	/ˈkurte/
1840	treaz	awake	/ˈtreaz/
1841	vorbea	to speak	[vorˈbʲæ]
1842	costa	to cost	/kosˈta/
1843	dreaptă	right	[ˈdre̯ap.tə]
1844	toaletă	toilet, restroom	/tɔaˈletə/
1845	aminti	to remind	/a.minˈti/
1846	răi	bad	[rəj]
1847	maior	major	/maɪˈor/
1848	postul	fast, fasting	/ˈpostul/
1849	mănânce	to eat	[məˈnɨn.t͡ʃe]
1850	pisica	cat	/piˈsika/
1851	răspunzi	to respond, reply, answer	/rəsˈpunzʲʲ/
1852	adormit	sleepy, drowsy, sluggish, languid	/a.dorˈmit/
1853	anului	year	/ˈanuluɪ/
1854	mobil	mobile	[moˈbil]
1855	ascund	to hide, to conceal	/asˈkund/
1856	plâng	to cry, weep	/ˈplɨŋɡ/
1857	cartier	quarter, district, neighbourhood	/karˈtjer/
1858	băieți	boy	[ bəˈjet͡sʲ ]
1859	golf	gulf	/ˈɡolf/
1860	mac	poppy	/ˈmak/
1861	duminică	Sunday	/duˈminikə/
1862	visat	dreamed	[viˈsat]
1863	proiect	project	[proˈjɛkt]
1864	americani	American	/aˌme.riˈkanʲ/
1865	curajos	courageous, brave	/ku.raˈʒos/
1866	sentimente	sentiment, thought, sense, feeling	/ˌsentiˈmente/
1867	deranja	to derange, disarrange	/de.ranˈʒa/
1868	placi	to please	[plat͡ʃʲ]
1869	pe-aici	contraction of pe + aici	/pe̯aˈit͡ʃʲ/
1870	merita	to deserve, to merit	/me.riˈta/
1871	vizita	to visit	/viˈzita/
1872	visele	dream; vision	[ˈvi.se.le]
1873	telefoane	telephone	/ˌteleˈfɔane/
1874	haina	garment, garb, article of clothing	[ˈhajna]
1875	cursa	race	/ˈkursa/
1876	memoria	memory	[meˈmo.ri.a]
1877	zău	really, truly	/zəw/
1878	fug	to run	[fuɡ]
1879	puterile	strength	/puˈteɾʲile/
1880	ciocolată	chocolate	[t͡ʃo.koˈla.tə]
1881	termen	term	[ˈtermen]
1882	revin	to return, come back	[ reˈvin ]
1883	ador	to adore	[aˈdor]
1884	act	act, deed, action	/akt/
1885	acuma	Paragogic form of acum	/aˈku.ma/
1886	dumneata	you	/dum.ne̯aˈta/
1887	pâine	bread	/ˈpɨj.ne/
1888	le-au	contraction of le + au	/le̯aw/
1889	interviu	interview	/inˈterviʊ/
1890	inventat	invented	/in.venˈtat/
1891	fermă	farm	/ˈfermə/
1892	boala	disease, sickness, illness	/ˈbo̯a.la/
1893	piatra	stone	/ˈpjatra/
1894	preot	priest	/ˈpre.ot/
1895	muta	to move, shift	/ˈmuta/
1896	normală	pedagogical school	/norˈmalə/
1897	presupune	to suppose, assume, presume, imply	/ˌpresuˈpune/
1898	spirit	spirit, ghost	/ˈspirit/
1899	străzi	street	/ˈstrəzʲʲ/
1900	confortabil	comfortable	/ˌkonforˈtabil/
1901	firma	company	/ˈfirma/
1902	considerare	consideration	/ˌkonsideˈɾaɾe/
1903	contract	contract	/konˈtrakt/
1904	furios	furious	/fu.riˈos/
1905	tratament	treatment	/tra.taˈment/
1906	semne	sign	/ˈsemne/
1907	primii	first-person singular simple perfect indicative of primi	[priˈmiː]
1908	preferat	to prefer	/pre.feˈrat/
1909	ochiul	eye	/oˈkiʊl/
1910	geniu	genius	/ˈdʒe.nju/
1911	mesaje	message	/meˈsaʒe/
1912	no	well, so	/nɔ(ː)/
1913	suporta	to endure, to bear	/suˈporta/
1914	îndată	immediately, at once, instantly	/ɨnˈda.tə/
1915	minciuni	lie; deception	/mintˈʃunʲʲ/
1916	ouă	egg	/ˈo.wə/
1917	traducere	translation	[traˈdut͡ʃere]
1918	apărare	defence	/ˌapəˈɾaɾe/
1919	pod	bridge	/ˈpod/
1920	zgomot	noise	/ˈzɡomot/
1921	faza	phase	/ˈfa.za/
1922	de-o	contraction of de + o	/de̯o/
1923	nevasta	bride	/neˈvasta/
1924	c-a	contraction of că + a	/ka/
1925	încrederea	trust, faith	/ɨnˈkre.de.re̯a/
1926	urgent	urgent	/urdˈʒent/
1927	fosta	ex-girlfriend	[ˈfosta]
1928	înțeles	understood	/ɨn.t͡seˈles/
1929	colegiu	college	/ˌkoledˈʒiu/
1930	miliarde	billion	/milˈjarde/
1931	cuminte	obediently	/kuˈmin.te/
1932	parcare	parking lot	/parˈkaɾe/
1933	doc	dock	/ˈdok/
1934	câini	dog	/ˈkyɪnʲʲ/
1935	străin	foreign, strange	/strəˈin/
1936	folosească	to use, employ	[foloˈse̯askə]
1937	magie	magic	/madˈʒie/
1938	sală	room	/ˈsalə/
1939	mut	to move, shift	/mut/
1940	căci	for, because	/kət͡ʃʲ/
1941	priceput	skilled	/ˌpritʃeˈput/
1942	suc	juice	/suk/
1943	aceia	that	/atˈʃeja/
1944	jaf	robbery	/ˈʒaf/
1945	legal	legal, lawful	/leˈɡal/
1946	mincinos	lying, mendacious, untrue	/min.t͡ʃiˈnos/
1947	ilegal	illegal, unlawful	/ileˈɡal/
1948	grele	heavy	/ˈɡrele/
1949	pachet	pack, bundle, package, parcel	/paˈket/
1950	păstrat	reserved	/pəsˈtrat/
1951	viteză	speed	/viˈte.zə/
1952	presiune	pressure	/preˈsjune/
1953	lupt	to battle	[lupt]
1954	personală	personal	/ˌpersoˈnalə/
1955	pământului	earth, ground	/pəˈmɨntuluɪ/
1956	conta	to count, be an example of something	/konˈta/
1957	parca	to park	[parˈka]
1958	teama	fear	[ˈte̯ama]
1959	treburile	work	/treˈburile/
1960	măi	oh, oh my, hey	/məj/
1961	transport	transport	/transˈport/
1962	uau	wow	/ˈwaʊ/
1963	răpit	kidnapped	[rəˈpit]
1964	gelos	jealous	/d͡ʒeˈlos/
1965	lemn	wood	/ˈlemn/
1966	gen	Filler word: like	/d͡ʒen/
1967	îmbrăcat	dressed	/ɨm.brəˈkat/
1968	ofertă	offer	/oˈfertə/
1969	cafeaua	coffee	/kaˈfeawa/
1970	împinge	to push so that it moves away, thrust, shove	/ɨmˈpin.d͡ʒe/
1971	mărturie	testimony, witness	/mərˈtuɾje/
1972	pardon	pardon!, pardon me!, excuse me!, I beg your pardon!, sorry!	/parˈdon/
1973	roman	novel, epic	/roˈman/
1974	imaginez	to imagine	[imad͡ʒiˈnez]
1975	condamnat	convict	/ˌkondamˈnat/
1976	fix	exactly	/ˈfiks/
1977	fantomă	phantom	/fanˈtomə/
1978	cânt	to sing	[kɨnt]
1979	pt	abbreviation of pentru	/ˌpeˈte/
1980	efect	effect	/eˈfekt/
1981	plâns	to cry, weep	/plɨns/
1982	adăpost	shelter	/ˌadəˈpost/
1983	rai	eden	/raj/
1984	moale	soft	/ˈmo̯a.le/
1985	lord	lord	/ˈlord/
1986	apropia	to bring near	/ˌapropiˈa/
1987	val	wave	/ˈval/
1988	imagini	image	/iˈmadʒinʲˌʲ/
1989	obligat	bound, obliged, forced	[obliˈɡat]
1990	dublu	double	/ˈdu.blu/
1991	urcat	increased, heightened, elevated, stepped-up	/urˈkat/
1992	siguranță	certainty, sureness, surety	/ˌsiɡuˈɾantsə/
1993	indiciu	clue	/inˈditʃiʊ/
1994	demult	long time ago	/deˈmult/
1995	medical	medical	/ˌmediˈkal/
1996	fiicei	daughter	/ˈfiɪtʃeɪ/
1997	strâns	closely, tightly	/strɨns/
1998	abandonat	abandoned	/abandoˈnat/
1999	engleză	English	/eŋˈɡlezə/
2000	încheiat	ended	/ˌɨnkeˈjat/
2001	iertare	forgiveness, pardon	/jerˈtaɾe/
2002	băga	to insert, put in, put into	[bəˈɡa]
2003	trădat	betrayed, backstabbed	/trəˈdat/
2004	ziar	newspaper, gazette	/ˈzjar/
2005	cadă	tub, bathtub	[ˈka.də]
2006	secretă	secret, hidden	/seˈkretə/
2007	local	local	/loˈkal/
2008	teatru	theatre	[ˈte̯a.tru]
2009	pilot	pilot	/piˈlot/
2010	presa	to press	/preˈsa/
2011	munte	mountain	/ˈmun.te/
2012	autobuzul	bus	/ˌaʊtoˈbuzul/
2013	culoarea	color	[kuˈlo̯a.re̯a]
2014	dator	indebted	/daˈtor/
2015	banda	tape, band	/ˈban.da/
2016	gaura	hole	[ˈɡa.ura]
2017	vânt	wind	/ˈvɨnt/
2018	brânză	cheese	/ˈbrɨn.zə/
2019	tratat	treaty	/traˈtat/
2020	râu	river	/ˈrɨw/
2021	satul	village	/ˈsatul/
2022	răbdare	patience	/rəbˈda.re/
2023	nasol	ugly; ridiculous	[ naˈsol ]
2024	transforma	to transform	/trans.forˈma/
2025	pierdere	loss	/pjerˈdeɾe/
2026	miracol	miracle	/miˈɾakol/
2027	curios	curious	/ku.riˈos/
2028	sexul	gender, sex	/ˈseksul/
2029	salvare	rescue	/salˈvaɾe/
2030	vie	alive	/ˈvi.e/
2031	rol	role	/ˈrol/
2032	atingi	to touch	[aˈtind͡ʒʲ]
2033	deocamdată	for the time being	/ˌdeokamˈdatə/
2034	urmări	to watch; to follow, to pursue	/ur.məˈri/
2035	ferma	farm	[ˈferma]
2036	protejez	to protect	[pro.teˈʒez]
2037	neapărat	without fail, absolutely, at all costs, necessarily	/ˌne.a.pəˈrat/
2038	hol	hall	/ˈhol/
2039	buzunar	pocket	[buzuˈnar]
2040	brad	fir, Abies alba	/ˈbrad/
2041	dezamăgit	disillusioned	/de.za.məˈd͡ʒit/
2042	adevăr	truth	/a.deˈvər/
2043	printr-o	contraction of prin + o: through a, by a	[ prin.tro ]
2044	degeaba	for nothing, for free	/dedˈʒeaba/
2045	curvă	whore, slut, tramp, harlot, hooker; a promiscuous woman	[ˈkurvə]
2046	adn	initialism of acid dezoxiribonucleic; DNA	/ˈadn/
2047	urmare	result, consequence	/urˈma.re/
2048	salutare	salutation	/ˌsaluˈtaɾe/
2049	eveniment	event	/ˌeveniˈment/
2050	comandat	to order, command, lead	[komanˈdat]
2051	sigura	sure, certain to be true	/ˈsiɡuˌɾa/
2052	companiei	company	/ˌkompaˈnieɪ/
2053	statul	state, government	/ˈstatul/
2054	boală	disease, sickness, illness	[ˈbo̯alə]
2055	depozit	deposit	/deˈpozit/
2056	alcool	alcohol	[al.koˈol]
2057	curată	clean	/kuˈɾatə/
2058	antrenor	trainer	/ˌantreˈnor/
2059	star	star	/ˈstar/
2060	sunet	sound, noise	[ˈsunet]
2061	războiului	war	/ˌrəzboˈiʊluɪ/
2062	capătul	termination, end	/ˈkapətul/
2063	murdar	dirty, dirtily	/mur.ˈdar/
2064	vreunul	one, someone, anyone	/vreˈunul/
2065	inel	ring	/i.ˈnel/
2066	scump	expensive	/skump/
2067	durat	to build	[duˈrat]
2068	c-ar	contraction of că + ar	/kar/
2069	stil	style, manner	/stil/
2070	piesă	piece	/ˈpje.sə/
2071	merit	to deserve, to merit	[ˈmerit]
2072	finală	final	/fiˈnalə/
2073	folosind	to use, employ	[foloˈsind]
2074	iubim	to love	[juˈbim]
2075	crea	to create	/kreˈa/
2076	incendiu	fire	/intˈʃendiʊ/
2077	nota	to make a note of, note down in writing	/noˈta/
2078	vrăjitoare	wizard	/ˌvrəʒiˈtɔaɾe/
2079	copie	copy	/ˈkopje/
2080	deosebit	especially, remarkably, very	/de.o.seˈbit/
2081	focuri	fire, blaze	/foˈkurʲ/
2082	vas	vessel, general term for receptacle or container	/ˈvas/
2083	explozie	explosion	/eksˈplozje/
2084	stupid	stupidly	/stuˈpid/
2085	romantic	romantic	/roˈmantik/
2086	oricât	however much	/orʲ.ˈkɨt/
2087	v-ar	contraction of vă + ar	/var/
2088	ordonat	orderly	/ˌordoˈnat/
2089	politică	politics	/poˈlitiˌkə/
2090	sare	salt	/ˈsa.re/
2091	scuză	excuse	/ˈskuzə/
2092	zborul	flight	/ˈzbo.rul/
2093	îngropat	buried	/ˌɨŋɡroˈpat/
2094	eh	expresses dissatisfaction or sadness	/ˈeh/
2095	familii	family	[faˈmilij]
2096	terenul	plot of land	/teˈre.nul/
2097	primar	first	/priˈmar/
2098	cumpărături	plural of cumpărătură — purchase	/kum.pə.rəˈturʲ/
2099	privit	viewed, seen	/priˈvit/
2100	ușor	easily	/uˈʃor/
2101	proba	to prove, demonstrate	/ˈproba/
2102	reale	real	[reˈa.le]
2103	politica	political	/poˈlitiˌka/
2104	urca	to climb, ascend, go up, rise	/urˈka/
2105	produs	product	/proˈdus/
2106	trafic	traffic	/ˈtrafik/
2107	sac	sack, bag	/ˈsak/
2108	vânzare	sale	/vɨnˈzaɾe/
2109	gras	fat	/ˈɡras/
2110	bucurie	happiness	/bu.kuˈri.e/
2111	uscat	dry	/usˈkat/
2112	lac	lake	/ˈlak/
2113	cântecul	song	/ˈkɨntekul/
2114	vince	obsolete form of învinge, attested ca. 1491–1516 in the…	/ˈvint͡ʃe/
2115	teoria	theory	/ˈteoɾja/
2116	vară	summer	/ˈva.rə/
2117	muncit	worked	/muntˈʃit/
2118	avertizat	warned	/ˌavertiˈzat/
2119	excursie	trip	/eksˈkursje/
2120	fan	fan	/ˈfan/
2121	deranjat	to derange, disarrange	[de.ranˈʒat]
2122	plecare	departure, parting, leaving	/pleˈka.re/
2123	cartofi	potato	/karˈtofʲ/
2124	tipa	definite nominative/accusative singular of tipă	/ˈti.pa/
2125	arat	to plough	/aˈɾat/
2126	roz	rose, rose-colored	/roz/
2127	ridici	to lift, elevate, raise, hoist, suspend	[riˈdit͡ʃʲ]
2128	mândră	sweetheart	/ˈmɨndrə/
2129	venind	to come	/veˈnind/
2130	ataca	to attack	[ataˈka]
2131	victorie	victory	/vikˈtoɾje/
2132	militar	soldier	[solˈdat]
2133	răzbunare	retribution	/ˌrəzbuˈnaɾe/
2134	zbura	to fly	/zbuˈra/
2135	comandant	commander	/ko.manˈdant/
2136	privi	to look, gaze, regard, watch, behold	/priˈvi/
2137	sănătos	healthy	[sənəˈtos]
2138	respira	to breathe	/res.piˈra/
2139	mondial	worldwide	/monˈdjal/
2140	privat	private	/priˈvat/
2141	impresionant	impressive	/ˌimpresjoˈnant/
2142	presă	press	/ˈpresə/
2143	drepturile	right	/drepˈturile/
2144	natural	natural	/na.tuˈral/
2145	orb	blind	/orb/
2146	protejeze	to protect	[pro.teˈʒe.ze]
2147	certat	rebuked	[t͡ʃerˈtat]
2148	fum	smoke	/ˈfum/
2149	întâmplare	happening, occurrence	/ˌɨntɨmˈplaɾe/
2150	bucura	to delight, to cheer, to indulge	/ˌbukuˈɾa/
2151	tabăra	camp, encampment	/ˈtabəˌɾa/
2152	primim	to receive, to get	[priˈmim]
2153	computer	computer	/komˈpjutər/
2154	murim	to die	[muˈrim]
2155	dureri	pain, ache, suffering	/duˈɾeɾʲʲ/
2156	răspunsuri	response, answer	/ˌrəspunˈsurʲ/
2157	cercetare	search	/ˌtʃertʃeˈtaɾe/
2158	numi	to name	[nuˈmi]
2159	modă	fashion	/ˈmo.də/
2160	plictisitor	boring, annoying	/ˌplik.ti.siˈtor/
2161	alarma	to alarm, to alert	/a.larˈma/
2162	părăsesc	to abandon, neglect, forsake, leave	/ˌpəɾəˈsesk/
2163	reciproc	reciprocal	/retʃiˈprok/
2164	aparat	device	/a.paˈrat/
2165	mizerie	misery	/miˈze.ri.e/
2166	anterior	previous	/an.te.riˈor/
2167	stan	alternative form of stană	/ˈstan/
2168	imaginat	to imagine	[imad͡ʒiˈnat]
2169	rezervă	reserve	/reˈzer.və/
2170	ți-am	contraction of îți + am	/t͡sjam/
2171	acoperit	covered	/a.ko.peˈrit/
2172	vise	dream; vision	[ˈvi.se]
2173	ploaie	rain	/ˈplo̯aje/
2174	distrat	absent-minded	[diˈstrat]
2175	nemernic	infamous, ignoble, wicked, base, mean, foul, knavish,…	/neˈmer.nik/
2176	drogat	drugged	/droˈɡat/
2177	cresc	to grow, increase	/ˈkresk/
2178	fața	face	[ˈfatsa]
2179	profesionist	professional	/ˌprofesjoˈnist/
2180	femeilor	woman	[ feˈme.i.lor ]
2181	acoperi	to cover	/a.ko.peˈri/
2182	sunetul	sound, noise	[ˈsu.ne.tul]
2183	degete	finger	/ˈde.d͡ʒe.te/
2184	ocupe	to occupy, take up	[oˈkupe]
2185	retras	solitary, secluded, withdrawn	/reˈtras/
2186	fiică	daughter	[ˈfijkə]
2187	declarat	declared	[deklaˈrat]
2188	împrumut	loan	/ˌɨmpruˈmut/
2189	suferi	to suffer	/su.feˈri/
2190	pietre	stone	/ˈpjetre/
2191	câmp	field	/ˈkɨmp/
2192	știm	to know	[ʃtim]
2193	ce-l	contraction of ce + îl	/t͡ʃel/
2194	considerat	considered	[konsideˈrat]
2195	antrenament	training	/ˌantrenaˈment/
2196	categoric	categorical	/ˌkateˈɡoɾik/
2197	plată	pay, payment	/ˈplatə/
2198	unitate	unit	/ˌuniˈtate/
2199	bal	ball	/ˈbal/
2200	după-amiază	in the afternoon	/ˈdupə aˈmjazə/
2201	aha	obsolete form of a	/aˈha/
2202	păcălit	fooled	/ˌpəkəˈlit/
2203	canapea	sofa, settee, couch, chesterfield	/ˌkanaˈpea/
2204	gândurile	thought, idea	/ɡɨnˈdurile/
2205	lungi	to lengthen, elongate, extend	/lunˈd͡ʒi/
2206	talent	talent	/taˈlent/
2207	făceai	to do, act	[fəˈt͡ʃe̯aj]
2208	nenorocită	bastard	/ˌnenoɾotˈʃitə/
2209	zahăr	sugar	/ˈza.hər/
2210	dansezi	to dance	/danˈsezʲʲ/
2211	gândul	thought, idea	/ˈɡɨndul/
2212	nisip	sand	/niˈsip/
2213	înger	angel	/ˈɨn.d͡ʒer/
2214	veți	will	[vet͡sʲ]
2215	maiestate	majesty	/ˌmaɪesˈtate/
2216	fire	essence, substance, nature	/ˈfi.re/
2217	căsători	to marry, wed, get married	/kə.sə.toˈri/
2218	asigurare	assurance	/ˌasiɡuˈɾaɾe/
2219	fir	thread, string, filament, wire	/fir/
2220	mediu	mean, medium, average	/ˈme.dju/
2221	negativ	negative	/ˌneɡaˈtiv/
2222	sănătate	health	[sənəˈtate]
2223	aparent	seeming	/ˌapaˈɾent/
2224	obiect	object	[oˈbjekt]
2225	pasăre	bird	/ˈpa.sə.re/
2226	înregistrat	registered	/ˌɨnredʒisˈtrat/
2227	criză	crisis	/ˈkri.zə/
2228	ocean	ocean	/oˈt͡ʃe̯an/
2229	artist	artist	/arˈtist/
2230	numere	number	[ˈnumere]
2231	cadavre	corpse	[kaˈdavre]
2232	bătrână	old	/bəˈtrɨ.nə/
2233	spălat	washed, clean	/spəˈlat/
2234	pescuit	fishing	/pesˈkwit/
2235	tristă	sad	/ˈtristə/
2236	profund	profound, deep	/proˈfund/
2237	expert	wizard	/eksˈpert/
2238	ridic	to lift, elevate, raise, hoist, suspend	[riˈdik]
2239	trezi	to get up, wake up	/treˈzʲi/
2240	lipsesc	to deprive	[lipˈsesk]
2241	zilnic	daily	[ˈzilnik]
2242	inimii	heart	/ˈiniˌmiɪ/
2243	înregistrare	recording	/ˌɨnredʒisˈtraɾe/
2244	câinii	dog	/ˈkyɪniɪ/
2245	soarelui	sun	[ˈso̯a.re.luj]
2246	gaz	gas	/ɡaz/
2247	marfă	goods, merchandise	/ˈmaɾ.fə/
2248	iarbă	grass	/ˈjar.bə/
2249	încotro	which way, whither, whereto	/ˌɨnkoˈtro/
2250	statele	state, government	/staˈtele/
2251	rar	sparsely, thinly	/ˈrar/
2252	cerem	to request, to ask for	[ˈt͡ʃerem]
2253	dosar	dossier	/doˈsar/
2254	sinucidere	suicide	/si.nuˈt͡ʃi.de.re/
2255	dezgustător	disgusting, abhorrent, repulsive, loathsome	/ˌdez.ɡus.təˈtor/
2256	politie	polity, state, republic	/poˈlitje/
2257	lunii	moon	/ˈluniɪ/
2258	simți	to feel	/simˈt͡si/
2259	ierta	to forgive	/ˈjerta/
2260	sol	the lowest part of something; bottom, ground, base,…	/ˈsol/
2261	baseball	baseball	/ˌbaseˈbal/
2262	câtă	how much	/ˈkɨtə/
2263	inutil	useless; of no use or purpose	/ˌi.nuˈtil/
2264	zburat	flying	/zbuˈɾat/
2265	studiat	studied	/stuˈdjat/
2266	împreuna	to join, combine, put together, couple, unite	/ɨm.pre.uˈna/
2267	dorim	to want, to wish	/doˈɾim/
2268	interzis	forbidden	/in.terˈzis/
2269	fura	to steal	/fuˈra/
2270	familiile	family	/ˌfamiˈliɪle/
2271	sărutat	kiss	/ˌsəɾuˈtat/
2272	altora	another one	/ˈaltoˌɾa/
2273	greșit	wrong	/ɡreˈʃit/
2274	pază	guard	/ˈpa.zə/
2275	ridice	to lift, elevate, raise, hoist, suspend	[riˈdit͡ʃe]
2276	celulă	cell	/t͡ʃeˈlulə/
2277	p	abbreviation of pe	/ˈpe/
2278	negre	black	[ˈne.ɡre]
2279	sfânt	holy, sacred; saintly	[sfɨnt]
2280	oase	bone	/ˈo̯a.se/
2281	bandă	tape, band	/ˈbandə/
2282	ministru	minister	/miˈnistru/
2283	cerere	request	[ˈt͡ʃe.re.re]
2284	tort	thread	/tort/
2285	le-ar	contraction of le + ar	/le̯ar/
2286	faceți	to do, act	[ˈfat͡ʃet͡sʲ]
2287	gravidă	pregnant woman	/ɡraˈvi.də/
2288	provocat	to provoke	[provoˈkat]
2289	ieftin	cheap	/ˈjef.tin/
2290	sexual	sexual	[seksuˈal]
2291	vot	vote	/ˈvot/
2292	dulap	wardrobe	/duˈlap/
2293	dormitor	bedroom	/ˌdormiˈtor/
2294	univers	universe	/ˌuniˈvers/
2295	articol	article	[ar.ˈti.kol]
2296	repara	to repair, fix	/ˌrepaˈɾa/
2297	refuz	refusal	/reˈfuz/
2298	ureche	ear	/uˈre.ke/
2299	harta	map	[ˈharta]
2300	jucător	player	/ʒu.kəˈtor/
2301	pacea	peace	/ˈpatʃea/
2302	explicat	to explain	[ekspliˈkat]
2303	jocurile	game, play	/ʒoˈkurile/
2304	fructe	fruit	/ˈfrukte/
2305	rata	to miss, to fail	/ˈrata/
2306	universul	universe	/ˌuniˈversul/
2307	minge	ball	[ˈmin.d͡ʒe]
2308	altcuiva	someone else	/ˌaltkwiˈva/
2309	baia	bathroom	[ˈbaja]
2310	han	inn, caravanserai	/ˈhan/
2311	jurat	vowed, swore	/ʒuˈrat/
2312	fizic	physical	/ˈfi.zik/
2313	fotografia	photography	/ˌfotoɡraˈfia/
2314	dinainte	before	/diˈnaɪnte/
2315	umple	to fill, fill up	/ˈum.ple/
2316	soția	wife	/ˈsotsja/
2317	genial	ingenious, characteristic of a genius	/dʒeˈnjal/
2318	pisică	cat	/piˈsi.kə/
2319	întârziere	lateness	/ɨn.tɨr.ziˈe.re/
2320	central	central, pivotal, nodal	[t͡ʃenˈtral]
2321	ban	money; coin	/ban/
2322	atras	attracted	/aˈtras/
2323	teorie	theory	/te.oˈri.e/
2324	pretinde	to pretend	/preˈtinde/
2325	dispare	to disappear, vanish	[diˈspare]
2326	descoperi	to discover	/ˌdeskopeˈɾʲi/
2327	joi	Thursday	/ˈʒoj/
2328	puteri	strength	/puˈteɾʲʲ/
2329	sinucis	suicider	/ˌsinutˈʃis/
2330	înțeleg	to understand	[ɨnt͡seˈleɡ]
2331	nemaipomenit	extremely	/ˌnemaɪˌpomeˈnit/
2332	furtună	storm, tempest, squall	/furˈtu.nə/
2333	povestit	told	/ˌpovesˈtit/
2334	sexuală	nominative feminine singular of sexual sexual	[sek.suˈa.lə]
2335	pasul	step, pace, footstep, stride	/ˈpa.sul/
2336	știut	known	/ʃtiˈut/
2337	însurat	married	/ɨn.suˈrat/
2338	transmite	to transmit, transfer, convey	/transˈmite/
2339	confuz	confusedly	/konˈfuz/
2340	efort	effort	/eˈfort/
2341	penny	penny	/ˈpenni/
2342	de-abia	synonym of abia	/de̯aˈbja/
2343	magic	magical	/ˈma.d͡ʒik/
2344	rade	to shave	/ˈrade/
2345	oportunitate	opportunity	/ˌoporˌtuniˈtate/
2346	ceară	to request, to ask for	/ˈt͡ʃe̯arə/
2347	mila	compassion, mercifulness, pity	[ˈmila]
2348	carnea	meat	/ˈkarnea/
2349	fure	to steal	[ˈfure]
2350	garaj	garage	/ɡaˈraʒ/
2351	lipsă	absence	/ˈlip.sə/
2352	zid	wall	/ˈzid/
2353	eroul	hero	/eˈɾoʊl/
2354	terapie	therapy	/ˌteɾaˈpie/
2355	apropii	to bring near	/aˈpropiɪ/
2356	înmormântare	funeral	/ˌɨnmormɨnˈtaɾe/
2357	e-mail	e-mail	/jeˈmaɪl/
2358	începând	to begin, to commence	/ɨn.t͡ʃeˈpɨnd/
2359	atrage	to attract, draw, lure, entice, bring	/aˈtrad͡ʒe/
2360	avere	assets	/aˈve.re/
2361	adunat	collected	/ˌaduˈnat/
2362	ating	to touch	[aˈtiŋɡ]
2363	fier	iron	/fjer/
2364	guvern	government	/ɡuˈvern/
2365	garda	guard, watch, guardsmen	[ˈɡarda]
2366	plata	pay, payment	/ˈplata/
2367	amabil	kindly	/aˈma.bil/
2368	blestemat	cursed	/bles.teˈmat/
2369	oraș	city, town	/oˈraʃ/
2370	motor	engine	/moˈtor/
2371	convinge	to convince, to persuade	[ konˈvin.d͡ʒe ]
2372	numerele	number	[ˈnumerele]
2373	sos	sauce	/sos/
2374	apărea	to appear, show up, turn up, emerge	/ˌapəˈɾea/
2375	firmă	company	/ˈfirmə/
2376	scări	ladder	/ˈskəɾʲʲ/
2377	tre	alternative typography of tre’	/ˈtre/
2378	f	abbreviation of foarte	/f/
2379	confirmat	confirmation	/ˌkonfirˈmat/
2380	datorie	debt	/da.toˈri.e/
2381	învinge	to win	/ɨnˈvind͡ʒe/
2382	inspector	inspector	/inˈspek.tor/
2383	recunoscător	grateful	/reˌkunoskəˈtor/
2384	impresionat	impressed	/ˌimpresjoˈnat/
2385	dispozitiv	device	/ˌdispoziˈtiv/
2386	truc	trick	/ˈtruk/
2387	interes	interest	/ˌinteˈɾes/
2388	copaci	tree	/koˈpatʃʲ/
2389	statelor	state, government	/staˈtelor/
2390	spion	spy	/ˈspjon/
2391	construi	to construct, build	/konsˈtruɪ/
2392	pastile	pill	/pasˈtʲile/
2393	hartă	map	/ˈhartə/
2394	indian	Native American	/inˈdjan/
2395	treburi	work	/treˈburʲ/
2396	doctorii	doctor	/ˈdoktoˌɾiɪ/
2397	identitate	identity	[i.den.tiˈta.te]
2398	discurs	discourse	/disˈkurs/
2399	vorbești	to speak	[vorˈbeʃtʲ]
2400	același	the same	/aˈt͡ʃe.laʃʲ/
2401	numită	known as	[nuˈmitə]
2402	floare	flower	/ˈflo̯a.re/
2403	sursă	source	/ˈsursə/
2404	locului	place, location	/ˈlokuluɪ/
2405	lumi	world	[lumʲ]
2406	publică	public	/puˈblikə/
2407	metal	metal	/meˈtal/
2408	fetei	girl	[ˈfetej]
2409	pipi	pee	[ˈpi.pi]
2410	top	ream	/ˈtop/
2411	furtuna	storm, tempest, squall	[furˈtuna]
2412	cădea	to fall	[kəˈde̯a]
2413	privată	toilet	/priˈvatə/
2414	căutare	search	/ˌkəuˈtaɾe/
2415	amicul	friend; pal, buddy	/aˈmikul/
2416	eliminat	eliminated	[e.li.miˈnat]
2417	maxim	maximum	/ˈmak.sim/
2418	pagina	to paginate	/ˈpadʒiˌna/
2419	identificat	identified	/ˌidenˌtifiˈkat/
2420	fericirea	happiness, joy, felicity	/fe.riˈt͡ʃi.re̯a/
2421	pistă	track	/ˈpistə/
2422	limita	to limit	[li.miˈta]
2423	toaleta	to trim a tree's branches	/tɔaˈleta/
2424	demon	a despicable person	[ˈdemon]
2425	produce	to produce	/proˈdu.t͡ʃe/
2426	acelui	that	/aˈt͡ʃe.luj/
2427	albi	white	/alˈbi/
2428	jefuit	robbed	/ʒeˈfwit/
2429	gluma	joke, jest	/ˈɡluma/
2430	mașină	car	/maˈʃi.nə/
2431	preajmă	surroundings	/ˈpreaʒmə/
2432	tari	hard, tough, solid	[tarʲ]
2433	majestate	alternative form of maiestate	/ˌmaʒesˈtate/
2434	carieră	career	/kaɾˈjeɾə/
2435	ie	traditional Romanian embroidered blouse	/ˈije/
2436	servit	served	/serˈvit/
2437	lider	leader	/ˈlider/
2438	proaspăt	fresh	/ˈpro̯as.pət/
2439	ghinion	bad luck	/ɡiˈnjon/
2440	panică	panic	/paˈnikə/
2441	casele	house, dwelling	/kaˈsele/
2442	strica	to spoil, ruin, damage, mar	/striˈka/
2443	argint	silver	/arˈd͡ʒint/
2444	continuat	to continue	[kontinˈwat]
2445	mister	mystery	/misˈter/
2446	vârful	pointed tip	/ˈvɨr.ful/
2447	elibera	to free, set free, release	/e.li.beˈra/
2448	rob	slave	/rob/
2449	albe	white	/ˈal.be/
2450	coleg	colleague	[koˈleɡ]
2451	distrezi	to have fun, enjoy oneself	[diˈstrezʲ]
2452	sprijin	support, assistance, aid, succor	/ˈspri.ʒin/
2453	rănesc	to hurt	/rəˈnesk/
2454	superb	superb	/suˈperb/
2455	învins	defeated, vanquished	/ɨnˈvins/
2456	supăra	to upset	/ˌsupəˈɾa/
2457	du	to carry, lead, take	[du]
2458	memorie	memory	/meˈmo.ri.e/
2459	dansez	to dance	/danˈsez/
2460	vampir	vampire	[vamˈpir]
2461	cadouri	present, gift	/ˌkadoˈurʲ/
2462	piese	piece	/ˈpje.se/
2463	comis	equerry	/koˈmis/
2464	faptului	fact	[ˈfap.tu.luj]
2465	urs	bear	/ˈurs/
2466	piscină	pool	/pistˈʃinə/
2467	subsol	basement	/subˈsol/
2468	gânduri	thought, idea	[ˈɡɨn.durʲ]
2469	coasta	rib	/ˈkɔasta/
2470	regină	queen	[reˈd͡ʒi.nə]
2471	deget	finger	/ˈde.d͡ʒet/
2472	întâlnească	to meet	[ɨntɨlˈne̯askə]
2473	motivele	motive	/ˌmotiˈvele/
2474	whisky	whisky, whiskey	/ˈwi.ski/
2475	vinul	wine	/ˈvinul/
2476	fizică	physics	/ˈfiziˌkə/
2477	grădină	garden	[ɡɾəˈdi.nə]
2478	ancheta	to investigate	/anˈketa/
2479	zăpadă	snow	[zəˈpadə]
2480	concurs	contest, competition	/konˈkurs/
2481	lovesc	to hit; to strike	/loˈvesk/
2482	delicios	delicious	/de.liˈt͡ʃos/
2483	iubită	loved	[juˈbi.tə]
2484	profit	profit	/proˈfit/
2485	râd	to laugh	[rɨd]
2486	furi	to steal	[furʲ]
2487	seamă	account	/ˈseamə/
2488	bată	to beat	[ˈbatə]
2489	statului	state, government	/ˈstatuluɪ/
2490	prezentat	submitted	/ˌprezenˈtat/
2491	culci	to lie down, recline	[kult͡ʃʲ]
2492	invers	backwards, the other way around	/ˈin.vers/
2493	color	color / colour	/koˈloɾ/
2494	falsă	false	/ˈfalsə/
2495	cunoscută	acquaintance	/ˌkunosˈkutə/
2496	meritat	to deserve, to merit	[meriˈtat]
2497	student	college student	/stuˈdent/
2498	actor	actor	/akˈtor/
2499	ulei	oil	/uˈlej/
2500	mormânt	grave, tomb	/morˈmɨnt/
2501	anumit	certain	/a.nuˈmit/
2502	senator	senator	/ˌsenaˈtor/
2503	oglindă	mirror	/oˈɡlin.də/
2504	lucrurilor	thing; object	[ˈlukrurilor]
2505	junior	junior	/ʒuˈnjor/
2506	locuit	inhabited	/loˈkwit/
2507	nepotrivit	inappropriate	/ˌnepotriˈvit/
2508	faptele	fact	[ˈfap.te.le]
2509	logică	logic	/ˈlodʒiˌkə/
2510	pălăria	hat	/ˌpələˈɾia/
2511	dumitale	you	/ˌdumiˈtale/
2512	refuza	to refuse	/re.fuˈza/
2513	ieși	to exit, to get out	/jeˈʃi/
2514	adresă	address	/aˈdresə/
2515	doriți	to want, to wish	/doˈɾitsʲʲ/
2516	crimele	major crime, offence, or wrongdoing; felony	/kriˈmele/
2517	glume	joke, jest	[ˈɡlume]
2518	cântat	to sing	/kɨnˈtat/
2519	persoanele	person; individual	/ˌpersɔaˈnele/
2520	vorbe	talk, talking, speaking	/ˈvorbe/
2521	federal	federal	/fe.deˈral/
2522	echipe	team	/eˈkipe/
2523	incident	incidental	/ˌintʃiˈdent/
2524	creaturi	creature	/kre.aˈturʲ/
2525	scuzi	to excuse, to pardon	[skuzʲ]
2526	opera	to operate	/ˈopeˌɾa/
2527	principală	principal, primary, chief, foremost	/prin.t͡ʃiˈpalə/
2528	fabrica	to fabricate, invent	/ˈfabriˌka/
2529	grăbim	to hurry, be in a rush, make haste	[ɡrəˈbim]
2530	avantaj	advantage	[avanˈtaʒ]
2531	benzină	gas, gasoline, petrol	/benˈzinə/
2532	avans	advance payment	/aˈvans/
2533	găsită	finding	/ɡəˈsi.tə/
2534	ou	egg	/ow/
2535	însumi	myself	/ˈɨnsumʲˌʲ/
2536	ziare	newspaper, gazette	/ˈzjaɾe/
2537	cad	to fall	/kad/
2538	original	original	/ˌoɾidʒiˈnal/
2539	proprietate	property, possession	/pro.pri.eˈta.te/
2540	cec	caecum	/ˈt͡ʃek/
2541	așteaptă	to wait	/aʃˈteaptə/
2542	filmele	movie, film	/filˈmele/
2543	tehnic	technically	/ˈteh.nik/
2544	bagă	to insert, put in, put into	/ˈba.ɡə/
2545	sincronizare	synchronization	/ˌsinkroniˈzaɾe/
2546	sparge	to break, burst, shatter, snap	/ˈspar.d͡ʒe/
2547	stomac	stomach	[ˈsto.mak]
2548	caldă	warm	/ˈkaldə/
2549	primarul	first	/priˈma.rul/
2550	cânte	to sing	/kɨnte/
2551	albastră	blue	/alˈbastrə/
2552	militară	soldier	/ˌmiliˈtaɾə/
2553	punte	footbridge, small or narrow bridge	/ˈpunte/
2554	concert	concert	/kontˈʃert/
2555	sări	to jump	/səˈri/
2556	prietenilor	friend	[priˈetenilor]
2557	mina	to mine	/ˈmina/
2558	că-s	contraction of că + sunt	/ˈkəs/
2559	opinia	opinion	/oˈpinja/
2560	scăzut	lowered, reduced	/skəˈzut/
2561	fantoma	phantom	[fanˈtoma]
2562	slabă	weak	/ˈslabə/
2563	retrag	to become retracted, pull back	/reˈtraɡ/
2564	piper	pepper	/piˈper/
2565	dură	hard, tough	/ˈduɾə/
2566	filmat	filmed	/filˈmat/
2567	fusese	to be	[fuˈse.se]
2568	podul	bridge	/ˈpodul/
2569	evita	to avoid	/ˌeviˈta/
2570	mirare	wonder, amazement	/miˈɾaɾe/
2571	prizonier	prisoner	/ˌprizoˈnjer/
2572	deodată	suddenly	/de.oˈda.tə/
2573	zeci	ten	/zet͡ʃʲ/
2574	negri	black	[ˈneɡri]
2575	ușa	door	[ˈu.ʃa]
2576	printr-un	contraction of prin + un: through a, by a	[ prin.trun ]
2577	asigurat	to assure	/a.si.ɡuˈrat/
2578	secunda	to assist	/seˈkunda/
2579	anulat	cancelled	/a.nuˈlat/
2580	porno	pornographic	[ˈpor.no]
2581	rup	to tear	/ˈrup/
2582	păsări	bird	/ˈpə.sərʲ/
2583	servi	to serve	/serˈvi/
2584	anilor	year	/aˈnʲilor/
2585	depus	deposited	/ˈdepus/
2586	societate	society	[so.t͡ʃjeˈta.te]
2587	risca	to risk	/risˈka/
2588	asistent	assistant	/ˌasisˈtent/
2589	ochelari	glasses, spectacles	/o.keˈlarʲ/
2590	prietenului	friend	[priˈetenuluj]
2591	culc	to lie down, recline	/ˈkulk/
2592	civil	civilian	/tʃiˈvil/
2593	urmărire	tracking; pursuance, pursuit	/ˌurməˈɾiɾe/
2594	protejezi	to protect	[pro.teˈʒezʲ]
2595	pasiune	passion, ardor	/paˈsjune/
2596	îndeajuns	enough; sufficient	/ɨn.de.aˈʒuns/
2597	rană	wound	/ˈranə/
2598	adult	adult	/aˈdult/
2599	eroare	error	/eˈɾɔaɾe/
2600	tehnologie	technology	/teh.no.loˈd͡ʒi.e/
2601	frigider	refrigerator	/ˌfridʒiˈder/
2602	curva	whore, slut, tramp, harlot, hooker; a promiscuous woman	/ˈkur.va/
2603	maestru	master	/maˈes.tru/
2604	cazului	case, circumstance, situation	/ˈkazuluɪ/
2605	set	set	/set/
2606	sabie	sword	/ˈsabje/
2607	castel	castle	/kasˈtel/
2608	alerga	to run	/a.lerˈɡa/
2609	informat	informed	[inforˈmat]
2610	fantome	phantom	[fanˈtome]
2611	septembrie	September	/sepˈtembrije/
2612	asistentă	assistant	/ˌasisˈtentə/
2613	rezultate	result, outcome	/re.zulˈta.te/
2614	înaltă	tall	/ɨˈnaltə/
2615	sete	thirst	/ˈse.te/
2616	școală	school	/ˈʃko̯a.lə/
2617	particular	private	/ˌpartikuˈlar/
2618	numim	to name	[nuˈmim]
2619	căsătoresc	marriage	/ˌkəsətoˈɾesk/
2620	limită	limit	[ˈli.mi.tə]
2621	state	state, government	/ˈstate/
2622	calculator	computer	/ˌkalkulaˈtor/
2623	trai	living	/traj/
2624	dam	cowshed	/ˈdam/
2625	oxigen	oxygen	/ˌoksiˈd͡ʒen/
2626	lux	lux	/ˈluks/
2627	bicicleta	bicycle	/bi.t͡ʃiˈkle.ta/
2628	acordat	granted	/ˌakorˈdat/
2629	house	house music	/ˈhoʊse/
2630	coborât	descending, dismounting, alighting	/ko.boˈrɨt/
2631	dispărea	to disappear, vanish	/ˌdispəˈɾea/
2632	raportat	reported	/ˌraporˈtat/
2633	cutii	plural of cutii	/kuˈtiɪ/
2634	comportament	behaviour	/ˌkomportaˈment/
2635	dispar	to disappear, vanish	[diˈspar]
2636	coadă	tail	/ˈko̯a.də/
2637	de-ai	contraction of de + ai	/de̯aj/
2638	provocare	provocation	/pro.voˈka.re/
2639	furie	wrath	/ˈfuɾje/
2640	greutate	weight	/ɡre.uˈta.te/
2641	chip	face, likeness	/kip/
2642	acelei	that	/aˈt͡ʃe.lej/
2643	vindeca	to heal, cure	/vin.deˈka/
2644	doamnei	lady, polite term for a woman, madam, ma'am	/ˈdɔamneɪ/
2645	scandal	scandal	/skanˈdal/
2646	dansează	to dance	/danˈseazə/
2647	do	do	/do/
2648	sărbători	to celebrate	/sər.bə.toˈri/
2649	vârf	pointed tip	/vɨrf/
2650	iert	to forgive	/ˈjert/
2651	masca	to mask, to hide	/ˈmaska/
2652	convine	to be agreeable, acceptable	/konˈvine/
2653	drumului	road	/drumuˈluɪ/
2654	coada	tail	[ˈko̯ada]
2655	costat	to cost	[koˈstat]
2656	turnul	tower	/ˈturnul/
2657	fugim	to run	[fuˈd͡ʒim]
2658	groază	terror, horror, right, dismay	/ˈɡrɔazə/
2659	desert	dessert	/deˈsert/
2660	trecere	the act of passing	/ˈtre.t͡ʃe.re/
2661	ceartă	quarrel	[ˈt͡ʃe̯artə]
2662	cool	cool	/koˈol/
2663	sire	sire	/ˈsiɾe/
2664	îngrijora	to worry about, to be anxious	/ɨn.ɡri.ʒoˈra/
2665	față	face	/ˈfa.t͡sə/
2666	tipului	guy	/ˈtipuluɪ/
2667	major	major	/maˈʒor/
2668	mason	freemason	/maˈson/
2669	re	re	/ˈre/
2670	aranja	to arrange	/a.ranˈʒa/
2671	show	show	/ˈʃow/
2672	mute	to move, shift	[ˈmute]
2673	avertisment	warning	/ˌavertisˈment/
2674	trib	tribe	[trib]
2675	placa	to plate	/ˈplaka/
2676	împins	pushing	/ɨmˈpins/
2677	lift	elevator, lift	/lift/
2678	dolar	dollar	/doˈlar/
2679	bombe	bomb	[ˈbombe]
2680	urc	to climb, ascend, go up, rise	/ˈurk/
2681	momentan	at the moment	/ˌmomenˈtan/
2682	deosebire	difference	/ˌdeoseˈbiɾe/
2683	exterior	external, outer	/ˌeks.te.riˈor/
2684	capete	head	/ˈka.pe.te/
2685	premiu	prize	/ˈpremiʊ/
2686	sensibil	sensitive	/senˈsibil/
2687	oprire	stop, halt	/oˈpriɾe/
2688	rezultat	result, outcome	/re.zulˈtat/
2689	întoarcere	return	/ˌɨntɔartˈʃeɾe/
2690	mergea	to walk	/merˈd͡ʒa/
2691	produse	product	/proˈdu.se/
2692	legi	law	[led͡ʒʲ]
2693	odihnă	rest, repose	/oˈdihnə/
2694	studiu	study	/ˈstu.dju/
2695	plastic	plastic	/ˈplastik/
2696	marte	alternative form of martie	/ˈmarte/
2697	râul	river	/ˈryʊl/
2698	adaptare	adaptation	/ˌadapˈtaɾe/
2699	dureros	painful	/du.reˈros/
2700	anchetă	inquiry	/anˈketə/
2701	curse	race	/ˈkurse/
2702	întins	stretched, extended, outstretched, spread out	/ɨnˈtins/
2703	mulți	much	/mult͡sʲ/
2704	distrăm	to have fun, enjoy oneself	[diˈstrəm]
2705	vizitat	to visit	/ˌviziˈtat/
2706	alarmă	alarm	/aˈlarmə/
2707	unt	butter	/ˈunt/
2708	font	font	/ˈfont/
2709	repar	to repair, fix	[reˈpar]
2710	haos	chaos	[ˈha.os]
2711	muntele	mountain	/munˈtele/
2712	material	material	/ˌmateɾˈjal/
2713	cerc	a circle	[t͡ʃerk]
2714	amuzantă	funny	/ˌamuˈzantə/
2715	unuia	one	/ˈunuˌja/
2716	tâmpit	stupid, idiotic, foolish	/tɨmˈpit/
2717	precis	precisely, accurately, exactly	/preˈt͡ʃis/
2718	oarecare	some, a random	/ˌwa.reˈka.re/
2719	primească	to receive, to get	[priˈme̯as.kə]
2720	evreu	a Jew, Hebrew	/eˈvre̯u/
2721	fumat	smoking	[fuˈmat]
2722	drag	dear	[draɡ]
2723	palat	palace	/paˈlat/
2724	căldură	heat, warmth	/kəlˈduɾə/
2725	protejat	to protect	[pro.teˈʒat]
2726	alegeri	choice	/aˈle.d͡ʒerʲ/
2727	plănuit	planned	/pləˈnwit/
2728	standard	standard	/ˈstandard/
2729	grabă	haste	/ˈɡrabə/
2730	făceau	to do, act	[fəˈt͡ʃe̯aw]
2731	lucram	to work	[luˈkram]
2732	franceză	a French woman	/franˈt͡ʃe.zə/
2733	august	august; majestic; venerable	/ˈaw.ɡust/
2734	căpitanului	captain	/ˌkəpiˈtanuluɪ/
2735	descrie	to describe; to depict	[desˈkri.je]
2736	mia	thousand	/ˈmi.ja/
2737	însemnat	significant	/ˌɨnsemˈnat/
2738	analiza	to analyze	[analiˈza]
2739	format	to form; to create; to make	/forˈmat/
2740	necunoscut	unknown	[ˌne.ku.nosˈkut]
2741	fonduri	fund	/ˈfon.durʲ/
2742	prostesc	stupid	/prosˈtesk/
2743	americane	indefinite nominative/accusative plural	/ˌameɾiˈkane/
2744	valea	scram!, shoo!	[ˈva.le̯a]
2745	mireasa	bride	/miˈɾeasa/
2746	maximă	maxim	/ˈmaksiˌmə/
2747	sar	to jump	/ˈsar/
2748	fapte	fact	[ˈfap.te]
2749	fericita	alternative form of felicita	/ˌfeɾitˈʃita/
2750	pagină	page	/ˈpadʒiˌnə/
2751	geantă	bag	[ˈd͡ʒe̯an.tə]
2752	promisiune	promise	[pro.mi.siˈu.ne]
2753	seif	safe	/ˈsejf/
2754	furt	theft	/ˈfurt/
2755	fură	third-person plural simple perfect indicative of fi	[ˈfurə]
2756	obiecte	object	/oˈbjekte/
2757	guvernator	governor	/ˌɡuvernaˈtor/
2758	german	a German person	/d͡ʒerˈman/
2759	for	forum	/ˈfor/
2760	gustul	taste	/ˈɡus.tul/
2761	tur	tour	/ˈtur/
2762	surori	sister	[suˈrorʲ]
2763	consilier	counsellor, adviser	/ˌkonsilˈjer/
2764	miercuri	Wednesday	/ˈmjerkurʲ/
2765	palma	palm	[ˈpal.ma]
2766	hrană	food	/ˈhra.nə/
2767	revine	to return, come back	[reˈvine]
2768	nervoasă	angry	/nerˈvɔasə/
2769	maya	maya	/ˈmaja/
2770	francez	French	[franˈt͡ʃez]
2771	altor	other, another	/alˈtor/
2772	campanie	campaign	/kamˈpanje/
2773	marina	to marinate	/maˈɾina/
2774	cauzat	to cause	/ˌkauˈzat/
2775	posibilitate	possibility	/ˌposiˌbiliˈtate/
2776	explodat	exploded	/ˌeksploˈdat/
2777	retrage	to become retracted, pull back	/reˈtra.d͡ʒe/
2778	zeu	god	[zew]
2779	lacrimi	teardrop, tear	[ˈlakrimʲ]
2780	furia	wrath	[ˈfuri.a]
2781	virusul	virus	/ˈvirusul/
2782	pozitiv	positive	/ˌpoziˈtiv/
2783	apăra	to protect, defend, guard	/ˌapəˈɾa/
2784	singure	single, only, sole	/ˈsiŋɡuɾe/
2785	petreceri	party; feast; celebration	/peˈtretʃeɾʲˌʲ/
2786	consiliu	council	/konˈsiliʊ/
2787	apele	water	[ˈapele]
2788	aprecia	to appreciate	/ˌapretˈʃja/
2789	violent	violent	/vi.oˈlent/
2790	voluntar	voluntary	/ˌvolunˈtar/
2791	vi-l	contraction of vă and îl	/vil/
2792	îndepărtat	far, far off, distant, distanced, remote, aloof	/ɨn.de.pərˈtat/
2793	elicopter	helicopter	/ˌelikopˈter/
2794	dimineața	in the morning	/dimiˈne̯at͡sa/
2795	gândească	to think	[ɡɨnˈde̯askə]
2796	ruga	to ask politely, to say please	/ruˈɡa/
2797	afectat	affected	/ˌafekˈtat/
2798	galben	yellow	/ˈɡal.ben/
2799	fabrică	plant	/faˈbrikə/
2800	jumate	syncopic form of jumătate	/ʒuˈma.te/
2801	grădina	garden	/ɡrəˈdina/
2802	tăia	to cut	/təˈja/
2803	combustibil	fuel	/ˌkombusˈtibil/
2804	amestec	mix, mixture, admixture	/aˈmestek/
2805	adesea	often	/aˈde.se̯a/
2806	vremurile	weather	/vreˈmurile/
2807	șansă	chance	[ˈʃansə]
2808	plângere	crying	/plɨŋdˈʒeɾe/
2809	altundeva	somewhere else, elsewhere, some other place	/altundeˈva/
2810	iarna	winter	/ˈjarna/
2811	prizonieri	prisoner	/ˌprizoˈnjeɾʲʲ/
2812	feluri	sort, type, kind	/fe.luˈri/
2813	bomboane	candy, bonbon	/bomˈbɔane/
2814	ține	to hold	/ˈt͡si.ne/
2815	sarcină	burden, load, weight, onus	/ˈsartʃiˌnə/
2816	surprinde	to surprise	/surˈprinde/
2817	consider	to consider	/konˈsi.der/
2818	larg	wide	[larɡ]
2819	lup	wolf	/ˈlup/
2820	umbra	shadow	/ˈumbra/
2821	pian	piano	/ˈpjan/
2822	urmei	footprint, track	/ˈur.mej/
2823	măsura	measure	/mə.suˈra/
2824	sexuale	sexual	[sek.suˈa.le]
2825	campion	champion	/kamˈpjon/
2826	strânge	to tighten, squeeze	/strɨn.d͡ʒe/
2827	pălărie	hat	/ˌpələˈɾie/
2828	oarecum	somehow	/ˌɔaɾeˈkum/
2829	cocaină	cocaine	/koˈkaɪnə/
2830	homosexual	homosexual	/ˌho.mo.sek.suˈal/
2831	green	putting green	/ɡreˈen/
2832	iunie	June	/ˈjunije/
2833	scriitor	writer	/skri.iˈtor/
2834	avioane	aeroplane	/ˌavjɔˈane/
2835	totalitate	totality	[to.ta.liˈta.te]
2836	start	start	/ˈstart/
2837	natură	nature	/naˈtuɾə/
2838	americană	American	/a.me.riˈka.nə/
2839	dă-mi-o	Compound of imperative of da, îmi and o	/ˈdəmʲo/
2840	închizi	to close	/ɨnˈkizʲʲ/
2841	supă	soup	/ˈsu.pə/
2842	următor	following, next	/ur.məˈtor/
2843	iulie	July	/ˈjulije/
2844	i-l	contraction of îi + îl	/il/
2845	zâmbet	smile	/ˈzɨm.bet/
2846	folosită	used	[foloˈsitə]
2847	creatură	creature	/kre.aˈtu.rə/
2848	închiriat	renting	/ˌɨnkiɾˈjat/
2849	băuturi	beverage, drink	/ˌbəuˈturʲ/
2850	echipament	equipment	/ˌekipaˈment/
2851	permanent	permanently	/per.maˈnent/
2852	imens	immense	/iˈmens/
2853	telefoanele	telephone	/ˌtelefɔaˈnele/
2854	cowboy	cowboy	/kowˈboi/
2855	observa	to observe; to perceive, to notice, to remark	/ob.serˈva/
2856	capului	head	/ˈkapuluɪ/
2857	obsedat	obsessed	/ˌobseˈdat/
2858	programare	appointment	/ˌproɡraˈmaɾe/
2859	aprilie	April	/aˈprilije/
2860	plaja	beach	/ˈplaʒa/
2861	bisericii	church	/biˈseɾitˌʃiɪ/
2862	geam	pane	/ˈd͡ʒe̯am/
2863	rătăcit	strayed, lost	/ˌrə.təˈt͡ʃit/
2864	plouă	to rain	/ˈploʊə/
2865	presupus	presumed	/preˈsupus/
2866	doream	to want, to wish	/doˈɾeam/
2867	apeluri	call	/ˌapeˈlurʲ/
2868	tunel	tunnel	/tuˈnel/
2869	considera	to consider	/konsideˈra/
2870	continue	to continue	/konˈti.nu.e/
2871	copilărie	childhood	/ko.pi.ləˈri.e/
2872	secole	century	[ˈse.ko.le]
2873	util	helpful	/uˈtil/
2874	comoara	treasure	/koˈmɔaɾa/
2875	rugam	to ask politely, to say please	[ruˈɡam]
2876	stelele	star	/steˈlele/
2877	plăcintă	traditional pie or pastry	/pləˈt͡ʃintə/
2878	recuperat	recovered	/re.ku.pe.ˈrat/
2879	doctorului	doctor	/ˈdoktoruluɪ/
2880	canal	channel	/kaˈnal/
2881	revista	magazine	[reˈvista]
2882	șase	six	/ˈʃa.se/
2883	tăcere	silence	/tətˈʃeɾe/
2884	bogată	a rich or wealthy person	/boˈɡatə/
2885	terorist	terrorist	/ˌteɾoˈɾist/
2886	noroi	mud	/noˈɾoj/
2887	ideile	idea	/iˈdeɪle/
2888	trădător	traitor	/trə.dəˈtor/
2889	generos	generous	/ˌdʒeneˈɾos/
2890	trata	to treat	/traˈta/
2891	limpede	clear, transparent, limpid	/ˈlim.pe.de/
2892	activitate	activity	[ak.ti.viˈta.te]
2893	înjunghiat	stabbed	/ˌɨnʒuŋˈɡjat/
2894	cord	heart	/ˈkord/
2895	echipele	team	/ˌekiˈpele/
2896	limbă	tongue	/ˈlim.bə/
2897	virus	virus	/ˈvirus/
2898	electric	electric	/eˈlek.trik/
2899	simple	simple	/ˈsim.ple/
2900	prim	first	/ˈprim/
2901	aterizat	landed	/ˌateɾiˈzat/
2902	comă	coma	/ˈkomə/
2903	săraci	a poor person	/səˈɾatʃʲ/
2904	iadul	hell	/ˈjadul/
2905	detaliu	detail	/deˈta.lju/
2906	robot	robot	/roˈbot/
2907	folosite	used	[foloˈsite]
2908	inch	inch	/ˈink/
2909	scară	ladder	/ˈskaɾə/
2910	mărit	glorious, great	/məˈrit/
2911	patra	fourth	/ˈpa.tra/
2912	baftă	good luck	/ˈbaftə/
2913	evadat	fugitive	/ˌevaˈdat/
2914	apei	water	[ˈapej]
2915	modelul	a template	/moˈdelul/
2916	amintire	memory, recollection	[a.minˈti.re]
2917	cheltuit	spent	/kelˈtwit/
2918	douăzeci	twenty	/do.wəˈzet͡ʃʲ/
2919	sălbatic	feral, wild, untamed	[səlˈba.tik]
2920	disperat	alternative form of desperat	/ˌdispeˈɾat/
2921	mergeam	to walk	/merˈd͡ʒam/
2922	supărare	trouble, vexation	/ˌsupəˈɾaɾe/
2923	reporter	reporter, journalist	/reporˈter/
2924	depune	to deposit	/deˈpu.ne/
2925	grăbi	to hurry, be in a rush, make haste	/ɡrəˈbi/
2926	fort	fort, fortification	/ˈfort/
2927	scoală	to get up, stand up, rise	/ˈskɔalə/
2928	bătrâni	old	/bəˈtrɨnʲ/
2929	găsite	finding	[ɡəˈsite]
2930	camerei	room	/ˈkameˌɾeɪ/
2931	temi	to fear	/ˈtemʲ/
2932	apere	to protect, defend, guard	[aˈpere]
2933	recompensa	to reward	/rekomˈpensa/
2934	jenant	embarrassing	/ʒeˈnant/
2935	pedepsit	punished	/ˌpedepˈsit/
2936	temporar	temporary	/ˌtem.poˈrar/
2937	clare	clear, obvious	[ˈkla.re]
2938	nostim	funny	/ˈnostim/
2939	nepoliticos	impolite	/ˌnepoˌlitiˈkos/
2940	umbră	shadow	/ˈum.brə/
2941	agitat	hectic	/ˌadʒiˈtat/
2942	bibliotecă	library	/bi.bli.oˈte.kə/
2943	inamic	enemy, foe	/ˌinaˈmik/
2944	clara	clear, obvious	[ˈkla.ra]
2945	vierme	worm	/ˈvjerme/
2946	absurd	absurd	/abˈsurd/
2947	mel	mel	/ˈmel/
2948	orez	rice	/oˈrez/
2949	controlează	to control, to master	[kon.troˈle̯a.zə]
2950	recompensă	reward	/re.komˈpen.sə/
2951	raza	ray	[ˈraza]
2952	azi-noapte	last night	/azʲˈno̯ap.te/
2953	egoist	selfish	/ˌeɡoˈist/
2954	zori	daybreak, dawn	/ˈzorʲ/
2955	procuror	prosecutor	/ˌprokuˈɾor/
2956	suma	to sum up	/ˈsuma/
2957	plictisit	bored	[pliktiˈsit]
2958	reparat	repaired	[repaˈrat]
2959	accepte	to accept	[akˈt͡ʃepte]
2960	card	card	/ˈkard/
2961	apari	water-vendor	[aˈparʲ]
2962	rude	relation, relative	/ˈrude/
2963	căcat	shit	[kəˈkat]
2964	boli	to ail	/boˈli/
2965	batem	to beat	[ˈbatem]
2966	viziune	vision	/viˈzjune/
2967	nefericire	unhappiness	/ne.fe.riˈt͡ʃi.re/
2968	singurii	single, only, sole	/siŋˈɡuriɪ/
2969	metodă	method	/meˈtodə/
2970	mută	dumb, mute	/ˈmutə/
2971	curge	to flow, run, drip	/ˈkur.d͡ʒe/
2972	pregătim	to prepare	/pre.ɡəˈtim/
2973	legături	connection, link, correlation, relationship of cause and…	/ˌleɡəˈturʲ/
2974	dublă	take	/ˈdu.blə/
2975	într-una	contraction of între + una	/ɨnˈtru.na/
2976	individ	individual, person	/ˌindiˈvid/
2977	deseară	tonight	[ deˈse̯arə ]
2978	studio	studio	/stu.diˈo/
2979	oi	might	/oj/
2980	celule	cell	/tʃeˈlule/
2981	sumă	quantity, amount, sum	/ˈsumə/
2982	deal	hill	/de̯al/
2983	dansa	to dance	[danˈsa]
2984	pădurea	forest	/pəˈduɾea/
2985	aprinde	to light, to turn on	/aˈprinde/
2986	contactat	to contact	/ˌkontakˈtat/
2987	propun	to propose, suggest or recommend	[proˈpun]
2988	salariu	salary	/saˈlaɾiʊ/
2989	chipul	face, likeness	[ˈkipul]
2990	canalul	channel	/kaˈna.lul/
2991	antrenat	trained	/ˌantreˈnat/
2992	strict	strict	/ˈstrikt/
2993	supa	to dine	/ˈsupa/
2994	asasin	assassin, hitman, killer	/ˌasaˈsin/
2995	inimile	heart	/ˈiniˌmʲile/
2996	na	here you are! take it!	/na/
2997	euro	euro	/ˈeu̯.ro/
2998	rază	ray	/ˈrazə/
2999	aprins	lit, kindled	/aˈprins/
3000	chirurg	surgeon	/kiˈɾurɡ/
3001	uniformă	uniform	/ˌuniˈformə/
3002	speria	to scare, to frighten	/speˈrja/
3003	templu	temple	/ˈtem.plu/
3004	aplauze	applause	/ˌaplaˈuze/
3005	moara	mill	/ˈmɔaɾa/
3006	puntea	footbridge, small or narrow bridge	/ˈpuntea/
3007	mese	table	/ˈmese/
3008	nimerit	fit for the purpose	/ˌnimeˈɾit/
3009	stâng	left	/stɨŋɡ/
3010	puiul	chicken	/ˈpwiʊl/
3011	faimos	famous, renowned	/fajˈmos/
3012	lipsi	to deprive	/lipˈsi/
3013	preface	to pretend	/preˈfa.t͡ʃe/
3014	bang	bang	/ˈbaŋɡ/
3015	duminica	on Sundays	/duˈmi.ni.ka/
3016	media	to mediate	/me.diˈa/
3017	străzile	street	/strəˈzʲile/
3018	sperat	wished	/speˈɾat/
3019	ochilor	eye	/oˈkilor/
3020	violet	purple	/vi.oˈlet/
3021	social	social	/ˌso.t͡ʃiˈal/
3022	rezolvi	to resolve	[reˈzolvʲ]
3023	păsa	to care	/pəˈsa/
3024	vindecat	cured	/ˌvindeˈkat/
3025	satelit	satellite	/ˌsateˈlit/
3026	sclavi	slave	/sklavʲ/
3027	motel	motel	/moˈtel/
3028	disponibil	available	[dis.poˈni.bil]
3029	ciao	Hello!	/ˈt͡ʃau/
3030	pungă	purse	[ˈpun.ɡə]
3031	scăpare	escape	/skəˈpaɾe/
3032	provoca	to provoke	/pro.voˈka/
3033	publicitate	publicity	[pu.bli.t͡ʃiˈta.te]
3034	oferim	to offer	[ofeˈrim]
3035	separat	separated	[sepaˈrat]
3036	iubea	to love	[juˈbe̯a]
3037	fraier	stupid person	/ˈfrajer/
3038	insistat	to insist	[insiˈstat]
3039	spăl	to wash	/ˈspəl/
3040	unic	unique	[ˈu.nik]
3041	ecran	screen	/eˈkran/
3042	practică	practice	/prakˈtikə/
3043	nebuna	definite nominative/accusative singular of nebună	/neˈbuna/
3044	întunecat	dark	/ɨn.tu.neˈkat/
3045	responsabilitate	responsibility	/resˌponsaˌbiliˈtate/
3046	pornim	to start; to set into motion; to put into action	[porˈnim]
3047	doctori	doctor	/ˈdoktoɾʲˌʲ/
3048	călătorit	travel	[kələtoˈrit]
3049	costume	suit	/kos.ˈtu.me/
3050	povesti	to tell a story	/ˌpovesˈtʲi/
3051	atitudine	attitude	/ˌatituˈdʲine/
3052	friptură	roast	/fripˈtu.rə/
3053	vouă	you	/ˈvo.wə/
3054	accidentul	accident	/ˌaktʃiˈdentul/
3055	vesti	to announce	/ˈvestʲʲ/
3056	înot	swimming	/ɨˈnot/
3057	presus	above	/ˈpresus/
3058	aventura	To take a risky or dangerous action	/a.ven.tuˈra/
3059	urechea	to ear	/uˈɾekea/
3060	visez	to dream	[viˈsez]
3061	octombrie	October	/okˈtombrije/
3062	d-voastră	abbreviation of dumneavoastră	/ˈdeˈvɔastrə/
3063	repeta	to repeat	/re.peˈta/
3064	transferat	transferred	/ˌtransfeˈɾat/
3065	logic	logical	/ˈlodʒik/
3066	dragon	a dragon	/draˈɡon/
3067	lunga	obsolete form of alunga	/ˈluŋɡa/
3068	paradis	paradise	/ˌpaɾaˈdis/
3069	cadavrele	corpse	[kaˈdavrele]
3070	televiziune	television	/ˌteleviˈzjune/
3071	sfert	quarter, fourth	/ˈsfert/
3072	definitiv	conclusive	/ˌdefiniˈtiv/
3073	ți-a	contraction of îți + a	/t͡sja/
3074	ordinea	order	/ˈor.di.ne̯a/
3075	fascinant	fascinating	/ˌfastʃiˈnant/
3076	altuia	another one	/ˌaltuˈja/
3077	gri	grey	/ɡri/
3078	enorm	enormously	/eˈnorm/
3079	umăr	shoulder	/ˈu.mər/
3080	organizat	organised	/or.ɡa.niˈzat/
3081	transfer	transfer	/transˈfer/
3082	grave	grave, serious	/ˈɡrave/
3083	psihiatru	psychiatrist	/psi.hiˈa.tru/
3084	fuge	to run	[ˈfud͡ʒe]
3085	vale	valley	[ˈvale]
3086	iertat	forgiven	/jerˈtat/
3087	elimina	to eliminate	[e.li.miˈna]
3088	rachete	rocket, missile	/raˈkete/
3089	nevoit	constrained	/ˌnevoˈit/
3090	echipaj	crew	/ˌekiˈpaʒ/
3091	gândire	thinking, thought	/ɡɨnˈdi.re/
3092	împrumutat	on loan	/ˌɨmprumuˈtat/
3093	maică-ta	contraction of maică + ta your mother	/ˈmaj.kə.ta/
3094	coastă	rib	[ˈko̯astə]
3095	adjunct	deputy	/adˈʒunkt/
3096	otravă	poison, venom	/o.ˈtra.və/
3097	logodnica	fiancée	/loˈɡodniˌka/
3098	misterios	mysterious	[ˌmis.te.riˈos]
3099	strici	to spoil, ruin, damage, mar	[strit͡ʃʲ]
3100	confirma	to confirm	/kon.firˈma/
3101	iubirii	love, fondness	[juˈbiriː]
3102	concediu	leave	/kontˈʃediʊ/
3103	comunitate	community	[ko.mu.niˈta.te]
3104	automat	automatic, self-acting, inertial	/a.u.toˈmat/
3105	umblat	frequented	/umˈblat/
3106	hal	situation or condition, most often a bad one	/ˈhal/
3107	tragedie	tragedy	/tradˈʒedje/
3108	judecat	judged	/ʒu.deˈkat/
3109	aterizare	landing	/ˌateɾiˈzaɾe/
3110	după-amiaza	in the afternoon	/ˈdupəaˈmjaza/
3111	halloween	Halloween	/ˌhaloweˈen/
3112	toast	toast	/ˈtɔast/
3113	recupera	to recover, recuperate	/ˌrekupeˈɾa/
3114	emisiune	broadcast, show	/ˌemiˈsjune/
3115	strâng	to tighten, squeeze	/ˈstrɨŋɡ/
3116	pedeapsă	punishment	/peˈde̯ap.sə/
3117	medicament	medicine, drug, medication	/me.di.kaˈment/
3118	prietenie	friendship	[pri.e.teˈni.e]
3119	soțul	husband	/ˈso.t͡sul/
3120	zică	to say, tell	/ˈzikə/
3121	politic	political	/poˈli.tik/
3122	turneu	tour	/turˈneʊ/
3123	exagerat	exaggerated	/ˌek.sa.d͡ʒeˈrat/
3124	crud	raw, uncooked	/krud/
3125	fumezi	to smoke	[fuˈmezʲ]
3126	fato	girl	[ˈfa.to]
3127	egal	equally, evenly	/eˈɡal/
3128	umplut	filled	/umˈplut/
3129	prostituată	prostitute	/ˌprostiˈtwatə/
3130	alertă	alert	/aˈlertə/
3131	notă	note, annotation	/ˈnotə/
3132	dansăm	to dance	/danˈsəm/
3133	sef	alternative form of seif	/ˈsef/
3134	strigat	calling	/striˈɡat/
3135	bage	to insert, put in, put into	[ˈbad͡ʒe]
3136	conflict	conflict	/konˈflikt/
3137	britanic	British	/briˈta.nik/
3138	scuza	to excuse, to pardon	/ˈskuza/
3139	impact	impact	/imˈpakt/
3140	cimitir	cemetery	/ˌtʃimiˈtir/
3141	dimineață	morning	/di.mi.ˈne̯a.t͡sə/
3142	cinema	cinema	/ˈtʃineˌma/
3143	v-o	contraction of vă + o	/vo/
3144	ton	tuna	/ˈton/
3145	v-au	contraction of vă + au	/vaw/
3146	os	bone	/ˈos/
3147	gest	gesture	/ˈdʒest/
3148	ajutoare	help, assistance	/ˌaʒuˈtɔaɾe/
3149	transmit	to transmit, transfer, convey	[tranˈsmit]
3150	stinge	to put out, extinguish	/ˈstin.d͡ʒe/
3151	cavaler	knight	/ˌkavaˈler/
3152	pula	fucking	[ˈpula]
3153	febră	fever	/ˈfe.brə/
3154	preferi	to prefer	/preˈferʲ/
3155	tricou	T-shirt	[triˈkow]
3156	tură	shift	[ˈtu.rə]
3157	scenariu	script	/stʃeˈnaɾiʊ/
3158	lance	spear, lance	/ˈlantʃe/
3159	melodie	melody	/me.loˈdi.e/
3160	stângă	left	/ˈstɨŋɡə/
3161	jumătatea	half	/ˌʒuməˈtatea/
3162	lansare	launch, release	/lanˈsaɾe/
3163	dorea	to want, to wish	/doˈɾea/
3164	mașina	to machinate	/ma.ʃiˈna/
3165	trădare	betrayal	/trəˈda.re/
3166	mere	apple	/ˈme.re/
3167	ură	hate, hatred	/ˈuɾə/
3168	socială	social	/sotˈʃjalə/
3169	alee	allée	/aˈle.e/
3170	gătit	cooked, prepared	/ɡəˈtit/
3171	regatul	kingdom	/reˈɡatul/
3172	baschet	basketball	/basˈket/
3173	să-și	contraction of să + își	/səʃʲ/
3174	deplin	fully	/deˈplin/
3175	april	alternative form of aprilie	/aˈpril/
3176	preda	to hand over, to give in custody an object	/preˈda/
3177	capetele	head	/ˈkapeˌtele/
3178	lacul	lake	/ˈlakul/
3179	blestem	curse	/blesˈtem/
3180	prosti	to fool, to trick	/prosˈti/
3181	acelor	that	/aˈt͡ʃe.lor/
3182	sezon	season	/seˈzon/
3183	medicină	medicine	/ˌmeditˈʃinə/
3184	ras	shaved, shaven	/ras/
3185	pumn	fist	/ˈpumn/
3186	foto	photo	/ˈfoto/
3187	salutări	salutation	/ˌsaluˈtəɾʲʲ/
3188	răspundă	to respond, reply, answer	/rəsˈpundə/
3189	he	alternative form of hei	/ˈhe/
3190	salt	leap	/ˈsalt/
3191	experiment	experiment	/ˌekspeɾiˈment/
3192	poliție	police	/poˈlit͡si.e/
3193	muncii	work, labour	/ˈmuntʃiɪ/
3194	nefericit	unhappy	/ˌne.fe.riˈt͡ʃit/
3195	chei	key	[kej]
3196	totuși	nevertheless	/ˈto.tuʃʲ/
3197	aripi	wing	/ˈaɾipʲˌʲ/
3198	pop	pop, pop music	/ˈpop/
3199	universitate	university	[u.ni.ver.siˈta.te]
3200	propunere	proposal, offer, suggestion, recommendation	/ˌpropuˈneɾe/
3201	martie	March	/ˈmartije/
3202	buze	lip	[ˈbuze]
3203	nevastă	bride	/neˈva.stə/
3204	planificat	planned	/ˌplanifiˈkat/
3205	lent	slow	/ˈlent/
3206	intermediul	means through which something can be done	/ˌintermeˈdiʊl/
3207	vecini	neighbour	/veˈt͡ʃinʲ/
3208	sâni	breast	/ˈsɨnʲʲ/
3209	constant	constant	/konˈstant/
3210	berea	beer	/ˈbeɾea/
3211	sparg	to break, burst, shatter, snap	/ˈsparɡ/
3212	forme	form	[ˈforme]
3213	prietenele	friend	/priˈe.te.ne.le/
3214	călcat	ironing	/kəlˈkat/
3215	murdară	dirty	/murˈdaɾə/
3216	urez	to wish, bid	[uˈrez]
3217	vopsea	paint, dye	/vopˈsea/
3218	distra	to have fun, enjoy oneself	/disˈtra/
3219	picat	failure	[piˈkat]
3220	capturat	captured	/ˌkaptuˈɾat/
3221	patetic	pathetic	/paˈtetik/
3222	luptător	fighter	/ˌluptəˈtor/
3223	juriu	jury	/ˈʒuɾiʊ/
3224	politicos	polite	/ˌpo.li.tiˈkos/
3225	masaj	massage	/maˈsaʒ/
3226	pură	mating season for cows	/ˈpuɾə/
3227	manager	manager	/ˈmenedˌʒər/
3228	universului	universe	/ˌuniˈversuluɪ/
3229	ace	needle	/ˈatʃe/
3230	pese	to care	[ˈpese]
3231	caritate	charity	/ˌkaɾiˈtate/
3232	bătălie	battle	/ˌbətəˈlie/
3233	radar	radar	/ˈra.dar/
3234	clasic	classical	/ˈklasik/
3235	iepure	rabbit	/ˈje.pu.re/
3236	pricepe	to understand	/priˈt͡ʃe.pe/
3237	conectat	connected	/ˌkonekˈtat/
3238	zei	god	[zej]
3239	colo	there	/ˈkolo/
3240	distrez	to have fun, enjoy oneself	[diˈstrez]
3241	enervat	annoyed, angry	[enerˈvat]
3242	întinde	to stretch, lengthen	/ɨnˈtinde/
3243	alibi	alibi	/aˈlibʲʲ/
3244	riscant	risky	/risˈkant/
3245	grăbesc	to hurry, be in a rush, make haste	[ɡrəˈbesk]
3246	călători	to travel, to journey	[kələtoˈri]
3247	pisici	to act like a cat	/piˈsitʃʲ/
3248	turn	tower	/turn/
3249	apuca	to grab, grip, grasp, seize	/a.puˈka/
3250	vânător	hunter	/vɨ.nəˈtor/
3251	mării	sea	/ˈməɾiɪ/
3252	cântând	to sing	/kɨnˈtɨnd/
3253	ac	needle	/ak/
3254	be	baa	/ˈbe/
3255	durut	hurt	/duˈɾut/
3256	închidă	to close	/ɨnˈkidə/
3257	ard	to burn	/ˈard/
3258	englez	English	/eŋˈɡlez/
3259	doborât	shot down	/ˌdoboˈɾɨt/
3260	respectat	respected	/respekˈtat/
3261	benjamin	youngest child	/ˌbenʒaˈmin/
3262	puiule	chicken	/ˈpwiʊle/
3263	verificare	verification	/ˌveɾifiˈkaɾe/
3264	aniversare	anniversary	/ˌaniverˈsaɾe/
3265	impresie	impression	/imˈpresje/
3266	întrerupt	interrupted, broken, stopped	/ˌɨntreˈɾupt/
3267	superior	superior	/ˌsu.peˈrjor/
3268	gratuit	free, without payment	/ɡra.tuˈit/
3269	graham	graham bread	/ɡraˈham/
3270	tăcut	silent, quiet, taciturn	/təˈkut/
3271	aspect	aspect, look	/asˈpekt/
3272	cur	asshole	/kur/
3273	citească	to read	[tʃiˈtjaskə]
3274	manual	handbook	/ma.nuˈal/
3275	realiza	to achieve	/ˌrealiˈza/
3276	dezvoltat	developed	/dez.volˈtat/
3277	alba	white	/ˈal.ba/
3278	jocului	game, play	/ˈʒokuluɪ/
3279	nobil	noble	/ˈno.bil/
3280	clinică	clinic	/kliˈnikə/
3281	fumez	to smoke	[fuˈmez]
3282	salon	living room	/saˈlon/
3283	știți	to know	[ʃtit͡sʲ]
3284	drumuri	road	[ˈdru.murʲ]
3285	îndrepta	to straighten	/ɨn.drepˈta/
3286	rogi	to ask politely, to say please	[rod͡ʒʲ]
3287	eliberare	release	/ˌelibeˈɾaɾe/
3288	reduce	to reduce, to lessen	/reˈdu.t͡ʃe/
3289	prăjituri	a sweet baked good, usually a dessert	/prə.ʒiˈturʲ/
3290	aresta	to arrest	/aˈɾesta/
3291	marcat	marked	[marˈkat]
3292	dependent	dependent	/de.penˈdent/
3293	regreta	to regret	/reˈɡreta/
3294	cazurile	case, circumstance, situation	/kaˈzurile/
3295	elegant	tasteful	/ˌeleˈɡant/
3296	porcărie	crap	/ˌporkəˈɾie/
3297	poftă	appetite	/ˈpoftə/
3298	cursuri	stream, current, flow	[ˈkursurʲ]
3299	vorbeai	to speak	[vorˈbʲæj]
3300	încuiat	locked	/ɨnkwˈjat/
3301	străzii	street	/ˈstrəziɪ/
3302	magazine	shop, supermarket	/ˌmaɡaˈzine/
3303	dac	Dacian	/dak/
3304	loial	loyal	/loˈjal/
3305	scârbos	disgusting, gross, foul, icky, repulsive, loathsome	/skɨrˈbos/
3306	suplimentare	addition	/ˌsuplimenˈtaɾe/
3307	noiembrie	November	/noˈjembrije/
3308	fu	third-person singular simple perfect indicative of fi	[fu]
3309	pahare	glass	/paˈhare/
3310	vedetă	star	/veˈdetə/
3311	răspunsurile	response, answer	/ˌrəspunˈsurile/
3312	târg	market	/ˈtɨrɡ/
3313	flota	to float	[floˈta]
3314	aștepta	to wait	/aʃ.tepˈta/
3315	fasole	beans	/faˈso.le/
3316	muzeu	museum	/muˈzew/
3317	votat	voted	/voˈtat/
3318	dedesubt	beneath, underneath, under	/de.deˈsubt/
3319	comunitatea	community	/ˌkomuniˈtatea/
3320	note	note, annotation	[ˈnote]
3321	eroi	hero	[eˈroj]
3322	lovească	to hit; to strike	/loˈveaskə/
3323	drepturi	right	[ˈdrep.turʲ]
3324	mărturisit	confessed	[mərturiˈsit]
3325	domeniu	domain	/doˈme.nju/
3326	binevenit	welcome	/ˌbineveˈnit/
3327	medie	average, mean, medium	/ˈme.di.e/
3328	ce-au	contraction of ce + au	/t͡ʃe̯aw/
3329	decembrie	December	/deˈt͡ʃem.bri.e/
3330	striga	to call	/striˈɡa/
3331	războinic	warlike	/rəzˈboj.nik/
3332	livrare	delivery	/liˈvraɾe/
3333	copilă	child	[koˈpilə]
3334	arest	arrest	/aˈɾest/
3335	celuilalt	the other	/ˌtʃelwiˈlalt/
3336	lumini	light	[luˈminʲ]
3337	gene	gene	/ˈd͡ʒe.ne/
3338	rus	Russian	/ˈrus/
3339	necaz	trouble, distress	/neˈkaz/
3340	naturală	natural	/ˌnatuˈɾalə/
3341	banilor	money; coin	/baˈnʲilor/
3342	ști	to know	/ˈʃti/
3343	penisul	penis	[ˈpe.ni.sul]
3344	andrea	knitting needle	/anˈdre̯a/
3345	mall	shopping mall, shopping centre	/mol/
3346	decid	to decide	[deˈt͡ʃid]
3347	stres	stress	/ˈstres/
3348	cafenea	coffee house, cafe	/ka.feˈne̯a/
3349	senin	clear, cloudless	/seˈnin/
3350	bazat	to be based on	/baˈzat/
3351	spânzurat	hanged person	/ˌspɨnzuˈɾat/
3352	tenis	tennis	/ˈtenis/
3353	întârzia	to be late	/ɨnˈtɨrzja/
3354	diavol	devil	/ˈdjavol/
3355	steaua	star	/ˈste̯a.wa/
3356	încărcat	loaded	/ˌɨnkərˈkat/
3357	activ	active	/akˈtiv/
3358	dragostei	love	/ˈdra.ɡo.stej/
3359	strigă	barn owl	/ˈstriɡə/
3360	zone	zone	[ˈzo.ne]
3361	speli	to wash	[spelʲ]
3362	marină	navy	/maˈɾinə/
3363	întrebăm	to ask	/ˌɨntreˈbəm/
3364	alfa	alpha	/ˈalfa/
3365	servicii	employment, work	/serˈvi.t͡ʃiː/
3366	poliția	police	/poˈlitsja/
3367	oceanul	ocean	/oˈt͡ʃe̯a.nul/
3368	onorat	honored	/ˌonoˈɾat/
3369	caracter	character	[ka.rakˈter]
3370	protejează	to protect	[proteˈʒe̯a.zə]
3371	numea	to name	[nuˈme̯a]
3372	fur	to steal	[fur]
3373	enervant	annoying	/ˌenerˈvant/
3374	vampiri	vampire	[vamˈpirʲ]
3375	junglă	jungle	/ˈʒuŋɡlə/
3376	viol	rape, violation	/viˈol/
3377	fază	phase	/ˈfa.zə/
3378	beton	concrete	/beˈton/
3379	petrol	petroleum, oil	/peˈtrol/
3380	resurse	resource	[reˈsurse]
3381	tipic	typical	/ˈtipik/
3382	mame	mum, mom, mother	/ˈmame/
3383	tatuaj	tattoo	/ta.tuˈaʒ/
3384	superman	superman	/ˌsuperˈman/
3385	ne-o	contraction of ne + o	/ne̯o/
3386	găuri	to drill, bore, perforate, pierce make a hole	/ˈɡəʊrʲ/
3387	riscat	risky, dangerous	/risˈkat/
3388	primăvară	spring	/ˈpri.məˌva.rə/
3389	car	cart	[kar]
3390	porni	to start; to set into motion; to put into action	[porˈni]
3391	vizitez	to visit	/ˌviziˈtez/
3392	oficială	official	/ˌofit͡ʃiˈalə/
3393	simpatic	nice, likeable	/simˈpatik/
3394	așteptați	to wait	/ˌaʃtepˈtatsʲʲ/
3395	psihopat	psychopath	/ˌpsihoˈpat/
3396	revenim	to return, come back	[reveˈnim]
3397	hall	obsolete form of hol	/ˈhal/
3398	afecta	to affect	/aˈfekta/
3399	trupă	troop	/ˈtru.pə/
3400	favorit	favourite	/ˌfavoˈɾit/
3401	băi	bathroom	/bəj/
3402	rudă	relation, relative	/ˈrudə/
3403	spuse	saying	/ˈspuse/
3404	închipui	to imagine, envisage, fancy	/ˌɨnkiˈpuɪ/
3405	înarmat	armed	/ˌɨnarˈmat/
3406	aperi	to protect, defend, guard	[aˈperʲ]
3407	vacă	cow	/ˈva.kə/
3408	identifica	to identify	/identifiˈka/
3409	femeii	woman	/feˈme.ij/
3410	oricui	anyone, anybody	/ˈoɾʲˌkuɪ/
3411	acești	this	/aˈt͡ʃeʃtʲ/
3412	depărtare	distance	/de.pərˈta.re/
3413	batman	batsman	/batˈman/
3414	simbol	symbol	/simˈbol/
3415	italian	an Italian man	/ˌi.ta.liˈan/
3416	pâinea	bread	/ˈpyɪnea/
3417	cuvine	to be adequate, to be consistent with	/kuˈvine/
3418	cedat	ceded	/tʃeˈdat/
3419	pînă	Formerly standard spelling of până which was introduced in…	/ˈpɨnə/
3420	strategie	strategy	/ˌstratedˈʒie/
3421	groapă	hole, pit, grave	/ˈɡrɔapə/
3422	înecat	drowned	/ˌɨneˈkat/
3423	săracul	a poor person	/səˈɾakul/
3424	sănătoasă	running	/ˌsənəˈtɔasə/
3425	singurele	single, only, sole	/ˈsiŋɡuˌɾele/
3426	binecuvântat	blessed	/ˌbineˌkuvɨnˈtat/
3427	măritat	married	/ˌməɾiˈtat/
3428	continuu	to continue	/konˈti.nu.u/
3429	circ	circus	/ˈtʃirk/
3430	parola	to password	/paˈɾola/
3431	locui	to reside, to dwell	[lokuˈi]
3432	arestare	arrest	/ˌaɾesˈtaɾe/
3433	salată	salad	/saˈla.tə/
3434	zombi	zombie	/ˈzombi/
3435	amiază	noon, midday	/aˈmjazə/
3436	alăturat	adjacent	/ˌalətuˈɾat/
3437	reginei	queen	[reˈd͡ʒi.nej]
3438	bicicletă	bicycle	/bi.t͡ʃiˈkle.tə/
3439	scula	to get up, stand up, rise	/skuˈla/
3440	semna	to sign	/semˈna/
3441	domiciliu	domicile, home, residence, dwelling, abode	/ˌdomitˈʃiliʊ/
3442	nerăbdare	impatience	/ˌneɾəbˈdaɾe/
3443	sal	hey!	/sal/
3444	clipe	moment, instant, second, blink of an eye	[ˈklipe]
3445	exploda	to explode	/eksˈploda/
3446	băiatului	boy	/bəˈjatuluɪ/
3447	custodie	custody	/kusˈtodje/
3448	specii	species	/ˈspetʃiɪ/
3449	jucărie	toy	/ʒu.kəˈri.e/
3450	maro	brown	[maˈɾo]
3451	centrală	headquarters	[t͡ʃenˈtɾa.lə]
3452	praful	dust	/ˈpraful/
3453	sufletele	soul, spirit	[ˈsufletele]
3454	pasărea	bird	/paˈsəɾea/
3455	glorie	glory	/ˈɡloɾje/
3456	popular	popular	/po.puˈlar/
3457	dedicat	dedicated	/ˌdediˈkat/
3458	sacrificiu	sacrifice	/ˌsakriˈfitʃiʊ/
3459	planete	planet	/plaˈnete/
3460	nedrept	wrong, unfair, unjust, unrighteous	/neˈdrept/
3461	mamele	mum, mom, mother	/maˈmele/
3462	sfântul	saint	/ˈsfɨntul/
3463	iarnă	winter	/ˈjar.nə/
3464	personaj	character; persona	/per.soˈnaʒ/
3465	mergând	to walk	/merˈɡɨnd/
3466	slăbit	weakened	/sləˈbit/
3467	puii	chicken	/ˈpwiɪ/
3468	tribal	tribal	/triˈbal/
3469	necrezut	unbelievable	/ˌnekreˈzut/
3470	ambii	both	/ˈam.bij/
3471	picătură	drop	/ˌpikəˈtuɾə/
3472	tac	cue	/ˈtak/
3473	împușcat	shot	/ˌɨmpuʃˈkat/
3474	biblie	Bible	/ˈbi.bli.e/
3475	ceremonie	ceremony	/ˌtʃeɾemoˈnie/
3476	matematică	mathematics	[ma.teˈma.ti.kə]
3477	otrava	poison, venom	/o.ˈtra.va/
3478	lenjerie	linen	/lenˈʒeɾje/
3479	cuptor	oven	/kupˈtor/
3480	imperiul	empire	/ˌimpeˈɾiʊl/
3481	aduna	to gather, to collect	/a.duˈna/
3482	lansat	released	/lanˈsat/
3483	azil	asylum	/aˈzil/
3484	clinica	clinic	[ˈklinika]
3485	nebunul	madman	/neˈbunul/
3486	cretin	idiot	/kreˈtin/
3487	nebunesc	crazy	/ˌnebuˈnesk/
3488	vota	to vote	/voˈta/
3489	stabili	to establish, determine, prove	/ˈstabilʲˌʲ/
3490	sosi	to arrive, come	/soˈsi/
3491	suspine	sob, sigh	/susˈpine/
3492	transmis	sent, transmitted	/transˈmis/
3493	afurisit	damned, accursed	/a.fu.riˈsit/
3494	alergat	running	/a.ler.ˈɡat/
3495	porumb	maize, corn	/poˈrumb/
3496	slăbiciune	weakness, feebleness	/ˌsləbitˈʃune/
3497	idioată	idiot; moron; imbecile	/ˌidjɔˈatə/
3498	jurnal	journal	/ʒurˈnal/
3499	prelua	to take over	/ˈprelwa/
3500	deranj	trouble	/deˈɾanʒ/
3501	asemănător	similar, alike	/a.se.mə.nəˈtor/
3502	târât	dragging	/tɨˈɾɨt/
3503	mizerabil	despicable, abject, low, villanous	/ˌmi.zeˈra.bil/
3504	căi	avenue	/kəˈi/
3505	penis	penis	[ˈpenis]
3506	eficient	efficient, operative	/ˌefitˈʃjent/
3507	animalelor	animal	/ˌaniˈmalelor/
3508	gardă	guard, watch, guardsmen	/ˈɡardə/
3509	heroină	heroin	/ˌheɾoˈinə/
3510	fond	fund	/fond/
3511	mortal	mortal, deadly	/morˈtal/
3512	discutam	to discuss	[diskuˈtam]
3513	include	to include	/inˈklude/
3514	gard	fence	[ɡard]
3515	vitreg	step-, half-	/ˈvi.treɡ/
3516	financiar	financial	/ˌfinantˈʃjar/
3517	laptele	milk	[ˈlap.te.le]
3518	marii	big, large, great	/ˈmaɾiɪ/
3519	participa	to participate	/ˌpartitʃiˈpa/
3520	dos	back	/ˈdos/
3521	întrebe	to ask	/ɨnˈtrebe/
3522	sfântă	holy, sacred; saintly	[ˈsfɨn.tə]
3523	împiedica	to hinder, impede	/ɨmˈpjediˌka/
3524	propus	proposition	/proˈpus/
3525	luați	taken	/luˈat͡sʲ/
3526	titlu	title	/ˈtitlu/
3527	n-avea	contraction of nu + avea	/naˈve̯a/
3528	creste	crest	[ˈkreste]
3529	burta	belly	[ˈburta]
3530	măr	apple	/mər/
3531	coroana	crown	/koˈɾɔana/
3532	oglinda	alternative form of oglindi	/oˈɡlinda/
3533	roata	wheel	/ˈrɔata/
3534	cazi	to fall	[kazʲ]
3535	mesajele	message	/ˌmesaˈʒele/
3536	surioară	sister	/ˌsuɾjɔˈaɾə/
3537	dinspre	from; out of; from the direction of	/ˈdinspre/
3538	belele	trouble, misfortune, mischief	/beˈlele/
3539	homo	gay	/ˈhomo/
3540	ianuarie	January	/ˈja.nwa.rje/
3541	doamnele	lady, polite term for a woman, madam, ma'am	/dɔamˈnele/
3542	interogatoriu	interrogation	/ˌinteˌɾoɡaˈtoɾiʊ/
3543	gaze	gas	[ˈɡaze]
3544	valiza	suitcase	/vaˈli.za/
3545	rezervat	reserved	/rezerˈvat/
3546	implica	to imply	/im.pliˈka/
3547	cauciuc	rubber	/kaʊtˈʃuk/
3548	urce	to climb, ascend, go up, rise	[ˈurt͡ʃe]
3549	drumurile	road	/drumuriˈle/
3550	amic	friend; pal, buddy	/aˈmik/
3551	apăr	to protect, defend, guard	/aˈpər/
3552	bum	boom	/ˈbum/
3553	focului	fire, blaze	/ˈfokuluɪ/
3554	culori	color	/kuˈlorʲ/
3555	fox	fox terrier	/ˈfoks/
3556	legendă	legend	/ledˈʒendə/
3557	fuga	to banish, expel, drive away, chase off	/ˈfuɡa/
3558	pervers	perverse	/perˈvers/
3559	solid	solid, firm	/soˈlid/
3560	partid	party	/parˈtid/
3561	vorbește	to speak	/vor.ˈbeʃ.te/
3562	judeca	to judge	/ʒu.deˈka/
3563	compliment	compliment	/ˌkompliˈment/
3564	grasă	fat	/ˈɡrasə/
3565	răpire	abduction	/rəˈpiɾe/
3566	frunte	forehead, brow	/ˈfrunte/
3567	secretar	secretary	/ˌsekreˈtar/
3568	album	album	/alˈbum/
3569	buton	button	/buˈton/
3570	valabil	valid	/vaˈla.bil/
3571	primă	bonus	/ˈprimə/
3572	rezerva	to reserve	/re.zerˈva/
3573	box	boxing	/ˈboks/
3574	mândri	to be proud of	/ˈmɨndri/
3575	întregime	entirety	/ɨn.treˈd͡ʒi.me/
3576	revistă	magazine	[reˈvi.stə]
3577	personalitate	personality	[per.so.na.liˈta.te]
3578	extraterestru	alien, extraterrestrial	/ˌekstrateˈɾestru/
3579	ghicit	to guess	/ɡiˈt͡ʃit/
3580	biblioteca	library	[bib.li.oˈte.ka]
3581	regală	royal, regal	/reˈɡalə/
3582	partidă	match, game	/parˈtidə/
3583	aceeași	the same	/aˈt͡ʃe.e̯aʃʲ/
3584	descris	describing	[de.skris]
3585	vorbele	talk, talking, speaking	/vorˈbele/
3586	bucătar	cook	/ˌbukəˈtar/
3587	surprinzător	surprising	/ˌsur.prin.zəˈtor/
3588	decent	decent	/deˈt͡ʃent/
3589	absolvit	graduate	/ˌabsolˈvit/
3590	litere	letter	/liˈteɾe/
3591	rula	to roll	/ruˈla/
3592	familiar	familiar	/ˌfamilˈjar/
3593	amestecat	mixed	/a.mes.teˈkat/
3594	blondă	blonde	/ˈblondə/
3595	marijuana	marijuana	[ma.riˈwa.na]
3596	piscina	pool	/pistˈʃina/
3597	spaniolă	a Spanish woman	/spa.niˈo.lə/
3598	teafăr	healthy, unharmed	/teaˈfər/
3599	elev	student, schoolboy	/eˈlev/
3600	gardian	guardian, guard, ward	/ɡarˈdjan/
3601	phoenix	phoenix	/ˌfoeˈniks/
3602	traficant	trafficker	/ˌtrafiˈkant/
3603	nori	cloud	[norʲ]
3604	valoros	valuable	/va.loˈros/
3605	spera	to hope	/speˈra/
3606	intimitate	intimacy	/ˌintimiˈtate/
3607	vărsat	spilt	/vərˈsat/
3608	cercul	a circle	/ˈtʃerkul/
3609	mască	mask	/ˈmas.kə/
3610	cert	certain, sure, doubtless	/t͡ʃert/
3611	inginer	engineer	/ˌiŋdʒiˈner/
3612	cultura	culture	/kulˈtura/
3613	limite	limit	/ˈli.mi.te/
3614	respir	to breathe	[reˈspir]
3615	proprietar	owner of an asset	/ˌproprjeˈtar/
3616	marca	to mark	/marˈka/
3617	leu	lion	/lew/
3618	mutare	move	/muˈtaɾe/
3619	inspirat	inspired	[inspiˈrat]
3620	comisar	commissioner	/ˌkomiˈsar/
3621	casetă	box	/kaˈsetə/
3622	pradă	prey	/ˈpradə/
3623	disperare	despair	/ˌdispeˈɾaɾe/
3624	mândrie	pride, arrogance, vanity	/mɨnˈdri.e/
3625	accent	emphasis	/akˈt͡ʃent/
3626	puse	third-person singular simple perfect indicative of pune	[ˈpuse]
3627	cobori	to descend, dismount, alight	/koˈborʲ/
3628	otrăvit	poisoned	/ˌotrəˈvit/
3629	specie	species	/ˈspe.t͡ʃi.e/
3630	culca	to lie down, recline	/kulˈka/
3631	violat	to violate	[vioˈlat]
3632	haină	garment, garb, article of clothing	/ˈhaɪnə/
3633	interesa	to interest	/ˌinteɾeˈsa/
3634	cerului	sky	/ˈtʃeruluɪ/
3635	demoni	a despicable person	[ˈde.monʲ]
3636	mal	shore	/ˈmal/
3637	împart	to share, apportion, assign, dole, impart	/ɨmˈpart/
3638	dog	mastiff	/ˈdoɡ/
3639	site	website	/ˈsajt/
3640	sărac	poor	[səˈrak]
3641	puterii	strength	/puˈteɾiɪ/
3642	respecta	to respect	/res.pekˈta/
3643	directă	head-on	/diˈɾektə/
3644	stric	to spoil, ruin, damage, mar	[strik]
3645	complex	complex	[komˈpleks]
3646	trăgaci	trigger	/trəˈɡat͡ʃʲ/
3647	recuperare	recovery	/reˌkupeˈɾaɾe/
3648	filmare	filming	/filˈmaɾe/
3649	ultim	ultimate, final, last	/ˈul.tim/
3650	rezonabil	reasonable	/rezoˈnabil/
3651	suflete	soul, spirit	[ˈsuflete]
3652	cablu	cable, cord	/ˈkablu/
3653	executat	executed	/ˌeɡzekuˈtat/
3654	sclav	slave	[sklav]
3655	ud	wet	/ud/
3656	umbla	to walk around, wander, scour	/umˈbla/
3657	magică	magical	/madˈʒikə/
3658	mișcare	movement, motion	[miʃˈka.re]
3659	izolat	isolated	/i.zoˈlat/
3660	chit	whale, cetacean	/ˈkit/
3661	subtitrare	subtitle	/ˌsubtiˈtraɾe/
3662	alimentare	feeding	/ˌalimenˈtaɾe/
3663	reclamă	promotion, marketing	/reˈkla.mə/
3664	stăpân	master, owner, possessor	/stəˈpɨn/
3665	iute	fast	/ˈju.te/
3666	abilitatea	ability	/abiliˈtate̯a/
3667	remarcabil	remarkable	/remarˈkabil/
3668	solar	solar	/soˈlar/
3669	principiu	principle	/printˈʃipiʊ/
3670	cantitate	quantity, amount	/ˌkantiˈtate/
3671	portbagaj	boot/trunk of a car	/ˌportbaˈɡaʒ/
3672	deschidere	action or incidence of opening	/ˌdeskiˈdeɾe/
3673	regal	royal	/reˈɡal/
3674	cădere	fall, tumble	/kəˈdeɾe/
3675	defect	defective	/deˈfekt/
3676	comunicare	communication	/ˌkomuniˈkaɾe/
3677	numerar	cash	/ˌnumeˈɾar/
3678	rotile	little wheel	/roˈtʲile/
3679	vehicul	vehicle	/veˈhikul/
3680	belea	trouble, misfortune, mischief	[beˈle̯a]
3681	singuratic	lonely, secluded, isolated, solitary	/ˌsiŋ.ɡuˈra.tik/
3682	transportul	transport	/transˈportul/
3683	ari	to plough	[arʲ]
3684	prăjitură	a sweet baked good, usually a dessert	/prə.ʒiˈtu.rə/
3685	favor	alternative form of favoare	/faˈvor/
3686	porter	porter	/porˈter/
3687	demn	dignified, worthy, respectable	/demn/
3688	lichid	liquid, fluid, molten	/liˈkid/
3689	bucurat	to delight, to cheer, to indulge	/ˌbukuˈɾat/
3690	grătar	grill, barbecue, gridiron	/ɡrəˈtar/
3691	prietenos	friendly	[pri.e.teˈnos]
3692	operă	a work	/ˈopeˌɾə/
3693	fiii	son	/ˈfiji/
3694	tipă	guy	/ˈti.pə/
3695	cheme	to call	[ˈkeme]
3696	record	record	/reˈkord/
3697	cort	tent	/ˈkort/
3698	imunitate	immunity	/ˌimuniˈtate/
3699	mireasă	bride	/mi.ˈre̯a.sə/
3700	talentat	talented	/ˌtalenˈtat/
3701	păsat	ground seeds or grains of millet or corn or the…	/pəˈsat/
3702	electrică	electric	/ˌelekˈtrikə/
3703	lucrare	work, labor	/luˈkrare/
3704	cincea	fifth	/ˈt͡ʃin.t͡ʃe̯a/
3705	angaja	to employ, hire	/ˌaŋɡaˈʒa/
3706	generală	general	/ˌdʒeneˈɾalə/
3707	tablou	board, blackboard, writing board	/taˈbloʊ/
3708	franci	a Frank	[frant͡ʃʲ]
3709	concentrat	concentrate	/kon.t͡ʃenˈtrat/
3710	cabină	cabin	/kaˈbinə/
3711	trup	body	/ˈtrup/
3712	scade	to decrease, diminish, shrink, mitigate, reduce	[ˈskade]
3713	sec	dry	/sek/
3714	asemeni	like, similar to, in the same way as	/ˌaseˈmenʲʲ/
3715	tupeu	nerve, audacity, chutzpah	/tuˈpeʊ/
3716	luând	to take	/ˈlwɨnd/
3717	iubească	to love	[juˈbe̯as.kə]
3718	pomenit	mentioned	/ˌpomeˈnit/
3719	dansat	to dance	/danˈsat/
3720	riscuri	risk	/ˈriskurʲ/
3721	mărturisesc	to confess; to own up, to come clean	[mərturiˈsesk]
3722	episod	episode	/ˌepiˈsod/
3723	dezvălui	to disclose, to expose, to unveil	/dezˈvəluɪ/
3724	oaspete	guest	/ˈo̯as.pe.te/
3725	taxa	to tax	/ˈtaksa/
3726	porci	to insult	/ˈportʃʲ/
3727	mină	mine	/ˈminə/
3728	just	just, correct	/ʒust/
3729	prioritate	priority	[prijoriˈtate]
3730	figură	figure	/fiˈɡuɾə/
3731	temut	to fear	/teˈmut/
3732	apus	set	/aˈpus/
3733	mijlociu	middle	/miˈʒlotʃiʊ/
3734	prezentare	presentation	[pre.zenˈta.re]
3735	compromis	compromise	/ˌkomproˈmis/
3736	tortul	thread	/ˈtortul/
3737	coborî	to descend, dismount, alight	/ko.boˈrɨ/
3738	funcționează	to function	[funk.t͡si.oˈne̯azə]
3739	contacta	to contact	/konˈtakta/
3740	împotrivă	contra	/ˌɨmpoˈtrivə/
3741	înspre	towards, to	/ˈɨn.spre/
3742	redus	reduced, diminished	/reˈdus/
3743	putina	barrel, cask	/ˈpu.ti.na/
3744	fantezie	fantasy	[fan.teˈzi.e]
3745	pană	feather	/ˈpanə/
3746	nuci	walnut	/nut͡ʃʲ/
3747	metrou	subway; underground; metro	/meˈtroʊ/
3748	noștri	our	/ˈnoʃtri/
3749	semeni	fellow human	/seˈmenʲʲ/
3750	progrese	progress	/proˈɡrese/
3751	măgar	donkey, ass	/məˈɡar/
3752	puls	pulse	/puls/
3753	danseze	to dance	/danˈseze/
3754	microfon	microphone	/ˌmikroˈfon/
3755	practica	to practise	/prak.tiˈka/
3756	asasinat	murder, assassination, homicide	/ˌasasiˈnat/
3757	haios	funny, comic, comical, sidesplitting	/haɪˈos/
3758	pregăti	to prepare	[preɡəˈti]
3759	remarcat	to remark	[remarˈkat]
3760	pică	spite, malice, enmity, acrimony, ill-feeling	/ˈpi.ka/
3761	contrar	contrary	/konˈtrar/
3762	dormim	to sleep	[dorˈmim]
3763	domni	mister, Mr., sir, polite term for a man	/ˈdomnʲʲ/
3764	săptămânii	week	/ˌsəptəˈmɨniɪ/
3765	mir	chrism	/ˈmir/
3766	k	abbreviation of că	/ˈka/
3767	nevinovată	innocent	/ˌnevinoˈvatə/
3768	rachetă	rocket, missile	/raˈke.tə/
3769	departament	department	/de.par.taˈment/
3770	timid	timid, shy	/tiˈmid/
3771	autostradă	highway	/ˌaʊtosˈtradə/
3772	scrisul	writing	/ˈskrisul/
3773	regulat	regularly	/re.ɡuˈlat/
3774	ritm	rhythm	/ˈritm/
3775	somnul	sleep	/ˈsomnul/
3776	avenue	avenue	/aˈvenwe/
3777	hrana	food	/ˈhrana/
3778	învățat	learned, cultured, erudite, scholarly	/ɨn.vəˈt͡sat/
3779	pensie	pension	/ˈpensje/
3780	scurgere	drain	/skurdˈʒeɾe/
3781	dansatoare	dancer	/ˌdansaˈtɔaɾe/
3782	plimb	to walk, stroll, wander, mosey	/ˈplimb/
3783	sufletului	soul, spirit	[ˈsufletuluj]
3784	își	he	/ɨʃʲ/
3785	invizibil	invisible	/ˌin.viˈzi.bil/
3786	jurământ	oath, vow	/ʒurəˈmɨnt/
3787	examen	exam, examination, test	[eɡˈza.men]
3788	paznic	watchman, ward, guard	/ˈpaznik/
3789	germană	German	/d͡ʒerˈma.nə/
3790	voci	voice	/ˈvotʃʲ/
3791	morgă	morgue	/ˈmorɡə/
3792	febra	fever	[ˈfebra]
3793	amintească	to remind	/aminˈte̯askə/
3794	doară	alternative form of doar	/ˈdo̯a.rə/
3795	anonim	anonymous	[a.noˈnim]
3796	arestată	arrested	/ˌaɾesˈtatə/
3797	vrajă	magic, spell	/ˈvra.ʒə/
3798	cioc	beak	/ˈt͡ʃjok/
3799	înceta	to stop, cease, end	/ɨn.t͡ʃeˈta/
3800	scrisă	fate	/ˈskrisə/
3801	surd	deaf	/surd/
3802	urgenta	to expedite	/urdˈʒenta/
3803	chinez	Chinese	/kiˈnez/
3804	patrulea	fourth	/ˈpa.tru.le̯a/
3805	jalnic	distressingly	/ˈʒalnik/
3806	poezie	poetry	/poˈezje/
3807	nega	to deny	/ˈneɡa/
3808	curcan	turkey	/kurˈkan/
3809	expus	exposed	/eksˈpus/
3810	sară	alternative form of seară	/ˈsaɾə/
3811	balta	puddle, pond, pool; also swamp	[ˈbalta]
3812	testat	to test; to try	[teˈstat]
3813	adânci	deep	/a.dɨnˈt͡ʃi/
3814	groapa	hole, pit, grave	/ˈɡrɔapa/
3815	ruinat	ruined	/ˌruiˈnat/
3816	îndreptat	directed	/ˌɨndrepˈtat/
3817	alătura	to join	/a.lə.tuˈra/
3818	structura	to structure	/strukˈtuɾa/
3819	cămin	fireplace, hearth	/kəˈmin/
3820	repari	to repair, fix	[reˈparʲ]
3821	consideri	to consider	[konˈsiderʲ]
3822	responsabilă	responsible, answerable, liable	/resˌponsaˈbilə/
3823	invita	to invite	/in.viˈta/
3824	acuza	to accuse	/a.kuˈza/
3825	distrugere	destruction	/disˈtɾud͡ʒere/
3826	tragic	tragical	/ˈtradʒik/
3827	momentele	the time, the right moment	/ˌmomenˈtele/
3828	absolvire	graduation	/ˌabsolˈviɾe/
3829	front	front, front line	/ˈfront/
3830	partidul	party	/parˈtidul/
3831	hambar	barn	/hamˈbar/
3832	cântăm	to sing	/kɨnˈtəm/
3833	respiri	to breathe	[reˈspirʲ]
3834	adorabil	adorable	/a.doˈra.bil/
3835	duzină	dozen	/duˈzinə/
3836	filmului	movie, film	/ˈfilmuluɪ/
3837	bestia	beast, wild animal	/ˈbestja/
3838	mirosi	to smell	/mi.roˈsi/
3839	gară	terminal, station, railway station	/ˈɡaɾə/
3840	impuls	impulse	/imˈpuls/
3841	sângelui	blood	/sɨŋdˈʒeluɪ/
3842	profesoară	professor	[pro.fe.ˈso̯a.rə]
3843	altar	communion table	/alˈtar/
3844	sigure	sure, certain to be true	/siˈɡuɾe/
3845	obliga	to oblige	/ˌobliˈɡa/
3846	margine	edge, margin, border, limit	/ˈmardʒiˌne/
3847	așteptare	waiting	/aʃ.tepˈta.re/
3848	infectat	infected	/ˌinfekˈtat/
3849	parfum	perfume	/parˈfum/
3850	minus	minus	/ˈminus/
3851	versiune	version; rendition	/verˈsjune/
3852	tipuri	guy	/tiˈpurʲ/
3853	călătoresc	traveller's	[kələtoˈresk]
3854	fotografiat	photographed	/ˌfotoɡraˈfjat/
3855	turnat	casting	/turˈnat/
3856	potrivi	to arrange	/po.triˈvi/
3857	campus	campus	/ˈkam.pus/
3858	via	via, by	/ˈvi.a/
3859	comună	common; communal	/koˈmu.nə/
3860	stins	turned off	/ˈstins/
3861	încurcat	tangled	/ˌɨnkurˈkat/
3862	medici	medical	/ˈmedit͡ʃʲ/
3863	adormi	to fall asleep	/a.dorˈmi/
3864	identificare	identification	/ˌidenˌtifiˈkaɾe/
3865	tron	throne	/tron/
3866	gemeni	twin	/ˈdʒemenʲˌʲ/
3867	surprindere	surprise	/ˌsurprinˈdeɾe/
3868	factura	to charge, to invoice, to bill	/fakˈtuɾa/
3869	ieșit	going out	/jeˈʃit/
3870	internat	boarding school	/ˌinterˈnat/
3871	rugăciune	prayer, orison	/ˌruɡətˈʃune/
3872	apuc	to grab, grip, grasp, seize	/aˈpuk/
3873	baga	turtle shell	/ˈbaɡa/
3874	demonstra	to prove	/ˌdemonsˈtra/
3875	intens	intense	/inˈtens/
3876	biroului	bureau	/ˌbiɾoˈuluɪ/
3877	alternativă	alternative	/ˌalternaˈtivə/
3878	rechin	shark	/reˈkin/
3879	transforme	to transform	[ transˈforme ]
3880	tensiune	tension	/tenˈsjune/
3881	cheltui	to spend	/kel.tuˈi/
3882	amesteca	to mix, mix up	/a.mes.teˈka/
3883	nespus	untold	/ˈnespus/
3884	ușă	door	/ˈu.ʃə/
3885	descoperire	discovery	[dɛskopɛˈrirɛ]
3886	vesel	glad, cheerful, joyful, happy	/ˈve.sel/
3887	deși	although, even though, even if, in spite of, despite the…	/deˈʃʲi/
3888	nerăbdător	anxious	/ˌneɾəbdəˈtor/
3889	sîntem	alternative form of suntem	/sɨnˈtem/
3890	critică	critic	/kriˈtikə/
3891	umeri	shoulder	/ˈumeɾʲˌʲ/
3892	rupte	torn, rended, broken	[ˈrupte]
3893	aerian	aerial	/ˌaeɾˈjan/
3894	sălbatice	feral, wild, untamed	[səlˈba.ti.t͡ʃe]
3895	iveală	apparition	/iˈvealə/
3896	candidat	candidate	/ˌkandiˈdat/
3897	genetic	genetic	[d͡ʒeˈne.tik]
3898	corupt	corrupt	/koˈrupt/
3899	analiză	analysis	[anaˈlizə]
3900	sărbătoare	holiday, feast, festival, celebration, vacation	/ˌsərbəˈtɔaɾe/
3901	evacuare	evacuation	/ˌevaˈkwaɾe/
3902	controlezi	to control, to master	[kon.troˈlezʲ]
3903	căsnicie	marriage; married life, wedded life, family life	/kəsniˈt͡ʃije/
3904	doză	dose	/ˈdozə/
3905	respinge	to reject	/resˈpin.d͡ʒe/
3906	străină	stranger	/strəˈinə/
3907	cabană	chalet, hut	/kaˈba.nə/
3908	buzna	unexpectedly	/ˈbuzna/
3909	nor	cloud	[nor]
3910	rasă	race	/ˈrasə/
3911	sfoară	string	/ˈsfɔaɾə/
3912	mecanic	mechanical	/meˈka.nik/
3913	splendid	splendid	/ˈsplendid/
3914	ideal	ideal	/iˈdeal/
3915	pornesc	to start; to set into motion; to put into action	[porˈnesk]
3916	celebru	celebrated, illustrious, famous, renowned, notable	/t͡ʃeˈle.bru/
3917	cash	cash	/ˈkaʃ/
3918	rutină	routine	/ruˈtinə/
3919	apăsat	pressed	/ˌapəˈsat/
3920	saturat	saturated	/sa.tuˈrat/
3921	alerg	running	/aˈlerɡ/
3922	promite	to promise	/proˈmi.te/
3923	clovn	clown	/ˈklovn/
3924	pietrele	stone	/pjeˈtrele/
3925	beri	beer	[berʲ]
3926	adăugat	added, glued, annexed	/ˌadəʊˈɡat/
3927	spitalului	hospital	/spiˈtaluluɪ/
3928	dobitoc	blockhead, numskull, nincompoop, moron, imbecile, idiot	/ˌdobiˈtok/
3929	concluzie	conclusion	/konˈkluzje/
3930	materie	matter	/maˈte.rje/
3931	apela	to appeal	/a.peˈla/
3932	ierte	to forgive	/ˈjer.te/
3933	farfurie	plate	[far.fuˈri.e]
3934	vecin	neighboring	/veˈt͡ʃin/
3935	momeală	lure, bait, fly	/moˈme̯a.lə/
3936	asociat	associated	/ˌasotˈʃjat/
3937	simțit	sensible	/simtˈsit/
3938	înlocuit	replacing	/ˌɨnloˈkwit/
3939	discret	discreet	[disˈkret]
3940	panica	to panic	/ˈpaniˌka/
3941	bestie	beast, wild animal	/ˈbestje/
3942	râului	river	/ˈryʊluɪ/
3943	sacrificat	sacrificed	[sakrifiˈkat]
3944	atmosferă	atmosphere	[at.mosˈfe.rə]
3945	veci	council	/ˈvetʃʲ/
3946	opus	opposite, contrary	/oˈpus/
3947	frunze	leaf	/ˈfrunze/
3948	leac	medicine, remedy, cure	/ˈleak/
3949	expirat	lapsed, expired	[ekspiˈrat]
3950	lega	to tie, bind, connect	/leˈɡa/
3951	tigru	tiger, he-tiger	/ˈtiɡru/
3952	popor	a people	/poˈpor/
3953	bara	to bar, to block	/baˈra/
3954	împiedicat	prevented	/ˌɨmpjediˈkat/
3955	obraznic	arrogant, cheeky, impudent, brazen	/oˈbraz.nik/
3956	gemete	groan, moan	/ˈdʒemeˌte/
3957	torturat	tortured, anguished	[tor.tuˈrat]
3958	reuniune	reunion	/reuˈnjune/
3959	cristal	crystal	/krisˈtal/
3960	vită	cow, ox, beast, brute	/ˈvi.tə/
3961	scaune	chair, seat	/ˈskaʊne/
3962	concentra	to focus	/kon.t͡ʃenˈtra/
3963	boom	boom	/boˈom/
3964	efecte	effect	[eˈfekte]
3965	cruce	cross	/ˈkrutʃe/
3966	complice	accomplice, accessory	/komˈpli.t͡ʃe/
3967	răsărit	sunrise	/ˌrəsəˈɾit/
3968	pretutindeni	everywhere	[pretuˈtindenʲ]
3969	fermecător	charming	/ˌfer.me.kəˈtor/
3970	get	Get, one of the Getae, Greek name for the Dacian people	/d͡ʒet/
3971	adoptat	adopted	[adopˈtat]
3972	prietenei	friend	/priˈe.te.nej/
3973	cremă	fondant, cream	/ˈkre.mə/
3974	zonele	zone	[ˈzo.ne.le]
3975	figura	to appear, be included; to represent	[fiˈɡura]
3976	informații	information, piece of information	/ˌinforˈmatsiɪ/
3977	determinat	determined	[determiˈnat]
3978	tehnică	technique	/ˈteh.ni.kə/
3979	planului	plane	/ˈplanuluɪ/
3980	conducător	leader, ruler	/ˌkondukəˈtor/
3981	blând	mild	/blɨnd/
3982	controlat	to control, to master	/kon.troˈlat/
3983	demonstrat	demonstrated	/ˌdemonsˈtrat/
3984	calvin	Calvinist	/kalˈvin/
3985	eventual	prospective	/ˌevenˈtwal/
3986	grad	degree	/ˈɡrad/
3987	japonez	Japanese	[ʒa.poˈnez]
3988	infractor	felon	/ˌinfrakˈtor/
3989	ritual	ritual	/riˈtwal/
3990	muncitori	worker, labourer	/ˌmuntʃiˈtoɾʲʲ/
3991	enerva	to vex, to annoy, to irritate	/eˈnerva/
3992	sfârșitul	end	/sfɨrˈʃitul/
3993	legist	forensic	/ledˈʒist/
3994	reducere	reduction	/reˈdu.t͡ʃe.re/
3995	acid	acid, acidic	[aˈt͡ʃid]
3996	agresiv	aggressively	/a.ɡreˈsiv/
3997	suta	feminine of al sutălea	/ˈsu.ta/
3998	comoară	treasure	/koˈmo̯a.rə/
3999	religie	religion	[reˈlidʒie]
4000	instrument	instrument	/ˌinstruˈment/
4001	copila	definite nominative/accusative singular of copilă	/koˈpila/
4002	lama	lama	/ˈlama/
4003	tâmpenie	stupidity, foolishness, imbecility, idiocy	/tɨmˈpeni.e/
4004	iadului	hell	/ˈjaduluɪ/
4005	sacru	sacred	[ˈsa.kru]
4006	grăbit	hurried, hasty	/ɡrəˈbit/
4007	rezervare	reservation	/rezerˈvaɾe/
4008	creează	to create	[kreˈe̯azə]
4009	scrise	writing	/ˈskrise/
4010	naveta	shuttle	/naˈveta/
4011	rundă	round	/ˈrun.də/
4012	calci	to step, tread	[kalt͡ʃʲ]
4013	flash	flash	/ˈflaʃ/
4014	job	job	/d͡ʒjob/
4015	pregătite	prepared	[preɡəˈtite]
4016	sacul	alternative form of saculă	/ˈsakul/
4017	stâncă	cliff	/ˈstɨn.kə/
4018	sunete	sound, noise	[ˈsu.ne.te]
4019	perfecta	perfect, flawless	/per.fekˈta/
4020	picnic	picnic	/ˈpiknik/
4021	specialist	specialist	/ˌspetʃjaˈlist/
4022	accidental	accidental	/ak.t͡ʃi.denˈtal/
4023	formează	to form; to create; to make	[forˈme̯azə]
4024	yoga	yoga	/ˈjoɡa/
4025	conte	count, earl	/ˈkonte/
4026	activat	activation	/ˌaktiˈvat/
4027	reviste	magazine	[reˈvi.ste]
4028	ironic	ironic	[iˈro.nik]
4029	romantică	romantic	/ˌromanˈtikə/
4030	libera	to transfer a soldier to the reserves or away from active…	/ˈlibeˌɾa/
4031	carbon	carbon	/karˈbon/
4032	progres	progress	/proˈɡres/
4033	paranoic	paranoid	/ˌpaɾaˈnoik/
4034	analizele	analysis	/ˌanaliˈzele/
4035	marinar	sailor	/ˌmaɾiˈnar/
4036	iris	iris	/iˈɾis/
4037	sângerează	to bleed	[sɨn.d͡ʒeˈre̯azə]
4038	altădată	another time, some time else	/ˈal.tə.da.tə/
4039	paria	to bet	/pa.riˈa/
4040	adolescent	teenager	/ˌadolestˈʃent/
4041	delicat	delicate	/de.liˈkat/
4042	repare	to repair, fix	[reˈpare]
4043	grăsime	fat	/ɡrəˈsi.me/
4044	merite	to deserve, to merit	[ˈmerite]
4045	sprijini	to support, sustain, bear, succor	/spri.ʒiˈni/
4046	recuperez	to recover, recuperate	[rekupeˈrez]
4047	convenabil	convenient	/ˌkonveˈnabil/
4048	puzzle	puzzle	/ˈpuzle/
4049	discute	to discuss	[diˈskute]
4050	sfânta	holy, sacred; saintly	[ˈsfɨn.ta]
4051	elefant	elephant	/e.leˈfant/
4052	scofală	deal, deed	/skoˈfalə/
4053	folosea	to use, employ	[foloˈse̯a]
4054	autoritate	authority	/a.u.to.riˈta.te/
4055	timpurile	time	/timˈpurile/
4056	legume	vegetable	/leˈɡume/
4057	răpită	kidnapped	[rəˈpitə]
4058	împrumuta	to lend	/ˌɨmpruˈmuta/
4059	meserie	profession, handicraft, trade	/meˈseɾje/
4060	februarie	February	/fe.bruˈa.ri.e/
4061	volan	steering wheel	/voˈlan/
4062	suge	to suck	/ˈsu.d͡ʒe/
4063	seria	to seriate	/seˈɾia/
4064	rinichi	kidney	[riˈnikʲ]
4065	preocupat	preoccupied	/ˌpreokuˈpat/
4066	fain	cool, fine, of good quality	/fajn/
4067	teoretic	theoretic, theoretical	/te.oˈre.tik/
4068	acuzare	indictment	/ˌakuˈzaɾe/
4069	infirmerie	infirmary	/ˌinfirˈmeɾje/
4070	cercetat	investigated	/ˌtʃertʃeˈtat/
4071	vrăjitor	wizard	/vrə.ʒiˈtor/
4072	lin	even, smooth	/lin/
4073	garanta	to guarantee	/ɡaˈɾanta/
4074	dramatic	dramatic	/draˈma.tik/
4075	cezar	Caesar	/tʃeˈzar/
4076	cardiac	cardiac	/karˈdjak/
4077	treizeci	thirty	/trejˈzet͡ʃʲ/
4078	conexiune	connection	/ˌkonekˈsjune/
4079	crucea	cross	/ˈkrutʃea/
4080	unchi	uncle	/ˈuŋkʲ/
4081	dom	dome	/ˈdom/
4082	poponar	faggot, homosexual, tonic	/po.poˈnar/
4083	vaca	cow	/ˈvaka/
4084	mit	myth	/ˈmit/
4085	nuclear	nuclear	/nuˈklear/
4086	superioară	superior	/ˌsupeɾjɔˈaɾə/
4087	covor	rug, carpet	/koˈvor/
4088	acorda	to grant, allow, give, accord, permit, confer, vouchsafe	/a.korˈda/
4089	vizitator	guest	/ˌvizitaˈtor/
4090	istoric	historic	/isˈto.rik/
4091	repetat	repeated	[repeˈtat]
4092	cerebral	cerebral	/ˌtʃeɾeˈbral/
4093	critic	critical	/ˈkri.tik/
4094	bursă	stock exchange	/ˈbursə/
4095	graba	haste	[ˈɡraba]
4096	evadare	escape	/ˌevaˈdaɾe/
4097	întind	to stretch, lengthen	/ɨnˈtind/
4098	dexter	dexterous	/deksˈter/
4099	obiceiul	habit	/ˌobitˈʃeiʊl/
4100	suspendat	suspended	/ˌsuspenˈdat/
4101	nucleară	nuclear	/nuˈkleaɾə/
4102	dinte	tooth	[ˈdinte]
4103	loialitate	loyalty	/ˌlojaliˈtate/
4104	instalat	installed	/ˌinstaˈlat/
4105	povară	burden, load, weight	/poˈvaɾə/
4106	împlinit	fulfilled	/ˌɨmpliˈnit/
4107	rupi	to tear	[rupʲ]
4108	cravata	necktie	[kraˈvata]
4109	ostatic	hostage	/osˈtatik/
4110	morală	moral	/moˈɾalə/
4111	minor	minor	/miˈnor/
4112	culorile	color	[kuˈlo.ri.le]
4113	hrănit	nourished	/hrəˈnit/
4114	bastard	bastard	/basˈtard/
4115	straniu	strange, bizarre, odd	/ˈstra.nju/
4116	tortura	to torture	/tor.tuˈra/
4117	îngrijire	care	/ˌɨŋɡriˈʒiɾe/
4118	interogat	interrogated	/ˌinteɾoˈɡat/
4119	greșeală	mistake	/ɡreˈʃe̯a.lə/
4120	aprobat	approval	/ˌaproˈbat/
4121	internă	internal	/inˈternə/
4122	laser	laser	/ˈlaser/
4123	vagabond	tramp	/va.ɡaˈbond/
4124	trimise	third-person singular simple perfect indicative of trimite	/triˈmise/
4125	document	document	/do.kuˈment/
4126	sufăr	to suffer	[ˈsufər]
4127	pacoste	vicissitude	/ˈpakosˌte/
4128	accidente	accident	/ˌaktʃiˈdente/
4129	cazier	criminal record	/kaˈzjer/
4130	faliment	bankruptcy	/fa.liˈment/
4131	monedă	coin	/moˈnedə/
4132	specific	specific	/speˈt͡ʃi.fik/
4133	majore	obsolete form of major	/maˈʒoɾe/
4134	bile	bile	[ˈbile]
4135	vânează	to hunt	/vɨˈneazə/
4136	protejăm	to protect	[pro.teˈʒəm]
4137	barbă	beard	/ˈbaɾ.bə/
4138	vapor	boat, ship	/vaˈpor/
4139	portocale	orange	/ˌportoˈkale/
4140	determina	to determine	/de.ter.miˈna/
4141	sălbatică	feral, wild, untamed	[səlˈba.ti.kə]
4142	credincios	believing	/kre.dinˈt͡ʃʲos/
4143	zvon	rumor	/zvon/
4144	străinătate	abroad, foreign countries	/ˌstrəinəˈtate/
4145	infarct	heart attack	/inˈfarkt/
4146	elevi	student, schoolboy	[eˈlevʲ]
4147	localizat	located	/ˌlokaliˈzat/
4148	diamant	diamond	/di.aˈmant/
4149	cravată	necktie	/kraˈvatə/
4150	avansat	advanced	[avanˈsat]
4151	fut	to fuck	[fut]
4152	logodit	betrothed, engaged	/ˌloɡoˈdit/
4153	creeze	to create	[kreˈeze]
4154	transporta	to transport	/transˈporta/
4155	scurte	short	/ˈskurte/
4156	ignora	to ignore	/iɡ.noˈra/
4157	lupul	wolf	/ˈlupul/
4158	bloc	block	/ˈblok/
4159	păsărică	birdie, small bird	/ˌpəsəˈɾikə/
4160	conformitate	conformity	[con.for.miˈta.te]
4161	studiez	to study	[stuˈdjez]
4162	informator	informant	/ˌinformaˈtor/
4163	cuib	nest	/ˈkuɪb/
4164	benzi	tape, band	[benzʲ]
4165	înmatriculare	matriculation	/ˌɨnmaˌtrikuˈlaɾe/
4166	înscrie	to register	/ɨnˈskri.e/
4167	pont	tip, hint	/ˈpont/
4168	ambasador	ambassador	/ˌambasaˈdor/
4169	depun	to deposit	/deˈpun/
4170	insecte	insect	[inˈsekte]
4171	palmă	palm	[ˈpal.mə]
4172	legăturile	connection, link, correlation, relationship of cause and…	/ˌleɡəˈturile/
4173	controlez	to control, to master	[kon.troˈlez]
4174	literalmente	literally	/ˌliteɾalˈmente/
4175	vizual	visual	/viˈzwal/
4176	dulciuri	sweets	/ˈdul.t͡ʃurʲ/
4177	fin	fine, delicate	/fin/
4178	serial	serial	/seɾˈjal/
4179	ajunul	fast, fasting	/aˈʒunul/
4180	crăciunului	definite genitive/dative singular of Crăciun	/krətˈʃunuluɪ/
4181	duh	spirit	/duh/
4182	escroc	crook, swindler	/esˈkrok/
4183	cicatrice	scar	[t͡ʃikaˈtrit͡ʃe]
4184	egalitate	equality	/ˌeɡaliˈtate/
4185	câștigat	won	[kɨ.ʃtiˈɡat]
4186	neplăcut	unpleasant	/ne.pləˈkut/
4187	desen	drawing, picture	/deˈsen/
4188	zăpada	snow	/zəˈpada/
4189	dezbrăcat	undressed, naked	[dezbrəˈkat]
4190	speri	to hope	[sperʲ]
4191	chirie	rent	/ˈkiɾje/
4192	audiere	hearing	/ˌauˈdjeɾe/
4193	proiectat	designed	/ˌprojekˈtat/
4194	mostră	sample	/ˈmostrə/
4195	obiectiv	objective	/o.bjekˈtiv/
4196	revedea	to see again	/reˈvedea/
4197	pacific	peaceable, peaceful	/paˈt͡ʃi.fik/
4198	miza	to bet	/ˈmiza/
4199	destin	destiny	/desˈtin/
4200	modificat	modified, adjusted	/mo.di.fiˈkat/
4201	calcul	calculus, calculation	/ˈkal.kul/
4202	informez	to inform	[inforˈmez]
4203	pregătire	training	/ˌpreɡəˈtiɾe/
4204	amici	friend; pal, buddy	[aˈmit͡ʃʲ]
4205	sufragerie	living room	/ˌsufradˈʒeɾje/
4206	unit	united	[uˈnit]
4207	suprem	supreme	/suˈprem/
4208	epuizat	exhausted	/ˌepwiˈzat/
4209	urat	to wish, bid	[uˈrat]
4210	scufundat	immersed, submerged	/ˌsku.funˈdat/
4211	plini	to fulfill a task	/ˈplinʲʲ/
4212	mincinoasă	female equivalent of mincinoas	/ˌmintʃiˈnɔasə/
4213	arogant	arrogant	/a.roˈɡant/
4214	tortură	torture	/torˈtu.rə/
4215	motocicletă	motorcycle	/ˌmototʃiˈkletə/
4216	nasc	to give birth to; to bear	/ˈnask/
4217	gândeai	to think	[ɡɨnˈde̯aj]
4218	câștiga	to win	/kɨ.ʃtiˈɡa/
4219	anula	to cancel; to annul	/aˈnula/
4220	tacă	silence	/ˈtakə/
4221	chin	torture, pain	/kin/
4222	directorului	principal	/diˈɾektoruluɪ/
4223	săruta	to kiss	/sə.ruˈta/
4224	insulele	island	/ˌinsuˈlele/
4225	testament	will	/tes.taˈment/
4226	călătorii	first-person singular simple perfect indicative of călători	[kələtoˈriː]
4227	încheia	to conclude, end, wrap up, wind up, close	/ˌɨnkeˈja/
4228	soldatul	soldier	/solˈdatul/
4229	detectat	detected	/ˌdetekˈtat/
4230	toamna	autumn	/ˈto̯am.na/
4231	amintirea	alternative form of altminteri	/ˌaminˈtiɾea/
4232	matur	mature	/maˈtur/
4233	crema	fondant, cream	[ˈkrema]
4234	cutremur	earthquake	/ˌkutreˈmur/
4235	cada	tub, bathtub	[ˈkada]
4236	angajament	commitment	/ˌaŋɡaʒaˈment/
4237	comporta	to behave, to conduct, comport oneself	/kom.porˈta/
4238	organism	organism	/ˌorɡaˈnism/
4239	stand	stand	/ˈstand/
4240	controleze	to control, to master	[kon.troˈleze]
4241	turul	tour	/ˈturul/
4242	împăcat	reconciled	/ˌɨmpəˈkat/
4243	live	live	/ˈlive/
4244	îndeplini	to fulfill	/ˌɨndepliˈnʲi/
4245	marin	marine	/maˈrin/
4246	iluzie	illusion	[iˈlu.zi.e]
4247	opinie	opinion	/oˈpinje/
4248	mexican	Mexican	/ˌmeksiˈkan/
4249	dong	dong	/ˈdoŋɡ/
4250	formula	to formulate	[for.muˈla]
4251	plimba	to walk, stroll, wander, mosey	/plimˈba/
4252	murind	to die	[muˈrind]
4253	păcii	peace	/ˈpətʃiɪ/
4254	armelor	arm, weapon	/arˈmelor/
4255	opune	to oppose	/oˈpune/
4256	înțelegi	to understand	[ɨnt͡seˈled͡ʒʲ]
4257	tub	tube	[tub]
4258	șapte	seven	/ˈʃap.te/
4259	referitor	referring	/reˌfeɾiˈtor/
4260	stupide	stupid	[stuˈpide]
4261	lipit	sticking, gluing/glueing, adhering	/liˈpit/
4262	iubeam	to love	[juˈbe̯am]
4263	adevărului	truth	/ˌadeˈvəruluɪ/
4264	barba	beard	[ˈbarba]
4265	autopsie	autopsy	/aʊˈtopsje/
4266	dimensiune	dimension	/ˌdimenˈsjune/
4267	perspectivă	perspective	/ˌperspekˈtivə/
4268	dentist	dentist	/denˈtist/
4269	drog	drug	/droɡ/
4270	balon	balloon	/baˈlon/
4271	acopăr	to cover	[aˈkopər]
4272	telefonic	telephonic	/ˌteleˈfonik/
4273	țară	country	[ˈtsarə]
4274	stabil	stable, steady, firm, fixed, settled	/staˈbil/
4275	arte	art	/ˈarte/
4276	prosop	bath towel	[pɾoˈsop]
4277	lipsea	to deprive	[lipˈse̯a]
4278	profil	profile	/proˈfil/
4279	ploua	to rain	/ploˈwa/
4280	profesional	professional	/ˌprofesjoˈnal/
4281	înspăimântător	frightening	/ˌɨnspəˌimɨntəˈtor/
4282	chitara	guitar	[kiˈtara]
4283	pernă	pillow	/ˈper.nə/
4284	imperiu	empire	/imˈpe.rju/
4285	desenat	drawn	/ˌdeseˈnat/
4286	amicii	friend; pal, buddy	/aˈmitʃiɪ/
4287	munci	work, labour	/munˈt͡ʃi/
4288	înlocui	to substitute, replace, take the place of	/ˌɨnlokuˈi/
4289	eternitate	eternity	/ˌeterniˈtate/
4290	lei	lion	/lej/
4291	asalt	assault, raid, storming	/aˈsalt/
4292	bowling	bowling	/ˈbowliŋɡ/
4293	comunica	to communicate	/ko.mu.niˈka/
4294	încurcătură	entanglement	/ˌɨnkurkəˈtuɾə/
4295	ficat	liver	/fiˈkat/
4296	teritoriu	territory	/te.riˈto.rju/
4297	punga	purse	/ˈpuŋɡa/
4298	publicat	published	/ˌpubliˈkat/
4299	potrivire	match	/ˌpotriˈviɾe/
4300	machiaj	makeup	/ma.kiˈaʒ/
4301	but	thigh of an animal	/ˈbut/
4302	ling	to lick	[liŋɡ]
4303	marc	pomace, marc	/ˈmark/
4304	aglomerat	crowded	/a.ɡlo.meˈrat/
4305	atlantic	Atlantic	/aˈtlan.tik/
4306	analizat	analysis	[analiˈzat]
4307	cola	cola	/ˈkola/
4308	magnific	magnificent	/maɡˈni.fik/
4309	sân	breast	/sɨn/
4310	deprimat	downcast, despondent, disheartened	/de.priˈmat/
4311	acestuia	this	/aˈt͡ʃes.tu.ja/
4312	gigant	giant	/dʒiˈɡant/
4313	dinafară	coming from outside	/ˌdinaˈfaɾə/
4314	secol	century	/ˈse.kol/
4315	pictat	painted	/pikˈtat/
4316	prăjit	fried	/prəˈʒit/
4317	origine	origin	/oˈɾidʒiˌne/
4318	plasa	to place	/ˈplasa/
4319	adâncă	deep	/aˈdɨnkə/
4320	ceafă	nape	/ˈtʃeafə/
4321	sisteme	system	/sisˈteme/
4322	vânat	hunt	/vɨˈnat/
4323	ignorat	ignored	[iɡnoˈrat]
4324	malul	shore	/ˈmalul/
4325	pregătească	to prepare	[preɡəˈte̯askə]
4326	blond	blond	/blond/
4327	încântător	delightful, enchanting	/ɨn.kɨn.təˈtor/
4328	accidentului	accident	/ˌaktʃiˈdentuluɪ/
4329	pantof	shoe	/panˈtof/
4330	capitol	chapter	/kaˈpi.tol/
4331	senior	senior	/seˈnjor/
4332	dinaintea	in front of	/diˈnaɪntea/
4333	psiholog	psychologist	/psi.hoˈloɡ/
4334	gin	gin	/ˈdʒin/
4335	autorizat	authorized	/ˌaʊtoɾiˈzat/
4336	polițist	policeman	/ˌpolitˈsist/
4337	taur	bull	/taˈur/
4338	vânzător	seller, vendor, salesman	/ˌvɨnzəˈtor/
4339	le-o	contraction of le + o	/le̯o/
4340	amendă	fine	/aˈmendə/
4341	meniu	menu	[meˈniw]
4342	ape	water	[ˈape]
4343	subteran	underground, subterranean	/ˌsub.teˈran/
4344	rară	sparse, thin	/ˈra.rə/
4345	sugestie	suggestion	/sudˈʒestje/
4346	orfelinat	orphanage	/ˌorfeliˈnat/
4347	priviti	to greet	/priˈvitʲʲ/
4348	fumează	to smoke	[fuˈme̯azə]
4349	desene	drawing, picture	[deˈsene]
4350	mătase	silk	/məˈtase/
4351	mobile	piece of furniture	/moˈbʲile/
4352	revoltă	revolt	/reˈvoltə/
4353	dezvoltare	development	/ˌdezvolˈtaɾe/
4354	lungime	length	/lunˈd͡ʒi.me/
4355	porcul	pig, hog, swine	/ˈporkul/
4356	perfecte	perfect, flawless	[perˈfekte]
4357	tragere	shooting	/tradˈʒeɾe/
4358	ocazional	occasionally, sometimes	/ˌokazjoˈnal/
4359	scurge	to drain, exhaust	/ˈskur.d͡ʒe/
4360	compasiune	compassion	/ˌkompaˈsjune/
4361	pătură	blanket	[ˈpə.tu.rə]
4362	cocos	coconut	/koˈkos/
4363	împărat	emperor	/ɨm.pəˈrat/
4364	parcurs	route, course	/parˈkurs/
4365	durea	to hurt, ache	/duˈre̯a/
4366	vizavi	opposite	/ˌvizaˈvʲi/
4367	cucerit	conquered	/ˌkutʃeˈɾit/
4368	săpat	digging	/səˈpat/
4369	oarbă	blind	/ˈɔarbə/
4370	gentleman	gentleman	/ˌdʒentleˈman/
4371	băieții	boy	/bəˈjetsiɪ/
4372	text	text	/ˈtekst/
4373	medalie	medal	/meˈdalje/
4374	arătos	handsome	/a.rəˈtos/
4375	însor	to marry, wed	/ɨnˈsor/
4376	recomandat	recommended	/reˌkomanˈdat/
4377	platou	plateau	/plaˈtow/
4378	scotch	scotch tape	/ˈskotk/
4379	vomit	to vomit	/voˈmit/
4380	reușit	successful	/reuˈʃit/
4381	nebunii	madman	/neˈbuniɪ/
4382	distreze	to have fun, enjoy oneself	[diˈstreze]
4383	bătrâna	old	/bəˈtrɨna/
4384	brutal	brutal	/bruˈtal/
4385	izolare	isolation	/ˌizoˈlaɾe/
4386	reclama	to report someone	/re.klaˈma/
4387	expresie	expression	/eksˈpre.si.e/
4388	federală	federal	/ˌfedeˈɾalə/
4389	dinăuntru	from inside	/ˌdinəˈuntru/
4390	procedură	procedure	/ˌprotʃeˈduɾə/
4391	lori	loris	/ˈlo.ri/
4392	plic	envelope	/plik/
4393	strălucitor	shining	/ˌstrə.lu.t͡ʃiˈtor/
4394	studia	to study	/stu.diˈa/
4395	coaste	rib	[ˈko̯aste]
4396	îndrăzni	to dare, venture	/ɨn.drəzˈni/
4397	alungat	expelled	/ˌaluŋˈɡat/
4398	investit	invested	/ˌinvesˈtit/
4399	folositor	useful	[fo.lo.siˈtor]
4400	lesbiană	lesbian	/les.biˈa.nə/
4401	promisiuni	promise	[pro.mi.siˈunʲ]
4402	farsă	practical joke, farce	/ˈfarsə/
4403	jazz	jazz	/ˈʒaz/
4404	intrând	cavity	/inˈtrɨnd/
4405	drăguț	cute	[drəˈɡut͡s]
4406	transformi	to transform	[tranˈsformʲ]
4407	ciocan	hammer	/tʃoˈkan/
4408	bancar	bank, banking	/banˈkar/
4409	compus	composed	/komˈpus/
4410	întrerupe	to interrupt, discontinue, cease, suspend	/ˌɨntreˈɾupe/
4411	supus	servile	/suˈpus/
4412	vite	cow, ox, beast, brute	/ˈvite/
4413	satisface	to satisfy	/ˌsatisˈfatʃe/
4414	apărat	protected, shielded	/ˌapəˈɾat/
4415	cizme	boot	/ˈtʃizme/
4416	mărime	size	/məˈri.me/
4417	virgină	virgin, maiden	/virˈd͡ʒi.nə/
4418	fermier	farmer	/ferˈmjer/
4419	futut	fucked	[fuˈtut]
4420	promovat	promoted	/ˌpromoˈvat/
4421	feminin	feminine, womanly	[fe.miˈnin]
4422	francezi	French	[franˈt͡ʃezʲ]
4423	elimine	to eliminate	[eˈlimine]
4424	introdus	inserted	/ˌintroˈdus/
4425	para	pear	/ˈpaɾa/
4426	fulger	lightning	/ˈfuldʒer/
4427	evoluat	advanced	/ˌevolˈwat/
4428	camioane	lorry, truck	/ˌkamjɔˈane/
4429	curiozitate	curiosity	/ˌkuɾjoziˈtate/
4430	curul	curule	/ˈku.rul/
4431	resturi	change	/ˈresturʲ/
4432	afurisită	damned, accursed	/ˌafuɾiˈsitə/
4433	unghi	angle	/unɡʲ/
4434	armat	to prepare a weapon for firing	/arˈmat/
4435	cumsecade	polite, proper, decent	/ˌkumseˈkade/
4436	varză	cabbage	/ˈvar.zə/
4437	undă	wave	/ˈun.də/
4438	submarin	submarine	/ˌsub.maˈrin/
4439	văzând	to see	[vəˈzɨnd]
4440	regiune	region, part	/re.d͡ʒiˈu.ne/
4441	fraudă	fraud	/fraˈudə/
4442	uimit	astonished	/uɪˈmit/
4443	ruptă	obsolete form of rupt	/ˈruptə/
4444	zdrobit	crushed	/zdroˈbit/
4445	arahide	peanut	/araˈhide/
4446	împachetat	packed	/ˌɨmpakeˈtat/
4447	electricitate	electricity	/ˌelekˌtritʃiˈtate/
4448	ambuscadă	ambush	/ˌambusˈkadə/
4449	kit	kit	/ˈkit/
4450	limbaj	language	/limˈbaʒ/
4451	săraca	definite nominative/accusative singular of săracă	/səˈɾaka/
4452	minim	minimum	/ˈminim/
4453	mobila	to put furniture in a room or house	/ˈmobiˌla/
4454	deranjezi	to derange, disarrange	[de.ranˈʒezʲ]
4455	galbenă	yellow	/ˈɡalbeˌnə/
4456	particip	to participate	/parˈti.t͡ʃip/
4457	dubla	to double	/ˈdubla/
4458	independent	independent, self-sufficient	/in.de.penˈdent/
4459	parter	ground floor	/parˈter/
4460	voluntari	volunteer	/ˌvolunˈtaɾʲʲ/
4461	găină	chicken	/ɡəˈinə/
4462	cabinet	cabinet	/ˌkabiˈnet/
4463	chinui	to torture, to torment	/ki.nu.ˈi/
4464	burtă	belly	[ˈbur.tə]
4465	aplică	wall light	/aˈplikə/
4466	broască	frog	/bro̯as.kə/
4467	inimi	heart	[ˈinimʲ]
4468	mobilă	piece of furniture	/moˈbilə/
4469	june	young	/ˈʒu.ne/
4470	gumă	gum	/ˈɡumə/
4471	judec	to judge	/ʒuˈdek/
4472	criminală	criminal, felon, perpetrator, offender, lawbreaker	/ˌkrimiˈnalə/
4473	hemoragie	hemorrhage, bleeding	/ˌhemoɾadˈʒie/
4474	frânt	broken, fractured	/frɨnt/
4475	fugar	fugitive, runaway	/fuˈɡar/
4476	producător	producer	/pro.du.kəˈtor/
4477	moral	morale, optimism	/moˈɾal/
4478	muncitor	worker, labourer	/ˌmuntʃiˈtor/
4479	majoră	major	/maˈʒoɾə/
4480	vere	male cousin	/ˈveɾe/
4481	miliard	billion	/milˈjard/
4482	replica	to replicate	/ˌrepliˈka/
4483	ave	ave	/ˈave/
4484	bonus	bonus	/ˈbonus/
4485	târgul	market	/ˈtɨrɡul/
4486	apelat	called	/ˌapeˈlat/
4487	președinte	president	/ˌpreʃeˈdinte/
4488	dimpotrivă	on the contrary, opposite	/ˌdimpoˈtrivə/
4489	modern	modern	/moˈdern/
4490	simpla	simple	[ˈsim.pla]
4491	apreciat	appreciated	/ˌapretˈʃjat/
4492	regat	kingdom	/reˈɡat/
4493	caporal	corporal	/ˌkapoˈɾal/
4494	aliat	ally	/a.li.ˈat/
4495	spionaj	espionage	/spjoˈnaʒ/
4496	metru	metre	/ˈmetru/
4497	ciuperci	fungus	/tʃuˈpertʃʲ/
4498	d-ta	abbreviation of dumneata	/ˈdeˈta/
4499	gunoaie	garbage, trash, rubbish, litter	/ɡuˈnɔaje/
4500	echilibru	equilibrium	/ekiˈlibru/
4501	adun	to gather, to collect	/aˈdun/
4502	răzbuna	to avenge	/rəz.buˈna/
4503	favorită	favourite	/ˌfavoˈɾitə/
4504	sugera	to suggest	/ˌsudʒeˈɾa/
4505	pirat	pirate	/piˈɾat/
4506	entuziasmat	enthusiastic	/ˌentuzjasˈmat/
4507	irlandez	Irish	/ir.lanˈdez/
4508	aduse	brought	/aˈduse/
4509	clasică	classical	/klaˈsikə/
4510	operare	operation	/o.peˈra.re/
4511	rom	a Romani person, a Rom	[rom]
4512	serii	evening	[ˈseriː]
4513	externe	extern feminine nominative/accusative/genitive/dative…	/eksˈterne/
4514	necunoscută	unknown	/ˌnekunosˈkutə/
4515	mânia	to anger, infuriate, vex, madden	/mɨˈnia/
4516	acu	now; at present	[ aˈku ]
4517	price	disagreement, argument	/ˈpritʃe/
4518	oaie	sheep	/ˈwa.je/
4519	promovare	promotion	/ˌpromoˈvaɾe/
4520	indica	to indicate	/ˈindiˌka/
4521	plumb	lead	/plumb/
4522	hercule	hercules; Hercules	/herˈkule/
4523	dc	abbreviation of de ce	/ˌdetˈʃe/
4524	traseu	route	/traˈseʊ/
4525	masculin	masculine, manly	/ˌmas.kuˈlin/
4526	odihni	to rest, relax	/ˌodihˈnʲi/
4527	hrăni	to feed, nourish	/ˈhrənʲʲ/
4528	prefăcut	hypocritical	/ˌprefəˈkut/
4529	bluza	blouse	[ˈbluza]
4530	adecvat	appropriate	/ˌadekˈvat/
4531	hochei	hockey	/ˈhokeɪ/
4532	net	clearly, distinctly	/net/
4533	raze	ray	[ˈraze]
4534	abandona	to abandon	/abandoˈna/
4535	capitala	capital city	[kapiˈtala]
4536	fuma	to smoke	/fuˈma/
4537	aeriană	aerial	/ˌaeɾˈjanə/
4538	defapt	alternative form of de fapt	/deˈfapt/
4539	strecurat	strained	/ˌstrekuˈɾat/
4540	bineînțeles	certainly; of course; naturally	/bi.ne.ɨn.tseˈles/
4541	chitară	guitar	/kiˈta.rə/
4542	demnitate	dignity	[dem.niˈta.te]
4543	deranjeze	to derange, disarrange	[de.ranˈʒeze]
4544	vecie	eternity	/ˈvetʃje/
4545	colier	necklace	/kolˈjer/
4546	autograf	autograph	/ˌaʊtoˈɡraf/
4547	confuzie	confusion	/konˈfuzje/
4548	pătruns	pierced	/pəˈtruns/
4549	ansamblu	ensemble	/anˈsam.blu/
4550	umilit	humiliated	/ˌumiˈlit/
4551	produc	to produce	[proˈduk]
4552	delicioasă	delicious	[de.liˈt͡ʃjo̯a.sə]
4553	mări	sea	/mərʲ/
4554	ghid	guide	/ɡid/
4555	distrează	to have fun, enjoy oneself	[diˈstre̯azə]
4556	observi	to observe; to perceive, to notice, to remark	[obˈservʲ]
4557	fotograf	a photographer	/ˌfotoˈɡraf/
4558	napoleon	napoleon	/ˌnapoˈleon/
4559	lămâie	lemon	/ləˈmɨ.je/
4560	zadar	useless, futile	/zaˈdar/
4561	sida	AIDS	/ˈsida/
4562	maica	mother	/ˈmaɪka/
4563	văduvă	widow	/ˈvə.du.və/
4564	lupi	wolf	/ˈlupʲ/
4565	prostituate	prostitute	/ˌprostiˈtwate/
4566	repaus	rest, repose, relaxation, leisure	/reˈpaʊs/
4567	blocuri	block	/bloˈkurʲ/
4568	comedie	comedy	/koˈmedje/
4569	trăda	to betray, backstab	/ˈtrəda/
4570	abuz	abuse	/aˈbuz/
4571	săpun	soap	/səˈpun/
4572	bunuri	good, asset, possession	/ˈbu.nurʲ/
4573	vânători	hunter	/vɨ.nəˈtorʲ/
4574	șeful	chief, boss	/ˈʃeful/
4575	cadru	frame	/ˈka.dru/
4576	retragere	withdrawal	/retradˈʒeɾe/
4577	pată	spot	/ˈpatə/
4578	nebune	plural	/neˈbune/
4579	încrezător	trusting, unwary, credulous	/ɨnˌkre.zəˈtor/
4580	plictisesc	to bore	[pliktiˈsesk]
4581	frânghie	rope	[frɨnˈɡi.e]
4582	îngeri	angel	[ˈɨndʒerʲ]
4583	naiv	naive	/naˈiv/
4584	viitorului	future	/viɪˈtoruluɪ/
4585	păianjen	spider	[pəˈjanʒen]
4586	forte	strongly	/ˈforte/
4587	atelier	workshop	/ˌatelˈjer/
4588	fiicele	daughter	/fiɪtˈʃele/
4589	garantat	guaranteed	/ˌɡaɾanˈtat/
4590	floarea	flower	/ˈflo̯a.re̯a/
4591	ruta	route, course, way	[ˈru.ta]
4592	element	element	/ˌeleˈment/
4593	gustare	tasting	/ɡusˈta.re/
4594	până-n	contraction of până + în	/ˈpɨ.nən/
4595	iubitor	loving, affectionate	/ju.biˈtor/
4596	provoc	to provoke	[proˈvok]
4597	oricărui	any, every	/ˈoɾʲˌkəruˌi/
4598	abordare	approach	/ˌaborˈdaɾe/
4599	disc	disk, disc	/ˈdisk/
4600	master	master's degree	/masˈter/
4601	uniunea	union, connection, association, alliance	/uˈnjunea/
4602	decedat	deceased	[det͡ʃeˈdat]
4603	aștept	to wait	/aʃˈtept/
4604	arsuri	burn	/arˈsurʲ/
4605	întâmplător	casual	/ˌɨntɨmpləˈtor/
4606	ceapă	onion	/ˈt͡ʃe̯a.pə/
4607	condamn	to sentence	/konˈdamn/
4608	barman	barman, bartender	/ˈbar.man/
4609	inevitabil	inevitable	/ˌineviˈtabil/
4610	condamnare	conviction	/ˌkondamˈnaɾe/
4611	plantat	planting	[planˈtat]
4612	service	service	/ˈservitˌʃe/
4613	limbi	tongue	/ˈlim.bi/
4614	tară	defect, vice, flaw	/ˈtaɾə/
4615	oral	oral	/oˈɾal/
4616	visa	to dream	[viˈsa]
4617	poet	poet	/poˈet/
4618	lot	plot	/lot/
4619	judeci	to emancipate from serfdom, to become a free peasant	/ʒuˈdetʃʲ/
4620	chirurgie	surgery	/ˌkiɾurdˈʒie/
4621	amprentă	fingerprint	/amˈprentə/
4622	suspicios	suspicious	/ˌsuspitˈʃos/
4623	ofițer	officer	/ˌofitˈser/
4624	adorm	to fall asleep	[aˈdorm]
4625	nasoală	ugly; ridiculous	/naˈsɔalə/
4626	compara	to compare	/komˈpaɾa/
4627	instinct	instinct	/inˈstinkt/
4628	festival	festival	/ˌfestiˈval/
4629	got	Goth	/ˈɡot/
4630	curve	whore, slut, tramp, harlot, hooker; a promiscuous woman	[ˈkurve]
4631	experimentat	experienced	/eks.pe.ri.menˈtat/
4632	conceput	conceived	/ˌkontʃeˈput/
4633	soi	breed, kind, ilk, species, variety, race	/ˈsoj/
4634	ordon	to give an order or command	[orˈdon]
4635	înțelege	to understand	/ɨn.t͡seˈle.d͡ʒe/
4636	corespunzător	corresponding, respective	/ko.res.pun.zəˈtor/
4637	transplant	transplant	/transˈplant/
4638	italiană	Italian woman	[i.ta.liˈa.nə]
4639	spiritual	spiritual	/spi.ri.tuˈal/
4640	camionetă	van	/ˌkamjoˈnetə/
4641	extraterestră	alien, extraterrestrial	/ˌekstrateˈɾestrə/
4642	umed	wet, damp, moist	/ˈu.med/
4643	publica	to publish	/ˈpubliˌka/
4644	îmbătat	drunken or intoxicated with, drunk	/ˌɨm.bəˈtat/
4645	petrecerile	party; feast; celebration	/peˈtretʃeˌɾʲile/
4646	spirite	spirit, ghost	/ˈspiɾiˌte/
4647	ateriza	to land	/ˌateˈɾiza/
4648	plămâni	lung	/pləˈmɨnʲʲ/
4649	farmacie	pharmacy	/ˌfarmatˈʃie/
4650	atenție	attention	/aˈtentsje/
4651	jignit	insulted	/ʒiɡˈnit/
4652	chinuit	tormented	/kiˈnwit/
4653	vultur	vulture	[ˈvultur]
4654	autor	author	/a.uˈtor/
4655	magician	a whizz, magician	/ma.d͡ʒiˈt͡ʃan/
4656	pedepsi	to punish, chastise	/pe.depˈsi/
4657	vieții	life	[ˈvjetsiː]
4658	doza	to dose	/ˈdoza/
4659	scuzați-mă	excuse me	[skuˈzat͡simə]
4660	lampa	lamp	[ˈlampa]
4661	portofel	wallet	/por.toˈfel/
4662	adăuga	to add, add to	/a.də.uˈɡa/
4663	financiară	financial	/ˌfinantˈʃjaɾə/
4664	reala	real	/reˈala/
4665	nimica	Paragogic form of nimic	/niˈmika/
4666	masiv	massive	[maˈsiv]
4667	sicriu	coffin	/siˈkriw/
4668	tun	cannon	/ˈtun/
4669	ziduri	wall	/ziˈdurʲ/
4670	decurs	a sequence of events, a course	/deˈkurs/
4671	accentul	emphasis	/aktˈʃentul/
4672	irosit	wasted	/ˌiɾoˈsit/
4673	bloca	to block; to obstruct	/bloˈka/
4674	golful	gulf	/ˈɡolful/
4675	evaluare	evaluation, assessment	/ˌevalˈwaɾe/
4676	tentativă	attempt	/ˌtentaˈtivə/
4677	benzina	gas, gasoline, petrol	[benˈzina]
4678	servitoare	servant, attendant, domestic, retainer, manservant	/ˌserviˈtɔaɾe/
4679	încăpere	room	/ˌɨnkəˈpeɾe/
4680	chinezesc	Chinese	/ˌkineˈzesk/
4681	roade	to gnaw, nibble	/ˈro̯a.de/
4682	mințit	lying	/mintˈsit/
4683	ceda	to cede, to yield, to give up	/tʃeˈda/
4684	agresiune	aggression	/ˌaɡreˈsjune/
4685	adâncime	depth	/ˌadɨntˈʃime/
4686	comercial	commercial	/ˌkomertˈʃjal/
4687	completa	complete	/komˈple.ta/
4688	soartă	fate, destiny	[ˈso̯artə]
4689	ram	branch, bough	/ˈram/
4690	norma	to set a norm	/ˈnorma/
4691	depresie	alternative form of depresiune	/deˈpresje/
4692	narator	narrator	/ˌnaɾaˈtor/
4693	escorta	to escort	/esˈkorta/
4694	întrecut	exceeded, overtaken	/ˌɨntreˈkut/
4695	contesa	countess	[konˈtesa]
4696	continent	continent	/kon.tiˈnent/
4697	felie	wedge, slice, piece cut off from the rest	/ˈfelje/
4698	ni-l	contraction of ne and îl	/nil/
4699	replică	replica	/ˈrepliˌkə/
4700	ceilalți	the other	/ˌtʃeiˈlaltsʲʲ/
4701	hopa	alternative form of hop	/ˈhopa/
4702	dezamăgi	to disillusion, falsify	/de.za.məˈd͡ʒi/
4703	comunist	communist, Communist	/ˌkomuˈnist/
4704	timpuri	time	/ˈtim.purʲ/
4705	paturi	bed	/paˈturʲ/
4706	bărci	boat	/ˈbərtʃʲ/
4707	aranjament	arrangement	/ˌaɾanʒaˈment/
4708	colonie	colony	/ˌkoloˈnie/
4709	mită	bribe	/ˈmitə/
4710	pictură	painting	/pik.ˈtu.rə/
4711	bordel	bordello, brothel	/borˈdel/
4712	acesteia	this	/aˈt͡ʃes.te.ja/
4713	infractori	felon	/ˌinfrakˈtoɾʲʲ/
4714	profita	to take advantage	/proˈfita/
4715	chelner	waiter	[ˈkel.ner]
4716	epoca	epoch, age	[ˈepoka]
4717	deseori	often	/deˈseoɾʲʲ/
4718	vâna	to hunt	/vɨˈna/
4719	mărita	to get married	/məˈɾita/
4720	executiv	executive	/ˌeɡzekuˈtiv/
4721	luminos	luminous, bright, glowing, radiant	/ˌlu.miˈnos/
4722	musca	amulet	/ˈmuska/
4723	similar	similar	/ˌsimiˈlar/
4724	primărie	city hall	/ˌpriməˈɾie/
4725	biologic	biologic, biological	/ˌbi.oˈlo.d͡ʒik/
4726	academie	academy	/ˌakaˈdemje/
4727	sinucid	suicide	/ˌsinutˈʃid/
4728	sufla	to blow, blow out	/suˈfla/
4729	orbită	orbit	/orˈbitə/
4730	biliard	billiards, pool	/bilˈjard/
4731	ca-n	contraction of ca + în	/kan/
4732	însori	to become sunny	/ɨnˈsoɾʲʲ/
4733	aplicare	application	/ˌapliˈkaɾe/
4734	abandonată	abandoned	/a.ban.doˈna.tə/
4735	transform	to transform	[ transˈform ]
4736	religios	religious	/ˌre.li.d͡ʒiˈos/
4737	secundare	assist	/ˌsekunˈdaɾe/
4738	într-unul	contraction of între + unul	/ɨnˈtru.nul/
4739	regiunea	region, part	/redˈʒjunea/
4740	cultură	culture	[kulˈturə]
4741	plimbat	stroll	/plimˈbat/
4742	tavan	ceiling	/taˈvan/
4743	spălătorie	washhouse, laundry	/ˌspələˈtoɾje/
4744	mi-i	contraction of îmi + îi	/mij/
4745	trandafir	rose	/tran.daˈfir/
4746	bătăi	beating	/bəˈtəɪ/
4747	anual	annual	/a.nuˈal/
4748	emite	to emit	/eˈmite/
4749	juma	alternative form of jumătate	/ˈʒuma/
4750	albine	bee	/alˈbine/
4751	cincizeci	fifty	/t͡ʃinˈzet͡ʃʲ/
4752	testa	to test; to try	/teˈsta/
4753	surf	surf	/ˈsurf/
4754	unghii	nail, fingernail, toenail	/ˈuŋɡiɪ/
4755	sălbatici	feral, wild, untamed	[səlˈba.tit͡ʃʲ]
4756	înfiorător	creepy	/ˌɨnfjoɾəˈtor/
4757	musafiri	guest	/ˌmusaˈfiɾʲʲ/
4758	zilelor	day	[ˈzilelor]
4759	convingător	convincing	/kon.viŋ.ɡəˈtor/
4760	sosire	arrival	/soˈsiɾe/
4761	tradus	translated	/traˈdus/
4762	reprezenta	to represent	/re.pre.zenˈta/
4763	conturi	account	/konˈturʲ/
4764	statuie	statue	/staˈtu.je/
4765	karma	karma	/ˈkarma/
4766	smuls	plucked	/ˈsmuls/
4767	uni	to unite, join	/uˈni/
4768	spargi	to break, burst, shatter, snap	[ˈspar.d͡ʒʲ]
4769	cos	to sew	/ˈkos/
4770	logodna	engagement	/loˈɡod.na/
4771	actori	actor	/akˈtoɾʲʲ/
4772	sertar	drawer	/serˈtar/
4773	aerului	air	/ˈaɪeruluɪ/
4774	vocală	vowel	[voˈkalə]
4775	unde-s	contraction of unde + sunt	/ˈun.des/
4776	relaxat	relaxed	/re.lakˈsat/
4777	amenda	to amend	/aˈmenda/
4778	vulnerabil	vulnerable	/vulneˈrabil/
4779	fabulos	fabulous	/ˌfabuˈlos/
4780	mental	alternative form of mintal	/menˈtal/
4781	înfrunta	to face	/ɨnˈfrunta/
4782	craniu	skull	/ˈkraniʊ/
4783	absolută	absolute	/ˌabsoˈlutə/
4784	infinit	endless, ceaseless, unending	/ˌinfiˈnit/
4785	excitat	excited	[eks.tʃiˈtat]
4786	scurta	to shorten, abridge, abbreviate	/ˈskurta/
4787	violenta	to subject to violence, commit violence upon	/vjoˈlenta/
4788	englezi	to Englishify	/eŋˈɡlezʲʲ/
4789	patrula	to patrol	/paˈtrula/
4790	jurnalist	journalist	/ˌʒurnaˈlist/
4791	samurai	samurai	/ˌsamuˈɾaɪ/
4792	coste	to cost	[ˈkoste]
4793	binecuvântare	blessing	/bi.ne.ku.vɨnˈta.re/
4794	atacată	phthisic	/ˌataˈkatə/
4795	cârlig	hook	/kɨrˈliɡ/
4796	bip	beep	/ˈbip/
4797	rest	change	/rest/
4798	creez	to create	[kreˈez]
4799	vorbeau	to speak	/vor.ˈbe̯aw/
4800	mărturisire	confession	/ˌmərtuɾiˈsiɾe/
4801	avertizare	warning	/ˌavertiˈzaɾe/
4802	suspectat	suspected	/ˌsuspekˈtat/
4803	japoneză	a female Japanese person	/ʒapoˈnezə/
4804	osul	bone	/ˈosul/
4805	omucidere	homicide	/ˌomutʃiˈdeɾe/
4806	gândea	to think	[ɡɨnˈde̯a]
4807	temă	theme, subject, topic	/ˈte.mə/
4808	recomanda	to recommend	/rekoˈmanda/
4809	contabil	accountable	/konˈta.bil/
4810	ruina	to ruin	/ru.iˈna/
4811	îngrozit	terrified	/ˌɨŋɡroˈzit/
4812	primire	the act of receiving	/priˈmiɾe/
4813	dezvăluit	shown	/ˌdezvəlˈwit/
4814	terminam	to finish, complete	/ter.miˈnam/
4815	economie	economy	/ˌekonoˈmie/
4816	calificat	qualified	/ka.li.fiˈkat/
4817	balcon	balcony	/balˈkon/
4818	global	global	/ɡloˈbal/
4819	capră	goat	/ˈka.prə/
4820	fă-te	contraction of fă + te	/ˈfə.te/
4821	confruntat	compared	/ˌkonfrunˈtat/
4822	supraveghea	to supervise, oversee, look after, watch	/ˌsupraˈveɡea/
4823	pu	imits the cry of a hoopoe	/ˈpu/
4824	extinde	to extend	/eksˈtinde/
4825	obiceiurile	habit	/ˌobitˈʃeiʊrile/
4826	zonei	zone	[ˈzo.nej]
4827	viermi	worm	/ˈvjermʲʲ/
4828	cot	elbow	/ˈkot/
4829	posesie	alternative form of posesiune	/poˈsesje/
4830	vaci	cow	[vat͡ʃʲ]
4831	galerie	gallery	/ɡaˈleɾje/
4832	variantă	variant	/vaɾˈjantə/
4833	jungla	jungle	[ˈʒuŋɡla]
4834	lipsită	missing, lacking	[lipˈsitə]
4835	buget	budget	/budˈʒet/
4836	fizica	physical	/ˈfiziˌka/
4837	numărat	counted	/ˌnuməˈɾat/
4838	distanță	distance	/disˈtan.t͡sə/
4839	adunare	gathering, assembly, meeting	/ˌaduˈnaɾe/
4840	efectiv	actual, real	/e.fekˈtiv/
4841	logodnă	engagement	/loˈɡod.nə/
4842	îndemână	near at hand, within reach	/ˌɨndeˈmɨnə/
4843	zgomote	noise	/ˈzɡomoˌte/
4844	latină	Latin	[laˈtinə]
4845	lateral	lateral	/ˌlateˈɾal/
4846	sportiv	athletic	/sporˈtiv/
4847	urî	to hate	/uˈrɨ/
4848	răspândit	prevalent	/ˌrəspɨnˈdit/
4849	tuse	cough	/ˈtuse/
4850	interzisă	forbidden	/ˌinterˈzisə/
4851	eroii	hero	/eˈɾoiɪ/
4852	organiza	to organise, to arrange	/or.ɡa.niˈza/
4853	citat	quote	/tʃiˈtat/
4854	miel	lamb	/ˈmjel/
4855	loterie	lottery	/loˈteɾje/
4856	bizar	bizarre	/biˈzar/
4857	comentariu	comment	/ˌkomenˈtaɾiʊ/
4858	descriere	description	/desˈkri.ere/
4859	întrunire	meeting	/ˌɨntruˈniɾe/
4860	instrumente	instrument	[instruˈmente]
4861	glezna	ankle	[ˈɡlezna]
4862	pix	ballpoint pen	/piks/
4863	calma	to calm	/ˈkalma/
4864	sacrificii	sacrifice	/saˈkrifitˌʃiɪ/
4865	coridor	corridor	/ˌkoɾiˈdor/
4866	preveni	to warn	/ˌpreveˈnʲi/
4867	luptători	fighter	/ˌluptəˈtoɾʲʲ/
4868	certificatul	certificate	/ˌtʃertifiˈkatul/
4869	sutien	bra	/suˈtjen/
4870	blană	fur	/ˈbla.nə/
4871	plasă	net	/ˈpla.sə/
4872	grupa	to group	/ɡruˈpa/
4873	planta	to plant	/planˈta/
4874	jigodie	mange	/ʒiˈɡodje/
4875	demisionat	resigned	/ˌdemisjoˈnat/
4876	rebel	rebel, insurgent	/reˈbel/
4877	mulțumim	to satisfy, to make content, to gratify	[mult͡suˈmim]
4878	boss	boss, manager, supervisor	/bos/
4879	leg	to tie, bind, connect	[leɡ]
4880	tuns	short-haired	/tuns/
4881	amator	amateur	/ˌamaˈtor/
4882	acestora	this	/aˈt͡ʃes.to.ra/
4883	unelte	tool, instrument	[uˈnel.te]
4884	milord	milord	/miˈlord/
4885	pupic	kiss	/ˈpupik/
4886	umplu	to fill, fill up	/ˈumplu/
4887	descărcat	unloaded	/ˌdeskərˈkat/
4888	ciocanul	hammer	/tʃoˈkanul/
4889	cană	cup, mug	[ˈka.nə]
4890	gara	to garage	/ɡaˈra/
4891	călare	mounted, on horseback, ahorse	/kəˈla.re/
4892	henri	henry	/ˈhenri/
4893	spargere	breaking	/ˈspar.d͡ʒe.re/
4894	cumplit	atrocious, ferocious, cruel, grim, terrible	/kumˈplit/
4895	fântână	well	/fɨnˈtɨ.nə/
4896	aprind	to light, to turn on	/aˈprind/
4897	reali	real	[reˈalʲ]
4898	îndoit	twofold	/ɨn.doˈit/
4899	solo	solo	/ˈsolo/
4900	obosi	to tire, tire oneself, become tired or fatigued, weary	/oˈbosʲ/
4901	carantină	quarantine	/ka.ranˈti.nə/
4902	spăla	to wash	/spəˈla/
4903	muntelui	mountain	/munˈteluɪ/
4904	obstacol	obstacle	/obsˈtakol/
4905	conducem	to rule, lead	[konˈdut͡ʃem]
4906	contrabandă	smuggling	/ˌkontraˈbandə/
4907	transmisie	transmission	/transˈmisje/
4908	semăna	to resemble, look like	/ˌseməˈna/
4909	cocktail	cocktail	/kokkˈtaɪl/
4910	comod	convenient	/koˈmod/
4911	suflare	breath	/suˈflaɾe/
4912	spele	to wash	[ˈspele]
4913	coniac	cognac	[konˈjak]
4914	respire	to breathe	[reˈspire]
4915	mascul	male; having necessary elements for impregnation	[masˈkul]
4916	consiliere	counseling	/ˌkonsilˈjeɾe/
4917	speră	hope	/ˈspeɾə/
4918	cuvântului	word	[kuˈvɨn.tu.luj]
4919	grohăit	grunt	/ˌɡrohəˈit/
4920	concedia	to dismiss	/kontˈʃedja/
4921	panicat	panicked	/ˌpaniˈkat/
4922	modest	modest	/moˈdest/
4923	orașul	city, town	/oˈɾaʃul/
4924	aleluia	hallelujah	/ˌaleluˈja/
4925	politician	politician	/ˌpolititˈʃjan/
4926	reclame	promotion, marketing	/reˈkla.me/
4927	completat	completed	[kompleˈtat]
4928	newton	newton	/newˈton/
4929	vânătorii	hunter	/ˌvɨnəˈtoɾiɪ/
4930	domnia	reign, rule	/ˈdomnja/
4931	și-a	contraction of își + a	/ʃja/
4932	dezordine	disorder	/deˈzordiˌne/
4933	narcotice	narcotic	[naɾˈko.ti.t͡ʃe]
4934	crimelor	major crime, offence, or wrongdoing; felony	/kriˈmelor/
4935	chimie	chemistry	/kiˈmie/
4936	rutina	to make a routine	/ruˈtina/
4937	circa	approximately, about, or so	/ˈtʃirka/
4938	galaxie	galaxy	/ɡaˈlaksje/
4939	die	alternative form of di	/ˈdje/
4940	pretins	alleged	/preˈtins/
4941	fenomen	phenomenon	/ˌfenoˈmen/
4942	comune	common; communal	/koˈmu.ne/
4943	studentă	a college student	/stuˈdentə/
4944	bila	bile	[ˈbila]
4945	fusta	skirt	[ˈfusta]
4946	distras	distracted	/disˈtras/
4947	muzical	musical	/mu.ziˈkal/
4948	efectuat	performed	/ˌefekˈtwat/
4949	autopsia	to autopsy	/aʊˈtopsja/
4950	fixat	fixed, fastened	[fiˈksat]
4951	insultă	insult	/inˈsultə/
4952	diversiune	diversion	/ˌdiverˈsjune/
4953	maniac	maniacal	/maˈnjak/
4954	vomitat	to vomit	[vomiˈtat]
4955	strig	to call	/ˈstriɡ/
4956	banane	banana	/baˈnane/
4957	virgin	virgin, that which has not had sexual intercourse, chaste,…	/virˈd͡ʒin/
4958	pacienta	to be patient	/patˈʃjenta/
4959	treime	a triad, group of three	/treˈime/
4960	arc	bow	/ˈark/
4961	războinici	warrior	/ˌrəzboiˈnitʃʲ/
4962	religioase	religious	/reˌlidʒjɔˈase/
4963	traversat	to cross	/ˌtraverˈsat/
4964	etapă	stage	/eˈtapə/
4965	gros	thick	/ɡros/
4966	zoo	zoo	/ˈzoo/
4967	întocmai	exactly, precisely, just	/ˌɨntokˈmaɪ/
4968	indistinct	indistinct	/ˌindisˈtinkt/
4969	avort	abortion	/aˈvort/
4970	telefonică	telephonic	/ˌtelefoˈnikə/
4971	chinezi	Chinese	/kiˈnezʲ/
4972	precedent	precedent	/ˌpretʃeˈdent/
4973	lovim	to hit; to strike	[loˈvim]
4974	rezervor	reservoir	/rezerˈvor/
4975	asumat	assumption	/ˌasuˈmat/
4976	observe	to observe; to perceive, to notice, to remark	[obˈserve]
4977	grevă	strike	/ˈɡrevə/
4978	pastra	A card game	/ˈpas.tra/
4979	informa	to inform	/in.forˈma/
4980	comic	comical	/ˈkomik/
4981	misterioasă	mysterious	[mis.te.riˈo̯a.sə]
4982	scumpete	expensiveness	/skumˈpete/
4983	cari	to carry, bear, transport	[karʲ]
4984	asuma	to assume	/aˈsuma/
4985	bande	tape, band	[ˈbande]
4986	bumbac	cotton	[bumˈbak]
4987	favoruri	favor	/ˌfavoˈɾurʲ/
4988	astă-seară	this evening	/ˈas.tə ˈse̯a.rə/
4989	mos	a cup	/ˈmos/
4990	consultant	consultant	/kon.sulˈtant/
4991	peisaj	landscape	/ˌpeiˈsaʒ/
4992	divin	divine	/diˈvin/
4993	tactică	tactics	/takˈtikə/
4994	fiori	shudder, shiver	[fiˈorʲ]
4995	rânduri	row	[ˈrɨn.durʲ]
4996	capital	capital, important	/ka.piˈtal/
4997	ascunzătoare	hideout, hiding place	/a.skun.zəˈto̯a.re/
4998	uneia	one	/ˈuneˌja/
4999	mănăstire	monastery	/mə.nəsˈti.re/
5000	planificare	planning	/ˌplanifiˈkaɾe/
5001	socoteală	calculation, computation	/ˌsokoˈtealə/
5002	medalia	to medal	/meˈdalja/
5003	unora	one	/ˈunoˌɾa/
5004	carierei	career	/ˈkaɾjeˌɾeɪ/
5005	calculele	calculus, calculation	/ˌkalkuˈlele/
5006	diploma	to graduate; to attribute a diploma to	/diˈploma/
5007	resturile	change	/ˈresturile/
5008	furăm	first-person plural simple perfect indicative of fi	[fuˈrəm]
5009	atingere	touching	/ˌatiŋdˈʒeɾe/
5010	antic	ancient	/ˈan.tik/
5011	balet	ballet	/baˈlet/
5012	negi	to deny	[ned͡ʒʲ]
5013	moi	synonym of înmuia	[moj]
5014	răcit	chilled, cooled	/rətˈʃit/
5015	insultat	insulted	[insulˈtat]
5016	populară	popular	/ˌpopuˈlaɾə/
5017	audio	audio	/aˈudjo/
5018	militari	soldier	/ˌmiliˈtaɾʲʲ/
5019	restaurante	restaurant	/resˌtauˈɾante/
5020	tipar	print, printing	/tiˈpar/
5021	răscumpărare	redemption	/ˌrəskumpəˈɾaɾe/
5022	sushi	sushi	/ˈsuʃʲ/
5023	onorabil	honorable	/ˌonoˈɾabil/
5024	lupii	wolf	/ˈlupiɪ/
5025	japonezi	a Japanese man	/ˌʒapoˈnezʲʲ/
5026	pompier	fireman, firefighter	/pom.piˈer/
5027	gălăgie	noise, din, racket, uproar, hubbub	/ɡə.ləˈd͡ʒi.e/
5028	hotărâre	decision, determination, resolution	/ˌhotəˈɾɨɾe/
5029	tumoare	tumor	/tuˈmɔaɾe/
5030	enervez	to vex, to annoy, to irritate	[enerˈvez]
5031	deces	cessation of life, death	/deˈt͡ʃes/
5032	hobby	hobby	/ˈhobi/
5033	steag	flag	/ˈsteaɡ/
5034	alergic	allergic	/aˈlerdʒik/
5035	vântului	wind	/ˈvɨntuluɪ/
5036	ruj	lipstick	/ruʒ/
5037	sinucide	to commit suicide	/ˌsinutˈʃide/
5038	brânza	cheese	/ˈbrɨnza/
5039	tulburat	turbid	/ˌtulbuˈɾat/
5040	calculat	calculated, prudent	/kal.kuˈlat/
5041	rang	rank	/ˈraŋɡ/
5042	procedat	to proceed	[prot͡ʃeˈdat]
5043	maică-sa	contraction of maică + sa his or her mother	/ˈmaj.kə.sa/
5044	minore	obsolete form of minor	/miˈnoɾe/
5045	butoi	barrel	/buˈtoj/
5046	aduni	to gather, to collect	[aˈdunʲ]
5047	hit	hit	/ˈhit/
5048	vodcă	alternative form of votcă	[ˈvodkə]
5049	falit	bankrupt	/faˈlit/
5050	atare	such	/aˈta.re/
5051	caci	to defecate, shit	[kat͡ʃʲ]
5052	adaug	to add, add to	/aˈdaʊɡ/
5053	catolic	Catholic	/kaˈtolik/
5054	homosexuali	homosexual	[homoseksuˈalʲ]
5055	creezi	to create	[kreˈezʲ]
5056	sperma	semen	[ˈsperma]
5057	baba	old woman	[ˈba.ba]
5058	supradoză	overdose	/ˌsupraˈdozə/
5059	mâinii	hand	/ˈmyɪniɪ/
5060	pitic	dwarf	[piˈtik]
5061	dânsul	he	/ˈdɨnsul/
5062	juri	to swear; to vow	[ʒurʲ]
5063	romane	plural of roman novels	[roˈma.ne]
5064	servitor	servant, attendant, domestic, retainer, manservant	/ˌserviˈtor/
5065	confrunta	to confront	/konˈfrunta/
5066	regi	king	[red͡ʒʲ]
5067	problemei	problem	/proˈblemeɪ/
5068	republica	to republish	/re.pu.bliˈka/
5069	inversă	backwards, the other way around	/ˈinverˌsə/
5070	de-ale	contraction of de + ale	/de̯a.le/
5071	gangster	gangster	/ɡaŋɡsˈter/
5072	spaniol	Spanish	/ˌspa.niˈol/
5073	poimâine	day after tomorrow	/ˌpoiˈmyɪne/
5074	high	high	/ˈhiɡ/
5075	precizie	precision	/pretˈʃizje/
5076	portland	Portland cement	/porˈtland/
5077	imbecil	feeble-minded	/im.beˈt͡ʃil/
5078	capitală	capital city	/kapiˈtalə/
5079	sfârșit	end	[sfɨrˈʃit]
5080	cult	cult	/kult/
5081	vulcan	volcano	/vulˈkan/
5082	fax	fax	/ˈfaks/
5083	pachete	pack, bundle, package, parcel	/paˈke.te/
5084	subtil	subtle	/subˈtil/
5085	nazist	Nazi	/naˈzist/
5086	optimist	optimistic	/op.tiˈmist/
5087	casete	box	/kaˈsete/
5088	umflat	inflated, swelled	/umˈflat/
5089	nemuritor	immortal, deathless, undying, eternal	/ˌne.mu.riˈtor/
5090	urină	urine	/uˈri.nə/
5091	sculă	tool, instrument	[ˈskulə]
5092	duel	duel	/ˈdwel/
5093	roată	wheel	/ˈro̯a.tə/
5094	durată	duration	/duˈɾatə/
5095	britanice	indefinite nominative/accusative plural	/briˈtanitˌʃe/
5096	intim	intimate	/ˈin.tim/
5097	ăsteia	this	[ˈəs.te.ja]
5098	rad	to shave	[rad]
5099	relaxa	to relax	/ˌrelakˈsa/
5100	unde-mi	contraction of unde + îmi	/ˈun.demʲ/
5101	zgârietură	scratch	/ˌzɡɨɾjeˈtuɾə/
5102	largă	wide	/ˈlarɡə/
5103	războaie	war	/rəzˈbɔaje/
5104	baterie	battery	/baˈteɾje/
5105	dezintoxicare	detoxification	/ˌdezinˌtoksiˈkaɾe/
5106	veterinar	veterinary	/ˌveteɾiˈnar/
5107	cuplat	coupled	/kuˈplat/
5108	șef	chief, boss	/ˈʃef/
5109	suplimentar	additional	/ˌsuplimenˈtar/
5110	psihologic	psychological	/ˌpsihoˈlodʒik/
5111	fecioară	virgin, maiden	/feˈt͡ʃjo̯a.rə/
5112	gândești	to think	[ɡɨnˈdeʃtʲ]
5113	scanare	scan	/skaˈnaɾe/
5114	telegramă	telegram	/ˌteleˈɡramə/
5115	jet	jet	/ˈʒet/
5116	strat	layer	/strat/
5117	bătută	schnitzel	/bəˈtutə/
5118	nemernici	to wander around	/ˌnemerˈnitʃʲ/
5119	lunetist	sniper	/ˌluneˈtist/
5120	intern	internal	[inˈtern]
5121	coarne	horn	/ˈkɔarne/
5122	orfan	orphan, orphaned	/orˈfan/
5123	pătrat	quadratic	/pəˈtrat/
5124	regizor	film director	/redˈʒizor/
5125	persoanelor	person; individual	/ˌpersɔaˈnelor/
5126	parada	to parade	/paˈɾada/
5127	abate	to stray, derogate, deviate, divert from, digress	/aˈbate/
5128	pustiu	deserted, bare, desolate	/pusˈtiw/
5129	bunătate	kindness, goodness, benevolence, kindliness, benignity	/ˌbunəˈtate/
5130	dansator	dancer	/dan.saˈtor/
5131	agita	to agitate	/a.d͡ʒiˈta/
5132	pact	pact	/ˈpakt/
5133	faptă	deed, action, doing	/ˈfap.tə/
5134	eventualitate	eventuality	[eventualiˈtate]
5135	karate	karate	/kaˈra.te/
5136	genetică	genetics	[d͡ʒeˈne.ti.kə]
5137	gimnastică	gymnastics	/dʒimˈnastiˌkə/
5138	argument	argument	/ˌarɡuˈment/
5139	întrucât	because, seeing that	/ˌɨn.truˈkɨt/
5140	fluture	butterfly	[ˈflu.tu.re]
5141	orgasm	orgasm	[orˈɡasm]
5142	prezervativ	condom	/pre.zer.vaˈtiv/
5143	mass-media	mass media	/ˈmasˈmedja/
5144	scut	shield	/ˈskut/
5145	exclus	excluded	/exˈklus/
5146	sângerezi	to bleed	[sɨn.d͡ʒeˈrezʲ]
5147	scuipat	spitting	/skujˈpat/
5148	penal	penal	/peˈnal/
5149	strop	drop; droplet	/strop/
5150	rusă	Russian	/ˈrusə/
5151	concentrare	concentration	/ˌkontʃenˈtraɾe/
5152	congres	congress	/koŋˈɡres/
5153	într-acolo	contraction of între + acolo	/ɨn.traˈko.lo/
5154	orbi	to blind, deprive of sight	/ˈorbʲʲ/
5155	terapeut	therapeutist	/ˌteɾapeˈut/
5156	rechini	shark	/reˈkinʲʲ/
5157	croazieră	cruise	/krɔaˈzjeɾə/
5158	amărât	sad, downcast, poor	/a.məˈrɨt/
5159	supune	to subject to, subdue, subjugate, force, oblige, coerce	/suˈpu.ne/
5160	executa	to execute	/ˌeɡzekuˈta/
5161	neoficial	unofficial	/ˌneofitˈʃjal/
5162	tutun	tobacco	/tuˈtun/
5163	lăudat	praised	/ˌləuˈdat/
5164	păcăli	to fool, trick	/ˌpəkəˈlʲi/
5165	maxwell	maxwell	/makˈswel/
5166	fundal	background	/funˈdal/
5167	amiral	admiral	/ˌamiˈɾal/
5168	amuzante	funny	/ˌamuˈzante/
5169	insule	island	/inˈsule/
5170	certificat	certificate	/t͡ʃer.ti.fiˈkat/
5171	cățea	female dog; bitch	[kəˈtse̯a]
5172	calde	warm	/ˈkalde/
5173	calmez	to calm	[kalˈmez]
5174	regulilor	rule	/ˈreɡuˌlʲilor/
5175	îngrijit	careful	/ɨŋ.ɡriˈʒit/
5176	minți	mind	/minˈt͡si/
5177	lansa	to pitch	/lanˈsa/
5178	distram	to have fun, enjoy oneself	[diˈstram]
5179	farmec	magic spell, charm	/ˈfar.mek/
5180	cauze	cause	/kaˈuze/
5181	refugiu	harbor, refuge, sanctuary	/refudˈʒiu/
5182	sapă	hoe	/ˈsapə/
5183	certitudine	certainty	/ˌtʃertituˈdʲine/
5184	examinat	examined	/ˌeɡzamiˈnat/
5185	consult	consultation	/konˈsult/
5186	alcoolic	alcoholic	/al.koˈo.lik/
5187	adora	to adore	/a.doˈra/
5188	exist	to exist	[eɡˈzist]
5189	bărbați	man	/bərˈbatsʲ/
5190	contat	to count, be an example of something	[konˈtat]
5191	gazdă	host	/ˈɡazdə/
5192	imobiliar	real estate	/ˌimobilˈjar/
5193	morfină	morphine	/morˈfinə/
5194	diplomă	diploma	/diˈplomə/
5195	escortă	escort	/esˈkortə/
5196	nat	person, individual	/ˈnat/
5197	vârcolac	werewolf	[vɨr.koˈlak]
5198	celular	cellphone	/ˌtʃeluˈlar/
5199	mizerabilă	despicable, abject, low, villanous	/ˌmizeɾaˈbilə/
5200	nicidecum	not in the least, not at all	[nitʃʲdeˈkum]
5201	gustat	tasty, appreciated	[ɡuˈstat]
5202	interzice	to prohibit, to ban, to forbid	/in.terˈzi.t͡ʃe/
5203	muzicală	musical	/ˌmuziˈkalə/
5204	strigi	to call	[strid͡ʒʲ]
5205	limitat	limited	[li.miˈtat]
5206	satului	village	/ˈsatuluɪ/
5207	confort	cosiness	/konˈfort/
5208	spermă	semen	[ˈspɛrmə]
5209	devina	to guess	/deˈvina/
5210	emis	emitted	/eˈmis/
5211	tocilar	knifegrinder	/to.t͡ʃiˈlar/
5212	nobilă	noble	/noˈbilə/
5213	spitale	hospital	/spiˈtale/
5214	fostă	former	[ˈfos.tə]
5215	dealuri	hill	/deaˈlurʲ/
5216	bănuială	suspicion	/bə.nuˈja.lə/
5217	numeri	to count	[ˈnumerʲ]
5218	amar	bitter, rancid	/aˈmar/
5219	nevoi	need, necessity	/ne.voˈi/
5220	glonte	bullet	[ˈɡlon.te]
5221	aruncare	throw, the act of throwing	/ˌaɾunˈkaɾe/
5222	neglijent	negligent	/ne.ɡliˈʒent/
5223	tatuajul	tattoo	[ta.tuˈa.ʒul]
5224	închidere	closing; act or incidence of closing	/ˌɨnkiˈdeɾe/
5225	distrage	to divert	/disˈtradʒe/
5226	topit	melted	[toˈpit]
5227	taxă	tax	/ˈtak.sə/
5228	teorii	theory	/ˈteoɾiɪ/
5229	menit	designed	/meˈnit/
5230	antică	antique	/anˈtikə/
5231	săgeată	arrow	/sədˈʒeatə/
5232	editor	editor	/ˌediˈtor/
5233	rușine	shame, disgrace	/ruˈʃi.ne/
5234	psihic	psychic	/ˈpsihik/
5235	bancheta	to participate in a banquet	/banˈketa/
5236	sesiune	session	/se.siˈu.ne/
5237	păduri	forest	/pəˈdurʲ/
5238	instantaneu	instantaneous	/ˌin.stan.taˈnew/
5239	calculatoare	computer	/ˌkalkulaˈtɔaɾe/
5240	mirosit	smelling	/ˌmiɾoˈsit/
5241	ciclu	cycle	/ˈtʃiklu/
5242	posturi	fast, fasting	/posˈturʲ/
5243	corabie	ship, sailing vessel	/koˈɾabje/
5244	inocent	innocent	/i.noˈt͡ʃent/
5245	raid	raid	/ˈraɪd/
5246	tatuaje	tattoo	[taˈtwaʒe]
5247	oală	pot, saucepan	/ˈo̯a.lə/
5248	fidel	loyal	/fiˈdel/
5249	norii	cloud	[ˈno.ri]
5250	stăpâni	to master	/stə.pɨˈni/
5251	chili	obsolete form of pili	/ˈkilʲʲ/
5252	corecta	to correct, rectify	/koˈɾekta/
5253	cazinou	casino	/ˌkaziˈnoʊ/
5254	îndepărta	to estrange from, distance from; to move off/away from	/ɨn.de.pərˈta/
5255	concura	to compete	/kon.kuˈra/
5256	vizor	viewfinder	/viˈzor/
5257	sentimental	sentimental	/ˌsentimenˈtal/
5258	baron	baron	/baˈɾon/
5259	frontieră	frontier	/fron.tiˈe.rə/
5260	ignori	to ignore	[iɡˈnorʲ]
5261	religioasă	religious	/reˌlidʒjɔˈasə/
5262	pompa	to pump	/ˈpompa/
5263	scriem	to write	[ˈskri.em]
5264	aspru	rough, coarse	/ˈas.pru/
5265	obsedată	obsessed	/ˌobseˈdatə/
5266	birouri	bureau	/ˌbiɾoˈurʲ/
5267	sălbăticie	wildness	/ˌsəlbəˈtitʃje/
5268	spartă	broken, fractured, broken into many pieces	/ˈspartə/
5269	comite	to commit	/koˈmite/
5270	mintă	alternative form of mentă	/ˈmintə/
5271	rulotă	trailer	/ruˈlotə/
5272	cercuri	a circle	[ˈt͡ʃerkurʲ]
5273	les	thicket	/ˈles/
5274	găleată	bucket, pail	/ɡəˈleatə/
5275	orbit	blinded	[orˈbit]
5276	admite	to admit	/adˈmi.te/
5277	turma	herd, flock	/ˈtur.ma/
5278	diagnostic	diagnosis	/di.aɡˈnos.tik/
5279	discută	debate	/disˈkutə/
5280	localiza	to locate	/ˌlokaliˈza/
5281	guma	to gum	[ɡuˈma]
5282	circuit	circuit	/t͡ʃir.kuˈit/
5283	jude	In the old Romanian principalities, an office with…	/ˈʒu.de/
5284	mira	to wonder	/miˈɾa/
5285	iubește	to love	[juˈbeʃ.te]
5286	însuși	himself, itself	/ˈɨn.suʃʲ/
5287	bănuit	suspect	/bəˈnwit/
5288	arcul	bow	/ˈarkul/
5289	exprima	to express	/eksˈprima/
5290	eticheta	to label	/ˌetiˈketa/
5291	doreai	to want, to wish	/doˈɾeai/
5292	motoare	engine	/moˈtɔaɾe/
5293	cusut	sewing	/kuˈsut/
5294	principii	principle	/printˈʃipiɪ/
5295	mingi	ball	[mind͡ʒʲ]
5296	realizare	achievement	/reˌaliˈzaɾe/
5297	gândaci	beetle	/ɡɨnˈdatʃʲ/
5298	consumat	consumed	/ˌkonsuˈmat/
5299	coperta	to bind	/koˈperta/
5300	supravegheat	supervised	/ˌsupraveˈɡeat/
5301	inofensiv	harmless, innocuous	/ˌinofenˈsiv/
5302	acuzată	accused	/ˌakuˈzatə/
5303	gândac	beetle	/ɡɨnˈdak/
5304	muzician	musician	/ˌmuzitˈʃjan/
5305	câinelui	dog	/kyɪˈneluɪ/
5306	manipulat	to manipulate	/ˌmanipuˈlat/
5307	valiză	suitcase	/vaˈli.zə/
5308	cor	choir	/ˈkor/
5309	chel	bald	/kel/
5310	iluzii	illusion	[iˈlu.ziʲ]
5311	negocia	to negotiate	/ˌneɡotʃiˈa/
5312	spray	spray	/sprej/
5313	numite	known as	[nuˈmite]
5314	dealer	dealer	/deaˈler/
5315	circul	to circulate	[ˈt͡ʃirkul]
5316	mini	mini	/ˈminʲʲ/
5317	tâmpită	moron, idiot, imbecile	/tɨmˈpitə/
5318	mâncând	to eat	[mɨnˈkɨnd]
5319	operat	operated	/ˌopeˈɾat/
5320	vestiar	dressing room	/vesˈtjar/
5321	pasionat	passionate	/ˌpasjoˈnat/
5322	utiliza	to use	/u.ti.liˈza/
5323	domnii	mister, Mr., sir, polite term for a man	/ˈdomniɪ/
5324	cincilea	fifth	/ˈt͡ʃin.t͡ʃi.le̯a/
5325	tipilor	guy	/tiˈpʲilor/
5326	vindecare	recovery, healing	/ˌvindeˈkaɾe/
5327	protocol	protocol	/ˌprotoˈkol/
5328	condamna	to sentence	/konˈdamna/
5329	mergeau	to walk	/merˈd͡ʒaw/
5330	reface	to redo	/reˈfatʃe/
5331	liniște	silence, calm, quiet	/ˈli.ni.ʃte/
5332	elită	elite	/eˈlitə/
5333	rufe	laundry	/ˈrufe/
5334	orei	hour	/ˈoɾeɪ/
5335	relevant	distinctive	/releˈvant/
5336	prezervative	condom	[prezervaˈtive]
5337	striptease	striptease	/stripˈtease/
5338	certa	to quarrel, squabble, argue, altercate, row, argufy,…	/ˈtʃerta/
5339	teribile	obsolete form of teribil	/ˌteɾiˈbʲile/
5340	caca	poop, poo	/ˈkaka/
5341	relativ	relative	/relaˈtiv/
5342	filma	to film	/filˈma/
5343	patrulă	patrol	/paˈtrulə/
5344	golit	devoid, empty	/ɡoˈlit/
5345	sârmă	wire	/ˈsɨrmə/
5346	cască	helmet	/ˈkaskə/
5347	dramă	drama	/ˈdramə/
5348	testare	testing	/tesˈtaɾe/
5349	țara	country	[ˈtsara]
5350	strângere	grasp	/ˈstrɨn.d͡ʒe.re/
5351	fraieri	to cheat, to trick, to deceive	/fraɪˈeɾʲʲ/
5352	soc	elder	/sok/
5353	încărcătură	load	/ˌɨnkərkəˈtuɾə/
5354	protector	protective	/ˌprotekˈtor/
5355	jura	to swear; to vow	/ʒuˈra/
5356	scufunda	to sink	/sku.funˈda/
5357	blocaj	jam	/bloˈkaʒ/
5358	copia	to copy	/koˈpja/
5359	făcuse	to do, act	[fəˈkuse]
5360	îngropa	to bury	/ɨŋˈɡropa/
5361	cucoană	lady, madam	/kuˈkɔanə/
5362	sediu	headquarters	/ˈsediʊ/
5363	palme	palm	[ˈpalme]
5364	autentic	authentic	/aʊˈtentik/
5365	ferm	firm	/ˈferm/
5366	country	country	/ˈkan.tri/
5367	permisiune	permission, consent, leave	/ˌpermiˈsjune/
5368	blugi	jeans	/ˈbludʒʲ/
5369	înfuriat	infuriated	/ˌɨnfuɾˈjat/
5370	cuceri	to conquer	/ˌkutʃeˈɾʲi/
5371	umana	human, humane	[uˈma.na]
5372	morți	dead	/mort͡sʲ/
5373	înscenare	staging	/ˌɨnstʃeˈnaɾe/
5374	rasist	racist	/raˈsist/
5375	investiga	to investigate, to examine	/ˌinvesˈtiɡa/
5376	sinceritate	sincerity	/ˌsintʃeɾiˈtate/
5377	patrulare	patrol	/ˌpatruˈlaɾe/
5378	paradă	parade	/paˈɾadə/
5379	usturoi	garlic	[ust̪uˈɾoj]
5380	nod	knot	/nod/
5381	gripă	influenza	[ˈɡri.pə]
5382	dealul	hill	/ˈdealul/
5383	divizie	division	/diˈvizje/
5384	respectiv	respectively	/respekˈtiv/
5385	pom	fruit tree	/ˈpom/
5386	obraz	countenance	/oˈbraz/
5387	egali	an equal, a match	[eˈɡalʲ]
5388	plantă	plant	/ˈplantə/
5389	noduri	knot	/noˈdurʲ/
5390	livra	to deliver	/ˈlivra/
5391	leul	lion	/leˈul/
5392	liliac	lilac	/lilˈjak/
5393	tărie	force	/təˈri.e/
5394	atractiv	attractive	/ˌatrakˈtiv/
5395	albii	white	/ˈal.bij/
5396	supere	to upset	[ˈsupere]
5397	progresul	progress	/proˈɡresul/
5398	citim	to read	[tʃiˈtim]
5399	ți-ai	contraction of îți + ai	/t͡sjaj/
5400	catolică	Catholic	/ˌkatoˈlikə/
5401	umil	humble, meek, lowly	/uˈmil/
5402	negat	to deny	[neˈɡat]
5403	armei	arm, weapon	[ˈarmej]
5404	decenii	decade	/detˈʃeniɪ/
5405	exclusiv	exclusive	/ˌekskluˈsiv/
5406	regim	regime	/reˈd͡ʒim/
5407	sting	to put out, extinguish	/ˈstiŋɡ/
5408	donator	donor	/ˌdonaˈtor/
5409	pătrunde	to penetrate, permeate, pervade	/pəˈtrunde/
5410	zburătoare	flyer	/ˌzbuɾəˈtɔaɾe/
5411	sonor	sonorous	/soˈnor/
5412	pânză	cloth	/ˈpɨn.zə/
5413	introduce	to insert	/in.troˈdu.t͡ʃe/
5414	britanică	British	/ˌbritaˈnikə/
5415	oricărei	any, every	/ˈoɾʲˌkəreˌi/
5416	invazie	invasion	/inˈvazje/
5417	schi	ski	/ˈski/
5418	calibru	caliber	/kaˈlibru/
5419	leagăn	cradle	/leaˈɡən/
5420	lumânare	candle	/lu.mɨˈna.re/
5421	încetini	to slow down, decelerate	/ˌɨntʃeˈtinʲʲ/
5422	problemelor	problem	/ˌprobleˈmelor/
5423	tancuri	tank	/tanˈkurʲ/
5424	delict	crime	/deˈlikt/
5425	far	lighthouse	/far/
5426	obiceiuri	habit	/ˌobitˈʃeiʊrʲ/
5427	adaugă	to add, add to	/aˈdaʊɡə/
5428	formare	formation	/forˈmaɾe/
5429	constantă	constant	/konˈstan.tə/
5430	atrăgător	attractive	/a.trə.ɡəˈtor/
5431	lichior	liqueur	/liˈkjor/
5432	cică	supposedly	/ˈtʃikə/
5433	alimentară	grocery shop	/a.li.menˈta.rə/
5434	aplicat	applied	[apliˈkat]
5435	economii	economy	/ˌekoˈnomiɪ/
5436	exprimat	expressed	[ekspriˈmat]
5437	devotat	devoted	/ˌdevoˈtat/
5438	începusem	to begin, to commence	/ɨn.t͡ʃeˈpu.sem/
5439	capac	lid	/kaˈpak/
5440	îngrijorare	concern	/ˌɨŋɡriʒoˈɾaɾe/
5441	vedeți	to see	[veˈdet͡sʲ]
5442	trase	third-person singular simple perfect indicative of trage	[ˈtrase]
5443	roșu	red	/ˈro.ʃu/
5444	însămi	myself	/ɨnˈsəmʲʲ/
5445	educat	educated	[eduˈkat]
5446	insignă	badge	/inˈsiɡnə/
5447	comunicat	communiqué	[komuniˈkat]
5448	râpă	ravine, precipice	/ˈrɨpə/
5449	curea	belt	/kuˈre̯a/
5450	indicat	indicated	/ˌindiˈkat/
5451	lila	lilac	/ˈlila/
5452	destinat	established, determined	/des.tiˈnat/
5453	inacceptabil	unacceptable	/ˌinaktʃepˈtabil/
5454	raporta	to report	/raˈporta/
5455	incantat	bewitched	/in.kanˈtat/
5456	nepot	grandson	/neˈpot/
5457	flotă	fleet	/ˈflotə/
5458	structură	structure	/strukˈtuɾə/
5459	prezis	predicted	/preˈzis/
5460	boxer	boxer	/ˈbok.ser/
5461	io	obsolete form of iuo	/ˈjo/
5462	globul	obsolete form of globulă	/ˈɡlobul/
5463	expune	to exhibit, to lay out, to expose, to make known	[eksˈpune]
5464	jură	third-person singular simple perfect indicative of jura	/ˈʒuɾə/
5465	bijuterie	jewel	/ˌbiʒuˈteɾje/
5466	prudent	prudent	/pruˈdent/
5467	labirint	labyrinth	/ˌlabiˈɾint/
5468	drepturilor	right	/drepˈturilor/
5469	dame	lady	[ˈdame]
5470	mestecat	chewed	/ˌmesteˈkat/
5471	microunde	microwave	/miˈkroʊnde/
5472	v-ați	contraction of vă + ați	/vat͡sʲ/
5473	sms	SMS; text message	/ˌseˌmeˈse/
5474	întinsă	stretched, extended, outstretched, spread out	/ɨnˈtinsə/
5475	vag	vague	/vaɡ/
5476	clopot	bell	/kloˈpot/
5477	blocare	locking	/bloˈkaɾe/
5478	pin	pine	/ˈpin/
5479	pluton	platoon	/pluˈton/
5480	ezita	to hesitate, waver	/eˈzita/
5481	închipuit	imaginary	/ˌɨnkiˈpwit/
5482	culturi	culture	[kulˈturʲ]
5483	altitudine	altitude	/ˌaltituˈdʲine/
5484	decolare	takeoff	/ˌdekoˈlaɾe/
5485	britanici	British	/briˈta.nit͡ʃʲ/
5486	expertul	wizard	/eksˈpertul/
5487	pulover	sweatshirt	/ˌpuloˈver/
5488	paralizat	paralyzed	/ˌpaɾaliˈzat/
5489	toamnă	autumn	/ˈto̯am.nə/
5490	misterioase	mysterious	[mis.te.riˈo̯a.se]
5491	trofeu	trophy	/troˈfeʊ/
5492	minoră	minor	/miˈnoɾə/
5493	lipsească	to deprive	[lipˈse̯askə]
5494	spațiu	space	/ˈspatsju/
5495	sindicat	union	/ˌsindiˈkat/
5496	focurile	fire, blaze	/foˈkurile/
5497	călugăr	monk, friar	/kəˈluɡər/
5498	doborî	to knock down, fell	/ˌdoboˈɾɨ/
5499	delicioase	delicious	[de.liˈt͡ʃjo̯a.se]
5500	malefic	maleficent, malevolent, fatal, harmful	/maˈle.fik/
5501	cip	chip	/ˈtʃip/
5502	retardat	retarded	/retarˈdat/
5503	întrece	to exceed	/ɨnˈtretʃe/
5504	sărute	to kiss	/sə.ˈru.te/
5505	vrăji	to bewitch, enchant	/vrəˈʒʲi/
5506	lacului	lake	/ˈlakuluɪ/
5507	bucluc	trouble	/buˈkluk/
5508	pictor	painter	/ˈpik.tor/
5509	litera	to letter	/liteˈra/
5510	veselă	crockery, dishes, dishware	/veˈse.lə/
5511	falsificat	falsified	/ˌfalsifiˈkat/
5512	onest	honest	/oˈnest/
5513	dap	yes	[dap]
5514	persoanei	person; individual	/perˈsɔaneɪ/
5515	dezvolta	to develop	/dezvolˈta/
5516	dintr-odată	contraction of din + odată	/din.troˈda.tə/
5517	putred	putrid, rotten	/ˈpu.tred/
5518	canalizare	sewerage	/ˌkanaliˈzaɾe/
5519	tolera	to tolerate	/to.leˈra/
5520	așteptat	waiting	[aʃtepˈtat]
5521	prime	first	[ˈpri.me]
5522	revolta	to revolt	/re.volˈta/
5523	jenat	embarrassed	/ʒeˈnat/
5524	iubite	loved	[juˈbi.te]
5525	teroare	terror	/teˈro̯a.re/
5526	interpretat	interpreted	/ˌinterpreˈtat/
5527	strălucit	brilliant	/ˌstrəlutˈʃit/
5528	înec	drowning	/ɨˈnek/
5529	recomandare	recommandation	/reˌkomanˈdaɾe/
5530	platformă	platform	/platˈformə/
5531	profesionistă	professional	/ˌprofesjoˈnistə/
5532	cooperare	cooperation	/ˌkoopeˈɾaɾe/
5533	dezamăgire	disappointment	/ˌdezamədˈʒiɾe/
5534	începuse	to begin, to commence	/ɨn.t͡ʃeˈpu.se/
5535	consolare	consolation	/ˌkonsoˈlaɾe/
5536	bridge	a game of bridge	/ˈbriddʒe/
5537	pădurii	forest	/pəˈduriɪ/
5538	confirmare	confirmation	/ˌkonfirˈmaɾe/
5539	canale	garden balsam	[kaˈna.le]
5540	creion	pencil	/kreˈjon/
5541	monitor	monitor	/ˌmoniˈtor/
5542	interveni	to intervene	[in.ter.veˈni]
5543	camerelor	room	/ˌkameˈɾelor/
5544	instruit	instructed, educated	/instrˈwit/
5545	panou	panel	/paˈnoʊ/
5546	laptop	laptop	/ˈlep.top/
5547	explozibil	explosible	/ˌeks.ploˈzi.bil/
5548	altui	other, another	/alˈtuɪ/
5549	inclus	included	/inˈklus/
5550	dansând	to dance	/danˈsɨnd/
5551	arse	burnt	[ˈarse]
5552	supermarket	supermarket	/ˌsupermarˈket/
5553	arhitect	architect	/ar.hiˈtekt/
5554	adolescentă	teenager	/ˌadolestˈʃentə/
5555	efectua	to carry out, to fulfill	/ˌefekˈtwa/
5556	concept	concept	/kontˈʃept/
5557	adineauri	just now, a moment ago, not long ago	/a.diˈne̯a.urʲ/
5558	petrecerii	party; feast; celebration	/peˈtretʃeˌɾiɪ/
5559	alții	another one	/ˈal.t͡sij/
5560	îs	to be	[ɨs]
5561	viclean	cunning, sly, crafty, villainous	/viˈkle̯an/
5562	secundar	secondary	/ˌse.kunˈdar/
5563	benzinărie	gas station	/benˌzi.nəˈri.e/
5564	acuză	accuse	/aˈkuzə/
5565	saltea	mattress	/salˈtea/
5566	idol	pagan divinity	/iˈdol/
5567	captura	to capture	/kap.tuˈra/
5568	desemnat	designated	/ˌdesemˈnat/
5569	șefule	chief, boss	/ʃeˈfule/
5570	păcatul	sin	/pəˈkatul/
5571	curier	courier	/kuɾˈjer/
5572	rod	fruit	/ˈrod/
5573	bon	voucher, ticket, coupon	/ˈbon/
5574	menajeră	maid	/meˈnaʒeˌɾə/
5575	mărunt	very small, tiny, trifling, petty	/məˈrunt/
5576	reprezentant	representative	/reˌprezenˈtant/
5577	găti	to cook	/ɡəˈti/
5578	mesager	messenger, herald	/ˌmesadˈʒer/
5579	fantezii	fantasy	[fanˈteziː]
5580	începător	beginning	/ˌɨntʃepəˈtor/
5581	lacom	greedily, covetously, lustfully	/ˈla.kom/
5582	recolta	to harvest	/reˈkolta/
5583	visam	to dream	[viˈsam]
5584	aplica	to apply	/ˈapliˌka/
5585	magazie	storeroom	/maˈɡazje/
5586	plat	flat, level, even	[plat]
5587	cărat	carried	/kəˈɾat/
5588	raft	shelf	/ˈraft/
5589	cărbune	coal	/kərˈbune/
5590	imperial	imperial	/ˌim.pe.riˈal/
5591	stadiu	stage	/ˈsta.dju/
5592	oprită	stopped	[oˈpritə]
5593	ulterior	later, subsequent	/ˌulteɾˈjor/
5594	capacitate	capacity	[kapatʃiˈtate]
5595	grijuliu	careful, cautious, prudent	/ɡri.ʒuˈliw/
5596	ponei	pony	/ˈponeɪ/
5597	pocnit	a snap	/pokˈnit/
5598	înfrânt	defeated	/ɨnˈfrɨnt/
5599	bandit	bandit	/banˈdit/
5600	bronz	bronze	/bronz/
5601	beta	beta	/ˈbeta/
5602	zgâriat	scratched	/zɡɨɾˈjat/
5603	continuam	to continue	[kontinuˈam]
5604	birourile	bureau	/ˌbiɾoˈurile/
5605	reabilitare	rehabilitation	/reˌabiliˈtaɾe/
5606	frumosul	beautiful	[fruˈmo.sul]
5607	aprobare	approval	/ˌaproˈbaɾe/
5608	hotărî	to decide, to determine	/ho.təˈrɨ/
5609	lamă	blade	/ˈla.mə/
5610	criminale	indefinite nominative/accusative/genitive/dative plural	/ˌkrimiˈnale/
5611	înfipt	stiff, unflinching, rigid	/ɨnˈfipt/
5612	fructele	fruit	/frukˈtele/
5613	sector	sector	/sekˈtor/
5614	accesa	to access	/aktˈʃesa/
5615	zac	to lie	/ˈzak/
5616	stilou	pen	/stiˈlow/
5617	nesigur	unsure, uncertain	/ˌnesiˈɡur/
5618	seri	evening	[ˈserʲ]
5619	uram	to wish, bid	[uˈram]
5620	ceara	wax	[ˈt͡ʃe̯ara]
5621	ude	to wet, moisten	[ˈude]
5622	insista	to insist	/inˈsista/
5623	brandy	brandy	/ˈbrandi/
5624	situație	situation	/situˈat͡si.e/
5625	dezbatere	debate	/ˌdezbaˈteɾe/
5626	pensionat	retired	/ˌpensjoˈnat/
5627	conversație	conversation, chat, discourse	/konverˈsat͡si.e/
5628	răzbun	peace, quietness	/rəzˈbun/
5629	niciunde	nowhere	/nitˈʃunde/
5630	relaxare	relaxation	/relakˈsaɾe/
5631	scule	tool, instrument	[ˈskule]
5632	cumpărător	buyer	/ˌkumpəɾəˈtor/
5633	iepuri	rabbit	/ˈje.purʲ/
5634	pastor	pastor, priest	/ˈpas.tor/
5635	normă	norm	/ˈnormə/
5636	pluta	raft	/ˈpluta/
5637	satelitul	satellite	/ˌsateˈlitul/
5638	visurile	dream; vision	[ˈvi.su.ri.le]
5639	irosi	to waste, to squander	/i.roˈsi/
5640	fatală	fatal	/faˈtalə/
5641	pasager	passenger	/pa.saˈd͡ʒer/
5642	caraghios	funny, silly	[karaˈɡjos]
5643	pijamale	pyjamas	/ˌpiʒaˈmale/
5644	confundat	mistaken with something else	[konfunˈdat]
5645	rareori	rarely, seldom	/ˌraɾeˈoɾʲʲ/
5646	alvin	alvine	/alˈvin/
5647	portocaliu	orange	/ˌpor.to.kaˈliw/
5648	leah	Pole, Polack	/ˈleah/
5649	oprește	to stop the movement of something	[oˈpreʃ.te]
5650	solară	solar	/soˈlaɾə/
5651	vulturul	vulture	/ˈvulturul/
5652	gelozie	jealousy	/dʒeˈlozje/
5653	apăs	oppression	/aˈpəs/
5654	centură	belt, girdle	/tʃenˈtuɾə/
5655	spargă	obsolete form of sparanghel	/ˈsparɡə/
5656	încasat	cashing	/ˌɨnkaˈsat/
5657	fiice	daughter	/ˈfiɪtʃe/
5658	repete	to repeat	[reˈpete]
5659	cuprins	contained	/kuˈprins/
5660	versurile	verse	/verˈsurile/
5661	trotuar	sidewalk, pavement	/troˈtwar/
5662	amant	lover	/aˈmant/
5663	doisprezece	twelve	/ˈdoj.spreˌze.t͡ʃe/
5664	tataie	term used to address a grandfather	/taˈtaɪe/
5665	naștere	birth	/ˈnaʃ.te.re/
5666	patruzeci	forty	/pa.truˈzet͡ʃʲ/
5667	abuzat	abusing	/ˌabuˈzat/
5668	afirmativ	affirmative	/ˌafirmaˈtiv/
5669	sovietică	Soviet	/ˌsovjeˈtikə/
5670	navetă	shuttle	/naˈvetə/
5671	fân	hay	/ˈfɨn/
5672	atotputernic	almighty	/aˌtot.puˈter.nik/
5673	palm	palm tree	/ˈpalm/
5674	înota	to swim	/ɨˈnota/
5675	fractură	fracture	/frakˈtuɾə/
5676	cd	CD, compact disc	/siˈdi/
5677	cerebrală	cerebral	/ˌtʃeɾeˈbralə/
5678	împing	to push so that it moves away, thrust, shove	/ˈɨmpiŋɡ/
5679	obsesie	obsession	/obˈsesje/
5680	răspundere	liability	/ˌrəspunˈdeɾe/
5681	umilitor	humiliating	/ˌumiliˈtor/
5682	aprovizionare	supply	/ˌaproˌvizjoˈnaɾe/
5683	invadat	invaded	[invaˈdat]
5684	exemplar	copy	/eɡ.zemˈplar/
5685	look	look	/loˈok/
5686	triste	sad	[ˈtris.te]
5687	factor	postal worker, postman, mailman	/ˈfaktor/
5688	aromă	aroma	/aˈɾomə/
5689	adunătură	mixture, medley	/ˌadunəˈtuɾə/
5690	personaje	character; persona	[per.soˈna.ʒe]
5691	telecomanda	to control remotely	/ˌtelekoˈmanda/
5692	scandalos	scandalous	/ˌskandaˈlos/
5693	corn	horn	[korn]
5694	design	design	/deˈsiɡn/
5695	dracul	devil	/ˈdrakul/
5696	stelelor	star	/steˈlelor/
5697	satan	alternative form of satană	/saˈtan/
5698	pricina	cause	/ˈpritʃiˌna/
5699	complot	complot, conspiracy	/komˈplot/
5700	chineză	a female Chinese person	/kiˈne.zə/
5701	ancora	to anchor	/an.koˈra/
5702	gat	dam	/ˈɡat/
5703	adversar	adversary, opponent	/ˌadverˈsar/
5704	semnificativ	significant	/ˌsemniˌfikaˈtiv/
5705	perimetru	perimeter	/ˌpeɾiˈmetru/
5706	tanc	tank	/ˈtank/
5707	colegă	colleague	/koˈleɡə/
5708	umblu	to walk around, wander, scour	/ˈumblu/
5709	urina	to urinate	/u.riˈna/
5710	înregistra	to register	/ˌɨnredʒisˈtra/
5711	titan	titanium	/tiˈtan/
5712	bai	trouble	/ˈbaɪ/
5713	calendar	almanac	/ˌkalenˈdar/
5714	mâncam	to eat	[mɨnˈkam]
5715	stick	stick-shaped object	/stik/
5716	sonda	to probe	/ˈsonda/
5717	sugar	suckling	/suˈɡar/
5718	formele	form	[ˈformele]
5719	adaptat	adapted	/ˌadapˈtat/
5720	numita	known as	[nuˈmita]
5721	parteneriat	partnership	/ˌparteneɾˈjat/
5722	frecvent	frequent	/frekˈvent/
5723	cantină	canteen	/kanˈtinə/
5724	decurge	to stem, to result	/deˈkur.d͡ʒe/
5725	înfrânge	to defeat, overcome, vanquish	/ɨnˈfrɨn.d͡ʒe/
5726	sirenă	siren, alarm	/siˈɾenə/
5727	angajată	engaged	/ˌaŋɡaˈʒatə/
5728	boule	ox	[ˈbo.ule]
5729	specializat	specialized	/ˌspetʃjaliˈzat/
5730	furnici	ant	/furˈnitʃʲ/
5731	instanță	instance	/insˈtantsə/
5732	scoici	shell	/skojt͡ʃʲ/
5733	ți-e	contraction of îți + e	/t͡sje/
5734	coloană	column, pillar	/koˈlɔanə/
5735	grenadă	grenade	/ɡreˈnadə/
5736	disciplina	to discipline	/dis.t͡ʃi.pliˈna/
5737	fortul	fort, fortification	/ˈfortul/
5738	încălcare	infringement	/ˌɨnkəlˈkaɾe/
5739	dubiu	doubt, uncertainty	/ˈdubiʊ/
5740	felicitare	greeting card	/ˌfelitʃiˈtaɾe/
5741	numește	to name	[nuˈmeʃte]
5742	tulburare	flurry, hubbub, excitement	/ˌtulbuˈɾaɾe/
5743	blana	fur	/ˈblana/
5744	balenă	whale	/baˈle.nə/
5745	singurătate	solitude, isolation	/ˌsiŋɡuɾəˈtate/
5746	traversa	to cross	/tra.verˈsa/
5747	porumbel	dove	/ˌpoɾumˈbel/
5748	observator	observatory	/ˌobservaˈtor/
5749	portal	portal, doorway, gateway	/porˈtal/
5750	speciali	special	/spetˈʃjalʲʲ/
5751	doliu	mourning	/ˈdoliʊ/
5752	crab	crab	/ˈkrab/
5753	sirop	syrup	/siˈrop/
5754	plasmă	plasma	/ˈplas.mə/
5755	empire	Empire	/emˈpiɾe/
5756	print	print	/ˈprint/
5757	atârna	to hang	/ˌatɨrˈna/
5758	fierbe	to boil until it begins to turn into a gas	/ˈfjerbe/
5759	topor	axe	/toˈpor/
5760	muritor	mortal	/mu.riˈtor/
5761	rucsac	backpack	/rukˈsak/
5762	borcan	jar	/borˈkan/
5763	de-ar	contraction of de + ar	/de̯ar/
5764	decorat	decorated	/ˌdekoˈɾat/
5765	posta	to post	/ˈposta/
5766	cursei	race	[ˈkursej]
5767	tăietură	cut, incision	/ˌtəjeˈtuɾə/
5768	sărbătoresc	festive	/ˌsərbətoˈɾesk/
5769	răcoare	cold, coolness	/rəˈko̯a.re/
5770	verdict	verdict	/verˈdikt/
5771	obstacole	obstacle	/obsˈtakole/
5772	mecanism	mechanism	/ˌmekaˈnism/
5773	cules	harvest	[kuˈles]
5774	văr	male cousin	/ˈvər/
5775	privilegiu	privilege	/ˌpriviledˈʒiu/
5776	oile	sheep	[ˈojle]
5777	sofisticat	sophisticated	/ˌso.fis.tiˈkat/
5778	celebritate	celebrity	/ˌtʃelebriˈtate/
5779	vulpe	fox	/ˈvul.pe/
5780	dakota	Dakota	/daˈkota/
5781	sapi	to dig, delve, burrow	[sapʲ]
5782	întruna	constantly, invariably	/ɨnˈtruna/
5783	josnic	low, lowly, abject, ignoble, base	/ˈʒosnik/
5784	ținut	held, kept	/t͡siˈnut/
5785	picături	drop	/ˌpikəˈturʲ/
5786	primite	feminine/neuter plural of primit	[priˈmite]
5787	pungi	purse	[pund͡ʒʲ]
5788	chimică	chemical	/ˈkimiˌkə/
5789	răceală	coldness	/rə.ˈt͡ʃe̯a.lə/
5790	semnătură	signature	/ˌsemnəˈtuɾə/
5791	prim-ministru	prime minister	/ˈprimmiˈnistru/
5792	număra	to count	/nu.məˈra/
5793	telefonat	phoning	/ˌtelefoˈnat/
5794	razi	to shave	[razʲ]
5795	lagăr	a military camp	/ˈlaɡər/
5796	dragoni	a dragon	/draˈɡonʲʲ/
5797	ceasuri	hour	/tʃeaˈsurʲ/
5798	stăpână	master, owner, possessor	/stəˈpɨ.nə/
5799	admirat	admired	[admiˈrat]
5800	precaut	precautious, cautious, prudent, careful, heedful, wary	/pre.kaˈut/
5801	reverend	reverend	/reveˈɾend/
5802	meteo	weather forecast	/ˈmeteo/
5803	deliberat	deliberate	[delibeˈrat]
5804	actual	present-day	/akˈtwal/
5805	decidem	to decide	[deˈt͡ʃidem]
5806	horn	chimney	/ˈhorn/
5807	cărămidă	brick	/ˌkəɾəˈmidə/
5808	telefonului	telephone	/ˌteleˈfonuluɪ/
5809	înlocuitor	substitute	/ˌɨnlokwiˈtor/
5810	transfera	to transfer	/ˌtransfeˈɾa/
5811	neg	wart, verruca	/ˈneɡ/
5812	imaginam	to imagine	[imad͡ʒiˈnam]
5813	alternative	alternative	/ˌalternaˈtive/
5814	îmbrăcăminte	clothing	/ˌɨmbrəkəˈminte/
5815	mărire	enlargement, expansion, amplification, aggrandizement	/məˈri.re/
5816	păreai	to look	/pəˈre̯aj/
5817	mă-ta	contraction of mamă + ta	/ˈmə.ta/
5818	natal	natal	/naˈtal/
5819	creăm	to create	[kreˈəm]
5820	botezat	baptized	/bo.teˈzat/
5821	tavă	tray	/ˈtavə/
5822	armonie	harmony	/ar.moˈni.e/
5823	descriu	to describe; to depict	[deˈskriw]
5824	tărâm	realm, domain	/təˈɾɨm/
5825	născută	born	/nəsˈkutə/
5826	transpirat	sweaty	/ˌtranspiˈɾat/
5827	har	grace	/ˈhar/
5828	burlac	bachelor	/burˈlak/
5829	invitată	guest, invitee	/ˌinviˈtatə/
5830	tribord	starboard	/triˈbord/
5831	rezident	having permanent residency	/ˌre.ziˈdent/
5832	grajd	stable, cowshed	/ˈɡraʒd/
5833	spectaculos	spectacular	/ˌspektakuˈlos/
5834	investigat	investigated, researched	/ˌinvestiˈɡat/
5835	urgență	emergency	/urdˈʒentsə/
5836	instabil	unstable	/ˌins.taˈbil/
5837	n-or	contraction of nu + or	/nor/
5838	cerneală	ink	/t͡ʃerˈne̯a.lə/
5839	nucă	walnut	/ˈnukə/
5840	im	mud, dirt, filth	/ˈim/
5841	babe	old woman	[ˈba.be]
5842	bikini	bikini	/biˈkinʲʲ/
5843	extras	fragment of a work	/eksˈtras/
5844	veri	male cousin	/verʲ/
5845	incapabil	unable	/ˌinkaˈpabil/
5846	pastilă	pill	/pasˈti.lə/
5847	incomod	uncomfortable	/ˌinkoˈmod/
5848	ss	alternative form of st	/ˌseˈse/
5849	centimetru	centimetre	/ˌtʃentiˈmetru/
5850	organizez	to organise, to arrange	[orɡaniˈzez]
5851	putină	barrel, cask	/puˈtinə/
5852	pulbere	dust	/pulˈbeɾe/
5853	formular	form	/ˌformuˈlar/
5854	naviga	to navigate	/na.viˈɡa/
5855	exclude	to exclude	/eksˈklude/
5856	suspecta	to suspect	/ˌsuspekˈta/
5857	opta	eighth	/ˈop.ta/
5858	onora	to honor	/oˈnoɾa/
5859	greva	to put a mortgage on a property	[ˈɡreva]
5860	oua	to lay eggs	/oˈwa/
5861	negociere	negotiation	/ˌneɡotˈʃjeɾe/
5862	carnaval	carnival	/ˌkarnaˈval/
5863	aspirină	aspirin	/ˌaspiˈɾinə/
5864	registru	register	/redˈʒistru/
5865	panda	panda	/ˈpanda/
5866	foamea	hunger	/ˈfɔamea/
5867	obligatoriu	obligatory, compulsory, mandatory, required	/ˌo.bli.ɡaˈto.rju/
5868	deghizat	in disguise	/ˌdeɡiˈzat/
5869	unsprezece	eleven	/ˈun.spreˌze.t͡ʃe/
5870	cazat	housed	/kaˈzat/
5871	rădăcini	root	/ˌrədətˈʃinʲʲ/
5872	jeleu	jelly	/ʒeˈlew/
5873	foaie	sheet	/ˈfo̯a.je/
5874	protest	protest	/proˈtest/
5875	situația	situation	/siˈtwatsja/
5876	futu-i	fuck!	[ˈfu.tuj]
5877	dădacă	nanny	/dəˈdakə/
5878	priză	socket	/ˈprizə/
5879	pupa	to kiss	/puˈpa/
5880	terenuri	plot of land	/teˈre.nurʲ/
5881	pământurile	earth, ground	/ˌpəmɨnˈturile/
5882	muscă	fly	/ˈmuskə/
5883	psihologie	psychology	/ˌpsiholodˈʒie/
5884	aburi	to cover with condensation	/a.buˈri/
5885	magnetic	magnetic	/maɡˈnetik/
5886	armament	weaponry	/ˌarmaˈment/
5887	supun	to subject to, subdue, subjugate, force, oblige, coerce	[suˈpun]
5888	pasaj	passage	/paˈsaʒ/
5889	tabere	camp, encampment	/taˈbeɾe/
5890	coordonate	coordinate	/ˌkoordoˈnate/
5891	mânie	rage, great anger, wrath, ire, fury, craze, mania	/mɨˈnie/
5892	paranoia	paranoia	/ˌpaɾaˈnoja/
5893	avocatură	profession of lawyers	/ˌavokaˈtuɾə/
5894	bonă	nanny	/ˈbonə/
5895	dietă	diet	/ˈdjetə/
5896	biologie	biology	/bi.o.loˈd͡ʒi.e/
5897	secretară	secretary	/ˌsekreˈtaɾə/
5898	activă	active	/akˈtivə/
5899	ăstuia	this	/ˈəstuja/
5900	invită	opening in a game	/inˈvitə/
5901	subestimat	underestimated, underrated	/ˌsubestiˈmat/
5902	temple	temple	/ˈtemple/
5903	relație	relation	/reˈlat͡si.e/
5904	copiat	copying	[koˈpjat]
5905	familiilor	family	/ˌfamiˈliɪlor/
5906	feroce	ferocious, fierce	/feˈɾotʃe/
5907	intrus	intruder	/ˈintrus/
5908	scorpie	bitch, old hag, virago, shrew; epithet for a bad woman	/ˈskorpje/
5909	flatat	flattered	/flaˈtat/
5910	blândă	hives, urticaria, nettle-rash	/ˈblɨndə/
5911	vaccin	vaccine	/vaktˈʃin/
5912	naivă	naive	/naˈivə/
5913	posedat	possessed	/ˌposeˈdat/
5914	numelui	name	[ˈnumeluj]
5915	poem	poem	/poˈem/
5916	chinei	genitive/dative singular of China	/ˈkineɪ/
5917	uitai	to forget	/ujˈtaj/
5918	firesc	natural	/fiˈresk/
5919	înfometat	starving, famished	/ˌɨnfomeˈtat/
5920	examinare	examination	/ˌeɡzamiˈnaɾe/
5921	vagin	vagina	[vaˈd͡ʒin]
5922	rap	rap	/ˈrap/
5923	botez	baptism	[boˈtez]
5924	rupere	the act of breaking	/ruˈpeɾe/
5925	sape	to dig, delve, burrow	[ˈsape]
5926	milionar	millionaire	/ˌmiljoˈnar/
5927	înțelegere	understanding	/ˌɨntseledˈʒeɾe/
5928	nenorocire	disaster, calamity	/ˌnenoɾotˈʃiɾe/
5929	donat	to donate	[doˈnat]
5930	etică	ethics	/eˈtikə/
5931	frontiera	frontier	[frontiˈera]
5932	întrerupere	pause	/ˌɨntreɾuˈpeɾe/
5933	omis	omitted	/oˈmis/
5934	contrazice	to contradict, to be contrary to	/kon.traˈzi.t͡ʃe/
5935	săbii	sword	/ˈsəbiɪ/
5936	nemilos	ruthlessly, mercilessly	/ˌne.miˈlos/
5937	simultan	simultaneous	/ˌsimulˈtan/
5938	marcă	mark	/ˈmarkə/
5939	palid	pale, pallid	/ˈpa.lid/
5940	asistat	assisted	/a.sisˈtat/
5941	runde	round	/ˈrun.de/
5942	put	to stink	/ˈput/
5943	uzi	wet	/uzʲ/
5944	treptat	slowly, gradual	/trepˈtat/
5945	operator	operating	/ˌopeɾaˈtor/
5946	comitet	committee	/ˌkomiˈtet/
5947	pornească	to start; to set into motion; to put into action	[porˈne̯askə]
5948	ciudatul	creep	/tʃuˈdatul/
5949	non-stop	nonstop	/ˈnonsˈtop/
5950	interpreta	to interpret	/ˌinterˈpreta/
5951	biet	poor, unhappy, sad	/bjet/
5952	permisie	furlough, leave	/perˈmi.sje/
5953	săracă	a poor person	/səˈɾakə/
5954	aruncarea	throw, the act of throwing	/ˌaɾunˈkaɾea/
5955	soție	wife	/soˈt͡sije/
5956	biserici	church	/biˈseɾitʃˌʲ/
5957	ardem	to burn	[ˈardem]
5958	îmbătrânit	aged, having grown old	/ɨm.bə.trɨˈnit/
5959	castron	bowl	[kasˈtɾon]
5960	împrejur	around	/ɨmpreˈʒur/
5961	iubitei	definite dative/genitive singular of iubită	/juˈbiteɪ/
5962	disciplină	discipline	/ˌdistʃiˈplinə/
5963	cana	cup, mug	[ˈkana]
5964	interceptat	intercepted	/ˌintertʃepˈtat/
5965	albinele	bee	/ˌalbiˈnele/
5966	taurul	bull	/taˈurul/
5967	presupunere	assumption	/ˌpresupuˈneɾe/
5968	stânca	cliff	/ˈstɨnka/
5969	zână	A fairy	/ˈzɨnə/
5970	temperatură	temperature	/tem.pe.raˈtu.rə/
5971	parteneră	partner	/parˈteneˌɾə/
5972	cupru	copper	/ˈkupru/
5973	masacru	massacre	/maˈsa.kru/
5974	fantezia	fantasy	[fanˈtezia]
5975	fântâna	well	/fɨnˈtɨna/
5976	insulta	to insult, offend	/inˈsulta/
5977	infiltrat	infiltrate	/ˌinfilˈtrat/
5978	omega	omega	/oˈmeɡa/
5979	orchestra	to orchestrate	/orˈkestra/
5980	lectură	reading	/lekˈtuɾə/
5981	atenta	to assault	/a.tenˈta/
5982	viselor	dream; vision	[ˈvi.se.lor]
5983	gem	jam	/ˈdʒem/
5984	impostor	impostor	/ˌimposˈtor/
5985	admis	acknowledged	/adˈmis/
5986	copt	baked	/kopt/
5987	alerta	to alert	/aˈlerta/
5988	invite	to invite	[inˈvite]
5989	umor	humor	/uˈmor/
5990	noutate	item of news, tidings	/noʊˈtate/
5991	perioade	period, age	/ˌpeɾjɔˈade/
5992	femelă	female	/feˈme.lə/
5993	corespunde	to correspond	/ˌkoɾesˈpunde/
5994	jeep	jeep	/ʒeˈep/
5995	limuzină	limousine	/ˌlimuˈzinə/
5996	memorial	memorial	/ˌmemoɾˈjal/
5997	documentar	documentary	/ˌdokumenˈtar/
5998	vital	vital	/viˈtal/
5999	mafiot	Mafioso	/maˈfjot/
6000	dinozaur	dinosaur	/ˌdi.noˈza.ur/
6001	grenade	grenade	[ɡreˈnade]
6002	conserve	preserve	/konˈserve/
6003	primejdie	danger	/priˈmeʒ.di.e/
6004	calc	tracing	/ˈkalk/
6005	îndeaproape	closely	/ˌɨndeaˈprɔape/
6006	portret	portrait	[porˈtret]
6007	entuziasm	enthusiasm	/ˌentuˈzjasm/
6008	terenului	plot of land	/teˈre.nu.luj/
6009	scurtătură	short cut	/ˌskurtəˈtuɾə/
6010	poezii	poetry	/poˈeziɪ/
6011	mascat	masked	/masˈkat/
6012	exploziv	explosive	/ˌeksploˈziv/
6013	electronic	electronic	/ˌelekˈtronik/
6014	sarea	salt	/ˈsaɾea/
6015	scădere	decrease	/skəˈdeɾe/
6016	rusesc	Russian	/ruˈsesk/
6017	bufet	sideboard, dresser	/buˈfet/
6018	gustos	tasty	/ɡusˈtos/
6019	etern	eternal, perpetual	/eˈtern/
6020	ciment	cement	/tʃiˈment/
6021	scund	short	/skund/
6022	tremur	a shake, tremble, shiver	/treˈmur/
6023	rama	to row	/ˈrama/
6024	stadion	stadium	/staˈdjon/
6025	prevăzut	designated; intended	/ˌprevəˈzut/
6026	complexe	complex	[komˈplek.se]
6027	fină	goddaughter	/ˈfinə/
6028	civilizat	civilized	/ˌtʃiviliˈzat/
6029	vestă	vest	/ˈvestə/
6030	spitalele	hospital	/spiˈtalele/
6031	alaltăieri	the day before yesterday	/aˈlaltəˌjeɾʲʲ/
6032	hamburger	hamburger	/ˌhamburdˈʒer/
6033	cuprinde	to comprehend	/kuˈprinde/
6034	tind	to aspire to, strive for	[tind]
6035	tonă	ton	/ˈtonə/
6036	confiscat	confiscated	/ˌkonfisˈkat/
6037	ser	serum	/ser/
6038	incitant	inciting	/ˌintʃiˈtant/
6039	aroma	alternative form of aromi	/aˈɾoma/
6040	pregăteam	to prepare	/pre.ɡəˈte̯am/
6041	traumă	trauma	/ˈtraʊmə/
6042	dubios	dubious, doubtful	/du.biˈos/
6043	mortul	dead body, corpse	/ˈmortul/
6044	capsula	to encapsulate	/kapˈsula/
6045	creativ	creative	/kre.aˈtiv/
6046	struguri	alternative form of strugure	/struˈɡurʲ/
6047	oala	pot, saucepan	/ˈɔala/
6048	laudă	praise, commendation	/ˈlaw.də/
6049	visurilor	dream; vision	[ˈvi.su.ri.lor]
6050	scoli	to get up, stand up, rise	[skolʲ]
6051	pica	to fall	/piˈka/
6052	pescar	fisher, fisherman	/pesˈkar/
6053	împlini	to fill	/ˌɨmpliˈnʲi/
6054	limonadă	lemonade	/ˌlimoˈnadə/
6055	omletă	omelette	/omˈletə/
6056	străvechi	very old, ancient, age-old	/strəˈvekʲ/
6057	psihiatrie	psychiatry	/psiˈhjatrje/
6058	balene	whale	[baˈlene]
6059	extins	extended	/eksˈtins/
6060	satisfăcut	satisfied	/ˌsa.tis.fəˈkut/
6061	etichetă	label, tag	/e.tiˈke.tə/
6062	necesita	to necessitate	/ne.t͡ʃe.siˈta/
6063	cincisprezece	fifteen	/ˈt͡ʃint͡ʃʲ.spreˌze.t͡ʃe/
6064	stâlp	pillar	/ˈstɨlp/
6065	vanilie	vanilla	/vaˈni.li.e/
6066	tablă	board, blackboard	/ˈtablə/
6067	glob	globe	/ˈɡlob/
6068	lunar	monthly	/luˈnar/
6069	polo	polo	/ˈpolo/
6070	începea	to begin, to commence	/ɨn.t͡ʃeˈpe̯a/
6071	mișcă	to move	/ˈmiʃkə/
6072	orizont	horizon, skyline	/ˌoɾiˈzont/
6073	sacră	sacred	[ˈsa.krə]
6074	musulman	Muslim	/ˌmusulˈman/
6075	iaurt	yogurt	/jaˈurt/
6076	pentagon	Pentagon	/ˌpentaˈɡon/
6077	contez	to count, be an example of something	[konˈtez]
6078	versuri	verse	/verˈsurʲ/
6079	tango	obsolete form of tangou	/taŋˈɡo/
6080	pumni	to punch	/ˈpumnʲʲ/
6081	dude	mulberry	[ˈdude]
6082	declara	to declare	/deˈklaɾa/
6083	laolaltă	together	/ˌlaoˈlaltə/
6084	ucidere	killing	/uˈt͡ʃi.de.re/
6085	balena	whale	[baˈlena]
6086	umbrele	umbrella	/umˈbrele/
6087	fiert	boiled	/fjert/
6088	cruzime	cruelty, cruelness, brutality	/kruˈzime/
6089	industrie	industry	/inˈdustrje/
6090	rată	loan repayment	/ˈratə/
6091	câtorva	some, a little, a few	/ˌkɨtorˈva/
6092	aplecat	bent	/ˌapleˈkat/
6093	urmărită	person wanted by law enforcement authorities	/ˌurməˈɾitə/
6094	deprimant	depressing	/ˌdepriˈmant/
6095	bunică	grandmother	/buˈnikə/
6096	supt	hollow, sunken, emaciated	[supt]
6097	criminalistică	criminology	/ˌkrimiˌnalisˈtikə/
6098	capra	goat	/ˈkapra/
6099	cerceta	to examine, investigate, inspect, scrutinize, search	/ˌtʃertʃeˈta/
6100	actorie	acting	/akˈtoɾje/
6101	săgeata	arrow	/sədˈʒeata/
6102	scor	score	/ˈskor/
6103	chiuvetă	sink, basin, washbasin, washbowl	/kjuˈvetə/
6104	carul	cart	/ˈkarul/
6105	fraza	to phrase	[fraˈza]
6106	sugi	to suck	[sud͡ʒʲ]
6107	civilă	civil	/tʃiˈvilə/
6108	suvenir	memory	/ˌsuveˈnir/
6109	pornire	the act of starting	/porˈniɾe/
6110	celorlalte	the other	/ˌtʃelorˈlalte/
6111	citind	to read	[tʃiˈtind]
6112	trabuc	cigar	[traˈbuk]
6113	uniunii	union, connection, association, alliance	/uˈnjuniɪ/
6114	aparte	in a special way	/aˈparte/
6115	comisie	commission	/koˈmisje/
6116	clint	movement	/ˈklint/
6117	triplu	triple	/ˈtriplu/
6118	anomalie	anomaly	/ˌanoˈmalje/
6119	dormitoare	obsolete form of dormitor	/ˌdormiˈtɔaɾe/
6120	epidemie	epidemic	/ˌepiˈdemje/
6121	stăpânire	control, domination, authority, rule, command, authority,…	/stə.pɨˈni.re/
6122	groasă	thick	/ˈɡrɔasə/
6123	cosmic	cosmic	/ˈkos.mik/
6124	antidot	antidote	/antiˈdot/
6125	tesla	adze	/ˈtesla/
6126	ascultare	the act of listening	/ˌaskulˈtaɾe/
6127	terorism	terrorism	/ˌteɾoˈɾism/
6128	adaugi	to add, add to	/aˈdaʊdʒʲ/
6129	vopsit	painted	/vopˈsit/
6130	antrena	to train	/an.treˈna/
6131	înnebuni	to go mad	/ɨn.ne.buˈni/
6132	zahar	sugar	/zaˈhar/
6133	înving	to win	/ˈɨnviŋɡ/
6134	încurajat	encouraged	/ˌɨnkuɾaˈʒat/
6135	seminar	seminar	/ˌsemiˈnar/
6136	ipotetic	hypothetical	/ˌipoˈtetik/
6137	infern	hell	/inˈfern/
6138	brută	brute	/ˈbrutə/
6139	sunetele	sound, noise	[ˈsu.ne.te.le]
6140	umble	to walk around, wander, scour	[ˈumble]
6141	sit	picturesque landscape	/ˈsit/
6142	știință	cognition, knowledge	/ʃtiˈin.t͡sə/
6143	dona	to donate	/doˈna/
6144	naval	nautical	/naˈval/
6145	guler	collar	/ˈɡuler/
6146	bărbatului	man	[bərˈbatuluj]
6147	veteran	veteran	/ˌveteˈɾan/
6148	cerb	deer	[t͡ʃerb]
6149	lipsește	to deprive	[lipˈseʃte]
6150	comparat	compared	[kompaˈrat]
6151	risipă	waste	/riˈsipə/
6152	abilitate	ability	/abiliˈtate/
6153	expunere	exposure	/ˌekspuˈneɾe/
6154	fermieri	farmer	/ferˈmjeɾʲʲ/
6155	ironia	irony	/i.roˈni.ja/
6156	district	district	/disˈtrikt/
6157	învârt	to spin, twist, roll, turn about, whirl	/ɨn.ˈvɨrt/
6158	reportaj	reportage	/reporˈtaʒ/
6159	container	shipping container	/ˌkontaɪˈner/
6160	scorpion	scorpion	/skorˈpjon/
6161	amendament	amendment	/ˌamendaˈment/
6162	pasare	passing	/paˈsaɾe/
6163	formidabil	formidable	/ˌfor.miˈda.bil/
6164	fermecat	charmed	/ˌfermeˈkat/
6165	concret	concrete	/konˈkret/
6166	anxietate	anxiety	/ˌanksjeˈtate/
6167	paie	straw	/ˈpaɪe/
6168	îmbrăca	to dress up, to get dressed	/ɨm.brəˈka/
6169	senat	senate	/seˈnat/
6170	inginerie	engineering	/ˌiŋdʒiˈneɾje/
6171	ostil	hostile	/osˈtil/
6172	arbitru	referee	/arˈbitru/
6173	rândurile	row	/rɨnˈdurile/
6174	literatură	literature	/li.te.raˈtu.rə/
6175	controlăm	to control, to master	[kon.troˈləm]
6176	separa	to separate	/se.paˈra/
6177	politicieni	politician	/ˌpolititˈʃjenʲʲ/
6178	speranța	hope	/speˈrant͡sa/
6179	anticipat	anticipated	/antitʃiˈpat/
6180	tremura	to tremble, shake, shiver, shudder, quiver	/treˈmuɾa/
6181	bâtă	club, cudgel, cosh	/ˈbɨtə/
6182	sătul	full, sated, satiated	/səˈtul/
6183	generator	generator	/ˌdʒeneɾaˈtor/
6184	drogul	drug	/ˈdroɡul/
6185	deține	to own	/deˈt͡si.ne/
6186	frânge	to break, smash, fracture	/ˈfrɨn.d͡ʒe/
6187	idea	to invent, to conceive	/ˈidea/
6188	coroană	crown	/koˈɾɔanə/
6189	răpească	to ravish	[rəˈpe̯askə]
6190	auriu	gold, golden-colored	/a.uˈriw/
6191	astronaut	astronaut	/as.troˈnaut/
6192	torn	to pour	/ˈtorn/
6193	bazin	basin	/baˈzin/
6194	rodeo	rodeo	/ˈrodeo/
6195	unda	to bubble up, boil, seethe, surge	/ˈunda/
6196	căra	to carry, bear, transport	/kəˈra/
6197	rotund	round	/roˈtund/
6198	milady	milady	/miˈladi/
6199	ieșire	exit	/jeˈʃiɾe/
6200	simpatie	sympathy	/simˈpatje/
6201	biologică	biologic, biological	/ˌbjolodˈʒikə/
6202	inventa	to invent	/in.venˈta/
6203	avantaje	advantage	[avanˈtaʒe]
6204	mercur	mercury	/merˈkur/
6205	câțiva	some, a little, a few	/kɨtsˈʲva/
6206	profesie	profession	/proˈfesje/
6207	scuipă	handkerchief	/ˈskwipə/
6208	mintal	mentally	/minˈtal/
6209	clic	click	/ˈklik/
6210	figuri	figure	[fiˈɡurʲ]
6211	zdrobi	to split, break into pieces, rive	/ˈzdrobʲʲ/
6212	injectat	injected	[inʒekˈtat]
6213	regii	king	[ˈre.d͡ʒiː]
6214	neajutorat	helpless	/ne.a.ʒu.toˈrat/
6215	lea	to wash	[le̯a]
6216	chimic	chemical	/ˈci.mik/
6217	deplasat	moved	/ˌdeplaˈsat/
6218	comport	to behave, to conduct, comport oneself	[komˈport]
6219	canion	canyon	/kaˈnjon/
6220	negociem	to negotiate	[neɡot͡ʃiˈem]
6221	chipsuri	chip, crisp	/kipˈsurʲ/
6222	european	European	/ˌe.u.roˈpe̯an/
6223	florin	florin	/floˈɾin/
6224	bam	bang	/ˈbam/
6225	renumit	renowned, well-known	/re.nuˈmit/
6226	sacrifica	to sacrifice	/saˈkrifiˌka/
6227	majoritate	majority	[ma.ʒo.riˈta.te]
6228	acceptabil	acceptable	/ˌaktʃepˈtabil/
6229	farfurii	plate	/farˈfuriɪ/
6230	camping	campsite	/ˈkem.pinɡ/
6231	ardere	the process of burning	/arˈdeɾe/
6232	pup	kiss	/ˈpup/
6233	călătorească	to travel, to journey	[kələtoˈrjaskə]
6234	viteze	speed	/viˈteze/
6235	franceze	French	/franˈt͡ʃeze/
6236	marketing	marketing	/marˈketiŋɡ/
6237	statie	article of a document	/ˈstatje/
6238	frustrat	frustrated	/frusˈtrat/
6239	căpătat	acquired	/ˌkəpəˈtat/
6240	portar	gatekeeper, doorkeeper, doorman, porter, door-guard	/porˈtar/
6241	verandă	veranda	/veˈran.də/
6242	dornic	eager	/ˈdornik/
6243	economic	economical	/e.koˈno.mik/
6244	sever	strict	/seˈver/
6245	digital	digital	/di.d͡ʒiˈtal/
6246	vremii	weather	/ˈvremiɪ/
6247	savant	scholar, scientist	/saˈvant/
6248	lat	wide, broad	/lat/
6249	consuma	to consume	/konˈsuma/
6250	impune	to enforce	/imˈpune/
6251	budincă	pudding	/buˈdin.kə/
6252	cant	edge	/ˈkant/
6253	palpitant	thrilling	/ˌpalpiˈtant/
6254	buncăr	bunker	/bunˈkər/
6255	cacao	cocoa	/kaˈkao/
6256	pupi	to kiss	[pupʲ]
6257	comision	commission	/ˌkomiˈsjon/
6258	râzând	rident	/rɨˈzɨnd/
6259	ketchup	ketchup	/ketˈkup/
6260	amânat	deferred	/a.mɨˈnat/
6261	elimini	to eliminate	[eˈli.mi.nʲi]
6262	iresponsabil	irresponsible	/ˌiɾesponˈsabil/
6263	chestiuni	matter, concern, question, problem, issue	/kes.tiˈunʲ/
6264	divertisment	entertainment	/ˌdivertisˈment/
6265	sst	alternative form of st	/ˌseˌseˈte/
6266	confruntare	confrontation	/ˌkonfrunˈtaɾe/
6267	dansam	to dance	/danˈsam/
6268	pustie	deserted, bare, desolate	/pusˈti.e/
6269	zgomotos	noisy	/zɡo.moˈtos/
6270	supraveghetor	supervisor	/ˌsupraˌveɡeˈtor/
6271	radical	radical	/ra.diˈkal/
6272	instructor	instructor	/inˈstruk.tor/
6273	venise	to come	[veˈnise]
6274	admirator	admirer	/ˌadmiɾaˈtor/
6275	iubitului	lover, sweetheart, beloved, boyfriend	/juˈbituluɪ/
6276	glumi	to joke, jest	/ˈɡlumʲʲ/
6277	citeam	to read	[tʃiˈtjam]
6278	vagon	wagon	/vaˈɡon/
6279	parazit	parasite	[paraˈzit]
6280	propune	to propose, suggest or recommend	/proˈpune/
6281	toxic	toxic	/ˈtok.sik/
6282	bilă	bile	/ˈbilə/
6283	populare	colonization	/ˌpopuˈlaɾe/
6284	victorii	victory	/vikˈtoɾiɪ/
6285	negustor	merchant, trader, dealer	/ˌneɡusˈtor/
6286	incendii	fire	/intˈʃendiɪ/
6287	valora	to worth	/ˌvaloˈɾa/
6288	italieni	an Italian man	/ˌitalˈjenʲʲ/
6289	papă	pope	/ˈpapə/
6290	mânecă	sleeve	/ˈmɨ.ne.kə/
6291	artificială	artificial	/ˌartifitˈʃjalə/
6292	damă	lady	/ˈdamə/
6293	răutate	badness, wickedness, maliciousness, malignity	/rəʊˈtate/
6294	deceniu	decade	/deˈt͡ʃe.nju/
6295	sug	to suck	[suɡ]
6296	simpli	simple	[ˈsimpli]
6297	școala	school	/ˈʃkɔala/
6298	presat	pressed	/preˈsat/
6299	certam	to quarrel, squabble, argue, altercate, row, argufy,…	[t͡ʃerˈtam]
6300	părului	hair	/ˈpəruluɪ/
6301	inferior	inferior	/ˌin.fe.riˈor/
6302	halat	robe, gown, white coat	/haˈlat/
6303	gemene	twin	/dʒeˈmene/
6304	miez	core, heart	/ˈmjez/
6305	herb	coat of arms	/ˈherb/
6306	armură	armor	/arˈmuɾə/
6307	ferme	farm	[ˈferme]
6308	sărăcie	poverty	/ˌsəɾətˈʃie/
6309	hidrogen	hydrogen, with an atomic number of 1 and atomic weight of…	/ˌhidroˈd͡ʒen/
6310	smulge	to wrest, wrench, snatch, pluck	/ˈsmuldʒe/
6311	testez	to test; to try	[tesˈtez]
6312	dinamită	dynamite	/ˌdinaˈmitə/
6313	schimburi	change	/skimˈburʲ/
6314	administrator	administrator	/ad.mi.nis.traˈtor/
6315	vulgar	vulgar	/vulˈɡar/
6316	diabolic	diabolical	/djaˈbolik/
6317	încălzit	heated	/ˌɨnkəlˈzit/
6318	uragan	hurricane	/u.raˈɡan/
6319	bebe	baby, infant	/ˈbe.be/
6320	email	enamel	/eˈma.il/
6321	schemă	scheme	/ˈskemə/
6322	calce	calcium oxide	[ˈkalt͡ʃe]
6323	ambasadă	embassy	/am.baˈsa.də/
6324	îndrăgosti	to fall in love	/ɨn.drə.ɡosˈti/
6325	iaht	yacht	/ˈjaht/
6326	păzesc	to guard, watch over, take care of, protect	/pəˈzesk/
6327	irelevant	irrelevant	/ˌiɾeleˈvant/
6328	fricos	cowardly, fearful, timid	/friˈkos/
6329	intact	intact	/inˈtakt/
6330	vigoare	vigour	/viˈɡware/
6331	fibre	fibre	[ˈfibre]
6332	găini	chicken	/ɡə.iˈni/
6333	bluză	blouse	/ˈbluzə/
6334	manevra	to maneuver	/maˈnevra/
6335	maică	mother	/ˈmaj.kə/
6336	homar	lobster	/hoˈmar/
6337	lanternă	flashlight, torch	/lanˈternə/
6338	flux	flow	/ˈfluks/
6339	exemplul	example	[eɡˈzem.plul]
6340	manieră	manner	/maˈnjeɾə/
6341	agendă	planner notebook	/adˈʒendə/
6342	sfori	string	/ˈsfoɾʲʲ/
6343	hacker	hacker	/hakˈker/
6344	foloseau	to use, employ	[foloˈse̯aw]
6345	procent	percent	/protˈʃent/
6346	grec	Greek	/ɡrek/
6347	somon	salmon	/soˈmon/
6348	strecura	to strain, filter	/ˌstrekuˈɾa/
6349	eseu	essay	/eˈseʊ/
6350	altei	other, another	/ˈalteɪ/
6351	orar	hourly	/oˈɾar/
6352	instalator	plumber	/ˌinstalaˈtor/
6353	pomană	charity, dole, alms	/poˈma.nə/
6354	dovleac	pumpkin	/doˈvle̯ak/
6355	dezactivat	disabled	/ˌdezaktiˈvat/
6356	gusta	to taste	/ˈɡusta/
6357	încălzesc	to warm, heat	/ˌɨnkəlˈzesk/
6358	detecta	to detect	/deˈtekta/
6359	ladă	crate	/ˈladə/
6360	domnișoară	young lady, miss	/ˌdomniˈʃɔaɾə/
6361	ozn	UFO: abbreviation of obiect zburător neidentificat	/ˈozn/
6362	universal	universal	/ˌuniverˈsal/
6363	fragil	fragile	/fraˈd͡ʒil/
6364	fierul	iron	/ˈfjerul/
6365	vilă	mansion	/ˈvilə/
6366	patriot	patriot	/patrˈjot/
6367	violator	rapist	/ˌvjolaˈtor/
6368	exil	exile	/eɡˈzil/
6369	modifica	to change, alter or modify	[mo.di.fiˈka]
6370	temem	to fear	[ˈtemem]
6371	obositor	tiring, tiresome, wearisome, exhausting	/ˌo.bo.siˈtor/
6372	speranță	hope	/speˈrant͡sə/
6373	grijile	worry	/ɡriˈʒʲile/
6374	rezistent	resistant	/rezisˈtent/
6375	ciuma	plague, pest, pestilence	/ˈtʃuma/
6376	deconectat	disconnected	/ˌdekonekˈtat/
6377	mexicană	Mexican	/ˌmeksiˈkanə/
6378	cercei	earring	/ˈtʃertʃeɪ/
6379	tunuri	cannon	/tuˈnurʲ/
6380	amâna	to delay, postpone, put off	/a.mɨˈna/
6381	interpretare	interpretation	/ˌinterpreˈtaɾe/
6382	artistic	artistic	/arˈtis.tik/
6383	ocular	ocular	/ˌokuˈlar/
6384	udat	watered, wetted, soaked, moistened	/uˈdat/
6385	vegetarian	vegetarian	/ˌvedʒetaɾˈjan/
6386	turmă	herd, flock	/ˈtur.mə/
6387	amor	love	/aˈmor/
6388	conecta	to connect	/ˌkonekˈta/
6389	sexului	gender, sex	/ˈseksuluɪ/
6390	anormal	abnormal	/a.norˈmal/
6391	combinat	combined	/kom.biˈnat/
6392	păzit	guarded	/pəˈzit/
6393	consum	consumption	/konˈsum/
6394	laud	to praise, laud	[ˈla.ud]
6395	critica	to criticize	/ˈkritiˌka/
6396	grăbească	to hurry, be in a rush, make haste	[ɡrəˈbe̯askə]
6397	atingem	to touch	[aˈtind͡ʒem]
6398	neveste	bride	/neˈveste/
6399	cărți	book	[kərt͡sʲ]
6400	cotitură	turning	/ˌkotiˈtuɾə/
6401	aurora	dawn	/ˌauˈɾoɾa/
6402	trăgător	firer, shooter; one who fires; marksman	/trə.ɡəˈtor/
6403	semestru	semester	/seˈmestru/
6404	mentă	mint	/ˈmen.tə/
6405	javră	cur, mutt, pooch	/ˈʒavrə/
6406	buchet	bouquet	/buˈket/
6407	lămurit	clear, clarified	/ˌləmuˈɾit/
6408	bou	ox	/bow/
6409	înfrunt	affront, public insult	/ɨnˈfrunt/
6410	insistent	insistent	/ˌinsisˈtent/
6411	răzgândi	to rethink, change one's mind, think better of	/rəzˈɡɨndʲʲ/
6412	ren	reindeer	/ren/
6413	fatal	fatal	/faˈtal/
6414	mâner	handle	/mɨˈner/
6415	bancher	banker	/banˈker/
6416	strige	to call	[ˈstrid͡ʒe]
6417	ajutoarele	help, assistance	/ˌaʒutɔaˈɾele/
6418	alteori	other times	/alˈteoɾʲʲ/
6419	brand	brand	/ˈbrand/
6420	premieră	premiere	/preˈmjeɾə/
6421	introduc	to insert	[introˈduk]
6422	chat	chat	/ˈkat/
6423	găsiți	finding	[ɡəˈsit͡sʲ]
6424	oficiu	office	/oˈfi.t͡ʃju/
6425	armăsar	stud	[arməˈsar]
6426	comise	third-person singular simple perfect indicative of comite	[koˈmise]
6427	fluier	whistle; pipe	/ˈflwier/
6428	ardei	pepper	/arˈdej/
6429	baraj	dam, barrage	/baˈraʒ/
6430	alunga	to drive away	/a.lunˈɡa/
6431	grâu	wheat	/ɡrɨw/
6432	latura	side	[laˈtura]
6433	fulgi	feather	[fuld͡ʒʲ]
6434	îndurat	merciful	/ɨn.duˈrat/
6435	tejghea	counter	/teʒˈɡea/
6436	sifon	siphon	/siˈfon/
6437	suflat	taken by the wind	/suˈflat/
6438	contabilitate	accountancy	/ˌkontaˌbiliˈtate/
6439	bârfe	gossip, chit-chat	/ˈbɨrfe/
6440	toc	heel	/ˈtok/
6441	teoriile	theory	/teoˈɾiɪle/
6442	panama	Panama hat	/paˈnama/
6443	acțiune	action	/aktˈsjune/
6444	nebunule	madman	/ˌnebuˈnule/
6445	categorie	category	/ˌkateˈɡoɾje/
6446	laude	to praise, laud	[ˈla.ude]
6447	activa	to activate	/ak.tiˈva/
6448	vitamine	vitamin	/ˌvitaˈmine/
6449	funie	rope, cord	/ˈfunje/
6450	dificultate	difficulty	/ˌdifikulˈtate/
6451	campionat	championship	/ˌkampjoˈnat/
6452	sigilat	sealed	/ˌsidʒiˈlat/
6453	turnător	nark, betrayer	/ˌturnəˈtor/
6454	bunic	grandfather	/buˈnik/
6455	suspectă	suspect	/susˈpektə/
6456	scânteie	spark	/skɨnˈte.je/
6457	handicap	handicap	/ˌhandiˈkap/
6458	examene	exam, examination, test	/ˌeɡzaˈmene/
6459	însărcinat	charged, responsible	/ɨn.sər.t͡ʃiˈnat/
6460	umanitate	humanity, humaneness, benevolence	[u.ma.niˈta.te]
6461	cerea	to request, to ask for	[t͡ʃeˈre̯a]
6462	secund	second	/seˈkund/
6463	băiatule	boy	/ˌbəjaˈtule/
6464	tipe	plural of tipă	[ˈti.pe]
6465	neatins	untouched	/neaˈtins/
6466	deranjăm	to derange, disarrange	[de.ranˈʒəm]
6467	spuneți	to say	/ˈspunetsʲ/
6468	solicita	to solicit	/ˌsolitˈʃita/
6469	ocupam	to occupy, take up	[okuˈpam]
6470	tabla	board, blackboard	/ˈtabla/
6471	toporul	axe	/toˈporul/
6472	ceata	group, band, gang, pack, troop, flock	/ˈtʃeata/
6473	soia	soy	/ˈso.ja/
6474	vreunui	some, any	/ˌvreuˈnuɪ/
6475	bântuit	haunted	/bɨnˈtwit/
6476	radarul	radar	/ˈradarul/
6477	sărbătorit	celebrated	/ˌsərbətoˈɾit/
6478	vânez	to hunt	/vɨˈnez/
6479	spumă	foam	/ˈspu.mə/
6480	achitat	paid	/ˌakiˈtat/
6481	arenă	arena	/aˈɾenə/
6482	cărucior	baby pram	/ˌkəɾutˈʃor/
6483	furniza	to provide	/ˌfurniˈza/
6484	flămând	starving, famished, hungry	/flə.ˈmɨnd/
6485	arab	Arab, Arabic	/aˈrab/
6486	pește	fish	/ˈpeʃ.te/
6487	remediu	remedy	/reˈmedju/
6488	lambert	lambert	/lamˈbert/
6489	maximum	maximum	/ˈmaksiˌmum/
6490	morcovi	carrot	/ˈmor.kovʲ/
6491	prezice	to predict, to foretell, to divine	[preˈzi.t͡ʃe]
6492	îngrijorarea	concern	/ˌɨŋɡriʒoˈɾaɾea/
6493	vindec	healing	/vinˈdek/
6494	încontinuu	continuously	/ˌɨnkonˈtinwu/
6495	transportat	transported	/ˌtransporˈtat/
6496	terminal	terminal	/ˌtermiˈnal/
6497	sacre	sacred	[ˈsa.kre]
6498	curvo	whore, slut, tramp, harlot, hooker; a promiscuous woman	[ˈkurvo]
6499	artilerie	artillery	/ˌartiˈleɾje/
6500	călătorim	to travel, to journey	[kələtoˈrim]
6501	coastei	rib	/ˈkɔasteɪ/
6502	augur	augur, auspex	/awˈɡur/
6503	servietă	briefcase	/ser.viˈe.tə/
6504	credite	credit	/ˈkrediˌte/
6505	împiedic	to hinder, impede	/ɨmˈpjedik/
6506	vomă	vomit	/ˈvo.mə/
6507	pe-al	contraction of pe + al	/pe̯al/
6508	dărâmat	demolished	/ˌdəɾɨˈmat/
6509	bă	A term of address towards a male recipient	/bə/
6510	datora	to owe	/da.toˈra/
6511	ipocrit	hypocritical, false	/i.poˈkrit/
6512	umani	human, humane	[uˈmanʲ]
6513	active	active	[akˈti.ve]
6514	spaghete	spaghetti	/spaˈɡe.te/
6515	întru	in	/ˈɨn.tru/
6516	apune	to fade, decline	/aˈpune/
6517	întemeiat	well-founded, valid	/ɨn.te.meˈjat/
6518	blues	blues	/ˈblwes/
6519	administrat	to manage, to run, to administer	[adminiˈstrat]
6520	învăța	to learn	/ɨn.vəˈt͡sa/
6521	fuziune	fusion	/fuˈzjune/
6522	răsputeri	only used in din răsputeri	/rəs.puˈterʲ/
6523	însura	to marry, wed	/ɨn.suˈra/
6524	distracție	fun, amusement	[disˈtrak.t͡si.e]
6525	rădăcinile	root	/ˌrədətʃiˈnʲile/
6526	beam	to drink	[be̯am]
6527	catastrofă	catastrophe	/ˌkatasˈtrofə/
6528	republican	republican	/reˌpubliˈkan/
6529	kilometru	kilometer/kilometre	/ki.loˈme.tru/
6530	fabrici	plant	/faˈbritʃʲ/
6531	ghicitoare	riddle	/ɡi.t͡ʃiˈto̯a.re/
6532	trenuri	train	/ˈtre.nurʲ/
6533	coajă	layer; peel, rind, crust, shell, or bark	/ˈko̯a.ʒə/
6534	mov	mauve	/mov/
6535	holba	to goggle, stare at, ogle	/holˈba/
6536	creștere	growth, increase	/kreʃˈteɾe/
6537	secreta	to secrete	/seˈkreta/
6538	batista	handkerchief	/baˈtis.ta/
6539	consultat	consulted	/ˌkonsulˈtat/
6540	amantă	lover	/aˈmantə/
6541	fiara	animal	[ˈfjara]
6542	juridic	legal	/ʒuˈɾidik/
6543	sap	to dig, delve, burrow	[sap]
6544	bec	lightbulb	/ˈbek/
6545	înghit	to swallow, gulp down	/ɨŋˈɡit/
6546	chimicale	chemicals	/ˌkimiˈkale/
6547	lingura	spoon	[ˈliŋɡura]
6548	furnizat	provided	/ˌfurniˈzat/
6549	prevenit	warned	/ˌpreveˈnit/
6550	boabe	a type of bean, field bean, horse bean, broad bean	/ˈbɔabe/
6551	realist	realistic	/reaˈlist/
6552	western	western film	/wesˈtern/
6553	gurii	mouth	/ˈɡuriɪ/
6554	semenii	fellow human	/seˈmeniɪ/
6555	pensionare	retirement	/ˌpensjoˈnaɾe/
6556	aoleu	an expression of anger, frustration, excitement, shock,…	/ˌa.oˈlew/
6557	mat	matte	/ˈmat/
6558	beneficia	to benefit	/ˌbeneˈfitʃja/
6559	călăresc	horseman	/ˌkələˈɾesk/
6560	emisie	alternative form of emisiune	/eˈmisje/
6561	poziție	position	[poˈzit͡sie]
6562	coopera	to cooperate	/koˈopeˌɾa/
6563	lampă	lamp	/ˈlampə/
6564	capota	to overturn	/kaˈpota/
6565	datori	indebted	/da.toˈri/
6566	încălca	to infringe	/ɨnˈkəlka/
6567	bunăvoie	only used in de bunăvoie	/bu.nəˈvo.je/
6568	cavaleri	knight	/kaˈvaleɾʲˌʲ/
6569	plăcinte	traditional pie or pastry	/plətˈʃinte/
6570	frază	sentence made up of at least two clauses	/ˈfrazə/
6571	picta	to paint	/pikˈta/
6572	gheare	claw	/ˈɡeaɾe/
6573	asediu	siege	/aˈsediʊ/
6574	ierburi	grass	[ˈjer.burʲ]
6575	menționat	mentioned	/ˌmentsjoˈnat/
6576	curry	curry powder	/ˈkuri/
6577	miraculos	miraculous	/ˌmiɾakuˈlos/
6578	muscat	muscat	/musˈkat/
6579	informare	information	/ˌinforˈmaɾe/
6580	totodată	simultaneously	/ˌtotoˈdatə/
6581	votează	to vote	/voˈte̯a.zə/
6582	frâu	bridle, curb, check	/frɨw/
6583	tunsoare	haircut, hairstyle	/tunˈsɔaɾe/
6584	intervine	to intervene	[interˈvine]
6585	pacientă	patient	/pat͡ʃiˈentə/
6586	scriitoare	writer	/skri.iˈto̯a.re/
6587	lovind	to hit; to strike	/loˈvind/
6588	metaforă	metaphor	/meˈta.fo.rə/
6589	politici	politics	/poˈlititʃˌʲ/
6590	congelator	freezer	/ˌkoŋdʒelaˈtor/
6591	vederi	sight	/veˈdeɾʲʲ/
6592	exagera	to exaggerate	/ˌeksadʒeˈɾa/
6593	poreclă	nickname	/poˈɾeklə/
6594	analizăm	to analyze	[analiˈzəm]
6595	artificial	artificial	/ar.ti.fi.t͡ʃiˈal/
6596	flacără	flame	[ˈflakərə]
6597	pârnaie	prison	/pɨrˈnaɪe/
6598	setea	thirst	/ˈse.te̯a/
6599	inconfortabil	uncomfortable	/ˌinkonforˈtabil/
6600	iubești	to love	[juˈbeʃtʲ]
6601	prostituata	prostitute	/ˌprostiˈtwata/
6602	jachetă	a long jacket or overcoat	/ʒaˈke.tə/
6603	ham	harness	/ham/
6604	clipi	to blink	/kliˈpʲi/
6605	radiografie	radiography	/ˌradjoɡraˈfie/
6606	liniștit	calm	[li.niˈʃtit]
6607	extrage	to extract	/eksˈtradʒe/
6608	convenit	agreed, stipulated	/ˌkonveˈnit/
6609	identic	identical	/iˈden.tik/
6610	vreți	to want	[vretsʲ]
6611	musafir	guest	/ˌmusaˈfir/
6612	proceda	to proceed	/protˈʃeda/
6613	ofensat	offended	/ˌofenˈsat/
6614	încălzire	heating	/ˌɨnkəlˈziɾe/
6615	orașului	city, town	/oˈɾaʃuluɪ/
6616	încărcare	loading	/ˌɨnkərˈkaɾe/
6617	vechime	oldness, antiquity, ancientness	/veˈkime/
6618	apăsa	to press	/a.pəˈsa/
6619	bol	bowl	/ˈbol/
6620	folosul	use	/foˈlo.sul/
6621	călărit	riding	/ˌkələˈɾit/
6622	colorat	coloured	/ko.loˈrat/
6623	nai	a type of pan flute	/ˈnaɪ/
6624	abdomen	abdomen, belly	/abdoˈmen/
6625	justifica	to justify	/ʒus.ti.fiˈka/
6626	constatat	noticed	/ˌkonstaˈtat/
6627	lame	blade	[ˈlame]
6628	amnezie	amnesia	/amˈnezje/
6629	frâna	to brake	/frɨˈna/
6630	chibrituri	match	/ˌkibriˈturʲ/
6631	numeric	numerical	/nuˈme.rik/
6632	amânare	adjournment	/ˌamɨˈnaɾe/
6633	ranger	ranger	/raŋdˈʒer/
6634	devastat	devastated	/ˌdevasˈtat/
6635	banană	banana	/baˈna.nə/
6636	încrede	to trust	/ɨnˈkre.de/
6637	anonimi	anonymous	[a.noˈnimʲ]
6638	indiană	Native American	/inˈdjanə/
6639	ironie	irony	[i.roˈni.je]
6640	măsline	olive	/məˈsline/
6641	spontan	spontaneous	/sponˈtan/
6642	manevră	maneuver	/maˈnevrə/
6643	revenire	return	/reveˈniɾe/
6644	colonia	colony	/ˌkoloˈnia/
6645	uluitor	amazing	/ˌulwiˈtor/
6646	viola	to violate	/vioˈla/
6647	căprioară	roe deer	[kə.pri.ˈo̯a.rə]
6648	stejar	oak tree	/steˈʒar/
6649	contribui	to contribute	/ˌkontriˈbuɪ/
6650	exemplare	copy	/eɡ.zemˈpla.re/
6651	vânturi	wind	/vɨnˈturʲ/
6652	pneumonie	pneumonia	/ˌpneumoˈnie/
6653	temperament	temperament	/ˌtempeɾaˈment/
6654	sud-est	southeast	/ˈsuˈdest/
6655	guru	guru	/ˈɡuɾu/
6656	gheată	gaiter, spat	/ˈɡeatə/
6657	ziarist	journalist	/zi.aˈrist/
6658	mazăre	peas	/ˈma.zə.re/
6659	călător	travelling	/kələˈtor/
6660	ditamai	huge, big, great	/ˌditaˈmaɪ/
6661	bacon	bacon	/baˈkon/
6662	charleston	Charleston	/ˌkarlesˈton/
6663	fracturi	fracture	/frakˈturʲ/
6664	asista	to assist, to aid	/aˈsista/
6665	cacealma	bluff	/katˈʃealma/
6666	săptămânal	weekly	/ˌsəp.tə.mɨˈnal/
6667	tic	obsolete form of spic	/ˈtik/
6668	măcelar	butcher	/ˌmətʃeˈlar/
6669	prematur	premature, untimely	/ˌpremaˈtur/
6670	talie	waistline	/ˈtalje/
6671	lentă	ribbon, band	/ˈlentə/
6672	stângaci	left-handed	/stɨnˈɡat͡ʃʲ/
6673	mărturisească	to confess; to own up, to come clean	[mərturiˈse̯askə]
6674	încins	fiery, hot, scorching, enkindled	/ɨnˈt͡ʃins/
6675	traduce	to translate	/traˈdu.tʃe/
6676	fundătură	blind alley	/ˌfundəˈtuɾə/
6677	avocata	definite nominative/accusative singular of avocată	/ˌavoˈkata/
6678	suferind	suffering	/ˌsufeˈɾind/
6679	sexuala	sexual	[sek.suˈa.la]
6680	călca	to step, tread	/kəlˈka/
6681	software	software	/sofˈtwaɾe/
6682	doreau	to want, to wish	/doˈɾeaw/
6683	context	context	/konˈtekst/
6684	răsturnat	overturned	/ˌrəsturˈnat/
6685	fascinat	fascinated	/ˌfastʃiˈnat/
6686	sculat	waking up	/skuˈlat/
6687	dig	dike	/ˈdiɡ/
6688	răsplată	reward	/rəsˈplatə/
6689	eră	age, era	/ˈeɾə/
6690	reperat	spotted	/repeˈɾat/
6691	pitici	dwarf	/piˈtitʃʲ/
6692	incorect	incorrect	/ˌinkoˈɾekt/
6693	transformare	transformation	/ˌtransforˈmaɾe/
6694	înfrângere	defeat	/ˌɨnfrɨŋdˈʒeɾe/
6695	spânzura	to hang	/spɨnˈzuɾa/
6696	inventez	to invent	[invenˈtez]
6697	le-ați	contraction of le + ați	/le̯at͡sʲ/
6698	crescând	rising, on the rise, growing	/kresˈkɨnd/
6699	vizibil	visible	/viˈzi.bil/
6700	utile	helpful	/uˈtile/
6701	miresei	bride	/mi.ˈre.sej/
6702	negare	negation	/neˈɡaɾe/
6703	cioară	crow	/ˈt͡ʃo̯a.rə/
6704	derivă	drift	/deˈɾivə/
6705	rug	pyre	/ˈruɡ/
6706	delicate	delicate	/deliˈkate/
6707	aștepte	to wait	/aʃˈtepte/
6708	tava	alternative form of tavă	/ˈtava/
6709	picant	spicy	/piˈkant/
6710	conacul	mansion	/koˈnakul/
6711	slim	alternative form of slin	/ˈslim/
6712	videoclip	music video	/ˌvideoˈklip/
6713	cadavrului	corpse	[kaˈdavruluj]
6714	neuitat	unforgettable	/ˌnewiˈtat/
6715	prag	doorstep	/ˈpraɡ/
6716	respectuos	respectful	/respekˈtwos/
6717	râuri	river	/ˈrɨ.urʲ/
6718	desfăcut	undone	/ˌdesfəˈkut/
6719	penibil	painful, displeasing	/peˈni.bil/
6720	întorsătură	turn	/ˌɨntorsəˈtuɾə/
6721	colecta	to collect	/ˌkolekˈta/
6722	crocodil	crocodile	/ˌkrokoˈdil/
6723	deteriorat	deteriorated	/de.te.ri.oˈrat/
6724	examina	to examine	/ˌeɡzamiˈna/
6725	simulare	simulation	[simuˈlare]
6726	rival	rival	/riˈval/
6727	lipici	glue	/liˈpitʃʲ/
6728	stern	breastbone	/ste̞rn/
6729	prostit	fooled	/prosˈtit/
6730	stoc	stockpile	/ˈstok/
6731	războaiele	war	/ˌrəzbɔaˈjele/
6732	rate	loan repayment	/ˈrate/
6733	respectabil	respectable	/respekˈtabil/
6734	rusească	Russian	[ruˈse̯as.kə]
6735	aripă	wing	/aˈri.pə/
6736	accidentat	injured	/ˌaktʃidenˈtat/
6737	boboc	bud	/boˈbok/
6738	săpa	to dig, delve, burrow	/səˈpa/
6739	fustă	skirt	/ˈfus.tə/
6740	alergie	allergy	/ˌalerdˈʒie/
6741	designer	designer	/ˌdesiɡˈner/
6742	valet	valet	/vaˈlet/
6743	cinei	dinner, supper	/ˈtʃineɪ/
6744	plutind	to float	/pluˈtind/
6745	îndoi	to bend, curve, crease or fold	/ɨn.doˈi/
6746	felurile	sort, type, kind	/feˈlurile/
6747	barieră	barrier, fence	/baɾˈjeɾə/
6748	răpesc	to ravish	[rəˈpesk]
6749	sufocat	suffocated	[sufoˈkat]
6750	uz	use	/ˈuz/
6751	pepene	melon, specifically Cucumis melo	/ˈpe.pe.ne/
6752	gheață	ice	/ˈɡe̯at͡sə/
6753	turbat	mad	[turˈbat]
6754	african	African	/ˌafriˈkan/
6755	nesăbuit	imprudent	/ˌnesəˈbwit/
6756	luminat	to light, to illuminate	[lumiˈnat]
6757	convingere	conviction	/ˌkonviŋdˈʒeɾe/
6758	ignorant	ignorant	/ˌiɡnoˈɾant/
6759	legitim	legitimate	/ˌledʒiˈtim/
6760	vrednic	worthy, capable, fit, competent	/ˈvred.nik/
6761	ăstora	this	/ˈəstora/
6762	calcule	tracing	/kalˈkule/
6763	conac	mansion	/koˈnak/
6764	răutăcios	maliciously, malignantly	/ˌrə.u.təˈt͡ʃʲos/
6765	cadet	cadet	/kaˈdet/
6766	bagaj	luggage	/baˈɡaʒ/
6767	muncitoare	worker, labourer	/ˌmuntʃiˈtɔaɾe/
6768	uniune	union, connection, association, alliance	/uˈnjune/
6769	familiarizat	familiarized, accustomed	/ˌfamilˌjaɾiˈzat/
6770	pierit	destroyed	/pjeˈɾit/
6771	banchet	banquet	/banˈket/
6772	abandonezi	to abandon	/abandoˈnezʲ/
6773	eden	Eden	/eˈden/
6774	sângera	to bleed	/sɨn.d͡ʒeˈra/
6775	pi	pi	/ˈpi/
6776	sângerare	bleeding	/ˌsɨŋdʒeˈɾaɾe/
6777	specifică	specific	/ˌspetʃiˈfikə/
6778	rase	race	/ˈrase/
6779	prădător	robber, looter, plunderer, pillager	/ˌprədəˈtor/
6780	canadian	Canadian man	[ka.na.diˈan]
6781	viziona	to view	/vi.zi.oˈna/
6782	îneca	to drown	/ˌɨneˈka/
6783	dement	demented person	/deˈment/
6784	odinioară	in the old days, olden times, once, formerly	/ˌodinjɔˈaɾə/
6785	dublat	twofold	/duˈblat/
6786	brut	gross	/ˈbrut/
6787	papagal	parrot	/pa.paˈɡal/
6788	calului	horse	[ka.lu.luj]
6789	karaoke	karaoke	/ˌkaɾaˈoke/
6790	sprijine	support, assistance, aid, succor	/spriˈʒine/
6791	nova	to novate	/ˈnova/
6792	pumnal	dagger	/pumˈnal/
6793	parai	US dollar	/paˈɾaɪ/
6794	cazino	alternative form of cazinou	/kaˈzino/
6795	ocol	detour, roundabout way	/oˈkol/
6796	sacrifice	to sacrifice	[saˈkrifit͡ʃe]
6797	profet	prophet	/proˈfet/
6798	îndura	to have mercy, take pity	/ɨn.duˈra/
6799	contuzie	contusion	/konˈtuzje/
6800	dungi	stripe	[dund͡ʒʲ]
6801	magnet	magnet	/maɡˈnet/
6802	fast	splendour, pomp	/ˈfast/
6803	guinee	guinea	/ɡwiˈnee/
6804	epocă	epoch, age	[ˈe.po.kə]
6805	paralel	parallel	/ˌpaɾaˈlel/
6806	strategic	strategic	/straˈtedʒik/
6807	insectă	insect	/inˈsek.tə/
6808	măresc	to enlarge, make bigger, greater	/məˈɾesk/
6809	soț	husband	[sot͡s]
6810	crucial	pivotal	/krutˈʃjal/
6811	fe	obsolete form of fă	/ˈfe/
6812	vești	obsolete form of viști	/ˈveʃtʲʲ/
6813	unealtă	tool, instrument	/uˈne̯al.tə/
6814	ăștia	this	[ˈəʃ.tja]
6815	culoar	corridor	/kuˈlɔar/
6816	acri	to make sour	/aˈkri/
6817	martir	martyr	/marˈtir/
6818	exclusivitate	exclusivity	[ek.sklu.si.viˈta.te]
6819	banana	banana	/baˈnana/
6820	luau	to take	/ˈlwaʊ/
6821	episcop	bishop	/eˈpiskop/
6822	poala	hem	/ˈpɔala/
6823	dispută	dispute	/disˈputə/
6824	nopții	night	/ˈnoptsiɪ/
6825	gama	gamma	/ˈɡama/
6826	ceresc	skyey	/t͡ʃeˈresk/
6827	terasă	terrace	/teˈɾasə/
6828	evreică	Jewish woman	/eˈvrejkə/
6829	sângeros	bloody	[sɨn.d͡ʒeˈros]
6830	sanctuar	sanctuary	/saŋk.tuˈar/
6831	credibil	credible, believable	/kreˈdi.bil/
6832	duș	shower	/duʃ/
6833	domnișoara	young lady, miss	/ˌdomniˈʃɔaɾa/
6834	ninge	to snow	/ˈnindʒe/
6835	aproba	to approve	/aˈproba/
6836	benzile	tape, band	[ˈbenzile]
6837	sacrifici	to sacrifice	[saˈkrifit͡ʃʲ]
6838	tină	mud, earth	/ˈtinə/
6839	grosolan	roughly; coarsely; in an unrefined manner	/ˌɡrosoˈlan/
6840	beep	beep	/bip/
6841	chemare	call, calling	/keˈma.re/
6842	atlet	athlete	/aˈtlet/
6843	subestima	to underestimate	/ˌsubestiˈma/
6844	formată	template	/forˈma.tə/
6845	învingător	winning	/ˌɨn.viŋ.ɡəˈtor/
6846	management	management	/ˌmanadʒeˈment/
6847	abandonez	to abandon	/abandoˈnez/
6848	inventează	to invent	/in.venˈte̯a.zə/
6849	cupă	goblet, bowl, dish	/ˈku.pə/
6850	motivat	motivated	/ˌmotiˈvat/
6851	nord-vest	northwest	/ˈnordˈvest/
6852	închiriere	rental, renting	/ˌɨnkiɾˈjeɾe/
6853	majoretă	majorette	/ˌmaʒoˈɾetə/
6854	protecție	protection	/proˈtektsiˌe/
6855	refăcut	restored, made again	/refəˈkut/
6856	mouse	mouse	/ˈmoʊse/
6857	perucă	wig	/peˈrukə/
6858	implora	to implore	/imˈploɾa/
6859	vioară	a violet	[viˈo̯a.ɾə]
6860	plictiseală	boredom	[pliktiˈsealə]
6861	jacuzzi	jacuzzi	/ʒaˈkuzʲ/
6862	playboy	playboy	/ˌplaiˈboi/
6863	temporal	temporal	/ˌtempoˈɾal/
6864	sovietic	Soviet	/soˈvjetik/
6865	baston	walking stick	/basˈton/
6866	epavă	wreck	/eˈpavə/
6867	sfătuit	advice	/sfəˈtwit/
6868	tomberon	garbage can	/ˌtombeˈɾon/
6869	chibrit	match	/kiˈbrit/
6870	superficial	shallow	/ˌsuperfitˈʃjal/
6871	oprite	stopped	[oˈprite]
6872	pornită	turned on	[porˈnitə]
6873	contesă	countess	/konˈtesə/
6874	lingură	spoon	[ˈliŋɡurə]
6875	venituri	coming, arrival	/ˌveniˈturʲ/
6876	prescris	prescribed	/presˈkris/
6877	accelerează	to accelerate, to hurry up	[akt͡ʃeleˈre̯azə]
6878	trăsură	carriage	/trəˈsuɾə/
6879	subit	sudden, unexpected	/suˈbit/
6880	cartof	potato	/karˈtof/
6881	furnizor	provider	/ˌfurniˈzor/
6882	amabili	kind, genial, friendly, amiable; willing	/aˈma.bilʲ/
6883	banul	money; coin	/ˈbanul/
6884	integritate	integrity	/ˌinteɡriˈtate/
6885	răspândi	to scatter, strew, spread	/ˌrəspɨnˈdʲi/
6886	castor	beaver	/kasˈtor/
6887	zgârcit	stingy	/zɡɨrˈt͡ʃit/
6888	pretext	pretext	/preˈtekst/
6889	viza	to aim	/ˈviza/
6890	romantism	romanticism	/ˌromanˈtism/
6891	sângerez	to bleed	[sɨn.d͡ʒeˈrez]
6892	întrecere	competition	/ɨn.ˈtre.t͡ʃe.re/
6893	ingenios	ingenious, resourceful	/ˌiŋdʒeˈnjos/
6894	carton	cardboard	/karˈton/
6895	turna	to pour	/ˈturna/
6896	păzitor	watchman, warder, guardian, guard	/ˌpəziˈtor/
6897	angajare	engagement	/ˌaŋɡaˈʒaɾe/
6898	industrial	industrial	/indusˈtrjal/
6899	manipulare	manipulation	/ˌmanipuˈlaɾe/
6900	grafic	graphic	/ˈɡra.fik/
6901	librărie	bookshop, bookstore	/ˌlibrəˈɾie/
6902	monument	memorial	/mo.nuˈment/
6903	kilogram	kilogram	/ki.loˈɡram/
6904	strălucire	radiance, luster, glint, showiness, effulgence	/ˌstrəlutˈʃiɾe/
6905	linge	to lick	/ˈlin.dʒe/
6906	nord-est	northeast	/ˈnorˈdest/
6907	fiare	animal	[ˈfjare]
6908	sângerat	bloody	[sɨn.d͡ʒeˈrat]
6909	câți	how much	/kɨt͡sʲ/
6910	greacă	Greek	/ˈɡre̯a.kə/
6911	celeilalte	the other	/ˌtʃeleiˈlalte/
6912	judiciar	judicial	/ˌʒuditˈʃjar/
6913	automate	automatic, self-acting, inertial	/a.u.toˈma.te/
6914	adrenalină	adrenaline	/ˌadrenaˈlinə/
6915	brat	monk	/ˈbrat/
6916	sud-vest	southwest	/ˈsudˈvest/
6917	câinilor	dog	/kyɪˈnʲilor/
6918	inspira	to breathe in	/insˈpiɾa/
6919	veghe	vigil, watch	/ˈveɡe/
6920	bomboană	candy, bonbon	/bomˈbo̯a.nə/
6921	navigat	navigation	[naviˈɡat]
6922	așteptăm	to wait	/ˌaʃtepˈtəm/
6923	utilizare	use	/ˌutiliˈzaɾe/
6924	salutat	to greet, to salute	[saluˈtat]
6925	vânezi	to hunt	/vɨˈnezʲʲ/
6926	sferturi	quarter, fourth	/sferˈturʲ/
6927	fotografiere	photo shooting	/ˌfotoɡraˈfjeɾe/
6928	gagică	female lover; chick, broad	/ɡadˈʒikə/
6929	salute	to greet, to salute	[saˈlute]
6930	mașini	car	/maˈʃinʲ/
6931	mutam	to move, shift	[muˈtam]
6932	diabet	diabetes	/djaˈbet/
6933	odihnit	rested	/ˌodihˈnit/
6934	recurs	recourse	/reˈkurs/
6935	iluzia	illusion	[iˈlu.zi.a]
6936	trenurile	train	/ˈtre.nu.ri.le/
6937	cub	cube	/ˈkub/
6938	omenire	humanity, mankind	/ˌomeˈniɾe/
6939	jefui	to rob	/ʒeˈfuɪ/
6940	basm	fairy tale, fiction, yarn	/basm/
6941	sărată	salted	/səˈɾatə/
6942	provincie	province	/proˈvin.t͡ʃi.e/
6943	artistă	artist	/arˈtistə/
6944	păcătos	sinful	/pə.kəˈtos/
6945	desface	to undo	/desˈfat͡ʃe/
6946	zâmbi	to smile	/zɨmˈbi/
6947	robinet	faucet	/ˌrobiˈnet/
6948	câmpii	plain	/ˈkɨmpiɪ/
6949	curtoazie	courtesy	/kurˈtɔazje/
6950	curcubeu	rainbow	/ˌkurkuˈbeʊ/
6951	laterală	lateral	/ˌlateˈɾalə/
6952	fiară	animal	/ˈfjaɾə/
6953	neiertat	unforgiving	/ˌnejerˈtat/
6954	capre	goat	/ˈkapre/
6955	elan	elk, moose	/eˈlan/
6956	încape	to fit	/ɨnˈka.pe/
6957	mutant	mutant	/muˈtant/
6958	factură	invoice	/fakˈtuɾə/
6959	meteorit	meteorite	/ˌmeteoˈɾit/
6960	tentant	tempting; inviting	[tenˈtant]
6961	zâne	A fairy	/ˈzɨne/
6962	țin	to hold	/ˈtsin/
6963	comerciant	dealer, tradesman, trader, shopkeeper	/ˌkomertˈʃjant/
6964	fanteziile	fantasy	[fanˈteziːle]
6965	sodiu	sodium	/ˈsodju/
6966	predică	sermon, homily	/preˈdikə/
6967	cercetător	researcher	/t͡ʃer.t͡ʃe.təˈtor/
6968	nivele	level	/niˈvele/
6969	deplasa	to shift, move	/deˈplasa/
6970	predare	hand over	/preˈdaɾe/
6971	interpol	Interpol	/ˌinterˈpol/
6972	interval	interval	/ˌinterˈval/
6973	diplomat	having a diploma or a degree	/ˌdiploˈmat/
6974	buza	lip	[ˈbuza]
6975	dânsa	she	/ˈdɨnsa/
6976	avatar	avatar	/ˌavaˈtar/
6977	dinamita	to dynamite	/ˌdinaˈmita/
6978	sate	village	/ˈsate/
6979	infirmieră	nurse	/in.fir.miˈerə/
6980	maraton	marathon	/ˌmaɾaˈton/
6981	baton	bar, stick	/baˈton/
6982	pis	call used for cats	/ˈpis/
6983	golan	a person without a job, hooligan, rascal, knave, tramp,…	/ɡoˈlan/
6984	ăleia	that	/ˈə.le.ja/
6985	condamnată	convict	/ˌkondamˈnatə/
6986	poală	hem	/ˈpɔalə/
6987	returna	to return	/reˈturna/
6988	manechin	mannequin	[maneˈkin]
6989	cinic	cynical	/ˈtʃinik/
6990	pornografie	pornography	[pornoˈɡrafie]
6991	orezul	rice	/oˈɾezul/
6992	lunile	moon	/luˈnʲile/
6993	renume	renown, fame	/reˈnume/
6994	mă-sa	contraction of mamă + sa	/ˈmə.sa/
6995	polonez	Polish	[poloˈnez]
6996	foarfece	scissors, pair of scissors	/fɔarˈfetʃe/
6997	alias	alias	/alˈjas/
6998	arterială	arterial	/ˌarteɾˈjalə/
6999	capelă	forage cap, uniform cap	/kaˈpelə/
7000	butoaie	pillar that supports the structure of a tunnel, such as in…	/buˈtɔaje/
7001	cardinal	principal, essential, fundamental	/kar.diˈnal/
7002	mate	maths	/ˈmate/
7003	spălare	wash	/spəˈla.re/
7004	botul	snout, mouth	/ˈbotul/
7005	imunitar	immune	/ˌimuniˈtar/
7006	referire	referring	/refeˈɾiɾe/
7007	organ	organ	/orˈɡan/
7008	fragment	fragment	/fraɡˈment/
7009	solemn	solemn, grave, serious	/soˈlemn/
7010	numească	to name	[nuˈme̯askə]
7011	otel	alternative form of hotel	/oˈtel/
7012	filtru	filter	/ˈfiltru/
7013	roti	to rotate, spin, turn around	/ˈrotʲʲ/
7014	mire	bridegroom	/ˈmiɾe/
7015	papi	pope	[papʲ]
7016	fuseseră	to be	[fuˈse.se.rə]
7017	gripa	influenza	[ˈɡripa]
7018	guvernamental	governmental	/ˌɡu.ver.na.menˈtal/
7019	forța	to force	/ˈfortsa/
7020	coca	coca plant	/ˈkoka/
7021	uraniu	uranium	/uˈɾaniʊ/
7022	nicicând	synonym of niciodată	/nit͡ʃʲˈkɨnd/
7023	vagabonzi	tramp	/ˌvaɡaˈbonzʲʲ/
7024	adrese	obsolete form of adresă	/aˈdrese/
7025	rupem	to tear	[ˈrupem]
7026	buletin	bulletin	/ˌbuleˈtin/
7027	vascular	vascular	/ˌvaskuˈlar/
7028	mișca	to move	/miʃˈka/
7029	salvam	to save	[salˈvam]
7030	surdă	deaf	/ˈsurdə/
7031	depistat	tracked down	/ˌdepisˈtat/
7032	cauzei	cause	/kaˈuzeɪ/
7033	schelet	skeleton	/skeˈlet/
7034	neglijat	neglected	/ˌneɡliˈʒat/
7035	răbdător	patient	/rəb.dəˈtor/
7036	economisi	to save money	/e.ko.no.miˈsi/
7037	decor	decor	/deˈkor/
7038	rută	route, course, way	/ˈru.tə/
7039	prof	teacher, professor	/ˈprof/
7040	gres	sandstone	/ˈɡres/
7041	torni	to pour	[tornʲ]
7042	sinistru	sinister	/siˈnistru/
7043	clan	clan	/ˈklan/
7044	rezolvare	solution	/rezolˈvaɾe/
7045	tehnologii	technology	/ˌtehnolodˈʒiɪ/
7046	tehnician	technician	/ˌtehnitˈʃjan/
7047	mergeți	to walk	/ˈmer.d͡ʒet͡sʲ/
7048	cailor	horse	/ˈkaɪlor/
7049	cântam	to sing	/kɨnˈtam/
7050	saturn	lead	/saˈturn/
7051	afirmat	affirmed	/ˌafirˈmat/
7052	neutru	neutral, unaligned	/neˈu.tru/
7053	volum	volume	/voˈlum/
7054	depozitare	storage	/ˌdepoziˈtaɾe/
7055	tăieturi	cut, incision	/ˌtəjeˈturʲ/
7056	infractorii	felon	/ˌinfrakˈtoɾiɪ/
7057	cedez	to cede, to yield, to give up	[t͡ʃeˈdez]
7058	vocal	vocal	/voˈkal/
7059	mu	moo	/ˈmu/
7060	vremurilor	weather	/vreˈmurilor/
7061	respirație	breath	/respiˈrat͡si.e/
7062	funduri	bottom	/funˈdurʲ/
7063	glorios	glorious	/ɡloɾˈjos/
7064	ecou	echo	/eˈkoʊ/
7065	zoom	zoom	/zoˈom/
7066	centrale	central, pivotal, nodal	[t͡ʃenˈtɾa.le]
7067	luare	take; an act of taking	/luˈa.re/
7068	fricii	fear	/ˈfritʃiɪ/
7069	relua	to take back, retake	/relˈwa/
7070	antidrog	antidrug	/antiˈdroɡ/
7071	interoga	to interrogate	/ˌinteˈɾoɡa/
7072	ipoteca	to mortgage	/ˌipoˈteka/
7073	uf	ugh	/ˈuf/
7074	evacuat	evacuated	/ˌevaˈkwat/
7075	cultural	cultural	/ˌkultuˈɾal/
7076	dentară	dental	/denˈtaɾə/
7077	automată	automatic, self-acting, inertial	/a.u.toˈma.tə/
7078	atentat	attempt	/ˌatenˈtat/
7079	polițiști	policeman	/ˌpolitˈsiʃtʲʲ/
7080	nedreptate	iniquity	/ˌnedrepˈtate/
7081	kappa	kappa	/ˈkapa/
7082	mariaj	marriage	/maɾˈjaʒ/
7083	plictisi	to bore	/plik.tiˈsi/
7084	eroic	heroic	/eˈɾoik/
7085	nordului	north	/ˈnorduluɪ/
7086	organic	organic	/orˈɡanik/
7087	digitală	common foxglove	/ˌdidʒiˈtalə/
7088	yard	yard	/ˈjard/
7089	primitiv	primitive	/ˌprimiˈtiv/
7090	lilieci	lilac	/lilˈjetʃʲ/
7091	serile	evening	[ˈserile]
7092	fabricat	manufactured product	[fabriˈkat]
7093	sudoare	sweat, perspiration	/suˈdo̯a.re/
7094	largi	wide	/ˈlardʒʲ/
7095	parolă	password	/paˈɾolə/
7096	hibrid	hybrid	/hiˈbrid/
7097	institut	institute	/ˌinstiˈtut/
7098	ezitare	hesitation	/ˌeziˈtaɾe/
7099	saluta	to greet, to salute	/sa.luˈta/
7100	lucrai	to work	[luˈkraj]
7101	banal	commonplace	/baˈnal/
7102	asteroid	asteroid	/ˌasteɾoˈid/
7103	predica	to preach	/ˈprediˌka/
7104	patron	employer, business owner	/paˈtron/
7105	exces	excess	/ekstˈʃes/
7106	încordat	strained	/ˌɨnkorˈdat/
7107	geamăn	twin	/ˈd͡ʒe̯a.mən/
7108	pudră	powder	/ˈpudrə/
7109	tentat	to tempt	[tenˈtat]
7110	scufundare	diving	/ˌskufunˈdaɾe/
7111	alimentar	alimentary, food-related	/ˌalimenˈtar/
7112	miră	rod	/ˈmiɾə/
7113	subtitlu	subtitle	/subˈtitlu/
7114	turist	tourist	[tuˈrist]
7115	absolvent	graduate	/ˌabsolˈvent/
7116	presentiment	presentiment	/pre.sen.tiˈment/
7117	manipula	to manipulate	/ˌmaniˈpula/
7118	yarzi	yard	/ˈjarzʲʲ/
7119	luminoasă	luminous, bright, glowing, radiant	/ˌlumiˈnɔasə/
7120	voluntară	voluntary	/ˌvolunˈtaɾə/
7121	zburător	flyer	/ˌzbuɾəˈtor/
7122	strigăt	shout, yell, cry, outcry	/ˈstri.ɡət/
7123	purtător	bearer, carrier	/ˌpurtəˈtor/
7124	agonie	agony	/ˌaɡoˈnie/
7125	preliminare	precalculation	/ˌprelimiˈnaɾe/
7126	complici	to complicate	[komˈplit͡ʃʲ]
7127	atomică	atomic	/ˌatoˈmikə/
7128	cota	to quote, list	/ˈkota/
7129	vrăjitorie	witchcraft	/ˌvrəʒiˈtoɾje/
7130	electronică	electronics	/ˌelektroˈnikə/
7131	exprime	to express	[ekˈsprime]
7132	excitant	exciting	/ˌekstʃiˈtant/
7133	fruct	fruit	/ˈfrukt/
7134	ruginit	rusted, rusty, covered in rust	/ˌrudʒiˈnit/
7135	scriitori	writer	/skriɪˈtoɾʲʲ/
7136	sedativ	sedative	/ˌsedaˈtiv/
7137	regiment	regiment	/redʒiˈment/
7138	negociat	to negotiate	[neɡot͡ʃiˈat]
7139	exactitate	accuracy	/ˌeɡzaktiˈtate/
7140	cost	to cost	[kost]
7141	matura	to mature	/maˈtuɾa/
7142	câmpuri	field	/kɨmˈpurʲ/
7143	săracii	a poor person	/səˈɾatʃiɪ/
7144	experiență	experience	/eks.pe.riˈen.t͡sə/
7145	uri	hate, hatred	[urʲ]
7146	fracturat	fractured	[fraktuˈrat]
7147	maturizat	matured	/ˌmatuɾiˈzat/
7148	vocale	vocal	[voˈkale]
7149	momentului	the time, the right moment	/moˈmentuluɪ/
7150	trenului	train	/ˈtre.nu.luj/
7151	sclavă	slavess	/ˈskla.və/
7152	frână	brake	/ˈfrɨ.nə/
7153	ici	synonym of aici	/ˈit͡ʃʲ/
7154	închiria	to rent	/ɨnˈkiɾja/
7155	cuțit	knife	[kuˈt͡sit]
7156	componente	member of a team or other group	[kompoˈnente]
7157	chimioterapie	chemotherapy	/ˌkimiˌoteˈɾapje/
7158	impas	impasse	/imˈpas/
7159	câmpului	field	/ˈkɨmpuluɪ/
7160	mătură	broom	/ˈməturə/
7161	vileag	light	/viˈle̯aɡ/
7162	ananas	pineapple	/a.na.ˈnas/
7163	ghimbir	alternative form of ghimber	/ɡimˈbir/
7164	bărbie	chin	[bərˈbi.e]
7165	bici	whip, horsewhip, scourge	/ˈbitʃʲ/
7166	ambalaj	wrapping, packaging	/am.baˈlaʒ/
7167	exprimare	expression	/ˌekspriˈmaɾe/
7168	înmuiat	softened	/ɨnmwˈjat/
7169	cerule	sky	[ˈt͡ʃerule]
7170	draci	devil	/ˈdrat͡ʃʲ/
7171	babord	port	/baˈbord/
7172	salam	salami	/sa.ˈlam/
7173	imaginar	imaginary	/ˌimadʒiˈnar/
7174	părți	part	[pərt͡sʲ]
7175	conservator	conservative	/ˌkonservaˈtor/
7176	servită	an exam sheet prepared at home in order to cheat	/serˈvitə/
7177	urla	to yell, roar, howl, bawl	/urˈla/
7178	individual	individual	/ˌindiviˈdwal/
7179	prindere	catch	/prinˈdeɾe/
7180	acvariu	aquarium	/akˈvaɾiʊ/
7181	convorbire	conversation	/ˌkonvorˈbiɾe/
7182	foloseam	to use, employ	[foloˈse̯am]
7183	nonsens	nonsense	/nonˈsens/
7184	terenurile	plot of land	/teˈre.nu.ri.le/
7185	opriți	stopped	[oˈprit͡sʲ]
7186	land	land	/ˈland/
7187	congresman	alternative form of congresmen	/ˌkoŋɡresˈman/
7188	încarc	to charge	/ɨnˈkark/
7189	culme	peak, top, apex, summit	/ˈkulme/
7190	procuratură	office of public prosecution	/ˌprokuɾaˈtuɾə/
7191	parlament	parliament	/ˌparlaˈment/
7192	teroristă	a terrorist woman	/ˌteɾoˈɾistə/
7193	sclavie	slavery, thralldom, bondage	/ˈsklavje/
7194	flăcău	lad, youth	/fləˈkəw/
7195	grei	heavy	/ˈɡreɪ/
7196	glasul	nominative definite singular articulation of glas	/ˈɡlasul/
7197	returnat	returned	/returˈnat/
7198	tomografie	tomography	/ˌtomoɡraˈfie/
7199	sacou	blazer	/saˈkoʊ/
7200	oboseală	tiredness, fatigue, weariness	/ˌoboˈsealə/
7201	neoprit	unstoppable	/neoˈprit/
7202	coliziune	collision	/ˌkoliˈzjune/
7203	frunză	leaf	/ˈfrun.zə/
7204	partide	party	/parˈti.de/
7205	nan	dwarf	/ˈnan/
7206	morocănos	grumpy	/ˌmoɾokəˈnos/
7207	alunecos	slippery	/ˌa.lu.neˈkos/
7208	disco	disco	/ˈdisko/
7209	ligă	league	/ˈliɡə/
7210	elevă	student, schoolboy	/eˈlevə/
7211	atârnat	hung, suspended	/ˌatɨrˈnat/
7212	batalion	battalion	/ˌbatalˈjon/
7213	pion	pawn	[piˈon]
7214	aluminiu	aluminium, aluminum	/ˌa.luˈmi.nju/
7215	programa	to program	/proˈɡrama/
7216	terci	gruel, porridge	/ˈtertʃʲ/
7217	curba	to bend	/ˈkurba/
7218	pastă	paste	/ˈpas.tə/
7219	reduc	to reduce, to lessen	[reˈduk]
7220	captură	capture	/kapˈtuɾə/
7221	plouat	rained	/ploʊˈat/
7222	simptom	symptom	/simpˈtom/
7223	topi	to melt	/toˈpʲi/
7224	trusă	kit	/ˈtrusə/
7225	lipi	to stick, glue	/liˈpʲi/
7226	silva	forest	/ˈsilva/
7227	aerisire	airing, aeration, airing out, ventilation	/ˌaeɾiˈsiɾe/
7228	faptelor	fact	[ˈfap.te.lor]
7229	pieri	to perish, die	/ˈpjeɾʲʲ/
7230	ordona	to give an order or command	/or.doˈna/
7231	murdărie	dirt, filth, grime	/ˌmurdəˈɾie/
7232	funcționa	to function	[funk.t͡si.oˈna]
7233	gena	gene	[ˈd͡ʒena]
7234	debara	storeroom	/deˈbaɾa/
7235	fulgere	to strike	[ˈfuld͡ʒere]
7236	faimă	fame, renown, reputation, luster, name	/ˈfaɪmə/
7237	astm	alternative form of astmă	/ˈastm/
7238	vizionare	viewing	/ˌvizjoˈnaɾe/
7239	genera	to generate	/ˌdʒeneˈɾa/
7240	împotrivi	to resist	/ˌɨmpoˈtrivʲʲ/
7241	bestial	bestial, animal	[bes.tiˈal]
7242	distragere	distraction	/ˌdistradˈʒeɾe/
7243	caviar	caviar	/ˌkaviˈar/
7244	curentă	current	/kuˈɾentə/
7245	stânjenitor	embarrassing	/ˌstɨnʒeniˈtor/
7246	colaborare	collaboration	/ˌkolaboˈɾaɾe/
7247	întâlnea	to meet	[ɨntɨlˈne̯a]
7248	travaliu	hard work	/traˈvaliʊ/
7249	montat	mounted	/monˈtat/
7250	strâmb	crooked, bent	/strɨmb/
7251	zboruri	flight	/zboˈɾurʲ/
7252	mărul	apple	/ˈmərul/
7253	abătut	downcast	/abəˈtut/
7254	sângereze	to bleed	[sɨn.d͡ʒeˈreze]
7255	boxa	to box	/ˈboksa/
7256	alinare	relief	/ˌaliˈnaɾe/
7257	gigantic	giant	/dʒiˈɡantik/
7258	discuție	discussion	/disˈkut͡si.e/
7259	supraviețui	to survive, to endure, to last	/su.pra.vje.t͡suˈi/
7260	concurent	concurrent	/ˌkonkuˈɾent/
7261	analizez	to analyze	[analiˈzez]
7262	specialitate	speciality	[spe.t͡ʃi.a.liˈta.te]
7263	server	server	/ˈserver/
7264	celebra	to celebrate, solemnize	/t͡ʃe.le.ˈbɾa/
7265	citea	to read	[tʃiˈtja]
7266	revăzut	revised	/revəˈzut/
7267	freci	to rub	[fret͡ʃʲ]
7268	primită	feminine singular of primit	[priˈmitə]
7269	laba	palm	[ˈla.ba]
7270	albină	bee	/alˈbinə/
7271	convoi	convoy	/konˈvoj/
7272	cartel	cartel	/karˈtel/
7273	tocană	stew	/toˈka.nə/
7274	sultan	sultan	/sulˈtan/
7275	englezesc	English	/ˌeŋɡleˈzesk/
7276	ms	abbreviation of mersi	/mɨˈsɨ/
7277	lopată	shovel, spade	/loˈpatə/
7278	infanterie	infantry	/ˌinfanˈteɾje/
7279	alergare	running	/ˌalerˈɡaɾe/
7280	foi	to fuss, bustle, move about	/foˈi/
7281	defensivă	defensive	/ˌdefenˈsivə/
7282	cortez	courteous, polite, kind	/korˈtez/
7283	comandament	commandment	/ˌkomandaˈment/
7284	comparativ	comparative	/ˌkompaɾaˈtiv/
7285	încrezut	arrogant	/ˌɨnkreˈzut/
7286	nesuferit	unbearable	/ˌnesufeˈɾit/
7287	bisturiu	scalpel, bistoury	/bis.tuˈri.u/
7288	cârpă	rag	/ˈkɨrpə/
7289	lână	wool	/ˈlɨnə/
7290	agățat	hung, suspended	/a.ɡəˈt͡sat/
7291	clip	clip	/klip/
7292	prototip	prototype	/ˌprotoˈtip/
7293	menține	to maintain, hold out, keep up	/menˈt͡si.ne/
7294	echitabil	fair	/ˌekiˈtabil/
7295	autobuze	bus	/ˌaʊtoˈbuze/
7296	teoriei	theory	/teoˈɾieɪ/
7297	catering	catering	/kaˈteɾiŋɡ/
7298	ovăz	oat, oats	/oˈvəz/
7299	înotat	swimming	/ˌɨnoˈtat/
7300	monitoriza	to monitor	/ˌmonitoˈɾiza/
7301	conservă	preserve	/konˈservə/
7302	stresant	stressful	/streˈsant/
7303	strivit	crushed	/striˈvit/
7304	imprevizibil	unforeseeable	/ˌimpreviˈzibil/
7305	primare	alternative form of primar	/priˈmaɾe/
7306	cărămizi	to become brick-colored	/ˌkəɾəˈmizʲʲ/
7307	amenințare	threat	/ˌamenintˈsaɾe/
7308	anchete	inquiry	/anˈkete/
7309	vatican	Vatican	/ˌvatiˈkan/
7310	explora	to explore	/ˌeksploˈɾa/
7311	milos	compassionate, kindhearted, merciful	[miˈlos]
7312	escrocherie	fraud	/ˌeskroˈkeɾje/
7313	conștient	conscious, aware, cognizant	/ˌkon.ʃtiˈent/
7314	readuce	to bring back	/re.aˈdu.t͡ʃe/
7315	triumf	triumph	/ˈtrjumf/
7316	diaree	diarrhea	/djaˈɾee/
7317	rădăcină	root	/ˌrədətˈʃinə/
7318	preocupa	to occupy oneself	/ˌpreokuˈpa/
7319	formal	formal	/forˈmal/
7320	marcia	march	/ˈmartʃja/
7321	sfera	sphere	/ˈsfeɾa/
7322	mărci	mark	/ˈmərtʃʲ/
7323	regilor	king	[ˈre.d͡ʒi.lor]
7324	lut	clay, loam	/ˈlut/
7325	dedic	to dedicate	/ˈdedik/
7326	vărsare	spilling, the act of spilling	/vərˈsaɾe/
7327	prizonieră	prisoner	/ˌprizoˈnjeɾə/
7328	răzbunat	avenged	/ˌrəzbuˈnat/
7329	suspiciune	suspicion	/ˌsuspitˈʃune/
7330	tonic	tonic	/ˈtonik/
7331	nud	nude, naked	[nud]
7332	neclar	unclear, hazy	/neˈklar/
7333	vecină	neighboring	/veˈt͡ʃi.nə/
7334	tanti	auntie	/ˈtan.ti/
7335	lesă	leash	/ˈlesə/
7336	visuri	dream; vision	[ˈvi.surʲ]
7337	haită	pack	/ˈhaɪtə/
7338	curbă	curve	/ˈkur.bə/
7339	călări	to ride	/kəˈləɾʲʲ/
7340	expertă	wizard	/eksˈpertə/
7341	măcelărit	slaughtered	/ˌmətʃeləˈɾit/
7342	situat	rich, wealthy	/siˈtwat/
7343	convocat	convoked	/ˌkonvoˈkat/
7344	ceapa	onion	[ˈt͡ʃe̯apa]
7345	scârbă	disgust, repugnance, aversion, nausea	/ˈskɨrbə/
7346	elf	elf	/ˈelf/
7347	absorbit	absorbed	/ab.sorˈbit/
7348	rulare	rolling	/ruˈlaɾe/
7349	ruptură	rupture	/rupˈtuɾə/
7350	amanet	pawn, pawnshop	/ˌamaˈnet/
7351	intelectual	intellectual	/ˌin.te.lek.tuˈal/
7352	ciumă	plague, pest, pestilence	/ˈtʃumə/
7353	ferit	hidden, isolated, little known	/feˈɾit/
7354	copertă	cover	/koˈpertə/
7355	paranoică	paranoid	/ˌpaɾanoˈikə/
7356	morse	Morse code	/ˈmorse/
7357	aci	synonym of aici	/a.ˈt͡ʃi/
7358	inventar	inventory	/ˌinvenˈtar/
7359	cunoaște	to know	/kuˈno̯aʃ.te/
7360	mentor	mentor	/menˈtor/
7361	basta	enough	/ˈbasta/
7362	vicios	lecherous, perverted, depraved	/vitˈʃos/
7363	uns	covered with a fatty substance	/ˈuns/
7364	cascada	waterfall	[kaˈska.da]
7365	vrăjit	bewitched	/vrəˈʒit/
7366	piersici	peach	/pjerˈsitʃʲ/
7367	necesitate	necessity, need	/ne.t͡ʃe.siˈta.te/
7368	subliniat	underlining	/ˌsubliˈnjat/
7369	suedez	Swedish	[ˌsu.eˈdez]
7370	plută	raft	/ˈplu.tə/
7371	judecători	judge	/ˌʒudekəˈtoɾʲʲ/
7372	link	link	/ˈliŋk/
7373	dorian	Dorian	/doɾˈjan/
7374	înșelat	cheated	/ˌɨnʃeˈlat/
7375	înclinat	inclined	/ˌɨnkliˈnat/
7376	formalitate	formality	[for.ma.liˈta.te]
7377	democrat	democrat	/ˌdemoˈkrat/
7378	scuipa	to spit, spit on, expectorate	/ˈskwipa/
7379	vorbitor	speaker, orator	/vor.biˈtor/
7380	spionat	spying	/spjoˈnat/
7381	ăluia	that	/ˈə.lu.ja/
7382	nodul	nodule	/ˈnodul/
7383	mobilier	furniture	/ˌmobilˈjer/
7384	izvor	spring	/izˈvor/
7385	pipa	to smoke a pipe	/ˈpipa/
7386	făcusem	to do, act	[fəˈkusem]
7387	contagios	contagious	/ˌkon.ta.d͡ʒiˈos/
7388	venin	venom	/veˈnin/
7389	jocurilor	game, play	/ʒoˈkurilor/
7390	adresat	to address	/ˌadreˈsat/
7391	tampon	buffer	/tamˈpon/
7392	absolvi	to absolve	/ˌabsolˈvʲi/
7393	decan	dean	/deˈkan/
7394	aparține	to belong, to be part of, to pertain	/ˌapartˈsine/
7395	imita	to imitate	/i.miˈta/
7396	alina	to allay, ease, alleviate, assuage	/a.liˈna/
7397	mango	mango	/ˈmaŋɡo/
7398	olandez	of the Netherlands; Dutch	[o.lanˈdez]
7399	targă	bier, litter, stretcher	/ˈtarɡə/
7400	credincioasă	believing	/ˌkredintˈʃɔasə/
7401	duse	third-person singular simple perfect indicative of duce	[ˈduse]
7402	doctorat	doctorate	/ˌdoktoˈɾat/
7403	fiți	to be	[fit͡sʲ]
7404	bogata	definite nominative/accusative singular of bogată	/boˈɡata/
7405	repejor	fast, quickly, rapidly	/re.peˈʒor/
7406	morții	dead	[ˈmort͡siː]
7407	pijama	pyjamas	/piʒaˈma/
7408	alimentat	fueled	/ˌalimenˈtat/
7409	grajduri	stable, cowshed	/ˈɡraʒ.durʲ/
7410	asigurată	insured	/ˌasiɡuˈɾatə/
7411	verbal	verbal	/verˈbal/
7412	porți	gate	[ˈport͡sʲ]
7413	martoră	witness, onlooker, voucher	/ˈmartoˌɾə/
7414	formulare	formulation	/ˌformuˈlaɾe/
7415	asiatic	Asian	/aˈsjatik/
7416	varietate	variety	/ˌvaɾjeˈtate/
7417	făină	flour	/fəˈi.nə/
7418	compromite	to compromise	/ˌkomproˈmite/
7419	timpurilor	time	/timˈpurilor/
7420	cristale	crystal	/krisˈta.le/
7421	spectatori	spectator	/ˌspektaˈtoɾʲʲ/
7422	recrutare	recruitment	/rekruˈtaɾe/
7423	tribut	tribute	/triˈbut/
7424	joker	joker	/ˈd͡ʒo.kər/
7425	mămică	mommy, mummy, mom, mum	/məˈmi.kə/
7426	certe	to quarrel, squabble, argue, altercate, row, argufy,…	[ˈt͡ʃerte]
7427	încuraja	to encourage	/ˌɨnkuɾaˈʒa/
7428	comită	obsolete form of cometă	/koˈmitə/
7429	ten	color of the face	/ˈten/
7430	pregătea	to prepare	[preɡəˈte̯a]
7431	deplasare	movement	/ˌdeplaˈsaɾe/
7432	critice	to criticize	/ˈkri.ti.t͡ʃe/
7433	toane	caprice, whim, vagary	/ˈtɔane/
7434	brațul	arm	/ˈbratsul/
7435	predarea	hand over	/preˈdaɾea/
7436	curvele	whore, slut, tramp, harlot, hooker; a promiscuous woman	/kurˈvele/
7437	hu	hoot	/ˈhu/
7438	medalion	medallion	/ˌmedalˈjon/
7439	terminase	to finish, complete	[termˈinase]
7440	candida	thrush	/kanˈdida/
7441	ventilator	ventilator, fan	/ˌventilaˈtor/
7442	mucegai	mold, mildew	/ˌmutʃeˈɡaɪ/
7443	marmură	marble	/ˈmar.mu.rə/
7444	leopard	leopard	/ˌle.oˈpard/
7445	împerechere	pairing	/ˌɨmpeɾeˈkeɾe/
7446	dobândă	interest	/doˈbɨn.də/
7447	cardiacă	cardiac	/karˈdjakə/
7448	întâlneam	to meet	[ɨntɨlˈne̯am]
7449	lau	to wash	/ˈlaʊ/
7450	inundat	flooded	/ˌinunˈdat/
7451	egiptean	Egyptian	/ˌedʒipˈtean/
7452	trecătoare	mountain pass, col	/tre.kəˈto̯a.re/
7453	înapoia	to return	/ˌɨnaˈpoja/
7454	confesiune	confession	/ˌkonfeˈsjune/
7455	invincibil	invincible	/ˌin.vinˈt͡ʃi.bil/
7456	avertiza	to warn	/a.ver.tiˈza/
7457	trip	trip	/trip/
7458	fault	foul	/ˈfa.ult/
7459	imoral	immoral	/i.moˈral/
7460	aluat	dough	/a.luˈat/
7461	aluneca	to slip	/a.lu.neˈka/
7462	pildă	model, paragon, example	/ˈpildə/
7463	scad	to decrease, diminish, shrink, mitigate, reduce	/ˈskad/
7464	colibă	hut, shack, hovel, lodge, cabin	/koˈli.bə/
7465	colț	corner, nook	/ˈkolts/
7466	poponari	faggot, homosexual, tonic	/ˌpopoˈnaɾʲʲ/
7467	salvator	saving; that saves	/ˌsalvaˈtor/
7468	frecventa	to frequent, to go to	/frekˈventa/
7469	cuvintelor	word	[kuˈvin.te.lor]
7470	miliardar	billionaire	/ˌmiljarˈdar/
7471	mărturisi	to confess; to own up, to come clean	[mərturiˈsi]
7472	impulsiv	impulsive	/ˌimpulˈsiv/
7473	dorească	to want, to wish	/doˈɾeaskə/
7474	turism	tourism	/tuˈɾism/
7475	tor	torus	/ˈtor/
7476	argintiu	silver	[aɾ.d͡ʒinˈtiw]
7477	fumeze	to smoke	[fuˈmeze]
7478	cavalerie	cavalry	/ka.va.ˈle.ri.e/
7479	detaliat	detailed	/ˌde.ta.liˈat/
7480	spulberat	shattered	/ˌspulbeˈɾat/
7481	cartela	to create a cartel	/karˈtela/
7482	barou	bar	/baˈɾoʊ/
7483	admira	to admire	/ad.miˈra/
7484	fuck	fuck!	/fak/
7485	trimestru	trimester	/triˈmestru/
7486	labe	palm	[ˈlabe]
7487	cartelă	card	/karˈtelə/
7488	alți	other, another	/ˈaltsʲʲ/
7489	părem	to look	/pəˈrem/
7490	exemple	example	[eɡˈzem.ple]
7491	milostiv	merciful	/ˌmilosˈtiv/
7492	gâscă	goose	/ˈɡɨs.kə/
7493	plictisită	bored	[pliktiˈsitə]
7494	ticăloasă	wicked, wretched, vile, abject, base	/ˌtikəˈlɔasə/
7495	zecea	tenth	/ˈze.t͡ʃe̯a/
7496	spărgător	burglar	/ˌspərɡəˈtor/
7497	camuflaj	camouflage	/ˌkamuˈflaʒ/
7498	zăpăcit	bewildered	/zə.pəˈt͡ʃit/
7499	încălzi	to warm, heat	/ˌɨnkəlˈzʲi/
7500	abur	steam, vapor	/ˈa.bur/
7501	literă	letter	[ˈli.te.rə]
7502	admirabil	admirable	/ˌadmiˈɾabil/
7503	insuportabil	unbearable	/ˌinsuporˈtabil/
7504	ghida	to guide	/ˈɡida/
7505	autoapărare	self-defence	/ˌaʊtɔapəˈɾaɾe/
7506	barbar	barbarian	/barˈbar/
7507	puterilor	strength	/puˈteɾʲilor/
7508	insensibil	insensitive	/ˌinsenˈsibil/
7509	aceleași	the same	/aˈt͡ʃe.le̯aʃʲ/
7510	strâmt	narrow, tight	/strɨmt/
7511	dealului	hill	/ˈdealuluɪ/
7512	purtare	behaviour	/purˈtaɾe/
7513	zahărul	sugar	/ˈzahərul/
7514	găseam	to find	[ɡəˈse̯am]
7515	tiran	tyrant	[tiˈran]
7516	mansardă	attic	/manˈsardə/
7517	comercială	commercial	/ˌkomertˈʃjalə/
7518	busola	compass	[buˈsola]
7519	gorilă	gorilla	/ɡoˈri.lə/
7520	marionetă	marionette	/ˌmaɾjoˈnetə/
7521	polițiștii	policeman	/ˌpolitˈsiʃtiɪ/
7522	sufoca	to suffocate, choke	/suˈfoka/
7523	arabă	Arabic	/aˈɾabə/
7524	învinui	to accuse	/ˌɨnviˈnuɪ/
7525	sfătui	to advise, counsel	/sfəˈtuɪ/
7526	tao	tao	/ˈtao/
7527	particulele	particle	/ˌpartikuˈlele/
7528	culminant	culminating	/ˌkulmiˈnant/
7529	lavă	lava	/ˈlavə/
7530	bambus	bamboo	/ˈbambus/
7531	vază	vase, flower vase, flowerpot	/ˈva.zə/
7532	rocă	rock	/ˈrokə/
7533	intervievat	interviewed	/ˌintervjeˈvat/
7534	admitere	admittance	/ˌadmiˈteɾe/
7535	camarad	comrade	/ˌkamaˈɾad/
7536	contaminat	contaminated	/ˌkontamiˈnat/
7537	vizibile	obsolete form of vizibil	/ˌviziˈbʲile/
7538	basma	kerchief	[basˈma]
7539	grizzly	grizzly bear	/ˈɡrizli/
7540	avocată	lawyer, attorney, barrister	/a.voˈka.tə/
7541	poster	poster	/posˈter/
7542	stokes	stokes	/stoˈkes/
7543	acoperiș	roof	/ˌakopeˈɾiʃ/
7544	finalizat	completed	/ˌfinaliˈzat/
7545	rafinat	refined	/ra.fiˈnat/
7546	antreprenor	entrepreneur	/ˌantrepreˈnor/
7547	foamete	famine, starvation	/ˈfo̯a.me.te/
7548	tatuat	tattooed	[tatuˈat]
7549	invidios	envious	/ˌin.vi.diˈos/
7550	completez	to complete	[kompleˈtez]
7551	previzibil	foreseeable	/ˌpreviˈzibil/
7552	cascadă	waterfall	/kasˈka.də/
7553	instant	instantly	[inˈstant]
7554	inversa	to reverse	/ˈinverˌsa/
7555	trântit	slammed, sprawled, thrown down	/trɨnˈtit/
7556	rezumat	summary	/rezuˈmat/
7557	por	pore	/ˈpor/
7558	numărului	number	[ˈnuməruluj]
7559	frontal	frontal	/fronˈtal/
7560	complicitate	complicity	/ˌkomplitʃiˈtate/
7561	exmatriculat	expelled	/ˌeksmaˌtrikuˈlat/
7562	suspendare	suspension	/ˌsuspenˈdaɾe/
7563	triunghi	triangle	/ˈtrjuŋɡʲ/
7564	difuzor	speaker, loudspeaker	/ˌdifuˈzor/
7565	mitralieră	machine gun	/ˌmitralˈjeɾə/
7566	feribot	ferryboat	/ˌfeɾiˈbot/
7567	lipsite	missing, lacking	[lipˈsite]
7568	arsenal	arsenal, armoury	/ˌarseˈnal/
7569	ultra	ultra, extreme	/ˈultra/
7570	cifra	to quantify	/ˈtʃifra/
7571	formeze	to form; to create; to make	[forˈmeze]
7572	imperială	imperial	/ˌimpeɾˈjalə/
7573	tornadă	tornado	/torˈnadə/
7574	decolat	which took off	/ˌdekoˈlat/
7575	afirma	to affirm	/a.firˈma/
7576	punk	punk	/ˈpuŋk/
7577	stoarce	to squeeze, wring, twist	/ˈsto̯ar.t͡ʃe/
7578	răspunzător	responsible	/ˌrəspunzəˈtor/
7579	virtute	virtue, virtuousness	/virˈtute/
7580	îndesat	stuffed	/ˌɨndeˈsat/
7581	satur	to be satiated, full	[ˈsatur]
7582	soacra	mother-in-law	/ˈsɔakra/
7583	încoa	alternative form of încoace	/ˈɨnkɔa/
7584	scutit	exempt	/skuˈtit/
7585	șansa	chance	/ˈʃansa/
7586	hilar	alternative form of ilar	/hiˈlar/
7587	uda	to wet, moisten	/uˈda/
7588	carnet	notebook	/karˈnet/
7589	rabin	rabbi	/raˈbin/
7590	insulte	to insult, offend	[inˈsulte]
7591	membră	limb	/ˈmembrə/
7592	preocupare	concern	/ˌpreokuˈpaɾe/
7593	nucleul	nominative/accusative definite singular articulation of…	/nuˈkleul/
7594	directoare	principal	/ˌdiɾekˈtɔaɾe/
7595	pustii	to desolate, to devastate	/ˈpustiɪ/
7596	furtun	hose	/furˈtun/
7597	psihologia	psychology	/ˌpsiholodˈʒia/
7598	îndurare	pity, compassion, mercy	/ˌɨnduˈɾaɾe/
7599	temeri	fear	/ˈtemeɾʲˌʲ/
7600	spinării	back	/ˌspinəˈɾiɪ/
7601	sui	to get in	/suˈi/
7602	obscen	obscene	/obˈst͡ʃen/
7603	lan	field	/ˈlan/
7604	decisiv	decisive	/de.t͡ʃiˈsiv/
7605	psihiatric	psychiatric	/psiˈhjatrik/
7606	interogare	interrogation	/ˌinteɾoˈɡaɾe/
7607	decapitat	beheaded	[dekapiˈtat]
7608	vid	empty	/vid/
7609	colaps	collapse	/koˈlaps/
7610	separare	separation	/ˌsepaˈɾaɾe/
7611	abandonăm	to abandon	/abandoˈnəm/
7612	localizare	localization	/ˌlokaliˈzaɾe/
7613	australian	Australian	/ˌa.us.tra.liˈan/
7614	sucit	twisted	/sutˈʃit/
7615	bodyguard	bodyguard	/ˌbodiˈɡward/
7616	revino	to return, come back	[reˈvino]
7617	planet	alternative form of planetă	/plaˈnet/
7618	generozitate	generosity	/ˌdʒeneˌɾoziˈtate/
7619	coreean	Korean	[ko.reˈe̯an]
7620	străpuns	pierced	/strəˈpuns/
7621	cutremure	earthquake	/ˌkutreˈmuɾe/
7622	stagiar	probationary	/stadˈʒjar/
7623	considerabil	considerable	/konsideˈrabil/
7624	gropi	hole, pit, grave	/ˈɡropʲʲ/
7625	detector	detecter	/ˌdetekˈtor/
7626	orientare	orientation	/o.ri.enˈta.re/
7627	bărbierit	shaving	/ˌbərbjeˈɾit/
7628	tir	shooting	/ˈtir/
7629	încasa	to receive cash	/ɨnˈkasa/
7630	ciocnit	collided	/tʃokˈnit/
7631	urmelor	footprint, track	/urˈmelor/
7632	obligi	to oblige	[oˈblid͡ʒʲ]
7633	murea	to die	[muˈre̯a]
7634	pascal	Paschal	/pasˈkal/
7635	sedus	seduced	[seˈdus]
7636	primea	to receive, to get	[priˈme̯a]
7637	culege	to collect, gather	/kuˈledʒe/
7638	desena	to draw	/deˈsena/
7639	caracteristici	characteristic, particular	/ˌkarakteˈristit͡ʃʲ/
7640	tam-tam	big noise	/tam.ˈtam/
7641	clientă	client	/ˈkljentə/
7642	abandonate	abandoned	/a.ban.doˈna.te/
7643	sin	son of	/ˈsin/
7644	păcăleală	hoax, farce	/ˌpəkəˈlealə/
7645	ospitalitate	hospitality	/ˌospiˌtaliˈtate/
7646	brichetă	lighter	/briˈketə/
7647	capsulă	capsule	/kapˈsulə/
7648	îmbăt	to intoxicate	/ɨmˈbət/
7649	fundamental	fundamental	/ˌfun.da.menˈtal/
7650	vream	first-person singular/first-person plural imperfect…	/ˈvream/
7651	avansa	to advance, to progress	/a.vanˈsa/
7652	consola	to console	/konˈsola/
7653	conductă	duct	/konˈduktə/
7654	regine	queen	[reˈd͡ʒi.ne]
7655	economisit	saved	/ˌekoˌnomiˈsit/
7656	carceră	solitary confinement	/ˈkartʃeˌɾə/
7657	culturile	culture	[kulˈturile]
7658	regretabil	unfortunate	/reɡreˈtabil/
7659	greci	Greek man	[ɡret͡ʃʲ]
7660	răsplăti	to reward	/rəsˈplətʲʲ/
7661	incompetent	incompetent	/ˌinkompeˈtent/
7662	strădui	to try one's best	/strəˈduɪ/
7663	clinic	clinical	/ˈklinik/
7664	albul	the color white	/ˈalbul/
7665	gleznă	ankle	/ˈɡleznə/
7666	glonț	bullet	/ɡlont͡s/
7667	roșie	tomato	/ˈro.ʃi.e/
7668	aștepți	to wait	/aʃˈteptsʲʲ/
7669	trezire	arousal, awakening	/treˈziɾe/
7670	escroci	crook, swindler	/esˈkrotʃʲ/
7671	impresiona	to impress	/ˌimpresjoˈna/
7672	erotic	erotic	[eˈrotik]
7673	ultime	ultimate, final, last	[ˈul.ti.me]
7674	ochiului	eye	/oˈkiʊluɪ/
7675	împăca	to make up, reconcile, conciliate, come to agreement	/ɨm.pəˈka/
7676	tensionat	tense	/ˌtensjoˈnat/
7677	cafele	coffee	/kaˈfele/
7678	improbabil	unlikely	/ˌimproˈbabil/
7679	excentric	eccentric, oddball	/ekstˈʃentrik/
7680	vărsa	to spill	/ˈvərsa/
7681	respirat	to breathe	[respiˈrat]
7682	oa	obsolete form of oac	/ˈɔa/
7683	kip	kip	/ˈkip/
7684	adulter	adultery	/ˌadulˈter/
7685	perie	brush	/ˈpe.ri.e/
7686	anestezie	anesthesia	/ˌanesˈtezje/
7687	analist	annalist	/a.naˈlist/
7688	reda	to redeem, restore, return, give back	/ˈreda/
7689	vamă	customs duty; customs house	/ˈva.mə/
7690	intimidat	intimidated	[intimiˈdat]
7691	metro	alternative form of metrou	/ˈmetro/
7692	flămânzi	to starve	/flə.mɨnˈzi/
7693	lăcomie	greed	/ləˈkomje/
7694	experimental	experiential	/ˌekspeˌɾimenˈtal/
7695	crește	to grow, increase	/ˈkreʃte/
7696	controlului	control	/konˈtroluluɪ/
7697	orchestră	orchestra	/orˈkestrə/
7698	macho	macho	/ˈmako/
7699	judecătoresc	judiciary	/ˌʒudeˌkətoˈɾesk/
7700	însetat	thirsty	/ˌɨnseˈtat/
7701	finaliza	to finalize	/fi.na.liˈza/
7702	abandonează	to abandon	/abandoˈne̯azə/
7703	coaja	layer; peel, rind, crust, shell, or bark	/ˈkɔaʒa/
7704	instala	to install	/in.staˈla/
7705	gel	gel	/ˈdʒel/
7706	noimă	sense, meaning	/noˈimə/
7707	domina	to dominate	/do.miˈna/
7708	perla	to bead	/ˈperla/
7709	feresc	to guard from, fend	/feˈɾesk/
7710	intermediar	intermediate	/in.ter.me.diˈar/
7711	polar	polar	/poˈlar/
7712	reducem	to reduce, to lessen	[reˈdut͡ʃem]
7713	dezertor	deserter	/ˌdezerˈtor/
7714	suspans	suspense	/susˈpans/
7715	omorit	obsolete form of omorât	/ˌomoˈɾit/
7716	cufăr	trunk, chest	/kuˈfər/
7717	pătat	stained	/pəˈtat/
7718	generali	general	[d͡ʒeneˈralʲ]
7719	abandoneze	to abandon	/abandoˈneze/
7720	indice	index	/ˈinditˌʃe/
7721	rutier	related to road transport	/ruˈtjer/
7722	cotul	elbow	/ˈkotul/
7723	pr	the sound of an object cracking	/ˌpeˈre/
7724	coase	to sew	/ˈko̯a.se/
7725	înconjurător	surrounding	/ˌɨnkonˌʒuɾəˈtor/
7726	umili	to humiliate	/u.miˈli/
7727	strecor	to strain, filter	/streˈkor/
7728	mercenar	mercenary	/ˌmertʃeˈnar/
7729	catâr	mule	/kaˈtɨr/
7730	scădea	to decrease, diminish, shrink, mitigate, reduce	/ˈskədea/
7731	tigaie	frying pan, pan	/tiˈɡaɪe/
7732	învârti	to spin, twist, roll, turn about, whirl	/ˌɨnvɨrˈtʲi/
7733	minimă	minimum	/ˈminiˌmə/
7734	impus	imposed	/ˈimpus/
7735	investigator	investigating	/ˌinvesˌtiɡaˈtor/
7736	distribui	to distribute	/ˌdistriˈbuɪ/
7737	geacă	jacket	/ˈd͡ʒe̯a.kə/
7738	voma	to vomit	/voˈma/
7739	filozofie	philosophy	/fi.lo.zoˈfi.e/
7740	saliva	to salivate	/saˈliva/
7741	incendiat	set on fire	/ˌintʃenˈdjat/
7742	bârfă	gossip, chit-chat	/ˈbɨrfə/
7743	jar	embers	/ˈʒar/
7744	tund	to crop, shear, clip, trim, prune, mow	/ˈtund/
7745	virgine	virgin, maiden	/ˈvirdʒiˌne/
7746	arsură	burn	/arˈsuɾə/
7747	strangulat	strangled	/ˌstraŋɡuˈlat/
7748	declare	to declare	[deˈklare]
7749	business	business	/ˌbusiˈnes/
7750	dialog	dialog	/djaˈloɡ/
7751	districtual	districtual	/ˌdistrikˈtwal/
7752	pedofil	pedophile	/ˌpedoˈfil/
7753	latură	side	/ˈlatuˌɾə/
7754	creator	creative	/kre.aˈtor/
7755	teza	thesis	/ˈteza/
7756	cazare	accommodation	/kaˈzaɾe/
7757	culturii	culture	[kulˈturiː]
7758	sensibilitate	sensitivity	/ˌsensiˌbiliˈtate/
7759	torturezi	to torture	[tor.tuˈrezʲ]
7760	ramură	branch, bough	[ˈramurə]
7761	adapta	to adapt	/a.dapˈta/
7762	necinstit	dishonest	/ˌne.t͡ʃinˈstit/
7763	treisprezece	thirteen	/ˈtrej.spreˌze.t͡ʃe/
7764	regional	regional	/redʒjoˈnal/
7765	furând	to steal	/fuˈɾɨnd/
7766	poanta	alternative form of ponta	/ˈpɔanta/
7767	derutat	confused	/ˌdeɾuˈtat/
7768	tactic	tactical	/ˈtaktik/
7769	tăiere	cut	/təˈjeɾe/
7770	regent	regent	/redˈʒent/
7771	ignore	to ignore	[iɡˈno.re]
7772	norul	cloud	[ˈno.rul]
7773	milan	kite	/miˈlan/
7774	mecanică	mechanic	/ˌmekaˈnikə/
7775	horror	horror	/hoˈror/
7776	excesiv	excessive	/ˌekstʃeˈsiv/
7777	denumit	named	/ˌdenuˈmit/
7778	deviat	deviant	/deˈvjat/
7779	reflecta	to reflect	/re.flekˈta/
7780	opiu	opium	[ˈo.pju]
7781	sabotaj	sabotage	/ˌsaboˈtaʒ/
7782	fisură	fissure	/fiˈsuɾə/
7783	galbeni	yellow	/ˈɡal.benʲ/
7784	ucigaș	killer	/ˌutʃiˈɡaʃ/
7785	pistolar	pistoleer, gunman	/ˌpistoˈlar/
7786	reproducere	reproduction	/re.proˈdu.t͡ʃe.re/
7787	piure	mashed potatoes	[pjuˈre]
7788	feminine	feminine, womanly	/femiˈnine/
7789	ciori	crow	/ˈtʃoɾʲʲ/
7790	imun	immune	/iˈmun/
7791	dansuri	dance	/danˈsurʲ/
7792	creând	to create	/kreˈɨnd/
7793	preț	price	/ˈprets/
7794	testicule	testicle	[tesˈtikule]
7795	tatuajele	tattoo	[ta.tuˈa.ʒe.le]
7796	grupă	group	/ˈɡru.pə/
7797	sarcastic	sarcastically	[sarˈkastik]
7798	răpi	to ravish	/rəˈpi/
7799	echipat	equipped	/ˌekiˈpat/
7800	descarc	to unload, unburden	/desˈkark/
7801	maternitate	maternity	/ˌmaterniˈtate/
7802	investitor	investor	/ˌinvestiˈtor/
7803	realmente	really	/realˈmente/
7804	păros	hairy	[pəˈros]
7805	tutore	guardian	/tuˈtoɾe/
7806	îngrijitor	caretaker	/ˌɨŋɡriʒiˈtor/
7807	orgie	orgy	/ordˈʒie/
7808	calmat	calmed down	/kalˈmat/
7809	introducere	introduction	/in.troˈdu.t͡ʃe.re/
7810	rebeliune	rebellion	/rebeliˈune/
7811	pensiune	boarding house, pension, board and lodging	/penˈsjune/
7812	recrut	recruit	/reˈkrut/
7813	neidentificat	unidentified	/ˌneiˌdentifiˈkat/
7814	specimen	specimen	/ˌspetʃiˈmen/
7815	anonimă	anonymous	[a.noˈni.mə]
7816	irlandeză	Irishwoman	/ir.lanˈde.zə/
7817	telefonie	telephony	/ˌtelefoˈnie/
7818	preparat	preparation	[prepaˈrat]
7819	eliminare	elimination	/ˌelimiˈnaɾe/
7820	prune	plum	/ˈpru.ne/
7821	bandaj	bandage	/banˈdaʒ/
7822	telecomandă	remote control	/ˌtelekoˈmandə/
7823	analizează	to analyze	[analiˈze̯azə]
7824	mafie	mafia	/ˈmafje/
7825	clipită	moment, instant, second, blink of an eye	/kliˈpi.tə/
7826	sociopat	sociopath	/so.t͡ʃi.oˈpat/
7827	jenă	embarrassment; uneasiness	/ˈʒenə/
7828	pârâu	stream; creek; brook	/pɨˈrɨw/
7829	externă	external	/eksˈternə/
7830	rubin	ruby	/ruˈbin/
7831	ducesă	duchess	/dutˈʃesə/
7832	moralitate	morality	/mo.ra.liˈta.te/
7833	încuietoare	general term for a lock or locking mechanism	/ˌɨnkwieˈtɔaɾe/
7834	complica	to complicate	/ˈkompliˌka/
7835	încăierare	scuffle	/ˌɨnkəjeˈɾaɾe/
7836	ratele	loan repayment	/raˈtele/
7837	țintă	purpose, aim, objective, target	/ˈtsintə/
7838	chirurgical	surgical	/ˌkiɾurdʒiˈkal/
7839	burete	sponge	[buˈrete]
7840	reia	to take back, retake	[reˈja]
7841	iubeai	to love	[juˈbe̯aj]
7842	cancelar	chancellor	/ˌkantʃeˈlar/
7843	flagrant	flagrant	/flaˈɡrant/
7844	masculi	male	/masˈkulʲ/
7845	bancnotă	banknote	/bankˈno.tə/
7846	înnăscut	innate	/ˌɨnnəsˈkut/
7847	obraji	countenance	/oˈbraʒʲʲ/
7848	delfin	dolphin	/delˈfin/
7849	lobul	lobule	/ˈlobul/
7850	recif	reef	/retˈʃif/
7851	absent	absent	/abˈsent/
7852	zguduit	shaken	/zɡuˈdwit/
7853	traumatism	trauma	/ˌtraʊmaˈtism/
7854	cobai	guinea pig	/koˈbaj/
7855	păianjeni	spider	[pəˈjanʒenʲ]
7856	terasa	to fortify or buttress with a mound of earth	/teˈɾasa/
7857	var	lime	/ˈvar/
7858	capodoperă	masterpiece	/ˌkapoˈdopeˌɾə/
7859	atom	atom	/aˈtom/
7860	amuzament	amusement	/ˌamuzaˈment/
7861	răgaz	leisure, free time	/rəˈɡaz/
7862	lacrimă	teardrop, tear	[ˈlakrimə]
7863	guri	mouth	/ˈɡurʲ/
7864	volei	volleyball	/ˈvoleɪ/
7865	lsd	LSD	[e.les.de]
7866	diplomatică	diplomatics	/ˌdiplomaˈtikə/
7867	poduri	bridge	/poˈdurʲ/
7868	experimenta	to experiment	/eks.pe.ri.menˈta/
7869	salsa	salsa	/ˈsalsa/
7870	cinematograf	cinema	/ˌtʃineˌmatoˈɡraf/
7871	logodnic	fiancé	/loˈɡodnik/
7872	protectoare	protector	/ˌprotekˈtɔaɾe/
7873	turnuri	plural of turn towers	[ˈtur.nurʲ]
7874	limbile	tongue	[ˈlimbile]
7875	lins	sleek, smoothed	[lins]
7876	statut	statute	/staˈtut/
7877	coral	choral	/koˈɾal/
7878	crater	crater	/ˈkra.ter/
7879	sonerie	doorbell	/soˈneɾje/
7880	radioactiv	radioactive	/ˌra.di.o.akˈtiv/
7881	sadic	sadistic	/ˈsadik/
7882	ghetou	ghetto	/ɡeˈtoʊ/
7883	fondat	alternative form of fundat	/fonˈdat/
7884	mustang	mustang	/musˈtaŋɡ/
7885	etic	ethic	/ˈetik/
7886	gram	gram	/ˈɡram/
7887	înspăimântat	frightened	/ˌɨnspəˌimɨnˈtat/
7888	propagandă	propaganda	/pro.paˈɡan.də/
7889	meticulos	meticulous	/ˌmetikuˈlos/
7890	iritat	irritated; annoyed	/i.riˈtat/
7891	monitorizare	monitoring	/ˌmoniˌtoɾiˈzaɾe/
7892	viraj	turn	/viˈɾaʒ/
7893	trunchi	trunk, tree trunk, bole	/trunkʲ/
7894	bunici	grandfather	/buˈnit͡ʃʲ/
7895	captiv	captive	/kapˈtiv/
7896	faraon	pharaoh	/fa.raˈon/
7897	microscop	microscope	/ˌmikrosˈkop/
7898	cumpărători	buyer	/ˌkumpəɾəˈtoɾʲʲ/
7899	ție	to you	[ˈtsi.e]
7900	espresso	espresso	/esˈpreso/
7901	nelimitat	unlimited	/ˌnelimiˈtat/
7902	bancomat	ATM, teller, automated teller machine	/ˌbankoˈmat/
7903	murdărit	dirtying	/ˌmurdəˈɾit/
7904	catifea	velvet	/ka.tiˈfe̯a/
7905	rigid	rigid	/ridˈʒid/
7906	parbriz	windscreen	/parˈbriz/
7907	arhivă	archive	/arˈhivə/
7908	mierea	honey	/ˈmjeɾea/
7909	cifră	digit	/ˈtʃifrə/
7910	omagiu	homage	/ˌomadˈʒiu/
7911	cărare	path, footway	/kə.ˈra.re/
7912	alunecare	slippage	/ˌaluneˈkaɾe/
7913	ciudă	fury, rage	/ˈtʃudə/
7914	estimat	estimate	[estiˈmat]
7915	pinguin	penguin	/pin.ɡuˈin/
7916	mintală	mental	/minˈtalə/
7917	diferență	difference	/ˌdifeˈɾentsə/
7918	asemănare	resemblance, similarity, similitude	/a.se.məˈna.re/
7919	începeam	to begin, to commence	/ɨn.t͡ʃeˈpe̯am/
7920	haita	pack	[ˈhajta]
7921	iaz	artificial lake made by damming a river	/ˈjaz/
7922	crăpat	cracking	/krəˈpat/
7923	imatur	immature	/ˌimaˈtur/
7924	măcel	slaughter, massacre, carnage, butchery	/mətˈʃel/
7925	seră	greenhouse	/ˈseɾə/
7926	clarifica	to clarify	/klaˈɾifiˌka/
7927	extenuat	exhausted	[ekstenuˈat]
7928	diesel	diesel	/djeˈsel/
7929	coaie	dude, man, bro	/ˈko̯a.je/
7930	cuantică	quantum	/kwanˈtikə/
7931	obișnuit	common, ordinary, usual, normal	/ˌobiʃˈnwit/
7932	păhărel	glass	/ˌpəhəˈɾel/
7933	provocator	provocative	/ˌprovokaˈtor/
7934	dotat	gifted	/doˈtat/
7935	opțiune	option	/optˈsjune/
7936	ludovic	a louis d'or	/ˈludoˌvik/
7937	explicit	explicit	/ˌeksplitˈʃit/
7938	cămilă	camel	/kəˈmi.lə/
7939	hangar	hangar	/haŋˈɡar/
7940	aborda	to tackle	/aˈborda/
7941	fixa	to fix	/ˈfiksa/
7942	cornul	horn	/ˈkornul/
7943	sondă	probe	/ˈsondə/
7944	moschee	mosque	/mosˈkee/
7945	numa	alternative typography of numa’	/ˈnuma/
7946	croitor	tailor	/ˌkroiˈtor/
7947	jena	to embarrass	/ˈʒena/
7948	agenți	agent	/adˈʒentsʲʲ/
7949	hip-hop	hip-hop	/ˈhipˈhop/
7950	nemuritoare	immortal, deathless, undying, eternal	/ˌnemuɾiˈtɔaɾe/
7951	adăugăm	to add, add to	/ˌadəʊˈɡəm/
7952	ad	obsolete form of iad	/ˈad/
7953	jegos	filthy, dirty, soiled	/ʒeˈɡos/
7954	scuti	to exempt, exonerate, spare, save, absolve of	/skuˈtʲi/
7955	gazon	grass	/ɡaˈzon/
7956	ucenic	apprentice	/utˈʃenik/
7957	electromagnetic	Electromagnetic	/eˌlek.tro.maɡˈne.tik/
7958	distant	distant, remote	/disˈtant/
7959	brunet	brunette	/bruˈnet/
7960	iubeau	to love	[juˈbe̯aw]
7961	deștept	awake	[deʃˈtept]
7962	corectat	correction, revision	/ˌkoɾekˈtat/
7963	party	party	/ˈparti/
7964	cumpărare	buying, purchasing; purchase	/ˌkumpəˈɾaɾe/
7965	chior	blind in one eye	[kjor]
7966	bombardament	bombardment	/bom.bar.daˈment/
7967	ușoară	light	/uˈʃɔaɾə/
7968	răcire	cooling	/rətˈʃiɾe/
7969	prăjite	fried	/prəˈʒi.te/
7970	covoare	rug, carpet	/koˈvɔaɾe/
7971	perfuzie	perfusion	/perˈfuzje/
7972	stabilitate	stability	/ˌstabiliˈtate/
7973	unghie	nail, fingernail, toenail	/ˈuŋ.ɡje/
7974	reconstrui	to rebuild	/rekonsˈtruɪ/
7975	mărfuri	goods, merchandise	/mərˈfurʲ/
7976	cutter	alternative form of cuter	/kuˈter/
7977	vomita	to vomit	/voˈmita/
7978	îndatorat	indebted	/ˌɨndatoˈɾat/
7979	silicon	silicone	/ˌsiliˈkon/
7980	lacăt	padlock, lock	/laˈkət/
7981	pulă	fuck no	/ˈpu.lə/
7982	sponsor	sponsor	/sponˈsor/
7983	justiție	justice, fairness	/ʒusˈtit͡si.e/
7984	bit	bit	/ˈbit/
7985	freacă	to rub	[ˈfre̯akə]
7986	așteptam	to wait	/ˌaʃtepˈtam/
7987	milionul	million	/milˈjonul/
7988	intervenim	to intervene	[interveˈnim]
7989	ascultător	obedient	/as.kul.təˈtor/
7990	telescop	telescope	/ˌtelesˈkop/
7991	iminent	imminent	/ˌimiˈnent/
7992	fizician	physicist	/fi.zi.t͡ʃiˈan/
7993	comandor	commander	/ˌkomanˈdor/
7994	răcoritoare	soft drink	/ˌrəkoɾiˈtɔaɾe/
7995	umbrelă	umbrella	/umˈbre.lə/
7996	mitraliere	shooting with a machine gun	/ˌmitralˈjeɾe/
7997	suflu	breath	/ˈsuflu/
7998	piramidă	pyramid	/pi.raˈmi.də/
7999	învârtit	whirled	/ˌɨnvɨrˈtit/
8000	nefolositor	useless	/ˌnefoˌlosiˈtor/
8001	directori	principal	/diˈɾektoɾʲˌʲ/
8002	lăuda	to praise, laud	/ləwˈda/
8003	compozitor	composer	/ˌkompoziˈtor/
8004	semnalizare	signalization	/ˌsemnaliˈzaɾe/
8005	exotic	exotic	/eɡˈzo.tik/
8006	filmelor	movie, film	/filˈmelor/
8007	fibră	fibre	/ˈfibrə/
8008	fusesem	to be	[fuˈse.sem]
8009	viking	Viking	/ˈvikiŋɡ/
8010	găina	to excrete	/ɡə.iˈna/
8011	îmbarcare	boarding	/ˌɨmbarˈkaɾe/
8012	buclă	lock of hair	/ˈbuklə/
8013	dispune	to arrange, order, place	/disˈpu.ne/
8014	anulare	nullification	/a.nuˈla.re/
8015	forță	force	/ˈfortsə/
8016	permanente	permanent	/permaˈnente/
8017	poetic	poetic, poetical	/poˈe.tik/
8018	orelor	hour	/oˈɾelor/
8019	scanat	scanned	/skaˈnat/
8020	cappuccino	cappuccino	/ˌkapuktˈʃino/
8021	inocenta	to declare innocent, absolve	/ˌinotˈʃenta/
8022	ambulant	peripatetic	/ˌambuˈlant/
8023	ime	to dirty, besmirch, make dirty with mud or dung	[ˈime]
8024	scutec	nappy, diaper	/ˈsku.tek/
8025	implicare	implication	/ˌimpliˈkaɾe/
8026	cazurilor	case, circumstance, situation	/kaˈzurilor/
8027	banc	sand bank	/ˈbank/
8028	romană	novel, epic	/roˈmanə/
8029	formulă	formula, method	/forˈmulə/
8030	externat	discharged	/ˌeksterˈnat/
8031	tipurile	guy	/tiˈpurile/
8032	evada	to escape	/eˈvada/
8033	alternativ	alternative	/ˌalternaˈtiv/
8034	abdomenul	abdomen, belly	/abdoˈmenul/
8035	întinse	stretched, extended, outstretched, spread out	/ɨnˈtinse/
8036	poc	bang	/ˈpok/
8037	întâmpinat	greeted	/ˌɨntɨmpiˈnat/
8038	evreiesc	Jewish, Hebrew	/ˌevreˈjesk/
8039	fleac	trifle, trinket	/fle̯ak/
8040	pompă	pump	/ˈpom.pə/
8041	sugă	to suck	/ˈsu.ɡə/
8042	lectura	to read	/lekˈtuɾa/
8043	păduchi	louse	/pə.duˈki/
8044	meritam	to deserve, to merit	[meriˈtam]
8045	înfuria	to infuriate, make angry, anger, enrage	/ɨnˈfuɾja/
8046	onestitate	honesty	[o.nes.tiˈta.te]
8047	cita	to quote	/ˈtʃita/
8048	compensa	to compensate, counterbalance	/komˈpensa/
8049	acidul	acid	/atˈʃidul/
8050	tătic	dad, daddy, papa	/təˈtik/
8051	fenomenal	phenomenal	/ˌfenomeˈnal/
8052	energetică	energetics	/ˌenerdʒeˈtikə/
8053	adopta	to adopt	/a.dopˈta/
8054	batistă	handkerchief	/baˈtis.tə/
8055	flăcăi	lad, youth	/ˈfləkəɪ/
8056	luptătoare	fighter	/ˌluptəˈtɔaɾe/
8057	regretat	regretted	/reɡreˈtat/
8058	salve	welcome!, greetings!, cheerio!	/ˈsal.ve/
8059	ospătar	waiter	/ˌospəˈtar/
8060	demodat	old-fashioned, quaint	/ˌdemoˈdat/
8061	amarnic	bitter	/aˈmarnik/
8062	violare	violation	/vjoˈlaɾe/
8063	pizda	cunt, pussy	[ˈpiz.da]
8064	inuman	inhumanely	/ˌi.nuˈman/
8065	vreunei	some, any	/vreˈuneɪ/
8066	ajungând	to overtake, to catch up	/a.ʒunˈɡɨnd/
8067	înfundat	clogged	/ˌɨnfunˈdat/
8068	lipicios	sticky, adhesive, gluey, agglutinative	/ˌli.piˈt͡ʃʲos/
8069	invidie	envy	/inˈvidje/
8070	dezgropat	unearthed	/ˌdezɡroˈpat/
8071	europeană	European	/ˌeuɾoˈpeanə/
8072	promova	to promote	/pro.moˈva/
8073	crocodili	crocodile	/ˌkrokoˈdilʲʲ/
8074	reactor	reactor	/reakˈtor/
8075	dansatori	dancer	/ˌdansaˈtoɾʲʲ/
8076	păzi	to guard, watch over, take care of, protect	/pəˈzʲi/
8077	domino	domino	/doˈmino/
8078	milioanele	million	/ˌmiljɔˈanele/
8079	gală	gala	/ˈɡalə/
8080	compari	to compare	[komˈparʲ]
8081	grava	to engrave	/ˈɡrava/
8082	reamintit	recollected	/reˌaminˈtit/
8083	pescari	fisher, fisherman	/pesˈkaɾʲʲ/
8084	alergător	runner	/ˌalerɡəˈtor/
8085	localnic	local	/loˈkalnik/
8086	predicator	preacher	/ˌpredikaˈtor/
8087	raton	raccoon	/raˈton/
8088	living	living room	/ˈliviŋɡ/
8089	puf	down	/ˈpuf/
8090	dobândit	acquired	/ˌdobɨnˈdit/
8091	anevrism	aneurism	/ˌaneˈvrism/
8092	fundamentale	fundamental	[fundamenˈtale]
8093	impulsuri	impulse	[imˈpulsurʲ]
8094	anal	anal	[aˈnal]
8095	îngust	narrow, tight	/ɨŋˈɡust/
8096	vrăjeală	a spell	/vrəˈʒealə/
8097	așezat	situated	/ˌaʃeˈzat/
8098	virtual	virtual	/virˈtwal/
8099	gong	gong	/ˈɡoŋɡ/
8100	cozi	tail	[kozʲ]
8101	comenta	to comment	/ˌkomenˈta/
8102	ere	age, era	[ˈere]
8103	acadea	lollipop	/a.kaˈde̯a/
8104	răzbunător	vindictive, vengeful	/rəz.bu.nəˈtor/
8105	reaminti	to remind	/ˌreaˈmintʲʲ/
8106	spanioli	Spanish	/spa.niˈolʲ/
8107	povești	story, yarn, tale	/poˈveʃtʲʲ/
8108	mandate	mandate	/manˈdate/
8109	renunța	to give up	/re.nunˈt͡sa/
8110	bradul	fir, Abies alba	/ˈbradul/
8111	nerecunoscător	ungrateful	/ˌneɾeˌkunoskəˈtor/
8112	formăm	to form; to create; to make	[forˈməm]
8113	ofensivă	offensive	/ˌofenˈsivə/
8114	fanatic	fanatic	/faˈnatik/
8115	cronometru	chronometer	/ˌkronoˈmetru/
8116	umfla	to inflate, swell, puff up, blow out	/umˈfla/
8117	plutire	floating	/pluˈtiɾe/
8118	terifiant	terrifying	/ˌteɾiˈfjant/
8119	cuvenit	due	/ˌkuveˈnit/
8120	mesteca	to chew, masticate	/mesˈteka/
8121	amabilitate	kindness	/a.ma.bi.liˈta.te/
8122	step	tap dance	/ˈstep/
8123	descărca	to unload, unburden	[deskərˈka]
8124	stabile	obsolete form of stabil	/staˈbʲile/
8125	maturitate	maturity	[ma.tu.riˈta.te]
8126	vegetariană	vegetarian	/ˌvedʒetaɾˈjanə/
8127	distins	distinguished	/disˈtins/
8128	expres	express	/eksˈpres/
8129	toxicologic	toxicological	/ˌtoksikoˈlodʒik/
8130	turnului	tower	/ˈturnuluɪ/
8131	găsea	to find	[ɡəˈse̯a]
8132	constructor	constructor, builder	/ˌkonstrukˈtor/
8133	modificare	modification	/mo.di.fiˈka.re/
8134	temperaturi	temperature	/ˌtempeɾaˈturʲ/
8135	glas	voice	/ɡlas/
8136	expui	to exhibit, to lay out, to expose, to make known	[eksˈpuj]
8137	trăiești	to live, to exist	/trəˈjeʃtʲʲ/
8138	supărător	annoying	/ˌsupəɾəˈtor/
8139	ruină	ruin	/ruˈinə/
8140	rotundă	obsolete form of rotondă	/roˈtundə/
8141	indicator	traffic sign	/ˌindikaˈtor/
8142	amară	mooring	/aˈmaɾə/
8143	risipit	scattered	/ˌrisiˈpit/
8144	înaintat	forwarded	/ˌɨnaɪnˈtat/
8145	lămuri	to shed light on, make clear, clear up, be explained,…	/ləˈmurʲ/
8146	sortit	predestined	/sorˈtit/
8147	jale	grief, distress	/ˈʒa.le/
8148	desprins	unglued, unstuck	/desˈprins/
8149	biscuit	biscuit, cookie	/bis.kuˈit/
8150	frații	brother	/ˈfratsiɪ/
8151	șterge	to wipe, clean, clear	/ˈʃter.d͡ʒe/
8152	claritate	clarity	/ˌklaɾiˈtate/
8153	devotament	devotion, devoutness, piety	/ˌdevotaˈment/
8154	gurile	mouth	/ˈɡurile/
8155	combina	to combine	/komˈbina/
8156	intensitate	intensity	/ˌintensiˈtate/
8157	selectat	selected	/ˌselekˈtat/
8158	nevătămat	unharmed	/ˌnevətəˈmat/
8159	veselie	joy	/ve.seˈli.e/
8160	rosti	to say, utter, pronounce, articulate, intone	/rosˈtʲi/
8161	mergeai	to walk	/merˈd͡ʒaj/
8162	analizezi	to analyze	[analiˈzezʲ]
8163	clone	clone	/ˈklone/
8164	brutalitate	brutality	/ˌbrutaliˈtate/
8165	încurca	to tangle	/ɨn.kurˈka/
8166	frauda	to defraud	/fraˈuda/
8167	drăguță	cute	/drəˈɡutsə/
8168	și-l	contraction of și + îl	/ʃil/
8169	minutul	minute	/miˈnutul/
8170	încetinit	slowed	/ˌɨntʃetiˈnit/
8171	incendiere	arson	/ˌintʃenˈdjeɾe/
8172	potasiu	potassium	/poˈtasju/
8173	leucemie	leukemia	/ˌleutˈʃemje/
8174	apreciere	appreciation	/ˌapretˈʃjeɾe/
8175	jaguar	jaguar	/ʒa.ɡuˈar/
8176	ciupercă	fungus	/tʃuˈperkə/
8177	lotus	lotus	/ˈlo.tus/
8178	vieți	life	[vjetsʲ]
8179	litru	liter, litre	/ˈlitru/
8180	stingi	to put out, extinguish	[stind͡ʒʲ]
8181	despărțit	divided	/ˌdespərtˈsit/
8182	morcov	carrot	[ˈmorkov]
8183	stația	station	/ˈstatsja/
8184	catedrala	cathedral	/ˌkateˈdrala/
8185	întărit	hardened	[ɨntəˈrit]
8186	slujitor	servant	/ˌsluʒiˈtor/
8187	respingere	rejection	/respiŋdˈʒeɾe/
8188	vi-i	contraction of vi + îi	/vij/
8189	broker	broker	/ˈbrokər/
8190	morman	pile, heap	/morˈman/
8191	comit	to commit	[koˈmit]
8192	grădinar	gardener	/ɡrə.diˈnar/
8193	exilat	exiled	/ˌeɡziˈlat/
8194	fărâmă	small piece	/fəˈɾɨmə/
8195	riposta	to retort	/riˈposta/
8196	prelegere	lecture, conference	/ˌpreledˈʒeɾe/
8197	codat	having a tail	/koˈdat/
8198	ziuă	alternative form of zi	/ˈzjuə/
8199	spiona	to spy	/spjoˈna/
8200	creastă	crest	/ˈkreastə/
8201	tinde	to aspire to, strive for	/ˈtinde/
8202	zbate	to struggle	/ˈzba.te/
8203	mătura	to sweep	/məˈtuɾa/
8204	freca	to rub	/freˈka/
8205	oportun	appropriate	/ˌoporˈtun/
8206	admiri	to admire	[adˈmirʲ]
8207	pulmonar	pulmonary	/ˌpulmoˈnar/
8208	frâne	brake	/ˈfrɨne/
8209	extaz	ecstasy	/eksˈtaz/
8210	apărător	defender	/ˌapəɾəˈtor/
8211	bot	snout, mouth	/bot/
8212	vârcolaci	alternative form of vârcolac	/ˌvɨrkoˈlatʃʲ/
8213	căutător	finder	/ˌkəutəˈtor/
8214	budă	toilet, outhouse, latrine	/ˈbu.də/
8215	viețile	life	/ˈvje.t͡si.le/
8216	transporturi	transport	/transˈpor.turʲ/
8217	dracii	devil	/ˈdratʃiɪ/
8218	putrezi	to rot, decay, putrefy	/puˈtrezʲʲ/
8219	homosexualii	homosexual	[ho.mo.se.ksuˈa.liʲ]
8220	canoe	canoe	/kaˈnoe/
8221	războinicul	warrior	/ˌrəzboˈinikul/
8222	lexie	lexie	/ˈleksje/
8223	frecat	scrub	[freˈkat]
8224	curg	to flow, run, drip	/ˈkurɡ/
8225	recipient	container	/retʃiˈpjent/
8226	dezavantaj	disadvantage, drawback	[dezavanˈtaʒ]
8227	d-aia	for that reason, because of that, that's why	/ˈdeˈaja/
8228	copoi	bloodhound, sleuthhound	/koˈpoj/
8229	trăsnet	lightning	/trəsˈnet/
8230	invalid	crippled, disabled	/in.vaˈlid/
8231	joint	joint	/d͡ʒojnt/
8232	saună	sauna	/ˈsaʊnə/
8233	aseamănă	to liken	/aˈse̯a.mə.nə/
8234	evalua	to assess	/e.va.luˈa/
8235	consulta	to consult	/konˈsulta/
8236	fătălău	pansy	/ˌfətəˈləʊ/
8237	beci	cellar	/ˈbetʃʲ/
8238	dentar	dental	/denˈtar/
8239	vacanță	vacation, holiday, recess	/vaˈkantsə/
8240	frec	to rub	/frek/
8241	implant	implant	/imˈplant/
8242	bau	the cry of a wolf	/ˈbaʊ/
8243	grenada	grenade	[ɡreˈnada]
8244	prenume	first name	/preˈnume/
8245	vulturi	vulture	/ˈvulturʲ/
8246	android	android	/ˌandroˈid/
8247	arca	backer, protector	/ˈarka/
8248	toarne	to pour	[ˈto̯arne]
8249	apelor	water	[ˈapelor]
8250	maniera	manner	/maˈnjeɾa/
8251	hap	pill	/ˈhap/
8252	pândă	lurking, lying in ambush	/ˈpɨndə/
8253	încurajare	encouragement	/ˌɨnkuɾaˈʒaɾe/
8254	accelerat	accelerated	/ak.t͡ʃe.leˈrat/
8255	întristează	to grieve	[ɨn.triˈste̯azə]
8256	patrie	fatherland, motherland, homeland, birthplace, native country	/ˈpatrje/
8257	revoltător	revolting, outrageous, scandalous	/reˌvoltəˈtor/
8258	cotlet	a cutlet; chop	/koˈtlet/
8259	energetic	energetic	/e.nerˈd͡ʒe.tik/
8260	poloneză	Polish woman	[poloˈnezə]
8261	ga	sound made by geese	/ˈɡa/
8262	adopte	to adopt	[aˈdopte]
8263	cârciumă	pub, tavern	/kɨrtˈʃumə/
8264	remarcă	remark	/reˈmarkə/
8265	cosmos	cosmos, universe	/ˈkosmos/
8266	dictator	dictator	/ˌdiktaˈtor/
8267	compartiment	compartment	/ˌkompartiˈment/
8268	fabricii	plant	[ˈfabrit͡ʃij]
8269	infirm	crippled	/inˈfirm/
8270	filozofia	philosophy	[filozoˈfi.a]
8271	chinuri	torture, pain	/kiˈnurʲ/
8272	ospiciu	mental hospital, insane asylum	/osˈpitʃiʊ/
8273	declarație	declaration	/de.klaˈra.t͡si.e/
8274	magnetică	magnetic	/ˌmaɡneˈtikə/
8275	funeralii	funeral	/ˌfuneˈɾaliɪ/
8276	sondaj	sounding	/sonˈdaʒ/
8277	femele	female	/feˈme.le/
8278	neputincios	helpless	/ˌneputintˈʃos/
8279	folosita	used	[foloˈsita]
8280	tunet	thunderclap	[ˈtu.net]
8281	supusă	servile	/suˈpusə/
8282	catalog	catalogue	/ˌkataˈloɡ/
8283	manuală	manual	/maˈnwalə/
8284	tace	to be silent, say nothing	[ˈtat͡ʃe]
8285	garderobă	wardrobe	/ˌɡardeˈɾobə/
8286	jad	jade	/ˈʒad/
8287	spin	thorn	/ˈspin/
8288	refugiat	refugee	/refudˈʒjat/
8289	chirurgi	surgeon	/kiˈrurd͡ʒʲ/
8290	tremure	a shake, tremble, shiver	/treˈmuɾe/
8291	căprui	hazel or medium/light brown	/kəˈpruj/
8292	vârfuri	pointed tip	/vɨrˈfurʲ/
8293	coace	to bake	/ˈkɔatʃe/
8294	minister	ministry	/ˌminisˈter/
8295	ara	to plough	/aˈra/
8296	difuzat	broadcast	/ˌdifuˈzat/
8297	comunitar	communitarian	/ˌkomuniˈtar/
8298	folosește	to use, employ	[foloˈseʃte]
8299	dărâma	to demolish, knock down	/dərɨˈma/
8300	colectiv	collective	/ˌkolekˈtiv/
8301	sărace	plural	/səˈɾatʃe/
8302	impecabil	impeccable	/ˌimpeˈkabil/
8303	casnică	domestic; of the household	/kasˈnikə/
8304	urâm	to hate	[uˈrɨm]
8305	majordom	majordomo, butler	/ˌmaʒorˈdom/
8306	rădăcina	root	/ˌrədətˈʃina/
8307	trădătoare	traitor	/ˌtrədəˈtɔaɾe/
8308	venită	coming, arrival	/veˈnitə/
8309	porunci	to order, command	/poˈɾuntʃʲ/
8310	tâlhar	robber	/tɨlˈhar/
8311	citite	read	[t͡ʃiˈtite]
8312	deturnat	embezzled	/ˌdeturˈnat/
8313	aspirator	vacuum cleaner	/as.pi.raˈtor/
8314	tauri	bull	/ˈtaʊrʲ/
8315	afacerist	businessman	/ˌafatʃeˈɾist/
8316	amenințat	threatened	/ˌamenintˈsat/
8317	banner	banner	/ˈbenər/
8318	apetit	appetite	/ˌapeˈtit/
8319	dărui	to gift, to give	/dəɾˈwi/
8320	proverb	saying, proverb, maxim	/proˈverb/
8321	bee	obsolete form of behehe	/ˈbee/
8322	lacuri	lake	/laˈkurʲ/
8323	gorila	gorilla	[ɡoˈrila]
8324	handicapat	disabled person	/ˌhandikaˈpat/
8325	cumnată	sister-in-law	[kumˈna.tə]
8326	patiserie	pastry shop	/ˌpatiˈseɾje/
8327	superstar	superstar	/ˌsupersˈtar/
8328	moravuri	mores	/ˌmoɾaˈvurʲ/
8329	frizer	barber, hairdresser, hairstylist	/friˈzer/
8330	înjunghiere	stabbing	/ˌɨnʒuŋˈɡjeɾe/
8331	arctic	Arctic	/ˈarktik/
8332	legumă	vegetable	/leˈɡumə/
8333	metan	methane	/meˈtan/
8334	eficace	effective	/e.fiˈka.t͡ʃe/
8335	halbă	tankard	/ˈhalbə/
8336	fute	to fuck	/ˈfu.te/
8337	punctual	punctual	/punkˈtwal/
8338	nădejde	hope	/nəˈdeʒde/
8339	induce	to induce, incite, cause or push to do something	/inˈdu.t͡ʃe/
8340	zestre	dowry	/ˈzestre/
8341	urban	urbane	/urˈban/
8342	caritabil	charitable	/ˌkaɾiˈtabil/
8343	îngriji	to care for, tend to, look after, nurse	/ˌɨŋɡriˈʒʲi/
8344	beznă	pitch darkness	/ˈbez.nə/
8345	târî	to creep	/tɨˈɾɨ/
8346	sigiliu	signet, seal, sigil	/sidˈʒiliʊ/
8347	raionul	raion	/raɪˈonul/
8348	sucuri	juice	/suˈkurʲ/
8349	goluri	cavity	/ɡoˈlurʲ/
8350	chipuri	face, likeness	/kiˈpurʲ/
8351	glugă	hood, covering	/ˈɡluɡə/
8352	prelungit	prolonged, extended, protracted	/ˌpre.lunˈd͡ʒit/
8353	sindrom	syndrome	/sinˈdrom/
8354	cărnii	meat	/ˈkərniɪ/
8355	percepe	to perceive	/perˈt͡ʃe.pe/
8356	definit	defined	/ˌdefiˈnit/
8357	retrase	third-person singular simple perfect indicative of retrage	[reˈtrase]
8358	confunda	to confuse	/ˌkonfunˈda/
8359	virtuală	virtual	/virˈtwalə/
8360	metalic	metallic	/meˈtalik/
8361	relaxant	relaxing	/relakˈsant/
8362	bronzat	brown	/bronˈzat/
8363	poseda	to own	/poˈseda/
8364	omenesc	human	[o.meˈnesk]
8365	câștige	to win	[kɨˈʃtid͡ʒe]
8366	geme	to groan	/ˈdʒeme/
8367	modificate	modified, adjusted	/ˌmodifiˈkate/
8368	dominion	dominion	/ˌdomiˈnjon/
8369	renăscut	reborn	/renəsˈkut/
8370	spuma	to foam, froth	/ˈspuma/
8371	mâinilor	hand	/myɪˈnʲilor/
8372	spânzurătoare	gallows	/ˌspɨnzuɾəˈtɔaɾe/
8373	încheietură	joint	/ˌɨnkejeˈtuɾə/
8374	antenă	antenna	/anˈtenə/
8375	acru	sour	/ˈa.kru/
8376	mă-sii	contraction of mamă + sii	/ˈmə.sij/
8377	întrec	competition	/ɨnˈtrek/
8378	coborâre	descent	/ˌkoboˈɾɨɾe/
8379	suit	climbing	/suˈit/
8380	premeditare	premeditation	/ˌpremediˈtaɾe/
8381	protejam	to protect	[pro.teˈʒam]
8382	isterică	hysteric	/ˌisteˈɾikə/
8383	uter	uterus	[ˈu.ter]
8384	universitar	university	/ˌuniˌversiˈtar/
8385	înapoiat	backward, undeveloped	/ˌɨnapoˈjat/
8386	purgatoriu	purgatory	/pur.ɡaˈto.riu̯/
8387	urinez	to urinate	[u.riˈnez]
8388	procesat	processed	/ˌprotʃeˈsat/
8389	urăște	to hate	/uˈrəʃ.te/
8390	open	open	/oˈpen/
8391	fript	roasted; fried	/fript/
8392	druid	druid	/ˈdrwid/
8393	gestiona	to manage, to run, to administer	/d͡ʒes.ti.oˈna/
8394	prosperitate	prosperity	/ˌprospeɾiˈtate/
8395	abi	alternative form of abia	/aˈbi/
8396	maioneză	mayonnaise	/ma.joˈne.zə/
8397	ireal	unreal	/iˈɾeal/
8398	binefacere	benefaction	/bi.neˈfa.t͡ʃe.re/
8399	pași	step, pace, footstep, stride	/ˈpaʃʲʲ/
8400	diametru	diameter	/djaˈmetru/
8401	avariat	broken down	/ˌavaɾˈjat/
8402	decola	to take off	/ˌdekoˈla/
8403	pub	pub	/ˈpub/
8404	aluzie	allusion, hint	/aˈluzje/
8405	orhidee	orchid	/ˌorhiˈdee/
8406	calificare	qualification	/ˌkalifiˈkaɾe/
8407	soției	a totality, whole	/sotˈsieɪ/
8408	alcoolică	alcoholic	/al.koˈo.li.kə/
8409	irezistibil	irresistible	/ˌiɾezisˈtibil/
8410	înflorit	blooming	/ˌɨnfloˈɾit/
8411	jogging	jogging	/ˈʒoɡdʒiŋɡ/
8412	piață	market	/ˈpja.t͡sə/
8413	ole	ole	/oˈle/
8414	stup	beehive	/stup/
8415	eroină	heroine	/ˌeɾoˈinə/
8416	abator	abattoir	/abaˈtor/
8417	dovlecel	zucchini, courgette	/do.vleˈt͡ʃel/
8418	timpuriu	early	/ˌtim.puˈriw/
8419	izbit	hit, striked	/izˈbit/
8420	îmbolnăvi	to fall ill; to become ill	/ɨm.bol.nəˈvi/
8421	ordinar	ordinary	/ˌordiˈnar/
8422	dezamăgitor	disappointing	/de.za.mə.d͡ʒiˈtor/
8423	ranchiună	rancor, spite, grudge, umbrage	/ranˈkjunə/
8424	sacrific	to sacrifice	[saˈkrifik]
8425	single	single	/ˈsiŋɡle/
8426	stază	stasis	/ˈstazə/
8427	dronă	drone	/ˈdronə/
8428	haz	humor	/ˈhaz/
8429	coardă	cord, rope	[ˈko̯ar.də]
8430	minat	mined	/miˈnat/
8431	reforma	to reform	/reˈforma/
8432	măsurat	measured	/ˌməsuˈɾat/
8433	forțat	forced	/fortˈsat/
8434	lovea	to hit; to strike	[loˈve̯a]
8435	verticală	vertical	/ˌvertiˈkalə/
8436	recăpăta	to regain	/ˌrekəˈpəta/
8437	cercel	earring	/t͡ʃerˈt͡ʃel/
8438	furcă	fork	/ˈfurkə/
8439	caramel	caramel	/ˌkaɾaˈmel/
8440	municipal	municipal	/ˌmunitʃiˈpal/
8441	urinat	to urinate	[u.riˈnat]
8442	doctorilor	doctor	/ˌdoktoˈɾʲilor/
8443	numeau	to name	[nuˈme̯aw]
8444	pămpălău	someone who is unskilled, unrefined, coarse, plain and…	/ˌpəmpəˈləʊ/
8445	sulf	sulfur	/sulf/
8446	neînfricat	fearless	/ˌneɨnfriˈkat/
8447	americancă	an American man	/aˌme.riˈkaŋ.kə/
8448	promitem	to promise	[proˈmitem]
8449	săritură	jump	/ˌsəɾiˈtuɾə/
8450	pasat	to pass	[paˈsat]
8451	fascist	fascist	/fastˈʃist/
8452	organizare	organization	/or.ɡa.niˈza.re/
8453	ginere	son-in-law	/ˈd͡ʒinere/
8454	distrugător	destructive	/distɾuɡəˈtor/
8455	stație	station	/ˈsta.t͡si.e/
8456	incinerat	incinerated	/ˌintʃineˈɾat/
8457	lingi	to lick	[lindʒʲ]
8458	dinadins	purposely	/ˌdinaˈdins/
8459	dezorientat	bewildered	/ˌdezoɾjenˈtat/
8460	saga	saga	/ˈsaɡa/
8461	coafor	a male barber, hairdresser, hairstylist	/ko̯aˈfor/
8462	adultă	adult	/aˈdultə/
8463	detona	to detonate	/deˈtona/
8464	blasfemie	blasphemy	/blasfeˈmi.e/
8465	feri	to guard from, fend	/feˈɾʲi/
8466	meschin	small-minded	/mesˈkin/
8467	mamelor	mum, mom, mother	/maˈmelor/
8468	ger	frost	[d͡ʒer]
8469	treaptă	step, stair	/ˈtreaptə/
8470	spusă	saying	/ˈspu.sə/
8471	operativ	operative	/ˌopeɾaˈtiv/
8472	statistic	statistic, statistical	/staˈtis.tik/
8473	cheeseburger	cheeseburger	/ˌkeeˌseburdˈʒer/
8474	aruncător	throwing	/ˌaɾunkəˈtor/
8475	dilemă	dilemma	/diˈlemə/
8476	clarificat	clarified	[klarifiˈkat]
8477	mâncării	food	/ˌmɨnkəˈɾiɪ/
8478	tic-tac	tick tock	/ˈtikˈtak/
8479	rugăminte	request	/ˌruɡəˈminte/
8480	înainta	to go forward, go on its way	/ɨ.na.inˈta/
8481	vraci	witch doctor, quack	/ˈvratʃʲ/
8482	ipoteză	hypothesis	/ˌipoˈtezə/
8483	statistici	statistic, statistical	/ˌstatisˈtitʃʲ/
8484	hidos	hideous	/hiˈdos/
8485	halal	bravo	/haˈlal/
8486	viteaz	brave, valiant	/viˈte̯az/
8487	descărcare	unloading	/ˌdeskərˈkaɾe/
8488	ce-ți	contraction of ce + îți	/t͡ʃet͡sʲ/
8489	caselor	house, dwelling	/kaˈselor/
8490	clona	to clone	/ˈklona/
8491	oroare	horror	/oˈɾɔaɾe/
8492	epic	epic	/ˈepik/
8493	stors	drained	/ˈstors/
8494	convertit	converted	/ˌkonverˈtit/
8495	aperitiv	apéritif	/ˌapeɾiˈtiv/
8496	vast	vast	/ˈvast/
8497	bucăți	piece, bit, fragment, morsel	/bu.kəˈt͡si/
8498	entitate	entity	/ˌentiˈtate/
8499	repartizat	assigned	/reˌpartiˈzat/
8500	determine	to determine	[deˈtermine]
8501	criminalist	criminologist	/ˌkriminaˈlist/
8502	soul	soul	/ˈsoʊl/
8503	sceptic	skeptical	/ˈst͡ʃep.tik/
8504	neîndemânatic	clumsy	/ˌneɨnˌdemɨˈnatik/
8505	colectare	collection	/ˌkolekˈtaɾe/
8506	notificare	notification	/no.ti.fiˈka.re/
8507	lejer	easily	/leˈʒer/
8508	afumat	smoked	/ˌafuˈmat/
8509	glezne	ankle	/ˈɡlezne/
8510	reciprocă	reciprocal	/retʃiˈprokə/
8511	plutitoare	floating plant	/ˌplutiˈtɔaɾe/
8512	electrocutat	electrocuted	/ˌelekˌtrokuˈtat/
8513	chestiei	thing, thingy	/kesˈtieɪ/
8514	competitiv	competitive	/ˌkompetiˈtiv/
8515	podium	podium	/ˈpo.djum/
8516	m-aș	contraction of mă + aș	/maʃ/
8517	respingi	to reject	[reˈspind͡ʒʲ]
8518	leului	lion	/leuˈluɪ/
8519	leziune	lesion, wound, injury	/leˈzjune/
8520	biciuit	whipped	/ˌbitʃjuˈit/
8521	nea	snow	/ˈnea/
8522	haiti	alternative form of hait	/ˈhaɪtʲʲ/
8523	zicală	saying, proverb	/ziˈka.lə/
8524	talisman	talisman	/ˌtalisˈman/
8525	argintie	silver	/ar.d͡ʒinˈti.e/
8526	povestire	story	/ˌpovesˈtiɾe/
8527	ardea	to burn	[arˈde̯a]
8528	asociere	association	/ˌasotˈʃjeɾe/
8529	expira	to exhale	/eksˈpiɾa/
8530	limbii	tongue	[ˈlimbiː]
8531	bucătăreasă	cook	/ˌbukətəˈɾeasə/
8532	sake	sake	/ˈsake/
8533	alteia	another one	/ˈalteˌja/
8534	prejudiciu	damage	/ˌpreʒuˈditʃiʊ/
8535	străluci	to shine, to sparkle, to radiate, to glister, to beam, to…	[strəluˈtʃi]
8536	rafturi	shelf	/rafˈturʲ/
8537	fertilitate	fertility	[fer.ti.liˈta.te]
8538	fractura	to fracture	/frakˈtuɾa/
8539	voiaj	journey	/voˈjaʒ/
8540	pedala	to pedal	/peˈdala/
8541	festin	feast	/fesˈtin/
8542	pice	to fall	[ˈpit͡ʃe]
8543	orfană	orphan	/orˈfanə/
8544	tocat	hashed, minced, ground	/toˈkat/
8545	clasificat	classified	/ˌklasifiˈkat/
8546	începuturi	beginning, start	/ˌɨntʃepuˈturʲ/
8547	lacrima	teardrop, tear	[ˈla.kri.ma]
8548	reflex	reflex	/reˈfleks/
8549	cubanez	Cuban	/ˌkubaˈnez/
8550	surogat	surrogate	/ˌsuɾoˈɡat/
8551	supunere	submission, obedience	/ˌsupuˈneɾe/
8552	activez	to activate	[aktiˈvez]
8553	pilota	to pilot	/pi.loˈta/
8554	miri	to wonder	[mirʲ]
8555	boxeri	boxer	/ˈbokseɾʲˌʲ/
8556	defensiv	defensive	/ˌdefenˈsiv/
8557	bântui	to haunt	/bɨnˈtuɪ/
8558	prăpastie	precipice, chasm, ravine, abyss	/prəˈpas.ti.e/
8559	devastator	devastating	/ˌdevastaˈtor/
8560	securea	axe, hatchet	/seˈkuɾea/
8561	migrenă	migraine	/miˈɡre.nə/
8562	stropi	to water, spray, spatter, sprinkle	/stroˈpi/
8563	droga	to drug	/droˈɡa/
8564	expansiune	expansion	/ˌekspanˈsjune/
8565	flexibil	flexible	/flekˈsi.bil/
8566	logodnică	fiancée	/ˌloɡodˈnikə/
8567	vorbire	speaking	/vorˈbiɾe/
8568	însuti	to centuple	/ɨnˈsutʲʲ/
8569	buric	navel, bellybutton	/ˈbuɾik/
8570	pisoi	kitten	/piˈsoj/
8571	zise	nominative/accusative plural of zisă	/ˈzise/
8572	găsești	to find	[ɡəˈseʃtʲ]
8573	tandru	gentle, affectionate	/ˈtan.dru/
8574	teanc	a pile, heap, stack	/ˈteank/
8575	răpitor	rapacious, predatory	/ˌrə.piˈtor/
8576	izola	to isolate	/iˈzola/
8577	inversat	reversed	/ˌinverˈsat/
8578	orient	east, Orient	/oɾˈjent/
8579	nordic	northern	/ˈnor.dik/
8580	română	The Romanian language	/roˈmɨ.nə/
8581	sunetului	sound, noise	[ˈsu.ne.tu.luj]
8582	butoiul	barrel	/ˌbutoˈiʊl/
8583	pl	abbreviation of pulă	/ˌpeˈle/
8584	cianură	cyanide	/tʃjaˈnuɾə/
8585	diplomatic	diplomatic	/ˌdiploˈmatik/
8586	informațiile	information, piece of information	/ˌinformatˈsiɪle/
8587	încărca	to charge	/ˌɨnkərˈka/
8588	stabilizat	to stabilize	/ˌstabiliˈzat/
8589	incizie	cut, section, incision	/intˈʃizje/
8590	scuip	to spit, spit on, expectorate	/ˈskwip/
8591	grandios	grandiose	/ɡranˈdjos/
8592	latin	Latin	/laˈtin/
8593	detonator	detonator	/ˌdetonaˈtor/
8594	animat	animated	/ˌaniˈmat/
8595	asiatică	Asian woman	/ˌasjaˈtikə/
8596	pasional	passionate	/ˌpasjoˈnal/
8597	nasture	button	/nasˈtuɾe/
8598	directorii	principal	/diˈɾektoˌɾiɪ/
8599	șoc	shock	/ˈʃok/
8600	iluminat	lighted	/ˌilumiˈnat/
8601	circula	to circulate	/tʃirˈkula/
8602	captivant	captivating	/kap.tiˈvant/
8603	podului	bridge	/ˈpoduluɪ/
8604	viză	visa	/ˈvizə/
8605	uscător	dryer	/ˌuskəˈtor/
8606	piedică	hindrance, obstacle, impediment, difficulty	/ˈpje.di.kə/
8607	apt	apt	/ˈapt/
8608	extern	external	[eksˈtern]
8609	fast-food	fast-food	/ˈfastfoˈod/
8610	optimistă	optimist	/ˌoptiˈmistə/
8611	scumpi	to make more expensive, raise the price of	/ˈskumpʲʲ/
8612	filosofie	alternative spelling of filozofie	/fi.lo.soˈfi.e/
8613	fotoliu	armchair	/foˈto.lju/
8614	bălegar	manure	/bə.le.ˈɡar/
8615	profitabil	profitable	/ˌpro.fiˈta.bil/
8616	dumnealui	he	/dum.ne̯aˈluj/
8617	călugări	to become a monk	/ˌkəluˈɡəɾʲʲ/
8618	satisfăcător	satisfactorily	/ˌsa.tisˌfə.kəˈtor/
8619	tineret	youth	/ti.neˈret/
8620	expediat	dispatched, sent	[ekspediˈat]
8621	desfaci	to undo	[deˈsfat͡ʃʲ]
8622	cadre	frame	/ˈkadre/
8623	remedia	to remedy	/reˈmedja/
8624	accelera	to accelerate, to hurry up	/ak.t͡ʃe.leˈra/
8625	împrejurări	circumstance, situation, occurrence	/ɨmpreʒuˈrərʲ/
8626	misterioasa	mysterious	[mis.te.riˈo̯a.sa]
8627	sanie	sled, sleigh, sledge	/ˈsani.e/
8628	norocului	luck; good fortune	/noˈɾokuluɪ/
8629	fierar	blacksmith, smith	/fjeˈɾar/
8630	pici	boy	[pit͡ʃʲ]
8631	lam	to wash	[lam]
8632	comande	to order, command, lead	[koˈmande]
8633	sculptură	sculpture	/skulpˈtu.rə/
8634	tsunami	tsunami	/tsuˈnamʲʲ/
8635	surzi	to become deaf	/ˈsurzʲʲ/
8636	purtătoare	bearer, carrier	/ˌpurtəˈtɔaɾe/
8637	evaporat	evaporated	/ˌevapoˈɾat/
8638	mulțimea	lot, ton, large quantity	/mulˈt͡si.me̯a/
8639	fitness	fitness	/fitˈnes/
8640	salivă	saliva	/saˈli.və/
8641	răscruce	crossroad	/rəsˈkrutʃe/
8642	tractor	tractor	/trakˈtor/
8643	interceptare	interception	/ˌintertʃepˈtaɾe/
8644	întuneca	to darken, dim	/ˌɨntuˈneka/
8645	preluare	taking over	/prelˈwaɾe/
8646	robi	to enslave, enthrall	/ˈrobʲʲ/
8647	miză	ante	/ˈmizə/
8648	amica	female friend	/ˈamiˌka/
8649	debarcader	wharf	/ˌdebarkaˈder/
8650	intervenție	intervention	/ˌinterˈventsje/
8651	miau	meow	/mjaw/
8652	delfini	dolphin	/delˈfinʲʲ/
8653	indus	induced	/ˈindus/
8654	recoltă	harvest	/reˈkoltə/
8655	dinți	tooth	[dint͡sʲ]
8656	jignitor	offensive	/ˌʒiɡniˈtor/
8657	spaniole	Spanish	/ˌspaniˈole/
8658	ghinionist	unlucky person	/ˌɡinjoˈnist/
8659	psi	psi	/ˈpsi/
8660	samaritean	Samaritan	/ˌsamaɾiˈtean/
8661	supranatural	supernatural	/ˌsupraˌnatuˈɾal/
8662	încetare	cessation	/ˌɨntʃeˈtaɾe/
8663	adorat	adored, worshipped	/a.doˈrat/
8664	reprezentare	representation	/reˌprezenˈtaɾe/
8665	safari	safari	/saˈfaɾʲʲ/
8666	ridicare	raising	/ˌridiˈkaɾe/
8667	introduci	to insert	[introˈdut͡ʃʲ]
8668	nepoată	granddaughter	/neˈpo̯atə/
8669	descompunere	decomposition	/ˌdeskompuˈneɾe/
8670	hectare	hectare	[hekˈtare]
8671	brutărie	bakery	/ˌbrutəˈɾie/
8672	înfricoșător	frightening	/ˌɨnfriˌkoʃəˈtor/
8673	corporală	corporal	/ˌkorpoˈɾalə/
8674	laguna	lagoon	[laˈɡuna]
8675	actualizare	update	/ˌaktwaliˈzaɾe/
8676	mahmur	hangover	/mahˈmur/
8677	jeb	pocket	/ˈʒeb/
8678	corb	raven	/korb/
8679	nopți	night	[nopt͡sʲ]
8680	cronică	chronicle	/kroˈnikə/
8681	remarca	to remark	/reˈmarka/
8682	letal	lethal	/leˈtal/
8683	criticat	criticized	/ˌkritiˈkat/
8684	sumbru	sombre	/ˈsumbru/
8685	huligani	hooligan	/ˌhuliˈɡanʲʲ/
8686	cosmică	cosmic	/kosˈmikə/
8687	alimenta	to feed	/a.li.menˈta/
8688	veghea	to watch, to monitor, be on the lookout, keep vigil	/ˈveɡea/
8689	captat	captured	/kapˈtat/
8690	implantat	implant	/ˌimplanˈtat/
8691	spori	to advance, make progress/headway	/ˈspoɾʲʲ/
8692	darămite	let alone, to say nothing of, not to mention	/ˈda.rə.mi.te/
8693	pager	pager	/padˈʒer/
8694	sanatoriu	sanatorium	/ˌsanaˈtoɾiʊ/
8695	străbătut	traveled	/ˌstrəbəˈtut/
8696	revolver	revolver, pistol	/revolˈver/
8697	gazare	gassing	/ɡaˈzaɾe/
8698	gesturi	gesture	/dʒesˈturʲ/
8699	cârnat	sausage	/kɨrˈnat/
8700	cauzele	cause	/ˌkauˈzele/
8701	calciu	calcium	/ˈkalt͡ʃju/
8702	herpes	herpes	/herˈpes/
8703	neînsemnat	insignificant	/ˌneɨnsemˈnat/
8704	olimpic	Olympic	/oˈlim.pik/
8705	administra	to manage, to run, to administer	/ad.mi.nisˈtra/
8706	baracă	shed	/baˈɾakə/
8707	monitorizat	monitorized	/ˌmoniˌtoɾiˈzat/
8708	voluntariat	volunteering	/ˌvoluntaɾˈjat/
8709	vecinătate	neighborhood	/ˌvetʃinəˈtate/
8710	veritabil	genuine	/ˌveɾiˈtabil/
8711	domenii	domain	/doˈmeniɪ/
8712	coincidență	coincidence	/ˌkointʃiˈdentsə/
8713	anchetat	inquiry	/ˌankeˈtat/
8714	trust	trust	/ˈtrust/
8715	recreere	recreation	/reˈkreeˌɾe/
8716	cariere	tooth decay	/kaɾˈjeɾe/
8717	browning	Browning	/ˈbrowniŋɡ/
8718	încântare	delight	/ˌɨnkɨnˈtaɾe/
8719	ruptura	rupture	/rupˈtuɾa/
8720	drăcie	devilry, devilish trickery, witchcraft, charms	/drətˈʃie/
8721	artefact	artifact	/ˌarteˈfakt/
8722	repriză	round	/reˈprizə/
8723	universuri	universe	/ˌuniverˈsurʲ/
8724	rescrie	to rewrite	/reˈskri.e/
8725	noble	obsolete form of nobil	/ˈnoble/
8726	preliminar	preliminary	/ˌprelimiˈnar/
8727	consta	to consist, be composed of	/konsˈta/
8728	rinocer	rhinoceros	/ri.noˈt͡ʃer/
8729	amărâtă	sad, downcast, poor	/ˌaməˈɾɨtə/
8730	stânjenit	embarrassed	/ˌstɨnʒeˈnit/
8731	tâmplă	temple	/ˈtɨmplə/
8732	numărătoare	counting, count	/ˌnuməɾəˈtɔaɾe/
8733	transfuzie	transfusion	/transˈfuzje/
8734	mititel	very small, tiny, teeny-weeny	/mi.tiˈtel/
8735	reconfortant	comforting	/reˌkonforˈtant/
8736	săracilor	a poor person	/ˌsəɾatˈʃilor/
8737	vioi	lively, sprightly, cheerful, animated, brisk, spirited	/viˈoj/
8738	capotă	hood	/kaˈpotə/
8739	mișto	great, cool, awesome	[miʃˈto]
8740	favorabil	favorable	/ˌfavoˈɾabil/
8741	macara	crane	/maˈkaɾa/
8742	zânelor	A fairy	/zɨˈnelor/
8743	anonime	anonymous	[a.noˈni.me]
8744	turc	Turk	/turk/
8745	cioara	crow	/ˈtʃɔaɾa/
8746	schimbător	gearstick	/ˌskimbəˈtor/
8747	iubiri	love, fondness	[juˈbirʲ]
8748	divorț	divorce	/diˈvorts/
8749	pepeni	melon, specifically Cucumis melo	/ˈpepenʲˌʲ/
8750	azot	nitrogen	/aˈzot/
8751	travers	obsolete form of traversă	/traˈvers/
8752	clipit	wink	/kliˈpit/
8753	travestit	masked, disguised	/ˌtravesˈtit/
8754	oprea	to stop the movement of something	[oˈpre̯a]
8755	cherestea	timber	/ˌkeɾesˈtea/
8756	bârlogul	cave	/bɨrˈloɡul/
8757	infractorul	felon	/ˌinfrakˈtorul/
8758	restabili	to re-establish, to restore	/resˈtabilʲˌʲ/
8759	abis	abyss	/aˈbis/
8760	aligator	alligator	[aliɡaˈtor]
8761	ravagii	havoc	/ˌravadˈʒiɪ/
8762	descifrat	deciphered	/ˌdestʃiˈfrat/
8763	drac	devil	/ˈdrak/
8764	paralizie	paralysis	/ˌpaɾaˈlizje/
8765	dominat	dominated	[domiˈnat]
8766	semafor	traffic light	/se.maˈfor/
8767	totuna	all the same	/ˈto.tu.na/
8768	isteric	hysteric	/isˈteɾik/
8769	grădinile	garden	/ˌɡrədiˈnʲile/
8770	infecta	to infect	/in.fekˈta/
8771	sluji	to officiate, perform the functions of some office	/sluˈʒʲi/
8772	rampă	ramp	/ˈrampə/
8773	folie	madness, folly	/ˈfolje/
8774	vânătaie	bruise	/ˌvɨnəˈtaɪe/
8775	aprindere	ignition	/ˌaprinˈdeɾe/
8776	balistică	ballistics	/ˌbalisˈtikə/
8777	ros	gnawed, eaten away at	/ros/
8778	enigma	enigma	[eˈniɡma]
8779	duzina	dozen	/duˈzina/
8780	alungi	to lengthen, elongate	/a.lunˈd͡ʒi/
8781	mirat	to wonder	/miˈɾat/
8782	ups	oops	/ˈups/
8783	procesare	processing	/ˌprotʃeˈsaɾe/
8784	îngrijorător	worrying, worrisome, concerning	/ɨn.ɡri.ʒo.rəˈtor/
8785	anestezic	anesthetic	/ˌanesˈtezik/
8786	ademenit	lured	/ˌademeˈnit/
8787	poi	alternative form of apoi	/ˈpoj/
8788	silă	disgust, loathing, abhorrence, hatred, aversion, antipathy,…	/ˈsilə/
8789	ălora	that	/ˈə.lo.ra/
8790	fraieră	stupid person	/fraɪˈeɾə/
8791	clandestin	clandestine	/ˌklandesˈtin/
8792	seringă	syringe	/seˈrin.ɡə/
8793	deghizare	disguise	/ˌdeɡiˈzaɾe/
8794	devenire	becoming	/ˌdeveˈniɾe/
8795	ostatică	hostage	/ˌostaˈtikə/
8796	întări	to strengthen; to invigorate; to harden	[ɨntəˈri]
8797	mata	you	/ˈmata/
8798	tulbure	murky, hazy, clouded over	/ˈtul.bu.re/
8799	sferă	sphere	/ˈsfe.rə/
8800	import	import	/imˈport/
8801	evaluat	appraised	/ˌevalˈwat/
8802	fluierat	whistle	/ˌflwieˈɾat/
8803	somnului	sleep	/ˈsomnuluɪ/
8804	diavoli	devil	/ˈdjavolʲˌʲ/
8805	mumie	mummy	/ˈmumje/
8806	proxenet	pimp	/ˌprokseˈnet/
8807	copiile	copy	/koˈpiɪle/
8808	teapa	character, temper	/ˈteapa/
8809	adori	to adore	/aˈdoɾʲʲ/
8810	învechit	obsolete	/ɨn.veˈkit/
8811	întâia	first	/ɨnˈtɨ.ja/
8812	compar	to compare	[komˈpar]
8813	teritorii	territory	/ˌteɾiˈtoɾiɪ/
8814	coreeană	Korean	/ˌkoɾeˈeanə/
8815	prospera	to prosper	/ˌprospeˈɾa/
8816	carusel	carousel	/ˌkaɾuˈsel/
8817	transă	trance	/ˈtransə/
8818	titanic	titanic	/tiˈtanik/
8819	comodă	chest	/koˈmodə/
8820	ulcer	ulcer	/ultˈʃer/
8821	călduros	warmly	/ˌkəlduˈɾos/
8822	soluție	solution	/soˈlu.t͡si.e/
8823	amicului	friend; pal, buddy	/aˈmikuluɪ/
8824	viciu	vice	/ˈvitʃiʊ/
8825	trăsătură	lineament; streak, stroke	/ˌtrə.səˈtu.rə/
8826	falca	jaw	[ˈfalka]
8827	înghesuit	cramped	/ˌɨŋɡeˈswit/
8828	negustori	to trade	/ˌneɡusˈtoɾʲʲ/
8829	sifilis	syphilis	/ˌsifiˈlis/
8830	întindere	stretching; the act of stretching	/ˌɨntinˈdeɾe/
8831	ipotecă	mortgage	/ˌipoˈtekə/
8832	contagioasă	contagious	/ˌkontadʒjɔˈasə/
8833	ispită	temptation	/isˈpitə/
8834	îndrumare	guidance	/ˌɨndruˈmaɾe/
8835	înțelegeți	to understand	/ɨn.t͡seˈle.d͡ʒet͡sʲ/
8836	necurat	unclean	/ˌnekuˈɾat/
8837	sudic	southern	/ˈsu.dik/
8838	neclintit	firm	/ˌneklinˈtit/
8839	graffiti	graffiti	/ɡraˈfitʲʲ/
8840	prognoza	to forecast	/proɡˈnoza/
8841	montaj	assembly, set-up	/monˈtaʒ/
8842	pavilion	pavilion, gazebo	/ˌpavilˈjon/
8843	prostănac	simpleton	/ˌprostəˈnak/
8844	loto	lotto	/ˈloto/
8845	constrâns	constrained	/konsˈtrɨns/
8846	respingător	repulsive	/resˌpiŋɡəˈtor/
8847	bristol	Bristol board	/brisˈtol/
8848	captivitate	captivity	/ˌkaptiviˈtate/
8849	caracteristică	characteristic, trait, feature	/ka.rak.teˈris.ti.kə/
8850	stofă	cloth, fabric, texture, material	/ˈstofə/
8851	fumăm	to smoke	[fuˈməm]
8852	încap	to fit	/ɨnˈkap/
8853	perforat	perforated	/ˌperfoˈɾat/
8854	distribuitor	distributor	/ˌdistribwiˈtor/
8855	plaje	beach	/ˈplaʒe/
8856	vals	waltz	/ˈvals/
8857	aprob	to approve	[aˈprob]
8858	calmant	sedative	/kalˈmant/
8859	invidia	to envy	/inˈvidja/
8860	costisitor	expensive	/ˌkostisiˈtor/
8861	citire	reading	/t͡ʃiˈti.re/
8862	ivit	appearing	/iˈvit/
8863	gamă	range	/ˈɡamə/
8864	alung	to drive away	[aˈluŋɡ]
8865	compatibil	compatible	/ˌkompaˈtibil/
8866	ramuri	branch, bough	/raˈmurʲ/
8867	sperjur	perjury	/sperˈʒur/
8868	pământuri	earth, ground	/ˌpəmɨnˈturʲ/
8869	adiere	breeze	/aˈdjeɾe/
8870	mahmureală	hangover	/ˌmahmuˈɾealə/
8871	zăcea	to lie	[zəˈtʃe̯a]
8872	uzina	to machine	/uˈzina/
8873	maia	leaven	/ˈmaja/
8874	stelei	star	/ˈsteleɪ/
8875	probabilitate	probability	/pro.ba.bi.liˈta.te/
8876	exprimi	to express	[ekˈsprimʲ]
8877	sexualitatea	sexuality	/seksualiˈtate̯a/
8878	flirt	flirt	/ˈflirt/
8879	riduri	wrinkle, furrow, crease, line	/riˈdurʲ/
8880	biopsie	biopsy	/ˈbjopsje/
8881	vârfurile	pointed tip	/vɨrˈfurile/
8882	egoism	egoism, selfishness	/ˌeɡoˈism/
8883	producem	to produce	[proˈdut͡ʃem]
8884	începuturile	beginning, start	/ˌɨntʃepuˈturile/
8885	risipi	to strew, scatter, disperse	/ˌrisiˈpʲi/
8886	parc-ar	contraction of parcă + ar	/par.kar/
8887	seduce	to seduce	[seˈdutʃe]
8888	atribuit	assigning	/ˌatriˈbwit/
8889	bas	bass	/ˈbas/
8890	ghidare	guidance	/ɡiˈdaɾe/
8891	maritim	maritime	/maˈɾitim/
8892	expertiza	to appraise, to value	/ˌeksperˈtiza/
8893	tinichea	thin sheet of metal, tinplate	/tiˈnikea/
8894	cine-s	contraction of cine + sunt	/ˈt͡ʃi.nes/
8895	provizoriu	provisional	/ˌproviˈzoɾiʊ/
8896	psihopată	psychopath	/ˌpsihoˈpatə/
8897	sculptat	sculpted	/skulpˈtat/
8898	coordonator	coordinator	/ˌkoorˌdonaˈtor/
8899	sufletelor	soul, spirit	[ˈsufletelor]
8900	călătorind	to travel, to journey	[kələtoˈrind]
8901	fisura	to crack	/fiˈsuɾa/
8902	vitrină	shop window	/viˈtri.nə/
8903	pălmuit	slapped	/pəlˈmwit/
8904	plămân	lung	/pləˈmɨn/
8905	vârtej	whirlpool, eddy, vortex	/vɨrˈteʒ/
8906	altminteri	otherwise	/altˈminterʲ/
8907	deranjată	in disorder, disturbed, deranged	[de.ranˈʒa.tə]
8908	weber	weber	/ˈweber/
8909	fluid	fluid	/ˈflwid/
8910	întâmpina	to meet	/ɨn.tɨm.piˈna/
8911	mediocru	mediocre	/me.diˈo.kru/
8912	simbolic	symbolic	/simˈbolik/
8913	scol	to get up, stand up, rise	[skol]
8914	inflamat	sore	/ˌinflaˈmat/
8915	pupat	kiss	/puˈpat/
8916	stocare	storage	/stoˈkaɾe/
8917	pofida	spite	/poˈfi.da/
8918	admiram	to admire	[admiˈram]
8919	hologramă	hologram	/ˌholoˈɡramə/
8920	bărbații	man	[bərˈbat͡siː]
8921	documentat	documented	[dokumenˈtat]
8922	broccoli	broccoli	/ˈbrokkolˌʲ/
8923	motociclist	motorcyclist, biker	/mo.to.t͡ʃiˈklist/
8924	izgonit	banished, expelled, chased away	/ˌizɡoˈnit/
8925	mi-aș	contraction of îmi + aș	/mjaʃ/
8926	intelectuală	intellectual	/ˌintelekˈtwalə/
8927	contrabanda	to smuggle	/ˌkontraˈbanda/
8928	stimulent	incentive	/ˌstimuˈlent/
8929	funcționare	operation, operating, functioning	/ˌfunktsjoˈnaɾe/
8930	propulsie	propulsion	/proˈpulsje/
8931	nerv	nerve	/ˈnerv/
8932	stagiu	probation, probationary period	/ˈsta.d͡ʒju/
8933	clipele	moment, instant, second, blink of an eye	/kliˈpele/
8934	zdravăn	mightily, strongly, powerfully	/ˈzdra.vən/
8935	fabricile	plant	/ˈfabritˌʃile/
8936	florilor	flower	/floˈɾʲilor/
8937	geamănă	twin	/ˈdʒeaməˌnə/
8938	comando	commando	/koˈmando/
8939	păianjenul	spider	/pəˈjanʒenul/
8940	arm	an animal's haunch, or a thigh on a person	/ˈarm/
8941	flacon	small bottle	/flaˈkon/
8942	secat	dried up, without water or humidity, dry	/seˈkat/
8943	aicea	Paragogic form of aici	/aˈi.t͡ʃe̯a/
8944	jurnalism	journalism	/ˌʒurnaˈlism/
8945	dislocat	deployed	/ˌdisloˈkat/
8946	ocoli	to go around, make a detour, take a roundabout way	/ˌokoˈlʲi/
8947	generat	generated	/ˌdʒeneˈɾat/
8948	bădăran	churl, boor, unrefined, uncivilized, unmannered person	/bə.dəˈran/
8949	capriciu	whim	/kaˈpritʃiʊ/
8950	discriminare	discrimination	/ˌdiskrimiˈnaɾe/
8951	improvizat	impromptu	/ˌimproviˈzat/
8952	troian	Trojan	/troˈjan/
8953	discotecă	nightclub	/ˌdiskoˈtekə/
8954	freza	to sheer	[ˈfreza]
8955	busolă	compass	[buˈso.lə]
8956	datorat	alternative form of datorit	/ˌdatoˈɾat/
8957	amănunt	detail, particular	/ˌaməˈnunt/
8958	verse	to spill	[ˈverse]
8959	nicicum	not at all	/ˌnitʃʲˈkum/
8960	republică	republic	/reˈpu.bli.kə/
8961	destrămat	scattered	/ˌdestrəˈmat/
8962	sintetic	synthetic	/sinˈtetik/
8963	melci	snail, slug	/melt͡ʃʲ/
8964	negrotei	nigger, black person, African	/ne.ɡro.ˈtej/
8965	greșeli	mistake	/ɡreˈʃelʲʲ/
8966	academic	academic	/a.kaˈde.mik/
8967	goli	to empty	/ˈɡolʲʲ/
8968	scafandru	diver	/skaˈfandru/
8969	pomeni	to mention	/po.meˈni/
8970	reproduce	to reproduce	/re.proˈdu.t͡ʃe/
8971	fisc	fiscal administration	/ˈfisk/
8972	spini	thorn	/ˈspinʲʲ/
8973	ajun	fast, fasting	/aˈʒun/
8974	declari	to declare	[deˈklarʲ]
8975	degenerat	degenerate	[ded͡ʒeneˈrat]
8976	prevede	to foresee, anticipate	[preˈvede]
8977	culeg	to collect, gather	/kuˈleɡ/
8978	portabil	portable	/porˈtabil/
8979	regala	to feast	/reˈɡala/
8980	hoț	thief	/ˈhots/
8981	alpinism	mountaineering	/ˌalpiˈnism/
8982	cititul	read	[t͡ʃiˈtitul]
8983	alia	to ally	/ˈalja/
8984	furnică	ant	/furˈni.kə/
8985	tăietura	cut, incision	/ˌtəjeˈtuɾa/
8986	preludiu	prelude	[preˈludju]
8987	sonar	sonar	/soˈnar/
8988	sexuali	sexual	[sek.suˈalʲ]
8989	aragaz	gas cooker or stove	/ˌaɾaˈɡaz/
8990	socializare	socialization	/ˌsotʃjaliˈzaɾe/
8991	adevăruri	truth	/a.deˈvə.rurʲ/
8992	cimpanzeu	chimpanzee	/ˌtʃimpanˈzeʊ/
8993	sclipitor	brilliant	/ˌsklipiˈtor/
8994	credință	faith, belief, creed	/kreˈdint͡sə/
8995	pudra	to powder	/ˈpudra/
8996	răufăcător	malefactor, wrongdoer	/ˌrəw.fə.kəˈtor/
8997	consul	consul	/ˈkonsul/
8998	cascadorie	stunt	/ˌkaskaˈdoɾje/
8999	votare	voting	/voˈtaɾe/
9000	facial	facial	/fatˈʃjal/
9001	ciorap	sock	/t͡ʃoˈɾap/
9002	ascensiune	rising, ascent	/ˌastʃenˈsjune/
9003	fluent	fluent	/ˈflwent/
9004	grăsan	fat	/ɡrəˈsan/
9005	plicticos	boring	/plik.tiˈkos/
9006	producători	producer	/pro.du.kəˈtorʲ/
9007	găsește	to find	[ɡəˈseʃte]
9008	întrebați	to ask	/ˌɨntreˈbatsʲʲ/
9009	excita	to excite; to arouse	/eks.t͡ʃiˈta/
9010	foamei	hunger	/ˈfɔameɪ/
9011	amploare	amplitude	/amˈplɔaɾe/
9012	ceașcă	cup	/ˈt͡ʃe̯aʃkə/
9013	amintește	to remind	[a.minˈteʃ.te]
9014	prunc	infant; newborn; baby	/ˈprunk/
9015	ebrietate	drunkenness	/ˌebrjeˈtate/
9016	soft	software	/ˈsoft/
9017	tăntălău	obsolete form of tontălău	/ˌtəntəˈləʊ/
9018	sultanul	sultan	/sulˈtanul/
9019	stâlpul	pillar	/ˈstɨlpul/
9020	sedat	sedated	/seˈdat/
9021	perspicace	perspicuous	/ˌperspiˈkatʃe/
9022	radicală	radical	/ˌradiˈkalə/
9023	olandeză	of the Netherlands; Dutch	/olanˈdezə/
9024	berbec	ram	/berˈbek/
9025	competent	competent	/kom.peˈtent/
9026	caucazian	Caucasian	/ˌkaʊkaˈzjan/
9027	absorbi	to absorb	/absorˈbi/
9028	antichitate	antiquity	/antikiˈtate/
9029	zbârnâit	a whirr	/zbɨrˈnyɪt/
9030	ușile	door	[ˈu.ʃi.le]
9031	înțelept	wise, sage	/ɨn.t͡seˈlept/
9032	dorința	wish	/doˈrin.t͡sa/
9033	anchetator	investigator	/ˌanketaˈtor/
9034	argumenta	to support with arguments	/ˌarɡuˈmenta/
9035	autodistrugere	self-destruction	/ˌaʊtoˌdistrudˈʒeɾe/
9036	cioroi	Gypsy, Roma	/tʃoˈɾoj/
9037	primeam	to receive, to get	/priˈme̯am/
9038	ramos	ramose	/raˈmos/
9039	guste	to taste	[ˈɡuste]
9040	biologia	biology	/ˌbjolodˈʒia/
9041	deputat	deputy; Member of Parliament; congressman	/ˌdepuˈtat/
9042	temelie	foundation	[temeˈlie]
9043	avânt	elan, ardor, zeal	/aˈvɨnt/
9044	otrăvire	poisoning	/ˌotrəˈviɾe/
9045	trecătoarea	mountain pass, col	/ˌtrekəˈtɔaɾea/
9046	informatori	informant	/ˌinformaˈtoɾʲʲ/
9047	abil	able	/aˈbil/
9048	traiectorie	trajectory	/trajekˈtorie̯/
9049	indecent	indecent	/in.deˈt͡ʃent/
9050	lecție	lesson	/ˈlektsiˌe/
9051	distribuit	distributed	/ˌdistriˈbwit/
9052	spectator	spectator	/ˌspektaˈtor/
9053	stilat	stylish	/stiˈlat/
9054	alocat	allocation	/ˌaloˈkat/
9055	novice	novice	/noˈvitʃe/
9056	melc	snail, slug	/melk/
9057	suedeză	a Swedish woman	[ˌsu.eˈde.zə]
9058	genetica	genetics	[d͡ʒeˈnetika]
9059	story	story, typically an Instagram one	/ˈstori/
9060	represalii	retaliation	/repreˈsaliɪ/
9061	neam	family, sort, kin, tribe	/ˈne̯am/
9062	maimuță	monkey	/majˈmu.t͡sə/
9063	frumoasele	beautiful	[fruˈmo̯a.se.le]
9064	reconstruit	reconstructed	/rekonstrˈwit/
9065	monstruos	monstrous	/monstrˈwos/
9066	protestez	to protest	[proteˈstez]
9067	sperietoare	scarecrow	/spe.ri.eˈto̯a.re/
9068	posedată	possessed	/ˌposeˈdatə/
9069	arhitectură	architecture	/ˌarhitekˈtuɾə/
9070	gigolo	gigolo	/dʒiˈɡolo/
9071	izvorul	spring	/izˈvorul/
9072	lucrător	worker	/ˌlu.krəˈtor/
9073	dezactiva	to deactivate	/ˌdezakˈtiva/
9074	sărat	salted	/səˈrat/
9075	priveghi	wake	/priˈveɡʲ/
9076	postură	posture	/posˈtuɾə/
9077	yuan	yuan	/ˈjwan/
9078	intrigat	mystified	/ˌintriˈɡat/
9079	mutilat	maimed	/ˌmutiˈlat/
9080	prescrie	to prescribe	/presˈkri.e/
9081	câștigă	to win	[kɨˈʃti.ɡə]
9082	invada	to invade	/inˈvada/
9083	traduc	to translate	[traˈduk]
9084	abatere	deviation	/aˈbatere/
9085	clonă	clone	/ˈklonə/
9086	liberal	liberal	/libeˈral/
9087	uși	door	/ˈuʃʲ/
9088	lefter	penniless, broke	/ˈlefter/
9089	suicid	suicide	/su.iˈt͡ʃid/
9090	puneți	to put	[ˈpunet͡sʲ]
9091	gang	passageway	/ˈɡaŋɡ/
9092	batoane	bar, stick	/baˈto̯a.ne/
9093	transmisiune	transmission	/ˌtransmiˈsjune/
9094	satisfac	to satisfy	[satiˈsfak]
9095	cunoștință	awareness	/ku.noʃˈtin.t͡sə/
9096	conspirat	conspired	[konspiˈrat]
9097	explorare	exploration	/ˌeksploˈɾaɾe/
9098	categorii	category	/ˌkateˈɡoɾiɪ/
9099	îndemânare	skill, proficiency, craft, handiness	/ˌɨndemɨˈnaɾe/
9100	semnelor	sign	/semˈnelor/
9101	impotent	impotent	/ˌimpoˈtent/
9102	nene	Term used by children or young people to address an older…	/ˈnene/
9103	veseli	to cheer	/ˈveselʲˌʲ/
9104	mestecă	to chew, masticate	/mesˈtekə/
9105	transportor	transporter, carrier	/ˌtransporˈtor/
9106	defectat	failed	/ˌdefekˈtat/
9107	pubian	pubic	/puˈbjan/
9108	intrigă	intrigue	/ˈintriˌɡə/
9109	putrezit	rotten	/ˌputreˈzit/
9110	crucii	cross	/ˈkrutʃiɪ/
9111	europeni	European	/ˌeuɾoˈpenʲʲ/
9112	oval	oval	/oˈval/
9113	stăpânesc	masterly	/ˌstəpɨˈnesk/
9114	fiilor	son	/ˈfiɪlor/
9115	slăbi	to grow thin, slim, lose weight	/ˈsləbʲʲ/
9116	disputa	to dispute	[dispuˈta]
9117	tehnologic	technological	/ˌteh.noˈlo.d͡ʒik/
9118	desprinde	to detach, unfasten, undo, unbind, tear off	/desˈprinde/
9119	alertat	alerted, alarmed	/ˌalerˈtat/
9120	îndrăzneală	audacity, dare	/ˌɨndrəzˈnealə/
9121	leit	alike, identical	/leˈit/
9122	restitui	to restitute	/restiˈtuɪ/
9123	regăsi	to retrieve	/ˌreɡəˈsi/
9124	pesimist	pessimist	/ˌpesiˈmist/
9125	body	bodysuit	/ˈbodi/
9126	preferabil	preferable	/pre.feˈra.bil/
9127	pasiunii	passion, ardor	/paˈsjuniɪ/
9128	etichetat	labeled	/ˌetikeˈtat/
9129	nepedepsit	unpunished	/ˌnepedepˈsit/
9130	ui	obsolete form of vui	/ˈuɪ/
9131	dedica	to dedicate	/ˌdediˈka/
9132	andocare	docking	/ˌandoˈkaɾe/
9133	funcție	function, use	[ˈfunk.t͡si.e]
9134	contaminare	contamination	/ˌkontamiˈnaɾe/
9135	cactus	cactus	/ˈkaktus/
9136	brânci	obsolete form of brâncă	/ˈbrɨntʃʲ/
9137	arzătoare	burner	/ˌarzəˈtɔaɾe/
9138	comentat	commented	/ˌkomenˈtat/
9139	zdup	bang, slam	/ˈzdup/
9140	danez	Danish	[daˈnez]
9141	tabel	table	/taˈbel/
9142	detonare	detonation	/ˌdetoˈnaɾe/
9143	estimare	estimation	/ˌestiˈmaɾe/
9144	agresor	aggressor	/ˌaɡreˈsor/
9145	bivol	buffalo	/ˈbivol/
9146	aleatoriu	aleatory, random	/a.le.aˈto.rju/
9147	fuste	skirt	[ˈfuste]
9148	silit	forced	/siˈlit/
9149	memento	memento	/meˈmento/
9150	cală	hold	/ˈkalə/
9151	asasinare	assassination	/ˌasasiˈnaɾe/
9152	renegat	reneged	/reneˈɡat/
9153	pernele	pillow	/ˈper.ne.le/
9154	de-i	contraction of de + îi	/dej/
9155	peria	to brush	/pe.riˈa/
9156	stafide	raisin	/staˈfide/
9157	arbore	tree	/ˈaɾ.bo.re/
9158	investigare	investigation, inquiry	/ˌinvestiˈɡaɾe/
9159	lumile	world	/luˈmʲile/
9160	aliniat	aligned	/ˌaliˈnjat/
9161	optzeci	eighty	/optˈzet͡ʃʲ/
9162	isterie	hysteria	/ˌisteɾˈje/
9163	primește	to receive, to get	[priˈmeʃte]
9164	enigmă	enigma	/eˈniɡmə/
9165	minimum	minimum, modicum	/ˈminiˌmum/
9166	notoriu	notorious	/noˈtoɾiʊ/
9167	unicorn	one-horned	/ˌuniˈkorn/
9168	încărcător	loader	/ɨn.kər.kəˈtor/
9169	potop	deluge, flood	/poˈtop/
9170	cheii	key	/ˈkeiɪ/
9171	dama	lady	[ˈdama]
9172	polen	pollen	/poˈlen/
9173	taximetrist	cabbie	/ˌtaksimeˈtrist/
9174	heterosexual	a heterosexual	/ˌhe.te.ro.sek.suˈal/
9175	cranii	skull	/ˈkraniɪ/
9176	coarnele	horn	/kɔarˈnele/
9177	atacator	attacker	/ˌatakaˈtor/
9178	intimidare	intimidation	/ˌintimiˈdaɾe/
9179	analizeze	to analyze	[analiˈzeze]
9180	care-au	contraction of care + au	/ˈka.re̯aw/
9181	grădini	garden	/ɡrəˈdinʲ/
9182	cămară	pantry, larder	/kəˈmaɾə/
9183	flaut	flute	/ˈflaʊt/
9184	sufocare	suffocation	/ˌsufoˈkaɾe/
9185	minunea	owl	/miˈnunea/
9186	poruncă	order, command	[poˈrun.kə]
9187	entuziast	enthusiastic	/ˌentuˈzjast/
9188	anatomia	anatomy	/a.na.toˈmi.a/
9189	nechibzuit	reckless	/ne.kib.zuˈit/
9190	inexplicabil	inexplicable	/ˌi.nek.spliˈka.bil/
9191	încheiere	the act of buttoning up	/ˌɨnkeˈjeɾe/
9192	străzilor	street	/strəˈzʲilor/
9193	tunde	to crop, shear, clip, trim, prune, mow	/ˈtunde/
9194	ingredient	ingredient	/ˌiŋɡreˈdjent/
9195	flirta	to flirt	/ˈflirta/
9196	fetiță	girl	/ˈfetitˌsə/
9197	dezonorat	dishonored	/ˌdezonoˈɾat/
9198	fior	shudder, shiver	/ˈfjor/
9199	găurit	pierced	/ɡəʊˈɾit/
9200	domine	to dominate	[doˈmine]
9201	pă	alternative form of pe	/pə/
9202	descifra	to decipher	/des.t͡ʃiˈfra/
9203	saturi	to be satiated, full	/ˈsa.turʲ/
9204	tipare	print, printing	/tiˈpa.re/
9205	foraj	drilling	/foˈɾaʒ/
9206	vomat	vomit	/voˈmat/
9207	coafură	hairstyle, coiffure	/kɔaˈfuɾə/
9208	negresă	black woman	/neˈɡresə/
9209	coborând	to descend, dismount, alight	/ko.boˈrɨnd/
9210	națională	national	/ˌnatsjoˈnalə/
9211	mam	misspelling of m-am	/ˈmam/
9212	lihnit	starving	/lihˈnit/
9213	rămânea	alternative form of rămâne	/ˌrəmɨˈnea/
9214	atomi	atom	/aˈtomʲʲ/
9215	comunistă	communist, Communist	/ˌkomuˈnistə/
9216	pelerină	cape	/ˌpeleˈɾinə/
9217	foarfecă	scissors	/fɔarˈfekə/
9218	alcoolice	alcoholic	[al.koˈo.li.t͡ʃe]
9219	tasta	to type a text	/ˈtasta/
9220	direcție	direction	/diˈɾektsiˌe/
9221	neobișnuit	unusual, strange	/ˌne.oˌbiʃ.nuˈit/
9222	invoca	to invoke	/inˈvoka/
9223	liră	pound	/ˈliɾə/
9224	parohie	parish	/paˈɾohje/
9225	plagă	wound	/ˈplaɡə/
9226	balistic	ballistic	/baˈlistik/
9227	demisiona	to resign	/ˌdemisjoˈna/
9228	lava	lava	[ˈlava]
9229	babă	old woman	/ˈba.bə/
9230	speaker	speaker	/speaˈker/
9231	boboci	bud	/boˈbotʃʲ/
9232	otrăvitor	poisonous, toxic	/ˌo.trə.viˈtor/
9233	dioxid	dioxide	/di.okˈsid/
9234	lustruit	polished	/lustrˈwit/
9235	reîntoarce	to return	/re.ɨn.ˈto̯ar.t͡ʃe/
9236	perdea	curtain	/perˈdea/
9237	seamăn	one who is the same as another	/seaˈmən/
9238	redeschide	to reopen	/redesˈkide/
9239	muchie	edge	/ˈmukje/
9240	cerească	skyey	/t͡ʃeˈre̯as.kə/
9241	penisului	penis	[ˈpe.ni.su.luj]
9242	evolua	to evolve	/ˌevolˈwa/
9243	regulament	regulation	/ˌreɡulaˈment/
9244	exploata	to exploit	/eksˈplɔata/
9245	evreiască	Jewish, Hebrew	/ˌevreˈjas.kə/
9246	revizuire	revision	/reviˈzwiɾe/
9247	stări	status, standing, situation, position, condition	/ˈstəɾʲʲ/
9248	încurajator	encouraging	/ˌɨnkuˌɾaʒaˈtor/
9249	nonstop	nonstop	/nonˈstop/
9250	echilibrat	balanced	/ˌekiliˈbrat/
9251	algoritm	algorithm	/al.ɡoˈritm/
9252	jucătoare	female player	/ˌʒukəˈtɔaɾe/
9253	ping-pong	ping pong	/ˈpiŋɡˈpoŋɡ/
9254	operație	operation	/o.peˈra.t͡si.e/
9255	zeta	zeta	/ˈzeta/
9256	târâtură	a good-for-nothing	/ˌtɨɾɨˈtuɾə/
9257	saxon	Saxon	/sakˈson/
9258	admiratoare	admirer	/ˌadmiɾaˈtɔaɾe/
9259	restrâns	limited	/resˈtrɨns/
9260	eroilor	hero	/erˈroiˌlor/
9261	salturi	plural of salt leaps	[ˈsal.turʲ]
9262	fotbalist	footballer; football player, soccer player	/fot.baˈlist/
9263	derbedeu	vagabond, scamp, hooligan, loafer	/ˌderbeˈdeʊ/
9264	crăpătură	crack	/ˌkrəpəˈtuɾə/
9265	nazir	alternative form of nazâr	/naˈzir/
9266	vers	verse	/ˈvers/
9267	oftat	sigh, sob	/ofˈtat/
9268	căpăta	to obtain, acquire, get, earn	/ˌkəpəˈta/
9269	tulburător	disturbing	/ˌtulbuɾəˈtor/
9270	crap	Cyprinus carpio; European carp, common carp	/krap/
9271	părinți	parent	[pəˈrint͡sʲ]
9272	spirală	spiral	/spiˈɾalə/
9273	vatră	fireplace, hearth, fireside	/ˈvatrə/
9274	automobil	automobile	/ˌaʊtomoˈbil/
9275	apelare	a call	/ˌapeˈlaɾe/
9276	asfalt	asphalt	/asˈfalt/
9277	suspin	sob, sigh	/susˈpin/
9278	frige	to roast	/ˈfridʒe/
9279	verighetă	wedding ring	/ˌveɾiˈɡetə/
9280	omenească	human	[o.meˈne̯as.kə]
9281	literar	literary	/li.teˈrar/
9282	platină	platinum	/plaˈtinə/
9283	trompetă	trumpet	/tromˈpe.tə/
9284	mâneca	to wake up in the morning	/mɨ.neˈka/
9285	descendent	descendent; descending; that which descends	/ˌdestʃenˈdent/
9286	înfig	to thrust, push into, stick in, dig into, insert into	/ɨnˈfiɡ/
9287	instruire	instruction, education	/instrˈwiɾe/
9288	paisprezece	fourteen	/ˈpaj.spre.ze.t͡ʃe/
9289	genocid	genocide	/ˌdʒenotˈʃid/
9290	răsucit	convolute	/ˌrəsutˈʃit/
9291	plasament	investment	/ˌplasaˈment/
9292	vandalism	vandalism	/ˌvandaˈlism/
9293	dens	dense	/dens/
9294	extravagant	extravagant	/ˌekstravaˈɡant/
9295	paternitate	paternity	/ˌpaterniˈtate/
9296	derby	local derby	/ˈderbi/
9297	exersa	to exercise	/eɡˈzersa/
9298	susține	to support	/susˈt͡si.ne/
9299	pluti	to float	/pluˈti/
9300	fundamentală	fundamental	[fundamenˈtalə]
9301	neant	nothingness	/neˈant/
9302	plauzibil	plausible	/ˌplauˈzibil/
9303	combină	combine harvester	/komˈbinə/
9304	garduri	fence	/ɡarˈdurʲ/
9305	pregătiți	prepared	[preɡəˈtit͡sʲ]
9306	cofeină	caffeine	/ko.feˈi.nə/
9307	răscolit	rummaged	/ˌrəskoˈlit/
9308	curt	short-tailed	/ˈkurt/
9309	nimeri	to happen, find oneself somewhere	/ˈnimeɾʲˌʲ/
9310	neobservat	unnoticed	/ˌneobserˈvat/
9311	bypass	bypass	/biˈpas/
9312	ramura	branch, bough	/raˈmuɾa/
9313	mistic	mystical	/ˈmistik/
9314	turci	to Turkify	/ˈturtʃʲ/
9315	accidentele	accident	/ˌaktʃidenˈtele/
9316	cititor	reader	/t͡ʃi.tiˈtor/
9317	planifica	to plan	/plaˈnifiˌka/
9318	damasc	damask	/daˈmask/
9319	hanorac	hoodie	/ˌhanoˈɾak/
9320	coapse	third-person singular simple perfect indicative of coace	[ˈko̯apse]
9321	absenta	to be absent, to not be present	/abˈsenta/
9322	must	unfermented wine; grape or other fruit juice	/ˈmust/
9323	paramedic	paramedical	/ˌpaɾaˈmedik/
9324	slăbănog	weak, thin, weedy, scraggy, meagre, hidebound	/ˌslə.bəˈnoɡ/
9325	credința	faith, belief, creed	/kreˈdintsa/
9326	activare	activation	/ˌaktiˈvaɾe/
9327	mâncărime	itchiness, itch	/ˌmɨnkəˈɾime/
9328	agricultură	agriculture	/ˌaɡrikulˈtuɾə/
9329	întrerupător	switch, light switch, circuit breaker	/ˌɨntreˌɾupəˈtor/
9330	izbucni	to arise, to appear, to emerge, to spurt, oftentimes…	/ˌizbukˈni/
9331	atu	trump	/ˈatu/
9332	heliu	helium	/ˈhelju/
9333	prințesă	princess	/printˈsesə/
9334	somnoros	sleepy, drowsy	/som.noˈros/
9335	colabora	to collaborate	/ko.la.boˈra/
9336	muiere	woman	/muˈjere/
9337	tact	tact	/ˈtakt/
9338	ginecolog	gynecologist, gynaecologist	/d͡ʒi.ne.koˈloɡ/
9339	fulg	feather	/fulɡ/
9340	profunzime	depth	/ˌprofunˈzime/
9341	întrebai	to ask	/ˌɨntreˈbaɪ/
9342	împotrivit	opposed	/ˌɨmpotriˈvit/
9343	utilizator	user	/u.ti.li.zaˈtor/
9344	preventiv	preventive	/ˌprevenˈtiv/
9345	schizofrenie	schizophrenia	[skizofreˈnie]
9346	săltat	jumped	/səlˈtat/
9347	plasture	band-aid	/plasˈtuɾe/
9348	pere	pear	/ˈpeɾe/
9349	criptare	encryption	/kripˈtaɾe/
9350	bora	to vomit	[boˈra]
9351	l-ați	contraction of îl and ați	[lat͡sʲ]
9352	întrevedere	meeting	/ˌɨntreveˈdeɾe/
9353	intenționat	intentional	/ˌintentsjoˈnat/
9354	tramvai	tram, streetcar	/tramˈvaj/
9355	colibri	hummingbird	/ko.liˈbri/
9356	calcula	to calculate	/kal.kuˈla/
9357	caiet	notebook, exercise book	/kaɪˈet/
9358	sportivă	athletic	/sporˈtivə/
9359	secetă	drought	/ˈset͡ʃe.tə/
9360	justificat	justified	[ʒustifiˈkat]
9361	beneficiu	benefit	/ˌbeneˈfitʃiʊ/
9362	lupului	wolf	/ˈlupuluɪ/
9363	haotic	chaotic	[haˈo.tik]
9364	redeschis	reopened	/redesˈkis/
9365	pufos	fluffy	/puˈfos/
9366	zumzet	hum	/zumˈzet/
9367	omoruri	murder	/ˌomoˈɾurʲ/
9368	drastic	drastic	/ˈdrastik/
9369	ultimatum	ultimatum	/ˌultimaˈtum/
9370	tumoră	alternative form of tumoare	/tuˈmoɾə/
9371	de-am	contraction of de + am	/de̯am/
9372	tranzit	transit	/tranˈzit/
9373	pupe	to kiss	[ˈpupe]
9374	tortureze	to torture	[tor.tuˈreze]
9375	tavernă	tavern	/taˈvernə/
9376	atroce	atrocious	[aˈtro.t͡ʃe]
9377	magistrat	magistrate	/ˌmadʒisˈtrat/
9378	măduvă	marrow	/məˈduvə/
9379	înveseli	to cheer up	/ɨn.ve.seˈli/
9380	pasiv	passive	/paˈsiv/
9381	integral	integral	/in.teˈɡral/
9382	întristat	saddened	[ɨn.triˈstat]
9383	stropit	wet	/stroˈpit/
9384	op	work, writing	/ˈop/
9385	crape	to crack	[ˈkrape]
9386	prefect	prefect	/preˈfekt/
9387	atlas	atlas	/aˈtlas/
9388	deportat	deportee	/ˌdeporˈtat/
9389	canalie	scoundrel	/kaˈnalje/
9390	binevoitor	benevolent	/ˌbineˌvoiˈtor/
9391	balsam	unction, balm, salve, unguent	/bal.ˈsam/
9392	însemnătate	importantness, importance, magnitude, gravity, seriousness	/ɨnsemnəˈtate/
9393	democratic	democratic	[de.moˈkra.tik]
9394	moleculară	molecular	/ˌmolekuˈlaɾə/
9395	balustradă	balustrade	/ˌbalusˈtradə/
9396	interna	to intern	/inˈterna/
9397	mineri	to work as a miner	/ˈmineɾʲˌʲ/
9398	oblige	to oblige	[oˈblid͡ʒe]
9399	crevete	shrimp	/kreˈve.te/
9400	conserva	to preserve	/konˈserva/
9401	leader	obsolete form of lider	/leaˈder/
9402	apos	watery, aqueous	/aˈpos/
9403	pianist	pianist	[pi.aˈnist]
9404	înscriere	matriculation	/ɨnsˈkrieˌɾe/
9405	spanac	spinach	/spaˈnak/
9406	penitenciar	penitentiary	/ˌpenitentˈʃjar/
9407	separe	to separate	[seˈpare]
9408	înșine	ourselves	/ɨnˈʃine/
9409	tâmplar	carpenter	/tɨmˈplar/
9410	biblic	scriptural	/ˈbiblik/
9411	cadavrelor	corpse	[kaˈdavrelor]
9412	abonament	subscription	/ˌabonaˈment/
9413	pilotez	to pilot	[pi.loˈtez]
9414	piața	market	/ˈpjatsa/
9415	furam	to steal	[fuˈram]
9416	învelit	wrapped, covered	/ˌɨnveˈlit/
9417	visător	dreamer	[visəˈtor]
9418	sărman	poor, wretched, unfortunate	/sərˈman/
9419	stima	to esteem, respect, value, reverence, have a high opinion…	/stiˈma/
9420	repetam	to repeat	[repeˈtam]
9421	leoarcă	dripping wet, very wet, soaking	/ˈle̯o̯ar.kə/
9422	călău	executioner	/kəˈləʊ/
9423	torturează	to torture	[tor.tuˈre̯azə]
9424	mortului	dead body, corpse	/ˈmortuluɪ/
9425	fraternitate	fraternity; brotherhood	/fra.ter.niˈta.te/
9426	afemeiat	lewd, lecherous	/a.fe.meˈjat/
9427	dornică	eager	/dorˈnikə/
9428	observare	observation	/ˌobserˈvaɾe/
9429	chimist	chemist	/kiˈmist/
9430	invocat	invoked	/ˌinvoˈkat/
9431	într-atât	that, so	/ɨn.traˈtɨt/
9432	asociată	associated	/ˌasotˈʃjatə/
9433	paradisului	paradise	/ˌpaɾaˈdisuluɪ/
9434	hindi	Hindi	/ˈhindʲʲ/
9435	nouălea	ninth	/ˈno.wə.le̯a/
9436	tăcea	to be silent, say nothing	/təˈt͡ʃa/
9437	facilitate	facility	[fatʃiliˈtate]
9438	șurub	screw	/ʃuˈɾub/
9439	hipnotizat	hypnotized	/ˌhipnotiˈzat/
9440	legământ	pledge, promise, agreement, bond, covenant, oath, vow	[le.ɡəˈmɨnt]
9441	te-aș	contraction of te + aș	/te̯aʃ/
9442	modestie	modesty	/moˈdestje/
9443	cultivat	cultivated	/ˌkultiˈvat/
9444	impresar	impresario	/ˌimpreˈsar/
9445	decăzut	decayed, fallen	/ˌdekəˈzut/
9446	poligraf	polygraph	/ˌpoliˈɡraf/
9447	manuscris	manuscript	/ˌmanusˈkris/
9448	unghiuri	angle	/uŋˈɡiʊrʲ/
9449	credibilitate	credibility	/ˌkrediˌbiliˈtate/
9450	senzor	sensor	/ˈsenzor/
9451	învinuit	accused	/ˌɨnviˈnwit/
9452	plastică	plastic	/plasˈtikə/
9453	sarcasm	sarcasm	/sarˈkasm/
9454	resuscitare	resuscitation	/reˌsustʃiˈtaɾe/
9455	pipă	pipe	/ˈpipə/
9456	lucid	lucid, clear-sighted	/luˈt͡ʃid/
9457	repezit	rash	/repeˈzit/
9458	înfloresc	to flower, bloom	/ˌɨnfloˈɾesk/
9459	auz	hearing	/aˈuz/
9460	soțului	husband	/ˈsotsuluɪ/
9461	procesa	to process	/pro.t͡ʃeˈsa/
9462	calomnie	slander	/kaˈlomnje/
9463	prepara	to prepare	/ˌprepaˈɾa/
9464	trecător	transient	/ˌtre.kəˈtor/
9465	ursului	bear	/ˈursuluɪ/
9466	integra	to integrate	/in.teˈɡra/
9467	lămâi	lemon tree	/ləˈmɨj/
9468	funcționeze	to function	[funk.t͡si.oˈneze]
9469	plutoniu	plutonium	/pluˈtoniʊ/
9470	îngădui	to allow	/ˌɨŋɡəˈduɪ/
9471	lebădă	swan	[ˈlebədə]
9472	vegeta	to vegetate	/vedˈʒeta/
9473	recunoaște	to recognize	/re.kuˈno̯a.ʃte/
9474	cazarmă	barrack	/kaˈzarmə/
9475	cabaret	cabaret	/ˌkabaˈɾet/
9476	cheag	clot	/ˈkeaɡ/
9477	înjunghia	to stab	/ɨnˈʒuŋɡja/
9478	faze	phase	[ˈfaze]
9479	atrase	third-person singular simple perfect indicative of atrage	[aˈtrase]
9480	bombardier	bomber	/bom.bar.diˈer/
9481	îngâmfat	proud, arrogant, haughty	/ˌɨŋ.ɡɨmˈfat/
9482	pilotezi	to pilot	[pi.loˈtezʲ]
9483	comutator	switch	/ˌkomutaˈtor/
9484	sperai	to hope	[speˈraj]
9485	nazistă	Nazi	/naˈzistə/
9486	duet	duet	/ˈdwet/
9487	empatie	empathy	/emˈpatje/
9488	radiografia	to X-ray	/ˌradjoɡraˈfia/
9489	spor	increase	[spor]
9490	zmeu	evil giant in Romanian folk stories	/ˈzmeu/
9491	dorind	to want, to wish	/doˈɾind/
9492	patinaj	ice skating	/pa.tiˈnaʒ/
9493	familist	family man	/ˌfamiˈlist/
9494	solicitare	request	/ˌsolitʃiˈtaɾe/
9495	mileniu	millennium	/miˈle.nju/
9496	adăposturi	shelter	/ˌadəposˈturʲ/
9497	vizuină	burrow, den, lair, warren	/viˈzwinə/
9498	mântuire	saving	/mɨnˈtwiɾe/
9499	vizionar	visionary	/ˌvizjoˈnar/
9500	gătim	to cook	/ɡəˈtim/
9501	guvernare	governance	/ˌɡuverˈnaɾe/
9502	acceptare	acceptance	/ˌaktʃepˈtaɾe/
9503	tr	obsolete form of ptru	/ˌteˈre/
9504	declin	decline, waning	/deˈklin/
9505	hamster	hamster	/ˈham.ster/
9506	visului	dream; vision	[ˈvi.su.luj]
9507	criminala	definite nominative/accusative singular of criminală	/ˌkrimiˈnala/
9508	locație	renting, leasing	/loˈkat͡si.e/
9509	intercepta	to intercept	/ˌintertˈʃepta/
9510	soprano	alternative form of sopran	/soˈprano/
9511	insulină	insulin	/ˌinsuˈlinə/
9512	nesemnificativ	insignificant	/ˌnesemˌnifikaˈtiv/
9513	miniatură	miniature	/ˌminjaˈtuɾə/
9514	jurăminte	oath, vow	/ʒurəˈminte/
9515	reuni	to reunite	/reˈunʲʲ/
9516	bâlci	fair	/bɨlt͡ʃʲ/
9517	nămol	mud	/nəˈmol/
9518	explicație	explanation	[eks.pliˈka.t͡si.e]
9519	halo	halo	/ˈhalo/
9520	locurilor	place, location	/loˈkurilor/
9521	șansele	chance	/ʃanˈsele/
9522	puma	puma	/ˈpuma/
9523	produci	to produce	[proˈdut͡ʃʲ]
9524	îmbătrâni	to age	/ɨm.bə.trɨ.ˈni/
9525	terminasem	to finish, complete	[termiˈnasem]
9526	penisuri	plural of penis penises	[ˈpe.ni.surʲ]
9527	mulțumit	satisfied	[mult͡suˈmit]
9528	cinat	to dine, sup, have dinner	/tʃiˈnat/
9529	seduci	to seduce	[seˈdut͡ʃʲ]
9530	acumulat	accumulated	[akumuˈlat]
9531	usca	to dry	/ˈuska/
9532	timbru	stamp, postage stamp	/ˈtimbru/
9533	donez	to donate	[doˈnez]
9534	compun	to compose, to form	/komˈpun/
9535	masturbezi	to masturbate	[mas.turˈbezʲ]
9536	coiot	coyote	[koˈjot]
9537	indigestie	indigestion	/ˌindidˈʒestje/
9538	stinse	third-person singular simple perfect indicative of stinge	[ˈstinse]
9539	servire	service	/serˈviɾe/
9540	caprele	goat	/kaˈprele/
9541	concediere	dismissal	/ˌkontʃeˈdjeɾe/
9542	bacterie	bacterium	/bakˈteɾje/
9543	cusur	flaw, blemish, defect	/kuˈsur/
9544	pleda	to plead	/ˈpleda/
9545	contesta	to contest, to challenge	/konˈtesta/
9546	curăța	to clean	/ku.rəˈt͡sa/
9547	miner	miner	/miˈner/
9548	anunț	announcement	/aˈnunts/
9549	eclipsa	to eclipse	/eˈklipsa/
9550	bufon	a fool; a type of comic, similar to a court jester	/buˈfon/
9551	pelerinaj	pilgrimage	/ˌpeleɾiˈnaʒ/
9552	imigrant	immigrant	/ˌimiˈɡrant/
9553	ocolit	making a detour, going around	/ˌokoˈlit/
9554	sfidare	defiance	/sfiˈdaɾe/
9555	neîncetat	ceaseless	/ˌneɨntʃeˈtat/
9556	călărie	riding	/ˌkələˈɾie/
9557	considere	to consider	[konˈsidere]
9558	pornind	to start; to set into motion; to put into action	[porˈnind]
9559	navigare	navigation	/ˌnaviˈɡaɾe/
9560	cupe	goblet, bowl, dish	[ˈkupe]
9561	conversații	conversation, chat, discourse	/ˌkonverˈsatsiɪ/
9562	inamică	enemy, foe	/ˌinaˈmikə/
9563	săteni	villager	/səˈtenʲʲ/
9564	bu	sound made by an ox	/ˈbu/
9565	englezoaică	an English man; Englishman	/ˌeŋɡleˈzɔajkə/
9566	subțire	thin, slender, slim	/subˈt͡si.re/
9567	excremente	excrement, feces	/ˌekskreˈmente/
9568	imprimantă	printer	/ˌimpriˈmantə/
9569	văduv	widowed, sole	/ˈvə.duv/
9570	rutherford	rutherford	/ˌrutherˈford/
9571	inadecvat	inadequate	/ˌinadekˈvat/
9572	câștig	gain	[kɨˈʃtiɡ]
9573	static	static	/ˈstatik/
9574	clădit	built	[kləˈdit]
9575	recăsătorit	remarried	/reˌkəsətoˈɾit/
9576	apocalipsă	alternative form of apocalips	/ˌapokaˈlipsə/
9577	interpret	interpreter	/ˌinterˈpret/
9578	gladiator	gladiator	/ˌɡladjaˈtor/
9579	transpira	to sweat, perspire	/transˈpiɾa/
9580	înșiși	themselves	/ɨnˈʃiʃʲʲ/
9581	urm	flowering ash, manna ash	/ˈurm/
9582	turtă	cake, flatcake	/ˈturtə/
9583	mâncăruri	food	/ˌmɨnkəˈɾurʲ/
9584	călugărul	monk, friar	/ˌkəluˈɡərul/
9585	indiancă	Native American	/inˈdjankə/
9586	snob	snobbish	/ˈsnob/
9587	malarie	malaria	/maˈlaɾje/
9588	plesnit	strike, spank	/plesˈnit/
9589	reduci	to reduce, to lessen	[reˈdut͡ʃʲ]
9590	cucui	bump, swelling	/kuˈkuɪ/
9591	delegat	delegate	/ˌdeleˈɡat/
9592	engleze	English	/eŋˈɡleze/
9593	frați	brother	[frat͡sʲ]
9594	coșmar	nightmare	[koʃˈmaɾ]
9595	vorbitoare	speaker, orator	/ˌvorbiˈtɔaɾe/
9596	accesoriu	accessory	/ˌaktʃeˈsoɾiʊ/
9597	vată	wadding	/ˈva.tə/
9598	prăbușit	crashed, fallen	/ˌprəbuˈʃit/
9599	discount	discount	/disˈkoʊnt/
9600	impozit	tax	/ˌimpoˈzit/
9601	vomite	to vomit	[voˈmite]
9602	contabile	accountable	/konˈtabile/
9603	uitare	oblivion	/uɪˈtaɾe/
9604	meritai	to deserve, to merit	[meriˈtaj]
9605	roșii	red	/ˈroʃiɪ/
9606	concepe	to conceive, imagine	/konˈt͡ʃe.pe/
9607	pisa	to pound, pummel	/ˈpisa/
9608	labă	palm	[ˈla.bə]
9609	refera	alternative form of referi	/reˈfeɾa/
9610	boabele	a type of bean, field bean, horse bean, broad bean	/bɔaˈbele/
9611	depista	to track down	/ˌdepisˈta/
9612	caplan	a turban made from a tiger pelt worn by Ottoman soldiers	/kaˈplan/
9613	cooperat	to cooperate	[ko.opeˈrat]
9614	venă	vein	/ˈve.nə/
9615	bucla	to loop	/ˈbukla/
9616	distinge	to distinguish, discern, perceive	/disˈtin.d͡ʒe/
9617	fiscal	fiscal	/fisˈkal/
9618	achita	to pay off	/a.kiˈta/
9619	pubertate	puberty	/puberˈtate/
9620	săptămânile	week	/ˌsəptəmɨˈnʲile/
9621	dezgustat	disgusted	/ˌdezɡusˈtat/
9622	baghetă	rod	/baˈɡetə/
9623	urlat	screaming	/urˈlat/
9624	marcaj	mark	/marˈkaʒ/
9625	zâmbete	smile	/ˈzɨmbeˌte/
9626	cupon	coupon	/kuˈpon/
9627	paravan	screen	/ˌpaɾaˈvan/
9628	contrast	contrast	/konˈtrast/
9629	geografie	geography	/d͡ʒe.o.ɡraˈfi.e/
9630	adineaori	alternative form of adineauri	/ˌadineaˈoɾʲʲ/
9631	bifat	checkmarked	/biˈfat/
9632	domestică	domestic	/ˌdomesˈtikə/
9633	amuza	to amuse, entertain	/a.muˈza/
9634	avanpost	outpost	/ˌavanˈpost/
9635	rasism	racism	/raˈsism/
9636	funcționat	to function	[funk.t͡si.oˈnat]
9637	pripit	hasty	/priˈpit/
9638	lichidă	liquid	[liˈki.də]
9639	tipărit	printed	/ˌtipəˈɾit/
9640	electrician	electrician	/e.lek.tri.t͡ʃiˈan/
9641	stafie	ghost, phantom, apparition, spectre, spook, shadow, shade,…	/ˈstafje/
9642	pal	pale	/ˈpal/
9643	chifle	bread roll, bun	[ˈkifle]
9644	forum	forum	/foˈɾum/
9645	votcă	vodka	[ˈvotkə]
9646	străbate	to pass through go through or over, penetrate, traverse	/strəˈbate/
9647	zdruncinat	shaken	/ˌzdruntʃiˈnat/
9648	dezgust	disgust	[dezˈɡust]
9649	berg	obsolete form of berc	/ˈberɡ/
9650	fiasco	fiasco	/ˈfjasko/
9651	cometă	comet	/koˈmetə/
9652	încinge	to take fire, heat up, flare up, run hot, enkindle	/ɨntˈʃiŋdʒe/
9653	matematic	mathematical	/ma.teˈma.tik/
9654	prăji	to fry	/prəˈʒʲi/
9655	bătrânică	small old lady	/ˌbətrɨˈnikə/
9656	razie	police raid	/ˈrazje/
9657	mania	to handle	/ˈmanja/
9658	mâncător	eater	/ˌmɨnkəˈtor/
9659	nativ	native; innate	/naˈtiv/
9660	conduită	conduct	/konˈdwitə/
9661	strigoi	In Romanian folklore, a spirit that can transform into an…	/striˈɡoj/
9662	elementară	elementary	/ˌelemenˈtaɾə/
9663	vizibilitate	visibility	[vi.zi.bi.liˈta.te]
9664	ceată	group, band, gang, pack, troop, flock	/ˈtʃeatə/
9665	judecătoare	judge	/ˌʒudekəˈtɔaɾe/
9666	arteră	artery	/arˈteɾə/
9667	balerină	ballet dancer	/ba.leˈri.nə/
9668	explorat	explored	/ˌeksploˈɾat/
9669	investi	to invest	/in.vesˈti/
9670	zmeură	raspberries	/ˈzme.u.rə/
9671	drapelul	flag, banner, standard	/draˈpelul/
9672	frângi	obsolete form of frânge	/ˈfrɨŋdʒʲ/
9673	păgân	pagan, heathen	/pəˈɡɨn/
9674	frânghii	rope	/ˈfrɨŋɡiɪ/
9675	înălbitor	bleach, substance used to whiten textiles	/ˌɨnəlbiˈtor/
9676	vorbiți	to speak	[vorˈbit͡sʲ]
9677	arcă	ark	/ˈarkə/
9678	chilipir	steal, bargain, lucky or chance purchase/bargain	/ˌkiliˈpir/
9679	felului	sort, type, kind	/ˈfeluluɪ/
9680	ecografie	echography	/ˌekoɡraˈfie/
9681	aman	have mercy!	/aˈman/
9682	imprimare	printing	/ˌimpriˈmaɾe/
9683	linguri	spoon	[ˈliŋɡurʲ]
9684	pomi	fruit tree	/ˈpomʲʲ/
9685	plângăcios	whiner	/ˌplɨŋɡətˈʃos/
9686	grădinărit	gardening	/ˌɡrədinəˈɾit/
9687	învoială	agreement	/ˌɨnvoˈjalə/
9688	fierăstrău	alternative form of ferăstrău	/ˌfjeɾəsˈtrəʊ/
9689	măgari	donkey, ass	/məˈɡaɾʲʲ/
9690	încăpea	to fit	/ɨn.kəˈpe̯a/
9691	îmbăta	to intoxicate	[ɨm.bəˈta]
9692	vortex	vortex	/ˈvor.teks/
9693	marți	Tuesday	/ˈmart͡sʲ/
9694	exploatat	exploited	/ˌeksplɔaˈtat/
9695	trapă	hatch	/ˈtrapə/
9696	adoptiv	adoptive	/ˌadopˈtiv/
9697	clauză	clause	/klaˈuzə/
9698	ananghie	trouble, straits	/aˈnan.ɡi.e/
9699	pușcă	rifle, gun	/ˈpuʃkə/
9700	tar	unit of measurement for weights	/ˈtar/
9701	dispecerat	dispatcher	/ˌdispetʃeˈɾat/
9702	autobuzele	bus	/ˌaʊtobuˈzele/
9703	parcuri	park; garden; terrace	/parˈkurʲ/
9704	lobby	lobby	/ˈlobi/
9705	neatent	careless, without paying attention	/neaˈtent/
9706	popularitate	popularity	[po.pu.la.riˈta.te]
9707	ranch	ranch	/ˈrank/
9708	prăjiturică	a sweet baked good, usually a dessert	/ˌprəʒituˈɾikə/
9709	cruciadă	crusade	/kruˈt͡ʃa.də/
9710	adeverit	confirmed	/ˌadeveˈɾit/
9711	murmur	a murmur	[ˈmurmur]
9712	cordon	belt	/korˈdon/
9713	îndurerat	grieved	/ˌɨnduɾeˈɾat/
9714	ideii	idea	/iˈdeiɪ/
9715	urli	to yell, roar, howl, bawl	[urlʲ]
9716	violență	violence	/vjoˈlentsə/
9717	dublură	stand-in	/duˈbluɾə/
9718	nani	sound used to lull babies to sleep, in a lullaby	/ˈnanʲʲ/
9719	reprograma	to reprogram	/re.pro.ɡraˈma/
9720	imprimat	print	[impriˈmat]
9721	zâmbitoare	smiling	/zɨm.bi.ˈto̯a.re/
9722	scriere	writing	/ˈskrieˌɾe/
9723	sh	secondhand	/ˌseˈhaʃ/
9724	bust	bust	/ˈbust/
9725	cucerire	conquest	/ˌkutʃeˈɾiɾe/
9726	translator	translator	/transˈla.tor/
9727	erotice	erotic	[eˈrotit͡ʃe]
9728	vibrator	dildo	/ˌvibraˈtor/
9729	arzător	ardently, passionately	/ˌarzəˈtor/
9730	interpolul	Interpol	/ˌinterˈpolul/
9731	cac	to defecate, shit	/ˈkak/
9732	olimpiadă	olympiad	/ˌolimˈpjadə/
9733	puilor	chicken	/ˈpuɪlor/
9734	stereo	stereo	/ˈsteɾeo/
9735	debarcat	landed	/ˌdebarˈkat/
9736	abuziv	abusive	/ˌabuˈziv/
9737	spectru	specter	[ˈspek.tru]
9738	stresa	to stress	/ˈstresa/
9739	herald	deputy in charge of various tasks in medieval courts	/heˈɾald/
9740	colet	parcel	/koˈlet/
9741	cetate	citadel, fortress	/t͡ʃeˈta.te/
9742	acceptam	to accept	[akt͡ʃepˈtam]
9743	revizuit	revised	/reviˈzwit/
9744	smecher	obsolete form of șmecher	/smeˈker/
9745	twist	twist	/ˈtwist/
9746	mândra	definite nominative/accusative singular of mândră	/ˈmɨndra/
9747	narcisist	narcissistic	/ˌnartʃiˈsist/
9748	alcătuit	composite	/ˌalkəˈtwit/
9749	înghețată	ice cream	[ɨŋ.ɡe.ˈtsa.tə]
9750	prietenelor	friend	/priˈe.te.ne.lor/
9751	suveran	sovereign	[su.veˈɾan]
9752	nebunilor	madman	/ˌnebuˈnʲilor/
9753	comuna	commune	[koˈmuna]
9754	med	Mede	/ˈmed/
9755	cuceritor	conqueror, victor	/ku.t͡ʃe.riˈtor/
9756	fugară	fugitive, runaway	/fuˈɡaɾə/
9757	cocină	pigsty	/ˈkotʃiˌnə/
9758	bretele	indefinite plural	/breˈte.le/
9759	consulat	consulate	/ˌkonsuˈlat/
9760	consideram	to consider	[konsideˈram]
9761	prăpădit	puny	/ˌprəpəˈdit/
9762	optsprezece	eighteen	/ˈopt.spreˌze.t͡ʃe/
9763	temei	grounds, basis	/teˈmej/
9764	testosteron	testosterone	[tes.to.steˈron]
9765	epilepsie	epilepsy	/ˌepiˈlepsje/
9766	legendar	legendary	/ˌle.d͡ʒenˈdar/
9767	pornite	turned on	[porˈnite]
9768	umila	obsolete form of umili	/uˈmila/
9769	pătrund	to penetrate, permeate, pervade	/pəˈtrund/
9770	împacheta	to pack, to wrap	/ɨm.pa.keˈta/
9771	gâsca	goose	/ˈɡɨska/
9772	cibernetic	cybernetic	/ˌtʃiberˈnetik/
9773	literal	literal	/ˌliteˈɾal/
9774	petale	petal	/peˈtale/
9775	trufe	truffle	/ˈtrufe/
9776	indirect	indirect	/ˌindiˈɾekt/
9777	nerezolvat	unsolved	/ˌneɾezolˈvat/
9778	coc	type of feminine hairstyle with the hair tied and looped at…	/kok/
9779	defini	to define	/ˌdefiˈnʲi/
9780	bolovan	boulder, large stone or rock, mass of stone	/ˌboloˈvan/
9781	restrânge	to restrict, restrain, limit	/resˈtrɨŋdʒe/
9782	rostogolit	rolled	/ˌrostoɡoˈlit/
9783	retorică	rhetoric, oratory	/reˈto.ri.kə/
9784	spaima	fear, terror, fright, horror, dread	/ˈspaɪma/
9785	băcănie	grocery	/ˌbəkəˈnie/
9786	panglică	ribbon, tape	/paŋˈɡlikə/
9787	unealta	tool, instrument	/uˈnealta/
9788	chirurgii	surgeon	/kiˈrur.d͡ʒij/
9789	scânteia	to sparkle, glimmer, shimmer, scintillate	/skɨnˈteja/
9790	urale	cheers	/uˈɾale/
9791	folk	folk music	/ˈfolk/
9792	unificare	unification	/ˌunifiˈkaɾe/
9793	ceramică	ceramics	/ˌtʃeɾaˈmikə/
9794	numaidecât	immediately	/ˌnumaɪdeˈkɨt/
9795	hernie	hernia	/ˈhernje/
9796	dezlegat	untied	/ˌdezleˈɡat/
9797	gândind	to think	[ɡɨnˈdind]
9798	castravete	cucumber	/kastraˈvete/
9799	însăși	herself	/ˈɨnsəʃʲˌʲ/
9800	cârmă	helm	/ˈkɨrmə/
9801	tenta	to tempt	/tenˈta/
9802	însemn	insignia	/ɨnˈsemn/
9803	sufletească	spiritual; of or relating to the spirit	[sufleˈte̯as.kə]
9804	participare	participation	/ˌpartitʃiˈpaɾe/
9805	occident	west, Occident	/ok.t͡ʃiˈdent/
9806	armăsarul	stud	/arməˈsarul/
9807	înlătura	to remove	/ˌɨnləˈtuɾa/
9808	pieptene	comb	/pjepˈtene/
9809	încrederii	trust, faith	/ɨnˈkre.de.rij/
9810	moaca	club, cudgel	/ˈmɔaka/
9811	învia	to resurrect, revive, raise or awaken from the dead	/ˈɨnvja/
9812	pajură	eagle, especially the golden eagle	[ˈpaʒurə]
9813	mala	trowel	/ˈmala/
9814	dolarul	dollar	/doˈlarul/
9815	succesiune	succession	/ˌsuktʃeˈsjune/
9816	gal	Gaul	/ˈɡal/
9817	detonat	to detonate	[detoˈnat]
9818	lături	dirty water	/ləˈturʲ/
9819	venisem	to come	[veˈnisem]
9820	reper	anchor, benchmark	/reˈper/
9821	gravat	engraved	/ɡraˈvat/
9822	stabilire	establishment	/ˌstabiˈliɾe/
9823	sms-uri	SMS; text message	/ˌseˌmeˈseˈurʲ/
9824	metaforic	metaphorical	/ˌmetaˈfoɾik/
9825	insomnie	insomnia	/inˈsomnje/
9826	bizon	American bison	/biˈzon/
9827	documentare	documentation	/ˌdokumenˈtaɾe/
9828	flutura	to flutter, float, flit	/fluˈtuɾa/
9829	vapori	steam	/vaˈpoɾʲʲ/
9830	manifestare	manifestation	/ˌmanifesˈtaɾe/
9831	violoncel	cello	/ˌvjolontˈʃel/
9832	retro	retro	/reˈtro/
9833	smash	alternative form of smeș	/ˈsmaʃ/
9834	sanguină	blood	/saŋˈɡwinə/
9835	pasaport	obsolete form of pașaport	/ˌpasaˈport/
9836	eroule	hero	/ˌeɾoˈule/
9837	compune	to compose, to form	/komˈpune/
9838	mesajului	message	/meˈsaʒuluɪ/
9839	hranei	food	/ˈhraneɪ/
9840	alfabetul	alphabet	/alfaˈbetul/
9841	războinică	warrior	/ˌrəzboiˈnikə/
9842	penetrare	penetration	/ˌpeneˈtraɾe/
9843	statal	state, government	/staˈtal/
9844	relicvă	relic	/reˈlikvə/
9845	scuturat	shaken	/ˌskutuˈɾat/
9846	continente	continent	[kontiˈnente]
9847	transparent	transparent	/ˌtran.spaˈrent/
9848	eroism	heroism	/ˌeɾoˈism/
9849	sincronizat	synchronized	/ˌsinkroniˈzat/
9850	justificare	justification; act of justifying	/ˌʒustifiˈkaɾe/
9851	burlaci	bachelor	/burˈlatʃʲ/
9852	abandon	abandonment	/abanˈdon/
9853	adeseori	often	/aˈde.se.orʲ/
9854	secretos	secretive	/ˌsekreˈtos/
9855	datoram	to owe	[datoˈram]
9856	catedrală	cathedral	/ˌkateˈdralə/
9857	egala	to equal	/eˈɡala/
9858	douăsprezece	twelve	/ˈdo.wə.spreˌze.t͡ʃe/
9859	formez	to form; to create; to make	[forˈmez]
9860	grecesc	Greek	/ɡreˈt͡ʃesk/
9861	sabat	Sabbath	/saˈbat/
9862	turistic	of or relating to tourists; tourist, touristic	/tuˈris.tik/
9863	potolit	calm	/ˌpotoˈlit/
9864	scoică	shell	/ˈskoj.kə/
9865	pediatru	pediatrician, paediatrician	/pe.diˈa.tru/
9866	uzină	plant	/uˈzi.nə/
9867	sistematic	systematic	/ˌsisteˈmatik/
9868	atletic	athletic	/aˈtletik/
9869	limitează	to limit	[li.miˈte̯a.zə]
9870	deținut	detainee	/ˌdetsiˈnut/
9871	bărbătesc	manly, masculine	/bər.bəˈtesk/
9872	mas	putting up for the night, spending the night	/ˈmas/
9873	premeditat	premeditated	/ˌpremediˈtat/
9874	averi	assets	[aˈverʲ]
9875	muzee	museum	/muˈzee/
9876	răci	to cool	/rəˈt͡ʃi/
9877	ambalare	wrapping, packaging	/am.baˈla.re/
9878	iapa	mare	/ˈjapa/
9879	scrabble	scrabble	/ˈskrable/
9880	dinamic	dynamically	/diˈna.mik/
9881	blindat	armored	/blinˈdat/
9882	steril	sterile	/steˈɾil/
9883	sînge	Formerly standard spelling of sânge which was introduced in…	/ˈsɨŋdʒe/
9884	fondator	founder	/ˌfon.daˈtor/
9885	inspire	to breathe in	[inˈspire]
9886	determinare	determination	/ˌdetermiˈnaɾe/
9887	evacua	to evacuate	/eˈvakwa/
9888	oprești	to stop the movement of something	[oˈpreʃtʲ]
9889	productiv	productive	/ˌprodukˈtiv/
9890	paradox	paradox	[paraˈdoks]
9891	victorios	victorious	/ˌvik.to.riˈos/
9892	sângerând	bleeding	[sɨn.d͡ʒeˈrɨnd]
9893	pseudonim	pseudonym	/ˌpseudoˈnim/
9894	abuzuri	abuse	/ˌabuˈzurʲ/
9895	sanitar	sanitary	/ˌsaniˈtar/
9896	terorizat	terrorised	/ˌteɾoɾiˈzat/
9897	stimulează	to stimulate	[sti.muˈle̯azə]
9898	ghimpe	thorn	/ˈɡimpe/
9899	optică	optics	/opˈtikə/
9900	goană	race	/ˈɡɔanə/
9901	palmier	palm tree	/palˈmjer/
9902	origini	origin	/ˌoɾidˈʒinʲʲ/
9903	torpila	to undermine	/torˈpila/
9904	agit	to agitate	[aˈd͡ʒit]
9905	dezlega	to untie, unbind, loose, unloosen, unfasten	/deˈzleɡa/
9906	brice	razor	[ˈbrit͡ʃe]
9907	radiologie	radiology	/ˌradjolodˈʒie/
9908	compensare	compensation	/ˌkompenˈsaɾe/
9909	buda	to express dissatisfaction by displaying an indifferent or…	/buˈda/
9910	kelvin	a kelvin	/kelˈvin/
9911	viperă	viper	/ˈviperə/
9912	lipseau	to deprive	[lipˈse̯aw]
9913	paragraf	paragraph	/pa.raˈɡraf/
9914	vertical	vertical	/vertiˈkal/
9915	dorește	to want, to wish	/doˈɾeʃte/
9916	smoching	dinner jacket	/ˈsmokiŋɡ/
9917	haosului	chaos	/haˈosuluɪ/
9918	nătărău	fool	/nə.təˈrəw/
9919	porto	port wine	/ˈporto/
9920	pier	to perish, die	/ˈpjer/
9921	răsări	to rise, arise, spring, sprout	/rəsəˈri/
9922	hipnoză	hypnosis	/hipˈno.zə/
9923	ofensă	offence, insult	/oˈfensə/
9924	clement	clement	/kleˈment/
9925	lingouri	ingot	/linˈɡo.urʲ/
9926	ostilitate	hostility	/ˌostiliˈtate/
9927	altruist	altruistic	/altrˈwist/
9928	iluminare	illumination	/ˌilumiˈnaɾe/
9929	căciulă	a fur cap	/kəˈt͡ʃʲulə/
9930	disconfort	discomfort	/ˌdiskonˈfort/
9931	aplauda	to applaud, clap	/ˌaplaˈuda/
9932	modelat	modeled	/ˌmodeˈlat/
9933	atomic	atomic	/aˈtomik/
9934	pensionar	pensioner, retiree	/ˌpensjoˈnar/
9935	slogan	slogan	/sloˈɡan/
9936	frizerie	barber's	/friˈzeɾje/
9937	anatomie	anatomy	[anatoˈmie]
9938	scuter	motor scooter	/skuˈter/
9939	receptor	receiving	/retʃepˈtor/
9940	curățat	cleaning, purging, purification	/ku.rəˈt͡sat/
9941	talpa	sole of the foot	/ˈtalpa/
9942	vama	customs duty; customs house	/ˈvama/
9943	pilotaj	pilotage	/ˌpiloˈtaʒ/
9944	lupilor	wolf	/luˈpʲilor/
9945	portocală	orange	[por.toˈka.lə]
9946	preaviz	notice	/preaˈviz/
9947	legiune	legion	/ledˈʒjune/
9948	fermoar	zipper	/ferˈmɔar/
9949	extinsă	extended	/eksˈtinsə/
9950	localizez	to locate	/ˌlokaliˈzez/
9951	flamingo	flamingo	/flaˈmin.ɡo/
9952	balamuc	insane asylum, mental hospital	/ˌbalaˈmuk/
9953	nectar	nectar	/nekˈtar/
9954	deodorant	deodorant	/ˌdeodoˈɾant/
9955	pupă	stern of a ship, poop	/ˈpu.pə/
9956	nobila	to ennoble	/ˈnobiˌla/
9957	masturbare	masturbation	/masturˈbarɛ/
9958	fotografi	a photographer	[fotoˈɡrafʲ]
9959	traumatizat	traumatized	/ˌtraʊmatiˈzat/
9960	neînvins	unbeaten	/ˌneɨnˈvins/
9961	prezentator	anchor, host, anchorman, presenter, announcer	/ˌprezentaˈtor/
9962	apărând	to appear, show up, turn up, emerge	/ˌapəˈɾɨnd/
9963	puritate	purity	/ˌpuɾiˈtate/
9964	smarald	emerald	/smaˈɾald/
9965	rezuma	to summarize	/reˈzuma/
9966	testam	to test; to try	[teˈstam]
9967	eclipsă	eclipse	/eˈklip.sə/
9968	mamifer	mammal	/mamiˈfer/
9969	explozivă	plosive	/ˌeksploˈzivə/
9970	viabil	viable	/ˈvjabil/
9971	surfing	surfing	/ˈsurfiŋɡ/
9972	granit	granite	/ɡraˈnit/
9973	axa	to align on an axis	/ˈaksa/
9974	manifesta	to manifest	/ˌmaniˈfesta/
9975	intriga	to intrigue	/ˈintriˌɡa/
9976	nainte	alternative form of înainte	/ˈnaɪnte/
9977	remorcă	trailer	/reˈmorkə/
9978	sprâncene	eyebrow	[sprɨnˈtʃene]
9979	imitator	copycat	/ˌimitaˈtor/
9980	acosta	to dock	/aˈkosta/
9981	ofițeri	officer	/oˈfitseɾʲˌʲ/
9982	sforăi	to snore	/sfo.rəˈi/
9983	șampanie	champagne	/ʃamˈpani.e/
9984	fixare	fixation	/fikˈsaɾe/
9985	componentă	component	/kom.poˈnen.tə/
9986	arheolog	archaeologist, archeologist	/ar.he.oˈloɡ/
9987	băută	booze-up, a party or session with much drinking	/bəˈutə/
9988	ochit	to aim, take aim	/oˈkit/
9989	focă	seal	/ˈfokə/
9990	abrupt	extremely steep, near vertical	/aˈbrupt/
9991	negociator	negotiator	/ˌneɡotʃjaˈtor/
9992	detergent	detergent	/ˌdeterdˈʒent/
9993	yankeu	Yankee	/jaŋˈkeʊ/
9994	glanda	gland	[ˈɡlanda]
9995	intestin	intestine	/in.tesˈtin/
9996	nedemn	undignified, shameful	/neˈdemn/
9997	inculpat	defendant	/ˌinkulˈpat/
9998	amara	to moor	/a.maˈra/
9999	divulga	to disclose	/diˈvulɡa/
10000	scrântit	dislocated, splayed, or sprained	/skrɨnˈtit/
