rank	word	english	ipa
1	da	that	/ˈda/
2	je	of her	/je/
3	ne	not	/ne/
4	se	myself	/se/
5	i	and	/ˈi/
6	u	in, at	/u/
7	to	that, the aforementioned	/tôː/
8	sam	to be, to exist	/ˈsɐm/
9	na	on, at, in	/na/
10	ti	you	/tîː/
11	mi	we	/mîː/
12	za	for	/za/
13	si	to myself	/si/
14	li	question-forming interrogative particle	/li/
15	šta	what	/ʃtâ/
16	što	why	/ʃtô/
17	ja	I	/jâː/
18	ali	but	/âli/
19	sa	alternative form of s; used instead of s when the following…	/ˈsa/
20	su	third-person plural present of bȉti	/ˈsʊ/
21	nije	to be, to exist	/ˈnije/
22	ovo	this, this one	/ǒʋoː/
23	samo	just, only, only just, merely, solely	/sâmo/
24	me	of me	/ˈmɛ/
25	te	of you	/ˈtɛ/
26	od	from, since	/ôd/
27	a	but, and	/a/
28	ga	of him	/ˈɡa/
29	bi	to be, to exist	/ˈbi/
30	kako	how	/kâko/
31	o	on, against	/o/
32	dobro	well	/dǒbro/
33	ako	if	/âko/
34	sve	Intensity amplifier, used exclusively in phrases	/sʋê/
35	smo	to be, to exist	/ˈsmo/
36	kao	as, like	/kâo/
37	će	third-person singular/plural present of htȅti/htjȅti	/ˈtɕɛ/
38	tako	so, like that, in such a way	/tǎkoː/
39	znam	first-person singular present of znȁti	/ˈznam/
40	nisam	to be, to exist	/nǐːsam/
41	mogu	can, to be able to	/ˈmoɡʊ/
42	ste	second-person plural present of bȉti	/ˈstɛ/
43	ovde	here	/ǒːʋde/
44	pa	then	/pa/
45	bio	to be, to exist	/bîo/
46	zašto	why, what for	/zâʃto/
47	s	with, together with, along with	/s/
48	on	he	/ôːn/
49	još	more, another	/jôʂ/
50	nešto	something	/nêʃto/
51	bilo	generalization particle used before another word to express…	/bîlo/
52	redu	row	/ˈrɛdʊ/
53	biti	to be, to exist	/bîti/
54	koji	which, what	/kǒjiː/
55	kad	when	/kâd/
56	vas	of you	/ʋâːs/
57	ću	first-person singular present of htȅti/htjȅti	/ˈtɕu/
58	hvala	praise	/xʋǎːla/
59	iz	from, out of	/îz/
60	mislim	to think	/ˈmislɪm/
61	ima	he has, she has	/ˈimɐ/
62	ili	or	/îli/
63	znaš	second-person singular present of znȁti	/ˈznaʃ/
64	možda	perhaps, maybe	/mǒʒda/
65	ih	of them	/ix/
66	više	over, above	/ʋîʃe/
67	onda	then	/ôndaː/
68	sada	genitive singular of sȃd	/sâda/
69	vam	you	/ˈvam/
70	zar	used in tag questions, to ask for an affirmation to a polar…	/zâr/
71	gde	where	/ɡdê/
72	do	only, except	/dô/
73	bih	first-person singular aorist of bȉti	/ˈbih/
74	treba	girl, chick	/trěːba/
75	moj	my, mine	/môːj/
76	mu	to him	/ˈmu/
77	rekao	to say	/ˈrɛkɐo/
78	bila	to be, to exist	/ˈbɪlɐ/
79	malo	little, few, some	/mâlo/
80	kada	bathtub	/kǎda/
81	nema	mute, dumb	/ˈnɛmɐ/
82	ništa	nothing	/nîʃta/
83	nas	of us	/nâːs/
84	mene	of me, long form	/mêne/
85	ko	who	/kô/
86	ona	she	/ǒna/
87	tebe	of you	/têbe/
88	molim	to ask, request, beg	/ˈmolɪm/
89	sad	now	/sâd/
90	ni	even, either	/ˈni/
91	hajde	let's go	/xǎjde/
92	tamo	there	/tâmo/
93	može	can, to be able to	/moʒe/
94	možeš	can, to be able to	/ˈmoʒɛʃ/
95	imam	to have, possess, own	/ˈimɐm/
96	zbog	because of, due to, owing to	/zbôɡ/
97	vi	you	/ʋîː/
98	nam	to us	/ˈnam/
99	želim	first-person singular present of žèljeti	/ˈʒɛlɪm/
100	tu	here	/ˈtu/
101	hej	hi	/ɦɛj/
102	stvarno	really, truly	/stʋâːrno/
103	jesi	second-person singular present of bȉti	/ˈjesɪ/
104	jer	because, for	/jêr/
105	svi	everyone	/ˈsvi/
106	po	half	/pôː/
107	zato	so, therefore, for that/this reason, ergo	/zǎtoː/
108	baš	at all, truly, really, exactly	/bâʃ/
109	ljudi	people, men	/ʎûːdi/
110	moram	to have to; must	/ˈmôːraːm/
111	koliko	how much, how many	/kolǐko/
112	ćemo	first-person plural present of htȅti/htjȅti	/ˈtɕɛmo/
113	misliš	to think	/ˈmislɪʃ/
114	već	already	/ʋêt͡ɕ/
115	jedan	one	/jědan/
116	idemo	to go, walk	/ˈidɛmo/
117	pre	before, earlier	/prê/
118	ćeš	second-person singular present of htȅti/htjȅti	/ˈtɕɛʃ/
119	nego	than	/nêɡo/
120	koje	which, what	/kǒjeː/
121	dok	while, as long as	/dôk/
122	neće	to wish, want, desire	/nêːt͡ɕeː/
123	uvek	always	/ûʋeːk/
124	bez	without, excluding, not counting	/bêz/
125	naravno	of course	/nǎːraʋno/
126	toga	that, the aforementioned	/tǒːɡa/
127	ono	it	/ǒno/
128	imaš	to have, possess, own	/ˈimɐʃ/
129	mnogo	many, a lot, lots	/m̩nôɡo/
130	joj	to her	/joj/
131	možemo	can, to be able to	/ˈmoʒɛmo/
132	ovaj	this, this one	/ǒʋaːj/
133	neko	someone, somebody	/nêko/
134	oni	they	/ǒni/
135	vreme	time	/ʋrěːme/
136	taj	that, the aforementioned	/tâːj/
137	dana	day	/ˈdanɐ/
138	kod	by, at, near, besides	/kôd/
139	koja	which, what	/kǒjaː/
140	tvoj	your, yours	/tʋôːj/
141	zdravo	healthily	/zdrâʋo/
142	reći	to say	/rêt͡ɕi/
143	posao	job	/pǒsao/
144	nikad	never	/nîkad/
145	žao	sorry	/ʒâo/
146	rekla	to say	/ˈrɛklɐ/
147	bolje	comparative degree of dòbro: in a better or superior manner	/bôʎeː/
148	godina	year	/ɡôdina/
149	imamo	to have, possess, own	/ˈimɐmo/
150	mogao	can, to be able to	/ˈmoɡɐo/
151	put	to, toward	/pûːt/
152	jeste	emphatic yes	/ˈjestɛ/
153	vidim	first-person singular present of videti and vidjeti	/ˈvidɪm/
154	dan	day	/dâːn/
155	mora	sea	/môra/
156	radi	for, because of, for the sake of	/râdi/
157	neću	to wish, want, desire	/něːt͡ɕu/
158	želiš	to wish, desire	/ˈʒɛlɪʃ/
159	nemoj	don't	/ˈnɛmoj/
160	bude	third-person singular present of bȉti	/bûdeː/
161	bili	to be, to exist	/ˈbɪlɪ/
162	kažem	to say, to state	/ˈkaʒɛm/
163	ovdje	here, over here	/ǒːʋdje/
164	radiš	to work	/ˈradɪʃ/
165	meni	to me	/měniː/
166	idem	to go, walk	/ˈidɛm/
167	mama	mom	/mâma/
168	dobar	good	/dôbar/
169	tata	dad, daddy	/tâta/
170	vidi	third-person singular present	/ˈvidɪ/
171	volim	to love	/ˈvolɪm/
172	im	to them	/im/
173	život	life	/ʒǐʋot/
174	kući	home, at home	/kût͡ɕi/
175	reci	river	/ˈrɛtsɪ/
176	svoje	one's own	/ˈsvoje/
177	dva	two	/dʋâː/
178	njega	of him	/ɲêɡa/
179	stvar	thing	/stʋâːr/
180	nisu	to be, to exist	/nǐːsu/
181	vremena	time	/ˈvrɛmɛnɐ/
182	imao	to have, possess, own	/ˈimɐo/
183	evo	look, see, behold	/ˈɛvo/
184	danas	today	/dǎnas/
185	nikada	never	/nîkada/
186	zna	to know	/ˈzna/
187	odmah	right now, immediately	/ôdmaːx/
188	možete	can, to be able to	/ˈmoʒɛtɛ/
189	toliko	that much/many, so much/many, as much/many	/tolǐkoː/
190	neka	let, may	/ˈnɛkɐ/
191	kaže	to say, to state	/ˈkaʒɛ/
192	neki	some	/nêkiː/
193	video	to see	/ˈvidɛo/
194	tri	three	/trîː/
195	tim	team	/ˈtim/
196	tobom	with you	/tôboːm/
197	čak	even	/t͡ʃâk/
198	ime	name	/îme/
199	veoma	very, very much, extremely	/ʋěoma/
200	koju	which, what	/ˈkojʊ/
201	čemu	whereto, whither; to what	/t͡ʃěmu/
202	niko	no one, nobody	/nîko/
203	oko	around, about, roughly, approximately	/ôko/
204	svoju	feminine accusative singular of svȏj	/ˈsvojʊ/
205	žena	woman	/ʒěna/
206	opet	again	/ôpeːt/
207	upravo	exactly, precisely	/upraʋo/
208	svoj	one's own	/ˈsvoj/
209	mnom	me	/mnôːm/
210	jesam	first-person singular present of bȉti	/ˈjesɐm/
211	ide	to go, walk	/ˈidɛ/
212	nismo	to be, to exist	/nǐːsmo/
213	sigurno	certainly	/sîɡuːrno/
214	vidimo	first-person plural present	/ˈvidɪmo/
215	jednom	once, one time	/jědnoːm/
216	radim	to work	/ˈradɪm/
217	god	generalization particle	/ɡôːd/
218	vidiš	second-person singular present of videti and vidjeti	/ˈvidɪʃ/
219	postoji	to be, exist	/ˈpostojɪ/
220	nemam	not to have	/ˈnɛmɐm/
221	gdje	where	/ɡdjê/
222	otac	father	/ǒtat͡s/
223	ta	that, the aforementioned	/tâː/
224	čovek	man, person	/t͡ʃôʋek/
225	tebi	to you	/têbi/
226	puno	much, a lot, lots	/pûno/
227	znao	to know	/ˈznao/
228	lepo	beautifully, nicely	/lêːpo/
229	želi	to wish, desire	/ˈʒɛlɪ/
230	puta	times	/pǔːtaː/
231	godine	year	/ˈɡodɪnɛ/
232	pravu	pure, true, genuine	/ˈpravʊ/
233	jako	very, very much, really	/jâːko/
234	prvi	first	/př̩ʋiː/
235	novac	money	/nǒʋat͡s/
236	dovoljno	enough, sufficiently	/dôʋoːʎno/
237	sutra	tomorrow	/sûtra/
238	dalje	far	/dâʎeː/
239	zajedno	together	/zâjedno/
240	dušo	soul	/ˈduʃo/
241	sebe	myself	/sêbe/
242	drugi	second	/drûɡiː/
243	njih	of them	/ɲîːx/
244	došao	to come, arrive	/ˈdoʃɐo/
245	dosta	enough, sufficiently	/dôsta/
246	problem	problem	/prǒbleːm/
247	imate	to have, possess, own	/ˈimɐtɛ/
248	prema	towards, at	/prêma/
249	ova	feminine nominative singular	/ǒʋaː/
250	odavde	from here	/ôdaːʋde/
251	mesto	instead of	/mêsto/
252	koga	of whom	/kǒɡa/
253	ovamo	hither, this way	/ǒʋaːmo/
254	jedna	one	/ˈjednɐ/
255	vrlo	very, extremely	/ʋr̂lo/
256	drago	to be glad, pleased, delighted	/drâːɡo/
257	način	way, method, approach, manner	/nǎːt͡ʃin/
258	desilo	to happen, occur	/ˈdɛsɪlo/
259	sranje	A very difficult situation, big trouble	/srǎːɲe/
260	budem	to be, to exist	/ˈbudɛm/
261	pomoći	help	/pomǒt͡ɕi/
262	ponovo	repeatedly, once again	/pônoʋo/
263	ma	bah, whatever	/mâ/
264	mogla	can, to be able to	/ˈmoɡlɐ/
265	kroz	through	/krôz/
266	posle	later	/ˈposlɛ/
267	nećeš	to wish, want, desire	/nêːt͡ɕeːʃ/
268	zaista	indeed	/zâista/
269	vrata	neck	/ʋrǎːta/
270	brzo	quickly, rapidly	/br̂ːzo/
271	tko	who	/tkô/
272	njim	him	/ɲîːm/
273	siguran	sure, certain	/sîɡuːran/
274	dođi	to come, arrive	/ˈdodʑɪ/
275	nekoliko	some, several, a few	/nêkoliko/
276	par	pair, couple	/pâːr/
277	noć	night, nighttime	/nôːt͡ɕ/
278	dugo	for a long time	/dûɡo/
279	pod	under, beneath	/pôd/
280	loše	bad, malicious	/ˈloʃɛ/
281	previše	too much / too many	/prêʋiʃeː/
282	naš	our, ours	/nâʃ/
283	večeras	this evening	/ʋet͡ʃěras/
284	trebao	to be needed, to be required	/ˈtrɛbɐo/
285	mog	genitive masculine/neuter	/ˈmoɡ/
286	ovako	in this way, thus, like so	/oʋǎkoː/
287	izvinite	sorry!	/ˈizvɪˌnɪtɛ/
288	vaš	your, yours	/ʋâʃ/
289	ćete	second-person plural present of htȅti/htjȅti	/ˈtɕɛtɛ/
290	gore	up, above	/ɡôre/
291	ovu	this, this one	/ˈovʊ/
292	isto	as well, also, too, likewise	/ˈisto/
293	pravo	straight	/prâʋo/
294	nakon	after	/nǎkon/
295	teško	heavily	/têːʃko/
296	mogli	can, to be able to	/ˈmoɡlɪ/
297	svaki	every, each	/sʋâkiː/
298	nama	to us	/nâma/
299	prvo	that which is the first	/ˈprvo/
300	protiv	against	/prôtiʋ/
301	čuo	to hear	/ˈtʃuo/
302	mali	small	/ˈmalɪ/
303	vama	to you	/ʋâma/
304	prije	before, earlier	/prîje/
305	kasnije	later on, afterwards	/kǎsnijeː/
306	niste	to be, to exist	/nǐːste/
307	minuta	minute	/minǔːta/
308	biće	to be, to exist	/bǐːt͡ɕe/
309	unutra	inside, indoors, in	/ǔnuːtra/
310	pravi	pure, true, genuine	/prâːʋiː/
311	sto	hundred	/stôː/
312	momci	a young man, lad	/ˈmomtsɪ/
313	majka	mother	/mâːjka/
314	ovom	this, this one	/ˈovom/
315	osim	except, besides	/ôsiːm/
316	imala	to have, possess, own	/ˈimɐlɐ/
317	ćao	hi!	/t͡ɕâːo/
318	sviđa	to like, please	/ˈsvidʑɐ/
319	pomoć	help	/pômoːt͡ɕ/
320	ideš	to go, walk	/ˈidɛʃ/
321	dve	two	/dʋêː/
322	mislite	to think	/ˈmislɪtɛ/
323	kuće	house	/ˈkutɕɛ/
324	imaju	to have, possess, own	/ˈimɑjʊ/
325	pusti	to let, let go, release	/ˈpustɪ/
326	preko	over	/prêko/
327	doći	to come, arrive	/dôːt͡ɕi/
328	želite	to wish, desire	/ˈʒɛlɪtɛ/
329	one	they; nonvirile third-person plural pronoun, used for all…	/ǒne/
330	verovatno	probably	/ʋêroʋaːtno/
331	dakle	so, thus, therefore	/dâkleː/
332	istina	truth	/îstina/
333	ljude	people, men	/ˈʎudɛ/
334	kakav	what kind of	/kǎkaːʋ/
335	budeš	to be, to exist	/ˈbudɛʃ/
336	njegov	his	/ɲěɡoʋ/
337	tačno	exactly, correctly	/tât͡ʃno/
338	naći	to find, discover	/nǎːt͡ɕi/
339	budi	second-person singular imperative of bȉti	/ˈbudɪ/
340	misli	to think	/ˈmislɪ/
341	zove	to call, to be called	/zǒʋe/
342	auto	car, automobile	/ǎuto/
343	imali	to have, possess, own	/ˈimɐlɪ/
344	čini	third-person present singular of čìniti	/ˈtʃinɪ/
345	uvijek	always	/ûʋjeːk/
346	radio	to work	/râːdio/
347	ići	to go, walk	/ǐt͡ɕi/
348	dete	child, kid	/ˈdɛtɛ/
349	rekli	to say	/ˈrɛklɪ/
350	onaj	that, that one	/ˈonɑj/
351	deo	part	/dêo/
352	broj	number	/brôːj/
353	nju	her	/ɲûː/
354	otišao	to leave, part, depart	/ˈotɪˌʃɐo/
355	ruke	arm	/ˈrukɛ/
356	dole	down	/dôle/
357	imati	to have, possess, own	/ǐmati/
358	uz	up, upward	/uz/
359	pet	five	/pêːt/
360	zapravo	in fact, really, actually	/zâpraʋo/
361	vezi	connection, link	/ˈvɛzɪ/
362	sebi	to myself	/sêbi/
363	života	life	/ˈʒivotɐ/
364	mrtav	dead, deceased	/mřtaʋ/
365	priča	story, tale	/prîːt͡ʃa/
366	veze	connection, link	/ˈvɛzɛ/
367	nekog	genitive of nȅtko / nȅko	/nêkoɡ/
368	bismo	first-person plural aorist of bȉti	/ˈbismo/
369	svog	one's own	/ˈsvoɡ/
370	ipak	still, however, but, yet, anyway, nevertheless,…	/îpaːk/
371	bar	at least	/bâːr/
372	novi	new	/ˈnovɪ/
373	videla	to see	/ˈvidɛlɐ/
374	posla	job	/ˈposlɐ/
375	tip	type	/tîːp/
376	svojim	one's own	/ˈsvojɪm/
377	prijatelj	friend	/prîjateʎ/
378	vrijeme	time	/ʋrjěːme/
379	vidite	second-person plural present	/ˈvidɪtɛ/
380	dobio	to receive, get, obtain, acquire	/ˈdobɪo/
381	iza	behind	/iza/
382	sama	self	/ˈsamɐ/
383	žene	genitive singular	/ˈʒɛnɛ/
384	znala	to know	/ˈznalɐ/
385	odlično	excellently, terrifically	/ôdlit͡ʃno/
386	skoro	soon	/skǒro/
387	sin	son	/sîːn/
388	njima	to them	/ɲîma/
389	govori	speech	/ˈɡovorɪ/
390	vratiti	to return, come back	/ʋrǎːtiti/
391	pitanje	question	/pǐːtaːɲe/
392	nazad	back, backwards	/nâzaːd/
393	voli	to love	/ˈvolɪ/
394	došli	to come, arrive	/ˈdoʃlɪ/
395	srce	a heart	/sr̩̂t͡se/
396	važno	importantly	/ʋâːʒno/
397	njom	her	/ɲôːm/
398	njemu	to him	/ɲêmu/
399	pitam	to ask	/ˈpitɐm/
400	takođe	also, too	/takǒːd͡ʑe/
401	radimo	to work	/ˈradɪmo/
402	jutro	morning	/jûtro/
403	najbolje	superlative degree of dòbro	/nâːjboʎe/
404	oca	father	/ˈotsɐ/
405	uskoro	soon	/ûskoro/
406	sjajno	great, magnificently, excellently	/sjâːjno/
407	nekoga	genitive of nȅtko / nȅko	/nêkoɡa/
408	jednostavno	simply	/jêdnostaːʋno/
409	gotovo	almost, hardly	/ɡǒtoʋo/
410	čega	of what	/t͡ʃěɡa/
411	trenutak	moment	/trenǔːtak/
412	potpuno	completely, entirely, wholly	/pǒtpuno/
413	drži	to hold, grasp	/ˈdrʒi/
414	tada	then, at that time	/tǎdaː/
415	ovoga	filled pause; er, uh, um	/ǒʋoɡaː/
416	uopšte	generally, in general	/ǔopʃte/
417	dobiti	to receive, get, obtain, acquire	/dǒbiti/
418	briga	worry, concern	/brîɡa/
419	otići	to leave, part, depart	/otǐːt͡ɕi/
420	brini	to worry	/ˈbrinɪ/
421	ranije	early	/ˈranɪje/
422	ju	her	/ju/
423	stalno	continuously	/stâːlno/
424	došla	feminine singular active past participle	/dǒʃla/
425	bog	god, deity	/bôːɡ/
426	našao	to find, discover	/ˈnaʃɐo/
427	ponekad	sometimes	/pǒnekad/
428	strane	side	/ˈstranɛ/
429	ljubav	love, affection	/ʎǔːbaʋ/
430	moći	can, to be able to	/môt͡ɕi/
431	nemaš	not to have	/ˈnɛmɐʃ/
432	kuću	house	/ˈkutɕʊ/
433	tek	only, only just, hardly, barely	/têk/
434	valjda	probably, likely	/ʋǎʎda/
435	noći	night, nighttime	/ˈnotɕɪ/
436	halo	hello	/ˈxalo/
437	spreman	ready, prepared	/sprêman/
438	životu	life	/ˈʒivotʊ/
439	poput	like, as, such as	/pôpuːt/
440	lako	easily	/lâko/
441	devojka	girl, maiden	/děʋoːjka/
442	između	between	/îzmed͡ʑu/
443	morao	to have to; must	/ˈmorɐo/
444	jedini	sole, only	/jědiːniː/
445	ideja	idea	/iděːja/
446	ženu	woman	/ˈʒɛnʊ/
447	znati	to know	/znâti/
448	ozbiljno	seriously	/ôzbiːʎno/
449	čudno	oddly, weirdly, strangely	/t͡ʃûdno/
450	nećemo	to wish, want, desire	/nêːt͡ɕeːmo/
451	pola	half	/pǒːla/
452	sat	clock, watch	/sâːt/
453	videti	to see	/ʋîdeti/
454	ubiti	to kill, murder	/ǔbiti/
455	svet	holy, saint	/sʋêːt/
456	prava	pure, true, genuine	/ˈpravɐ/
457	oči	eye	/ˈotʃɪ/
458	živi	live, alive	/ˈʒivɪ/
459	grad	city, town	/ɡrâːd/
460	mala	small	/ˈmalɐ/
461	pored	beside, next to, alongside	/pôred/
462	radite	to work	/ˈradɪtɛ/
463	draga	bay, gulf	/drâɡa/
464	pred	before, just before, shortly before	/prêd/
465	rade	to work	/ˈradɛ/
466	kraj	near, next to, beside	/krâːj/
467	velika	big, large	/ˈvɛlɪkɐ/
468	biste	genitive singular	/ˈbistɛ/
469	jasno	clearly, obviously	/jâsno/
470	slučaj	case, occurrence, event, incident	/slût͡ʃaːj/
471	ovoj	wrapping, shell, casing, covering	/ǒʋoj/
472	svih	all, complete, whole	/ˈsvih/
473	kažu	to say, to state	/ˈkaʒʊ/
474	kola	cart, wagon, vehicle	/kôla/
475	najbolji	good	/ˈnɑjboʎɪ/
476	voliš	to love	/ˈvolɪʃ/
477	brat	brother	/brât/
478	pazi	to beware, watch out, be careful	/ˈpazɪ/
479	svetu	holy, saint	/ˈsvɛtʊ/
480	ikada	ever, at any time	/îkada/
481	sata	clock, watch	/ˈsatɐ/
482	oprosti	sorry!	/ˈoprostɪ/
483	stari	old	/ˈstɑrɪ/
484	e	hey	/ˈɛ/
485	ljudima	people, men	/ˈʎudɪmɐ/
486	nemamo	not to have	/ˈnɛmɐmo/
487	osoba	person	/ôsoba/
488	čujem	to hear	/ˈtʃujem/
489	polako	slowly	/polǎːko/
490	ruku	arm	/ˈrukʊ/
491	negde	somewhere	/nêɡde/
492	učiniti	to do, make	/ut͡ʃǐniti/
493	dvoje	two	/dʋôje/
494	blizu	near, close	/blǐːzu/
495	kraju	end, ending	/ˈkrɑjʊ/
496	četiri	four	/t͡ʃětri/
497	odakle	whence, from where	/ôdaːkle/
498	prilično	rather, pretty, quite, fairly	/prǐːlit͡ʃno/
499	vratio	to return, come back	/ˈvratɪo/
500	van	except	/ʋân/
501	svega	masculine genitive singular	/ˈsvɛɡɐ/
502	ceo	whole	/t͡sêo/
503	moguće	possibly	/môɡuːt͡ɕe/
504	svom	one's own	/ˈsvom/
505	dati	to give	/dâti/
506	laku	easy	/ˈlakʊ/
507	lice	face	/lǐːt͡se/
508	smrt	death	/smr̩̂t/
509	videli	to see	/ˈvidɛlɪ/
510	neku	some	/ˈnɛkʊ/
511	vodi	water	/ˈvodɪ/
512	raditi	to work	/rǎːditi/
513	plan	plan	/plâːn/
514	policija	police	/polǐt͡sija/
515	sina	shadow; shade	/ˈsinɐ/
516	pojma	concept, idea, notion	/ˈpojmɐ/
517	šanse	chance, opportunity	/ˈʃansɛ/
518	sobu	room	/ˈsobʊ/
519	no	but, however	/no/
520	manje	less	/maɲe/
521	nje	of her	/ɲêː/
522	brod	ship	/brôːd/
523	daleko	far	/dalěko/
524	novca	money	/ˈnoftsɐ/
525	žele	jelly	/ʒěleː/
526	netko	someone, somebody	/nêtko/
527	ostati	to stay, remain	/ǒstati/
528	vidjeti	to see	/ʋîdjeti/
529	sinoć	last night, yesterday night; yesterday evening	/sînoːt͡ɕ/
530	oprostite	sorry!	/oprǒstite/
531	svima	everyone, everybody	/ˈsvimɐ/
532	reč	word	/rêːt͡ʃ/
533	momak	a young man, lad	/mǒmak/
534	čula	to hear	/ˈtʃulɐ/
535	našli	to find, discover	/ˈnaʃlɪ/
536	važi	to weigh	/ˈvaʒɪ/
537	bile	moreover, even	/bǐle/
538	razlog	reason, cause	/rǎːzloɡ/
539	dečko	boy	/dêt͡ʃko/
540	vidio	to see	/ˈvidɪo/
541	napolje	outside	/nâpoʎe/
542	oružje	weapon	/ǒruːʒje/
543	njen	her, hers	/ɲêːn/
544	dragi	dear	/ˈdraɡɪ/
545	šest	six	/ʃêːst/
546	sobi	room	/ˈsobɪ/
547	dođe	to come, arrive	/ˈdodʑɛ/
548	otišla	to leave, part, depart	/ˈotɪʃlɐ/
549	pištolj	pistol, handgun	/ˈpiʃtoʎ/
550	ispod	below, under, beneath	/îspod/
551	čim	the, as	/t͡ʃim/
552	napravio	to do, commit	/ˈnaprɐˌvɪo/
553	nekako	somehow	/nêkaːko/
554	vode	water	/ˈvodɛ/
555	kome	to whom	/kǒme/
556	pošto	after	/pôʃto/
557	uraditi	to do, make	/urǎːditi/
558	umro	to die	/ˈumro/
559	jesu	third-person plural present of bȉti	/ˈjesʊ/
560	sastanak	tryst	/sǎstanak/
561	njoj	to her	/ɲôːj/
562	njegove	his	/ˈɲeɡovɛ/
563	zovem	to call, to be called	/zǒʋem/
564	odem	to leave, part, depart	/ˈodɛm/
565	ispred	in front of, before	/îspred/
566	telo	body	/ˈtɛlo/
567	jedino	only, solely	/jědiːno/
568	piće	drink, beverage	/pǐːt͡ɕe/
569	deca	children	/ˈdɛtsɐ/
570	sedi	grey	/ˈsɛdɪ/
571	veče	evening	/ʋêt͡ʃeː/
572	ikad	ever, at any time	/îkad/
573	iako	albeit, although, even though	/îako/
574	gradu	city, town	/ˈɡradʊ/
575	dajte	to give	/ˈdɑjtɛ/
576	decu	children	/ˈdɛtsʊ/
577	srećan	happy	/srêt͡ɕan/
578	krv	blood	/kr̩̂ːʋ/
579	spremni	ready, prepared	/ˈsprɛmnɪ/
580	poruku	message	/ˈporʊkʊ/
581	uzeo	to take	/ˈuzɛo/
582	san	sleep	/sân/
583	nekim	instrumental of nȅtko / nȅko	/nêkiːm/
584	telefon	telephone	/telěfoːn/
585	razgovarati	to cheer up sb	/razɡoʋǎːrati/
586	igra	to play	/ǐɡra/
587	sestra	sister	/sěstra/
588	sine	son	/ˈsinɛ/
589	kuća	house	/kût͡ɕa/
590	ha	expresses laughter	/xâ/
591	ovih	masculine genitive plural	/ˈovɪh/
592	ostani	to stay, remain	/ˈostɐnɪ/
593	ovome	this, this one	/ˈovomɛ/
594	oboje	both	/ˈoboje/
595	ovi	this, this one	/ˈovɪ/
596	takav	such, of such kind	/tǎkaːʋ/
597	rat	war	/rât/
598	poslednji	final	/pǒsledɲiː/
599	pogledajte	to look, glance, cast an eye upon	/ˈpoɡlɛˌdɑjtɛ/
600	želimo	to wish, desire	/ˈʒɛlɪmo/
601	muž	husband	/mûːʒ/
602	deset	ten	/dêset/
603	svako	everyone, everybody	/sʋâko/
604	reči	to say	/ˈrɛtʃi/
605	zemlji	earth	/ˈzɛmʎɪ/
606	putu	road	/ˈputʊ/
607	bit	essence	/bîːt/
608	pitao	to ask	/ˈpitɐo/
609	film	film	/ˈfilm/
610	budu	to be, to exist	/bûdu/
611	porodica	family	/pǒrodit͡sa/
612	brate	brother	/brâte/
613	budemo	first-person plural present of bȉti	/ˈbudɛmo/
614	isti	same	/îstiː/
615	morati	to have to; must	/mǒːrati/
616	jedina	sole, only	/ˈjedɪnɐ/
617	doktor	doctor, physician	/dôktor/
618	čuješ	to hear	/ˈtʃujeʃ/
619	bok	side	/bôːk/
620	svim	masculine/neuter instrumental singular	/ˈsvim/
621	zemlju	earth	/ˈzɛmʎʊ/
622	eto	look, see, behold	/ˈɛto/
623	druga	friend	/drûːɡa/
624	hajdemo	let's go	/xǎjdemo/
625	ostali	to stay, remain	/ǒstaːliː/
626	miru	peace	/ˈmirʊ/
627	napred	forward, forwards	/nâpreːd/
628	pitanju	question	/ˈpitɐɲʊ/
629	postoje	to retain a position	/ˈpostoje/
630	drugu	friend	/drûːɡu/
631	tražio	to seek, look for, search	/ˈtraʒɪo/
632	drugom	friend	/drûːɡom/
633	poslu	job	/ˈposlʊ/
634	boli	to stab	/ˈbolɪ/
635	čeka	to wait, await	/ˈtʃɛkɐ/
636	napraviti	to do, commit	/naˈpraʋiti/
637	krevet	bed	/krěʋet/
638	ostalo	the other	/ˈostɐlo/
639	nitko	no one, nobody	/nîtko/
640	čovjek	man, person	/t͡ʃǒʋjek/
641	lepa	nice, pretty	/ˈlɛpɐ/
642	nastavi	to continue	/ˈnastɐvɪ/
643	lud	crazy	/lûːd/
644	kim	whom	/kîm/
645	konačno	finally, at last	/kǒnat͡ʃno/
646	uzeti	to take	/ǔzeːti/
647	sveta	holy, saint	/ˈsvɛtɐ/
648	kraja	end, ending	/ˈkrɑjɐ/
649	obično	usually, commonly, ordinarily	/ǒbit͡ʃno/
650	znali	to know	/ˈznalɪ/
651	jutros	this morning	/jûtroːs/
652	jedva	barely, hardly, scarcely, only just	/jêdʋa/
653	smešno	ridiculously, funnily	/směːʃno/
654	poziv	call	/pǒːziʋ/
655	tih	quiet, silent	/tîx/
656	piše	to write	/ˈpiʃɛ/
657	poslao	to send	/ˈposlɐo/
658	brata	brother	/ˈbratɐ/
659	zanima	to interest	/ˈzanɪmɐ/
660	mjesto	instead of	/mjêsto/
661	živ	live, alive	/ʒîːʋ/
662	dali	masculine plural active past participle of dȁti	/ˈdalɪ/
663	očigledno	obviously	/ôt͡ʃiɡleːdno/
664	posebno	individually, separately	/pǒːsebno/
665	svakako	certainly, of course	/sʋâkaːko/
666	niti	nor	/nîti/
667	odgovor	answer	/ôdɡoʋoːr/
668	gospodin	gentleman	/ɡospǒdin/
669	shvatio	to understand, comprehend, grasp, conceive	/ˈshvatɪo/
670	nova	new	/nôːʋa/
671	zemlje	earth	/ˈzɛmʎe/
672	strašno	terribly, awfully, horribly	/strǎːʃno/
673	sledeći	next, following	/slědeːt͡ɕiː/
674	grada	city, town	/ˈɡradɐ/
675	među	between	/mêd͡ʑu/
676	lijepo	beautifully, nicely	/ljêːpo/
677	barem	at least	/bǎrem/
678	savršeno	perfectly	/sǎʋrːʃeno/
679	druže	to associate, socialize with	/drûːʒe/
680	stan	flat, apartment	/stâːn/
681	čuli	to hear	/ˈtʃulɪ/
682	kriv	guilty, culpable	/krîːʋ/
683	noge	leg	/ˈnoɡɛ/
684	dobila	to receive, get, obtain, acquire	/ˈdobɪlɐ/
685	dobri	good	/ˈdobrɪ/
686	vesti	to embroider	/ʋěːsti/
687	nećete	to wish, want, desire	/nêːt͡ɕeːte/
688	sasvim	completely, entirely, wholly	/sǎsʋiːm/
689	nosi	to carry, bring	/ˈnosɪ/
690	oče	father	/ˈotʃɛ/
691	red	row	/rêːd/
692	pronaći	to find	/prǒnaːt͡ɕi/
693	roditelji	parent	/ˈrodɪˌtɛʎɪ/
694	godinu	year	/ˈɡodɪnʊ/
695	tokom	during	/tôːkom/
696	nekad	once, in former times	/nêkad/
697	time	masculine/neuter instrumental singular of tȃj	/ˈtimɛ/
698	kasno	late	/kâsno/
699	misle	to think	/ˈmislɛ/
700	ka	as, like	/ˈka/
701	k	to	/ˈkə/
702	iskreno	sincerely, honestly	/îskreno/
703	bolji	good	/ˈboʎɪ/
704	trenutno	currently	/trênuːtno/
705	zbogom	goodbye, farewell	/zbôɡom/
706	često	often	/t͡ʃêːsto/
707	inače	otherwise	/înaːt͡ʃe/
708	kuda	which way, in what direction	/ˈkudɐ/
709	ubistvo	murder	/ˈubɪstvo/
710	nađem	to find, discover	/ˈnadʑɛm/
711	ubica	murderer, killer	/ǔbit͡sa/
712	uradili	to do, make	/ˈurɐˌdɪlɪ/
713	našla	to find, discover	/ˈnaʃlɐ/
714	sobom	myself	/sôboːm/
715	stigao	to arrive, reach	/ˈstiɡɐo/
716	godinama	for years; in years	/ɡôdinama/
717	kojeg	masculine genitive singular	/ˈkojeɡ/
718	celu	whole	/ˈtsɛlʊ/
719	priliku	opportunity	/ˈprilɪkʊ/
720	pravila	rule	/ˈpravɪlɐ/
721	jesmo	first-person plural present of bȉti	/ˈjesmo/
722	nemoguće	impossibly	/nêmoɡuːt͡ɕe/
723	umesto	instead of	/ǔmesto/
724	idu	to go, walk	/ˈidʊ/
725	napolju	outdoors, outside	/nâpoʎu/
726	drugačije	differently	/druɡǎt͡ʃijeː/
727	društvo	society	/ˈdruʃtvo/
728	jebeno	fucking	/jěbeno/
729	strani	side	/ˈstranɪ/
730	vrsta	kind, sort	/ʋř̩ːsta/
731	nove	new	/ˈnovɛ/
732	bitno	essentially, in essence	/bîtno/
733	okej	okay, all right, fine	/ˈokej/
734	sedam	seven	/sêdam/
735	kunem	to curse	/ˈkunɛm/
736	loš	bad, malicious	/lôʃ/
737	juče	yesterday	/jǔt͡ʃeː/
738	radila	to work	/ˈradɪlɐ/
739	slike	picture, image	/ˈslikɛ/
740	vodu	water	/ˈvodʊ/
741	tiče	bird	/tîːt͡ʃeː/
742	zoveš	to call, to be called	/zǒʋeʃ/
743	pare	money	/ˈpɑrɛ/
744	hranu	food	/ˈxranʊ/
745	glavni	main, chief, principal	/ɡlǎʋniː/
746	potreban	necessary	/pôtreban/
747	nađemo	to find, discover	/ˈnadʑɛmo/
748	šteta	damage, harm	/ʃtêta/
749	ajde	alternative form of hàjde	/ǎjde/
750	kojim	which, what	/ˈkojɪm/
751	kralj	king	/krâːʎ/
752	pogrešno	wrongly, erroneously	/pǒɡreʃno/
753	kaži	to say, to state	/ˈkaʒɪ/
754	stara	old	/ˈstɑrɐ/
755	osećaj	feeling	/ˈosɛtɕɑj/
756	glas	voice	/ɡlâːs/
757	napad	attack, assault, aggression	/nǎːpad/
758	pokušaj	attempt, try	/pôkuʃaːj/
759	dom	home, house	/dôːm/
760	sem	except, apart from, besides	/sem/
761	novu	new	/ˈnovʊ/
762	zauvek	forever	/zǎuʋeːk/
763	nekom	dative of nȅtko / nȅko	/nêkom/
764	završio	to end, end up, wind up	/ˈzavrʃɪo/
765	vole	ox	/ˈvolɛ/
766	desi	to happen, occur	/ˈdɛsɪ/
767	usta	mouth	/ǔːsta/
768	zatvor	prison, jail	/zǎːtʋor/
769	pismo	alphabet	/pǐːsmo/
770	dece	children	/ˈdɛtsɛ/
771	lično	personally	/lît͡ʃno/
772	znak	sign	/znâːk/
773	soba	room	/ˈsobɐ/
774	razgovor	talk, conversation	/râzɡoʋoːr/
775	mesec	moon	/mêseːt͡s/
776	smeta	to mind, care about	/ˈsmɛtɐ/
777	seks	sex	/sêks/
778	greška	fault	/ˈɡrɛʃkɐ/
779	pas	dog	/pâs/
780	prokletstvo	curse	/ˈproklɛtstvo/
781	kakvo	what kind of	/ˈkakvo/
782	zemlja	earth	/zěmʎa/
783	poklon	gift, present	/pǒklon/
784	rođendan	birthday	/rôd͡ʑendaːn/
785	nemate	not to have	/ˈnɛmɐtɛ/
786	um	mind	/ûːm/
787	šef	chief, boss, manager, director, head	/ʃêf/
788	svuda	everywhere	/sʋǔda/
789	počinje	to begin, start, commence	/ˈpotʃɪɲe/
790	rukama	arm	/ˈrukɐmɐ/
791	imena	genitive singular of ȉme	/ˈimɛnɐ/
792	točno	exactly, correctly	/tôt͡ʃno/
793	rad	willing	/râd/
794	the	alternative spelling of da	/ˈthɛ/
795	natrag	back, backwards	/nâtraːɡ/
796	leđa	back	/lěːd͡ʑa/
797	dvije	two	/dʋîje/
798	dio	part	/dîo/
799	čast	honour	/t͡ʃâːst/
800	dijete	child, kid	/djěːte/
801	osam	eight	/ôsam/
802	ostaviti	to leave	/ǒstaʋiti/
803	kladim	to bet, wager	/ˈkladɪm/
804	kog	of whom	/kôɡ/
805	iznad	above, over	/îznad/
806	prevod	translation	/prěːʋod/
807	onu	feminine accusative singular of ònāj	/ǒnuː/
808	slika	picture, image	/slîka/
809	svaka	brother-in-law	/ˈsvakɐ/
810	zovi	to call, to be called	/ˈzovɪ/
811	išao	to go, walk	/ˈiʃɐo/
812	pogled	view	/pôɡleːd/
813	stigli	masculine plural past active participle of stignuti pf	/ˈstiɡlɪ/
814	vide	third-person plural present	/ˈvidɛ/
815	novo	new	/ˈnovo/
816	muškarac	male, man	/muʃkǎːrat͡s/
817	lep	nice, pretty	/lêːp/
818	ujutro	in the morning	/ûjutro/
819	dokaz	proof, evidence	/dôkaːz/
820	naši	our, ours	/ˈnaʃɪ/
821	knjigu	book	/ˈkɲiɡʊ/
822	kapetan	captain	/kapětaːn/
823	njegovog	his	/ˈɲeɡovoɡ/
824	trenutku	moment	/ˈtrɛnʊtkʊ/
825	mozak	brain	/môzak/
826	minut	minute	/mǐnuːt/
827	policajac	policeman	/polit͡sǎːjat͡s/
828	idete	to go, walk	/ˈidɛtɛ/
829	beba	baby	/běːba/
830	uđi	to enter, go into, come in	/ˈudʑɪ/
831	ovuda	this way, in this direction	/ǒʋuda/
832	okolo	around	/ôkolo/
833	umreti	to die	/ǔmreːti/
834	nekada	once, in former times	/nêkada/
835	luda	madman, insane person	/lûda/
836	pivo	beer	/pîːʋo/
837	izbor	choice	/ǐzbor/
838	zatim	then, afterwards	/zǎtiːm/
839	gledao	to watch, look, see	/ˈɡlɛdɐo/
840	zovu	to call, to be called	/zǒʋu/
841	sav	all, complete, whole	/sâʋ/
842	slobodno	freely	/slôbodno/
843	glupo	stupid, foolish	/ˈɡlupo/
844	ključ	key	/kʎûːt͡ʃ/
845	moć	power	/môːt͡ɕ/
846	voda	water	/ʋǒda/
847	budete	second-person plural present of bȉti	/ˈbudɛtɛ/
848	sistem	system	/sǐsteːm/
849	deda	grandfather	/dêda/
850	zadnji	back, rear, hind	/zâdɲiː/
851	loša	bad, malicious	/ˈloʃɐ/
852	nemaju	not to have	/ˈnɛmɑjʊ/
853	njegovom	his	/ˈɲeɡovom/
854	budite	to be, to exist	/ˈbudɪtɛ/
855	božić	god, deity	/ˈboʒɪtɕ/
856	užasno	terribly	/ûʒaːsno/
857	stanju	condition, state	/ˈstaɲʊ/
858	ulazi	entrance	/ˈulɐzɪ/
859	jebote	fuck, holy shit, for fuck's sake	/ˈjebotɛ/
860	avion	aeroplane	/aʋǐoːn/
861	dupe	ass	/dûpe/
862	definitivno	definitely	/dêfinitiːʋno/
863	dvojica	two men	/dʋǒjit͡sa/
864	ujutru	in the morning	/ûjutru/
865	njihov	their, theirs	/ɲîxoʋ/
866	završi	to end, end up, wind up	/ˈzavrʃɪ/
867	apsolutno	absolutely	/âpsoluːtno/
868	zakon	law, rule	/zǎːkon/
869	prošli	past, gone by	/prôʃliː/
870	budućnost	future	/budǔːt͡ɕnoːst/
871	ručak	lunch, dinner, usually the main meal of the day	/rǔːt͡ʃak/
872	pričati	to narrate, tell	/prǐːt͡ʃati/
873	kurac	penis, dick, cock	/kûrat͡s/
874	knjige	book	/ˈkɲiɡɛ/
875	vjerujem	to believe, have faith in	/ˈvjerʊjem/
876	ostane	to stay, remain	/ˈostɐnɛ/
877	pitaš	to ask	/ˈpitɐʃ/
878	žive	live, alive	/ˈʒivɛ/
879	pokaži	to show, demonstrate	/ˈpokɐʒɪ/
880	otkud	whence, from where	/ǒtkud/
881	vjerojatno	probably	/ʋjêrojaːtno/
882	odvesti	to take, take away	/odʋěsti/
883	izaći	to go out, leave, come out, get out	/izǎːt͡ɕi/
884	primer	example, instance	/prǐːmer/
885	male	small	/ˈmalɛ/
886	glava	head	/ɡlǎːʋa/
887	bol	pain, aching	/bôːl/
888	odjednom	suddenly, unexpectedly, at once	/odjědnoːm/
889	većina	majority, most	/ʋet͡ɕǐna/
890	slažem	to lie	/ˈslaʒɛm/
891	pustiti	to let, let go, release	/pǔstiti/
892	kul	cool, in a cool manner	/kûːl/
893	malu	small	/ˈmalʊ/
894	dogovor	agreement, deal	/dôɡoʋoːr/
895	vezu	to embroider	/ˈvɛzʊ/
896	nad	over, above	/nâd/
897	pomalo	a little bit	/pǒmalo/
898	tv	TV	/ˈtəˌvə/
899	ostale	the other	/ˈostɐlɛ/
900	rata	war	/rǎːta/
901	stoji	third-person singular present of stàjati	/ˈstojɪ/
902	kreni	to move, set in motion	/ˈkrɛnɪ/
903	hrane	food	/ˈxranɛ/
904	pun	full, filled	/pûn/
905	prati	to follow	/prâti/
906	čuti	to hear	/t͡ʃûti/
907	desiti	to happen, occur	/dêsiti/
908	agent	agent	/ǎɡent/
909	prave	pure, true, genuine	/ˈpravɛ/
910	ludo	crazily, insanely	/lûːdo/
911	duh	ghost, spirit	/dûx/
912	pitati	to ask	/pǐːtati/
913	račun	calculus	/rǎt͡ʃuːn/
914	ostao	to stay, remain	/ˈostɐo/
915	prosto	rudely, uncivilly, grossly	/prôsto/
916	početak	beginning	/pot͡ʃěːtak/
917	gledati	to watch, look, see	/ɡlêdati/
918	de	where	/ˈdɛ/
919	sunce	sun	/sûːnt͡se/
920	vjerovati	to believe, have faith in	/ʋjêroʋati/
921	ionako	anyway, anyhow	/ionǎkoː/
922	ostatak	remainder, rest	/ostǎːtak/
923	postati	to become, turn, get	/pǒstati/
924	knjiga	book	/kɲîɡa/
925	došlo	to come, arrive	/ˈdoʃlo/
926	zadovoljstvo	pleasure	/zadoʋǒʎstʋo/
927	jaja	egg	/ˈjɑjɐ/
928	poslije	later	/ˈposlɪje/
929	onako	in that way, so, like that	/onǎkoː/
930	umre	to die	/ˈumrɛ/
931	korak	step	/kôraːk/
932	eno	look, see, behold	/ˈɛno/
933	jest	third-person singular present of bȉti	/ˈjest/
934	slučajno	accidentally	/slût͡ʃaːjno/
935	duboko	deeply	/dubǒko/
936	sobe	room	/ˈsobɛ/
937	ej	Expresses annoyance or displeasure	/ɛj/
938	ista	same	/ˈistɐ/
939	baci	to throw, cast	/ˈbatsɪ/
940	igru	play	/ˈiɡrʊ/
941	odgovara	third-person singular present of odgovárati	/ˈodɡoˌvɑrɐ/
942	nogu	leg	/ˈnoɡʊ/
943	slobodan	free	/slôbodan/
944	hladno	coldly	/xlǎːdno/
945	dolje	down	/dôʎe/
946	pao	active past participle of pȁsti	/ˈpao/
947	krevetu	bed	/ˈkrɛvɛtʊ/
948	išta	any	/îʃta/
949	prozor	window	/prǒːzor/
950	dođem	to come, arrive	/ˈdodʑɛm/
951	vise	third-person plural present of vȉsiti	/ˈvisɛ/
952	završiti	to end, end up, wind up	/zaʋřːʃiti/
953	nedelja	Sunday	/nědeʎa/
954	kolima	wheel	/ˈkolɪmɐ/
955	napisao	to write	/ˈnapɪˌsɐo/
956	momka	a young man, lad	/ˈmomkɐ/
957	skroz	through	/skrôːz/
958	šališ	to joke; to joke around	/ˈʃalɪʃ/
959	ćerka	alternative form of kćérka	/t͡ɕěːrka/
960	mlada	young	/mlâːda/
961	gotov	ready, prepared	/ɡǒtoʋ/
962	putem	by means of, by way of, through	/pǔːtem/
963	ženom	woman	/ˈʒɛnom/
964	dođeš	to come, arrive	/ˈdodʑɛʃ/
965	izgubila	to lose, misplace	/ˈizɡʊˌbɪlɐ/
966	prokleti	to curse	/prǒkleːti/
967	govore	speech	/ˈɡovorɛ/
968	lica	face	/ˈlitsɐ/
969	ženi	woman	/ˈʒɛnɪ/
970	sjajan	radiant, brilliant, shining	/sjǎːjan/
971	pažljivo	carefully, cautiously	/pǎʒʎiʋo/
972	dozvoliti	to allow, permit, let	/dozʋǒliti/
973	novog	new	/ˈnovoɡ/
974	verovati	to believe + u	/ʋêroʋati/
975	prestati	to stop, quit	/prěstati/
976	pitala	to ask	/ˈpitɐlɐ/
977	iznenađenje	surprise	/iznenad͡ʑěːɲe/
978	svejedno	all the same	/sʋejědno/
979	sretan	happy, merry	/srêtan/
980	pokazati	to show, demonstrate	/pokǎːzati/
981	brine	to worry	/ˈbrinɛ/
982	sir	cheese	/sîr/
983	opasno	dangerously	/ôpaːsno/
984	otkad	since, ever since	/ǒtkad/
985	oduvek	since always	/ǒduʋeːk/
986	želio	to wish, desire	/ˈʒɛlɪo/
987	ušao	to enter, go into, come in	/ˈuʃɐo/
988	donesi	to bring, carry	/ˈdonɛsɪ/
989	čudo	wonder, miracle	/t͡ʃûdo/
990	početi	to begin, start, commence	/pǒt͡ʃeːti/
991	mir	peace	/mîːr/
992	niz	down, along	/nîz/
993	tajna	secret	/tâːjna/
994	čime	what	/t͡ʃǐːme/
995	pomaže	third-person singular present indicative of pomagati impf	/ˈpomɐʒɛ/
996	mišljenje	opinion	/mîʃʎeːɲe /
997	žrtva	sacrifice	/ʒr̂tʋa/
998	pri	close to, near, at	/prî/
999	para	steam	/pâra/
1000	budala	fool, idiot, simpleton	/budǎla/
1001	suviše	too, excessively	/sûʋiʃeː/
1002	meri	to measure	/ˈmɛrɪ/
1003	krenuo	to move, set in motion	/ˈkrɛnʊo/
1004	dečak	a boy, youngster	/dět͡ʃaːk/
1005	uglavnom	mostly, in general	/uɡlǎʋnoːm/
1006	doba	time	/dôːba/
1007	konja	horse	/ˈkoɲɐ/
1008	mnogi	many	/mnôɡiː/
1009	veza	connection, link	/ʋêza/
1010	zadatak	task, assignment	/zadǎːtak/
1011	nigde	nowhere	/nîɡde/
1012	ući	to enter, go into, come in	/ǔːt͡ɕi/
1013	brak	marriage	/brâːk/
1014	izvući	to pull out, draw out	/izʋǔːt͡ɕi/
1015	duže	debt	/ˈduʒɛ/
1016	saznati	to find out, come to know	/sǎznati/
1017	dogoditi	to happen	/doɡǒditi/
1018	auta	car, automobile	/ˈaʊtɐ/
1019	očima	eye	/ˈotʃɪmɐ/
1020	nosim	to carry, bring	/ˈnosɪm/
1021	zaboga	for goodness' sake!	/zâboɡa/
1022	sedite	to sit	/ˈsɛdɪtɛ/
1023	živa	live, alive	/ʒîʋa/
1024	normalno	normally	/nôrmaːlno/
1025	glup	stupid, foolish	/ɡlûːp/
1026	čaj	tea	/t͡ʃâj/
1027	jezik	tongue	/jězik/
1028	trag	trace	/trâːɡ/
1029	rekoh	to say	/ˈrɛkoh/
1030	zanimljivo	interestingly	/zanǐmʎiʋo/
1031	m	masculine gender	/ˈmə/
1032	kojem	which, what	/ˈkojem/
1033	stići	alternative form of stȉgnuti	/stît͡ɕi/
1034	test	test	/têst/
1035	pametan	smart, clever	/pâmetan/
1036	odličan	excellent, great	/ôdlit͡ʃan/
1037	divan	wonderful	/dîːʋan/
1038	bre	used to insist on or emphasize something being said or…	/ˈbrɛ/
1039	rano	early	/râno/
1040	prijateljica	friend	/prijatěʎit͡sa/
1041	uzela	to take	/ˈuzɛlɐ/
1042	mada	although	/mâda/
1043	glupa	stupid, foolish	/ˈɡlupɐ/
1044	strah	fear, dread	/strâːx/
1045	vodim	to lead	/ˈvodɪm/
1046	počeli	to begin, start, commence	/ˈpotʃɛlɪ/
1047	hotel	hotel	/xǒtel/
1048	hrana	food	/xrǎːna/
1049	zaboraviti	to forget	/zabǒraʋiti/
1050	nikako	in no way	/nîkaːko/
1051	svu	feminine accusative singular of sȁv	/ˈsvu/
1052	izgubiti	to lose, misplace	/izɡǔbiti/
1053	dobrodošli	welcome	/dobrodǒʃli/
1054	volio	to love	/ˈvolɪo/
1055	proći	to pass, go	/prôːt͡ɕi/
1056	obitelj	family	/obǐːteʎ/
1057	zabava	fun, amusement	/ˈzabɐvɐ/
1058	uđite	to enter, go into, come in	/ˈudʑɪtɛ/
1059	zvati	to call, to be called	/zʋâti/
1060	zaustaviti	to stop	/zaǔstaʋiti/
1061	kosu	hair	/ˈkosʊ/
1062	smem	can, may, be allowed to	/ˈsmɛm/
1063	uopće	generally, in general	/ǔopt͡ɕe/
1064	igraš	to play	/ˈiɡrɐʃ/
1065	klub	club	/klûːb/
1066	idiot	teleprompter	/idǐot/
1067	mirno	peacefully	/mîːrno/
1068	cela	whole	/ˈtsɛlɐ/
1069	davno	long ago	/dǎːʋno/
1070	doviđenja	goodbye!	/doʋid͡ʑěːɲa/
1071	stiže	to arrive, reach	/ˈstiʒɛ/
1072	devet	nine	/dêʋet/
1073	ozbiljan	serious	/ôzbiːʎan/
1074	advokat	advocate, attorney, lawyer	/adʋǒkaːt/
1075	obojica	both	/obǒjit͡sa/
1076	poslati	to send	/pǒslati/
1077	vlada	government	/ˈvladɐ/
1078	platiti	to pay	/plǎːtiti/
1079	bolestan	sick, ill	/bôlestan/
1080	prsten	ring	/pr̩̂steːn/
1081	ocu	father	/ˈotsʊ/
1082	čisto	purely	/t͡ʃîsto/
1083	čekati	to wait, await	/t͡ʃêkati/
1084	nažalost	unfortunately	/nâʒaloːst/
1085	nos	nose	/nôːs/
1086	lik	form, shape, figure, appearance	/lîːk/
1087	slično	similarly	/slǐt͡ʃno/
1088	mladi	young	/ˈmladɪ/
1089	pita	to ask	/pîta/
1090	vani	outside, outdoors, out	/ʋǎni/
1091	razmišljam	first-person singular present of ràzmisliti	/ˈrazmɪʃʎɐm/
1092	narod	people	/nǎːrod/
1093	brodu	ship	/ˈbrodʊ/
1094	izvan	outside, out of	/ǐzʋan/
1095	težak	heavy, weighty	/těːʒak/
1096	također	likewise, also, too	/takǒːd͡ʑer/
1097	ljut	angry	/ʎûːt/
1098	prilika	opportunity	/prǐːlika/
1099	sreća	happiness	/srêt͡ɕa/
1100	nosiš	to carry, bring	/ˈnosɪʃ/
1101	odmor	rest, relaxation	/ǒdmor/
1102	ostala	the other	/ˈostɐlɐ/
1103	desno	right	/dêsno/
1104	trebati	to be needed, to be required	/trêbati/
1105	pokušati	to try, attempt	/pǒkuʃati/
1106	rado	gladly, happily	/râdo/
1107	zvezda	a star	/zʋěːzda/
1108	zavisi	to depend	/ˈzavɪsɪ/
1109	hiljada	thousand	/xǐʎada/
1110	seksi	sexy	/sêksiː/
1111	svetlo	light	/sʋêtlo/
1112	govoriti	to speak, talk, converse	/ɡoʋǒriti/
1113	vidjeli	to see	/ˈvidjelɪ/
1114	sud	court	/sûːd/
1115	srediti	to arrange, settle, put in order	/srěːditi/
1116	mislimo	to think	/ˈmislɪmo/
1117	dečki	boy	/ˈdɛtʃkɪ/
1118	očito	obviously	/ǒt͡ʃito/
1119	prekasno	too late, belatedly	/prêkasno/
1120	iste	same	/ˈistɛ/
1121	veći	big, large	/ʋêt͡ɕiː/
1122	ben	birthmark, mole, naevus	/ˈbɛn/
1123	njegovim	his	/ˈɲeɡovɪm/
1124	živeli	the usual toast when drinking alcohol	/ˈʒivɛlɪ/
1125	vazduh	air	/ʋâzduːx/
1126	vraća	third-person singular present of vraćati	/ˈvratɕɐ/
1127	divna	wonderful	/ˈdivnɐ/
1128	jeli	to eat, consume	/ˈjelɪ/
1129	snage	strength, power	/ˈsnaɡɛ/
1130	šala	joke	/ʃǎːla/
1131	boje	color, tint	/ˈboje/
1132	obe	both	/ôbe/
1133	slatko	dessert	/slǎtkoː/
1134	gđa	Mrs	/ˈɡdʑa/
1135	gladan	hungry	/ɡlǎːdan/
1136	poruka	message	/pôruka/
1137	tajne	secret	/ˈtɑjnɛ/
1138	doma	at home, home	/dôma/
1139	pol	half	/pôːl/
1140	program	program	/ˈproɡrɐm/
1141	klinac	kid, child	/klînat͡s/
1142	nož	knife	/nôːʒ/
1143	nazvati	to name	/nǎzʋati/
1144	stare	old	/ˈstɑrɛ/
1145	ples	dance	/plêːs/
1146	obzirom	consideration, care, respect	/ˈobzɪrom/
1147	dama	lady	/dǎːma/
1148	zlato	gold	/zlâːto/
1149	najmanje	least	/nǎjmaɲe/
1150	usput	by the way	/ǔspuːt/
1151	šansa	chance, opportunity	/ˈʃansɐ/
1152	kamo	where, in which direction, whither	/kâmo/
1153	pakao	hell	/pǎkao/
1154	tišina	silence	/ˈtiʃɪnɐ/
1155	ukoliko	if	/ukolǐkoː/
1156	novine	newspaper	/nǒʋine/
1157	uzeli	to take	/ˈuzɛlɪ/
1158	čuje	to hear	/ˈtʃuje/
1159	glupi	stupid, foolish	/ˈɡlupɪ/
1160	misliti	to think	/mîsliti/
1161	izveštaj	report	/îzʋeʃtaːj/
1162	upomoć	help!	/ûpomoːt͡ɕ/
1163	predsednik	chairman	/prěːdsedniːk/
1164	vikend	weekend	/ʋǐkend/
1165	pristup	access	/prǐːstup/
1166	uspeti	to succeed, make good	/ǔspeti/
1167	dobije	to receive, get, obtain, acquire	/ˈdobɪje/
1168	ruka	arm	/rǔːka/
1169	zauzet	reserved, engaged	/ˈzaʊzɛt/
1170	zbilja	indeed	/zbîʎa/
1171	zid	wall	/zîːd/
1172	igrati	to play	/ǐɡrati/
1173	grupa	group	/ɡrûpa/
1174	škola	school	/ʃkôːla/
1175	kriva	guilty, culpable	/ˈkrivɐ/
1176	dokaze	proof, evidence	/ˈdokɐzɛ/
1177	platio	to pay	/ˈplatɪo/
1178	držati	to hold, grasp	/dř̩ʒati/
1179	prošlost	past, history	/ˈproʃlost/
1180	pravim	pure, true, genuine	/ˈpravɪm/
1181	let	flight	/lêːt/
1182	kupiti	to buy, purchase	/kǔːpiti/
1183	nekome	dative of nȅtko / nȅko	/nêkome/
1184	sme	can, may, be allowed to	/ˈsmɛ/
1185	gle	look, behold	/ɡlê/
1186	tajnu	secret	/ˈtɑjnʊ/
1187	dela	to make, produce	/ˈdɛlɐ/
1188	riječ	word	/rjêːt͡ʃ/
1189	igre	play	/ˈiɡrɛ/
1190	brinuti	to worry	/brînuti/
1191	cilj	aim, goal, purpose	/t͡sîːʎ/
1192	more	an anxiety-inducing concern, a hardship	/môːre/
1193	ugovor	contract	/ûɡoʋoːr/
1194	devojčica	girl, lass	/deʋǒjt͡ʃit͡sa/
1195	spavanje	sleep, repose	/ˈspavɐɲe/
1196	postane	to become, turn, get	/ˈpostɐnɛ/
1197	obrada	processing	/ôbrada/
1198	metak	bullet	/mêtak/
1199	životinja	animal	/ʒiʋǒtiɲa/
1200	upoznati	to familiarize, get to know, get acquainted with	/upǒznati/
1201	prijateljima	friend	/ˈprijɐˌtɛʎɪmɐ/
1202	spasiti	to save, salvage	/spǎːsiti/
1203	tatu	dad, daddy	/ˈtatʊ/
1204	zvuk	sound	/zʋûːk/
1205	nađeš	to find, discover	/ˈnadʑɛʃ/
1206	vino	wine	/ʋǐːno/
1207	noću	at night, by night, in the night	/nôt͡ɕu/
1208	ulice	street	/ˈulit͡sɛ/
1209	stanje	condition, state	/stǎːɲe/
1210	pokret	move	/pôkreːt/
1211	savet	council	/sǎːʋet/
1212	putovanje	travel	/ˈputoˌvɐɲe/
1213	čujete	to hear	/ˈtʃujetɛ/
1214	doručak	breakfast	/dǒrut͡ʃak/
1215	nastaviti	to continue	/nǎstaʋiti/
1216	supruga	wife, female spouse	/ˈsuprʊɡɐ/
1217	centar	center / centre	/t͡sêntar/
1218	jede	to eat, consume	/ˈjedɛ/
1219	smeš	can, may, be allowed to	/ˈsmɛʃ/
1220	totalno	totally, completely	/tôtaːlno/
1221	ponovno	repeatedly, once again	/pônoːʋno/
1222	svijet	world	/sʋjêːt/
1223	pamet	prudence	/pâmeːt/
1224	kom	to whom	/kôm/
1225	tražiti	to seek, look for, search	/trǎːʒiti/
1226	voz	train	/ʋôːz/
1227	detektiv	detective	/ˈdɛtɛktɪv/
1228	dug	debt	/dûːɡ/
1229	signal	signal	/sǐɡnaːl/
1230	kreten	cretin	/krěteːn/
1231	zamisli	to imagine	/ˈzamɪslɪ/
1232	nađe	to find, discover	/ˈnadʑɛ/
1233	meso	meat	/mêːso/
1234	čuj	to hear	/ˈtʃuj/
1235	odluka	decision	/ôdluka/
1236	vaši	louse	/ˈvaʃɪ/
1237	tiho	quietly, silently	/tîxo/
1238	staviti	to put, place	/stâʋiti/
1239	dokaza	proof, evidence	/ˈdokɐzɐ/
1240	troje	three	/ˈtroje/
1241	jesti	to eat, consume	/jêsti/
1242	nađi	to find, discover	/ˈnadʑɪ/
1243	vest	report, news	/ʋêːst/
1244	otkaz	resignation	/ôtkaːz/
1245	pojavio	to appear, emerge	/ˈpojɐˌvɪo/
1246	nečega	genitive of nȅšto	/nêt͡ʃeɡa/
1247	udarac	hit, punch, knock, whack	/ǔdarat͡s/
1248	iskren	sincere, honest	/îskren/
1249	gospođa	Mrs	/ɡôspod͡ʑa/
1250	svijetu	world	/ˈsvijetʊ/
1251	čas	moment	/ˈtʃas/
1252	tjedan	week	/tjêdan/
1253	milion	million	/milǐoːn/
1254	star	old	/stâr/
1255	istu	same	/ˈistʊ/
1256	jutra	genitive singular	/ˈjutrɐ/
1257	odavno	a long time ago	/ôdaːʋno/
1258	pesmu	poem	/ˈpɛsmʊ/
1259	završila	to end, end up, wind up	/ˈzavrʃɪlɐ/
1260	taksi	taxi	/tǎksi/
1261	zao	evil, malicious, bad, mean, wicked	/zâo/
1262	poslali	to send	/ˈposlɐlɪ/
1263	popodne	afternoon	/popǒːdne/
1264	negdje	somewhere	/nêɡdje/
1265	daju	third-person plural present of davati	/ˈdɑjʊ/
1266	mami	to lure, entice	/ˈmamɪ/
1267	pali	to kindle, light, set fire to	/pâːli/
1268	veće	council	/ʋěːt͡ɕe/
1269	kamion	truck	/kamǐoːn/
1270	autu	car, automobile	/ˈaʊtʊ/
1271	kažemo	to say, to state	/ˈkaʒɛmo/
1272	napokon	finally, at last	/nâpokon/
1273	uveče	this evening, in the evening, evenings	/ûʋet͡ʃeː/
1274	dnk	initialism of dezoksiribonukleinska kiselina	/ˈdəˌnəˌkə/
1275	motor	engine, motor	/ˈmotor/
1276	levo	left	/ˈlɛvo/
1277	jak	strong	/jâːk/
1278	poslala	to send	/ˈposlɐlɐ/
1279	umoran	tired	/ûmoːran/
1280	krivica	guilt, blame, fault	/kriʋǐt͡sa/
1281	celo	whole	/ˈtsɛlo/
1282	ratu	war	/ˈratʊ/
1283	fer	fairly	/fêːr/
1284	sumnje	doubt, suspicion	/ˈsumɲe/
1285	shvatiti	to understand, comprehend, grasp, conceive	/sxʋâtiti/
1286	oba	both	/ôba/
1287	ubija	third-person singular present of ubijati	/ubǐːja/
1288	bob	broad bean	/bôb/
1289	nek	let, may	/ˈnɛk/
1290	volimo	to love	/ˈvolɪmo/
1291	živote	life	/ˈʒivotɛ/
1292	riba	fish	/rîba/
1293	čekaju	to wait, await	/ˈtʃɛkɑjʊ/
1294	zlo	bad	/zlô/
1295	gej	a gay person, homosexual	/ɡêːj/
1296	obožavam	to adore, admire	/ˈoboˌʒɐvɐm/
1297	mjesta	place	/ˈmjestɐ/
1298	proveo	to lead, guide, take	/ˈprovɛo/
1299	važan	important	/ʋǎːʒan/
1300	situacija	situation	/situǎːt͡sija/
1301	odluku	decision	/ˈodlʊkʊ/
1302	osobe	person	/ˈosobɛ/
1303	partner	partner	/pârtner/
1304	kraljica	queen	/krǎʎit͡sa/
1305	kontakt	contact	/kǒntakt/
1306	strana	side	/strǎːna/
1307	prošlosti	genitive/dative/vocative/locative/instrumental singular	/ˈproʃlostɪ/
1308	pritisak	pressure	/prǐtisak/
1309	baka	grandmother, grandma	/bǎːka/
1310	venčanje	marriage, wedding	/ʋent͡ʃǎːɲe/
1311	laži	lie, untruth, falsity, fib	/ˈlaʒɪ/
1312	promeniti	to change	/proměːniti/
1313	pozdrav	greeting, salutation	/pôzdraːʋ/
1314	tad	then, at that time	/tâd/
1315	živeti	to live, exist, be alive	/ʒǐːʋeti/
1316	hitno	urgently	/ˈxitno/
1317	naučiti	to teach, train, instruct	/naǔt͡ʃiti/
1318	noćas	tonight	/nǒt͡ɕas/
1319	puna	full, filled	/ˈpunɐ/
1320	broda	ship	/ˈbrodɐ/
1321	osobu	person	/ˈosobʊ/
1322	jednoj	one	/ˈjednoj/
1323	snagu	strength, power	/ˈsnaɡʊ/
1324	preveo	active past participle of prèvesti	/ˈprɛvɛo/
1325	cura	girl	/t͡sûra/
1326	grozno	terribly	/ɡrôːzno/
1327	traje	to last, continue	/ˈtrɑje/
1328	koristiti	to use, utilize	/kǒristiti/
1329	djevojka	girl, maiden	/djěʋoːjka/
1330	deco	children	/ˈdɛtso/
1331	objasniti	to explain	/objǎsniti/
1332	budućnosti	future	/ˈbudʊtɕˌnostɪ/
1333	govor	speech	/ɡôʋoːr/
1334	išli	to go, walk	/ˈiʃlɪ/
1335	sladak	sweet	/slâdak/
1336	narode	people	/ˈnɑrodɛ/
1337	spavati	to sleep	/spǎːʋati/
1338	mnoge	many	/ˈmnoɡɛ/
1339	večera	supper, dinner	/ʋět͡ʃera/
1340	koriste	benefit, advantage, use	/ˈkorɪstɛ/
1341	drvo	tree	/dr̩̂ʋo/
1342	pijan	drunk, intoxicated	/pǐjan/
1343	nositi	to carry, bring	/nǒsiti/
1344	primetio	to notice, observe	/ˈprimɛˌtɪo/
1345	promenio	to change	/ˈpromɛˌnɪo/
1346	kamen	stone	/kâmeːn/
1347	miris	smell, odor	/mîriːs/
1348	zločin	crime	/zlǒt͡ʃin/
1349	njenom	her, hers	/ˈɲenom/
1350	bivši	former	/bîːʋʃiː/
1351	heroj	hero	/xěroːj/
1352	savršen	perfect, faultless	/sǎʋrːʃen/
1353	plaši	to frighten, scare	/ˈplaʃɪ/
1354	odgovornost	responsibility	/odɡoʋǒːrnoːst/
1355	gori	worse, comparative degree of zȁo	/ɡôriː/
1356	izlaz	exit	/îzlaːz/
1357	bliže	near, close	/ˈbliʒɛ/
1358	unutar	within, inside, in	/ǔnutar/
1359	zabrinut	worried	/zǎbrinuːt/
1360	ustani	to stand up, rise, get up	/ˈustɐnɪ/
1361	pozvati	to call	/pǒzʋati/
1362	ček	cheque	/t͡ʃêk/
1363	sudija	judge	/sǔdija/
1364	sredi	Wednesday	/ˈsrɛdɪ/
1365	drugar	friend	/drǔɡaːr/
1366	engleski	in an English manner, as an Englishman	/ěnɡleːskiː/
1367	zahvaljujući	thanks to	/zaxʋǎʎujuːt͡ɕi/
1368	volite	to love	/ˈvolɪtɛ/
1369	bas	bass	/bâs/
1370	čudan	strange, weird, odd	/t͡ʃûdan/
1371	dužnost	duty	/dǔːʒnoːst/
1372	momče	a young man, lad	/mǒmt͡ʃe/
1373	kupi	cup, goblet	/ˈkupɪ/
1374	vrste	kind, sort	/ˈvrstɛ/
1375	zadržati	to keep, retain, withhold	/zadř̩ʒati/
1376	laž	lie, untruth, falsity, fib	/lâːʒ/
1377	dođu	to come, arrive	/ˈdodʑʊ/
1378	cele	whole	/ˈtsɛlɛ/
1379	treći	third	/trêt͡ɕiː/
1380	vojska	army	/ʋǒːjska/
1381	mjestu	place	/ˈmjestʊ/
1382	dopustiti	to allow, permit, let	/dopǔstiti/
1383	činjenica	fact	/t͡ʃîɲenit͡sa/
1384	nijedan	no one, none, nobody	/nijědan/
1385	sunca	sun	/ˈsuntsɐ/
1386	vlasnik	owner	/ʋlâːsniːk/
1387	bolest	sickness, disease	/bôleːst/
1388	usred	in the middle of	/ǔsred/
1389	uništiti	to destroy, annihilate	/ǔniʃtiti/
1390	jedem	to eat, consume	/ˈjedɛm/
1391	tijelo	body	/tjêːlo/
1392	krug	circle	/ˈkruɡ/
1393	restoran	restaurant	/ˈrɛstorɐn/
1394	lek	medicine	/ˈlɛk/
1395	madam	madam	/madâm/
1396	šalim	to joke; to joke around	/ˈʃalɪm/
1397	poznato	to know, have knowledge of	/ˈpoznɐto/
1398	iko	anybody, anyone	/îko/
1399	petak	Friday	/pětaːk/
1400	mrzi	to hate	/ˈmrzi/
1401	nedavno	recently	/nêdaːʋno/
1402	smiješno	ridiculously, funnily	/smijěːʃno/
1403	odvratno	repulsively, detestably, abhorrently	/ôdʋraːtno/
1404	stariji	comparative degree of stȁr	/ˈstɑrɪjɪ/
1405	sramota	shame, disgrace	/sramǒta/
1406	general	general	/ɡeněraːl/
1407	ženama	woman	/ˈʒɛnɐmɐ/
1408	izađe	to go out, leave, come out, get out	/ˈizɐdʑɛ/
1409	blago	mildly, gently	/blâːɡo/
1410	počelo	principle, element	/pot͡ʃěːlo/
1411	sudbina	fate, destiny	/sudbǐna/
1412	kosa	hair	/kǒsa/
1413	ponosan	proud	/pǒnosan/
1414	meta	target	/měːta/
1415	djeca	children	/ˈdjetsɐ/
1416	jedeš	to eat, consume	/ˈjedɛʃ/
1417	bacio	to throw, cast	/ˈbatsɪo/
1418	pametno	intelligently, prudently, reasonably, wisely	/pâmetno/
1419	snimak	footage, recording	/snîmak/
1420	kopile	bastard	/kôpile/
1421	lepe	nice, pretty	/ˈlɛpɛ/
1422	pala	feminine singular active past participle	/ˈpalɐ/
1423	nesreća	accident	/něsret͡ɕa/
1424	ruci	arm	/ˈrutsɪ/
1425	licu	face	/ˈlitsʊ/
1426	glupost	stupidity, foolishness, nonsense	/ɡlǔːpoːst/
1427	vođa	leader, guide	/ˈvodʑɐ/
1428	tetka	aunt by blood; the sister of one’s parent	/têtka/
1429	zube	tooth	/ˈzubɛ/
1430	nalog	instruction, direction, orders	/nǎːloɡ/
1431	mozga	brain	/ˈmozɡɐ/
1432	ukus	taste, as in a person’s implicit set of preferences,…	/ǔkus/
1433	predstavu	show	/ˈprɛtstɐvʊ/
1434	kratko	shortly	/krâtko/
1435	umrijeti	to die	/ǔmrjeːti/
1436	komad	piece, part	/kǒmaːd/
1437	govno	when used in singular: turd Example: Posrao sam baš veliko…	/ɡǒːʋno/
1438	duše	soul	/ˈduʃɛ/
1439	kupila	to buy, purchase	/ˈkupɪlɐ/
1440	otprilike	approximately, about	/otprǐːlikeː/
1441	igrao	to play	/ˈiɡrɐo/
1442	drugačiji	different	/druɡǎt͡ʃijiː/
1443	cure	girl	/ˈtsurɛ/
1444	rupu	pit, hole	/ˈrupʊ/
1445	vodite	to lead	/ˈvodɪtɛ/
1446	muzika	music	/mǔzika/
1447	zadrži	to keep, retain, withhold	/ˈzadrʒɪ/
1448	ocem	father	/ˈotsɛm/
1449	krenuti	to move, set in motion	/krěːnuti/
1450	plati	to pay	/ˈplatɪ/
1451	čudovište	monster	/t͡ʃudǒʋiːʃte/
1452	vrat	neck	/ʋrâːt/
1453	selo	village	/sělo/
1454	ćuti	to be silent, to shut up	/ˈtɕutɪ/
1455	iznenada	suddenly, unexpectedly	/îznenaːda/
1456	mogućnost	possibility, potentiality	/moɡǔːt͡ɕnoːst/
1457	moli	to ask, request, beg	/ˈmolɪ/
1458	pogledati	to look, glance, cast an eye upon	/pǒɡledati/
1459	razlika	difference	/rǎːzlika/
1460	dar	gift	/dâːr/
1461	prokleto	to curse	/ˈproklɛto/
1462	vojnik	soldier	/ʋǒjniːk/
1463	borba	fight	/bǒrba/
1464	izvor	well, wellspring	/ǐzʋor/
1465	park	park	/pârk/
1466	muči	to be silent	/ˈmutʃɪ/
1467	sudu	court	/ˈsudʊ/
1468	opasnost	danger	/opǎːsnoːst/
1469	član	member	/t͡ʃlâːn/
1470	snaga	strength, power	/snǎːɡa/
1471	cenu	price	/ˈtsɛnʊ/
1472	grudi	thorax, chest, breast, bosom	/ɡrûːdi/
1473	gomila	tumulus, barrow, burial mound or cairn	/ɡǒmila/
1474	doneti	to bring, carry	/dǒneːti/
1475	zla	evil, malicious, bad, mean, wicked	/ˈzla/
1476	poštovanje	respect, esteem	/poʃtoʋǎːɲe/
1477	pucaj	to crack, break, burst, split	/ˈputsɑj/
1478	poznat	well-known, known	/pôznaːt/
1479	odnos	relationship	/ǒdnos/
1480	dovesti	to transfer something by driving	/doʋěsti/
1481	operacija	operation	/ˈopɛˌrɐtsɪjɐ/
1482	istom	same	/ˈistom/
1483	kojih	masculine genitive plural	/ˈkojɪh/
1484	nosio	to carry, bring	/ˈnosɪo/
1485	los	moose	/lôs/
1486	pošalji	to send	/ˈpoʃɐʎɪ/
1487	opasan	dangerous	/ôpaːsan/
1488	makar	at least	/mǎkar/
1489	kiša	rain	/kîʃa/
1490	profesor	professor	/prǒfesor/
1491	fantastično	fantastically	/fantǎstit͡ʃno/
1492	gledala	to watch, look, see	/ˈɡlɛdɐlɐ/
1493	leta	summer, summertime	/ˈlɛtɐ/
1494	boriti	to fight, struggle	/bǒriti/
1495	gledali	to watch, look, see	/ˈɡlɛdɐlɪ/
1496	duša	soul	/dǔːʃa/
1497	pravilo	rule	/prâʋilo/
1498	naročito	particularly, especially	/nǎːrot͡ʃito/
1499	informacija	information	/informǎːt͡sija/
1500	čist	clean, pure	/t͡ʃîst/
1501	kamera	video camera	/kǎmera/
1502	kreće	to move	/ˈkrɛtɕɛ/
1503	rođen	born	/rôd͡ʑen/
1504	rada	indefinite masculine/neuter genitive singular	/ˈradɐ/
1505	novom	new	/ˈnovom/
1506	trik	trick	/trîk/
1507	muka	pain	/mûka/
1508	država	country	/dř̩ʒaʋa/
1509	ulogu	role	/ˈuloɡʊ/
1510	milja	mile	/mîːʎa/
1511	ponašanje	behavior	/ponǎːʃaːɲe/
1512	krenuli	to move, set in motion	/ˈkrɛnʊlɪ/
1513	bebe	baby, infant	/beˈbe/
1514	mame	to lure, entice	/ˈmamɛ/
1515	uđe	to enter, go into, come in	/ˈudʑɛ/
1516	prodaje	sale	/ˈprodɑje/
1517	toni	to sink	/ˈtonɪ/
1518	tima	team	/ˈtimɐ/
1519	đubre	manure	/d͡ʑûbre/
1520	celom	whole	/ˈtsɛlom/
1521	ribe	fish	/ˈribɛ/
1522	profesore	professor	/ˈprofɛˌsorɛ/
1523	nivo	level	/nǐʋoː/
1524	šumi	forest, woods	/ˈʃumɪ/
1525	čujemo	to hear	/ˈtʃujemo/
1526	visoko	highly, high	/ʋisǒko/
1527	đavo	devil	/d͡ʑâʋoː/
1528	raj	heaven, paradise	/râːj/
1529	uhvatiti	to grab, seize, take hold of	/ǔxʋatiti/
1530	ostavili	to leave	/ˈostɐˌvɪlɪ/
1531	prodao	to sell	/ˈprodɐo/
1532	duga	long	/dǔːɡa/
1533	boja	color, tint	/bǒja/
1534	osiguranje	insurance, assurance	/osiɡurǎːɲe/
1535	sekund	second	/ˈsɛkʊnd/
1536	gas	acceleration	/ɡâːs/
1537	nebo	sky	/ˈnêbo/
1538	leti	summers, in summer, during the summer	/lêti/
1539	šou	show	/ʃôu/
1540	gđica	Miss, Ms	/ˈɡdʑitsɐ/
1541	love	hunt, hunting	/ˈlovɛ/
1542	odgovoran	responsible	/ôdɡoʋoːran/
1543	mlad	young	/mlâːd/
1544	loptu	ball	/ˈloptʊ/
1545	ortak	partner, associate	/ǒrtaːk/
1546	pantalone	trousers, pants	/pantalǒːne/
1547	pesma	poem	/pêsma/
1548	dvadeset	twenty	/dʋǎːdeset/
1549	ptica	bird	/ptît͡sa/
1550	konj	horse	/kôɲ/
1551	nasamo	in private, alone, face-to-face	/nâsaːmo/
1552	hiljadu	thousand of	/xîʎadu/
1553	nadao	to hope	/ˈnadɐo/
1554	teška	heavy, weighty	/ˈtɛʃkɐ/
1555	kurva	whore, prostitute	/kûːrʋa/
1556	gazda	landlord	/ɡâzda/
1557	ubrzo	soon	/ûbrːzo/
1558	nečemu	dative of nȅšto	/nêt͡ʃemu/
1559	potez	stroke, move	/ˈpotɛz/
1560	lovu	hunt, hunting	/ˈlovʊ/
1561	otkriti	to uncover, unveil	/ǒtkriti/
1562	stoj	second-person singular imperative of stàjati	/ˈstoj/
1563	držao	to hold, grasp	/ˈdrʒao/
1564	neprijatelj	enemy	/něprijateʎ/
1565	nada	hope	/nǎːda/
1566	praviš	to make, create	/ˈpravɪʃ/
1567	ovakav	like this, this kind of	/oʋǎkaːʋ/
1568	priznati	to acknowledge, recognize	/prǐznati/
1569	cveće	flowers	/t͡sʋêːt͡ɕe/
1570	živjeti	to live, exist, be alive	/ʒǐːʋjeti/
1571	žalim	to mourn, grieve	/ˈʒalɪm/
1572	otvoriti	to open	/otʋǒriti/
1573	leži	to lie, recline	/ˈlɛʒɪ/
1574	vatra	fire	/ʋâtra/
1575	zgodan	handsome, pretty, attractive	/zɡôdan/
1576	slobodu	freedom	/ˈslobodʊ/
1577	prostor	space	/prǒːstor/
1578	uključujući	present verbal adverb of uključívati	/ˈukʎʊtˌʃʊjʊtɕɪ/
1579	direktno	directly, straight	/dǐrektno/
1580	krivi	guilty, culpable	/ˈkrivɪ/
1581	bomba	bomb	/bôːmba/
1582	kučka	bitch, dam	/kût͡ʃka/
1583	deci	children	/ˈdɛtsɪ/
1584	odelo	suit	/oděːlo/
1585	dvaput	twice	/dʋǎːput/
1586	vrhu	peak	/ˈvrhu/
1587	pravom	pure, true, genuine	/ˈpravom/
1588	stigne	to arrive, reach	/ˈstiɡnɛ/
1589	uđem	to enter, go into, come in	/ˈudʑɛm/
1590	stavim	to put, place	/ˈstavɪm/
1591	rezultat	result	/rezǔltaːt/
1592	životom	life	/ˈʒivotom/
1593	zadnja	back, rear, hind	/ˈzadɲɐ/
1594	kćer	alternative form of kćȋ	/kt͡ɕêːr/
1595	fin	fine, delicate	/fîːn/
1596	upali	inflammation, pneumonia	/ˈupɐlɪ/
1597	vodio	to lead	/ˈvodɪo/
1598	haljinu	dress	/ˈxaʎɪnʊ/
1599	direktor	director	/dǐrektor/
1600	širom	widely	/ʃǐːrom/
1601	mač	sword	/mât͡ʃ/
1602	crna	feminine nominative/vocative singular of cȓn	/ˈtsrna/
1603	prijatno	pleasantly, pleasingly	/prîjaːtno/
1604	delo	work	/dêlo/
1605	ondje	there, over there	/ǒːndje/
1606	odjebi	second-person singular imperative of odjèbati: fuck off, go…	/odjěbi/
1607	voditi	to lead	/ʋǒditi/
1608	čitav	whole, entire, all	/t͡ʃîtaʋ/
1609	poseban	special	/pǒːseban/
1610	poljubac	a kiss	/ˈpoʎʊbɐts/
1611	poći	to go, go away, leave, depart	/pǒːt͡ɕi/
1612	jeo	to eat, consume	/ˈjeo/
1613	vetar	wind	/ʋêtar/
1614	gospodar	master, lord	/ɡospǒdaːr/
1615	svašta	all sorts of things; everything	/sʋâʃta/
1616	doista	truly, indeed	/dôista/
1617	nervozan	nervous	/nêrʋoːzan/
1618	spasi	to save, salvage	/ˈspasɪ/
1619	miči	to move	/ˈmitʃɪ/
1620	šalje	to send	/ˈʃaʎe/
1621	veštica	witch, sorceress	/ʋěʃtit͡sa/
1622	položaj	position	/pôloʒaːj/
1623	jelo	to eat, consume	/jêlo/
1624	stanice	station	/ˈstanɪtsɛ/
1625	ptice	bird	/ˈptitsɛ/
1626	iskustvo	experience	/iskǔːstʋo/
1627	prst	finger	/pr̩̂st/
1628	večer	evening	/ʋêt͡ʃeːr/
1629	plaća	pay	/plǎːt͡ɕa/
1630	pratio	to follow	/ˈpratɪo/
1631	miran	motionless	/mǐːran/
1632	smeće	trash, waste, garbage	/smět͡ɕe/
1633	strava	horror, dread	/strǎːʋa/
1634	pucao	to crack, break, burst, split	/ˈputsɐo/
1635	poslom	job	/ˈposlom/
1636	autobus	bus	/autǒːbus/
1637	roditeljima	parent	/ˈrodɪˌtɛʎɪmɐ/
1638	nov	new	/nôʋ/
1639	napao	to attack, assault	/ˈnapɐo/
1640	drže	to hold, grasp	/ˈdrʒɛ/
1641	duha	smell, stench, odor	/ˈduhɐ/
1642	naprijed	forward, forwards	/nâprjeːd/
1643	smemo	can, may, be allowed to	/ˈsmɛmo/
1644	uostalom	after all, besides	/uǒstaːlom/
1645	klijent	client	/ˈklijent/
1646	ujak	maternal uncle	/ûjaːk/
1647	ulica	street	/ûlit͡sa/
1648	sretno	luckily, with luck, having luck, with the help of luck	/ˈsrɛtno/
1649	prihvatiti	to accept	/prǐxʋatiti/
1650	poslove	job	/ˈposlovɛ/
1651	čiji	whose	/t͡ʃǐjiː/
1652	nogama	leg	/ˈnoɡɐmɐ/
1653	zamisliti	to imagine	/zǎmisliti/
1654	kreveta	bed	/ˈkrɛvɛtɐ/
1655	pića	nominative/genitive/accusative/vocative plural of píće	/ˈpitɕɐ/
1656	led	ice	/lêːd/
1657	nikakav	any, no	/nîkakaʋ/
1658	nose	to carry, bring	/ˈnosɛ/
1659	krene	to move, set in motion	/ˈkrɛnɛ/
1660	novim	new	/ˈnovɪm/
1661	izuzetno	exceptionally	/îzuzeːtno/
1662	braća	brethren, brothers	/brât͡ɕa/
1663	rešenje	solution	/reʃěːɲe/
1664	uši	louse	/ˈuʃɪ/
1665	pitate	to ask	/ˈpitɐtɛ/
1666	ured	office	/ˈurɛd/
1667	zamalo	almost, nearly	/zǎmalo/
1668	most	bridge	/môːst/
1669	spisak	list	/spîsak/
1670	zovete	to call, to be called	/zǒʋete/
1671	rak	crab	/râk/
1672	zovemo	to call, to be called	/zǒʋemo/
1673	napustiti	to leave	/napǔstiti/
1674	obzir	consideration, care, respect	/ôbziːr/
1675	vijesti	news	/ˈvijestɪ/
1676	normalan	normal	/nôrmaːlan/
1677	lov	hunt, hunting	/lôːʋ/
1678	uništio	to destroy, annihilate	/ˈunɪʃˌtɪo/
1679	neobično	unusually, strangely, oddly	/nêobit͡ʃno/
1680	smesta	at once, immediately, right away	/smêsta/
1681	baru	dative/locative singular of bȃr	/ˈbɑrʊ/
1682	želja	wish, desire	/ʒěʎa/
1683	stoje	third-person plural present of stàjati	/ˈstoje/
1684	jučer	yesterday	/jǔt͡ʃeːr/
1685	udala	to marry off	/ˈudɐlɐ/
1686	stomak	stomach	/stômaːk/
1687	stanica	station	/stǎnit͡sa/
1688	šešir	hat	/ʃěʃiːr/
1689	nade	hope	/nǎːde/
1690	osnovu	basis, foundation	/ˈosnovʊ/
1691	tužno	sadly	/tûːʒno/
1692	važna	important	/ˈvaʒnɐ/
1693	gladna	hungry	/ˈɡladnɐ/
1694	mjesec	moon	/mjêseːt͡s/
1695	krije	to hide, conceal	/ˈkrije/
1696	vodiš	to lead	/ˈvodɪʃ/
1697	malom	small	/ˈmalom/
1698	jao	woe, alas	/ˈjao/
1699	osjećaj	feeling	/ôsjet͡ɕaːj/
1700	iznutra	from inside	/ǐznuːtra/
1701	američki	in the American manner	/aměrit͡ʃkiː/
1702	pažnja	attention	/pǎʒɲa/
1703	jedi	to eat, consume	/ˈjedɪ/
1704	običan	common, usual	/ǒbit͡ʃan/
1705	čvrsto	firmly, tightly, steadily	/t͡ʃʋr̩̂ːsto/
1706	gadno	ugly, disgusting, repulsive	/ˈɡadno/
1707	dokle	how far	/dǒːkleː/
1708	palo	neuter singular active past participle of pȁsti	/ˈpalo/
1709	papir	paper	/pǎpiːr/
1710	mrtvih	masculine/feminine/neuter genitive plural of mr̀tav	/ˈmrtvih/
1711	vozač	driver	/ʋǒzaːt͡ʃ/
1712	misija	mission	/mǐsija/
1713	stati	to stop, halt	/stâːti/
1714	srećom	fortunately	/srêt͡ɕoːm/
1715	slušati	to listen	/slûʃati/
1716	lisa	blaze	/lîsa/
1717	pacijent	patient	/pat͡sǐjent/
1718	moru	an anxiety-inducing concern, a hardship	/ˈmorʊ/
1719	rok	deadline	/rôk/
1720	ribu	fish	/ˈribʊ/
1721	krivim	guilty, culpable	/ˈkrivɪm/
1722	povrediti	to hurt, injure, wound	/poʋrěːditi/
1723	ekipa	team, crew	/ekǐːpa/
1724	provesti	to lead, guide, take	/proʋěsti/
1725	tati	dad, daddy	/ˈtatɪ/
1726	teže	comparative degree of tȇško	/ˈtɛʒɛ/
1727	umjesto	instead of	/ǔmjesto/
1728	sinu	shadow; shade	/ˈsinʊ/
1729	mašina	machine	/maʃǐːna/
1730	tvrdi	hard, firm	/ˈtvrdi/
1731	molimo	to ask, request, beg	/ˈmolɪmo/
1732	dobrodošao	welcome	/dobrodǒʃao/
1733	gubitak	loss	/ɡubǐːtak/
1734	tjedna	week	/ˈtjednɐ/
1735	ušla	to enter, go into, come in	/ˈuʃlɐ/
1736	jače	comparative degree of jȃko	/ˈjatʃɛ/
1737	sveti	holy, saint	/ˈsvɛtɪ/
1738	uzrok	cause, reason	/ǔzrok/
1739	ulaz	entrance	/ǔlaz/
1740	ostrvo	island	/ôstr̩ʋo/
1741	sladoled	ice cream	/slâdoleːd/
1742	hitnu	urgent	/ˈxitnʊ/
1743	rupa	pit, hole	/rûpa/
1744	smijem	may, can	/ˈsmijem/
1745	drug	friend	/drûːɡ/
1746	udar	stroke, hit	/ûdaːr/
1747	voziti	to drive	/ʋǒziti/
1748	princ	prince	/prînt͡s/
1749	rizik	risk	/rǐzik/
1750	nimalo	not at all, not a bit	/nǐmalo/
1751	pogodio	to hit	/ˈpoɡoˌdɪo/
1752	zahvalan	grateful, thankful	/zǎːxʋaːlan/
1753	model	model	/mǒdel/
1754	luk	onion	/lûk/
1755	svedok	witness	/ˈsvɛdok/
1756	krila	wing	/ˈkrilɐ/
1757	viski	whiskey/whisky	/ʋîski/
1758	igraju	to play	/ˈiɡrɑjʊ/
1759	kompanija	company	/kompǎnija/
1760	stil	style	/stîl/
1761	čuva	to guard, protect	/ˈtʃuvɐ/
1762	dodaj	to add	/ˈdodɑj/
1763	pesme	poem	/ˈpɛsmɛ/
1764	mira	peace	/ˈmirɐ/
1765	pitali	to ask	/ˈpitɐlɪ/
1766	pratiti	to follow	/prâtiti/
1767	počnem	to begin, start, commence	/ˈpotʃnɛm/
1768	velik	big, large	/ʋělik/
1769	vozilo	vehicle	/ʋǒzilo/
1770	pratim	to follow	/ˈpratɪm/
1771	sred	in the middle of	/srêd/
1772	stav	posture, stance, position	/stâʋ/
1773	namerno	intentionally, deliberately	/nǎːmerno/
1774	sali	hall, auditorium	/ˈsalɪ/
1775	želju	wish, desire	/ˈʒɛʎʊ/
1776	ubojica	murderer, killer	/ǔbojit͡sa/
1777	promena	change	/prômena/
1778	sluša	to listen	/ˈsluʃɐ/
1779	pobediti	to conquer, overcome	/poběːditi/
1780	otkako	since, ever since	/ǒtkako/
1781	povratak	return	/pǒʋratak/
1782	izraz	expression	/ˈizrɐz/
1783	spremno	readily	/sprêmno/
1784	rukom	arm	/ˈrukom/
1785	sok	juice	/sôːk/
1786	trajati	to last, continue	/trâjati/
1787	oprostiti	to forgive, pardon	/oprǒstiti/
1788	polje	field	/pôʎe/
1789	toku	flow	/ˈtokʊ/
1790	zgrada	building	/zɡrâda/
1791	stopala	foot	/ˈstopɐlɐ/
1792	ljuti	angry	/ˈʎutɪ/
1793	primio	to receive, get	/ˈprimɪo/
1794	kombi	station wagon	/ˈkombɪ/
1795	mlade	young	/ˈmladɛ/
1796	jedinica	one	/jedǐnit͡sa/
1797	planeta	planet	/planěːta/
1798	ušli	to enter, go into, come in	/ˈuʃlɪ/
1799	linija	line	/lǐːnija/
1800	boji	color, tint	/bǒji/
1801	poručnik	lieutenant	/pǒrut͡ʃniːk/
1802	pete	heel	/ˈpɛtɛ/
1803	šerif	sheriff	/ˈʃɛrɪf/
1804	dnevno	daily, on a daily basis	/dnêːʋno/
1805	pukovnik	colonel	/pǔkoːʋniːk/
1806	sedim	grey	/ˈsɛdɪm/
1807	nosila	to carry, bring	/nǒsila/
1808	djece	children	/ˈdjetsɛ/
1809	ovoliko	this much/many, so much/many, as much/many	/oʋolǐkoː/
1810	decom	children	/ˈdɛtsom/
1811	popraviti	to fix, repair	/pǒpraʋiti/
1812	suđenje	trial	/sǔːd͡ʑeːɲe/
1813	uzima	to take	/ˈuzɪmɐ/
1814	malim	small	/ˈmalɪm/
1815	utakmicu	sports game	/ˈutɐkˌmɪtsʊ/
1816	jedu	to eat, consume	/ˈjedʊ/
1817	jedemo	to eat, consume	/ˈjedɛmo/
1818	svetlost	light	/sʋêtloːst/
1819	kris	kris	/krîːs/
1820	staro	old	/ˈstɑro/
1821	uprkos	despite, in spite of	/ûprkos/
1822	međutim	however, on the other hand	/med͡ʑǔtiːm/
1823	kutija	box, chest	/kǔtija/
1824	neprijatno	unpleasantly	/nêprijaːtno/
1825	imalo	to have, possess, own	/ˈimɐlo/
1826	prijem	admission	/prǐjem/
1827	rane	early	/ˈranɛ/
1828	lopov	thief, crook	/lǒːpoʋ/
1829	karijeru	career	/ˈkɑrɪˌjerʊ/
1830	bako	grandmother, grandma	/ˈbako/
1831	samoubistvo	suicide	/ˈsamoʊˌbɪstvo/
1832	piva	alternative form of pȋvo	/pǐːʋa/
1833	prodati	to sell	/prǒdati/
1834	vrh	on top of	/ʋr̩̂x/
1835	spremi	qualification, training	/ˈsprɛmɪ/
1836	činjenice	fact	/ˈtʃiɲeˌnɪtsɛ/
1837	prednost	advantage	/prêdnoːst/
1838	objašnjenje	explanation	/objaʃɲěːɲe/
1839	beli	white	/ˈbɛlɪ/
1840	smisao	sense, meaning	/smîːsao/
1841	platim	to pay	/ˈplatɪm/
1842	če	if	/tʃɛ/
1843	vodom	water	/ˈvodom/
1844	danima	for days and days	/dǎːnima/
1845	dokazati	to prove	/dokǎːzati/
1846	mačka	cat	/mât͡ʃka/
1847	pojeo	to eat, consume	/ˈpojeo/
1848	uspio	to succeed, make good	/ˈuspɪo/
1849	nagrada	prize	/nâːɡrada/
1850	potrazi	search	/ˈpotrɐzɪ/
1851	obuci	to dress, clothe, put on clothes	/ˈobʊtsɪ/
1852	zadovoljan	content, satisfied	/zâdoʋoːʎan/
1853	navodno	allegedly, reportedly	/nǎːʋodno/
1854	promenila	to change	/ˈpromɛˌnɪlɐ/
1855	posto	percent	/ˈposto/
1856	riješiti	to solve	/rjěːʃiti/
1857	zdravlje	health	/zdrâːʋʎe/
1858	epizoda	episode	/epizǒːda/
1859	pobeći	to flee, run away	/pǒbet͡ɕi/
1860	slučajnost	coincidence	/ˈslutʃɑjnost/
1861	bogatstvo	wealth	/boɡǎtstʋo/
1862	čekali	to wait, await	/ˈtʃɛkɐlɪ/
1863	njime	him	/ɲǐːme/
1864	oblik	shape, form, figure	/ôbliːk/
1865	bogat	rich, wealthy	/bǒɡat/
1866	ubojstvo	murder	/ǔboːjstʋo/
1867	jedinice	one	/ˈjedɪˌnɪtsɛ/
1868	pojesti	to eat, consume	/pǒjesti/
1869	reke	river	/ˈrɛkɛ/
1870	cena	price	/t͡sěːna/
1871	konje	horse	/ˈkoɲe/
1872	lezi	to lie down	/ˈlɛzɪ/
1873	sljedeći	next, following	/sʎědeːt͡ɕiː/
1874	jela	meal	/jěːla/
1875	toalet	toilet	/toǎlet/
1876	svemir	space, universe	/sʋêmiːr/
1877	seksa	genitive singular of sȅks	/sêksa/
1878	visok	high, tall	/ʋǐsok/
1879	oženio	to marry	/ˈoʒɛˌnɪo/
1880	francuski	in a French manner, as a Frenchman	/frǎnt͡suːskiː/
1881	izgled	appearance, outlook, look	/îzɡleːd/
1882	nevin	innocent	/nêʋiːn/
1883	pisao	to write	/ˈpisɐo/
1884	čija	alternative form of čèhati	/t͡ʃǐja/
1885	ponudio	to offer, to put forward	/ˈponʊˌdɪo/
1886	knjizi	book	/ˈkɲizɪ/
1887	oluja	storm	/olǔːja/
1888	stoga	so, therefore, for that/this reason, ergo	/stôɡaː/
1889	mleko	milk	/mlěːko/
1890	trener	coach	/trěːner/
1891	istoj	same	/ˈistoj/
1892	preuzeti	to take over, take on	/preǔzeːti/
1893	kupatilo	bathroom	/kupǎtilo/
1894	želje	wish, desire	/ˈʒɛʎe/
1895	javiti	to inform, notify, let know	/jǎːʋiti/
1896	kaput	coat	/kǎpuːt/
1897	otrov	poison	/ǒtroʋ/
1898	živite	to live, exist, be alive	/ˈʒivɪtɛ/
1899	muda	genitive singular	/ˈmudɐ/
1900	kompjuter	computer	/kompjǔter/
1901	in	other	/ˈin/
1902	rupe	pit, hole	/ˈrupɛ/
1903	čin	action, act, deed	/t͡ʃîːn/
1904	pogotovo	especially, particularly, in particular	/poɡǒtoʋo/
1905	razumeti	to understand	/razǔmeti/
1906	kazna	punishment	/kâzna/
1907	princeza	princess	/print͡sěːza/
1908	iskoristiti	to use, utilize, make use of	/iskǒristiti/
1909	najgori	evil, malicious, bad, mean, wicked	/nâːjɡoriː/
1910	timu	team	/ˈtimʊ/
1911	nađu	to find, discover	/ˈnadʑʊ/
1912	pogrešan	wrong, incorrect	/pǒɡreʃan/
1913	skupa	together, jointly	/skûpa/
1914	žurka	party	/ʒûrka/
1915	crno	black	/ˈtsrno/
1916	interesantno	interestingly	/interesǎntno/
1917	spasao	to fall down	/ˈspasɐo/
1918	nečeg	genitive of nȅšto	/nêt͡ʃeɡ/
1919	diži	to lift, raise, elevate	/ˈdiʒɪ/
1920	prešao	to cross, get across, get over, go over	/ˈprɛʃɐo/
1921	zauvijek	forever	/zǎuʋijeːk/
1922	trudim	to try, make an effort	/ˈtrudɪm/
1923	uđeš	to enter, go into, come in	/ˈudʑɛʃ/
1924	go	naked, nude, bare	/ɡôː/
1925	lepu	nice, pretty	/ˈlɛpʊ/
1926	paket	packet	/pǎkeːt/
1927	zatvoren	closed	/zǎtʋoren/
1928	velikih	big, large	/ˈvɛlɪkɪh/
1929	virus	computer virus	/ˈvirʊs/
1930	droga	drug	/drǒːɡa/
1931	toplo	warmly	/tôplo/
1932	kafa	coffee	/kǎfa/
1933	otvoren	open, opened, uncovered	/ǒtʋoren/
1934	seme	seed	/sême/
1935	istraživanje	research	/istraʒǐːʋaːɲe/
1936	tate	dad, daddy	/ˈtatɛ/
1937	sise	woman's breast	/ˈsisɛ/
1938	uzgred	by the way	/ûzɡreːd/
1939	članak	article	/t͡ʃlǎːnak/
1940	brz	fast	/br̩̂ːz/
1941	piti	to drink	/pîti/
1942	bela	belote	/bêla/
1943	vojske	army	/ˈvojskɛ/
1944	uči	to learn, study	/ˈutʃɪ/
1945	gladi	to stroke, pet	/ˈɡladɪ/
1946	svoga	one's own	/ˈsvoɡɐ/
1947	predstava	show	/prêːdstaʋa/
1948	starom	old	/ˈstɑrom/
1949	crvena	red	/ˈtsrvɛnɐ/
1950	kvragu	damn, dammit	/kʋrâːɡu/
1951	staru	old	/ˈstɑrʊ/
1952	prirodno	naturally	/prǐːrodno/
1953	kukavica	cuckoo	/kûkaʋit͡sa/
1954	kontrole	control	/ˈkontrolɛ/
1955	ljubomoran	jealous	/ʎûbomoːran/
1956	prolaz	passageway	/prǒːlaz/
1957	suprug	husband, male spouse	/sûpruɡ/
1958	momenat	moment	/ˈmomɛnɐt/
1959	snove	sleep	/snôʋe/
1960	teorija	theory	/teǒːrija/
1961	dnevnik	diary	/dnêːʋniːk/
1962	promijeniti	to change	/promijěːniti/
1963	većinu	majority, most	/ˈvɛtɕɪnʊ/
1964	nalaze	third-person plural present indicative of nàlaziti impf	/ˈnalɐzɛ/
1965	korist	benefit, advantage, use	/kôriːst/
1966	podne	noon, midday	/pǒːdneː/
1967	neba	sky	/ˈnɛbɐ/
1968	krov	roof	/krôːʋ/
1969	uživo	live	/ûʒiːʋo/
1970	otvoreno	openly	/ǒtʋoreno/
1971	kuca	doggy, puppy	/kǔːt͡sa/
1972	leda	ice	/ˈlɛdɐ/
1973	ostalima	the other	/ˈostɐˌlɪmɐ/
1974	budan	awake	/bǔːdan/
1975	rešiti	to solve	/rěːʃiti/
1976	područje	area, region, territory	/pǒdruːt͡ʃje/
1977	utisak	impression	/ǔtisak/
1978	nesreću	accident	/ˈnɛsrɛtɕʊ/
1979	dosad	until now, so far, thus far	/dǒsad/
1980	besplatno	free of charge	/běsplatno/
1981	naroda	people	/ˈnɑrodɐ/
1982	ludilo	madness, insanity	/lǔdilo/
1983	rana	wound	/râna/
1984	ponuda	offer	/pônuda/
1985	sposoban	capable, fit for, able	/ˈsposobɐn/
1986	haljina	dress	/xǎʎina/
1987	pogodak	goal, hit	/pǒɡodak/
1988	bobe	broad bean	/ˈbobɛ/
1989	dokazi	proof, evidence	/ˈdokɐzɪ/
1990	slušao	to listen	/ˈsluʃɐo/
1991	kluba	club	/ˈklubɐ/
1992	seronja	asshole, motherfucker, douchebag, fucker	/sěːroɲa/
1993	noga	leg	/nǒɡa/
1994	izgledati	to seem, appear	/izɡlěːdati/
1995	požar	fire	/pôʒaːr/
1996	uređaj	device, gadget, appliance	/ûred͡ʑaːj/
1997	kolena	knee	/ˈkolɛnɐ/
1998	drugde	elsewhere	/drûɡde/
1999	ponoviti	to repeat	/ponǒʋiti/
2000	plaćam	to pay	/ˈplatɕɐm/
2001	pušku	rifle	/ˈpuʃkʊ/
2002	rođak	relative, cousin	/rôd͡ʑaːk/
2003	čuvar	custodian, guard, watchman	/t͡ʃǔʋaːr/
2004	proklet	damn, bloody	/prôkleːt/
2005	osobno	personally	/ǒsobno/
2006	kožu	skin	/ˈkoʒʊ/
2007	udati	to marry off	/ǔdati/
2008	uzorak	sample, specimen	/ǔːzorak/
2009	prste	finger	/ˈprstɛ/
2010	luke	harbor; harbour	/ˈlukɛ/
2011	prate	to follow	/ˈpratɛ/
2012	golf	golf	/ˈɡolf/
2013	sendvič	sandwich	/sêndʋit͡ʃ/
2014	nečim	instrumental of nȅšto	/nêt͡ʃim/
2015	proces	process	/prǒt͡ses/
2016	pasti	to fall	/pâsti/
2017	pisac	writer	/pǐːsat͡s/
2018	bend	band	/bênd/
2019	izvrsno	delightfully, perfectly	/îzʋr̩sno/
2020	adresa	address	/adrěsa/
2021	izazov	challenge	/îzazoːʋ/
2022	zahtev	request	/zǎːxteʋ/
2023	oprezan	cautious, careful	/ôpreːzan/
2024	raspored	schedule, program	/râsporeːd/
2025	nebu	sky	/ˈnɛbʊ/
2026	ljudski	humans; human	/ʎǔdskiː/
2027	puni	full, filled	/ˈpunɪ/
2028	nekakav	some	/nêkakaʋ/
2029	sudbinu	fate, destiny	/ˈsudbɪnʊ/
2030	stojim	first-person singular present of stàjati	/ˈstojɪm/
2031	krivo	awry	/krîːʋo/
2032	bolnica	hospital	/bǒːlnit͡sa/
2033	iznenađen	surprised	/izněnaːd͡ʑen/
2034	unazad	back, backwards	/ǔnazaːd/
2035	narednik	sergeant	/nǎːredniːk/
2036	sezona	season	/sezǒːna/
2037	snu	sleep	/snû/
2038	voleti	to love	/ʋǒleti/
2039	znanje	knowledge	/znǎːɲe/
2040	ču	to hear	/ˈtʃu/
2041	datum	date	/dǎːtum/
2042	pojavila	to appear, emerge	/ˈpojɐˌvɪlɐ/
2043	koledž	college	/kǒled͡ʒ/
2044	nered	chaos, mess, disorder	/nêreːd/
2045	sveštenik	priest	/sʋěʃteniːk/
2046	ogroman	giant, huge, vast, enormous	/ôɡroːman/
2047	veka	century	/ˈvɛkɐ/
2048	šampanjac	champagne	/ʃampǎːɲat͡s/
2049	domu	dative/locative singular of dȏm	/dǒmu/
2050	doveli	to transfer something by driving	/ˈdovɛlɪ/
2051	ravno	straight, directly	/râːʋno/
2052	nestati	to disappear, vanish	/něstati/
2053	mraku	dark, darkness	/ˈmrakʊ/
2054	osmeh	smile	/ˈosmɛh/
2055	prozora	window	/ˈprozorɐ/
2056	anđeo	angel	/âːnd͡ʑeo/
2057	hrabrost	courage	/xrǎːbroːst/
2058	rođaka	cousin, relative	/ˈrodʑɐkɐ/
2059	obaviti	to do, perform, complete, carry out	/ǒbaʋiti/
2060	gost	guest	/ɡôːst/
2061	takvih	such, of such kind	/ˈtakvɪh/
2062	sigurnost	security	/siɡǔːrnoːst/
2063	upozorenje	warning	/ˈupoˌzorɛɲe/
2064	objašnjava	to explain	/ˈobjɐʃˌɲɐvɐ/
2065	inspektor	inspector	/ǐnspektor/
2066	odustati	to give up, abandon + od	/odǔstati/
2067	prezime	last name	/prězime/
2068	pridružiti	to join somebody	/pridrǔːʒiti/
2069	budući	having been	/bǔduːtɕiː/
2070	karta	card	/kâːrta/
2071	svinja	pig	/sʋǐːɲa/
2072	teret	burden	/těret/
2073	naporno	strenuously, arduously, laboriously, hard	/nǎːpoːrno/
2074	kože	skin	/ˈkoʒɛ/
2075	zidu	wall	/ˈzidʊ/
2076	uživam	to enjoy	/ˈuʒɪvɐm/
2077	šumu	noise	/ˈʃumʊ/
2078	učitelj	teacher	/ǔt͡ʃiteʎ/
2079	seti	sorrow, melancholy	/ˈsɛtɪ/
2080	hrabar	bold, courageous, brave	/xrǎːbar/
2081	di	where	/ˈdi/
2082	završen	finished	/ˈzavrʃɛn/
2083	granica	border	/ɡrǎnit͡sa/
2084	stvorenje	being, creature	/stʋorěːɲe/
2085	nevjerojatno	incredibly, unlikely, unbelievably, improbably	/ˈnɛvjeˌrojɐtno/
2086	kancelarija	office	/kant͡selǎrija/
2087	povuci	to pull	/ˈpovʊtsɪ/
2088	rečima	word	/ˈrɛtʃɪmɐ/
2089	milijuna	million	/ˈmilɪˌjʊnɐ/
2090	poverenje	trust	/poʋerěːɲe/
2091	ćale	father	/t͡ɕǎːle/
2092	ume	to know how	/ˈumɛ/
2093	ponedeljak	Monday	/ponědeʎak/
2094	umetnost	art	/ˈumɛtnost/
2095	izgovor	pronunciation	/îzɡoʋoːr/
2096	igrali	to play	/ˈiɡrɐlɪ/
2097	nevolja	trouble, misfortune	/něʋoʎa/
2098	izdržati	to endure, withstand	/izdř̩ʒati/
2099	udata	married	/ˈudɐtɐ/
2100	starim	old	/ˈstɑrɪm/
2101	nađete	to find, discover	/ˈnadʑɛtɛ/
2102	zvanično	officially	/zʋǎnit͡ʃno/
2103	aerodrom	airport, aerodrome	/aerǒdrom/
2104	bogati	rich, wealthy	/ˈboɡɐtɪ/
2105	stajao	to stop	/ˈstɑjɐo/
2106	nosite	to carry, bring	/ˈnosɪtɛ/
2107	puca	girl	/pût͡sa/
2108	bliski	near, close to	/ˈbliskɪ/
2109	alarm	alarm	/ǎlarm/
2110	sećanja	genitive singular	/ˈsɛtɕɐɲɐ/
2111	čamac	boat	/t͡ʃǎːmat͡s/
2112	sila	force	/sîla/
2113	svira	third-person singular present of svirati impf	/ˈsvirɐ/
2114	predlog	proposal, proposition	/prěːdloɡ/
2115	kćerka	alternative form of kćȋ	/kt͡ɕěːrka/
2116	materijal	material	/materǐjaːl/
2117	odgovoriti	to answer, reply	/odɡoʋǒːriti/
2118	lepi	nice, pretty	/ˈlɛpɪ/
2119	predati	to deliver, hand over	/prědati/
2120	niki	alternative form of nȅkī	/ˈniki/
2121	crkva	church	/t͡sr̩̂ːkʋa/
2122	razvod	divorce	/ˈrazvod/
2123	mačke	cat	/ˈmatʃkɛ/
2124	najzad	finally, in the end	/nâjzad/
2125	neophodno	necessarily	/nêopxodno/
2126	kći	daughter	/kt͡ɕîː/
2127	pravimo	to make, create	/ˈpravɪmo/
2128	predmet	thing, object	/prěːdmet/
2129	odeljenje	department	/odeʎěːɲe/
2130	ispričati	to narrate, tell	/isprǐːt͡ʃati/
2131	sprat	floor, story/storey	/sprât/
2132	različite	different	/ˈrazlɪtˌʃɪtɛ/
2133	uspeh	success	/ǔspex/
2134	povodom	regarding, with regard to	/pǒʋodom/
2135	utorak	Tuesday	/ǔːtorak/
2136	godišnje	a year	/ɡǒdiʃɲeː/
2137	poznati	to know, have knowledge of	/pǒznati/
2138	prevoz	conveyance, transport, transportation	/prěːʋoz/
2139	usne	lip	/ˈusnɛ/
2140	vera	belief, faith	/ʋêra/
2141	alkohol	alcohol	/ǎlkoxol/
2142	satima	for hours	/sǎːtima/
2143	kolega	colleague	/kolěːɡa/
2144	akcija	action	/ǎkt͡sija/
2145	poštovanja	respect, esteem	/ˈpoʃtoˌvɐɲɐ/
2146	zrak	air	/zrâːk/
2147	prazan	empty, vacant	/prǎːzan/
2148	snovi	sleep	/snôʋi/
2149	rob	slave	/rôb/
2150	obećanje	promise	/obet͡ɕǎːɲe/
2151	oružjem	weapon	/ˈorʊʒjem/
2152	kose	slant, inclined, skew	/ˈkosɛ/
2153	obale	bank	/ˈobɐlɛ/
2154	kreći	to move	/ˈkrɛtɕɪ/
2155	veš	clothes, especially underwear	/ʋêʃ/
2156	pojaviti	to appear, emerge	/pojǎːʋiti/
2157	prijateljstvo	friendship	/prijatěʎstʋo/
2158	motiv	motive	/mǒtiːʋ/
2159	iznova	again, anew	/îznoʋa/
2160	popričati	to spend some time conversing with someone	/poprǐːt͡ʃati/
2161	leto	summer, summertime	/lêto/
2162	baciti	to throw, cast	/bǎːt͡siti/
2163	nadu	hope	/ˈnadʊ/
2164	unapred	beforehand, in advance	/ǔnapreːd/
2165	plače	to cry, weep	/ˈplatʃɛ/
2166	leš	carcass	/lêʃ/
2167	igrač	player	/ǐɡraːt͡ʃ/
2168	mrak	dark, darkness	/mrâːk/
2169	bes	rage	/bêːs/
2170	zaštititi	to defend, protect	/zaʃtǐːtiti/
2171	tužna	sad	/ˈtuʒnɐ/
2172	štiti	to protect	/ʃtîti/
2173	gospođica	miss	/ɡôspod͡ʑit͡sa/
2174	punu	full, filled	/ˈpunʊ/
2175	išlo	to go, walk	/ˈiʃlo/
2176	pluća	lungs	/plǔːt͡ɕa/
2177	intervju	interview	/intěrʋjuː/
2178	luka	onion	/lǔːka/
2179	priznanje	recognition	/priznǎːɲe/
2180	izvesti	to export to a foreign country	/izʋěsti/
2181	vile	pitchfork	/ʋîle/
2182	bukvalno	literally	/bûkʋaːlno/
2183	ludak	madman	/lǔdaːk/
2184	dim	smoke	/dîm/
2185	četvrti	fourth	/t͡ʃětʋr̩̄tiː/
2186	svestan	conscious, aware	/sʋêstan/
2187	lekar	physician, doctor	/ˈlɛkɑr/
2188	lagano	lightly	/lâɡano/
2189	stojiš	second-person singular present of stàjati	/ˈstojɪʃ/
2190	hoda	walk, gait	/ˈxodɐ/
2191	upao	to fall into, drop into	/ˈupɐo/
2192	hleb	bread	/xlêb/
2193	temu	theme, subject	/ˈtɛmʊ/
2194	paklu	hell	/ˈpaklʊ/
2195	događaj	event	/dôɡad͡ʑaːj/
2196	plate	to pay	/ˈplatɛ/
2197	licem	face	/ˈlitsɛm/
2198	uđemo	to enter, go into, come in	/ˈudʑɛmo/
2199	suzan	tearful	/sûzan/
2200	jednako	equally, same	/jêdnaːko/
2201	kurs	course	/kûrs/
2202	skot	litter	/skôt/
2203	dugme	button	/dǔɡme/
2204	koža	skin	/kôʒa/
2205	primili	to receive, get	/ˈprimɪlɪ/
2206	jezero	thousand; a great number	/jêzero/
2207	magija	magic	/mǎɡija/
2208	tajno	secretly	/tâːjno/
2209	pune	full, filled	/ˈpunɛ/
2210	zauzeti	to take over, capture, seize	/zaǔzeːti/
2211	rođena	born	/ˈrodʑɛnɐ/
2212	rodila	to bear	/ˈrodɪlɐ/
2213	učim	to learn, study	/ˈutʃɪm/
2214	nijedna	no one, none, nobody	/ˈnijednɐ/
2215	usluga	favour	/ûsluɡa/
2216	volja	will, volition	/ʋôʎa/
2217	plava	feminine nominative/vocative singular	/ˈplavɐ/
2218	bazen	basin	/bǎzeːn/
2219	top	cannon	/tôp/
2220	oficir	officer	/ofǐt͡siːr/
2221	vjerovatno	probably	/ʋjêroʋaːtno/
2222	plačeš	to cry, weep	/ˈplatʃɛʃ/
2223	haos	chaos	/xâos/
2224	poslova	job	/ˈposlovɐ/
2225	njihovom	their, theirs	/ˈɲihovom/
2226	sretni	happy, merry	/ˈsrɛtnɪ/
2227	tačka	dot, period	/tât͡ʃka/
2228	privatni	private	/prîʋaːtniː/
2229	prijatan	pleasant	/prîjaːtan/
2230	gaće	underpants	/ɡât͡ɕe/
2231	papira	paper	/ˈpapɪrɐ/
2232	postaviti	to put, place, set	/pǒstaʋiti/
2233	mladić	young man, lad	/mlǎdiːt͡ɕ/
2234	istraga	inquiry, investigation	/îstraɡa/
2235	hrani	food	/ˈxranɪ/
2236	pažnje	attention	/ˈpaʒɲe/
2237	pokaže	to show, demonstrate	/ˈpokɐʒɛ/
2238	umem	to know how	/ˈumɛm/
2239	vožnja	driving, drive, ride	/ʋǒʒɲa/
2240	bum	to be, to exist	/ˈbum/
2241	sprema	qualification, training	/sprêma/
2242	praktično	practically, in practice	/prǎktit͡ʃno/
2243	zver	beast, wild animal	/zʋêːr/
2244	nabaviti	to obtain, procure, acquire	/nǎbaʋiti/
2245	polja	field	/ˈpoʎɐ/
2246	vrag	devil	/ʋrâːɡ/
2247	stajati	to stop	/stâjati/
2248	koncert	concert	/kǒnt͡sert/
2249	smetati	to mind, care about	/směːtati/
2250	odlazak	departure, leaving	/ǒdlazak/
2251	glasa	voice	/ˈɡlasɐ/
2252	reda	row	/ˈrɛdɐ/
2253	ajmo	alternative form of hàjdemo	/ǎjmo/
2254	novčanik	wallet	/noʋt͡ʃǎniːk/
2255	čuju	to hear	/ˈtʃujʊ/
2256	teren	terrain	/těreːn/
2257	dolar	dollar	/ˈdolɑr/
2258	tatom	dad, daddy	/ˈtatom/
2259	pomoću	with the help of	/pômot͡ɕu/
2260	tužan	sad	/tǔːʒan/
2261	identitet	identity	/identǐteːt/
2262	mek	soft	/mêk/
2263	pratiš	to follow	/ˈpratɪʃ/
2264	kupiš	to buy, purchase	/ˈkupɪʃ/
2265	pakla	hell	/ˈpaklɐ/
2266	slab	weak	/slâb/
2267	tacno	serving tableware of any kind; tray, saucer or platter	/ˈtatsno/
2268	banka	bank	/bǎŋka/
2269	posljednji	final	/pǒsʎedɲiː/
2270	bocu	bottle	/ˈbotsʊ/
2271	debeli	fat	/ˈdɛbɛlɪ/
2272	obali	bank	/ˈobɐlɪ/
2273	prazna	empty, vacant	/ˈpraznɐ/
2274	zamka	trap, snare	/zâːmka/
2275	struje	electricity	/ˈstruje/
2276	lova	hunt, hunting	/lǒːʋa/
2277	sinom	shadow; shade	/ˈsinom/
2278	provjeriti	to check, confirm	/prǒʋjeriti/
2279	glasno	loudly, aloud	/ɡlâsno/
2280	zmija	snake	/zmǐja/
2281	naočare	glasses	/nâot͡ʃaːre/
2282	oku	eye	/ˈokʊ/
2283	izvinjenje	apology	/izʋiɲěːɲe/
2284	tren	moment	/trên/
2285	retko	rarely, seldom	/rêːtko/
2286	simbol	symbol	/ˈsimbol/
2287	nasilje	violence	/nǎːsiːʎe/
2288	nađite	to find, discover	/ˈnadʑɪtɛ/
2289	nadala	to hope	/ˈnadɐlɐ/
2290	užasan	terrible, horrible, awful	/ûʒaːsan/
2291	dah	breath	/dâx/
2292	tačke	wheelbarrow	/ˈtatʃkɛ/
2293	celi	whole	/ˈtsɛlɪ/
2294	grob	grave	/ɡrôb/
2295	spoj	junction, juncture	/spôːj/
2296	osoblje	staff, personnel	/ǒsoːbʎe/
2297	so	salt	/sôː/
2298	odeća	clothing	/ôdet͡ɕa/
2299	teri	which, what	/ˈtɛri/
2300	v	in, at	/ˈvə/
2301	glumac	actor	/ˈɡlumɐts/
2302	ispao	to fall out, drop	/ˈispɐo/
2303	loši	bad, malicious	/ˈloʃɪ/
2304	pucati	to crack, break, burst, split	/pûtsati/
2305	sef	safe, strongbox	/sêf/
2306	liz	a lick	/ˈliz/
2307	internet	internet	/înternet/
2308	smeju	can, may, be allowed to	/ˈsmejʊ/
2309	alibi	alibi	/ˈalɪbɪ/
2310	odgovorio	to answer, reply	/ˈodɡoˌvorɪo/
2311	uzbuđen	excited	/ǔzbuːd͡ʑeːn/
2312	sjedi	to sit	/ˈsjedɪ/
2313	paziti	to beware, watch out, be careful	/pâziti/
2314	jadno	miserably, poorly, pitifully	/jâdno/
2315	pameti	prudence	/ˈpamɛtɪ/
2316	svetom	world	/ˈsvɛtom/
2317	dobit	profit	/ˈdobɪt/
2318	mesecima	for months and months	/mesěːt͡sima/
2319	diše	to breathe, take breath	/ˈdiʃɛ/
2320	vic	joke	/ˈvits/
2321	vila	fairy	/ʋǐːla/
2322	donijeti	to bring, carry	/dǒnijeːti/
2323	boj	battle	/bôːj/
2324	lovac	hunter	/lǒːʋat͡s/
2325	fizički	physical	/fǐzit͡ʃkiː/
2326	četvrtak	Thursday	/t͡ʃetʋř̩ːtak/
2327	kolege	colleague	/ˈkolɛɡɛ/
2328	travu	grass	/ˈtravʊ/
2329	javno	publicly, openly	/jâːʋno/
2330	probati	to try, to attempt	/prǒːbati/
2331	smije	third-person singular present indicative of smjȅti impf	/ˈsmije/
2332	policijski	as a policeman	/polǐt͡siːjskiː/
2333	napasti	to attack, assault	/nǎpasti/
2334	napali	to attack, assault	/ˈnapɐlɪ/
2335	lijep	nice, pretty	/ʎêːp/
2336	bicikl	bicycle	/bit͡sǐkl̩/
2337	stručnjak	expert, specialist	/strût͡ʃɲaːk/
2338	sediš	to sit	/ˈsɛdɪʃ/
2339	pošao	to go, go away, leave, depart	/ˈpoʃɐo/
2340	pobeda	victory	/pôbeda/
2341	zamku	fortress, castle	/ˈzamkʊ/
2342	čuvati	to guard, protect	/t͡ʃǔːʋati/
2343	reši	to solve	/ˈrɛʃɪ/
2344	prijevod	translation	/prjěːʋod/
2345	ogledalo	mirror	/oɡlědalo/
2346	oteo	to kidnap	/ˈotɛo/
2347	smešan	funny	/směːʃan/
2348	pretnja	threat	/ˈprɛtɲɐ/
2349	osloboditi	to free, liberate, release	/oslobǒditi/
2350	fotografija	a photograph, picture	/fotoɡrǎfija/
2351	oka	eye	/ǒka/
2352	praviti	to make, create	/prâʋiti/
2353	rame	shoulder	/ˈramɛ/
2354	katastrofa	catastrophe	/ˈkatɐsˌtrofɐ/
2355	skinuti	to take down, take off	/skînuti/
2356	tehnički	technically	/těxnit͡ʃkiː/
2357	jaje	egg	/jǎːje/
2358	šale	joke	/ˈʃalɛ/
2359	lord	lord	/lôrd/
2360	tema	theme, subject	/těːma/
2361	povući	to pull	/poʋǔːt͡ɕi/
2362	susret	meeting	/sǔsret/
2363	služba	service	/slǔʒba/
2364	gorivo	fuel	/ɡôriːʋo/
2365	grlo	throat	/ɡr̩̂lo/
2366	kontrola	control	/kontrǒːla/
2367	teške	heavy, weighty	/ˈtɛʃkɛ/
2368	jači	strong	/jât͡ʃiː/
2369	odbor	committee, board	/ǒdbor/
2370	mete	to sweep	/ˈmɛtɛ/
2371	pregled	view, survey	/prěːɡled/
2372	ukusno	tastefully, with taste	/ǔkusno/
2373	zabrinuti	to worry, upset	/zǎbrinuti/
2374	sloboda	freedom	/slobǒda/
2375	naučili	to teach, train, instruct	/ˈnaʊtˌʃɪlɪ/
2376	preživeti	to survive	/preʒǐːʋeti/
2377	kolač	cake	/kǒlaːt͡ʃ/
2378	plavi	blue	/ˈplavɪ/
2379	suze	tear	/ˈsuzɛ/
2380	istim	same	/ˈistɪm/
2381	snimanje	recording	/ˈsnimɐɲe/
2382	slobode	freedom	/ˈslobodɛ/
2383	tera	to force, make	/ˈtɛrɐ/
2384	polju	field	/ˈpoʎʊ/
2385	zdrav	healthy, fit	/zdrâʋ/
2386	rose	dew	/ˈrosɛ/
2387	bola	to stab	/ˈbolɐ/
2388	umeš	to know how	/ˈumɛʃ/
2389	pobjeći	to flee, run away	/pǒbjet͡ɕi/
2390	povremeno	periodically	/pǒʋremeno/
2391	curu	girl	/ˈtsurʊ/
2392	džin	giant, ogre, troll	/d͡ʒîn/
2393	šume	noise	/ˈʃumɛ/
2394	sile	force	/ˈsilɛ/
2395	glupe	stupid, foolish	/ˈɡlupɛ/
2396	jasan	clear, limpid	/jâsan/
2397	popiti	to drink	/pǒpiti/
2398	kolica	handcart	/kolǐːt͡sa/
2399	brzi	fast	/ˈbrzi/
2400	stvarnost	reality	/stʋǎːrnoːst/
2401	lisice	handcuffs	/lǐsit͡se/
2402	fudbal	football, soccer	/fûdbaːl/
2403	platiš	to pay	/ˈplatɪʃ/
2404	kostim	costume	/kǒstiːm/
2405	trideset	thirty	/ˈtridɛsɛt/
2406	parče	piece, shred, chip, morsel, fragment	/pǎːrt͡ʃe/
2407	štap	staff, rod, stick	/ʃtâːp/
2408	pravio	to make, create	/ˈpravɪo/
2409	oprezno	cautiously, carefully	/ôpreːzno/
2410	kasni	late	/ˈkasnɪ/
2411	pomoćnik	assistant	/pomǒt͡ɕniːk/
2412	pokupiti	to collect, gather, to pick up	/pokûpiti/
2413	kanal	canal	/kǎnaːl/
2414	gradonačelnik	mayor	/ˈɡradoˌnɐtʃɛlnɪk/
2415	fakultet	faculty	/fakǔlteːt/
2416	smetalo	a person who disturbs	/ˈsmɛtɐlo/
2417	jebe	to fuck	/ˈjebɛ/
2418	pratili	to follow	/ˈpratɪlɪ/
2419	stol	table	/stôːl/
2420	ispitivanje	interrogation	/ispitǐːʋaːɲe/
2421	rukavice	glove	/ˈrukɐˌvɪtsɛ/
2422	sneg	snow	/snêːɡ/
2423	gospoda	gentlemen	/ɡospǒda/
2424	lažov	liar	/lǎʒoʋ/
2425	zatvoriti	to close, shut	/zatʋǒriti/
2426	zida	wall	/ˈzidɐ/
2427	domaći	domestic	/dǒmaːt͡ɕiː/
2428	metu	to sweep	/ˈmɛtʊ/
2429	mrze	to hate	/ˈmrzɛ/
2430	lopta	ball	/lôpta/
2431	zbunjen	confused	/zbûːɲen/
2432	dave	to choke, strangle	/ˈdavɛ/
2433	milost	mercy, compassion, favour	/ˈmilost/
2434	temperatura	temperature	/temperatǔːra/
2435	lagati	to lie	/lǎɡati/
2436	drugovi	friend	/ˈdruɡovɪ/
2437	vili	to twist	/ˈvilɪ/
2438	automobil	automobile	/automǒbiːl/
2439	naopako	upside down	/nâopaːko/
2440	helikopter	helicopter	/xelikǒpter/
2441	prilikom	on the occasion of	/prǐːlikoːm/
2442	menadžer	manager	/měnad͡ʒer/
2443	stižu	to arrive, reach	/ˈstiʒʊ/
2444	telefonski	by using a telephone	/telěfoːnskiː/
2445	predsjednik	chairman	/prěːdsjedniːk/
2446	sposobnost	ability	/sposǒːbnoːst/
2447	teta	aunt by blood; the sister of one’s parent	/têta/
2448	trening	training, training session	/trěːninɡ/
2449	mačku	cat	/ˈmatʃkʊ/
2450	potpis	signature	/pǒtpis/
2451	vredan	precious, valuable	/ʋrěːdan/
2452	bogovi	god, deity	/ˈboɡovɪ/
2453	bezbednost	security	/bězbednoːst/
2454	podaci	datum, fact, information	/ˈpodɐtsɪ/
2455	vojni	armed forces; military	/ʋôːjniː/
2456	izgubljen	lost	/ǐzɡubʎen/
2457	svideti	to please, like	/sʋîdeti/
2458	sna	sleep	/ˈsna/
2459	opcija	option	/ˈoptsɪjɐ/
2460	uglu	corner	/ˈuɡlʊ/
2461	širi	comparative degree of šìrok	/ˈʃirɪ/
2462	celoj	whole	/ˈtsɛloj/
2463	zahvaliti	to thank	/zaxʋǎːliti/
2464	kreneš	to move, set in motion	/ˈkrɛnɛʃ/
2465	suda	court	/ˈsudɐ/
2466	dozvole	permission, permit, licence, consent	/ˈdozvolɛ/
2467	potom	afterwards, after that, later, then	/pǒtoːm/
2468	štetu	damage, harm	/ˈʃtɛtʊ/
2469	roba	merchandise, product, commodity, goods	/rôba/
2470	trka	race	/ˈtrka/
2471	sakriti	to hide, conceal	/sǎkriti/
2472	kratak	short	/krǎtak/
2473	taman	just	/tǎːman/
2474	bejzbol	baseball	/bějzboːl/
2475	dobiju	to receive, get, obtain, acquire	/ˈdobɪjʊ/
2476	žalost	sorrow	/ʒâloːst/
2477	pravde	nominative plural of prȃvda	/ˈpravdɛ/
2478	zabavan	amusing, entertaining	/ˈzabɐvɐn/
2479	istorija	history	/ǐstoːrija/
2480	takmičenje	competition	/ˈtakmɪtˌʃɛɲe/
2481	rez	cut	/rêːz/
2482	svatko	everyone, everybody	/sʋâtko/
2483	mobitel	cell phone, mobile phone	/ˈmobɪtɛl/
2484	osveta	revenge, vengeance	/ôsʋeta/
2485	ponos	pride	/pǒnos/
2486	časa	moment	/ˈtʃasɐ/
2487	kriješ	to hide, conceal	/ˈkrijeʃ/
2488	mili	dear	/ˈmî.liː/
2489	gospodara	master, lord	/ˈɡospoˌdɑrɐ/
2490	mozgu	brain	/ˈmozɡʊ/
2491	vrha	peak	/ˈvrha/
2492	javnost	public	/jǎːʋnoːst/
2493	zabranjeno	to forbid, prohibit	/ˈzabrɐˌɲeno/
2494	legenda	legend	/lěɡeːnda/
2495	brzina	speed	/br̩zǐna/
2496	zena	pupil	/zêna/
2497	pljačka	robbery	/pʎât͡ʃka/
2498	zlu	evil	/ˈzlu/
2499	odlučiti	to decide	/odlǔːt͡ʃiti/
2500	pad	fall	/pâːd/
2501	izlazak	egress, exit	/ǐzlazak/
2502	prigovor	objection, criticism, reproach	/prîɡoʋoːr/
2503	bioskop	cinema, movie theatre	/ˈbioskop/
2504	malopre	just a while ago	/mâlopre/
2505	nemci	German	/ˈnɛmtsɪ/
2506	tiše	quietly, silently	/ˈtiʃɛ/
2507	humor	humor	/xǔmor/
2508	trojica	three men	/trǒjit͡sa/
2509	novinar	journalist	/nôʋinaːr/
2510	njezin	her, hers	/ɲěːzin/
2511	ludost	craziness	/lûdoːst/
2512	vuk	wolf	/vûːk/
2513	poklone	gift, present	/ˈpoklonɛ/
2514	demon	demon	/děmoːn/
2515	gad	a repulsive person	/ɡâd/
2516	pisati	to write	/pǐːsati/
2517	povukao	active past participle of pòvūći	/ˈpovʊˌkɐo/
2518	časni	honorable	/ˈtʃasnɪ/
2519	primiti	to receive, get	/prǐːmiti/
2520	priuštiti	to afford	/priǔʃtiti/
2521	svrha	purpose, point, goal	/sʋřxa/
2522	puls	pulse	/ˈpuls/
2523	preći	to cross, get across, get over, go over	/prêːt͡ɕi/
2524	student	student	/stǔdent/
2525	period	period	/perǐod/
2526	sredstva	means, medium	/ˈsrɛtstvɐ/
2527	impresivno	impressively	/împresiːʋno/
2528	čuvajte	to guard, protect	/ˈtʃuvɑjtɛ/
2529	peder	a gay person, homosexual; faggot, homo, queer	/pěːder/
2530	međusobno	mutually	/mêd͡ʑusobno/
2531	stranac	foreigner	/strǎːnat͡s/
2532	radnik	a worker, laborer	/râːdniːk/
2533	penis	penis	/pěːnis/
2534	major	major	/mǎjoːr/
2535	cipela	shoe	/t͡sǐpela/
2536	ugla	corner	/ˈuɡlɐ/
2537	izbaciti	to throw out, eject	/izbǎːt͡siti/
2538	obrok	meal	/ǒbrok/
2539	jadan	miserable, pathetic	/jâdan/
2540	oblast	district, region	/ôblaːst/
2541	mladu	young	/ˈmladʊ/
2542	debela	fat	/ˈdɛbɛlɐ/
2543	ulje	oil	/ûːʎe/
2544	pamćenje	memory, recollection	/ˈpamtɕɛɲe/
2545	stene	rock	/ˈstɛnɛ/
2546	vere	to engage	/ˈvɛrɛ/
2547	baba	grandmother	/bâba/
2548	zli	evil, malicious, bad, mean, wicked	/ˈzli/
2549	kap	drop	/ˈkap/
2550	rep	tail	/rêːp/
2551	car	czar, emperor, monarch	/t͡sâr/
2552	nalik	like, similar	/nǎːlik/
2553	ženski	in the manner of woman, in a female or feminine way,…	/ʒěnskiː/
2554	govora	speech	/ˈɡovorɐ/
2555	naterati	to compel, force, drive	/nǎterati/
2556	posledice	consequence	/ˈposlɛˌdɪtsɛ/
2557	pice	cunt, pussy	/ˈpitsɛ/
2558	starac	old man	/stârat͡s/
2559	traku	ray	/ˈtrakʊ/
2560	čitati	to read	/t͡ʃǐtati/
2561	reku	river	/ˈrɛkʊ/
2562	gubitnik	loser	/ɡǔbitniːk/
2563	drugarica	friend	/drûːɡarica/
2564	povezan	connected, linked	/pǒʋeːzaːn/
2565	drag	dear	/drâːɡ/
2566	mraz	frost	/mrâz/
2567	pandur	policeman	/pǎnduːr/
2568	nedostajati	to miss	/nedǒstajati/
2569	skladište	warehouse	/sklâdiːʃte/
2570	kamenje	stones, rocks	/kǎmeːɲe/
2571	smete	can, may, be allowed to	/ˈsmɛtɛ/
2572	dolazak	arrival, advent	/dǒlazak/
2573	buku	cascade, rapids, cataract	/ˈbukʊ/
2574	utakmica	sports game	/ǔtakmit͡sa/
2575	ženo	woman	/ˈʒɛno/
2576	struju	electricity	/ˈstrujʊ/
2577	radnje	act, action	/ˈradɲe/
2578	krilo	wing	/krǐːlo/
2579	priroda	nature	/prǐːroda/
2580	maloj	small	/ˈmaloj/
2581	predivan	wonderful	/prêdiːʋan/
2582	svetski	globally	/sʋětskiː/
2583	strast	passion	/strâːst/
2584	skupo	expensive, costly, pricey	/ˈskupo/
2585	uobičajeno	usually, customarily	/uobǐt͡ʃaːjeno/
2586	tijekom	during	/tjêːkom/
2587	napisati	to write	/napǐːsati/
2588	hitna	urgent	/ˈxitnɐ/
2589	uspjeti	to succeed, make good	/ǔspjeti/
2590	gade	a repulsive person	/ˈɡadɛ/
2591	uticaj	influence	/ˈutɪtsɑj/
2592	energija	energy	/eněrɡija/
2593	trudi	to try, make an effort	/ˈtrudɪ/
2594	ponoć	midnight	/ˈponotɕ/
2595	porota	jury	/pôrota/
2596	cene	price	/ˈtsɛnɛ/
2597	bele	white	/ˈbɛlɛ/
2598	razum	reason, mind, intellect, sanity	/râzuːm/
2599	poverovati	to believe	/pǒʋeroʋati/
2600	odande	from there	/ôdaːnde/
2601	nakit	jewelry	/nǎːkit/
2602	sezone	season	/ˈsɛzonɛ/
2603	mila	dear	/ˈmilɐ/
2604	recept	prescription	/rět͡sept/
2605	greh	sin	/ˈɡrɛh/
2606	ramena	shoulder	/ˈramɛnɐ/
2607	živo	lively, briskly, actively, sharply	/ʒîːʋo/
2608	podrum	basement	/pǒdrum/
2609	hranom	food	/ˈxranom/
2610	firma	firm, company	/fîːrma/
2611	radnji	act, action	/ˈradɲɪ/
2612	mirna	motionless	/ˈmirnɐ/
2613	sport	sport	/spôrt/
2614	šalite	to joke; to joke around	/ˈʃalɪtɛ/
2615	napredak	progress	/nǎpredak/
2616	nožem	knife	/ˈnoʒɛm/
2617	komada	piece, part	/ˈkomɐdɐ/
2618	kartica	a small card	/kǎrtit͡sa/
2619	pažljiv	attentive, cautious, careful	/pǎʒʎiʋ/
2620	scena	scene	/ˈstsɛnɐ/
2621	vlast	power, control	/ʋlâːst/
2622	poseti	visit	/ˈposɛtɪ/
2623	duge	long	/ˈduɡɛ/
2624	probuditi	to wake, wake up, awake, awaken	/probǔːditi/
2625	besan	furious	/běːsan/
2626	špijun	spy	/ʃpǐjuːn/
2627	slova	letter	/ˈslovɐ/
2628	sveže	freshly	/sʋêʒe/
2629	prekinuti	to tear, break	/prěkinuti/
2630	umetnik	artist	/ǔmetniːk/
2631	sudar	crash	/sûdaːr/
2632	nula	zero	/nûla/
2633	održati	to preserve, maintain	/odř̩ʒati/
2634	krovu	roof	/ˈkrovʊ/
2635	slici	picture, image	/ˈslitsɪ/
2636	uloga	role	/ˈuloɡɐ/
2637	prevara	fraud, cheat	/prêʋara/
2638	kit	whale	/ˈkit/
2639	usamljen	alone, lonely	/ǔsaːmʎen/
2640	studio	studio	/ˈstudɪo/
2641	molio	to ask, request, beg	/ˈmolɪo/
2642	ponuditi	to offer, to put forward	/pǒnuditi/
2643	desna	right	/ˈdɛsnɐ/
2644	privremeno	temporarily, provisionally	/prǐʋremeno/
2645	zapad	west	/zâːpad/
2646	nikuda	nowhere, nowhither	/nîkuda/
2647	itko	anybody, anyone	/îtko/
2648	peti	fifth	/ˈpɛtɪ/
2649	skup	expensive, costly, pricey	/skûːp/
2650	pojas	belt, girdle, band, sash	/pôjaːs/
2651	smeo	brave, bold, courageous	/směo/
2652	kost	bone	/kôːst/
2653	ručka	handle, helve, haft, handhold	/rût͡ʃka/
2654	popis	list, listing	/pǒpis/
2655	povesti	to lead	/poʋěsti/
2656	majmun	monkey	/mǎjmun/
2657	nastup	onset	/nǎːstup/
2658	državni	state	/dř̩ʒaːʋniː/
2659	hodati	to walk, pace	/xǒːdati/
2660	nauka	science	/nǎuka/
2661	slabo	weakly	/slâbo/
2662	putuje	to travel	/ˈputʊje/
2663	santa	iceberg	/ˈsantɐ/
2664	sresti	to encounter, meet	/srêsti/
2665	uživati	to enjoy	/uʒǐːʋati/
2666	tužilac	prosecutor	/tǔʒilat͡s/
2667	sluga	servant	/slǔːɡa/
2668	viši	high, tall	/ˈviʃɪ/
2669	muški	like a man	/mûʃkiː/
2670	planina	mountain	/planǐna/
2671	neugodno	awkwardly	/nêuɡodno/
2672	eksperiment	experiment	/eksperǐment/
2673	pojačanje	amplification	/ˈpojɐtˌʃɐɲe/
2674	tunel	tunnel	/tǔneːl/
2675	otisak	print, mark	/ǒtisak/
2676	istovremeno	simultaneously	/istǒʋremeno/
2677	poprilično	rather, pretty, quite, fairly	/poprǐːlit͡ʃno/
2678	postojati	to be, exist	/pǒːstojati/
2679	potrajati	to last, continue, take time	/pǒtrajati/
2680	služe	to serve	/ˈsluʒɛ/
2681	proba	rehearsal	/prǒːba/
2682	dječak	boy, youngster	/djět͡ʃaːk/
2683	staklo	glass	/stǎklo/
2684	dosadan	boring	/dôsaːdan/
2685	ljubazan	kind, nice, polite	/ʎûbazan/
2686	blagoslov	blessing	/blâɡosloːʋ/
2687	pročitaj	to read to get acquainted with the content	/ˈprotʃɪtɑj/
2688	novoj	new	/ˈnovoj/
2689	picu	cunt, pussy	/ˈpitsʊ/
2690	šok	shock	/ʃôk/
2691	preda	to deliver, hand over	/prêda/
2692	z	with	/ˈzə/
2693	osobi	person	/ˈosobɪ/
2694	izvuci	to pull out, draw out	/ˈizvʊtsɪ/
2695	plave	blue	/ˈplavɛ/
2696	užas	horror, terror	/ûʒaːs/
2697	eksplozija	explosion	/ˈɛksploˌzɪjɐ/
2698	cevi	tube	/ˈtsɛvɪ/
2699	lista	list	/lîsta/
2700	primjer	example, instance	/prǐːmjer/
2701	kriminalac	criminal	/kriminǎːlat͡s/
2702	baza	base	/bǎːza/
2703	pobednik	winner	/pǒbedniːk/
2704	platila	to pay	/ˈplatɪlɐ/
2705	dovde	to this place, this far	/dǒːʋdeː/
2706	broju	number	/ˈbrojʊ/
2707	medicinski	medical, medicinal	/mêdit͡siːnskiː/
2708	jug	south	/jûɡ/
2709	primi	to receive, get	/ˈprimɪ/
2710	činiti	to make, do	/t͡ʃǐniti/
2711	vampir	vampire	/ʋǎmpiːr/
2712	niže	masculine accusative plural	/ˈniʒɛ/
2713	broja	number	/ˈbrojɐ/
2714	jedanput	once	/jedǎmpuːt/
2715	marš	march	/mârʃ/
2716	politika	policy	/polǐtika/
2717	glumica	actress	/ɡlǔmit͡sa/
2718	sever	north	/sêʋer/
2719	uzet	to take	/ûzeːt/
2720	budimo	to be, to exist	/ˈbudɪmo/
2721	ispit	test, examination, exam	/ǐspit/
2722	jok	no, nope	/jôk/
2723	ministar	minister	/ˈminɪstɑr/
2724	roman	novel	/rǒmaːn/
2725	rođeni	born	/ˈrodʑɛnɪ/
2726	jebiga	fuck it, what are you going to do	/ˈjebɪɡɐ/
2727	pedeset	fifty	/peděseːt/
2728	pobijediti	to conquer, overcome	/pobjěːditi/
2729	smrad	stench, stink	/smrâːd/
2730	jezivo	terrifyingly, horrifyingly	/jěziʋo/
2731	gužva	crowd, jam	/ɡûːʒʋa/
2732	učitelju	teacher	/ˈutʃɪˌtɛʎʊ/
2733	punom	full, filled	/ˈpunom/
2734	kamiona	truck	/ˈkamɪˌonɐ/
2735	imale	to have, possess, own	/ˈimɐlɛ/
2736	utakmice	sports game	/ˈutɐkˌmɪtsɛ/
2737	vrednost	value	/ʋrěːdnoːst/
2738	razmišljati	to reflect, think over, meditate, ponder	/razmǐːʃʎati/
2739	pitamo	to ask	/ˈpitɐmo/
2740	slava	glory	/slâʋa/
2741	rodio	to bear	/ˈrodɪo/
2742	amerikanac	American	/amerikǎːnat͡s/
2743	snaći	to befall, happen	/snâːt͡ɕi/
2744	vijest	report, news	/ʋjêːst/
2745	bitka	battle	/bîtka/
2746	oprema	equipment	/ôprema/
2747	prisustvo	presence	/ˈprisʊstvo/
2748	pravite	to make, create	/ˈpravɪtɛ/
2749	aparat	apparatus	/ˈapɑrɐt/
2750	idući	next, following	/ǐduːt͡ɕiː/
2751	belo	white	/ˈbɛlo/
2752	osnovi	basis, foundation	/ˈosnovɪ/
2753	porodični	familial	/pǒrodit͡ʃniː/
2754	metka	bullet	/ˈmɛtkɐ/
2755	pravda	justice	/ˈpravdɐ/
2756	talenat	talent	/tǎlenat/
2757	alfa	alpha; the Greek letter Α, α	/âlfa/
2758	slobodi	freedom	/ˈslobodɪ/
2759	osećati	to feel	/ǒset͡ɕati/
2760	divlje	wildly, savagely	/dǐʋʎeː/
2761	sećanje	memory, reminiscence	/ˈsɛtɕɐɲe/
2762	hrabro	courageously, boldly	/xrâːbro/
2763	zadovoljni	content, satisfied	/ˈzadoˌvoʎnɪ/
2764	ruski	Russian	/rûskiː/
2765	struja	electricity	/strǔːja/
2766	zasad	for now, for the time being	/zǎsad/
2767	snažan	strong, powerful	/snǎːʒan/
2768	visi	to hang, be suspended	/ˈvisɪ/
2769	očekivati	to expect, wait for	/ot͡ʃekǐːʋati/
2770	kreću	to move	/ˈkrɛtɕʊ/
2771	lošu	bad, malicious	/ˈloʃʊ/
2772	novina	novelty, innovation	/noʋǐna/
2773	tekst	text	/ˈtɛkst/
2774	ružno	badly, meanly, in an ugly manner	/rûːʒno/
2775	pročitati	to read to get acquainted with the content	/prot͡ʃǐtati/
2776	brinu	to worry	/ˈbrinʊ/
2777	podrška	support, aid	/pǒdr̩ʃka/
2778	romantično	romantically	/romǎntit͡ʃno/
2779	krava	cow	/krâʋa/
2780	zatvorenik	prisoner	/zatʋorěniːk/
2781	strašan	dire	/strǎːʃan/
2782	sačekati	to wait for	/sǎt͡ʃekati/
2783	hram	temple	/xrâːm/
2784	malena	small	/ˈmalɛnɐ/
2785	dvanaest	twelve	/ˈdvanɐɛst/
2786	oženiti	to marry	/oʒěniti/
2787	savjet	council	/sǎːʋjet/
2788	hodnik	corridor, hallway	/xôdniːk/
2789	mirni	motionless	/ˈmirnɪ/
2790	šifra	code, cipher	/ʃîfra/
2791	okrenuti	to turn, turn around	/okrěːnuti/
2792	najboljem	masculine/neuter dative/locative singular of najbolji	/ˈnɑjboʎem/
2793	dovoljan	sufficient, adequate	/dôʋoːʎan/
2794	obaveza	obligation	/ˈobɐˌvɛzɐ/
2795	ceni	price	/ˈtsɛnɪ/
2796	tjedana	week	/ˈtjedɐnɐ/
2797	oduvijek	since always	/ǒduʋijeːk/
2798	bara	puddle	/bâra/
2799	reka	river	/rěːka/
2800	zaspao	to fall asleep	/ˈzaspɐo/
2801	ujače	maternal uncle	/ˈujɐtʃɛ/
2802	plašio	to frighten, scare	/ˈplaʃɪo/
2803	manji	small	/mâɲiː/
2804	papa	pope	/pâːpa/
2805	imanje	possession, holding	/imǎːɲe/
2806	posade	crew	/ˈposɐdɛ/
2807	alat	tool	/ǎlaːt/
2808	kraljevstvo	kingdom	/krǎːʎeʋstʋo/
2809	dokažem	first-person singular present of dokázati	/ˈdokɐʒɛm/
2810	profesora	professor	/ˈprofɛˌsorɐ/
2811	prodavnice	store, shop	/ˈprodɐvˌnɪtsɛ/
2812	proveriti	to check, confirm	/prǒʋeriti/
2813	pomisao	thought, idea	/ˈpomɪˌsɐo/
2814	eksplozije	explosion	/ˈɛksploˌzɪje/
2815	koristeći	present adverbial participle of koristiti impf	/kǒristeːt͡ɕi/
2816	plaše	to frighten, scare	/ˈplaʃɛ/
2817	nameru	intent, intention	/ˈnamɛrʊ/
2818	brus	whetstone, grindstone	/brûːs/
2819	mušterija	customer, buyer	/muʃtěrija/
2820	mere	to measure	/ˈmɛrɛ/
2821	lak	easy	/lâk/
2822	ranu	early	/ˈranʊ/
2823	oci	father	/ˈotsɪ/
2824	novčić	coin	/nǒʋt͡ʃit͡ɕ/
2825	ratnik	warrior	/râtniːk/
2826	trave	grass	/ˈtravɛ/
2827	optužen	to accuse, charge, indict	/ˈoptʊʒɛn/
2828	zasigurno	for sure, surely	/zâsiɡuːrno/
2829	jednostavan	simple	/jêdnostaːʋan/
2830	propast	collapse	/prôpaːst/
2831	nudi	to offer	/ˈnudɪ/
2832	faca	face, expression	/fât͡sa/
2833	zanimljiv	interesting	/zanǐmʎiʋ/
2834	vuci	pull	/ˈvutsɪ/
2835	krajnje	extremely, utterly	/krâːjɲeː/
2836	plesati	to dance	/plěːsati/
2837	guraj	push	/ˈɡurɑj/
2838	hitan	urgent	/xîtan/
2839	ujaka	maternal uncle	/ˈujɐkɐ/
2840	kolače	cake	/ˈkolɐtʃɛ/
2841	uzbuna	alarm	/ûzbuna/
2842	zaraditi	to earn	/zarǎːditi/
2843	razred	class	/rǎːzred/
2844	pazim	to beware, watch out, be careful	/ˈpazɪm/
2845	mračno	darkly, gloomily	/mrâːt͡ʃno/
2846	šampion	champion	/ʃampǐoːn/
2847	sumnja	doubt, suspicion	/sǔːmɲa/
2848	stopa	foot	/stǒpa/
2849	obje	both	/ôbje/
2850	posada	crew	/pôsada/
2851	desila	to happen, occur	/ˈdɛsɪlɐ/
2852	odbiti	to refuse, decline	/ǒdbiti/
2853	sustav	system	/sǔːstaʋ/
2854	priprema	preparation	/prîprema/
2855	zvijezda	a star	/zʋijěːzda/
2856	publika	audience	/pǔblika/
2857	vara	heat	/ˈvɑrɐ/
2858	pjesmu	poem	/ˈpjesmʊ/
2859	podneti	to bear, endure, stand	/pǒdneːti/
2860	upaliti	to set fire to, set on fire, burn, light, ignite	/upǎːliti/
2861	stvaran	real, actual	/stʋâːran/
2862	misao	thought	/mîːsao/
2863	em	not only … but also	/em/
2864	ljubazno	kindly	/ʎûbazno/
2865	vlasništvo	property	/ʋlâːsniːʃtʋo/
2866	hitne	urgent	/ˈxitnɛ/
2867	četvoro	four	/ˈtʃɛtvoro/
2868	polovina	half	/polǒʋina/
2869	hodaš	to walk, pace	/ˈxodɐʃ/
2870	hodam	to walk, pace	/ˈxodɐm/
2871	udariti	to physically strike, to hit	/ǔdariti/
2872	podići	to raise, lift, elevate	/pǒdit͡ɕi/
2873	rekord	record	/ˈrɛkord/
2874	smisliti	to come up with, think up, devise	/smîsliti/
2875	poglavlje	chapter	/pǒɡlaːʋʎe/
2876	curi	girl	/ˈtsurɪ/
2877	majstor	master	/mâːjstor/
2878	vrt	garden	/ʋr̩̂t/
2879	predstavi	show	/ˈprɛtstɐvɪ/
2880	kofer	suitcase	/kǒfer/
2881	šećer	sugar	/ʃět͡ɕer/
2882	album	album	/ǎlbuːm/
2883	postići	to achieve, accomplish	/pǒstit͡ɕi/
2884	baca	third-person singular present of bacati	/ˈbatsɐ/
2885	vjenčanje	wedding	/ʋjent͡ʃǎːɲe/
2886	grozan	terrible, awful, horrible	/ɡrôːzan/
2887	momkom	a young man, lad	/ˈmomkom/
2888	silu	force	/ˈsilʊ/
2889	kime	with whom	/kǐːme/
2890	igrala	to play	/ˈiɡrɐlɐ/
2891	umri	to die	/ˈumrɪ/
2892	svakim	everyone, everybody	/ˈsvakɪm/
2893	hladan	cold	/xlǎːdan/
2894	stric	paternal uncle	/strîːt͡s/
2895	straža	guard, watch	/strâːʒa/
2896	sopstveni	own	/ˈsopstvɛnɪ/
2897	crnac	black	/t͡sř̩nat͡s/
2898	izabrati	to choose, select	/izǎbrati/
2899	pokušaju	attempt, try	/ˈpokʊˌʃɑjʊ/
2900	uzalud	in vain	/ûzaluːd/
2901	okean	ocean	/okěaːn/
2902	podnijeti	to bear, endure, withstand	/pǒdnijeːti/
2903	sedmice	week	/ˈsɛdmɪtsɛ/
2904	sudeći	present verbal adverb of súditi	/ˈsudɛtɕɪ/
2905	nasilja	violence	/ˈnasɪʎɐ/
2906	pristojan	polite, civil	/prǐːstoːjan/
2907	razmisliti	to reflect, think about, think over, meditate, ponder	/rǎzmisliti/
2908	pravac	direction, route	/prǎːʋat͡s/
2909	prljavo	dirtily, filthily	/pr̂ʎaʋo/
2910	zeleni	green	/ˈzɛlɛnɪ/
2911	ličnost	personality	/lît͡ʃnoːst/
2912	stignu	to arrive, reach	/ˈstiɡnʊ/
2913	slaba	weak	/ˈslabɐ/
2914	umru	to die	/ˈumrʊ/
2915	vid	eyesight	/ʋîːd/
2916	zvono	bell	/zʋôno/
2917	drveće	trees	/dř̩ʋeːt͡ɕe/
2918	peni	to foam	/ˈpɛnɪ/
2919	hteti	to wish, want, desire	/xtêti/
2920	pogoditi	to hit	/poɡǒditi/
2921	ugao	corner	/ûɡao/
2922	sprečiti	to prevent	/sprěːt͡ʃiti/
2923	tragedija	tragedy	/trǎɡeːdija/
2924	ukrasti	to steal	/ǔkrasti/
2925	drukčije	differently	/drǔkt͡ʃijeː/
2926	bolno	painfully	/bôːlno/
2927	buka	noise	/bûka/
2928	večno	eternally, for ever	/ʋêt͡ʃno/
2929	obalu	bank	/ˈobɐlʊ/
2930	zamisao	idea, conception	/zâmiːsao/
2931	lift	lift, elevator	/lîft/
2932	pretvoriti	to turn into, to transform, to change	/pretʋǒriti/
2933	prazno	emptily, vacantly	/prâːzno/
2934	ivici	border, edge	/ˈivɪtsɪ/
2935	kol	abbreviation of kolovoz or kolovoza	/ˈkol/
2936	nigdje	nowhere	/nîɡdje/
2937	lijevo	left	/ˈlijevo/
2938	zeleno	green	/ˈzɛlɛno/
2939	brani	dam	/ˈbranɪ/
2940	medved	bear	/mědʋed/
2941	potpisati	to sign	/potpǐːsati/
2942	pole	pole	/ˈpolɛ/
2943	trake	strip, ribbon	/ˈtrakɛ/
2944	narodu	people	/ˈnɑrodʊ/
2945	ispada	to fall out, drop	/ˈispɐdɐ/
2946	svjetlo	light	/sʋjêtlo/
2947	apartman	apartment	/ˈapɑrtmɐn/
2948	katkad	sometimes	/kǎtkad/
2949	prethodno	previously	/prěːtxodno/
2950	petnaest	fifteen	/ˈpɛtnɐɛst/
2951	vezan	to bind, fasten, tie	/ˈvɛzɐn/
2952	smatraju	to think, be of opinion	/ˈsmatrɑjʊ/
2953	američka	America; American	/ˈamɛˌrɪtʃkɐ/
2954	sude	court	/ˈsudɛ/
2955	status	status, rank	/stǎːtus/
2956	suncu	sun	/ˈsuntsʊ/
2957	pošten	honest, fair	/pǒʃten/
2958	plakati	to cry, weep	/plǎːkati/
2959	uvo	ear	/ûʋo/
2960	obučen	trained	/ǒbut͡ʃen/
2961	bacim	to throw, cast	/ˈbatsɪm/
2962	tehnologija	technology	/texnolǒɡija/
2963	odobrenje	approval	/odobrěːɲe/
2964	reakcija	reaction	/reǎkt͡sija/
2965	sos	sauce	/sôːs/
2966	nisko	low, lowly	/nîsko/
2967	junak	soldier, knight, warrior	/jǔnaːk/
2968	planiram	to plan	/ˈplanɪrɐm/
2969	verzija	version	/ʋěrzija/
2970	odbrana	defense	/ôdbrana/
2971	brdo	hill	/br̩̂do/
2972	posete	visit	/ˈposɛtɛ/
2973	torba	bag	/tǒːrba/
2974	korisno	usefully, purposefully	/kôrisno/
2975	lažno	falsely	/lâʒno/
2976	običaj	habit, tendency	/ôbit͡ʃaːj/
2977	borac	fighter	/bǒːrat͡s/
2978	nemački	in a German manner, as a German	/němat͡ʃkiː/
2979	incident	incident	/int͡sǐdent/
2980	žice	acanthus spinosissimus	/ˈʒitsɛ/
2981	klavir	grand piano	/klǎʋiːr/
2982	imaj	to have, possess, own	/ˈimɑj/
2983	naokolo	all around	/nâokolo/
2984	plavo	blue	/ˈplavo/
2985	vlasnika	owner	/ˈvlasnɪkɐ/
2986	muzej	museum	/mǔzeːj/
2987	laka	easy	/ˈlakɐ/
2988	carstvo	empire, kingdom	/t͡sâːrstʋo/
2989	zabavna	amusing, entertaining	/ˈzabɐvnɐ/
2990	radost	joy	/râdoːst/
2991	učiš	to learn, study	/ˈutʃɪʃ/
2992	pile	chick	/pîle/
2993	rodni	birth	/rôdniː/
2994	zuba	genitive singular of zȗb	/zǔːbaː/
2995	službeno	officially	/slûʒbeno/
2996	navečer	in the evening, this evening	/nâʋet͡ʃeːr/
2997	zub	tooth	/zûːb/
2998	šuti	to be silent, shut up	/ˈʃutɪ/
2999	lanac	chain	/lǎːnat͡s/
3000	čuvaš	to guard, protect	/ˈtʃuvɐʃ/
3001	štete	damage, harm	/ˈʃtɛtɛ/
3002	metaka	bullet	/ˈmɛtɐkɐ/
3003	pođem	to go, go away, leave, depart	/ˈpodʑɛm/
3004	spolja	from outside	/spôʎa/
3005	pasoš	passport	/pâːsoʃ/
3006	propustiti	to miss, to fail to notice or do something	/propǔstiti/
3007	platu	pay	/ˈplatʊ/
3008	bliži	near, close to	/ˈbliʒɪ/
3009	shvatite	to understand, comprehend, grasp, conceive	/ˈshvatɪtɛ/
3010	lutka	doll, puppet	/ˈlutkɐ/
3011	zubi	tooth	/ˈzubɪ/
3012	lokalni	local	/ˈlokɐlnɪ/
3013	ritam	rhythm	/rǐtam/
3014	prodam	to sell	/ˈprodɐm/
3015	but	thigh	/bût/
3016	tretman	treatment	/trětmaːn/
3017	konji	horse	/ˈkoɲɪ/
3018	dokument	document	/dokǔment/
3019	grozna	terrible, awful, horrible	/ˈɡroznɐ/
3020	meč	sword	/ˈmɛtʃ/
3021	postupak	procedure, process	/pǒstupak/
3022	ratni	war	/râtniː/
3023	sporo	slow	/ˈsporo/
3024	kauču	couch	/ˈkaʊtʃʊ/
3025	psihijatar	psychiatrist	/psixǐjaːtar/
3026	vodila	to lead	/ˈvodɪlɐ/
3027	povreda	injury	/pôʋreda/
3028	zelena	green	/ˈzɛlɛnɐ/
3029	krade	to steal	/ˈkradɛ/
3030	voće	fruit	/ʋǒt͡ɕe/
3031	bitke	battle	/ˈbitkɛ/
3032	lekcija	lesson	/lěkt͡sija/
3033	senator	senator	/sěnaːtor/
3034	sumnjivo	doubtless, certain	/nesǔmɲiʋ/
3035	guverner	governor	/ɡuʋěrneːr/
3036	guma	rubber	/ɡûma/
3037	stena	rock	/stěːna/
3038	banda	gang	/bâːnda/
3039	žuri	to hurry, rush	/ˈʒurɪ/
3040	mreža	hammock	/ˈmrɛʒɐ/
3041	dodati	to add	/dǒdati/
3042	slomiti	to break, crack, shatter	/slǒmiti/
3043	skok	jump	/skôk/
3044	ponesi	to take	/ˈponɛsɪ/
3045	lose	moose	/ˈlosɛ/
3046	sira	cheese	/ˈsirɐ/
3047	stotina	a group of one hundred	/stôtina/
3048	odvjetnik	lawyer, attorney	/ǒdʋjetniːk/
3049	savetnik	counselor	/sǎːʋetniːk/
3050	gol	naked, nude, bare	/ɡôːl/
3051	pica	cunt, pussy	/pǐːtsa/
3052	istok	east	/ǐstok/
3053	karijera	career	/karijěːra/
3054	profil	profile	/prǒfiːl/
3055	medeni	made with honey	/ˈmɛdɛnɪ/
3056	tisuća	thousand	/tîsut͡ɕa/
3057	češće	oftener, more frequently	/t͡ʃêʃt͡ɕe/
3058	dozvola	permission, permit, licence, consent	/dôzʋola/
3059	skladu	harmony, accord, congruity	/ˈskladʊ/
3060	brza	fast	/ˈbrza/
3061	delom	partly, partially	/děːlom/
3062	plen	booty, plunder	/plêːn/
3063	nosimo	to carry, bring	/ˈnosɪmo/
3064	oproštaj	forgiveness	/ˈoproʃtɑj/
3065	prioritet	priority	/ˈprioˌrɪtɛt/
3066	divlji	wild, savage	/dǐʋʎiː/
3067	oteli	to kidnap	/ˈotɛlɪ/
3068	stojimo	first-person plural present of stàjati	/ˈstojɪmo/
3069	teče	to flow, stream, pass, course, flux	/ˈtɛtʃɛ/
3070	prepoznati	to recognize	/prepǒznati/
3071	jugu	south	/ˈjuɡʊ/
3072	proda	to sell	/ˈprodɐ/
3073	agencija	agency	/aɡěnt͡sija/
3074	životima	life	/ˈʒivoˌtɪmɐ/
3075	pojela	to eat, consume	/ˈpojelɐ/
3076	bezbedan	safe	/ˈbɛzbɛdɐn/
3077	plačem	cry	/ˈplatʃɛm/
3078	las	hair	/ˈlas/
3079	kamena	stone	/ˈkamɛnɐ/
3080	onoliko	that much/many, so much/many, as much/many	/onolǐkoː/
3081	ružna	ugly, unattractive	/ˈruʒnɐ/
3082	značiti	to mean	/znǎːt͡ʃiti/
3083	leva	left	/ˈlɛvɐ/
3084	roj	swarm	/ˈroj/
3085	april	April	/ǎpriːl/
3086	mudro	wise	/ˈmudro/
3087	primila	to receive, get	/ˈprimɪlɐ/
3088	stopalo	foot	/stǒpalo/
3089	došle	to come, arrive	/ˈdoʃlɛ/
3090	marka	stamp, label	/mǎrka/
3091	konobar	waiter	/kônobaːr/
3092	koliki	how large/big	/ˈkolɪkɪ/
3093	raka	crab	/ˈrakɐ/
3094	zamenik	substitute, replacement	/zâːmeniːk/
3095	odvratan	disgusting	/ôdʋraːtan/
3096	trajalo	to last, continue	/ˈtrɑjɐlo/
3097	obući	to dress, clothe, put on clothes	/obǔːt͡ɕi/
3098	učiti	to learn, study	/ǔt͡ʃiti/
3099	zraka	ray, beam	/zrâka/
3100	kopija	copy, duplicate	/kôːpija/
3101	kokain	cocaine	/kokǎiːn/
3102	konju	horse	/ˈkoɲʊ/
3103	naprotiv	on the contrary	/nâprotiːʋ/
3104	kosom	hair	/ˈkosom/
3105	karijere	career	/ˈkɑrɪˌjerɛ/
3106	jača	to become stronger	/ˈjatʃɐ/
3107	kuhinja	kitchen	/kûxiɲa/
3108	rene	horseradish	/ˈrɛnɛ/
3109	porez	tax, taxation	/pǒrez/
3110	dno	bottom	/dnô/
3111	talas	wave	/tâlaːs/
3112	krivu	guilty, culpable	/ˈkrivʊ/
3113	obrazovanje	education	/obrazoʋǎːɲe/
3114	specijalno	specially	/spêt͡sijaːlno/
3115	trava	grass	/trǎːʋa/
3116	izvanredno	extraordinarily	/izʋǎnredno/
3117	slabost	weakness	/slâboːst/
3118	očajan	desperate	/ôt͡ʃaːjan/
3119	krenulo	to move, set in motion	/ˈkrɛnʊlo/
3120	pokraj	alongside, next to, beside	/pôkraj/
3121	staze	path, way	/ˈstazɛ/
3122	punim	full, filled	/ˈpunɪm/
3123	dadilja	nurse, nanny, babysitter	/dǎdiʎa/
3124	pauza	break, pause	/pǎuza/
3125	kriviti	to blame, accuse	/krǐːʋiti/
3126	kiše	rain	/ˈkiʃɛ/
3127	ministarstvo	ministry	/ˈminɪsˌtɑrstvo/
3128	prijateljski	friendly	/prijatěʎskiː/
3129	ugodno	pleasantly, pleasingly	/ûɡodno/
3130	pratila	to follow	/ˈpratɪlɐ/
3131	sklonište	shelter	/sklôniːʃte/
3132	stolica	chair	/stǒlit͡sa/
3133	mladih	young	/ˈmladɪh/
3134	pucam	to crack, break, burst, split	/ˈputsɐm/
3135	prstima	finger	/ˈprstimɐ/
3136	stvoriti	to create	/stʋǒriti/
3137	liječnik	doctor, physician	/ʎêːt͡ʃniːk/
3138	plači	to cry, weep	/ˈplatʃɪ/
3139	pepeo	ashes	/pêpeo/
3140	značenje	meaning	/znǎːt͡ʃeːɲe/
3141	šuma	forest, woods	/ʃûma/
3142	zamak	fortress, castle	/zǎːmak/
3143	štit	shield	/ʃtîːt/
3144	vežba	exercise, practice, drill	/ʋêʒba/
3145	fil	elephant	/fîl/
3146	politički	politically	/polǐtit͡ʃkiː/
3147	upala	inflammation, pneumonia	/ûpala/
3148	lažu	to lie	/ˈlaʒʊ/
3149	predavanje	lecturing	/predǎːʋaːɲe/
3150	jeftino	cheaply	/jêftino/
3151	slavu	glory	/ˈslavʊ/
3152	udovica	widow	/udǒʋit͡sa/
3153	šalio	to joke; to joke around	/ˈʃalɪo/
3154	duž	along, down	/dûʒ/
3155	blagi	mild, gentle, soft, slight	/ˈblaɡɪ/
3156	komandant	commander	/komǎndant/
3157	siđi	to descend, get down, come down	/ˈsidʑɪ/
3158	prepusti	to leave, surrender, cede	/ˈprɛpʊstɪ/
3159	lepota	beauty	/ˈlɛpotɐ/
3160	zagrljaj	hug, embrace	/zâɡrʎaːj/
3161	prozore	window	/ˈprozorɛ/
3162	zauzvrat	in return, in exchange	/zâuzʋraːt/
3163	zona	zone, area	/ˈzonɐ/
3164	ljubavnik	lover	/ʎǔːbaːʋniːk/
3165	list	leaf	/lîːst/
3166	noćni	nocturnal, nightly, night	/nǒt͡ɕniː/
3167	pošla	to go, go away, leave, depart	/ˈpoʃlɐ/
3168	oženi	to marry	/ˈoʒɛnɪ/
3169	nadimak	nickname, sobriquet	/nǎːdimak/
3170	lijek	medicine, cure	/ljêːk/
3171	rupi	pit, hole	/ˈrupɪ/
3172	spasimo	to save, salvage	/ˈspasɪmo/
3173	zoru	dawn	/ˈzorʊ/
3174	sedeti	to sit	/sědeti/
3175	kila	hernia	/ˈkilɐ/
3176	univerzum	universe	/uniʋěrzum/
3177	cvet	flower	/t͡sʋêːt/
3178	slep	blind	/slêːp/
3179	dolaziti	to arrive, come	/dǒlaziti/
3180	suočiti	to confront	/suǒt͡ʃiti/
3181	ton	tone	/tôːn/
3182	krađa	theft	/krâd͡ʑa/
3183	dvorište	courtyard, yard	/dʋǒriːʃte/
3184	tlo	ground	/tlô/
3185	osobom	person	/ˈosobom/
3186	sekretarica	secretary	/sekretǎrit͡sa/
3187	zajednice	community	/ˈzɑjedˌnɪtsɛ/
3188	dopalo	to get into, receive, be hit by something malicious	/ˈdopɐlo/
3189	bitan	essential, inherent, vital	/bîtan/
3190	zaštita	protection	/zâːʃtita/
3191	strogo	strictly	/strôɡo/
3192	tržište	market	/tr̩̂ʒiːʃte/
3193	tona	tonne	/tôna/
3194	današnji	present-day; today's	/dǎnaʃɲiː/
3195	tumor	tumor	/tûːmor/
3196	seksu	dative/locative singular of sȅks	/sêksu/
3197	dišem	to breathe, take breath	/ˈdiʃɛm/
3198	paziš	to beware, watch out, be careful	/ˈpazɪʃ/
3199	pranje	laundering, washing	/prǎːɲe/
3200	krst	cross, crucifix	/kr̩̂st/
3201	prijaviti	to sign up, register	/prijǎːʋiti/
3202	nadzor	supervision, oversight	/nǎːdzor/
3203	proizvod	product	/proǐzʋod/
3204	curo	girl	/ˈtsuro/
3205	deli	to divide, separate	/ˈdɛlɪ/
3206	haljine	dress	/ˈxaʎɪnɛ/
3207	šupak	asshole, anus	/ʃǔːpak/
3208	privatno	privately	/prîʋaːtno/
3209	čuvao	to guard, protect	/ˈtʃuvɐo/
3210	zajednički	together	/zâjednit͡ʃkiː/
3211	silovanje	rape, raping	/sîloʋaːɲe/
3212	ploče	tablet	/ˈplotʃɛ/
3213	svesti	to drive, haul	/sʋêsti/
3214	krave	cow	/ˈkravɛ/
3215	tihi	masculine nominative/vocative plural	/ˈtihɪ/
3216	krajeva	end, ending	/ˈkrɑjevɐ/
3217	pristojno	politely, civilly	/prǐːstoːjno/
3218	dopasti	to get into, receive, be hit by something malicious	/dǒpasti/
3219	mini	to pass, pass by	/ˈminɪ/
3220	učenik	pupil	/ût͡ʃeniːk/
3221	površine	surface	/ˈpovrʃɪnɛ/
3222	napušta	third-person singular present of napuštati	/ˈnapʊʃtɐ/
3223	bacanje	throwing, casting	/bǎt͡saːɲe/
3224	benzin	gasoline	/běnziːn/
3225	površinu	surface	/ˈpovrʃɪnʊ/
3226	otkriće	discovery, revelation	/otkrǐːt͡ɕe/
3227	krugu	circle	/ˈkruɡʊ/
3228	prodali	to sell	/ˈprodɐlɪ/
3229	molila	to ask, request, beg	/ˈmolɪlɐ/
3230	nemačke	German	/ˈnɛmɐtʃkɛ/
3231	rima	rhyme	/rǐːma/
3232	ubacio	to throw in, throw into	/ˈubɐtˌsɪo/
3233	asistent	assistant	/asǐstent/
3234	slave	to celebrate, glorify	/ˈslavɛ/
3235	bake	grandmother, grandma	/ˈbakɛ/
3236	povrijediti	to hurt, injure, wound	/poʋrjěːditi/
3237	čudi	to surprise, to amaze, astonish	/ˈtʃudɪ/
3238	tara	tare	/ˈtɑrɐ/
3239	naučnik	scientist	/nǎut͡ʃniːk/
3240	vuče	wolf	/ˈvutʃɛ/
3241	gaćice	panties	/ɡât͡ɕit͡se/
3242	posledica	consequence	/pǒsledit͡sa/
3243	koštati	to cost	/kôʃtati/
3244	olakšanje	relief	/olakʃǎːɲe/
3245	ružan	ugly, unattractive	/rǔːʒan/
3246	trudio	to try, make an effort	/ˈtrudɪo/
3247	donji	lower	/dôːɲiː/
3248	nevinost	innocence	/nêʋiːnoːst/
3249	kompa	friend, buddy, chum	/kompǎ/
3250	zmaj	dragon	/zmâj/
3251	nevina	innocent	/ˈnɛvɪnɐ/
3252	rukopis	handwriting	/ˈrukopɪs/
3253	sredstvo	means, medium	/srědstʋo/
3254	poljubiti	to kiss	/poʎǔːbiti/
3255	kineski	in a Chinese manner, as a Chinese	/kǐneːskiː/
3256	sporazum	accord, treaty	/spôrazuːm/
3257	živjeli	the usual toast when drinking alcohol	/ˈʒivjelɪ/
3258	opis	description	/ǒpis/
3259	materijala	material	/ˈmatɛˌrɪjɐlɐ/
3260	delimo	to divide, separate	/ˈdɛlɪmo/
3261	desne	right	/ˈdɛsnɛ/
3262	cirkus	circus	/t͡sǐrkus/
3263	djed	grandfather	/djêd/
3264	hlače	trousers, pants	/xlât͡ʃe/
3265	nedostatak	shortage	/nedostǎːtak/
3266	mislima	thought	/ˈmislɪmɐ/
3267	le	only	/ˈlɛ/
3268	praznik	national holiday	/prâːzniːk/
3269	zamoliti	to ask, beg	/zamǒliti/
3270	nađimo	to find, discover	/ˈnadʑɪmo/
3271	utočište	shelter, refuge, asylum	/ǔtot͡ʃiːʃte/
3272	davao	active past participle of davati	/ˈdavɐo/
3273	svemirski	cosmic, universe	/sʋêmiːrskiː/
3274	nogom	leg	/ˈnoɡom/
3275	snažno	strongly, powerfully	/snâːʒno/
3276	pruža	to stretch out, extend	/ˈpruʒɐ/
3277	ćelija	cell	/t͡ɕělija/
3278	legalno	legally	/lěɡaːlno/
3279	osetiti	to feel	/ǒsetiti/
3280	tradicija	tradition	/trǎdiːt͡sija/
3281	kuvar	cook	/kûʋaːr/
3282	složiti	to pile, stack, heap	/slǒʒiti/
3283	vojne	armed forces; military	/ˈvojnɛ/
3284	rešili	to solve	/ˈrɛʃɪlɪ/
3285	pušenje	verbal noun of pȕšiti	/ˈpuʃɛɲe/
3286	lokacija	location	/lokǎːt͡sija/
3287	kovčeg	case	/kǒʋt͡ʃeɡ/
3288	pogon	drive, propulsion	/ˈpoɡon/
3289	blok	block	/blôk/
3290	komšija	neighbour	/kǒmʃija/
3291	savest	conscience	/sǎːʋest/
3292	tone	to sink	/ˈtonɛ/
3293	površini	surface	/ˈpovrʃɪnɪ/
3294	izjava	statement	/îzjaʋa/
3295	ruža	rose	/ˈruʒɐ/
3296	ponašati	to behave, conduct	/ponǎːʃati/
3297	sedište	seat	/sêdiːʃte/
3298	terorista	terrorist	/ˈtɛroˌrɪstɐ/
3299	besmisleno	senselessly, absurdly	/běsmisleno/
3300	severu	north	/ˈsɛvɛrʊ/
3301	ulaze	entrance	/ˈulɐzɛ/
3302	neprestano	constantly, continuously	/neprěstano/
3303	pruži	to stretch out, extend	/ˈpruʒɪ/
3304	liza	a lick	/ˈlizɐ/
3305	smiriti	to calm, soothe, pacify	/smǐːriti/
3306	rod	gender	/rôːd/
3307	izvještaj	report, account, record	/îzʋjeʃtaːj/
3308	baku	grandmother, grandma	/ˈbakʊ/
3309	sjediti	to sit	/sjěditi/
3310	prima	unison	/ˈprimɐ/
3311	odela	suit	/ˈodɛlɐ/
3312	stranica	page	/strǎnit͡sa/
3313	smeru	direction, course	/ˈsmɛrʊ/
3314	pucaš	to crack, break, burst, split	/ˈputsɐʃ/
3315	sjesti	to sit down	/sjêsti/
3316	šali	joke	/ˈʃalɪ/
3317	prtljag	luggage	/ˈprtʎaɡ/
3318	kauč	couch	/kâuːt͡ʃ/
3319	čip	chip	/t͡ʃîp/
3320	tajnom	secret	/ˈtɑjnom/
3321	diler	dealer	/ˈdilɛr/
3322	pesak	sand	/pěːsak/
3323	ustati	to stand up, rise, get up	/ǔstati/
3324	sedimo	to sit	/ˈsɛdɪmo/
3325	doslovno	literally	/dǒːsloːʋno/
3326	izazvao	to challenge, provoke	/ˈizɐzˌvɐo/
3327	redom	one after the other	/rêːdom/
3328	odsutan	absent	/ôdsuːtan/
3329	krasno	wonderfully, splendidly	/krâːsno/
3330	jabuka	apple	/jâbuka/
3331	onamo	in that direction over there, in that place; there	/ǒnaːmo/
3332	kat	floor, storey	/kât/
3333	kombinacija	combination	/kombinǎːt͡sija/
3334	stajala	to stop	/ˈstɑjɐlɐ/
3335	sjetiti	to remember	/sjêtiti/
3336	muke	pain	/ˈmukɛ/
3337	prljav	dirty	/pr̂ʎaʋ/
3338	pružiti	to stretch out, extend	/prûʒiti/
3339	uistinu	indeed, truly	/ǔistinu/
3340	raja	a band, group, notably of friends	/rǎːja/
3341	uđu	to enter, go into, come in	/ˈudʑʊ/
3342	plemena	tribe	/ˈplɛmɛnɐ/
3343	školski	in the manner characteristic of a school, as if in a school	/ʃkǒlskiː/
3344	tepih	carpet	/těpix/
3345	viziju	vision	/ˈvizɪjʊ/
3346	lovi	to hunt	/ˈlovɪ/
3347	disanje	verbal noun of disati impf: breathing, respiration	/dǐːsaːɲe/
3348	sveto	holy, saint	/ˈsvɛto/
3349	tuče	fight, melee	/ˈtutʃɛ/
3350	savez	alliance, union	/sǎːʋez/
3351	krova	roof	/ˈkrovɐ/
3352	pretio	obese	/ˈprɛtɪo/
3353	grof	count	/ˈɡrof/
3354	zime	winter	/ˈzimɛ/
3355	lav	lion	/lâʋ/
3356	džabe	alternative form of džaba	/d͡ʒâbeː/
3357	momku	a young man, lad	/ˈmomkʊ/
3358	studiju	study, paper	/ˈstudɪjʊ/
3359	bradu	beard	/ˈbradʊ/
3360	organizacija	organization	/orɡanizǎːt͡sija/
3361	serija	series	/sêːrija/
3362	jedete	to eat, consume	/ˈjedɛtɛ/
3363	skote	litter	/ˈskotɛ/
3364	pokrenuti	to initiate, start, set in motion	/pokrěːnuti/
3365	unaokolo	all over the place	/ˈunɐˌokolo/
3366	belu	white	/ˈbɛlʊ/
3367	val	wave	/ʋâːl/
3368	medveda	bear	/ˈmɛdvɛdɐ/
3369	ploča	tablet	/plôt͡ʃa/
3370	instinkt	instinct	/ǐnstinkt/
3371	dokaže	to prove	/ˈdokɐʒɛ/
3372	morski	sea; marine	/mǒrskiː/
3373	ožiljak	scar	/ǒʒiʎak/
3374	knjigama	book	/ˈkɲiɡɐmɐ/
3375	besa	oath, pledge, word of honour among Albanians	/běːsa/
3376	kredit	credit, loan	/krědiːt/
3377	traka	strip, ribbon	/trâka/
3378	nesporazum	misunderstanding	/nêsporazum/
3379	presudu	verdict	/ˈprɛsʊdʊ/
3380	pripremiti	to prepare	/priprěːmiti/
3381	pila	saw	/pǐːla/
3382	metal	metal	/mětaːl/
3383	prija	to taste, suit, please	/prǐja/
3384	odanost	devotion	/ôdaːnoːst/
3385	rodi	stork	/ˈrodɪ/
3386	reklama	advertisement, commercial	/ˈrɛklɐmɐ/
3387	maleni	small	/ˈmalɛnɪ/
3388	nežno	gently, tenderly, softly	/nêʒno/
3389	terapija	therapy	/terǎpija/
3390	žurim	to hurry, rush	/ˈʒurɪm/
3391	tatica	dad, daddy	/ˈtatɪtsɐ/
3392	vlak	train	/ʋlâːk/
3393	setiti	to remember	/sêtiti/
3394	maska	mask	/mǎska/
3395	proleće	spring	/prǒlet͡ɕe/
3396	prodala	to sell	/ˈprodɐlɐ/
3397	pričekati	to wait for a while	/prǐt͡ʃekati/
3398	staroj	old	/ˈstɑroj/
3399	tuš	India ink	/tûʃ/
3400	bojati	to fear, be afraid of	/bǒjati/
3401	prizor	scene, sight	/prǐːzor/
3402	unuka	granddaughter	/ǔnuka/
3403	nemačka	German	/ˈnɛmɐtʃkɐ/
3404	čelu	forehead	/ˈtʃɛlʊ/
3405	pomisliti	to think about sth/sb	/pǒmisliti/
3406	miš	mouse	/mîʃ/
3407	čvrst	fixed, stable, immovable	/t͡ʃʋr̩̂ːst/
3408	dugu	long	/ˈduɡʊ/
3409	lana	flax	/ˈlanɐ/
3410	pop	priest	/pôp/
3411	uništenje	destruction	/ˈunɪʃˌtɛɲe/
3412	južno	south, southwards	/jûʒno/
3413	profesionalac	a professional	/profesionǎːlat͡s/
3414	vida	eyesight	/ˈvidɐ/
3415	zahvalnost	gratitude, thankfulness	/zaxʋǎːlnoːst/
3416	boca	bottle	/bôt͡sa/
3417	spase	to save, salvage	/ˈspasɛ/
3418	drolja	slut	/drôʎa/
3419	vodič	conductor	/ʋǒdiːt͡ʃ/
3420	trud	effort, work, toil	/ˈtrud/
3421	ugodan	pleasing, pleasant, agreeable	/ûɡodan/
3422	poseta	visit	/pôseta/
3423	vojna	military campaign	/ʋôːjna/
3424	krijem	to hide, conceal	/ˈkrijem/
3425	senke	shade; shadow	/ˈsɛŋkɛ/
3426	brze	fast	/ˈbrzɛ/
3427	nestanak	disappearance	/něstanak/
3428	veličina	size	/ʋelit͡ʃǐna/
3429	božji	God, godly, divine	/bôʒjiː/
3430	tukao	to beat, thrash	/ˈtukɐo/
3431	generacija	generation	/ɡenerǎːt͡sija/
3432	propao	to fall through, fall into, sink	/ˈpropɐo/
3433	izlet	picnic, outing, excursion	/ǐzlet/
3434	živu	live, alive	/ˈʒivʊ/
3435	poker	poker	/pǒker/
3436	tok	flow	/tôːk/
3437	jure	alternative form of jȗr	/jûre/
3438	robot	robot	/rôbot/
3439	ispala	to fall out, drop	/ˈispɐlɐ/
3440	čitanje	reading	/t͡ʃǐtaːɲe/
3441	divlja	wild, savage	/ˈdivljɐ/
3442	desetak	around ten	/desěːtak/
3443	kum	One's own godfather or one's child's godfather	/kûːm/
3444	naporan	strenuous, tiring, hard	/nǎːpoːran/
3445	kavez	cage; birdcage	/kǎʋez/
3446	oduzeti	to take away, deprive	/odǔzeːti/
3447	spustiti	to lower, abase, take down	/spǔstiti/
3448	prevariti	to cheat, deceive, trick, swindle	/prěʋariti/
3449	platite	to pay	/ˈplatɪtɛ/
3450	cigareta	cigarette	/t͡siɡarěta/
3451	žali	to mourn, grieve	/ˈʒalɪ/
3452	želeti	to wish, desire	/ʒěleti/
3453	radnja	act, action	/rǎːdɲa/
3454	telegram	telegram	/têleɡram/
3455	roštilj	barbecue, grill	/rǒʃtiːʎ/
3456	premijer	prime minister	/premǐjeːr/
3457	glupu	stupid, foolish	/ˈɡlupʊ/
3458	devica	virgin	/děʋit͡sa/
3459	kretanje	movement	/ˈkrɛtɐɲe/
3460	održavanje	upkeep, maintenance	/ˈodrʒɐˌvɐɲe/
3461	cev	tube	/t͡sêːʋ/
3462	sirom	cheese	/ˈsirom/
3463	debeo	fat	/děbeo/
3464	žestoko	severely, fiercely, strongly, violently	/ʒestǒko/
3465	pretvarati	to turn into, to transform, to change	/pretʋǎːrati/
3466	desert	dessert	/děsert/
3467	džep	pocket	/d͡ʒêp/
3468	klasa	class	/klǎsa/
3469	kristal	crystal	/krǐstaːl/
3470	zima	winter	/zǐːma/
3471	moćan	powerful, mighty, strong	/môt͡ɕan/
3472	rudnik	mine	/rûːdniːk/
3473	polu	pole	/ˈpolʊ/
3474	uđete	to enter, go into, come in	/ˈudʑɛtɛ/
3475	ludnica	madhouse	/lǔːdnit͡sa/
3476	braon	brown	/ˈbraon/
3477	termin	term	/těrmiːn/
3478	frižider	refrigerator	/friʒǐdeːr/
3479	tame	darkness	/ˈtamɛ/
3480	roditelj	parent	/rǒditeʎ/
3481	razumjeti	to understand, to comprehend	/razǔmjeti/
3482	operi	to wash	/ˈopɛrɪ/
3483	košulja	shirt with long sleeves and a collar	/kǒʃuʎa/
3484	zaspala	to fall asleep	/ˈzaspɐlɐ/
3485	profesionalni	professional	/ˈprofɛˌsɪoˌnɐlnɪ/
3486	keš	cash, money	/kêʃ/
3487	slatke	sweet	/ˈslatkɛ/
3488	karakter	character	/karǎkter/
3489	ispasti	to fall out, drop	/ǐspasti/
3490	plavu	blue	/ˈplavʊ/
3491	potražiti	to seek, look for, search	/potrǎːʒiti/
3492	salu	fat	/ˈsalʊ/
3493	mesečno	monthly, on a monthly basis	/mêset͡ʃno/
3494	čudesno	wondrously, marvelously	/t͡ʃûdesno/
3495	slavimo	to celebrate, glorify	/ˈslavɪmo/
3496	učenje	studying, learning	/ǔt͡ʃeːɲe/
3497	ala	expression of awe, surprise, dismay, etc	/ǎla/
3498	otpustiti	to release	/otpǔstiti/
3499	koktel	cocktail	/ˈkoktɛl/
3500	odgovarati	to answer, reply	/odɡoʋǎːrati/
3501	pat	stalemate	/ˈpat/
3502	serijski	serially	/sêːriːjskiː/
3503	čaša	a glass	/t͡ʃâʃa/
3504	protokol	protocol	/ˈprotokol/
3505	jastuk	pillow	/ˈjastʊk/
3506	kandidat	candidate; applicant	/kandǐdaːt/
3507	angel	angel	/ˈaŋɡɛl/
3508	zapalio	to set fire to, to set on fire, to burn	/ˈzapɐˌlɪo/
3509	ugled	reputation	/ûɡleːd/
3510	okruga	district	/ˈokrʊɡɐ/
3511	baciš	to throw, cast	/ˈbatsɪʃ/
3512	kućama	house	/ˈkutɕɐmɐ/
3513	svež	fresh	/sʋêʒ/
3514	grubo	roughly	/ɡrûːbo/
3515	festival	festival	/ˈfɛstɪvɐl/
3516	kapi	cap	/ˈkapɪ/
3517	uspešan	successful	/ǔspeʃan/
3518	uže	rope, cord	/ûʒe/
3519	dužan	owing, in debt	/dǔːʒan/
3520	faza	phase, stage	/fâza/
3521	putujem	to travel	/ˈputʊjem/
3522	varao	to cheat, deceive, trick, swindle	/ˈvɑrɐo/
3523	časopis	magazine, journal	/t͡ʃâsopiːs/
3524	voljeti	to love	/ʋǒʎeti/
3525	plata	pay	/plǎːta/
3526	plamen	flame, blaze, fire	/plâmeːn/
3527	pozorište	theater	/ˈpozoˌrɪʃtɛ/
3528	građani	citizen	/ˈɡradʑɐnɪ/
3529	pucanj	shot, bang	/pûːt͡saɲ/
3530	toranj	tower	/tǒːraɲ/
3531	letu	summer, summertime	/ˈlɛtʊ/
3532	postojanje	existence	/pǒːstojaːɲe/
3533	razbiti	to break, smash, crack, shatter	/rǎzbiti/
3534	časna	honorable	/ˈtʃasnɐ/
3535	strpljenje	patience	/strpʎěːɲe/
3536	voljan	willing	/ʋǒːʎan/
3537	nezgodno	inconveniently	/nězɡodno/
3538	vozom	train	/ˈvozom/
3539	osjećati	to feel	/ǒsjet͡ɕati/
3540	planet	planet	/plǎneːt/
3541	zabole	to stick, drive	/ˈzabolɛ/
3542	teraj	to force, make	/ˈtɛrɑj/
3543	krompir	potato	/krǒmpiːr/
3544	sram	shame	/srâːm/
3545	ploču	tablet	/ˈplotʃʊ/
3546	leve	left	/ˈlɛvɛ/
3547	napala	to attack, assault	/ˈnapɐlɐ/
3548	dijamant	diamond	/dijǎmant/
3549	subota	Saturday	/sǔbota/
3550	naslov	title, heading	/nǎːsloʋ/
3551	pticu	bird	/ˈptitsʊ/
3552	poneti	to take	/ˈponɛtɪ/
3553	bole	to stab	/ˈbolɛ/
3554	cvijeće	flowers	/t͡sʋjêːt͡ɕe/
3555	učitelja	teacher	/ˈutʃɪˌtɛʎɐ/
3556	efekat	effect	/ěfekat/
3557	krajem	at the end of	/krâjem/
3558	ispuniti	to fill up	/ǐspuniti/
3559	puška	rifle	/pûʃka/
3560	potraga	search	/pôtraɡa/
3561	mržnje	hatred	/ˈmrʒɲe/
3562	otpor	resistance	/ǒtpor/
3563	pili	to saw	/ˈpilɪ/
3564	bube	bug	/ˈbubɛ/
3565	studija	study, paper	/stûːdija/
3566	buba	bug	/bûba/
3567	pjesma	poem	/pjêsma/
3568	raspolaganju	dative/locative singular of raspolaganje	/ˈraspoˌlɐɡɐɲʊ/
3569	odijelo	suit	/odjěːlo/
3570	dvorac	castle	/dʋǒːrat͡s/
3571	zamena	substitute, replacement	/zâːmena/
3572	hobi	hobby	/xôbi/
3573	pođe	to go, go away, leave, depart	/ˈpodʑɛ/
3574	prisutan	present	/prîsutan/
3575	potvrditi	to confirm, acknowledge	/potʋřːditi/
3576	torta	cake	/tôːrta/
3577	spasite	to save, salvage	/ˈspasɪtɛ/
3578	preterano	excessively, unduly, too	/prěteraːno/
3579	trena	moment	/ˈtrɛnɐ/
3580	mapa	map	/mâpa/
3581	odneti	to take away, carry away	/ǒdneːti/
3582	plaćaš	to pay	/ˈplatɕɐʃ/
3583	lane	last year	/lâne/
3584	objaviti	to proclaim, declare, announce	/objǎːʋiti/
3585	uče	to learn, study	/ˈutʃɛ/
3586	svirati	to play	/sʋǐːrati/
3587	sljedeće	next, following	/ˈsʎedɛtɕɛ/
3588	britanski	British	/brǐtaːnskiː/
3589	blizak	near, close to	/blîzak/
3590	svađa	quarrel	/sʋâd͡ʑa/
3591	raketa	rocket	/rakěta/
3592	vezano	to bind, fasten, tie	/ˈvɛzɐno/
3593	nauditi	to harm	/nǎuditi/
3594	zaklon	shelter, covert	/ˈzaklon/
3595	javni	public	/jâːʋniː/
3596	težinu	weight	/ˈtɛʒɪnʊ/
3597	karton	cardboard, paperboard	/kǎrtoːn/
3598	sukob	conflict	/sǔːkob/
3599	upozoriti	to warn	/upozǒriti/
3600	ve	now	/ˈvɛ/
3601	diže	to lift, raise, elevate	/ˈdiʒɛ/
3602	šator	tent	/ʃâtor/
3603	konopac	rope, cord	/kǒnopat͡s/
3604	primam	first-person singular present of primati	/ˈprimɐm/
3605	činio	to make, do	/ˈtʃinɪo/
3606	prodaja	sale	/prôdaja/
3607	bekstvo	escape	/běkstʋo/
3608	blaga	mild, gentle, soft, slight	/ˈblaɡɐ/
3609	bira	beer	/bîra/
3610	mit	myth	/ˈmit/
3611	istinski	authentically, genuinely, truly	/îstiːnskiː/
3612	propasti	to fall through, fall into, sink	/prǒpasti/
3613	razumno	sensibly, reasonably, rationally	/râzuːmno/
3614	mater	mother	/ˈmatɛr/
3615	viđen	to see	/ˈvidʑɛn/
3616	stroj	machine, engine	/strôːj/
3617	trgovac	shopkeeper, dealer	/tř̩ɡoʋat͡s/
3618	pleše	bald spot	/ˈplɛʃɛ/
3619	današnje	present-day; today's	/ˈdanɐʃɲe/
3620	tiha	feminine nominative/vocative singular	/ˈtihɐ/
3621	bel	alternative form of bȅo	/bêːl/
3622	kriju	to hide, conceal	/ˈkrijʊ/
3623	štab	headquarters	/ʃtâːb/
3624	zdravlja	health	/ˈzdravljɐ/
3625	koj	alternative form of kȍ	/koj/
3626	razvoj	development	/rǎːzʋoj/
3627	žališ	to mourn, grieve	/ˈʒalɪʃ/
3628	viđamo	to keep seeing somebody or something	/ˈvidʑɐmo/
3629	haljini	dress	/ˈxaʎɪnɪ/
3630	pošta	mail, post	/pôʃta/
3631	kladiti	to bet, wager	/klâditi/
3632	logor	camp	/lôːɡor/
3633	eksploziv	explosive	/ˈɛksplozɪv/
3634	zore	dawn	/ˈzorɛ/
3635	zec	hare	/zêːt͡s/
3636	luku	onion	/ˈlukʊ/
3637	godišnjica	anniversary	/ɡǒdiʃɲit͡sa/
3638	kupanje	bath	/ˈkupɐɲe/
3639	kosi	slant, inclined, skew	/ˈkosɪ/
3640	projekt	project	/prǒjekt/
3641	veku	century	/ˈvɛkʊ/
3642	parfem	perfume	/pǎrfeːm/
3643	kadi	when	/ˈkadɪ/
3644	stazi	path, way	/ˈstazɪ/
3645	suza	tear	/sûza/
3646	smjesta	at once, immediately, right away	/smjêsta/
3647	pobiti	to kill, slaughter	/pǒbiti/
3648	logično	logically	/lǒɡit͡ʃno/
3649	plašila	bugaboo, scarecrow	/ˈplaʃɪlɐ/
3650	dupli	double	/dûpliː/
3651	prazne	empty, vacant	/ˈpraznɛ/
3652	poslužiti	to serve, be of use	/poslǔːʒiti/
3653	sesti	to sit down	/sêsti/
3654	vetra	wind	/ˈvɛtrɐ/
3655	šalu	joke	/ˈʃalʊ/
3656	grub	rough, coarse	/ɡrûːb/
3657	povijest	history	/pôʋijeːst/
3658	emisija	a radio or a television program	/ˈɛmɪˌsɪjɐ/
3659	nadi	hope	/ˈnadɪ/
3660	vek	century	/ˈvɛk/
3661	fuj	ew, yuck, phew	/fuj/
3662	armija	army, military	/ǎrmija/
3663	zabaviti	to amuse, to entertain	/zǎbaʋiti/
3664	lopovi	thief, crook	/ˈlopovɪ/
3665	zelene	green	/ˈzɛlɛnɛ/
3666	odred	detachment, unit	/ôdreːd/
3667	rublje	linen, laundry	/rûːbʎe/
3668	primetiti	to notice, observe	/priměːtiti/
3669	povucite	second-person plural imperative of pòvūći	/ˈpovʊtˌsɪtɛ/
3670	severno	north, northwards	/sêʋeːrno/
3671	raspoloženje	mood, disposition	/raspoloʒěːɲe/
3672	osvojiti	to conquer	/osʋǒjiti/
3673	milje	milieu	/ˈmǐʎeː/
3674	voljno	willingly	/ʋôːʎno/
3675	plavuša	blonde woman	/plǎʋuʃa/
3676	gledanje	verbal noun of glȅdati	/ˈɡlɛdɐɲe/
3677	lepotica	beauty	/ˈlɛpoˌtɪtsɐ/
3678	varaš	to cheat, deceive, trick, swindle	/ˈvɑrɐʃ/
3679	soli	to salt	/ˈsolɪ/
3680	štititi	to protect	/ʃtîtiti/
3681	kuva	to cook	/ˈkuvɐ/
3682	danju	during the day	/dǎːɲu/
3683	okrugu	district	/ˈokrʊɡʊ/
3684	uhapsiti	to arrest	/ǔxapsiti/
3685	čarobnjak	wizard	/t͡ʃarǒbɲaːk/
3686	luci	harbor; harbour	/ˈlutsɪ/
3687	sluge	servant	/ˈsluɡɛ/
3688	buke	cascade, rapids, cataract	/ˈbukɛ/
3689	jen	one	/ˈjen/
3690	ukupno	totally, wholly, entirely	/ǔkupno/
3691	sanduk	box, coffin, chest	/sǎnduk/
3692	stres	stress	/strês/
3693	prsa	chest	/pr̂sa/
3694	računalo	computer	/rat͡ʂǔnalo/
3695	boce	bottle	/ˈbotsɛ/
3696	prenos	transfer, transport	/prěːnos/
3697	redovno	regularly	/rêdoːʋno/
3698	učiteljica	teacher	/ut͡ʃitěʎit͡sa/
3699	moliti	to ask, request, beg	/mǒliti/
3700	sportski	sportingly	/spôrtskiː/
3701	amber	amber	/ˈambɛr/
3702	pravili	to make, create	/ˈpravɪlɪ/
3703	zidove	wall	/ˈzidovɛ/
3704	šah	shah	/ʃâx/
3705	poštuje	to respect, esteem	/ˈpoʃtʊje/
3706	faks	fax	/fâks/
3707	detalj	detail	/ˈdɛtɐʎ/
3708	boba	broad bean	/ˈbobɐ/
3709	čudak	eccentric, crank, weirdo	/t͡ʃǔdaːk/
3710	itekako	definitely	/ˈitɛˌkɐko/
3711	kućni	relational adjective of kȕća; domiciliary, home	/kût͡ɕniː/
3712	milo	dearly, kindly, cordially	/mîlo/
3713	otvor	opening	/ǒtʋor/
3714	izazvati	to challenge, provoke	/izǎzʋati/
3715	većinom	mostly, mainly	/ʋet͡ɕǐnoːm/
3716	okidač	trigger	/ˈokɪdɐtʃ/
3717	uspešno	successfully	/ǔspeʃno/
3718	posve	completely, entirely, wholly	/pǒsʋe/
3719	tanjir	plate	/ˈtaɲɪr/
3720	upoznajte	to familiarize, get to know, get acquainted with	/ˈupozˌnɑjtɛ/
3721	sličan	similar	/slît͡ʃan/
3722	ležao	to lie, recline	/ˈlɛʒɐo/
3723	videlo	light, daylight	/ˈvidɛlo/
3724	odelu	suit	/ˈodɛlʊ/
3725	dugačak	long	/duɡǎt͡ʃak/
3726	oblak	cloud	/ôblaːk/
3727	slabi	weak	/ˈslabɪ/
3728	saučešće	condolences, sympathy	/sǎut͡ʃeʃt͡ɕe/
3729	groblje	cemetery, graveyard	/ɡrôːbʎe/
3730	belac	white male	/běːlat͡s/
3731	preživjeti	to survive	/preʒǐːʋjeti/
3732	opisati	to describe	/opǐːsati/
3733	prodavnica	store, shop	/prǒdaːʋnit͡sa/
3734	ponude	offer	/ˈponʊdɛ/
3735	voza	train	/ˈvozɐ/
3736	skandal	scandal	/skǎndaːl/
3737	tigar	tiger	/ˈtiɡɑr/
3738	šire	masculine accusative plural	/ˈʃirɛ/
3739	gradski	city, town; municipal	/ɡrǎdskiː/
3740	studenti	student	/ˈstudɛntɪ/
3741	disati	to breathe, take breath	/dǐːsati/
3742	prikladno	appropriately, suitably, fittingly	/prǐkladno/
3743	tami	darkness	/ˈtamɪ/
3744	sudski	judicial	/sǔdskiː/
3745	pokvaren	broken, malfunctioning	/pǒkʋaːren/
3746	sija	to shine, emit light	/sǐja/
3747	univerzitet	university	/ˈunɪˌvɛrzɪtɛt/
3748	zapali	to set	/ˈzapɐlɪ/
3749	creva	gut, bowel, intestine	/ˈtsrɛvɐ/
3750	vis	height	/ʋîːs/
3751	heroin	heroin	/xerǒiːn/
3752	bal	ball	/ˈbal/
3753	uporno	persistently	/ûpoːrno/
3754	kapa	cap	/kâpa/
3755	čekić	hammer	/t͡ʃěkit͡ɕ/
3756	vremenski	as pertains to time; timewise	/ʋrêmenskiː/
3757	leni	alternative form of lijen	/ˈlɛnɪ/
3758	impresioniran	impressed	/impresiǒniran/
3759	pozvani	to call	/ˈpozvɐnɪ/
3760	poštovati	to respect, esteem	/poʃtǒʋati/
3761	jedanaest	eleven	/ˈjedɐˌnɐɛst/
3762	pacov	rat	/ˈpatsov/
3763	vikao	to shout, yell	/ˈvikɐo/
3764	potreba	need	/pôtreba/
3765	četvrt	quarter	/ˈtʃɛtvrt/
3766	dječaka	boy, youngster	/ˈdjetʃɐkɐ/
3767	nameštaj	furniture	/nâmeʃtaːj/
3768	djevojčica	girl, lass	/djeʋǒjt͡ʃit͡sa/
3769	žedan	thirsty	/ʒěːdan/
3770	srede	Wednesday	/ˈsrɛdɛ/
3771	teški	heavy, weighty	/ˈtɛʃkɪ/
3772	objavio	to proclaim, declare, announce	/ˈobjɐˌvɪo/
3773	slovo	letter	/slôʋo/
3774	ručno	manually	/rût͡ʃno/
3775	namera	intent, intention	/nâːmera/
3776	izabran	chosen, selected	/îzabraːn/
3777	nacija	nation	/nâːt͡sija/
3778	zidovi	wall	/ˈzidovɪ/
3779	odmoriti	to rest, refresh, relax	/odmǒriti/
3780	poraz	defeat	/pôraːz/
3781	obrnuto	inversely, oppositely	/ǒbrːnuːto/
3782	med	between	/mêːd/
3783	igračka	toy	/ǐɡrat͡ʃka/
3784	krilu	wing	/ˈkrilʊ/
3785	uvjeriti	to convince, assure, persuade	/ǔʋjeriti/
3786	zaključak	conclusion	/zǎːkʎut͡ʃak/
3787	džemper	jumper	/d͡ʒěmper/
3788	započeti	to start, begin, commence	/zapǒt͡ʃeːti/
3789	krađe	theft	/ˈkradʑɛ/
3790	poslušati	to listen to	/pǒsluʃati/
3791	posjetiti	to visit	/pǒsjetiti/
3792	nebesima	sky	/ˈnɛbɛˌsɪmɐ/
3793	jime	name	/ˈjimɛ/
3794	naziv	title, name, appellation	/nǎːziʋ/
3795	gora	mountain	/ɡǒra/
3796	mikrofon	microphone	/mîkrofoːn/
3797	nozi	leg	/ˈnozɪ/
3798	ura	hour	/ûra/
3799	španski	Spanish	/ʃpâːnskiː/
3800	milijun	million	/milǐjuːn/
3801	pale	to kindle, light, set fire to	/ˈpalɛ/
3802	povrće	vegetables	/pǒʋr̩t͡ɕe/
3803	debelo	outrageously, excessively	/debělo/
3804	pređe	yarn	/ˈprɛdʑɛ/
3805	odbaciti	to throw away, throw off	/odbǎːt͡siti/
3806	sala	hall, auditorium	/sǎːla/
3807	kolača	cake	/ˈkolɐtʃɐ/
3808	nepristojno	impolitely, uncivilly, rudely	/neprǐːstoːjno/
3809	povezati	to link, connect	/poʋěːzati/
3810	hot	erotic	/hoːt/
3811	odlučuje	to decide	/ˈodlʊtˌʃʊje/
3812	slijedeći	present adverbial participle of slijediti impf	/slijěːdeːt͡ɕi/
3813	majica	T-shirt	/mâjit͡sa/
3814	vitez	knight	/ˈvitɛz/
3815	pasulj	bean	/pǎsuːʎ/
3816	uzbuđenje	excitement	/uzbud͡ʑěːɲe/
3817	braniti	to defend	/brǎːniti/
3818	ulazak	entering	/ǔlazak/
3819	tipično	typically	/tǐpit͡ʃno/
3820	kita	bunch, bouquet	/kîta/
3821	tugu	sorrow, grief	/ˈtuɡʊ/
3822	promjena	change	/prômjena/
3823	glad	hunger	/ɡlâːd/
3824	boravak	sojourn, stay	/bǒraʋak/
3825	staza	path, way	/stǎza/
3826	terena	terrain	/ˈtɛrɛnɐ/
3827	sede	grey	/ˈsɛdɛ/
3828	profesionalno	professionally	/prôfesionaːlno/
3829	oklop	armor	/ǒklop/
3830	ubaciti	to throw in, throw into	/ubǎːt͡siti/
3831	krio	to hide, conceal	/ˈkrio/
3832	predstaviti	to present, portray, describe	/prětstaʋiti/
3833	nezgoda	trouble	/nězɡoda/
3834	momentu	dative/locative singular of moment	/ˈmomɛntʊ/
3835	lopte	ball	/ˈloptɛ/
3836	svete	holy, saint	/ˈsvɛtɛ/
3837	ulog	investment	/ǔːloɡ/
3838	odozgo	from above	/odǒzɡoː/
3839	viđati	to keep seeing somebody or something	/ʋǐːd͡ʑati/
3840	podigne	third-person singular present of pòdići	/ˈpodɪɡnɛ/
3841	planini	mountain	/ˈplanɪnɪ/
3842	revolucija	revolution	/reʋolǔːt͡sija/
3843	apetit	appetite	/apětiːt/
3844	dirati	to touch	/dǐːrati/
3845	gadan	ugly, disgusting, repulsive	/ɡǎdan/
3846	računati	to calculate, count, figure, compute	/rat͡ʃǔnati/
3847	vezana	to bind, fasten, tie	/ˈvɛzɐnɐ/
3848	norman	Norman	/nǒrmaːn/
3849	kratki	short	/ˈkratkɪ/
3850	silom	by force, forcibly	/sîloːm/
3851	predstavljaju	to represent, pose	/ˈprɛtstɐvlˌjɑjʊ/
3852	zajednica	community	/zâjednit͡sa/
3853	partija	political party	/pǎrtija/
3854	ljutiti	to be mad at, become angry	/ʎǔːtiti/
3855	uspomena	keepsake	/ûspomena/
3856	pozitivno	positively	/pôzitiːʋno/
3857	lola	boyfriend, darling	/lǒːla/
3858	lava	lava	/ˈlavɐ/
3859	kikiriki	peanut, groundnut, monkey nut	/kikirǐki/
3860	dizajn	design	/dǐzajn/
3861	večnost	eternity	/ˈvɛtʃnost/
3862	njome	her	/ɲǒːme/
3863	vrhunski	in the best possible way	/ʋř̩xuːnskiː/
3864	kupe	coupé	/ˈkupɛ/
3865	stoku	cattle	/ˈstokʊ/
3866	pozornost	attention	/pozǒːrnoːst/
3867	fantastičan	fantastic	/fantǎstit͡ʃan/
3868	peškir	towel	/pěʃkiːr/
3869	tlu	ground	/ˈtlu/
3870	održi	to preserve, maintain	/ˈodrʒɪ/
3871	davati	imperfective form of dȁti	/dǎːʋati/
3872	televizor	a television set	/telěʋiːzor/
3873	ogrlica	necklace	/ǒɡrlit͡sa/
3874	izdanje	edition, publication	/izdǎːɲe/
3875	izdajnik	traitor, betrayer	/ǐzdaːjniːk/
3876	genijalno	ingeniously, brilliantly	/ɡênijaːlno/
3877	služiti	to serve	/slǔːʒiti/
3878	sitnica	trifle, triviality	/sitnǐt͡sa/
3879	plešem	to dance	/ˈplɛʃɛm/
3880	komentar	comment	/ˈkomɛntɑr/
3881	suzi	tear	/ˈsuzɪ/
3882	švorc	broke	/ˈʃvorts/
3883	očistiti	to clean	/ǒt͡ʃistiti/
3884	nakratko	briefly, in brief	/nâkratko/
3885	automatski	automatically	/autǒmatskiː/
3886	oglas	advertisement	/ˈoɡlɐs/
3887	belom	white	/ˈbɛlom/
3888	kandidata	candidate; applicant	/ˈkandɪˌdɐtɐ/
3889	komu	to whom	/kǒmu/
3890	dupeta	ass	/ˈdupɛtɐ/
3891	gnezdo	nest	/ɡněːzdo/
3892	odjel	department, section	/ǒdjel/
3893	rani	early	/râni/
3894	isključiti	to turn off, disconnect	/iskʎǔːt͡ʃiti/
3895	nakaza	freak, monster	/nǎːkaza/
3896	pozdraviti	to greet	/pǒzdraʋiti/
3897	čovečanstvo	mankind, humanity	/t͡ʃoʋet͡ʃǎnstʋo/
3898	motel	motel	/mǒteːl/
3899	metala	to put, place	/ˈmɛtɐlɐ/
3900	spriječiti	to prevent, preoccupy	/sprjěːt͡ʃiti/
3901	zene	pupil	/ˈzɛnɛ/
3902	svakodnevno	daily, everyday	/ˈsvakodˌnɛvno/
3903	kriza	crisis	/krǐːza/
3904	srušiti	to demolish, raze	/srûʃiti/
3905	več	more	/ˈʋɛtʃ/
3906	pušten	released	/ˈpuʃtɛn/
3907	vrhovni	supreme, topmost, chief	/ʋřxoːʋniː/
3908	smeh	laugh, laughter	/ˈsmɛh/
3909	fabrika	factory, industrial plant, manufactory	/fǎbrika/
3910	napitak	drink	/nǎːpitak/
3911	procedura	procedure	/prot͡sedǔːra/
3912	teksas	denim	/têksas/
3913	slavi	to celebrate, glorify	/ˈslavɪ/
3914	hajmo	alternative form of hàjdemo	/xǎjmo/
3915	presuda	verdict	/prêsuda/
3916	utakmici	sports game	/ˈutɐkˌmɪtsɪ/
3917	zaradi	for, because of, for the sake of	/zâradi/
3918	rasa	race	/râsa/
3919	ormar	ambry, closet, wardrobe	/ǒrmaːr/
3920	namjerno	intentionally, deliberately	/nǎːmjerno/
3921	skupi	expensive, costly, pricey	/ˈskupɪ/
3922	točka	dot, period	/tôt͡ʃka/
3923	upasti	to fall into, drop into	/ǔpasti/
3924	lošim	bad, malicious	/ˈloʃɪm/
3925	pokloni	gift, present	/ˈpoklonɪ/
3926	salon	living room	/sǎloːn/
3927	balon	balloon	/bǎloːn/
3928	kej	what	/ˈkɛ̂j/
3929	rosa	dew	/rǒsa/
3930	ranč	ranch	/ˈrantʃ/
3931	partije	political party	/ˈpɑrtɪje/
3932	interesa	interest	/ˈintɛˌrɛsɐ/
3933	uveren	sure, certain, convinced	/ǔʋeren/
3934	navika	habit, practice	/nâːʋika/
3935	maknuti	to take away, remove, displace	/mǎknuti/
3936	dolini	valley, especially one in limestone	/ˈdolɪnɪ/
3937	nizak	low	/nîzak/
3938	konobarica	waitress	/konobǎrit͡sa/
3939	kratka	short	/ˈkratkɐ/
3940	lena	alternative form of lijen	/ˈlɛnɐ/
3941	aplauz	applause	/ǎplauz/
3942	doživeo	to live to see	/ˈdoʒɪˌvɛo/
3943	mudrost	wisdom	/mǔːdroːst/
3944	oslobođen	released	/ˈosloˌbodʑɛn/
3945	fond	fund	/ˈfond/
3946	sišao	to descend, get down, come down	/ˈsiʃɐo/
3947	igranje	verbal noun of ȉgrati	/ˈiɡrɐɲe/
3948	smela	brave, bold, courageous	/ˈsmɛlɐ/
3949	popularan	popular	/pôpulaːran/
3950	fotograf	photographer	/fotǒɡraf/
3951	putovati	to travel	/putǒʋati/
3952	dodatak	addition, a thing being added	/dodǎːtak/
3953	razuman	sensible, reasonable, rational	/râzuːman/
3954	avantura	adventure	/aʋantǔːra/
3955	ljubavnica	lover	/ʎǔːbaːʋnit͡sa/
3956	sako	jacket, sportcoat, blazer	/sǎkoː/
3957	dele	to divide, separate	/ˈdɛlɛ/
3958	popodneva	afternoon	/ˈpopodˌnɛvɐ/
3959	čitavo	whole, entire, all	/ˈtʃitɐvo/
3960	neočekivano	unexpectedly	/neot͡ʃěkiːʋaːno/
3961	poremećaj	disorder	/pôremet͡ɕaːj/
3962	poslovima	job	/ˈposloˌvɪmɐ/
3963	dobiće	a win	/dobǐːt͡ɕe/
3964	guzu	ass; asscheek	/ˈɡuzʊ/
3965	količina	quantity, amount	/kolit͡ʃǐna/
3966	zameniti	to exchange	/zaměːniti/
3967	baterija	battery	/bǎteːrija/
3968	sjaj	glow, radiance, shine, luster	/sjâːj/
3969	čelo	forehead	/t͡ʃělo/
3970	prekidač	switch	/prekǐdaːt͡ʃ/
3971	svidjeti	to please, like	/sʋîdjeti/
3972	viče	to shout, yell	/ˈvitʃɛ/
3973	pogodili	to hit	/ˈpoɡoˌdɪlɪ/
3974	psima	dog	/ˈpsimɐ/
3975	guzica	ass, butt	/ɡǔzit͡sa/
3976	aktivnost	activity	/aktǐːʋnoːst/
3977	drama	drama	/drâma/
3978	sahrana	burial, funeral	/sǎxrana/
3979	poli	to wet, to pour liquid on	/ˈpolɪ/
3980	frajer	guy	/frâjer/
3981	četrdeset	forty	/ˈtʃɛtrdɛsɛt/
3982	riskirati	to risk, to put at risk	/riskǐːrati/
3983	senka	shade; shadow	/sêːnka/
3984	plivanje	swimming	/plîʋaːɲe/
3985	teme	top, crown	/tême/
3986	okrug	district	/ôkruːɡ/
3987	frizura	haircut, hairstyle, hairdo	/ˈfrizʊrɐ/
3988	novinara	journalist	/ˈnovɪˌnɑrɐ/
3989	stojite	second-person plural present of stàjati	/ˈstojɪtɛ/
3990	djelo	work	/djêlo/
3991	najbliži	near, close to	/ˈnɑjblɪʒɪ/
3992	tehnika	technique	/těxnika/
3993	rasti	to grow	/rǎːsti/
3994	kara	to scold	/ˈkɑrɐ/
3995	približno	approximately	/prǐːbliʒno/
3996	dosje	dossier	/dǒsjeː/
3997	polazak	departure	/pǒlazak/
3998	jakna	jacket	/jǎkna/
3999	ritual	ritual	/ritǔaːl/
4000	analiza	analysis	/analǐːza/
4001	koleno	knee	/kǒleno/
4002	sigurnosni	safety; security	/siɡǔːrnosniː/
4003	ulazu	entrance	/ˈulɐzʊ/
4004	mržnja	hatred	/mř̩ːʒɲa/
4005	pogreška	fault	/pǒɡreʃka/
4006	koristan	useful, purposeful	/kôriːstan/
4007	krađu	theft	/ˈkradʑʊ/
4008	obratio	to convert somebody	/ˈobrɐˌtɪo/
4009	buraz	bro, brother, broski	/bûraːz/
4010	poginuti	to die	/pǒɡinuti/
4011	celim	whole	/ˈtsɛlɪm/
4012	putnik	passenger	/pûːtniːk/
4013	koncept	concept	/ˈkontsɛpt/
4014	prah	to wash	/prâːx/
4015	piletina	chicken	/pǐletina/
4016	platimo	to pay	/ˈplatɪmo/
4017	veština	skill	/ʋeʃtǐna/
4018	trudiš	to try, make an effort	/ˈtrudɪʃ/
4019	tama	darkness	/tǎːma/
4020	maršal	marshal	/mǎrʃaːl/
4021	eksplodirati	to explode	/eksplodǐːrati/
4022	službenik	employee	/slûʒbeniːk/
4023	nečiji	somebody's	/nêt͡ʃijiː/
4024	dogovoriti	to agree, come to an agreement	/doɡoʋǒriti/
4025	natjerati	to make, compel, force, drive	/nǎtjerati/
4026	slepi	blind	/ˈslɛpɪ/
4027	objekat	object	/ǒbjekat/
4028	vraćati	imperfective form of vrátiti	/ʋrât͡ɕati/
4029	gasi	third-person singular present	/ˈɡasɪ/
4030	pristati	to agree to, accept, consent	/prǐstati/
4031	blato	mud	/blâto/
4032	nađen	to find, discover	/ˈnadʑɛn/
4033	bik	ox, bull	/bîk/
4034	rješenje	solution	/rjeʃěːɲe/
4035	plešeš	to dance	/ˈplɛʃɛʃ/
4036	zapovijed	order, command	/zâpoʋijeːd/
4037	izbliza	from close up, closely	/îzbliːza/
4038	odnosno	that is, i.e., in other words	/ǒdnosno/
4039	sol	salt	/sôːl/
4040	poklona	gift, present	/ˈpoklonɐ/
4041	debi	debut	/děbiː/
4042	venčati	to marry	/ʋěnt͡ʃati/
4043	tačan	exact, accurate	/tât͡ʃan/
4044	povlačim	to pull	/ˈpovlɐtʃɪm/
4045	opstanak	survival, existence	/ǒpstanak/
4046	iznenaditi	to surprise, astound	/iznenǎːditi/
4047	sudac	judge	/sǔːdat͡s/
4048	oprati	to wash	/ǒprati/
4049	kruga	circle	/ˈkruɡɐ/
4050	obrazac	pattern, model	/ǒbrazat͡s/
4051	siti	sated, full	/ˈsitɪ/
4052	pleme	tribe	/ˈplɛmɛ/
4053	putuju	to travel	/ˈputʊjʊ/
4054	kusur	change	/ˈkusʊr/
4055	iluzija	illusion	/ilǔːzija/
4056	moral	moral	/mǒraːl/
4057	sapun	soap	/sǎpuːn/
4058	masa	mass	/ˈmasɐ/
4059	sektor	sector	/sêktor/
4060	prostitutka	whore, prostitute	/prǒstituːtka/
4061	stazu	path, way	/ˈstazʊ/
4062	pošli	to go, go away, leave, depart	/ˈpoʃlɪ/
4063	glupan	idiot, fool, dumbass	/ɡlǔpan/
4064	otok	island	/ǒtok/
4065	tešku	heavy, weighty	/ˈtɛʃkʊ/
4066	susreta	meeting	/ˈsusrɛtɐ/
4067	orao	eagle	/ǒrao/
4068	vrhunac	top, culmination, climax, height	/ʋr̩xǔːnat͡s/
4069	varalica	impostor, swindler	/ʋâralit͡sa/
4070	inženjer	engineer	/inʒěɲeːr/
4071	zapadno	west, westwards	/zâːpadno/
4072	minus	minus sign	/ˈminʊs/
4073	manijak	maniac	/mǎnijaːk/
4074	ljubavni	love; amorous	/ʎǔːbaːʋniː/
4075	primerak	copy	/prǐːmerak/
4076	izdati	to betray	/ǐzdati/
4077	pozicija	position	/pǒziːt͡sija/
4078	ego	ego	/êːɡo/
4079	sići	to descend, get down, come down	/sǐːt͡ɕi/
4080	kapija	gate	/kǎpija/
4081	nadali	to hope	/ˈnadɐlɪ/
4082	građanin	citizen	/ɡrâd͡ʑanin/
4083	ekspert	expert	/ěkspert/
4084	poslovi	job	/ˈposlovɪ/
4085	vičeš	to shout, yell	/ˈvitʃɛʃ/
4086	daljinski	distance; remote, at a distance	/dǎʎiːnskiː/
4087	ilegalno	illegally	/îleɡaːlno/
4088	prašina	dust, dirt	/prǎʃina/
4089	jadnik	miserable person	/jâdniːk/
4090	biblija	the Bible	/bǐblija/
4091	interes	interest	/întereːs/
4092	svest	consciousness	/sʋêːst/
4093	osnova	basis, foundation	/ôsnoʋa/
4094	spor	dispute, conflict, quarrel	/spôr/
4095	delim	to divide, separate	/ˈdɛlɪm/
4096	žicu	acanthus spinosissimus	/ˈʒitsʊ/
4097	testament	the will	/testǎment/
4098	zapada	west	/ˈzapɐdɐ/
4099	kiseonik	oxygen	/kiseǒniːk/
4100	juriš	charge	/jûriːʃ/
4101	zeca	hare	/ˈzɛtsɐ/
4102	nećak	nephew	/nêt͡ɕaːk/
4103	umorno	tiredly	/ûmoːrno/
4104	apsurdno	absurdly	/ǎpsurdno/
4105	džentlmen	gentleman	/d͡ʒěntl̩men/
4106	ostvariti	to realize, implement, carry out	/ostʋǎːriti/
4107	kokice	popcorn	/ˈkokɪtsɛ/
4108	trupa	troupe	/trûpa/
4109	iduće	next, following	/ˈidʊtɕɛ/
4110	kruna	crown	/krûna/
4111	žaliti	to mourn, grieve	/ʒâliti/
4112	potencijal	potential	/potent͡sǐjaːl/
4113	družiti	to associate, socialize with	/drǔːʒiti/
4114	opustiti	to relax, loosen, slacken	/opǔstiti/
4115	pribor	equipment, kit, supplies, gear, set	/prǐːbor/
4116	metar	meter	/ˈmɛtɑr/
4117	upravljanje	management	/ǔpraʋʎaːɲe/
4118	mudar	wise	/mǔːdar/
4119	videle	to see	/ˈvidɛlɛ/
4120	religija	religion	/ˈrɛlɪˌɡɪjɐ/
4121	trgovina	trade, commerce	/trɡǒʋina/
4122	kafić	café	/kǎfiːt͡ɕ/
4123	izvaditi	to take out, draw	/ǐzʋaditi/
4124	optužba	accusation, charge, indictment	/ǒptuʒba/
4125	oporavak	recovery, convalescence	/opǒraʋak/
4126	patka	duck	/pâtka/
4127	upaljač	lighter	/ˈupɐʎɐtʃ/
4128	kriminal	crime	/krimǐnaːl/
4129	postigli	to achieve, accomplish	/ˈpostɪɡlɪ/
4130	drugdje	elsewhere	/drûɡdje/
4131	voljeli	to love	/ˈvoʎelɪ/
4132	ukratko	briefly	/ûkratko/
4133	varam	to cheat, deceive, trick, swindle	/ˈvɑrɐm/
4134	zanimanje	interest	/zanǐːmaːɲe/
4135	plašiti	to frighten, scare	/plâʃiti/
4136	finale	finals	/finǎːle/
4137	japanski	Japanese	/jǎpaːnskiː/
4138	baki	grandmother, grandma	/ˈbakɪ/
4139	dobrobit	well being, health	/dôbrobiːt/
4140	volan	steering wheel	/ʋǒlaːn/
4141	konjima	horse	/ˈkoɲɪmɐ/
4142	nastavnik	a teacher	/ˈnastɐvnɪk/
4143	tuda	in that direction, that way, there, thither	/tǔdaː/
4144	jelda	interrogative particle used in tag questions, asking for an…	/ˈjeldɐ/
4145	tenis	tennis	/těːnis/
4146	nećaka	niece	/nêt͡ɕaka/
4147	jesen	autumn, fall	/jêseːn/
4148	tuga	sorrow, grief	/tǔːɡa/
4149	ajkula	shark	/âjkula/
4150	krvni	blood	/kr̩̂ːʋniː/
4151	koži	skin	/ˈkoʒɪ/
4152	vizija	vision	/ʋîːzija/
4153	keks	cookie, biscuit	/kêks/
4154	peta	heel	/pěːta/
4155	vojvoda	duke	/ʋôjʋoda/
4156	dodatno	additionally	/dôdaːtno/
4157	peške	on foot	/pêʃkeː/
4158	petoro	five persons of different gender/sex	/ˈpɛtoro/
4159	svjedok	witness	/sʋjědok/
4160	zaspim	to fall asleep	/ˈzaspɪm/
4161	sumnju	doubt, suspicion	/ˈsumɲʊ/
4162	bogate	rich, wealthy	/ˈboɡɐtɛ/
4163	ekipi	team, crew	/ˈɛkɪpɪ/
4164	udaljen	far, distant, remote	/ǔdaːʎen/
4165	značajno	significantly	/znât͡ʃaːjno/
4166	strpljiv	patient	/střpʎiʋ/
4167	delta	delta, the Greek letter Δ, δ	/dêlta/
4168	kraljevski	royal	/krǎːʎeʋskiː/
4169	patrola	patrol	/patrǒːla/
4170	prepreka	obstacle	/prêpreka/
4171	pravoj	pure, true, genuine	/ˈpravoj/
4172	iskrenost	sincerity, frankness	/îskrenoːst/
4173	osjetiti	to feel	/ǒsjetiti/
4174	isključivo	exclusively	/iskʎǔt͡ʃiʋo/
4175	palac	thumb	/pâlat͡s/
4176	vlasnici	owner	/ˈvlasnɪtsɪ/
4177	ružne	ugly, unattractive	/ˈruʒnɛ/
4178	kućom	house	/ˈkutɕom/
4179	smio	brave, bold, courageous	/smǐo/
4180	čokolada	chocolate	/t͡ʃokolǎːda/
4181	strategija	strategy	/strǎteːɡija/
4182	farmer	farmer	/fârmer/
4183	ogrtač	cape	/oɡř̩taːt͡ʃ/
4184	naglo	suddenly	/nâːɡlo/
4185	otpad	waste, trash	/ôtpaːd/
4186	curica	little girl	/t͡sûrit͡sa/
4187	domaćin	master / head of the house	/domǎt͡ɕin/
4188	trčati	to run	/tř̩t͡ʃati/
4189	tužiti	to sue	/tǔːʒiti/
4190	robovi	slave	/ˈrobovɪ/
4191	kongres	congress	/kǒnɡres/
4192	slao	to send	/ˈslao/
4193	vezane	to bind, fasten, tie	/ˈvɛzɐnɛ/
4194	tuča	fight, melee	/tûtʃa/
4195	iznos	amount	/ǐznos/
4196	transport	transport, conveyance	/ˈtransport/
4197	snimci	footage, recording	/ˈsnimtsɪ/
4198	prozoru	window	/ˈprozorʊ/
4199	duva	to blow	/ˈduvɐ/
4200	suština	essence	/suʃtǐna/
4201	povratiti	to regurgitate, vomit, throw up	/poʋrǎːtiti/
4202	glumiti	to act	/ɡlǔːmiti/
4203	doušnik	informer	/dǒuʃniːk/
4204	pečat	seal	/pět͡ʃat/
4205	rudi	curly, shaggy, locky	/ˈrudɪ/
4206	vuka	wolf	/ˈvukɐ/
4207	žica	acanthus spinosissimus	/ʒîtsa/
4208	spalio	to burn down	/ˈspalɪo/
4209	ekstremno	extremely	/ěkstreːmno/
4210	odan	devoted, faithful	/ôdaːn/
4211	klima	climate	/klǐːma/
4212	prići	to approach	/prîːt͡ɕi/
4213	tuge	sorrow, grief	/ˈtuɡɛ/
4214	obećati	to promise	/obět͡ɕati/
4215	podeli	to divide, separate	/ˈpodɛlɪ/
4216	sindrom	syndrome	/sǐndroːm/
4217	infarkt	infarct	/ǐnfarkt/
4218	glazba	music	/ɡlǎzba/
4219	drkadžija	wanker, jerkoff, masturbator	/dr̂kad͡ʒija/
4220	trčanje	verbal noun of tr̀čati: running	/tr̩t͡ʃaːɲe/
4221	profit	profit	/prǒfiːt/
4222	radoznao	inquisitive, curious	/radǒznao/
4223	specijalna	special f	/spêt͡sijaːlna/
4224	popust	discount, reduction	/pǒpust/
4225	dlaka	a single hair	/dlâka/
4226	obraz	cheek	/ǒbraz/
4227	gluv	deaf	/ɡlûːʋ/
4228	ulaza	entrance	/ˈulɐzɐ/
4229	odsad	henceforward, hereafter, henceforth	/ǒdsad/
4230	istočno	east, eastwards	/ǐstot͡ʃno/
4231	vojnu	armed forces; military	/ˈvojnʊ/
4232	radni	working, work	/râːdniː/
4233	emocija	emotion	/emǒːt͡sija/
4234	vod	conduit	/ʋôːd/
4235	hrpa	heap, pile	/xřpa/
4236	duhovit	witty, funny	/duxǒʋit/
4237	precizno	with precision; precisely, accurately	/prêt͡siːzno/
4238	bavio	to do, attend, engage in, go in for, occupy oneself with	/ˈbavɪo/
4239	tkivo	tissue	/tkîːʋo/
4240	bubreg	kidney	/bǔbreɡ/
4241	kazniti	to punish	/kâzniti/
4242	veži	to bind, fasten, tie	/ˈvɛʒɪ/
4243	rezervni	reserve	/rězeːrʋniː/
4244	kradeš	to steal	/ˈkradɛʃ/
4245	lisica	vixen	/lǐsit͡sa/
4246	razumljivo	intelligibly, articulately, distinctly	/razǔmʎiʋo/
4247	pokrete	move	/ˈpokrɛtɛ/
4248	oce	father	/ˈotsɛ/
4249	sadržaj	content	/sâdr̩ʒaːj/
4250	ispraviti	to correct, rectify	/ǐspraʋiti/
4251	osetljiv	sensitive	/osětʎiʋ/
4252	smanjiti	to reduce, lessen, make smaller	/smǎːɲiti/
4253	nadalje	furthermore	/nâdaʎeː/
4254	iglu	igloo	/îɡlu/
4255	izdaja	betrayal	/îzdaja/
4256	oprostio	to forgive, pardon	/ˈoprosˌtɪo/
4257	vreća	sack, bag	/ʋrêt͡ɕa/
4258	prekid	termination, stopping, interruption	/prěːkid/
4259	fon	phone	/fôːn/
4260	provera	audit	/ˈprovɛrɐ/
4261	izuzetak	exception	/izuzěːtak/
4262	spremiti	to prepare	/sprěːmiti/
4263	zvučati	to sound	/zʋǔːt͡ʃati/
4264	dočekati	to welcome, receive, greet	/dǒt͡ʃekati/
4265	zahtjev	request, demand	/zǎːxtjeʋ/
4266	upropastiti	to ruin, wreck	/upropǎːstiti/
4267	počast	honor, honors	/pôt͡ʃaːst/
4268	žuti	yellow	/ˈʒutɪ/
4269	samopouzdanje	self-confidence	/samopouzdǎːɲe/
4270	ušima	louse	/ˈuʃɪmɐ/
4271	klovn	clown	/klôʋn̩/
4272	ironično	ironically	/irǒnit͡ʃno/
4273	drage	bay, gulf	/ˈdraɡɛ/
4274	lepom	nice, pretty	/ˈlɛpom/
4275	ponedjeljak	Monday	/ponědjeʎak/
4276	jedite	to eat, consume	/ˈjedɪtɛ/
4277	dopao	to get into, receive, be hit by something malicious	/ˈdopɐo/
4278	farma	farm	/fâːrma/
4279	domaćica	housewife	/domǎt͡ɕit͡sa/
4280	okrutno	cruelly	/ôkruːtno/
4281	uzbuđenja	excitement	/ˈuzbʊdˌʑɛɲɐ/
4282	čips	chips	/ˈtʃips/
4283	kolibu	hut, cottage, cabin	/ˈkolɪbʊ/
4284	peče	to bake	/ˈpɛtʃɛ/
4285	snimka	footage, recording	/snîːmka/
4286	odraditi	to do, carry out, perform	/odrǎːditi/
4287	siroče	orphan	/sirǒt͡ʃe/
4288	realnost	reality	/reǎːlnoːst/
4289	kaj	what	/ˈkâj/
4290	derište	badly behaved kid, little brat	/dêriːʃte/
4291	dugi	long	/ˈduɡɪ/
4292	odri	bier	/ˈodrɪ/
4293	kud	which way, in what direction	/ˈkud/
4294	nečem	dative of nȅšto	/nêt͡ʃem/
4295	desio	to happen, occur	/ˈdɛsɪo/
4296	lišće	leaves	/lîːʃt͡ɕe/
4297	maca	cat, kitty	/mǎːt͡sa/
4298	slavlje	celebration	/slâːʋʎe/
4299	tisuću	thousand	/tǐsut͡ɕu/
4300	odrasti	to grow up	/odrǎːsti/
4301	kradu	to steal	/ˈkradʊ/
4302	sačuvati	to save, preserve, conserve	/sat͡ʃǔːʋati/
4303	moliš	to ask, request, beg	/ˈmolɪʃ/
4304	sekretar	secretary	/ˈsɛkrɛtɑr/
4305	prekosutra	the day after tomorrow	/prekǒsutra/
4306	košmar	nightmare	/ˈkoʃmɑr/
4307	ptičica	diminutive of ptȉca	/ptît͡ʃit͡sa/
4308	ćutiš	to be silent, to shut up	/ˈtɕutɪʃ/
4309	tvrtka	firm, company	/tʋr̩̂tka/
4310	spomenik	monument	/ˈspomɛnɪk/
4311	igle	needle	/ˈiɡlɛ/
4312	novinarima	journalist	/ˈnovɪˌnɑrɪmɐ/
4313	vjetar	wind	/ʋjêtar/
4314	autoritet	authority	/autorǐteːt/
4315	rebra	rib	/ˈrɛbrɐ/
4316	poklopac	lid	/ˈpoklopɐts/
4317	protivnik	opponent, adversary	/prǒtiːʋniːk/
4318	bacam	first-person singular present of bacati	/ˈbatsɐm/
4319	mito	bribe	/ˈmito/
4320	nužno	necessarily	/nûʒno/
4321	dira	to touch	/ˈdirɐ/
4322	navodi	quotation	/ˈnavodɪ/
4323	klince	kid, child	/ˈklintsɛ/
4324	pozitivan	positive	/pôzitiːʋan/
4325	satelit	satellite	/satěliːt/
4326	mlijeko	milk	/mljěːko/
4327	glatko	smooth	/ˈɡlatko/
4328	važnu	important	/ˈvaʒnʊ/
4329	strelac	archer, bowman	/strěːlat͡s/
4330	izlaziti	to go out, leave, come out, get out	/ǐzlaziti/
4331	mana	flaw, fault, shortcoming	/mǎːna/
4332	naglas	aloud	/nâɡlaːs/
4333	nasilan	violent	/nǎːsilan/
4334	kip	statue	/kîːp/
4335	stvaranje	creation	/ˈstvɑrɐɲe/
4336	predstavnik	representative	/prěːdstaːʋniːk/
4337	gradom	city, town	/ˈɡradom/
4338	saobraćaj	communication	/sâobrat͡ɕaːj/
4339	smejati	to laugh	/smějati/
4340	portret	portrait	/ˈportrɛt/
4341	glasanje	vote	/ˈɡlasɐɲe/
4342	kompletno	completely	/kǒmpletno/
4343	pucnjava	firing, shooting	/pǔt͡sɲaʋa/
4344	pička	pussy	/pît͡ʃka/
4345	mediji	medium	/ˈmɛdɪjɪ/
4346	slatkiš	confectionery	/slǎtkiːʃ/
4347	supa	soup	/sûpa/
4348	sudi	court	/ˈsudɪ/
4349	premijera	premiere	/premijěːra/
4350	nađena	to find, discover	/ˈnadʑɛnɐ/
4351	sanja	dream, imagination	/ˈsaɲɐ/
4352	uticati	to influence	/ǔtit͡sati/
4353	kurca	penis, dick, cock	/ˈkurtsɐ/
4354	ubuduće	from now on, henceforth, in the future, hereafter	/ubǔduːt͡ɕe/
4355	svetac	saint	/sʋěːtat͡s/
4356	mašta	imagination	/mǎʃta/
4357	kišu	rain	/ˈkiʃʊ/
4358	trenutke	moment	/ˈtrɛnʊtkɛ/
4359	šeta	to walk, stroll	/ˈʃɛtɐ/
4360	odati	to reveal, disclose, give away	/ǒdati/
4361	muva	fly	/mǔʋa/
4362	kobasice	sausage	/ˈkobɐˌsɪtsɛ/
4363	pi	pi	/pîː/
4364	mladost	youth	/mlâdoːst/
4365	unuk	grandson	/ǔnuk/
4366	oštro	sharply	/ôʃtro/
4367	katu	floor, storey	/ˈkatʊ/
4368	uza	alternative form of uz	/ˈuzɐ/
4369	spali	to sleep	/ˈspalɪ/
4370	smena	shift	/smêna/
4371	tamu	darkness	/ˈtamʊ/
4372	kitu	bunch, bouquet	/ˈkitʊ/
4373	dokaži	to prove	/ˈdokɐʒɪ/
4374	napet	tight, taut	/nâpeːt/
4375	zglob	joint	/zɡlôb/
4376	pak	however, on the other hand	/pâk/
4377	odsek	department	/ˈotsɛk/
4378	zažaliti	to regret	/zǎʒâliti/
4379	kori	to scold, reprimand, criticize	/ˈkorɪ/
4380	okom	eye	/ˈokom/
4381	han	inn	/xâːn/
4382	krao	to steal	/ˈkrao/
4383	naočale	glasses	/nâot͡ʃaːle/
4384	cijena	price	/t͡sjěːna/
4385	zapamtiti	to remember, memorize	/zǎpaːmtiti/
4386	leže	to lie down	/ˈlɛʒɛ/
4387	prase	piglet	/ˈprasɛ/
4388	mrlja	spot, smear, blot	/mr̂ʎa/
4389	prekrasan	very beautiful	/ˈprɛkrɐsɐn/
4390	servis	service	/sěrʋiːs/
4391	fantazija	fantasy	/fǎntaːzija/
4392	čulo	to hear	/t͡ʃǔːlo/
4393	imunitet	immunity	/imunǐteːt/
4394	trofej	trophy	/trǒfeːj/
4395	boginja	goddess	/bǒɡiɲa/
4396	federalni	federal	/fêderaːlan/
4397	izvrstan	excellent, great	/îzʋrstan/
4398	odjeća	clothing	/ôdjet͡ɕa/
4399	greškom	by mistake	/ɡrêʃkoːm/
4400	salata	salad	/salǎːta/
4401	snimiti	to photograph	/snǐːmiti/
4402	božićni	Christmas	/bǒʒit͡ɕniː/
4403	uvreda	insult	/ûʋreda/
4404	pomagati	to help, aid, assist	/pomǎːɡati/
4405	kamoli	let alone, to say nothing of, much less	/kâmoli/
4406	ljeto	summer, summertime	/ʎêto/
4407	meci	bullet	/ˈmɛtsɪ/
4408	munja	lightning	/mǔːɲa/
4409	desni	gums	/dêːsni/
4410	ukloniti	to remove, eliminate	/uklǒniti/
4411	posuditi	to lend	/posǔːditi/
4412	sitne	tiny, small	/ˈsitnɛ/
4413	trgu	square	/ˈtrɡu/
4414	ekran	screen	/ˈɛkrɐn/
4415	slavan	famous	/slâːʋan/
4416	šarmantan	charming	/ʃarmǎntan/
4417	točak	wheel	/tǒt͡ʃak/
4418	zastava	flag	/zâːstaʋa/
4419	brada	beard	/brǎːda/
4420	pjevati	to sing	/pjêʋati/
4421	izuzev	except	/izǔzeːʋ/
4422	pojam	concept, idea, notion	/pǒːjam/
4423	smatrati	to think, be of opinion	/smǎːtrati/
4424	striptiz	striptease	/strǐptiːz/
4425	slabe	weak	/ˈslabɛ/
4426	pomfrit	french fries	/pǒmfrit/
4427	ceste	road	/ˈtsɛstɛ/
4428	džez	jazz	/d͡ʒêz/
4429	pravni	law; legal	/prâːʋniː/
4430	uho	ear	/ûxo/
4431	kava	coffee	/kǎʋa/
4432	pliva	to swim	/ˈplivɐ/
4433	zenu	pupil	/ˈzɛnʊ/
4434	zapaliti	to set fire to, to set on fire, to burn	/zapǎːliti/
4435	original	original	/oriɡǐnaːl/
4436	okus	taste; flavor	/ǒkus/
4437	gase	third-person plural present of gasiti	/ˈɡasɛ/
4438	skupe	expensive, costly, pricey	/ˈskupɛ/
4439	pojeli	to eat, consume	/ˈpojelɪ/
4440	optužbi	accusation, charge, indictment	/ˈoptʊʒbɪ/
4441	razočarati	to disappoint	/razot͡ʃǎːrati/
4442	slom	breakdown, breakage	/slôm/
4443	smeštaj	accommodation, housing	/smêʃtaːj/
4444	sebičan	selfish	/sěbit͡ʃan/
4445	pratnja	escort, company	/prǎtɲa/
4446	žuriš	to hurry, rush	/ˈʒurɪʃ/
4447	nezakonito	illegally, unlawfully	/nezǎːkonito/
4448	ajme	alas, woe, ouch, oh	/ǎjme/
4449	brojem	number	/ˈbrojem/
4450	crn	black	/t͡sr̩̂ːn/
4451	pretpostavka	assumption, supposition	/prêtpostaːʋka/
4452	besplatan	free	/běsplatan/
4453	plaćamo	to pay	/ˈplatɕɐmo/
4454	verenik	fiancé	/ʋêreniːk/
4455	kiši	rain	/ˈkiʃɪ/
4456	sekunda	second	/sekǔnda/
4457	boks	boxing	/ˈboks/
4458	italijanski	as an Italian	/italǐjaːnskiː/
4459	prodavati	to sell	/prodǎːʋati/
4460	šal	scarf	/ʃâl/
4461	odabrati	to choose, select	/odǎbrati/
4462	familija	family	/fǎmiːlija/
4463	sâm	alternative spelling of sam	/ˈsam/
4464	gluma	acting	/ˈɡlumɐ/
4465	sredu	Wednesday	/ˈsrɛdʊ/
4466	otmica	kidnap	/ˈotmɪtsɐ/
4467	rizično	riskily, hazardously	/rîzit͡ʃno/
4468	izdajica	traitor, betrayer	/ǐzdajit͡sa/
4469	cimer	roommate	/t͡sîmer/
4470	pauk	spider	/pâuːk/
4471	žurba	hurry, haste	/ʒǔrba/
4472	potres	earthquake	/pǒtres/
4473	pružio	to stretch out, extend	/ˈpruʒɪo/
4474	rešila	to solve	/ˈrɛʃɪlɐ/
4475	poreklo	origin	/porěːklo/
4476	unutrašnjost	inside, interior	/ǔnutraʃɲoːst/
4477	čestica	particle	/t͡ʃěstit͡sa/
4478	ćebe	blanket	/t͡ɕêbe/
4479	sredstava	means, medium	/ˈsrɛtstɐvɐ/
4480	neuspeh	failure	/nêuspex/
4481	kukuruz	corn	/kukǔruz/
4482	pronađeno	to find	/ˈpronɐdˌʑɛno/
4483	ljubitelj	lover, enthusiast, fan	/ʎǔbiteʎ/
4484	jedine	sole, only	/ˈjedɪnɛ/
4485	glupim	stupid, foolish	/ˈɡlupɪm/
4486	levu	left	/ˈlɛvʊ/
4487	bravu	male sheep or goat	/ˈbravʊ/
4488	samoubojstvo	suicide	/samoǔboːjstʋo/
4489	šeri	sherry	/ˈʃɛrɪ/
4490	prebaciti	to transport, transfer, give a lift	/prebǎːt͡siti/
4491	vatromet	fireworks	/ʋâtromeːt/
4492	sendviče	sandwich	/ˈsɛndvɪtʃɛ/
4493	oteti	to kidnap	/ǒteːti/
4494	smeli	brave, bold, courageous	/ˈsmɛlɪ/
4495	beskoristan	useless	/běskoristan/
4496	kiti	bunch, bouquet	/ˈkitɪ/
4497	smesti	to confuse, bewilder	/smêsti/
4498	beg	escape	/bêːɡ/
4499	podeliti	to divide, separate	/poděːliti/
4500	doline	valley, especially one in limestone	/ˈdolɪnɛ/
4501	mučio	to torture, torment	/ˈmutʃɪo/
4502	biljka	plant	/bîːʎka/
4503	ispitati	to interrogate, question	/ispǐːtati/
4504	spas	salvation, redemption	/spâːs/
4505	nacionalni	national	/nât͡sionaːlniː/
4506	studenata	student	/ˈstudɛˌnɐtɐ/
4507	crtež	drawing	/t͡sř̩ːteʒ/
4508	prijedlog	proposal, proposition	/prijěːdloɡ/
4509	mačem	sword	/ˈmatʃɛm/
4510	upotrebiti	to use, utilize	/upotrěːbiti/
4511	juga	Yugoslavia	/jǔːɡa/
4512	optužiti	to accuse, charge, indict	/optǔːʒiti/
4513	suši	sushi	/sûʃi/
4514	zelenu	green	/ˈzɛlɛnʊ/
4515	nežan	tender, delicate, soft	/nêʒan/
4516	pokriti	to cover	/pǒkriti/
4517	kultura	culture	/kultǔːra/
4518	vještica	witch, sorceress	/ʋjěʃtit͡sa/
4519	nedaleko	not far	/nêdaleko/
4520	krive	guilty, culpable	/ˈkrivɛ/
4521	primirje	armistice, truce	/prǐːmiːrje/
4522	lepim	nice, pretty	/ˈlɛpɪm/
4523	svugde	everywhere	/sʋûɡde/
4524	određeno	in a certain way; specifically	/ǒdreːd͡ʑeno/
4525	magla	fog	/mǎɡla/
4526	rezervoar	reservoir	/rezerʋǒaːr/
4527	podržati	to hold, support	/podř̩ʒati/
4528	peri	to wash	/ˈpɛrɪ/
4529	hokej	hockey	/xǒkeːj/
4530	dirao	to touch	/ˈdirɐo/
4531	siroti	orphaned	/ˈsirotɪ/
4532	eve	alternative form of evo	/eˈʋe/
4533	peska	sand	/ˈpɛskɐ/
4534	krivom	guilty, culpable	/ˈkrivom/
4535	pevati	to sing	/pêʋati/
4536	zamijeniti	to exchange	/zamjěːniti/
4537	flota	fleet	/flôta/
4538	viči	to shout, yell	/ˈvitʃɪ/
4539	ubijati	to kill, murder	/ubǐːjati/
4540	budžet	budget	/bǔd͡ʒet/
4541	otkazati	to cancel, call off	/otkǎːzati/
4542	zabavni	amusing, entertaining	/ˈzabɐvnɪ/
4543	tečnost	fluidity	/ˈtɛtʃnost/
4544	detinjstvo	childhood	/ˈdɛtɪɲstvo/
4545	un	one	/ˈun/
4546	skloniti	to put away, hide	/sklǒniti/
4547	odrediti	to determine, define, fix, set	/odrěːditi/
4548	maj	May	/mâj/
4549	učimo	to learn, study	/ˈutʃɪmo/
4550	hitac	shot, gunshot, round	/xîtat͡s/
4551	pozor	attention	/ˈpozor/
4552	puk	folk, people	/pûːk/
4553	vratilo	beam	/ʋrǎtilo/
4554	sisa	woman's breast	/sîsa/
4555	sajt	site	/ˈsɑjt/
4556	ugasiti	to turn off	/uɡǎːsiti/
4557	pazio	to beware, watch out, be careful	/ˈpazɪo/
4558	deka	blanket	/dêka/
4559	smiješan	funny	/smjěːʃan/
4560	zidova	wall	/ˈzidovɐ/
4561	nepotrebno	unnecessarily	/nêpotrebno/
4562	smijeh	laugh, laughter	/ˈsmijeh/
4563	nadati	to hope	/nǎːdati/
4564	puding	pudding	/ˈpudɪŋɡ/
4565	gornji	upper, top	/ɡôːrɲiː/
4566	uplašiti	to frighten	/ǔplaʃiti/
4567	ishod	outcome, result	/ǐsxod/
4568	nadzornik	supervisor, controller, inspector	/nǎːdzoːrniːk/
4569	onde	over there	/ǒːnde/
4570	kraljeva	king	/ˈkraʎevɐ/
4571	tući	to beat, thrash	/tǔːt͡ɕi/
4572	tetovaža	tattoo	/tetoʋǎːʒa/
4573	upravljati	to direct, point, aim	/ǔpraʋʎati/
4574	pređi	yarn	/ˈprɛdʑɪ/
4575	većine	majority, most	/ˈvɛtɕɪnɛ/
4576	roditi	to bear	/rǒditi/
4577	kuja	bitch	/kûja/
4578	gadna	ugly, disgusting, repulsive	/ˈɡadnɐ/
4579	dodam	to add	/ˈmôːraːm/
4580	lira	lyre	/lîːra/
4581	viška	excess	/ˈviʃkɐ/
4582	srebro	silver	/srěbro/
4583	promašaj	miss	/prômaʃaːj/
4584	primite	to receive, get	/ˈprimɪtɛ/
4585	leči	to cure, treat	/ˈlɛtʃɪ/
4586	liga	league	/lǐːɡa/
4587	prijevoz	conveyance, transport, transportation	/prjěːʋoz/
4588	bacaš	second-person singular present of bacati	/ˈbatsɐʃ/
4589	vruć	hot	/ˈvrutɕ/
4590	kvar	defect, fault	/kʋâːr/
4591	pretpostaviti	to assume, suppose	/pretpǒstaʋiti/
4592	većini	majority, most	/ˈvɛtɕɪnɪ/
4593	posebnim	special	/ˈposɛbnɪm/
4594	neobičan	unusual, uncommon	/nêobit͡ʃan/
4595	operem	to wash	/ˈopɛrɛm/
4596	pero	feather, plume	/pěro/
4597	kuk	hip	/kûk/
4598	očevi	father	/ˈotʃɛvɪ/
4599	vezani	to bind, fasten, tie	/ˈvɛzɐnɪ/
4600	kravata	tie	/ˈkravɐtɐ/
4601	stabla	a tree trunk	/ˈstablɐ/
4602	nastavak	ending	/nǎːstaʋak/
4603	bika	ox, bull	/ˈbikɐ/
4604	kondom	condom	/kǒndoːm/
4605	htjeti	to wish, want, desire	/xtjêti/
4606	petama	heel	/ˈpɛtɐmɐ/
4607	boleti	to hurt, ache	/bǒleti/
4608	zaspati	to fall asleep	/ˈzaspɐtɪ/
4609	štite	shield	/ˈʃtitɛ/
4610	računar	computer	/rat͡ʃǔnaːr/
4611	izvanredan	extraordinary	/izʋǎnredan/
4612	lokal	business premises	/lǒkaːl/
4613	starateljstvo	guardianship, care	/ˈstɑrɐˌtɛʎstvo/
4614	oštar	sharp	/ôʃtar/
4615	mladom	young	/ˈmladom/
4616	svratiti	to drop by, drop in	/sʋrǎːtiti/
4617	posetiti	to visit	/pǒsetiti/
4618	muče	to be silent	/ˈmutʃɛ/
4619	operu	to wash	/ˈopɛrʊ/
4620	front	front	/frônt/
4621	obožavalac	fan, admirer	/oboʒǎʋalat͡s/
4622	lake	easy	/ˈlakɛ/
4623	gravitacija	gravitation, gravity	/ɡraʋitǎːt͡sija/
4624	mornar	sailor	/mǒrnaːr/
4625	naručiti	to order	/narǔːt͡ʃiti/
4626	zimu	winter	/ˈzimʊ/
4627	žuta	yellow	/ˈʒutɐ/
4628	debele	fat	/ˈdɛbɛlɛ/
4629	puter	butter	/ˈputɛr/
4630	onuda	that way, in that direction	/ǒnuda/
4631	natpis	inscription, caption or any kind of public text	/nǎːtpis/
4632	mornarica	navy	/mornǎrit͡sa/
4633	brane	dam	/ˈbranɛ/
4634	francuz	Frenchman	/frǎnt͡suːz/
4635	ragbi	rugby	/râɡbi/
4636	suditi	to trial	/sǔːditi/
4637	belim	white	/ˈbɛlɪm/
4638	probiti	to break through, breach, penetrate	/prǒbiti/
4639	plaćati	to pay	/plǎːt͡ɕati/
4640	lezite	to lie down	/ˈlɛzɪtɛ/
4641	zabrinutost	worry, concern	/zǎbrinuːtoːst/
4642	rusije	genitive singular of Rusija	/ˈrusɪje/
4643	turnir	tournament	/tǔrniːr/
4644	štitio	to protect	/ˈʃtitɪo/
4645	ambasador	ambassador	/ambǎsaːdor/
4646	meda	honey	/ˈmɛdɐ/
4647	prilog	adverb	/prǐːloɡ/
4648	trajno	permanently, durably	/trâːjno/
4649	grozne	terrible, awful, horrible	/ˈɡroznɛ/
4650	odrezak	steak, chop, cutlet	/ǒdrezak/
4651	uključiti	to plug in, turn on, to enable	/ukʎǔːt͡ʃiti/
4652	mužjak	male	/mûʒjaːk/
4653	putujemo	to travel	/ˈputʊˌjemo/
4654	visina	height	/ʋisǐna/
4655	kravu	cow	/ˈkravʊ/
4656	izgraditi	to build, erect, construct	/izɡrǎːditi/
4657	oteta	to kidnap	/ˈotɛtɐ/
4658	osigurati	to secure, to make sure, to ensure, to verify	/osiɡǔrati/
4659	sjebano	fucked up, broken, shitty	/ˈsjebɐno/
4660	pojavilo	to appear, emerge	/ˈpojɐˌvɪlo/
4661	leteći	flying	/lěteːt͡ɕiː/
4662	pesnik	poet	/pêsniːk/
4663	dina	dune	/dǐːna/
4664	ramenu	shoulder	/ˈramɛnʊ/
4665	delić	small part	/dělit͡ɕ/
4666	severa	north	/ˈsɛvɛrɐ/
4667	soma	catfish	/ˈsomɐ/
4668	orkestar	orchestra	/ǒrkestar/
4669	pritvor	custody, jail	/prǐːtʋor/
4670	kratke	short	/ˈkratkɛ/
4671	as	ace	/âs/
4672	komšiluk	neighborhood	/komʃǐluk/
4673	mučiš	to be silent	/ˈmutʃɪʃ/
4674	maestro	maestro	/maěstro/
4675	staje	stable	/ˈstɑje/
4676	odreći	to give up, renounce, repudiate, waive	/ǒdret͡ɕi/
4677	želudac	stomach	/ʒěludat͡s/
4678	obala	bank	/ôbala/
4679	sećati	to remember	/sêt͡ɕati/
4680	magarac	donkey	/mǎɡarat͡s/
4681	urednik	editor	/ˈurɛdnɪk/
4682	mjesecima	for months and months	/mjesěːt͡sima/
4683	atmosfera	atmosphere	/atmosfěːra/
4684	kretati	to move	/krěːtati/
4685	radar	radar	/râdaːr/
4686	smiren	calm, serene	/smîːren/
4687	spojiti	to connect, join	/spǒjiti/
4688	makaze	scissors	/mǎkaze/
4689	kilometar	kilometer, kilometre	/kîlometar/
4690	zabavljati	to amuse, to entertain	/zǎbaʋʎati/
4691	perioda	menstruation	/ˈpɛrɪˌodɐ/
4692	slikar	painter	/slîkaːr/
4693	levi	left	/lêːʋiː/
4694	zamke	fortress, castle	/ˈzamkɛ/
4695	iskušenje	trial	/ˈiskʊˌʃɛɲe/
4696	dopuštenje	permission, permit, licence, consent	/dopuʃtěːɲe/
4697	dostojanstvo	dignity	/dostojǎnstʋo/
4698	provala	burglary	/prôʋala/
4699	flaša	bottle	/flâʃa/
4700	čuvala	to guard, protect	/ˈtʃuvɐlɐ/
4701	direktan	direct, straight	/dǐrektan/
4702	tragično	tragically	/trǎɡit͡ʃno/
4703	zajam	loan	/ˈzɑjɐm/
4704	f	in, at	/ˈfə/
4705	prozori	window	/ˈprozorɪ/
4706	uzimati	to take	/ǔzimati/
4707	englez	Englishman	/ěnɡleːz/
4708	propali	to fall through, fall into, sink	/ˈpropɐlɪ/
4709	nepristojan	impolite, uncivil, rude	/nêpristoːjan/
4710	skočiti	to jump, leap	/skǒt͡ʃiti/
4711	džip	jeep	/ˈdʒip/
4712	punoj	full, filled	/ˈpunoj/
4713	sirena	mermaid	/sirěːna/
4714	djela	genitive singular of djȅlo	/ˈdjelɐ/
4715	zavera	conspiracy	/zâːʋera/
4716	biznismen	businessman	/bǐznismen/
4717	us	fishbone	/ˈus/
4718	primamo	first-person plural present of primati	/ˈprimɐmo/
4719	jedinstven	united	/jedǐnstʋen/
4720	starica	old woman	/ˈstɑrɪtsɐ/
4721	kauboj	cowboy	/kǎuboj/
4722	srpski	Serbs; Serbian	/sr̩̂pskiː/
4723	plaža	beach	/plǎːʐa/
4724	aspirin	aspirin	/aspǐriːn/
4725	čete	troop, squad, host	/ˈtʃɛtɛ/
4726	mučiti	to torture, torment	/mût͡ʃiti/
4727	komandir	commander, commanding officer	/komǎndiːr/
4728	propala	to fall through, fall into, sink	/ˈpropɐlɐ/
4729	roka	hand, arm	/ˈrokɐ/
4730	krzno	fur, pelt	/křːzno/
4731	osobito	especially, particularly	/ǒsobito/
4732	zakasniti	to be late	/zakǎsniti/
4733	šarm	charm	/ʃârm/
4734	groznica	fever	/ɡrǒznit͡sa/
4735	kino	cinema	/ˈkino/
4736	pretvarao	to turn into, to transform, to change	/ˈprɛtvɑˌrɐo/
4737	povukla	to pull	/ˈpovʊklɐ/
4738	dokažemo	first-person plural present of dokázati	/ˈdokɐˌʒɛmo/
4739	nepoznat	unknown	/nêpoznat/
4740	opravdanje	justification	/opraʋdǎːɲe/
4741	skrovište	hideout	/skrôʋiːʃte/
4742	ledom	ice	/ˈlɛdom/
4743	roza	pink, rosy, rose	/ˈrozɐ/
4744	koza	goat	/kǒza/
4745	četvorica	four men	/t͡ʃetʋǒrit͡sa/
4746	otet	to kidnap	/ˈotɛt/
4747	jeftin	cheap, inexpensive	/jêftin/
4748	baviti	to do, attend, engage in, go in for, occupy oneself with	/bâʋiti/
4749	stablo	a tree trunk	/stǎːblo/
4750	šalješ	to send	/ˈʃaʎeʃ/
4751	ale	but	/âle/
4752	spaliti	to burn down	/spǎːliti/
4753	kali	third-person singular present	/ˈkalɪ/
4754	očeva	father	/ˈotʃɛvɐ/
4755	podmornica	submarine	/pǒdmoːrnit͡sa/
4756	kuka	hook	/kûka/
4757	načelnik	chief	/nǎːt͡ʃelniːk/
4758	promijenilo	to change	/ˈpromɪˌjenɪlo/
4759	onakav	such, of that kind	/onǎkaːʋ/
4760	slikanje	painting	/ˈslikɐɲe/
4761	gubiti	to lose, misplace	/ɡǔbiti/
4762	spada	to fall down	/spâːda/
4763	čarolija	spell, magic	/t͡ʃarǒlija/
4764	mišiće	muscle	/ˈmiʃɪtɕɛ/
4765	povjerovati	to come to believe, trust	/pǒʋjeroʋati/
4766	naslednik	heir, inheritor	/nǎːsledniːk/
4767	beskorisno	uselessly	/běskoristan/
4768	spominje	to mention	/ˈspomɪɲe/
4769	odvojeno	separately	/ǒdʋojeno/
4770	izuzetan	exceptional	/îzuzeːtan/
4771	istražiti	to investigate	/istrǎːʒiti/
4772	banana	banana	/banǎːna/
4773	zet	son-in-law	/zêt/
4774	got	throat	/ɡôt/
4775	gada	a repulsive person	/ˈɡadɐ/
4776	slikati	to paint	/slîkati/
4777	krivac	culprit	/ˈkrivɐts/
4778	sedmica	week	/sědmit͡sa/
4779	bratstvo	brotherhood	/brǎtstʋo/
4780	popeti	to climb, rise, ascend	/pǒpeːti/
4781	kora	bark	/kôra/
4782	alergičan	allergic	/alěrɡit͡ʃan/
4783	uprava	board of directors, directorate	/ûpraʋa/
4784	plivati	to swim	/plîʋati/
4785	klana	feminine singular passive past participle	/ˈklanɐ/
4786	stajali	to stop	/ˈstɑjɐlɪ/
4787	okrutan	cruel	/ôkruːtan/
4788	gutljaj	gulp	/ˈɡutʎɑj/
4789	interesantan	interesting	/interesǎntan/
4790	štos	stack, pile	/ʃtôːs/
4791	proslava	celebration	/prôslaʋa/
4792	finansijski	financially	/finǎnsiːjskiː/
4793	ranac	backpack, backpack, knapsack, rucksack, satchel	/rǎːnat͡s/
4794	traci	strip, ribbon	/ˈtratsɪ/
4795	mole	to ask, request, beg	/ˈmolɛ/
4796	težine	weight	/ˈtɛʒɪnɛ/
4797	tvrd	hard, firm	/tʋr̂ːd/
4798	rast	growth	/râːst/
4799	kup	heap	/kûp/
4800	kontaktirati	to contact	/kontaktǐːrati/
4801	trudila	to try, make an effort	/ˈtrudɪlɐ/
4802	plin	gas	/plîːn/
4803	plavom	blue	/ˈplavom/
4804	dostupan	available, accessible, attainable, reachable	/dǒstupan/
4805	neprijateljski	hostile, enemy, unfriendly	/neprijatěʎskiː/
4806	pošlo	to go, go away, leave, depart	/ˈpoʃlo/
4807	vikati	to shout, yell	/ʋǐːkati/
4808	povjerenje	trust, confidence	/poʋjerěːɲe/
4809	žaba	frog	/ʒâba/
4810	glavnoj	main, chief, principal	/ˈɡlavnoj/
4811	sastati	to meet	/sǎstati/
4812	dolinu	valley, especially one in limestone	/ˈdolɪnʊ/
4813	kletva	curse	/klêːtʋa/
4814	njezinu	her, hers	/ˈɲezɪnʊ/
4815	buđenje	waking up, awakening	/bǔːd͡ʑeɲe/
4816	nikamo	nowhere	/nîkamo/
4817	pušiti	to smoke	/pûʃiti/
4818	brojim	to count, number, enumerate	/ˈbrojɪm/
4819	vanzemaljac	alien, extraterrestrial	/ʋanzemǎːʎat͡s/
4820	osvetiti	to avenge sb	/osʋěːtiti/
4821	portal	portal	/pǒrtaːl/
4822	sloj	layer	/slôːj/
4823	glasu	voice	/ˈɡlasʊ/
4824	mokar	wet	/môkar/
4825	relativno	relatively	/rêlatiːʋno/
4826	unutrašnji	inner, interior, inside	/ǔnutraʃɲiː/
4827	vezao	to embroider	/ˈvɛzɐo/
4828	muve	fly	/ˈmuvɛ/
4829	ženka	female	/ʒêːnka/
4830	leteti	to fly	/lěteti/
4831	kupac	buyer, purchaser	/kǔːpat͡s/
4832	odraz	reflection	/ôdraːz/
4833	zapisnik	record, log	/zǎːpisniːk/
4834	civilizacija	civilization	/t͡siʋilizǎːt͡sija/
4835	odsustvo	absence	/ǒdsustʋo/
4836	veselo	happily	/ʋêselo/
4837	klan	passive past participle of klȁti	/ˈklan/
4838	obratiti	to convert somebody	/obrǎːtiti/
4839	prvenstvo	championship	/ˈprvɛnstvo/
4840	gorim	to burn	/ˈɡorɪm/
4841	šetnja	a walk, stroll	/ʃěːtɲa/
4842	oporaviti	to recover, recuperate, convalesce	/opǒraʋiti/
4843	bajke	fairy tale	/ˈbɑjkɛ/
4844	nadaš	to hope	/ˈnadɐʃ/
4845	admiral	admiral	/admǐraːl/
4846	heroina	heroine	/xeroǐːna/
4847	udaljenost	distance	/ǔdaːʎenoːst/
4848	četri	four	/ˈtʃɛtrɪ/
4849	snimati	to photograph	/snǐːmati/
4850	lobanja	skull	/lǒbaɲa/
4851	dopala	to get into, receive, be hit by something malicious	/ˈdopɐlɐ/
4852	kolenima	knee	/ˈkolɛˌnɪmɐ/
4853	pouzdan	reliable, trustworthy, dependable	/pǒuzdaːn/
4854	pljački	robbery	/ˈpʎatʃkɪ/
4855	kugle	ball	/ˈkuɡlɛ/
4856	letjeti	to fly	/lětjeti/
4857	kuče	young dog; puppy	/kût͡ʃe/
4858	tinejdžer	teenager	/tǐnejd͡ʒer/
4859	požuriti	to accelerate	/poʒǔːriti/
4860	nauci	dative singular of nàuka	/ˈnaʊtsɪ/
4861	komanda	command	/kǒmaːnda/
4862	stepenica	step, rest	/stepěnit͡sa/
4863	zemljotres	earthquake	/zêmʎotreːs/
4864	stidljiv	shy, timid	/stǐdʎiʋ/
4865	dnevni	daily	/dnêːʋniː/
4866	crva	worm	/ˈtsrva/
4867	triput	thrice	/trǐːput/
4868	crtu	line	/ˈtsrtu/
4869	grom	thunder	/ɡrôːm/
4870	opere	to wash	/ˈopɛrɛ/
4871	prsluk	waistcoat	/ˈprsluk/
4872	udaj	to marry off	/ˈudɑj/
4873	tableta	tablet	/tablěta/
4874	pojava	phenomenon	/pôjaʋa/
4875	pere	to wash	/ˈpɛrɛ/
4876	autor	author	/ǎutor/
4877	mehanizam	mechanism	/mexanǐzam/
4878	jebemti	fuck!	/ˈjebɛmtɪ/
4879	privući	to attract	/priʋǔːt͡ɕi/
4880	potrošiti	to spend	/potrǒʃiti/
4881	umjetnost	art	/ˈumjetnost/
4882	zadovoljiti	to satisfy, content, appease	/zadoʋǒʎiti/
4883	tukli	to beat, thrash	/ˈtuklɪ/
4884	jebati	to fuck	/jěbati/
4885	levom	left	/ˈlɛvom/
4886	vo	ox	/ʋôː/
4887	tenk	tank	/tênk/
4888	kornjača	turtle	/kǒrɲat͡ʃa/
4889	diraš	to touch	/ˈdirɐʃ/
4890	industrija	industry	/indǔstrija/
4891	zalogaj	morsel, bite	/zâloɡaːj/
4892	figura	figure	/fiɡǔːra/
4893	zemljište	area, land, terrain	/zêmʎiːʃte/
4894	cesti	road	/ˈtsɛstɪ/
4895	izvori	well, wellspring	/ˈizvorɪ/
4896	brinuli	to worry	/ˈbrinʊlɪ/
4897	emocionalno	emotionally	/êmot͡sionaːlno/
4898	smanjuje	to reduce, lessen, make smaller	/ˈsmaɲʊje/
4899	paradajz	tomato	/parǎdajz/
4900	neposredno	directly, immediately	/nêposredno/
4901	teraš	to force, make	/ˈtɛrɐʃ/
4902	kampanja	campaign	/kampǎɲa/
4903	specijalnost	specialty	/spet͡sijǎːlnoːst/
4904	tužilaštvo	prosecutor's office	/tǔʒilaːʃtʋo/
4905	prepun	too full, very full, brimming with	/prěpun/
4906	kamerama	video camera	/ˈkamɛˌrɐmɐ/
4907	bu	to be, to exist	/ˈbu/
4908	narav	nature	/nǎːraʋ/
4909	suvo	dry, dried	/ˈsuvo/
4910	ušiju	louse	/ˈuʃɪjʊ/
4911	roda	stork	/rǒːda/
4912	majstora	master	/ˈmɑjstorɐ/
4913	golu	goal	/ˈɡolʊ/
4914	pomoćnica	assistant	/pomǒt͡ɕnit͡sa/
4915	indijanac	American Indian, Native American	/indijǎːnat͡s/
4916	dragulj	jewel	/drǎɡuːʎ/
4917	tuku	to beat, thrash	/ˈtukʊ/
4918	usled	due to, because of, in consequence of	/ûsled/
4919	crta	line	/t͡sr̩̂ta/
4920	napeto	tensely, tautly, tightly	/nâpeːto/
4921	tovar	cargo, burden, load	/tǒʋar/
4922	ološ	riffraff, rabble	/ôloʃ/
4923	podijeliti	to divide, separate	/podjěːliti/
4924	broji	to count, number, enumerate	/ˈbrojɪ/
4925	faktor	factor	/ˈfaktor/
4926	beloj	white	/ˈbɛloj/
4927	okruženje	environment	/okruʒěːɲe/
4928	doduše	on the other hand, although	/dodǔːʃeː/
4929	terapeut	therapist	/terapěut/
4930	nasuprot	contrary to, against, opposite, vis-à-vis, across from	/nâsuprot/
4931	moćno	powerfully	/môt͡ɕno/
4932	grip	flu, influenza	/ˈɡrip/
4933	jun	June	/ˈjun/
4934	sadašnjost	nowness	/ˈsadɐʃɲost/
4935	stanovnika	inhabitant	/ˈstanovˌnɪkɐ/
4936	runda	round	/rûnda/
4937	vu	in, at	/ʋu/
4938	pruge	stripe, bind, line	/ˈpruɡɛ/
4939	zapovednik	commander	/zapoʋědniːk/
4940	okret	turn, revolution	/ôkreːt/
4941	usana	lip	/ˈusɐnɐ/
4942	povrh	on top of, in addition to, top it off	/pǒʋr̩x/
4943	curom	girl	/ˈtsurom/
4944	glasina	rumor	/ɡlǎsina/
4945	plaćao	to pay	/ˈplatɕɐo/
4946	uspjeh	success	/ǔspjex/
4947	izvršiti	to execute, carry out, commit	/izʋřːʃiti/
4948	ćutite	to be silent, to shut up	/ˈtɕutɪtɛ/
4949	nađeno	to find, discover	/ˈnadʑɛno/
4950	kan	khan	/kâːn/
4951	delimično	partially, partly	/dêlimit͡ʃno/
4952	pećina	cave	/pět͡ɕina/
4953	post	fast, fasting	/pôːst/
4954	sitno	in tiny pieces or steps	/sîtno/
4955	najnovije	masculine accusative plural	/ˈnɑjnoˌvɪje/
4956	zadatka	task, assignment	/ˈzadɐtkɐ/
4957	infekcija	infection	/infěkt͡sija/
4958	čuveni	to hear	/ˈtʃuvɛnɪ/
4959	patke	drake	/ˈpatkɛ/
4960	režiser	director	/reʒǐseːr/
4961	krtica	mole	/ˈkrtitsɐ/
4962	strela	arrow	/strěːla/
4963	rijetko	rarely, seldom	/rjêːtko/
4964	pokušavati	imperfective form of pòkušati	/pokuʃǎːʋati/
4965	crevo	gut, bowel, intestine	/t͡srěːʋo/
4966	tačna	exact, accurate	/ˈtatʃnɐ/
4967	kolu	wheel	/ˈkolʊ/
4968	tulum	party	/tǔlum/
4969	posed	possession, ownership	/pǒːsed/
4970	meti	to sweep	/ˈmɛtɪ/
4971	slon	elephant	/slôn/
4972	odredište	destination	/ǒdrediːʃte/
4973	komunikacija	communication	/komunikǎːt͡sija/
4974	raspravljati	to discuss, debate	/rǎspraʋʎati/
4975	svjestan	conscious, aware	/sʋjêstan/
4976	prorok	prophet	/ˈprorok/
4977	babe	grandmother	/ˈbabɛ/
4978	stu	abbreviation of studeni, studenoga, or studenog	/ˈstu/
4979	dići	to lift, raise, elevate	/dît͡ɕi/
4980	bure	barrel	/bûre/
4981	osip	rash	/ǒsip/
4982	birati	to pick, choose, select	/bǐːrati/
4983	kopno	land, dry land	/kôpno/
4984	pobuna	rebellion, mutiny, uprising	/pôbuna/
4985	sindikat	syndicate	/sindǐkaːt/
4986	godišnji	annual	/ɡǒdiʃɲiː/
4987	žute	yellow	/ˈʒutɛ/
4988	početkom	at the beginning	/pot͡ʃěːtkom/
4989	zaliha	stockpile	/zâːlixa/
4990	dolina	valley, especially one in limestone	/dolǐna/
4991	velikodušno	generously	/ʋelikǒduʃno/
4992	napola	partially, partly	/nâpola/
4993	tak	billiard-cue	/tâːk/
4994	stabilan	stable	/stâbiːlan/
4995	nagovoriti	to persuade, talk into	/naɡoʋǒriti/
4996	novost	news	/ˈnovost/
4997	opljačkali	to rob, plunder, loot	/ˈopʎɐtʃˌkɐlɪ/
4998	brendi	brandy	/ˈbrɛndɪ/
4999	kalendar	calendar	/ˈkalɛndɑr/
5000	dome	home, house	/ˈdomɛ/
5001	siromašan	poor	/sirǒmaʃan/
5002	hraniti	to feed	/xrǎːniti/
5003	otrovan	poisonous, venomous	/ǒtroːʋan/
5004	tonu	to sink	/ˈtonʊ/
5005	pustinja	desert	/pǔːstiɲa/
5006	medijima	medium	/ˈmɛdɪˌjɪmɐ/
5007	prstena	ring	/ˈprstɛnɐ/
5008	biro	office	/ˈbiro/
5009	premalo	too little, too few	/prêmalo/
5010	boginje	smallpox	/bǒɡiɲe/
5011	božiji	alternative form of božji	/bôʒijiː/
5012	zapovjednik	commander	/zapoʋjědniːk/
5013	lani	last year	/ˈlanɪ/
5014	smej	can, may, be allowed to	/ˈsmej/
5015	fajl	file	/fâːjl/
5016	zaposliti	to employ, hire	/zapǒsliti/
5017	ćošak	corner	/t͡ɕǒʃak/
5018	sutradan	the next day, the following day	/sutrǎdaːn/
5019	element	element	/elěment/
5020	pokvariti	to damage, ruin	/pokʋǎːriti/
5021	ispravan	correct	/îspraːʋan/
5022	bič	whip	/bît͡ʃ/
5023	biološki	biologically	/biǒloʃkiː/
5024	jahanje	riding	/jâxaːɲe/
5025	isporuka	delivery, transmittal	/îsporuka/
5026	perem	to wash	/ˈpɛrɛm/
5027	pederi	a gay person, homosexual; faggot, homo, queer	/ˈpɛdɛrɪ/
5028	vuku	wolf	/ˈvukʊ/
5029	ogrebotina	scratch	/oɡrebǒtina/
5030	seci	to cut, chop, chip, hew	/ˈsɛtsɪ/
5031	mača	sword	/ˈmatʃɐ/
5032	doprinos	contribution	/ˈdoprɪnos/
5033	staješ	second-person singular present of stȁjati	/ˈstɑjeʃ/
5034	prijetnja	threat	/ˈprijetɲɐ/
5035	karma	karma	/kârma/
5036	mokra	wet	/ˈmokrɐ/
5037	nindža	ninja	/nîːnd͡ʒa/
5038	osnovni	basic, fundamental, primary	/ǒsnoːʋniː/
5039	dakako	of course, surely, certainly	/dakǎko/
5040	skrivena	clandestine	/ˈskrivɛnɐ/
5041	rečenica	sentence	/ˈrɛtʃɛˌnɪtsɐ/
5042	kompletan	complete	/kǒmpletan/
5043	zubar	dentist	/zǔbaːr/
5044	najprije	firstly, at first	/nâːjprije/
5045	fenomen	phenomenon	/ˈfɛnomɛn/
5046	kocka	cube	/ˈkotskɐ/
5047	baron	baron	/bǎroːn/
5048	štampa	press	/ʃtâːmpa/
5049	matematika	mathematics	/ˈmatɛˌmɐtɪkɐ/
5050	završetak	ending, the end	/zaʋrʃěːtak/
5051	mišića	muscle	/ˈmiʃɪtɕɐ/
5052	bljak	ew, yech, yuck	/bʎâk/
5053	unaprijed	beforehand, in advance	/ǔnaprjeːd/
5054	izbeći	to avoid	/ǐzbet͡ɕi/
5055	vežite	to bind, fasten, tie	/ˈvɛʒɪtɛ/
5056	molite	to ask, request, beg	/ˈmolɪtɛ/
5057	južni	southern	/ˈjuʒnɪ/
5058	norma	rule	/nôːrma/
5059	obarač	trigger	/ˈobɑrɐtʃ/
5060	kugla	ball	/kǔːɡla/
5061	uzor	model, exemplar	/ǔːzor/
5062	važniji	important	/ˈvaʒnɪjɪ/
5063	mafija	mafia	/mǎːfija/
5064	štrajk	strike	/ʃtrâjk/
5065	tlak	pressure	/tlâːk/
5066	jetra	liver	/jêtra/
5067	ris	lynx	/rîs/
5068	bezbroj	myriad of, multitude of	/bězbroːj/
5069	konkretno	concretely, specifically	/kǒnkretno/
5070	kompas	compass	/kǒmpas/
5071	kasne	late	/ˈkasnɛ/
5072	zimi	in winter	/zîːmi/
5073	istražitelj	investigator	/istrǎʒiteʎ/
5074	šesti	sixth	/ʃêstiː/
5075	ujna	aunt	/ûːjna/
5076	napuniti	to fill	/nǎpuniti/
5077	skener	scanner	/skêner/
5078	proslaviti	to celebrate	/prǒslaʋiti/
5079	sitnice	trifle, triviality	/ˈsitnɪtsɛ/
5080	dućan	shop, convenience store	/dǔt͡ɕaːn/
5081	brzu	fast	/ˈbrzu/
5082	glasati	to vote	/ɡlǎsati/
5083	konstantno	constantly	/konstǎntno/
5084	klupi	bench	/ˈklupɪ/
5085	inspiracija	inspiration	/inspirǎːt͡sija/
5086	ozlijediti	to hurt, injure, wound	/ozljěːditi/
5087	mladoženja	groom	/mladǒʒeɲa/
5088	davala	feminine singular active past participle	/ˈdavɐlɐ/
5089	vodeni	water	/ˈvodɛnɪ/
5090	kašalj	cough	/ˈkaʃɐʎ/
5091	bliske	near, close to	/ˈbliskɛ/
5092	vatrogasac	fireman	/ʋatroɡǎːsat͡s/
5093	jagode	strawberry	/ˈjaɡodɛ/
5094	osećaja	feeling	/ˈosɛtˌɕɑjɐ/
5095	maksi	maxi	/mâksi/
5096	bijeg	escape	/bjêːɡ/
5097	guza	butt	/ɡǔːza/
5098	neizbežno	unavoidably, inevitably	/nêizbeːʒno/
5099	stoke	cattle	/ˈstokɛ/
5100	bunar	well	/bǔnaːr/
5101	dinamit	dynamite	/dinǎmiːt/
5102	blatu	mud	/ˈblatʊ/
5103	prijeći	alternative form of preći	/prijêːt͡ɕi/
5104	šoping	shopping	/ʃǒpinɡ/
5105	uprave	board of directors, directorate	/ˈuprɐvɛ/
5106	zaposlen	employed	/zǎposlen/
5107	naglasak	accent	/nǎːɡlasak/
5108	mornarici	navy	/ˈmornɑˌrɪtsɪ/
5109	prostorija	room	/prostǒrija/
5110	kvaliteta	quality	/kʋalitěːta/
5111	građana	citizen	/ˈɡradʑɐnɐ/
5112	krem	cream, creme	/ˈkrɛm/
5113	pucala	to crack, break, burst, split	/ˈputsɐlɐ/
5114	lojalnost	loyalty	/lojǎːlnoːst/
5115	sveža	fresh	/ˈsvɛʒɐ/
5116	psiholog	psychologist	/psixǒloɡ/
5117	druži	to associate, socialize with	/ˈdruʒɪ/
5118	kasniti	to be late	/kǎsniti/
5119	zbrka	confusion, mess	/zbr̂ka/
5120	podneva	noon, midday	/ˈpodnɛvɐ/
5121	dvoru	castle	/ˈdvorʊ/
5122	jezgro	core, nucleus	/jěːzɡro/
5123	mehaničar	mechanic	/ˈmɛhɐˌnɪtʃɑr/
5124	očeve	father	/ˈotʃɛvɛ/
5125	klopu	grub, chow	/ˈklopʊ/
5126	septembar	September	/sěpteːmbar/
5127	koze	goat	/ˈkozɛ/
5128	skitnica	wanderer	/skǐːtnit͡sa/
5129	napamet	by heart	/nâpameːt/
5130	doručka	breakfast	/ˈdorʊtʃkɐ/
5131	putuješ	to travel	/ˈputʊjeʃ/
5132	srednji	central	/srêdɲiː/
5133	uloviti	to hunt	/ulǒʋiti/
5134	kaiš	belt, girdle	/kǎiʃ/
5135	kuma	godmother	/kǔːma/
5136	smijati	to laugh	/smǐjati/
5137	doza	dose, dosage	/dǒːza/
5138	vrijedan	precious, valuable	/ʋrjěːdan/
5139	besmislica	nonsense	/běsmislit͡sa/
5140	sirene	to curdle, coagulate	/ˈsirɛnɛ/
5141	slagati	to lie	/slǎːɡati/
5142	komadić	piece, part	/komǎdit͡ɕ/
5143	negativan	negative	/nêɡatiːʋan/
5144	kuglu	ball	/ˈkuɡlʊ/
5145	oduzeli	to take away, deprive	/ˈodʊˌzɛlɪ/
5146	višak	excess	/ʋǐːʃak/
5147	zapis	note, writing	/zǎːpis/
5148	konkurencija	competition	/ˈkoŋkʊˌrɛntsɪjɐ/
5149	patuljak	dwarf, gnome, midget	/patǔːʎak/
5150	plaču	cry	/ˈplatʃʊ/
5151	mart	March	/mârt/
5152	les	coffin	/lêːs/
5153	brojevima	number	/ˈbrojeˌvɪmɐ/
5154	reko	river	/ˈrɛko/
5155	prodaj	to sell	/ˈprodɑj/
5156	napetost	tension	/ˈnapɛtost/
5157	pčela	bee	/pt͡ʃěla/
5158	marku	stamp, label	/mǎrku/
5159	usporiti	to slow down	/uspǒriti/
5160	pseto	cur	/psêto/
5161	sastav	composition, ingredients	/sǎːstaʋ/
5162	metro	metro	/ˈmɛtro/
5163	okupu	gathering, assembly	/ˈokʊpʊ/
5164	traju	to last, continue	/ˈtrɑjʊ/
5165	spopalo	to seize, overcome	/ˈspopɐlo/
5166	nevidljiv	invisible	/neʋǐdʎiʋ/
5167	ceremonija	ceremony	/t͡seremǒnija/
5168	link	link, hyperlink	/lînk/
5169	vukodlak	werewolf	/ʋukǒdlak/
5170	pozajmiti	to lend	/pozǎːjmiti/
5171	napadač	attacker	/napǎdaːt͡ʃ/
5172	specijalitet	specialty	/spet͡sijalǐteːt/
5173	odnijeti	to take away, carry away	/ǒdnijeːti/
5174	bradom	beard	/ˈbradom/
5175	olovka	pencil	/ǒloːʋka/
5176	krovom	roof	/ˈkrovom/
5177	trese	to shake	/ˈtrɛsɛ/
5178	pumpa	pump	/ˈpumpɐ/
5179	revolver	revolver	/reʋǒlʋer/
5180	balet	ballet	/bǎleːt/
5181	lažan	false	/lâʒan/
5182	ramenima	shoulder	/ˈramɛˌnɪmɐ/
5183	mamica	mommy	/mâmit͡sa/
5184	meša	mass	/ˈmɛʃɐ/
5185	crv	worm	/t͡sr̩̂ːʋ/
5186	komplet	set of something	/kǒmplet/
5187	tuce	a dozen	/tǔt͡se/
5188	slati	to send	/slâti/
5189	osnove	basis, foundation	/ˈosnovɛ/
5190	poduzeti	to undertake, take upon oneself, tackle, take action, do…	/podǔzeːti/
5191	vrelo	well, wellspring	/ʋrêlo/
5192	svugdje	everywhere	/sʋûɡdje/
5193	vulkan	volcano	/ʋǔlkaːn/
5194	nestrpljiv	impatient	/nestřpʎiʋ/
5195	natjecanje	competition	/nǎtjet͡saːɲe/
5196	leptir	lepidopteran; butterfly or moth	/lêptiːr/
5197	strip	comic	/strîp/
5198	međunarodni	international	/med͡ʑunǎːrodniː/
5199	skrivati	to hide, conceal	/skrǐːʋati/
5200	grade	city, town	/ˈɡradɛ/
5201	davali	masculine plural active past participle of davati	/ˈdavɐlɪ/
5202	ženim	to marry	/ˈʒɛnɪm/
5203	kočija	coach	/kǒt͡ʃija/
5204	sale	hall, auditorium	/ˈsalɛ/
5205	struktura	structure	/struktǔːra/
5206	vladati	to rule, reign, govern	/ʋlǎːdati/
5207	mnoštvo	multitude, crowd	/mnǒʃtʋo/
5208	noža	knife	/ˈnoʒɐ/
5209	patetično	pathetically	/patětit͡ʃno/
5210	oznaka	marking, mark	/ôznaka/
5211	svađati	to quarrel, argue, bicker	/sʋâd͡ʑati/
5212	presto	throne	/ˈprɛsto/
5213	kupca	buyer, purchaser	/ˈkuptsɐ/
5214	pirinač	rice	/ˈpirɪnɐtʃ/
5215	sirota	orphan	/sirǒta/
5216	luđak	madman	/lǔd͡ʑaːk/
5217	čudim	to surprise, to amaze, astonish	/ˈtʃudɪm/
5218	dostojan	deserving, worthy	/dǒːstoːjan/
5219	teoretski	theoretically	/teǒretskiː/
5220	severni	northern	/sêʋeːrniː/
5221	vrisak	scream, shriek	/ʋrîːsak/
5222	težina	weight	/teʒǐna/
5223	merdevine	ladder	/mêrdeʋine/
5224	gruba	harsh	/ˈɡrubɐ/
5225	curama	girl	/ˈtsurɐmɐ/
5226	krasti	to steal	/krâsti/
5227	prikaz	display, depiction, portrait	/prǐːkaz/
5228	karate	to scold	/ˈkɑrɐtɛ/
5229	šetao	to walk, stroll	/ˈʃɛtɐo/
5230	limun	lemon	/lîmuːn/
5231	preseliti	to move, relocate	/presěliti/
5232	kompleks	complex	/kǒmpleks/
5233	nalaz	finding	/nǎːlaz/
5234	komitet	committee	/komǐteːt/
5235	trudimo	to try, make an effort	/ˈtrudɪmo/
5236	manastir	monastery	/mânastiːr/
5237	vodeći	leading	/ʋǒdeːt͡ɕiː/
5238	trezan	sober	/trěːzan/
5239	lozinka	motto, slogan	/lǒziːnka/
5240	potvrda	acknowledgment, confirmation	/pôtʋrda/
5241	veseli	happy, cheerful, merry	/ˈvɛsɛlɪ/
5242	zakonski	legal	/zǎːkonskiː/
5243	seksom	instrumental singular of sȅks	/sêksom/
5244	biblioteka	library	/bibliotěːka/
5245	kontejner	dumpster	/kontějner/
5246	tragač	seeker	/trǎɡaːt͡ʃ/
5247	paranoičan	paranoid	/paranǒit͡ʃan/
5248	ležim	to lie, recline	/ˈlɛʒɪm/
5249	rus	Russian	/rûs/
5250	bračni	marriage; marital	/brâːt͡ʃniː/
5251	krdo	herd	/kr̂do/
5252	pokažu	to show, demonstrate	/ˈpokɐʒʊ/
5253	značaj	significance, importance	/znât͡ʃaːj/
5254	potruditi	to try, make an effort	/potrǔːditi/
5255	detektivka	detective	/ˈdɛtɛkˌtɪfkɐ/
5256	topao	warm	/tôpao/
5257	reputacija	reputation	/reputǎːt͡sija/
5258	dobi	to receive, get, obtain, acquire	/ˈdobɪ/
5259	izvješće	report	/ǐzʋjeːʃt͡ɕe/
5260	institut	institute	/instǐtuːt/
5261	tamno	darkly	/tâːmno/
5262	znoj	sweat	/znôːj/
5263	komisija	commission	/komǐsija/
5264	preneti	to carry, move, bring to another place; carry over, bring…	/prěneːti/
5265	rozi	horn	/ˈrozɪ/
5266	ironija	irony	/ˈiroˌnɪjɐ/
5267	kuvanje	verbal noun of kȕvati	/kûʋaːɲe/
5268	grudnjak	bra, brassiere	/ɡrûːdɲaːk/
5269	voća	fruit	/ˈvotɕɐ/
5270	pobjednik	winner	/pǒbjedniːk/
5271	skroman	humble, modest	/skrôman/
5272	jadnica	miserable person	/jâdnit͡sa/
5273	brade	beard	/ˈbradɛ/
5274	redove	row	/ˈrɛdovɛ/
5275	pobune	to rebel	/ˈpobʊnɛ/
5276	pobjeda	victory	/pôbjeda/
5277	bodež	dagger	/bǒːdeʒ/
5278	poglavica	chieftain	/poɡlǎʋica/
5279	prevelik	too big	/prěʋelik/
5280	juhu	soup	/ˈjuhʊ/
5281	stepen	degree	/stêpeːn/
5282	domet	range, reach	/dǒːmet/
5283	ciklus	cycle	/t͡sǐklus/
5284	šminka	make-up	/ʃmîːnka/
5285	procena	estimate, evaluation	/prôt͡sena/
5286	električni	electrical, electric	/elěktrit͡ʃniː/
5287	pevač	singer	/pěʋaːt͡ʃ/
5288	aktivan	active	/âktiːʋan/
5289	blata	mud	/ˈblatɐ/
5290	sedmi	seventh	/sêdmiː/
5291	zanimati	to interest	/zanǐːmati/
5292	stražar	sentry, guard	/strǎʒaːr/
5293	igrama	play	/ˈiɡrɐmɐ/
5294	loviti	to hunt	/lǒʋiti/
5295	večerati	to have one's supper	/ʋět͡ʃerati/
5296	iznosi	amount	/ˈiznosɪ/
5297	panika	panic	/pǎnika/
5298	stub	pillar	/stûːb/
5299	koš	basket	/ˈkoʃ/
5300	čvor	knot	/t͡ʃʋôːr/
5301	planirano	in a planned manner	/plǎniːraːno/
5302	brava	lock	/ˈbravɐ/
5303	nadoknaditi	to compensate	/nadǒknaditi/
5304	dž	for free; very cheap	/dʒ/
5305	mačak	a male cat; tomcat	/ˈmatʃɐk/
5306	strog	strict, severe	/strôɡ/
5307	alkoholičar	alcoholic	/alkoxǒlit͡ʃaːr/
5308	ikako	in any way	/îkaːko/
5309	lukom	onion	/ˈlukom/
5310	odlučan	resolute, energetic, decisive, decided	/ôdluːt͡ʃan/
5311	udruženje	association, society	/udruʒěːɲe/
5312	prvak	champion	/přʋaːk/
5313	sukoba	conflict	/ˈsukobɐ/
5314	izum	invention, discovery	/ǐzum/
5315	uvid	insight	/ǔʋid/
5316	zaštitnik	protector	/zǎːʃtitniːk/
5317	narkoman	drug addict, junkie	/narkǒmaːn/
5318	pesku	sand	/ˈpɛskʊ/
5319	sluškinja	servant, maidservant	/slûʃkiɲa/
5320	skota	litter	/ˈskotɐ/
5321	zora	dawn	/zǒra/
5322	jahati	to ride	/jâxati/
5323	odbijanje	refusal, refusing	/odbǐːjaːɲe/
5324	žedna	thirsty	/ˈʒɛdnɐ/
5325	šaka	hand	/ʃâka/
5326	laboratorij	laboratory	/laboraˈtoːrij/
5327	upalio	to set fire to, set on fire, burn, light, ignite	/ˈupɐˌlɪo/
5328	pobjedu	victory	/ˈpobjedʊ/
5329	opremom	equipment	/ˈoprɛmom/
5330	pešice	on foot	/pêʃit͡seː/
5331	rudnika	mine	/ˈrudnɪkɐ/
5332	mast	grease	/mâːst/
5333	prepustiti	to leave, surrender, cede	/prepǔstiti/
5334	kuga	whom, masculine animate accusative singular of koj	/kûɡa/
5335	šetam	to walk, stroll	/ˈʃɛtɐm/
5336	opklada	bet, wager	/ôpklada/
5337	drukčiji	different	/drǔkt͡ʃijiː/
5338	zagonetka	riddle, puzzle	/zâɡoneːtka/
5339	patolog	pathologist	/patǒloɡ/
5340	ružni	ugly, unattractive	/ˈruʒnɪ/
5341	opako	wickedly, maliciously, viciously	/ôpaːko/
5342	vrućina	heat	/ʋrut͡ɕǐna/
5343	idealno	ideally	/îdeaːlno/
5344	naredba	order, command	/nǎːredba/
5345	meka	Any place considered to be a very important place to visit…	/mêka/
5346	tuču	fight, melee	/ˈtutʃʊ/
5347	police	shelf	/ˈpolɪtsɛ/
5348	detektor	detector	/dětektor/
5349	senat	senate	/sěnaːt/
5350	zdravstveno	sanitarily	/zdrǎʋstʋeno/
5351	zarad	alternative form of zȁradi	/zârad/
5352	kurir	courier	/kǔriːr/
5353	obožavatelj	adorer, worshipper	/oboʒǎʋateʎ/
5354	vezati	to bind, fasten, tie	/ʋěːzati/
5355	prag	threshold	/prâɡ/
5356	umeju	to know how	/ˈumejʊ/
5357	kocku	cube	/ˈkotskʊ/
5358	poen	point	/pǒeːn/
5359	nekretnina	real estate	/nekretnǐna/
5360	autoput	highway	/ǎutopuːt/
5361	palata	palace	/ˈpalɐtɐ/
5362	naivan	naive	/nâiːʋan/
5363	omogućiti	to enable, make possible	/omoɡǔːt͡ɕiti/
5364	lampa	lamp	/lâːmpa/
5365	kriket	cricket	/krǐket/
5366	patnja	suffering, agony	/pǎtɲa/
5367	jevrejin	Jew	/jěʋrejin/
5368	kocki	cube	/ˈkotskɪ/
5369	puše	dormouse	/ˈpuʃɛ/
5370	ves	all, complete, whole	/ˈʋɛːs/
5371	žrtvovati	to sacrifice	/ˈʒrtvovɐtɪ/
5372	igla	needle	/ǐɡla/
5373	ring	ring	/ˈriŋɡ/
5374	najnoviji	new	/ˈnɑjnoˌvɪjɪ/
5375	trbuh	abdomen, belly	/tř̩bux/
5376	gospodari	to rule, govern	/ˈɡospoˌdɑrɪ/
5377	uzvrat	return, requital	/ûzʋraːt/
5378	grize	to bite, gnaw, nibble	/ˈɡrizɛ/
5379	rasprava	debate, discussion	/râːspraʋa/
5380	kruh	bread	/krûx/
5381	oprost	forgiveness	/ǒprost/
5382	grozni	terrible, awful, horrible	/ˈɡroznɪ/
5383	napor	effort	/nǎːpor/
5384	jogurt	yogurt or yoghurt	/ˈjoɡʊrt/
5385	krivično	penally, criminally	/krǐʋit͡ʃno/
5386	uragan	hurricane	/ûraɡaːn/
5387	ljubimac	pet	/ʎubǐːmat͡s/
5388	zavet	covenant	/zǎːʋet/
5389	kradem	to steal	/ˈkradɛm/
5390	molitva	prayer	/mǒlitʋa/
5391	levoj	left	/ˈlɛvoj/
5392	nasilno	violently	/nǎːsilno/
5393	tornado	tornado	/tǒrnaːdo/
5394	domar	janitor	/dǒmaːr/
5395	zadugo	for long	/zǎduɡo/
5396	retka	rare	/ˈrɛtkɐ/
5397	precizan	precise, accurate	/prêt͡siːzan/
5398	kite	bunch, bouquet	/ˈkitɛ/
5399	sobama	room	/ˈsobɐmɐ/
5400	štene	puppy	/ʃtěne/
5401	glupom	stupid, foolish	/ˈɡlupom/
5402	uslov	condition	/ǔːsloʋ/
5403	katolik	Catholic	/kâtoliːk/
5404	djetetu	child, kid	/ˈdjetɛtʊ/
5405	uteha	comfort, consolation	/ˈutɛhɐ/
5406	uhititi	to arrest	/ǔxititi/
5407	naprosto	simply, straightforwardly	/nâprosto/
5408	draže	to be glad, pleased, delighted	/ˈdraʒɛ/
5409	otkup	buyout, purchase	/ǒtkup/
5410	medije	medium	/ˈmɛdɪje/
5411	menjati	to change	/měːɲati/
5412	kruže	circle	/ˈkruʒɛ/
5413	pleši	bald spot	/ˈplɛʃɪ/
5414	vladar	ruler	/ʋlǎdaːr/
5415	medu	honey	/ˈmɛdʊ/
5416	materija	matter	/mǎteːrija/
5417	pamtiti	to remember, memorize	/pâːmtiti/
5418	peći	to bake	/pêt͡ɕi/
5419	kocke	cube	/ˈkotskɛ/
5420	filmski	as if on a movie or a film	/fîlmskiː/
5421	sovjetski	Soviet, soviet	/sǒʋjetskiː/
5422	biskup	bishop	/bîskup/
5423	silno	powerfully, mightily	/sîːlno/
5424	zvijer	beast, wild animal	/zʋijêːr/
5425	poštar	postman	/pôʃtaːr/
5426	lija	fox	/lǐːja/
5427	ponosno	proudly	/pǒnosno/
5428	političar	politician	/polǐtit͡ʃaːr/
5429	talent	talented person	/tǎlent/
5430	paljba	fire, firing off	/pǎʎba/
5431	plešu	bald spot	/ˈplɛʃʊ/
5432	obavestiti	to inform, let know, notify	/obaʋěːstiti/
5433	nahraniti	to feed, nourish	/naxrǎːniti/
5434	dosada	boredom	/ˈdosɐdɐ/
5435	posjet	visit	/pôsjet/
5436	svagda	always, all the times	/sʋâɡda/
5437	vjenčati	to marry	/ʋjěnt͡ʃati/
5438	trenu	moment	/ˈtrɛnʊ/
5439	rođenje	birth	/rod͡ʑěːɲe/
5440	pro	abbreviation of prosinac or prosinca	/ˈpro/
5441	uvjeren	sure, certain, convinced	/ǔʋjeren/
5442	omlet	omelette	/ˈomlɛt/
5443	konferencija	conference	/konferěnt͡sija/
5444	uvesti	to introduce, lead in	/uʋěsti/
5445	privlačan	handsome, attractive, comely	/prîʋlaːt͡ʃan/
5446	čopor	herd, flock, pack	/t͡ʃôpoːr/
5447	temi	theme, subject	/ˈtɛmɪ/
5448	koliba	hut, cottage, cabin	/kǒliba/
5449	olako	easily	/ôlako/
5450	kompromis	compromise	/komprǒmis/
5451	grane	branch	/ˈɡranɛ/
5452	kamila	camel	/kǎmila/
5453	dvoboj	duel	/dʋǒboj/
5454	točke	dot, period	/ˈtotʃkɛ/
5455	kupovati	to buy, purchase	/kupǒʋati/
5456	duži	longer	/ˈduʒɪ/
5457	plod	fruit	/plôːd/
5458	široko	widely, broadly	/ʃirǒko/
5459	beskućnik	homeless person	/běskut͡ɕniːk/
5460	tango	tango	/tânɡo/
5461	lupa	loupe	/lûpa/
5462	naoružanje	arms, armaments	/naoruʒǎːɲe/
5463	tla	ground	/ˈtla/
5464	procenat	percent	/prǒt͡senat/
5465	kape	cap	/ˈkapɛ/
5466	povećati	to increase	/poʋět͡ɕati/
5467	viđena	to see	/ˈvidʑɛnɐ/
5468	inteligentan	intelligent	/inteliɡěntan/
5469	slijediti	to follow	/sljěːditi/
5470	otela	to kidnap	/ˈotɛlɐ/
5471	patiti	to suffer	/pâtiti/
5472	umak	sauce	/ûmaːk/
5473	monstrum	monster	/mǒŋstrum/
5474	argument	argument	/arɡǔment/
5475	sisi	woman's breast	/ˈsisɪ/
5476	presvući	to reclothe, change clothes	/prěsʋuːt͡ɕi/
5477	šestoro	six persons of different gender/sex	/ʃêstoro/
5478	korporacija	corporation	/korporǎːt͡sija/
5479	zarada	pay, wages	/zâːrada/
5480	perje	feathers, plumage	/pêːrje/
5481	medija	medium	/ˈmɛdɪjɐ/
5482	romantičan	romantic	/romǎntit͡ʃan/
5483	čelik	steel	/t͡ʃělik/
5484	zlatom	in/with gold	/zlâːtom/
5485	žabe	frog	/ˈʒabɛ/
5486	avgust	August	/ˈavɡʊst/
5487	zalazak	descent; sunset, moonset	/zǎlazak/
5488	publicitet	publicity	/publit͡sǐteːt/
5489	prtljažnik	trunk	/ˈprtʎaʒnɪk/
5490	loptica	a small ball	/lôptit͡sa/
5491	ortaci	partner, associate	/ˈortɐtsɪ/
5492	cigara	cigar	/t͡siɡǎːra/
5493	orgazam	orgasm	/orɡǎzam/
5494	koplje	spear, lance	/kôpʎe/
5495	grkljan	gullet	/ɡř̩kʎan/
5496	klinaca	kid, child	/ˈklinɐtsɐ/
5497	terao	to force, make	/ˈtɛrɐo/
5498	korišćenje	utilization, use, usage	/koriʃt͡ɕeːɲe/
5499	prošetati	to walk, stroll	/proʃěːtati/
5500	časno	honorably, respectably	/t͡ʃâsno/
5501	hladnokrvno	cold-bloodedly	/xlâdnokrːʋno/
5502	narukvica	bracelet	/nǎrukʋit͡sa/
5503	posljedice	consequence	/ˈposʎeˌdɪtsɛ/
5504	ugovore	contract	/ˈuɡoˌvorɛ/
5505	bliska	near, close to	/ˈbliskɐ/
5506	prepao	to frighten, scare	/ˈprɛpɐo/
5507	učite	to learn, study	/ˈutʃɪtɛ/
5508	jagnje	lamb; a young sheep	/jâɡɲe/
5509	ruši	to demolish, raze	/ˈruʃɪ/
5510	dojam	impression	/ˈdojɐm/
5511	konjak	cognac	/kôɲaːk/
5512	širenje	spread, expansion	/ʃǐːreːɲe/
5513	rog	horn	/rôːɡ/
5514	vagon	car	/ʋǎɡoːn/
5515	oktobar	October	/ǒktoːbar/
5516	kolonija	colony	/kǒloːnija/
5517	vikala	to shout, yell	/ˈvikɐlɐ/
5518	bitanga	rogue, rascal	/bǐtaːnɡa/
5519	atoma	atom	/ˈatomɐ/
5520	pijanica	drunkard	/pǐjanit͡sa/
5521	teškom	heavy, weighty	/ˈtɛʃkom/
5522	obred	rite	/ǒbred/
5523	palim	to kindle, light, set fire to	/ˈpalɪm/
5524	komesar	commissioner	/koměsaːr/
5525	laki	easy	/ˈlakɪ/
5526	nežna	tender, delicate, soft	/ˈnɛʒnɐ/
5527	televizija	television	/teleʋǐːzija/
5528	lažima	lie, untruth, falsity, fib	/ˈlaʒɪmɐ/
5529	uveriti	to convince, assure, persuade	/ǔʋeriti/
5530	dugom	long	/ˈduɡom/
5531	sajam	fair, exhibition, market	/sǎːjam/
5532	djevojaka	girl, maiden	/ˈdjevoˌjɐkɐ/
5533	glupača	a stupid woman	/ɡlǔpat͡ʃa/
5534	pristanak	consent, approval	/prǐstanak/
5535	bolničar	nurse	/bǒːlnit͡ʃaːr/
5536	gnjaviti	to squash, squeeze, crush	/ɡɲǎːʋiti/
5537	okvir	frame	/ǒkʋiːr/
5538	grožđe	grapes	/ɡrôːʒd͡ʑe/
5539	premda	albeit, although	/prêmda/
5540	princip	principle	/prǐnt͡siːp/
5541	partnerstvo	partnership	/pârtnerstʋo/
5542	klinika	clinic	/ˈklinɪkɐ/
5543	nišanu	sight	/ˈniʃɐnʊ/
5544	dobitak	profit, proceeds	/dobǐːtak/
5545	otoku	island	/ˈotokʊ/
5546	putujete	to travel	/ˈputʊˌjetɛ/
5547	robove	slave	/ˈrobovɛ/
5548	žale	sorrow, grief	/ˈʒalɛ/
5549	promet	traffic	/prǒːmet/
5550	otiđi	to leave, part, depart	/ˈotɪdʑɪ/
5551	vraški	hellishly	/ˈvraʃkɪ/
5552	truditi	to try, make an effort	/trǔːditi/
5553	pomiriti	to reconcile, bring to an agreement or harmony	/pomǐːriti/
5554	viša	feminine nominative/vocative singular	/ˈviʃɐ/
5555	plesačica	dancer	/plesǎt͡ʃit͡sa/
5556	sveg	masculine genitive singular	/ˈsvɛɡ/
5557	pehar	cup	/ˈpɛhɑr/
5558	trg	square	/tr̩̂ːɡ/
5559	zahod	sunset	/zǎxod/
5560	rađa	third-person singular present of ráđati	/ˈradʑɐ/
5561	želji	wish, desire	/ˈʒɛʎɪ/
5562	stoka	cattle	/stôka/
5563	kolekcija	collection	/kolěkt͡sija/
5564	užitak	pleasure, delight	/uʒǐːtak/
5565	cestu	road	/ˈtsɛstʊ/
5566	sreda	Wednesday	/srěːda/
5567	rudniku	mine	/ˈrudnɪkʊ/
5568	primaš	second-person singular present of primati	/ˈprimɐʃ/
5569	kupa	cup, goblet	/kûpa/
5570	davi	to choke, strangle	/ˈdavɪ/
5571	reporter	reporter	/repǒrteːr/
5572	privilegija	privilege	/ˈprivɪˌlɛɡɪjɐ/
5573	buš	to be, to exist	/ˈbuʃ/
5574	starost	age	/stâroːst/
5575	zdrave	healthy, fit	/ˈzdravɛ/
5576	kolibe	hut, cottage, cabin	/ˈkolɪbɛ/
5577	akcenat	alternative form of àkcent	/ǎkt͡senat/
5578	serum	serum	/sěːrum/
5579	galaksija	galaxy	/ˈɡalɐkˌsɪjɐ/
5580	zaljubiti	to fall in love	/zaʎǔːbiti/
5581	titl	subtitle	/tǐtl̩/
5582	navići	alternative form of nàviknuti	/nǎʋit͡ɕi/
5583	udana	to marry off	/ˈudɐnɐ/
5584	štaviše	moreover	/ʃtǎʋiʃe/
5585	rukavica	glove	/ˈrukɐˌvɪtsɐ/
5586	neuobičajeno	unusually	/neuobǐt͡ʃaːjeno/
5587	kamenu	stone	/ˈkamɛnʊ/
5588	pljačkaš	robber, raider, looter	/ˈpʎatʃkɐʃ/
5589	realno	realistically	/rêaːlno/
5590	sumnjiv	suspicious	/sǔmɲiʋ/
5591	rečnik	dictionary	/rêːt͡ʃniːk/
5592	latinski	Latin	/lǎtiːnskiː/
5593	nasleđe	heritage	/nǎːsleːd͡ʑe/
5594	ribom	fish	/ˈribom/
5595	dubina	depth	/dubǐna/
5596	naj	may, let	/ˈnɑj/
5597	mađioničar	magician	/mad͡ʑiǒnit͡ʃaːr/
5598	nuklearni	nuclear	/nûkleaːrniː/
5599	dužnik	debtor	/dǔʒniːk/
5600	simpatičan	attractive, engaging	/simpǎtit͡ʃan/
5601	otarasiti	to get rid of something, divest oneself of	/otarǎːsiti/
5602	svježe	freshly	/sʋjêʒe/
5603	obranu	defense	/ˈobrɐnʊ/
5604	trenuci	moment	/ˈtrɛnʊtsɪ/
5605	igralište	playground	/ǐɡraliːʃte/
5606	približiti	to bring closer	/priblǐːʒiti/
5607	pizda	pussy, cunt	/pǐːzda/
5608	trošiti	to spend	/trǒʃiti/
5609	smer	direction, course	/ˈsmɛr/
5610	vičem	to shout, yell	/ˈvitʃɛm/
5611	računovođa	accountant	/rat͡ʃunǒʋod͡ʑa/
5612	uvod	introduction	/ǔːʋod/
5613	važnost	importance	/ʋǎːʒnoːst/
5614	suva	dry, dried	/ˈsuvɐ/
5615	bežati	to flee, run away	/běʒati/
5616	ambicija	ambition	/ˈambɪtˌsɪjɐ/
5617	ljeta	summer, summertime	/ˈʎetɐ/
5618	prost	common, plain, vulgar, ignoble	/prôst/
5619	sličnost	similarity, resemblance	/slît͡ʃnoːst/
5620	izvana	from outside	/izʋǎna/
5621	biciklu	bicycle	/ˈbitsɪklʊ/
5622	štapić	small stick or cane	/ʃtǎpit͡ɕ/
5623	gepek	luggage	/ˈɡɛpɛk/
5624	kolac	stake	/kǒlat͡s/
5625	doživeti	to live to see	/doʒǐːʋeti/
5626	donekle	somewhat, to a certain extent, to a certain degree	/dǒnekle/
5627	plaćate	to pay	/ˈplatɕɐtɛ/
5628	suvenir	souvenir	/suʋěniːr/
5629	magično	magically	/mǎɡit͡ʃno/
5630	miče	to move	/ˈmitʃɛ/
5631	naklonost	affection	/ˈnaklonost/
5632	bakom	grandmother, grandma	/ˈbakom/
5633	nizu	array, sequence, series	/ˈnizʊ/
5634	at	steed	/ˈat/
5635	dvor	castle	/dʋôːr/
5636	znanost	science	/znânoːst/
5637	čarapa	sock	/t͡ʃǎrapa/
5638	prijava	registration form, application form	/prîjaʋa/
5639	nesposoban	incapable	/nêsposoban/
5640	kane	to intend	/ˈkanɛ/
5641	spomenuti	to mention	/spoměːnuti/
5642	pauka	spider	/ˈpaʊkɐ/
5643	ušlo	to enter, go into, come in	/ˈuʃlo/
5644	travi	grass	/ˈtravɪ/
5645	modrica	bruise	/ˈmodrɪtsɐ/
5646	uzbudljiv	exciting	/uzbǔdʎiʋ/
5647	lavovi	lion	/ˈlavovɪ/
5648	sramotno	shamefully, disgracefully	/srâmotno/
5649	kupovina	purchase	/kupǒʋina/
5650	ovca	sheep, ewe	/ǒːʋt͡sa/
5651	pozornik	private	/pǒːzoːrniːk/
5652	dubok	deep	/dǔbok/
5653	umeo	to know how	/ˈumɛo/
5654	oda	ode	/ǒːda/
5655	zaseda	ambush	/zâːseda/
5656	postavljati	to put, place, set	/pǒstaʋʎati/
5657	sebično	selfishly	/sěbit͡ʃno/
5658	finansije	finance	/finǎnsije/
5659	bistar	clear, clean	/bîstar/
5660	zacijelo	surely, certainly	/zât͡sijeːlo/
5661	veo	veil	/ʋêo/
5662	šolja	cup	/ʃǒːʎa/
5663	testirati	to test	/testǐːrati/
5664	dižem	to lift, raise, elevate	/ˈdiʒɛm/
5665	šokantno	shockingly	/ʃokǎntno/
5666	ama	but	/âma/
5667	voditelj	leader, chief	/ʋǒditeʎ/
5668	skupu	expensive, costly, pricey	/ˈskupʊ/
5669	zavoj	bend, turn	/zǎːʋoj/
5670	rupija	rupee	/rǔpija/
5671	lukav	cunning	/lûkaʋ/
5672	poželeti	to wish	/poʒěleti/
5673	upotrijebiti	to use, utilize	/upotrijěːbiti/
5674	izbrisati	to delete, erase	/ǐzbrisati/
5675	potok	brook, stream	/pǒtok/
5676	časnik	officer	/t͡ʃâːsniːk/
5677	muza	muse	/mǔːza/
5678	odvojiti	to separate, set apart, sunder, cut off	/odʋǒjiti/
5679	provaliti	to break into	/proʋǎːliti/
5680	majstore	master	/ˈmɑjstorɛ/
5681	zapadni	western	/zâːpadniː/
5682	nosač	porter, bearer, carrier	/nǒsaːt͡ʃ/
5683	cijev	tube	/t͡sjêːʋ/
5684	bakterija	bacterium	/bǎkteːrija/
5685	isplatiti	to pay, pay off	/isplǎːtiti/
5686	boljih	masculine/feminine/neuter genitive plural of bolji	/ˈboʎɪh/
5687	barut	gunpowder	/bǎːrut/
5688	prethodnih	previous, earlier	/ˈprɛthodnɪh/
5689	gaj	grove	/ɡâːj/
5690	šalila	to joke; to joke around	/ˈʃalɪlɐ/
5691	kukuruza	cornbread	/kukurǔːza/
5692	teleskop	telescope	/têleskop/
5693	kobasica	sausage	/kobǎsit͡sa/
5694	trajao	to last, continue	/ˈtrɑjɐo/
5695	upad	invasion, intrusion, incursion	/ǔpad/
5696	grofica	countess	/ˈɡrofɪtsɐ/
5697	dijagnozu	diagnosis	/ˈdijɐɡˌnozʊ/
5698	dvorcu	castle	/ˈdvortsʊ/
5699	poezija	poetry	/pǒeːzija/
5700	slugu	servant	/ˈsluɡʊ/
5701	unatoč	despite, in spite of	/unǎːtot͡ʃ/
5702	stranom	side	/ˈstranom/
5703	kal	mud	/kâːl/
5704	deliš	to divide, separate	/ˈdɛlɪʃ/
5705	luksuz	luxury	/ˈluksʊz/
5706	homoseksualac	a gay person, homosexual	/ˈxomoˌsɛksʊˌɐlɐts/
5707	olakšati	to facilitate	/olǎkʃati/
5708	psihološki	psychologically	/psixǒloʃkiː/
5709	repa	turnip	/ˈrɛpɐ/
5710	ulov	catch, bag	/ǔːloʋ/
5711	propalo	to fall through, fall into, sink	/ˈpropɐlo/
5712	prime	to receive, get	/ˈprimɛ/
5713	grebena	reef	/ˈɡrɛbɛnɐ/
5714	čule	to hear	/ˈtʃulɛ/
5715	unatrag	back, backwards	/ǔnatraːɡ/
5716	nesumnjivo	undoubtedly	/nesǔmɲiʋo/
5717	žalosno	sadly, mournfully	/ʒâlosno/
5718	varala	to cheat, deceive, trick, swindle	/ˈvɑrɐlɐ/
5719	bicikla	bicycle	/ˈbitsɪklɐ/
5720	elegantno	elegantly	/eleɡǎntno/
5721	obiteljski	as a family	/obǐːteʎskiː/
5722	pecivo	bun, pastry	/pêt͡siːʋo/
5723	glavobolja	headache	/ɡlaʋǒboʎa/
5724	obrve	eyebrow	/ˈobrvɛ/
5725	zeta	zeta; the Greek letter Ζ, ζ	/ˈzɛtɐ/
5726	razmotriti	to examine, inspect, consider in detail	/razmǒtriti/
5727	ki	which, that, who	/ˈki/
5728	trinaest	thirteen	/ˈtrinɐɛst/
5729	robova	slave	/ˈrobovɐ/
5730	moda	fashion	/mǒːda/
5731	živom	mercury	/ˈʒivom/
5732	projektil	projectile	/projěktiːl/
5733	suzama	tear	/ˈsuzɐmɐ/
5734	nekoć	once, formerly, erstwhile	/nêkoːt͡ɕ/
5735	mršav	thin, lean	/mr̂ʃaʋ/
5736	otkuda	whence, from where	/ǒtkuda/
5737	bijes	rage	/bijêːs/
5738	predsednica	female chairperson	/ˈprɛtsɛdˌnɪtsɐ/
5739	velikodušan	generous	/ʋelikǒduʃan/
5740	plač	cry	/plât͡ʃ/
5741	smestiti	to put, place into appropriate position	/smêstiti/
5742	ocean	ocean	/ot͡sěaːn/
5743	vrela	hot, boiling	/ˈvrɛlɐ/
5744	kišobran	umbrella	/kîʃobraːn/
5745	predomisliti	to change one's mind, to reconsider	/predǒmisliti/
5746	brik	brig	/ˈbrik/
5747	vrhuncu	top, culmination, climax, height	/ˈvrhuntsʊ/
5748	šesnaest	sixteen	/ˈʃɛsnɐɛst/
5749	obrane	defense	/ˈobrɐnɛ/
5750	različito	differently, dissimilarly	/rǎːzlit͡ʃito/
5751	arhitekta	architect	/ˈɑrhɪˌtɛktɐ/
5752	originalno	originally	/ôriɡinaːlno/
5753	plima	high tide	/plǐːma/
5754	metafora	metaphor	/metǎfora/
5755	naljutiti	to be mad at, become angry	/naʎǔːtiti/
5756	reagovati	to react	/rěaɡoʋati/
5757	sluh	hearing	/slûːx/
5758	zakleti	to swear	/zǎkleːti/
5759	sitna	tiny, small	/ˈsitnɐ/
5760	presude	verdict	/ˈprɛsʊdɛ/
5761	mrtvac	a dead person; corpse	/mř̩tʋat͡s/
5762	magnet	a magnet	/mǎɡneːt/
5763	dižite	to lift, raise, elevate	/ˈdiʒɪtɛ/
5764	taktika	tactics	/tǎktika/
5765	dijeliti	to divide, separate	/djěːliti/
5766	razdvojiti	to separate, set apart	/razdʋǒjiti/
5767	vrijednost	value	/ʋrjěːdnoːst/
5768	odseći	to cut off	/ǒdset͡ɕi/
5769	zrno	grain	/zr̂no/
5770	žuto	yellow	/ˈʒuto/
5771	vrlina	virtue	/ʋrlǐna/
5772	minimum	minimum	/mǐnimum/
5773	trauma	trauma	/trǎuma/
5774	određen	certain	/ǒdreːd͡ʑen/
5775	topi	to melt	/ˈtopɪ/
5776	djevojci	girl, maiden	/ˈdjevojtsɪ/
5777	častan	honorable	/t͡ʃâstan/
5778	vesela	happy, cheerful, merry	/ˈvɛsɛlɐ/
5779	ubo	to sting, prick	/ˈubo/
5780	mati	mother	/mâti/
5781	mera	measure	/mêra/
5782	značajan	significant	/znât͡ʃaːjan/
5783	veran	faithful, loyal	/ʋěːran/
5784	marke	stamp, label	/mǎrke/
5785	srž	essence	/sr̩̂ːʒ/
5786	prazni	empty, vacant	/ˈpraznɪ/
5787	grčki	in a Greek manner, as a Greek	/ɡr̩̂t͡ʃkiː/
5788	svećenik	priest	/sʋět͡ɕeniːk/
5789	investicija	investment	/inʋestǐːt͡sija/
5790	sivi	grey	/ˈsivɪ/
5791	vježbati	to practise, drill, train	/ʋjêʒbati/
5792	veterinar	veterinarian, vet	/ʋeterǐnaːr/
5793	čokoladni	chocolate	/t͡ʃôkolaːdniː/
5794	nemac	German	/něːmat͡s/
5795	mjestima	place	/ˈmjestɪmɐ/
5796	ratova	war	/ˈratovɐ/
5797	tjedno	weekly	/tjêdno/
5798	maksimalno	maximally	/mâksimaːlno/
5799	opsesija	obsession	/opsěsija/
5800	odvući	to draw away, haul away, tug away	/odʋǔːt͡ɕi/
5801	softver	software	/sôftʋeːr/
5802	gusto	densely	/ɡûːsto/
5803	minuti	to pass, pass by	/mǐːnuti/
5804	sire	to curdle, coagulate	/ˈsirɛ/
5805	svjetlost	light	/sʋjêtloːst/
5806	postaja	a station	/pôstaja/
5807	doživotno	lifelong	/dôʒiʋotno/
5808	greben	reef	/ɡrêbeːn/
5809	remi	rummy	/ˈrɛmɪ/
5810	lonac	pot	/lǒnat͡s/
5811	beskrajno	endlessly	/bêskraːjno/
5812	palica	bat	/pâlit͡sa/
5813	središte	center	/srêdiːʃte/
5814	striptizeta	stripper	/striptizěta/
5815	redak	rare	/rěːdak/
5816	mamina	feminine nominative/vocative singular	/ˈmamɪnɐ/
5817	osobina	feature, characteristic	/osobǐna/
5818	fokus	focus	/fǒːkus/
5819	izlečiti	to heal, cure	/izlěːt͡ʃiti/
5820	kriti	to hide, conceal	/krîti/
5821	kockar	gambler	/kôt͡skaːr/
5822	stvarčica	little thing	/ˈstvɑrtʃɪtsɐ/
5823	skrenuti	to turn, take another direction	/skrěːnuti/
5824	losa	genitive/accusative singular of lȍs	/ˈlosɐ/
5825	ukusan	tasteful	/ǔkusan/
5826	mozgom	brain	/ˈmozɡom/
5827	sumrak	dusk, twilight	/sûmraːk/
5828	izjavio	to state, declare, express	/ˈizjɐˌvɪo/
5829	sprej	spray	/sprêj/
5830	skupiti	to gather, collect, assemble, congregate	/skûpiti/
5831	gradovi	city, town	/ˈɡradovɪ/
5832	nakaze	freak, monster	/ˈnakɐzɛ/
5833	orman	ambry, closet, wardrobe	/ǒrmaːn/
5834	plašili	to frighten, scare	/ˈplaʃɪlɪ/
5835	imovina	fortune, property	/ˈimoˌvɪnɐ/
5836	monitor	monitor	/mǒnitor/
5837	suv	dry, dried	/sûːʋ/
5838	slaviti	to celebrate, glorify	/slâʋiti/
5839	masovno	massively	/mâsoːʋno/
5840	sirotište	orphanage	/ˈsiroˌtɪʃtɛ/
5841	drugove	friend	/drûɡoʋe/
5842	glasnik	messenger, herald	/ɡlâːsniːk/
5843	poludeti	to go mad, go crazy	/polǔːdeti/
5844	zarobljenik	captive	/zarobʎěniːk/
5845	navijačica	fan	/naʋijǎt͡ʃit͡sa/
5846	predložiti	to propose, suggest	/predlǒʒiti/
5847	krajnji	furthest, outermost, extreme, last, utmost	/krâːjɲiː/
5848	strele	arrow	/ˈstrɛlɛ/
5849	sišla	to descend, get down, come down	/ˈsiʃlɐ/
5850	kopati	to dig	/kǒpati/
5851	usrano	shitty	/ûsraːno/
5852	samac	single man, bachelor	/sǎːmat͡s/
5853	ranim	early	/ˈranɪm/
5854	okupi	to gather, assemble, rally	/ˈokʊpɪ/
5855	masakr	massacre	/masǎkr̩/
5856	nikud	nowhere, nowhither	/nîkud/
5857	granata	grenade, hand grenade	/ɡranǎːta/
5858	razneti	to carry off	/rǎzneːti/
5859	uzvratiti	to return; repay; reciprocate; counter	/ˈuzvrɐˌtɪtɪ/
5860	ponavljati	to repeat	/ponǎːʋʎati/
5861	beta	beta, the Greek letter, Β, β	/bêta/
5862	bacaj	second-person singular imperative of bacati	/ˈbatsɑj/
5863	upale	inflammation, pneumonia	/ˈupɐlɛ/
5864	četa	troop, squad, host	/t͡ʃêta/
5865	spasu	to fall down	/ˈspasʊ/
5866	tačne	exact, accurate	/ˈtatʃnɛ/
5867	zadržavati	to keep, retain, withhold	/zadr̩ʒǎːʋati/
5868	ozlijeđen	injured, wounded	/ǒzlijeːd͡ʑen/
5869	smera	direction, course	/ˈsmɛrɐ/
5870	fraza	phrase	/ˈfrazɐ/
5871	pedera	a gay person, homosexual; faggot, homo, queer	/ˈpɛdɛrɐ/
5872	ekonomija	economy	/ˈɛkoˌnomɪjɐ/
5873	jezgra	core, nucleus	/jěːzɡra/
5874	kamenom	stone	/ˈkamɛnom/
5875	izbjeći	to avoid	/ǐzbjet͡ɕi/
5876	površina	surface	/pôʋr̩ʃina/
5877	deliti	to divide, separate	/děːliti/
5878	susjedi	neighbor	/ˈsusjedɪ/
5879	praznina	emptiness, vacancy	/praznǐna/
5880	imidž	image	/ˈimɪdʒ/
5881	stadion	stadium	/ˈstadɪon/
5882	ležiš	to lie, recline	/ˈlɛʒɪʃ/
5883	pozivnica	invitation card	/ˈpozɪvˌnɪtsɐ/
5884	ukrcavanje	verbal noun of ukrcavati impf: loading, embarkation,…	/ukr̩t͡sǎːʋaːɲe/
5885	vojnom	military campaign	/ˈvojnom/
5886	kuku	woe	/kûkuː/
5887	truplo	corpse	/trǔːplo/
5888	savezni	federal, allied, confederate	/sǎːʋezniː/
5889	bace	to throw, cast	/ˈbatsɛ/
5890	kiselina	acid	/kiselǐna/
5891	odbrojavanje	countdown	/ˈodbroˌjɐvɐɲe/
5892	vol	ox	/ʋôːl/
5893	krivnja	guilt, blame, fault	/krǐːʋɲa/
5894	stupnjeva	degree	/ˈstupɲevɐ/
5895	plavim	blue	/ˈplavɪm/
5896	ručni	hand; manual	/rût͡ʃniː/
5897	mjesecu	moon	/ˈmjesɛtsʊ/
5898	pravima	right	/ˈpravɪmɐ/
5899	spasti	to fall down	/spâsti/
5900	kabinet	workroom	/ˈkabɪnɛt/
5901	teksta	genitive singular of tȅkst	/têksta/
5902	mijenjati	to change	/mijěːɲati/
5903	zrna	grain	/ˈzrna/
5904	naopačke	upside down	/nâopat͡ʃkeː/
5905	vječno	eternally, for ever	/ʋjêt͡ʃno/
5906	begunac	fugitive	/beɡǔːnat͡s/
5907	nekamo	somewhere	/nêkamo/
5908	leći	to lie down	/ˈlɛtɕɪ/
5909	osamnaest	eighteen	/ˈosɐmˌnɐɛst/
5910	gangster	gangster	/ɡǎnɡster/
5911	isprati	to rinse out, wash out	/ǐsprati/
5912	mrzimo	to hate	/ˈmrzimo/
5913	ujeo	to bite	/ˈujeo/
5914	plafon	ceiling	/ˈplafon/
5915	bankar	banker	/bǎnkaːr/
5916	primim	to receive, get	/ˈprimɪm/
5917	klincima	kid, child	/ˈklintsɪmɐ/
5918	debeljko	fatty, fatso	/deběːʎko/
5919	depozit	deposit	/dêpoziːt/
5920	drzak	impudent, insolent, cheeky	/dr̂zak/
5921	laser	laser	/lâser/
5922	delili	to divide, separate	/ˈdɛlɪlɪ/
5923	otraga	at the back, in the back	/otrǎːɡa/
5924	seljak	peasant, farmer	/sěʎaːk/
5925	povećanje	increase	/ˈpovɛtˌɕɐɲe/
5926	ratovi	war	/ˈratovɪ/
5927	zrakoplov	aircraft	/zrâkoploːʋ/
5928	komora	larder, pantry, closet, boxroom or utility room	/kǒmora/
5929	bacati	imperfective form of báciti	/bǎt͡sati/
5930	završni	final, concluding, last	/zǎːʋrʃniː/
5931	amerikanka	American	/amerǐkaːnka/
5932	nogomet	football, soccer	/nôɡomeːt/
5933	izvršni	executive	/ǐzʋrʃniː/
5934	kinez	Chinese	/kǐneːz/
5935	grobnica	tomb, sepulchre	/ɡrôbnit͡sa/
5936	makro	pimp	/mǎkroː/
5937	suče	judge	/ˈsutʃɛ/
5938	izviniti	to apologize	/izʋǐːniti/
5939	siđem	to descend, get down, come down	/ˈsidʑɛm/
5940	lepak	glue	/lěːpak/
5941	snijeg	snow	/snjêːɡ/
5942	zločinac	criminal	/zlǒt͡ʃinat͡s/
5943	petom	heel	/ˈpɛtom/
5944	pretvarala	to turn into, to transform, to change	/ˈprɛtvɑˌrɐlɐ/
5945	metkom	bullet	/ˈmɛtkom/
5946	agresivan	aggressive, offensive	/âɡresiːʋan/
5947	provoditi	to lead, guide, take	/proʋǒditi/
5948	komedija	comedy	/kǒmeːdija/
5949	bunker	bunker	/bǔnker/
5950	republika	republic	/repǔblika/
5951	nit	thread	/nîːt/
5952	uputiti	to send	/upǔːtiti/
5953	upalu	inflammation, pneumonia	/ˈupɐlʊ/
5954	nesretan	unhappy	/něsretan/
5955	plesala	to dance	/ˈplɛsɐlɐ/
5956	tanka	thin	/ˈtaŋkɐ/
5957	ustanova	institution	/ûstanoʋa/
5958	jelen	male deer, buck, stag	/jělen/
5959	pomaknuti	to move	/pomǎknuti/
5960	kuhati	to cook	/kûxati/
5961	vala	truthfully, honestly	/ʋǎlaː/
5962	podsetnik	reminder	/pǒdsetniːk/
5963	kula	tower	/kǔːla/
5964	ocima	father	/ˈotsɪmɐ/
5965	abortus	miscarriage	/abǒrtus/
5966	zamjenik	substitute, replacement	/zâːmjeniːk/
5967	novembar	November	/nǒʋeːmbar/
5968	znatno	considerably, substantially	/znâtno/
5969	dostava	delivery	/dôstaʋa/
5970	smireno	calmly, serenely	/smîːreno/
5971	poniženje	humiliation	/poniʒěːɲe/
5972	otvorenog	open, opened, uncovered	/ˈotvoˌrɛnoɡ/
5973	služavka	servant	/ˈsluʒɐfkɐ/
5974	sirup	syrup	/sǐrup/
5975	delovati	to work, perform, function, operate	/dêloʋati/
5976	grašak	pea	/ɡrǎːʃak/
5977	novinarka	journalist	/nôʋinaːrka/
5978	ženiš	to marry	/ˈʒɛnɪʃ/
5979	ponijeti	to take, bring along	/ˈponɪˌjetɪ/
5980	tužba	charges, accusation	/tǔʒba/
5981	znatiželjan	curious	/znâtiʒeːʎan/
5982	manjak	lack, shortage, deficiency	/mǎːɲak/
5983	blog	blog	/ˈbloɡ/
5984	osloniti	to lean	/oslǒniti/
5985	očuh	stepfather	/ˈotʃʊh/
5986	nebeski	celestial, heavenly	/neběskiː/
5987	koren	root	/kôreːn/
5988	globalno	globally	/ɡlǒbaːlno/
5989	sedativ	sedative	/sedǎtiːʋ/
5990	blagom	mild, gentle, soft, slight	/ˈblaɡom/
5991	decembar	December	/dět͡seːmbar/
5992	sklon	to be favorable towards	/sklôn/
5993	navesti	to embroider, sew, stitch	/nǎʋeːsti/
5994	metoda	method	/ˈmɛtodɐ/
5995	stado	herd, flock	/ˈstado/
5996	malik	master, ruler	/mǎlik/
5997	paze	to beware, watch out, be careful	/ˈpazɛ/
5998	ljutnje	anger	/ˈʎutɲe/
5999	rimski	Roman	/rîːmskiː/
6000	integritet	integrity	/ˈintɛˌɡrɪtɛt/
6001	scenarij	scenario, screenplay	/st͡sěnaːriːj/
6002	pogrešku	fault	/ˈpoɡrɛʃkʊ/
6003	izdaleka	from afar, from far away	/izdalěka/
6004	poredak	arrangement, ordering, order, system	/pǒredak/
6005	poslepodne	afternoon	/ˈposlɛˌpodnɛ/
6006	gurnuti	to push on, thrust, hustle	/ɡûrnuti/
6007	organizam	organism	/orɡanǐzam/
6008	prirodan	natural	/prǐːrodan/
6009	školovanje	schooling, education	/ʃkôloʋaːɲe/
6010	slabić	weakling	/slǎbiːt͡ɕ/
6011	lokalnom	local	/ˈlokɐlnom/
6012	stenu	rock	/ˈstɛnʊ/
6013	adrenalin	adrenaline	/adrenǎliːn/
6014	volt	volt	/ˈvolt/
6015	maslac	butter	/mâslat͡s/
6016	duvan	tobacco	/dǔʋaːn/
6017	medvedi	bear	/ˈmɛdvɛdɪ/
6018	stranka	party	/strânka/
6019	hladi	to cool	/ˈxladɪ/
6020	ograda	fence, enclosure	/ôɡrada/
6021	konjica	cavalry	/kôɲit͡sa/
6022	izreka	saying, maxim	/îzreka/
6023	lovom	hunt, hunting	/ˈlovom/
6024	uporan	persistent, determined	/ûpoːran/
6025	osmijeh	smile	/ˈosmɪjeh/
6026	sova	owl	/sǒːʋa/
6027	uveo	alternative form of uvènuo	/ǔʋeo/
6028	pomoćni	auxiliary	/pǒmot͡ɕniː/
6029	vežbanje	practice	/ˈvɛʒbɐɲe/
6030	redova	row	/ˈrɛdovɐ/
6031	konac	end	/kǒnat͡s/
6032	kormilo	helm, rudder	/kǒrmilo/
6033	pevačica	singer	/peʋǎt͡ʃit͡sa/
6034	maksimum	maximum	/mǎksimum/
6035	nizbrdo	downhill	/nîzbrdo/
6036	gi	them	/ɡi/
6037	prihvatljivo	acceptably	/prixʋǎtʎiʋo/
6038	pređu	yarn	/ˈprɛdʑʊ/
6039	jul	alternative spelling of jȗli, the month of July	/ˈjul/
6040	ljubomora	jealousy	/ʎubǒmora/
6041	donositi	to bring, carry	/donǒsiti/
6042	oblacima	cloud	/ˈoblɐtˌsɪmɐ/
6043	bedni	poor, destitute	/ˈbɛdnɪ/
6044	bajka	fairy tale	/bâːjka/
6045	tablica	tablet, slate	/tǎblit͡sa/
6046	veri	to engage	/ˈvɛrɪ/
6047	umjetnik	artist	/ǔmjetniːk/
6048	mladunče	animal young	/mladǔːnt͡ʃe/
6049	komplikacija	complication	/komplikǎːt͡sija/
6050	straga	from behind	/strǎːɡa/
6051	ruskom	Russian	/ˈruskom/
6052	moralno	morally	/mǒraːlno/
6053	ugroziti	to imperil, endanger	/uɡrǒziti/
6054	naredi	to order	/ˈnɑrɛdɪ/
6055	ponio	to take, bring along	/ˈponɪo/
6056	luna	moon	/lǔːna/
6057	očev	paternal	/ǒt͡ʃeʋ/
6058	kardinal	cardinal	/kardǐnaːl/
6059	ograničen	limited, bounded, confined	/oɡrǎnit͡ʃen/
6060	mjere	measure	/ˈmjerɛ/
6061	lovim	to hunt	/ˈlovɪm/
6062	krasan	beautiful, pretty	/ˈkrasɐn/
6063	zaspiš	to fall asleep	/ˈzaspɪʃ/
6064	kolo	wheel	/kôlo/
6065	limuzina	limousine	/limuzǐːna/
6066	kanjon	canyon	/kǎɲoːn/
6067	igranja	genitive singular of igranje	/ˈiɡrɐɲɐ/
6068	niska	array	/nîska/
6069	uklopiti	to put in, to fit in	/ˈukloˌpɪtɪ/
6070	daska	board, plank	/dǎska/
6071	dugim	long	/ˈduɡɪm/
6072	čistač	cleaner	/t͡ʃǐstaːt͡ʃ/
6073	foto	photo, photograph	/fôto/
6074	pregovarati	to negotiate	/preɡoʋǎːrati/
6075	niži	low	/ˈniʒɪ/
6076	proširiti	to broaden, widen	/proʃǐːriti/
6077	nemoguć	impossible	/nêmoɡuːt͡ɕ/
6078	medena	made with honey	/ˈmɛdɛnɐ/
6079	polici	shelf	/ˈpolɪtsɪ/
6080	nezamislivo	inconceivably, unimaginably, unthinkably	/nezamǐsliʋo/
6081	lisicama	vixen	/ˈlisɪtˌsɐmɐ/
6082	logika	logic	/ˈloɡɪkɐ/
6083	krenule	to move, set in motion	/ˈkrɛnʊlɛ/
6084	porukom	message	/ˈporʊkom/
6085	gradić	a small city	/ˈɡradɪtɕ/
6086	platno	linen	/plǎːtno/
6087	odigrati	to play a game, match, or role to completion	/ǒdiɡrati/
6088	ljubaznost	kindness	/ʎûbaznoːst/
6089	stvor	being, creature, especially in a sense opposed to God as…	/stʋôːr/
6090	suncem	sun	/ˈsuntsɛm/
6091	koješta	various things, all sorts of things	/kojěʃta/
6092	prebiti	to beat up	/prěbiti/
6093	uznemiravati	to disturb, upset, bother, trouble	/uznemirǎːʋati/
6094	alternativa	alternative	/ˈaltɛrˌnɐtɪvɐ/
6095	zaspi	to fall asleep	/ˈzaspɪ/
6096	negu	care, nursing	/ˈnɛɡʊ/
6097	ruž	lipstick	/ˈruʒ/
6098	nejasno	vaguely, unclearly	/nějasno/
6099	batina	club	/bǎtina/
6100	počistiti	to clean	/pǒt͡ʃistiti/
6101	izneo	to carry out, take out	/ˈiznɛo/
6102	grci	Greek	/ˈɡrtsi/
6103	ventil	valve	/ʋěntiːl/
6104	semestar	semester	/sěmestar/
6105	mešati	to mix, blend, mingle	/měːʃati/
6106	sjećanje	memory, reminiscence	/ˈsjetɕɐɲe/
6107	dramatično	dramatically	/dramǎtit͡ʃno/
6108	žaljenje	regret	/ʒâʎeːɲe/
6109	raskid	breaking, termination	/ˈraskɪd/
6110	jes	yes!, yeah!	/jês(ː)/
6111	ravna	straight, right	/ˈravnɐ/
6112	sidro	anchor	/sîdro/
6113	nezavisnost	independence	/nezǎːʋisnoːst/
6114	udarati	to physically strike, to hit	/ǔdarati/
6115	trezor	safe, vault	/trězoːr/
6116	progutati	to swallow	/proɡǔtati/
6117	babu	grandmother	/ˈbabʊ/
6118	djelovati	to work, function, operate	/djêloʋati/
6119	mlado	young	/ˈmlado/
6120	malen	small	/mǎlen/
6121	buket	bouquet	/bǔkeːt/
6122	skalpel	scalpel	/skǎlpel/
6123	funta	pound	/fûːnta/
6124	svjetski	globally, worldly, earthly	/sʋjětskiː/
6125	parada	parade	/parǎːda/
6126	plesali	to dance	/ˈplɛsɐlɪ/
6127	medo	bear	/ˈmɛdo/
6128	nagon	instinct	/nǎːɡon/
6129	siledžija	ruffian, bully, rowdy	/silěd͡ʒija/
6130	kak	how	/ˈkak/
6131	obrana	defense	/ôbrana/
6132	napast	temptation	/nǎːpast/
6133	rodu	gender	/ˈrodʊ/
6134	sportu	sport	/ˈsportʊ/
6135	vetru	wind	/ˈvɛtrʊ/
6136	šila	awl	/ˈʃilɐ/
6137	filozofija	philosophy	/ˈfiloˌzofɪjɐ/
6138	svečano	solemnly, formally	/sʋět͡ʃano/
6139	avenija	avenue	/avěːnija/
6140	knjigom	book	/ˈkɲiɡom/
6141	ravan	straight, right	/rǎːʋan/
6142	jasni	clear, limpid	/ˈjasnɪ/
6143	upravitelj	administrator, manager	/uprǎʋiteʎ/
6144	plaću	pay	/ˈplatɕʊ/
6145	spora	slow	/ˈsporɐ/
6146	doveka	forever, always	/dôʋeːka/
6147	hladnjak	refrigerator	/xlâːdɲaːk/
6148	praksu	usage, use, practice	/ˈpraksʊ/
6149	izložba	exhibit	/ǐzloʒba/
6150	pogreške	fault	/ˈpoɡrɛʃkɛ/
6151	letelica	flying machine; aircraft or spacecraft	/lětelit͡sa/
6152	bježati	to flee, run away	/bjěʒati/
6153	dimenzija	dimension	/ˈdimɛnˌzɪjɐ/
6154	preskočiti	to jump over, to jump across	/preskǒt͡ʃiti/
6155	prilagoditi	to adapt, adjust, accommodate	/prilaɡǒditi/
6156	potpredsednik	vice president	/potprěːdsedniːk/
6157	seče	to cut, chop, chip, hew	/ˈsɛtʃɛ/
6158	karavan	caravan	/karǎʋaːn/
6159	mišić	muscle	/mǐʃiːt͡ɕ/
6160	zezati	tease	/zêzati/
6161	lagan	light	/lâɡan/
6162	sultan	sultan	/sǔltaːn/
6163	sastojak	ingredient	/sǎːstojak/
6164	veseo	happy, cheerful, merry	/ʋêseo/
6165	žurite	to hurry, rush	/ˈʒurɪtɛ/
6166	afera	scandal	/afěːra/
6167	telohranitelj	bodyguard	/teloxrǎniteʎ/
6168	progovoriti	to start to talk, speak	/proɡoʋǒriti/
6169	ubod	sting, stab, prick	/ǔːbod/
6170	stabilno	stably	/stâbiːlno/
6171	konvoj	convoy	/kǒnʋoj/
6172	govoru	speech	/ˈɡovorʊ/
6173	plovi	third-person singular present	/ˈplovɪ/
6174	peru	to wash	/ˈpɛrʊ/
6175	posluga	servants	/pôsluɡa/
6176	stradati	to suffer	/strǎːdati/
6177	eventualno	possibly, conceivably	/êʋentuaːlno/
6178	prasak	crack, bang	/prâːsak/
6179	spasla	to fall down	/ˈspaslɐ/
6180	skriven	clandestine	/skrǐʋen/
6181	žutu	yellow	/ˈʒutʊ/
6182	invazija	invasion	/ǐnʋaːzija/
6183	opak	wicked, evil	/ôpaːk/
6184	posjeduje	to own, possess	/ˈposjeˌdʊje/
6185	poduhvat	project, undertaking	/pôduxʋat/
6186	uvredljivo	insultingly	/uʋrědʎiʋo/
6187	anonimno	anonymously	/ânoniːmno/
6188	mantil	coat	/mǎntiːl/
6189	bezobrazan	impudent, insolent	/bezǒbrazan/
6190	umete	to know how	/ˈumɛtɛ/
6191	rođendanski	birthday	/rôd͡ʑendaːnskiː/
6192	karmin	lipstick	/ˈkɑrmɪn/
6193	posvetiti	to dedicate	/posʋěːtiti/
6194	studente	student	/ˈstudɛntɛ/
6195	disciplina	discipline	/dist͡siplǐːna/
6196	vojno	armed forces; military	/ˈvojno/
6197	povod	motive, reason	/pǒʋod/
6198	studenta	student	/ˈstudɛntɐ/
6199	spasenje	salvation, rescue	/ˈspasɛɲe/
6200	sobarica	valet	/ˈsobɑˌrɪtsɐ/
6201	organ	organ	/ǒrɡaːn/
6202	istočni	eastern	/ǐstot͡ʃniː/
6203	slala	to send	/ˈslalɐ/
6204	posedu	possession, ownership	/ˈposɛdʊ/
6205	posmatrati	to observe, to watch	/posmǎːtrati/
6206	vito	to twist	/ˈvito/
6207	iseći	to cut	/ǐset͡ɕi/
6208	zajebavati	to tease, fuck around, jerk around	/zajebǎːʋati/
6209	astronaut	astronaut	/astronǎut/
6210	peć	furnace	/ˈpɛtɕ/
6211	poraza	defeat	/ˈporɐzɐ/
6212	sporta	sport	/ˈsportɐ/
6213	instruktor	instructor	/ǐnstruktor/
6214	uredno	tidily, neatly	/ûredno/
6215	trajala	to last, continue	/ˈtrɑjɐlɐ/
6216	građane	citizen	/ˈɡradʑɐnɛ/
6217	pratilac	escort	/prǎtilat͡s/
6218	čistiti	to clean	/t͡ʃîstiti/
6219	baj	to tell fortunes	/ˈbɑj/
6220	kesa	pouch	/kêsa/
6221	dodirnuti	to touch	/dodǐːrnuti/
6222	veže	to bind, fasten, tie	/ˈvɛʒɛ/
6223	zabiti	to hammer in, pound in, drive in	/zǎbiti/
6224	sjever	north	/sjêʋeːr/
6225	izmet	excrement	/ǐzmet/
6226	vlasnica	owner	/ʋlâːsnit͡sa/
6227	repom	tail	/ˈrɛpom/
6228	obići	to circle, go around	/obǐːt͡ɕi/
6229	dara	gift	/ˈdɑrɐ/
6230	zamci	fortress, castle	/ˈzamtsɪ/
6231	strujom	electricity	/ˈstrujom/
6232	vukao	to drag, draw, pull	/ˈvukɐo/
6233	hrišćanin	Christian	/xrǐʃt͡ɕanin/
6234	uha	ear	/ˈuhɐ/
6235	obračun	confrontation, clash, fight	/ôbrat͡ʃuːn/
6236	krupan	large, big, voluminous	/krǔːpan/
6237	objavila	to proclaim, declare, announce	/ˈobjɐˌvɪlɐ/
6238	sveća	candle	/sʋěːt͡ɕa/
6239	spominjati	to mention	/spǒmiɲati/
6240	dovršiti	to complete, finish	/doʋřːʃiti/
6241	ćutim	to be silent, to shut up	/ˈtɕutɪm/
6242	nepravedno	unjustly, unfairly	/nêpraʋedno/
6243	seminar	seminar	/semǐnaːr/
6244	ustav	constitution	/ûstaːʋ/
6245	prihod	income, revenue	/prǐːxod/
6246	odlučeno	to decide	/ˈodlʊtˌʃɛno/
6247	siđe	to descend, get down, come down	/ˈsidʑɛ/
6248	formula	rule	/ˈformʊlɐ/
6249	poteškoća	difficulty, trouble	/poteʃkǒt͡ɕa/
6250	transfer	transport	/trǎnsfeːr/
6251	venama	vein	/ˈvɛnɐmɐ/
6252	kometa	comet	/koměːta/
6253	istraživač	explorer	/istraʒǐʋaːt͡ʃ/
6254	verena	to engage	/ˈvɛrɛnɐ/
6255	siva	grey	/ˈsivɐ/
6256	doznati	to find out	/dǒznati/
6257	lažljivac	liar	/lǎʒʎiʋat͡s/
6258	snimljen	to photograph	/ˈsnimʎen/
6259	dekan	dean	/děkaːn/
6260	gadne	ugly, disgusting, repulsive	/ˈɡadnɛ/
6261	bacač	thrower	/bǎt͡saːt͡ʃ/
6262	padati	to fall	/pâdati/
6263	kult	cult	/kûlt/
6264	mekan	soft, tender	/mêkan/
6265	našle	to find, discover	/ˈnaʃlɛ/
6266	širok	broad, wide	/ʃǐrok/
6267	učinak	effect	/ǔt͡ʃinak/
6268	obesiti	to hang	/ǒbesiti/
6269	poreći	to deny	/pǒret͡ɕi/
6270	mudra	wise	/ˈmudrɐ/
6271	skupina	group	/skûpina/
6272	odgovarajući	corresponding	/odɡoʋǎːrajuːt͡ɕiː/
6273	audicija	audition	/audǐːt͡sija/
6274	psihički	psychically	/psǐxit͡ʃkiː/
6275	vešt	able, skillful	/ʋêʃt/
6276	naviknuti	to accustom, habituate, adjust to	/nǎʋiknuti/
6277	koči	to brake	/ˈkotʃɪ/
6278	medicina	medicine	/medit͡sǐːna/
6279	gnev	wrath, fury, anger	/ˈɡnɛv/
6280	održavati	to preserve, maintain, keep	/odr̩ʒǎːʋati/
6281	posedovanje	owning, possessing	/ˈposɛˌdovɐɲe/
6282	nevino	innocently	/nêʋiːno/
6283	grana	branch	/ɡrǎːna/
6284	italijan	Italian	/italǐjaːn/
6285	krik	scream, cry	/krîːk/
6286	poboljšati	to improve	/pobǒʎʃati/
6287	taksista	taxi driver, cab driver	/ˈtaksɪstɐ/
6288	začas	in a minute, in a moment, right away	/zǎt͡ʃas/
6289	slali	to send	/ˈslalɪ/
6290	jastuka	pillow	/ˈjastʊkɐ/
6291	uputstvo	instruction, manual, directions	/upǔtstʋo/
6292	lutalica	wanderer	/lǔːtalit͡sa/
6293	bolesnik	a patient, a sick man	/bolěsniːk/
6294	opaki	wicked, evil	/ˈopɐkɪ/
6295	sredina	middle	/sredǐna/
6296	sedamnaest	seventeen	/ˈsɛdɐmˌnɐɛst/
6297	patku	drake	/ˈpatkʊ/
6298	prespavati	to sleep over	/prespǎːʋati/
6299	gvožđe	iron	/ɡʋôːʒd͡ʑe/
6300	neprekidno	constantly, continuously, uninterruptedly	/nêprekiːdno/
6301	poteza	stroke, move	/ˈpotɛzɐ/
6302	pokolj	massacre, slaughter	/pǒkoʎ/
6303	džoint	joint	/d͡ʒǒint/
6304	zaključati	to lock	/zakʎǔt͡ʃati/
6305	formalno	formally	/fǒrmaːlno/
6306	bubu	bug	/ˈbubʊ/
6307	kongresmen	congressman	/kǒnɡresmen/
6308	bakšiš	tip	/bǎkʃiʃ/
6309	nevjerojatan	improbable, implausible, unlikely	/neʋjerǒjatan/
6310	zavisnost	dependence	/zǎːʋisnoːst/
6311	gitara	guitar	/ˈɡitɑrɐ/
6312	smrtonosno	lethally, fatally, mortally	/smrtǒnosno/
6313	vereni	to engage	/ˈvɛrɛnɪ/
6314	mešavina	mixture	/měʃaʋina/
6315	gama	gamma, the Greek letter Γ, γ	/ɡâma/
6316	jamu	excavation, hole, cavity	/ˈjamʊ/
6317	tehničar	technician	/těxnit͡ʃaːr/
6318	jedinstveno	uniquely	/jedǐnstʋeno/
6319	molili	to ask, request, beg	/ˈmolɪlɪ/
6320	indijski	in an Indian manner, as an Indian	/ǐndiːjskiː/
6321	kozu	goat	/ˈkozʊ/
6322	sena	shadow	/sêna/
6323	dijagnoza	diagnosis	/dijaɡnǒːza/
6324	čarobno	magically	/t͡ʃârobno/
6325	uzdravlje	cheers	/ˈuzdrɐvlje/
6326	podatak	datum, fact, information	/podǎːtak/
6327	iskopati	to dig out, dig up	/iskǒpati/
6328	predrasuda	prejudice	/prědraːsuda/
6329	prisutnost	presence	/prisǔːtnoːst/
6330	veličanstven	admirable, beautiful, magnificent, wonderful	/ʋelit͡ʃǎnstʋen/
6331	jutarnji	morning	/jûtaːrɲiː/
6332	zoološki	zoological	/zoǒloʃkiː/
6333	vika	shouting, screaming	/ʋîka/
6334	novajlija	novice, beginner	/noʋǎjlija/
6335	maloprije	just a while ago	/mâloprije/
6336	veverica	squirrel	/ʋêʋerit͡sa/
6337	sedlo	saddle	/sědlo/
6338	akt	act	/âkt/
6339	gurati	to push on, thrust, hustle	/ɡǔːrati/
6340	građanski	citizen, civilian; civil, civilian	/ɡrâd͡ʑanskiː/
6341	drugovima	friend	/ˈdruɡoˌvɪmɐ/
6342	doli	but, other than, besides	/dǒli/
6343	slama	straw	/slâma/
6344	vježba	exercise, practice, drill	/ʋjêʒba/
6345	otpust	dismissal, discharge	/ˈotpʊst/
6346	smeđe	brown	/ˈsmɛdʑɛ/
6347	istraživati	to investigate	/istraʒǐːʋati/
6348	oboriti	to bring down, knock off, throw down	/obǒriti/
6349	rodjen	obsolete spelling of rođen	/rôdjen/
6350	lovimo	to hunt	/ˈlovɪmo/
6351	struka	vocation, profession	/strûka/
6352	masaža	massage	/masǎːʒa/
6353	potencijalno	potentially	/pôtent͡sijaːlno/
6354	nišani	sight	/ˈniʃɐnɪ/
6355	razmena	exchange	/ˈrazmɛnɐ/
6356	terorizam	terrorism	/terorǐzam/
6357	primoran	to force, coerce	/ˈprimorɐn/
6358	pametnjaković	smart aleck, wise guy	/pametɲǎːkoʋit͡ɕ/
6359	mučim	to be silent	/ˈmutʃɪm/
6360	utvrditi	to fortify	/utʋřːditi/
6361	stid	shame	/stîːd/
6362	isplata	payment	/îsplata/
6363	sitni	tiny, small	/ˈsitnɪ/
6364	padobran	parachute	/pâdobraːn/
6365	primate	second-person plural present of primati	/ˈprimɐtɛ/
6366	vernost	loyalty, fidelity	/ʋěːrnoːst/
6367	saveznik	ally	/sǎːʋezniːk/
6368	četrnaest	fourteen	/ˈtʃɛtrnɐɛst/
6369	pogreb	burial	/pǒɡreb/
6370	smrtne	deadly	/ˈsmrtnɛ/
6371	parlament	parliament	/parlǎment/
6372	biciklom	bicycle	/ˈbitsɪklom/
6373	potera	chase, pursuit	/pôtera/
6374	krajevima	end, ending	/ˈkrɑjeˌvɪmɐ/
6375	prilaz	access, approach	/prǐːlaz/
6376	okončati	to end, finish, complete	/okǒnt͡ʃati/
6377	pluta	cork, the bast of the cork oak	/plûta/
6378	naselje	settlement	/nǎːseːʎe/
6379	funkcija	function	/fǔnkt͡sija/
6380	preokret	revolution, turning point	/prêokreːt/
6381	garancija	guarantee, assurance	/ɡarǎnt͡sija/
6382	zastoj	stoppage, jamming, slowdown	/zǎːstoj/
6383	vodja	obsolete spelling of vođa	/ˈvodjɐ/
6384	rendžer	ranger	/ˈrɛndʒɛr/
6385	ribolov	fishing	/ˈribolov/
6386	amater	amateur	/amǎteːr/
6387	nacrt	sketch	/nǎːt͡sr̩t/
6388	milioner	millionaire	/miliǒneːr/
6389	štreber	nerd, tryhard	/ʃtrěːber/
6390	okriviti	to accuse, blame, impute	/okrǐːʋiti/
6391	veteran	veteran	/ʋetěraːn/
6392	travnjak	grassland	/trâːʋɲaːk/
6393	značka	badge	/znât͡ʃka/
6394	trista	three hundred	/ˈtristɐ/
6395	sponzor	sponsor	/spônzor/
6396	diram	to touch	/ˈdirɐm/
6397	predstavljati	to represent, pose	/prědstaʋʎati/
6398	maraton	marathon	/mâratoːn/
6399	protest	protest	/prǒtest/
6400	privesti	to arrest with the authority of the law; to take into legal…	/prǐʋesti/
6401	zaboli	to stick, drive	/ˈzabolɪ/
6402	savjetnik	counselor	/sǎːʋjetniːk/
6403	inteligencija	intelligence	/inteliɡěnt͡sija/
6404	štita	shield	/ˈʃtitɐ/
6405	hod	walk, gait	/xôːd/
6406	željama	wish, desire	/ˈʒɛʎɐmɐ/
6407	mrzeti	to hate	/mřːzeti/
6408	blage	mild, gentle, soft, slight	/ˈblaɡɛ/
6409	uzaludno	in vain, futilely	/ûzaluːdno/
6410	zabavne	amusing, entertaining	/ˈzabɐvnɛ/
6411	kut	corner	/kûːt/
6412	standard	standard	/stǎndard/
6413	raspust	recess	/rǎːspust/
6414	džem	jam	/d͡ʒêm/
6415	umetnički	art, artist; artistic	/ǔmetnit͡ʃkiː/
6416	adaptacija	adaptation	/adaptǎːt͡sija/
6417	zaraze	contagion	/ˈzɑrɐzɛ/
6418	klovna	clown	/ˈklovnɐ/
6419	naprava	device, gadget, appliance, apparatus	/nâːpraʋa/
6420	morem	sea	/ˈmorɛm/
6421	dizajner	designer	/dizǎjner/
6422	plesao	to dance	/ˈplɛsɐo/
6423	osmi	eighth	/ôsmiː/
6424	verovanje	belief	/ˈvɛroˌvɐɲe/
6425	tor	corral, cote	/tôːr/
6426	viču	to shout, yell	/ˈvitʃʊ/
6427	specijalan	special	/spêt͡sijaːlan/
6428	mod	mode	/ˈmod/
6429	efikasno	effectively	/êfikasno/
6430	dvorca	castle	/ˈdvortsɐ/
6431	kapital	capital	/ˈkapɪtɐl/
6432	pticama	bird	/ˈptitsɐmɐ/
6433	pretražiti	to search	/pretrǎːʒiti/
6434	oštrica	blade	/ǒʃtrit͡sa/
6435	ulični	street	/ˈulɪtʃnɪ/
6436	pući	alternative form of pȕknuti	/pût͡ɕi/
6437	carski	imperially	/t͡sâːrskiː/
6438	šlag	whipped cream	/ʃlâːɡ/
6439	orah	walnut	/ǒrax/
6440	zaliv	bay	/ˈzalɪv/
6441	osuditi	to judge	/osǔːditi/
6442	opljačkati	to rob, plunder, loot	/ǒpʎat͡ʃkati/
6443	opaka	wicked, evil	/ˈopɐkɐ/
6444	sumnjati	to doubt, suspect, distrust	/sǔːmɲati/
6445	ustajem	to stand up, rise	/ˈustɑjem/
6446	napora	effort	/ˈnaporɐ/
6447	poslovati	to do business, work	/poslǒʋati/
6448	esej	essay	/ěseːj/
6449	šezdeset	sixty	/ʃezděseːt/
6450	gazdarica	housewife	/ɡâzdarit͡sa/
6451	izgovoriti	to pronounce	/izɡoʋǒriti/
6452	staromodan	old-fashioned	/stâromoːdan/
6453	moderan	modern	/môdeːran/
6454	varka	illusion	/ˈʋarka/
6455	kanta	can	/kǎːnta/
6456	kupus	cabbage	/kǔpus/
6457	temelj	foundation	/těmeʎ/
6458	primati	imperfective form of prímiti	/prǐːmati/
6459	nedjelje	Sunday	/ˈnɛdjeʎe/
6460	večerašnji	this evening, tonight; this evening's, tonight's	/ʋet͡ʃěraʃɲiː/
6461	ludača	stupid woman or girl	/lǔdat͡ʃa/
6462	neprijatan	unpleasant	/nêprijaːtan/
6463	poni	pony	/ˈponɪ/
6464	koma	coma	/kôma/
6465	nevaljao	nasty, mean, naughty	/nevǎʎao/
6466	dugova	debt	/ˈduɡovɐ/
6467	suočio	to confront	/ˈsuotˌʃɪo/
6468	šampon	shampoo	/ʃǎmpoːn/
6469	četvero	four persons of different gender/sex	/ˈtʃɛtvɛro/
6470	govedina	beef	/ɡǒʋedina/
6471	svirala	pipe	/sʋǐrala/
6472	demokratija	democracy	/demokrǎːtija/
6473	susjeda	neighbour	/ˈsusjedɐ/
6474	članke	article	/ˈtʃlaŋkɛ/
6475	nekolicina	a group of several, a few men; several of	/nekolit͡sǐna/
6476	sive	grey	/ˈsivɛ/
6477	stih	verse	/stîx/
6478	njemački	in a German manner, as a German	/ɲěmat͡ʃkiː/
6479	nedužan	innocent	/nêduːʒan/
6480	jagoda	strawberry	/jâɡoda/
6481	zavesa	curtain	/zâːʋesa/
6482	zračenje	radiation	/zrǎːt͡ʃeːɲe/
6483	tvrđava	fortress, stronghold, fortified place	/tʋř̩d͡ʑaʋa/
6484	trojka	three	/trǒːjka/
6485	kuki	hook	/ˈkukɪ/
6486	smoking	tuxedo, dinner jacket	/smǒkinɡ/
6487	penjanje	verbal noun of penjati impf: climbing	/pěɲaːɲe/
6488	hor	chorus	/ˈxor/
6489	odobriti	to approve	/odǒbriti/
6490	suca	judge	/ˈsutsɐ/
6491	kućica	house	/kût͡ɕit͡sa/
6492	terati	to force, make	/têrati/
6493	kile	hernia	/ˈkilɛ/
6494	ljubiti	to kiss	/ʎǔːbiti/
6495	popustiti	to reduce, rebate, deduct	/popǔstiti/
6496	sredstvima	means, medium	/srědstʋima/
6497	vrpcu	ribbon, tape, streamer	/ˈvrptsu/
6498	planinski	mountain, mountainous, hilly	/plǎniːnskiː/
6499	zaštitni	protective	/zǎːʃtitniː/
6500	bezopasan	harmless	/bêzopaːsan/
6501	učenica	pupil	/ût͡ʃenit͡sa/
6502	žestok	severe, violent, bitter	/ʒěstok/
6503	očaj	despair	/ôt͡ʃaːj/
6504	naizgled	in appearance, apparently, seemingly, on the face of it, by…	/nâizɡleːd/
6505	arogantan	arrogant	/aroɡǎntan/
6506	ispitivati	to interrogate, question	/ispitǐːʋati/
6507	golub	dove, pigeon	/ˈɡolʊb/
6508	trude	to try, make an effort	/ˈtrudɛ/
6509	flora	flora	/flôːra/
6510	trošak	cost, expense	/trôʃak/
6511	pereš	to wash	/ˈpɛrɛʃ/
6512	dlan	the palm of the hand	/dlân/
6513	duhovno	spiritually	/dǔxoːʋno/
6514	bolničarka	nurse	/bǒːlnit͡ʃaːrka/
6515	arija	aria	/âːrija/
6516	nezgodan	inconvenient	/nězɡodan/
6517	cesta	road	/t͡sěsta/
6518	trač	gossip, gossiping	/trât͡ʃ/
6519	pečenje	roasting	/ˈpɛtʃɛɲe/
6520	nevesta	bride	/něʋesta/
6521	kraljev	king; king's	/krǎːʎeʋ/
6522	kladi	log, block	/ˈkladɪ/
6523	lišća	leaves	/ˈliʃtɕɐ/
6524	učestvovati	to participate, take part	/ǔt͡ʃestʋoʋati/
6525	ratom	war	/ˈratom/
6526	trpeti	to suffer	/třːpeti/
6527	nježno	gently, tenderly, softly	/ɲêʒno/
6528	saobraćajnu	traffic	/ˈsaoˌbrɐtɕɑjnʊ/
6529	luče	onion	/ˈlutʃɛ/
6530	svojevoljno	voluntarily	/sʋôjeʋoːʎno/
6531	prtljaga	luggage	/pr̩tʎǎːɡa/
6532	avatar	avatar	/aʋǎtaːr/
6533	drugova	friend	/ˈdruɡovɐ/
6534	stanovništvo	population	/stanoʋnǐːʃtʋo/
6535	pritisnuti	to press, press down	/prǐtisnuti/
6536	razočarenje	disappointment	/razot͡ʃarěːɲe/
6537	jahač	horseman	/jǎxaːt͡ʃ/
6538	obuka	training	/ôbuka/
6539	rutina	routine	/rutǐna/
6540	cent	cent	/t͡sênt/
6541	primiš	to receive, get	/ˈprimɪʃ/
6542	naići	come across, meet, encounter, come along	/naǐːt͡ɕi/
6543	petlja	loop	/pêtʎa/
6544	ratove	war	/ˈratovɛ/
6545	školska	school	/ˈʃkolskɐ/
6546	opera	opera	/ôpera/
6547	bogato	richly, lavishly, profusely	/bǒɡato/
6548	mokro	wet	/ˈmokro/
6549	kliše	cliché	/klǐʃeː/
6550	vražji	devilish, mischievous	/ʋrǎʒjiː/
6551	blokada	blockade	/blokǎːda/
6552	trenutačno	currently	/trênutaːt͡ʃno/
6553	suma	sum, total	/sûma/
6554	ubrzati	to speed up, accelerate	/ubřzati/
6555	ujaku	maternal uncle	/ˈujɐkʊ/
6556	potiljak	back of the head; occiput	/pǒtiʎak/
6557	vučeš	to drag, draw, pull	/ˈvutʃɛʃ/
6558	visio	to hang, be suspended	/ˈvisɪo/
6559	asteroid	asteroid	/asterǒiːd/
6560	pališ	to kindle, light, set fire to	/ˈpalɪʃ/
6561	sportske	sporting, sport	/ˈsportskɛ/
6562	pohod	campaign	/pǒxod/
6563	mirovinu	pension	/ˈmiroˌvɪnʊ/
6564	garaža	garage	/ɡarǎːʒa/
6565	kartel	cartel	/kǎrtel/
6566	ugalj	coal, charcoal	/ûɡaʎ/
6567	paša	pasture	/pâʃa/
6568	besmrtan	immortal	/běsmrtan/
6569	misteriozno	mysteriously	/mîsterioːzno/
6570	podzemlje	underground	/pǒːdzeːmʎe/
6571	gospodstvo	gentlemanhood, lordship	/ɡospǒdstʋo/
6572	sperma	sperm	/spěrma/
6573	sveži	fresh	/ˈsvɛʒɪ/
6574	siđeš	to descend, get down, come down	/ˈsidʑɛʃ/
6575	silovatelj	rapist	/ˈsiloˌvɐtɛʎ/
6576	poznavati	to know, have knowledge of	/poznǎːʋati/
6577	izdavač	publisher	/izdǎʋaːt͡ʃ/
6578	krvavo	bloodily	/kr̂ʋaʋo/
6579	oprez	caution	/ôpreːz/
6580	kajla	prop	/kâːjla/
6581	posrednik	mediator, middleman	/pǒsredniːk/
6582	legla	brood	/ˈlɛɡlɐ/
6583	prognoza	forecast	/proɡnǒːza/
6584	ispratiti	to see off	/ǐspratiti/
6585	lavova	lion	/ˈlavovɐ/
6586	režija	direction	/ˈrɛʒɪjɐ/
6587	vodoinstalater	plumber	/ʋodoinstalǎteːr/
6588	čajnik	teapot	/t͡ʃâːjniːk/
6589	februar	February	/fêbruaːr/
6590	smjestiti	to put, place into appropriate position	/smjêstiti/
6591	savršenstvo	perfection	/saʋrʃěnstʋo/
6592	garda	guard	/ɡâːrda/
6593	dragu	bay, gulf	/ˈdraɡʊ/
6594	tesno	tightly, closely	/têːsno/
6595	rulja	mob, rabble	/rûʎa/
6596	krevete	bed	/ˈkrɛvɛtɛ/
6597	kapsula	capsule	/kǎpsula/
6598	udoban	comfortable	/ûdoban/
6599	maraka	stamp, label	/mâraːkaː/
6600	spontano	spontaneously	/spôntaːno/
6601	provalnik	burglar	/prǒʋaːlniːk/
6602	plakanje	crying	/plâkaːɲe/
6603	samostalno	independently, autonomously	/sâmostaːlno/
6604	kirurg	surgeon	/kǐrurɡ/
6605	feniks	phoenix	/fěːniks/
6606	svjedočiti	to witness, testify	/sʋjedǒt͡ʃiti/
6607	pukotina	crack, break	/pǔkotina/
6608	nestabilan	unstable	/nêstabiːlan/
6609	vir	whirlpool	/ʋîːr/
6610	razveden	divorced	/razʋěden/
6611	dostaviti	to deliver	/dǒstaʋiti/
6612	amandman	amendment	/amǎndmaːn/
6613	miješati	to mix, blend, mingle	/mjěːʃati/
6614	ruse	Russian	/ˈrusɛ/
6615	odozdo	from beneath, from under	/odǒzdoː/
6616	gospa	lady	/ɡǒːspa/
6617	ležati	to lie, recline	/lěʒati/
6618	šetaš	to walk, stroll	/ˈʃɛtɐʃ/
6619	koplja	spear, lance	/ˈkopʎɐ/
6620	sjebati	to screw up, ruin, fuck up	/sjěbati/
6621	nafta	oil, petroleum, naphtha	/nâfta/
6622	zalazi	descent; sunset, moonset	/ˈzalɐzɪ/
6623	spasilac	rescuer, savior	/spǎsilat͡s/
6624	steći	to acquire, get, gain, obtain	/stět͡ɕi/
6625	radoznalost	curiosity	/radǒznaloːst/
6626	ružnu	ugly, unattractive	/ˈruʒnʊ/
6627	pik	♠, spades in card- and boardgames	/pîk/
6628	pohlepa	greed	/pôxlepa/
6629	kazao	to say, to state	/ˈkazɐo/
6630	meko	soft	/ˈmɛko/
6631	menjač	money changer	/měɲaːt͡ʃ/
6632	utjecaj	influence	/ˈutjetsɑj/
6633	preporuka	recommendation	/prêporuka/
6634	tečaj	course	/ˈtɛtʃɑj/
6635	bacao	active past participle of bacati	/ˈbatsɐo/
6636	poplava	flood	/pôplaʋa/
6637	trup	torso, trunk, body	/trûːp/
6638	svadbeni	wedding celebration	/sʋǎdbeniː/
6639	municija	ammunition	/ˈmunɪtˌsɪjɐ/
6640	komšinica	neighbour	/kǒmʃinit͡sa/
6641	mak	poppy	/mâk/
6642	beo	white	/bêo/
6643	centralni	central, main	/t͡sěntraːlniː/
6644	šunka	ham	/ˈʃuŋkɐ/
6645	vagina	vagina	/ʋaɡǐːna/
6646	čir	ulcer	/t͡ʃîr/
6647	biser	pearl	/bǐser/
6648	oštre	sharp	/ˈoʃtrɛ/
6649	sudom	court	/ˈsudom/
6650	oterati	to drive away, turn away, scare away	/ǒterati/
6651	promašiti	to miss	/prǒmaʃiti/
6652	zaključiti	to conclude	/zakʎǔːt͡ʃiti/
6653	tenkovi	tank	/ˈtɛŋkovɪ/
6654	uložiti	to invest	/ulǒʒiti/
6655	bikini	bikini	/bǐkiːni/
6656	desile	to happen, occur	/ˈdɛsɪlɛ/
6657	samuraj	samurai	/samǔraːj/
6658	blizanac	twin	/blizǎːnat͡s/
6659	pastir	shepherd	/pǎstiːr/
6660	nađeni	to find, discover	/ˈnadʑɛnɪ/
6661	vijeće	council	/ʋjěːt͡ɕe/
6662	tabla	blackboard	/tǎːbla/
6663	sanjati	to dream	/sǎːɲati/
6664	gušter	lizard	/ɡûʃter/
6665	mudri	wise	/ˈmudrɪ/
6666	praktički	practically	/prǎktit͡ʃki/
6667	polica	shelf	/ˈpolɪtsɐ/
6668	poslan	to send	/ˈposlɐn/
6669	zamjena	substitute, replacement	/zâːmjena/
6670	oštra	sharp	/ˈoʃtrɐ/
6671	nebom	sky	/ˈnɛbom/
6672	bijelac	white male	/bijěːlat͡s/
6673	potomak	descendant	/pǒtomak/
6674	zabrinuto	worriedly, concernedly	/zǎbrinuːto/
6675	gotovina	cash	/ɡotoʋǐna/
6676	gospodarica	mistress	/ɡospodǎrit͡sa/
6677	ukaže	to point out, point to	/ˈukɐʒɛ/
6678	kupaći	bathing	/kǔpaːt͡ɕiː/
6679	šape	paw, pad	/ˈʃapɛ/
6680	depresija	depression	/ˈdɛprɛˌsɪjɐ/
6681	kašu	porridge	/ˈkaʃʊ/
6682	kajem	to repent, regret, be sorry for	/ˈkɑjem/
6683	rodbina	relatives, kin, kindred	/rôdbina/
6684	poslijepodne	afternoon	/ˈposlɪˌjepodnɛ/
6685	studentima	student	/ˈstudɛnˌtɪmɐ/
6686	finalu	final	/ˈfinɐlʊ/
6687	negativac	villain	/neɡatǐːʋat͡s/
6688	režim	regime, mode	/rěʒiːm/
6689	siđite	to descend, get down, come down	/ˈsidʑɪtɛ/
6690	argo	slang	/ˈɑrɡo/
6691	ranjiv	vulnerable	/rǎɲiʋ/
6692	praksa	usage, use, practice	/prâksa/
6693	bašta	garden	/bǎːʃta/
6694	bijesan	furious	/bjěːsan/
6695	slediti	to follow	/slěːditi/
6696	smjer	direction, course	/ˈsmjer/
6697	govnar	piece of shit, shithead	/ɡǒʋnaːr/
6698	mesar	butcher	/meˈsar/
6699	nana	mother	/nǎːna/
6700	članku	article	/ˈtʃlaŋkʊ/
6701	bedno	poorly, destitutely	/bêːdno/
6702	januar	January	/jânuaːr/
6703	objekt	object	/ǒbjekt/
6704	ji	them	/ji/
6705	osvajanje	conquest	/osʋǎːjaːɲe/
6706	identificirati	to identify	/identifit͡sǐːrati/
6707	ljupko	prettily, charmingly	/ʎûpko/
6708	zasluga	merit, credit	/zâːsluɡa/
6709	krasna	beautiful, pretty	/krâsna/
6710	imperator	emperor	/impěraːtor/
6711	tretirati	to treat	/tretǐːrati/
6712	posuda	dish, plate	/pôsuda/
6713	gripa	flu, influenza	/ɡrîpa/
6714	ujedno	simultaneously, at the same time	/ûjedno/
6715	ultrazvuk	ultrasound	/ûltrazʋuːk/
6716	ambiciozan	ambitious	/âmbit͡sioːzan/
6717	voljen	to love	/ˈvoʎen/
6718	fotoaparat	camera	/fotoapǎraːt/
6719	medalja	medal	/mědaʎa/
6720	ulaziti	to enter, go into, come in	/ǔlaziti/
6721	nastale	to emerge, arise, develop	/ˈnastɐlɛ/
6722	soko	falcon	/sôko/
6723	upotreba	use, usage	/ûpotreba/
6724	letom	summer, summertime	/ˈlɛtom/
6725	svesno	consciously	/sʋêsno/
6726	trulo	rotten	/ˈtrulo/
6727	vući	to drag, draw, pull	/ʋǔːt͡ɕi/
6728	biftek	beefsteak	/bǐftek/
6729	plašt	mantle, cloak, cape	/plâːʃt/
6730	slabu	weak	/ˈslabʊ/
6731	simpatično	attractively, prepossessingly	/simpǎtit͡ʃno/
6732	policu	shelf	/ˈpolɪtsʊ/
6733	crijeva	gut, bowel, intestine	/ˈtsrijevɐ/
6734	organizovati	to organize	/orɡǎnizoʋati/
6735	irac	Irishman	/ǐːrat͡s/
6736	boci	bottle	/ˈbotsɪ/
6737	irski	Irish	/îːrskiː/
6738	robom	slave	/ˈrobom/
6739	dvorana	auditorium, hall, arena	/dʋorǎna/
6740	rabin	rabbi	/rǎbiːn/
6741	plaće	pay	/ˈplatɕɛ/
6742	seta	sorrow, melancholy	/sêta/
6743	svadba	wedding	/sʋǎdba/
6744	orla	eagle	/ˈorlɐ/
6745	ukras	decoration, ornament	/ûkraːs/
6746	brodski	ship; nautical	/brǒdskiː/
6747	hladnoća	coldness	/xladnǒt͡ɕa/
6748	vezali	to bind, fasten, tie	/ˈvɛzɐlɪ/
6749	doček	reception	/dǒt͡ʃek/
6750	igralištu	playground	/ˈiɡrɐˌlɪʃtʊ/
6751	ledene	ice; icy, glacial	/ˈlɛdɛnɛ/
6752	raspao	to decay, decompose	/ˈraspɐo/
6753	toplota	warmth	/toplǒta/
6754	ustaje	to stand up, rise	/ˈustɑje/
6755	monah	monk, monastic	/mǒnax/
6756	aktivirati	to activate, to enable	/aktiʋǐːrati/
6757	rosi	dew	/ˈrosɪ/
6758	završetka	ending, the end	/ˈzavrʃɛtkɐ/
6759	kolko	misspelling of kol'ko	/ˈkolko/
6760	predjelo	appetizer, entrée	/prědjelo/
6761	tipičan	typical	/tǐpit͡ʃan/
6762	jelovnik	menu	/jelǒʋniːk/
6763	uoči	just before, shortly before, on the eve of	/ǔot͡ʃi/
6764	identifikovati	to identify	/iděntifikoʋati/
6765	trudnoća	pregnancy	/trudnǒt͡ɕa/
6766	pronalazak	finding, discovery	/pronǎlazak/
6767	neophodan	necessary, crucial, indispensable	/nêopxodan/
6768	poraziti	to defeat	/ˈporɐˌzɪtɪ/
6769	gadnu	ugly, disgusting, repulsive	/ˈɡadnʊ/
6770	švedski	Swedish	/ʃʋêdskiː/
6771	kečap	ketchup	/kět͡ʃap/
6772	uvući	to pull in, draw in	/uʋǔːt͡ɕi/
6773	prevodilac	translator	/preʋǒdilat͡s/
6774	isprika	apology	/îsprika/
6775	blag	mild, gentle, soft, slight	/blâːɡ/
6776	imperija	empire	/ǐmpeːrija/
6777	atom	atom	/ǎtoːm/
6778	tražen	to seek, look for, search	/ˈtraʒɛn/
6779	rendgen	X-ray	/rěndɡen/
6780	stope	to merge, unite, assimilate	/ˈstopɛ/
6781	stazom	path, way	/ˈstazom/
6782	utrka	A race, as in a competition	/ûtrka/
6783	surovo	brutally	/sǔroʋo/
6784	prikazati	to describe, present	/prikǎːzati/
6785	noćima	for nights and nights	/ˈnotɕɪmɐ/
6786	prenijeti	to carry, move, bring to another place; carry over, bring…	/prěnijeːti/
6787	stvarati	to create	/stʋǎːrati/
6788	priznali	to acknowledge, recognize	/ˈpriznɐlɪ/
6789	civil	civilian	/ˈtsivɪl/
6790	smirena	calm, serene	/ˈsmirɛnɐ/
6791	trenirati	to train	/trenǐːrati/
6792	napiti	to quench, slake	/nǎpiti/
6793	vežem	to bind, fasten, tie	/ˈvɛʒɛm/
6794	kros	cross country	/ˈkros/
6795	upisati	to write in	/upǐːsati/
6796	susretu	meeting	/ˈsusrɛtʊ/
6797	sviđati	to like, please	/sʋǐːd͡ʑati/
6798	objašnjavati	to explain	/objaʃɲǎːʋati/
6799	rič	word	/ˈritʃ/
6800	perika	wig	/pěrika/
6801	sutrašnji	tomorrow; tomorrow's	/sǔtraʃɲiː/
6802	uklanjanje	removal, elimination	/ˈuklɐˌɲɐɲe/
6803	boljeti	to hurt, ache	/bǒʎeti/
6804	liječenje	treatment, cure	/ˈlijetˌʃɛɲe/
6805	tresu	to shake	/ˈtrɛsʊ/
6806	diskretno	discretely	/dǐskretno/
6807	sudjelovati	to participate, take part	/sǔdjeloʋati/
6808	zrake	air	/ˈzrakɛ/
6809	punč	punch	/pûnt͡ʃ/
6810	dobrovoljac	volunteer	/dobroʋǒːʎat͡s/
6811	kvadrat	square	/kʋǎdraːt/
6812	delite	to divide, separate	/ˈdɛlɪtɛ/
6813	kodeks	codex	/kǒdeks/
6814	osamdeset	eighty	/ˈosɐmˌdɛsɛt/
6815	ćorsokak	blind alley	/t͡ɕorsǒkaːk/
6816	zabrana	prohibition, ban	/zâːbrana/
6817	prijeti	to receive, get	/ˈprijetɪ/
6818	pripaziti	to watch, watch out, take care of	/prǐpaziti/
6819	tempo	tempo	/těmpo/
6820	votka	vodka	/ˈvotkɐ/
6821	prevesti	to lead across/over	/preʋěsti/
6822	brašno	flour	/brâʃno/
6823	katalog	catalog, catalogue	/katǎloɡ/
6824	kožom	skin	/ˈkoʒom/
6825	generalni	general	/ˈɡɛnɛˌrɐlnɪ/
6826	nepošteno	unfairly, dishonestly	/nêpoʃteno/
6827	zastupnik	representative, agent, delegate	/zǎːstupniːk/
6828	novčanica	banknote	/noʋt͡ʃǎnit͡sa/
6829	ranom	early	/ˈranom/
6830	uđimo	to enter, go into, come in	/ˈudʑɪmo/
6831	neženja	bachelor	/ˈnɛʒɛɲɐ/
6832	upalite	to set fire to, set on fire, burn, light, ignite	/ˈupɐˌlɪtɛ/
6833	vrijedna	precious, valuable	/ˈvrijednɐ/
6834	prisiliti	to force, compel	/prǐsiliti/
6835	podzemni	underground	/ˈpodʑɛmnɪ/
6836	maše	swing, wave, sweep	/ˈmaʃɛ/
6837	piramida	a pyramid	/ˈpirɐˌmɪdɐ/
6838	karneval	carnival	/karněʋaːl/
6839	spasli	to fall down	/ˈspaslɪ/
6840	pokrivač	blanket	/ˈpokrɪvɐtʃ/
6841	određenog	certain	/ˈodrɛdˌʑɛnoɡ/
6842	starešina	chief, elder, head	/ˈstɑrɛˌʃɪnɐ/
6843	dijelom	partly, partially	/djěːlom/
6844	šteti	damage, harm	/ˈʃtɛti/
6845	krpe	rag, tatter	/ˈkrpɛ/
6846	mladež	youth	/mlâdeʒ/
6847	vladin	government's, of a government	/ʋlǎːdin/
6848	željom	wish, desire	/ˈʒɛʎom/
6849	graditi	to build	/ɡrǎːditi/
6850	viđeni	to see	/ˈvidʑɛnɪ/
6851	pohlepan	greedy, avaricious	/pôxleːpan/
6852	glede	as regards, concerning	/ɡlêde/
6853	izneti	to carry out, take out	/ǐzneːti/
6854	splav	raft, float	/splâːʋ/
6855	diploma	degree	/ˈdiplomɐ/
6856	kauča	couch	/ˈkaʊtʃɐ/
6857	novak	recruit	/nǒʋaːk/
6858	ruševinama	ruin, wreck, wreckage	/ˈruʃɛˌvɪnɐmɐ/
6859	smirio	to calm, soothe, pacify	/ˈsmirɪo/
6860	unajmiti	to hire in exchange for remuneration	/unǎːjmiti/
6861	crte	line	/ˈtsrtɛ/
6862	kuhar	cook	/kûxaːr/
6863	rika	roar, roaring	/ˈrikɐ/
6864	smetnja	obstacle, hindrance	/směːtɲa/
6865	nasred	in the middle of	/nâsred/
6866	trijumf	triumph	/ˈtrijʊmf/
6867	vezom	connection, link	/ˈvɛzom/
6868	jato	flock	/jâto/
6869	jarac	billy goat	/jârat͡s/
6870	šlem	helmet	/ʃlêm/
6871	nijemci	German	/ˈnijemtsɪ/
6872	pristupiti	to approach	/pristǔːpiti/
6873	genij	genius	/ɡêːniːj/
6874	diktator	dictator	/dǐktaːtor/
6875	slanina	bacon	/slǎnina/
6876	urin	urine	/ǔriːn/
6877	ose	wasp	/ˈosɛ/
6878	zlikovac	evildoer	/zlîkoʋat͡s/
6879	petu	heel	/ˈpɛtʊ/
6880	mjuzikl	musical	/mjǔzikl̩/
6881	rađaju	third-person plural present of ráđati	/ˈradʑɑjʊ/
6882	akademija	academy	/akaděmija/
6883	sili	force	/ˈsilɪ/
6884	vodstvo	leadership	/ʋǒdstʋo/
6885	formalnost	formality	/formǎːlnoːst/
6886	kviz	quiz	/ˈkviz/
6887	opali	to fall	/ˈopɐlɪ/
6888	grijeh	sin	/ɡrjêːx/
6889	kanap	string, twine, cord	/kǎnaːp/
6890	vladao	to rule, reign, govern	/ˈvladɐo/
6891	kaos	chaos	/kâos/
6892	njuška	muzzle, snout	/ɲûʃka/
6893	šetati	to walk, stroll	/ʃěːtati/
6894	odeljak	department	/ˈodɛʎɐk/
6895	kavijar	caviar	/ˈkavɪjɑr/
6896	micati	to move	/mît͡sati/
6897	doživljaj	experience, adventure	/dôʒiʋʎaːj/
6898	upravi	board of directors, directorate	/ˈuprɐvɪ/
6899	smrznuti	to freeze	/smr̂znuti/
6900	spori	slow	/ˈsporɪ/
6901	smanjenje	decrease	/ˈsmaɲeɲe/
6902	vrše	peak	/ˈvrʃɛ/
6903	poništiti	to cancel, annul, revoke	/pǒniʃtiti/
6904	saopštenje	announcement, statement, communiqué	/saǒpʃteːɲe/
6905	priručnik	manual, reference book	/prǐːrut͡ʃniːk/
6906	kradljivac	thief	/krǎdʎiʋat͡s/
6907	sredinom	around the middle, in/at the middle	/sredǐnoːm/
6908	bacamo	first-person plural present of bacati	/ˈbatsɐmo/
6909	navratiti	to drop by, drop in	/naʋrǎːtiti/
6910	delio	to divide, separate	/ˈdɛlɪo/
6911	pamuk	cotton	/pǎmuk/
6912	napore	effort	/ˈnaporɛ/
6913	identifikacija	identification	/identifikǎːt͡sija/
6914	sit	sated, full	/sît/
6915	atentat	assassination	/atěntaːt/
6916	udeo	share, portion	/ǔːdeo/
6917	ventilator	fan, ventilator	/ʋentǐlaːtor/
6918	trudite	to try, make an effort	/ˈtrudɪtɛ/
6919	slijep	blind	/sljêːp/
6920	ucena	blackmail	/ût͡sena/
6921	debil	a moron, jerk	/ˈdɛbɪl/
6922	doživio	to live to see	/ˈdoʒɪˌvɪo/
6923	jaguar	jaguar	/jâɡuaːr/
6924	sarađivati	to collaborate	/sarad͡ʑǐːʋati/
6925	nesiguran	unsure	/nêsiɡuːran/
6926	zlom	evil	/ˈzlom/
6927	meksički	Mexican	/měksit͡ʃkiː/
6928	početnik	beginner	/pǒt͡ʃetniːk/
6929	utjecati	to influence, affect	/ǔtjet͡sati/
6930	ribica	fish	/rîbit͡sa/
6931	sastaviti	to put together, combine, compile, assemble	/sǎstaʋiti/
6932	pokazi	pass	/ˈpokɐzɪ/
6933	pem	to go	/ˈpɛm/
6934	mučite	to be silent	/ˈmutʃɪtɛ/
6935	pazila	to beware, watch out, be careful	/ˈpazɪlɐ/
6936	institucija	institution	/institǔːt͡sija/
6937	vrištati	to scream	/ʋrǐːʃtati/
6938	stavljati	to put, place	/stǎːʋʎati/
6939	idealan	ideal	/îdeaːlan/
6940	židov	Jew	/ʒǐdoʋ/
6941	plijen	booty, plunder	/pljêːn/
6942	poboljšanje	improvement	/poboʎʃǎːɲe/
6943	rastanak	farewell	/ˈrastɐnɐk/
6944	zidina	ruins	/zǐdina/
6945	omiljen	preferred, favorite	/ǒmiʎen/
6946	sahraniti	to bury	/saxrǎːniti/
6947	uspješan	successful	/ǔspjeʃan/
6948	vladara	ruler	/ˈvladɑrɐ/
6949	šalji	to send	/ˈʃaʎɪ/
6950	kritika	critique, criticism	/krǐtika/
6951	mrziti	to hate	/mř̩ːziti/
6952	uspijeva	third-person singular present of uspijevati	/ˈuspɪˌjevɐ/
6953	pokloniti	to give	/poklǒniti/
6954	susjed	neighbor	/sǔːsjed/
6955	modni	fashion	/môːdniː/
6956	zadah	unpleasant odor, smell, stench	/zâdaːx/
6957	konjem	horse	/ˈkoɲem/
6958	dobrota	goodness	/dobrǒta/
6959	pruga	stripe, bind, line	/prǔːɡa/
6960	lave	lion	/ˈlavɛ/
6961	kontinent	continent	/kontǐnent/
6962	krivio	to blame, accuse	/ˈkrivɪo/
6963	osigurač	fuse	/ˈosɪˌɡʊrɐtʃ/
6964	obama	masculine/neuter dative/locative/instrumental of ȍba	/ˈobɐmɐ/
6965	besmrtnost	immortality	/běsmrtnoːst/
6966	članka	article	/ˈtʃlaŋkɐ/
6967	obrisati	to wipe	/ǒbrisati/
6968	slovima	letter	/ˈslovɪmɐ/
6969	caka	drollery, joke	/t͡sǎːka/
6970	lider	leader	/lǐːder/
6971	pijanac	drunkard	/pijǎːnat͡s/
6972	ž	feminine gender	/ˈʒə/
6973	jeziv	creepy, eerie, spooky	/jěziʋ/
6974	ubrzanje	acceleration	/ubrzǎːɲe/
6975	titula	title	/tîtula/
6976	guru	guru	/ˈɡurʊ/
6977	tamni	dark, gloomy, dim	/ˈtamnɪ/
6978	klinka	a small girl	/klîːnka/
6979	beton	concrete	/bětoːn/
6980	tradicionalno	traditionally	/trâdit͡sionaːlno/
6981	palimo	to kindle, light, set fire to	/ˈpalɪmo/
6982	jedro	sail	/jêdro/
6983	plesač	dancer	/plěsaːt͡ʃ/
6984	iskupiti	to ransom, to buy out, to redeem	/iskǔːpiti/
6985	seoski	rural, village, country	/sěoskiː/
6986	kravo	cow	/ˈkravo/
6987	zgrabiti	to seize, grip, grab, grasp, clutch	/zɡrâbiti/
6988	trakom	ray	/ˈtrakom/
6989	profesori	professor	/ˈprofɛˌsorɪ/
6990	željeti	to wish, desire	/ʒěʎeti/
6991	tavan	attic	/tǎʋan/
6992	motocikl	motorcycle	/motot͡sǐkl̩/
6993	pravno	legally, juridically	/prâːʋno/
6994	sitniš	coins	/sǐtniːʃ/
6995	stajalo	to stop	/ˈstɑjɐlo/
6996	vrane	black, raven-colored	/ˈvranɛ/
6997	dugmad	buttons	/dûɡmaːd/
6998	sedamdeset	seventy	/ˈsɛdɐmˌdɛsɛt/
6999	mori	an anxiety-inducing concern, a hardship	/ˈmorɪ/
7000	poveli	to lead	/ˈpovɛlɪ/
7001	poslastica	delicacy	/pǒslastit͡sa/
7002	petorica	five men	/petǒrit͡sa/
7003	bandit	bandit	/bǎndiːt/
7004	posljedica	consequence	/pǒsʎedit͡sa/
7005	prelazak	crossing	/prělazak/
7006	mornaricu	navy	/ˈmornɑˌrɪtsʊ/
7007	nitkov	scoundrel	/nǐtkoːʋ/
7008	kontejnera	dumpster	/ˈkontejˌnɛrɐ/
7009	prahu	to wash	/ˈprahʊ/
7010	lakat	elbow	/lâkat/
7011	idol	idol	/ǐdoːl/
7012	posjeta	visit	/pôsjeta/
7013	domova	home, house	/ˈdomovɐ/
7014	dečakom	a boy, youngster	/ˈdɛtʃɐkom/
7015	prelom	fracture, break	/prěːlom/
7016	len	alternative form of lijen	/ˈlɛn/
7017	povetarac	breeze	/poʋetǎːrat͡s/
7018	moguć	possible	/môɡuːt͡ɕ/
7019	spektakularno	spectacularly	/spêktakulaːrno/
7020	petsto	five hundred	/ˈpɛtsto/
7021	medvjed	bear	/mědʋjed/
7022	trgovački	as a merchant	/tř̩ɡoʋat͡ʃkiː/
7023	anomalija	anomaly	/anomǎlija/
7024	radaru	radar	/ˈradɑrʊ/
7025	babi	grandmother	/ˈbabɪ/
7026	svedočiti	to witness, testify	/sʋedǒt͡ʃiti/
7027	mladoj	young	/ˈmladoj/
7028	kamin	hearth, fireplace	/kǎmiːn/
7029	popuniti	to fill	/pǒpuniti/
7030	kore	to scold, reprimand, criticize	/ˈkorɛ/
7031	meteor	meteor	/metěoːr/
7032	šetali	to walk, stroll	/ˈʃɛtɐlɪ/
7033	usprkos	despite, in spite of	/ûsprkos/
7034	kanu	canoe	/kǎnuː/
7035	široka	broad, wide	/ˈʃirokɐ/
7036	trojke	three	/ˈtrojkɛ/
7037	osnovnoj	basic, fundamental, primary	/ˈosnovnoj/
7038	razini	level	/ˈrazɪnɪ/
7039	borićemo	to fight, struggle	/ˈborɪtˌɕɛmo/
7040	doručkom	breakfast	/ˈdorʊtʃkom/
7041	musliman	a male follower of Islam; a Muslim	/muslǐmaːn/
7042	naručje	space inside one’s embracing arms; bosom, arms, embrace	/nǎːruːt͡ʃje/
7043	fantom	phantom	/fǎntoːm/
7044	pire	mash	/ˈpirɛ/
7045	najam	rent, lease	/nǎːjam/
7046	stabilnost	stability	/stabǐːlnoːst/
7047	pobjeđuje	to conquer, overcome	/ˈpobjedˌʑʊje/
7048	entuzijazam	enthusiasm	/entuzijǎzam/
7049	tašna	bag	/tǎʃna/
7050	dolaskom	arrival, advent	/ˈdolɐskom/
7051	maniri	manners	/ˈmanɪrɪ/
7052	maler	painter	/ˈmalɛr/
7053	tužitelj	prosecutor	/tǔʒiteʎ/
7054	kuge	plague	/ˈkuɡɛ/
7055	komičar	comedian	/kǒmit͡ʃaːr/
7056	šamar	slap, blow	/ʃǎmar/
7057	pripadnik	member	/prǐpadniːk/
7058	korov	weed	/kǒːroʋ/
7059	simptom	symptom	/sǐmptoːm/
7060	mučila	to torture, torment	/ˈmutʃɪlɐ/
7061	oraha	walnut	/ˈorɐhɐ/
7062	kida	to tear, tear off, break	/ˈkidɐ/
7063	nastavnica	teacher	/ˈnastɐvˌnɪtsɐ/
7064	vratar	janitor, porter, doorman	/ʋrǎtaːr/
7065	uspon	rise, ascent	/ǔːspon/
7066	izravno	directly, straight	/îzraːʋno/
7067	domom	home, house	/ˈdomom/
7068	prelaz	crossing	/prěːlaz/
7069	pretraga	search	/prêtraɡa/
7070	smireni	calm, serene	/ˈsmirɛnɪ/
7071	družina	troupe, band	/drǔʒina/
7072	epidemija	epidemic	/epiděmija/
7073	ženio	to marry	/ˈʒɛnɪo/
7074	predah	break, time-out, pause	/ˈprɛdɐh/
7075	vosak	wax	/ʋôsak/
7076	prosti	common, plain, vulgar, ignoble	/ˈprostɪ/
7077	raspasti	to decay, decompose	/rǎspasti/
7078	patetičan	pathetic	/patětit͡ʃan/
7079	pripremljen	prepared, ready	/ˈpriprɛmʎen/
7080	fokusirati	to focus	/fokusǐːrati/
7081	mator	old	/ˈmator/
7082	kovač	smith	/kǒʋaːt͡ʃ/
7083	profesorom	professor	/ˈprofɛˌsorom/
7084	slogan	slogan	/slǒɡaːn/
7085	lepoj	nice, pretty	/ˈlɛpoj/
7086	vjera	belief, faith	/ʋjêra/
7087	žuriti	to hurry, rush	/ʒǔːriti/
7088	žeđ	thirst	/ʒêːd͡ʑ/
7089	truba	trumpet	/ˈtrubɐ/
7090	suočava	to confront	/ˈsuotˌʃɐvɐ/
7091	tanak	thin	/tânak/
7092	bora	wrinkle	/bǒːra/
7093	zeko	hare, bunny	/zěːko/
7094	sanke	sledge	/ˈsaŋkɛ/
7095	smak	end, termination	/ˈsmak/
7096	medvede	bear	/ˈmɛdvɛdɛ/
7097	odnekud	from somewhere	/ǒdnekud/
7098	sedmoro	seven persons of different gender/sex	/ˈsɛdmoro/
7099	dinar	a small amount of money in general	/ˈdinɑr/
7100	ubola	to sting, prick	/ˈubolɐ/
7101	stopu	foot	/ˈstopʊ/
7102	rode	gender	/ˈrodɛ/
7103	zaraza	contagion	/zâːraza/
7104	džungla	jungle	/d͡ʒǔnɡla/
7105	klasičan	classical	/klǎsit͡ʃan/
7106	posmatrač	observer, onlooker	/ˈposmɐtrɐtʃ/
7107	fenomenalan	phenomenal	/fênomenaːlan/
7108	spreda	in front, ahead	/sprěːda/
7109	ćelav	bald	/t͡ɕêlaʋ/
7110	takozvani	so-called	/takǒzʋaːniː/
7111	mokri	wet	/ˈmokrɪ/
7112	valcer	waltz	/ˈvaltsɛr/
7113	bluz	blues	/blûːz/
7114	mamurluk	hangover	/mamǔrluk/
7115	šljam	rabble, scum	/ʃʎâm/
7116	željan	eager, anxious	/ʒêʎan/
7117	nesvest	unconsciousness, faint	/nêsʋeːst/
7118	repu	tail	/ˈrɛpʊ/
7119	proizvodnja	production	/proizʋǒdɲa/
7120	ceniti	to value, appreciate	/t͡sěːniti/
7121	napredovati	to make progress, progress, advance	/nǎpredoʋati/
7122	invalid	invalid	/inʋǎliːd/
7123	mokre	wet	/ˈmokrɛ/
7124	smrtonosan	lethal, fatal, deadly	/smrtǒnosan/
7125	dužina	line segment	/duʒǐna/
7126	socijalno	socially	/sôt͡sijaːlno/
7127	plaćali	to pay	/ˈplatɕɐlɪ/
7128	krštenje	baptism	/kr̩ʃtěːɲe/
7129	džinovski	colossally	/d͡ʒînoʋskiː/
7130	uboda	sting, stab, prick	/ˈubodɐ/
7131	istraživački	exploratory	/istraʒǐʋaːt͡ʃkiː/
7132	azil	asylum	/ǎziːl/
7133	nadležnost	jurisdiction	/nǎːdleʒnoːst/
7134	raspraviti	to discuss, debate	/rǎspraʋiti/
7135	tiču	to touch	/ˈtitʃʊ/
7136	impresivan	impressive	/împresiːʋan/
7137	svetica	holy woman, female saint	/sʋětit͡sa/
7138	melodija	melody	/měloːdija/
7139	vrana	crow	/ʋrâna/
7140	juli	July	/jûːli/
7141	meki	soft	/ˈmɛkɪ/
7142	fetus	fetus	/fěːtus/
7143	komunicirati	to communicate	/komunit͡sǐːrati/
7144	teram	to force, make	/ˈtɛrɐm/
7145	ocena	grade, mark	/ôt͡sena/
7146	maramica	handkerchief	/mǎramit͡sa/
7147	meniju	menu	/ˈmɛnɪjʊ/
7148	koncentracija	concentration	/kont͡sentrǎːt͡sija/
7149	prolaziti	to pass, go	/prǒlaziti/
7150	blisko	closely, well, privately, intimately	/blîsko/
7151	pera	feather, plume	/ˈpɛrɐ/
7152	juriti	to run at full/top speed, rush, race	/jǔːriti/
7153	džak	sack, bag	/d͡ʒâːk/
7154	fitilj	fuse	/fǐtiːʎ/
7155	bučno	noisily	/bût͡ʃno/
7156	molba	request, plea	/mǒlba/
7157	hemijski	chemical	/xěːmiːjskiː/
7158	kokoška	hen	/kǒkoːʃka/
7159	izbaviti	to free, liberate	/ǐzbaʋiti/
7160	radijacija	radiation	/ˈradɪˌjɐtsɪjɐ/
7161	ozljeda	injury, wound	/ôzʎeda/
7162	mirne	motionless	/ˈmirnɛ/
7163	talac	hostage	/tǎːlat͡s/
7164	pojaviće	to appear, emerge	/ˈpojɐˌvɪtɕɛ/
7165	krvav	bloody	/kr̂ʋaʋ/
7166	odlučnost	decisiveness	/odlǔːt͡ʃnoːst/
7167	tvorac	creator, maker, producer	/tʋǒːrat͡s/
7168	petice	five	/ˈpɛtɪtsɛ/
7169	sumnjičav	suspicious, distrustful, mistrustful	/sǔmɲit͡ʃaʋ/
7170	spektakl	spectacle	/spektǎkl̩/
7171	seku	to cut, chop, chip, hew	/ˈsɛkʊ/
7172	lezbijka	lesbian	/ˈlɛzbɪjkɐ/
7173	ribar	fisherman	/ˈribɑr/
7174	torpedo	torpedo	/torpěːdo/
7175	tajmer	timer	/tǎjmer/
7176	krš	karst	/kr̂ʃ/
7177	kana	henna	/kâna/
7178	cvijet	flower	/t͡sʋjêːt/
7179	bizarno	bizarre	/ˈbizɑrno/
7180	obnoviti	to restore, renovate	/obnǒʋiti/
7181	filter	filter	/fǐlter/
7182	učešće	participation, involvement, part	/ǔt͡ʃeːʃt͡ɕe/
7183	nekuda	somewhere	/nêkuda/
7184	senf	mustard	/sênf/
7185	manevar	maneuver	/mǎneːʋar/
7186	draži	dear	/ˈdraʒɪ/
7187	mal	small	/mâːl/
7188	rođeno	born	/ˈrodʑɛno/
7189	bridž	bridge	/brîd͡ʒ/
7190	nokat	nail	/nôkat/
7191	rijeka	river	/rjěːka/
7192	uvjetima	condition, requirement	/ˈuvjeˌtɪmɐ/
7193	praska	crack, bang	/ˈpraskɐ/
7194	lopti	ball	/ˈloptɪ/
7195	brana	dam	/brǎːna/
7196	ljuto	angrily	/ʎûːto/
7197	spasitelj	savior	/ˈspasɪtɛʎ/
7198	parazit	parasite	/parǎziːt/
7199	slonova	elephant	/ˈslonovɐ/
7200	savjest	conscience	/sǎːʋjest/
7201	sišli	to descend, get down, come down	/ˈsiʃlɪ/
7202	sjećati	to remember	/sjêt͡ɕati/
7203	kune	marten	/ˈkunɛ/
7204	jama	excavation, hole, cavity	/jâma/
7205	zreo	ripe	/zrêo/
7206	dereš	to tear, pull apart	/ˈdɛrɛʃ/
7207	gadi	to disgust, nauseate	/ˈɡadɪ/
7208	primijetiti	to notice, observe	/primjěːtiti/
7209	djevica	virgin	/ˈdjevɪtsɐ/
7210	šema	scheme, model, plan, outline, sketch	/ʃěːma/
7211	doktorat	doctorate, doctoral degree	/doktǒraːt/
7212	uvaliti	to sprawl	/uʋǎːliti/
7213	plav	blue	/plâːʋ/
7214	prozorima	window	/ˈprozoˌrɪmɐ/
7215	akumulator	battery	/akumǔlaːtor/
7216	poštanski	mail/post	/pôʃtanskiː/
7217	hemikalija	chemical	/xemikǎlija/
7218	rikverc	backwards	/ˈrikvɛrts/
7219	težini	weight	/ˈtɛʒɪnɪ/
7220	loži	to stoke	/ˈloʒɪ/
7221	prošlošću	instrumental singular of prȍšlōst	/ˈproʃloʃtɕʊ/
7222	razočaranje	disappointment, disillusionment	/razot͡ʃarǎːɲe/
7223	dil	deal	/ˈdil/
7224	ravnoteža	balance, as in neutrality	/raʋnotěːʒa/
7225	meli	to sweep	/ˈmɛlɪ/
7226	traktor	tractor	/ˈtraktor/
7227	ropstvo	slavery	/rǒpstʋo/
7228	filozof	philosopher	/filǒzof/
7229	mračan	dark, gloomy	/mrǎːt͡ʃan/
7230	genijalan	ingenious, brilliant	/ɡênijaːlan/
7231	truli	rotten	/ˈtrulɪ/
7232	evakuacija	evacuation	/eʋakuǎːt͡sija/
7233	otmičar	kidnapper	/ǒtmit͡ʃaːr/
7234	izraziti	to express	/izrǎːziti/
7235	biber	pepper	/bǐber/
7236	kilo	hernia	/ˈkilo/
7237	kosku	a big bone	/ˈkoskʊ/
7238	pingvin	penguin	/ˈpiŋɡvɪn/
7239	čudesan	marvelous, stupendous	/t͡ʃûdesan/
7240	inostranstvo	abroad, foreign countries	/inostrǎːnstʋo/
7241	zelen	green	/zělen/
7242	vječnost	eternity	/ˈvjetʃnost/
7243	bogalj	cripple	/bôɡaːʎ/
7244	govornik	orator	/ɡǒʋoːrniːk/
7245	kvaka	handle	/kʋâka/
7246	potpun	total, complete, full	/pǒtpun/
7247	posude	dish, plate	/ˈposʊdɛ/
7248	sarkazam	sarcasm	/ˈsɑrkɐzɐm/
7249	diva	alternative form of díba	/dǐːʋa/
7250	parkirati	to park	/parkǐːrati/
7251	doktorica	doctor	/dôktorit͡sa/
7252	ničiji	no one's, nobody's	/nît͡ʃijiː/
7253	bacali	masculine plural active past participle of bacati	/ˈbatsɐlɪ/
7254	krvoproliće	bloodshed	/kr̩ʋoprolǐːt͡ɕe/
7255	tel	silver or golden thread or string for sewing or embroidering	/têl/
7256	tačaka	dot, period	/ˈtatʃɐkɐ/
7257	crven	red	/tsřʋen/
7258	nekud	somewhere	/nêkud/
7259	krivina	curve, bend	/kriʋǐna/
7260	zatražiti	to request, ask for, seek	/zatrǎːʒiti/
7261	bogataš	rich man	/ˈboɡɐtɐʃ/
7262	plemenit	noble	/pleměnit/
7263	siromaštvo	poverty	/siromǎːʃtʋo/
7264	ljepota	beauty	/ʎepǒta/
7265	dese	to happen, occur	/ˈdɛsɛ/
7266	skromno	humbly, modestly	/skrômno/
7267	retke	rare	/ˈrɛtkɛ/
7268	staratelj	guardian, tutor	/ˈstɑrɐtɛʎ/
7269	razdoblje	period, era, epoch	/rǎːzdoːbʎe/
7270	oltar	altar	/ǒltaːr/
7271	polovica	half	/polǒʋit͡sa/
7272	odmarati	to rest, refresh, relax	/odmǎːrati/
7273	tinejdžerka	teenager	/ˈtinejdˌʒɛrkɐ/
7274	slavim	to celebrate, glorify	/ˈslavɪm/
7275	sklonost	inclination, affinity, propensity	/sklônoːst/
7276	krišom	secretly	/krîːʃom/
7277	kritično	critically	/krǐtit͡ʃno/
7278	narodom	people	/ˈnɑrodom/
7279	kvart	neighborhood, area	/kʋârt/
7280	bolan	painful	/bôːlan/
7281	maćeha	stepmother	/mât͡ɕexa/
7282	divljak	savage	/dǐʋʎaːk/
7283	elektronski	electronic	/elěktroːnskiː/
7284	joga	yoga	/jǒːɡa/
7285	arapski	Arab	/ǎrapskiː/
7286	dimnjak	chimney	/ˈdimɲɐk/
7287	stupa	A mortar	/stûpa/
7288	ren	horseradish	/rên/
7289	gumb	button	/ɡûmb/
7290	nastradati	to die, perish	/nastrǎːdati/
7291	dignem	to lift, raise, elevate	/ˈdiɡnɛm/
7292	losion	lotion	/losǐoːn/
7293	kristalno	crystally	/krǐstaːlno/
7294	krađi	theft	/ˈkradʑɪ/
7295	uspostaviti	to establish something for a longer period	/uspǒstaʋiti/
7296	gulaš	goulash	/ɡûlaːʃ/
7297	stijena	rock	/stjěːna/
7298	visokoj	high, tall	/ˈvisokoj/
7299	surađivati	to collaborate	/surad͡ʑǐːʋati/
7300	visiš	to hang, be suspended	/ˈvisɪʃ/
7301	nadom	hope	/ˈnadom/
7302	neš	something	/nêʃ/
7303	trkač	runner	/tř̩kaːt͡ʃ/
7304	fizika	physics	/fǐzika/
7305	suprotnost	opposition, contrast	/ˈsuprotnost/
7306	vedra	clear	/ˈvɛdrɐ/
7307	nega	care, nursing	/nêɡa/
7308	definicija	definition	/definǐːt͡sija/
7309	sajmu	fair, exhibition, market	/ˈsɑjmʊ/
7310	sućut	condolences	/sût͡ɕuːt/
7311	fontana	fountain	/fǒntaːna/
7312	zapisati	to write down, record	/zapǐːsati/
7313	vežeš	to bind, fasten, tie	/ˈvɛʒɛʃ/
7314	ekstazi	ecstasy	/ekstǎːzi/
7315	nemo	mutely, dumbly	/nêːmo/
7316	imejl	email	/ˈimejl̩/
7317	nadole	downward, down	/nǎdole/
7318	centimetar	centimetre	/t͡sěntimetar/
7319	poljski	in a Polish manner, as a Pole	/pôʎskiː/
7320	prisustvovati	to be present	/prǐsustʋoʋati/
7321	evolucija	evolution	/eʋolǔːt͡sija/
7322	obmana	deception	/ôbmana/
7323	kaputa	coat	/ˈkapʊtɐ/
7324	sinak	son	/sînak/
7325	rublja	ruble	/rûbʎa/
7326	prodavač	salesman	/prodǎʋaːt͡ʃ/
7327	kostur	skeleton	/kôstuːr/
7328	svirku	gig	/ˈsvirkʊ/
7329	administracija	administration	/administrǎːt͡sija/
7330	rutinski	routine	/rǔtiːnskiː/
7331	zlatan	golden	/zlǎːtan/
7332	zdravstveni	health; sanitary	/zdrǎʋstʋeniː/
7333	patuljka	dwarf, gnome, midget	/ˈpatʊʎkɐ/
7334	žito	cereal, grain	/ʒîto/
7335	zagrliti	to hug	/zǎɡrliti/
7336	plina	gas	/ˈplinɐ/
7337	iznimno	exceptionally	/ǐzniːmno/
7338	vašar	fair, market	/ʋǎːʃar/
7339	bicikle	bicycle	/ˈbitsɪklɛ/
7340	čik	cigarette stub	/ˈtʃik/
7341	brend	brand	/brênd/
7342	dostići	alternative form of dostignuti	/dǒstit͡ɕi/
7343	agresivno	aggressively	/âɡresiːʋno/
7344	raspali	to decay, decompose	/ˈraspɐlɪ/
7345	pišati	to piss, to pee	/pǐʃati/
7346	marihuana	marijuana	/marixuǎna/
7347	guze	ass; asscheek	/ˈɡuzɛ/
7348	strašilo	scarecrow	/strâʃilo/
7349	lenj	lazy	/lêːɲ/
7350	bluza	blouse	/ˈbluzɐ/
7351	dres	tracksuit	/drês/
7352	kritičar	critic	/krǐtit͡ʃaːr/
7353	bledi	pale, pallid	/ˈblɛdɪ/
7354	diljem	throughout, all across	/dîːʎem/
7355	sunašce	the sun	/ˈsunɐʃtsɛ/
7356	grč	cramp	/ɡr̩̂t͡ʃ/
7357	namještaj	furniture	/nâmjeʃtaːj/
7358	kaka	poo, poop	/kǎːka/
7359	učitelji	teacher	/ˈutʃɪˌtɛʎɪ/
7360	vezala	to bind, fasten, tie	/ˈvɛzɐlɐ/
7361	fizičar	physicist	/ˈfizɪtʃɑr/
7362	sportom	sport	/ˈsportom/
7363	visim	to hang, be suspended	/ˈvisɪm/
7364	francuskinja	Frenchwoman	/frǎnt͡suskiɲa/
7365	šibica	match	/ʃîbit͡sa/
7366	tresem	to shake	/ˈtrɛsɛm/
7367	teror	terror	/těroːr/
7368	vučem	to drag, draw, pull	/ˈvutʃɛm/
7369	snabdevanje	verbal noun of snabdévati	/ˈsnabdɛˌvɐɲe/
7370	proljeće	spring	/prǒʎet͡ɕe/
7371	predvideti	to foresee, foretell, predict	/prědʋideti/
7372	profesoru	professor	/ˈprofɛˌsorʊ/
7373	sjeverno	north, northwards	/sjêʋeːrno/
7374	šofer	driver	/ʃǒfeːr/
7375	meksikanac	Mexican	/meksikǎːnat͡s/
7376	nadaren	talented, gifted	/nǎdaːren/
7377	pretjerano	excessively, unduly, too	/prětjeraːno/
7378	autopsija	autopsy	/autǒpsija/
7379	svojeg	one's own	/ˈsvojeɡ/
7380	kurcu	penis, dick, cock	/ˈkurtsʊ/
7381	sete	sorrow, melancholy	/ˈsɛtɛ/
7382	tajnica	female secretary	/tâːjnit͡sa/
7383	klopa	grub, chow	/klǒːpa/
7384	breme	burden, load	/brême/
7385	iznajmiti	to rent, lease	/iznǎːjmiti/
7386	aut	sideline marking the edge of a playing field or court, out…	/ˈaʊt/
7387	lojalan	loyal	/lǒjaːlan/
7388	zbor	meeting, gathering	/zbôːr/
7389	sivo	grey	/ˈsivo/
7390	profesija	profession	/profěsija/
7391	ujakom	maternal uncle	/ˈujɐkom/
7392	namirnica	foodstuff, grocery	/ˈnamɪrˌnɪtsɐ/
7393	flaster	plaster	/ˈflastɛr/
7394	odrastem	to grow up	/ˈodrɐstɛm/
7395	močvara	swamp	/mǒt͡ʃʋara/
7396	naglavačke	headlong, headfirst	/naɡlaʋǎt͡ʃkeː/
7397	turci	Turk	/tûːrt͡si/
7398	krili	to hide, conceal	/ˈkrilɪ/
7399	uspješno	successfully	/ǔspjeʃno/
7400	osećajan	emotional	/ôset͡ɕaːjan/
7401	glasan	loud, noisy	/ɡlâsan/
7402	foka	seal	/fôka/
7403	garderoba	wardrobe	/ɡarderǒːba/
7404	smešak	smile	/směːʃak/
7405	prijenos	transfer, transport	/prijěːnos/
7406	rođene	born	/ˈrodʑɛnɛ/
7407	položiti	to lay, put, place	/polǒʒiti/
7408	okupiti	to gather, assemble, rally	/ǒkupiti/
7409	hipi	hippie, hippy	/xîpi/
7410	saradnja	collaboration	/sarǎdɲa/
7411	suprotstaviti	to oppose	/suprǒtstaʋiti/
7412	vilica	jaw	/ʋîlit͡sa/
7413	prljavština	filth	/prʎǎːʋʃtina/
7414	ambasada	embassy	/ambasǎːda/
7415	maločas	just a moment ago; recently	/mâlot͡ʃas/
7416	bubanj	drum	/bûːbaɲ/
7417	bespomoćan	helpless	/bêspomot͡ɕan/
7418	poslodavac	employer	/poslodǎːʋat͡s/
7419	ša	misspelling of š'a	/ʃâ/
7420	dohvatiti	to reach	/dǒxʋatiti/
7421	obrazovan	educated	/ǒbrazoʋaːn/
7422	kolja	haddock	/kôʎa/
7423	nekomu	dative of nȅtko / nȅko	/nêkomu/
7424	potresa	earthquake	/ˈpotrɛsɐ/
7425	izraze	expression	/ˈizrɐzɛ/
7426	automat	automaton	/autǒmaːt/
7427	iskusan	experienced	/îskuːsan/
7428	uobičajen	usual, customary, common	/uobǐt͡ʃaːjen/
7429	fila	stuffing	/ˈfilɐ/
7430	šetala	to walk, stroll	/ˈʃɛtɐlɐ/
7431	obavijestiti	to inform, let know, notify	/obaʋijěːstiti/
7432	garantovati	to guarantee	/ɡǎrantoʋati/
7433	ekspres	express	/ˈɛksprɛs/
7434	intimno	intimately	/întiːmno/
7435	marketing	marketing	/mǎrketinɡ/
7436	gozba	feast	/ɡǒzba/
7437	pasta	paste, polish	/pâsta/
7438	intuicija	intuition	/intuǐːt͡sija/
7439	forma	form, shape	/fôːrma/
7440	ambar	granary	/ˈambɑr/
7441	trajekt	ferry	/trǎjekt/
7442	oruđe	tool, instrument	/ǒruːd͡ʑe/
7443	neznanje	ignorance	/neznǎːɲe/
7444	panda	panda	/pǎːnda/
7445	sunđer	sponge	/sǔnd͡ʑer/
7446	karan	to scold	/ˈkɑrɐn/
7447	palčeve	thumb	/ˈpaltʃɛvɛ/
7448	odbrambeni	defensive, protective	/ǒdbrambeniː/
7449	pokazivati	to show, demonstrate	/pokazǐːʋati/
7450	kočnica	brake	/kôt͡ʃnit͡sa/
7451	drskost	insolence, impudence	/dr̂skoːst/
7452	jajeta	egg	/ˈjɑjetɐ/
7453	sipao	to sprinkle a granular substance	/ˈsipɐo/
7454	populacija	population	/populǎːt͡sija/
7455	putanja	trajectory	/pǔtaɲa/
7456	kaputu	coat	/ˈkapʊtʊ/
7457	mile	dear	/ˈmilɛ/
7458	faraon	pharaoh	/farǎoːn/
7459	uzrokovati	to cause, to induce, to trigger	/ǔːzrokoʋati/
7460	sanduče	box	/ˈsandʊtʃɛ/
7461	poštedeti	to spare	/poʃtěːdeti/
7462	sitan	tiny, small	/sǐtan/
7463	usko	narrow	/ˈusko/
7464	tenkova	tank	/ˈtɛŋkovɐ/
7465	vernik	believer	/ʋêːrniːk/
7466	iznevjeriti	to fail, betray	/izněʋjeriti/
7467	galerija	gallery	/ɡalěrija/
7468	retardiran	retarded	/retǎrdiːran/
7469	hlačama	dative/locative/instrumental of hlȁče	/ˈxlatʃɐmɐ/
7470	jade	misery	/ˈjadɛ/
7471	diskretan	discrete	/dǐskretan/
7472	tele	calf	/těle/
7473	nerado	unwillingly, reluctantly	/nêrado/
7474	paprikaš	paprikash	/pâprikaːʃ/
7475	književnost	literature	/kɲîʒeːʋnoːst/
7476	ruševina	ruin, wreck, wreckage	/rǔʃeʋina/
7477	klon	clone	/klôːn/
7478	losos	salmon	/lôsos/
7479	carica	czarina, tsarina	/t͡sârit͡sa/
7480	proučavanje	study	/prout͡ʃǎːʋaːɲe/
7481	opravdano	justifiably	/ǒpraːʋdano/
7482	ploči	tablet	/ˈplotʃɪ/
7483	deseti	tenth	/dêseti/
7484	mnome	me	/mnǒːme/
7485	neodoljiv	irresistible	/neodǒʎiʋ/
7486	španjolski	Spanish	/ʃpǎɲoːlskiː/
7487	stepenište	stairway	/ˈstɛpɛˌnɪʃtɛ/
7488	proglasiti	to declare, proclaim	/proɡlǎːsiti/
7489	či	if	/tʃi/
7490	diplomatski	diplomatically	/diplǒmatskiː/
7491	mjesečno	monthly, on a monthly basis	/mjêset͡ʃno/
7492	trn	thorn	/tr̂ːn/
7493	veselje	joy, delight, revel	/ʋesěːʎe/
7494	nadgledati	to supervise, oversee	/nadɡlěːdati/
7495	nem	mute, dumb	/nêːm/
7496	krupna	large, big, voluminous	/ˈkrupnɐ/
7497	odgovorno	responsibly	/ôdɡoʋoːrno/
7498	injekcija	injection	/injěkt͡sija/
7499	peticu	five	/ˈpɛtɪtsʊ/
7500	mumija	mummy	/mûːmija/
7501	klinjo	kid	/klǐːɲo/
7502	eks	in one gulp, bottoms up	/êks/
7503	pirat	pirate	/pǐraːt/
7504	limit	boundary	/ˈlimɪt/
7505	saga	saga	/sâːɡa/
7506	rođakom	relative, cousin	/ˈrodʑɐkom/
7507	čestitati	to congratulate	/t͡ʃestǐːtati/
7508	bljesak	flash	/ˈbʎesɐk/
7509	stanar	tenant	/stǎnaːr/
7510	početni	initial, beginning	/pǒt͡ʃetniː/
7511	div	giant	/dîʋ/
7512	kašnjenje	verbal noun of kasniti impf: delaying, delay	/kâʃɲeːɲe/
7513	šalom	joke	/ˈʃalom/
7514	turneja	tour	/turněːja/
7515	vojvotkinja	duchess	/ʋǒjʋotkiɲa/
7516	ekspedicija	expedition	/ekspedǐːt͡sija/
7517	ada	island, eyot	/ǎda/
7518	šaliti	to joke; to joke around	/ʃâliti/
7519	bordel	brothel	/bǒrdel/
7520	optužbama	accusation, charge, indictment	/ˈoptʊʒˌbɐmɐ/
7521	poseda	possession, ownership	/ˈposɛdɐ/
7522	sonda	a probe	/ˈsondɐ/
7523	jebač	fucker	/jěbaːt͡ʃ/
7524	smetao	to mind, care about	/ˈsmɛtɐo/
7525	dijeta	diet	/ˈdijetɐ/
7526	razotkriti	to reveal, uncover	/razǒtkriti/
7527	šablon	alternative form of šablona	/ʃablon/
7528	primjerak	copy	/prǐːmjerak/
7529	groznu	terrible, awful, horrible	/ˈɡroznʊ/
7530	doručku	breakfast	/ˈdorʊtʃkʊ/
7531	bubnjevi	drum	/ˈbubɲevɪ/
7532	objesiti	to hang	/ǒbjesiti/
7533	kas	A trot	/kâːs/
7534	kugu	plague	/ˈkuɡʊ/
7535	klincem	kid, child	/ˈklintsɛm/
7536	uvuci	to pull in, draw in	/ˈuvʊtsɪ/
7537	kopanje	digging	/ˈkopɐɲe/
7538	prekršiti	to violate, transgress	/prekřːʃiti/
7539	dalek	far, distant	/dǎlek/
7540	oslonac	support	/ǒslonat͡s/
7541	vucite	to drag, draw, pull	/ˈvutsɪtɛ/
7542	šankom	bar	/ˈʃaŋkom/
7543	svila	silk	/sʋǐːla/
7544	neodgovorno	irresponsibly	/nêodɡoʋoːrno/
7545	pokrivati	to cover	/pokrǐːʋati/
7546	vidjelo	scope of view or visibility	/ʋîdjelo/
7547	čistačica	cleaner	/t͡ʃistǎt͡ʃit͡sa/
7548	leglo	brood	/ˈlɛɡlo/
7549	olovo	lead	/ôloʋo/
7550	teža	gravitation	/těːʒa/
7551	bež	beige, of beige colour	/ˈbɛʒ/
7552	pečena	roasted	/ˈpɛtʃɛnɐ/
7553	mutno	unclear, vague, opaque	/ˈmutno/
7554	dižeš	to lift, raise, elevate	/ˈdiʒɛʃ/
7555	sumnji	doubt, suspicion	/ˈsumɲɪ/
7556	osnivač	founder	/osnǐʋaːt͡ʃ/
7557	retki	rare	/ˈrɛtkɪ/
7558	krpa	rag, tatter	/kr̩̂pa/
7559	krajeve	end, ending	/ˈkrɑjevɛ/
7560	razviti	to develop	/rǎzʋiti/
7561	ujela	to bite	/ˈujelɐ/
7562	balans	balance	/bǎlans/
7563	udes	fate, destiny	/ˈudɛs/
7564	klopka	snare, trap	/klôpka/
7565	aktivno	actively	/âktiːʋno/
7566	savetovanje	counseling	/ˈsavɛˌtovɐɲe/
7567	prao	to wash	/ˈprao/
7568	uznemiriti	to disturb, upset, bother, trouble	/uznemǐːriti/
7569	obogatiti	to enrich	/obǒɡatiti/
7570	napredovanje	advancement, progress	/nǎpredoʋaːɲe/
7571	muci	pain	/ˈmutsɪ/
7572	brojati	to count, number, enumerate	/brǒjati/
7573	sotona	satan	/ˈsotonɐ/
7574	znanstvenik	scientist	/znǎnstʋeniːk/
7575	ekonomski	economically	/ekǒnomskiː/
7576	ulaznica	ticket	/ǔlaznit͡sa/
7577	gospon	mister	/ˈɡospon/
7578	izliječiti	to heal, cure	/izljěːt͡ʃiti/
7579	varati	to cheat, deceive, trick, swindle	/ʋârati/
7580	dušek	mattress	/ˈduʃɛk/
7581	postignem	to achieve, accomplish	/ˈpostɪɡnɛm/
7582	loze	vine	/ˈlozɛ/
7583	krumpir	potato	/krǔmpiːr/
7584	bistra	clear, clean	/ˈbistrɐ/
7585	deveti	ninth	/dêʋeti/
7586	kameni	stone	/kâmeniː/
7587	predloga	proposal, proposition	/ˈprɛdloɡɐ/
7588	hitni	urgent	/ˈxitnɪ/
7589	plavoj	blue	/ˈplavoj/
7590	karika	link	/kǎrika/
7591	pouzdano	reliably	/pǒuzdaːno/
7592	mio	dear	/mîo/
7593	klasik	classic	/klǎsik/
7594	posudi	dish, plate	/ˈposʊdɪ/
7595	kutu	corner	/ˈkutʊ/
7596	arterija	artery	/ǎrteːrija/
7597	časne	honorable	/ˈtʃasnɛ/
7598	bleda	pale, pallid	/ˈblɛdɐ/
7599	vlakana	fibre, fiber	/ˈvlakɐnɐ/
7600	kisik	oxygen	/kǐsiːk/
7601	šaljivdžija	jokester	/ʃaʎǐʋd͡ʒija/
7602	sekira	axe	/sěkira/
7603	dobitnik	winner	/ˈdobɪtnɪk/
7604	jednak	equal, identical, same	/jêdnaːk/
7605	prugu	stripe, bind, line	/ˈpruɡʊ/
7606	krademo	to steal	/ˈkradɛmo/
7607	petica	five	/pětit͡sa/
7608	realan	realistic	/rêaːlan/
7609	nepravda	injustice	/ˈnɛprɐvdɐ/
7610	smjena	shift	/smjêna/
7611	napadaj	seizure, attack, onset	/nâpadaːj/
7612	arsenal	arsenal	/arsěnaːl/
7613	prepala	to frighten, scare	/ˈprɛpɐlɐ/
7614	vrtić	kindergarten	/ʋř̩tit͡ɕ/
7615	vedro	sunnily, brightly	/ʋedr̩o/
7616	zov	call, calling	/zôːʋ/
7617	suvi	dry, dried	/ˈsuvɪ/
7618	udate	married	/ˈudɐtɛ/
7619	razmak	interval	/rǎːzmak/
7620	suseda	neighbour	/ˈsusɛdɐ/
7621	sjeme	seed	/sjême/
7622	funkcionisati	to work	/funkt͡siǒnisati/
7623	bala	bale, bundle, pack	/bâla/
7624	štand	stall, booth, bench, stand	/ʃtând/
7625	sunčev	sunny, referring to the sun	/ˈsuntʃɛv/
7626	kaplar	corporal	/kâplaːr/
7627	islam	Islam	/ǐslaːm/
7628	uske	narrow	/ˈuskɛ/
7629	varate	to cheat, deceive, trick, swindle	/ˈvɑrɐtɛ/
7630	uzvodno	upstream	/ǔzʋodno/
7631	kazati	to say, to state	/kǎːzati/
7632	pres	press	/prês/
7633	paluba	deck	/pâluba/
7634	jasmin	jasmine	/jǎsmiːn/
7635	olupina	wreckage, wreck	/ǒlupina/
7636	vrtlog	whirlpool, maelstrom	/ʋřtloɡ/
7637	ustaješ	to stand up, rise	/ˈustɑjeʃ/
7638	algoritam	algorithm	/alɡorǐtam/
7639	ometati	to disrupt, hamper, hinder, interfere with	/oměːtati/
7640	dijalog	dialogue	/dijǎloɡ/
7641	osramotiti	to disgrace, bring shame, ashame	/osramǒtiti/
7642	cista	road	/t͡sîsta/
7643	majčin	mother; mother's	/mâːjt͡ʃiːn/
7644	podsjetiti	to remind	/pǒdsjetiti/
7645	različit	different	/rǎːzlit͡ʃit/
7646	dokažu	to prove	/ˈdokɐʒʊ/
7647	favorit	favourite	/faʋǒriːt/
7648	griz	bite	/ɡrîːz/
7649	radnica	worker	/râːdnit͡sa/
7650	podsetiti	to remind	/pǒdsetiti/
7651	uspavati	to put to sleep	/uspǎːʋati/
7652	uglom	corner	/ˈuɡlom/
7653	škoditi	to harm, hurt	/ʃkôditi/
7654	teku	to flow, stream, pass, course, flux	/ˈtɛkʊ/
7655	srati	to shit, to defecate	/srâti/
7656	kupola	cupola	/kǔpola/
7657	zameriti	to reproach, criticize, condemn, find faults with	/zǎːmeriti/
7658	višu	feminine accusative singular of viši	/ˈviʃʊ/
7659	zadnjica	butt, buttocks	/zâdɲit͡sa/
7660	miraz	dowry	/mîraːz/
7661	ratovima	war	/ˈratoˌvɪmɐ/
7662	digitalni	digital	/dîɡitaːlniː/
7663	prosjak	beggar	/prôsjaːk/
7664	premjestiti	to relocate, shift, displace	/prěmjestiti/
7665	pejzaž	landscape	/pějzaːʒ/
7666	besom	rage	/ˈbɛsom/
7667	zastrašujući	fearsome	/ˈzastrɐˌʃʊjʊtɕɪ/
7668	amo	hither, here	/âːmo/
7669	plesni	mildew, mold	/ˈplɛsnɪ/
7670	raznijeti	to carry off	/rǎznijeːti/
7671	zvezdica	a small star	/zʋězdit͡sa/
7672	odoleti	to resist, withstand	/odǒleti/
7673	trga	square	/ˈtrɡa/
7674	korena	root	/ˈkorɛnɐ/
7675	beskonačno	endlessly, infinitely	/beskǒnat͡ʃno/
7676	balkon	balcony	/bǎlkoːn/
7677	mol	dock, pier	/môːl/
7678	devedeset	ninety	/ˈdɛvɛˌdɛsɛt/
7679	snajper	a long-range small arms for precise attacks	/ˈsnɑjpɛr/
7680	poželjeti	to wish	/poʒěʎeti/
7681	donator	donor, donator	/dǒnaːtor/
7682	poslovanje	doing business, business activity, dealings	/posloʋǎːɲe/
7683	ugljen	coal, charcoal	/ûɡʎeːn/
7684	žig	stamp, brand	/ʒîːɡ/
7685	elektricitet	electricity	/elektrit͡sǐteːt/
7686	bočica	a small bottle; a vial	/bôt͡ʃit͡sa/
7687	umetnica	artist	/ǔmetnit͡sa/
7688	prosek	average, mean	/ˈprosɛk/
7689	zarađivati	to earn	/zarad͡ʑǐːʋati/
7690	idiotski	idiotically	/idǐotskiː/
7691	organizirati	to organize	/orɡanizǐːrati/
7692	vegetarijanac	vegetarian	/ʋeɡetarijǎːnat͡s/
7693	strelu	arrow	/ˈstrɛlʊ/
7694	povučen	solitary, unsociable, withdrawn, private	/poʋǔt͡ʃen/
7695	mimo	by, past	/mîmo/
7696	pidžama	pajamas; pyjamas	/pid͡ʒǎːma/
7697	skuter	scooter	/skûter/
7698	veštački	artificially	/ʋěʃtaːt͡ʃkiː/
7699	poraditi	to make an effort, exert oneself, go out of one's way, make…	/porǎːditi/
7700	suve	dry, dried	/ˈsuvɛ/
7701	upravljač	steering wheel	/uprǎʋʎaːt͡ʃ/
7702	lom	fracture	/lôːm/
7703	zimski	winter	/zîːmskiː/
7704	efikasan	effective, efficient	/êfikasan/
7705	milostiv	merciful	/mǐlostiːʋ/
7706	naredni	following, next	/nǎːredniː/
7707	uredan	tidy, neat	/ûredan/
7708	indijanski	in an Indian manner, as an Indian	/indǐjaːnskiː/
7709	građe	building material, fabric	/ˈɡradʑɛ/
7710	baksuz	jinx, bad luck	/ˈbaksʊz/
7711	remen	belt, girdle	/rêmeːn/
7712	nepoznatom	unknown	/ˈnɛpozˌnɐtom/
7713	svetionik	lighthouse	/sʋetiǒniːk/
7714	amajlija	amulet	/amǎjlija/
7715	rub	rim	/rûːb/
7716	članstvo	membership	/t͡ʃlǎnstʋo/
7717	visost	highness	/ˈvisost/
7718	kapacitet	capacity, capability, ability	/kapat͡sǐteːt/
7719	samopoštovanje	self-respect	/samopoʃtoʋǎːɲe/
7720	čep	cork, stopper, cap	/t͡ʃêp/
7721	napeti	to tighten, tense, strain	/nǎpeːti/
7722	žurio	to hurry, rush	/ˈʒurɪo/
7723	temelje	foundation	/ˈtɛmɛʎe/
7724	točan	exact, accurate	/tôt͡ʃan/
7725	bubnjar	drummer	/bǔbɲaːr/
7726	nelagodno	uncomfortably, uneasily, awkwardly	/nêlaɡodno/
7727	dragom	bay, gulf	/ˈdraɡom/
7728	haker	hacker	/xâker/
7729	oštri	sharp	/ˈoʃtrɪ/
7730	srebrna	feminine nominative/vocative singular of srȅbrn	/ˈsrɛbrnɐ/
7731	smelo	brave, bold, courageous	/ˈsmɛlo/
7732	zaspali	to fall asleep	/ˈzaspɐlɪ/
7733	žvaka	chewing gum	/ʒʋǎːka/
7734	jame	excavation, hole, cavity	/ˈjamɛ/
7735	palca	genitive singular of pȁlac	/ˈpaltsɐ/
7736	pojedinačno	individually	/pojedǐnat͡ʃno/
7737	zabavom	fun, amusement	/ˈzabɐvom/
7738	polomiti	to thrash	/polǒmiti/
7739	ovdašnji	belonging to or living in this place, town, etc.; local	/ǒʋdaʃɲiː/
7740	tanjur	plate, dish	/tǎɲuːr/
7741	ograničenje	constraint, restriction, limitation	/oɡranit͡ʃěːɲe/
7742	tučeš	to beat, thrash	/ˈtutʃɛʃ/
7743	sprava	device, gadget	/sprâʋa/
7744	kuvati	to cook	/kûʋati/
7745	niza	array, sequence, series	/ˈnizɐ/
7746	rusku	Russian	/ˈruskʊ/
7747	koljeno	knee	/kǒʎeno/
7748	papagaj	parrot	/papǎɡaj/
7749	britanac	Briton	/britǎːnat͡s/
7750	krevetom	bed	/ˈkrɛvɛtom/
7751	organski	organic	/ǒrɡaːnskiː/
7752	guska	goose	/ˈɡuskɐ/
7753	robinja	slave	/rǒbiɲa/
7754	razlikovati	to differ, distinguish, differentiate	/rǎːzlikoʋati/
7755	bos	barefoot	/bôːs/
7756	ribi	fish	/ˈribɪ/
7757	momčad	team, crew	/mômt͡ʃaːd/
7758	sklopiti	to fold, fold up	/sklǒpiti/
7759	tuči	fight, melee	/ˈtutʃɪ/
7760	prekidati	imperfective form of prèkinuti	/prekǐːdati/
7761	hibrid	hybrid	/xǐbriːd/
7762	dižu	to lift, raise, elevate	/ˈdiʒʊ/
7763	jelom	meal	/ˈjelom/
7764	pokopati	to bury, inter	/pokǒpati/
7765	kupovali	to buy, purchase	/ˈkupoˌvɐlɪ/
7766	odgoditi	to delay	/odɡǒditi/
7767	zakonito	legally, lawfully	/zǎːkonito/
7768	odjava	notice of departure	/ôdjaʋa/
7769	drsko	impudently, insolently	/dr̂sko/
7770	jace	synonym of jadnik	/ˈjatsɛ/
7771	savladati	to defeat	/saʋlǎːdati/
7772	zahvaljivati	to thank	/zaxʋaʎǐːʋati/
7773	snob	snob	/snôb/
7774	zanemariti	to neglect	/zanemǎːriti/
7775	osvetnik	avenger	/ǒsʋetniːk/
7776	namjera	intent, intention	/nâːmjera/
7777	žabu	frog	/ˈʒabʊ/
7778	intervencija	intervention	/interʋěnt͡sija/
7779	starački	old people or age; senile	/stârat͡ʃkiː/
7780	orahe	walnut	/ˈorɐhɛ/
7781	gips	plaster, cast, plaster cast	/ɡîps/
7782	posekotina	cut, laceration	/posekǒtina/
7783	jahanja	riding	/ˈjahɐɲɐ/
7784	ogromnih	giant, huge, vast, enormous	/ˈoɡromnɪh/
7785	kašika	spoon	/kǎʃika/
7786	zakup	tenure	/zǎːkup/
7787	prehlada	cold	/prêxlada/
7788	donacija	donation	/donǎːt͡sija/
7789	razina	level	/rǎzina/
7790	odvojen	separated	/ǒdʋojen/
7791	svečanost	celebration, festivity	/sʋět͡ʃanoːst/
7792	mekano	softly, gently	/mêkano/
7793	kazalište	theatre	/kǎzaliːʃte/
7794	testo	dough	/ˈtɛsto/
7795	konflikt	conflict	/ˈkonflɪkt/
7796	elegantan	elegant	/eleɡǎntan/
7797	evropski	in a European manner, as a European	/ěʋropskiː/
7798	impuls	impulse	/ǐmpuls/
7799	ar	are	/ˈɐr/
7800	falsifikat	forgery, counterfeit	/falsifǐkaːt/
7801	alergija	allergy	/ˈalɛrˌɡɪjɐ/
7802	odvjetnica	lawyer, attorney	/ǒdʋjetnit͡sa/
7803	prosečan	average	/ˈprosɛtʃɐn/
7804	sprovod	funeral	/ˈsprovod/
7805	inspekcija	inspection	/inspěkt͡sija/
7806	vremeplov	time travel	/ʋrêmeploːʋ/
7807	krala	to steal	/ˈkralɐ/
7808	popularno	popularly	/pôpulaːrno/
7809	rodili	to bear	/ˈrodɪlɪ/
7810	plodove	fruit	/ˈplodovɛ/
7811	zapitati	to ask, question	/zapǐːtati/
7812	bojnik	major	/bôːjniːk/
7813	zanat	trade, craft, skill	/zǎnaːt/
7814	izbeglica	refugee	/ˈizbɛˌɡlɪtsɐ/
7815	isprobati	to try, test	/isprǒːbati/
7816	hemija	chemistry	/xěːmija/
7817	delfin	dolphin	/ˈdɛlfɪn/
7818	zakopati	to bury	/zakǒpati/
7819	izboriti	to fight for, win	/izbǒriti/
7820	napadati	to attack	/nǎpadati/
7821	optužnica	indictment	/ǒptuʒnit͡sa/
7822	korištenje	utilization, use, usage	/kǒriʃteːɲe/
7823	siđemo	to descend, get down, come down	/ˈsidʑɛmo/
7824	zabraniti	to forbid, prohibit	/zabrǎːniti/
7825	plastika	plastic	/plǎstika/
7826	poručnica	lieutenant	/pǒrut͡ʃnit͡sa/
7827	porast	growth	/pôraːst/
7828	šašavo	foolishly, fatuously	/ʃâʃaʋo/
7829	uverljivo	convincingly	/uʋěrʎiʋo/
7830	paranoja	paranoia	/paranǒːja/
7831	skakati	to jump, leap	/skǎːkati/
7832	bat	mallet	/bât/
7833	staram	to take care of, to look after	/ˈstɑrɐm/
7834	ručati	to dine, have dinner/lunch	/rǔːt͡ʃati/
7835	tanke	thin	/ˈtaŋkɛ/
7836	nagovori	persuasion, pressing	/ˈnaɡoˌvorɪ/
7837	stupiti	to step	/stǔːpiti/
7838	kapute	coat	/ˈkapʊtɛ/
7839	poštenje	honesty	/ˈpoʃtɛɲe/
7840	brijač	hairdresser; barber; friseur	/brǐjaːt͡ʃ/
7841	jastog	lobster	/jâstoɡ/
7842	smeđa	brown	/ˈsmɛdʑɐ/
7843	rodim	to bear	/ˈrodɪm/
7844	platforma	platform	/plǎtfoːrma/
7845	očigledan	apparent, obvious	/ôt͡ʃiɡleːdan/
7846	zlobno	malicious, spiteful	/ˈzlobno/
7847	spomen	remembrance, memory	/ˈspomɛn/
7848	krater	crater	/krǎːter/
7849	izmišljotina	concoction, fabrication, fiction, figment	/izmiʃʎǒtina/
7850	spore	slow	/ˈsporɛ/
7851	leopard	leopard	/lêopaːrd/
7852	rešena	to solve	/ˈrɛʃɛnɐ/
7853	stjuardesa	stewardess	/ˈstjuɑrˌdɛsɐ/
7854	surov	brutal	/sǔroʋ/
7855	ivica	border, edge	/îʋit͡sa/
7856	setu	sorrow, melancholy	/ˈsɛtʊ/
7857	slušanje	verbal noun of slȕšati impf: listening	/slûʃaːɲe/
7858	otporan	resistant	/ǒtpoːran/
7859	svežu	fresh	/ˈsvɛʒʊ/
7860	telefonirati	to telephone	/telefonǐːrati/
7861	nezaposlen	unemployed	/nezǎposlen/
7862	takoreći	as it were, so to speak, in a manner of speaking	/takorět͡ɕi/
7863	biče	ox, bull	/ˈbitʃɛ/
7864	stožer	pivot	/ˈstoʒɛr/
7865	ivi	osier	/ˈivɪ/
7866	posljednjeg	final	/ˈposʎedɲeɡ/
7867	mentalni	mental	/měntaːlniː/
7868	malene	small	/ˈmalɛnɛ/
7869	paradoks	paradox	/ˈpɑrɐdoks/
7870	religiozan	religious	/rêliɡioːzan/
7871	odabir	selection, choice	/ôdabiːr/
7872	barom	instrumental singular of bȃr	/ˈbɑrom/
7873	kategorija	category	/kateɡǒrija/
7874	osjetljiv	sensitive	/osjětʎiʋ/
7875	ševi	lark	/ˈʃɛvɪ/
7876	reket	racket	/ˈrɛkɛt/
7877	rodiš	to bear	/ˈrodɪʃ/
7878	tanki	thin	/ˈtaŋkɪ/
7879	okrutnost	cruelty, brutality	/okrǔːtnoːst/
7880	dvojka	two	/dʋǒːjka/
7881	svane	to dawn	/ˈsvanɛ/
7882	terala	to force, make	/ˈtɛrɐlɐ/
7883	avaj	alas!	/ǎʋaːj/
7884	pelena	diaper, nappy, napkin	/pêlena/
7885	ujede	to bite	/ˈujedɛ/
7886	keva	mum	/ˈkɛvɐ/
7887	razbojnik	outlaw, bandit	/rǎːzboːjniːk/
7888	juha	soup	/jǔːxa/
7889	trol	troll	/trôːl/
7890	keca	ace	/ˈkɛtsɐ/
7891	frekvencija	frequency	/ˈfrɛkvɛntˌsɪjɐ/
7892	vežbati	to practise, drill, train	/ʋêʒbati/
7893	kači	snake	/ˈkatʃɪ/
7894	pena	foam	/ˈpɛnɐ/
7895	odlučno	decisively, resolutely, energetically, decidedly	/ôdluːt͡ʃno/
7896	dijabetes	diabetes	/ˈdijɐˌbɛtɛs/
7897	staromodno	in an old-fashioned way	/stâromoːdno/
7898	sused	neighbor	/sǔːsed/
7899	svile	silk	/ˈsvilɛ/
7900	patak	drake	/pǎːtak/
7901	blagu	mild, gentle, soft, slight	/ˈblaɡʊ/
7902	dodavanje	addition; the act of adding to something	/dodǎːʋaːɲe/
7903	nasilnik	bully	/nǎːsiːlniːk/
7904	građevina	edifice, building	/ɡrǎd͡ʑeʋina/
7905	pahuljica	a small flake	/paxǔʎit͡sa/
7906	staju	stable	/ˈstɑjʊ/
7907	pojačati	to strengthen, reinforce	/pojǎt͡ʃati/
7908	prečica	shortcut	/ˈprɛtʃɪtsɐ/
7909	konačan	final, definite, last	/kǒnat͡ʃan/
7910	podignuti	alternative form of pòdići	/pǒdiɡnuti/
7911	sagraditi	to build, construct	/saɡrǎːditi/
7912	artefakt	artifact	/ârtefakt/
7913	steni	rock	/ˈstɛnɪ/
7914	prirediti	to prepare	/prirěːditi/
7915	sita	sated, full	/ˈsitɐ/
7916	nedjelja	Sunday	/nědjeʎa/
7917	aukcija	auction	/aǔkt͡sija/
7918	zaslužan	meritorious	/zǎːsluʒan/
7919	roje	swarm	/ˈroje/
7920	simulacija	simulation	/simulǎːt͡sija/
7921	some	catfish	/ˈsomɛ/
7922	manekenka	fashion model	/maněkeːnka/
7923	bled	pale, pallid	/blêːd/
7924	usran	shitty	/ˈusrɐn/
7925	knez	prince	/knêːz/
7926	suknja	skirt	/sûkɲa/
7927	kupam	to bathe	/ˈkupɐm/
7928	ekser	spike	/ěkser/
7929	useliti	to move in	/usěliti/
7930	stolova	table	/ˈstolovɐ/
7931	strpljivo	patiently	/střpʎiʋo/
7932	visiti	to hang, be suspended	/ʋîsiti/
7933	bod	sting	/bôːd/
7934	očekivano	expectedly	/ot͡ʃěkiːʋaːno/
7935	rukovati	to handle, manage, operate	/rûkoʋati/
7936	križ	cross, crucifix	/krîːʒ/
7937	kolona	column	/kolǒːna/
7938	poslanik	representative	/pǒslaniːk/
7939	tačni	exact, accurate	/ˈtatʃnɪ/
7940	naspavati	to sleep in	/naspǎːʋati/
7941	lepotan	very pretty and handsome male	/lepǒtaːn/
7942	mandat	mandate	/mǎndaːt/
7943	krali	to steal	/ˈkralɪ/
7944	šine	rail, track	/ˈʃinɛ/
7945	pijesak	sand	/pjěːsak/
7946	veren	to engage	/ˈvɛrɛn/
7947	kaciga	helmet	/kǎt͡siɡa/
7948	magacin	depot	/ˈmaɡɐtsɪn/
7949	rov	ditch, trench	/ˈrov/
7950	rebro	rib	/rěbro/
7951	društvenim	social, sociable	/ˈdruʃtvɛnɪm/
7952	vodopad	waterfall	/ʋôdopaːd/
7953	izuzetne	exceptional	/ˈizʊˌzɛtnɛ/
7954	jedinstvo	unity	/jedǐːnstʋo/
7955	opstati	to survive	/ǒpstati/
7956	psihologija	psychology	/psixolǒɡija/
7957	drastično	drastically	/drǎstit͡ʃno/
7958	jarku	bright, glowing	/ˈjɑrkʊ/
7959	kreativan	creative	/krêatiːʋan/
7960	plaćenik	mercenary	/plâːt͡ɕeniːk/
7961	ispovest	confession	/ǐspoʋeːst/
7962	železnica	railway	/ʒěleznit͡sa/
7963	tugom	sorrow, grief	/ˈtuɡom/
7964	sjedište	seat	/sjêdiːʃte/
7965	bari	dative/locative singular of bȁra	/ˈbɑrɪ/
7966	majstori	master	/ˈmɑjstorɪ/
7967	tenkove	tank	/ˈtɛŋkovɛ/
7968	efekt	effect	/ěfekt/
7969	hrvatski	in a Croatian manner, as a Croat	/xř̩ʋaːtskiː/
7970	stajemo	first-person plural present of stȁjati	/ˈstɑjemo/
7971	kutak	corner	/kǔːtak/
7972	mrs	food containing meat and animal fat	/mr̂ːs/
7973	krupne	large, big, voluminous	/ˈkrupnɛ/
7974	ćutati	to be silent, to shut up	/t͡ɕǔːtati/
7975	apokalipsa	apocalypse	/apokalǐpsa/
7976	igrališta	playground	/ˈiɡrɐˌlɪʃtɐ/
7977	zaprositi	to propose, woo	/zaprǒsiti/
7978	ispeći	to bake	/ǐspet͡ɕi/
7979	bedna	poor, destitute	/ˈbɛdnɐ/
7980	broš	brooch	/brôʃ/
7981	civilni	civilian	/t͡sǐʋiːlniː/
7982	radionica	workshop	/radiǒːnit͡sa/
7983	kobra	cobra	/kôbra/
7984	dere	to tear, pull apart	/ˈdɛrɛ/
7985	kukavički	cowardly	/kûkaʋit͡ʃki/
7986	patuljaka	dwarf, gnome, midget	/ˈpatʊˌʎɐkɐ/
7987	pečeni	roasted	/ˈpɛtʃɛnɪ/
7988	popularnost	popularity	/populǎːrnoːst/
7989	rasprodaja	sale	/râsprodaja/
7990	zajebati	to screw up, mess up, blow it	/zajěbati/
7991	kuneš	to curse	/ˈkunɛʃ/
7992	hrišćanski	Christianly	/xrǐʃt͡ɕaːnskiː/
7993	objava	proclamation, announcement	/ôbjaʋa/
7994	postupiti	to act, proceed	/postǔːpiti/
7995	stuba	stair	/stûba/
7996	aspekt	aspect	/ǎspekt/
7997	suzu	tear	/ˈsuzʊ/
7998	polarni	polar	/ˈpolɑrnɪ/
7999	tačnu	exact, accurate	/ˈtatʃnʊ/
8000	širiti	to widen	/ʃǐːriti/
8001	soda	soda	/sǒːda/
8002	opijum	opium	/ǒpijuːm/
8003	hranila	to feed	/ˈxranɪlɐ/
8004	stida	shame	/ˈstidɐ/
8005	jastuke	pillow	/ˈjastʊkɛ/
8006	izjutra	in the morning	/îzjutra/
8007	raport	military report, official report	/rǎport/
8008	dizalo	elevator, lift	/dîzalo/
8009	svitak	scroll	/sʋǐːtak/
8010	gušenje	strangling, choking, suffocating	/ɡǔːʃeːɲe/
8011	stalan	permanent	/stǎːlan/
8012	rede	row	/ˈrɛdɛ/
8013	obavezan	obliged, obligated	/ôbaʋezan/
8014	neslužbeno	unofficially	/něsluʒbeno/
8015	trećina	one third	/tret͡ɕǐna/
8016	dobrodošlica	welcome	/dobrodǒʃlit͡sa/
8017	vještina	skill	/ʋjeʃtǐna/
8018	popušiti	to smoke out a cigarette, finish a cigar	/pǒpuʃiti/
8019	klozet	water closet, WC	/klǒzet/
8020	usuditi	to dare	/usǔːditi/
8021	štakora	rat	/ˈʃtakorɐ/
8022	pozornica	stage	/pozǒːrnit͡sa/
8023	topline	heat, warmth	/ˈtoplɪnɛ/
8024	starinski	antique, ancient	/starǐnskiː/
8025	neuspjeh	failure	/nêuspjex/
8026	treseš	to shake	/ˈtrɛsɛʃ/
8027	zuri	to stare	/ˈzurɪ/
8028	hud	angry	/xûːd/
8029	sportska	nominative/vocative singular feminine	/ˈsportskɐ/
8030	škorpion	scorpion	/ʃkorpǐoːn/
8031	karo	♦, diamonds in card- and boardgames	/kâro/
8032	otvarati	to open	/otʋǎːrati/
8033	obostrano	mutually, reciprocally	/obǒstrano/
8034	četvorka	four	/t͡ʃětʋoːrka/
8035	danak	day	/dǎːnak/
8036	primimo	to receive, get	/ˈprimɪmo/
8037	halucinacija	hallucination	/xalut͡sinǎːt͡sija/
8038	ljutnja	anger	/ʎǔːtɲa/
8039	legalan	legal	/lěɡaːlan/
8040	bespomoćno	helplessly	/bêspomot͡ɕno/
8041	izaslanik	envoy, emissary	/izaslǎniːk/
8042	locirati	to locate	/lot͡sǐːrati/
8043	violina	violin	/ʋiolǐːna/
8044	osuda	sentence, verdict	/ôsuda/
8045	aranžman	arrangement	/arǎnʒmaːn/
8046	tvrditi	to state, claim, assert	/tʋřːditi/
8047	dabome	of course	/dabǒme/
8048	geto	ghetto	/ɡêto/
8049	čuvena	to hear	/ˈtʃuvɛnɐ/
8050	obavljati	to do, perform, complete, carry out	/ǒbaʋʎati/
8051	imenik	directory	/îmeniːk/
8052	prstenova	ring	/ˈprstɛnovɐ/
8053	ljutnju	anger	/ˈʎutɲʊ/
8054	ujediniti	to unite	/ujedǐːniti/
8055	besu	rage	/ˈbɛsʊ/
8056	duvaj	to blow	/ˈduvɑj/
8057	pljesak	applause	/pʎêːsak/
8058	puzi	to creep, crawl	/ˈpuzɪ/
8059	raf	shelf	/raf/
8060	bedak	fool	/bědaːk/
8061	popravak	repair	/pǒpraʋak/
8062	vredeti	to be worth	/ʋrěːdeti/
8063	maskota	mascot	/maskǒta/
8064	retkost	rarity	/rěːtkoːst/
8065	vešala	gallows	/ʋêʃala/
8066	zaštitnički	protectively	/zǎːʃtitnit͡ʃkiː/
8067	ogorčen	bitter, embittered	/ǒɡoːrt͡ʃen/
8068	crvotočina	wormhole	/t͡sr̩ʋotǒt͡ʃina/
8069	kucati	to knock, tap, beat, strike	/kût͡sati/
8070	daleki	masculine nominative/vocative plural	/ˈdalɛkɪ/
8071	herojski	heroically	/xěroːjskiː/
8072	elita	elite	/ˈɛlɪtɐ/
8073	reagirati	to react	/reaɡǐːrati/
8074	ćutao	to be silent, to shut up	/ˈtɕutɐo/
8075	smejte	can, may, be allowed to	/ˈsmejtɛ/
8076	jad	misery	/jâd/
8077	pozadina	background	/pǒzadina/
8078	japanac	Japanese	/japǎːnat͡s/
8079	otrcano	tritely	/ǒtr̩̄t͡saːno/
8080	klin	wedge	/klîn/
8081	slavili	to celebrate, glorify	/ˈslavɪlɪ/
8082	jednakost	equality	/jednǎːkoːst/
8083	članaka	article	/ˈtʃlanɐkɐ/
8084	jarak	weapon for self-defense or hand-to-hand combat	/jǎrak/
8085	voćni	fruit	/ʋôt͡ɕniː/
8086	zlobna	malicious, spiteful	/ˈzlobnɐ/
8087	prezire	to scorn, despise	/ˈprɛzɪrɛ/
8088	udaviti	to choke, strangle	/udǎːʋiti/
8089	murija	the cops	/mǔːrija/
8090	građanima	citizen	/ˈɡradʑɐˌnɪmɐ/
8091	sramiti	to be shy	/srǎːmiti/
8092	zalog	pawn	/zǎːloɡ/
8093	saj	all, complete, whole	/ˈsɑj/
8094	avans	advance, advance payment	/ǎʋans/
8095	pederski	pederastic	/pěːderskiː/
8096	nagodba	settlement, agreement, compromise	/nǎːɡodba/
8097	poluga	lever	/pǒluɡa/
8098	gadni	ugly, disgusting, repulsive	/ˈɡadnɪ/
8099	monopol	monopoly	/mônopol/
8100	slonove	elephant	/ˈslonovɛ/
8101	izvesno	certainly, for sure	/îzʋesno/
8102	šina	rail, track	/ʃîna/
8103	dika	pride	/dǐːka/
8104	jutara	genitive plural of jȕtro	/ˈjutɑrɐ/
8105	sečivo	blade	/sêt͡ʃiːʋo/
8106	pogrešiti	to mistake, be wrong	/poɡrěːʃiti/
8107	deonica	share	/deǒnit͡sa/
8108	gusar	pirate, corsair	/ɡûsaːr/
8109	singl	single	/sǐnɡl/
8110	krokodil	crocodile	/ˈkrokodɪl/
8111	knjigovođa	accountant	/ˈkɲiɡoˌvodʑɐ/
8112	dojava	tip	/dôjaʋa/
8113	mirovni	peace	/mîroːʋniː/
8114	rubin	ruby	/rǔbiːn/
8115	predator	predator	/prědaːtor/
8116	ravni	straight, right	/ˈravnɪ/
8117	vena	vein	/ʋěːna/
8118	suđe	dishes	/sǔd͡ʑe/
8119	statistički	statistically	/statǐstit͡ʃkiː/
8120	iskra	spark	/îskra/
8121	desetina	one tenth	/desětina/
8122	ravne	straight, right	/ˈravnɛ/
8123	važe	to weigh	/ˈvaʒɛ/
8124	nemilosrdno	heartlessly, mercilessly, cruelly	/nêmilosrdno/
8125	ispustiti	to drop, release, let go	/ispǔstiti/
8126	budalaština	tomfoolery, foolishness, foolish thing or act	/budalǎːʃtina/
8127	verenički	engagement	/ʋêrenit͡ʃkiː/
8128	stupi	to step	/ˈstupɪ/
8129	sijalica	light bulb	/sîjalit͡sa/
8130	mrzovoljan	bad-tempered, cross	/mr̂zoʋoːʎan/
8131	igračica	female player	/iɡrǎt͡ʃit͡sa/
8132	pastuv	stallion	/pâstuːʋ/
8133	fen	hair dryer	/ˈfɛn/
8134	odaja	room	/ˈodɑjɐ/
8135	izmisliti	to make up, think up, invent	/ǐzmisliti/
8136	pašće	to fall	/pâʃt͡ɕe/
8137	roja	swarm	/ˈrojɐ/
8138	demokrata	democrat	/ˈdɛmoˌkrɐtɐ/
8139	plemić	noble	/plêmiːt͡ɕ/
8140	samouveren	self-confident	/samoǔʋeren/
8141	pogodan	suitable, appropriate, convenient	/pôɡodan/
8142	gošća	guest	/ɡǒʃt͡ɕa/
8143	pedofil	pedophile	/pedǒfiːl/
8144	okolina	surroundings	/ǒkolina/
8145	samouništenje	self-destruction	/samouniʃtěːɲe/
8146	domovine	homeland	/ˈdomoˌvɪnɛ/
8147	najavio	to announce	/ˈnɑjɐˌvɪo/
8148	mirom	peace	/ˈmirom/
8149	ručnik	towel	/rǔt͡ʃniːk/
8150	platna	payment, paying, pay	/ˈplatnɐ/
8151	široke	broad, wide	/ˈʃirokɛ/
8152	stojte	second-person plural imperative of stàjati	/ˈstojtɛ/
8153	iglom	needle	/ˈiɡlom/
8154	davim	to choke, strangle	/ˈdavɪm/
8155	grah	bean	/ɡrâx/
8156	sove	owl	/ˈsovɛ/
8157	ukrcati	to load, embark	/ukř̩t͡sati/
8158	raspala	to decay, decompose	/ˈraspɐlɐ/
8159	masline	olive	/ˈmaslɪnɛ/
8160	jasnu	clear, limpid	/ˈjasnʊ/
8161	parlamentu	parliament	/ˈpɑrlɐˌmɛntʊ/
8162	transporter	transporter	/transpǒrteːr/
8163	predloge	proposal, proposition	/ˈprɛdloɡɛ/
8164	zeni	pupil	/ˈzɛnɪ/
8165	decenija	decade	/dět͡seːnija/
8166	narediti	to order	/ˈnɑrɛˌdɪtɪ/
8167	ekipo	team, crew	/ˈɛkɪpo/
8168	vladam	to rule, reign, govern	/ˈvladɐm/
8169	financijski	financially	/finǎnt͡siːjskiː/
8170	nemoralno	immorally	/nêmoraːlno/
8171	muškost	masculinity	/mûʃkoːst/
8172	smještaj	accommodation, housing	/smjêʃtaːj/
8173	produkcija	production	/prodǔkt͡sija/
8174	odmetnik	outlaw	/ǒdmetniːk/
8175	era	era	/ěːra/
8176	darežljiv	generous, bounteous, munificent	/darěʒʎiʋ/
8177	blef	bluff	/blêf/
8178	nezadovoljan	dissatisfied	/nêzadoʋoːʎan/
8179	kolekcionar	collector	/ˈkolɛktˌsɪonɑr/
8180	oružane	armed	/ˈorʊˌʒɐnɛ/
8181	dragocen	valuable	/draɡǒt͡sen/
8182	dvadesetak	around twenty	/dʋadesěːtak/
8183	slijetanje	verbal noun of slijetati impf: landing	/slijěːtaːɲe/
8184	sokove	juice	/ˈsokovɛ/
8185	isporučiti	to deliver	/isporǔːt͡ʃiti/
8186	ete	alternative form of eto	/eˈte/
8187	pornografija	pornography	/pornoɡrǎfija/
8188	kupon	coupon	/kǔpoːn/
8189	štakor	rat	/ʃtâkor/
8190	kičma	spine	/kîːt͡ʃma/
8191	predaja	delivery, transmitting	/prêdaja/
8192	sadašnji	actual, current, being, present	/sǎdaʃɲiː/
8193	prenoćiti	to stay the night, spend the night	/prenǒt͡ɕiti/
8194	sjede	to sit	/ˈsjedɛ/
8195	legija	legion	/ˈlɛɡɪjɐ/
8196	sisu	woman's breast	/ˈsisʊ/
8197	tečno	tečno is the neuter form of tečan	/ˈtɛtʃno/
8198	nastupi	onset	/ˈnastʊpɪ/
8199	preseći	to cut in two pieces; bisect	/prěset͡ɕi/
8200	vlasnikom	owner	/ˈvlasnɪkom/
8201	nemilosrdan	pitiless, heartless	/nêmilosrdan/
8202	redatelj	director	/rědateʎ/
8203	sokola	falcon	/ˈsokolɐ/
8204	kreše	to prune, trim, cut, clip	/ˈkrɛʃɛ/
8205	teroristički	terroristically	/terorǐstit͡ʃkiː/
8206	problematičan	problematic	/problemǎtit͡ʃan/
8207	pristalica	adherent, supporter, follower	/prǐstalit͡sa/
8208	pank	punk	/ˈpaŋk/
8209	impresionirati	to impress	/impresionǐːrati/
8210	složen	sophisticated, complex	/slôʒen/
8211	špil	deck	/ʃpîl/
8212	uporište	support	/ǔporiːʃte/
8213	guba	mushroom	/ˈɡubɐ/
8214	antena	antenna	/ˈantɛnɐ/
8215	mitraljez	heavy machine gun	/mitrǎʎeːz/
8216	svačiji	everyone's, everybody's	/sʋât͡ʃijiː/
8217	kojot	coyote	/ˈkojot/
8218	rezime	summary, abstract, roundup	/rezǐmeː/
8219	peraja	fin, flipper	/ˈpɛrɑjɐ/
8220	pista	runway	/pîsta/
8221	dvogled	binoculars	/dʋôɡleːd/
8222	jastuku	pillow	/ˈjastʊkʊ/
8223	pilar	sawyer	/ˈpilɑr/
8224	sprovesti	to escort, lead	/sprǒʋesti/
8225	federacija	federation	/federǎːt͡sija/
8226	turske	genitive singular of Turska	/ˈturskɛ/
8227	pomno	carefully	/ˈpomno/
8228	balerina	ballerina	/balerǐːna/
8229	omot	wrapping	/ǒmot/
8230	motive	motive	/ˈmotɪvɛ/
8231	posetilac	visitor	/posětilat͡s/
8232	nesvesno	unconsciously, subconsciously	/něsʋesno/
8233	detinjasto	childishly	/dětiɲasto/
8234	ćurka	a female turkey	/t͡ɕûːrka/
8235	blagoslovljen	blessed	/blaɡǒsloʋʎen/
8236	božanski	divine	/boʒǎnskiː/
8237	kob	fate	/kôːb/
8238	žalili	to mourn, grieve	/ˈʒalɪlɪ/
8239	voćem	fruit	/ˈvotɕɛm/
8240	transakcija	transaction	/transǎkt͡sija/
8241	mačkom	cat	/ˈmatʃkom/
8242	zavarati	to trick, deceive	/zǎʋarati/
8243	đavolji	devil; devil's	/d͡ʑâʋoʎiː/
8244	ljepotica	beauty	/ʎepǒtit͡sa/
8245	duvana	to blow	/ˈduvɐnɐ/
8246	preduzeće	firm, company, enterprise, corporation	/preduzet͡ɕe/
8247	sonar	sonar	/sǒnaːr/
8248	klaun	clown	/klâun/
8249	časnu	honorable	/ˈtʃasnʊ/
8250	akvarijum	aquarium	/ˈakvɑˌrɪjʊm/
8251	poza	behing	/pǒːza/
8252	krastavac	cucumber	/krâstaʋat͡s/
8253	posjed	possession, ownership	/pǒːsjed/
8254	zađe	to go behind	/ˈzadʑɛ/
8255	korisnik	user	/ˈkorɪsnɪk/
8256	planirati	to plan	/planǐːrati/
8257	školjka	mussel	/ʃkôːʎka/
8258	osmica	eight	/ǒsmit͡sa/
8259	čedo	child	/t͡ʃêdo/
8260	tiši	comparative degree of tȉh	/ˈtiʃɪ/
8261	ribo	fish	/ˈribo/
8262	maslo	clarified butter	/mâslo/
8263	šalama	joke	/ˈʃalɐmɐ/
8264	urediti	to put in order, to order, to organize	/urěːditi/
8265	živac	nerve	/ʒǐʋat͡s/
8266	mehanički	mechanically	/mexǎnit͡ʃkiː/
8267	prezir	scorn	/prêziːr/
8268	svud	everywhere	/sʋûd/
8269	klik	cry, scream, cheer, shriek	/klîk/
8270	prekjuče	day before yesterday	/prêkjut͡ʃeː/
8271	korice	cover, binding	/kôrit͡se/
8272	zenom	pupil	/ˈzɛnom/
8273	atrakcija	attraction	/atrǎkt͡sija/
8274	buditi	to awaken, rouse from sleep	/bǔːditi/
8275	milijarder	billionaire	/ˈmilɪˌjɑrdɛr/
8276	slavite	to celebrate, glorify	/ˈslavɪtɛ/
8277	monasi	monk, monastic	/ˈmonɐsɪ/
8278	nepodnošljiv	unbearable, insufferable, intolerable	/nepodnǒʃʎiʋ/
8279	međunarodna	international	/ˈmɛdʑʊˌnɑrodnɐ/
8280	deri	to tear, pull apart	/ˈdɛrɪ/
8281	sjeo	to sit down	/ˈsjeo/
8282	ozbiljnost	seriousness, gravity	/ozbǐːʎnoːst/
8283	pileći	chicken or its meat	/pǐlet͡ɕiː/
8284	domovina	homeland	/dǒmoʋina/
8285	pseći	as a dog, in the manner of a dog	/psêt͡ɕiː/
8286	odvratiti	to dissuade	/odʋrǎːtiti/
8287	provjera	audit	/ˈprovjerɐ/
8288	razvesti	to divorce	/rǎzʋesti/
8289	šetamo	to walk, stroll	/ˈʃɛtɐmo/
8290	krelac	jerk, cretin, moron	/krěːlat͡s/
8291	silovati	to rape	/sîloʋati/
8292	osuđivati	to judge	/osud͡ʑǐːʋati/
8293	bankrot	bankruptcy	/bǎnkroːt/
8294	liker	liqueur	/lǐkeːr/
8295	viza	visa	/ʋǐːza/
8296	branilac	defender	/brǎnilat͡s/
8297	ostavljati	to leave	/ǒstaʋʎati/
8298	jeza	goosebumps	/jěːza/
8299	šank	bar	/ʃânk/
8300	počiniti	to make, commit, do, perform	/pot͡ʃǐniti/
8301	pomak	shift, movement	/pǒmak/
8302	august	August	/ˈaʊɡʊst/
8303	puštati	imperfective form of pùstiti	/pǔːʃtati/
8304	brigada	brigade	/ˈbriɡɐdɐ/
8305	kljun	bill, beak	/kʎûːn/
8306	primao	active past participle of primati	/ˈprimɐo/
8307	iskusiti	to experience, undergo	/iskǔːsiti/
8308	taktički	tactically	/tǎktit͡ʃkiː/
8309	zvučnik	loudspeaker	/ˈzvutʃnɪk/
8310	odleteti	to fly away	/odlěteti/
8311	zaborav	oblivion	/zâboraːʋ/
8312	napalo	to attack, assault	/ˈnapɐlo/
8313	nagraditi	to reward	/naɡrǎːditi/
8314	tesla	adze	/ˈtɛslɐ/
8315	bede	misery	/ˈbɛdɛ/
8316	brucoš	freshman, first-year	/brûːt͡soʃ/
8317	snaja	daughter-in-law	/ˈsnɑjɐ/
8318	preseci	nominative/vocative plural of prések	/ˈprɛsɛtsɪ/
8319	lovački	hunting, hunters	/lǒʋat͡ʃkiː/
8320	obraditi	to work, till, cultivate	/obrǎːditi/
8321	erupcija	eruption	/erǔpt͡sija/
8322	četkica	a small brush	/ˈtʃɛtkɪtsɐ/
8323	poznanik	acquaintance	/pǒznaniːk/
8324	poslušnost	obedience, dutifulness	/poslǔːʃnoːst/
8325	životinjski	like an animal; beastly, brutally	/ʒiʋǒtiːɲskiː/
8326	narodni	folk	/nǎːrodniː/
8327	ozdraviti	to recover	/ˈozdrɐˌvɪtɪ/
8328	polom	pole	/ˈpolom/
8329	opravdati	to justify, excuse	/ǒpraːʋdati/
8330	protivno	contrarily	/prôtiːʋno/
8331	jelu	meal	/ˈjelʊ/
8332	mračnog	dark, gloomy	/ˈmratʃnoɡ/
8333	izgradnja	building	/izɡrǎːdɲa/
8334	kokoš	hen	/kôkoːʃ/
8335	sipa	cuttlefish	/sîpa/
8336	hodajući	walking	/xǒːdajuːt͡ɕiː/
8337	kale	third-person plural present of káliti	/ˈkalɛ/
8338	gnijezdo	nest	/ɡnjěːzdo/
8339	cijeniti	to value, appreciate	/t͡sjěːniti/
8340	labud	swan	/lâbuːd/
8341	moreno	neuter singular passive past participle of moriti	/ˈmorɛno/
8342	pravnik	jurist	/prâːʋniːk/
8343	popravni	corrective, correctional	/pǒpraːʋniː/
8344	vrele	hot, boiling	/ˈvrɛlɛ/
8345	zadao	to assign, give	/ˈzadɐo/
8346	razine	level	/ˈrazɪnɛ/
8347	propoved	sermon	/prôpoʋeːd/
8348	naveče	in the evening	/nâʋet͡ʃeː/
8349	suptilno	subtly	/sûptiːlno/
8350	bata	mallet	/ˈbatɐ/
8351	pješice	on foot	/pjêʃit͡seː/
8352	potkrovlje	garret, attic	/ˈpotkrovlje/
8353	svetinja	sanctity, sacredness	/sʋěːtiɲa/
8354	senzacija	sensation	/senzǎːt͡sija/
8355	obuzdati	to restrain, bridle	/obǔzdati/
8356	nezavisno	independently	/nezǎːʋisno/
8357	porađa	to deliver	/ˈporɐdʑɐ/
8358	siročad	orphans	/sîrot͡ʃaːd/
8359	šum	noise	/ʃûːm/
8360	vakcina	vaccine	/ʋakt͡sǐːna/
8361	pacijentkinja	patient	/ˈpatsɪˌjentkɪɲɐ/
8362	tur	aurochs, urus	/tûːr/
8363	dizala	to lift, raise, elevate	/ˈdizɐlɐ/
8364	liječiti	to cure, treat	/ljěːt͡ʃiti/
8365	savana	savanna	/saʋǎna/
8366	imperatora	emperor	/ˈimpɛˌrɐtorɐ/
8367	arheolog	archeologist	/arxeǒloɡ/
8368	milosrđe	compassion	/ˈmilosrdʑɛ/
8369	slabim	weak	/ˈslabɪm/
8370	bris	swab, smear	/brîːs/
8371	naslediti	to inherit	/naslěːditi/
8372	grizu	bite	/ˈɡrizʊ/
8373	operater	surgeon	/ˈopɛˌrɐtɛr/
8374	zločest	bad, mean, unkind	/zlǒt͡ʃest/
8375	goreti	to burn	/ɡǒreti/
8376	osa	wasp	/ˈosɐ/
8377	banket	A banquet	/bǎnkeːt/
8378	mort	mortar	/môrt/
8379	kvačilo	clutch	/kʋât͡ʃilo/
8380	klovnovi	clown	/ˈklovnovɪ/
8381	zmajev	dragon's, of a dragon	/zmâjeʋ/
8382	akcentom	stress	/ˈaktsɛntom/
8383	bolnički	as if in a hospital	/bǒːlnit͡ʃkiː/
8384	doživjeti	to live to see	/doʒǐːʋjeti/
8385	teatar	theater / theatre	/teǎːtar/
8386	razlaz	separation, leaving	/rǎːzlaz/
8387	hotelski	hotel	/xǒtelskiː/
8388	zajeb	mistake, flaw, error, slip-up, clusterfuck, etc	/zǎːjeb/
8389	bradavica	nipple	/brǎdaʋit͡sa/
8390	zakletva	oath, vow	/zǎːkletʋa/
8391	usisivač	vacuum cleaner	/usisǐʋaːt͡ʃ/
8392	zloban	malicious, spiteful	/zlôban/
8393	odmaralište	rest or recreation centre	/odmǎraliːʃte/
8394	trpjeti	to suffer	/třːpjeti/
8395	venac	wreath	/ʋěːnat͡s/
8396	ranama	wound	/ˈranɐmɐ/
8397	nagoditi	to agree, to reach an agreement, to make a deal, to strike…	/naɡǒditi/
8398	meke	soft	/ˈmɛkɛ/
8399	nemir	disquiet, agitation, unrest, restlessness	/nêmiːr/
8400	žile	vein	/ˈʒilɛ/
8401	studentkinja	student	/ˈstudɛntˌkɪɲɐ/
8402	razni	various	/râːzniː/
8403	uhu	ear	/ˈuhʊ/
8404	češalj	comb	/t͡ʃêʃaʎ/
8405	zbrisati	to delete, remove	/zbrîsati/
8406	sjedalo	seat	/sjêdalo/
8407	gorko	bitter	/ˈɡorko/
8408	gram	gram	/ɡrâm/
8409	proračun	estimate, calculation	/prôrat͡ʃuːn/
8410	turska	Turkish	/ˈturskɐ/
8411	lupaš	to knock, bang	/ˈlupɐʃ/
8412	vaza	vase	/ʋǎːza/
8413	pustoš	wasteland, desert	/pǔːstoʃ/
8414	sentimentalan	sentimental	/sêntimentaːlan/
8415	vladavina	reign, rule	/ʋlǎdaʋina/
8416	oslobođenje	liberation	/oslobod͡ʑěːɲe/
8417	kontra	against	/kôntra/
8418	jata	flock	/ˈjatɐ/
8419	licemer	hypocrite	/lît͡semer/
8420	ikakav	any, of any kind	/îkakaʋ/
8421	nabolje	to the better	/nâboʎeː/
8422	rukav	sleeve	/rǔkaːʋ/
8423	činija	bowl	/t͡ʃǐnija/
8424	stisnuti	to press, squeeze	/stîsnuti/
8425	sekcija	section	/ˈsɛktsɪjɐ/
8426	skulptura	sculpture	/skulptǔːra/
8427	izlog	display window	/ǐzloɡ/
8428	besmislen	purposeless, senseless, pointless	/běsmislen/
8429	fanatik	fanatic	/fanǎtik/
8430	šte	who	/ʃtɛ/
8431	zamrzivač	freezer	/zamr̩zǐʋaːt͡ʃ/
8432	dobrovoljci	volunteer	/ˈdobroˌvoʎtsɪ/
8433	horizont	horizon	/ˈxorɪzont/
8434	nesigurno	unsurely	/nêsiɡuːrno/
8435	ugušiti	to choke, strangle	/uɡǔːʃiti/
8436	uzoran	exemplary, model	/ǔːzoːran/
8437	sandale	sandal	/ˈsandɐlɛ/
8438	žila	vein	/ʒîla/
8439	deveruša	bridesmaid	/deʋěruʃa/
8440	poricati	to deny	/porǐːt͡sati/
8441	kilogram	kilogram	/kîloɡram/
8442	rastaviti	to disassemble, dismantle, dismount	/rǎstaʋiti/
8443	udovac	widower	/udǒːʋat͡s/
8444	vanjski	exterior, outside, external	/ʋǎɲskiː/
8445	nepromišljeno	thoughtlessly, recklessly	/neprǒmiʃʎeno/
8446	pipa	faucet, tap	/pîpa/
8447	pločica	platelet, little plate	/plôt͡ʃit͡sa/
8448	susjedstvo	neighbourhood	/ˈsusjetstvo/
8449	česta	frequent, common	/ˈtʃɛstɐ/
8450	supstanca	substance	/supstǎnt͡sa/
8451	sim	hither, this way, here	/ˈsim/
8452	prdež	fart, flatus	/pr̂deʒ/
8453	žbunje	bushes	/ʒbûːɲe/
8454	šumom	noise	/ˈʃumom/
8455	etički	ethics; ethical	/ětit͡ʃkiː/
8456	loza	vine	/lǒza/
8457	memorija	memory	/měmoːrija/
8458	neodoljivo	irresistibly	/neodǒʎiʋo/
8459	vešto	skillfully, deftly	/ʋêʃto/
8460	ohladiti	to cool	/oxlǎːditi/
8461	pripravnik	probationary or beginning employee	/prǐpraːʋniːk/
8462	obavijest	message	/ôbaʋjeːst/
8463	suton	dusk, twilight	/sǔːton/
8464	prijevara	fraud, scam, swindle	/ˈprijeˌvɑrɐ/
8465	otkinuti	to break off, tear off, tear away	/ǒtkinuti/
8466	muku	pain	/ˈmukʊ/
8467	rujna	reddish, dark red	/ˈrujnɐ/
8468	laboratorijski	as in a laboratory; the way it would be done in a laboratory	/laborǎtoːriːjskiː/
8469	nadmašiti	to surpass, exceed	/nǎdmaʃiti/
8470	teritorij	territory	/terǐtoːriːj/
8471	smetala	to mind, care about	/ˈsmɛtɐlɐ/
8472	objavljujem	first-person singular present of objavljívati	/ˈobjɐvlˌjʊjem/
8473	gajba	crate, box	/ɡâːjba/
8474	kokos	coconut	/kôkos/
8475	viđeno	to see	/ˈvidʑɛno/
8476	prikladan	appropriate, suitable, convenient	/prǐkladan/
8477	tramvaj	tram	/trâmʋaːj/
8478	frend	male friend	/frênd/
8479	spasilački	rescuing, saving, savior	/spǎsilat͡ʃkiː/
8480	sumnjom	doubt, suspicion	/ˈsumɲom/
8481	organizator	organizer	/orɡanǐzaːtor/
8482	obraćati	to convert somebody	/ǒbrat͡ɕati/
8483	stolar	cabinetmaker	/stôlaːr/
8484	revanš	rematch	/ˈrɛvɐnʃ/
8485	predosjećaj	premonition, hunch	/prêdosjet͡ɕaːj/
8486	salo	fat	/sâlo/
8487	jami	excavation, hole, cavity	/ˈjamɪ/
8488	pesnica	fist	/pěsnit͡sa/
8489	pobačaj	miscarriage	/pôbat͡ʃaːj/
8490	tvornica	factory	/tʋǒːrnit͡sa/
8491	iščupati	to pluck, pull, uproot, tear out	/iʃt͡ʃǔpati/
8492	odoljeti	to resist, withstand	/odǒʎeti/
8493	sečem	to cut, chop, chip, hew	/ˈsɛtʃɛm/
8494	roditeljski	parental	/rǒditeʎskiː/
8495	dalji	far, distant	/dâʎiː/
8496	uvređen	offended, insulted	/ǔʋreːd͡ʑen/
8497	liže	to lick	/ˈliʒɛ/
8498	branu	dam	/ˈbranʊ/
8499	koincidencija	coincidence	/koint͡siděnt͡sija/
8500	drvce	tree	/dř̩ːʋt͡se/
8501	platnu	payment, paying, pay	/ˈplatnʊ/
8502	kofera	suitcase	/ˈkofɛrɐ/
8503	proizvođač	producer, maker	/proizʋǒd͡ʑaːt͡ʃ/
8504	ultimatum	ultimatum	/ultimǎːtum/
8505	namamiti	to lure, entice	/namǎːmiti/
8506	svinjac	pigsty	/sʋǐːɲat͡s/
8507	dignuti	alternative form of dȉći	/dîɡnuti/
8508	najbogatiji	rich, wealthy	/ˈnɑjboˌɡɐtɪjɪ/
8509	tajnost	secrecy	/tǎːjnoːst/
8510	turskoj	Turkish	/ˈturskoj/
8511	klade	log, block	/ˈkladɛ/
8512	beznačajno	insignificantly	/bêznat͡ʃaːjno/
8513	markiz	marquis, marquess	/mǎrkiːz/
8514	odsto	percent	/ˈotsto/
8515	tora	corral, cote	/ˈtorɐ/
8516	zemaljski	terrestrial	/zemǎʎskiː/
8517	unuče	grandchild	/ǔnut͡ʃe/
8518	davio	to choke, strangle	/ˈdavɪo/
8519	četvrtina	one quarter, one fourth	/t͡ʃetʋř̩tina/
8520	granu	branch	/ˈɡranʊ/
8521	požuda	lust	/pôʒuda/
8522	prvenstveno	primarily, first of all	/prʋěnstʋeno/
8523	buva	flea	/bǔʋa/
8524	gubitaka	loss	/ˈɡubɪˌtɐkɐ/
8525	ven	that one	/væn/
8526	dinosaurus	dinosaur	/dinosǎurus/
8527	teretana	gym	/teretǎna/
8528	pojedinac	individual	/pojedǐːnat͡s/
8529	prestupnik	offender, transgressor	/prěːstupniːk/
8530	statistika	statistics	/statǐstika/
8531	državljanin	citizen	/dř̩ʒaʋʎanin/
8532	korpus	body	/kǒrpus/
8533	devetnaest	nineteen	/deʋětnaeːst/
8534	razgledanje	view	/ˈrazɡlɛˌdɐɲe/
8535	dionica	share	/diǒnit͡sa/
8536	petljati	to decide	/pětʎati/
8537	rakun	raccoon, racoon	/rǎkuːn/
8538	stanovnik	inhabitant	/stanǒʋniːk/
8539	proliv	diarrhea	/ˈprolɪv/
8540	bezvredan	worthless	/bêzʋredan/
8541	nizvodno	downstream	/nǐzʋodno/
8542	teškoća	difficulty	/ˈtɛʃkotɕɐ/
8543	dohvat	range, scope, reach	/dôxʋaːt/
8544	grebenu	reef	/ˈɡrɛbɛnʊ/
8545	mig	wink	/ˈmiɡ/
8546	artiljerija	artillery	/artiʎěrija/
8547	tkanina	fabric, textile	/tkǎnina/
8548	spokoj	calmness, tranquility, serenity	/spǒkoj/
8549	ananas	pineapple	/ânanas/
8550	gline	clay	/ˈɡlinɛ/
8551	debata	debate, discussion	/debǎta/
8552	oličenje	embodiment, personification	/olit͡ʃěːɲe/
8553	garant	for sure, surely, guaranteed	/ɡǎrant/
8554	medom	honey	/ˈmɛdom/
8555	zaposlenik	employee	/zaposlěniːk/
8556	surogat	surrogate, substitute	/sûroɡaːt/
8557	preporučiti	to recommend	/preporǔːt͡ʃiti/
8558	uneti	to bring in	/ǔneːti/
8559	temperament	temperament	/temperǎment/
8560	pridobiti	to win over, charm	/pridǒbiti/
8561	neprirodno	unnaturally	/neprǐːrodno/
8562	sirovo	raw, uncooked	/sǐroʋo/
8563	usredotočiti	to concentrate, to focus	/usredotǒt͡ʃiti/
8564	izložiti	to display, exhibit	/izlǒʒiti/
8565	brineta	brunette	/briněta/
8566	promatrati	to look over, to examine by looking	/promǎːtrati/
8567	poručio	to send word, inform sb	/ˈporʊtˌʃɪo/
8568	mački	cat	/ˈmatʃkɪ/
8569	markiza	marchioness, marquise	/markǐːza/
8570	aplikacija	application	/aplikǎːt͡sija/
8571	krojač	tailor	/krǒjaːt͡ʃ/
8572	propovednik	preacher	/propoʋědniːk/
8573	lije	fox	/ˈlije/
8574	spektar	spectrum	/ˈspɛktɑr/
8575	osmoro	eight persons of different gender/sex	/ˈosmoro/
8576	upitati	to ask, question	/upǐːtati/
8577	detaljan	detailed	/dêtaːʎan/
8578	rođenu	born	/ˈrodʑɛnʊ/
8579	kancelar	chancellor	/kant͡sělaːr/
8580	okretati	to turn, spin	/okrěːtati/
8581	ustanak	rebellion, uprising	/ǔstanak/
8582	ispričavati	to narrate, tell	/isprit͡ʃǎːʋati/
8583	zahtevati	to demand	/zaxtěːʋati/
8584	pečeno	roasted	/ˈpɛtʃɛno/
8585	rezidencija	residency	/reziděnt͡sija/
8586	zaručnik	fiancé	/zǎːrut͡ʃniːk/
8587	opekotina	burn, scald	/opekǒtina/
8588	homić	gay person, homosexual	/ˈxomɪtɕ/
8589	madrac	mattress	/mǎdrat͡s/
8590	nabiti	to cram, stuff, jam, pack compactly	/nǎbiti/
8591	neprilika	trouble, difficulty	/neprǐːlika/
8592	rate	war	/ˈratɛ/
8593	uhoda	spy	/ǔxoda/
8594	samoća	loneliness	/samǒt͡ɕa/
8595	trend	trend	/trênd/
8596	ukinuti	to cancel, abolish, call off, rescind, revoke	/ǔkinuti/
8597	hrast	oak	/xrâːst/
8598	terorist	terrorist	/terǒrist/
8599	umor	fatigue	/ǔːmor/
8600	korišten	past passive participle of koristiti impf	/kǒriʃten/
8601	vreo	hot, boiling	/ʋrêo/
8602	plača	cry	/ˈplatʃɐ/
8603	plaćala	to pay	/ˈplatɕɐlɐ/
8604	raniji	early	/ˈranɪjɪ/
8605	mučno	painfully, arduously, with difficulty	/mût͡ʃno/
8606	kanadski	Canadian	/kǎnadskiː/
8607	republikanac	republican, Republican	/republikǎːnat͡s/
8608	vičete	to shout, yell	/ˈvitʃɛtɛ/
8609	imitacija	imitation	/imitǎːt͡sija/
8610	duvao	to blow	/ˈduvɐo/
8611	tajanstveno	mysteriously, secretively	/tajǎnstʋeno/
8612	košarka	basketball	/kǒʃaːrka/
8613	šoljica	cup	/ˈʃoʎɪtsɐ/
8614	goriš	to burn	/ˈɡorɪʃ/
8615	strastven	passionate	/strâstʋen/
8616	lasica	weasel	/lǎsit͡sa/
8617	motivi	motive	/ˈmotɪvɪ/
8618	rejting	rating	/ˈrejtɪŋɡ/
8619	nervoza	nervousness	/nerʋǒːza/
8620	svjež	fresh	/sʋjêʒ/
8621	suzavac	tear gas	/sûzaʋat͡s/
8622	kube	little stove	/ˈkubɛ/
8623	prestup	misdoing, violation, transgression, offense	/prěːstup/
8624	krupno	large, big, voluminous	/ˈkrupno/
8625	prala	to wash	/ˈpralɐ/
8626	tihe	masculine accusative plural	/ˈtihɛ/
8627	penzija	pension	/pěːnzija/
8628	imun	immune	/îmuːn/
8629	zamrznuti	to freeze	/zǎmrznuti/
8630	uverenje	conviction, belief	/uʋerěːɲe/
8631	analitičar	analyst	/analǐtit͡ʃaːr/
8632	plemenu	tribe	/ˈplɛmɛnʊ/
8633	tajanstven	mysterious, enigmatic, mystic, occult	/tajǎnstʋen/
8634	nasumice	at random	/nǎsumit͡seː/
8635	rasizam	racism	/rasǐzam/
8636	žicom	acanthus spinosissimus	/ˈʒitsom/
8637	pitom	tame	/pǐtom/
8638	puder	powder	/pǔːder/
8639	izmena	change	/îzmena/
8640	lipnja	June	/ˈlipɲɐ/
8641	prijati	to taste, suit, please	/prǐjati/
8642	raskinuti	to break, sever	/rǎskinuti/
8643	nazdraviti	to toast, drink a toast	/nǎzdraʋiti/
8644	pojavu	phenomenon	/ˈpojɐvʊ/
8645	biljni	vegetable	/bîːʎniː/
8646	imenovati	to name	/îmenoʋati/
8647	uzaludan	futile, useless, in vain	/ûzaluːdan/
8648	sudovi	court	/ˈsudovɪ/
8649	lan	flax	/ˈlan/
8650	naznaka	hint, allusion, denotation, sign	/ˈnaznɐkɐ/
8651	daviš	to choke, strangle	/ˈdavɪʃ/
8652	zaruke	engagement	/ˈzɑrʊkɛ/
8653	belkinja	white female	/bêlkiɲa/
8654	tiranin	tyrant	/ˈtirɐnɪn/
8655	rezervacija	reservation, booking	/rezerʋǎːt͡sija/
8656	dželat	hangman, executioner	/d͡ʒělaːt/
8657	mučenik	martyr	/mût͡ʃeniːk/
8658	bezvredno	worthlessly	/bêzʋredno/
8659	rasistički	as a racist, like a racist	/rasǐstit͡ʃkiː/
8660	njuškalo	sniffer	/ɲûʃkalo/
8661	težinom	weight	/ˈtɛʒɪnom/
8662	stabala	a tree trunk	/ˈstabɐlɐ/
8663	mazga	hinny	/mǎzɡa/
8664	lavove	lion	/ˈlavovɛ/
8665	sifilis	syphilis	/sǐfilis/
8666	brutalan	brutal	/brûtaːlan/
8667	najednom	suddenly, unexpectedly	/najědnoːm/
8668	nježan	tender, delicate, soft	/ɲêʒan/
8669	sjedili	to sit	/ˈsjedɪlɪ/
8670	crijevo	gut, bowel, intestine	/t͡srjěːʋo/
8671	razvaliti	to demolish, raze	/razʋǎːliti/
8672	pečen	roasted	/pět͡ʃen/
8673	pradeda	great-grandfather 3rd male ancestor	/ˈpradɛdɐ/
8674	genijalnost	ingeniousness, brilliance	/ɡenijǎːlnoːst/
8675	vetrom	wind	/ˈvɛtrom/
8676	govorom	speech	/ˈɡovorom/
8677	obruč	tire	/ôbruːt͡ʃ/
8678	ubode	sting, stab, prick	/ˈubodɛ/
8679	šetaj	to walk, stroll	/ˈʃɛtɑj/
8680	odlučivati	to decide	/odlut͡ʃǐːʋati/
8681	lula	tobacco pipe	/lǔla/
8682	propaganda	propaganda	/propǎɡaːnda/
8683	kapela	chapel	/kapěːla/
8684	demokratski	democratically	/demǒkratskiː/
8685	stekne	third-person singular present of stȅći	/ˈstɛknɛ/
8686	pušač	smoker	/pǔʃaːt͡ʃ/
8687	blokirati	to block, obstruct	/blokǐːrati/
8688	sestrinstvo	sisterhood	/sěstriːnstʋo/
8689	nemaran	negligent, indolent	/nêmaːran/
8690	takmičiti	to compete	/tǎkmit͡ʃiti/
8691	uzbrdo	uphill	/ûzbr̩do/
8692	klip	piston	/klîːp/
8693	milicija	militia	/mǐliːt͡sija/
8694	cigla	brick	/t͡sǐːɡla/
8695	bedan	poor, destitute	/bêːdan/
8696	vrtiću	kindergarten	/ˈvrtitɕʊ/
8697	bobom	broad bean	/ˈbobom/
8698	uvrediti	to insult	/uʋrěːditi/
8699	jarca	billy goat	/ˈjɑrtsɐ/
8700	šrafciger	screwdriver	/ʃrǎft͡siːɡer/
8701	mučen	tortured, tormented	/mût͡ʃen/
8702	prizemlje	ground floor / first floor	/prǐːzeːmʎe/
8703	smrtnik	mortal	/ˈsmrtnik/
8704	začudo	surprisingly	/zǎt͡ʃudo/
8705	osetljivo	perceptibly, noticeably	/osětʎiʋo/
8706	spokojno	calmly, tranquilly, serenely	/spǒkoːjno/
8707	racija	raid	/râːt͡sija/
8708	điha	giddyup	/ˈdʑihɐ/
8709	skratiti	to shorten, make shorter	/skrǎːtiti/
8710	teši	to console, comfort	/ˈtɛʃɪ/
8711	zakazati	to schedule, call or arrange	/zakǎːzati/
8712	udobnost	comfort, cosiness	/ûdobnoːst/
8713	grk	Greek	/ɡr̂k/
8714	šmokljan	goof, simpleton, fool	/ʃmǒkʎan/
8715	dabogda	expressing good or bad wish	/dǎboːɡda/
8716	seksualnost	sexuality	/seksuǎːlnoːst/
8717	lošom	bad, malicious	/ˈloʃom/
8718	radikalno	radically	/râdikaːlno/
8719	građanina	citizen	/ˈɡradʑɐˌnɪnɐ/
8720	riblji	fish	/rîbʎiː/
8721	koske	a big bone	/ˈkoskɛ/
8722	prašak	powder	/prǎːʃak/
8723	frizer	hairdresser	/frǐzeːr/
8724	lečiti	to cure, treat	/lěːt͡ʃiti/
8725	izvoditi	to bring out, carry out, lead out	/izʋǒditi/
8726	razaranje	destruction	/ˈrazɑˌrɐɲe/
8727	stajete	second-person plural present of stȁjati	/ˈstɑjetɛ/
8728	isterati	to drive out, drive away, expel	/ǐsterati/
8729	meduza	jellyfish	/medǔːza/
8730	poslužavnik	dish, plate	/poslǔʒaːʋniːk/
8731	terali	to force, make	/ˈtɛrɐlɪ/
8732	svijest	consciousness	/sʋjêːst/
8733	krvotok	circulation of blood; blood stream	/kr̩̂ʋotoːk/
8734	spreme	qualification, training	/ˈsprɛmɛ/
8735	registracija	registration	/ˈrɛɡɪsˌtrɐtsɪjɐ/
8736	frustriran	frustrated	/frǔstriːran/
8737	tiket	betting sheet	/ˈtikɛt/
8738	zaručnica	fiancé	/zǎːrut͡ʃnit͡sa/
8739	ugristi	to bite	/ǔɡristi/
8740	spao	to sleep	/ˈspao/
8741	petao	rooster, cock	/pěːtao/
8742	ljudskost	humaneness	/ʎûdskoːst/
8743	neodgovoran	irresponsible	/nêodɡoʋoːran/
8744	stavka	item, entry	/stâːʋka/
8745	tekućine	liquid	/ˈtɛkʊtˌɕɪnɛ/
8746	buve	flea	/ˈbuvɛ/
8747	državljanstvo	citizenship	/dr̩ʒaʋʎǎːnstʋo/
8748	listić	gill	/lǐstit͡ɕ/
8749	bezbolno	painlessly	/bězboːlno/
8750	nacrtati	to draw	/nǎt͡sr̩tati/
8751	isprazniti	to empty	/isprǎːzniti/
8752	preliv	dressing	/prěːliʋ/
8753	sedla	saddle	/ˈsɛdlɐ/
8754	kreacija	creation	/kreǎːt͡sija/
8755	potomstvo	offspring, descendants, posterity, progeny	/pǒtoːmstʋo/
8756	jedinac	only son	/jedǐːnat͡s/
8757	đus	orange juice	/ˈdʑus/
8758	obiteljsko	familial	/ˈobɪˌtɛʎsko/
8759	zavesti	to seduce	/zǎʋesti/
8760	tužnim	sad	/ˈtuʒnɪm/
8761	šumski	silvan	/ˈʃumskɪ/
8762	spale	to sleep	/ˈspalɛ/
8763	njujorški	of, from or relating to the New York City, New York, United…	/ɲûjorʃkiː/
8764	zdravom	healthy, fit	/ˈzdravom/
8765	inicijativa	initiative	/init͡sijatǐːʋa/
8766	odjedanput	suddenly, unexpectedly	/odjedǎnpuːt/
8767	kamata	interest	/kâmata/
8768	zbunjeno	confusedly, confusingly	/zbûːɲeno/
8769	kitom	bunch, bouquet	/ˈkitom/
8770	ispiti	to drain empty something by drinking	/ǐspiti/
8771	lupanje	knocking, banging, slam	/lǔːpaːɲe/
8772	bubašvaba	cockroach	/bubaʃʋǎːba/
8773	ekskluzivno	exclusively	/êkskluziːʋno/
8774	jednoglasno	unanimously	/jednǒɡlasno/
8775	fetiš	fetish	/fětiʃ/
8776	pedere	a gay person, homosexual; faggot, homo, queer	/ˈpɛdɛrɛ/
8777	nabavku	acquisition	/ˈnabɐfkʊ/
8778	usto	at that, on top of that	/ǔstoː/
8779	žabac	male frog	/ʒǎːbat͡s/
8780	pokrov	cover, lid	/pǒkroʋ/
8781	analizirati	to analyze	/analizǐːrati/
8782	porasti	to grow; grow up	/porǎːsti/
8783	čovječanstvo	mankind, humanity	/t͡ʃoʋjet͡ʃǎnstʋo/
8784	aman	pity	/ǎmaːn/
8785	cvrsto	alternative form of čvȓsto	/ˈt͡sr̩ʋsto/
8786	zavist	envy, jealousy	/zǎːʋist/
8787	umorstvo	murder	/ˈumorstvo/
8788	španske	Spanish	/ˈʃpanskɛ/
8789	atomska	nominative/vocative singular feminine	/ˈatomskɐ/
8790	mačji	feline	/mât͡ʃjiː/
8791	čmar	anus	/t͡ʃmâːr/
8792	mlin	mill	/mlîn/
8793	preokrenuti	to flip, reorient, switch, reverse	/preokrěːnuti/
8794	borovnice	blueberry	/ˈborovˌnɪtsɛ/
8795	motivacija	motivation	/motiʋǎːt͡sija/
8796	krevetima	bed	/ˈkrɛvɛˌtɪmɐ/
8797	samostan	monastery	/sâmostaːn/
8798	španska	Spanish	/ˈʃpanskɐ/
8799	plivač	swimmer	/plǐʋaːt͡ʃ/
8800	korpa	basket	/kǒːrpa/
8801	region	former Yugoslavia	/ˈrɛɡɪon/
8802	sloma	breakdown, breakage	/ˈslomɐ/
8803	zavisno	depending	/zǎːʋisno/
8804	posebice	especially, particularly, in particular	/pǒːsebit͡seː/
8805	peskom	sand	/ˈpɛskom/
8806	polubrat	half brother	/polǔbrat/
8807	poneki	some	/pǒnekiː/
8808	podvig	accomplishment, exploit, achievement	/pôdʋiːɡ/
8809	lopatom	shovel	/ˈlopɐtom/
8810	domaćinstvo	household	/domat͡ɕǐːnstʋo/
8811	poludjeti	to go mad, go crazy	/polǔːdjeti/
8812	začina	spice, seasoning	/ˈzatʃɪnɐ/
8813	jazbina	lair, den	/jâzbina/
8814	uboden	to sting, prick	/ˈubodɛn/
8815	korupcija	corruption	/korǔpt͡sija/
8816	mamuran	hungover	/mâmuːran/
8817	nijesam	to be, to exist	/nijěːsam/
8818	nećakinja	niece	/net͡ɕǎkiɲa/
8819	bor	pine	/bôːr/
8820	mrvica	crumb	/mr̩̂ʋit͡sa/
8821	spaljivanje	burning, combustion	/ˈspaʎɪˌvɐɲe/
8822	lesi	Ekavian form of léja	/ˈlɛsɪ/
8823	častiti	to treat oneself, to indulge	/t͡ʃǎstiti/
8824	toka	flow	/ˈtokɐ/
8825	buntovnik	rebel	/bǔntoːʋniːk/
8826	tjerati	to force, make	/tjêrati/
8827	djetinjstvo	childhood	/ˈdjetɪɲstvo/
8828	crnčuga	nigger, kaffir	/t͡sř̩n̩t͡ʃuɡa/
8829	dezerter	deserter	/dezěrteːr/
8830	mjestom	place	/ˈmjestom/
8831	mrav	ant	/mrâːʋ/
8832	nu	but, however	/nû/
8833	praktičan	practical	/prǎktit͡ʃan/
8834	stipendija	scholarship	/stipěndija/
8835	rupom	pit, hole	/ˈrupom/
8836	podizati	to raise, lift, elevate	/pǒdizati/
8837	božanstvo	deity, god	/boʒǎnstʋo/
8838	limunada	lemonade	/limunǎːda/
8839	plačete	to cry, weep	/ˈplatʃɛtɛ/
8840	tanko	thin	/ˈtaŋko/
8841	predvidjeti	to foresee, foretell, predict	/prědʋidjeti/
8842	veštac	sorcerer, conjurer, warlock	/ʋěːʃtat͡s/
8843	nazivati	to name	/nazǐːʋati/
8844	kaša	porridge	/kâʃa/
8845	zasada	principle, rule	/ˈzasɐdɐ/
8846	nastati	to emerge, arise, develop	/nǎstati/
8847	platnom	linen	/ˈplatnom/
8848	skakač	jumper	/skǎkaːt͡ʃ/
8849	muvu	fly	/ˈmuvʊ/
8850	neprijateljstvo	enmity, hostility, animosity	/neprijatěʎstʋo/
8851	knjižnici	library	/ˈkɲiʒnɪtsɪ/
8852	iskustava	experience	/ˈiskʊsˌtɐvɐ/
8853	strijelac	archer, bowman	/strjěːlat͡s/
8854	besno	angrily, furiously	/bêːsno/
8855	krupni	large, big, voluminous	/ˈkrupnɪ/
8856	pristojnost	politeness, decency, propriety	/pristǒːjnoːst/
8857	uva	ear	/ˈuvɐ/
8858	ušle	to enter, go into, come in	/ˈuʃlɛ/
8859	tiganj	frying pan, skillet	/ˈtiɡɐɲ/
8860	nađene	to find, discover	/ˈnadʑɛnɛ/
8861	metabolizam	metabolism	/metabolǐzam/
8862	kalup	cast, mold, stamp, die	/kǎlup/
8863	čelični	steel	/t͡ʃělit͡ʃniː/
8864	šljiva	plum	/ʃʎîʋa/
8865	kasapin	butcher	/kǎsapin/
8866	razveseliti	to rejoice, be happy	/razʋesěliti/
8867	uzajamno	mutually, reciprocally	/ûzajaːmno/
8868	gležanj	ankle	/ɡlêʒaɲ/
8869	slepac	blind man	/slěːpat͡s/
8870	konvencija	convention	/konʋěnt͡sija/
8871	toplina	heat, warmth	/toplǐna/
8872	optimizam	optimism	/optimǐzam/
8873	skromnost	modesty, humbleness	/skrômnoːst/
8874	zamijenili	to exchange	/ˈzamɪˌjenɪlɪ/
8875	spakovati	to pack	/spâkoʋati/
8876	usnu	lip	/ˈusnʊ/
8877	travnja	April	/ˈtravɲɐ/
8878	umela	to know how	/ˈumɛlɐ/
8879	pusto	empty, deserted, abandoned	/ˈpusto/
8880	žar	fervor, ardor	/ʒâːr/
8881	brodić	ship	/brǒdiːt͡ɕ/
8882	naknada	compensation	/nâːknada/
8883	velikodušnost	generosity, munificence	/ʋelikǒduʃnoːst/
8884	članica	member	/t͡ʃlǎnit͡sa/
8885	podsvest	subconscious	/pôdsʋeːst/
8886	dragim	dear	/ˈdraɡɪm/
8887	kuhanje	verbal noun of kȕhati: cooking	/kûxaːɲe/
8888	kreveti	bed	/ˈkrɛvɛtɪ/
8889	fondacija	foundation	/fondǎːt͡sija/
8890	ubodi	to sting, prick	/ˈubodɪ/
8891	izbegavati	to avoid	/izbeɡǎːʋati/
8892	vola	ox	/ˈvolɐ/
8893	afrički	African	/ǎfrit͡ʃkiː/
8894	kami	stone	/ˈkamɪ/
8895	parkiralište	parking	/parkǐraliːʃte /
8896	artritis	arthritis	/artrǐtis/
8897	rakom	crab	/ˈrakom/
8898	procjena	estimate, evaluation	/prôt͡sjena/
8899	špric	syringe	/ʃprît͡s/
8900	snašla	to befall, happen	/ˈsnaʃlɐ/
8901	navijač	fan	/naʋǐjaːt͡ʃ/
8902	sletjeti	to land	/ˈslɛtjetɪ/
8903	efikasnost	effectiveness	/ˈɛfɪˌkɐsnost/
8904	nečijem	masculine/neuter dative singular	/ˈnɛtʃɪjem/
8905	bokserice	boxers, boxer briefs	/bôkserit͡se/
8906	spašavati	imperfective form of spásiti	/spaʃǎːʋati/
8907	marioneta	marionette, puppet	/marioněta/
8908	muhe	fly	/ˈmuhɛ/
8909	popreko	across	/pôpreːko/
8910	blagajnik	cashier	/blǎɡaːjniːk/
8911	talijanski	as an Italian	/talǐjaːnskiː/
8912	izvedeno	neuter singular passive past participle of ìzvesti	/ˈizvɛˌdɛno/
8913	farba	paint	/fâːrba/
8914	maču	sword	/ˈmatʃʊ/
8915	tehnološki	technologically	/texnǒloʃkiː/
8916	dirali	to touch	/ˈdirɐlɪ/
8917	specifično	specifically	/spet͡sǐfit͡ʃno/
8918	satnik	captain	/sâtniːk/
8919	načiniti	to make, do, produce	/nat͡ʃǐniti/
8920	uvrijediti	to insult	/uʋrjěːditi/
8921	nastupiti	to begin	/nastǔːpiti/
8922	suci	judge	/ˈsutsɪ/
8923	predvorje	vestibule, entrance hall, forecourt	/prěːdʋoːrje/
8924	barijera	barrier	/barijěːra/
8925	intenzivno	intensively	/întenziːʋno/
8926	ulaže	third-person singular present of ulagati	/ˈulɐʒɛ/
8927	redosled	sequence, order	/rêdosleːd/
8928	kelvin	kelvin	/kělʋiːn/
8929	otvarač	opener	/otʋǎraːt͡ʃ/
8930	sjena	shadow	/sjêna/
8931	poštovan	respected, honored	/pôʃtoʋaːn/
8932	miljenik	favorite	/mîʎeniːk/
8933	sestrić	nephew	/sêstrit͡ɕ/
8934	ukazati	to point out, point to	/ukǎːzati/
8935	dren	dogwood, cornel	/drên/
8936	poslovan	business	/pôsloːʋan/
8937	nevidljivo	invisibly	/neʋǐdʎiʋo/
8938	vežu	to bind, fasten, tie	/ˈvɛʒʊ/
8939	jahta	yacht	/jâxta/
8940	vrećica	plastic bag	/ʋrêt͡ɕit͡sa/
8941	suvom	dry, dried	/ˈsuvom/
8942	ruksak	rucksack, backpack, knapsack	/rûksaːk/
8943	aligator	alligator	/alǐɡaːtor/
8944	gamad	vermin	/ɡâmaːd/
8945	dirala	to touch	/ˈdirɐlɐ/
8946	našlo	to find, discover	/ˈnaʃlo/
8947	dovoditi	to bring, lead, take someone somewhere	/doʋǒditi/
8948	neodređeno	indefinitely	/neǒdreːd͡ʑeno/
8949	kreativnost	creativity	/ˈkrɛɐˌtɪvnost/
8950	obrt	activity or business of a craftsman	/ǒbr̩t/
8951	sanjar	dreamer	/sǎɲaːr/
8952	užeta	rope, cord	/ˈuʒɛtɐ/
8953	spoja	junction, juncture	/ˈspojɐ/
8954	ponositi	to be proud, pride oneself on	/ponǒsiti/
8955	žetva	harvest	/ʒêtʋa/
8956	ružnih	ugly, unattractive	/ˈruʒnɪh/
8957	skeč	sketch	/skêt͡ʃ/
8958	formacija	formation	/formǎːt͡sija/
8959	seka	sis	/sěːka/
8960	radovati	to make happy, delight	/râdoʋati/
8961	navijanje	verbal noun of navijati impf	/naʋǐːjaːɲe/
8962	moro	an anxiety-inducing concern, a hardship	/ˈmoro/
8963	indijac	Indian	/indǐːjat͡s/
8964	nadesno	to the right	/nâdesno/
8965	mirnu	motionless	/ˈmirnʊ/
8966	neprofesionalno	unprofessionally	/nêprofesionaːlno/
8967	katanac	padlock	/kǎtanat͡s/
8968	puma	puma	/pûma/
8969	anoniman	anonymous	/ânoniːman/
8970	industrijski	industrially	/indǔstriːjskiː/
8971	kišni	rain	/kîʃniː/
8972	pupak	navel	/pûpak/
8973	zvanje	profession, vocation	/zʋǎːɲe/
8974	lisicu	vixen	/ˈlisɪtsʊ/
8975	vičite	to shout, yell	/ˈvitʃɪtɛ/
8976	branik	bumper	/ˈbranɪk/
8977	niža	feminine nominative/vocative singular	/ˈniʒɐ/
8978	apoteka	apothecary	/ˈapoˌtɛkɐ/
8979	originalan	original	/ôriɡinaːlan/
8980	umirati	to die	/ǔmirati/
8981	vodovod	waterworks, plumbing	/ʋôdoʋoːd/
8982	did	grandfather	/dîd/
8983	rezerva	reserve	/rězeːrʋa/
8984	fala	nonstandard form of hvála	/fǎːla/
8985	celih	whole	/ˈtsɛlɪh/
8986	povest	history	/pôʋeːst/
8987	sline	saliva	/ˈslinɛ/
8988	šašav	foolish, fatuous	/ʃâʃaʋ/
8989	platom	pay	/ˈplatom/
8990	višim	masculine/neuter instrumental singular of viši	/ˈviʃɪm/
8991	ker	dog	/kêːr/
8992	tučem	to beat, thrash	/ˈtutʃɛm/
8993	kirija	rent	/kǐrija/
8994	mačkica	cat	/mât͡ʃkit͡sa/
8995	bradi	beard	/ˈbradɪ/
8996	minimalno	minimally	/mînimaːlno/
8997	zbuniti	to confuse, perplex, baffle	/zbǔːniti/
8998	procep	fissure, crack	/prǒːt͡sep/
8999	pansion	pension	/pansǐoːn/
9000	rastati	to say goodbye, part	/rǎstati/
9001	napon	tension	/nǎːpon/
9002	ogranak	a smaller branch extending from a larger one	/ǒɡranak/
9003	suša	drought	/sûːʃa/
9004	os	axis	/ôːs/
9005	pancir	mail	/pǎnt͡siːr/
9006	sportsku	sporting, sport	/ˈsportskʊ/
9007	boka	river mouth	/bôka/
9008	trzaj	spasm, jerk, twitch	/tr̂zaːj/
9009	pokoj	rest	/pǒkoj/
9010	napojnica	tip, baksheesh, gratuity	/nǎːpoːjnit͡sa/
9011	bistro	clearly	/ˈbistro/
9012	bakar	copper	/bǎkar/
9013	egipatski	Egyptian	/ěɡipatskiː/
9014	gluh	deaf	/ɡlûːx/
9015	obožavati	to adore, admire	/oboʒǎːʋati/
9016	šišmiš	bat	/ʃǐʃmiʃ/
9017	skelet	skeleton	/ˈskɛlɛt/
9018	nosilac	carrier, bearer	/nǒsilat͡s/
9019	testera	handsaw, saw	/testěra/
9020	grb	coat of arms	/ɡr̩̂b/
9021	bajno	beautiful, delightful, wonderful	/ˈbɑjno/
9022	masni	fatty, oily, greasy	/ˈmasnɪ/
9023	pub	jack, knave in card games	/pûːb/
9024	poslana	to send	/ˈposlɐnɐ/
9025	pruzi	stripe, bind, line	/ˈpruzɪ/
9026	nesigurnost	insecurity	/ˈnɛsɪˌɡʊrnost/
9027	trula	rotten	/ˈtrulɐ/
9028	žalba	complaint	/ʒǎlba/
9029	poslovica	proverb	/ˈposloˌvɪtsɐ/
9030	naboj	cartridge	/nǎːboj/
9031	predak	ancestor, forefather, progenitor	/prêdak/
9032	susresti	to meet	/sǔsresti/
9033	neuredno	untidily, disorderly	/nêuredno/
9034	natjecanju	competition	/ˈnatjetˌsɐɲʊ/
9035	molekula	molecule	/molěkula/
9036	transformacija	transformation	/transformǎːt͡sija/
9037	stolac	chair	/stǒlat͡s/
9038	ugledan	respectable	/ûɡleːdan/
9039	poverljiv	confidential	/poʋěrʎiʋ/
9040	dečji	children or infants	/dět͡ʃjiː/
9041	delovanje	action, act	/ˈdɛloˌvɐɲe/
9042	dramatičan	dramatic	/dramǎtit͡ʃan/
9043	predgrađe	suburb	/prědɡraːd͡ʑe/
9044	đak	pupil	/d͡ʑâːk/
9045	istaknuti	to emphasize, underline, point out	/istǎknuti/
9046	logičan	logical	/lǒɡit͡ʃan/
9047	ustajati	to stand up, rise	/ǔstajati/
9048	mekoj	soft	/ˈmɛkoj/
9049	poređenje	comparison	/ˈporɛdˌʑɛɲe/
9050	predeo	region, district, area	/prěːdeo/
9051	svitanje	daybreak, dawn	/sʋîtaːɲe/
9052	džaba	free, for free, gratis	/d͡ʒâba/
9053	prodavačica	saleswoman	/prodaʋǎt͡ʃit͡sa/
9054	udove	widow	/ˈudovɛ/
9055	žitarica	grain, cereal	/ʒitǎrit͡sa/
9056	počinak	rest, the state of resting	/ˈpotʃɪnɐk/
9057	predavati	to lecture on, teach	/predǎːʋati/
9058	gljiva	mushroom	/ɡʎîʋa/
9059	kiseli	masculine nominative/vocative plural	/ˈkisɛlɪ/
9060	otpao	to fall off	/ˈotpɐo/
9061	otpala	to fall off	/ˈotpɐlɐ/
9062	kradete	to steal	/ˈkradɛtɛ/
9063	vođen	to lead	/ˈvodʑɛn/
9064	plemstvo	nobility	/plěmstʋo/
9065	kotao	kettle	/ˈkotɐo/
9066	pubertet	puberty	/puběrteːt/
9067	baklja	torch	/bâkʎa/
9068	cilindar	cylinder	/t͡silǐndar/
9069	potonuti	to sink	/potǒnuti/
9070	fudbaler	footballer	/fudbǎleːr/
9071	nemoćan	feeble, infirm, weak	/nêmot͡ɕan/
9072	brojanje	counting, count	/ˈbrojɐɲe/
9073	okno	pane	/ǒkno/
9074	terenac	SUV	/ˈtɛrɛnɐts/
9075	pobunjenik	rebel	/pobuɲěniːk/
9076	oštetiti	to harm, damage	/ǒʃtetiti/
9077	profesionalan	professional	/prôfesionaːlan/
9078	ginekolog	gynaecologist	/ɡinekǒloɡ/
9079	gledište	viewpoint, aspect	/ɡlêdiːʃte/
9080	izdržljivost	persistence, endurance	/izdřʒʎiʋoːst/
9081	amaterski	amateurishly	/amǎteːrskiː/
9082	zarazu	contagion	/ˈzɑrɐzʊ/
9083	zabuna	confusion	/zâːbuna/
9084	valovi	wave	/ˈvalovɪ/
9085	korene	root	/ˈkorɛnɛ/
9086	kabla	bucket, pail, tub	/ˈkablɐ/
9087	svibnja	May	/ˈsvibɲɐ/
9088	jaz	I	/ˈjaz/
9089	ljestve	ladder	/ʎêstʋe/
9090	sakupiti	to gather, collect, assemble	/sǎkupiti/
9091	prerezati	to cut	/prěrezati/
9092	pepsi	Pepsi	/ˈpɛpsɪ/
9093	golem	huge, giant, mammoth	/ɡǒlem/
9094	stideti	to be shy	/stǐːdeti/
9095	uzorcima	sample, specimen	/ˈuzortˌsɪmɐ/
9096	žici	acanthus spinosissimus	/ˈʒitsɪ/
9097	iskočiti	to jump, leap out	/iskǒt͡ʃiti/
9098	nišan	sight	/nǐʃan/
9099	peto	heel	/ˈpɛto/
9100	obratno	conversely, reversely, oppositely	/ôbraːtno/
9101	plovio	to sail, navigate	/ˈplovɪo/
9102	šargarepa	carrot	/ʃarɡarěːpa/
9103	jevanđelje	gospel	/jeʋǎnd͡ʑeːʎe/
9104	risa	lynx	/ˈrisɐ/
9105	ponor	abyss	/pǒnor/
9106	osama	loneliness, solitude, isolation	/ôsama/
9107	obveza	obligation	/ˈobvɛzɐ/
9108	opšti	general, universal	/ôpʃtiː/
9109	propust	negligence	/ˈpropʊst/
9110	gust	dense	/ɡûːst/
9111	dvojnik	look-alike, double	/dʋôːjniːk/
9112	turski	Turkish	/tǔrskiː/
9113	ud	limb	/ˈud/
9114	njutn	newton	/ɲûtn̩/
9115	šutjeti	to be silent, shut up	/ʃǔːtjeti/
9116	šlic	fly	/ʃlît͡s/
9117	hlača	genitive of hlȁče	/ˈxlatʃɐ/
9118	vežemo	to bind, fasten, tie	/ˈvɛʒɛmo/
9119	sveučilište	university	/ˈsvɛʊtˌʃɪlɪʃtɛ/
9120	čizburger	cheeseburger	/t͡ʃîːzburɡer/
9121	slade	malt	/ˈsladɛ/
9122	refleks	reflex	/ˈrɛflɛks/
9123	obilje	luxury	/ǒbiːʎe/
9124	turistički	as a tourist	/turǐstit͡ʃkiː/
9125	bliža	feminine nominative/vocative singular	/ˈbliʒɐ/
9126	leče	to cure, treat	/ˈlɛtʃɛ/
9127	dvojku	two	/ˈdvojkʊ/
9128	mikrofona	microphone	/ˈmikroˌfonɐ/
9129	nevreme	storm, foul weather	/nêʋreːme/
9130	krstarica	cruiser	/kr̩stǎrit͡sa/
9131	svinjetina	pork	/sʋǐɲetina/
9132	ikona	icon	/ǐkona/
9133	tekstove	accusative plural of tȅkst	/têkstoʋe/
9134	imitator	imitator	/imǐtaːtor/
9135	gramofon	gramophone, phonograph	/ɡramǒfoːn/
9136	bundeva	pumpkin	/bǔndeʋa/
9137	vodonik	hydrogen	/ˈvodonɪk/
9138	ševiti	to have sex	/ʃěːʋiti/
9139	vrelu	hot, boiling	/ˈvrɛlʊ/
9140	neznalica	ignoramus	/něznalit͡sa/
9141	beznačajan	insignificant, meaningless	/bêznat͡ʃaːjan/
9142	praha	powder	/ˈprahɐ/
9143	kontekst	context	/kǒntekst/
9144	lutkica	a little doll	/ˈlutkɪtsɐ/
9145	skuvati	to cook	/skûxati/
9146	postupati	to act, proceed	/postǔːpati/
9147	melem	balm, balsam	/mělem/
9148	nepobediv	invincible	/nepobědiʋ/
9149	skoč	scotch	/skôt͡ʃ/
9150	stanište	habitat	/stâniːʃte/
9151	potpora	support	/pôtpora/
9152	tvar	matter, substance, material	/tʋâːr/
9153	prometa	traffic	/ˈpromɛtɐ/
9154	salama	salami	/salǎːma/
9155	slana	hoarfrost	/slǎːna/
9156	struji	electricity	/ˈstrujɪ/
9157	zamjeriti	to reproach, criticize, condemn, find faults with	/zǎːmjeriti/
9158	skuhati	to cook	/skûxati/
9159	genocid	genocide	/ˈɡɛnotsɪd/
9160	sorta	sort, kind	/ˈsortɐ/
9161	prebroditi	to overcome, surmount, weather	/prebrǒditi/
9162	rajski	heavenly	/râːjskiː/
9163	plove	third-person plural present of plòviti	/ˈplovɛ/
9164	verili	to engage	/ˈvɛrɪlɪ/
9165	mrtvačnica	morgue, mortuary	/mř̩tʋaːt͡ʃnit͡sa/
9166	sfera	sphere, ball, globe	/ˈsfɛrɐ/
9167	pauci	spider	/ˈpaʊtsɪ/
9168	pokušajima	attempt, try	/ˈpokʊˌʃɑjɪmɐ/
9169	pretvarali	to turn into, to transform, to change	/ˈprɛtvɑˌrɐlɪ/
9170	članom	member	/ˈtʃlanom/
9171	tuci	to beat, thrash	/ˈtutsɪ/
9172	izrazito	distinctly, clearly	/ǐzrazito/
9173	strelica	arrow	/strělit͡sa/
9174	dosađivati	to bore	/dosad͡ʑǐːʋati/
9175	potezi	stroke, move	/ˈpotɛzɪ/
9176	zebra	zebra	/zêbra/
9177	propale	to fall through, fall into, sink	/ˈpropɐlɛ/
9178	stupanj	degree	/ˈstupɐɲ/
9179	fleka	spot, smear, blot	/flêka/
9180	povraćati	imperfective form of povrátiti	/pǒʋrat͡ɕati/
9181	građevinski	process of building, constructing	/ɡrǎd͡ʑeʋiːnskiː/
9182	bocom	bottle	/ˈbotsom/
9183	gađati	to shoot	/ɡǎːd͡ʑati/
9184	neugodan	awkward	/nêuɡodan/
9185	predsjednica	female chairperson	/ˈprɛtsjedˌnɪtsɐ/
9186	sočno	juicily	/sôt͡ʃno/
9187	rezati	to cut	/rêzati/
9188	sumpor	sulfur	/sûːmpor/
9189	sastojci	ingredient	/ˈsastojtsɪ/
9190	začin	spice, seasoning	/zǎːt͡ʃin/
9191	hvaliti	to praise, commend, laud	/xʋǎːliti/
9192	istinit	true, authentic	/îstinit/
9193	kulta	cult	/ˈkultɐ/
9194	smiješak	smile	/smjěːʃak/
9195	priličan	considerable	/prǐːlit͡ʃan/
9196	prasence	piglet	/prasěːnt͡se/
9197	šestorica	six men	/ʃestǒrit͡sa/
9198	lupi	loupe	/ˈlupɪ/
9199	kamene	stone	/ˈkamɛnɛ/
9200	činovnik	clerk	/t͡ʃinǒʋniːk/
9201	klupa	bench	/klǔːpa/
9202	smaknuće	execution	/smaknǔːt͡ɕe/
9203	narodi	people	/ˈnɑrodɪ/
9204	pekara	bakery	/pěkara/
9205	pokazatelj	indicator	/pokǎzateʎ/
9206	zadovoljno	with pleasure	/zâdoʋoːʎno/
9207	lijes	coffin	/ljêːs/
9208	latice	petal	/ˈlatɪtsɛ/
9209	izrasti	to grow up completely	/izrǎːsti/
9210	unakrsno	crossways, crosswise	/ˈunɐkrsno/
9211	opseg	circumference	/ôpseːɡ/
9212	dopust	holidays, free time	/ˈdopʊst/
9213	udaljiti	to remove	/udǎːʎiti/
9214	glatka	smooth	/ˈɡlatkɐ/
9215	grdno	really, a lot, thoroughly	/ɡr̂ːdno/
9216	peku	iron pan for baking bread	/ˈpɛkʊ/
9217	dublji	deep	/ˈdubʎɪ/
9218	uzdah	sigh	/ûzdaːx/
9219	sabotaža	sabotage	/sabotǎːʒa/
9220	dizati	to lift, raise, elevate	/dîzati/
9221	klešta	alternative form of klijéšta	/klěːʃta/
9222	stajem	first-person singular present of stȁjati	/ˈstɑjem/
9223	izolacija	isolation	/izolǎːt͡sija/
9224	izolovan	isolated	/ˈizoˌlovɐn/
9225	okupe	gathering, assembly	/ˈokʊpɛ/
9226	ojačati	to strengthen	/ojǎt͡ʃati/
9227	pasji	as a dog, in the manner of a dog	/pâsjiː/
9228	hrišćanstvo	Christianity, Christendom	/xrǐʃt͡ɕaːnstʋo/
9229	nedeljni	Sunday	/nědeːʎniː/
9230	uzduž	along, down	/ûzduːʒ/
9231	reži	to cut	/ˈrɛʒɪ/
9232	kucaj	to knock, tap, beat, strike	/ˈkutsɑj/
9233	haljinom	dress	/ˈxaʎɪnom/
9234	španac	Spaniard	/ʃpǎːnat͡s/
9235	izreći	to state, utter, say, pronounce	/ǐzret͡ɕi/
9236	natjecanja	competition	/ˈnatjetˌsɐɲɐ/
9237	obim	volume	/ǒbim/
9238	lim	sheet metal	/lîm/
9239	proučiti	to study	/proǔt͡ʃiti/
9240	svrab	scabies	/sʋrâːb/
9241	tam	there	/ˈtam/
9242	deva	camel	/děːʋa/
9243	ostanak	staying, remaining	/ǒstanak/
9244	komunizam	communism	/ˈkomʊˌnɪzɐm/
9245	mafijaš	mobster, Mafioso	/mafǐjaːʃ/
9246	stručno	expertly	/strût͡ʃno/
9247	osnovati	to found, establish	/osnǒʋati/
9248	sedlu	saddle	/ˈsɛdlʊ/
9249	pikado	darts	/pikâːdo/
9250	pijaca	bazaar, open air market, piazza, showroom	/pǐjat͡sa/
9251	engleskinja	Englishwoman	/ěnɡleskiɲa/
9252	babica	midwife	/bâbit͡sa/
9253	jarbol	mast	/jâːrbol/
9254	instinktivno	instinctively	/înstinktiːʋno/
9255	biologija	biology	/biolǒɡija/
9256	visila	to hang, be suspended	/ˈvisɪlɐ/
9257	dobijati	to receive, get, obtain, acquire	/dobîjati/
9258	terate	to force, make	/ˈtɛrɐtɛ/
9259	iznijeti	to carry out, take out	/ǐznjeːti/
9260	napale	to attack, assault	/ˈnapɐlɛ/
9261	tukla	to beat, thrash	/ˈtuklɐ/
9262	šestica	six	/ʃěstit͡sa/
9263	tašta	mother-in-law	/tâʃta/
9264	jedrenje	sailing	/jědreːɲe/
9265	dilema	dilemma	/dilěːma/
9266	autsajder	outsider	/autsǎjder/
9267	ublažiti	to alleviate	/ublǎːʒiti/
9268	svinjski	porcine	/sʋǐɲskiː/
9269	nezadovoljstvo	dissatisfaction, discontentment	/nezadoʋǒːʎstʋo/
9270	prodano	sold	/ˈprodɐno/
9271	vrpca	ribbon, tape, streamer	/ʋř̩pt͡sa/
9272	presudi	verdict	/ˈprɛsʊdɪ/
9273	povoljno	favorably	/pôʋoːʎno/
9274	imbecil	imbecile	/imbět͡siːl/
9275	oživeti	to revive, reanimate, resuscitate	/oʒǐːʋeti/
9276	izrada	production, manufacture, making	/ǐzrada/
9277	sjaju	to shine	/ˈsjɑjʊ/
9278	odrezati	to cut off	/ǒdrezati/
9279	rastvor	solution	/ˈrastvor/
9280	ležaj	couch	/ˈlɛʒɑj/
9281	pospan	drowsy, sleepy	/pôspaːn/
9282	skidati	to take down, take off	/skǐːdati/
9283	široki	broad, wide	/ˈʃirokɪ/
9284	mikroskop	microscope	/ˈmikroskop/
9285	kačket	cap	/kǎt͡ʃkeːt/
9286	financije	finance	/finǎnt͡sije/
9287	tvor	skunk	/tʋôːr/
9288	glađu	feminine accusative singular of glađi	/ˈɡladʑʊ/
9289	jastucima	pillow	/ˈjastʊtˌsɪmɐ/
9290	biografija	biography	/ˈbioˌɡrɐfɪjɐ/
9291	ravnatelj	headmaster, principal	/rǎʋnateʎ/
9292	kazala	to say, to state	/ˈkazɐlɐ/
9293	padova	fall	/ˈpadovɐ/
9294	delikatno	delicately, in a delicate manner, with delicacy	/dêlikaːtno/
9295	hala	hall	/xâla/
9296	odjenuti	to dress, clothe, put on clothes	/ǒdjenuti/
9297	ženica	diminutive of žèna; woman	/ʒěnit͡sa/
9298	horoskop	horoscope	/xôroskop/
9299	ješću	to eat, consume	/ˈjeʃtɕʊ/
9300	talisman	talisman	/talǐsmaːn/
9301	solidan	solid, firm	/sôliːdan/
9302	vlažan	humid	/ʋlâʒan/
9303	nagore	upward, up	/nǎɡore/
9304	džet	jet	/ˈdʒɛt/
9305	osuđenik	convict	/osud͡ʑěniːk/
9306	strateški	strategic	/strǎteːʃkiː/
9307	proizvesti	to manufacture, produce, create	/proǐzʋesti/
9308	šalimo	to joke; to joke around	/ˈʃalɪmo/
9309	takmičar	competitor, contestant	/tǎkmit͡ʃaːr/
9310	bruka	shame, disgrace	/brûka/
9311	lanaca	chain	/lâːnaːt͡saː/
9312	prekretnica	turning point, milestone, landmark	/prěkretnit͡sa/
9313	figurativno	figuratively	/fîɡuratiːʋno/
9314	zateći	to come across, come upon, happen to find, find	/zǎtet͡ɕi/
9315	podnositi	to bear, endure, withstand	/podnǒsiti/
9316	stoljećima	for centuries	/stǒʎet͡ɕima/
9317	dokrajčiti	to finish, to terminate	/ˈdokrɑjtˌʃɪtɪ/
9318	sjutra	tomorrow	/sjûtra/
9319	kuke	hook	/ˈkukɛ/
9320	suradnik	collaborator	/ˈsurɐdnɪk/
9321	zubić	tooth	/zǔbit͡ɕ/
9322	galama	fuss, buzz, noise	/ɡalǎːma/
9323	mlakonja	an irresolute, wishy-washy, ineffectual person; a wimp,…	/mlǎːkoɲa/
9324	maziti	to fondle, pet, cuddle	/mǎːziti/
9325	bacate	second-person plural present of bacati	/ˈbatsɐtɛ/
9326	izazivati	to challenge, provoke	/izazǐːʋati/
9327	februaru	February	/ˈfɛbrʊˌɑrʊ/
9328	sočivo	lentil	/sôt͡ʃiːʋo/
9329	izbiti	to knock out	/ǐzbiti/
9330	specifičan	specific	/spet͡sǐfit͡ʃan/
9331	kadet	cadet	/kǎdeːt/
9332	sjeverni	northern	/sjêʋeːrniː/
9333	fikcija	fiction	/fǐkt͡sija/
9334	grešnik	sinner	/ɡrêʃniːk/
9335	lokala	to drink, lap	/ˈlokɐlɐ/
9336	kompozitor	composer, compositor, songwriter	/kompǒziːtor/
9337	zabrljati	to smudge face when eating	/zabřːʎati/
9338	identičan	identical	/iděntit͡ʃan/
9339	sistematski	systematically	/sistěmatskiː/
9340	svodnik	pimp	/sʋôdniːk/
9341	buljiti	to stare, gape	/bǔːʎiti/
9342	insekt	insect	/ǐnsekt/
9343	pšenice	wheat	/ˈpʃɛnɪtsɛ/
9344	bledo	pale, pallid	/ˈblɛdo/
9345	gordi	proud	/ˈɡordɪ/
9346	pacijentica	patient	/ˈpatsɪˌjentɪtsɐ/
9347	nežnost	tenderness, softness, delicacy	/nêʒnoːst/
9348	uzeta	to take	/ˈuzɛtɐ/
9349	veštačka	artificial	/ˈvɛʃtɐtʃkɐ/
9350	blize	close	/ˈblizɛ/
9351	psić	diminutive of pȁs	/psît͡ɕ/
9352	uvečer	this evening	/ˈuvɛtʃɛr/
9353	grmljavina	thunder	/ɡřmʎaʋina/
9354	šaman	shaman	/ʃǎmaːn/
9355	javljati	to occur, manifest	/jǎːʋʎati/
9356	bratić	brother	/brâtit͡ɕ/
9357	tamnom	dark, gloomy, dim	/ˈtamnom/
9358	nj	him	/ˈɲə/
9359	postotak	percentage, percent	/pǒstotak/
9360	mutacija	mutation	/mutǎːt͡sija/
9361	olimpijski	in an Olympic manner	/olǐmpiːjskiː/
9362	skaut	scout	/skǎut/
9363	novinarstvo	journalism	/noʋinǎːrstʋo/
9364	bednik	wretch	/bêːdniːk/
9365	patent	patent	/pǎtent/
9366	zaglaviti	to jam, wedge	/zaɡlǎːʋiti/
9367	ubacuje	to throw in, throw into	/ˈubɐtˌsʊje/
9368	upalo	inflammation, pneumonia	/ˈupɐlo/
9369	pene	to foam	/ˈpɛnɛ/
9370	polen	pollen	/pǒlen/
9371	siromah	pauper, poor man	/sirǒmaːx/
9372	konzerva	tin, can	/ˈkonzɛrvɐ/
9373	skupljati	to gather, collect, assemble, congregate	/skǔːpʎati/
9374	brutalnost	brutality	/brutǎːlnoːst/
9375	štala	stable, stall	/ʃtâla/
9376	listom	all at once, everyone	/lîːstom/
9377	metle	broom	/ˈmɛtlɛ/
9378	pekar	baker	/pêkaːr/
9379	burme	wedding ring	/ˈburmɛ/
9380	tutanj	boom, roar	/tûːtaɲ/
9381	bode	to stab	/ˈbodɛ/
9382	tenzija	tension	/těnzija/
9383	krivila	to blame, accuse	/ˈkrivɪlɐ/
9384	kam	where, in which direction, whither	/kâːm/
9385	pekare	accusative plural of pȅkār	/ˈpɛkɑrɛ/
9386	trijezan	sober	/trjěːzan/
9387	penjati	to climb, rise, ascend	/pěɲati/
9388	cifra	digit	/t͡sîfra/
9389	udaljili	to remove	/ˈudɐˌʎɪlɪ/
9390	hodu	walk, gait	/ˈxodʊ/
9391	strelom	arrow	/ˈstrɛlom/
9392	odsada	henceforward, hereafter, henceforth	/ǒdsada/
9393	uštedeti	to save, spare	/uʃtěːdeti/
9394	džukela	dog, mongrel, cur	/d͡ʒǔkela/
9395	općenito	generally	/opt͡ɕěnito/
9396	panj	tree stump	/pâːɲ/
9397	porotnik	juror, juryman	/pǒrotniːk/
9398	vidljivo	visibly	/ʋǐdʎiʋo/
9399	razglednica	postcard	/rǎːzɡlednit͡sa/
9400	studirati	to study	/studǐːrati/
9401	slaviš	to celebrate, glorify	/ˈslavɪʃ/
9402	otjerati	to drive away, turn away, scare away	/ǒtjerati/
9403	kurcem	penis, dick, cock	/ˈkurtsɛm/
9404	pijandura	drunkard	/pijǎndura/
9405	lovite	to hunt	/ˈlovɪtɛ/
9406	vlaga	moisture	/ʋlâɡa/
9407	žilav	sinewy	/ʒîlaʋ/
9408	plodnost	fertility, fruitfulness	/plôdnoːst/
9409	emotivan	emotional	/êmotiːʋan/
9410	puž	snail	/pûːʒ/
9411	škotski	Scottish	/ʃkôtskiː/
9412	ovisnost	dependence, dependency	/ǒʋisnoːst/
9413	litra	liter, litre	/lîtra/
9414	šapu	paw, pad	/ˈʃapʊ/
9415	grka	Greek	/ˈɡrka/
9416	spakirati	to pack	/spakǐːrati/
9417	dirate	to touch	/ˈdirɐtɛ/
9418	zaposlenje	employment, job	/zaposlěːɲe/
9419	mlečni	milk; dairy	/mlêːt͡ʃniː/
9420	šorc	shorts	/ʃôrt͡s/
9421	obeležje	characteristic, mark, feature	/ôbeleːʒje/
9422	seljačina	farmer, peasant	/seʎǎt͡ʃina/
9423	pješke	on foot	/pjêʃkeː/
9424	nektar	nectar	/nêktar/
9425	matematičar	mathematician	/ˈmatɛˌmɐtɪtʃɑr/
9426	ideal	ideal	/iděaːl/
9427	lešinar	vulture	/lěʃinaːr/
9428	utroba	intestines	/ûtroba/
9429	bolovanje	sick leave	/bôloʋaːɲe/
9430	egzorcizam	exorcism	/eɡzort͡sǐzam/
9431	rise	lynx	/ˈrisɛ/
9432	slovom	letter	/ˈslovom/
9433	pregovarač	negotiator	/preɡoʋǎraːt͡ʃ/
9434	vunu	wool	/ˈvunʊ/
9435	osvajač	conqueror	/osʋǎjaːt͡ʃ/
9436	diviti	to admire, wonder at	/dǐːʋiti/
9437	delila	to divide, separate	/ˈdɛlɪlɐ/
9438	potpredsjednik	vice president	/potprěːdsjedniːk/
9439	nožu	knife	/ˈnoʒʊ/
9440	neopisivo	indescribably	/neopǐsiʋo/
9441	nezreo	unripe	/nězreo/
9442	srijeda	Wednesday	/srijěːda/
9443	bodi	to stab	/ˈbodɪ/
9444	katedrala	cathedral	/katedrǎːla/
9445	levak	left-hander	/lěʋaːk/
9446	beleg	mark, marker	/běleɡ/
9447	okoliš	environment	/ˈokolɪʃ/
9448	ubosti	to sting, prick	/ubǒsti/
9449	trudan	pregnant	/trǔːdan/
9450	dušica	wick	/ˈduʃɪtsɐ/
9451	poslalo	to send	/ˈposlɐlo/
9452	kopiladi	bastard	/ˈkopɪˌlɐdɪ/
9453	sujeverje	superstition	/sûjeʋeːrje/
9454	razgledati	to observe	/ˈrazɡlɛˌdɐtɪ/
9455	dugoročno	in the long run	/ˈduɡoˌrotʃno/
9456	nadzirati	to oversee, supervise	/nǎdzirati/
9457	gorak	bitter	/ɡǒːrak/
9458	podela	division, distribution	/pôdela/
9459	predstavom	show	/ˈprɛtstɐvom/
9460	sramno	shamefully, disgracefully	/srâːmno/
9461	pjevanje	singing	/ˈpjevɐɲe/
9462	sastavni	connecting, conjunctional	/sǎːstaʋniː/
9463	neudobno	uncomfortably	/nêudobno/
9464	neizbežan	inevitable, unavoidable	/nêizbeːʒan/
9465	tast	father-in-law	/tâst/
9466	podvala	deceit, fraud	/pôdʋala/
9467	guranje	verbal noun of gúrati	/ˈɡurɐɲe/
9468	obdukcija	autopsy	/obdǔkt͡sija/
9469	širio	to widen	/ˈʃirɪo/
9470	kaje	to repent, regret, be sorry for	/ˈkɑje/
9471	tresi	to shake	/ˈtrɛsɪ/
9472	divljina	wilderness	/diʋʎǐna/
9473	dostojno	worthily	/dǒːstoːjno/
9474	uska	narrow	/ˈuskɐ/
9475	svuci	to undress, to take off clothes	/ˈsvutsɪ/
9476	siri	to curdle, coagulate	/ˈsirɪ/
9477	prostitucija	prostitution	/prostitǔːt͡sija/
9478	besnilo	rage, fury	/běsnilo/
9479	papak	hoof	/pǎːpak/
9480	odstupiti	to step back, step away	/otstǔːpiti/
9481	kasa	safe	/kǎsa/
9482	škare	scissors	/ʃkâre/
9483	struna	string	/ˈstrunɐ/
9484	kaješ	to repent, regret, be sorry for	/ˈkɑjeʃ/
9485	problematično	problematically	/problemǎtit͡ʃno/
9486	primedba	remark, comment, note	/prǐːmedba/
9487	radostan	happy, glad, joyous	/râdostan/
9488	operite	to wash	/ˈopɛˌrɪtɛ/
9489	obrnuti	to turn	/obřːnuti/
9490	biolog	biologist	/biǒloɡ/
9491	šlagom	whipped cream	/ˈʃlaɡom/
9492	jastukom	pillow	/ˈjastʊkom/
9493	seno	hay	/sêːno/
9494	varali	to cheat, deceive, trick, swindle	/ˈvɑrɐlɪ/
9495	patika	sneaker	/pǎtika/
9496	narkomanka	junkie, drug addict	/narkǒmaːnka/
9497	palio	to kindle, light, set fire to	/ˈpalɪo/
9498	igde	anywhere, anyplace	/îɡde/
9499	londonski	of, from or relating to the city of London, England	/lǒndoːnskiː/
9500	udvaranje	courtship	/ˈudvɑˌrɐɲe/
9501	veridba	betrothal, engagement	/ʋěridba/
9502	kupao	to bathe	/ˈkupɐo/
9503	kanalizacija	sewerage system, sewers	/kanalizǎːt͡sija/
9504	sečeš	to cut, chop, chip, hew	/ˈsɛtʃɛʃ/
9505	poligraf	polygraph	/ˈpolɪɡrɐf/
9506	kockati	to gamble	/kôt͡skati/
9507	upitnik	question mark	/ǔpitniːk/
9508	kilu	hernia	/ˈkilʊ/
9509	lasice	weasel	/ˈlasɪtsɛ/
9510	šalica	cup	/ʃâlit͡sa/
9511	vita	to twist	/ˈvitɐ/
9512	kupaonica	bathroom	/kupaǒːnit͡sa/
9513	vesta	vest	/ʋêsta/
9514	svirka	gig	/sʋîːrka/
9515	cimet	cinnamon	/t͡sǐmet/
9516	ljagu	stain, blemish	/ˈʎaɡʊ/
9517	ploviti	to sail, navigate	/plǒʋiti/
9518	poklonu	gift, present	/ˈpoklonʊ/
9519	vreli	hot, boiling	/ˈvrɛlɪ/
9520	ništarija	rotter, good-for-nothing	/niʃtǎrija/
9521	dječji	children or infants	/djět͡ʃjiː/
9522	nacistički	as an nazi	/ˈnatsɪsˌtɪtʃkɪ/
9523	ukrcaj	loading, embarkation	/ûkr̩t͡saːj/
9524	desetka	ten	/děseːtka/
9525	okršaj	confrontation, skirmish, encounter	/ôkr̩ʃaːj/
9526	natjecati	to compete	/nǎtjet͡sati/
9527	seda	grey	/ˈsɛdɐ/
9528	zastao	to stop temporarily	/ˈzastɐo/
9529	tekućina	liquid	/tekǔt͡ɕina/
9530	tupan	witling	/ˈtǔpan/
9531	kučence	puppy, doggy	/kut͡ʃěːnt͡se/
9532	užina	snack	/ˈuʒɪnɐ/
9533	čest	frequent, common	/t͡ʃêːst/
9534	električar	electrician	/elěktrit͡ʃaːr/
9535	lima	file	/lîma/
9536	olimpijske	Olympic	/ˈolɪmˌpɪjskɛ/
9537	voska	wax	/ˈvoskɐ/
9538	ugledati	to look up to, to see as a role model	/ǔɡledati/
9539	neobjašnjivo	inexplicably	/neobjǎʃɲiʋo/
9540	zavod	institute, office, bureau	/zǎːʋod/
9541	obdanište	kindergarten	/ǒbdaniːʃte/
9542	bušilica	drilling/boring machine	/bǔʃilit͡sa/
9543	ništavilo	nothingness	/niʃtǎʋilo/
9544	nejasan	vague, unclear, indistinct	/nějasan/
9545	strina	aunt	/ˈstrinɐ/
9546	lavu	lion	/ˈlavʊ/
9547	lijevi	left	/ljêːʋiː/
9548	nar	pomegranate	/nâr/
9549	kobila	mare	/kǒbila/
9550	glupak	stupid person, fool, ignorant	/ˈɡlupɐk/
9551	meku	soft	/ˈmɛkʊ/
9552	zidom	wall	/ˈzidom/
9553	fiks	fix	/ˈfiks/
9554	kiselo	neuter nominative/accusative/vocative singular of kȉseo	/ˈkisɛlo/
9555	smicalica	trick, ruse	/smît͡salit͡sa/
9556	bare	vocative singular of bȃr	/ˈbɑrɛ/
9557	šav	seam	/ʃâʋ/
9558	šapa	paw, pad	/ʃǎːpa/
9559	zmijo	snake	/ˈzmijo/
9560	tup	blunt, dull	/tûːp/
9561	rudu	curly, shaggy, locky	/ˈrudʊ/
9562	rudnike	mine	/ˈrudnɪkɛ/
9563	kapitalizam	capitalism	/ˈkapɪˌtɐlɪzɐm/
9564	naposletku	finally	/naposlěːtku/
9565	lopate	shovel	/ˈlopɐtɛ/
9566	žaru	fervor, ardor	/ˈʒɑrʊ/
9567	dob	age	/ˈdob/
9568	hrasta	oak	/ˈxrastɐ/
9569	redovito	regularly	/redǒʋito/
9570	bliskost	proximity, closeness	/blîskoːst/
9571	bizon	bison	/bǐzoːn/
9572	sumnjivac	suspect	/sǔmɲiʋat͡s/
9573	herc	♥, hearts in card- and boardgames	/xêrt͡s/
9574	poštovana	respected, honored	/ˈpoʃtoˌvɐnɐ/
9575	katastrofalno	catastrophically	/kâtastrofaːlno/
9576	tajnik	male secretary	/tâːjniːk/
9577	utopiti	to drown	/utǒpiti/
9578	sivu	grey	/ˈsivʊ/
9579	berza	stock exchange, exchange, financial market	/bêrza/
9580	unija	union	/ûːnija/
9581	obiđe	to circle, go around	/ˈobɪdʑɛ/
9582	pridržati	to hold for a while	/pridř̩ʒati/
9583	vulkanski	volcanically	/ʋǔlkaːnskiː/
9584	nege	care, nursing	/ˈnɛɡɛ/
9585	pohvala	praise	/pôxʋala/
9586	letjelica	flying machine; aircraft or spacecraft	/lětjelit͡sa/
9587	maglovito	foggily	/maɡlǒʋito/
9588	transplantacija	transplantation	/transplantǎːt͡sija/
9589	skupinu	group	/ˈskupɪnʊ/
9590	guzom	instrumental singular of gȕz	/ˈɡuzom/
9591	rudnicima	mine	/ˈrudnɪtˌsɪmɐ/
9592	kupaš	to bathe	/ˈkupɐʃ/
9593	gorka	bitter	/ˈɡorkɐ/
9594	otrovati	to poison	/otrǒʋati/
9595	nosorog	rhinoceros	/nôsoroɡ/
9596	odora	robe, vestment	/ǒdora/
9597	litica	cliff	/lǐtit͡sa/
9598	polagano	slowly	/polǎɡaːno/
9599	četu	troop, squad, host	/ˈtʃɛtʊ/
9600	sekao	to cut, chop, chip, hew	/ˈsɛkɐo/
9601	fatalno	fatally	/fǎtaːlno/
9602	namjestiti	to put something	/nǎmjestiti/
9603	proceniti	to estimate, assess, evaluate	/prot͡sěːniti/
9604	pogriješiti	to err, to make a mistake	/poɡrjěːʃiti/
9605	verno	faithfully	/ʋêːrno/
9606	jezici	tongue	/ˈjezɪtsɪ/
9607	riže	rice	/ˈriʒɛ/
9608	rastojanje	distance	/ˈrastoˌjɐɲe/
9609	bibliotekar	librarian	/bibliotěkaːr/
9610	učtiv	polite, courteous, well-mannered	/ǔt͡ʃtiʋ/
9611	vestern	Western	/ʋěstern/
9612	kleo	to curse	/ˈklɛo/
9613	konstrukcija	construction	/konstrǔkt͡sija/
9614	biskvit	cookie, biscuit	/bǐskʋiːt/
9615	gavran	raven	/ɡâʋraːn/
9616	živahan	vivacious, sprightly, lively	/ʒîʋaːxan/
9617	perspektiva	perspective	/perspektǐːʋa/
9618	ori	to plow, till	/ˈorɪ/
9619	ambulanta	surgery	/ˈambʊˌlɐntɐ/
9620	lože	to stoke	/ˈloʒɛ/
9621	opala	to fall	/ˈopɐlɐ/
9622	djelomično	partially, partly	/djêlomit͡ʃno/
9623	zadaci	task, assignment	/ˈzadɐtsɪ/
9624	podučavati	imperfective form of podùčiti	/podut͡ʃǎːʋati/
9625	cenom	price	/ˈtsɛnom/
9626	hvatati	to grab, seize, take hold of	/xʋâtati/
9627	lupe	loupe	/ˈlupɛ/
9628	rosu	dew	/ˈrosʊ/
9629	komarac	mosquito	/komǎːrat͡s/
9630	prikrivanje	cover-up	/ˈprikrɪˌvɐɲe/
9631	nepouzdan	unreliable	/nêpouzdaːn/
9632	cement	cement	/t͡sěment/
9633	maleno	small	/ˈmalɛno/
9634	izići	to go out, leave, come out, get out	/izǐːt͡ɕi/
9635	gasim	first-person singular present of gasiti	/ˈɡasɪm/
9636	umemo	to know how	/ˈumɛmo/
9637	krivokletstvo	oathbreach, perjury	/kriʋoklěːtstʋo/
9638	naglasiti	to accent	/naɡlǎːsiti/
9639	pripadati	to belong to	/prǐpadati/
9640	fotelja	armchair	/fotěʎa/
9641	pokoriti	to conquer, subjugate	/pokǒriti/
9642	oklevati	to hesitate, vacillate	/oklěːʋati/
9643	vojnički	as a soldier	/ʋǒjniːt͡ʃkiː/
9644	projektor	projector	/prǒjektor/
9645	kofein	caffeine	/kofěiːn/
9646	alkoholičarka	alcoholic	/ˈalkoˌholɪtˌʃɑrkɐ/
9647	dnevnici	diary	/ˈdnɛvnɪtsɪ/
9648	fascinantan	fascinating	/fast͡sinǎntan/
9649	impotentan	impotent	/impotěntan/
9650	ženin	wife's, of a wife	/ʒěnin/
9651	etika	ethics	/ětika/
9652	polova	pole	/ˈpolovɐ/
9653	teniski	tennis	/těːniskiː/
9654	replika	replica	/rěplika/
9655	skica	sketch	/skît͡sa/
9656	kročiti	to step, tread, set foot	/krǒt͡ʃiti/
9657	izveden	masculine singular passive past participle of ìzvesti	/ˈizvɛdɛn/
9658	jučerašnji	yesterday; yesterday's	/jut͡ʃěraʃɲiː/
9659	zabluda	delusion	/zâːbluda/
9660	peci	iron pan for baking bread	/ˈpɛtsɪ/
9661	nostalgija	nostalgia	/nostǎlɡija/
9662	kabel	cable	/kǎːbel/
9663	izgoreti	to burn down	/izɡǒreti/
9664	trule	rotten	/ˈtrulɛ/
9665	kafana	pub	/kafǎna/
9666	starati	to take care of, to look after	/stârati/
9667	paragraf	paragraph	/parǎɡraf/
9668	samoubica	suicide	/ˈsamoʊˌbɪtsɐ/
9669	krele	idiot, imbecile	/krêːle/
9670	nestanku	disappearance	/ˈnɛstɐŋkʊ/
9671	kulturno	culturally	/kǔltuːrno/
9672	članci	article	/ˈtʃlantsɪ/
9673	prikupiti	to gather, collect	/prǐkupiti/
9674	pljusak	a rain shower	/ˈpʎusɐk/
9675	sinhronizacija	synchronization	/ˈsinhroˌnɪzɐtˌsɪjɐ/
9676	preksinoć	the night before last night	/ˈprɛksɪnotɕ/
9677	duvaš	to blow	/ˈduvɐʃ/
9678	pustinjski	desert	/pǔːstiːɲskiː/
9679	željno	eagerly	/ʒěːʎno/
9680	onesposobiti	to disable, incapacitate	/onesposǒbiti/
9681	datoteka	file	/datotěːka/
9682	zuriš	to stare	/ˈzurɪʃ/
9683	mučimo	to be silent	/ˈmutʃɪmo/
9684	bezobrazluk	effrontery, rudeness, impoliteness, disrespectfulness,…	/bezobrǎzluk/
9685	zadiviti	to amaze, to awe, to impress	/zadǐːʋiti/
9686	suho	neuter nominative/accusative/vocative singular of sȗh	/ˈsuho/
9687	opirati	to resist, fight	/ǒpirati/
9688	faliti	to lack, to miss, to be short of	/fâliti/
9689	veto	veto	/ʋêːto/
9690	letak	leaflet, flyer	/lêtak/
9691	tutor	guardian	/tûːtor/
9692	putnički	as a traveler	/pûːtnit͡ʃkiː/
9693	napušen	high	/nǎpuʃen/
9694	knjižica	diminutive of knjȉga; booklet	/kɲîʒit͡sa/
9695	projekcija	projection	/projěkt͡sija/
9696	rizičan	risky, hazardous	/rîzit͡ʃan/
9697	razarač	destroyer	/razǎraːt͡ʃ/
9698	vuna	wool	/ʋûna/
9699	shvaćati	imperfective form of shvȁtiti	/sxʋât͡ɕati/
9700	opake	wicked, evil	/ˈopɐkɛ/
9701	stup	pillar	/stûːp/
9702	naime	however, on the other hand	/nǎime/
9703	divljač	game, venison	/dîʋʎaːt͡ʃ/
9704	žbun	bush, shrub	/ʒbûːn/
9705	čovječanstva	mankind, humanity	/ˈtʃovjetˌʃɐnstvɐ/
9706	savjeta	council	/ˈsavjetɐ/
9707	privuci	to attract	/ˈprivʊtsɪ/
9708	stampedo	stampede	/stampêːdo/
9709	jed	anger, rage, fury	/jêːd/
9710	besprekorno	flawlessly, faultlessly, impeccably	/besprěːkoːrno/
9711	podrže	to hold, support	/ˈpodrʒɛ/
9712	baraba	ruffian, scoundrel	/barǎba/
9713	nokaut	knockout	/nokǎut/
9714	vrtoglavica	dizziness, giddiness; vertigo	/ʋr̩tǒɡlaʋit͡sa/
9715	kepec	dwarf, midget, pigmy	/kěpet͡s/
9716	udio	share, portion	/ǔːdio/
9717	dupence	ass	/dupěːnt͡se/
9718	obrijati	to shave	/ǒbrijati/
9719	darom	gift	/ˈdɑrom/
9720	badnjak	Christmas Eve	/bâdɲaːk/
9721	cestom	road	/ˈtsɛstom/
9722	cunami	tsunami	/t͡sunǎːmi/
9723	sprijeda	in front, ahead	/sprijěːda/
9724	jednačina	equation	/ˈjednɐtˌʃɪnɐ/
9725	okolnost	circumstance	/okǒːlnoːst/
9726	nanovo	anew, afresh, over again	/nânoʋo/
9727	naklon	bow, courtesy	/nǎːklon/
9728	seže	to encroach, seize	/ˈsɛʒɛ/
9729	prijemnik	receiver	/prǐjeːmniːk/
9730	carina	customs	/t͡sârina/
9731	svezi	fastening, strap, band	/ˈsvɛzɪ/
9732	zaslon	screen, shade	/zǎːslon/
9733	jastuci	pillow	/ˈjastʊtsɪ/
9734	sudnica	courtroom	/sǔːdnit͡sa/
9735	lopata	shovel	/lǒpata/
9736	neukusno	tastelessly	/nêukusno/
9737	dragoj	dear	/ˈdraɡoj/
9738	spremnost	readiness, willingness	/sprêmnoːst/
9739	shodno	appropriately, fittingly	/sxôdno/
9740	tisak	press	/ˈtisɐk/
9741	utjeha	consolation, comfort, solace	/ûtjexa/
9742	brižan	attentive, careful	/brîʒan/
9743	iseliti	to move out, expel	/isěliti/
9744	investitor	investor	/inʋěstiːtor/
9745	lansirati	to launch	/lansǐːrati/
9746	zavoleti	to get to like/love somebody or something	/zaʋǒleti/
9747	pouka	moral, lesson	/pôuka/
9748	bilje	plants, herbs	/bîːʎe/
9749	vrač	witch doctor	/ʋrâːt͡ʃ/
9750	nakazu	freak, monster	/ˈnakɐzʊ/
9751	novorođenče	newborn infant	/noʋorǒd͡ʑeːnt͡ʃe/
9752	kamiondžija	truck driver, trucker	/kamiǒnd͡ʒija/
9753	okani	to avoid, shun	/ˈokɐnɪ/
9754	čestitka	congratulation	/t͡ʃěstitka/
9755	prihvatljiv	acceptable	/prixʋǎtʎiʋ/
9756	siđete	to descend, get down, come down	/ˈsidʑɛtɛ/
9757	marljivo	industriously, diligently	/mǎrʎiʋo/
9758	nemati	not to have	/něːmati/
9759	posteljina	bedding, bedclothes	/posteʎǐna/
9760	odupreti	to resist sb/sth	/odǔpreːti/
9761	plac	square	/ˈplats/
9762	dočepati	catch, grasp	/dot͡ʃěpati/
9763	sarkastičan	sarcastic	/sarkǎstit͡ʃan/
9764	daljina	distance	/daʎǐna/
9765	agonija	agony	/aɡǒnija/
9766	elektrana	power station	/elektrǎna/
9767	uočiti	to notice, catch sight of	/uǒt͡ʃiti/
9768	izvedba	performance	/ǐzʋedba/
9769	nalevo	to the left	/nâleːʋo/
9770	kloniti	to shun, avoid	/klǒniti/
9771	izbjegavati	to avoid	/izbjeɡǎːʋati/
9772	punjač	charger	/ˈpuɲɐtʃ/
9773	odlučujući	decisive	/odlǔt͡ʃujuːt͡ɕiː/
9774	tvrdnja	claim	/tʋřːdɲa/
9775	burma	wedding ring	/bûːrma/
9776	struk	waist	/strûːk/
9777	pokus	experiment	/pǒkus/
9778	palite	to kindle, light, set fire to	/ˈpalɪtɛ/
9779	rimljanin	Roman	/rǐːmʎanin/
9780	ekvivalent	equivalent	/ekʋiʋǎlent/
9781	živahno	vivaciously, briskly	/ʒîʋaːxno/
9782	inat	spite, obstinacy	/ǐnaːt/
9783	vodena	water	/ˈvodɛnɐ/
9784	porok	vice	/pǒrok/
9785	hir	whim, caprice	/xîːr/
9786	otelo	to kidnap	/ˈotɛlo/
9787	obrani	defense	/ˈobrɐnɪ/
9788	tope	to melt	/ˈtopɛ/
9789	bokal	jug	/bǒkaːl/
9790	lizalicu	lollipop	/ˈlizɐˌlɪtsʊ/
9791	tursku	accusative singular of Turska	/ˈturskʊ/
9792	intelektualno	intellectually	/întelektuaːlno/
9793	lavina	avalanche	/ˈlavɪnɐ/
9794	zabavljač	entertainer	/zabǎʋʎaːt͡ʃ/
9795	miting	mass meeting	/ˈmitɪŋɡ/
9796	gospodnji	Lord; Lord's	/ɡǒspodɲiː/
9797	grede	beam	/ˈɡrɛdɛ/
9798	blic	lightning, thunder	/blît͡s/
9799	vlas	hair	/ʋlâːs/
9800	tampon	tampon	/tǎmpoːn/
9801	jedimo	to eat, consume	/ˈjedɪmo/
9802	rekom	river	/ˈrɛkom/
9803	popravljati	to fix, repair	/pǒpraʋʎati/
9804	dešavati	to happen, occur	/deʃǎːʋati/
9805	barka	boat	/bâːrka/
9806	tumačenje	interpretation	/ˈtumɐtˌʃɛɲe/
9807	nezahvalan	ungrateful, unthankful	/nêzaxʋaːlan/
9808	poleteti	to take off	/polěteti/
9809	žudnja	strong desire, longing, craving	/ʒǔːdɲa/
9810	derbi	local derby	/dêrbi/
9811	čiča	an old man	/t͡ʃît͡ʃa/
9812	poveriti	to entrust, confide	/pǒʋeriti/
9813	raspon	span	/rǎːspon/
9814	šipka	rod	/ʃîpka/
9815	hrčak	hamster	/xř̩ːt͡ʃak/
9816	manjina	minority	/maɲǐna/
9817	dobavljač	purveyor, supplier	/dobǎʋʎaːt͡ʃ/
9818	ciničan	cynical	/t͡sǐnit͡ʃan/
9819	akademski	academically	/akǎdemskiː/
9820	neustrašiv	fearless, brave	/neustrǎʃiʋ/
9821	mulj	silt	/mûːʎ/
9822	agresije	aggression	/ˈaɡrɛˌsɪje/
9823	jada	misery	/ˈjadɐ/
9824	vidljiv	visible	/ʋǐdʎiʋ/
9825	metan	methane	/mětaːn/
9826	janje	lamb	/jâɲe/
9827	otpasti	to fall off	/ǒtpasti/
9828	beda	misery	/běːda/
9829	skrbništvo	guardianship	/skr̂ːbniːʃtʋo/
9830	primeniti	to apply, implement	/priměːniti/
9831	usvojiti	to adopt	/usʋǒjiti/
9832	zapale	to set	/ˈzapɐlɛ/
9833	ukočen	stiff, numb	/ǔkoːt͡ʃen/
9834	ujesti	to bite	/ǔjesti/
9835	naslednica	heiress, inheritress	/nǎːslednit͡sa/
9836	gejevi	a gay person, homosexual	/ˈɡejevɪ/
9837	kupati	to bathe	/kǔːpati/
9838	vrabac	sparrow	/ʋrǎːbat͡s/
9839	mećava	snowstorm, blizzard	/mět͡ɕaʋa/
9840	arogancija	arrogance	/aroɡǎnt͡sija/
9841	breg	hill, hillock	/ˈbrɛɡ/
9842	pokvarenjak	vicious, mean and dishonest person, known for his misdeeds	/pokʋarěɲaːk/
9843	pošast	epidemic	/pôʃaːst/
9844	poslani	to send	/ˈposlɐnɪ/
9845	pešadija	infantry	/peʃǎdija/
9846	insulin	insulin	/insǔliːn/
9847	raširiti	to widen, broaden	/raʃǐːriti/
9848	spojen	connected, joined	/spôjen/
9849	ham	harness	/ˈxam/
9850	spala	to sleep	/ˈspalɐ/
9851	bedne	poor, destitute	/ˈbɛdnɛ/
9852	nezi	care, nursing	/ˈnɛzɪ/
9853	stablu	a tree trunk	/ˈstablʊ/
9854	mrežama	hammock	/ˈmrɛʒɐmɐ/
9855	broje	to count, number, enumerate	/ˈbroje/
9856	kotrlja	to roll	/ˈkotrʎɐ/
9857	sivom	grey	/ˈsivom/
9858	luster	chandelier	/ˈlustɛr/
9859	malina	raspberry	/mǎlina/
9860	slano	salty, saline	/ˈslano/
9861	šiljak	spike	/ʃǐːʎak/
9862	lutati	to wander, roam	/lǔːtati/
9863	kanim	to intend	/ˈkanɪm/
9864	tekući	liquid, fluid	/těkuːt͡ɕiː/
9865	čaroban	magic	/t͡ʃâroban/
9866	traperice	jeans	/trâperit͡se/
9867	poljem	field	/ˈpoʎem/
9868	pljunuti	to spit	/pʎûnuti/
9869	lupio	to bang, hit	/ˈlupɪo/
9870	najaviti	to announce	/najǎːʋiti/
9871	objektivno	objectively	/ôbjektiːʋno/
9872	raspad	decomposition, decay	/râːspad/
9873	prihvatilište	reception center	/prixʋǎtiliːʃte/
9874	posjedu	possession, ownership	/ˈposjedʊ/
9875	pseudonim	pseudonym	/pseudǒnim/
9876	zubni	tooth; dental	/zûːbniː/
9877	blam	embarrassment	/ˈblam/
9878	grani	branch	/ˈɡranɪ/
9879	tenka	tank	/ˈtɛŋkɐ/
9880	uskrsnuće	resurrection	/ˈuskrsnʊtɕɛ/
9881	fijasko	fiasco	/fijǎsko/
9882	tragičan	tragic	/trǎɡit͡ʃan/
9883	čeljust	jawbone	/t͡ʃêʎuːst/
9884	inteligentno	intelligently	/inteliɡěntno/
9885	privrženost	loyalty	/prǐʋrʒenoːst/
9886	cvrčak	cricket	/t͡sʋřːt͡ʃak/
9887	mesečina	moonlight	/mêset͡ʃina/
9888	točna	exact, accurate	/ˈtotʃnɐ/
9889	kataloga	catalog, catalogue	/ˈkatɐˌloɡɐ/
9890	kec	ace	/kêːt͡s/
9891	posramljen	ashamed	/ˈposrɐmʎen/
9892	flert	flirting, flirtation	/flêrt/
9893	trema	stage fright	/trěːma/
9894	retku	rare	/ˈrɛtkʊ/
9895	izvorni	original, authentic	/ǐzʋoːrniː/
9896	arhitekt	architect	/arxǐtekt/
9897	bučan	loud, noisy	/bût͡ʃan/
9898	grebe	to scrape, scratch	/ˈɡrɛbɛ/
9899	lavovima	lion	/ˈlavoˌvɪmɐ/
9900	stoko	cattle	/ˈstoko/
9901	kožni	leather, leathern	/kôʒniː/
9902	magare	little donkey	/mǎɡare/
9903	šačica	a small fist	/ʃât͡ʃit͡sa/
9904	nastrano	oddly, queerly, abnormally	/nǎstrano/
9905	metla	broom	/mětla/
9906	bacala	feminine singular active past participle	/ˈbatsɐlɐ/
9907	holandski	Dutch	/xǒlandskiː/
9908	semafor	semaphore	/ˈsɛmɐfor/
9909	jednorog	unicorn	/jêdnoroɡ/
9910	večernji	evening, occurring in the evening	/ʋět͡ʃeːrɲiː/
9911	nadležan	responsible, in charge, competent	/nǎːdleʒan/
9912	posedovati	to own, possess	/pǒːsedoʋati/
9913	zarazi	contagion	/ˈzɑrɐzɪ/
9914	čarobnica	wizard	/t͡ʃârobnit͡sa/
9915	karakteristika	characteristic, feature	/karakterǐstika/
9916	korejski	Korean	/kǒreːjskiː/
9917	znan	known, well-known	/znâːn/
9918	intimnost	intimacy	/intǐːmnoːst/
9919	ruskinja	female equivalent of Rȕs; female Russian	/rûskiɲa/
9920	zelje	cabbage	/zêːʎe/
9921	raspalo	to decay, decompose	/ˈraspɐlo/
9922	demonski	demonically	/děmoːnskiː/
9923	kvadrant	quadrant	/kʋǎdrant/
9924	sirov	raw, uncooked	/sǐroʋ/
9925	mekušac	mollusc	/mekǔːʃat͡s/
9926	linč	lynching	/lînt͡ʃ/
9927	plitko	shallowly	/plîːtko/
9928	zbližiti	to bring or draw closer together	/zblǐːʒiti/
9929	pripasti	to belong to	/prǐpasti/
9930	neizbježno	unavoidably, inevitably	/nêizbjeːʒno/
9931	opatica	abbess	/opǎtit͡sa/
9932	vukla	to drag, draw, pull	/ˈvuklɐ/
9933	radosno	cheerfully, joyfully, gleefully	/râdosno/
9934	golman	goalkeeper	/ɡôlman/
9935	temama	theme, subject	/ˈtɛmɐmɐ/
9936	slavno	famously	/slâːʋno/
9937	ribarski	as a fisherman, in a fisherman's manner	/rîbaːrskiː/
9938	kolovoza	carriageway	/ˈkoloˌvozɐ/
9939	slane	salty, saline	/ˈslanɛ/
9940	podijeli	to divide, separate	/ˈpodɪˌjelɪ/
9941	bulevar	boulevard	/bulěvaːr/
9942	elitne	elite	/ˈɛlɪtnɛ/
9943	slučajan	coincidental, accidental	/slût͡ʃaːjan/
9944	funkcionirati	to work	/funkt͡sionǐːrati/
9945	vijek	century	/ʋjêːk/
9946	kanio	to intend	/ˈkanɪo/
9947	avet	ghost, apparition	/ˈavɛt/
9948	dinastija	dynasty	/dinǎstija/
9949	skalp	scalp	/skâlp/
9950	vježbanje	practice	/ˈvjeʒbɐɲe/
9951	niče	to sprout, shoot up	/ˈnitʃɛ/
9952	šer	share	/ˈʃɛr/
9953	bezosećajan	unemotional	/bêzoset͡ɕaːjan/
9954	korito	trough	/ˈkorɪto/
9955	soja	soya, soybean	/sǒːja/
9956	uvjerljivo	convincingly	/uʋjěrʎiʋo/
9957	iskočila	to jump, leap out	/ˈiskotˌʃɪlɐ/
9958	spis	document, text	/spîs/
9959	tresti	to shake	/trěːsti/
9960	upamtiti	to remember, memorize	/ǔpaːmtiti/
9961	nagib	incline, inclination, slope, slant	/nǎːɡib/
9962	goniti	to chase, pursue	/ɡǒniti/
9963	pečene	roasted	/ˈpɛtʃɛnɛ/
9964	namestiti	to put something	/nǎmestiti/
9965	ženiti	to marry	/ʒěniti/
9966	uvoz	import, importation	/ǔːʋoz/
9967	sirotinja	poverty	/ˈsiroˌtɪɲɐ/
9968	zete	son-in-law	/ˈzɛtɛ/
9969	podsjetnik	reminder	/pǒdsjetniːk/
9970	nemiran	disquiet	/nêmiːran/
9971	košarkaški	basketball or basketball players	/koʃǎrkaːʃkiː/
9972	izbirljiv	finicky, picky	/izbǐrʎiʋ/
9973	harmonija	harmony	/xǎrmoːnija/
9974	zastupati	to represent	/zastǔːpati/
9975	kurvica	whore, slut	/kûːrʋit͡sa/
9976	prijam	admission	/prǐjam/
9977	poradi	for	/pôradi/
9978	kvantni	quantum	/kʋântniː/
9979	inhalator	inhaler	/inxǎlaːtor/
9980	nižim	masculine/neuter instrumental singular of niži	/ˈniʒɪm/
9981	lip	nice, pretty	/ˈlip/
9982	budilnik	alarm clock	/bǔdiːlniːk/
9983	zure	to stare	/ˈzurɛ/
9984	najlon	nylon	/nǎjloːn/
9985	podsećati	to remind	/pǒdset͡ɕati/
9986	štićenik	protégé, ward	/ʃtît͡ɕeniːk/
9987	rukovodilac	manager, director	/rukoʋǒdilat͡s/
9988	progoniti	to exile, banish	/proɡǒniti/
9989	žirafa	giraffe	/ˈʒirɐfɐ/
9990	fosil	fossil	/fǒsiːl/
9991	špijunski	espionage, spy	/ˈʃpijʊnskɪ/
9992	valuta	currency	/ʋalǔːta/
9993	džoker	joker	/d͡ʒǒker/
9994	mudrac	a wise, enlightened man	/mǔdrat͡s/
9995	mam	right now	/ˈmam/
9996	doručkovati	to breakfast	/dǒrut͡ʃkoʋati/
9997	grm	bush	/ɡr̩̂m/
9998	ptici	bird	/ˈptitsɪ/
9999	grmlje	bushes, shrubbery	/ɡr̩̂ːmʎe/
10000	pojeden	to eat, consume	/ˈpojedɛn/
