rank	word	english	ipa
1	jag	I	/jɑː(ɡ)/
2	det	it; third-person singular, referring to nouns of neuter…	/dɛː/
3	är	to occupy a place, to be	/æːr/
4	du	you	/dʉː/
5	att	that	/atː/
6	inte	not	/ˈɪnt(ː)/
7	en	object form of the indefinite pronoun man	/ɛnː/
8	och	and; used to connect two homogeneous words or phrases	/ɔ/
9	har	To have; to possess, or to have as a property; to come into…	/hɑːr/
10	vi	we	/viː/
11	på	on, on top of; touching from above	/poː/
12	i	in; located inside	/ˈiː/
13	för	too	/føːr/
14	han	he, the third person singular, masculine, nominative case	/hanː/
15	med	also, as well, too	/meː(d)/
16	som	at its/his/hers	/sɔm/
17	om	if	/ɔm/
18	var	where; at which place	/vɑːr/
19	vad	what	/vɑːd/
20	mig	me	/mɛj/
21	här	here; at this time or at this place	/hɛːr/
22	dig	you	/tɛ/
23	så	so, like that, in such a way	/soː/
24	den	it	/dɛnː/
25	kan	"to can", to be able to	/kanː/
26	till	to	/tɪl/
27	de	they	/deː/
28	men	but; introducing a clause that contrasts with the preceding…	/mɛn/
29	ett	a, an	/ɛt/
30	ska	ska; a style of dance music	/ˈskɑː/
31	ni	you	/niː/
32	av	from	/ɑːv/
33	hon	she; the third-person, singular, feminine pronoun in the…	/hʊn/
34	vill	to want, desire	/vɪl/
35	ja	yes	/jɑː/
36	vet	to know; to be certain about, to have knowledge or…	/ˈveːt/
37	nu	now	/nʉː/
38	nej	no; a negative answer	/nɛj/
39	bara	just, only	/ba/
40	hur	how	/ˈhu(r)/
41	min	my	/miːn/
42	kommer	to come	/ˈkɔm.ɛr/
43	där	there; at that place	/dɛːr/
44	måste	must, have to	/²mɔstɛ/
45	honom	him; oblique of han	/²hɔnːɔm/
46	gör	to do	/ˈjøːr/
47	din	your, yours	/dɪn/
48	skulle	will, be going to, shall, is to; were to; was to	/²skɵˌlːə/
49	när	when	/ˈnɛːr/
50	då	then; at that time	/doː/
51	kom	to come	/ˈkɔm/
52	ha	To have; to possess, or to have as a property; to come into…	/ha/
53	bra	well	/brɑː/
54	får	to get, to receive	/foːr/
55	man	people in general; one, you, they, people, etc	/man/
56	vara	to occupy a place, to be	/²vɑːra/
57	oss	us	/ɔs/
58	ut	out	/ʉːt/
59	ta	take; to grab and move to oneself	/tɑː/
60	er	you	/eːr/
61	göra	work, task	/²ɡœːra/
62	okej	okay, all right	/ɔˈkɛj/
63	eller	or	/ˈɛlɛr/
64	hade	To have; to possess, or to have as a property; to come into…	/²hadːɛ/
65	från	from	/froːn/
66	varför	why	/¹varfœr/
67	dem	them; accusative/dative of de	/ˈdɔmː/
68	alla	everyone	/ˈalˌa/
69	tror	to believe, to think	/truːr/
70	sig	reflexive case of han, hon, den, det, de or man; compare…	/sɛj/
71	allt	everything, all	/alt/
72	henne	her; object form of hon	/ˈhɛnːɛ/
73	upp	up	/ɵp/
74	sa	to say	/ˈsɑː/
75	ingen	no	/ˈɪŋˌɛn/
76	tack	thanks, thank you	/tak/
77	gå	to walk	/ɡoː/
78	in	into, to in	/ɪn/
79	igen	again	/ˈiːjɛn/
80	få	few	/foː/
81	nåt	syncopic form of något	/ˈnoːt/
82	se	to see	/seː/
83	går	to walk	/ˈɡoːr/
84	mycket	much, a lot	/ˈmʏˌkɛ(t)/
85	hej	hi, hello	/ˈhɛjː/
86	vem	who, whom	/vɛmː/
87	kanske	maybe, perhaps, possibly	/²kanːˌɧɛ/
88	lite	a little, to a small extent; somewhat	/ˈliːtɛ/
89	behöver	to need	/bɛˈhøːvɛr/
90	ser	to see	/seːr/
91	mitt	in the middle, right	/mɪtː/
92	aldrig	never	/²alːdrɪ(ɡ)/
93	finns	to exist; to be	/ˈfɪns/
94	än	still, yet	/ɛnː/
95	inget	synonym of ingenting	/ˈɪŋˌɛt/
96	efter	after	/ˈɛftɛr/
97	blir	to become	/ˈbliːr/
98	ju	the...the	/jɵ/
99	hans	his	/hans/
100	sen	late	/seːn/
101	bli	to become	/bliː/
102	gjorde	to do	/ˈjʊˌɖɛ/
103	två	two	/tvoː/
104	nån	pronunciation spelling of någon	/ˈnoːn/
105	tillbaka	back, in return	/tɪlˈbɑːka/
106	tar	take; to grab and move to oneself	/ˈtɑːr/
107	mer	much, a lot	/meːr/
108	något	any, some, anything, something	/ˈnoːˌɡɔt/
109	över	over; above; more than	/ˈøːvɛr/
110	säger	to say	/ˈsɛjɛr/
111	fick	to get, to receive	/ˈfɪk/
112	ditt	you	/dɪt/
113	ge	to give	/jeː/
114	väl	well	/vɛːl/
115	också	too, as well, also	/²ɔksɔ/
116	mina	my	/ˈmiːˌna/
117	åt	for	/oːt/
118	nog	enough, sufficient	/nuːɡ/
119	fan	A intensifier	/faːn/
120	kunde	"to can", to be able to	/ˈkɵnˌdə/
121	år	a year	/ˈoːr/
122	säga	to say	/²sɛjːa/
123	någon	any	/ˈnoːˌɡɔn/
124	mamma	mom, mum, mother	/²mamːa/
125	varit	to occupy a place, to be	/ˈvɑːˌrɪt/
126	ner	down; in a direction downwards	/neːr/
127	ville	to want, desire	/²vɪlːɛ/
128	vänta	to wait	/²vɛnːta/
129	mot	to, toward	/muːt/
130	pappa	dad, father	[²papːa]
131	andra	other, else, other one	/ˈanˌdra/
132	borde	should, ought to	/ˈbuːɖə/
133	känner	to feel, to sense	/ˈɕɛnɛr/
134	rätt	rightly, correctly	/ˈrɛt/
135	vid	next to, beside, by, at	/viːd/
136	några	some; plural form of någon	/ˈnoːˌ(ɡ)ra/
137	hela	whole	/ˈheːla/
138	såg	to see	/soːɡ/
139	hit	to here, hither, here	/hiːt/
140	prata	to talk, to speak	/ˈprɑːˌta/
141	komma	to come	/²kɔma/
142	låt	to make sound	/ˈloːt/
143	detta	this, that	/ˈdɛˌtːa/
144	gjort	to do	/jʊrt/
145	blev	to become	/bleːv/
146	själv	oneself, myself, yourself, himself, herself, itself	/ˈɧɛlːv/
147	tog	take; to grab and move to oneself	/tuːɡ/
148	alltid	always	/²alːtiːd/
149	vår	our; belonging to us	/voːr/
150	utan	without	/ˈʉːˌtan/
151	fel	wrong, wrongly, incorrectly, erroneously	/feːl/
152	hem	home	/hɛm/
153	dag	a day	/dɑː(ɡ)/
154	dina	your, yours	/²diːna/
155	liv	life	/liːv/
156	menar	to mean; to convey, or to want to convey	/ˈmeːnar/
157	verkligen	really, truly	/ˈvɛrklɪɡɛn/
158	visst	with certainty, certainly	/vɪst/
159	va	apocopic form of vad	/ˈva/
160	förstår	to understand	/ˈfœʂtoːr/
161	sin	his, her, its, their	/siːn/
162	tid	time	/tiːd/
163	trodde	to believe, to think	/ˈtrɔdɛ/
164	gick	to walk	/jɪk/
165	älskar	to love	/ˈɛlskar/
166	sätt	to sit; to move oneself into a sitting position	/sɛtː/
167	berätta	to tell	/bɛˈrɛtːa/
168	tänker	to think in one's head	/ˈtɛŋkɛr/
169	döda	dead	/²døːda/
170	veta	to know; to be certain about, to have knowledge or…	/²veːta/
171	tre	three	/treː/
172	många	many; plural of mången	/²mɔŋa/
173	folk	people	/fɔlːk/
174	sluta	to stop, to end	/²slʉːta/
175	precis	precisely; exactly	/prɛˈsiːs/
176	inga	no	/ˈɪŋˌa/
177	hennes	her	/²hɛnɛs/
178	titta	to look; keep one's eyes open as to be able to see	/²tɪta/
179	innan	before	/²ɪnan/
180	visste	to know; to be certain about, to have knowledge or…	/ˈvɪstɛ/
181	gillar	to like	/ˈjɪlar/
182	barn	a child	/bɑːrn/
183	bättre	good	/ˈbɛtrɛ/
184	hjälpa	to help; give aid or assistance to	/²jɛlːpa/
185	under	under; below; beneath	/ˈɵndɛr/
186	förlåt	to forgive	[ˌfœ̞ˈɭoːt]
187	gång	walking	/ɡɔŋ/
188	bort	away, off	/bɔʈː/
189	hjälp	to help; give aid or assistance to	/jɛlp/
190	händer	a hand	/ˈhɛndɛr/
191	just	exactly, precisely	/jɵst/
192	helt	entirely, absolutely, wholly, completely	/heːlt/
193	säg	to say	/ˈsɛj/
194	tycker	to be of the opinion, to think	/ˈtʏkːɛr/
195	första	first	[²fœ̞ʂːʈa]
196	död	dead	/døːd/
197	håll	to hold	/hɔl/
198	länge	a long time, during a long time, long	/ˈlɛŋˌɛ/
199	hör	to hear	/ˈhøːr/
200	sett	to see	/sɛtː/
201	ledsen	sad	/lɛsːən/
202	snälla	please	/ˈsnɛlːˌa/
203	saker	a thing	/ˈsɑːkɛr/
204	hitta	to find	/ˈhɪtːˌa/
205	fortfarande	still; up to a time, as in the preceding time	/ˈfuːtfaˌrandɛ/
206	står	stand; be in an upright position	/ˈstoːr/
207	pengar	money	/ˈpɛŋːar/
208	god	good, morally commendable	/ɡuːd/
209	samma	same	/ˈsama/
210	ens	even	/ˈɛns/
211	ursäkta	excuse me!, pardon, I'm sorry!	/ʉ̟ːˈʂɛkta/
212	heter	to be called; to have as one's name, to hight	/ˈheːtɛr/
213	håller	to hold	/ˈhɔlɛr/
214	vilken	which	/ˈvɪ(l)kɛn/
215	enda	only, sole; also in the masculine form ende	/²ɛnda/
216	gud	a god	/ɡʉːd/
217	våra	our, ours, plural of vår	/ˈvoːra/
218	hand	a hand	/hand/
219	borta	away, gone, lost	/²bɔʈːa/
220	mår	may	/ˈmoːr/
221	hallå	hello	/haˈloː/
222	hände	to happen; chiefly what happens quickly or for a short time	/ˈhɛndɛ/
223	ur	out of, from	/ʉːr/
224	problem	a problem, an issue	/prʊˈbleːm/
225	vän	a friend	/vɛːn/
226	ger	to give	/jeːr/
227	stanna	to stay; to remain at a place	/ˈstana/
228	sak	a thing	/sɑːk/
229	dom	pronunciation spelling of de	/ˈdʊm/
230	försöker	to attempt, to try	/ˈfœʂøːkɛr/
231	låter	to make sound	/ˈloːtɛr/
232	far	to go, to travel	/fɑːr/
233	kvar	left, remaining	/kvɑːr/
234	väg	a road	/vɛːɡ/
235	annan	other, else, other one	/ˈanan/
236	redan	already	/ˈreːdan/
237	längre	far	/ˈlɛŋrɛ/
238	jävla	damn, goddamn, bloody, fucking	/ˈjɛːvˌla/
239	helvete	Hell	/ˈhɛlˌvɛtɛ/
240	pratar	to talk, to speak	/ˈprɑːtar/
241	väldigt	very, really	/²vɛlːdɪt/
242	åh	oh	/ˈoːh/
243	herregud	my God, good Lord	/ˈhɛrɛˌɡʉd/
244	vart	to where, to which place, whither, whereto?	/ˈvart/
245	dit	to there, thither, there	/ˈdiːt/
246	kväll	evening	/kvɛlː/
247	morgon	morning	/²mɔrː(ɡ)ɔn/
248	fått	to get, to receive	/ˈfɔt/
249	snart	soon; within a short time	/snɑːʈ/
250	ute	outside, outdoors	/²ʉːtɛ/
251	fråga	a question	/ˈfroːˌɡa/
252	sitt	his, her, its, their	/sɪtː/
253	tiden	time	/ˈtiːdɛn/
254	kör	to drive a vehicle	/kœːr/
255	deras	their; belonging to them	/ˈdeːras/
256	tänkte	to think in one's head	/ˈtɛŋ(k)tɛ/
257	namn	name	/namn/
258	verkar	to work, to act	/ˈvɛrkar/
259	tro	belief	/truː/
260	jo	yes; used as a disagreement to a negative statement or a…	/juː/
261	varje	each; every	/ˈvarjɛ/
262	fram	forth, forward, out	/fram/
263	bästa	good	/ˈbɛsta/
264	fru	wife	/frʉː/
265	först	first, firstly; having no predecessor	[ˈfœ̞ʂːʈ]
266	träffa	to hit a target	/ˈtrɛfa/
267	säkert	safely	/ˈsɛːkɛt/
268	slut	to stop, to end	/slʉːt/
269	sedan	then, after this, afterwards; next in order	/seːdan/
270	hos	at someone's place or building, usually their home or…	/hʊs/
271	ingenting	nothing	/ˈɪŋɛnˌtɪŋ/
272	därför	therefore	[d̪æ̌rfœ̞r]
273	åka	to go by using something more or other than the human or…	/ˈoːka/
274	visa	wise	/ˈviːˌsa/
275	säker	safe	/ˈsɛːkɛr/
276	lämna	to leave; to not take away with oneself but leave as…	/ˈlɛmna/
277	börjar	to begin; to start	/ˈbœrjar/
278	vägen	a road	/ˈvɛːɡɛn/
279	genom	through	/ˈjeːnɔm/
280	gav	to give	/ɡɑːv/
281	härifrån	from here; herefrom	/ˈhɛːrɪˌfroːn/
282	jobb	job; a task	/jɔbː/
283	hålla	to hold	/²hɔla/
284	son	a son	/soːn/
285	stor	big, large; of large size	/stuːr/
286	vänner	a friend	/ˈvɛnɛr/
287	hittade	to find	/ˈhɪtːadɛ/
288	annat	other things, other stuff	/ˈanat/
289	hoppas	to jump	/ˈhɔpas/
290	sina	his, her, its, their	/ˈsiːna/
291	hörde	to hear	/ˈhœrdɛ/
292	vilket	which, who, whom, what a; neuter form of vilken	/ˈvɪ(l)kɛt/
293	kolla	to look, to watch	/ˈkɔˌla/
294	minns	to remember, to recall	/ˈmɪns/
295	ihop	together	/ɪˈhuːp/
296	rädd	afraid, scared	/ˈrɛd/
297	sista	last	/ˈsɪsta/
298	även	also	/²ɛːvɛn/
299	era	your, yours	/eːra/
300	sex	six	/sɛks/
301	vårt	our; belonging to us	/ˈvoːt/
302	kunna	"to can", to be able to	/²kɵnːa/
303	ses	to see	/ˈseːs/
304	del	part; share	/ˈdeːl/
305	nästa	next; following in a sequence	/²nɛsːta/
306	fem	five	/fɛm/
307	livet	life	/ˈliːvɛt/
308	nya	new	/²nyːˌa/
309	människor	a human, a human being	/ˈmɛnɪsˌxuːr/
310	bilen	a car	/ˈbiːlɛn/
311	dö	to die	/døː/
312	riktigt	really	/ˈrɪktɪkt/
313	klarar	to manage, to succeed in doing	/ˈklɑːrar/
314	höra	to hear	/²høːra/
315	tills	until	/tɪls/
316	liten	small, little; of small size	/²liːtɛn/
317	betyder	to mean	/bɛˈtyːdɛr/
318	tänk	to think in one's head	/ˈtɛŋk/
319	tag	a grip, a hold	/tɑːɡ/
320	lyssna	to listen	/²lʏsna/
321	polisen	police	/pɔˈliːsɛn/
322	ändå	still, yet	/²ɛndoː/
323	sagt	to say	/sakt/
324	hemma	at home; at one’s place of residence	/²hɛmːa/
325	sant	true; according to the truth	/ˈsant/
326	världen	world	/ˈvæːɖɛn/
327	fast	fixed, firmly, steadily	/ˈfast/
328	faktiskt	actually, for real	/ˈfaktɪskt/
329	ligger	to lie; be in a horizontal position	/ˈlɪɡɛr/
330	skit	shit	/ˈɧiːt/
331	idag	today	/ɪˈdɑː(ɡ)/
332	minuter	minute	/ˈmiːnʉtɛr/
333	familj	family	/faˈmɪlːj/
334	runt	around; aimlessly	/ˈrɵnt/
335	blivit	to become	/ˈbliːviːt/
336	klart	clearly	/ˈklɑːt/
337	fall	to fall	/ˈfal/
338	väntar	to wait	/ˈvɛntar/
339	dog	to die	/duːɡ/
340	fyra	four	/ˈfyːˌra/
341	dra	to pull	/drɑː/
342	dollar	dollar	/ˈdɔlar/
343	åker	to go by using something more or other than the human or…	/ˈoːkɛr/
344	kul	fun	/kʉːl/
345	tala	to speak, to talk	/ˈtɑːˌla/
346	illa	badly	[ˈɪlˌla]
347	män	husband	/mɛn/
348	försökte	tried	/ˈfœʂøːkˌtɛ/
349	dödade	to kill	/ˈdøːdadɛ/
350	helst	preferably	/ˈhɛlst/
351	annars	otherwise, or else	/ˈanaʂ/
352	haft	To have; to possess, or to have as a property; to come into…	/ˈhaft/
353	sånt	eye dialect spelling of sådan	/ˈsoːnt/
354	nästan	almost	/ˈnɛstan/
355	ensam	alone	/²ɛnːsamː/
356	inne	inside, indoors	/ˈinˌnɛ/
357	lika	to the same degree, as, equally	/ˈliːka/
358	lägg	to place lying somewhere, to place/put in a lying position;…	/ˈlɛɡ/
359	hittar	a hit	/ˈhɪtːar/
360	redo	to ride	/ˈreːduː/
361	hämta	to get, to fetch, to retrieve somewhere	/ˈhɛmta/
362	jobbar	to work	/ˈjɔbar/
363	dr	Dr; abbreviation of doktor	/ˌdeːˈɛr/
364	gången	to walk	/ˈɡɔŋˌen/
365	båda	both; either, each of two	/ˈboːˌda/
366	ny	new	/nyː/
367	denna	this, that	/ˈdɛna/
368	stora	big, large; of large size	/ˈstuːra/
369	plats	place; any geographical position a little larger than just…	/ˈplats/
370	tur	a tour; a journey through a building, estate, country etc	/ˈtʉr/
371	börja	to begin; to start	[²bœ̞rˌja]
372	svårt	heavily, severely	/svoːʈ/
373	lugnt	calm, tranquil	/ˈlɵŋnt/
374	långt	far	/lɔŋːt/
375	spelar	to play; a game, a tune, a melody, an instrument or a role	/²speːlar/
376	kvinna	a woman	/²kvɪnːˌa/
377	känns	to feel, to sense	/ˈɕɛns/
378	älskling	darling, honey	/²ɛlːsklɪŋ/
379	hänt	to happen; chiefly what happens quickly or for a short time	/ˈhɛnt/
380	bil	a car	/biːl/
381	emot	towards, against	/ɛˈmuːt/
382	låta	to make sound	/²loːta/
383	tillsammans	together	/tɪ(l)ˈsamans/
384	öppna	open	/ˈœpna/
385	släpp	to let go; release	/ˈslɛp/
386	hört	to hear	/ˈhœt/
387	huset	a house	/ˈhʉsɛt/
388	senare	late	/ˈseːnarɛ/
389	bror	a brother, a contracted form of broder	/ˈbruːr/
390	ringer	to ring; to make a bell produce a sound	/ˈrɪŋɛr/
391	lilla	small, little; of small size	/ˈlɪla/
392	be	to ask for, request someone else to do something	/ˈbeː/
393	rör	to move	/ˈrøːr/
394	ibland	sometimes	/ɪˈblanː(d)/
395	rädda	afraid, scared	/ˈrɛda/
396	heller	either	/ˈhɛlɛr/
397	fort	quickly/quick, fast	/ˈfʊʈ/
398	glad	happy, glad	/ɡlɑː(d)/
399	gått	to walk	/ɡɔt/
400	mellan	between	/ˈmɛlan/
401	nära	near, close	/ˈnɛːra/
402	ifrån	from	/ˈɪfroːn/
403	hus	a house	/hʉːs/
404	vore	to occupy a place, to be	/²vuːrɛ/
405	igenom	through	/ɪˈjeːnɔm/
406	fler	more and most	/fleːr/
407	s	page; abbreviation of sida	/ˈɛs/
408	kände	to feel, to sense	/ˈɕɛndɛ/
409	vilka	which, who, whom, what a; plural form of vilken	/ˈvɪ(l)ka/
410	dotter	a daughter	/²dɔtɛr/
411	bryr	to concern, to bother	/ˈbryːr/
412	dagar	a day	/ˈdɑːɡar/
413	kille	a boy	/²kɪlːɛ/
414	tänka	to think in one's head	/ˈtɛŋka/
415	bor	a dwelling, especially a bird's nest	/boːr/
416	fattar	to grasp, take; the concrete meaning of grasp	/ˈfatːar/
417	gärna	gladly, happily, with keenness, willingly/readily	/²jɛːrna/
418	fanns	to exist; to be	/ˈfans/
419	ber	to ask for, request someone else to do something	/ˈbɛr/
420	började	to begin; to start	/ˈbœrjadɛ/
421	killen	a boy	/ˈkɪlɛn/
422	sitter	to sit	/ˈsɪtːɛr/
423	slå	to hit, punch or beat; to give a blow	/sloː/
424	ännu	thus far, yet	/²ɛnːɵ/
425	tio	ten	/ˈtiːˌʊ/
426	trevligt	nicely, pleasantly	/ˈtrɛvlɪkt/
427	vilja	will; a person’s intent, volition, decision	/²vɪlːja/
428	gott	well, good	/ɡɔt/
429	spela	to play; a game, a tune, a melody, an instrument or a role	/²speːla/
430	bäst	good	/ˈbɛst/
431	chans	a chance	/xans/
432	gånger	times	/ˈɡɔŋɛr/
433	varandra	each other, one another	/vaˈrandra/
434	timmar	an hour	/ˈtɪmːˌar/
435	lever	to live, to be alive	/ˈlɛvɛr/
436	pengarna	a coin	/ˈpɛŋarˌna/
437	äta	to eat	/²ɛːta/
438	handlar	to shop, buy	/ˈhandlar/
439	natt	night	/natː/
440	rum	a room	/rɵm/
441	klara	ready, finished, done	/ˈklɑːra/
442	mor	mother	/muːr/
443	gamla	old	/ˈɡamla/
444	ord	a word	/ˈuːrd/
445	ihåg	only used in komma ihåg and ihågkomma	/ˈiːhoːɡ/
446	reda	ready	/ˈreːˌda/
447	ringa	small, little	/ˈrɪŋa/
448	mannen	husband	/ˈmanːɛn/
449	ert	you	/ˈeːrt/
450	dags	time	/dɑː(ɡ)s/
451	bakom	behind	/ˈbɑːkɔm/
452	eftersom	because, since, as	/ˈɛftɛrˌsɔm/
453	gammal	old	/²ɡamːal/
454	jobbet	job; a task	/ˈjɔbɛt/
455	dörren	a door	/ˈdœrɛn/
456	fara	to go, to travel	/ˈfɑːra/
457	känna	to feel, to sense	/ˈɕɛn.na/
458	dessa	this, that	/ˈdɛˌsːa/
459	all	all	/al/
460	dör	to die	/ˈdøːr/
461	sån	eye dialect spelling of sådan	/ˈsoːn/
462	par	a pair, a couple	/ˈpɑːr/
463	bad	to ask for, request someone else to do something	/bɑːd/
464	hjälper	to help; give aid or assistance to	/ˈjɛlpɛr/
465	alls	at all	/ˈals/
466	tyst	quietly; causing little or no sound	/ˈtʏsːt/
467	egen	own, of my own	/ˈeːɡɛn/
468	kommit	to come	/ˈkɔmiːt/
469	ringde	to ring; to make a bell produce a sound	/ˈrɪŋdɛ/
470	dagen	a day	/ˈdɑːɡɛn/
471	klar	ready, finished, done	/ˈklɑːr/
472	galen	crazy, mad, insane	/²ɡɑːlɛn/
473	stan	alternative form of staden	/ˈstɑːn/
474	leva	to live, to be alive	/²leːva/
475	syster	a sister	/²sʏsːtɛr/
476	oroa	to worry	/ˈuːruːˌa/
477	mat	food	/mɑːt/
478	vapen	weapon	/¹vɑːpɛn/
479	ring	to ring; to make a bell produce a sound	/ˈrɪŋ/
480	skull	sake	/skɵlː/
481	idé	an idea	/ɪˈdeː/
482	stället	a stand	/ˈstɛlɛt/
483	antar	to assume, to suppose	/ˈantar/
484	tagit	take; to grab and move to oneself	/ˈtɑːɡɪt/
485	vadå	what?	/ˈvɑːdoː/
486	sätta	to sit; to move oneself into a sitting position	/ˈsɛtːa/
487	stå	stand; be in an upright position	/stoː/
488	jaså	Expression of mild surprise; oh, really	/ˈjɑːsoː/
489	berättade	to tell	/bɛˈrɛtːadɛ/
490	ganska	pretty, quite, rather	/ˈɡanska/
491	följer	to follow; to go after	/ˈfœljɛr/
492	klockan	clock, watch; an instrument used to measure or keep track…	/ˈklɔkːan/
493	tidigare	early	/ˈtiːdiːˌɡarɛ/
494	hittat	to find	/ˈhɪtːat/
495	följa	to follow; to go after	/ˈfœlja/
496	räcker	to stretch out in some direction	/ˈrɛkːɛr/
497	fint	nice to look at or listen to or the like, nice, pretty	/ˈfɪnt/
498	lätt	easily	/lɛt/
499	försöka	to attempt, to try	/fœrsøːka/
500	jack	a narrow indentation from a strike of a sharp object; a…	/jak/
501	lång	long	/lɔŋː/
502	lovar	permission	/ˈloːvar/
503	förut	before	/ˈføːˌrʉːt/
504	jobba	to work	/ˈjɔba/
505	självklart	of course, self-evident, obviously	/ˈsxɛlvklɑːt/
506	skolan	school	/ˈskuːlan/
507	iväg	away, off	/ˈiːvɛːɡ/
508	letar	search; look throughout for something	/ˈleːtar/
509	ikväll	this evening	/ˈɪkvɛl/
510	flera	multiple, many, several	/ˈfleːra/
511	försök	to attempt, to try	/ˈfœʂøːk/
512	mest	mostly, most of the time	/ˈmɛst/
513	nytt	newly	/ˈnyt/
514	direkt	directly	/ˈdɪrɛkt/
515	kvinnor	a woman	/ˈkvɪnˌnʊr/
516	månader	a month	/ˈmoːnadɛr/
517	utanför	outside	/ˈʉːtanˌføːr/
518	stannar	to stay; to remain at a place	/ˈstanar/
519	sanningen	truth	/ˈsanɪŋɛn/
520	stämmer	to agree, to correspond, to tally, to be correct	/ˈstɛmɛr/
521	lämnade	to leave; to not take away with oneself but leave as…	/ˈlɛmnadɛ/
522	stort	largely	/ˈstuːrt/
523	lär	to teach, to instruct	/ˈlɛːr/
524	dödar	things dying; death	/ˈdøːdar/
525	stoppa	to stop	/ˈstɔpa/
526	pratade	to talk, to speak	/ˈprɑːtadɛ/
527	talar	to speak, to talk	/ˈtɑːlar/
528	ben	leg	/ˈbeːn/
529	undan	away	/ˈɵndan/
530	plan	plane	/plɑːn/
531	killar	a boy	/ˈkɪlar/
532	roligt	funny, fun	/ˈruːlɪkt/
533	flytta	to move; to relocate something	/²flʏtːa/
534	blod	blood	/bluːd/
535	perfekt	perfectly	/ˈpɛrfɛkt/
536	lära	a scientific branch, a theory	/ˈlæːˌra/
537	vatten	water	/¹vatːɛn/
538	val	a whale	/vɑːl/
539	skicka	send	/ˈɧɪkˌa/
540	hatar	to hate	/ˈhɑːtar/
541	kallar	to call, denote, refer to; to give as a name	/ˈkalar/
542	föräldrar	a parent	/ˈføːrɛlˌdrar/
543	flicka	a girl	/ˈflɪkːˌa/
544	vidare	on, further, along	/ˈviːdarɛ/
545	före	in front of; ahead of	/²føːrɛ/
546	lita	to trust	/liːta/
547	köra	to drive a vehicle	/²ɕœ̞ːra/
548	skynda	to hurry; to move quickly, to do something quickly	/ˈsxynda/
549	alltså	therefore, thus, consequently	/ˈa(lt)sɔ/
550	uppe	up	/²ɵpɛ/
551	gäller	to be valid; to be correct or proper, to apply	/ˈjɛlɛr/
552	använda	used	/ˈanˌvɛnda/
553	ont	pain	/ˈʊnt/
554	huvudet	head	/ˈhʉvʉdɛt/
555	ursäkt	an excuse	/ˈɵʂɛkt/
556	glöm	to forget	/ˈɡlœm/
557	medan	while; during the same time that	/²meːdan/
558	betala	to pay; to give money in exchange for goods or services	/bɛˈtɑːla/
559	önskar	to wish	/ˈœnskar/
560	fin	nice to look at or listen to or the like, nice, pretty	/fiːn/
561	herr	Mr., Mister, gentleman, sir	/ˈhɛr/
562	sent	late	/seːnt/
563	miss	a miss	/ˈmɪs/
564	nere	down, below, downstairs, at the far end of	/²neːrɛ/
565	igår	yesterday	/ˈiːɡoːr/
566	kapten	a captain	/ˈkaptɛn/
567	kärlek	love	/ˈɕɛːrˌleːk/
568	roll	role	/ˈrɔl/
569	behövde	to need	/bɛˈhœvdɛ/
570	imorgon	alternative spelling of i morgon	/ˈiːmɔrˌɡɔn/
571	kalla	cold; having a low temperature	/²kalːa/
572	arg	angry, mad	/arj/
573	lugn	calm, tranquil	/lɵŋn/
574	natten	night	/ˈnatːɛn/
575	lämnar	to leave; to not take away with oneself but leave as…	/ˈlɛmnar/
576	viktigt	importantly	/ˈvɪktɪkt/
577	sidan	side; a bounding straight edge or surface	/ˈsiːdan/
578	tjej	a girl	/ɕɛj/
579	the	alternative spelling of te	/ˈtheː/
580	fortsätt	to continue, to proceed	/ˈfuːtsɛt/
581	vacker	beautiful	/ˈvak.kɛr/
582	hända	to happen; chiefly what happens quickly or for a short time	/ˈhɛnda/
583	köpa	to buy, to purchase	/ˈɕøːˌpa/
584	kompis	pal, friend, mate, buddy	/¹kɔmpɪs/
585	inom	within	/ˈɪnɔm/
586	idiot	an idiot	/ɪdɪˈuːt/
587	satt	to sit; to move oneself into a sitting position	/sat/
588	full	drunk	/ˈfɵlː/
589	jaha	Expression of understanding; aha, OK, alright	/ˈjɑːha/
590	sätter	to sit; to move oneself into a sitting position	/ˈsɛtːɛr/
591	vissa	certain, convinced	/ˈvɪsa/
592	drar	to pull	/ˈdrɑːr/
593	tyvärr	unfortunately	/tyˈvɛːr/
594	nummer	a number	/¹nɵmɛr/
595	tja	hey, yo	/ɕa/
596	lägga	to place lying somewhere, to place/put in a lying position;…	/²lɛɡa/
597	skriva	to write, to type, to copy; to put letters and digits on a…	/²skriːva/
598	sova	to sleep	/²soːva/
599	förstå	to understand	/fœrˈstoː/
600	snäll	kind, nice	/snɛlː/
601	veckor	a week, a period of 7 days	/ˈvɛkːuːr/
602	älskade	to love	/ˈɛlskɑːdɛ/
603	visar	to show, to display	/ˈviːsar/
604	saken	a thing	/ˈsɑːkɛn/
605	snabbt	quickly; in a fast manner	/snapt/
606	tyckte	to be of the opinion, to think	/ˈtyktɛ/
607	ställe	a place, a location, a position	/ˈstɛlɛ/
608	gifta	married	/ˈjɪfta/
609	mindre	a little, to a small extent; somewhat	/ˈmɪndrɛ/
610	enligt	according to	/ˈeːnlɪkt/
611	undrar	to wonder	/ˈɵndrar/
612	tänkt	to think in one's head	/ˈtɛŋkt/
613	sida	side; a bounding straight edge or surface	/²siːda/
614	tittar	to look; keep one's eyes open as to be able to see	/ˈtɪtːar/
615	resten	remainder, rest	/ˈrɛstɛn/
616	konstigt	strangely, weirdly	/ˈkɔnstɪkt/
617	äter	to eat	/ˈɛːtɛr/
618	vecka	a week, a period of 7 days	/²vɛkːa/
619	ok	OK, okay	/ˈuːk/
620	typ	kinda, ish, around	/ˈtyːp/
621	hjärta	heart	/²jɛrta/
622	frågor	a question	/ˈfroːɡʊr/
623	misstag	a mistake	/ˈmɪstɑːɡ/
624	grund	shallow	/ɡrɵnd/
625	skydda	protection	/ˈsxyda/
626	låg	to lie; be in a horizontal position	/loːɡ/
627	följ	to follow; to go after	/ˈfœlj/
628	absolut	absolutely	/absɔˈlʉːt/
629	förklara	to explain	/fœrˈklɑːra/
630	lät	to make sound	/ˈlɛːt/
631	svara	to answer, to reply, to respond	/ˈsvɑːˌra/
632	familjen	family	/faˈmɪljɛn/
633	nå	any	/noː/
634	nånsin	ever	/noːnˈsiːn/
635	själva	ourselves, yourselves, themselves	/ˈsxɛlva/
636	berättar	to tell	/bɛˈrɛtːar/
637	ögon	eye	/ˈøːɡɔn/
638	möjligt	possible	/ˈmœjlɪkt/
639	välkommen	welcome	/²vɛːlˌkɔmːɛn/
640	varsågod	here you are, there you are	/ˈvɑːrsɔˈɡuː(d)/
641	slår	to hit, punch or beat; to give a blow	/ˈsloːr/
642	sköt	to shoot a weapon, to fire a weapon	/ˈɧøːt/
643	goda	good, morally commendable	/ˈɡuːda/
644	lugna	calm, tranquil	/ˈlɵŋna/
645	kort	short	/kɔrt/
646	person	a person, people	/pɛrˈsuːn/
647	hårt	in a hard manner; inflexibly, unyieldingly	/hoːʈ/
648	sitta	to sit	/²sɪta/
649	pojke	a boy	/²pɔjkɛ/
650	höll	to hold	/ˈhœlː/
651	otroligt	incredible	/ˈɔtruːˌlɪkt/
652	allihop	everybody, everyone, all people	/ˈalɪˌhuːp/
653	fortsätta	to continue, to proceed	/²fʊrtˌsɛtːa/
654	tom	empty	/tuːm/
655	skyldig	guilty	/ˈsxyldɪɡ/
656	använder	to use	/ˈanvɛndɛr/
657	träffas	to hit a target	/ˈtrɛfas/
658	sju	seven	/ɧʉː/
659	toppen	great	/ˈtɔpɛn/
660	barnen	a child	/ˈbɑːrnɛn/
661	träffade	to hit a target	/ˈtrɛfadɛ/
662	exakt	exact	/ˈɛksakt/
663	tillräckligt	sufficiently, enough	/ˈtɪlrɛˌklɪkt/
664	värre	very	/ˈvɛrɛ/
665	egentligen	actually, really, in truth, "in actual reality"	/ɪˈjɛntlɪ(ɡ)ɛn/
666	lycka	joy, happiness	/²lʏkːa/
667	historia	history	/ˈhɪstuːˌriːa/
668	skrev	to write, to type, to copy; to put letters and digits on a…	/ˈskreːv/
669	stod	stand; be in an upright position	/stuːd/
670	fungerar	function; to be in action	/ˈfɵnɡeːˌrar/
671	fixa	to fix, to organize, to solve	/ˈfiːksa/
672	åkte	to go by using something more or other than the human or…	/ˈoːktɛ/
673	jobbat	to work	/ˈjɔbat/
674	saknar	to miss, to lack, to want, to be without	/ˈsɑːknar/
675	större	big, large; of large size	[ˈstœ̞rə]
676	någonsin	ever	/ˌnoːɡɔnˈsiːn/
677	såna	eye dialect spelling of sådan	/ˈsoːna/
678	massa	a mass	/masːa/
679	bör	should, ought to	/ˈbøːr/
680	slog	to hit, punch or beat; to give a blow	/sluːɡ/
681	hoppa	to jump	/ˈhɔˌpa/
682	senaste	late	/ˈseːnastɛ/
683	små	small, little; of small size	/smoː/
684	kropp	a body	/ˈkrɔpː/
685	brukar	to use to; to be in the habit of	/ˈbrʉkar/
686	förrän	until, before, ere	/ˈfœrɛn/
687	bo	to live, to dwell, to reside	[buː]
688	trött	tired	/trœtː/
689	grabben	a lad, a boy; a guy	/ˈɡrabɛn/
690	miljoner	A million, 10⁶	/ˈmɪljuːnɛr/
691	sjuk	sick, ill	/ɧʉːk/
692	hämtar	to get, to fetch, to retrieve somewhere	/ˈhɛmtar/
693	förra	former, last, previous	[²fœ̞rːa]
694	kära	in love, enamored	/ˈɕɛːˌra/
695	käften	a jaw or mouth of an animal	/ˈɕɛftɛn/
696	stick	to knit	/ˈstɪk/
697	hälsa	health	/ˈhɛlsa/
698	hemskt	ghastly, frightful, horrifying, evil, dark, terrible	/ˈhɛmskt/
699	sägs	to say	/ˈsɛjs/
700	aning	a suspicion, an idea, a notion	/ˈɑːnɪŋ/
701	gift	to marry	/ˈjɪft/
702	frågar	to ask, to inquire	/ˈfroːɡar/
703	dum	stupid, dumb	/ˈdɵmː/
704	skada	scathe; damage, an injury, a harm, a wound	/ˈskɑːda/
705	dåligt	bad, badly	/ˈdoːlɪkt/
706	frågade	to ask, to inquire	/ˈfroːɡadɛ/
707	inför	in front of, before; while having the attention of	/ɪnˈfœ̞ːr/
708	bevis	a proof	/bɛˈviːs/
709	lägger	to place lying somewhere, to place/put in a lying position;…	/ˈlɛɡɛr/
710	kaffe	coffee	/²kafːɛ/
711	middag	midday, noon	/ˈmɪda/
712	oj	oh, wow, gosh	/ˈɔj/
713	dess	its	/dɛsː/
714	synd	sin	/ˈsynd/
715	behöva	to need	/bɛˈhøːva/
716	skjuta	to shoot a weapon, to fire a weapon	/²ɧʉːta/
717	förbi	past, over	/ˈfœrbiː/
718	åtta	eight	/²ɔtːa/
719	order	an order	/ˈɔrdɛr/
720	leta	search; look throughout for something	/ˈleːta/
721	slutar	to stop, to end	/ˈslʉtar/
722	någonting	something, anything	/ˈnoːɡɔnˌtɪŋ/
723	igång	in motion, moving, running	/ˈiːɡɔŋ/
724	strax	soon	/ˈstraks/
725	framför	in front of	/²framfœ(ː)r/
726	skall	shall, will, be going to expresses intended future; used…	/skal/
727	polis	police	/pɔˈliːs/
728	annorlunda	differently, otherwise	/ˈanuːrˌlɵnda/
729	ögonblick	a moment, an instant, a blink of an eye	/ˈøːɡɔnˌblɪk/
730	läget	a position; a location, a site	/ˈlɛːɡɛt/
731	ofta	often	/²ɔfːta/
732	sam	to swim	/sam/
733	dricka	to drink	/²drɪkːa/
734	tjänst	a favor	/ɕɛnst/
735	chefen	A boss, manager; person in charge, person who directly…	/ˈsxɛːfɛn/
736	jorden	earth, soil; a rock- or sand-based unconsolidated material…	/ˈjuːrdɛn/
737	början	beginning, start	[²bœ̞rːˌjan]
738	la	to place lying somewhere, to place/put in a lying position;…	/lɑː/
739	enkelt	simply	/ˈɛŋkɛlt/
740	ung	young	/ɵŋː/
741	olika	differently	/ˈuːliːka/
742	stund	while	/ˈstɵnd/
743	läsa	to read	/ˈlɛːˌsa/
744	arbete	work, job	/ˈarˌbeːtɛ/
745	resa	an instance of traveling, "a travel"; a trip, a journey, a…	/ˈreːsa/
746	david	The letter "D" in the Swedish spelling alphabet	/²dɑːvɪd/
747	land	a country, a land	/land/
748	skickade	send	/ˈsxɪkːadɛ/
749	eget	personally, individualistically, uniquely, oddly, peculiarly	/ˈeːɡɛt/
750	brukade	cultivated, sown	/ˈbrʉkadɛ/
751	riktig	right, correct, proper	/²rɪkːtɪɡ/
752	betalar	to pay; to give money in exchange for goods or services	/bɛˈtɑːlar/
753	agent	an agent	/aˈɡɛnːt/
754	orolig	anxious, worried	/ˈuːruːˌlɪɡ/
755	mord	murder	/muːɖ/
756	söker	to search for something, to seek	/ˈsøːkɛr/
757	råd	a piece of advice, counsel	/roːd/
758	dålig	bad	/²doː.lɪ(ɡ)/
759	sticker	to knit	/ˈstɪkːɛr/
760	må	may	/moː/
761	funkar	to function, to work, to operate, to be in operation	/ˈfɵŋkar/
762	tvungen	to force	/ˈtvɵŋɛn/
763	skriver	to write, to type, to copy; to put letters and digits on a…	/ˈskriːvɛr/
764	krig	war	/kriːɡ/
765	egna	own; plural of egen	/ˈeːɡna/
766	huvud	head	/ˈhʉvʉ/
767	händerna	a hand	/ˈhɛndɛrˌna/
768	överallt	everywhere	/ˈøːvɛˌralt/
769	smart	smart; clever	/smɑːʈ/
770	herrar	Mr., Mister, gentleman, sir	/ˈhɛrar/
771	spring	to run	/ˈsprɪŋ/
772	timme	an hour	/²tɪmɛ/
773	fortsätter	to continue, to proceed	/ˈfuːtsɛtːɛr/
774	samtal	a conversation	/ˈsamˌtɑːl/
775	ansikte	a face; front side of the head	/anːsɪktə/
776	beklagar	to regret, to be sorry	/bɛˈklɑːɡar/
777	jävel	a son of a bitch, a bastard, a motherfucker	/ˈjɛːˌvɛl/
778	ställa	to place upright somewhere, to place in a standing position	/ˈstɛla/
779	allvar	seriousness, earnestness, serious business	/ˈallvɑːr/
780	kvällen	evening	/ˈkvɛlɛn/
781	svar	answer, response, reply	/svɑːr/
782	telefon	a phone, a telephone	/tɛlɛˈfoːn/
783	slåss	to fistfight punch, to fight	/ˈslɔs/
784	rummet	a room	/ˈrɵmɛt/
785	menade	to mean; to convey, or to want to convey	/ˈmeːnadɛ/
786	särskilt	particularly; in particular	/ˈsɛrsxɪlt/
787	doktorn	doctor; physician	/ˈdɔktuːrn/
788	läkare	doctor, physician	/²lɛːkarɛ/
789	finnas	to find, to locate, to discover	/ˈfɪnas/
790	landet	a country, a land	/ˈlandɛt/
791	a	from	/ˈɑː/
792	ljuger	to lie, to tell an untruth	/ˈjʉjɛr/
793	ögonen	eye	/ˈøːɡɔnɛn/
794	barnet	a child	/ˈbɑː(r)nɛt/
795	fixar	to fix, to organize, to solve	/ˈfiːksar/
796	största	big, large; of large size	[²stœ̞ʂʈa]
797	förr	before; in the past	[ˈfœ̞rː]
798	nånting	alternative form of någonting	/ˈnoːntɪŋ/
799	tv	television	/ˈteːˌveː/
800	vinna	to win, to defeat, to beat	/²vɪna/
801	glömde	to forget	/ˈɡlœmdɛ/
802	människa	a human, a human being	/mɛnːɪɧa/
803	körde	to drive a vehicle	/ˈɕœrdɛ/
804	staden	a city, a town	/ˈstɑːdɛn/
805	herre	a man, a gentleman, a sir	/²hɛrːɛ/
806	satte	to sit; to move oneself into a sitting position	/ˈsatːɛ/
807	veckan	a week, a period of 7 days	/ˈvɛkːan/
808	lyssnar	to listen	/ˈlysnar/
809	sover	to sleep	/ˈsuːvɛr/
810	fantastiskt	fantastic	/ˈfantasˌtɪskt/
811	chef	A boss, manager; person in charge, person who directly…	/ɧeːf/
812	trots	in spite of, despite	/ˈtrɔts/
813	kvinnan	a woman	/ˈkvɪnːˌan/
814	omkring	around	/ˈɔmkrɪŋ/
815	åtminstone	at least	/oːt²mɪnsˌtɔnɛ/
816	fängelse	a prison, a jail	/ˈfɛŋɛlsɛ/
817	flickan	a girl	/ˈflɪkːˌan/
818	förlorade	to lose	/ˈfœrluːˌradɛ/
819	räddade	to save	/ˈrɛdadɛ/
820	köpte	to buy, to purchase	/ˈɕøːptɛ/
821	trevlig	nice and pleasant towards others, personable	/ˈtrɛvlɪɡ/
822	värld	world	/vɛːrd/
823	berättat	to tell	/bɛˈrɛtːat/
824	information	information	/ɪnfɔrmasˈxuːn/
825	passar	passport	/ˈpasar/
826	äntligen	at last, finally	/ˈɛntˌlɪ(ɡ)ɛn/
827	stark	strong	/ˈstark/
828	fri	free	/friː/
829	problemet	a problem, an issue	/prɔˈbleːmɛt/
830	hund	a dog, a hound	/hɵnd/
831	nånstans	alternative form of någonstans	/noːnsˈtans/
832	andas	to breathe	/ˈandas/
833	skaffa	to get, to acquire, to procure	/ˈskafa/
834	förlora	to lose	/ˈfœrluːˌra/
835	behövs	to need	/bɛˈhœvs/
836	älska	to love	/ˈɛlˌska/
837	skickar	send	/ˈsxɪkːar/
838	rätta	right, correct	/ˈrɛtːa/
839	allvarligt	seriously	/ˈallvɑːrˌlɪkt/
840	röra	a mess, a disorder	/ˈrøːˌra/
841	uppfattat	affirmative! yessir!	/ˈɵpfaˌtːat/
842	kallas	to call, denote, refer to; to give as a name	/ˈkalas/
843	kroppen	a body	/ˈkrɔpɛn/
844	kriget	war	/ˈkrɪɡɛt/
845	max	a max bet	/ˈmaks/
846	peter	The letter "P" in the Swedish spelling alphabet	/ˈpeːtɛr/
847	träffat	to hit a target	/ˈtrɛfat/
848	kläder	clothes, garments, items of clothing	/ˈklɛːdɛr/
849	släppa	to let go; release	/ˈslɛpa/
850	fart	speed	/ˈfɑːt/
851	advokat	a lawyer, an attorney	/advʊˈkɑːt/
852	istället	instead	/ˈɪstɛlɛt/
853	rakt	straight	/rɑːkt/
854	frågan	a question	/ˈfroːɡan/
855	allting	everything	/ˈaltɪŋ/
856	ned	down	/neːd/
857	hel	whole	/heːl/
858	skjuter	to shoot a weapon, to fire a weapon	/ˈɕʉtɛr/
859	skiten	to shit	/ˈsxiːtɛn/
860	gett	to give	/ˈjɛt/
861	sjukhuset	a hospital	/ˈsxʉkhʉsɛt/
862	skjut	to shoot a weapon, to fire a weapon	/ˈɕʉt/
863	fred	peace	/freːd/
864	vita	white	/ˈviːta/
865	litar	to trust	/ˈliːtar/
866	sälja	to sell	/ˈsɛlːˌja/
867	dan	contraction of dagen, definite singular of dag	/dɑːn/
868	gillade	to like	/ˈjɪladɛ/
869	svart	black	/¹svart/
870	bär	to carry; to lift and transport anywhere else	/bɛːr/
871	sättet	a manner	/ˈsɛtɛt/
872	lycklig	happy, joyous, enjoying peace, comfort, etc.; contented	/lʏkːlɪ(ɡ)/
873	intressant	interesting	/ɪntrɛˈsanːt/
874	förutom	except	/ˈføːrʉˌtɔm/
875	pratat	to talk, to speak	/ˈprɑːtat/
876	tjejer	a girl	/ˈɕɛjɛr/
877	naturligtvis	of course	/ˈnaˈtʉrlɪktˌviːs/
878	kollar	to look, to watch	/ˈkɔlar/
879	nyheter	news	/ˈnyːheːtɛr/
880	personer	a person, people	/ˈpɛʂuːnɛr/
881	tjejen	a girl	/ˈɕɛjɛn/
882	jösses	gee, geez, gosh, my goodness	/²jœsːɛs/
883	sekunder	second	/sɛˈkɵndɛr/
884	levande	to live, to be alive	/ˈleːvandɛ/
885	arbetar	to work, to be employed to do	/²arːbeːtar/
886	guds	a god	/ˈɡɵds/
887	vinner	to win, to defeat, to beat	/ˈvɪnɛr/
888	pågår	to proceed, to go on, to continue	/ˈpoːɡoːr/
889	försiktig	careful, cautious, gentle, prudent, etc	/ˈfœʂɪkˌtɪɡ/
890	planet	a plane; flat surface	/plaˈneːt/
891	vattnet	water	/ˈvatːnɛt/
892	stolt	proudly	/ˈstɔlt/
893	fallet	a fall	/ˈfalɛt/
894	tacka	to thank	/ˈtakːa/
895	mördare	a murderer	/ˈmœrdarɛ/
896	döden	things dying; death	/ˈdøːdɛn/
897	meddelande	to communicate, to notify To give notice of	/ˈmeː(d)ˌdeːlandɛ/
898	javisst	An emphatic agreeing or affirmative response; sure,…	/ˈjɑːvɪst/
899	beslut	decision, resolution	/bɛˈslʉt/
900	förtjänar	to deserve	/ˈfœɕɛːˌnar/
901	öl	a beer	/øːl/
902	kontor	office; building or room	/kɔnˈtuːr/
903	flesta	more and most	/ˈflɛsta/
904	raring	dear; darling	/ˈrɑːrɪŋ/
905	anledning	reason; cause	/ˈanleːdˌnɪŋ/
906	mark	ground, or the area beneath it	/mark/
907	bland	among	/ˈbland/
908	vänster	left	/ˈvɛnːstɛr/
909	litet	small, little; of small size	/ˈliːteːt/
910	pojken	a boy	[ˈpɔjˌkən]
911	tidigt	early	/ˈtiːdɪkt/
912	skojar	to joke, to play jokes, to prank	/ˈskuːjar/
913	vakna	awake	/²vɑːkna/
914	film	film; a thin layer	/ˈfɪlm/
915	plötsligt	suddenly; without forewarning	/ˈplœtslɪkt/
916	jättebra	very well, fantastically, excellent	/²jɛtːɛˌbrɑː/
917	snygg	good-looking; handsome	/snʏɡː/
918	knappt	hardly, scarcely, barely, almost not, not quite yet,…	/ˈknapt/
919	slutet	closed	/ˈslʉtɛt/
920	hår	hair	/hoːr/
921	försvann	to disappear, to vanish	/ˈfœʂvan/
922	fest	a party	/fɛsːt/
923	möte	a meeting	/ˈmøːtɛ/
924	riktiga	right, correct, proper	/ˈrɪktiːˌɡa/
925	eld	fire	/ˈɛld/
926	skål	cheers	/skoːl/
927	försökt	to attempt, to try	/ˈfœˈʂœkt/
928	lärde	to teach, to instruct	/ˈlɛːrdɛ/
929	nio	nine	/ˈniːˌʊ/
930	affärer	a shop, a store	/aˈfɛːrɛr/
931	hjälpte	to help; give aid or assistance to	/ˈjɛlptɛ/
932	ers	your; a contraction of the archaic eders, being a genitive…	/ˈɛʂ/
933	snackar	to talk	/ˈsnakːar/
934	underbart	wonderfully	/ˈɵndɛrˌbɑːt/
935	känt	to feel, to sense	/ˈɕɛnt/
936	tredje	third	/ˈtreːˌdjɛ/
937	damer	a lady woman – similar tone to English in different contexts	/ˈdɑːmɛr/
938	bok	collection of sheets of paper	/buːk/
939	dödat	to kill	/ˈdøːdat/
940	djur	animal	/ˈjʉːr/
941	farbror	a paternal uncle	/ˈfarbruːr/
942	både	both; each of	/²boːdɛ/
943	visade	to show, to display	/ˈviːsadɛ/
944	skönt	liking, preference, arbitration	/ˈsxœnt/
945	ordna	to order, to sort, to put in order, to arrange, to fix	/ˈuːrdna/
946	duktig	good; talented; capable	/²dɵkːtɪɡ/
947	president	a chairman, presiding member of an assembly, e.g. a court…	/ˈpreːsiːˌdɛnt/
948	morse	morning	/²mɔrse/
949	delar	part; share	/ˈdeːlar/
950	grattis	congratulations; congrats	/¹ɡratɪs/
951	jobbade	to work	/ˈjɔbadɛ/
952	tydligen	apparently	/ˈtyːdlɪˌɡɛn/
953	kontakt	contact	/ˈkɔntakt/
954	farligt	dangerously	/ˈfɑːrlɪkt/
955	alldeles	quite, perfectly, very	/ˈaldɛlɛs/
956	omöjligt	impossibly, not possibly	/uːˈmœjlɪkt/
957	träffar	to hit a target	/ˈtrɛfar/
958	e	pronunciation spelling of är	/ˈeː/
959	höger	right	/ˈhøːɡɛr/
960	världens	world	/ˈvæːɖɛns/
961	spel	a play, a game; a person's or animal's happy, joyous…	/speːl/
962	mål	language; dialect	/moːl/
963	låtsas	to pretend	/²lɔsas/
964	glömma	to forget	/ˈɡlœmma/
965	välja	to choose	/²vɛlːja/
966	känslor	feeling	/ˈɕɛnsluːr/
967	kallade	to call, denote, refer to; to give as a name	/ˈkaladɛ/
968	förlorat	to lose	/ˈfœrluːˌrɑːt/
969	fader	father	/²fɑːdɛr/
970	pa	initialism of personal assistant	/ˈpa/
971	ändra	to change, to alter	/ˈɛndra/
972	leder	joint; the part of a limb where it can bend; such as a knee…	/ˈleːdɛr/
973	kung	a king	/kɵŋː/
974	lovade	to promise	/ˈloːvadɛ/
975	sov	to sleep	/soːv/
976	året	a year	/ˈoːrɛt/
977	sticka	a splinter	/ˈstɪkːa/
978	svarta	black	/ˈsvata/
979	fantastisk	fantastic	/fan¹tastɪsk/
980	högt	loudly	/hœkt/
981	henry	henry	/ˈhɛnryː/
982	hjärtat	heart	/ˈjɛtat/
983	stopp	n a stop	/ˈstɔp/
984	glömt	to forget	/ˈɡlœmt/
985	flickvän	a girlfriend	/ˈflɪkvɛːn/
986	fullt	fully	/ˈfɵlt/
987	stal	to steal	/stɑːl/
988	ända	all the way	/²ɛnda/
989	grej	a thing	/ɡrɛj/
990	meter	a metre; the SI-unit	/ˈmeːtɛr/
991	dröm	a dream	/drœmː/
992	ligga	to lie; be in a horizontal position	/²lɪɡːa/
993	sönder	into a broken or destroyed state	/ˈsœndɛr/
994	hungrig	hungry	/ˈhɵŋˌrɪ(ɡ)/
995	o	the letter o	/uː/
996	använde	used	/ˈanvɛndɛ/
997	ljög	to lie, to tell an untruth	/ˈjøːɡ/
998	steg	a step	/ˈsteːɡ/
999	förstöra	to break, to demolish; to make something cease working	/fœʂʈœːra/
1000	tillhör	to belong to	/ˈtɪlhøːr/
1001	slags	A hit; punch	/ˈslɑːɡs/
1002	fly	to flee, to run away, to escape	/ˈflyː/
1003	vare	Pronunciation spelling of "var det"	/²vɑːrɛ/
1004	hellre	gladly, happily, with keenness, willingly/readily	/ˈhɛlrɛ/
1005	uppdrag	a commission, an assignment	/ˈɵpdraɡ/
1006	speciellt	especially	/spɛˈsɪɛlt/
1007	vackert	beautifully	/ˈvakːɛt/
1008	värsta	bad	/²væʂʈa/
1009	fina	nice to look at or listen to or the like, nice, pretty	/ˈfiːna/
1010	spelade	to play; a game, a tune, a melody, an instrument or a role	/ˈspeːladɛ/
1011	dansa	to dance	/²danːsa/
1012	vila	rest; relief from work, activity or exertion	/ˈviːla/
1013	klarade	to manage, to succeed in doing	/ˈklɑːradɛ/
1014	söt	sweet	/søːt/
1015	filmen	film; a thin layer	/ˈfɪlmɛn/
1016	värt	worth; worthy; having a value	/ˈvɛt/
1017	skämt	a joke	/ɧɛmt/
1018	jävlar	a son of a bitch, a bastard, a motherfucker	/ˈjɛvlar/
1019	namnet	name	/ˈnamnɛt/
1020	skogen	forest, wood	/ˈskuːjɛn/
1021	kär	in love, enamored	/ɕɛːr/
1022	frun	wife	/frʉːn/
1023	lösa	loose; not tightened, able to move	/²løːsa/
1024	gatan	a street	/ˈɡɑːtan/
1025	bild	picture	/ˈbɪld/
1026	musik	music	/mʉˈsiːk/
1027	sist	last, lastly	/ˈsɪst/
1028	slutade	to stop, to end	/ˈslʉtadɛ/
1029	upptagen	busy, engaged in activity	/ˈɵptɑːɡɛn/
1030	talat	to speak, to talk	/ˈtɑːlat/
1031	snacka	to talk	/²snakːa/
1032	säkerhet	safety, security	/ˈsɛːkɛrˌheːt/
1033	dricker	to drink	/ˈdrɪkːer/
1034	äkta	genuine, authentic; not faked or counterfeit	/ˈɛkta/
1035	därifrån	from there	/ˈdɛːrɪˌfroːn/
1036	hette	to be called; to have as one's name, to hight	/ˈhɛtːɛ/
1037	förlorar	to lose	/ˈfœrluːˌrar/
1038	stad	a city, a town	/stɑːd/
1039	drog	to pull	/droːɡ/
1040	general	a general; a military title	/jɛn(ɛ)ˈrɑːl/
1041	lunch	lunch, a meal eaten around noon	/ˈlɵnɧ/
1042	ungefär	about, approximately	/ɵnjeˈfɛːr/
1043	lärt	to teach, to instruct	/ˈlɛt/
1044	stäng	to close, to shut	/ˈstɛŋ/
1045	hög	high; tall; reaching a great distance from the ground or…	/høːɡ/
1046	handen	a hand	/ˈhandɛn/
1047	kasta	to throw	/ˈkasta/
1048	adjö	goodbye	/aˈjøː/
1049	varenda	every single	/ˈvarɛnˌda/
1050	brott	a break, a snap; an instance of something breaking	/ˈbrɔt/
1051	bar	to carry; to lift and transport anywhere else	/bɑːr/
1052	byta	to switch; to exchange	/ˈbyːta/
1053	området	a sphere	/ˈɔmroːdɛt/
1054	valde	to choose	/ˈvɑːldɛ/
1055	glas	glass	/ɡlɑːs/
1056	unga	young	/ˈɵŋa/
1057	ställer	to place upright somewhere, to place in a standing position	/ˈstɛlɛr/
1058	börjat	to begin; to start	/ˈbœrjat/
1059	vann	to win, to defeat, to beat	/van/
1060	intresserad	to interest	/ˈɪntrɛˌseːrad/
1061	nick	nod	/ˈnɪk/
1062	väntade	to wait	/ˈvɛntadɛ/
1063	köper	to buy, to purchase	/ˈɕøːpɛr/
1064	pojkar	a boy	/ˈpɔjˌkar/
1065	dumt	stupid, dumb	/ˈdɵmt/
1066	åk	to go by using something more or other than the human or…	/ˈoːk/
1067	ordnar	an order	/ˈuːrdnar/
1068	fröken	a young girl, a miss	/ˈfrøːkɛn/
1069	framtiden	future	/ˈframtiːdɛn/
1070	make	a spouse, a husband, a married man	/ˈmɑːˌkɛ/
1071	säljer	to sell	/ˈsɛljɛr/
1072	försvinn	to disappear, to vanish	/ˈfœʂvɪn/
1073	pojkvän	a boyfriend	/ˈpɔjkvɛːn/
1074	snyggt	good-looking; handsome	/ˈsnyɡt/
1075	minut	minute	/ˈmiːnʉt/
1076	flickor	a girl	/ˈflɪˌkʊr/
1077	vackra	beautiful	/ˈvakra/
1078	dåliga	bad	/ˈdoːliːˌɡa/
1079	spår	a trail or trace; a mark left by something that has passed…	/spoːr/
1080	stör	to disturb, to confuse or irritate, to interfere, to make…	/støːr/
1081	tittade	to look; keep one's eyes open as to be able to see	/ˈtɪtːadɛ/
1082	hänger	to be suspended	/ˈhɛŋɛr/
1083	ingenstans	nowhere	/ɪŋːɛnstanːs/
1084	dela	to deal, share; divide something between recipients	/deːla/
1085	närheten	closeness	/ˈnɛrheːtɛn/
1086	bevisa	to prove	/bɛˈviːsa/
1087	ljus	light, bright	/jʉːs/
1088	hinner	to have time, to have the time, to make it	/ˈhɪnɛr/
1089	nyss	just, quite recently	/nʏs/
1090	paris	par	/ˈpɑːriːs/
1091	luktar	to smell; to use one’s nose	/ˈlɵktar/
1092	släpper	to let go; release	/ˈslɛpɛr/
1093	närmare	closer, more closely	/ˈnɛrmarɛ/
1094	svär	to swear, to curse; to use offensive language	/ˈsvɛːr/
1095	chansen	a chance	/ˈʃansɛn/
1096	förstått	to understand	/ˈfœʂtɔt/
1097	velat	to want, desire	/ˈveːlat/
1098	vanligt	common, usual	/ˈvɑːnlɪkt/
1099	drink	a drink alcoholic beverage	/drɪŋk/
1100	sängen	a bed	/ˈsɛŋɛn/
1101	brev	a letter	/breːv/
1102	detsamma	the same; see also densamma, desamma	/ˈdɛtsaˌma/
1103	överens	in agreement	/ˌøːvɛˈrɛns/
1104	gissa	to guess	/ˈjɪsa/
1105	å	on	/oː/
1106	någonstans	somewhere, anywhere; in, at or to any place	/ˌnoːɡɔnsˈtans/
1107	talas	to speak, to talk	/ˈtɑːlas/
1108	väntat	to wait	/ˈvɛntat/
1109	boken	collection of sheets of paper	/²buːkɛn/
1110	bill	a share; the cutting blade of a plough	/bɪl/
1111	arbeta	to work, to be employed to do	/árˈbeːta/
1112	dumma	stupid, dumb	/ˈdɵmma/
1113	pistol	a pistol	/ˈpɪstuːl/
1114	ansiktet	a face; front side of the head	/ˈansɪktɛt/
1115	ringt	to ring; to make a bell produce a sound	/ˈrɪŋt/
1116	röst	voice	/rœst/
1117	akta	to be careful with, to watch, to mind	/ˈakta/
1118	säkra	safe	/ˈsɛkra/
1119	månad	a month	/ˈmoː.nad/
1120	ombord	on board; being on ship	/ˈɔmbuːrd/
1121	läst	to read	/ˈlɛːst/
1122	själ	soul	/ɧɛːl/
1123	äger	to own	/ˈɛːjɛr/
1124	välkomna	welcome	/ˈvɛːlkɔmˌna/
1125	marken	ground, or the area beneath it	/ˈmarkɛn/
1126	lägenhet	apartment, flat	/²lɛːɡɛnheːt/
1127	försiktigt	cautiously, carefully, prudently	/ˈfœʂɪkˌtɪkt/
1128	stackars	a stack, a pile	/ˈstakːaʂ/
1129	grejer	a thing	/ˈɡrɛjɛr/
1130	bilder	picture	/ˈbɪldɛr/
1131	kontroll	control	/ˈkɔntrɔl/
1132	dessutom	besides, moreover, furthermore, in addition	/deˈsʉːtɔm/
1133	underbar	wonderful, marvelous	/ˈɵndɛrˌbɑːr/
1134	läser	to read	/ˈlɛsɛr/
1135	telefonen	a phone, a telephone	/ˌtɛlɛˈfoːnɛn/
1136	utmärkt	excellently	/ˈʉtmɛrkt/
1137	svarar	to answer, to reply, to respond	/ˈsvɑːrar/
1138	presidenten	a chairman, presiding member of an assembly, e.g. a court…	/ˈpreːsiːˌdɛntɛn/
1139	uppskattar	to appreciate	/ˈɵpskaˌtːar/
1140	extra	extra	/ˈɛkstra/
1141	gilla	to like	/ˈjɪla/
1142	skadad	scathe; to injure, to harm, to hurt, to damage, to wound	/ˈskɑːdad/
1143	tanke	a thought	/²taŋːkɛ/
1144	bygga	to build; to construct	/ˈbʏˌɡːa/
1145	dött	dead	/ˈdœt/
1146	planen	definite singular of plan c	/ˈplɑːnɛn/
1147	lämnat	to leave; to not take away with oneself but leave as…	/ˈlɛmnat/
1148	bestämmer	to decide from a position of authority	/bɛsˈtɛmɛr/
1149	partner	partner	/ˈpatnɛr/
1150	sorts	kind, sort	/ˈsɔts/
1151	sådan	such, such a	/ˈsoːdan/
1152	gode	good, morally commendable	/ˈɡuːdɛ/
1153	doktor	doctor; physician	/ˈdɔkˌtɔr/
1154	liksom	sort of, kind of	/¹lɪksɔm/
1155	flyga	to fly	/ˈflyːˌɡa/
1156	utom	except for, but, beyond	/²ʉ̟ːtɔm/
1157	sällskap	company, companionship	/ˈsɛlskɑːp/
1158	läste	read	/ˈlɛːstɛ/
1159	verkade	to work, to act	/ˈvɛrkadɛ/
1160	förresten	by the way	/ˈfœrɛstɛn/
1161	tusen	thousand	/ˈtʉːsɛn/
1162	minst	at least	/ˈmɪnst/
1163	unge	young	/²ˈɵŋːɛ/
1164	rena	clean	/ˈreːna/
1165	tal	number	/ˈtɑːl/
1166	olycka	an accident	/²uːˌlʏkːa/
1167	stack	to knit	/ˈstak/
1168	platsen	place; any geographical position a little larger than just…	/ˈplatsɛn/
1169	festen	a party	/ˈfɛstɛn/
1170	inser	to realize; to become aware of	/ˈɪnsɛr/
1171	kunnat	"to can", to be able to	/ˈkɵnat/
1172	skitsnack	blatantly false statements; bullshit	/ˈsxɪtsnak/
1173	offer	a sacrifice	/ˈɔfɛr/
1174	skepp	a ship	/ɧɛp/
1175	lyckades	to manage	/ˈlykːadɛs/
1176	glömmer	to forget	/ˈɡlœmmɛr/
1177	krävs	to demand, to forcefully request	/ˈkrɛvs/
1178	halv	a half-hour to the next hour, equivalent to the English…	/ˈhalv/
1179	låna	to loan, to borrow	/ˈloːna/
1180	framåt	forward, ahead	/ˈframɔt/
1181	grabbar	a lad, a boy; a guy	/ˈɡrabar/
1182	tillstånd	condition, state	/ˈtɪlstoːnd/
1183	van	accustomed to, used to, having the habit to	/vɑːn/
1184	öga	eye	/²øːɡa/
1185	respekt	respect	/ˈrɛspɛkt/
1186	lista	a list; a register or roll of paper consisting of an…	/ˈlɪsta/
1187	vapnet	weapon	/ˈvapnɛt/
1188	ren	pronunciation spelling of den	/reːn/
1189	hopp	hope	/ˈhɔp/
1190	nervös	nervous	/ˈnɛrvøːs/
1191	skapa	to create; to make, to manufacture; to put into existence,…	/skɑːpa/
1192	kyrkan	a church	/ˈɕyrkan/
1193	leka	to play	/ˈleːˌka/
1194	prova	to try, to make an attempt; to sample	/ˈpruːva/
1195	följde	to follow; to go after	/ˈfœljdɛ/
1196	överste	a colonel	/ˈøːvɛʂˌtɛ/
1197	team	a team	/tiːm/
1198	folket	people	/ˈfɔlkɛt/
1199	ställ	to place upright somewhere, to place in a standing position	/ˈstɛl/
1200	historien	history	/ˈhɪstuːˌriːɛn/
1201	varken	neither	/ˈvarkˌɛn/
1202	öppnar	to open	/ˈœpnar/
1203	bredvid	next to, beside	/ˈbrɛdviːd/
1204	jul	Christmas, Yule	/jʉːl/
1205	bodde	to live, to dwell, to reside	/ˈbɔdɛ/
1206	tecken	A visible indication; a sign	/ˈtɛkːɛn/
1207	genast	immediately, at once, right away	/jɛˈnast/
1208	förstod	to understand	/ˈfœʂtuːd/
1209	äldre	old	/ˈɛldrɛ/
1210	försvinner	to disappear, to vanish	/ˈfœʂvɪnɛr/
1211	gravid	pregnant	/ɡraˈviːd/
1212	insåg	to realize; to become aware of	/ˈɪnsoːɡ/
1213	makt	power, might	/ˈmakt/
1214	räkna	to count	/ˈrɛːkna/
1215	skäl	reason	/ɧɛːl/
1216	skeppet	a ship	/ˈsxɛpɛt/
1217	hemlighet	secret	/ˈhɛmlɪɡˌheːt/
1218	behålla	to keep; to maintain possession of	/bɛˈhɔlːa/
1219	passa	fit, suit; be suitable	/ˈpasˌa/
1220	mördaren	a murderer	/ˈmœrdarɛn/
1221	båten	a boat	/ˈboːtɛn/
1222	sade	to say	/sɑː/
1223	framtid	future	/ˈframˌtiːd/
1224	lag	law	/lɑːɡ/
1225	oavsett	independent of, regardless of	/ˈuːɑːvˌsɛt/
1226	talade	to speak, to talk	/ˈtɑːladɛ/
1227	killarna	a boy	/ˈkɪlarˌna/
1228	kräver	to demand, to forcefully request	/ˈkrɛːvɛr/
1229	varann	each other, one another	/vaˈran/
1230	värd	worth; worthy; having a value	/vɛːrd/
1231	ryggen	back; the rear of the body; especially the part between the…	/ˈryɡɛn/
1232	massor	a mass	/ˈmasɔr/
1233	jämt	always, all the time	/jɛmt/
1234	säng	a bed	/sɛŋː/
1235	kraft	force	/ˈkraft/
1236	bjuda	to offer, to give as a gift	/²bjʉːda/
1237	väljer	to choose	/ˈvɛljɛr/
1238	föll	to fall	/ˈfœlː/
1239	avsluta	to close, cancel, terminate	/²ɑːvsˌlʉːta/
1240	havet	sea, ocean	/ˈhɑːvɛt/
1241	innebär	to imply, to mean	/ˈɪnɛˌbɛːr/
1242	bära	to carry; to lift and transport anywhere else	/ˈbɛːra/
1243	ej	not	/ˈɛj/
1244	stilla	still, calm	/ˈstɪla/
1245	tjäna	to receive money for working	/²ɕɛːna/
1246	beror	to depend	/bɛˈruːr/
1247	tråkigt	unpleasant, unfortunate	/ˈtroːkɪkt/
1248	kostar	to cost	/ˈkɔstar/
1249	himlen	sky	/ˈhɪmlɛn/
1250	förmodligen	probably	/ˈfœrmɔˌdlɪɡɛn/
1251	viktig	important	/²vɪktɪ(ɡ)/
1252	maten	food	/ˈmɑːtɛn/
1253	högre	high; tall; reaching a great distance from the ground or…	/ˈhøːɡrɛ/
1254	te	synonym of till	/teː/
1255	solen	sun	/ˈsuːlɛn/
1256	hjälte	a hero, a person of great bravery	/ˈjɛlˌtɛ/
1257	lyckas	joy, happiness	/ˈlykːas/
1258	antingen	either	/ˈantɪŋɛn/
1259	besök	to visit	/bɛˈsøːk/
1260	djupt	deeply	/jʉːpt/
1261	vit	white	/ˈviːt/
1262	överraskning	a surprise	/ˈøːvɛˌrasknɪŋ/
1263	förstör	to break, to demolish; to make something cease working	/ˈfœʂtøːr/
1264	vågar	to dare, to have enough courage	/ˈvoːɡar/
1265	bit	a piece	/biːt/
1266	hamnar	to land, to end up, to be placed	/ˈhamnar/
1267	tankar	a thought	/ˈtaŋkar/
1268	upprörd	upset, distraught	/ɵˈprœrd/
1269	grupp	group	/ˈɡrɵp/
1270	lik	looking like, resembling	/ˈliːk/
1271	vanliga	common, usual	/ˈvɑːnliːˌɡa/
1272	morgonen	morning	/ˈmɔrɡɔnɛn/
1273	engelska	English	/eŋelska/
1274	nyckeln	a key	/ˈnykːɛln/
1275	förstås	of course, naturally	[fɶˈʂtɔs]
1276	ansvar	responsibility	/ˈansvɑːr/
1277	band	ribbon, tape, strip of material	/ˈband/
1278	vin	wine	/viːn/
1279	ljuga	to lie, to tell an untruth	/²jʉːɡa/
1280	meningen	a purpose, a point	/ˈmeːnɪŋɛn/
1281	slappna	to become less tense or firm, to loosen, to go limp, to…	/ˈslapna/
1282	bröt	bread	/brøːt/
1283	överleva	to survive	/øːvərleːva/
1284	ordet	a word	/ˈuːrdɛt/
1285	ar	are	/ˈar/
1286	företag	a venture, an enterprise, a company	/ˈføːreːˌtɑːɡ/
1287	beredd	prepared, made	/bɛˈrɛd/
1288	mordet	murder	/ˈmuːrdɛt/
1289	jäveln	a son of a bitch, a bastard, a motherfucker	/ˈjɛːvɛln/
1290	missade	to miss; to fail to hit	/ˈmɪsadɛ/
1291	flyttar	to move; to relocate something	/ˈflytːar/
1292	fånga	to catch	/ˈfɔŋa/
1293	pistolen	a pistol	/ˈpɪstuːlɛn/
1294	röda	red	/ˈrøːda/
1295	endast	only	/ˈɛndast/
1296	lova	to promise	/²loːˌva/
1297	per	For each; for every	/ˈpɛːr/
1298	sprang	to run	/ˈspraŋ/
1299	blå	blue	/bloː/
1300	taget	a grip, a hold	/ˈtɑːɡɛt/
1301	fatta	to grasp, take; the concrete meaning of grasp	/ˈfatːa/
1302	flyttade	to move; to relocate something	/ˈflytːadɛ/
1303	normalt	normally	/ˈnɔrmɑːlt/
1304	tackar	to thank	/ˈtakːar/
1305	baby	a baby	/ˈbabyː/
1306	ärlig	honest; scrupulous	/²æːɭɪ(ɡ)/
1307	laga	to repair	/²lɑːɡa/
1308	kontoret	office; building or room	/kɔnˈtuːrɛt/
1309	ålder	age; how old something or someone is	/ˈoːldɛr/
1310	kungen	a king	/ˈkɵŋɛn/
1311	skämtar	to joke, to kid	/ˈsxɛmtar/
1312	bjuder	to offer, to give as a gift	/ˈbjʉdɛr/
1313	vänd	to turn	/ˈvɛnd/
1314	luften	air	/ˈlɵftɛn/
1315	frukost	breakfast	/ˈfrʉkɔst/
1316	planer	a plane; flat surface	/ˈplɑːnɛr/
1317	knulla	to fuck	/²knɵlːa/
1318	monster	a monster	/ˈmʊnstɛr/
1319	tolv	twelve	/tɔlv/
1320	leda	tired, bored	/ˈleːˌda/
1321	hälften	half, one of two roughly equal parts	/ˈhɛlftɛn/
1322	poäng	a point, a score	[poˈɛŋ]
1323	starta	to begin, to start; to get something going; as in, to start…	/ˈstɑːta/
1324	gömma	place where things are hidden or stashed away	/ˈjœma/
1325	galet	crazy, mad, insane	/ˈɡɑːlɛt/
1326	hjärna	a brain	/²jɛːɳa/
1327	varmt	hot	/varmt/
1328	målet	language; dialect	/ˈmoːlɛt/
1329	stänga	to close, to shut	/ˈstɛŋa/
1330	golvet	a floor	/ˈɡɔlvɛt/
1331	ljuset	light	/ˈjʉsɛt/
1332	bordet	a table	/ˈbuːrdɛt/
1333	ära	honor, glory; an objectification of praiseworthiness	/²æːra/
1334	dar	contraction of dagar, indefinite plural of dag; sometimes…	/ˈdar/
1335	helvetet	Hell	/ˈhɛlvɛtɛt/
1336	ledare	tired, bored	/ˈleːdarɛ/
1337	galna	crazy, mad, insane	/ˈɡalna/
1338	smärta	pain	/ˈsmɛta/
1339	minnas	to remember, to recall	/ˈmɪnas/
1340	nöjd	pleased; satisfied	/ˈnœjd/
1341	rent	cleanly	/reːnt/
1342	lagt	to place lying somewhere, to place/put in a lying position;…	/lakt/
1343	nåd	mercy	/noːd/
1344	hejsan	hey, hi	/ˈhɛjsan/
1345	backa	to reverse, to move or drive a vehicle backwards	/ˈbakːa/
1346	ät	to eat	/ɛːt/
1347	kändes	to feel, to sense	/ˈɕɛndɛs/
1348	springa	to run	/ˈsprɪŋa/
1349	tjänar	to receive money for working	/ˈɕɛːnar/
1350	skrivit	to write, to type, to copy; to put letters and digits on a…	/ˈskriːviːt/
1351	spännande	exciting	/ˈspɛnˌandɛ/
1352	tanken	a thought	/²tankɛn/
1353	gratis	free, without charge	/ˈɡrɑːtiːs/
1354	wow	wow	/ˈvuːv/
1355	definitivt	definitely; with certainty; for sure	/ˈdeːfiːˌniːtɪvt/
1356	båt	a boat	/ˈboːt/
1357	träffades	to hit a target	/ˈtrɛfadɛs/
1358	föddes	to feed	/ˈfœdɛs/
1359	papper	paper	/²papːɛr/
1360	ordning	order	/ˈoːrdˌnɪŋː/
1361	kämpa	to fight	/ˈɕɛm.pa/
1362	lagen	definite singular of lag c	/ˈlɑːɡɛn/
1363	skillnad	difference	/ˈɧɪlˌnad/
1364	sjukhus	a hospital	/²ɧʉːkhʉːs/
1365	bryta	to break; to end abruptly	/ˈbryːta/
1366	samtidigt	at the same time, simultaneously, concurrently	/ˈsamtiːˌdɪkt/
1367	åren	a year	/ˈoːrɛn/
1368	droger	a drug, a narcotic	/ˈdroːɡɛr/
1369	titt	look, gander	/ˈtɪt/
1370	använd	to use	/ˈanvɛnd/
1371	sköta	to manage, to take care of, to care for, to nurse	/²ɧøːˌta/
1372	ihjäl	to death	/ɪˈjɛːl/
1373	vägrar	to refuse	/ˈvɛɡrar/
1374	ske	to happen; in particular what happens during some extended…	/ɧeː/
1375	ungar	a young, a baby	/ˈɵŋar/
1376	bilden	picture	/ˈbɪldɛn/
1377	farfar	a father's father; a paternal grandfather	/ˈfarfar/
1378	ärligt	honest; scrupulous	/ˈɛrlɪkt/
1379	fängelset	a prison, a jail	/ˈfɛŋɛlsɛt/
1380	mördade	definite singular	/ˈmœrdadɛ/
1381	letade	search; look throughout for something	/ˈleːtadɛ/
1382	faller	to fall	/ˈfalɛr/
1383	flyger	to fly	/ˈflyːɡɛr/
1384	tappade	to drop	/ˈtapadɛ/
1385	mormor	a maternal grandmother	/ˈmuːrmuːr/
1386	sjunga	to sing	/²ɧɵŋa/
1387	hemsk	ghastly, frightful, horrifying, evil, dark, terrible	/ˈhɛmsk/
1388	suger	to suck	/ˈsʉjɛr/
1389	sekund	second	/sɛˈkɵnd/
1390	dök	to swim under water	/ˈdøːk/
1391	soldater	a soldier	/ˈsɔldatɛr/
1392	öppen	open	/²œpɛn/
1393	sköter	to manage, to take care of, to care for, to nurse	/ˈsxøːtɛr/
1394	öde	deserted, desolate, empty	/ˈøːdɛ/
1395	regler	A rule or regulation	/rɛˈɡleːr/
1396	pris	a price	/priːs/
1397	skriv	to write, to type, to copy; to put letters and digits on a…	/ˈskriːv/
1398	översättning	translation	/²øːvɛʂɛtːnɪŋ/
1399	kusin	a cousin	/kɵˈsiːn/
1400	betalt	to pay; to give money in exchange for goods or services	/ˈbɛˈtɑːlt/
1401	jävligt	meanly, nastily, troublesomely	/ˈjɛvlɪkt/
1402	förklarar	to explain	/fœrˈklɑːrar/
1403	snällt	kindly	/ˈsnɛlt/
1404	speciell	special	/spɛˈsɪɛl/
1405	delen	part; share	/ˈdeːlɛn/
1406	amerikanska	American; of or pertaining to the Americas	/ˌamɛrɪˈkɑːnska/
1407	knappast	hardly, scarcely	/ˈknapast/
1408	människorna	a human, a human being	/ˈmɛnɪsˌxuːrna/
1409	hunden	a dog, a hound	/ˈhɵndɛn/
1410	hänga	to be suspended	/ˈhɛŋa/
1411	dyker	to swim under water	/ˈdyːkɛr/
1412	köket	a kitchen	/ˈɕøːkɛt/
1413	fönstret	a window	/ˈfœnstrɛt/
1414	skiter	to shit	/ˈsxiːtɛr/
1415	oskyldig	innocent	/ˈɔsxylˌdɪɡ/
1416	hundra	hundred; 100 in arabic numerals	/ˈhɵndra/
1417	fann	to find, to locate, to discover	/ˈfan/
1418	hamnade	to land, to end up, to be placed	/ˈhamnadɛ/
1419	härligt	sweet, lovely; wonderfully	/ˈhɛrlɪkt/
1420	känsla	feeling	/ˈɕɛnsˌla/
1421	hot	threat	/huːt/
1422	bry	synonym of bryderi	/bryː/
1423	farväl	farewell	/fɑːrˈvɛːl/
1424	damen	a lady woman – similar tone to English in different contexts	/ˈdɑːmɛn/
1425	hål	a hole	/ˈhoːl/
1426	kollade	to look, to watch	/ˈkɔladɛ/
1427	lättare	light; of low weight	/ˈlɛtːarɛ/
1428	skjuten	to shoot a weapon, to fire a weapon	/ˈɕʉtɛn/
1429	häftigt	forceful or intense; violent, intense, fierce, etc	/ˈhɛftɪkt/
1430	gäng	a gang	/ˈjɛŋː/
1431	exempel	an example	/ɛkˈsɛmpɛl/
1432	styrka	strength	/ˈstyrka/
1433	viktiga	important	/ˈvɪktiːˌɡa/
1434	ätit	to eat	/ˈɛːtiːt/
1435	gamle	old	/ˈɡamlɛ/
1436	skor	a shoe	/ˈskuːr/
1437	aj	ow, ouch; expression of one’s own pain, or sympathy with…	/ˈaj/
1438	pappas	dad, father	/ˈpapas/
1439	framme	at the front	/ˈframɛ/
1440	möta	to meet	/ˈmøːta/
1441	gränsen	bound, boundary; the border of a territory	/ˈɡrɛnsɛn/
1442	lärare	a teacher	/²lɛːrarɛ/
1443	kört	to drive a vehicle	/ˈɕœt/
1444	jäkla	damn, goddamn, bloody, fucking	/ˈjɛkla/
1445	dam	a lady woman – similar tone to English in different contexts	/dɑːm/
1446	springer	to run	/ˈsprɪŋɛr/
1447	evigt	eternal, never-ending	/ˈeːvɪkt/
1448	hoppades	to hope; to want something to happen	/ˈhɔpadɛs/
1449	kallt	cold; having a low temperature	/ˈkalt/
1450	senast	latest, most recently, last time	/ˈseːnast/
1451	stjäla	to steal	/ˈɧɛːˌla/
1452	gumman	an old woman, an old lady	/ˈɡɵman/
1453	reglerna	A rule or regulation	/rɛˈɡlɛrna/
1454	slag	A hit; punch	/slɑːɡ/
1455	förändras	to change, to alter	/ˈføːrɛnˌdras/
1456	fungera	function; to be in action	/fɵŋˈɡeːra/
1457	häst	a horse; a large mammal, Equus caballus	/ˈhɛst/
1458	bröder	a brother, a contracted form of broder	/ˈbrøːdɛr/
1459	diskutera	to discuss	/ˈdɪskʉˌteːra/
1460	gömmer	to hide, to conceal	/ˈjœmɛr/
1461	rolig	funny, fun	/²ruːlɪɡ/
1462	inblandad	involved	/ˈɪnblanˌdad/
1463	lille	small, little; of small size	/ˈlɪlɛ/
1464	svaret	answer, response, reply	/ˈsvɑːrɛt/
1465	orsak	cause	/ˈuːʂak/
1466	männen	husband	/ˈmɛnɛn/
1467	bilar	a car	/ˈbiːlar/
1468	mammas	mom, mum, mother	/ˈmamas/
1469	ordentligt	orderly, thoroughly	/ˈoːrdɛnˌtlɪkt/
1470	snabbare	fast, quick	/ˈsnabɑːrɛ/
1471	vända	to turn	/ˈvɛnda/
1472	drömmar	a dream	/ˈdrœmar/
1473	presentera	to present	/prɛˈsɛnteːˌra/
1474	broder	a brother	/²bruːdɛr/
1475	köpt	to buy, to purchase	/ˈɕœpt/
1476	regeringen	government; the executive body of a country's governmental…	/rɛˈjeːrɪŋɛn/
1477	självmord	suicide	/ˈsxɛlvmuːrd/
1478	återvända	to return	/ˈoːtɛrˌvɛnda/
1479	ensamma	alone	/ˈɛnsaˌma/
1480	rik	rich, wealthy	/riːk/
1481	form	a form, a shape	/ˈfɔrm/
1482	bestämt	decisively	/bɛsˈtɛmt/
1483	skyddar	protect	/ˈsxydar/
1484	adam	The letter "A" in the Swedish spelling alphabet	/ˈɑːdam/
1485	guld	gold	/ɡɵld/
1486	listan	a list; a register or roll of paper consisting of an…	/ˈlɪstan/
1487	poliser	police	/pɔˈliːsɛr/
1488	minne	memory; component used in computers etc. store information	/ˈmɪnɛ/
1489	förhållande	condition, circumstance	/ˈfœrhɔˌlandɛ/
1490	hotellet	a hotel	/ˈhuːtɛlɛt/
1491	kontrollera	to check	/ˈkɔntrɔˌleːra/
1492	jagar	to chase	/ˈjɑːɡar/
1493	taket	a roof	/ˈtɑːkɛt/
1494	sådant	such, such a	/ˈsoːdant/
1495	bett	to ask for, request someone else to do something	/ˈbɛt/
1496	jaga	to chase	/²jɑːɡa/
1497	stycken	instances, instances of	/ˈstykːɛn/
1498	slipper	to not have to experience, to not have to deal with	/ˈslɪpɛr/
1499	driver	to drive	/ˈdriːvɛr/
1500	dejt	a date	/ˈdɛjt/
1501	frisk	healthy; not sick	/ˈfrɪsk/
1502	väggen	a wall	/ˈvɛɡjɛn/
1503	bröllop	a wedding	/²brœˌlɔp/
1504	ena	one; definite of en	/ˈeːna/
1505	procent	percent	/prʊˈsɛnt/
1506	halsen	neck	/ˈhalsɛn/
1507	försvinna	to disappear, to vanish	/ˈfœʂvɪˌna/
1508	city	inner city, the commercial centre of a medium-sized or…	/ˈsɪtyː/
1509	desto	the, all the	/ˈdɛstʊ/
1510	krafter	force	/ˈkraftɛr/
1511	personen	a person, people	/ˈpɛʂuːnɛn/
1512	tänder	a tooth	/ˈtɛndɛr/
1513	farlig	dangerous	/²fɑːrlɪ(ɡ)/
1514	färdig	finished	/ˈfɛːrdɪɡ/
1515	kött	meat, flesh	/ɕœtː/
1516	armén	army	/arˈmeːn/
1517	ifred	in peace, alone	/ˈɪfrɛd/
1518	vanlig	common, usual	/ˈvɑːnlɪɡ/
1519	lov	permission	/loːv/
1520	karl	a “real man”, a capable man, a full grown man, karlaktig	/kɑːr/
1521	varm	hot	/varm/
1522	levde	to live, to be alive	/ˈlɛvdɛ/
1523	tusan	damn, damnit, hell	/²tʉːsan/
1524	bak	behind, at the back	/bɑːk/
1525	betalade	to pay; to give money in exchange for goods or services	/bɛˈtɑːladɛ/
1526	gåva	gift	/ˈɡoːva/
1527	antagligen	probably	/ˈantɑːˌɡlɪɡɛn/
1528	sanning	truth	/²sanˌnɪŋ/
1529	major	a major	/ˈmajuːr/
1530	gifte	married	/ˈjiːftɛ/
1531	sparken	kick	/ˈsparkɛn/
1532	vems	whose; genitive of vem	/ˈvɛms/
1533	mobil	mobile; capable of being moved	/ˈmɔbiːl/
1534	matt	weak, listless	/mat/
1535	sålde	to sell	/ˈsoːldɛ/
1536	munnen	a mouth	/ˈmɵnɛn/
1537	struntar	only used in strunta i	/ˈstrɵntar/
1538	angående	about, concerning	/ˈaŋoːˌɛndɛ/
1539	förstörde	to break, to demolish; to make something cease working	/ˈfœʂˈtœrdɛ/
1540	fria	free	/ˈfriːa/
1541	dator	a computer	/²dɑːtɔr/
1542	växte	grow; increase in size	/ˈvɛkstɛ/
1543	stranden	beach	/ˈstrandɛn/
1544	hotell	a hotel	/hʊˈtɛlː/
1545	förflutna	that has ended	/ˈfœrflʉtˌna/
1546	hantera	to handle, to manage	/ˈhanteːˌra/
1547	coolt	cool	/ˈkuːɔlt/
1548	sysslar	to do	/syˈslar/
1549	lagar	law	/ˈlɑːɡar/
1550	magi	magic	/ˈmɑːɡiː/
1551	mötet	a meeting	/ˈmøːtɛt/
1552	skitstövel	an asshole, jerk, shithead	/ˈsxɪtstøːvɛl/
1553	föredrar	to prefer, to favor	/ˈføːrɛˌdrɑːr/
1554	kameran	camera	/ˈkameːˌran/
1555	tåget	a train	/ˈtoːɡɛt/
1556	skott	a shot	/ˈskɔt/
1557	hemska	ghastly, frightful, horrifying, evil, dark, terrible	/ˈhɛmska/
1558	liknande	similar	/ˈliːknandɛ/
1559	svin	hog, pig, swine	/sviːn/
1560	umgås	socialize; spend time together with	/ˈɵmɡoːs/
1561	strid	rapid, swift, rich	/ˈstriːd/
1562	ön	island, isle	/øːn/
1563	tryck	to press, to push	/ˈtryk/
1564	medicin	medicine	/mɛdɪˈsiːn/
1565	spelet	a play, a game; a person's or animal's happy, joyous…	/ˈspeːlɛt/
1566	noga	carefully; done in such a way that it ends up very accurate…	/ˈnuːɡa/
1567	vaken	awake	/ˈvɑːkɛn/
1568	sakta	slowly	/ˈsakta/
1569	skola	shall, will, be going to expresses intended future; used…	/²skuːla/
1570	hemligheter	secret	/ˈhɛmlɪɡˌheːtɛr/
1571	red	to make ready, to take care of, prepare	/reːd/
1572	matchen	match	/ˈmatʃɛn/
1573	når	to reach, attain	/ˈnoːr/
1574	fira	to celebrate	/ˈfiːra/
1575	böcker	collection of sheets of paper	/¹bøkːər/
1576	löjtnant	lieutenant, a low-ranking military officer	/ˈlœjtnant/
1577	liknar	to resemble, to be similar to	/ˈliːknar/
1578	drick	to drink	/ˈdrɪk/
1579	koppla	to connect	/ˈkɔpla/
1580	tvinga	to force	/ˈtvɪŋa/
1581	minsta	small, little; of small size	/ˈmɪnsta/
1582	text	text	/ˈtɛkst/
1583	mun	a mouth	/mɵn/
1584	träd	a tree	/trɛː(d)/
1585	föra	to move something or someone; to bring, to take	/ˈføːra/
1586	affär	a shop, a store	/a¹fɛːr/
1587	bjöd	to offer, to give as a gift	/bjøːd/
1588	situationen	a situation	/ˌsɪtʉasˈxuːnɛn/
1589	benen	leg	/ˈbeːnɛn/
1590	an	used as a verb particle, similar to German preposition an	/ˈɑːn/
1591	helgen	holiday	/ˈhɛljɛn/
1592	hjärnan	a brain	/ˈjɛrnan/
1593	skrämmer	to scare, to frighten	/ˈskrɛmɛr/
1594	stannade	to stay; to remain at a place	/ˈstanadɛ/
1595	hustru	a wife	/hɵ̄sːtrʉ̂ː/
1596	erkänna	to admit	/ˈeːrˌɕɛn.na/
1597	le	to smile	/leː/
1598	bryter	to break; to end abruptly	/ˈbryːtɛr/
1599	skydd	protection	/ɧʏdː/
1600	soldat	a soldier	/ˈsɔldat/
1601	karriär	a career	/ˈkariːˌɛːr/
1602	byggnaden	a building	/ˈbyɡnadɛn/
1603	rätten	a dish; a specific type of prepared food	/ˈrɛtːɛn/
1604	reser	to travel, be on a journey	/ˈreːsɛr/
1605	floden	a river	/ˈfluːdɛn/
1606	anser	to be of an opinion, to think, to believe, to feel	/ˈanseːr/
1607	koll	a look, a check, an inspection	/ˈkɔl/
1608	klä	to clothe, to dress, to wear	/ˈklɛː/
1609	herrn	Mr., Mister, gentleman, sir	/ˈhɛrn/
1610	sker	to happen; in particular what happens during some extended…	/ˈsxeːr/
1611	miljon	A million, 10⁶	/mɪlˈjuːn/
1612	japp	yep, yup	/ˈjap/
1613	stationen	A facility used for broadcasting of transmissions	/stasˈxuːnɛn/
1614	åkt	to go by using something more or other than the human or…	/ˈoːkt/
1615	skratta	to laugh	/ˈskrɑːtːa/
1616	söka	to search for something, to seek	/²søːka/
1617	bandet	ribbon, tape, strip of material	/ˈbandɛt/
1618	omedelbart	immediately, now, as soon as possible	/ˈuːmeːˌdɛlbɑːt/
1619	onda	evil	/ˈɔnda/
1620	område	a sphere	/ˈɔmroːdɛ/
1621	frihet	freedom, liberty	/friːheːt/
1622	privat	privately	/ˈprɪvɑːt/
1623	loss	to a no longer attached or stuck state; loose, off, untied	/ˈlɔs/
1624	taxi	taxi	/ˈtakːsɪ/
1625	glada	happy, glad	/ˈɡlɑːda/
1626	jobbigt	onerous, arduous, difficult, tiring, requiring or using a…	/ˈjɔbɪkt/
1627	d	pronunciation spelling of det	/ˈdeː/
1628	väskan	a bag	/ˈvɛskan/
1629	skapade	to create; to make, to manufacture; to put into existence,…	/ˈskɑːpadɛ/
1630	skrattar	to laugh	/ˈskrɑːtːar/
1631	halva	half, ½; with one of two equal parts	/ˈhalva/
1632	överlever	to survive	/ˈøːvɛrˌlɛvɛr/
1633	uppmärksamhet	attention, attentiveness	/ˈɵpmɛrkˌsamheːt/
1634	fars	father	/fɑːrs/
1635	lura	to trick, to fool, to deceive, to lure	/ˈlʉra/
1636	förslag	a proposal, an estimate, a nomination	/ˈfœʂlɑːɡ/
1637	grejen	a thing	/ˈɡrɛjɛn/
1638	spåra	to track, to trace track or trail of someone/something	/spoːra/
1639	syns	sight, vision	/ˈsyns/
1640	konstig	weird, strange	/ˈkɔnstɪɡ/
1641	förändrats	to change, to alter	/ˈføːrɛnˌdrats/
1642	äktenskap	marriage	/ˈɛktɛnsˌkɑːp/
1643	vetat	to know; to be certain about, to have knowledge or…	/ˈveːtat/
1644	starkare	strong	/ˈstarkarɛ/
1645	testa	to try, to attempt	/ˈtɛsta/
1646	sheriffen	definite singular of sheriff	/ˈsxeːrɪfɛn/
1647	bråttom	urgency due to lack of time, hurry	/ˈbrɔtːɔm/
1648	sötnos	sweetie, cutie, cutie pie	/ˈsœtnuːs/
1649	dörr	a door	[ˈdœ̞rː]
1650	hora	a whore	/huːra/
1651	löser	to solve	/ˈløːsɛr/
1652	håret	hair	/ˈhoːrɛt/
1653	fisk	low placed	/fɪsk/
1654	nyligen	recently, newly	/ˈnyːlɪˌɡɛn/
1655	hoppar	to jump	/ˈhɔpar/
1656	affären	a shop, a store	/aˈfɛːrɛn/
1657	hindra	to prevent, restrain, hinder, impede, constrain	/ˈhɪndra/
1658	fångar	a prisoner	/ˈfɔŋar/
1659	tjena	hey, yo	/ˈɕeːna/
1660	is	ice	/iːs/
1661	saknas	to miss, to lack, to want, to be without	/ˈsɑːknas/
1662	vaknar	to wake up	/ˈvaknar/
1663	blodet	blood	/ˈbluːdɛt/
1664	kyss	to kiss passionately or with great affection, to snog	/ɕʏs/
1665	nytta	benefit	/ˈnytːa/
1666	sådana	such, such a	/ˈsoːdaˌna/
1667	gråta	to cry, to weep	/ˈɡroːˌta/
1668	skallen	a loud or shrill and widely audible sound or noise of any…	/ˈskalɛn/
1669	högsta	high; tall; reaching a great distance from the ground or…	/ˈhøːɡsta/
1670	situation	a situation	/sɪtvaˈɧuːn/
1671	present	gift, present	/prɛˈsent/
1672	rom	roe	/rɔm/
1673	släppte	to let go; release	/ˈslɛptɛ/
1674	oroar	to worry	/ˈuːruːˌar/
1675	närmar	to move closer, to approach	/ˈnɛrmar/
1676	tappat	to drop	/ˈtapat/
1677	bussen	a bus, a vehicle to transport people	/ˈbɵsɛn/
1678	föreslår	to suggest; to ask for without demanding	/ˈføːrɛˌsloːr/
1679	luft	air	/ˈlɵft/
1680	väska	a bag	/²vɛsːka/
1681	mil	Unit of length, equal to 10,000 meters	/miːl/
1682	tusentals	thousands of	/ˈtʉsɛnˌtɑːls/
1683	ägg	an egg	/ɛɡː/
1684	banken	a bank	/ˈbaŋkɛn/
1685	skuld	debt	/skɵld/
1686	oliver	olive; a fruit from the tree Olea europaea	/ˈuːliːvɛr/
1687	undvika	to avoid	/ˈɵndviːka/
1688	stöd	support	/støːd/
1689	minnen	memory; component used in computers etc. store information	/ˈmɪnɛn/
1690	bestämma	to decide from a position of authority	/bɛsˈtɛma/
1691	samman	together	/²saman/
1692	misstänkt	suspected	/ˈmɪstɛŋkt/
1693	resan	an instance of traveling, "a travel"; a trip, a journey, a…	/ˈreːsan/
1694	tillfälle	opportunity	/ˈtɪlfɛlɛ/
1695	priset	a price	/ˈpriːsɛt/
1696	skickat	send	/ˈsxɪkːat/
1697	slutat	to stop, to end	/ˈslʉtat/
1698	bord	a table	/buːrd/
1699	offret	a sacrifice	/ˈɔfrɛt/
1700	sakna	to miss, to lack, to want, to be without	/sɑːkna/
1701	tokig	humorously crazy, nutty	/ˈtuːkɪɡ/
1702	via	via, over, by, through	/ˈviːa/
1703	tidningen	a newspaper	/ˈtiːdnɪŋɛn/
1704	tycka	to be of the opinion, to think	/ˈtʏkːa/
1705	fot	a foot	/fuːt/
1706	nämnde	mentioned	/ˈnɛmndɛ/
1707	jäklar	damn, damn it	/ˈjɛklɑːr/
1708	laget	law	/ˈlɑːɡɛt/
1709	ed	an oath	/eːd/
1710	besviken	disappointed	/bɛsˈviːkɛn/
1711	samtalet	a conversation	/samˈtɑːlɛt/
1712	våld	violence	/ˈvoːld/
1713	ljud	sound	/jʉːd/
1714	samla	to collect, to gather, to organize	/ˈsamla/
1715	tillbaks	back, in return	/ˈtɪlbɑːks/
1716	fiender	an enemy	/ˈfiːɛndɛr/
1717	röd	red	/røːd/
1718	födelsedag	a birthday	/ˈføːdɛlsɛˌdɑːɡ/
1719	alltihop	it all	/ˈaltiːˌhuːp/
1720	troligen	probably; which makes sense to believe	/ˈtruːlɪˌɡɛn/
1721	lögn	a lie	/lœŋn/
1722	avtal	agreement, contract	/ˈɑːvtɑːl/
1723	påminner	to remind	/ˈpoːmɪnɛr/
1724	toaletten	a toilet	/ˈtuːaˌlɛtːɛn/
1725	kontakta	to contact	/ˈkɔntakˌta/
1726	allihopa	everybody, everyone, all people	/ˈalɪˌhuːpa/
1727	fötter	a foot	/ˈfœtːɛr/
1728	ifall	in case	/ˈiːfal/
1729	faktum	a fact	/ˈfaktʉm/
1730	starka	strong	/ˈstarka/
1731	klass	a group, collection, category or set sharing…	/ˈklas/
1732	kuk	a dick, a cock	/kʉːk/
1733	viktigaste	important	/ˈvɪktiːˌɡastɛ/
1734	drack	to drink	/ˈdrak/
1735	återvänder	to return	/ˈoːtɛrˌvɛndɛr/
1736	ansvarig	responsible	/²ansˌvɑːrɪɡ/
1737	don	a tool, an implement	/ˈdɔn/
1738	systemet	a system, a way or method of organizing items and knowledge	/sysˈteːmɛt/
1739	sten	a stone; a rock	/steːn/
1740	hoppade	to jump	/ˈhɔpadɛ/
1741	position	a place, a location, a position. A description of where…	/pɔsɪˈɧuːn/
1742	nyheterna	a piece of news	/ˈnyːheːˌtɛrna/
1743	stänger	to close, to shut	/ˈstɛŋɛr/
1744	långa	long	/ˈlɔŋa/
1745	platser	place; any geographical position a little larger than just…	/ˈplatsɛr/
1746	uppdraget	a commission, an assignment	/ˈɵpdraɡɛt/
1747	mörkret	darkness partial absence of light, or figuratively	/ˈmœrkrɛt/
1748	skär	to cut; to perform an incision	/ɧæːr/
1749	skapar	to create; to make, to manufacture; to put into existence,…	/ˈskɑːpar/
1750	dna	DNA	/ˈdna/
1751	vis	wise	/viːs/
1752	semester	a holiday/vacation, especially from work	/sɛˈmɛstɛr/
1753	tuff	tough	/tɵf/
1754	snabb	fast, quick	/snab/
1755	middagen	midday, noon	/ˈmɪdɑːˌɡɛn/
1756	adress	an address; direction or superscription of a letter, or the…	/ˈadrɛs/
1757	års	a year	/ˈoːʂ/
1758	lustigt	comically amusing; funny, fun, comical	/ˈlɵstɪkt/
1759	orkar	to have strength, will, or stamina enough	/ˈɔrkar/
1760	tycks	to be of the opinion, to think	/ˈtyks/
1761	skrämde	to scare, to frighten	/ˈskrɛmdɛ/
1762	tillgång	supply	/ˈtɪlɡɔŋ/
1763	nycklarna	a key	/ˈnyklɑːrˌna/
1764	kastar	to throw	/ˈkastar/
1765	hållit	to hold	/ˈhɔliːt/
1766	räknar	to count	/ˈrɛːknar/
1767	rädsla	fear	/ˈrɛdsla/
1768	slippa	to not have to experience, to not have to deal with	/ˈslɪpa/
1769	duger	to be good enough; to suffice, to be acceptable, etc	/ˈdʉɡɛr/
1770	baren	a bar	/ˈbɑːrɛn/
1771	undrade	to wonder	/ˈɵndradɛ/
1772	begär	an urge, a craving, an addiction, a desire	/bɛˈjɛːr/
1773	eftermiddag	afternoon	/ˈɛftɛrˌmɪdaɡ/
1774	känd	to feel, to sense	/ˈɕɛnd/
1775	skadade	damaged	/ˈskɑːdadɛ/
1776	nöje	pleasure, joy, delight, fun	/ˈnøːjɛ/
1777	mörkt	dark	/ˈmœrkt/
1778	match	match	/matːɕ/
1779	lyckliga	happy, joyous, enjoying peace, comfort, etc.; contented	/ˈlykliːˌɡa/
1780	märkligt	strange, peculiar	/ˈmɛrklɪkt/
1781	företaget	a venture, an enterprise, a company	/ˈføːreːˌtɑːɡɛt/
1782	armé	army	/arˈmeː/
1783	växer	grow; increase in size	/ˈvɛksɛr/
1784	svår	difficult, hard to successfully deal with	/¹svoːr/
1785	hittades	to find	/ˈhɪtːadɛs/
1786	svarade	to answer, to reply, to respond	/ˈsvɑːradɛ/
1787	missar	a miss	/ˈmɪsar/
1788	möjlighet	possibility, opportunity	/ˈmœjlɪɡˌheːt/
1789	öppet	openly	/ˈœpɛt/
1790	hundar	a dog, a hound	/ˈhɵndar/
1791	energi	energy	/ˌɛnːərˈɧiː/
1792	sådär	thus, in that way, like that, to that degree	/ˈsoːdɛːr/
1793	professor	professor	/ˈpruːfɛˌsɔr/
1794	bygger	to build; to construct	/ˈbyɡɛr/
1795	saknat	to miss, to lack, to want, to be without	/ˈsɑːknat/
1796	dagarna	a day	/ˈdɑːɡarˌna/
1797	acceptera	to accept, to approve, to receive	/aksɛpˈteːra/
1798	lurade	to trick, to fool, to deceive, to lure	/ˈlʉradɛ/
1799	and	a wild duck	/and/
1800	tvätta	to wash, to clean – normally not of washing dishes, see…	/ˈtvɛtːˌa/
1801	idéer	an idea	/iːˈdeːɛr/
1802	mej	pronunciation spelling of mig	/ˈmɛj/
1803	löjligt	ridiculously	/ˈlœjlɪkt/
1804	plocka	to pick	/²plɔka/
1805	lisa	a solace, a relief, a balm	/ˈliːsa/
1806	dölja	to conceal, to hide; to put out of sight or to keep secret	/dœl.ja/
1807	ställde	to place upright somewhere, to place in a standing position	/ˈstɛldɛ/
1808	förvånad	amazed, surprised, astounded, astonished	/²fœrˌvoːnad/
1809	numret	a number	/ˈnɵmrɛt/
1810	dödad	to kill	/ˈdøːdad/
1811	majestät	majesty	/ˈmajɛsˌtɛːt/
1812	hållet	a direction	/ˈhɔlɛt/
1813	hård	hard; inflexible; rigid; unbending	/hoːɖ/
1814	letat	search; look throughout for something	/ˈleːtat/
1815	försvara	to defend	/fœrˈsvɑːra/
1816	personligt	personal	/ˈpɛʂɔˌnlɪkt/
1817	föreställa	to present, to show, to depict	/ˈføːrɛsˌtɛla/
1818	kastade	to throw	/ˈkastadɛ/
1819	styr	govern, rule, control	/ˈstyːr/
1820	lek	to play	/leːk/
1821	svag	weak; lacking in force or ability	/svɑːɡ/
1822	arm	arm; the body part	/ˈarm/
1823	stoppar	n a stop	/ˈstɔpar/
1824	hemligt	secret	/ˈhɛmlɪkt/
1825	domare	a judge	/ˈduːmarɛ/
1826	fundera	to ponder	/ˈfɵndeːˌra/
1827	blommor	a flower	/ˈblɔmuːr/
1828	avslöja	reveal; uncover	/ˈɑːvsløːˌja/
1829	efteråt	afterwards, after which, thereafter, whereupon	/ˈɛftɛˌroːt/
1830	mörda	to murder, to assassinate	[²mœ̞ːɖa]
1831	ungarna	a young, a baby	/ˈɵŋarˌna/
1832	ringen	ring; a circular piece of material	/ˈrɪŋɛn/
1833	arbetet	work, job	/ˈarbeːtɛt/
1834	st	nonstandard spelling of st	/ˌɛsˈteː/
1835	gifter	poison, venom, toxin	/²jɪfˌtɛr/
1836	sjunger	to sing	/ˈsxɵŋɛr/
1837	vaknade	to wake up	/ˈvaknadɛ/
1838	sökte	to search for something, to seek	/ˈsøːktɛ/
1839	handlade	to shop, buy	/ˈhandladɛ/
1840	mördad	to murder, to assassinate	/ˈmœrdad/
1841	dagens	a day	/ˈdɑːɡɛns/
1842	sakerna	a thing	/ˈsɑːkɛrˌna/
1843	läs	to read	/lɛːs/
1844	möter	to meet	/ˈmøːtɛr/
1845	smaka	to taste	/ˈsmɑːka/
1846	rika	rich, wealthy	/ˈriːka/
1847	flickorna	a girl	/ˈflɪkːuːrˌna/
1848	hamna	to land, to end up, to be placed	/ˈhamna/
1849	snabba	fast, quick	/ˈsnaba/
1850	fälla	a trap	/²fɛlːa/
1851	stil	style	/stiːl/
1852	avskyr	to loathe, detest	/ˈɑːvsxyːr/
1853	städa	to clean, to tidy	/ˈstɛːda/
1854	pass	degree	/ˈpas/
1855	klient	client	/ˈkliːɛnt/
1856	sms	text message, an SMS message	/ˌɛˌsɛˈmɛs/
1857	kärleken	love	/ˈɕɛrlɛkɛn/
1858	flög	to fly	/ˈfløːɡ/
1859	vänder	to turn	/ˈvɛndɛr/
1860	heliga	holy	/ˈheːliːˌɡa/
1861	fokusera	to focus	/fʊkɵˈseːra/
1862	tysta	quiet, silent	/ˈtysta/
1863	annanstans	elsewhere; in another place	/ˈanːanstanːs/
1864	fienden	an enemy	/ˈfiːɛndɛn/
1865	hemliga	secret	/ˈhɛmliːˌɡa/
1866	drottning	a queen	/²drɔtːnɪŋ/
1867	kilometer	a kilometre	/ɕɪlʊˈmeːtɛr/
1868	relation	relation; how two things may be associated	/rɛlaˈɧuːn/
1869	idioter	an idiot	/ˈiːdiːˌuːtɛr/
1870	lås	to lock	/ˈloːs/
1871	el	electricity, electric current or power; clipping of…	/eːl/
1872	gråter	to cry, to weep	/ˈɡroːtɛr/
1873	bröst	breast; the fleshy organs on the chest of a sexually mature…	/ˈbrœst/
1874	klubben	a club	/ˈklɵbɛn/
1875	leker	to play	/ˈleːkɛr/
1876	plus	and, plus	/ˈplʉs/
1877	hann	to have time, to have the time, to make it	/ˈhan/
1878	hämnd	revenge, vengeance	/hɛm(n)d/
1879	fulla	drunk	/ˈfɵla/
1880	likadant	similarly; in the same manner	/ˈliːkaˌdant/
1881	sjuka	sick, ill	/²ɧʉːka/
1882	rapport	a report	/rapˈɔʈː/
1883	system	a system, a way or method of organizing items and knowledge	/syst.eːm/
1884	rättvisa	justice, fairness	/ˈrɛtviːˌsa/
1885	assistent	an assistant, a clerical officer	/ˈasɪsˌtɛnt/
1886	farmor	a paternal grandmother	/ˈfarmuːr/
1887	fiende	an enemy	/²fiːˌɛndɛ/
1888	viss	certain, convinced	/vɪsː/
1889	tvingade	to force	/ˈtvɪŋadɛ/
1890	los	lynx	/ˈluːs/
1891	spara	to save, to store for future use	/spɑːra/
1892	bollen	a ball; a more or less spherical object which is not hard…	/ˈbɔlɛn/
1893	råkar	a long, natural crack in the ice cover of the sea or a…	/ˈroːkar/
1894	ovanligt	unusually	/ˈuːvaˌnlɪkt/
1895	förlåta	to forgive	/fœrˈloːta/
1896	franska	French; a language spoken in e.g. France and parts of Canada	/²franska/
1897	givetvis	of course, naturally	/ˈjiːvɛtˌviːs/
1898	vapnen	weapon	/ˈvapnɛn/
1899	bekant	known, familiar	/bəˈkant/
1900	smakar	to taste	/ˈsmɑːkar/
1901	missa	to miss; to fail to hit	/ˈmɪsa/
1902	packa	a bag; an unpleasant older woman	/ˈpakːa/
1903	kniv	a knife	/kniːv/
1904	al	alder	/ɑːl/
1905	katt	the devil, Satan	/ˈkatː/
1906	förändra	to change, to alter	/ˈføːrɛnˌdra/
1907	inse	to realize; to become aware of	/²ɪnseː/
1908	fyller	to fill, to make full	/ˈfylɛr/
1909	bröllopet	a wedding	/ˈbrœluːpɛt/
1910	tjejerna	a girl	/ˈɕɛjɛrˌna/
1911	planerat	to plan	/plaˈneːrat/
1912	döende	to die	/ˈdøːɛndɛ/
1913	dansar	to dance	/²danːsar/
1914	källaren	basement	/ˈɕɛlarɛn/
1915	skriker	to scream, to yell, to shout	/ˈskriːkɛr/
1916	ändrar	to change, to alter	/ˈɛndrar/
1917	mästare	a master	/ˈmɛsˌtarɛ/
1918	färg	colour; the spectral composition of visible light	/fɛrj/
1919	påstår	to claim, to state	/ˈpoːstoːr/
1920	vilse	to a lost state, no longer knowing where one is, having…	/ˈvɪlsɛ/
1921	vakt	a guard	/ˈvakt/
1922	valt	to choose	/ˈvɑːlt/
1923	vuxen	grow; increase in size	/ˈvɵkˌsɛn/
1924	kopp	a cup drinks	/kɔp/
1925	arbetade	to work, to be employed to do	/ˈarbeːˌtadɛ/
1926	låst	to lock	/ˈloːst/
1927	översatt	to translate; to change from one language to another,…	/ˈøːveːˌʂat/
1928	operation	an operation	/ɔpɛraˈɧuːn/
1929	c	abbreviation of centrum	/ˈseː/
1930	byter	to switch; to exchange	/ˈbyːtɛr/
1931	förväntar	to expect	/ˈfœrvɛnˌtar/
1932	poängen	a point, a score	/ˈpuːɛŋɛn/
1933	magen	stomach	/ˈmɑːɡɛn/
1934	planeten	planet	/ˈplɑːnɛtɛn/
1935	grace	Graces	/ˈɡrɑːsɛ/
1936	märker	to notice	/ˈmɛrkɛr/
1937	tacksam	grateful	/ˈtaksam/
1938	nått	to reach, attain	/ˈnɔt/
1939	höga	high; tall; reaching a great distance from the ground or…	/høːɡa/
1940	nödvändigt	necessary	/ˈnœdvɛnˌdɪkt/
1941	alternativ	alternate, other, alternative	/ˈaltɛrnaˌtiːv/
1942	ledde	to lead; to guide, to conduct	/ˈlɛdɛ/
1943	tyska	German	/²tʏska/
1944	kollat	to look, to watch	/ˈkɔlat/
1945	sjukt	incredibly, totally	/ɧʉːkt/
1946	vinden	wind	/ˈvɪndɛn/
1947	inuti	inside, within, in	/ˈiːnʉˌtiː/
1948	räddar	to save	/ˈrɛdar/
1949	normal	a normal	/ˈnɔrmɑːl/
1950	tillfället	opportunity	/ˈtɪlfɛlɛt/
1951	musiken	music	/mʉˈsiːkɛn/
1952	still	still	/ˈstɪl/
1953	fredag	Friday	/ˈfreːdɑːɡ/
1954	kämpar	to fight	/ˈɕɛmpar/
1955	månaden	a month	/ˈmoːnadɛn/
1956	inspektör	an inspector, an officer	/ˈɪnspɛkˌtøːr/
1957	förstört	to break, to demolish; to make something cease working	/ˈfœʂˈtœt/
1958	bilderna	picture	/ˈbɪldɛrˌna/
1959	grabb	a lad, a boy; a guy	/ˈɡrab/
1960	rykte	a rumor	/²rʏktɛ/
1961	född	to feed	/fœd/
1962	röka	to smoke	/ˈrøːka/
1963	mening	a purpose, a point	/ˈmeːnɪŋ/
1964	förbannade	to curse, to damn	/ˈfœrbaˌnadɛ/
1965	klänning	a dress and includes a skirt below the waist	/ˈklɛnːɪŋ/
1966	bråka	to argue, to fight, to brawl, to make trouble	/ˈbroːka/
1967	kläderna	clothes, garments, items of clothing	/ˈklɛːdɛrˌna/
1968	kall	cold; having a low temperature	/kalː/
1969	saknade	to miss, to lack, to want, to be without	/ˈsɑːknadɛ/
1970	svåra	difficult, hard to successfully deal with	/ˈsvoːra/
1971	byggde	to build; to construct	/ˈbyɡdɛ/
1972	stig	a path, a trail	/stiːɡ/
1973	fortare	quickly/quick, fast	/ˈfuːtarɛ/
1974	otrolig	incredible	/ˈɔtruːˌlɪɡ/
1975	bitti	early in the day	/ˈbɪtːiː/
1976	öppnade	to open	/ˈœpnadɛ/
1977	förvirrad	confused	/ˈfœrvɪˌrad/
1978	b	indication of being of lesser rank, less successful	/ˈbeː/
1979	uppenbarligen	obviously, clearly	/ˈɵpeːnˌbɑːrlɪˌɡɛn/
1980	tomt	empty	/tuːmt/
1981	cool	cool	/kuːl/
1982	herren	a man, a gentleman, a sir	/ˈhɛrɛn/
1983	kyssa	to kiss passionately or with great affection, to snog	/ˈɕʏsːa/
1984	mod	courage	/muːd/
1985	patient	a patient	/pasiˈenːt/
1986	knä	a knee	/knɛː/
1987	lyckats	to manage	/ˈlykːats/
1988	långsamt	slow	/ˈlɔŋsamt/
1989	lägenheten	apartment, flat	/ˈlɛːɡeːnˌheːtɛn/
1990	vitt	widely	/ˈvɪt/
1991	dej	pronunciation spelling of dig	/ˈdɛj/
1992	kompisar	pal, friend, mate, buddy	/ˈkɔmpiːˌsar/
1993	kilo	kilo, clipping of kilogram	/ˈɕiːlʊ/
1994	skära	pink	/²ɧæːra/
1995	m	w/, with; abbreviation of med	/ˈɛm/
1996	fungerade	function; to be in action	/ˈfɵnɡeːˌradɛ/
1997	program	a program	/prʊˈɡram/
1998	skrämma	to scare, to frighten	/²skrɛma/
1999	betyda	to mean	/bɛ¹tyːda/
2000	rörde	to move	/ˈrœrdɛ/
2001	legat	to lie; be in a horizontal position	/ˈleːɡat/
2002	botten	bottom	/ˈbɔtɛn/
2003	planerar	to plan	/plaˈneːrar/
2004	språk	language	/sproːk/
2005	sparka	to kick; to strike with the foot or leg	/ˈsparka/
2006	scenen	a stage	/ˈsseːnɛn/
2007	bud	a message	/bʉːd/
2008	mars	March	/ˈmaʂː/
2009	råkade	definite singular	/ˈroːkadɛ/
2010	fingeravtryck	a fingerprint	/ˈfɪŋeːˌravtryk/
2011	slagit	to hit, punch or beat; to give a blow	/ˈslɑːɡiːt/
2012	vars	whose	/vɑːrs/
2013	naken	naked	/ˈnɑːkɛn/
2014	lådan	a box, a case	/ˈloːdan/
2015	snarare	rather, sooner, more likely, better	/ˈsnɑːrarɛ/
2016	lördag	Saturday	/ˈløːrdɑːɡ/
2017	ting	a thing, an individual object	/tɪŋ/
2018	åsikt	an opinion, a view	/ˈoːˌsɪkt/
2019	käft	a jaw or mouth of an animal	/ˈɕɛft/
2020	byn	hamlet	/ˈbyːn/
2021	for	to go, to travel	/ˈfuːr/
2022	brinner	to burn, to be on fire	/ˈbrɪnɛr/
2023	lögnare	a liar	/ˈlœŋnarɛ/
2024	flaska	a bottle	/ˈflaska/
2025	syn	sight, vision	/ˈsyːn/
2026	paus	a pause, a break	/paʊ̯s/
2027	rosa	pink	/ˈroːˌsa/
2028	upptäckte	discovered	/ˈɵptɛkˌtɛ/
2029	armen	arm; the body part	/ˈarmɛn/
2030	bestämde	to decide from a position of authority	/bɛsˈtɛmdɛ/
2031	styra	govern, rule, control	[ˈstŷːrä]
2032	överlevde	to survive	/ˈøːvɛrˌlɛvdɛ/
2033	stryk	a beating	/stryːk/
2034	erfarenhet	experience	/ˈɛrfɑːˌreːnheːt/
2035	lade	to place lying somewhere, to place/put in a lying position;…	/lɑː/
2036	besöka	to visit	/bɛˈsøːka/
2037	filmer	film; a thin layer	/ˈfɪlmɛr/
2038	längs	along	/lɛŋs/
2039	imponerande	to impress; to affect someone strongly and favorably	/ˈɪmpuːˌneːrandɛ/
2040	andre	second	/ˈandrɛ/
2041	bomb	a bomb	/bɔmb/
2042	druckit	to drink	/ˈdrɵkːiːt/
2043	växa	grow; increase in size	/ˈvɛksa/
2044	familjer	family	/faˈmɪljɛr/
2045	uppför	uphill	/ˈɵpføːr/
2046	söta	sweet	/ˈsøːta/
2047	gisslan	hostage	/ˈjɪslan/
2048	ligg	to lie; be in a horizontal position	/ˈlɪɡ/
2049	behov	a need, a requirement	/bɛˈhuːv/
2050	elva	eleven	/ˈɛlˌva/
2051	by	hamlet	/byː/
2052	störa	to disturb, to confuse or irritate, to interfere, to make…	/²stœːra/
2053	gäster	a guest	/ˈjɛstɛr/
2054	fakta	a fact	/ˈfakta/
2055	lågt	low, lowly	/ˈloːɡt/
2056	sjukdom	disease, illness	/²ɧʉːkˌdʊm/
2057	tider	time	/ˈtiːdɛr/
2058	vunnit	to win, to defeat, to beat	/ˈvɵniːt/
2059	lust	desire to do something	/ˈlɵst/
2060	knäpp	crazy, weird, nuts	/ˈknɛp/
2061	pressen	a press; a tool that applies pressure	/ˈprɛsɛn/
2062	behåll	to keep; to maintain possession of	/bɛˈhɔl/
2063	stjäl	to steal	/ɧɛːl/
2064	mera	more, anymore	/ˈmeːra/
2065	nätet	net; a mesh of string, cord, or rope	/ˈnɛːtɛt/
2066	tydligt	clear	/ˈtyːdlɪkt/
2067	läkaren	doctor, physician	/ˈlɛːkarɛn/
2068	kroppar	a body	/ˈkrɔpar/
2069	fjärde	fourth	/fjɛːrdɛ/
2070	bög	a homosexual male; gay, fag, queer, poof	/bøːɡ/
2071	gratulerar	congratulations!	/ˈɡrɑːtʉˌleːrar/
2072	rock	a coat, an overcoat	/¹rɔk/
2073	bomben	a bomb	/ˈbɔmbɛn/
2074	enkel	simple, easy	/ˈɛŋ.kɛl/
2075	snuten	snout; snoot	/ˈsnʉtɛn/
2076	pojkarna	a boy	/ˈpɔjkarˌna/
2077	varifrån	from which place; from which direction; from where;…	/ˈvɑːrɪˌfroːn/
2078	finna	to find, to locate, to discover	/ˈfɪnːa/
2079	blind	blind; unable or failing to see	/blɪnːd/
2080	åratal	years	/ˌoːrɑːˈtɑːl/
2081	ytterligare	further	/ˈytːɛrˌliːɡarɛ/
2082	ah	ah	/ˈɑːh/
2083	da	eye dialect spelling of då	/ˈdɑː/
2084	ledigt	free, available, not occupied	/ˈleːdɪkt/
2085	djävulen	a devil	/ˈdjɛːvʉlɛn/
2086	suttit	to sit	/ˈsɵtːiːt/
2087	sång	singing, song	/ˈsɔŋː/
2088	tufft	tough	/ˈtɵft/
2089	hästar	a horse; a large mammal, Equus caballus	/ˈhɛstar/
2090	fantastiska	fantastic	/ˈfantasˌtɪska/
2091	fruktansvärt	horrific, dreadful	/ˈfrɵktansˌvɛt/
2092	lady	Lady	/ˈlɑːdyː/
2093	yngre	young	/ˈyŋrɛ/
2094	starkt	strongly	/ˈstarkt/
2095	såhär	In this way	/ˈsoːhɛːr/
2096	flygplatsen	airport	/ˈflyɡplatsɛn/
2097	svärd	a sword	/ˈsvæːrd/
2098	förbannad	pissed off	/ˈfœrbaˌnad/
2099	skadar	scathe; to injure, to harm, to hurt, to damage, to wound	/ˈskɑːdar/
2100	skrika	to scream, to yell, to shout	/ˈskriːka/
2101	lyssnade	to listen	/ˈlysnadɛ/
2102	såja	there, there	/ˈsoːja/
2103	viktigare	important	/ˈvɪktiːˌɡarɛ/
2104	fy	shame, phew, fie; interjection expressing disapproval,…	/fyː/
2105	mitten	a middle	/ˈmɪtːɛn/
2106	skrek	to scream, to yell, to shout	/ˈskreːk/
2107	orden	a word	/ˈɔrdɛn/
2108	totalt	totally	/tuːˈtɑːlt/
2109	verkliga	actual, real; existing in act or reality	/ˈvɛrkliːˌɡa/
2110	risk	risk	/ˈrɪsk/
2111	hörnet	a corner; the point where two converging lines meet; an…	/ˈhœrnɛt/
2112	mirakel	a miracle	/ˈmiːrakɛl/
2113	krossa	to crush; to press or bruise between two hard bodies until…	/ˈkrɔsa/
2114	gammalt	old	/ˈɡamalt/
2115	pund	a pound	/ˈpɵnd/
2116	nivå	distance relative to a given reference elevation	/ˈniːvoː/
2117	hejdå	alternative form of hej då	/ˈhɛjdoː/
2118	halvtimme	half an hour, a half-hour	/ˈhalvˌtɪmɛ/
2119	sur	sour	/sʉːr/
2120	drottningen	a queen	/ˈdrɔtnɪŋɛn/
2121	längst	at most, farthest, furthest	/ˈlɛŋst/
2122	konst	an art	/kɔnːst/
2123	vittne	a witness	/ˈvɪtnɛ/
2124	programmet	a program	/ˈprɔɡramɛt/
2125	universum	universe	/ˈɵniːˌvɛʂʉm/
2126	radion	radio; receiver	/ˈrɑːdiːˌuːn/
2127	modig	brave, courageous	/ˈmuːdɪɡ/
2128	personligen	personally	/pɛrˈsuːnlɪ(ɡ)ɛn/
2129	park	a park	/parːk/
2130	erbjuder	to offer	/ˈɛrbjʉdɛr/
2131	träffats	to hit a target	/ˈtrɛfats/
2132	kvinnorna	a woman	/ˈkvɪnuːrˌna/
2133	mörka	to hide; to perform a cover-up	/ˈmœrka/
2134	signal	a signal	/sɪŋˈnɑːl/
2135	godnatt	good night	/ˈɡuːdnat/
2136	ledig	free, available, not occupied	/ˈleːˌdɪɡ/
2137	mesta	mostly, most of the time	/ˈmɛsta/
2138	märke	a mark	/ˈmɛrkɛ/
2139	prins	a prince	/ˈprɪns/
2140	träff	a meeting, a date, an appointment	/ˈtrɛf/
2141	cancer	cancer	/ˈkansɛr/
2142	dödades	to kill	/ˈdøːdadɛs/
2143	favorit	favourite	/ˈfɑːvuːˌriːt/
2144	elden	fire	/ˈɛldɛn/
2145	röker	to smoke	/ˈrøːkɛr/
2146	därinne	in there	/ˈdɛːrɪnɛ/
2147	snygga	good-looking; handsome	/ˈsnyɡa/
2148	näsan	nose of a human or other primate	/ˈnɛːsan/
2149	människan	a human, a human being	/ˈmɛnɪsˌxan/
2150	hjälpt	to help; give aid or assistance to	/ˈjɛlpt/
2151	labbet	Skua; a seabird in the family Stercorariidae	/ˈlabɛt/
2152	mans	husband	/ˈmans/
2153	måndag	Monday	/ˈmɔndɑːɡ/
2154	benet	leg	/ˈbeːnɛt/
2155	gömde	to hide, to conceal	/ˈjœmdɛ/
2156	förde	to move something or someone; to bring, to take	/ˈføːrdɛ/
2157	datorn	a computer	/ˈdɑːtɔrn/
2158	ögat	eye	/ˈøːɡat/
2159	elak	mean, cruel, malicious	/ˈeːˌlɑːk/
2160	rättvist	just, fair	/ˈrɛtvɪst/
2161	månen	a moon	/ˈmoːnɛn/
2162	komplicerat	complicated, difficult, convoluted	/ˈkɔmplɪˌseːrat/
2163	erbjuda	to offer	/ˈɛrbjʉˌda/
2164	fylla	a state of drunkenness	/²fʏla/
2165	köp	to buy, to purchase	/ɕøːp/
2166	skulden	debt	/ˈskɵldɛn/
2167	jävlas	to mess, to screw, to fuck	/ˈjɛvlas/
2168	visat	to show, to display	/ˈviːsat/
2169	äckligt	disgusting, gross	/ˈɛklɪkt/
2170	polare	a buddy	/ˈpuːlarɛ/
2171	undersöka	to investigate, to examine, to explore, to survey	/ˈɵndɛˌʂøːka/
2172	kula	a small ball made of earthenware, glass or a similar hard…	/ˈkʉla/
2173	nyfiken	curious, interested, nosey, nosy, inquisitive	/ˈnyːfiːkɛn/
2174	fönster	a window	/¹fœnstɛr/
2175	använt	used	/ˈanvɛnt/
2176	ställen	a place, a location, a position	/ˈstɛlɛn/
2177	mjölk	milk	/mjœlk/
2178	oskyldiga	innocent	/ˈɔsxylˌdiːɡa/
2179	varning	a warning	/ˈvɑːrnɪŋ/
2180	risken	risk	/ˈrɪskɛn/
2181	brevet	a letter	/ˈbreːvɛt/
2182	rygg	back; the rear of the body; especially the part between the…	[rʏɡ]
2183	fixade	to fix, to organize, to solve	/ˈfiːksadɛ/
2184	stängt	to close, to shut	/ˈstɛŋt/
2185	finner	to find, to locate, to discover	/ˈfɪnɛr/
2186	mänskliga	human	/ˈmɛnskliːˌɡa/
2187	meddela	to communicate, to notify To give notice of	/meː(d)dela/
2188	amen	amen	/ˈɑːmɛn/
2189	hälsar	to greet, salute	/ˈhɛlsar/
2190	kulor	a small ball made of earthenware, glass or a similar hard…	/ˈkʉluːr/
2191	kniven	a knife	/ˈkniːvɛn/
2192	ende	only, masculine form of enda	/ˈɛndɛ/
2193	glädje	joy, happiness	/ˈɡlɛdjɛ/
2194	humör	mood, temper	/ˈhʉmøːr/
2195	underbara	wonderful, marvelous	/ˈɵndɛrˌbɑːra/
2196	märkt	marked, tagged, carrying a mark or indication	/ˈmɛrkt/
2197	kollega	colleague	/ˈkɔlɛˌɡa/
2198	känn	to feel, to sense	/ˈɕɛn/
2199	tunga	a tongue	/²tɵŋa/
2200	data	information, especially encoded information that can be…	/²dɑːta/
2201	gruppen	group	/ˈɡrɵpɛn/
2202	befinner	to be located; to be at	/bɛˈfɪnɛr/
2203	foto	photo	/ˈfuːtuː/
2204	linda	broad white cloth	/ˈlɪnda/
2205	snut	snout; snoot	/snʉːt/
2206	skäms	shame on you	/ˈsxɛms/
2207	dans	a day	/ˈdans/
2208	gräva	to dig	/ˈɡrɛːva/
2209	konstiga	weird, strange	/ˈkɔnstiːˌɡa/
2210	vuxna	adult	/ˈvɵksna/
2211	därute	out there	/ˈdɛːrʉtɛ/
2212	satan	Used to express anger, irritation, disappointment,…	/ˈsɑːˌtan/
2213	smärtan	pain	/ˈsmɛtan/
2214	funka	to function, to work, to operate, to be in operation	/ˈfɵŋˌka/
2215	äran	honor, glory; an objectification of praiseworthiness	[æːran]
2216	flyg	to fly	/ˈflyːɡ/
2217	utredningen	an investigation	/ˈʉtreːdˌnɪŋɛn/
2218	rött	red	/ˈrœt/
2219	tappa	to drop	/ˈtapa/
2220	räknas	to count	/ˈrɛːknas/
2221	anar	to have a feeling that something will happen, has happened…	/ˈɑːnar/
2222	alltför	too	/ˈaltføːr/
2223	donna	a woman	/ˈdɔna/
2224	våningen	apartment	/ˈvoːnɪŋɛn/
2225	fitta	pussy, cunt	/ˈfɪˌtːa/
2226	bravo	bravo	/ˈbrɑːvʊ/
2227	funderar	to ponder	/ˈfɵndeːˌrar/
2228	gäst	a guest	/jɛst/
2229	morfar	a mother's father; a maternal grandfather	/ˈmuːrfar/
2230	falla	to fall	/²falːa/
2231	punkt	a period, a full stop	/pɵŋ(k)t/
2232	hemlig	secret	/ˈhɛmlɪɡ/
2233	frågat	to ask, to inquire	/ˈfroːɡat/
2234	detaljer	detail	/ˈdɛtɑːljɛr/
2235	tappar	to drop	/ˈtapar/
2236	missat	to miss; to fail to hit	/ˈmɪsat/
2237	roliga	funny, fun	/ˈruːliːˌɡa/
2238	trott	to believe, to think	/ˈtrɔt/
2239	grader	degree	/ˈɡradɛr/
2240	kamera	camera	/ˈkɑːm(ɛ)ra/
2241	misslyckas	to fail	/ˈmɪslyˌkːas/
2242	lösning	solution	/ˈløːsnɪŋ/
2243	skador	scathe; damage, an injury, a harm, a wound	/ˈskɑːduːr/
2244	oskadd	unharmed, unscathed	/ˈɔskad/
2245	spelat	to play; a game, a tune, a melody, an instrument or a role	/ˈspeːlat/
2246	ambulans	ambulance	/ˌambʉˈlans/
2247	flydde	to flee, to run away, to escape	/ˈflydɛ/
2248	tjugo	twenty	/ɕɵ/
2249	hundratals	hundreds of	/ˈhɵndraˌtɑːls/
2250	hörs	to hear	/ˈhœʂ/
2251	whisky	whisky, whiskey	/ˈvhɪsxyː/
2252	tåg	a train	/toːɡ/
2253	besatt	obsessed	/bɛˈsat/
2254	lön	reward, something given to someone for a deed or achievement	/løːn/
2255	simma	to swim	/²sɪmːa/
2256	kod	code; a very short abbreviation	/koːd/
2257	existerar	to exist	/ˈɛksɪsˌteːrar/
2258	lögner	a lie	/ˈlœŋnɛr/
2259	intresse	interest	/ˈɪntrɛsɛ/
2260	träna	a tree	/ˈtrɛːna/
2261	tillåter	to allow, to permit	/ˈtɪloːtɛr/
2262	parken	a park	/ˈparkɛn/
2263	hämnas	to take revenge	/ˈhɛmnas/
2264	avstånd	distance	/ˈɑːvstoːnd/
2265	gröna	green	/ˈɡrøːna/
2266	tvivlar	to doubt, to be in doubt	/ˈtvɪvlar/
2267	skjuts	to shoot a weapon, to fire a weapon	/ɧɵ(t)s/
2268	rapportera	to report	/ˈrapɔˌteːra/
2269	sommaren	summer	/²sɔˌmarɛn/
2270	show	show; a play, dance, or other entertainment	/ɧɔ͡ʊ/
2271	livs	life	/ˈlɪvs/
2272	karen	tub	/ˈkarɛn/
2273	våran	synonym of vår	/ˈvoːran/
2274	bron	a bridge	/bruːn/
2275	tålamod	patience	/ˈtoːlaˌmuːd/
2276	släkt	extended family, relatives	/slɛkt/
2277	gubben	an older or elderly man	/ˈɡɵbɛn/
2278	uppgift	a task	/ˈɵpjɪft/
2279	res	to travel, be on a journey	/ˈreːs/
2280	hittills	so far, heretofore, until now, until this point in time; yet	/ˈhɪtːɪls/
2281	straff	punishment, penalty	/ˈstraf/
2282	samvete	conscience	/ˈsamvɛtɛ/
2283	domaren	a judge	/ˈduːmarɛn/
2284	grymt	cruel	/ˈɡrymt/
2285	store	big, large; of large size	/ˈstuːrɛ/
2286	stjärna	a star	/ˈɧɛːrˌna/
2287	kurs	course, class	/kʉːrs/
2288	informationen	information	/ɪnfɔrmasˈxuːnɛn/
2289	rad	a row; a line of entries in a table, or a line of objects	/ˈrɑːd/
2290	begravning	a funeral	/ˈbɛɡrɑːvˌnɪŋ/
2291	söndag	Sunday	/ˈsœndɑːɡ/
2292	bäste	good	/ˈbɛstɛ/
2293	klocka	clock, watch; an instrument used to measure or keep track…	/ˈklɔˌkːa/
2294	personliga	personal	/ˈpɛʂɔˌnliːɡa/
2295	mardröm	a nightmare	/marˈdrœm/
2296	kontrollen	control	/ˈkɔntrɔlɛn/
2297	mobilen	short for mobiltelefon	/ˈmɔbiːlɛn/
2298	sidor	side; a bounding straight edge or surface	/ˈsiːduːr/
2299	ödet	destiny, fate	/ˈøːdɛt/
2300	erbjöd	to offer	/ˈɛrbjøːd/
2301	lukten	smell, odor, scent	/ˈlɵktɛn/
2302	april	April	/apˈriːl/
2303	ljudet	sound	/ˈjʉdɛt/
2304	funderat	to ponder	/ˈfɵndeːˌrat/
2305	sovit	to sleep	/ˈsuːviːt/
2306	tyskarna	a German	/ˈtyskarˌna/
2307	vänlig	friendly, kind	/²vɛnlɪ(ɡ)/
2308	handla	to shop, buy	/ˈhandla/
2309	kunder	customer	/ˈkɵndɛr/
2310	lysande	luminous, light emitting	/ˈlyːsandɛ/
2311	knullar	to fuck	/ˈknɵlar/
2312	resultat	A result, an effect	/rɛsɵlˈtɑːt/
2313	gräs	grass; any plant of the family Poaceae	/ˈɡrɛːs/
2314	glass	ice cream	/ɡlas/
2315	sistone	only used in på sistone	/ˈsɪstuːnɛ/
2316	plikt	duty	/plɪkt/
2317	smak	taste	/smɑːk/
2318	ungen	a young, a baby	/ˈɵŋɛn/
2319	närmaste	near, close	/ˈnɛrmastɛ/
2320	geni	a genius	/ɧɛ̝ˈniː/
2321	verkligheten	reality	/ˈvɛrklɪɡˌheːtɛn/
2322	drag	feature, trait, characteristic	/ˈdrɑːɡ/
2323	riskera	to risk	/ˈrɪskɛˌra/
2324	drömde	dreamed, imagined	/ˈdrœmdɛ/
2325	valet	a whale	/ˈvɑːlɛt/
2326	ro	to row; to transport oneself in a small boat, with help of…	/ruː/
2327	verkligt	really	/ˈvɛrklɪkt/
2328	bråk	brawl, row, racket; trouble	/ˈbroːk/
2329	väcka	to wake up, to wake, to awaken	/²vɛka/
2330	teori	theory; an unproven conjecture	/tɛʊˈriː/
2331	promenad	a walk, a stroll, a promenade	/ˈpruːmɛˌnad/
2332	skillnaden	difference	/ˈsxɪlnadɛn/
2333	king	great, awesome	/ˈɕɪŋ/
2334	erkänner	to admit	/ˈɛrɕɛnɛr/
2335	prinsessan	a princess	/ˈprɪnsɛˌsan/
2336	rita	to draw	/ˈriːta/
2337	hatade	to hate	/ˈhɑːtadɛ/
2338	bergen	a mountain	/ˈbɛrjɛn/
2339	lös	to solve	/løːs/
2340	sinne	a sense	/ˈsɪnɛ/
2341	champagne	champagne	/ɧamˈpanj/
2342	levt	to live, to be alive	/ˈlɛvt/
2343	flyttat	to move; to relocate something	/ˈflytːat/
2344	göras	to do	/ˈjøːras/
2345	önska	to wish	/ˈœnska/
2346	ångrar	to regret	/ˈɔŋrar/
2347	präst	a priest	/præst/
2348	adressen	an address; direction or superscription of a letter, or the…	/ˈadrɛsɛn/
2349	strunt	nonsense	/ˈstrɵnt/
2350	ångra	to regret	/ˈɔŋra/
2351	ändrade	to change, to alter	/ˈɛndradɛ/
2352	pizza	a flavour associated with certain types of pizza, often…	/²pɪtsa/
2353	sann	true; according to the truth	/ˈsan/
2354	likt	looking like, resembling	/ˈlɪkt/
2355	mänsklig	human	/²mɛnsklɪ(ɡ)/
2356	eva	woman	/ˈeːva/
2357	ond	evil	/ˈɔnd/
2358	vännen	a friend	/vɛnːɛn/
2359	sanna	true; according to the truth	/ˈsana/
2360	lider	to suffer; to undergo hardship	/ˈliːdɛr/
2361	klok	wise, intelligent, prudent	/ˈklʊk/
2362	kostym	a suit, a dress	/ˈkɔstyːm/
2363	blöder	to bleed	/ˈbløːdɛr/
2364	brud	a bride	/brʉːd/
2365	upptäckt	discovered	/ˈɵptɛkt/
2366	löst	to solve	/ˈløːst/
2367	beter	to behave	/bɛˈteːr/
2368	gripa	to catch hold of	/ˈɡriːpa/
2369	scen	a stage	/ˈsseːn/
2370	radio	radio; receiver	/ˈrɑːdiːˌuː/
2371	falska	false	/ˈfalska/
2372	bank	a bank	/ˈbaŋːk/
2373	bott	to live, to dwell, to reside	/bʊt/
2374	författare	an author, a writer works	/ˈfœrfaˌtːarɛ/
2375	flyr	to flee, to run away, to escape	/ˈflyːr/
2376	skrämmande	to scare, to frighten	/ˈskrɛmandɛ/
2377	förklaring	explanation	/fœrˈklɑːrɪŋ/
2378	byxor	pants, trousers	/ˈbyːksuːr/
2379	strunta	only used in strunta i	/ˈstrɵnta/
2380	hörru	alternative form of hördu	/ˈhœrʉ/
2381	välj	to choose	/ˈvɛlj/
2382	behandlar	to treat, to process	/bɛˈhandlar/
2383	klarat	to manage, to succeed in doing	/ˈklɑːrɑːt/
2384	projekt	project	/prɔsˈxɛkt/
2385	sjön	a lake	/ɧœn/
2386	godis	candy, sweets	/ˈɡuːdiːs/
2387	startade	to begin, to start; to get something going; as in, to start…	/ˈstɑːtadɛ/
2388	typen	a type	/ˈtyːpɛn/
2389	varna	to warn; to issue a warning	/ˈvɑːrna/
2390	anfall	attack, assault	/ˈanfal/
2391	löfte	a promise; a vow	/ˈløːftɛ/
2392	svårare	difficult, hard to successfully deal with	/ˈsvoːrarɛ/
2393	funnits	to find, to locate, to discover	/ˈfɵnɪts/
2394	startar	to begin, to start; to get something going; as in, to start…	/ˈstɑːtar/
2395	behandla	to treat, to process	/bɛˈhandla/
2396	kontrakt	a contract	/ˈkɔntrakt/
2397	märkte	marked, tagged, carrying a mark or indication	/ˈmɛrktɛ/
2398	utrustning	equipment	/ˈʉtrɵstˌnɪŋ/
2399	rymden	a space, a volume	/ˈrymdɛn/
2400	beroende	dependent	/bɛˈruːɛndɛ/
2401	attack	attack; an attempt to cause damage	/aˈtak/
2402	brydde	to concern, to bother	/ˈbrydɛ/
2403	högst	at most, not more than	/ˈhøːɡst/
2404	amerikansk	American; of or pertaining to the Americas	/ˌamɛrɪˈkɑːnsk/
2405	ryska	Russian language	/²rʏska/
2406	agenter	an agent	/ˈɑːɡɛntɛr/
2407	historier	history	/ˈhɪstuːˌriːɛr/
2408	svek	betrayal, treachery, treason	/sveːk/
2409	staten	A state; a nation	/ˈstɑːtɛn/
2410	vakter	a guard	/ˈvaktɛr/
2411	vägrade	refused, denied	/ˈvɛɡradɛ/
2412	bytte	to switch; to exchange	/ˈbytːɛ/
2413	delta	the Greek letter Δ, δ	/ˈdeːltɑː/
2414	drömmer	to dream; to see imaginary events in one's mind while…	/ˈdrœmɛr/
2415	bröd	bread	/brøː(d)/
2416	ängel	an angel	/ˈɛŋːɛl/
2417	dock	though, however, still, nevertheless	/dɔkː/
2418	lyft	lifted	/ˈlyft/
2419	vittnen	a witness	/ˈvɪtnɛn/
2420	sexig	sexy	/ˈsɛksɪɡ/
2421	lex	Used before a given name to form names, often informal, for…	/ˈlɛks/
2422	kyckling	a chick	/ˈɕʏkˌlɪŋ/
2423	gemensamt	together, commonly, publicly	/jɛˈmeːnsamt/
2424	grym	cruel	/ɡrʏmː/
2425	hotade	definite singular	/ˈhuːtadɛ/
2426	anledningen	reason; cause	/ˈanleːdˌnɪŋɛn/
2427	försvunnen	to disappear, to vanish	/ˈfœʂvɵnɛn/
2428	funkade	to function, to work, to operate, to be in operation	/ˈfɵŋkadɛ/
2429	mage	stomach	/²mɑːɡɛ/
2430	togs	take; to grab and move to oneself	/ˈtuːɡs/
2431	soffan	a couch, a sofa	/ˈsɔfan/
2432	jord	earth, soil; a rock- or sand-based unconsolidated material…	/juːrd/
2433	låda	a box, a case	/ˈloːda/
2434	pinsamt	embarrassing, awkward	/ˈpɪnsamt/
2435	hämtade	to get, to fetch, to retrieve somewhere	/ˈhɛmtadɛ/
2436	nyckel	a key	/²nʏkːɛl/
2437	frid	peace, peacefulness	/friːd/
2438	prov	a test, a trial	/ˈpruːv/
2439	fullständigt	completely	/ˈfɵlstɛnˌdɪkt/
2440	sväng	a turn	/ˈsvɛŋ/
2441	hästen	a horse; a large mammal, Equus caballus	/ˈhɛstɛn/
2442	kommissarie	a superintendent	/ˈkɔmɪˌsariːɛ/
2443	internet	internet	/ˈɪntɛrnɛt/
2444	stämma	a voice	/²stɛmːa/
2445	farliga	dangerous	/ˈfɑːrliːˌɡa/
2446	trivs	To feel a durable sense of comfort and satisfaction	/ˈtrɪvs/
2447	enorm	enormous, immense, vast	/eːˈnɔrm/
2448	övertyga	to convince	/ˌøːvɛˈtyːɡa/
2449	låtit	to make sound	/ˈloːtiːt/
2450	fritt	freely	/ˈfrɪt/
2451	lida	to suffer; to undergo hardship	/²liːda/
2452	utredning	an investigation	/ˈʉtreːdˌnɪŋ/
2453	olagligt	illegally	/ˈuːlɑːˌɡlɪkt/
2454	källa	a source	/ˈɕɛlˌa/
2455	tystnad	silence	/ˈtystnad/
2456	färdigt	finished	/ˈfɛːrdɪkt/
2457	tas	take; to grab and move to oneself	/ˈtɑːs/
2458	patienter	a patient	/ˈpɑːtiːˌɛntɛr/
2459	verka	to work, to act	/ˈvɛrˌka/
2460	galning	a lunatic, a madman	/ˈɡalnɪŋ/
2461	het	to be called; to have as one's name, to hight	/heːt/
2462	midnatt	midnight 12 o'clock at night	/ˈmɪdnat/
2463	sprit	liquor, spirits; booze	/spriːt/
2464	maskinen	machine	/masˈxiːnɛn/
2465	talang	talent	/taˈlaŋ/
2466	kartan	a map	/ˈkɑːrtan/
2467	tok	crazy person, fool, wacko person	/tuːk/
2468	driva	a drift	/ˈdriːˌva/
2469	otrogen	unfaithful	/ˈɔtruːjɛn/
2470	filma	to film; to record a motion picture	/ˈfɪlma/
2471	mötte	to meet	/ˈmœtːɛ/
2472	bruden	a bride	/ˈbrʉdɛn/
2473	kring	around, about; same as omkring	/ˈkrɪŋ/
2474	förlåter	a veil, a curtain	/ˈfœrloːtɛr/
2475	ordförande	a chairman; chairperson	/ˈuːrdføːˌrandɛ/
2476	respekterar	to respect	/ˈrɛspɛkˌteːrar/
2477	icke	not; negation of the verb in a sentence	/²ɪkːɛ/
2478	restaurang	a restaurant	/rɛstɵˈraŋ/
2479	fixat	to fix, to organize, to solve	/ˈfiːksat/
2480	kvarter	city block	/kvarˈteːr/
2481	sällan	seldom, rarely	/ˈsɛlan/
2482	fötterna	a foot	/ˈfœtːɛrˌna/
2483	skrik	to scream, to yell, to shout	/skriːk/
2484	erbjudande	to offer	/ˈɛrbjʉˌdandɛ/
2485	badrummet	a bathroom	/ˈbadrɵmɛt/
2486	stoppade	to stop	/ˈstɔpadɛ/
2487	inre	inner, internal, kept inside	/ˈɪnrɛ/
2488	grät	to cry, to weep	/ɡrɛːt/
2489	förmåga	ability, skill	/ˈfœrmoːˌɡa/
2490	ändrat	to change, to alter	/ˈɛndrat/
2491	vände	to turn	/ˈvɛndɛ/
2492	itu	into two pieces, apart	/ˈiːtʉ/
2493	medborgare	a citizen	/²meːdˌbɔrːjarɛ/
2494	choklad	chocolate	/ɧʊkˈlɑː(d)/
2495	skönhet	beauty	/ˈsxœnheːt/
2496	krigare	a warrior	/ˈkriːɡarɛ/
2497	basen	base; foundation	/ˈbasɛn/
2498	publiken	an audience	/ˈpɵbliːkɛn/
2499	seger	victory	/ˈseːɡɛr/
2500	syfte	intention	/²sʏftɛ/
2501	döljer	to conceal, to hide; to put out of sight or to keep secret	/ˈdœljɛr/
2502	tvingar	to force	/ˈtvɪŋar/
2503	fågel	a high placed object	/ˈfoːɡəl/
2504	klokt	cleverly	/ˈklʊkt/
2505	skaffar	to get, to acquire, to procure	/ˈskafar/
2506	ful	ugly	/fʉːl/
2507	klär	to clothe, to dress, to wear	/ˈklɛːr/
2508	känslan	feeling	/ˈɕɛnslan/
2509	rök	to smoke	/røːk/
2510	undra	to wonder	[²ɵ̞nːdra]
2511	armar	arm; the body part	/ˈarmar/
2512	fortsatte	to continue, to proceed	/ˈfuːtsatːɛ/
2513	röven	an ass	/ˈrøːvɛn/
2514	ex	ex; ex-partner	/ˈɛks/
2515	bortom	beyond	/ˈbɔtɔm/
2516	allvarlig	serious	/ˈalˌvɑːrlɪ(ɡ)/
2517	lyder	to obey	/ˈlyːdɛr/
2518	byggt	to build; to construct	/ˈbyɡt/
2519	operationen	an operation	/ˈɔpɛˌratiːˌuːnɛn/
2520	baksidan	a backside; a rear	/ˈbɑːksiːˌdan/
2521	njuta	to enjoy, to indulge	/²njʉːta/
2522	betydde	to mean	/bɛˈtyːdɛ/
2523	samarbeta	to cooperate	/ˈsamarˌbeːta/
2524	våga	to dare, to have enough courage	/²voːɡa/
2525	sår	to sow	/soːr/
2526	madame	synonym of fru	/ˈmɑːdamɛ/
2527	riskerar	to risk	/ˈrɪskɛˌrar/
2528	fet	fat, obese	/feːt/
2529	systrar	a sister	/sysˈtrar/
2530	porten	a door leading into a larger building, like for example an…	/ˈpuːtɛn/
2531	black	a clog	/ˈblak/
2532	öknen	desert	/ˈœknɛn/
2533	uppenbart	obviously, apparently	/ˈɵpeːnˌbɑːt/
2534	ryssarna	a Russian, male person from Russia	/ˈrysarˌna/
2535	moster	maternal aunt	/ˈmʊˌstɛr/
2536	accepterar	to accept, to approve, to receive	/ˈaksɛpˌteːrar/
2537	identifiera	to identify	/ˈiːdɛnˌtiːfiːɛˌra/
2538	fånge	a prisoner	/ˈfɔŋɛ/
2539	paket	a package, a parcel, a packet, a wrapped gift	/paˈkeːt/
2540	stulit	to steal	/stʉːlɪt/
2541	gay	gay, homosexual	/ˈɡɑːyː/
2542	ron	peace, quiet, tranquility	/ˈruːn/
2543	kopia	a copy, a reproduction, a duplicate	/kʊ²piːa/
2544	hatt	a hat	/hat/
2545	gissar	to guess	/ˈjɪsar/
2546	betalat	to pay; to give money in exchange for goods or services	/bɛˈtɑːlat/
2547	villig	willing	/ˈvɪlɪɡ/
2548	sågs	a saw	/ˈsoːɡs/
2549	tjuv	a thief	/ɕʉːv/
2550	sorg	sorrow, sadness	/sɔrj/
2551	maskin	machine	/maˈɧiːn/
2552	skorna	a shoe	/ˈskuːrna/
2553	schyst	alternative form of schysst	/ˈʃyst/
2554	led	to suffer; to undergo hardship	/leːd/
2555	sämre	badly	/ˈsɛmrɛ/
2556	house	house music, house	/ˈhuːʉsɛ/
2557	förhör	interrogation; interviewing with the goal of extracting a…	/ˈfœrhøːr/
2558	älskat	to love	/ˈɛlskat/
2559	skar	to cut; to perform an incision	/skɑːr/
2560	hata	to hate	/²hɑːta/
2561	trygg	safe, secure	/ˈtryɡ/
2562	sena	late	/ˈseːna/
2563	önskan	a desire	/ˈœnskan/
2564	avgöra	to determine, to decide	/²ɑːvˌjøːra/
2565	hängde	to be suspended	/ˈhɛŋdɛ/
2566	heta	hot; having a very high temperature	/²heːˌta/
2567	cirka	circa, roughly, about, approximately	/ˈsɪrka/
2568	skaka	to shake	/ˈskɑːka/
2569	uppgifter	a task	/ˈɵpjɪftɛr/
2570	vänskap	friendship	/ˈvɛnskɑːp/
2571	misstänkta	suspected	/ˈmɪstɛŋkˌta/
2572	försvunnit	to disappear, to vanish	/ˈfœʂvɵˌniːt/
2573	makten	power, might	/ˈmaktɛn/
2574	hyra	a rent; what is paid in order to rent something	/²hyːra/
2575	desperat	desperate	/ˈdɛspɛˌrat/
2576	röv	an ass	/røːv/
2577	enbart	only, alone, just, solely	/ˈeːnbɑːt/
2578	leende	to smile	/ˈleːˌɛndɛ/
2579	käre	in love, enamored	/ˈɕɛːrɛ/
2580	morbror	maternal uncle	/ˈmʊrˌbrʊr/
2581	examen	exam	/ˈɛksamɛn/
2582	såvida	provided that	/sɔˈviːˌda/
2583	spränga	to blow up, to blast explode	/ˈsprɛŋa/
2584	färdiga	finished	/ˈfɛːrdiːˌɡa/
2585	påverkar	to affect, to influence	/ˈpoːvɛrˌkar/
2586	beredda	prepared, made	/bɛˈrɛda/
2587	rapporten	a report	/ˈrapɔtɛn/
2588	oftast	most often; superlative degree of ofta	/ˈɔftast/
2589	utföra	to perform, to carry out, to execute, to do	/ˈʉtføːˌra/
2590	låsa	to lock	/ˈloːsa/
2591	gatorna	a street	/ˈɡɑːtuːrˌna/
2592	idén	an idea	/iːˈdeːn/
2593	söner	a son	/ˈsøːnɛr/
2594	insidan	definite singular of insida	/ˈɪnsiːˌdan/
2595	spöke	a ghost	/²spøːkɛ/
2596	jagade	to chase	/ˈjɑːɡadɛ/
2597	gevär	a rifle	/jɛˈvɛːr/
2598	skapat	to create; to make, to manufacture; to put into existence,…	/ˈskɑːpat/
2599	svartsjuk	jealous	/ˈsvatsxʉk/
2600	bränna	to burn with fire	/ˈbrɛna/
2601	medlem	a member	/ˈmeːdlɛm/
2602	gården	a property with houses in the countryside; an estate, a…	/ˈɡoːrdɛn/
2603	allas	everybody's; genitive singular of alla	/ˈalas/
2604	varnade	to warn; to issue a warning	/ˈvɑːrnadɛ/
2605	täcker	för to cover	/ˈtɛkːɛr/
2606	granne	a neighbour	/ˈɡranɛ/
2607	seriöst	serious	/ˌseːriːˈœst/
2608	fotboll	soccer, football; a team sport	/²fuːtˌbɔl/
2609	behövt	to need	/bɛˈhœvt/
2610	fryser	feel cold, to the point of discomfort	/ˈfryːsɛr/
2611	läge	a position; a location, a site	/ˈlɛːɡɛ/
2612	dyka	to swim under water	/ˈdyːka/
2613	nåväl	well, oh well, anyway	/ˈnoːvɛːl/
2614	misstänkte	suspected	/ˈmɪstɛŋkˌtɛ/
2615	senator	senator	/ˈseːnaˌtɔr/
2616	hotar	to threaten	/ˈhuːtar/
2617	bitar	a piece	/ˈbiːtar/
2618	typiskt	typical	/ˈtyːpɪskt/
2619	rättigheter	a right	/ˈrɛtːɪɡˌheːtɛr/
2620	regel	A rule or regulation	/¹reːɡɛl/
2621	lurar	to trick, to fool, to deceive, to lure	/ˈlʉrar/
2622	norrut	northwards, north	/ˈnɔrʉt/
2623	strålande	brilliant, splendid, excellent	/ˈstroːlandɛ/
2624	slyna	a slut, a skank	/ˈslyːna/
2625	trappan	staircase, stairway, stairs, flight of stairs	/ˈtrapan/
2626	koncentrera	to concentrate	/ˈkɔnsɛnˌtreːra/
2627	öron	ear; the part of the body used to hear	/ˈøːruːn/
2628	oskuld	a virgin, someone sexually untouched	/ˈɔskɵld/
2629	medveten	conscious, aware; having knowledge of	/meːdˈveːtɛn/
2630	bekräfta	to confirm, to acknowledge	/bɛˈkrɛfta/
2631	kraften	force	/ˈkraftɛn/
2632	hårda	hard; inflexible; rigid; unbending	/ˈhoːrda/
2633	bevisen	a proof	/bɛˈviːsɛn/
2634	fantasi	imagination, fantasy	/ˈfantaˌsiː/
2635	mördades	to murder, to assassinate	/ˈmœrdadɛs/
2636	grönt	green; a colour	/ˈɡrœnt/
2637	döma	to sentence, to judge	/ˈdøːma/
2638	sålt	to sell	/ˈsoːlt/
2639	stinker	to stink, to reek	/ˈstɪŋkɛr/
2640	byxorna	pants, trousers	/ˈbyːksuːrˌna/
2641	marknaden	market	/ˈmarːkˌnanː/
2642	trycka	to press, to push	/ˈtrykːa/
2643	privata	private	/ˈprɪvɑːˌta/
2644	innehåller	to contain, to include	/ˈɪnɛˌhɔlɛr/
2645	utbildning	education	/ˈʉtbɪldˌnɪŋ/
2646	föda	food; sustenance	/ˈføːˌda/
2647	professorn	professor	/ˌpruːfɛˈsɔrn/
2648	verklig	actual, real; existing in act or reality	/ˈvɛrklɪɡ/
2649	häng	to be suspended	/ˈhɛŋ/
2650	slogs	to hit, punch or beat; to give a blow	/slʊks/
2651	gulligt	cute, sweet	/ˈɡɵlɪkt/
2652	höghet	highness	/ˈhøːɡheːt/
2653	lägret	a camp	/ˈlɛɡrɛt/
2654	femte	fifth	/ˈfɛmˌtɛ/
2655	minnet	memory; component used in computers etc. store information	/ˈmɪnɛt/
2656	personal	staff	[pɛʂʊnˈɑːl]
2657	litade	to trust	/ˈliːtadɛ/
2658	meddelandet	a message	/ˈmeːdɛˌlandɛt/
2659	samlar	to collect, to gather, to organize	/ˈsamlar/
2660	officiellt	officially	/ˈɔfiːˌsɪɛlt/
2661	vägar	a road	/ˈvɛːɡar/
2662	media	a medium	/ˈmeːdiːˌa/
2663	ställt	to place upright somewhere, to place in a standing position	/ˈstɛlt/
2664	fingrar	finger	/ˈfɪŋrar/
2665	inbrott	a burglary	/ˈɪnbrɔt/
2666	trubbel	snag, hitch, minor problem	/ˈtrɵbɛl/
2667	dyrt	dearly, solemnly	/ˈdyt/
2668	reste	to travel, be on a journey	/ˈreːstɛ/
2669	klippa	a cliff, a rock – compare how "up on the cliff" makes sense…	/ˈklɪpa/
2670	tvärtom	on the contrary; in the opposite manner	/tvɛːʈˈɔm/
2671	tyder	to interpret; to understand the meaning of	/ˈtyːdɛr/
2672	förtjänade	to deserve	/ˈfœɕɛːˌnadɛ/
2673	ordnat	to order, to sort, to put in order, to arrange, to fix	/ˈuːrdnat/
2674	flottan	a navy	/ˈflɔtːan/
2675	allra	the very, to the highest degree, most of all	/ˈalra/
2676	foton	photo	/ˈfuːtuːn/
2677	angår	to concern relevance to someone's interests	/ˈaŋoːr/
2678	skyldiga	guilty	/ˈsxyldiːˌɡa/
2679	kliv	a big step, a big stride	/ˈkliːv/
2680	hitåt	towards here, this way, hitherward	/ˈhiːtoːt/
2681	följt	to follow; to go after	/ˈfœljt/
2682	antal	number, quantity, amount	/anˈtɑːl/
2683	brutit	to break; to end abruptly	/ˈbrʉtiːt/
2684	vakterna	a guard	/ˈvaktɛrˌna/
2685	däck	tyre	/ˈdɛk/
2686	spelare	a player	/ˈspeːlarɛ/
2687	ost	east	/ʊst/
2688	förälskad	in love	/fœrˈɛlskad/
2689	flygplan	airplane, aeroplane	/ˈflyɡplan/
2690	vikt	weight	/vɪkt/
2691	klänningen	a dress and includes a skirt below the waist	/ˈklɛnɪŋɛn/
2692	restaurangen	a restaurant	/ˈrɛstaˌʉraŋɛn/
2693	h	B, note with a frequency close to 493.88 · 2ⁿ Hz	/ˈhoː/
2694	kännas	to feel, to sense	/ˈɕɛnas/
2695	raka	a straight	/ˈrɑːka/
2696	tvungna	forced	/ˈtvɵŋna/
2697	katten	a cat	/ˈkatːɛn/
2698	linje	line	/ˈlɪnjɛ/
2699	fångade	to catch	/ˈfɔŋadɛ/
2700	miljarder	A thousand million, 10⁹, a milliard	/ˈmɪljardɛr/
2701	tänderna	a tooth	/ˈtɛndɛrˌna/
2702	vädret	weather	/ˈvɛdrɛt/
2703	försiktiga	careful, cautious, gentle, prudent, etc	/ˈfœʂɪkˌtiːɡa/
2704	röster	voice	/ˈrœstɛr/
2705	försvar	a defence	/ˈfœʂvɑːr/
2706	rida	to ride	/ˈriːda/
2707	kvittar	to not matter	/ˈkvɪtːar/
2708	förbereda	to prepare	/ˈfœrbɛrɛˌda/
2709	hjälpen	help	/ˈjɛlpɛn/
2710	verk	a work; something which has been accomplished	/vɛrk/
2711	faster	paternal aunt	/ˈfastɛr/
2712	låten	a song, a tune, a track, a musical piece	/ˈloːtɛn/
2713	svensk	Swedish; of or pertaining to Sweden or the Swedish language	/svɛnːsk/
2714	sårad	to wound	/ˈsoːrad/
2715	otur	bad luck	/ˈuːtʉr/
2716	kamp	a struggling for one's interests; a struggle, a fight	/ˈkamp/
2717	naturen	nature	/ˈnaˈtʉrɛn/
2718	motiv	motive; that which incites to an action	/ˈmuːtiːv/
2719	behåller	to keep; to maintain possession of	/bɛˈhɔlɛr/
2720	arslet	arse, ass	/ˈaʂlɛt/
2721	junior	junior	/ˈjʉniːˌuːr/
2722	firar	to celebrate	/ˈfiːrar/
2723	förrädare	a traitor	/ˈfœrɛːˌdarɛ/
2724	mamman	mom, mum, mother	/ˈmaman/
2725	biljetter	ticket; an entitling pass	/ˈbɪljɛtːɛr/
2726	jakt	hunting	/ˈjakt/
2727	njut	to enjoy, to indulge	/njʉːt/
2728	kommissarien	a superintendent	/ˈkɔmɪˌsariːɛn/
2729	cent	cent; a subunit of currency	/ˈsɛnt/
2730	dubbelt	twice	/ˈdɵbɛlt/
2731	test	a test, an examination, a trial	/ˈtɛst/
2732	ler	to smile	/ˈleːr/
2733	arbetat	to work, to be employed to do	/ˈarbeːˌtat/
2734	rättegång	a trial	/ˈrɛtːɛˌɡɔŋ/
2735	avsnitt	paragraph; piece of text	/ˈɑːvsnɪt/
2736	förbered	to prepare	/ˈfœrbɛrɛd/
2737	häxa	a witch	/ˈhɛːksa/
2738	möt	to meet	/ˈmøːt/
2739	kommendör	a captain	/ˈkɔmɛnˌdøːr/
2740	påminna	to remind	/ˈpoːmɪˌna/
2741	storlek	size	/ˈstuːrlɛk/
2742	ovanför	above; located close by but at a higher level	/ˈuːvanˌføːr/
2743	beteende	behavior	/bɛˈteːɛndɛ/
2744	skam	shame	/skamː/
2745	motorn	engine, motor	/ˈmuːtɔrn/
2746	hårdare	hard; inflexible; rigid; unbending	/ˈhoːrdarɛ/
2747	läskigt	scary	/ˈlɛskɪkt/
2748	signalen	a signal	/ˈsɪŋnalɛn/
2749	berget	a mountain	/ˈbɛrjɛt/
2750	skumt	dim	/ˈskɵmt/
2751	lovat	to promise	/ˈloːvat/
2752	parker	a park	/ˈparkɛr/
2753	brände	to burn with fire	/ˈbrɛndɛ/
2754	meddelanden	a message	/ˈmeːdɛˌlandɛn/
2755	jobbig	onerous, arduous, difficult, tiring, requiring or using a…	/ˈjɔbɪɡ/
2756	grav	a grave	/ɡrɑːv/
2757	utnyttja	to use, to make use of, to take advantage of	/ˈʉtnyˌtja/
2758	samhället	a society; a long-standing group of people sharing cultural…	/ˈsamhɛlɛt/
2759	framgång	progress; a success	/ˈframɡɔŋ/
2760	inklusive	including	/ˈɪŋklʉˌsiːvɛ/
2761	närvaro	presence	/ˈnɛrvaˌruː/
2762	björn	a bear	/bjøːrn/
2763	lyckligt	happy, joyous, enjoying peace, comfort, etc.; contented	/ˈlyklɪkt/
2764	kulan	a small ball made of earthenware, glass or a similar hard…	/ˈkʉlan/
2765	äventyr	an adventure undertaking or experience	/ˈɛːvɛnˌtyːr/
2766	nacken	back of the neck, nape	/ˈnakːɛn/
2767	mors	mother	/mɔrs/
2768	gudarna	a god	/ˈɡʉdarˌna/
2769	orsaken	cause	/ˈuːʂɑːkɛn/
2770	nycklar	a key	/ˈnyklɑːr/
2771	berättelse	a story, a narrative, an account	/bɛˈrɛtːɛlsɛ/
2772	öka	to increase	/ˈøːka/
2773	dåre	a fool	/ˈdôːˌrɛ/
2774	villkor	a condition, a precondition	/ˈvɪlkoːr/
2775	rån	a robbery	/roːn/
2776	silver	silver, coins of silver	/ˈsɪlvɛr/
2777	anställda	employed, hired	/ˈanstɛlˌda/
2778	räcka	a long row of things, or sequence of events	/ˈrɛkːa/
2779	hud	The outer covering of living tissue of a person	/hʉːd/
2780	satsa	to go for, to invest, to bet	/ˈsatsa/
2781	linjen	line	/ˈlɪnjɛn/
2782	bete	bait	/ˈbeːˌtɛ/
2783	showen	show; a play, dance, or other entertainment	/ˈsxuːvɛn/
2784	strömmen	current, flow; the part of a fluid that moves continuously…	/ˈstrœmɛn/
2785	post	postal office; an organization delivering mail and parcels	/pɔst/
2786	borgmästaren	a mayor	/ˈbɔrɡmɛsˌtarɛn/
2787	trädet	a tree	/ˈtrɛːdɛt/
2788	helg	holiday	/hɛlj/
2789	ton	tonne, metric ton	/ˈtɔn/
2790	ingår	to be included, to join, to belong, to follow without extra…	/ˈɪŋoːr/
2791	imponerad	to impress; to affect someone strongly and favorably	/ˈɪmpuːˌneːrad/
2792	läger	a camp	/ˈlɛːɡɛr/
2793	möjliga	possible	/ˈmœjliːˌɡa/
2794	stolen	a chair	/ˈstuːlɛn/
2795	barnbarn	a grandchild	/ˈbɑːrnbɑːrn/
2796	ansvaret	responsibility	/ˈansvɑːrɛt/
2797	cell	cell; a room in a prison	/ˈsɛl/
2798	noll	zero	/nɔl/
2799	trycker	to press, to push	/ˈtrykːɛr/
2800	bio	cinema, movie theater, the movies	/ˈbiːuː/
2801	speciella	special	/spɛˈsɪɛˌla/
2802	slängde	to throw, to sling, to toss	/ˈslɛŋdɛ/
2803	morden	murder	/ˈmoːrdɛn/
2804	andras	other, else, other one	/ˈandras/
2805	serena	serene	/ˈseːrɛˌna/
2806	värdelös	worthless, lousy, useless	/ˈvɛːrdɛˌløːs/
2807	nä	no, nah	/næː/
2808	förtroende	trust	/ˈfœtruːˌɛndɛ/
2809	kontakter	contact	/ˈkɔntaktɛr/
2810	skräp	trash, junk, litter, debris	/ˈskrɛːp/
2811	klubb	a club	/ˈklɵb/
2812	experiment	experiment	/ɛksp(ɛ)rɪˈmɛnt/
2813	september	September	/ˈsɛpˈtɛmbɛr/
2814	bakåt	back, backwards, in reverse, towards the rear	/ˈbɑːkoːt/
2815	kontanter	cash	/ˈkɔntantɛr/
2816	amerikaner	an American	/ˈamɛˌrɪkanɛr/
2817	kända	known	/ˈɕɛnda/
2818	emellan	in between	/ˈeːmɛˌlan/
2819	åklagaren	a prosecutor	/ˈoːklɑːˌɡarɛn/
2820	sött	sweetly, cutely	/sœt/
2821	alkohol	alcohol	/ˈalkʊˌhoːl/
2822	kokain	cocaine	/ˈkuːkaˈiːn/
2823	klättra	to climb	/ˈklɛtra/
2824	forskning	scientific research	/ˈfɔʂknɪŋ/
2825	trist	boring	/ˈtrɪst/
2826	hissen	an elevator, a lift	/ˈhɪsɛn/
2827	tål	to be able to tolerate, to stand, to bear, to endure	/ˈtoːl/
2828	motstånd	resistance, opposition	/ˈmuːtstoːnd/
2829	stilig	handsome, elegant, stylish	/ˈstiːlɪɡ/
2830	skjutit	to shoot a weapon, to fire a weapon	/ˈɕʉtiːt/
2831	grant	pretty, fine, beautiful	/ˈɡrant/
2832	expert	expert	/ˈɛkspɛt/
2833	läxa	homework	/ˈlɛːksa/
2834	hinna	to have time, to have the time, to make it	/ˈhɪna/
2835	pojk	alternative form of pojke	/ˈpɔjk/
2836	borgmästare	a mayor	/ˈbɔrɡmɛsˌtarɛ/
2837	hörni	used to get attention from a group of people, hey, listen	/ˈhœrniː/
2838	katastrof	catastrophe	/kaˈtastruːf/
2839	rösta	to vote	/ˈrœsta/
2840	lyfta	lifted	/ˈlyfta/
2841	tjänare	hey, yo	/²ɕɛːnarɛ/
2842	extremt	extremely	/ˈɛkstreːmt/
2843	bränner	to burn with fire	/ˈbrɛnɛr/
2844	myndigheterna	authority	/ˈmyndɪɡˌheːtɛrˌna/
2845	används	to use	/ˈanvɛnds/
2846	föräldrarna	a parent	/ˈføːrɛlˌdrarna/
2847	fula	ugly	/ˈfʉla/
2848	ursäktar	to excuse	/ˈɵʂɛkˌtar/
2849	bevisar	to prove	/bɛˈviːsar/
2850	koden	code; a very short abbreviation	/ˈkoːdɛn/
2851	stått	stand; be in an upright position	/ˈstɔt/
2852	snubben	a guy, a dude	/ˈsnɵbɛn/
2853	förstärkning	emphasis, amplification, gain	/ˈfœʂˈtɛːrknɪŋ/
2854	finger	finger	/ˈfɪŋːɛr/
2855	rösten	voice	/ˈrœstɛn/
2856	regering	government; the executive body of a country's governmental…	/rɛˈjeːrɪŋ/
2857	ilska	anger	[ˈɪ̂lːskä]
2858	förhindra	to prevent	/ˈfœrhɪnˌdra/
2859	vilar	to rest; to relieve, to give rest to	/ˈviːlar/
2860	sänder	to send, to transmit	/ˈsɛndɛr/
2861	idioten	an idiot	/ˈiːdiːˌuːtɛn/
2862	främling	a stranger	/ˈfrɛmlɪŋ/
2863	agera	to act	/ˈaɡeːˌra/
2864	subba	bitch	/ˈsɵba/
2865	stängde	to close, to shut	/ˈstɛŋdɛ/
2866	hemifrån	from home	/ˈhɛmɪˌfroːn/
2867	räddat	to save	/ˈrɛdat/
2868	misslyckades	to fail	/ˈmɪslyˌkːadɛs/
2869	förändring	transformation, change	/ˈføːrɛnˌdrɪŋ/
2870	tomma	empty	/ˈtɔma/
2871	ledtråd	a clue, a hint	/lɛdˈtroːd/
2872	möjligheter	possibility, opportunity	/ˈmœjlɪɡˌheːtɛr/
2873	buss	command to a dog to attack: get, bite, catch	/bɵs/
2874	bryt	to break; to end abruptly	/ˈbryːt/
2875	orsakade	to cause	/ˈuːʂaˌkadɛ/
2876	näsa	nose of a human or other primate	/ˈnɛːsˌa/
2877	bebis	a baby	/ˈbeːbiːs/
2878	längtar	long	/ˈlɛŋtar/
2879	offra	to sacrifice	/ˈɔfra/
2880	norra	northern; synonym to nordlig, this form is used in definite…	/ˈnɔra/
2881	vilda	wild	/ˈvɪlda/
2882	blunda	to shut one's eyes	/ˈblɵnda/
2883	underligt	strangely, oddly	/ˈɵndɛrˌlɪkt/
2884	högra	right	/ˈhøːɡra/
2885	artikel	an article	/ˈartɪːkˌɛl/
2886	planerade	definite singular	/plaˈneːradɛ/
2887	besegra	to defeat; to overcome	/bəˈseːɡra/
2888	tomten	a ground lot, a parcel, that has had, currently has or in…	/ˈtɔmtɛn/
2889	piller	a pill	/ˈpɪlɛr/
2890	hålet	a hole	/ˈhoːlɛt/
2891	framsteg	progress, improvement	/ˈframstɛɡ/
2892	mörk	dark	/mœrk/
2893	andetag	a breath	[ˈanːdetaːɡ]
2894	normala	normal	/ˈnɔrmɑːˌla/
2895	ytan	a surface	/ˈyːtan/
2896	södra	southern; situated in, or related to a more southern…	/ˈsœdra/
2897	teamet	a team	/ˈteːamɛt/
2898	rymma	to hold	/ˈryma/
2899	nämna	to mention, to name	/ˈnɛmna/
2900	pappan	dad, father	/ˈpapan/
2901	politik	politics	/pʊlɪˈtiːk/
2902	kund	customer	/ˈkɵnd/
2903	ökar	to increase	/ˈøːkar/
2904	berg	a mountain	/bɛrj/
2905	ö	island, isle	/øː/
2906	biten	a piece	/ˈbiːtɛn/
2907	pang	bang	/ˈpaŋ/
2908	måla	to paint layer of paint	/²moːˌla/
2909	torsdag	Thursday	/ˈtuːrsdɑ(ːɡ)/
2910	viruset	computer virus	/ˈviːrʉsɛt/
2911	torka	a drought, a dry season, a lack of rain	/ˈtɔrka/
2912	ande	a spirit	/²anːdɛ/
2913	grön	green	/ˈɡrøːn/
2914	trasig	broken	/ˈtrɑːsɪɡ/
2915	identitet	identity	/ˈiːdɛnˌtiːteːt/
2916	kram	A merchandise, commodities, small and cheap products sold…	/krɑːm/
2917	spänn	krona, Swedish unit of currency	/ˈspɛn/
2918	sons	a son	/ˈsʊns/
2919	krav	a requirement, a necessity	/ˈkɾɑːv/
2920	magiska	magic, magical	/ˈmɑːɡɪsˌka/
2921	dörrarna	a door	/ˈdœrarˌna/
2922	hindrar	to prevent, restrain, hinder, impede, constrain	/ˈhɪndrar/
2923	kaos	chaos	/ˈkaʊs/
2924	misstänker	to suspect	/ˈmɪstɛŋkɛr/
2925	inlåst	to lock up, to lock in	/ɪˈnloːst/
2926	enhet	a unit	/ˈeːnheːt/
2927	ladda	to load	/ˈlada/
2928	slita	to wear	/ˈsliːta/
2929	befria	to liberate, to free, to make free	/bɛˈfriːa/
2930	palmer	palm	/ˈpalmɛr/
2931	skämta	to joke, to kid	/ˈsxɛmta/
2932	knark	narcotics, illegal drugs	/knark/
2933	foten	a foot	/ˈfuːtɛn/
2934	feta	fat, obese	/ˈfɛta/
2935	hall	hallway	/hal/
2936	värde	value, worth	/²vɛːrdɛ/
2937	klädd	to clothe, to dress, to wear	/ˈklɛd/
2938	vittna	to testify, to bear witness	/ˈvɪtna/
2939	kämpade	to fight	/ˈɕɛmpadɛ/
2940	blanda	to mix	/ˈblanda/
2941	evighet	eternity; all senses of the word	/ˈeːvɪɡˌheːt/
2942	forskare	a researcher	/ˈfɔʂkarɛ/
2943	sjutton	seventeen	/ˈɧɵˌtɔn/
2944	dygnet	day, nychthemeron	/ˈdyŋnɛt/
2945	spion	a spy	/spɪˈuːn/
2946	farsan	dad, old man	/ˈfaʂan/
2947	jacka	a jacket, a doublet, a jerkin	/ˈjaˌka/
2948	föremål	an object, an item	/ˈføːrɛˌmoːl/
2949	åter	again	/ˈoːtɛr/
2950	kyrka	a church	/²ɕʏrka/
2951	videon	videocassette recorder	/ˈviːdɛˌuːn/
2952	japan	A person from Japan	/jaˈpɑːn/
2953	femton	fifteen	/ˈfɛmˌtɔn/
2954	slösa	to waste, to be wasteful	/²sløːsa/
2955	kaptenen	a captain	/ˈkaptɛnɛn/
2956	gjord	to do	/jʊɖː/
2957	jodå	emphatic of jo, "yes, really," etc	/ˈjuːdoː/
2958	spanska	Spanish	/²spanːska/
2959	roman	A novel	/ˈruːman/
2960	enklare	simple, easy	/ˈɛŋklɑːrɛ/
2961	erik	The letter "E" in the Swedish spelling alphabet	/ˈeːriːk/
2962	krossade	to crush; to press or bruise between two hard bodies until…	/ˈkrɔsadɛ/
2963	ögonblicket	a moment, an instant, a blink of an eye	/ˈøːɡɔnˌblɪkɛt/
2964	sorgligt	sadly	/ˈsɔrɡlɪkt/
2965	främmande	strange, unfamiliar, unknown	/ˈfrɛmandɛ/
2966	gripen	to catch hold of	/ˈɡriːpɛn/
2967	härlig	lovely, delightful, wonderful, great	/ˈhɛːrˌlɪɡ/
2968	socker	sugar; sucrose in the form of small crystals	/ˈsɔkɛr/
2969	avslöjar	reveal; uncover	/ˈɑːvsløːˌjar/
2970	gömt	to hide, to conceal	/ˈjœmt/
2971	känslig	sensitive	/ˈɕɛnslɪɡ/
2972	teknik	a technique	/tɛkˈniːk/
2973	kunskap	knowledge	/ˈkɵnskɑːp/
2974	avtalet	agreement, contract	/ˈɑːvtɑːlɛt/
2975	förste	first	[²fœ̞ʂːʈɛ]
2976	läcker	delicious, scrumptious, delectable	/ˈlɛkːɛr/
2977	tröja	an upper-body garment, excluding outerwear like jackets,…	/²trœja/
2978	herrejävlar	holy crap, holy hell, hot damn	/ˈhɛrɛˌjɛvlar/
2979	kontrollerar	to check	/ˈkɔntrɔˌleːrar/
2980	mänskligheten	humanity, mankind	/ˈmɛnsklɪɡˌheːtɛn/
2981	viset	a way	/ˈviːsɛt/
2982	tips	a tip, as a small amount of information	/ˈtɪps/
2983	jisses	alternative form of jösses	/ˈjɪsɛs/
2984	pröva	to test, to try	/prøːva/
2985	förlåtelse	forgiveness	/ˈfœrloːˌtɛlsɛ/
2986	lidande	sufferingly	/ˈliːdandɛ/
2987	mm	initialism of med mera	/ˌɛˈmɛm/
2988	sömn	sleep	/sœmn/
2989	hat	hate, hatred	/hɑːt/
2990	flaskan	a bottle	/ˈflaskan/
2991	stolta	proud	/ˈstɔlta/
2992	garaget	garage; a building used to store a car	/ɡaˈrɑːʃt/
2993	lana	to participate in a LAN party	/ˈlɑːna/
2994	skatt	tax	/ˈskat/
2995	offren	a sacrifice	/ˈɔfrɛn/
2996	älskare	a lover	/ˈɛlskarɛ/
2997	lojalitet	loyalty, faithfulness, dedication	/ˈluːjaˌliːteːt/
2998	tungt	heavy	/ˈtɵŋt/
2999	dokument	a document	/ˈdɔkʉˌmɛnt/
3000	rykten	a rumor	/ˈryktɛn/
3001	sök	to search for something, to seek	/ˈsøːk/
3002	kvart	a quarter	/kvɑːrt/
3003	brudar	a bride	/ˈbrʉdar/
3004	värst	badly	/ˈvɛʂt/
3005	rymde	to hold	/ˈrymdɛ/
3006	stormen	storm; heavy winds or weather associated with storm winds	/ˈstɔrmɛn/
3007	suga	carpet bugle, plants in the genus Ajuga	/ˈsʉɡa/
3008	naturligt	natural	/ˈnaˈtʉrlɪkt/
3009	toa	synonym of toalett bathroom”	/²tuːˌa/
3010	apa	a monkey; an ape	/²ɑːˌpa/
3011	as	Carrion, carcass	/ɑːs/
3012	kontakten	contact	/ˈkɔntaktɛn/
3013	gänget	a gang	/ˈjɛŋɛt/
3014	sovrum	bedroom	/ˈsɔvrɵːm/
3015	skilja	to separate; to cause to be separate	/²ɧɪlja/
3016	koppling	a connection, a coupling	/²kɔplɪŋ/
3017	nye	new	/ˈnyːɛ/
3018	material	a material	/ˈmatɛˌriːal/
3019	studera	to study	/ˈstʉdeːˌra/
3020	jude	a Jew	/²jʉːˌdɛ/
3021	byt	to switch; to exchange	/ˈbyːt/
3022	tidning	a newspaper	/²tiːnɪŋ/
3023	tvivel	a doubt	/ˈtviːvɛl/
3024	lokala	local	/lʊˈkɑːla/
3025	domstolen	a court of law, a court of justice	/ˈdɔmstuːlɛn/
3026	kortet	a card; a piece of stiff paper or plastic	/ˈkɔtɛt/
3027	lätta	light; of low weight	/ˈlɛtːa/
3028	hjärtan	heart	/ˈjɛtan/
3029	egendom	property	/ˈeːjɛnˌdɔm/
3030	ägaren	owner	/ˈɛːɡarɛn/
3031	förhoppningsvis	hopefully	/ˈfœrhɔpˌnɪŋsviːs/
3032	utbyte	an exchange	/ˈʉtbyːtɛ/
3033	spegeln	a mirror; a smooth reflecting surface	/ˈspeːɡɛln/
3034	vakta	to guard	/²vakta/
3035	penna	a contour feather, a penna	/ˈpɛna/
3036	säsong	a season	/ˈsɛːsɔŋ/
3037	fotot	photo	/ˈfuːtuːt/
3038	avslutar	to close, cancel, terminate	/ˈɑːvslʉˌtar/
3039	handlingar	an act, a deed	/ˈhandlɪˌŋar/
3040	förändrar	to change, to alter	/ˈføːrɛnˌdrar/
3041	gris	pig	/ɡriːs/
3042	norr	north; northward	/nɔrː/
3043	sommar	summer	/ˈ²sɔmːar/
3044	medel	a means	/ˈmeːdɛl/
3045	kysste	to kiss passionately or with great affection, to snog	/ˈɕystɛ/
3046	fördel	advantage; conditions favorable for success	/ˈføːrdɛl/
3047	oroliga	anxious, worried	/ˈuːruːˌliːɡa/
3048	grabbarna	a lad, a boy; a guy	/ˈɡrabarˌna/
3049	trädgården	a garden	/ˈtrɛːdɡoːrdɛn/
3050	skyddade	protect	/ˈsxydadɛ/
3051	arga	angry, mad	/ˈarɡa/
3052	spöken	a ghost	/ˈspøːkɛn/
3053	karta	a map	/ˈkɑːrta/
3054	green	a green, putting green	/ɡriːn/
3055	korrekt	correctly	/ˈkɔrɛkt/
3056	sovrummet	bedroom	/ˈsɔvrɵmɛt/
3057	stol	a chair	/stuːl/
3058	besvär	a trouble, a problem	/bɛsˈvɛːr/
3059	vakten	a guard	/ˈvaktɛn/
3060	service	service, the level of comfort offered by assistants and…	/ˈsøːrviːs/
3061	bråkar	to argue, to fight, to brawl, to make trouble	/ˈbroːkar/
3062	själar	soul	/ˈsxɛːlar/
3063	usel	terribly bad, awfully bad	/ˈʉːsɛl/
3064	juni	June	/ˈjʉːnɪ/
3065	inbjudan	an invitation	/²ɪnˌbjʉ̟ːdan/
3066	korridoren	corridor; a narrow hall or passage with rooms leading off it	/ˈkɔriːˌduːrɛn/
3067	besökte	to visit	/bɛˈsøːktɛ/
3068	rider	to ride	/ˈriːdɛr/
3069	olja	oil	/ˈɔlja/
3070	fattat	to grasp, take; the concrete meaning of grasp	/ˈfatːat/
3071	lastbilen	a truck; a lorry	/ˈlastbiːlɛn/
3072	beställa	to order	/bɛsˈtɛla/
3073	slänga	to throw, to sling, to toss	/ˈslɛŋa/
3074	halvt	half, halfway	/ˈhalvt/
3075	stannat	to stay; to remain at a place	/ˈstanat/
3076	överenskommelse	an agreement, a contract	/ˌøːvɛˈrɛnskɔˌmɛlsɛ/
3077	tittat	to look; keep one's eyes open as to be able to see	/ˈtɪtːat/
3078	drömt	dreamed, imagined	/ˈdrœmt/
3079	blåser	to blow; to produce an air current	/ˈbloːsɛr/
3080	fattiga	poor	/ˈfatːiːˌɡa/
3081	söderut	southwards, south	/ˈsøːdɛˌrʉt/
3082	check	cheque, check	/ɕɛkː/
3083	drake	a dragon	/ˈdrɑːˌkɛ/
3084	rensa	to remove undesired things; to clean, to clear, to purge,…	/ˈrɛnsa/
3085	skadat	damaged	/ˈskɑːdat/
3086	stiger	to step; to move the foot in walking	/ˈstiːjɛr/
3087	snack	talk, speech	/ˈsnak/
3088	djup	deep	/jʉːp/
3089	stunden	while	/ˈstɵndɛn/
3090	enkla	simple, easy	/ˈɛŋkla/
3091	påverka	to affect, to influence	/ˈpoːˌvɛrka/
3092	modern	mother	/muˈdɛrn/
3093	kakor	a cookie	/ˈkakuːr/
3094	skådespelare	an actor	/²skoːdɛspeːlarɛ/
3095	maj	May	/maj/
3096	tillbringa	to spend	/ˈtɪlbrɪˌŋa/
3097	smarta	smart; clever	/ˈsmɑːta/
3098	olyckan	an accident	/ˈuːlyˌkːan/
3099	tränar	to exercise, to practice; to perform activities to develop…	/²trɛːnar/
3100	road	amused, entertained	/ˈruːad/
3101	kvitt	get rid of, shake off	/ˈkvɪt/
3102	art	species	/ˈɑːt/
3103	kollegor	colleague	/ˈkɔlɛˌɡʊr/
3104	ljugit	to lie, to tell an untruth	/ˈjʉjiːt/
3105	kostade	to cost	/ˈkɔstadɛ/
3106	stjärnorna	a star	/ˈsxɛrnuːrˌna/
3107	möts	to meet	/ˈmœts/
3108	betydelse	meaning, sense	/bɛ¹tyːdɛlsɛ/
3109	dragit	to pull	/ˈdrɑːɡiːt/
3110	anta	to assume, to suppose	/ˈanta/
3111	tung	heavy	/tɵŋ/
3112	godmorgon	good morning	/ˈɡuːdmɔrˌɡɔn/
3113	julen	Christmas, Yule	/ˈjʉlɛn/
3114	grann	pretty, fine, beautiful	/ˈɡran/
3115	skiljer	to separate; to cause to be separate	/ˈsxɪljɛr/
3116	tillhörde	to belong to	/tɪlˈhœrdɛ/
3117	vansinne	insanity, madness	/ˈvansɪnɛ/
3118	tron	belief	/ˈtruːn/
3119	delade	to deal, share; divide something between recipients	/ˈdeːladɛ/
3120	användas	to use	/ˈanvɛnˌdas/
3121	gränser	bound, boundary; the border of a territory	/ˈɡrɛnsɛr/
3122	salt	salty	/salt/
3123	hals	neck	/ˈhals/
3124	video	videocassette recorder	/ˈviːdɛʊ/
3125	halvår	a half-year	/halˈvoːr/
3126	resultatet	A result, an effect	/ˈrɛsɵlˌtɑːtɛt/
3127	korkad	stupid, dumb	/ˈkɔrkad/
3128	storm	storm; heavy winds or weather associated with storm winds	/stɔrm/
3129	rörelse	movement	/ˈrøːˌrɛlsɛ/
3130	humor	humor	/ˈhʉmuːr/
3131	skrattade	to laugh	/ˈskrɑːtːadɛ/
3132	träning	training, exercise	/ˈtrɛːnɪŋ/
3133	banan	a banana	/baˈnɑːn/
3134	närvarande	present	/ˈnɛrvɑːˌrandɛ/
3135	bekymmer	trouble, difficulty; something which causes worry	/bɛˈkymɛr/
3136	kanon	cannon, gun; a weapon	/ˈkanuːn/
3137	förbannat	damned	/ˈfœrbaˌnat/
3138	snett	at an angle, obliquely	/ˈsnɛt/
3139	williams	genitive of William	/ˈvɪliːˌams/
3140	grannar	a neighbour	/ˈɡranar/
3141	modell	a model, a miniature, a simplified or smaller depiction	/mɔˈdɛll/
3142	rättegången	a trial	/ˈrɛtːɛˌɡɔŋɛn/
3143	ansikten	a face; front side of the head	/ˈansɪktɛn/
3144	knipa	to pinch, to squeeze	/kniːpa/
3145	skoj	fun	/ˈskuːj/
3146	gråt	to cry, to weep	/ɡroːt/
3147	mådde	may	/ˈmɔdɛ/
3148	biljett	ticket; an entitling pass	/ˈbɪljɛt/
3149	samarbetar	to cooperate	/ˈsamarˌbeːtar/
3150	jättekul	very fun	/ˈjɛtːɛˌkʉl/
3151	möjligheten	possibility, opportunity	/ˈmœjlɪɡˌheːtɛn/
3152	bensin	gasoline, petrol	/bɛnˈsiːn/
3153	drömmen	a dream	/ˈdrœmɛn/
3154	tant	a middle-aged or older woman, an older lady	/tant/
3155	slöseri	wasting, expenditure	/sløːsɛˈriː/
3156	förblir	to be, to stay, to remain	/ˈfœrbliːr/
3157	härinne	in here	/ˈhɛːrɪnɛ/
3158	at	internship. abbreviation of allmäntjänstgöring	/ˈat/
3159	arsle	arse, ass	/ˈaʂlɛ/
3160	skugga	a shadow; shade; the darkness that follows	/ˈskɵɡa/
3161	likadana	the same, alike	/ˈliːkaˌdana/
3162	begick	to commit, to perpetrate	/bɛˈjɪk/
3163	svärdet	a sword	/ˈsvɛːrdɛt/
3164	väckte	to wake up, to wake, to awaken	/ˈvɛktɛ/
3165	advokater	a lawyer, an attorney	/ˈadvuːˌkatɛr/
3166	landa	to land	/ˈlanda/
3167	press	a press; a tool that applies pressure	/ˈprɛs/
3168	fåglar	a bird	/ˈfoːɡlar/
3169	fingrarna	finger	/ˈfɪŋrarˌna/
3170	fången	to get, to receive	/ˈfɔŋɛn/
3171	förlorare	loser, person who loses	/ˈfœrluːˌrarɛ/
3172	intervju	interview	/ɪntɛrˈvjʉː/
3173	anmäla	to report, to notify authorities about	/ˈanmɛːˌla/
3174	dussin	A dozen	/²dɵsɪn/
3175	alibi	an alibi	/ˈɑːliːˌbiː/
3176	brottsplatsen	crime scene	/ˈbrɔtsplatsɛn/
3177	folks	people	/ˈfɔlks/
3178	beslutet	decision, resolution	/bɛˈslʉtɛt/
3179	testar	a test, an examination, a trial	/ˈtɛstar/
3180	judar	a Jew	/ˈjʉdar/
3181	behandling	treatment, processing	/bɛˈhandlɪŋ/
3182	uppskatta	to appreciate	/ˈɵpskaˌtːa/
3183	synder	sin	/ˈsyndɛr/
3184	enorma	enormous, immense, vast	/eːˈnɔrma/
3185	fattade	to grasp, take; the concrete meaning of grasp	/ˈfatːadɛ/
3186	återvände	to return	/ˈoːtɛrˌvɛndɛ/
3187	hoppet	hope	/ˈhɔpɛt/
3188	släng	a swing	/ˈslɛŋ/
3189	amerikan	an American	/a.mɛ.riˈkɑːn/
3190	okänd	unknown, unfamiliar	/²uːˌɕɛnd/
3191	stolthet	pride	/ˈstɔltheːt/
3192	bluff	A bluff	/ˈblɵf/
3193	dras	to pull	/ˈdrɑːs/
3194	bröstet	breast; the fleshy organs on the chest of a sexually mature…	/ˈbrœstɛt/
3195	miste	to lose	/ˈmiːstɛ/
3196	utför	downhill	/ˈʉtføːr/
3197	stirrar	to stare	/ˈstɪrar/
3198	beskriva	to describe	/bɛsˈkriːva/
3199	förhandla	to negotiate, to bargain	/ˈfœrhanˌdla/
3200	stängd	to close, to shut	/ˈstɛŋd/
3201	knullade	to fuck	/ˈknɵladɛ/
3202	patienten	a patient	/ˈpɑːtiːˌɛntɛn/
3203	begravningen	a funeral	/ˈbɛɡrɑːvˌnɪŋɛn/
3204	tisdag	Tuesday	/ˈtiːsdɑːɡ/
3205	länder	a country, a land	/ˈlɛndɛr/
3206	jävlarna	a son of a bitch, a bastard, a motherfucker	/ˈjɛvlarˌna/
3207	bada	to bathe, for cleaning, recreation, etc. – see the usage…	/²bɑːda/
3208	stötte	to hit something with a short, sharp impact; to bump, etc	/ˈstœtːɛ/
3209	somna	to fall asleep	/ˈsɔmna/
3210	utrymme	space	/ˈʉtrymɛ/
3211	överlämna	to hand over, to deliver	/ˈøːvɛrˌlɛmna/
3212	sikta	to sight, to see, to make a sighting	/ˈsɪkta/
3213	upprepar	to repeat	/ˈɵprɛpar/
3214	beväpnad	armed	/bɛˈvɛpnad/
3215	djuren	animal	/ˈjʉrɛn/
3216	övertala	to persuade	/ˈøːvɛˌtala/
3217	dörrar	a door	/ˈdœrar/
3218	fartyg	a ship or boat, a vessel	/ˈfɑːˈtyːɡ/
3219	svaga	weak; lacking in force or ability	/ˈsvɑːɡa/
3220	förlust	a loss	/ˈfœrlɵst/
3221	glasögon	glasses, spectacles	/ˈɡlɑːsøːˌɡɔn/
3222	affärerna	a shop, a store	/aˈfɛːrɛrˌna/
3223	strider	battle	/ˈstriːdɛr/
3224	snubbe	a guy, a dude	/ˈsnɵbɛ/
3225	slottet	a castle, a palace	/ˈslɔtɛt/
3226	inblandade	involved	/ˈɪnblanˌdadɛ/
3227	begrava	to bury; to perform a burial	/ˈbɛɡrɑːˌva/
3228	skjorta	a shirt	/²ɧuːrta/
3229	avdelning	department	/ˈɑːvdeːlˌnɪŋ/
3230	årets	a year	/ˈoːrɛts/
3231	vd	CEO, chief executive officer; initialism of verkställande…	/ˌveːˈdeː/
3232	vinnare	winner	/ˈvɪnarɛ/
3233	rest	to travel, be on a journey	/ˈrɛst/
3234	möten	a meeting	/ˈmøːtɛn/
3235	orättvist	unjust, unfair	/ˈuːrɛtˌvɪst/
3236	tvekan	hesitation	/ˈtveːkan/
3237	göm	to hide, to conceal	/ˈjøːm/
3238	förväntade	definite singular	/ˈfœrvɛnˌtadɛ/
3239	kamrat	friend, mate, companion	/kamˈrɑːt/
3240	avundsjuk	jealous	/ˈɑːvɵndsˌxʉk/
3241	vintern	winter	/ˈvɪntɛrn/
3242	såra	to wound	/soːra/
3243	skrivbord	a desk	/²skriːvˌbuːɖ/
3244	blåsa	a bleb, a bubble	/ˈbloːsa/
3245	puss	Peck; a light or dispassionate kiss performed with closed…	/pɵs/
3246	blick	look	/ˈblɪk/
3247	intresserade	to interest	/ˈɪntrɛˌseːradɛ/
3248	goddag	good day	/ɡʊdːɑː(ɡ)/
3249	sparkade	to kick; to strike with the foot or leg	/ˈsparkadɛ/
3250	skojade	to joke, to play jokes, to prank	/ˈskuːjadɛ/
3251	sänk	to lower; move downwards	/ˈsɛŋk/
3252	dödas	to kill	/ˈdøːdas/
3253	följande	to follow; to go after	/ˈfœljandɛ/
3254	översten	a colonel	/ˈøːvɛʂtɛn/
3255	hamnen	a port	/ˈhamnɛn/
3256	hästarna	a horse; a large mammal, Equus caballus	/ˈhɛstarˌna/
3257	bytt	to switch; to exchange	/ˈbyt/
3258	satsar	to go for, to invest, to bet	/ˈsatsar/
3259	vanligtvis	commonly, usually	/ˈvɑːnlɪktˌviːs/
3260	begå	to commit, to perpetrate	/bɛˈɡoː/
3261	skett	to happen; in particular what happens during some extended…	/ˈsxɛt/
3262	armarna	arm; the body part	/ˈarmarˌna/
3263	förgöra	to destroy	/ˈfœrjøːˌra/
3264	civila	civil, civilian; having to do with people and organizations…	/ˈsɪviːˌla/
3265	jordens	earth, soil; a rock- or sand-based unconsolidated material…	/ˈjoːrdɛns/
3266	risker	risk	/ˈrɪskɛr/
3267	tekniskt	technically; in a technical or technological manner	/ˈtɛknɪskt/
3268	samlas	to collect, to gather, to organize	/ˈsamlas/
3269	tänd	lit, on	/ˈtɛnd/
3270	demon	a demon	/ˈdeːmuːn/
3271	orsaka	to cause	/ˈuːʂaˌka/
3272	vänstra	left	/ˈvɛnstra/
3273	barnvakt	babysitter	/ˈbɑːrnvakt/
3274	stenen	a stone; a rock	/ˈsteːnɛn/
3275	skämmas	to feel shame; to be ashamed, to be embarrassed	/ˈsxɛmas/
3276	skylla	to blame	/ˈsxyla/
3277	väst	west	/vɛst/
3278	styrelsen	council; board; a committee	/ˈstyːrɛlsɛn/
3279	kameror	camera	/ˈkamɛˌruːr/
3280	antog	to assume, to suppose	/ˈantuːɡ/
3281	bibeln	the Bible	/ˈbiːbɛln/
3282	attackerade	attacked	/ˈatːakːɛˌradɛ/
3283	förbjudet	forbidden	/ˈfœrbjʉdɛt/
3284	körkort	a driver's license	/ˈɕœrkɔt/
3285	reaktion	a reaction	/ˌreːaksˈxuːn/
3286	princip	principle	/prɪnˈsiːp/
3287	tvingas	to force	/ˈtvɪŋas/
3288	smartare	smart; clever	/ˈsmɑːtarɛ/
3289	vampyr	a vampire	/vamˈpyːr/
3290	personlig	personal	/pɛˈʂoːnlɪɡ/
3291	slaget	A hit; punch	/ˈslɑːɡɛt/
3292	fruktar	to fear, to dread, to be afraid	/ˈfrɵktar/
3293	medlemmar	a member	/ˈmeːdlɛˌmar/
3294	förbli	to be, to stay, to remain	/ˈfœrbliː/
3295	tjänade	to receive money for working	/ˈɕɛːnadɛ/
3296	lillebror	a little brother, a younger brother	/ˈlɪlɛˌbruːr/
3297	universitetet	university	/ˈɵniːˌvɛʂɪˌteːtɛt/
3298	kusten	coast	/ˈkɵstɛn/
3299	plånbok	a wallet	/ˈploːnbuːk/
3300	afton	evening	/ˈaftɔn/
3301	varelser	a creature, a being	/ˈvarɛlsɛr/
3302	olycklig	unhappy, sad, discontented	/²uːˌlʏklɪ(ɡ)/
3303	nolla	a zero; the symbol, or digit, "0"	/ˈnɔla/
3304	sort	kind, sort	/ˈsɔt/
3305	river	to tear, to rip	/ˈriːvɛr/
3306	gryningen	dawn morning twilight	/ˈɡryːnɪŋɛn/
3307	sökt	to search for something, to seek	/ˈsœkt/
3308	utnyttjar	to use, to make use of, to take advantage of	/ˈʉtnyˌtjar/
3309	tiger	to refrain from saying anything, to keep silent, to stay…	/¹tiːɡɛr/
3310	knappen	a button	/ˈknapɛn/
3311	brittiska	a female Brit	/ˈbrɪtːɪsˌka/
3312	elaka	mean, cruel, malicious	/ˈeːlaˌka/
3313	super	perfect, super, excellent, great	/²sʉːpɛr/
3314	kissa	to pee	/ˈkɪsˌa/
3315	huvudvärk	headache	/ˈhʉvɵdˌvɛrk/
3316	sonen	a son	/ˈsoːnɛn/
3317	främlingar	a stranger	/ˈfrɛmlɪˌŋar/
3318	orsakar	to cause	/ˈuːʂaˌkar/
3319	njuter	to enjoy, to indulge	/ˈnjʉtɛr/
3320	ämne	a substance	/ˈɛmnɛ/
3321	skedde	to happen; in particular what happens during some extended…	/ˈsxɛdɛ/
3322	mask	a worm	/ˈmask/
3323	farsa	dad, old man	/ˈfaʂa/
3324	biblioteket	library	/ˈbɪbliːˌuːteːkɛt/
3325	vagnen	a carriage; a cart; a wagon	/ˈvaŋnɛn/
3326	proffs	a pro, a professional, a dab	/ˈprɔfs/
3327	las	to place lying somewhere, to place/put in a lying position;…	/ˈlas/
3328	sjöng	to sing	/ˈsxœŋ/
3329	generalen	a general; a military title	/jɛˈneːralɛn/
3330	kaffet	coffee	/ˈkafɛt/
3331	öh	uh	/ˈøːh/
3332	lager	a store, a warehouse	/ˈlɑːɡɛr/
3333	ty	to cling to, to turn to for protection or comfort	/tyː/
3334	slump	chance, randomness, happenstance	/ˈslɵmp/
3335	rulla	roll; an official or public document; a register; a record	/ˈrɵla/
3336	poolen	a swimming pool	/ˈpuːuːlɛn/
3337	avstängd	to shut down, to turn off	/ˈɑːvstɛŋd/
3338	övertygad	to convince	/ˌøːvɛˈtyːɡad/
3339	lyda	to obey	/ˈlyːda/
3340	sliter	to wear	/ˈsliːtɛr/
3341	sköts	a fishnet for herring	/ɧøːts/
3342	sparkar	to kick; to strike with the foot or leg	/ˈsparkar/
3343	moder	mother	/²muːdɛr/
3344	lastbil	a truck; a lorry	/ˈlastbiːl/
3345	dröjer	to not occur or do immediately; to linger, to wait, to…	/ˈdrøːjɛr/
3346	tak	a roof	/tɑːk/
3347	rejält	considerable in extent; hefty, big, strong, etc	/ˈrɛjɛlt/
3348	penis	penis	/ˈpeːniːs/
3349	överlevande	to survive	/ˈøːvɛrlɛˌvandɛ/
3350	tina	a lobster pot, a lobster trap	/ˈtiːna/
3351	gällde	to be valid; to be correct or proper, to apply	/ˈjɛldɛ/
3352	militär	military	/ˌmiːliːˈtɛːr/
3353	resurser	a resource	/ˈrɛsɵʂɛr/
3354	längesen	long ago	/ˈlɛŋɛsɛn/
3355	förbannelse	a curse	/ˈfœrbaˌnɛlsɛ/
3356	mött	to meet	/ˈmœt/
3357	oerhört	unheard-of	/ˌuːɛrˈhœt/
3358	väcker	to wake up, to wake, to awaken	/ˈvɛkːɛr/
3359	satans	Used to express anger, irritation, disappointment,…	/sɑːˈtans/
3360	befäl	a military officer	/bɛˈfɛːl/
3361	grand	a mote, a speck, something very small and unimportant	/ˈɡrand/
3362	öva	to practice, to train to do something, to exercise	/ˈøːva/
3363	juryn	jury	/ˈjʉryːn/
3364	butiken	a small shop, typically larger than a kiosk but smaller…	/ˈbɵtiːkɛn/
3365	slösar	to waste, to be wasteful	/ˈsløːsar/
3366	ägde	owned	/ˈɛɡdɛ/
3367	lyssnat	to listen	/ˈlysnat/
3368	nyheten	a piece of news	/ˈnyːheːtɛn/
3369	vampyrer	a vampire	/ˈvampyːrɛr/
3370	läppar	a lip	/ˈlɛpar/
3371	räknade	to count	/ˈrɛːknadɛ/
3372	tillåtelse	permission	/ˈtɪloːˌtɛlsɛ/
3373	oktober	October	/ʊkˈtuːbɛr/
3374	sänka	to lower; move downwards	/ˈsɛŋka/
3375	boll	a ball; a more or less spherical object which is not hard…	/bɔl/
3376	chock	shock	/ˈʃɔk/
3377	representerar	represent	/ˌrɛprɛˈsɛnteːˌrar/
3378	version	version	/vɛrsˈxuːn/
3379	varnar	to warn; to issue a warning	/ˈvɑːrnar/
3380	sårade	definite singular	/ˈsoːradɛ/
3381	skötte	to manage, to take care of, to care for, to nurse	/ˈsxœtːɛ/
3382	ungdomar	youth; young person; teenager, youngster	[ˌɵ́ŋˈdúːmar]
3383	byggnad	a building	/ˈbyɡnad/
3384	fascinerande	fascinating	/fasˈsiːneːˌrandɛ/
3385	beundrar	to admire	/ˈbeːɵnˌdrar/
3386	prat	talk, speech, conversation	/prɑːt/
3387	förmögenhet	wealth, fortune	/ˈfœrmøːˌjeːnheːt/
3388	mata	to feed	/²mɑːta/
3389	snygging	a hottie, a handsome	/²snʏɡɪŋ/
3390	hjältar	a hero, a person of great bravery	/ˈjɛltar/
3391	slav	A person of Slavic origins, a Slav	/slɑːv/
3392	politiska	political, having to do with politics	/ˈpuːliːˌtɪska/
3393	falskt	false	/ˈfalskt/
3394	fältet	a field, a area, an open space in a landscape	/ˈfɛltɛt/
3395	uniform	Uniform; a distinctive outfit	/ˌɵniːˈfɔrm/
3396	ammunition	ammunition	/ˌamɵniːsˈxuːn/
3397	fiskar	a fish	/ˈfɪskar/
3398	drinkar	a drink alcoholic beverage	/ˈdrɪŋkar/
3399	sprider	to distribute, to spread, to disseminate	/ˈspriːdɛr/
3400	begått	to commit, to perpetrate	/bɛˈɡɔt/
3401	lektion	lesson	[lɛkˈɧuːn]
3402	samband	connection, relation, link	/ˈsamband/
3403	isen	ice	/ˈiːsɛn/
3404	striden	battle	/ˈstriːdɛn/
3405	beställde	ordered	/bɛsˈtɛldɛ/
3406	förtjusande	delightful	/fœrˈtjʉːˌsandɛ/
3407	återgå	to get back	/ˈoːtɛrˌɡoː/
3408	mönster	pattern; that from which a copy is made	/ˈmœnstɛr/
3409	oro	worry, fear, anxiety, nervousness	/ˈuːruː/
3410	smutsiga	dirty	/ˈsmʉtsiːˌɡa/
3411	träden	a tree	/ˈtrɛːdɛn/
3412	mörker	darkness partial absence of light, or figuratively	/ˈmœ̞rːkɛr/
3413	bet	a penalty	/ˈbeːt/
3414	politiker	politician	/pʊˈliːtɪkɛr/
3415	tävlingen	a competition, a contest	/ˈtɛvlɪŋɛn/
3416	uppleva	to experience	/ˈɵplɛˌva/
3417	stiga	to step; to move the foot in walking	/²stiːɡa/
3418	tjänster	a favor	/ˈɕɛnstɛr/
3419	låser	to lock	/ˈloːsɛr/
3420	namnen	name	/ˈnamnɛn/
3421	säkerheten	safety, security	/ˈsɛːkɛrˌheːtɛn/
3422	gottgöra	to make it up to, to make amends to	/ˈɡɔtjøːˌra/
3423	damerna	a lady woman – similar tone to English in different contexts	/ˈdɑːmɛrˌna/
3424	muren	a wall built of overlapping bricks or stones or cement or…	/ˈmʉrɛn/
3425	soppa	soup	/ˈsɔpˌa/
3426	elever	a student, a pupil	/ˈeːlɛvɛr/
3427	förbereder	to prepare	/ˈfœrbɛrɛdɛr/
3428	varma	hot	/ˈvarma/
3429	slagsmål	a physical fight, especially a fist fight	/ˈslaksmoːl/
3430	drömma	to dream; to see imaginary events in one's mind while…	/ˈdrœma/
3431	öronen	ear; the part of the body used to hear	/ˈøːruːnɛn/
3432	trevliga	nice and pleasant towards others, personable	/ˈtrɛvliːˌɡa/
3433	tuttar	a tit, a boob	/ˈtɵtːar/
3434	advokaten	a lawyer, an attorney	/ˈadvuːˌkatɛn/
3435	konto	account; a registry of pecuniary transactions, or more…	/ˈkɔntuː/
3436	bevara	to preserve; to keep	/bɛˈvɑːra/
3437	story	A story	/ˈstuːryː/
3438	projektet	project	/prɔsˈxɛktɛt/
3439	vittnesmål	testimony	/ˈvɪtnɛsˌmoːl/
3440	säkrare	safe	/ˈsɛkrarɛ/
3441	borgen	surety, security, guarantee	/ˈbɔrjɛn/
3442	allierade	allied	/ˈaliːɛˌradɛ/
3443	tunneln	An underground or underwater passage	/ˈtɵnɛln/
3444	födelsedagen	a birthday	/ˈføːdɛlsɛˌdɑːɡɛn/
3445	äh	eh, meh	/ɛ/
3446	slutligen	eventually	/ˈslʉtlɪˌɡɛn/
3447	ogillar	dislike	/ˈuːjɪˌlar/
3448	såklart	of course; naturally	/ˈsoːklɑːt/
3449	dödens	things dying; death	/ˈdøːdɛns/
3450	axel	a shoulder	/¹aksɛl/
3451	sekreterare	a secretary	/sɛˈkreːteːˌrarɛ/
3452	officer	officer, a military person of fänrik grade or higher	/ˈɔfiːsɛr/
3453	finn	to find, to locate, to discover	/ˈfɪn/
3454	räknat	to count	/ˈrɛːknat/
3455	besättningen	a crew, complement, hands; a collection of people who take…	/bɛˈsɛtnɪŋɛn/
3456	besökare	visitor	/bɛˈsøːkarɛ/
3457	spendera	to spend	/ˈspɛndeːˌra/
3458	stjärnor	a star	/ˈsxɛrnɔr/
3459	natur	nature	/naˈtʉːr/
3460	kön	sex, gender	/ɕøːn/
3461	gillat	to like	/ˈjɪlat/
3462	dana	to shape, to create, to educate	/ˈdana/
3463	gosse	boy; lad	/²ɡɔsːɛ/
3464	korta	short	/ˈkɔta/
3465	station	A facility used for broadcasting of transmissions	/staˈɧuːn/
3466	blicken	look	/ˈblɪkːɛn/
3467	rövhål	an asshole	/ˈrœvhoːl/
3468	hamnat	to land, to end up, to be placed	/ˈhamnat/
3469	attacken	attack; an attempt to cause damage	/ˈatːakːɛn/
3470	spåren	a trail or trace; a mark left by something that has passed…	/ˈspoːrɛn/
3471	önskade	to wish	/ˈœnskɑːdɛ/
3472	lediga	free, available, not occupied	/ˈleːdiːˌɡa/
3473	rapporter	a report	/ˈrapɔtɛr/
3474	bröderna	a brother, a contracted form of broder	/ˈbrøːdɛrˌna/
3475	tysk	German	/ˈtʏsːk/
3476	prinsessa	a princess	/ˈprɪnsɛˌsa/
3477	start	a start; a beginning	/ˈstɑːt/
3478	upprepa	to repeat	/ˈɵprɛˌpa/
3479	intill	next, beside	/ˈɪntɪl/
3480	garderoben	a wardrobe; a set of clothes owned by a person, family, or…	/ˈɡardɛˌruːbɛn/
3481	rollen	role	/ˈrɔlɛn/
3482	schysst	nice, helpful	/ˈɧʏsːt/
3483	livets	life	/ˈliːvɛts/
3484	me	apocopic form of med	/ˈmeː/
3485	ondska	evil	/ˈɔndska/
3486	märka	to notice	/ˈmɛrka/
3487	osäker	unsafe, insecure	/ˈuːˌsɛːkɛr/
3488	utifrån	from the outside	/ˈʉtɪˌfroːn/
3489	matchar	to match	/ˈmatʃar/
3490	vana	accustomed to, used to, having the habit to	/ˈvɑːna/
3491	cykel	a bicycle, a bike	/ˈsʏkel/
3492	demoner	a demon	/ˈdeːmuːnɛr/
3493	enheter	a unit	/ˈeːnheːtɛr/
3494	piper	to yield a high sound or tone; squeak, peep, beep	/ˈpiːpɛr/
3495	hatten	a hat	/ˈhatːɛn/
3496	geväret	a rifle	/ˈjeːvɛːrɛt/
3497	mannar	husband	/ˈmanar/
3498	lekte	to play	/ˈleːktɛ/
3499	pekar	to point	/ˈpeːkar/
3500	konstnär	an artist	/ˈkɔnstnɛːr/
3501	källan	a source	/ˈɕɛlan/
3502	tillåta	to allow, to permit	/ˈtɪloːˌta/
3503	flykt	escape, flight	/ˈflykt/
3504	ignorera	to ignore	/ɪŋnʊˈreːra/
3505	fegis	coward, a person who lacks courage	/ˈfeːjiːs/
3506	skilsmässa	a divorce	/ˈsxɪlsmɛˌsa/
3507	journalist	a journalist	/ɧʊrnaˈlɪst/
3508	passera	to pass	/ˈpaseːˌra/
3509	fadern	father	/ˈfadɛrn/
3510	täckmantel	a cover, a disguise, a cloak	/ˈtɛkmantɛl/
3511	verktyg	a tool	/ˈvɛrktyːɡ/
3512	paketet	a package, a parcel, a packet, a wrapped gift	/paˈkeːtɛt/
3513	rört	to move	/ˈrœt/
3514	jättefin	marvelous, beautiful	/ˌjɛtːɛˈfiːn/
3515	betyg	a grade	/bɛˈtyːɡ/
3516	läkarna	doctor, physician	/ˈlɛːkarˌna/
3517	sprida	to distribute, to spread, to disseminate	/ˈspriːˌda/
3518	avbryta	to cancel, to abort	/ˈɑːvbryːˌta/
3519	provet	a test, a trial	/ˈpruːvɛt/
3520	brorsan	brother, bro	/ˈbrɔʂan/
3521	klaga	to complain	/²klɑːɡa/
3522	hurra	hooray!	/hɵˈrɑː/
3523	typer	a type	/ˈtyːpɛr/
3524	landets	a country, a land	/ˈlandɛts/
3525	tvingades	to force	/ˈtvɪŋadɛs/
3526	öra	ear; the part of the body used to hear	/²øːra/
3527	beväpnade	armed	/bɛˈvɛpnadɛ/
3528	placera	to put, to set	/ˈplɑːseːˌra/
3529	byte	a change; changing	/ˈbyːtɛ/
3530	städer	a city, a town	/ˈstɛːdɛr/
3531	singel	single	/ˈsɪŋɛl/
3532	drev	to drive	/ˈdreːv/
3533	sjung	to sing	/ˈsxɵŋ/
3534	falsk	false	/falsk/
3535	jadå	emphatic of ja	/ˈjɑːdoː/
3536	gullig	cute, sweet	/ˈɡɵlɪɡ/
3537	heder	honour, dignity; what makes a person praiseworthy	/ˈheːdɛr/
3538	ana	to have a feeling that something will happen, has happened…	/²ɑːna/
3539	tavlan	a painting; piece of painted canvas	/ˈtavlan/
3540	samling	collection	/²samlɪŋ/
3541	omständigheter	circumstance	/ˈɔmstɛnˌdɪɡheːtɛr/
3542	plockar	to pick	/ˈplɔkːar/
3543	undersöker	to investigate, to examine, to explore, to survey	/ˈɵndɛˌʂøːkɛr/
3544	landar	to land	/ˈlandar/
3545	lyfter	to lift; to move something upwards	/ˈlyftɛr/
3546	detaljerna	detail	/ˈdɛtɑːlˌjɛrna/
3547	boss	boss, supervisor; someone who oversees work	/ˈbɔs/
3548	tända	to light, to ignite; to turn on lights	/²tɛnda/
3549	låste	to lock	/ˈloːstɛ/
3550	minsann	certainly, indeed, surely, for sure	/mɪnˈsanː/
3551	värda	worth; worthy; having a value	/ˈvɛːrda/
3552	sol	sun	/suːl/
3553	avgör	to determine, to decide	/ˈɑːvjøːr/
3554	kronor	a crown	/ˈkruːnˌʊr/
3555	vårat	synonym of vår	/ˈvoːrɑːt/
3556	väck	away, off	/ˈvɛk/
3557	djupare	deep	/ˈjʉparɛ/
3558	välsigne	to bless	/ˈvɛlsɪŋnɛ/
3559	dotters	a daughter	/ˈdɔtːɛʂ/
3560	sno	to twist; to turn the ends of something, usually thread,…	/snuː/
3561	inatt	alternative form of i natt	/ˈiːnat/
3562	regn	rain	/rɛŋn/
3563	bryggan	a relatively small pier used for mooring small boats or for…	/ˈbryɡan/
3564	siffror	a single digit	/ˈsɪfruːr/
3565	andel	a share; someone's part of something	/ˈandɛl/
3566	slänger	to throw, to sling, to toss	/ˈslɛŋɛr/
3567	chanser	a chance	/ˈʃansɛr/
3568	avsikt	an intention, an intent, a purpose	/ˈɑːvsɪkt/
3569	missförstånd	misunderstanding	/mɪsˈfœʂtoːnd/
3570	paret	a pair, a couple	/ˈpɑːrɛt/
3571	my	The Greek letter μ	/ˈmyː/
3572	pastorn	pastor, priest	/ˈpastuːrn/
3573	stugan	a cottage, a cabin house	/ˈstʉɡan/
3574	sjunker	to sink	/ˈsxɵŋkɛr/
3575	livstid	age, a lifetime	/ˈlɪvstiːd/
3576	kallades	to call, denote, refer to; to give as a name	/ˈkaladɛs/
3577	von	of; only used in surnames of nobility	/fɔn/
3578	skickades	send	/ˈsxɪkːadɛs/
3579	förstörd	to break, to demolish; to make something cease working	/ˈfœʂˈtœrd/
3580	pressa	to press	/ˈprɛsa/
3581	därborta	over there	/ˈdɛrbɔˌta/
3582	röstar	to vote	/ˈrœstar/
3583	svaghet	weakness; condition of being weak	/ˈsvaɡheːt/
3584	hajar	shark	/ˈhɑːjar/
3585	någons	anybody, somebody, anyone, someone	/ˈnoːɡɔns/
3586	försäkra	to insure; to get an insurance for	/ˈfœʂɛˌkra/
3587	ordnade	to order, to sort, to put in order, to arrange, to fix	/ˈuːrdnadɛ/
3588	gångs	walking	/ˈɡɔŋs/
3589	stulen	to steal	/ˈstʉlɛn/
3590	kropparna	a body	/ˈkrɔparˌna/
3591	lånade	to loan, to borrow	/ˈloːnadɛ/
3592	ständigt	steadily, always	/ˈstɛndɪkt/
3593	nuförtiden	alternative spelling of nu för tiden: nowadays, these days	/nʉˈfœtiːdɛn/
3594	öppnas	to open	/ˈœpnas/
3595	samlade	to collect, to gather, to organize	/ˈsamladɛ/
3596	släppt	to let go; release	/ˈslɛpt/
3597	blyg	shy, timid	/ˈblyːɡ/
3598	riktning	a direction	/ˈrɪktnɪŋ/
3599	tungan	a tongue	/ˈtɵŋan/
3600	dygn	day, nychthemeron	/dʏŋn/
3601	hundarna	a dog, a hound	/ˈhɵndarˌna/
3602	guvernören	governor	/ˈɡʉvɛrˌnøːrɛn/
3603	rådet	a piece of advice, counsel	/ˈroːdɛt/
3604	nätter	night	/nɛtːər/
3605	verksamhet	goal-oriented activity	/ˈvɛrksamˌheːt/
3606	varelse	a creature, a being	/ˈvarɛlsɛ/
3607	helikopter	a helicopter	/ˈheːliːˌkɔptɛr/
3608	labb	Skua; a seabird in the family Stercorariidae	/ˈlab/
3609	huvuden	head	/ˈhʉvʉdɛn/
3610	feber	fever	/ˈfeːbɛr/
3611	tjock	thick	/ɕɔk/
3612	medvetslös	unconscious	/meːdˈveːtsløːs/
3613	mördat	indefinite neuter singular of mördad	/ˈmœrdat/
3614	utnyttjade	to use, to make use of, to take advantage of	/ˈʉtnyˌtjadɛ/
3615	belöning	reward	/bɛˈløːnɪŋ/
3616	dejtar	to date	/ˈdɛjtar/
3617	jakten	hunting	/ˈjaktɛn/
3618	november	November	/nʊˈvɛmbɛr/
3619	soldaterna	a soldier	/ˈsɔldaˌtɛrna/
3620	kontraktet	a contract	/ˈkɔntraktɛt/
3621	skakar	to shake	/ˈskɑːkar/
3622	virus	computer virus	/ˈviːrɵs/
3623	gloria	a halo	/ˈɡluːriːˌa/
3624	tårar	a tear	/toːrar/
3625	fickan	a pocket	/ˈfɪkːan/
3626	verklighet	reality	/ˈvɛrklɪɡˌheːt/
3627	tidpunkt	point in time, timepoint, timing	/ˈtiːdpɵŋkt/
3628	låtsades	to pretend	/ˈloːtsadɛs/
3629	våning	apartment	/ˈvoːnɪŋ/
3630	tidningarna	a newspaper	/ˈtiːdnɪˌŋarna/
3631	kapitel	a chapter	/ˈkapiːtɛl/
3632	billigt	cheaply, cheap	/ˈbɪlɪkt/
3633	törstig	thirsty	[²tœ̞ʂʈɪ(ɡ)]
3634	slavar	A person of Slavic origins, a Slav	/ˈslavar/
3635	svor	to swear, to curse; to use offensive language	/svuːr/
3636	härnäst	next	/ˈhɛrnɛst/
3637	lugnande	to calm	/ˈlɵŋnandɛ/
3638	återstår	to remain	/ˈoːtɛʂˌtoːr/
3639	puls	a pulse	/ˈpɵls/
3640	tillit	trust, confidence, in the sense of trusting that they are…	/ˈtɪliːt/
3641	irriterande	irritating, annoying	/ˈɪriːˌteːrandɛ/
3642	däruppe	up there	/ˈdɛːrɵpɛ/
3643	isär	apart, asunder; into two or more pieces	/ˈiːsɛːr/
3644	masken	a worm	/ˈmaskɛn/
3645	cigaretter	a cigarette	/ˈsɪɡaˌrɛtːɛr/
3646	tårta	a cake, a torte, a layered cake	/²toːʈa/
3647	kristen	Christian	/ˈkriːstɛn/
3648	utsidan	definite singular of utsida	/ˈʉtsiːˌdan/
3649	tidig	early	/ˈtiːdɪɡ/
3650	hett	hot; having a very high temperature	/ˈhɛt/
3651	terapi	therapy	/ˈteːraˌpiː/
3652	brors	a brother, a contracted form of broder	/ˈbrɔʂ/
3653	meningslöst	meaningless	/ˌmeːnɪŋˈsløːst/
3654	spöa	to beat up, to give a beating	/ˈspøːa/
3655	militären	the military	/ˌmiːliːˈtɛːrɛn/
3656	gård	a property with houses in the countryside; an estate, a…	/ɡoːrd/
3657	väggarna	a wall	/ˈvɛɡɡarˌna/
3658	hemligheten	secret	/ˈhɛmlɪɡˌheːtɛn/
3659	täck	för to cover	/ˈtɛk/
3660	ditåt	that way, thitherward	/ˈdiːtoːt/
3661	medicinen	medicine	/ˌmeːdiːˈsiːnɛn/
3662	hålls	a direction	/ˈhɔls/
3663	äktenskapet	marriage	/ˈɛktɛnsˌkɑːpɛt/
3664	romantiskt	romantic	/ˈruːmanˌtɪskt/
3665	brand	a larger, uncontrolled fire, a conflagration	/brand/
3666	sparar	to save, to store for future use	/ˈspɑːrar/
3667	instruktioner	an instruction	/ɪnstrɵksˈxuːnɛr/
3668	skärp	a belt	/ɧɛrp/
3669	händelser	an occurrence	/ˈhɛndɛlsɛr/
3670	brottsling	a criminal	/ˈbrɔtslɪŋ/
3671	posten	postal office; an organization delivering mail and parcels	/ˈpɔstɛn/
3672	kanin	a rabbit	/kaniːn/
3673	arv	inheritance; the passing of titles, property etc upon…	/arv/
3674	färgen	colour; the spectral composition of visible light	/ˈfɛrjɛn/
3675	trupper	a group of soldiers; a troop, a squad	/ˈtrɵpɛr/
3676	ledtrådar	a clue, a hint	/lɛdˈtroːdar/
3677	goa	to trick someone into going to a place and then beat up or…	/ˈɡuːa/
3678	frivilligt	voluntarily, freely, willingly	/ˈfriːvɪˌlɪkt/
3679	upptäcka	to discover	/ˈɵptɛˌkːa/
3680	kinesiska	Chinese	/ɕɪˈneːsɪska/
3681	fångarna	a prisoner	/ˈfɔŋarˌna/
3682	vice	vice, second in rank, deputy, stand-in, acting	/ˈviːsɛ/
3683	nåja	Expresses reluctant acceptance	/ˈnoːja/
3684	måltid	a meal food	/ˈmôːl.tɪd/
3685	branden	a larger, uncontrolled fire, a conflagration	/ˈbrandɛn/
3686	fasen	the devil	/ˈfɑːsɛn/
3687	dömd	to sentence, to judge	/ˈdœmd/
3688	vild	wild	/ˈvɪld/
3689	dömer	to sentence, to judge	/ˈdøːmɛr/
3690	hungriga	hungry	/ˈhɵŋriːˌɡa/
3691	brinna	to burn, to be on fire	/²brɪnːa/
3692	vackraste	beautiful	/ˈvakrastɛ/
3693	pastor	pastor, priest	/ˈpastɔr/
3694	påse	a bag	/ˈpoːsɛ/
3695	budskap	a message	/ˈbɵdskɑːp/
3696	nätterna	night	/ˈnɛtːɛrˌna/
3697	hunnit	to have time, to have the time, to make it	/ˈhɵniːt/
3698	ramlade	to fall	/ˈramladɛ/
3699	timmen	an hour	/ˈtɪmɛn/
3700	boka	to book, to reserve	/ˈbuːˌka/
3701	tränare	a trainer, a coach	/ˈtrɛːnarɛ/
3702	bråkade	to argue, to fight, to brawl, to make trouble	/ˈbroːkadɛ/
3703	rumpa	a butt, a backside, a rump	/ˈrɵmpa/
3704	runda	a round	/ˈrɵnda/
3705	löjlig	silly, ridiculous	/ˈlœjlɪɡ/
3706	bilarna	a car	/ˈbiːlarˌna/
3707	enastående	outstanding, exceptional	/²eːnaˌstoːɛndɛ/
3708	skithög	pile of shit	/ˈsxɪthøːɡ/
3709	skickas	send	/ˈsxɪkːas/
3710	cigarett	a cigarette	/ˈsɪɡaˌrɛt/
3711	överraskad	to surprise to feel surprise	/ˈøːvɛˌraskad/
3712	hävdar	to claim	/ˈhɛvdar/
3713	tröst	comfort, consolation	/ˈtrœst/
3714	prästen	a priest	/ˈprɛstɛn/
3715	tydlig	clear	/ˈtyːdlɪɡ/
3716	datorer	a computer	/daˈtuːrɛr/
3717	pissa	to piss	/ˈpɪsa/
3718	löften	a promise; a vow	/ˈlœftɛn/
3719	fordon	a vehicle, a conveyance	/ˈfuːrdɔn/
3720	pension	retirement	/panˈɧuːn/
3721	tråkig	unpleasant, unfortunate	/ˈtroːkɪɡ/
3722	on	the letter o	/ˈuːn/
3723	ärende	a matter, an errand, an issue, a task, a work item	/ˈɛːrɛndɛ/
3724	ropar	to call, to shout	/ˈruːpar/
3725	vittnet	a witness	/ˈvɪtnɛt/
3726	intressanta	interesting	/ˈɪntrɛˌsanta/
3727	jasså	alternative form of jaså	/ˈjasoː/
3728	graven	a grave	/ˈɡrɑːvɛn/
3729	mick	mike; short form for mikrofon	/ˈmɪk/
3730	djungeln	jungle	/ˈjɵŋɛln/
3731	återkommer	to return, to come back	/ˈoːtɛrˌkɔmɛr/
3732	gräver	to dig	/ˈɡrɛːvɛr/
3733	vettigt	reasonable, sensible	/ˈvɛtːɪkt/
3734	sikte	sight	/ˈsiːktɛ/
3735	rep	rope	/ˈreːp/
3736	skratt	laughter	/ˈskrɑːt/
3737	samt	and, and also, plus, as well as	/samt/
3738	vinst	a win	/vɪnst/
3739	kampen	a struggling for one's interests; a struggle, a fight	/ˈkampɛn/
3740	leverera	to deliver; to transport something on someone's behalf	/ˈlɛvɛˌreːra/
3741	augusti	August	/a(ʊ̯)ˈɡɵstɪ/
3742	täcka	för to cover	/ˈtɛkːa/
3743	antalet	number, quantity, amount	/anˈtɑːlɛt/
3744	heroin	heroin	/ˌheːruːˈiːn/
3745	döttrar	daughters, indefinite plural of dotter	/ˈdœtrar/
3746	arresterad	arrested	/ˈarɛsˌteːrad/
3747	bota	to cure, heal; to restore to good health; to relieve from a…	/ˈbuː.ta/
3748	ljug	to lie, to tell an untruth	/²jʉːɡ/
3749	snö	snow; frozen, crystalline water falling as precipitation	/snøː/
3750	uppåt	upwards, up	/ˈɵpoːt/
3751	verket	a work; something which has been accomplished	/ˈvɛrkɛt/
3752	hjärtattack	heart attack	/ˈjɛtaˌtːak/
3753	ropa	to call, to shout	/ˈruːpa/
3754	väger	weigh	/ˈvɛːɡɛr/
3755	sortens	kind, sort	/ˈsɔtɛns/
3756	vänja	to get used, to get accustomed	/ˈvɛnja/
3757	vetenskap	science, scholarly knowledge, scholarship	/ˈveːtɛnsˌkɑːp/
3758	akt	act; a division of a theatrical performance	/ˈakt/
3759	städar	to clean, to tidy	/ˈstɛːdar/
3760	ledaren	a leader; ruler	/ˈleːdarɛn/
3761	förvandlas	to turn, to transform, to convert	/ˈfœrvanˌdlas/
3762	positivt	positive	/ˈpuːsɪˌtɪvt/
3763	guldet	gold	/ˈɡɵldɛt/
3764	råder	to advise	/ˈroːdɛr/
3765	centrum	centre; the middle of something	/²sɛnːtrɵm/
3766	dejta	to date	/ˈdɛjta/
3767	nakna	naked	/ˈnakna/
3768	ersätta	to replace	/ˈeːʂɛˌtːa/
3769	korv	a sausage	/ˈkɔrv/
3770	klienter	client	/ˈkliːɛntɛr/
3771	utväg	a way out	/ˈʉtvɛːɡ/
3772	slampa	a slut	/ˈslampa/
3773	trycket	pressure; force per unit of area	/ˈtrykɛt/
3774	j	archaic form of ni, alternative letter-case form of j	/ˈjiː/
3775	sexuellt	sexually	/ˈsɛksʉˌɛlt/
3776	amerikanerna	an American	/ˈamɛˌrɪkaˌnɛrna/
3777	bakgrund	ground	/ˈbɑːkɡrɵnd/
3778	informera	to inform	/ɪnˈfɔrmeːˌra/
3779	avslöjade	reveal; uncover	/ˈɑːvsløːˌjadɛ/
3780	trädgård	a garden	/ˈtrɛ(ː)ɡɔɖ/
3781	befälet	a military officer	/bɛˈfɛːlɛt/
3782	terrorister	terrorist	/ˈtɛruːˌrɪstɛr/
3783	likadan	the same, alike	/ˈliːkaˌdan/
3784	yrke	profession, occupation	/ˈʏrːˌkɛ/
3785	numera	nowadays; in the present time or era	/ˈnʉmeːˌra/
3786	avdelningen	department	/ˈɑːvdeːlˌnɪŋɛn/
3787	fastnat	to get stuck, to stick	/ˈfastnat/
3788	överge	to abandon	/ˈøːvɛrjɛ/
3789	stenar	a stone; a rock	/ˈsteːnar/
3790	gyllene	golden, gold	/ˈjylɛnɛ/
3791	öppnat	to open	/ˈœpnat/
3792	främst	mainly, primarily	/ˈfrɛmst/
3793	somnade	to fall asleep	/ˈsɔmnadɛ/
3794	skita	to shit	/²ɧiːˌta/
3795	applåd	applause	/ˈaploːd/
3796	frus	wife	/ˈfrʉs/
3797	fingret	finger	/ˈfɪŋrɛt/
3798	snutar	snout; snoot	/ˈsnʉtar/
3799	fyllde	to fill, to make full	/ˈfyldɛ/
3800	frågorna	a question	/ˈfroːɡʊrˌna/
3801	kosta	to cost	/ˈkɔsta/
3802	därefter	thereafter	/ˈdɛːrɛftɛr/
3803	förhållanden	condition, circumstance	/ˈfœrhɔˌlandɛn/
3804	kanal	a canal	/kaˈnɑːl/
3805	består	to consist, to be made of	/bɛsˈtoːr/
3806	riddare	a knight	/ˈrɪdarɛ/
3807	själen	soul	/ˈsxɛːlɛn/
3808	lösningen	solution	/ˈløːsnɪŋɛn/
3809	anställd	employed, hired	/ˈanstɛld/
3810	stuckit	to knit	/ˈstɵkːiːt/
3811	koma	coma	/ˈkuːma/
3812	råna	to rob; to steal from somebody under use of violence	/²roːna/
3813	orsakat	to cause	/ˈuːʂaˌkat/
3814	envis	stubborn, persistent	/ˈɛnviːs/
3815	ägare	owner	/ˈɛːˌɡarɛ/
3816	dumpade	definite singular	/ˈdɵmpadɛ/
3817	kysser	to kiss passionately or with great affection, to snog	/ˈɕysɛr/
3818	dubbla	double down	/ˈdɵbla/
3819	offentligt	public	/ˈɔfɛnˌtlɪkt/
3820	greps	to catch hold of	/ˈɡreːps/
3821	datum	date	/ˈdɑːtɵm/
3822	lake	brine	/ˈlɑːkɛ/
3823	topp	a top, a peak	/ˈtɔp/
3824	gula	yolk	/²ɡʉː.ˌla/
3825	språket	language	/ˈsproːkɛt/
3826	berömda	renowned, famous	/bɛˈrœmda/
3827	händelse	an occurrence	/²hɛndɛlsɛ/
3828	kreditkort	credit card	/ˈkreːdɪtˌkɔt/
3829	firman	a firm, a company	/ˈfɪrman/
3830	avslutat	to close, cancel, terminate	/ˈɑːvslʉˌtat/
3831	uttalande	a statement, a declaration	/ˈɵtːaˌlandɛ/
3832	rymt	to hold	/ˈrymt/
3833	finaste	nice to look at or listen to or the like, nice, pretty	/ˈfiːnastɛ/
3834	varg	wolf	/varj/
3835	saga	a fairy tale	/ˈsɑːɡa/
3836	undantag	an exception	/ˈɵndanˌtɑːɡ/
3837	militära	military	/ˌmiːliːˈtɛːra/
3838	sexuella	sexual	/ˈsɛksʉˌɛla/
3839	go	appealing, usually in a cozy, cuddly, cute, or charming way	/ˈɡuː/
3840	efternamn	surname, family name	/ˈɛftɛrˌnamn/
3841	dugg	drizzle	/ˈdɵɡ/
3842	ledningen	act of leading or conducting, usually heat or electricity	/ˈleːdnɪŋɛn/
3843	skalle	skull	/ˈskalɛ/
3844	sport	sports	/ˈspɔʈ/
3845	råtta	rat; an omnivorous rodent of the genus Rattus	/ˈrɔˌta/
3846	regnet	rain	/rɛŋˈneːt/
3847	våldsam	violent	/ˈvoːldsam/
3848	fysiskt	physical; having to do with the body or the material world	/ˈfyːsɪskt/
3849	respektera	to respect	/ˈrɛspɛkˌteːra/
3850	rapporterar	to report	/ˈrapɔˌteːrar/
3851	himmel	sky	/ˈhɪmɛl/
3852	allmänheten	public	/ˈalmɛnˌheːtɛn/
3853	telefonnummer	telephone number	/ˌtɛlɛˈfoːnɵmɛr/
3854	orm	serpent, snake, or therof slithering legless animal	/ˈʊrm/
3855	såret	a wound, a puncture of the skin or a mucous membrane	/ˈsoːrɛt/
3856	monstret	a monster	/ˈmʊnstrɛt/
3857	lunchen	lunch, a meal eaten around noon	/ˈlɵnʃɛn/
3858	funnit	to find, to locate, to discover	/ˈfɵniːt/
3859	försvunna	missing, lost	/ˈfœʂvɵˌna/
3860	kvinnliga	feminine	/ˈkvɪnliːˌɡa/
3861	bägge	both	/ˈbɛɡɛ/
3862	trötta	tired	/ˈtrœtːa/
3863	elev	a student, a pupil	/ˈeːlɛv/
3864	kopplar	to connect	/ˈkɔplar/
3865	pilot	a pilot	/pɪˈluːt/
3866	samhälle	a society; a long-standing group of people sharing cultural…	/ˈsamˌhɛlːɛ/
3867	häromdagen	the other day	/ˈhɛːrɔmˌdɑːɡɛn/
3868	sug	craving	/ˈsʉɡ/
3869	tillfälligt	temporary; valid for a brief period of time	/ˈtɪlfɛˌlɪkt/
3870	passande	fit, suit; be suitable	/ˈpasandɛ/
3871	åsikter	an opinion, a view	/ˈoːsɪktɛr/
3872	döds	things dying; death	/ˈdœds/
3873	vänligt	friendly, kind	/ˈvɛnlɪkt/
3874	ärr	scar	/ˈɛr/
3875	dusch	a shower water-spraying device	/dɵɧː/
3876	råttor	rat; an omnivorous rodent of the genus Rattus	/ˈrɔtːɔr/
3877	fabriken	a factory, a plant	/ˈfabriːkɛn/
3878	paj	pie; a type of pastry	/paj/
3879	östra	eastern; synonym to östlig, this form is used in definite…	/ˈœstra/
3880	oväntat	unexpectedly	/ˈuːvɛnˌtat/
3881	planera	to plan	/plaˈneːra/
3882	recept	a recipe	/rɛsɛpt/
3883	samarbete	collaboration, cooperation	/ˈsamarˌbeːtɛ/
3884	passion	a passion	/paˈɧuːn/
3885	no	abbreviation of naturorienterade ämnen, a collective name…	/ˈnɛʊ/
3886	kallad	to call, denote, refer to; to give as a name	/ˈkalad/
3887	berömd	renowned, famous	/bɛˈrœmd/
3888	kommande	to come	/ˈkɔmandɛ/
3889	lystring	attention	/ˈlystrɪŋ/
3890	yttre	outer, external, kept outside	/ˈytrɛ/
3891	lån	loan	/ˈloːn/
3892	intryck	impression	/ɪntrʏkː/
3893	begår	to commit, to perpetrate	/bɛˈɡoːr/
3894	onsdag	Wednesday	/ˈʊnsdɑːɡ/
3895	otroliga	incredible	/ˈɔtruːˌliːɡa/
3896	kapabel	capable	/ˈkapaˌbɛl/
3897	böckerna	collection of sheets of paper	/ˈbœkːɛrˌna/
3898	erkände	to admit	/ˈɛrɕɛndɛ/
3899	varsågoda	here you are, there you are	/ˈvaʂoːˌɡuːda/
3900	hacka	a pick, pickaxe; a tool used to hack	/ˈhakːa/
3901	inflytande	incoming, received	/ɪnˈflyːtandɛ/
3902	nonsens	nonsense	/ˈnʊnsɛns/
3903	lägre	low, short; having a small height	/ˈlɛɡrɛ/
3904	nuvarande	present; relating to now	/ˈnʉvɑːˌrandɛ/
3905	hyran	a rent; what is paid in order to rent something	/ˈhyːran/
3906	tävling	a competition, a contest	/ˈtɛvlɪŋ/
3907	besöker	to visit	/bɛˈsøːkɛr/
3908	tornet	tower	/ˈtuːrnɛt/
3909	krossar	to crush; to press or bruise between two hard bodies until…	/ˈkrɔsar/
3910	fartyget	a ship or boat, a vessel	/ˈfɑːˈtyːɡɛt/
3911	kursen	course, class	/ˈkɵʂɛn/
3912	sången	singing, song	/ˈsɔŋɛn/
3913	framtida	relating to something which may happen in the future	/ˈframtiːˌda/
3914	hal	slippery	/hɑːl/
3915	bomber	a bomb	/ˈbɔmbɛr/
3916	filmar	to film; to record a motion picture	/ˈfɪlmar/
3917	glor	to stare	/ˈɡluːr/
3918	jämfört	compared	/jɛmˈfœt/
3919	kris	crisis	/ˈkriːs/
3920	skicklig	skilled, skillful, good, proficient	/ˈsxɪklɪɡ/
3921	tidningar	a newspaper	/ˈtiːdnɪˌŋar/
3922	logiskt	logical	/ˈloːɡɪskt/
3923	bas	base; foundation	/bɑːs/
3924	bekräftar	to confirm, to acknowledge	/bɛˈkrɛftar/
3925	klagar	to complain	/ˈklɑːɡar/
3926	söder	south of	/søːdɛr/
3927	brist	lack	/ˈbrɪst/
3928	barns	a child	/ˈbɑːrns/
3929	straffa	to punish	/ˈstrafa/
3930	grejerna	a thing	/ˈɡrɛjɛrˌna/
3931	paranoid	paranoid	/ˈpɑːraˌnuːiːd/
3932	mynt	a coin	/mʏnt/
3933	sända	to send, to transmit	/ˈsɛnda/
3934	värmen	heat, warmth c	/ˈvɛrmɛn/
3935	intelligent	intelligently	/ˈɪntɛˌlɪɡɛnt/
3936	central	central, centralized, situated at the centre	/ˈsɛntral/
3937	kulorna	a small ball made of earthenware, glass or a similar hard…	/ˈkʉluːrˌna/
3938	mäktig	powerful	/²mɛktɪ(ɡ)/
3939	förneka	to deny	/ˈfœrnɛˌka/
3940	ordern	an order	/ˈoːrdɛrn/
3941	säkerhets	safety, security	/ˈsɛːkɛrˌheːts/
3942	lukta	to smell; to use one’s nose	/ˈlɵkta/
3943	fisken	a fish	/ˈfɪsːkɛn/
3944	festa	to party	/ˈfɛsta/
3945	privatliv	private life, privacy	/ˈprɪvɑːˌtliːv/
3946	anklagar	to accuse	/ˈaŋklɑːˌɡar/
3947	katter	a cat	/ˈkatːɛr/
3948	skälet	reason	/ˈsxɛːlɛt/
3949	mardrömmar	a nightmare	/marˈdrœmar/
3950	användes	to use	/ˈanvɛndɛs/
3951	populär	popular	/ˈpɔpʉˌlɛːr/
3952	månaderna	a month	/ˈmoːnaˌdɛrna/
3953	blommorna	a flower	/ˈblɔmuːrˌna/
3954	upplevt	to experience	/ˈɵplɛvt/
3955	rullar	roll	/ˈrɵlar/
3956	spårade	to track, to trace track or trail of someone/something	/ˈspoːradɛ/
3957	siffrorna	a single digit	/ˈsɪfruːrˌna/
3958	kungens	a king	/ˈkɵŋɛns/
3959	explosionen	explosion	/ˌɛkspluːsˈxuːnɛn/
3960	uttråkad	bored	/ˈɵtroːˌkad/
3961	tävla	to compete, to contend, to race	/ˈtɛvla/
3962	tuffa	tough	/ˈtɵfa/
3963	helikoptern	a helicopter	/ˈheːliːˌkɔptɛrn/
3964	upptagna	busy, engaged in activity	/ˈɵptɑːŋˌna/
3965	sabba	to ruin, mess up, fuck up	/ˈsaba/
3966	vodka	vodka	/vɔdka/
3967	möjligen	possibly	/ˈmœjlɪˌɡɛn/
3968	glaset	glass	/ˈɡlɑːsɛt/
3969	västerut	westwards, west	/ˈvɛstɛˌrʉt/
3970	publik	public	/ˈpɵbliːk/
3971	nykter	sober	/ˈnyktɛr/
3972	mattan	a carpet, rug	/ˈmatːan/
3973	sexigt	sexily	/ˈsɛksɪkt/
3974	denne	this, that	/ˈdɛˌnːɛ/
3975	party	party; social gathering	/ˈpatyː/
3976	fruktan	a fear	/ˈfrɵktan/
3977	gentleman	a gentleman	/jɛnˈtleːman/
3978	parti	party	/ˈpatiː/
3979	överlevt	to survive	/ˈøːvɛrˌlɛvt/
3980	lampan	lamp	/ˈlampan/
3981	dubbel	double	/ˈdɵbɛl/
3982	frukt	fruit	/ˈfrɵkt/
3983	lena	tramadol	/ˈleːna/
3984	kejsaren	emperor	/ˈɕɛjsarɛn/
3985	hursomhelst	alternative spelling of hur som helst	/ˈhɵʂɔmˌhɛlst/
3986	kallat	to call, denote, refer to; to give as a name	/ˈkalat/
3987	coach	coach; a trainer or instructor	/ˈkuːaʃ/
3988	ras	a race, a breed	/rɑːs/
3989	december	December	/dɛˈsɛmbɛr/
3990	senatorn	senator	/ˈseːnaˌtuːrn/
3991	griper	to catch hold of	/ˈɡriːpɛr/
3992	ställning	a stand	/ˈstɛlnɪŋ/
3993	återigen	once again, yet again	/ˈoːtɛˌriːjɛn/
3994	träffad	to hit a target	/ˈtrɛfad/
3995	dagbok	a diary	/ˈdɑːɡbuːk/
3996	tjänsten	a favor	/ˈɕɛnstɛn/
3997	avgörande	to determine, to decide	/ˈɑːvjøːˌrandɛ/
3998	skurk	a crook person	/ˈskɵrk/
3999	smäll	bang, boom, smack; a sharp, sudden noise; an explosion	/ˈsmɛl/
4000	reklam	advertisement	/rɛˈklɑːm/
4001	bjudit	to offer, to give as a gift	/ˈbjʉdiːt/
4002	undviker	to avoid	/ˈɵndviːkɛr/
4003	sy	to sew	/ˈsyː/
4004	liket	a corpse, a dead body	/ˈliːkɛt/
4005	talet	number	/ˈtɑːlɛt/
4006	knäcka	to crack, to break, to snap	/ˈknɛkːa/
4007	mejl	e-mail	/ˈmɛjl/
4008	fester	a party	/ˈfɛstɛr/
4009	sociala	social, pertaining to living conditions and society	/sʊˈsɪaˌla/
4010	låtar	a song, a tune, a track, a musical piece	/ˈloːtar/
4011	steget	a step	/ˈsteːɡɛt/
4012	troligt	probable, plausible	/ˈtruːlɪkt/
4013	utomjordingar	an alien, an extraterrestrial	/ˈʉtɔˌmjuːrdɪˌŋar/
4014	sorgen	sorrow, sadness	/ˈsɔrjɛn/
4015	plockade	to pick	/ˈplɔkːadɛ/
4016	förtjust	fond	/ˈfœɕɵst/
4017	duschen	a shower water-spraying device	/ˈdɵʃɛn/
4018	grep	to catch hold of	/ɡreːp/
4019	evan	woman	/ˈeːvan/
4020	överraska	to surprise to feel surprise	/ˈøːvɛˌraska/
4021	upphör	to cease, to end, to stop	/ˈɵphøːr/
4022	lagligt	legally	/ˈlɑːɡlɪkt/
4023	skjortan	a shirt	/ˈɕuːtan/
4024	upptäcker	to discover	/ˈɵptɛkːɛr/
4025	stöter	to hit something with a short, sharp impact; to bump, etc	/ˈstøːtɛr/
4026	utmaning	a challenge	/ˈɵtmaˌnɪŋ/
4027	rådgivare	an adviser	/ˈroːdjiːˌvarɛ/
4028	vrede	anger, rage, wrath	/ˈvreːdɛ/
4029	främsta	foremost, first	/ˈfrɛmsta/
4030	prinsen	a prince	/ˈprɪnsɛn/
4031	skulder	debt	/ˈskɵldɛr/
4032	rike	rich, wealthy	/ˈriːˌkɛ/
4033	spänd	stretched, spanning	/ˈspɛnd/
4034	bekvämt	comfortably	/bɛkˈvɛmt/
4035	dansen	dance	/ˈdansɛn/
4036	brann	to burn, to be on fire	/ˈbran/
4037	förändringar	transformation, change	/ˈføːrɛnˌdrɪŋar/
4038	konstapeln	constable	/ˈkɔnstaˌpɛln/
4039	tvättar	to wash, to clean – normally not of washing dishes, see…	/ˈtvɛtːar/
4040	beslutat	decided	/bɛˈslʉtat/
4041	locka	to attract, to lure, to entice	/ˈlɔkːa/
4042	handling	an act, a deed	/ˈhandlɪŋ/
4043	knäppa	crazy, weird, nuts	/ˈknɛpa/
4044	anropar	to call, to hail	/ˈanruːˌpar/
4045	väder	weather	/ˈvɛːdɛr/
4046	lapp	a patch, a piece of any flexible material, used to cover a…	/ˈlap/
4047	livrädd	terrified, scared to death	/ˈlɪvrɛd/
4048	österut	eastwards, east	/ˈœstɛˌrʉt/
4049	rar	sweet	/ˈrar/
4050	vågade	to dare, to have enough courage	/ˈvoːɡadɛ/
4051	grannarna	a neighbour	/ˈɡranarˌna/
4052	grinden	a gate	/ˈɡrɪndɛn/
4053	slet	to wear	/ˈsleːt/
4054	chockad	shocked	/ˈʃɔkːad/
4055	utseende	appearance	/ˈʉtsɛˌɛndɛ/
4056	värme	heat, warmth c	/ˈvɛrmɛ/
4057	plugga	to plug; to stop with a plug	/ˈplɵɡa/
4058	nöjda	pleased; satisfied	/ˈnœjda/
4059	generation	a generation	/jɛˌneːrasˈxuːn/
4060	bränsle	fuel	/ˈbrɛnslɛ/
4061	förlorad	to lose	/ˈfœrluːˌrad/
4062	hållas	to hold	/ˈhɔlas/
4063	johan	The letter "J" in the Swedish spelling alphabet	[²juːan]
4064	total	total	/tʊˈtɑːl/
4065	porr	short for pornografi	/ˈpɔr/
4066	smyga	to sneak, to creep, to steal	/ˈsmyːɡa/
4067	mäktiga	powerful	/ˈmɛktiːˌɡa/
4068	fruar	wife	/ˈfrʉar/
4069	gubbe	an older or elderly man	/ˈɡɵbːˌɛ/
4070	religion	religion	/rɛlɪˈjuːn/
4071	mått	may	/ˈmɔt/
4072	utomlands	abroad, overseas	/ˈʉtɔˌmlands/
4073	vingar	a wing	/ˈvɪŋar/
4074	uttrycka	to express, to utter, to voice	/ˈɵtryˌkːa/
4075	spårar	to track, to trace track or trail of someone/something	/ˈspoːrar/
4076	ryktet	a rumor	/ˈryktɛt/
4077	processen	litigation, proceedings	/prʊˈsɛsɛn/
4078	ändras	to change, to alter	/ˈɛndras/
4079	profil	profile	/ˈpruːfiːl/
4080	leken	play; typically denotes pleasurable and less rule-bound…	/ˈleːkɛn/
4081	varor	existence, being	/ˈvɑːruːr/
4082	fästmö	a fiancée	/ˈfɛstmøː/
4083	häftig	forceful or intense; violent, intense, fierce, etc	/ˈhɛfˌtɪ(ɡ)/
4084	spy	to throw up, to puke, to vomit	/spyː/
4085	maken	a spouse, a husband, a married man	/ˈmɑːkɛn/
4086	sömnen	sleep	/ˈsœmnɛn/
4087	branschen	a sector of business, a trade, an industry	/ˈbranʃɛn/
4088	roligare	funny, fun	/ˈruːliːˌɡarɛ/
4089	kliva	to take one or more big steps, to step, to stride	/ˈkliːva/
4090	fallit	to fall	/ˈfaliːt/
4091	insisterar	to insist	/ˈɪnsɪsˌteːrar/
4092	passerar	to pass	/ˈpaseːˌrar/
4093	ruttna	to rot, to become rotten	/ˈrɵtna/
4094	behandlade	to treat, to process	/bɛˈhandladɛ/
4095	vagn	a carriage; a cart; a wagon	/ˈvaŋn/
4096	miljontals	millions of	/ˈmɪljɔnˌtɑːls/
4097	skyll	to blame	/ˈsxyl/
4098	mästaren	a master	/ˈmɛstarɛn/
4099	unik	unique	/ˈɵniːk/
4100	praktiskt	practical	/ˈpraktɪskt/
4101	schack	chess; a game of strategy for two players	/ɧak/
4102	seså	hey now	/ˈseːsoː/
4103	stuga	a cottage, a cabin house	/²stʉ̟ːɡa/
4104	mister	to lose	/ˈmɪstɛr/
4105	vänligen	kindly, please	/ˈvɛnlɪˌɡɛn/
4106	robot	a robot	/ˈruːbuːt/
4107	strida	rapid, swift, rich	/ˈstriːda/
4108	dottern	a daughter	/ˈdɔtːɛrn/
4109	styrkan	strength	/ˈstyrkan/
4110	anlitade	to hire, to consult, to call in	/ˈanliːˌtadɛ/
4111	bekämpa	to fight and thus get rid of; to combat, to fight	/bɛˈkɛmpa/
4112	dansade	to dance	/ˈdansadɛ/
4113	nöjet	pleasure, joy, delight, fun	/ˈnøːjɛt/
4114	horor	a whore	/ˈhuːruːr/
4115	holmes	a small island, an islet, a holm	/ˈhɔlmɛs/
4116	plåga	a pain, a plague, a torment	/ˈploːɡa/
4117	sand	sand	/ˈsand/
4118	skatten	tax	/ˈskatːɛn/
4119	status	status social standing	/ˈstɑːtʉs/
4120	telefonsamtal	a phone call, a telephone call	/ˌtɛlɛˈfoːnsamˈtɑːl/
4121	reagerar	to react	/ˈreːaˌɡeːrar/
4122	lejon	lion, Panthera leo	/²lɛjːɔn/
4123	dyra	expensive	/ˈdyːra/
4124	stadens	a city, a town	/ˈstɑːdɛns/
4125	täckt	covered	/tɛkt/
4126	anländer	to arrive	/ˈanlɛndɛr/
4127	undersökning	an investigation, an examination, a survey	/ˌɵndɛˈʂœknɪŋ/
4128	berättelsen	a story, a narrative, an account	/bɛˈrɛtːɛlsɛn/
4129	fört	to move something or someone; to bring, to take	/ˈfœt/
4130	övergav	to abandon	/ˈøːvɛrˌɡav/
4131	dumpa	dump	/ˈdɵmpa/
4132	övervåningen	the upper floor of a two-story house	/ˈøːvɛrˌvoːnɪŋɛn/
4133	dödlig	deadly, fatal, lethal	/ˈdœdlɪɡ/
4134	utreder	to investigate	/ˈʉtrɛdɛr/
4135	motsatsen	an opposite	/ˈmuːtsatsɛn/
4136	världskriget	a world war, the Great War	/ˈvɛːrdskrɪɡɛt/
4137	fas	a phase, a time period	/ˈfas/
4138	friheten	freedom, liberty	/ˈfriːheːtɛn/
4139	stånd	to bring about	/ˈstoːnd/
4140	slagen	to hit, punch or beat; to give a blow	/²slɑːɡɛn/
4141	gräset	grass; any plant of the family Poaceae	/ˈɡrɛːsɛt/
4142	botemedel	remedy, cure	/ˈbuːtɛˌmeːdɛl/
4143	uppfann	to invent	/ˈɵpfan/
4144	beställt	ordered	/bɛsˈtɛlt/
4145	andan	spirit	/ˈandan/
4146	kultur	culture	/ˈkɵltʉr/
4147	gjordes	to do	/ˈjuːrdɛs/
4148	lokal	local	/lʊˈkɑːl/
4149	provar	to try, to make an attempt; to sample	/ˈpruːvar/
4150	befälhavare	a commander, a person being in command	/bɛˈfɛlhaˌvarɛ/
4151	hanterar	to handle, to manage	/ˈhanteːˌrar/
4152	babyn	a baby	/ˈbabyːn/
4153	dyr	expensive	/dyːr/
4154	ström	having strong currents, "currenty"	/strœm/
4155	bekräftat	to confirm, to acknowledge	/bɛˈkrɛftat/
4156	grå	grey	/ɡroː/
4157	tröjan	an upper-body garment, excluding outerwear like jackets,…	/ˈtrøːjan/
4158	gasen	gas; a state of matter	/ˈɡɑːsɛn/
4159	arrestera	to arrest	/ˈarɛsˌteːra/
4160	manus	clipping of manuskript	/ˈmanʉs/
4161	utsökt	exquisite	/ˈʉːtˌsøːkt/
4162	nja	Used to give a hesitant or uncertain answer or agreement;…	/njɑː/
4163	nämner	to mention, to name	/ˈnɛmnɛr/
4164	juice	juice	/juːs/
4165	jägare	a hunter who hunts animals	/ˈjɛːɡarɛ/
4166	räckte	to stretch out in some direction	/ˈrɛktɛ/
4167	människans	a human, a human being	/ˈmɛnɪsˈxans/
4168	larmet	alarm; a warning sound	/ˈlarmɛt/
4169	halt	content, level	/ˈhalt/
4170	fyllt	to fill, to make full	/ˈfylt/
4171	kaka	a cookie	/ˈkɑ̂ːka/
4172	organisation	organization	/ˌɔrɡaˈnɪsasˈxuːn/
4173	terrorist	terrorist	/ˈtɛruːˌrɪst/
4174	axeln	a shoulder	/ˈaksɛln/
4175	metoder	a method	/ˈmɛtuːdɛr/
4176	återvänt	to return	/ˈoːtɛrˌvɛnt/
4177	snackade	to talk	/ˈsnakːadɛ/
4178	svika	to betray, to let down, to disappoint	/²sviːka/
4179	sid	p, pg, pp, abbreviation of sida, sidor	/ˈsiːd/
4180	usch	ugh, yuck; expresses disgust	/ɵɧː/
4181	förväg	See i förväg	/ˈfœrvɛːɡ/
4182	lila	purple, violet	/ˈliːla/
4183	förnekar	to deny	/ˈfœrnɛˌkar/
4184	bokat	booked, reserved	/ˈbuːkat/
4185	fästman	a fiancé	/ˈfɛstman/
4186	nämnt	mentioned	/ˈnɛmnt/
4187	personalen	staff	/ˈpɛʂuːˌnalɛn/
4188	baserat	based	/ˈbaseːˌrat/
4189	fält	a field, a area, an open space in a landscape	/ˈfɛlt/
4190	hemmet	a home; one's dwelling place, as in a house or a more…	/ˈhɛmɛt/
4191	heja	to greet by saying "hej"	/²hɛja/
4192	stulna	stolen	/ˈstɵlna/
4193	japanska	Japanese	/jaˈpɑːnska/
4194	begäran	a request	/bɛˈjɛːran/
4195	spåret	a trail or trace; a mark left by something that has passed…	/ˈspoːrɛt/
4196	kors	cross	/ˈkɔʂ/
4197	varar	pus; a mixture of dead bacteria and white blood cells,…	/ˈvɑːrar/
4198	repet	rope	/ˈreːpɛt/
4199	testet	a test, an examination, a trial	/ˈtɛstɛt/
4200	tönt	someone lame; a dork, a loser, etc	/ˈtœnt/
4201	prover	a test, a trial	/ˈpruːvɛr/
4202	motståndare	an opponent	/ˈmuːtstoːnˌdarɛ/
4203	binda	to tie	/ˈbɪnda/
4204	passade	fit, suit; be suitable	/ˈpasadɛ/
4205	äga	an estate, grounds, property, land	/²ɛːɡa/
4206	fastnade	to get stuck, to stick	/ˈfastnadɛ/
4207	löste	solved	/ˈløːstɛ/
4208	jättefint	marvelous, beautiful	/ˈjɛtːɛˌfɪnt/
4209	gas	gas; a state of matter	/ɡɑːs/
4210	gudar	a god	/ˈɡʉdar/
4211	gästerna	a guest	/ˈjɛstɛrˌna/
4212	gjorda	made, done	/ˈjuːrda/
4213	avbryt	to cancel, to abort	/ˈɑːvbryːt/
4214	artikeln	an article	/aˈtiːkɛln/
4215	passagerare	a passenger	/pasa²ɧeːˌrarɛ/
4216	sabbade	to ruin, mess up, fuck up	/ˈsabadɛ/
4217	hälsade	to greet, salute	/ˈhɛlsadɛ/
4218	försvarar	to defend	/ˈfœʂvɑːˌrar/
4219	ämnet	a substance	/ˈɛmnɛt/
4220	knäppt	crazy, weird, nuts	/ˈknɛpt/
4221	ursäkter	an excuse	/ˈɵʂɛktɛr/
4222	flygande	to fly	/ˈflyːɡandɛ/
4223	manhattan	Manhattan	/ˈmanhaˌtːan/
4224	troligtvis	probably, most likely	/ˈtruːlɪktˌviːs/
4225	efterlyst	wanted; searched for	/ˈɛftɛrˌlyst/
4226	landade	to land	/ˈlandadɛ/
4227	sjätte	sixth	/ˈɧɛˌtɛ/
4228	erkänn	to admit	/ˈɛrɕɛn/
4229	förklarade	to explain	/fœrˈklɑːradɛ/
4230	grävde	to dig	/ˈɡrɛvdɛ/
4231	höjd	raised, increased	/ˈhœjd/
4232	utav	synonym of av	/ˈʉtav/
4233	tester	a test, an examination, a trial	/ˈtɛstɛr/
4234	byrån	a bureau, a dresser, a chest of drawers	/ˈbyːroːn/
4235	stress	stress	/ˈstrɛs/
4236	tillbringade	to spend	/ˈtɪlbrɪˌŋadɛ/
4237	meddelar	to communicate, to notify To give notice of	/ˈmeːdɛˌlar/
4238	vänliga	friendly, kind	/ˈvɛnliːˌɡa/
4239	utpressning	extortion, blackmail	/ˈɵtprɛsˌnɪŋ/
4240	allvarliga	serious	/ˈallvɑːrˌliːɡa/
4241	användning	use, usage, application	/ˈanvɛndˌnɪŋ/
4242	omgång	a round	/ˈɔmɡɔŋ/
4243	fattig	poor	/ˈfaˌtɪɡ/
4244	flytande	fluently	/ˈflyːtandɛ/
4245	kuken	a dick, a cock	/ˈkʉkɛn/
4246	gullet	baby, darling, someone dear and cute, someone to cuddle	/ˈɡɵlɛt/
4247	fångat	to catch	/ˈfɔŋat/
4248	jackan	a jacket, a doublet, a jerkin	/ˈjakːan/
4249	teater	theatre	/teˈɑː.tɛr/
4250	stans	where, place location	/ˈstans/
4251	kungliga	royal, pertaining to the monarch or monarchy	/ˈkɵŋliːˌɡa/
4252	försvaret	a defence	/ˈfœʂvɑːrɛt/
4253	färdas	to travel	/ˈfɛːrdas/
4254	grunden	definite singular of grund c	/ˈɡrɵndɛn/
4255	brorson	fraternal nephew	/ˈbrɔʂuːn/
4256	rånade	to rob; to steal from somebody under use of violence	/ˈroːnadɛ/
4257	skaffade	to get, to acquire, to procure	/ˈskafadɛ/
4258	körd	to drive a vehicle	/ˈɕœrd/
4259	kvällens	evening	/ˈkvɛlɛns/
4260	djupa	deep	/ˈjʉpa/
4261	änglar	an angel	/ˈɛŋlar/
4262	partners	partner	/ˈpatnɛʂ/
4263	tjänat	to receive money for working	/ˈɕɛːnat/
4264	larm	alarm; a warning sound	/ˈlarm/
4265	detektiv	related to the detection of crime	/dɛtɛkˈtiːv/
4266	avbryter	to cancel, to abort	/ˈɑːvbryːtɛr/
4267	skift	a shift session	/ˈsxɪft/
4268	lockar	a lock of hair, a curl of hair	/ˈlɔkːar/
4269	utkik	lookout	/ˈɵtkiːk/
4270	leksaker	a toy	/ˈlɛksɑːkɛr/
4271	korkade	stupid, dumb	/ˈkɔrkadɛ/
4272	luta	lute	/²lʉːta/
4273	reta	to tease	/ˈrêː.ta/
4274	bin	bee	/ˈbiːn/
4275	lugnar	to calm	/ˈlɵŋnar/
4276	riva	to tear, to rip	/ˈriːva/
4277	ropade	to call, to shout	/ˈruːpadɛ/
4278	tragedi	tragedy	/traɧɛˈdiː/
4279	omständigheterna	circumstance	/ˈɔmstɛnˌdɪɡheːˌtɛrna/
4280	bebisen	a baby	/ˈbeːbiːsɛn/
4281	hav	sea, ocean	/hɑːv/
4282	feg	cowardly	/ˈfeːɡ/
4283	källor	a source	/ˈɕɛluːr/
4284	missfoster	a miscarriage	/ˈmɪsfɔstɛr/
4285	arbetare	a worker; one who does work, often as part of an employment	/ˈarbeːˌtarɛ/
4286	leve	a cheer	/ˈlɛvɛ/
4287	äldsta	old	/ˈɛldsta/
4288	kämpat	to fight	/ˈɕɛmpat/
4289	huden	The outer covering of living tissue of a person	/ˈhʉdɛn/
4290	föreslog	to suggest; to ask for without demanding	/ˌføːrɛˈsluːɡ/
4291	brottslingar	a criminal	/ˈbrɔtslɪˌŋar/
4292	vardagsrummet	living room	/ˈvɑːrdɑːɡˌsrɵmɛt/
4293	smälta	melt; molten material	/²smɛlta/
4294	butik	a small shop, typically larger than a kiosk but smaller…	/ˈbɵtiːk/
4295	ambulansen	ambulance	/ˈambʉˌlansɛn/
4296	presenter	gift, present	/prɛˈsɛntɛr/
4297	uppnå	to reach	/ˈɵpnoː/
4298	höja	to raise; make something higher	/ˈhøːja/
4299	lat	lazy	/ˈlat/
4300	hedra	to honour	/ˈhɛdra/
4301	kidnappade	to kidnap	/ˈɕɪdnaˌpadɛ/
4302	slapp	to not have to experience, to not have to deal with	/ˈslap/
4303	gul	yellow	/ɡʉːl/
4304	släktingar	a relative, or of related species or the like, or…	/ˈslɛktɪˌŋar/
4305	hallen	hallway	/ˈhalɛn/
4306	nämen	Expresses strong surprise, often positive	/nɛmɛn/
4307	golf	a gulf	/ɡɔlf/
4308	nr	No.; no.; abbreviation of nummer	/ˌɛˈnɛr/
4309	rimligt	reasonable, fair	/ˈrɪmlɪkt/
4310	frukta	to fear, to dread, to be afraid	/ˈfrɵkta/
4311	veckorna	a week, a period of 7 days	/ˈvɛkːuːrˌna/
4312	skjutsa	to give a ride to, to drive in a car, boat, or the like	/ˈɧɵˌsːa/
4313	kamerorna	camera	/ˈkamɛˌruːrna/
4314	stjärnan	a star	/ˈsxɛrnan/
4315	roa	to amuse, to entertain	/ˈruːa/
4316	ondskan	evil	/ˈɔndskan/
4317	döv	deaf	/døːv/
4318	tankarna	a thought	/ˈtaŋkarˌna/
4319	klassen	a group, collection, category or set sharing…	/ˈklasɛn/
4320	bön	A practice of communicating with one's God	/ˈbøːn/
4321	karaktär	a character	/karakˈtɛːr/
4322	mördar	to murder, to assassinate	/ˈmœrdar/
4323	setts	to see	/ˈsɛts/
4324	organ	an organ	/ˈɔrɡan/
4325	skärmen	screen; an informational viewing area	/ˈsxɛrmɛn/
4326	bla	misspelling of bl.a	/ˈbla/
4327	utsikt	a view	/ˈʉtsɪkt/
4328	flit	diligence, industriousness, energy	/ˈfliːt/
4329	klev	a rift, cleft or gap in rock	/ˈkleːv/
4330	släck	to cause to stop burning; to put out, to extinguish, etc	/ˈslɛk/
4331	loppet	a race other speed competition, like in English	/ˈlɔpɛt/
4332	ärliga	honest; scrupulous	/ˈɛrliːˌɡa/
4333	amiral	an admiral	/ˈɑːmiːˌral/
4334	vaktar	to guard	/ˈvaktar/
4335	värdelösa	worthless, lousy, useless	/ˈvɛːrdɛˌløːsa/
4336	fattas	to grasp, take; the concrete meaning of grasp	/ˈfatːas/
4337	seriemördare	a serial killer	/ˌseːriːɛˈmœrdarɛ/
4338	explosion	explosion	/ˌɛkspluːsˈxuːn/
4339	vision	vision; something imaginary	/vɪˈɧuːn/
4340	invånare	an inhabitant	/ˈɪnvoːˌnarɛ/
4341	kock	a chef, a cook	/ˈkɔk/
4342	serie	a sequence of things or events	/ˈseːrɪɛ/
4343	klandra	to blame, to fault; the culprit should have known better	/klandra/
4344	radera	to delete, to erase	/raˈdeːra/
4345	stålar	money	/ˈstoːlar/
4346	anfaller	to attack	/ˈanfalɛr/
4347	lyser	to shine, shed light, beam	/ˈlyːsɛr/
4348	coola	cool	/ˈkuːuːˌla/
4349	intervjun	interview	/ˈɪntɛrˌvjɵn/
4350	skåp	a cabinet, a cupboard, a locker	/ˈskoːp/
4351	åtal	a prosecution, an indictment, a legal process	/²oːˌtɑːl/
4352	stake	synonym of ljusstake	/ˈstɑːkɛ/
4353	förvånar	to astonish; to surprise	/ˈfœrvoːˌnar/
4354	korten	a card; a piece of stiff paper or plastic	/ˈkɔtɛn/
4355	fågeln	a bird	/ˈfoːjɛln/
4356	slott	a castle, a palace	/slɔtː/
4357	knapp	scarce, not much of something	/ˈknap/
4358	gåvor	gift	/ˈɡoːvuːr/
4359	förmodar	to suppose, to conjecture	/ˈfœrmuːˌdar/
4360	klandrar	to blame, to fault; the culprit should have known better	/ˈklandrar/
4361	varelsen	a creature, a being	/ˈvarɛlsɛn/
4362	odjuret	monster, beast	/ɔˈjʉrɛt/
4363	teknologi	technology	/ˌtɛknuːˈloːɡiː/
4364	flytt	to flee, to run away, to escape	/ˈflyt/
4365	trollkarl	a wizard, a magician, a sorcerer	/ˈtrɔlkarl/
4366	eran	an era	/ˈɛːran/
4367	biter	to bite	/ˈbiːtɛr/
4368	lev	to live, to be alive	/leːv/
4369	inspektören	an inspector, an officer	/ˈɪnspɛkˌtøːrɛn/
4370	okända	unknown, unfamiliar	/ˈuːɕɛnˌda/
4371	våren	spring	/ˈvoːrɛn/
4372	högg	to strike with something sharp; to stab, to cut, to hew, to…	/ˈhøːɡɡ/
4373	näst	next	/ˈnɛst/
4374	insats	an inset	/ˈɪnsats/
4375	morsan	mother	/ˈmɔʂan/
4376	härmed	hereby	/ˈhɛrmɛd/
4377	osynlig	invisible, unseen	/ˈuːsyˌnlɪɡ/
4378	antyder	to hint about; to imply; to give indications as to	/anˈtyːdɛr/
4379	bingo	a bingo	/ˈbɪŋuː/
4380	sände	to send, to transmit	/ˈsɛndɛ/
4381	befann	to be located; to be at	/bɛˈfan/
4382	dumheter	stupidity, foolishness	/ˈdɵmhɛtɛr/
4383	studerar	to study	/ˈstʉdeːˌrar/
4384	madam	synonym of fru	/ˈmɑːdam/
4385	foster	a fetus	/fʊstɛr/
4386	förtjänat	to deserve	/ˈfœɕɛːˌnat/
4387	attackera	to attack	/ˈatːakːɛˌra/
4388	billig	cheap; of low price, of little worth	/ˈbɪlɪɡ/
4389	uppror	a rebellion	/ˈɵpruːr/
4390	personlighet	personality	/ˈpɛʂɔˌnlɪɡheːt/
4391	skyller	to blame	/ˈsxylɛr/
4392	svettas	to sweat	/ˈsvɛtːas/
4393	attityd	attitude	/atɪ¹tyːd/
4394	svikit	to betray, to let down, to disappoint	/ˈsviːkiːt/
4395	grupper	group	/ˈɡrɵpɛr/
4396	hoppats	to hope; to want something to happen	/ˈhɔpats/
4397	bokstavligen	literally	/ˈbuːkstaˌvlɪɡɛn/
4398	värdefull	valuable, precious, useful	/ˈvɛːrdɛˌfɵl/
4399	balen	bale, bundle	/ˈbalɛn/
4400	exploderar	to explode	/ˈɛkspluːˌdeːrar/
4401	övning	exercise	/ˈœvnɪŋ/
4402	hyr	rent	/ˈhyːr/
4403	blomma	a flower	/blʊ.mːa/
4404	lagade	to repair	/ˈlɑːɡadɛ/
4405	kontaktade	to contact	/ˈkɔntakˌtadɛ/
4406	guvernör	governor	/ˈɡʉvɛrˌnøːr/
4407	duscha	to shower; to clean oneself in a shower; take a shower /…	/²dɵɕa/
4408	dricks	to drink	/ˈdrɪks/
4409	vinet	wine	/ˈviːnɛt/
4410	småningom	after some time; sooner or later, eventually	/ˈsmɔːnɪŋˌɔm/
4411	studenter	a student	/ˈstʉdɛntɛr/
4412	skaffat	to get, to acquire, to procure	/ˈskafat/
4413	växt	grow; increase in size	/ˈvɛkst/
4414	bilolycka	a car accident	/ˈbiːluːˌlykːa/
4415	italienska	Italian; language spoken in Italy	/ˈiːtaˌliːɛnsˌka/
4416	deprimerad	depressed	/ˈdɛpriːˌmeːrad/
4417	örat	ear; the part of the body used to hear	/ˈøːrɑːt/
4418	fett	a positive intensifier	/fɛt/
4419	allergisk	allergic	/ˈalɛrˌjɪsk/
4420	föds	to feed	/ˈfœds/
4421	fiska	to fish	/ˈfɪska/
4422	effekt	effect	/ˈɛfɛkt/
4423	kongressen	a congress	/ˈkɔŋrɛsɛn/
4424	chaufför	a driver; a chauffeur	/ɧɔˈfœːr/
4425	knacka	to knock; to rap one's knuckles against something, e.g.…	/ˈknakːa/
4426	blåste	daft, stupid	/ˈbloːstɛ/
4427	peka	to point	/peːka/
4428	bruten	to break; to end abruptly	/ˈbrʉtɛn/
4429	januari	January	/janɵˈɑːrɪ/
4430	hugga	to strike with something sharp; to stab, to cut, to hew, to…	/ˈhɵɡa/
4431	märklig	strange, peculiar	/²mærklɪ(ɡ)/
4432	riket	a realm, kingdom, empire, nation	/ˈriːkɛt/
4433	försäkrar	to insure; to get an insurance for	/ˈfœʂɛˌkrar/
4434	rejäl	considerable in extent; hefty, big, strong, etc	/rɛˈjɛːl/
4435	evans	woman	/eːˈvans/
4436	sugen	craving, in the mood	/ˈsʉjɛn/
4437	friska	healthy; not sick	/ˈfrɪska/
4438	särskild	distinct, special	/ˈsɛ̂ːrˌɧɪld/
4439	detalj	detail	/ˈdɛtɑːlj/
4440	förhöra	interrogate; question	/ˈfœrhøːˌra/
4441	minus	minus sign, minus	/ˈmiːnʉs/
4442	rinner	to run, to flow	/ˈrɪnɛr/
4443	tatuering	tattoo	/ˈtɑːtʉˌeːrɪŋ/
4444	kriminella	criminal	/ˈkriːmiːˌnɛla/
4445	mänskligt	human	/ˈmɛnsklɪkt/
4446	oftare	often	/ˈɔftarɛ/
4447	förföljer	to pursue, to stalk	/ˈfœrˈfœljɛr/
4448	kommunicera	to communicate	/kɔˈmʉniːˌseːra/
4449	fans	the devil, Satan	/ˈfans/
4450	motorvägen	a freeway, a motorway	/ˈmuːtɔrˌvɛːɡɛn/
4451	angel	a pike hook	/ˈaŋɛl/
4452	packar	to pack; to stow things into a pack e.g. as to be able to…	/ˈpakːar/
4453	problemen	a problem, an issue	/prɔˈbleːmɛn/
4454	diskuterar	to discuss	/ˈdɪskʉˌteːrar/
4455	stirra	to stare	/ˈstɪra/
4456	kvarteret	city block	/ˈkvatɛrɛt/
4457	flyget	airplane flight	/ˈflyːɡɛt/
4458	vård	care, treatment	/voːrd/
4459	bacon	bacon, streaky bacon	/ˈbakuːn/
4460	utrustningen	equipment	/ˈʉtrɵstˌnɪŋɛn/
4461	färger	colour; the spectral composition of visible light	/ˈfɛrjɛr/
4462	saknad	to miss, to lack, to want, to be without	/ˈsɑːknad/
4463	värdighet	dignity, worthiness	/²vɛːrdɪɡˌheːt/
4464	medicinska	medical	/ˈmeːdiːˌsɪnska/
4465	vidrigt	disgusting, repulsive, vile	/ˈvɪdrɪkt/
4466	skiljas	to separate, to part ways	/²ɧɪljas/
4467	stål	steel	/ˈstoːl/
4468	ducka	to duck	/ˈdɵkːa/
4469	läsk	Carbonated soft drink; soda, pop, fizzy drink	/lɛsk/
4470	åtgärder	an action, a measure	/ˈoːtjɛːrdɛr/
4471	inta	to enter, to conquer, to take into possession	/ˈɪnta/
4472	spränger	to blow up, to blast explode	/ˈsprɛŋɛr/
4473	tradition	tradition	/tradɪˈɧuːn/
4474	smutsig	dirty	/ˈsmʉtsɪɡ/
4475	olyckshändelse	accident	/ˈuːlyksˌhɛndɛlsɛ/
4476	föreställningen	an idea, a notion, a conception	/ˈføːrɛsˌtɛlnɪŋɛn/
4477	offrets	a sacrifice	/ˈɔfrɛts/
4478	matte	weak, listless	/ˈmatːɛ/
4479	svenska	Swedish; of or pertaining to Sweden or the Swedish language	/²svɛnska/
4480	krama	to hug	/ˈkrɑːma/
4481	däremot	on the other hand, however	/ˌdɛːrɛˈmuːt/
4482	ekonomi	economy	/ˈɛkuːˌnɔːmiː/
4483	sjukdomen	disease, illness	/ˈsxʉkduːmɛn/
4484	kid	fawn	/ˈɕiːd/
4485	maffian	a mafia	/ˈmafiːˌan/
4486	tillträde	access	/ˈtɪltrɛːdɛ/
4487	odjur	monster, beast	/²uːˌjʉːr/
4488	kanten	an edge; border; rim	/ˈkantɛn/
4489	ambassadör	an ambassador	/ˌɑmbɑˈsɑdøːr/
4490	onödigt	unnecessary, not needed	/ˈuːnøːˌdɪkt/
4491	skräck	fear, terror, horror	/ˈskrɛk/
4492	kopior	a copy, a reproduction, a duplicate	/ˈkɔpiːˌuːr/
4493	toalett	a toilet	/tuːaˈlɛt/
4494	syre	oxygen	/ˈsyːˌrɛ/
4495	brådskande	needing to be done soon; urgent	/ˈbroːdskandɛ/
4496	trä	wood	/trɛː/
4497	symbol	symbol	/ˈsymbuːl/
4498	sviker	to betray, to let down, to disappoint	/ˈsviːkɛr/
4499	trygga	safe, secure	/ˈtryɡa/
4500	förändrade	to change, to alter	/ˈføːrɛnˌdradɛ/
4501	tråkiga	unpleasant, unfortunate	/ˈtroːkɪˌɡa/
4502	häxan	a witch	/ˈhɛːksan/
4503	federala	federal	/ˈfeːdeːˌrala/
4504	fyll	to fill, to make full	/ˈfyl/
4505	vägnar	on someone's behalf	/ˈvɛɡnar/
4506	erbjudandet	offer; a proposal that has been made	/ˈɛrbjʉˌdandɛt/
4507	välsignelse	blessing	/ˈvɛlsɪŋˌnɛlsɛ/
4508	störde	to disturb, to confuse or irritate, to interfere, to make…	/ˈstœrdɛ/
4509	intressen	interest	/ˈɪntrɛsɛn/
4510	lakan	a sheet	/ˇlɑːkan/
4511	beskydd	protection	/bɛsˈxyd/
4512	bricka	a tray	/ˈbrɪkːa/
4513	barndom	childhood	/ˈbɑːrndɔm/
4514	lektionen	lesson	/lɛksˈxuːnɛn/
4515	halvvägs	halfway, midway	/ˈhalvɛɡs/
4516	skick	condition, state	/ˈsxɪk/
4517	förräderi	treason, treachery, perfidy	/ˈfœrɛːdɛˌriː/
4518	föraren	a driver vehicle	/ˈføːrarɛn/
4519	ficka	a pocket	/ˈfɪˌkːa/
4520	blöt	wet	/ˈbløːt/
4521	morsa	mother	/²mʊʂa/
4522	tragiskt	tragically	/ˈtrɑːɡɪskt/
4523	råkat	to happen to do, to accidentally do; do without purpose or…	/ˈroːkat/
4524	trafiken	traffic	/traˈfiːkɛn/
4525	skrivet	written, signed	/ˈskriːvɛt/
4526	tonåring	a teenager	/ˈtuːnoːˌrɪŋ/
4527	regnar	to rain	/rɛŋˈnar/
4528	skåpet	a cabinet, a cupboard, a locker	/ˈskoːpɛt/
4529	jan	alternative form of jan.: abbreviation of januari	/ˈjɑːn/
4530	världar	world	/ˈvɛːrdar/
4531	tagen	a grip, a hold	/ˈtɑːɡɛn/
4532	pjäs	a play, a piece	/pjɛːs/
4533	föreslå	to suggest; to ask for without demanding	/ˈføːrɛˌsloː/
4534	sängs	a bed	/ˈsɛŋs/
4535	framgångsrik	successful	/ˈframɡɔŋˌsriːk/
4536	omdöme	judgment, opinion	/ˈɔmdøːmɛ/
4537	varandras	each other's	/ˈvaranˌdras/
4538	riskabelt	risky, dangerous	/ˈrɪskabɛlt/
4539	lådor	a box, a case	/ˈloːduːr/
4540	tryckte	to press, to push	/ˈtryktɛ/
4541	uppfattning	an opinion, a standpoint, a understanding	/ˈɵpfatˌnɪŋ/
4542	föreställ	to present, to show, to depict	/ˈføːrɛsˌtɛl/
4543	tillgångar	supply	/ˈtɪlɡɔˌŋar/
4544	västra	western; synonym to västlig, this form is used in definite…	/ˈvɛstra/
4545	vägarna	a road	/ˈvɛːɡarˌna/
4546	kräk	someone despicable, scum	/krɛːk/
4547	ko	cow; female cattle	/kuː/
4548	besättning	a crew, complement, hands; a collection of people who take…	/bɛˈsɛtnɪŋ/
4549	hota	to threaten	/ˈhuːta/
4550	rysk	Russian; of or pertaining to Russia or the Russian language	/ˈrʏsːk/
4551	dödliga	deadly, fatal, lethal	/ˈdœdliːˌɡa/
4552	rökte	to smoke	/ˈrøːktɛ/
4553	blått	blue	/blɔtː/
4554	bostad	a home, a house, an apartment, a residence	/²buːˌstɑːd/
4555	släpps	a release or releasing	/ˈslɛps/
4556	medans	while	/meːˈdans/
4557	backar	to reverse, to move or drive a vehicle backwards	/ˈbakːar/
4558	love	wrist	/ˈloːvɛ/
4559	fransk	French	/fransk/
4560	begåvad	talented, gifted	/bɛˈɡoːvad/
4561	himla	awfully, terribly, very	/ˈhɪmla/
4562	kö	a queue	/køː/
4563	kål	cabbage; edible plants of the species Brassica oleracea;…	/koːl/
4564	prick	on the dot, exactly, sharp	/ˈprɪk/
4565	anmälde	reported	/ˈanmɛldɛ/
4566	nix	nope	/ˈniːks/
4567	stressad	to hurry under heavy stress; to move quickly or do things…	/ˈstrɛsad/
4568	stunder	while	/ˈstɵndɛr/
4569	inomhus	inside, indoors	/ˈiːnɔmˌhʉs/
4570	poliserna	police	/pɔˈliːsɛrˌna/
4571	filer	a file	/ˈfiːlɛr/
4572	sträck	row, straight	/ˈstrɛk/
4573	presenterar	to present	/prɛˈsɛnteːˌrar/
4574	vansinnigt	mad, insane	/ˈvansɪˌnɪkt/
4575	last	cargo	/last/
4576	sämsta	bad	/ˈsɛmsta/
4577	imponera	to impress; to affect someone strongly and favorably	/ˈɪmpuːˌneːra/
4578	sparat	to save, to store for future use	/ˈspɑːrat/
4579	strategi	a strategy	/ˈstratɛˌjiː/
4580	angenämt	pleasantly	/ˈaŋɛˌnɛmt/
4581	skilda	definite singular	/ˈsxɪlda/
4582	slicka	to lick	/²slɪkːa/
4583	student	a student	/stɵˈdɛnt/
4584	stygg	naughty, mean, bad misbehaving or acting badly	/ˈstyːɡ/
4585	nämligen	namely, that is to say	/ˈnɛmlɪˌɡɛn/
4586	köttet	meat, flesh	/ˈɕœtɛt/
4587	mes	a tit, a small bird	/meːs/
4588	gömställe	hiding place, hideout	/ˈjœmstɛlɛ/
4589	sal	a large room, a hall	/ˈsɑːl/
4590	bart	bare, uncovered; not covered by e.g. clothes, fur or a snow…	/ˈbɑːt/
4591	pank	broke	/ˈpaŋk/
4592	bortsett	to disregard, to neglect; not to include something in one's…	/ˈbɔtsɛt/
4593	förrådde	betrayed	/ˈfœrɔdɛ/
4594	hoppsan	Acknowledging a mistake or expressing surprise; oops,…	/ˈhɔpsan/
4595	funderade	to ponder	/ˈfɵndeːˌradɛ/
4596	britterna	a Brit	/ˈbrɪtːɛrˌna/
4597	luren	a simple, straight horn	/ˈlʉrɛn/
4598	ambassaden	an embassy	/ˈambaˌsadɛn/
4599	hotet	threat	/ˈhuːtɛt/
4600	teatern	theatre	/teˈɑː.tɛrn/
4601	inspelningen	recording, filming	/ˈɪnspeːlˌnɪŋɛn/
4602	styrkor	strength	/ˈstyrkuːr/
4603	underkläder	underpants and bras: underwear	/ˈɵndɛrˌklɛːdɛr/
4604	överraskningar	a surprise	/ˈøːvɛˌrasknɪˌŋar/
4605	faran	a danger	/ˈfɑːran/
4606	kylen	a fridge, a refrigerator	/ˈɕyːlɛn/
4607	misslyckats	to fail	/ˈmɪslyˌkːats/
4608	kontant	with cash; with coins and banknotes	/ˈkɔntant/
4609	försent	too late	/ˈfœʂɛnt/
4610	provat	to try, to make an attempt; to sample	/ˈpruːvat/
4611	bekymrad	worried	/bɛˈkymrad/
4612	överväga	to consider, to weigh over; to evaluate multiple options	/ˈøːvɛrˌvɛːɡa/
4613	hörn	a corner; the point where two converging lines meet; an…	/ˈhœrn/
4614	stöta	to hit something with a short, sharp impact; to bump, etc	/²støːta/
4615	konstapel	constable	/ˈkɔnstapɛl/
4616	doften	smell; scent, odor, fragrance	/ˈdɔftɛn/
4617	röran	a mess, a disorder	/ˈrøːran/
4618	cowboy	a cowboy	/ˈkaʊ̯bɔj/
4619	hastighet	velocity	/ˈhastɪɡˌheːt/
4620	aska	ashes, ash	/ˈaska/
4621	permanent	perm, permanent	/ˈpɛrmaˌnɛnt/
4622	råka	rook	/ˈroːka/
4623	leverans	delivery, the act of delivering	/ˌlɛvɛˈrans/
4624	möttes	to meet	/ˈmœtːɛs/
4625	buren	to carry; to lift and transport anywhere else	/¹bʉːrɛn/
4626	explodera	to explode	/ˈɛkspluːˌdeːra/
4627	presidentens	a chairman, presiding member of an assembly, e.g. a court…	/ˈpreːsiːˌdɛntɛns/
4628	sjukdomar	disease, illness	/ˈsxʉkduːˌmar/
4629	tillåt	to allow, to permit	/ˈtɪloːt/
4630	rädslan	fear	/ˈrɛdslan/
4631	studion	studio	/ˈstʉdiːˌuːn/
4632	förändrades	to change, to alter	/ˈføːrɛnˌdradɛs/
4633	mus	mouse; small rodent of the genus Mus; especially species…	/mʉːs/
4634	förvänta	to expect	/ˈfœrvɛnˌta/
4635	såsom	as, like	/ˈsoːsɔm/
4636	självisk	selfish	/ˈsxɛlvɪsk/
4637	kvinnlig	feminine	/ˈkvɪnlɪɡ/
4638	anfalla	to attack	/ˈanˌfalːa/
4639	görs	to do	/ˈjœʂ/
4640	sprängde	to blow up, to blast explode	/ˈsprɛŋdɛ/
4641	rektor	headmaster or headmistress; headteacher	/ˈrɛktɔr/
4642	stöld	theft	/ˈstœld/
4643	fokus	a focus	/ˈfuːkɵs/
4644	skylten	a sign	/ˈsxyltɛn/
4645	docka	a doll, a puppet	/ˈdɔkːa/
4646	välgörenhet	charity, philanthropy	/ˈvɛljøːˌreːnheːt/
4647	häcken	a hedge	/ˈhɛkːɛn/
4648	giftet	marriage	/ˈjɪftɛt/
4649	seriös	serious	/ˈseːriːˌøːs/
4650	trettio	thirty	/²trɛtɪ.ʊ/
4651	trapporna	staircase, stairway, stairs, flight of stairs	/ˈtrapuːrˌna/
4652	mediciner	medicine	/ˌmeːdiːˈsiːnɛr/
4653	frugan	a wife	/ˈfrʉɡan/
4654	fult	ugly	/ˈfɵlt/
4655	spruta	something that emits a jet of liquid; a sprayer, a squirt	/²sprʉːta/
4656	vartenda	every single	/ˈvatɛnˌda/
4657	slips	a tie, a necktie	/ˈslɪps/
4658	dödsfall	a death	/ˈdœdsfal/
4659	direktör	manager; boss or leader	/dɪrɛkˈtøːr/
4660	paradiset	paradise	/ˈpɑːraˌdiːsɛt/
4661	inifrån	from within, from the inside	/ˈiːnɪˌfroːn/
4662	romantisk	romantic	/ˈruːmanˌtɪsk/
4663	smyger	to sneak, to creep, to steal	/ˈsmyːɡɛr/
4664	utforska	to explore	/ˈʉtfɔʂˌka/
4665	korpral	a corporal	/ˈkuːrpral/
4666	krona	a crown	/ˈkruːˌna/
4667	sjunde	seventh	/ˈɧɵnˌdɛ/
4668	or	any mite in the superfamily Acaroidea, order Astigmata	/ˈuːr/
4669	stötta	a support, a pillar	/ˈstœtːa/
4670	udda	odd; not divisible by 2	/ˈɵda/
4671	nådde	to reach, attain	/ˈnɔdɛ/
4672	försenad	delayed	/ˈfœʂɛˌnad/
4673	direktören	manager; boss or leader	/ˈdɪrɛkˌtøːrɛn/
4674	segla	to sail	/²seːɡla/
4675	soporna	a container for garbage	/ˈsuːpuːrˌna/
4676	teorin	theory; an unproven conjecture	/ˌteːuːˈriːn/
4677	sexiga	sexy	/ˈsɛksiːˌɡa/
4678	anklagelser	accusation, allegation, charge	/ˈaŋklɑːˌɡɛlsɛr/
4679	israel	Israeli; person from Israel	/ɪsraˈeːl/
4680	modet	courage	/ˈmuːdɛt/
4681	vinnaren	winner	/ˈvɪnarɛn/
4682	perspektiv	a perspective	/ˈpɛʂpɛkˌtiːv/
4683	upplevelse	an event	/ˈɵplɛˌvɛlsɛ/
4684	områden	a sphere	/ˈɔmroːdɛn/
4685	trappa	staircase, stairway, stairs, flight of stairs	/²trapa/
4686	laddar	to load	/ˈladar/
4687	förälder	a parent	/fœr¹ɛldær/
4688	häxor	a witch	/ˈhɛːksuːr/
4689	väktare	guard, member of security	/ˈvɛktarɛ/
4690	skön	comfortable, pleasurable	/ɧøːn/
4691	aktivitet	an activity	/ˈaktiːˌviːteːt/
4692	simmar	to swim	/²sɪmːar/
4693	hördu	hey, say, listen	/ˈhœrdʉ/
4694	gömd	to hide, to conceal	/ˈjœmd/
4695	undergång	the end; destruction, doom, ruin, etc., downfall	/ˈɵndɛrˌɡɔŋ/
4696	gläder	to make happy, to gladden, to cheer	/ˈɡlɛːdɛr/
4697	protest	protest	/ˈpruːtɛst/
4698	tokiga	humorously crazy, nutty	/ˈtuːkɪˌɡa/
4699	tjallare	an informer, a snitch, a rat	/ˈɕalarɛ/
4700	fjol	only used in i fjol	/fjuːl/
4701	domstol	a court of law, a court of justice	/ˈdɔmstuːl/
4702	vind	bent, twisted, warped	/vɪnd/
4703	anföll	to attack	/anˈfœl/
4704	jätte	jotun; a mythical humanoid creature, originally human-sized…	/ˈjɛtːɛ/
4705	vänjer	to get used, to get accustomed	/ˈvɛnjɛr/
4706	relationer	relation; how two things may be associated	/ˌreːlasˈxuːnɛr/
4707	målar	to paint layer of paint	/²moːlar/
4708	övertygande	to convince	/ˌøːvɛˈtyːɡandɛ/
4709	kristna	to Christianize, to make convert to Christianity	/ˈkriːstna/
4710	diamanter	diamond	/ˈdiːaˌmantɛr/
4711	skinn	skin	/ɧɪnː/
4712	trosor	panties, underpants	/ˈtruːsɔr/
4713	stoppat	to stop	/ˈstɔpat/
4714	ledsna	sad	/²lɛsna/
4715	utveckling	development	/ˈʉtvɛˌklɪŋ/
4716	bro	a bridge	/bruː/
4717	förmågan	ability, skill	/ˈfœrmoːˌɡan/
4718	syskon	a sibling	/sysˈkuːn/
4719	grottan	a cave	/ˈɡrɔtːan/
4720	salu	sale, selling	/ˈsɑːlʉ/
4721	uttryck	expression; a particular way of phrasing an idea	/ʉːttrʏkː/
4722	mystiska	mysterious, arcane, strange	/ˈmystɪsˌka/
4723	rekommenderar	to recommend	/ˈreːkɔˌmɛndeːˌrar/
4724	lagat	to repair	/ˈlɑːɡat/
4725	husdjur	a pet	/ˈhʉːsˌjʉːr/
4726	utvecklas	to develop	/ˈʉtvɛˌklas/
4727	flyter	to float; of an object or substance, to be supported by a…	/ˈflyːtɛr/
4728	liter	liter	/ˈliːtɛr/
4729	utgör	constitute, consist	/ˈʉtjøːr/
4730	villa	a villa, a house	/²vɪla/
4731	delarna	part; share	/ˈdeːlarˌna/
4732	människors	a human, a human being	/ˈmɛnɪsˌxɔʂ/
4733	mjuk	soft	/mjʉːk/
4734	id	An ID	/iːd/
4735	kärring	old woman	/ˈɕɛrɪŋ/
4736	intresserar	to interest	/ˈɪntrɛˌseːrar/
4737	förbannelsen	a curse	/ˈfœrbaˌnɛlsɛn/
4738	ho	a trough; a long container for feeding or watering animals	/ˈhuː/
4739	fysiska	physical; having to do with the body or the material world	/ˈfyːsɪsˌka/
4740	kistan	a chest	/ˈɕɪstan/
4741	nyhet	a piece of news	/ˈnyːheːt/
4742	skägg	beard; facial hair on chin, cheeks and jaw	/ɧɛɡː/
4743	smycken	a piece of jewelry	/ˈsmykːɛn/
4744	jon	ion; an electrically charged atom or molecule	/ˈjuːn/
4745	försäkring	insurance	/ˈfœʂɛˌkrɪŋ/
4746	komplimang	a compliment	/ˈkɔmpliːˌmaŋ/
4747	gitarr	a guitar	/jɪˈtar/
4748	dräkt	clothing, costume, dress	/drɛkt/
4749	naturliga	natural	/ˈnaˈtʉrliːˌɡa/
4750	skottet	a shot	/ˈskɔtɛt/
4751	cellen	cell; a room in a prison	/ˈsɛlɛn/
4752	get	goat	/jeːt/
4753	viktigast	important	/ˈvɪktiːˌɡast/
4754	lurat	to trick, to fool, to deceive, to lure	/ˈlʉrɑːt/
4755	piano	a piano	/ˈpjɑːnʊ/
4756	nåns	pronunciation spelling of någon	/ˈnoːns/
4757	utveckla	to develop	/ˈʉtvɛˌkla/
4758	kamrater	friend, mate, companion	/ˈkamrɑːtɛr/
4759	sällsynt	scarce, rare, uncommon	/²sɛlˌsyːnt/
4760	anteckningar	a note, a memorandum	/ˈantɛkˌnɪŋar/
4761	banden	ribbon, tape, strip of material	/ˈbandɛn/
4762	besvara	to reply	/bɛsˈvɑːra/
4763	ovanlig	unusual	/ˈuːvaˌnlɪɡ/
4764	åklagare	a prosecutor	/ˈoːklɑːˌɡarɛ/
4765	kommunikation	communication	/ˌkɔmɵˌnɪkasˈxuːn/
4766	förare	a driver vehicle	/ˈføːrarɛ/
4767	knackar	to knock; to rap one's knuckles against something, e.g.…	/ˈknakːar/
4768	stoppas	to stop	/ˈstɔpas/
4769	medge	to admit; to concede as true	/ˈmɛdjɛ/
4770	höjer	to raise; make something higher	/ˈhøːjɛr/
4771	gruvan	mine	/ˈɡrʉvan/
4772	överstökat	done, completed, over	/ˈøːvɛʂˌtøːkat/
4773	firma	a firm, a company	/ˈfɪrma/
4774	medvetande	consciousness	/meːdˈveːtandɛ/
4775	förvandla	to turn, to transform, to convert	/ˈfœrvanˌdla/
4776	bita	to bite	/ˈbiːta/
4777	delvis	partially, in part	/ˈdeːlviːs/
4778	förgäves	in vain, for nothing	/fœrˈjɛːvɛs/
4779	bana	a trajectory, a course, a path	/²bɑːna/
4780	rektorn	headmaster or headmistress; headteacher	/ˈrɛktuːrn/
4781	tackade	to thank	/ˈtakːadɛ/
4782	lurad	to trick, to fool, to deceive, to lure	/ˈlʉrad/
4783	bevakar	to watch, to guard	/bɛˈvɑːkar/
4784	knep	a trick	/ˈkneːp/
4785	best	beast	/ˈbɛst/
4786	reporter	reporter	/ˈreːpuːtɛr/
4787	behandlas	to treat, to process	/bɛˈhandlas/
4788	familjens	family	/faˈmɪljɛns/
4789	global	global, spanning the entire globe, the whole world,…	/ˈɡluːbal/
4790	snön	snow; frozen, crystalline water falling as precipitation	/snœnː/
4791	nätverk	a network	/ˈnɛːtvɛrk/
4792	halsband	necklace	/ˈhalsband/
4793	menat	to mean; to convey, or to want to convey	/ˈmeːnat/
4794	stödja	to support	/ˈstœdja/
4795	kliver	to take one or more big steps, to step, to stride	/ˈkliːvɛr/
4796	snodde	to twist; to turn the ends of something, usually thread,…	/ˈsnɔdɛ/
4797	fronten	The front end or side of something	/ˈfrɔntɛn/
4798	vänt	fair, beautiful	/ˈvɛnt/
4799	internationella	international	/ˌɪntɛrnasˈxuːnɛˌla/
4800	vägg	a wall	/vɛɡ/
4801	agerar	to act	/ˈaɡeːˌrar/
4802	modiga	brave, courageous	/ˈmuːdiːˌɡa/
4803	potatis	a potato	/pʊˈtɑːtɪs/
4804	sammanträffande	coincidence	/ˈsamanˌtrɛfandɛ/
4805	sidorna	side; a bounding straight edge or surface	/ˈsiːduːrˌna/
4806	notan	a bill received at a restaurant, pub or similar, specifying…	/ˈnuːtan/
4807	avtryck	an impression, an imprint	/ˈavtryk/
4808	sändning	delivery, the act of delivering	/ˈsɛndnɪŋ/
4809	euro	the euro; the currency	/¹ɛ͡ɵrʊ/
4810	resor	an instance of traveling, "a travel"; a trip, a journey, a…	/ˈreːsɔr/
4811	förmågor	ability, skill	/ˈfœrmoːˌɡʊr/
4812	dikt	poem	/dɪkt/
4813	torr	dry	/ˈtɔr/
4814	exploderade	exploded	/ˈɛkspluːˌdeːradɛ/
4815	julafton	Christmas Eve	/ˈjʉlafˌtuːn/
4816	bidrag	a contribution	/ˈbɪdrɑːɡ/
4817	yr	dizzy	/yːr/
4818	potential	potential	/ˈpuːtɛnˌtiːal/
4819	kräva	crop, craw	/ˈkrɛːva/
4820	femtio	fifty; the number 50	/²fɛmtɪ.ʊ/
4821	skippa	to skip	/ˈsxɪpa/
4822	sko	a shoe	/skuː/
4823	målade	painted	/ˈmoːladɛ/
4824	gräns	bound, boundary; the border of a territory	/ˈɡrɛns/
4825	väskor	a bag	/ˈvɛskuːr/
4826	blandar	to mix	/ˈblandar/
4827	stegen	a step	/ˈsteːjɛn/
4828	grymma	cruel	/ˈɡryma/
4829	pjäsen	a play, a piece	/ˈpjɛːsɛn/
4830	otäckt	unpleasant	/ˈuːtɛkt/
4831	moderna	in fashion	/ˈmuːdɛrˌna/
4832	ide	a den for hibernation	/ˈiːdɛ/
4833	hittas	to find	/ˈhɪtːas/
4834	maskiner	machine	/masˈxiːnɛr/
4835	filmade	to film; to record a motion picture	/ˈfɪlmadɛ/
4836	mammor	mom, mum, mother	/ˈmamuːr/
4837	legend	a legend	/le.ɡend/
4838	eftermiddagen	afternoon	/ˈɛftɛrˌmɪdɑːˌɡɛn/
4839	turen	a tour; a journey through a building, estate, country etc	/ˈtʉrɛn/
4840	skurkar	a crook person	/ˈskɵrkar/
4841	gällande	valid, current, relevant	/ˈjɛlandɛ/
4842	utöver	in addition to, apart from	/ˈʉtøːvɛr/
4843	kök	a kitchen	/ɕøːk/
4844	dödligt	deadly, fatal, lethal	/ˈdœdlɪkt/
4845	rumpan	a butt, a backside, a rump	/ˈrɵmpan/
4846	stöt	a sharp impact; an impact, a shock, a jolt, a bump, a…	/støːt/
4847	tält	tent; a pavilion or portable lodge	/ˈtɛlt/
4848	konsekvenserna	a consequence	/ˈkɔnsɛkˌvɛnsɛrˌna/
4849	påstå	to claim, to state	/ˈpoːstoː/
4850	gymnasiet	gymnasium; upper secondary school: either theoretical or…	/ˈjymnaˌsiːɛt/
4851	hamburgare	a hamburger	/ˈhambɵrˌɡarɛ/
4852	kol	carbon	/koːl/
4853	musiker	musician	/mʉˈsiːkɛr/
4854	värden	a host	/ˈvæːɖɛn/
4855	gräl	argument; row	/ɡrɛːl/
4856	dos	dose	/duːs/
4857	kryp	a bug	/ˈkryːp/
4858	taxin	taxi	/takˈsiːn/
4859	lovande	to promise	/ˈloːvandɛ/
4860	blivande	to become	/ˈbliːvandɛ/
4861	båtar	a boat	/ˈboːtar/
4862	bekväm	comfortable	/bɛkˈvɛːm/
4863	därnere	down there	/ˈdɛrnɛrɛ/
4864	ikapp	as a race, by racing, competitively	/ˈiːkap/
4865	centimeter	a centimetre	/sɛntɪˈmeːtɛr/
4866	tränat	to exercise, to practice; to perform activities to develop…	/ˈtrɛːnat/
4867	ratten	a steering wheel	/ˈrɑːtːɛn/
4868	tugga	a bite food put into the mouth at once	[ˈtɵˌɡːa]
4869	systers	a sister	/sysˈtɛʂ/
4870	attackerar	to attack	/ˈatːakːɛˌrar/
4871	intelligens	intelligence; capacity of mind or a form of life with such…	/ˈɪntɛˌlɪɡɛns/
4872	texten	text	/ˈtɛkstɛn/
4873	skadas	scathe; damage, an injury, a harm, a wound	/ˈskɑːdas/
4874	kommentar	a comment	/ˈkɔmɛnˌtɑːr/
4875	schema	a schedule	/ˈɧeːma/
4876	framsidan	a front side; a face	/ˈframsiːˌdan/
4877	serien	a sequence of things or events	/ˈseːriːɛn/
4878	polisens	police	/pɔˈliːsɛns/
4879	skadorna	scathe; damage, an injury, a harm, a wound	/ˈskɑːduːrˌna/
4880	älskad	to love	/ˈɛlskad/
4881	timmarna	an hour	/ˈtɪmarˌna/
4882	generös	generous	/ɧɛnɛˈrøːs/
4883	svaren	answer, response, reply	/ˈsvɑːrɛn/
4884	utomhus	outside, outdoors	/ˈʉtɔmˌhʉs/
4885	affärsman	a businessman	/ˈafæʂˌman/
4886	hakan	chin	/ˈhɑːkan/
4887	pommes	short for pommes frites, fries, chips	/ˈpɔmɛs/
4888	fönstren	a window	/ˈfœnstrɛn/
4889	miljö	environment	/mɪlˈjøː/
4890	rökt	to smoke	/ˈrœkt/
4891	hyrde	rent	/ˈhyrdɛ/
4892	erkännande	to admit	/ˈɛrɕɛˌnandɛ/
4893	tekniken	a technique	/tɛkˈniːkɛn/
4894	sinnen	a sense	/ˈsɪnɛn/
4895	smälter	to melt; to thaw	/ˈsmɛltɛr/
4896	bytet	a change; changing	/ˈbyːtɛt/
4897	luckan	a gap, a hole, an open slot, a small empty room	/ˈlɵkːan/
4898	ärenden	a matter, an errand, an issue, a task, a work item	/ˈɛːrɛndɛn/
4899	godkänt	approved, certified	/ˈɡuːdɕɛnt/
4900	växeln	change	/ˈvɛksɛln/
4901	sörjer	to grieve, to mourn	/ˈsœrjɛr/
4902	farten	speed	/ˈfɑːtɛn/
4903	moral	morality	/ˈmuːral/
4904	bältet	a belt – compare rem	/ˈbɛltɛt/
4905	senaten	senate	/ˈseːnatɛn/
4906	blott	merely, just	/blɔtː/
4907	försörja	to support, to provide for	[fœ̞ˈʂœ̞rːja]
4908	samlat	to collect, to gather, to organize	/ˈsamlat/
4909	behöll	to keep; to maintain possession of	/bɛˈhœl/
4910	nigger	nigger, a variant of neger	/ˈnɪɡːer/
4911	därmed	thereby	/ˈdɛrmɛd/
4912	universitet	university	/ɵn.ɪ.vɛʂ.ɪˈteːt/
4913	våldsamma	violent	/ˈvoːldsaˌma/
4914	stött	bumped, knocked, chipped	/ˈstœt/
4915	galenskap	madness	/ˈɡɑːlɛnsˌkɑːp/
4916	uppförande	building	/ˈɵpføːˌrandɛ/
4917	kåt	horny	/koːt/
4918	föreställning	an idea, a notion, a conception	/ˈføːrɛsˌtɛlnɪŋ/
4919	räkning	counting	/ˈrɛːknɪŋ/
4920	krävde	to demand, to forcefully request	/ˈkrɛvdɛ/
4921	svära	to swear, to curse; to use offensive language	/ˈsvɛːra/
4922	bränn	to burn with fire	/ˈbrɛn/
4923	nazisterna	a Nazi	/ˈnɑːsɪsˌtɛrna/
4924	politisk	political, having to do with politics	/ˈpuːliːˌtɪsk/
4925	tjuvar	a thief	/ˈɕʉvar/
4926	terapeut	a therapist	/tæraˈpɛvt/
4927	begravde	interred, buried	/ˈbɛɡrɑːvdɛ/
4928	mängder	an amount; a quantity or a volume	/ˈmɛŋdɛr/
4929	psykolog	a psychologist	/ˌpsyːkuːˈloːɡ/
4930	generationer	a generation	/jɛˌneːrasˈxuːnɛr/
4931	beskydda	to protect	/bɛˈɧʏda/
4932	lektioner	lesson	/lɛksˈxuːnɛr/
4933	mysterium	a mystery	/ˈmystɛˌriːʉm/
4934	orange	orange	/ʊˈranɕ/
4935	utmana	to challenge	/ˈɵtmaˌna/
4936	magisk	magic, magical	/ˈmɑːɡɪsk/
4937	karlar	a “real man”, a capable man, a full grown man, karlaktig	/ˈkarlar/
4938	våldtäkt	rape	/ˈvoːldtɛkt/
4939	brottet	a break, a snap; an instance of something breaking	/ˈbrɔtɛt/
4940	skyndar	to hurry; to move quickly, to do something quickly	/ˈsxyndar/
4941	stämde	to agree, to correspond, to tally, to be correct	/ˈstɛmdɛ/
4942	avsikter	an intention, an intent, a purpose	/ˈɑːvsɪktɛr/
4943	spola	to flush flow over, usually in order clean, and usually at…	/ˈspuːla/
4944	avvakta	to wait, to await, to stand by	/ˈavakˌta/
4945	möjlig	possible	/²mœjlɪ(ɡ)/
4946	aktier	share, stock	/ˈaktiːɛr/
4947	tyckt	to be of the opinion, to think	/ˈtykt/
4948	rörelser	movement	/ˈrøːrɛlsɛr/
4949	jäkligt	indefinite neuter singular of jäklig	/ˈjɛklɪkt/
4950	överlevnad	survival	/ˈøːvɛrˌlɛvnad/
4951	gissning	a guess	/ˈjɪsnɪŋ/
4952	kommentarer	a comment	/ˈkɔmɛnˌtɑːrɛr/
4953	hinder	an obstacle, an obstruction	/ˈhɪndɛr/
4954	förbättra	improve, enhance, make better	/ˈfœrbɛˌtra/
4955	shit	shit, wow, oh, oh my God, said when surprised or shocked	/ˈsxiːt/
4956	mäster	of highest class	/ˈmɛstɛr/
4957	fylld	to fill, to make full	/ˈfyld/
4958	timma	alternative form of timme	/²tɪma/
4959	märkliga	strange, peculiar	/ˈmɛrkliːˌɡa/
4960	burk	pot, can, jar; an inflexible vessel, usually with lid and…	/ˈbɵrk/
4961	studerat	to study	/ˈstʉdeːˌrat/
4962	oväsen	unpleasant and usually loud noise; din, racket	/ˈuːvɛːsɛn/
4963	lagret	a store, a warehouse	/ˈlɑːɡrɛt/
4964	böner	A practice of communicating with one's God	/²bøːnɛr/
4965	rättvis	just, fair	/ˈrɛtviːs/
4966	färre	few	/ˈfɛrɛ/
4967	fatt	in the expression i fatt, see ifatt and ikapp	/ˈfat/
4968	nation	nation, country, state	/natˈɧuːn/
4969	beslöt	to decide, to make a decision	/bɛˈsløːt/
4970	pannan	forehead, brow	/ˈpanan/
4971	negativt	less than zero	/ˈneːɡaˌtɪvt/
4972	grepp	a grip	/ˈɡrɛp/
4973	misshandel	deliberately causing bodily harm to someone; beating…	/ˈmɪshandɛl/
4974	kvinnas	a woman	/kvinːˌas/
4975	drogerna	a drug, a narcotic	/ˈdroːɡɛrˌna/
4976	begärt	requested	/bɛˈjɛt/
4977	vargen	wolf	/ˈvarjɛn/
4978	psykopat	a psychopath	/ˈpsyːkuːˌpat/
4979	bönor	a bean	/²bøːnʊr/
4980	viktor	The letter "V" in the Swedish spelling alphabet	/ˈvɪktɔr/
4981	överlämnar	to hand over, to deliver	/ˈøːvɛrˌlɛmnar/
4982	operera	to operate, to work, to function	/ˈuːpɛˌreːra/
4983	förberett	to prepare	/ˈfœrbɛˌrɛt/
4984	metall	metal	/ˈmɛtal/
4985	bakifrån	from behind	/ˈbɑːkɪˌfroːn/
4986	kidnappad	to kidnap	/ˈɕɪdnaˌpad/
4987	skolor	school	/ˈskuːlɔr/
4988	federal	federal	/ˈfeːdeːˌral/
4989	studerade	definite singular	/ˈstʉdeːˌradɛ/
4990	källare	basement	/ˈɕɛlˌarɛ/
4991	skoja	to joke, to play jokes, to prank	/ˈskuːja/
4992	helig	holy	/ˈheːˌlɪɡ/
4993	bruna	brown	/ˈbrɵna/
4994	kass	very bad, crap	/ˈkas/
4995	störd	to disturb, to confuse or irritate, to interfere, to make…	/ˈstœrd/
4996	garanterar	to guarantee	/ɡaˈranteːˌrar/
4997	sög	to suck	/ˈsøːɡ/
4998	begravd	interred, buried	/ˈbɛɡrɑːvd/
4999	säsongen	a season	/ˈsɛːsɔŋɛn/
5000	smör	butter	/smøːr/
5001	damm	dust	/dam/
5002	tortyr	torture	/ˈtuːtyːr/
5003	fruktansvärd	horrific, dreadful	/ˈfrɵktansˌvɛːrd/
5004	anställde	employed, hired	/ˈanstɛldɛ/
5005	mobiltelefon	a cell phone, a mobile phone	/²mʊˈbiːltɛlɛfoːn/
5006	överhuvudtaget	at all, whatsoever	/ˈøːvɛrˌhʉvɵdˌtɑːɡɛt/
5007	gator	a street	/ˈɡɑːtɔr/
5008	bögar	a homosexual male; gay, fag, queer, poof	/ˈbøːɡar/
5009	kommendörkapten	a commander	/ˌkɔmɛnˈdœrkaptɛn/
5010	svarat	to answer, to reply, to respond	/ˈsvɑːrat/
5011	tillgänglig	available, accessible	/ˈtɪljɛˌŋlɪɡ/
5012	förfäder	an ancestor, a forefather	/ˈfœrfɛːdɛr/
5013	duktiga	good; talented; capable	/dɵkˈtiːɡa/
5014	omöjlig	impossible	/²uːˌmøjlɪ(ɡ)/
5015	säkrat	to secure, to guarantee	/ˈsɛkrɑːt/
5016	lyckan	joy, happiness	/ˈlykːan/
5017	hämtat	to get, to fetch, to retrieve somewhere	/ˈhɛmtat/
5018	konsekvenser	a consequence	/ˈkɔnsɛkˌvɛnsɛr/
5019	nöd	distress due to lack; need, want, poverty, famine, etc	/ˈnøːd/
5020	sköna	comfortable, pleasurable	/ˈsxøːna/
5021	läxor	homework	/ˈlɛːksuːr/
5022	akut	critical; urgent, an emergency, etc	/aˈkʉːt/
5023	insett	to realize; to become aware of	/ˈɪnsɛt/
5024	daniels	genitive of Daniel	/ˈdaniːˌɛls/
5025	anden	a wild duck	/¹andɛn/
5026	tacksamma	grateful	/ˈtaksaˌma/
5027	aktiv	active	/ˈaktiːv/
5028	helige	holy	/ˈheːliːjɛ/
5029	frisyr	hairstyle, haircut	/ˈfriːsyːr/
5030	beordrade	to order, to direct, to instruct	/ˈbeːuːrˌdradɛ/
5031	folkets	people	/ˈfɔlkɛts/
5032	tränade	to exercise, to practice; to perform activities to develop…	/ˈtrɛːnadɛ/
5033	fånigt	ridiculously, sillily	/ˈfoːnɪkt/
5034	siktar	visibility	/ˈsɪktar/
5035	gps	GPS, Global Positioning System	/ˌɡeːˌpeːˈɛs/
5036	apan	a monkey; an ape	/ˈɑːpan/
5037	ironiskt	ironically	/iːˈroːnɪskt/
5038	påsen	a bag	/ˈpoːsɛn/
5039	bekanta	known, familiar	/bɛˈkanta/
5040	bunden	bound, tied, restricted	/ˈbɵndɛn/
5041	sörja	mud	[²sœ̞rːja]
5042	motor	engine, motor	/ˈmuːtɔr/
5043	gjorts	to do	/ˈjuːrts/
5044	felet	wrong, a mistake	/ˈfeːlɛt/
5045	tryggt	safe, secure	/ˈtryɡt/
5046	stenarna	a stone; a rock	/ˈsteːnarˌna/
5047	leksak	a toy	/ˈlɛksak/
5048	positiv	positive	/ˈpuːsɪˌtiːv/
5049	björnen	a bear	/ˈbjœrnɛn/
5050	marijuana	marijuana	/ˈmɑːriːˌjʉaˌna/
5051	hjälten	a hero, a person of great bravery	/ˈjɛltɛn/
5052	flock	a gaggle	/ˈflɔk/
5053	lånar	to loan, to borrow	/ˈloːnar/
5054	blinda	blind; unable or failing to see	/ˈblɪnda/
5055	stämningen	ambiance	/ˈstɛmnɪŋɛn/
5056	nerför	alternative form of nedför	/ˈnɛrføːr/
5057	brister	lack	/ˈbrɪstɛr/
5058	tyskar	a German	/ˈtyskar/
5059	parkera	park	/ˈparkɛˌra/
5060	center	a centre; a place where some function or activity occurs	/ˈsɛntɛr/
5061	sannerligen	truly, verily, really	/ˈsanɛrˌlɪɡɛn/
5062	servera	to serve, to wait on	/ˈsɛrvɛˌra/
5063	förnuft	rationality, good sense	/ˈfœrnɵft/
5064	anställa	to hire, to employ	/ˈanstɛˌla/
5065	bilda	to form, to create	/ˈbɪlda/
5066	tillfällen	opportunity	/ˈtɪlfɛlɛn/
5067	avskedad	fired, kicked	/ˈɑːvsxɛˌdad/
5068	anklaga	to accuse	/ˈaŋklɑːˌɡa/
5069	självförsvar	self-defense	/sxɛlvˈfœʂvɑːr/
5070	begära	to request, to ask for	/bɛˈjɛːra/
5071	klipp	to cut with scissors, shears, or the like, to clip	/ˈklɪp/
5072	anklagade	accused	/ˈaŋklɑːˌɡadɛ/
5073	apor	a monkey; an ape	/ˈɑːpuːr/
5074	hawaii	Hawaii, Hawaii Island	/ˈhɑːvaˌiːiː/
5075	uppföra	to bring forth, to build	/ˈɵpføːˌra/
5076	evakuera	evacuate; to withdraw from; as, soldiers from a country,…	/ˈeːvaˌkʉɛˌra/
5077	dräkten	clothing, costume, dress	/ˈdrɛːktɛn/
5078	läraren	a teacher	/ˈlɛːrarɛn/
5079	valvet	a vault	/ˈvalvɛt/
5080	kyrkogården	a cemetery, a graveyard	/ˈɕyrkuːˌɡoːrdɛn/
5081	kista	a chest	/ˈɕɪsˌta/
5082	utbrott	an eruption	/²ʉːtˌbrɔt/
5083	storebror	an older brother, a big brother	/ˈstuːrɛˌbruːr/
5084	spegel	a mirror; a smooth reflecting surface	/ˈspeːˌɡɛl/
5085	bur	a cage	/bʉːr/
5086	skiva	a relatively thin, flat object	/²ɧiːˌva/
5087	religiös	religious; concerning religion	/rɛlɪˈɧøːs/
5088	zombie	zombie	/ˈsɔmbɪ/
5089	bränt	to burn with fire	/ˈbrɛnt/
5090	intet	nothing, no	/ˈɪntɛt/
5091	akuten	emergency department, emergency room	/ˈɑːkʉtɛn/
5092	byggdes	to build; to construct	/ˈbyɡdɛs/
5093	aktivera	to activate	/ˈaktiːvɛˌra/
5094	ekonomiska	economic, economical	/ˈɛkuːˌnɔːmɪsˌka/
5095	februari	February	/fɛbrɵˈɑːrɪ/
5096	sanden	sand	/ˈsandɛn/
5097	förskott	an advance, a prepayment	/ˈfœʂkɔt/
5098	träningen	training, exercise	/ˈtrɛːnɪŋɛn/
5099	sallad	salad	/ˈsalːad/
5100	fåglarna	a bird	/ˈfoːɡlarˌna/
5101	ansåg	to be of an opinion, to think, to believe, to feel	/ˈansoːɡ/
5102	värdig	worthy, dignified	/ˈvɛːrdɪɡ/
5103	häck	a hedge	/hɛk/
5104	kassaskåpet	a safe	/ˈkasasˌkoːpɛt/
5105	minuten	minute	/ˈmiːnʉtɛn/
5106	bedragare	fraudster	/ˈbɛdrɑːˌɡarɛ/
5107	motell	a motel, a motor hotel	/ˈmuːtɛl/
5108	greve	a count	/ˈɡrɛvɛ/
5109	besvikelse	a disappointment	/bɛsˈviːkɛlsɛ/
5110	starkaste	strong	/ˈstarkastɛ/
5111	övervaka	to surveil, to monitor, to supervise	/ˈøːvɛrˌvaka/
5112	räkningen	counting	/ˈrɛːknɪŋɛn/
5113	klagomål	a complaint	/ˈklɑːɡuːˌmoːl/
5114	symptom	alternative form of symtom	/ˈsymptɔm/
5115	förvar	a state of being stored or put away somewhere	/ˈfœrvar/
5116	hugger	to strike with something sharp; to stab, to cut, to hew, to…	/ˈhɵɡɛr/
5117	smällen	bang, boom, smack; a sharp, sudden noise; an explosion	/ˈsmɛlɛn/
5118	brett	wide, broad	/ˈbrɛt/
5119	rörande	concerning, regarding	/ˈrøːrandɛ/
5120	bea	synonym of bearnaisesås	/²beːa/
5121	bårhuset	a morgue; a building or room where dead bodies are kept	/ˈboːrhʉsɛt/
5122	online	online	/ˈɒnlaɪn/
5123	rasande	furiously angry, livid	/ˈrɑːsandɛ/
5124	tuggummi	chewing gum	/ˈtɵɡɵˌmiː/
5125	revolutionen	a revolution	/ˌreːvuːlʉsˈxuːnɛn/
5126	muskler	a muscle	/ˈmɵsklɛr/
5127	kidnappning	kidnapping	/ˈɕɪdnapˌnɪŋ/
5128	reagera	to react	/ˈreːaˌɡeːra/
5129	undrat	to wonder	/ˈɵndrat/
5130	åldern	age; how old something or someone is	/ˈoːldɛrn/
5131	ladan	barn, an unheated building used for storage of hay and…	/ˈlɑːdan/
5132	analys	an analysis	/ˈanaˌlyːs/
5133	tidsfråga	a matter of time, a question of time	/ˈtiːdsfroːˌɡa/
5134	avlägsna	to remove; to take away	/ˈavlɛɡsˌna/
5135	långsam	slow	/²lɔŋsam/
5136	intrång	an intrusion, a trespassing, an infringement	/ˈɪntrɔŋ/
5137	väninna	a female friend	/ˈvɛːnɪˌna/
5138	välsigna	to bless	/ˈvɛlsɪŋˌna/
5139	givit	dated form of ge	/ˈjiːviːt/
5140	uppfostra	to teach desirable behavior, to raise	/ˈɵpfɔsˌtra/
5141	poesi	poetry	/ˈpuːɛˌsiː/
5142	stöttar	to support	/ˈstœtːar/
5143	tvillingar	twin	/ˈtvɪlɪˌŋar/
5144	charm	charm; the ability to persuade, delight, or arouse…	/ɧarm/
5145	gengäld	reimbursement, compensation	/jɛˈŋɛld/
5146	andar	a spirit	/ˈandar/
5147	balans	balance	/baˈlans/
5148	resultaten	A result, an effect	/ˈrɛsɵlˌtɑːtɛn/
5149	sänker	to lower; move downwards	/ˈsɛŋkɛr/
5150	skottlossning	shooting	/ˈskɔtlɔsˌnɪŋ/
5151	jagat	to chase	/ˈjɑːɡat/
5152	utförde	to perform, to carry out, to execute, to do	/ʉtˈføːrdɛ/
5153	utsatt	exposed, vulnerable	/ˈʉtsat/
5154	krossat	to crush; to press or bruise between two hard bodies until…	/ˈkrɔsat/
5155	somnar	to fall asleep	/ˈsɔmnar/
5156	garantera	to guarantee	/ɡaˈranteːˌra/
5157	knullat	to fuck	/ˈknɵlat/
5158	objekt	an object	/ɔbˈjɛkt/
5159	fullständig	complete, with everything included	/ˈfɵlstɛnˌdɪɡ/
5160	sparade	to save, to store for future use	/ˈspɑːradɛ/
5161	jättegott	indefinite neuter singular of jättegod	/ˈjɛtːɛˌɡɔt/
5162	vilt	wildly, furiously, fiercely	/ˈvɪlt/
5163	strand	beach	/ˈstrand/
5164	fokuserar	to focus	/ˈfuːkʉˌseːrar/
5165	smaken	taste	/ˈsmɑːkɛn/
5166	skog	forest, wood	/skuːɡ/
5167	rymmer	to hold	/ˈrymɛr/
5168	väntan	wait	/²vɛntan/
5169	testade	to try, to attempt	/ˈtɛstadɛ/
5170	tekniska	technical, engineering, technological, technology; of or…	/ˈtɛknɪsˌka/
5171	skämtade	to joke, to kid	/ˈsxɛmtadɛ/
5172	transport	transport	/ˈtranspɔt/
5173	sabbar	to ruin, mess up, fuck up	/ˈsabar/
5174	genomföra	carry out, realize, accomplish, execute, complete	/ˈjɛːnɔmˌføːra/
5175	kraschade	to crash	/ˈkraʃadɛ/
5176	behövdes	to need	/bɛˈhœvdɛs/
5177	medicinsk	medical	/ˈmeːdiːˌsɪnsk/
5178	professionell	professional	/ˌpruːfɛsˈxuːnɛl/
5179	läskig	scary	/ˈlɛskɪɡ/
5180	usla	terribly bad, awfully bad	/ˈɵsla/
5181	pålitlig	trustworthy, reliable trust	/ˈpoːlɪˌtlɪɡ/
5182	händelsen	an occurrence	/ˈhɛndɛlsɛn/
5183	avfyra	to fire	/ˈavfyːˌra/
5184	dokumenten	a document	/ˈdɔkʉˌmɛntɛn/
5185	upphetsad	aroused	/ˈɵphɛtˌsad/
5186	ensamt	alone	/ˈɛnsamt/
5187	patetisk	pathetic	/ˈpɑːtɛˌtɪsk/
5188	påminde	to remind	/ˈpoːmɪndɛ/
5189	anade	recognized, sensed, predicted	/ˈɑːnadɛ/
5190	skytten	a shooter	/¹ɧʏtɛn/
5191	naturlig	natural	/ˈnaˈtʉrlɪɡ/
5192	em	pm; abbreviation of eftermiddagen	/ˈeːm/
5193	förluster	a loss	/ˈfœrlɵstɛr/
5194	ovanpå	on top of	/ˈuːvanˌpoː/
5195	instinkt	instinct	/ˈɪnstɪŋkt/
5196	langare	an illegal trader or provider of some goods	/ˈlaŋarɛ/
5197	garderob	a wardrobe; a set of clothes owned by a person, family, or…	/ˈɡardɛˌruːb/
5198	äcklig	disgusting, gross	/²ɛklɪ(ɡ)/
5199	utgivare	a publisher; person or company which publishes	/ˈʉtjiːˌvarɛ/
5200	effektivt	efficient	/ˈɛfɛkˌtɪvt/
5201	parfym	perfume	/ˈparfyːm/
5202	levererar	to deliver; to transport something on someone's behalf	/ˈlɛvɛˌreːrar/
5203	korset	cross	/ˈkɔʂɛt/
5204	ansökan	an application	/ˈansøːˌkan/
5205	lämpligt	suitable, appropriate, apposite	/ˈlɛmplɪkt/
5206	hugg	a stab, a blow	/ˈhɵɡ/
5207	skadan	scathe; damage, an injury, a harm, a wound	/ˈskɑːdan/
5208	smög	to sneak, to creep, to steal	/ˈsmøːɡ/
5209	behandlingen	treatment, processing	/bɛˈhandlɪŋɛn/
5210	frukosten	breakfast	/ˈfrʉkɔstɛn/
5211	läka	to heal; to become better	/ˈlɛːka/
5212	kriminell	criminal	/ˈkriːmiːˌnɛl/
5213	släpptes	to let go; release	/ˈslɛptɛs/
5214	närmast	nearest, next to	/ˈnɛrmast/
5215	amerikas	genitive of Amerika	/ˈamɛˌrɪkas/
5216	släcka	to cause to stop burning; to put out, to extinguish, etc	/ˈslɛkːa/
5217	vandra	to wander	/ˈvandra/
5218	berusad	intoxicated	/bɛˈrʉsad/
5219	tronen	a throne	/ˈtruːnɛn/
5220	övergiven	deserted, abandoned	/ˈøːvɛrˌjiːvɛn/
5221	utplåna	to exterminate, to erase	/ˈɵtploːˌna/
5222	utsikten	a view	/ˈʉtsɪktɛn/
5223	börda	burden	/²bøːrda/
5224	teorier	theory; an unproven conjecture	/ˈteːuːˌriːɛr/
5225	klipper	to cut with scissors, shears, or the like, to clip	/ˈklɪpɛr/
5226	tretton	thirteen	/ˈtrɛˌtːɔn/
5227	nerverna	a nerve	/ˈnɛrvɛrˌna/
5228	mängd	an amount; a quantity or a volume	/ˈmɛŋd/
5229	skum	dim	/ˈskʉm/
5230	sams	not quarreling; getting along and on good terms	/ˈsams/
5231	smita	escape, run off; run away without permission	/ˈsmiːta/
5232	häktet	a location with holding cells or the like for keeping…	/ˈhɛktɛt/
5233	log	to smile	/ˈluːɡ/
5234	utslag	a rash	/ʉːtslɑːɡ/
5235	mena	to mean; to convey, or to want to convey	[²meːna]
5236	herrens	a man, a gentleman, a sir	/ˈhɛrɛns/
5237	våldtog	to rape	/ˈvoːldtuːɡ/
5238	knarkare	a person who uses drugs; a drug addict, a junkie	/ˈknarkarɛ/
5239	ändrats	to change, to alter	/ˈɛndrats/
5240	anlänt	arrived, received	/ˈanlɛnt/
5241	straffet	punishment, penalty	/ˈstrafɛt/
5242	knuffade	definite singular	/ˈknɵfadɛ/
5243	fångad	to catch	/ˈfɔŋad/
5244	bevaka	to watch, to guard	/bɛˈvɑːka/
5245	märken	a mark	/ˈmɛrkɛn/
5246	underlig	strange	/ˈɵndɛrˌlɪɡ/
5247	draken	a dragon	/ˈdrɑːkɛn/
5248	politiskt	political, having to do with politics	/ˈpuːliːˌtɪskt/
5249	krävdes	to demand, to forcefully request	/ˈkrɛvdɛs/
5250	kåken	a house in poor condition, a shack, a ramshackle house	/ˈkoːkɛn/
5251	helsike	euphemistic form of helvete Often of difficult situations	/ˈhɛlsiːkɛ/
5252	officiella	official	/ˈɔfiːˌsɪɛˌla/
5253	lesbisk	lesbian	/ˈlɛsbɪsk/
5254	smal	not wide, narrow	/ˈsmɑːl/
5255	rosor	a rose	/ˈruːsɔr/
5256	häromkvällen	last evening or a few evenings ago, one of the most recent…	/ˈhɛːrɔmkˌvɛlɛn/
5257	skrivbordet	a desk	/ˈskriːvbuːrdɛt/
5258	inträffade	definite singular	/ˈɪntrɛˌfadɛ/
5259	patetiskt	pathetically	/ˈpɑːtɛˌtɪskt/
5260	helgon	saint	/ˈhɛlɡɔn/
5261	stred	to battle	/ˈstreːd/
5262	judarna	a Jew	/ˈjʉdarˌna/
5263	samtliga	everything, everyone, all, each of, every single one	/ˈsamtliːˌɡa/
5264	övertygade	to convince	/ˌøːvɛˈtyːɡadɛ/
5265	lösenord	a password	/ˈløːsɛˌnuːrd/
5266	väns	a friend	/ˈvɛns/
5267	snacket	talk, speech	/ˈsnakɛt/
5268	beskriver	to describe	/bɛsˈkriːvɛr/
5269	demonen	a demon	/ˈdeːmuːnɛn/
5270	strumpor	a sock	/ˈstrɵmpuːr/
5271	vetenskapen	science, scholarly knowledge, scholarship	/ˈveːtɛnsˌkɑːpɛn/
5272	anmäler	to report, to notify authorities about	/ˈanmɛːlɛr/
5273	mysigt	cosy	/ˈmyːsɪkt/
5274	bedrägeri	fraud, deception, deceit	/bɛdrɛːɡɛˈriː/
5275	gin	gin	/jɪn/
5276	baksätet	a back seat, a rear seat	/ˈbɑːksɛːtɛt/
5277	spårat	to track, to trace track or trail of someone/something	/ˈspoːrɑːt/
5278	trogen	faithful	/ˈtruːjɛn/
5279	tidiga	early	/ˈtiːdiːˌɡa/
5280	disken	counter; table on which business is transacted	/ˈdɪskɛn/
5281	anses	to be of an opinion, to think, to believe, to feel	/ˈanseːs/
5282	dessvärre	unfortunately	/ˈdɛsvɛrɛ/
5283	skolans	school	/skuːˈlans/
5284	änka	a widow	/ˈɛŋka/
5285	elakt	mean, cruel, malicious	/ˈeːlakt/
5286	dalen	valley, dale	/ˈdɑːlɛn/
5287	medarbetare	coworker, colleague	/ˈmeːdarbeːtarɛ/
5288	brottsplats	crime scene	/ˈbrɔtsplats/
5289	bakhåll	ambush	/ˈbɑːkhɔl/
5290	cykeln	a bicycle, a bike	/ˈsyːkɛln/
5291	personerna	a person, people	/ˈpɛʂuːˌnɛrna/
5292	magiskt	magic, magical	/ˈmɑːɡɪskt/
5293	flaskor	a bottle	/ˈflaskuːr/
5294	indianer	Indian, American Indian	/ˈɪndiːˌanɛr/
5295	offrade	to sacrifice	/ˈɔfradɛ/
5296	sjuksköterska	a nurse	/²ɧʉːkˌɧøːtɛʂka/
5297	vinsten	a win	/ˈvɪnstɛn/
5298	uppriktig	sincere	/ˈɵprɪktɪɡ/
5299	föräldrars	a parent	/ˈføːrɛlˌdraʂ/
5300	krypa	to crawl, to creep	/ˈkryːpa/
5301	äsch	Expresses mild disappointment or dismissal; shucks	/ˈɛʃ/
5302	moses	genitive of Mose	/ˈmuːsɛs/
5303	kampanj	a campaign	/ˈkampanj/
5304	pågick	to proceed, to go on, to continue	/ˈpoːjɪk/
5305	russ	a horse of the race Gotland pony / gotlandsruss	/ˈrɵs/
5306	rak	straight; unbent	/ˈrɑːk/
5307	grotta	a cave	/ˈɡrɔtːa/
5308	beställer	to order	/bɛsˈtɛlɛr/
5309	ange	to indicate; to point out	/ˈanˌjeː/
5310	haj	shark	/ˈhaj/
5311	allmän	general	/ˈalˌmɛn/
5312	stabil	stable	/ˈstɑːbiːl/
5313	skala	to peel, to shell	/²skɑːla/
5314	badrum	a bathroom	/ˈbadrɵːm/
5315	anlita	to hire, to consult, to call in	/ˈanliːˌta/
5316	handskar	glove, traditionally made of leather	/ˈhandskar/
5317	troll	a troll	/trɔlː/
5318	knyta	to tie	/ˈknyːta/
5319	parkeringen	parking lot, car park; parking garage	/ˈparkeːˌrɪŋɛn/
5320	bagage	baggage; luggage	/baˈɡɑːɧ/
5321	lett	tired, bored	/ˈlɛt/
5322	frysa	feel cold, to the point of discomfort	/ˈfryːsa/
5323	smärtsamt	painfully	/ˈsmɛtsamt/
5324	grip	to catch hold of	/ɡriːp/
5325	museum	a museum	/mɵˈseːˌɵm/
5326	väggar	a wall	/ˈvɛɡɡar/
5327	pucko	a very stupid person; an idiot	/ˈpɵkːuː/
5328	julklapp	a Christmas present	/ˈjʉːlˌklap/
5329	matcher	match	/ˈmatʃɛr/
5330	ifrågasätter	to question, to call in question, to cast into doubt	/ˈɪfroːˌɡasɛtːɛr/
5331	låga	low, short; having a small height	/ˈloːɡa/
5332	ägna	to engage oneself, to spend time	/ˈɛŋna/
5333	turk	a Turk; person from Turkey	/ˈtɵrk/
5334	lasta	to load; to put a load on something; to fill with cargo	/ˈlasta/
5335	summa	sum, result of addition	/ˈsɵma/
5336	telefoner	a phone, a telephone	/ˌtɛlɛˈfoːnɛr/
5337	evig	eternal, never-ending	/ˈeːvɪɡ/
5338	straffas	to punish	/ˈstrafas/
5339	billiga	cheap; of low price, of little worth	/ˈbɪliːˌɡa/
5340	flugit	to fly	/ˈflʉjiːt/
5341	anlände	arrived, received	/ˈanlɛndɛ/
5342	mannens	husband	/ˈmanɛns/
5343	slant	a coin	/ˈslant/
5344	serverar	to serve, to wait on	/ˈsɛrvɛˌrar/
5345	smeknamn	an endearing nickname	/ˈsmɛknamn/
5346	mjuka	to soften, to make soft	/ˈmjʉka/
5347	fördes	to move something or someone; to bring, to take	/ˈføːrdɛs/
5348	ljusen	light	/ˈjʉsɛn/
5349	avslutade	to close, cancel, terminate	/ˈɑːvslʉˌtadɛ/
5350	blixten	lightning, a lightning bolt	/ˈblɪkstɛn/
5351	pool	a swimming pool	/puːl/
5352	moln	a cloud	/mɔln/
5353	gata	a street	/ˈɡɑːˌta/
5354	smet	a batter; a thin, mostly liquid mixture of flour, some…	/smeːt/
5355	gymmet	gym; a sporting facility specialized on exercising…	/ˈjymɛt/
5356	omöjliga	impossible	/uːˈmœjliːˌɡa/
5357	fånig	silly, ridiculous	/ˈfoːnɪɡ/
5358	koka	to boil	/²kuːka/
5359	hjärnor	a brain	/ˈjɛrnɔr/
5360	dykt	to swim under water	/ˈdykt/
5361	förhöret	interrogation; interviewing with the goal of extracting a…	/ˈfœrhøːrɛt/
5362	badkaret	a bathtub	/ˈbadkarɛt/
5363	snor	snot	/snuːr/
5364	cirkel	a circle	/ˈsɪrkɛl/
5365	skuggan	a shadow; shade; the darkness that follows	/ˈskɵɡan/
5366	rättvisan	justice, fairness	/ˈrɛtviːˌsan/
5367	inkommande	present participle of inkomma	/ˈɪŋkɔˌmandɛ/
5368	skivor	a relatively thin, flat object	/ˈsxiːvuːr/
5369	hjärtans	heart	/jɛˈtans/
5370	tabletter	a tablet or pill	/ˈtablɛtːɛr/
5371	domen	conviction, judgement of court, sentence, verdict, doom	/ˈduːmɛn/
5372	fil	a file	/fiːl/
5373	utreda	to investigate	/ˈʉtrɛˌda/
5374	mack	a gas station	/mak/
5375	ljust	light, bright	/ˈjʉst/
5376	plånboken	a wallet	/ˈploːnbuːkɛn/
5377	tillfällighet	a coincidence, a happenstance	/ˈtɪlfɛˌlɪɡheːt/
5378	stängs	to close, to shut	/ˈstɛŋs/
5379	polisstationen	police station	/pɔˌlɪstasˈxuːnɛn/
5380	väskorna	a bag	/ˈvɛskuːrˌna/
5381	lustig	comically amusing; funny, fun, comical	/ˈlɵstɪɡ/
5382	engelsk	English; of or pertaining to England	/ˈɛŋɛlsk/
5383	klantade	to blunder; to mess up, to be "klutzy"	/ˈklantadɛ/
5384	biff	a steak, a beefsteak	/ˈbɪf/
5385	horn	horn	/ˈhuːrn/
5386	riskerade	to risk	/ˈrɪskɛˌradɛ/
5387	drunknade	drowned	/drɵŋkˈnadɛ/
5388	japanerna	A person from Japan	/ˈjɑːpaˌnɛrna/
5389	sket	to shit	/ɧeːt/
5390	attraktiv	attractive	/ˈatrakˌtiːv/
5391	skakade	to shake	/ˈskɑːkadɛ/
5392	tonåringar	a teenager	/ˈtuːnoːˌrɪŋar/
5393	vaknat	to wake up	/ˈvaknat/
5394	kullen	a hill ”	/ˈkɵlɛn/
5395	släkten	extended family, relatives	/ˈslɛktɛn/
5396	påven	pope	/ˈpoːvɛn/
5397	grönsaker	a vegetable	/ˈɡrœnsɑːkɛr/
5398	handduk	a towel	[ˈhä̂nd.dÿːk]
5399	anmälan	a registration	/ˈanmɛːˌlan/
5400	vargar	wolf	/ˈvarɡar/
5401	info	info, clipping of information	/ɪnˈfuː/
5402	solnedgången	sunset	/ˈsɔlnɛdˌɡɔŋɛn/
5403	trollkarlen	a wizard, a magician, a sorcerer	/ˈtrɔlkarlɛn/
5404	svamp	mushroom	/ˈsvamp/
5405	fots	a foot	/ˈfɔts/
5406	muta	a bribe	/ˈmʉta/
5407	motorcykel	a motorcycle	/ˈmuːtɔrˌsyːkɛl/
5408	succé	a great success; a hit, a smash, etc	/sʉk.seː/
5409	rast	a break	/ˈrast/
5410	titeln	a title	/ˈtiːtɛln/
5411	evigheter	eternity; all senses of the word	/ˈeːvɪɡˌheːtɛr/
5412	existens	existence; the state of being	/ˈɛksɪstɛns/
5413	negativ	less than zero	/ˈneːɡaˌtiːv/
5414	sköterska	a nurse	/ˈsxøːtɛʂˌka/
5415	bolaget	a company, corporation	/ˈbuːlɑːɡɛt/
5416	oberoende	independent	/ˈuːbɛˌruːɛndɛ/
5417	partiet	party	/ˈpatiːɛt/
5418	sprid	to distribute, to spread, to disseminate	/ˈspriːd/
5419	basket	basketball	/ˈbɑːskɛt/
5420	snurra	a spinning top	/ˈsnɵra/
5421	prioritet	priority	/ˈpriːuːˌriːteːt/
5422	jämnt	smooth, even	/jɛm(n)t/
5423	läker	to heal; to become better	/ˈlɛːkɛr/
5424	tårtan	a cake, a torte, a layered cake	/ˈtoːtan/
5425	svälter	starvation; conditions of severe suffering due to…	/ˈsvɛltɛr/
5426	ungdom	youth; young person; teenager, youngster	/ˈɵŋdɔm/
5427	barbie	a Barbie doll	/ˈbɑːrbiːɛ/
5428	lättnad	a relief	/ˈlɛtnad/
5429	blåst	daft, stupid	/bloːst/
5430	skatter	tax	/ˈskatːɛr/
5431	berättelser	a story, a narrative, an account	/bɛˈrɛtːɛlsɛr/
5432	onödan	only used in i onödan	/ˈuːnøːˌdan/
5433	flaggan	a flag	/ˈflaɡan/
5434	fäst	fast	/fɛst/
5435	legenden	a legend	/ˈleːjɛndɛn/
5436	pannkakor	a pancake	/ˈpaŋkɑːˌkuːr/
5437	gratulera	to congratulate it is felt for	/ɡra.tɵlˈeːra/
5438	ölen	definite singular/plural of öl c beer”	/ˈøːlɛn/
5439	soffa	a couch, a sofa	/ˈsɔfa/
5440	husen	a house	/ˈhʉsɛn/
5441	ersättare	a replacement, a substitute	/ˈeːʂɛˌtːarɛ/
5442	hobby	hobby	/ˈhɔbyː/
5443	elegant	an elegance elegant	/ˌɛlɛˈɡant/
5444	port	a door leading into a larger building, like for example an…	/ˈpʊrt/
5445	barnets	a child	/ˈbɑːrnɛts/
5446	cirkus	synonym of cirka	/ˈsɪrkʉs/
5447	hänsyn	respect, consideration	/ˈhɛːnˌsyːn/
5448	allesammans	everybody, all of us/you/them	/ˌalɛsaˈmans/
5449	regeln	A rule or regulation	/ˈreːɡɛln/
5450	betalning	a payment	/bɛˈtɑːlnɪŋ/
5451	mottagning	reception	/ˈmuːtːɑːŋˌnɪŋ/
5452	korkat	stupid, dumb	/ˈkɔrkat/
5453	äckliga	disgusting, gross	/ˈɛkliːˌɡa/
5454	rekord	record	/rɛˈkoːrd/
5455	flint	a bald head	/ˈflɪnt/
5456	oförskämd	rudely disrespectful; rude, impertinent	/uːˈfœʂkɛmd/
5457	packade	to pack; to stow things into a pack e.g. as to be able to…	/ˈpakːadɛ/
5458	tacksamhet	gratitude, thankfulness	/ˈtaksamˌheːt/
5459	puben	a pub	/ˈpʉbɛn/
5460	kappa	women's overcoat	/ˈkaˌpːa/
5461	flod	a river	/fluːd/
5462	titel	a title	/ˈtɪtɛl/
5463	kandidat	a candidate	/ˈkandiːˌdat/
5464	struntprat	nonsense, rubbish	/ˈstrɵntprɑːt/
5465	ramlar	to fall	/ˈramlar/
5466	uppriktigt	sincere	/ˈɵprɪkˌtɪkt/
5467	känslorna	feeling	/ˈɕɛnsluːrˌna/
5468	innanför	on the inner side of; inside, within, behind	/²ɪnːanˌføːr/
5469	knäna	a knee	/ˈknɛːna/
5470	biologiska	biological	/ˌbiːuːˈloːɡɪsˌka/
5471	författaren	an author, a writer works	/ˈfœrfaˌtːarɛn/
5472	sura	sour	/²sʉːra/
5473	svåraste	difficult, hard to successfully deal with	/ˈsvoːrastɛ/
5474	eviga	eternal, never-ending	/ˈeːviːˌɡa/
5475	täckning	coverage	/ˈtɛknɪŋ/
5476	packat	to pack; to stow things into a pack e.g. as to be able to…	/ˈpakːat/
5477	polen	a pole, an extreme point, usually magnetically or…	/ˈpuːlɛn/
5478	förlovad	engaged	/ˈfœrˈloːvad/
5479	korsa	cross	/ˈkɔʂa/
5480	modigt	brave, courageous	/ˈmuːdɪkt/
5481	passerade	to pass	/ˈpaseːˌradɛ/
5482	blond	blond; of light hair colour	/ˈblɔnd/
5483	påbörja	to start, to begin	[²pʰoːˌbœ̞rːja]
5484	robotar	a robot	/ˈruːbuːˌtar/
5485	syftet	intention	/ˈsyftɛt/
5486	lämnas	to leave; to not take away with oneself but leave as…	/ˈlɛmnas/
5487	förvirrande	confusing	/ˈfœrvɪˌrandɛ/
5488	spänning	tension	/ˈspɛnɪŋ/
5489	lungorna	lung	/ˈlɵŋʊrˌna/
5490	trivas	To feel a durable sense of comfort and satisfaction	/ˈtriːˌvas/
5491	lina	a wire, a rope, a line	/ˈliːna/
5492	möbler	a piece of furniture	/ˈmœblɛr/
5493	uppträda	to perform	/ɵpːˈtrɛːˌda/
5494	lopp	a race other speed competition, like in English	/lɔpː/
5495	stackare	a person or animal that evokes pity; a poor guy, a poor…	/ˈstakːarɛ/
5496	halsbandet	necklace	/ˈhalsbandɛt/
5497	böter	fine	/ˈbøːtɛr/
5498	uppgörelse	an agreement, a contract, a settlement	/ˈɵpjøːˌrɛlsɛ/
5499	segern	victory	/ˈseːjɛrn/
5500	studier	study	/ˈstʉdiːɛr/
5501	löjliga	silly, ridiculous	/ˈlœjliːˌɡa/
5502	chefer	A boss, manager; person in charge, person who directly…	/ˈsxɛːfɛr/
5503	öst	towards the east, eastward	/œst/
5504	spenderade	to spend	/ˈspɛndeːˌradɛ/
5505	anklagad	accused	/ˈaŋklɑːˌɡad/
5506	grälade	to argue, row, quarrel	/ˈɡrɛːladɛ/
5507	positiva	positive	/ˈpuːsɪˌtiːva/
5508	hjul	a wheel; a circular device capable of rotating on its axis	/jʉːl/
5509	tunnel	An underground or underwater passage	/²tɵnɛl/
5510	sjukvårdare	a medic, paramedic, nurse	/sxʉkˈvoːrdarɛ/
5511	mogen	mature	/ˈmuːjɛn/
5512	påkörd	to hit	/poːˈkœrd/
5513	minska	to reduce	/ˈmɪnska/
5514	banker	a bank	/ˈbaŋkɛr/
5515	bolag	a company, corporation	/ˈbuːlɑːɡ/
5516	gärning	an act, a deed	/ˈjɛrnɪŋ/
5517	önskat	to wish	/ˈœnskat/
5518	idioterna	an idiot	/ˈiːdiːˌuːtɛrˌna/
5519	psykiater	psychiatrist	/ˈpsyːkiːˌatɛr/
5520	sträcker	to stretch	/ˈstrɛkːɛr/
5521	binder	to tie	/ˈbɪndɛr/
5522	testat	to try, to attempt	/ˈtɛstat/
5523	hälsningar	a greeting	/ˈhɛlsnɪˌŋar/
5524	ormar	serpent, snake, or therof slithering legless animal	/ˈuːrmar/
5525	dejtade	to date	/ˈdɛjtadɛ/
5526	tjocka	thick fog, in particular at sea	/ˈɕɔkːa/
5527	sårbar	vulnerable	/ˈsoːrbɑːr/
5528	svimmade	to faint, to pass out	/ˈsvɪmadɛ/
5529	kor	chancel, choir	/kuːr/
5530	revolution	a revolution	/rɛvʊlɵˈɧuːn/
5531	lungor	lung	/ˈlɵŋʊr/
5532	dolda	obscured, invisible, covered, hidden	/ˈdɔlda/
5533	mindes	to remember, to recall	/ˈmɪndɛs/
5534	ritade	to draw	/ˈriːtadɛ/
5535	fastnar	to get stuck, to stick	/ˈfastnar/
5536	indianerna	Indian, American Indian	/ˈɪndiːˌanɛrˌna/
5537	bokstäver	letter of the alphabet	/ˈbuːkstɛːvɛr/
5538	härliga	lovely, delightful, wonderful, great	/ˈhɛrliːˌɡa/
5539	museet	a museum	/ˈmʉsɛɛt/
5540	filt	felt	/fɪlt/
5541	tunnelbanan	subway; underground railway	/ˈtɵnɛlˌbanan/
5542	tank	tank	/ˈtaŋk/
5543	cigg	a cigarette, a cig	/ˈsɪɡ/
5544	ljusa	light, bright	/ˈjʉsa/
5545	fransmännen	a Frenchman person of French birth or nationality	/ˈfransmɛnɛn/
5546	förlovade	engaged	/ˈfœrˈloːvadɛ/
5547	fordonet	a vehicle, a conveyance	/ˈfuːrdɔnɛt/
5548	delat	to deal, share; divide something between recipients	/ˈdeːlat/
5549	fysisk	physical; having to do with the body or the material world	/ˈfyːsɪsk/
5550	räddning	rescuing, rescue	/ˈrɛdnɪŋ/
5551	häromkring	around here, around these parts, hereabouts	/ˈhɛːrɔmˌkrɪŋ/
5552	situationer	a situation	/ˌsɪtʉasˈxuːnɛr/
5553	nötter	nut, a hard-shelled seed	/ˈnœtːɛr/
5554	förlusten	a loss	/ˈfœrlɵstɛn/
5555	utsvulten	starving, famished very hungry, sometimes figuratively	/ˈʉtsvɵltɛn/
5556	spioner	a spy	/spɪˈuːnɛr/
5557	älskarinna	a mistress	/ˈɛlskaˌrɪna/
5558	tjenare	alternative form of tjänare	/²ɕeːnarɛ/
5559	ingång	entrance, way in	/ˈɪŋɔŋ/
5560	naiv	naive, childish	/naˈiːv/
5561	köpare	buyer	/ˈɕøːparɛ/
5562	spotta	to spit	/ˈspɔtːa/
5563	jämföra	to compare; to assess similarities and differences between	/ˈjɛmføːˌra/
5564	beskrev	to describe	/bɛsˈkreːv/
5565	chips	a chip, a crisp	/ɕɪps/
5566	tillbringar	to spend	/ˈtɪlbrɪˌŋar/
5567	templet	a temple	/ˈtɛmplɛt/
5568	kliniken	clinic	/ˈkliːniːkɛn/
5569	boskap	cattle	/ˈbɔskɑːp/
5570	tonen	tonne, metric ton	/ˈtuːnɛn/
5571	rånet	a robbery	/ˈroːnɛt/
5572	sexuell	sexual	/ˈsɛksʉˌɛl/
5573	hamn	a port	/hamn/
5574	manliga	manly; having the characteristics of a man	/ˈmanliːˌɡa/
5575	ärlighet	honesty	/ˈɛrlɪɡˌheːt/
5576	nämn	to mention, to name	/ˈnɛmn/
5577	checken	cheque, check	/ˈʃɛkːɛn/
5578	snurrar	to spin, to rotate, to turn	/ˈsnɵrar/
5579	byggnader	a building	/ˈbyɡnadɛr/
5580	involverad	involved	/ˈɪnvɔlvɛˌrad/
5581	doft	smell; scent, odor, fragrance	/ˈdɔft/
5582	flyttas	to move; to relocate something	/ˈflytːas/
5583	mustasch	moustache	/mɵˈstɑːɧ/
5584	garage	garage; a building used to store a car	/ɡaˈrɑːɧ/
5585	kastat	to throw	/ˈkastat/
5586	tand	a tooth	/ˈtand/
5587	djuret	animal	/ˈjʉrɛt/
5588	spriten	liquor, spirits; booze	/ˈspriːtɛn/
5589	kusiner	a cousin	/kʉˈsiːnɛr/
5590	svinet	hog, pig, swine	/ˈsviːnɛt/
5591	massage	massage	/maˈsɑːɧ/
5592	rå	raw	/roː/
5593	flight	a flight trip made by a passenger aircraft	/ˈflɪɡht/
5594	manuset	clipping of manuskript	/ˈmanʉsɛt/
5595	tagits	take; to grab and move to oneself	/ˈtɑːɡɪts/
5596	axlar	a shoulder	/ˈakslar/
5597	lillasyster	a little sister, a younger sister	/ˈlɪlasystɛr/
5598	våldsamt	violently	/ˈvoːldsamt/
5599	besökt	to visit	/bɛˈsœkt/
5600	ingången	entered, agreed upon	/ˈɪŋɔŋɛn/
5601	gram	gram	/ˈɡram/
5602	ursprungliga	original	/ˈɵʂprɵˌŋliːɡa/
5603	sopa	a container for garbage	/ˈsuːpa/
5604	passerat	to pass	/ˈpaseːˌrat/
5605	ånger	remorse, regret	/ˈɔŋɛr/
5606	grejor	a thing	/ˈɡrɛjuːr/
5607	sorters	kind, sort	/ˈsɔtɛʂ/
5608	fotona	photo	/ˈfuːtuːˌna/
5609	insekter	an insect	/ˈɪnsɛktɛr/
5610	reparera	to repair	/ˈreːpaˌreːra/
5611	ansvariga	responsible	/ˈansvɑːˌriːɡa/
5612	subban	bitch	/ˈsɵban/
5613	konsert	a concert	/ˈkɔnsɛt/
5614	värma	to heat, to warm	/ˈvɛrma/
5615	konsten	an art	/ˈkɔnstɛn/
5616	tår	a tear	/toːr/
5617	övervakar	to surveil, to monitor, to supervise	/ˈøːvɛrˌvakar/
5618	änden	an end	/ˈɛndɛn/
5619	absurt	absurd	/ˈabsɵt/
5620	biljetterna	ticket; an entitling pass	/ˈbɪljɛˌtːɛrna/
5621	förhållandet	condition, circumstance	/ˈfœrhɔˌlandɛt/
5622	anpassa	adapt, adjust	/ˈanpaˌsa/
5623	storleken	size	/ˈstuːrlɛkɛn/
5624	instrument	an instrument	/ɪnsˈtrʉmɛnt/
5625	bröllopsdag	wedding day	/ˈbrœlɔpsˌdɑːɡ/
5626	närma	to move closer, to approach	/ˈnɛrma/
5627	identifierat	to identify	/ˈiːdɛnˌtiːfiːɛˌrat/
5628	illamående	nausea, feeling sick	/ɪlaˈmoːɛndɛ/
5629	nödsituation	an emergency	/ˈnœdsɪˌtʉasˈxuːn/
5630	hemlösa	homeless	/ˈhɛmløːˌsa/
5631	indian	Indian, American Indian	/ˌɪndɪˈɑːn/
5632	celler	cell; a room in a prison	/ˈsɛlɛr/
5633	utmanar	to challenge	/ˈɵtmaˌnar/
5634	obehagligt	unpleasant, uncomfortable, uneasy, "mentally unpleasant"	/ˈuːbɛˌhaɡlɪkt/
5635	undersökte	to investigate, to examine, to explore, to survey	/ˈɵndɛˌʂøːktɛ/
5636	förenta	united	/ˈføːrɛnˌta/
5637	sälj	to sell	/ˈsɛlj/
5638	kocken	a chef, a cook	/ˈkɔkːɛn/
5639	ingick	to be included, to join, to belong, to follow without extra…	/ˈɪŋɪk/
5640	beundrare	an admirer	/ˈbeːɵnˌdrarɛ/
5641	desperata	desperate	/ˈdɛspɛˌrata/
5642	bonde	a farmer	/²bʊnːdɛ/
5643	barnens	a child	/ˈbɑːrnɛns/
5644	frost	frost	/ˈfrɔst/
5645	receptionen	a reception, a front desk	/ˌrɛsɛpsˈxuːnɛn/
5646	trafik	traffic	/traˈfiːk/
5647	bjud	to offer, to give as a gift	/ˈbjʉd/
5648	brittisk	British	/ˈbrɪtːɪsk/
5649	fallen	a fall	/ˈfalɛn/
5650	droppe	drop	/ˈdrɔpɛ/
5651	laddad	tense	/ˈladad/
5652	kanalen	a canal	/ˈkanalɛn/
5653	stöder	to support	/ˈstøːdɛr/
5654	prylar	a gadget, a widget	/ˈpryːlar/
5655	filmerna	film; a thin layer	/ˈfɪlmɛrˌna/
5656	stirrade	to stare	/ˈstɪradɛ/
5657	torra	dry	/ˈtɔra/
5658	varv	turn, revolution, a full circle	/varv/
5659	breven	a letter	/ˈbreːvɛn/
5660	landat	to land	/ˈlandat/
5661	komplicerad	complicated, difficult, convoluted	/ˈkɔmplɪˌseːrad/
5662	mista	to lose	/ˈmɪsta/
5663	grad	degree	/ˈɡrɑːd/
5664	presenterade	to present	/prɛˈsɛnteːˌradɛ/
5665	visas	a song, a tune, particularly one with a simple melody,…	/ˈviːsas/
5666	grundläggande	basic, fundamental	/ˈɡrɵndlɛˌɡandɛ/
5667	nacke	back of the neck, nape	/ˈnakːɛ/
5668	herrarna	Mr., Mister, gentleman, sir	/ˈhɛrarˌna/
5669	anka	a domesticated duck	/ˈaŋˌka/
5670	energin	energy	/ˌeːnɛrˈjiːn/
5671	tveka	to hesitate, to waver	/ˈtveːka/
5672	tiderna	time	/ˈtiːdɛrˌna/
5673	kvällar	evening	/ˈkvɛlar/
5674	ca	circa; abbreviation of cirka; alternative form of c:a	/ˈsɪrka/
5675	funktion	function; what something does or is used for	/fɵŋkˈɧuːn/
5676	skapare	a creator	/ˈskɑːparɛ/
5677	fördelar	advantage; conditions favorable for success	/ˈføːrdɛˌlar/
5678	likna	to resemble, to be similar to	/ˈliːkna/
5679	förfärligt	terribly	/ˈfœrfɛrˌlɪkt/
5680	brinnande	to burn, to be on fire	/ˈbrɪnandɛ/
5681	zoo	a zoo	/suː/
5682	gray	gray	/ˈɡrɑːyː/
5683	övriga	other, remaining	/ˈøːvriːˌɡa/
5684	okänt	unknown, unfamiliar	/ˈuːɕɛnt/
5685	stilen	style	/ˈstiːlɛn/
5686	skivan	a relatively thin, flat object	/ˈsxiːvan/
5687	cirkeln	a circle	/ˈsɪrkɛln/
5688	växel	change	/ˈvɛksɛl/
5689	rart	sweet	/ˈrɑːt/
5690	drygt	lasting, economical	/ˈdrykt/
5691	journal	a journal, a magazine, a periodical	/ɧʊˈɳɑːl/
5692	inställning	attitude, position	/ˈɪnstɛlˌnɪŋ/
5693	röstade	to vote	/ˈrœstadɛ/
5694	öre	a currency unit, one hundredth of a krona	/ˈøːrɛ/
5695	grannen	a neighbour	/ˈɡranɛn/
5696	luktade	to smell; to use one’s nose	/ˈlɵktadɛ/
5697	register	a register, a list, an index, a catalog, a directory, a…	/rɛˈjɪstɛr/
5698	kungar	a king	/ˈkɵŋar/
5699	tiga	to refrain from saying anything, to keep silent, to stay…	/²tiːɡa/
5700	vagina	vagina	/ˈvɑːɡiːˌna/
5701	undersökt	to investigate, to examine, to explore, to survey	/ˌɵndɛˈʂœkt/
5702	ifrågasätta	to question, to call in question, to cast into doubt	/ˈɪfroːˌɡasɛˌtːa/
5703	tidpunkten	point in time, timepoint, timing	/ˈtiːdpɵŋktɛn/
5704	förklarat	to explain	/fœrˈklɑːrɑːt/
5705	komplett	complete	/kɔmˈplɛt/
5706	alias	an alias	/ˈɑːliːˌas/
5707	skandal	scandal	/ˈskandal/
5708	tjata	to nag, to harp, to repetitiously request or bring up…	/ˈɕɑːta/
5709	kostymen	a suit, a dress	/ˈkɔstyːmɛn/
5710	tände	lit, on	/ˈtɛndɛ/
5711	klättrar	to climb	/ˈklɛtrar/
5712	nasa	to travel around and sell transportable goods	/²nɑːsa/
5713	förväntas	to expect	/ˈfœrvɛnˌtas/
5714	besluten	decision, resolution	/bɛˈslʉtɛn/
5715	jultomten	Santa Claus, a Christmas-time gift-bearer	/ˈjʉltɔmtɛn/
5716	arbetslös	unemployed	/ˈarbeːtsˌløːs/
5717	synas	to be visible	/ˈsyːˌnas/
5718	fjorton	fourteen	/ˈfjuːˌʈɔn/
5719	hindrade	to prevent, restrain, hinder, impede, constrain	/ˈhɪndradɛ/
5720	förståelse	an understanding	/ˈfœʂtoːˌɛlsɛ/
5721	kejsare	emperor	/²ɕɛjˌsarɛ/
5722	undervisa	to teach, to educate, to tutor; to act as a teacher, to…	/ˈɵndɛrˌviːsa/
5723	pressar	a press; a tool that applies pressure	/ˈprɛsar/
5724	mist	lighter fog	/ˈmɪst/
5725	livvakt	bodyguard	/ˈlɪvakt/
5726	utmattad	exhaust, wear out	/ˈɵtmaˌtːad/
5727	klassisk	classical	/ˈklasɪsk/
5728	vuxit	grow; increase in size	/ˈvɵksiːt/
5729	koordinaterna	coordinate	/ˈkuːuːrˌdiːnaˌtɛrna/
5730	hemlös	homeless	/ˈhɛmløːs/
5731	beordrar	to order, to direct, to instruct	/ˈbeːuːrˌdrar/
5732	förändrat	to change, to alter	/ˈføːrɛnˌdrat/
5733	ytterst	outermost, farthest away	/ˈytːɛʂt/
5734	sexton	sixteen	/ˈsɛksˌtɔn/
5735	utvalda	chosen	/ˈʉtvɑːlˌda/
5736	friade	to propose; to ask for one's hand in marriage	/ˈfriːadɛ/
5737	sektion	a section	/sɛksˈxuːn/
5738	tuffing	a tough guy	/ˈtɵfɪŋ/
5739	tvättade	to wash, to clean – normally not of washing dishes, see…	/ˈtvɛtːadɛ/
5740	erkänt	admittedly, recognized as	/ˈɛːrˌɕɛnt/
5741	utfört	to perform, to carry out, to execute, to do	/ʉtˈfœt/
5742	förolämpa	insult, affront, offend	/ˈføːruːˌlɛmpa/
5743	kineserna	a Chinese person	/ˈɕiːnɛˌsɛrna/
5744	metod	a method	/mɛˈtuːd/
5745	kirurg	a surgeon	/ɕɪrˈɵrɡ/
5746	blodtryck	blood pressure	/ˈbluːdtryk/
5747	känslomässigt	emotional	/ˈɕɛnsluːˌmɛsɪkt/
5748	befordran	a promotion	/bɛˈfuːrdran/
5749	baron	a baron, a ruler of a barony	/ˈbɑːruːn/
5750	offentlig	public	/ˈɔfɛnˌtlɪɡ/
5751	skåla	to toast, to engage in a salutation and/or accompanying…	/ˈskoːla/
5752	medger	to admit; to concede as true	/ˈmɛdjɛr/
5753	känsliga	sensitive	/ˈɕɛnsliːˌɡa/
5754	taktik	tactic	/ˈtaktiːk/
5755	högkvarter	headquarters	/ˌhøːɡˈkvarteːr/
5756	besväret	a trouble, a problem	/bɛsˈvɛːrɛt/
5757	uppgiften	a task	/ˈɵpjɪftɛn/
5758	bekymrar	to worry	/bɛˈkymrar/
5759	enheten	a unit	/ˈeːnheːtɛn/
5760	tavla	a painting; piece of painted canvas	/ˈtavla/
5761	gripit	to catch hold of	/ˈɡriːpiːt/
5762	kopplade	to connect	/ˈkɔpladɛ/
5763	kunderna	customer	/ˈkɵndɛrˌna/
5764	kraftig	having great force; powerful, strong, etc	/ˈkraftɪɡ/
5765	förtjäna	to deserve	/ˈfœɕɛːˌna/
5766	kylan	cold, coldness	/ˈɕyːlan/
5767	lyckligtvis	luckily	/ˈlyklɪktˌviːs/
5768	låset	a lock	/ˈloːsɛt/
5769	utegångsförbud	a curfew	/ˌʉtɛɡɔŋsˈfœrbʉd/
5770	hopplöst	hopelessly	/hɔˈpløːst/
5771	sektor	a sector	/sɛkˈtɔr/
5772	kortare	short	/ˈkɔtarɛ/
5773	fortsatt	to continue, to proceed	/ˈfuːtsat/
5774	förberedd	to prepare	/ˈfœrbɛˌrɛd/
5775	kronan	a crown	/ˈkruːnan/
5776	egenskaper	attribute, property	/ˈeːjɛnsˌkɑːpɛr/
5777	räkningar	counting	/ˈrɛːknɪˌŋar/
5778	födde	born	/ˈfœdɛ/
5779	rev	a fishing line	/reːv/
5780	sperma	semen	/ˈspɛrma/
5781	läcka	a leak; a crack, crevice, fissure, or hole which admits…	/ˈlɛˌka/
5782	spärra	to block	/ˈspɛra/
5783	tequila	tequila	/teˈkiːlɑ/
5784	menyn	a menu	/mɛˈnyːn/
5785	palatset	a palace	/ˈpɑːlatsɛt/
5786	nät	net; a mesh of string, cord, or rope	/ˈnɛːt/
5787	nationella	national	/nasˈxuːnɛˌla/
5788	bonus	bonus	/ˈbuːnʉs/
5789	knappar	a button	/ˈknapar/
5790	kokar	to boil	/ˈkuːkar/
5791	elefant	an elephant	/ɛlɛˈfanːt/
5792	misslyckande	to fail	/ˈmɪslyˌkːandɛ/
5793	blek	pale	/ˈbleːk/
5794	trakten	an area, a region, parts	/ˈtraktɛn/
5795	snabbaste	fast, quick	/ˈsnabastɛ/
5796	snyggare	good-looking; handsome	/ˈsnyɡarɛ/
5797	upplever	to experience	/ˈɵplɛvɛr/
5798	lidit	to suffer; to undergo hardship	/ˈliːdiːt/
5799	brådska	a hurry	/ˈbroːdska/
5800	startat	to begin, to start; to get something going; as in, to start…	/ˈstɑːtat/
5801	avsked	a farewell, parting	/ˌɑːvˈɧeːd/
5802	århundraden	a century	/ˈoːrhɵnˌdradɛn/
5803	gemensamma	common, joint, mutual	/ˈjeːmɛnˌsama/
5804	värdefulla	valuable, precious, useful	/ˈvɛːrdɛˌfɵla/
5805	clown	clown	/ˈklaʊn/
5806	gåvan	gift	/ˈɡoːvan/
5807	brutalt	brutal	/ˈbrʉtɑːlt/
5808	genombrott	a breakthrough	/ˈjeːnɔmˌbrɔt/
5809	jajamän	emphatic of javisst, that's right, you bet	/ˈjɑːjaˌmɛːn/
5810	övertalade	to persuade	/ˈøːvɛˌtaladɛ/
5811	välkomnar	to greet welcome	/ˈvɛːlkɔmˌnar/
5812	märks	to notice	/ˈmɛrks/
5813	stövlar	a high boot	/ˈstœvlar/
5814	special	a large-scale map folded into the main map or nautical chart	/spɛˈsɪal/
5815	gangster	a gangster	/ˈɡaŋstɛr/
5816	ankomst	arrival; the act of arriving	/ˈaŋkɔmst/
5817	jaja	Expresses reluctant agreement	/ˈjɑːja/
5818	fräck	brazen, shameless or impudent; shocking or audacious	/ˈfrɛk/
5819	torkar	indefinite plural of tork	/ˈtɔrkar/
5820	försvarade	to defend	/ˈfœʂvɑːˌradɛ/
5821	vika	to give way, to give in, to fold	/ˈviːka/
5822	officerare	officer	/ˈɔfiːˌseːrarɛ/
5823	uppfostrade	definite singular	/ˈɵpfɔsˌtradɛ/
5824	häll	a more or less flat, often sloping section of rock surface	/hɛl/
5825	kärnvapen	a nuclear weapon	/ˈɕɛrnvapɛn/
5826	ordentlig	orderly, thorough, real, just	/ʊˈɖɛntlɪ(ɡ)/
5827	därpå	afterwards, thereafter, subsequently	/ˈdɛrpoː/
5828	vandrar	to wander	/ˈvandrar/
5829	övervakning	surveillance, monitoring	/ˈøːvɛrˌvaknɪŋ/
5830	medlidande	compassion	/ˈmeːdliːˌdandɛ/
5831	tillverka	to manufacture, to produce, to make	/ˈtɪlvɛrˌka/
5832	lasten	cargo	/ˈlastɛn/
5833	rikta	to direct, to aim	/ˈrɪkta/
5834	kontaktat	to contact	/ˈkɔntakˌtat/
5835	beck	pitch	/ˈbɛk/
5836	självförtroende	confidence, self-confidence	/sxɛlvˈfœtruːˌɛndɛ/
5837	vettet	sense, wit, intelligence	/ˈvɛtɛt/
5838	våt	wet	/voːt/
5839	skålar	a bowl	/ˈskoːlar/
5840	frivilliga	voluntary	/ˈfriːvɪˌliːɡa/
5841	bränd	to burn with fire	/ˈbrɛnd/
5842	kopplingen	a connection, a coupling	/ˈkɔplɪŋɛn/
5843	svagt	weakly, silently	/ˈsvakt/
5844	elias	genitive of Elia	/ˈeːliːˌas/
5845	skal	shell external covering of an animal, egg, nut, various…	/skɑːl/
5846	baklänges	backwards; moving toward the back; from end to beginning	/ˈbɑːklɛŋɛs/
5847	släkting	a relative, or of related species or the like, or…	/ˈslɛktɪŋ/
5848	häromdan	the other day	/ˈhɛːrɔmˌdan/
5849	rymdskepp	spaceship	/ˈrymdsxɛp/
5850	ursprung	an origin	/ˈɵʂprɵŋ/
5851	period	a period, a limited amount of time	/pɛrːjuːd/
5852	glider	to move smoothly along a surface; to slide, to slip, to…	/ˈɡliːdɛr/
5853	stängda	closed	/ˈstɛŋda/
5854	smörgås	an sandwich of bread with toppings, usually buttered	/ˈsmœrˌɡoːs/
5855	smekmånad	honeymoon	/ˈsmeːkˌmoːnad/
5856	djävulens	a devil	/ˈdjɛːvʉlɛns/
5857	högkvarteret	headquarters	/ˈhøːɡkvatɛrɛt/
5858	kraftfull	powerful	/kraftˈfɵl/
5859	motbjudande	disgusting, repulsive, repugnant	/ˈmuːtbjʉˌdandɛ/
5860	ivrig	eager, avid, keen, ardent	/ˈɪvrɪɡ/
5861	blodiga	bloody	/ˈbluːdiːˌɡa/
5862	avgjort	definitely, decidedly	/ˈɑːvjuːrt/
5863	förståndet	mental faculties, sense; reason, sense, understanding	/ˈfœʂtoːndɛt/
5864	less	tired	/ˈlɛsː/
5865	yta	a surface	/ˈyːta/
5866	toan	synonym of toalett bathroom”	/ˈtuːan/
5867	klädde	to clothe, to dress, to wear	/ˈklɛdɛ/
5868	fläcken	a stain	/ˈflɛkːɛn/
5869	na	her; accusative/dative of hon	/ˈna/
5870	skilsmässan	a divorce	/ˈsxɪlsmɛˌsan/
5871	farfars	a father's father; a paternal grandfather	/ˈfarfaʂ/
5872	öster	east; eastward	/ˈœsːtɛr/
5873	påminn	to remind	/ˈpoːmɪn/
5874	mäta	to measure	/mɛːta/
5875	motellet	a motel, a motor hotel	/ˈmuːtɛlɛt/
5876	helvetes	Hell	/ˈhɛlvɛtɛs/
5877	infektion	infection	/ɪnfɛksˈxuːn/
5878	eden	an oath	/ˈeːdɛn/
5879	analysera	to analyze	/ˈanaˌlyːseːˌra/
5880	hell	hail	/ˈhɛl/
5881	besegrade	defeated; who/which has been overcome	/bɛˈsɛɡradɛ/
5882	munkar	Christian monk	/ˈmɵŋkar/
5883	flotta	a navy	/ˈflɔtːa/
5884	beredskap	preparedness, readiness	/bɛˈrɛdskɑːp/
5885	producent	a producer or manufacturer	/prɔˈdʉsɛnt/
5886	måltavla	a target	/ˈmoːltaˌvla/
5887	förråda	to betray	/ˈfœroːˌda/
5888	roar	to amuse, to entertain	/ˈruːar/
5889	jämför	to compare; to assess similarities and differences between	/ˈjɛmføːr/
5890	ramla	to fall	/ˈramla/
5891	skyddat	protect	/ˈsxydat/
5892	latin	Latin language	/lɑːˈtiːn/
5893	äggen	an egg	/ˈɛɡɛn/
5894	drama	a drama	/ˈdrɑːma/
5895	munk	Christian monk	/ˈmɵŋk/
5896	flagga	a flag	/ˈflaɡa/
5897	spenderar	to spend	/ˈspɛndeːˌrar/
5898	vackrare	beautiful	/ˈvakrarɛ/
5899	gemensam	common, joint, mutual	/jɛˈmeːnsam/
5900	trasiga	broken	/ˈtrɑːsiːˌɡa/
5901	slutändan	an end	/ˈslʉtɛnˌdan/
5902	batteriet	battery, accumulator	/ˈbatːɛˌriːɛt/
5903	suveränt	sovereign, authoritarian, autocratic	/ˈsʉvɛˌrɛnt/
5904	ormen	serpent, snake, or therof slithering legless animal	/ˈuːrmɛn/
5905	väsen	a supernatural being or creature	/ˈvɛːsˈɛn/
5906	drunkna	to drown	/drɵŋkˈna/
5907	räck	to stretch out in some direction	/ˈrɛk/
5908	dockan	a doll, a puppet	/ˈdɔkːan/
5909	hoppat	to jump	/ˈhɔpat/
5910	överdos	an overdose	/ˈøːvɛrˌduːs/
5911	offrar	to sacrifice	/ˈɔfrar/
5912	tvivla	to doubt, to be in doubt	/tviːvla/
5913	billigare	cheap; of low price, of little worth	/ˈbɪliːˌɡarɛ/
5914	fantasier	imagination, fantasy	/ˈfantaˌsiːɛr/
5915	prostituerad	prostituted	/ˈprɔstiːˌtʉɛˌrad/
5916	överger	to abandon	/ˈøːvɛrjɛr/
5917	lagom	right, fitting, neither too much nor too little	/ˈlɑːˌɡɔm/
5918	ungdomarna	youth; young person; teenager, youngster	[ˌɵ́ŋˈdúːmaɳa]
5919	utsätta	to expose	/ˈʉtsɛˌtːa/
5920	konjak	cognac	/ˈkɔnjak/
5921	delstaten	federated state; a state in a federation	/ˈdeːlstatɛn/
5922	beslutade	decided	/bɛˈslʉtadɛ/
5923	skärpa	sharpness; the cutting ability of an edge	/²ɧærpa/
5924	macka	an sandwich of bread with toppings, usually buttered	/²makːa/
5925	temperaturen	temperature; a measure of cold or hot. A thermometer can…	/ˈtɛmpɛˌratʉrɛn/
5926	dumpar	dump	/ˈdɵmpar/
5927	lappen	a patch, a piece of any flexible material, used to cover a…	/ˈlapɛn/
5928	ugnen	an oven	/ˈɵŋnɛn/
5929	syrran	sister, sis	/ˈsyran/
5930	galaxen	galaxy; a large collection of stars	/ˈɡɑːlaksɛn/
5931	föder	to feed	/ˈføːdɛr/
5932	vinter	winter	/ˈvɪntɛr/
5933	ände	an end	/ˈɛndɛ/
5934	olyckor	an accident	/ˈuːlyˌkːuːr/
5935	slynan	a slut, a skank	/ˈslyːnan/
5936	spelas	to play; a game, a tune, a melody, an instrument or a role	/ˈspeːlas/
5937	bossen	boss, supervisor; someone who oversees work	/ˈbɔsɛn/
5938	servitris	a waitress	/ˈsɛrvɪˌtriːs/
5939	knuffa	push, shove, nudge, jostle	/ˈknɵfa/
5940	strålning	radiation	/ˈstroːlnɪŋ/
5941	stämning	ambiance	/ˈstɛmnɪŋ/
5942	polisman	a policeman, a police officer	/pɔˈlɪsman/
5943	åstadkomma	to achieve, to accomplish	/²oːstaˌkɔma/
5944	karantän	quarantine	/ˈkaranˌtɛːn/
5945	generad	feeling embarrassed	/jɛˈneːrad/
5946	artig	polite	/aˈtɪɡ/
5947	charmig	charming	/ˈʃarmɪɡ/
5948	beviset	a proof	/bɛˈviːsɛt/
5949	såld	to sell	/ˈsoːld/
5950	angrepp	an attack, an assault	/ˈaŋrɛp/
5951	stycke	a piece	/ˈstykːɛ/
5952	bakgrunden	ground	/ˈbɑːkɡrɵndɛn/
5953	galningen	a lunatic, a madman	/ˈɡalnɪŋɛn/
5954	omedelbar	immediate, direct	/ˈuːmeːˌdɛlbɑːr/
5955	konstant	constant, unvarying	/ˈkɔnstant/
5956	hertigen	duke	/ˈhɛtiːjɛn/
5957	hittats	to find	/ˈhɪtːats/
5958	anklagelserna	accusation, allegation, charge	/ˈaŋklɑːˌɡɛlsɛrˌna/
5959	pistoler	a pistol	/ˈpɪstuːlɛr/
5960	blås	to blow; to produce an air current	/ˈbloːs/
5961	truten	any of several species of large gulls with a red spot on…	/ˈtrʉtɛn/
5962	apropå	apropos, speaking of	/ˈapruːˌpoː/
5963	inkräktare	intruder	/ˈɪŋkrɛːkˌtarɛ/
5964	dröjde	to not occur or do immediately; to linger, to wait, to…	/ˈdrœjdɛ/
5965	patienterna	a patient	/ˈpɑːtiːˌɛntɛrˌna/
5966	bon	a dwelling, especially a bird's nest	/buːn/
5967	flugor	a fly	/ˈflʉɡʊr/
5968	signaler	a signal	/ˈsɪŋnalɛr/
5969	kryper	to crawl, to creep	/ˈkryːpɛr/
5970	sjunka	to sink	/ˈɧɵŋːˌka/
5971	kidnappa	to kidnap	/²kiːdˌnapa/
5972	placerade	to put, to set	/ˈplɑːseːˌradɛ/
5973	nyfikenhet	curiosity	/ˈnyːfiːˌkeːnheːt/
5974	lobbyn	a lobby	/ˈlɔbyːn/
5975	fiendens	an enemy	/ˈfiːɛndɛns/
5976	ovan	above, overhead	/ˈuːˌvɑːn/
5977	medalj	a medal	/ˈmeːdalj/
5978	gamling	an old person	/ˈɡamlɪŋ/
5979	timmars	an hour	/ˈtɪmaʂ/
5980	arton	eighteen	/²ɑːrtɔn/
5981	värdefullt	valuable, precious, useful	/ˈvɛːrdɛˌfɵlt/
5982	di	pronunciation spelling of de, representing Finland Swedish	/ˈdiː/
5983	skvaller	gossip	/ˈskvalɛr/
5984	bege	to go, to travel, to leave	/bɛˈjeː/
5985	blåmärken	bruise; a purplish mark on the skin due to leakage of blood…	/ˈbloːmɛrkɛn/
5986	pratas	to talk, to speak	/ˈprɑːtas/
5987	journalister	a journalist	/ˈsxʊrnaˌlɪstɛr/
5988	knivar	a knife	/ˈkniːvar/
5989	gammaldags	old-fashioned	/ˈɡamalˌdɑːɡs/
5990	honung	honey	/ˈhoːˌnɵŋ/
5991	haven	sea, ocean	/ˈhɑːvɛn/
5992	fat	saucer; a small dish	/ˈfat/
5993	misstänksam	suspicious	/ˈmɪstɛŋkˌsam/
5994	bespara	to spare, to save	/bɛsˈpɑːra/
5995	finare	nice to look at or listen to or the like, nice, pretty	/ˈfiːnarɛ/
5996	skadades	scathe; to injure, to harm, to hurt, to damage, to wound	/ˈskɑːdadɛs/
5997	utgången	exit, way out	/ˈʉtɡɔŋɛn/
5998	stödjer	to support	/ˈstœdjɛr/
5999	mötas	to meet	/ˈmøːtas/
6000	tekniker	a technician	/tɛkˈniːkɛr/
6001	retas	to tease	/ˈreːtas/
6002	lukt	smell, odor, scent	/ˈlɵkt/
6003	kinesisk	Chinese	/ɕɪˈneːsɪsk/
6004	aggressiv	aggressive	/ˈaɡrɛsiːv/
6005	generöst	generously	/jɛneːˈrœst/
6006	botemedlet	remedy, cure	/ˌbuːtɛˈmeːdlɛt/
6007	seglar	to sail	/ˈseːɡlar/
6008	oroade	to worry	/ˈuːruːˌadɛ/
6009	ensamhet	solitude, loneliness	/ˈɛnsamˌheːt/
6010	tvärs	across, perpendicularly, abeam	/ˈtvɛʂ/
6011	mordvapnet	murder weapon	/ˈmuːrdvapnɛt/
6012	gränden	an alley, a narrow street	/ˈɡrɛndɛn/
6013	somliga	some	/ˈsɔmliːˌɡa/
6014	övar	to practice, to train to do something, to exercise	/ˈøːvar/
6015	rebellerna	a rebel	/ˈreːbɛˌlɛrna/
6016	tjusigt	nice-looking in a snazzy way	/ˈɕʉsɪkt/
6017	vätska	liquid, fluid	/ˈvɛtska/
6018	kila	to leave, especially in a hurry	/ˈɕiːla/
6019	ansvarar	to be responsible, to take responsibility, to be in charge	/ˈansvɑːˌrar/
6020	ledning	act of leading or conducting, usually heat or electricity	/ˈleːdnɪŋ/
6021	lyfte	lifted	/ˈlyːftɛ/
6022	grisar	pig	/ˈɡriːsar/
6023	hurdan	how, of what kind	/ˈhɵrdan/
6024	ifatt	used to denote that something is catching up with…	/ˈiːfat/
6025	naglar	a nail	/ˈnaɡlar/
6026	besked	answer, information; that to inform or let somebody know	/bɛˈɧeːd/
6027	tupplur	a nap	/ˈtɵplʉr/
6028	konserten	a concert	/ˈkɔnsɛtɛn/
6029	date	alternative form of dejt	/ˈdɑːtɛ/
6030	dansare	a dancer	/ˈdansarɛ/
6031	medhjälpare	assistant, aide	/meːdˈjɛlpare/
6032	atmosfären	atmosphere	/ˈatmɔsˌfɛːrɛn/
6033	blandade	mixed, miscellaneous, assorted	/ˈblandadɛ/
6034	förgiftade	to poison	/ˈfœrjɪfˌtadɛ/
6035	kombination	a combination, for example	/ˌkɔmbiːnasˈxuːn/
6036	reagerade	to react	/ˈreːaˌɡeːradɛ/
6037	närmsta	near, close	/ˈnɛrmsta/
6038	nödvändigtvis	necessarily	/ˈnœdvɛnˌdɪktviːs/
6039	filerna	a file	/ˈfiːlɛrˌna/
6040	märket	a mark	/ˈmɛrkɛt/
6041	skådis	an actor	/ˈskoːdiːs/
6042	religiösa	religious; concerning religion	/ˈreːliːˌɡiːøːˌsa/
6043	knän	a knee	/ˈknɛːn/
6044	skruva	to screw; to fasten a screw	/ˈskrʉva/
6045	tömma	to empty	/²tœma/
6046	blodig	bloody	/ˈbluːdɪɡ/
6047	diskuterade	to discuss	/ˈdɪskʉˌteːradɛ/
6048	testamente	a will	/ˈtɛstamɛnˌtɛ/
6049	läskiga	scary	/ˈlɛskɪˌɡa/
6050	pennan	a contour feather, a penna	/ˈpɛnan/
6051	episod	episode; something that took place	/ˈeːpiːˌsuːd/
6052	godhet	goodness, moral commendability	/ˈɡuːdheːt/
6053	produkt	product; commodities offered for sale, a result of…	/prɔˈdɵkt/
6054	växter	a plant	/ˈvɛkstɛr/
6055	slutföra	to complete, to finish, to finish off	/ˈslʉtføːˌra/
6056	anhängare	a follower, a fan	/ˈanhɛˌŋarɛ/
6057	avskum	scum	/ˈɑːvskʉm/
6058	motorerna	engine, motor	/ˈmɔtuːˌrɛrna/
6059	filen	a file	/ˈfiːlɛn/
6060	utredare	an investigator, an analyst	/ˈʉtrɛˌdarɛ/
6061	handskas	to handle, to deal with	/ˈhandskas/
6062	strippa	a stripper	/ˈstrɪpa/
6063	konkurs	a bankruptcy	/ˈkɔŋkɵʂ/
6064	friden	peace, peacefulness	/ˈfriːdɛn/
6065	ovanliga	unusual	/ˈuːvaˌnliːɡa/
6066	knarklangare	a drug dealer	/ˈknarklaˌŋarɛ/
6067	mystisk	mysterious, arcane, strange	/ˈmʏstɪsk/
6068	instämmer	to agree	/ˈɪnstɛmɛr/
6069	försvinnande	to disappear, to vanish	/ˈfœʂvɪˌnandɛ/
6070	horan	a whore	/ˈhuːran/
6071	galningar	a lunatic, a madman	/ˈɡalnɪˌŋar/
6072	tjuven	a thief	/ˈɕʉvɛn/
6073	sjö	a lake	/ɧøː/
6074	hackade	to hack; chop, cut, mince	/ˈhakːadɛ/
6075	åsna	donkey, ass	/ˈoːsna/
6076	planerna	a plane; flat surface	/ˈplɑːnɛrˌna/
6077	olämpligt	inappropriately, unsuitably	/ˈuːlɛmˌplɪkt/
6078	revben	a rib	/ˈrɛvbɛn/
6079	majoren	a major	/ˈmajuːrɛn/
6080	åtala	to charge, to prosecute, to indict	/ˈoːtaˌla/
6081	relevant	relevant	/ˈreːlɛˌvant/
6082	lyckligare	happy, joyous, enjoying peace, comfort, etc.; contented	/ˈlykliːˌɡarɛ/
6083	sårar	to wound	/ˈsoːrar/
6084	tagning	take	/ˈtɑːŋnɪŋ/
6085	vinkel	an angle	/ˈvɪŋkɛl/
6086	husets	a house	/ˈhʉsɛts/
6087	åtalet	a prosecution, an indictment, a legal process	/oːˈtɑːlɛt/
6088	fruktansvärda	horrific, dreadful	/ˈfrɵktansˌvɛːrda/
6089	släpa	to drag over a surface	/ˈslɛːpa/
6090	manipulera	to manipulate, to control, to plot	/ˈmaniːˌpʉleːˌra/
6091	delaktig	involved, taking part	/ˈdeːlakˌtɪɡ/
6092	fotograf	a photographer takes photographs	/ˈfuːtɔˌɡraf/
6093	pil	an arrow	/piːl/
6094	tävlar	to compete, to contend, to race	/ˈtɛvlar/
6095	lättad	to ease, to lighten, to loosen	/ˈlɛtːad/
6096	medkänsla	compassion	/ˈmɛdɕɛnˌsla/
6097	sopor	a container for garbage	/ˈsuːpuːr/
6098	fnask	a hooker	/ˈfnask/
6099	bomberna	a bomb	/ˈbɔmbɛrˌna/
6100	tillverkar	to manufacture, to produce, to make	/ˈtɪlvɛrˌkar/
6101	sänd	to send, to transmit	/ˈsɛnd/
6102	glasögonen	glasses, spectacles	/ˈɡlɑːsøːˌɡɔnɛn/
6103	supa	to drink hard liquor; to drink, to booze	/ˈsʉːpa/
6104	döde	dead	/ˈdøːdɛ/
6105	autograf	autograph	/ˈaʉˌtɔɡraf/
6106	skämmer	to spoil, to ruin, to dishonour	/ˈsxɛmɛr/
6107	sjukan	a disease, an illness	/ˈsxʉkan/
6108	fastän	even though	/ˈfastɛːn/
6109	trygghet	security, safety	/ˈtryɡheːt/
6110	myt	a myth; a story of great but unknown age	/myːt/
6111	samlats	to collect, to gather, to organize	/ˈsamlats/
6112	fruktade	to fear, to dread, to be afraid	/ˈfrɵktadɛ/
6113	övre	upper	/ˈøːvrɛ/
6114	skvallra	to tell on	/ˈskvalra/
6115	insisterade	to insist	/ˈɪnsɪsˌteːradɛ/
6116	standard	a standard, a norm	/ˈstandard/
6117	lamporna	lamp	/ˈlampuːrˌna/
6118	pilar	an arrow	/ˈpiːlar/
6119	knäckt	to crack, to break, to snap	/ˈknɛkt/
6120	bitter	bitter; having an acrid taste	/ˈbɪtːɛr/
6121	fläck	a stain	/ˈflɛk/
6122	gömda	hidden	/ˈjœmda/
6123	ordningen	order	/ˈuːrdnɪŋɛn/
6124	miljard	A thousand million, 10⁹, a milliard	/mɪlˈjɑːrd/
6125	bakdörren	back door	/bɑːkˈdœrɛn/
6126	sökandet	an applicant	/ˈsøːkandɛt/
6127	heligt	holy	/ˈheːlɪkt/
6128	ved	wood sawed or chopped into smaller pieces, like firewood –…	/ˈveːd/
6129	principer	principle	/ˈprɪnsɪpɛr/
6130	intervjua	to interview	/ˈɪntɛrˌvjʉa/
6131	bekräftade	to confirm, to acknowledge	/bɛˈkrɛftadɛ/
6132	ris	small shrubs, such as blueberry and lingonberry; bush,…	/riːs/
6133	rusa	to rush, hurry	/ˈrʉsa/
6134	spydde	to throw up, to puke, to vomit	/ˈspydɛ/
6135	gräla	to argue, row, quarrel	/ˈɡrɛːla/
6136	ynkrygg	coward	/ˈyŋkryɡ/
6137	körda	driven	/ˈɕœrda/
6138	soldaten	a soldier	/ˈsɔldatɛn/
6139	vetenskapsman	a scientist	/ˈveːtɛnsˌkɑːpsman/
6140	jeans	jeans	/jeːˈans/
6141	makes	a spouse, a husband, a married man	/ˈmɑːkɛs/
6142	republiken	a republic	/ˈreːpɵˌbliːkɛn/
6143	baseboll	baseball	/ˈbasɛˌbɔl/
6144	spyr	to throw up, to puke, to vomit	/ˈspyːr/
6145	kudde	a pillow	/ˈkɵdˈdɛ/
6146	effekten	effect	/ˈɛfɛktɛn/
6147	käka	to eat	/²ɕɛːˌka/
6148	bevisat	to prove	/bɛˈviːsat/
6149	stående	stand; be in an upright position	/ˈstoːɛndɛ/
6150	skjutna	shot	/ˈɕʉtna/
6151	fabrik	a factory, a plant	/faˈbriːk/
6152	smörja	crap, bullshit; something of very low quality or…	[²smœ̞rːja]
6153	påstod	to claim, to state	/ˈpoːstuːd/
6154	rasar	to collapse	/ˈrɑːsar/
6155	homosexuell	homosexual	/ˈhuːmuːˌsɛksʉˌɛl/
6156	mal	moth	/mɑːl/
6157	våg	a wave; a shape with alternating curves; a motion of liquid…	/ˈvoːɡ/
6158	regna	to rain	/ˈreŋˌna/
6159	sjönk	to sink	/ˈsxœŋk/
6160	manlig	manly; having the characteristics of a man	/ˈmanlɪɡ/
6161	operationer	an operation	/ˈɔpɛˌratiːˌuːnɛr/
6162	njutning	pleasure, enjoyment, indulgence	/ˈnjʉtnɪŋ/
6163	dimman	fog	/ˈdɪman/
6164	dödsorsaken	a cause of death	/ˈdœdsɔˌʂɑːkɛn/
6165	förhandlar	to negotiate, to bargain	/ˈfœrhanˌdlar/
6166	efterrätt	dessert	/ˈɛftɛˌrɛt/
6167	tillåtet	allowed	/ˈtɪloːtɛt/
6168	bjuden	to offer, to give as a gift	/ˈbjʉdɛn/
6169	mobiler	short for mobiltelefon	/ˈmɔbiːlɛr/
6170	distrikt	district	/ˈdɪstrɪkt/
6171	blandning	mixing	/²blandˌniŋ/
6172	tränaren	a trainer, a coach	/ˈtrɛːnarɛn/
6173	röken	smoke	/ˈrøːkɛn/
6174	lera	mud, in particular relatively dry	/ˈleːra/
6175	stals	to steal	/ˈstɑːls/
6176	opereras	to operate, to work, to function	/ˈuːpɛˌreːras/
6177	potter	pot, kitty	/ˈpɔtːɛr/
6178	do	initialism of Diskrimineringsombudsmannen	/ˈduː/
6179	önskningar	a desire	/ˈœnsknɪˌŋar/
6180	rullstol	wheelchair	/ˈrɵlstuːl/
6181	livsstil	lifestyle	/ˈlɪvstiːl/
6182	varannan	every other	/ˈvɑːranˌnan/
6183	bibliotek	library	/bɪblɪʊˈteːk/
6184	skapades	to create; to make, to manufacture; to put into existence,…	/ˈskɑːpadɛs/
6185	bollar	a ball; a more or less spherical object which is not hard…	/ˈbɔlar/
6186	opassande	inapposite, inappropriate; not suitable in a situation	/ˈuːpaˌsandɛ/
6187	demokrati	democracy; a nation which is ruled by a democratically…	/ˈdeːmɔˌkrɑːtiː/
6188	omfattande	comprehensive, large	/ˈɔmfaˌtːandɛ/
6189	spöket	a ghost	/ˈspøːkɛt/
6190	godkänd	approved, certified	/ˈɡuːdɕɛnd/
6191	judiska	Jewish Jew	/ˈjʉdɪsˌka/
6192	blöda	to bleed	/ˈbløːda/
6193	förväntningar	expectation	/ˈfœrvɛntˌnɪŋar/
6194	sköldarna	a shield	/ˈsxœldarˌna/
6195	grekiska	a woman from Greece	/ˈɡreːkɪsˌka/
6196	undervisar	to teach, to educate, to tutor; to act as a teacher, to…	/ˈɵndɛrˌviːsar/
6197	minister	a minister	/ˈmiːnɪstɛr/
6198	utländska	foreign; concerning a foreign country	/ˈʉtlɛndsˌka/
6199	drunknar	to drown	/drɵŋkˈnar/
6200	klartecken	go-ahead, green light	/ˈklɑːtɛkːɛn/
6201	bälte	a belt – compare rem	/ˈbɛːltɛ/
6202	ofattbart	unimaginable, inconceivable, incomprehensible	/ˈuːfatˌbɑːt/
6203	vansinnig	mad, insane	/ˈvansɪˌnɪɡ/
6204	tandläkare	a dentist	/ˈtandlɛːˌkarɛ/
6205	villiga	willing	/ˈvɪliːˌɡa/
6206	exemplar	a copy, a specimen	/ɛkˈsɛmplɑːr/
6207	bransch	a sector of business, a trade, an industry	/ˈbranʃ/
6208	bridge	bridge	/ˈbrɪdjɛ/
6209	familjs	family	/faˈmɪljs/
6210	duga	to be good enough; to suffice, to be acceptable, etc	/ˈdʉɡa/
6211	dumskalle	idiot	/ˈdɵmskalɛ/
6212	omkull	to the ground or floor, over, down	/ˈɔmkɵl/
6213	hädanefter	hereafter, henceforth, in the future	/ˈhɛːdaˌnɛftɛr/
6214	syftar	to have as intention, to aim	/ˈsyftar/
6215	hängt	to be suspended	/ˈhɛŋt/
6216	offentliga	public	/ˈɔfɛnˌtliːɡa/
6217	föreställer	to present, to show, to depict	/ˈføːrɛsˌtɛlɛr/
6218	tortera	to torture	/ˈtuːteːˌra/
6219	popcorn	popcorn	/ˈpɔpkuːrn/
6220	kat	khat	/ˈkat/
6221	experter	expert	/ˈɛkspɛtɛr/
6222	hjälm	a helmet	/jɛlm/
6223	tillsagd	to let know, to tell	/ˈtɪlsaɡd/
6224	blodprov	blood sample	/ˈbluːdpruːv/
6225	smink	makeup; products placed on the skin to change one's…	/ˈsmɪŋk/
6226	mormors	a maternal grandmother	/ˈmuːrmɔʂ/
6227	tjatar	to nag, to harp, to repetitiously request or bring up…	/ˈɕɑːtar/
6228	räddas	to save	/ˈrɛdas/
6229	vald	to choose	/ˈvɑːld/
6230	kalkon	turkey	/kalˈkuːn/
6231	arter	species	/aˈteːr/
6232	besvära	to bother, to trouble, to inconvenience discomfort to	/bɛsˈvɛːra/
6233	färjan	a ferry	/ˈfɛrjan/
6234	social	social, pertaining to living conditions and society	/sosiˈɑːl/
6235	lata	See lata sig	/ˈlɑːta/
6236	läpparna	a lip	/ˈlɛparˌna/
6237	brun	brown	/¹brʉːn/
6238	summan	sum, result of addition	/ˈsɵman/
6239	fåniga	silly, ridiculous	/ˈfoːniːˌɡa/
6240	förråd	a storage	/ˈfœroːd/
6241	skytt	protection	/ˈɧʏt/
6242	förstördes	to break, to demolish; to make something cease working	/ˈfœʂˈtœrdɛs/
6243	divisionen	division; act of dividing; large military unit; section of…	/ˌdiːviːsˈxuːnɛn/
6244	värmer	to heat, to warm	/ˈvɛrmɛr/
6245	ansluta	to connect, to join	/ˈanslʉˌta/
6246	jungfru	a young woman, a young lady	/ˈjɵŋfrʉ/
6247	telegram	a telegram, a message sent by telegraph	/ˈteːlɛˌɡram/
6248	idiotiskt	idiotic	/ˈiːdiːˌuːtɪskt/
6249	stygga	naughty, mean, bad misbehaving or acting badly	/ˈstyːɡa/
6250	våldtagen	to rape	/ˈvoːldtɑːɡɛn/
6251	checkar	cheque, check	/ˈʃɛkːar/
6252	ignorerar	to ignore	/ˈɪŋnuːˌreːrar/
6253	arsel	alternative form of arsle	/ˈarsɛl/
6254	flocken	a gaggle	/ˈflɔkːɛn/
6255	våningar	apartment	/ˈvoːnɪˌŋar/
6256	revisor	an auditor	/ˈreːviːˌsɔr/
6257	talanger	talent	/ˈtɑːlaŋɛr/
6258	uppmärksam	attentive	/ˈɵpmɛrkˌsam/
6259	anledningar	reason; cause	/ˈanleːdˌnɪŋar/
6260	inspiration	inspiration	/ɪnspɪraˈɧuːn/
6261	befaller	order, command	/bɛˈfalɛr/
6262	nål	a needle, a pin	/noːl/
6263	drönare	drone; a male of social aculeatas which includes mosquito,…	/ˈdrøːnarɛ/
6264	misstaget	a mistake	/ˈmɪstɑːɡɛt/
6265	höj	to raise; make something higher	/ˈhøːj/
6266	svälta	to starve, to hunger	/ˈsvɛlta/
6267	dårar	a fool	/ˈdoːrar/
6268	materialet	a material	/ˈmatɛˌriːalɛt/
6269	skyn	cloud	/ˈsxyːn/
6270	lillen	little one	/ˈlɪlɛn/
6271	sky	cloud	/ɧyː/
6272	självt	itself	/ˈsxɛlvt/
6273	satsade	to go for, to invest, to bet	/ˈsatsadɛ/
6274	hotellrum	hotel room	/ˈhuːtɛlˌrɵːm/
6275	ingenjör	engineer	/ɪn.ɧɛnˈjøːr/
6276	fyllo	a drunk	/ˈfyluː/
6277	investera	to invest	/ˈɪnvɛsˌteːra/
6278	utgång	exit, way out	/ˈʉːtɡɔŋ/
6279	försiggår	to be going on, to take place	/ˈfœʂɪˌɡoːr/
6280	spänningen	tension	/ˈspɛnɪŋɛn/
6281	skåpbilen	a van	/ˈskoːpbiːlɛn/
6282	flygplats	airport	/ˈflyɡplats/
6283	uppenbara	show, display, make obvious	/ˈɵpeːnˌbɑːra/
6284	återvänd	to return	/ˈoːtɛrˌvɛnd/
6285	godkännande	approval	/ˈɡuːdɕɛˌnandɛ/
6286	klämma	a clip, a clamp, a fastener	/ˈklɛma/
6287	nähä	nuh-uh	/ˈnɛːhɛː/
6288	dröja	to not occur or do immediately; to linger, to wait, to…	/ˈdrøːja/
6289	lekar	play; typically denotes pleasurable and less rule-bound…	/ˈleːkar/
6290	hotad	to threaten	/ˈhuːtad/
6291	dvd	DVD	/ˌdeːˌveːˈdeː/
6292	bluffar	A bluff	/ˈblɵfar/
6293	förinta	to annihilate	/ˈføːrɪnˌta/
6294	pressade	to press	/ˈprɛsadɛ/
6295	vågen	a wave; a shape with alternating curves; a motion of liquid…	/ˈvoːjɛn/
6296	kyssas	to kiss passionately or with great affection, to snog	/ˈɕysas/
6297	laddade	to load	/ˈladadɛ/
6298	kontot	account; a registry of pecuniary transactions, or more…	/ˈkɔntuːt/
6299	mestadels	mostly, for the most part	/ˈmɛstaˌdeːls/
6300	drabbas	to strike, to affect, to hit, to befall	/ˈdrabas/
6301	elektricitet	electricity	/ˈɛlɛkˌtriːsɪˌteːt/
6302	övergrepp	abuse, violence, assault	/ˈøːvɛrˌɡrepː/
6303	ceremonin	a ceremony	/ˌseːrɛˈmoːˈniːn/
6304	exakta	exact	/ˈɛksakˌta/
6305	back	backwards	/ˈbak/
6306	briljant	brilliant	/ˈbrɪljant/
6307	bruk	use, usage	/ˈbrʉk/
6308	effektiv	efficient	/ˈɛfɛkˌtiːv/
6309	skylt	a sign	/ɧʏlt/
6310	deltog	to participate, to take part	/ˈdeːltuːɡ/
6311	sås	a tub, especially one for animals to drink from	/ˈsoːs/
6312	järn	iron	/jɛːrn/
6313	baka	to bake; to cook in an oven	/²bɑːka/
6314	aktiviteter	an activity	/ˈaktiːˌviːteːtɛr/
6315	himmelen	sky	/ˈhɪmɛlɛn/
6316	luras	to trick, to fool, to deceive, to lure	/ˈlʉras/
6317	ökat	increased	/ˈøːkat/
6318	vidriga	disgusting, repulsive, vile	/ˈvɪdriːˌɡa/
6319	smäller	to bang, to smack, to hit, to slam, to knock, to crack	/ˈsmɛlɛr/
6320	misstankar	suspicion	/ˈmɪstaŋˌkar/
6321	klippte	to cut with scissors, shears, or the like, to clip	/ˈklɪptɛ/
6322	trampa	to step, to tramp	/ˈtrampa/
6323	spenderat	to spend	/ˈspɛndeːˌrat/
6324	klappa	a clapperboard	/ˈklapa/
6325	lönen	reward, something given to someone for a deed or achievement	/ˈløːnɛn/
6326	stadigt	steady, even, strong	/ˈstɑːdɪkt/
6327	uniformen	Uniform; a distinctive outfit	/ˌɵniːˈfɔrmɛn/
6328	inställd	to cancel something which has been planned	/ˈɪnstɛld/
6329	ministern	a minister	/ˈmiːnɪsˌtɛrn/
6330	tummen	thumb	/ˈtɵmɛn/
6331	lojala	definite singular	/ˈluːjaˌla/
6332	krysta	to tense the muscles of the abdomen in order to expel…	/ˈkrysta/
6333	biträdande	assisting, deputy	/ˈbɪtrɛːˌdandɛ/
6334	brickan	a tray	/ˈbrɪkːan/
6335	torget	city square, market, plaza	/ˈtɔrjɛt/
6336	avståndet	distance	/ˈɑːvstoːndɛt/
6337	hammare	a hammer	/ˈhamarɛ/
6338	homosexuella	homosexual	/ˈhuːmuːˌsɛksʉˌɛla/
6339	klaffen	a drop-leaf or the like	/ˈklafɛn/
6340	skjutsar	a ride, a lift transportation somewhere, in someone's car,…	/ˈɕʉtsar/
6341	målningen	a painting	/ˈmoːlnɪŋɛn/
6342	brorsa	brother, bro	/²brʊʂa/
6343	möjligtvis	possibly	/ˈmœjlɪktˌviːs/
6344	känsligt	sensitive	/ˈɕɛnslɪkt/
6345	tempel	a temple	/ˈtɛmpɛl/
6346	svävar	to float, to hover, to soar	/ˈsvɛːvar/
6347	kassan	a collection of money; a capital, a fund, cash, "coffers"	/ˈkasan/
6348	liknade	to resemble, to be similar to	/ˈliːknadɛ/
6349	gåta	riddle; verbal puzzle	/ˈɡoːta/
6350	mödrar	mother	/ˈmœdrar/
6351	pop	a pop	/ˈpuːp/
6352	skuldkänslor	guilt	/ˈskɵldɕɛnˌsluːr/
6353	befordrad	promoted	/bɛˈfuːrdrad/
6354	gapa	to open one's mouth; keep one's mouth open	/ˈɡɑːpa/
6355	rörd	to move	/ˈrœrd/
6356	linjer	line	/ˈlɪnjɛr/
6357	cox	a cox	/ˈkuːks/
6358	fega	cowardly	/ˈfeːɡa/
6359	investering	an investment	/ˈɪnvɛsˌteːrɪŋ/
6360	apparaten	an apparatus, a device; a complex machine or instrument,…	/ˈapaˌrɑːtɛn/
6361	ranch	a ranch	/ˈranʃ/
6362	taskig	mean, uncomradely	/ˈtaskɪɡ/
6363	förflutet	that has ended	/ˈfœrflʉtɛt/
6364	odla	to grow, to cultivate, to plant	/ˈɔdla/
6365	pumpa	a pumpkin	/ˈpɵmpa/
6366	inbillar	to imagine	/ˈɪnbɪˌlar/
6367	återskapa	reproduce, reenact, recreate	/ˈoːtɛʂˌkɑːpa/
6368	påverkade	to affect, to influence	/ˈpoːvɛrˌkadɛ/
6369	givet	which goes without saying, which is obvious	/ˈjiːvɛt/
6370	troende	to believe, to think	/ˈtruːɛndɛ/
6371	noggrant	careful, scrupulous	/ˈnʊɡrant/
6372	begriper	to grasp, to understand	/bɛˈɡriːpɛr/
6373	ljuva	lovely, sweet	/ˈjʉva/
6374	struntade	only used in strunta i	/ˈstrɵntadɛ/
6375	härom	hereof	/ˈhɛːrɔm/
6376	häller	to pour to flow from a vessel by tilting it	/ˈhɛlɛr/
6377	zonen	zone	/ˈsuːnɛn/
6378	negativa	less than zero	/ˈneːɡaˌtiːva/
6379	ägget	an egg	/ˈɛɡɛt/
6380	brutna	broken	/ˈbrʉtna/
6381	överraskade	to surprise to feel surprise	/ˈøːvɛˌraskɑːdɛ/
6382	inbjuden	invited	/ˈɪnbjʉdɛn/
6383	obduktionen	autopsy	/ˌɔbdɵksˈxuːnɛn/
6384	fänrik	the lowest officer rank in the Swedish and Finnish armies;…	/ˈfɛnrɪk/
6385	beskrivning	description	/bɛsˈkriːvnɪŋ/
6386	bidra	to contribute	/ˈbɪdrɑː/
6387	symbolen	symbol	/ˈsymbuːlɛn/
6388	anfallet	attack, assault	/ˈanfalɛt/
6389	läppstift	lipstick	/ˈlɛpstɪft/
6390	synen	sight, vision	/ˈsyːnɛn/
6391	tillbringat	to spend	/ˈtɪlbrɪˌŋat/
6392	fokuserad	to focus	/ˈfuːkʉˌseːrad/
6393	förnamn	first name, given name	/ˈfœrnamn/
6394	varorna	existence, being	/ˈvɑːruːrˌna/
6395	vrida	to twist, to turn; to change the direction or orientation of	/ˈvriːda/
6396	grisen	pig	/ˈɡriːsɛn/
6397	skrevs	a crotch	/ˈskrɛvs/
6398	råkas	to meet	/ˈroːkas/
6399	hederlig	honest, honorable, not corrupt	/ˈheːdɛrˌlɪɡ/
6400	varmare	hot	/ˈvarmarɛ/
6401	obeväpnad	unarmed	/ˈuːbɛˌvɛpnad/
6402	gräv	to dig	/ˈɡrɛːv/
6403	jury	jury	/ˈjɵrʏ/
6404	överordnade	superordinate	/ˈøːvɛˌruːrdnadɛ/
6405	familjerna	family	/faˈmɪljɛrˌna/
6406	takt	tact, pace, rhythm	/ˈtakt/
6407	andedräkt	breath	/ˈandɛˌdrɛːkt/
6408	skött	to manage, to take care of, to care for, to nurse	/ˈsxœt/
6409	mexikanska	a woman from Mexico	/ˌmɛksiːˈkɑːnska/
6410	drivs	to drive	/ˈdriːvs/
6411	instinkter	instinct	/ˈɪnstɪŋktɛr/
6412	tallrik	a plate, a dish	/ˈtalˌrɪk/
6413	abort	abort, abortion	/ˈabɔt/
6414	frysen	a freezer	/ˈfryːsɛn/
6415	svälja	to swallow	/ˈsvɛlja/
6416	fiskarna	a fish	/ˈfɪskarˌna/
6417	dammen	dust	/ˈdamɛn/
6418	tydliga	clear	/ˈtyːdliːˌɡa/
6419	länk	a link	/ˈlɛŋk/
6420	överraskande	surprisingly	/ˈøːvɛˌraskandɛ/
6421	schemat	a schedule	/ˈʃɛmat/
6422	rutan	square, tile, box	/ˈrʉtan/
6423	ryttare	a rider	/rʏˈtare/
6424	hiss	an elevator, a lift	/ˈhɪs/
6425	städade	to clean, to tidy	/ˈstɛːdadɛ/
6426	konton	account; a registry of pecuniary transactions, or more…	/ˈkɔntuːn/
6427	bakvägen	a path that is not the main path, like a back door	/ˈbɑːkvɛːɡɛn/
6428	knackade	to knock; to rap one's knuckles against something, e.g.…	/ˈknakːadɛ/
6429	värvning	recruitment	/ˈvɛrvnɪŋ/
6430	njöt	to enjoy, to indulge	/njøːt/
6431	garden	guard	/ˈɡardɛn/
6432	pappor	dad, father	/ˈpapuːr/
6433	inblandning	intervention	/ˈɪnblandˌnɪŋ/
6434	ryck	a short, intense movement; a tug, a yank, a jerk, a jolt,…	/ˈryk/
6435	kysst	to kiss passionately or with great affection, to snog	/ˈɕyst/
6436	garanterat	guaranteedly	/ɡaˈranteːˌrat/
6437	nervösa	nervous	/ˈnɛrvøːˌsa/
6438	boxas	to box	/ˈbɔksas/
6439	alternativet	alternative, option	/ˈaltɛrnaˌtiːvɛt/
6440	innehållet	indefinite neuter singular of innehållen	/ˈɪnɛˌhɔlɛt/
6441	dagligen	daily, every day	/ˈdɑːɡlɪɡɛn/
6442	retar	to tease	/ˈreːtar/
6443	baserad	based	/ˈbaseːˌrad/
6444	tvål	soap	/ˈtvoːl/
6445	sprids	to distribute, to spread, to disseminate	/ˈsprɪds/
6446	pitt	a dick	/ˈpɪt/
6447	bedöma	to assess assessment	/bɛˈdœma/
6448	akten	act; a division of a theatrical performance	/ˈaktɛn/
6449	sven	a young man, especially if still a virgin or unmarried; a…	/svɛn/
6450	kissar	a kitty-cat, a pussy-cat	/ˈkɪsar/
6451	härskare	ruler, someone who rules or governs	/ˈhɛʂkarɛ/
6452	distrahera	to distract	/ˈdɪstrahɛˌra/
6453	alkoholist	alcoholic; person who abuses or has an addiction to alcohol	/alkʊ(hʊ)ˈlɪst/
6454	elektriska	electric, electrical	/ˈɛlɛkˌtrɪska/
6455	kraftigt	strongly	/ˈkraftɪkt/
6456	skinka	ham	/²xɪŋˌka/
6457	svänger	to turn	/ˈsvɛŋɛr/
6458	skurken	a crook person	/ˈskɵrkɛn/
6459	begraver	to bury; to perform a burial	/ˈbɛɡrɑːvɛr/
6460	kärlekens	love	/ˈɕɛrlɛkɛns/
6461	process	litigation, proceedings	/prʊˈsɛs/
6462	förbjuder	to forbid, to prohibit, to ban	/ˈfœrbjʉdɛr/
6463	positioner	a place, a location, a position. A description of where…	/ˌpuːsɪsˈxuːnɛr/
6464	tältet	tent; a pavilion or portable lodge	/ˈtɛltɛt/
6465	tillägga	to add, to amend	/ˈtɪlɛˌɡa/
6466	åtalad	charged, indicted	/ˈoːtaˌlad/
6467	medvetet	consciously	/meːdˈveːtɛt/
6468	neråt	downwards, down	/ˈneːroːt/
6469	oacceptabelt	unacceptable	/ˈuːakˌsɛptabɛlt/
6470	priser	a price	/ˈpriːsɛr/
6471	disciplin	discipline	/ˌdɪssɪˈpliːn/
6472	långsammare	slow	/ˈlɔŋsaˌmarɛ/
6473	konversation	conversation	/ˌkɔnvɛʂasˈxuːn/
6474	placerar	to put, to set	/ˈplɑːseːˌrar/
6475	uttala	to pronounce	/ˈʉːˌtɑːla/
6476	michaels	genitive of Michael	/ˈmɪʃaˌɛls/
6477	förslaget	cunningly	/ˈfœʂlɑːɡɛt/
6478	fotspår	a footprint, a footstep	/ˈfɔtspoːr/
6479	plast	plastic; a stiff but usually slightly flexible synthetic…	/ˈplast/
6480	hösten	autumn	/ˈhœstɛn/
6481	sagor	a fairy tale	/ˈsɑːɡʊr/
6482	fluga	a fly	/²flʉːɡa/
6483	rösterna	voice	/ˈrœstɛrˌna/
6484	rummen	a room	/ˈrɵmɛn/
6485	otrevlig	rude	/ˈɔtrɛˌvlɪɡ/
6486	tids	time	/ˈtiːds/
6487	internationell	international	/ɪntɛrnatɧʊˈnɛl/
6488	angrep	to attack, to assault	/ˈaŋrɛp/
6489	upprätthålla	to maintain, uphold	/²ɵprɛtˌhɔla/
6490	våldta	to rape	/ˈvoːldta/
6491	protokollet	a protocol, minutes from a meeting	/ˈpruːtuːˌkɔlɛt/
6492	guide	wizard	/ˈɡajdɛ/
6493	utgå	to assume, to base, to start	/ˈʉtɡoː/
6494	kliar	to itch	/ˈkliːar/
6495	tokigt	humorously crazy, nutty	/ˈtuːkɪkt/
6496	rörelsen	movement	/ˈrøːrɛlsɛn/
6497	olyckliga	unhappy, sad, discontented	/ˈuːlyˌkliːɡa/
6498	avbröt	to cancel, to abort	/ˈɑːvbrøːt/
6499	ekonomin	economy	/ˈɛkuːˌnɔːˈmiːn/
6500	dämpa	to damp	/ˈdɛmpa/
6501	premiärministern	prime minister	/ˈpreːmiːˌɛrmiːˌnɪstɛrn/
6502	härute	out here	/ˈhɛːrʉtɛ/
6503	kvalitet	quality	/kvalɪˈteːt/
6504	integritet	integrity	/ˈɪntɛˌɡriːteːt/
6505	räddad	to save	/ˈrɛdad/
6506	cigarr	cigar	/ˈsɪɡar/
6507	spana	to spy, to scout	/spɑːna/
6508	minskar	to reduce	/ˈmɪnskar/
6509	tunnlarna	An underground or underwater passage	/ˈtɵnlarˌna/
6510	löftet	a promise; a vow	/ˈlœftɛt/
6511	boende	to live, to dwell, to reside	/ˈbuːɛndɛ/
6512	återställa	to restore	/ˈoːtɛʂˌtɛla/
6513	händelserna	an occurrence	/ˈhɛndɛlˌsɛrna/
6514	blockerar	to block, to prevent; to stop someone from	/ˈblɔkːɛˌrar/
6515	ask	European ash Fraxinus excelsior	/ˈask/
6516	nybörjare	a beginner, a newcomer, a newbie, a novice	/nyːˈbœrjarɛ/
6517	pissar	to piss	/ˈpɪsar/
6518	fällan	a trap	/ˈfɛlan/
6519	underhållning	entertainment	/ˈɵndɛrˌhɔlnɪŋ/
6520	svåger	a brother-in-law; a brother of someone's spouse	/ˈsvoːɡər/
6521	osynliga	invisible, unseen	/ˈuːsyˌnliːɡa/
6522	mjukt	softly	/ˈmjʉkt/
6523	räckhåll	reach, grasp	/ˈrɛkhɔl/
6524	avskeda	to fire someone from an employment, dismiss without notice	/ˈɑːvsxɛˌda/
6525	störta	to descend or fall or collapse uncontrollably	[²stœ̞ʈa]
6526	lådorna	a box, a case	/ˈloːduːrˌna/
6527	höjdare	something good or pleasant	/ˈhœjdarɛ/
6528	rapporterade	to report	/ˈrapɔˌteːradɛ/
6529	trupperna	a group of soldiers; a troop, a squad	/ˈtrɵpɛrˌna/
6530	befolkningen	population	/bɛˈfɔlknɪŋɛn/
6531	figur	a figure	/fɪˈɡʉːr/
6532	bakre	rear; located at the end of something, or at the back of…	/ˈbɑːkrɛ/
6533	skumma	to foam	/ˈskɵma/
6534	bebisar	a baby	/ˈbeːbiːˌsar/
6535	blåa	blue	/ˈbloːa/
6536	kommittén	a committee	/ˌkɔmɪˈtːeːn/
6537	djävul	a devil	/ˈdjɛːvʉl/
6538	blockera	to block, to prevent; to stop someone from	/ˈblɔkːɛˌra/
6539	förkrossad	devastated, distraught	/fœrˈkrɔsad/
6540	hjälpe	to help; give aid or assistance to	/ˈjɛlpɛ/
6541	klippt	to cut with scissors, shears, or the like, to clip	/ˈklɪpt/
6542	sänt	indefinite neuter singular of sänd	/ˈsɛnt/
6543	dejten	a date	/ˈdɛjtɛn/
6544	kupolen	a dome	/ˈkʉpuːlɛn/
6545	innehöll	to contain, to include	/ˌɪnɛˈhœl/
6546	vidrig	disgusting, repulsive, vile	/ˈvɪdrɪɡ/
6547	skitsnacket	blatantly false statements; bullshit	/ˈsxɪtsnakɛt/
6548	raden	a row; a line of entries in a table, or a line of objects	/ˈrɑːdɛn/
6549	begränsad	limited, small, narrow	/bɛˈɡrɛnsad/
6550	logik	a logic	/ˈloːɡiːk/
6551	motståndsrörelsen	resistance	/ˈmuːtstoːndˌsrøːrɛlsɛn/
6552	upprörda	upset, distraught	/ɵˈprœrda/
6553	konung	king	/ˈkoːˌnɵŋ/
6554	eleverna	a student, a pupil	/ˈeːlɛˌvɛrna/
6555	bortrest	out of town; away from home	/ˈbɔtrɛst/
6556	stryka	to strike, to erase, to delete, to remove	/stryːka/
6557	pigg	alert, fresh	/pɪɡː/
6558	blinka	to blink	/ˈblɪŋka/
6559	boxare	a boxer	/ˈbɔksarɛ/
6560	viskar	to whisper	/ˈvɪskar/
6561	underhåll	maintenance	/ˈɵndɛrˌhɔl/
6562	äpple	an apple	/ˈɛplɛ/
6563	legitimation	an ID	/ˌleːjiːˌtiːmasˈxuːn/
6564	sökaren	seeker	/ˈsøːkarɛn/
6565	trångt	tight, narrow, cramped	/ˈtrɔŋt/
6566	nollor	a zero; the symbol, or digit, "0"	/ˈnɔluːr/
6567	hölls	to hold	/ˈhœls/
6568	rutten	rotten	/ˈrɵtːɛn/
6569	husrannsakan	A police search of a home or private property	/ˈhɵsranˌsakan/
6570	bänken	bench, a long sofa without bolster	/ˈbɛŋkɛn/
6571	förkyld	having a cold	/fœrˈkyld/
6572	kopplad	to connect	/ˈkɔplad/
6573	punkter	a period, a full stop	/pɵŋkˈteːr/
6574	utvecklat	developed, advanced	/ˈʉtvɛˌklat/
6575	sorten	kind, sort	/ˈsɔtɛn/
6576	törs	to dare	[ˈtœ̞ʂ]
6577	ambassadören	an ambassador	/ˈambaˌsadøːrɛn/
6578	spöade	to beat up, to give a beating	/ˈspøːadɛ/
6579	bokade	booked, reserved	/ˈbuːkadɛ/
6580	vrid	to twist, to turn; to change the direction or orientation of	/ˈvriːd/
6581	kvällarna	evening	/ˈkvɛlarˌna/
6582	vikten	weight	/ˈvɪktɛn/
6583	trösta	to comfort, to console	/ˈtrœsta/
6584	godkänna	to pass	/ˈɡuːdɕɛˌna/
6585	beslutar	to decide, to make a decision	/bɛˈslʉtar/
6586	diskussion	argument, discussion	/dɪskɵˈɧuːn/
6587	grädde	cream	/ˈɡrɛdɛ/
6588	lönnmördare	an assassin	/ˈlœnˈmœrdarɛ/
6589	framstå	to appear	/ˈframstoː/
6590	snoka	to snoop	/ˈsnuːka/
6591	åtanke	in mind	/ˈoːtaŋkɛ/
6592	olyckligt	unhappy, sad, discontented	/ˈuːlyˌklɪkt/
6593	specifikt	specific	/spɛˈsɪfɪkt/
6594	drogs	to pull	/droːɡs/
6595	vite	white	/ˈviːtɛ/
6596	päls	fur, coat	/ˈpɛls/
6597	greppet	a grip	/ˈɡrɛpɛt/
6598	överdriver	to exaggerate	/ˈøːvɛrˌdriːvɛr/
6599	signatur	a signature	/sɪŋˈnaˈtʉr/
6600	skryta	to boast, to brag; to talk loudly in praise of oneself	/ˈskryːta/
6601	kompanjon	partner	/ˈkɔmpaˌnjuːn/
6602	tätt	tightly, densely, closely, thickly	/ˈtɛt/
6603	meters	a metre; the SI-unit	/ˈmeːtɛʂ/
6604	bönder	a farmer	/ˈbœndɛr/
6605	sinnet	a sense	/ˈsɪnɛt/
6606	cykla	to cycle, to ride a bike	/ˈsykla/
6607	synnerhet	only used in i synnerhet	/ˈsynɛrˌheːt/
6608	rånar	to rob; to steal from somebody under use of violence	/ˈroːnar/
6609	sträcka	a stretch, a distance	/ˈstrɛkːa/
6610	mentalt	mentally	/ˈmɛntɑːlt/
6611	orsaker	cause	/ˈuːʂɑːkɛr/
6612	argument	an argument supporting a stance	/ˈarɡʉˌmɛnt/
6613	riskerna	risk	/ˈrɪskɛrˌna/
6614	godtar	to accept	/ˈɡuːdtar/
6615	utvecklade	developed, advanced	/ˈʉtvɛˌkladɛ/
6616	övrigt	other, remaining	/ˈøːvrɪkt/
6617	blad	a leaf	/¹blɑːd/
6618	rekommendera	to recommend	/rɛkʊmɛnˈdeːra/
6619	överväger	to consider, to weigh over; to evaluate multiple options	/ˈøːvɛrˌvɛːɡɛr/
6620	ä	pronunciation spelling of är	/æː/
6621	instängd	confined in a space; confined, trapped, shut in, shut up,…	/ˈɪnstɛŋd/
6622	stabilt	stable	/ˈstɑːbɪlt/
6623	snackat	to talk	/ˈsnakːat/
6624	pip	beep	/ˈpiːp/
6625	knarket	narcotics, illegal drugs	/ˈknarkɛt/
6626	morfin	morphine	/muːrˈfiːn/
6627	saknades	to miss, to lack, to want, to be without	/ˈsɑːknadɛs/
6628	lax	salmon	/laks/
6629	yttersta	outermost, farthest away	/ˈytːɛʂˌta/
6630	matsalen	a dining room	/ˈmatsalɛn/
6631	förgiftad	to poison	/ˈfœrjɪfˌtad/
6632	gärningsmannen	a perpetrator, one who commits a crime	/ˈjɛrnɪŋsˌmanɛn/
6633	anonym	anonymous	/a.nɔˈnyːm/
6634	ryker	to emit smoke	/ˈryːkɛr/
6635	presskonferens	a press conference	/ˌprɛskɔnfɛˈrans/
6636	filosofi	philosophy	/ˈfiːluːˌsuːfiː/
6637	staterna	A state; a nation	/ˈstɑːtɛrˌna/
6638	cirklar	a circle	/ˈsɪrklɑːr/
6639	skåda	to behold	/ˈskoːˌda/
6640	stam	a trunk	/ˈstɑːm/
6641	besvikna	disappointed	/bɛsˈvɪkna/
6642	kloka	wise, intelligent, prudent	/klʊˈka/
6643	sprungit	to run	/ˈsprɵŋiːt/
6644	valp	a puppy	/ˈvalp/
6645	styrs	govern, rule, control	/ˈstyʂ/
6646	finalen	a finale	/ˈfiːnalɛn/
6647	cross	a cross	/ˈkrɔs/
6648	slit	toil, labour	/ˈsliːt/
6649	bind	to tie	/ˈbɪnd/
6650	blickar	look	/ˈblɪkːar/
6651	invånarna	an inhabitant	/ˈɪnvoːˌnarna/
6652	fysik	physics	/ˈfyːsiːk/
6653	sändningen	delivery, the act of delivering	/ˈsɛndnɪŋɛn/
6654	salongen	an auditorium	/ˈsɑːlɔŋɛn/
6655	rättsläkaren	forensic medical examiner	/ˈrɛtslɛːˌkarɛn/
6656	dolde	to conceal, to hide; to put out of sight or to keep secret	/ˈdɔldɛ/
6657	investerare	investor	/ˈɪnvɛsˌteːrarɛ/
6658	chockerande	shock	/ˈʃɔkːɛˌrandɛ/
6659	framföra	to express, to deliver	/ˈframføːˌra/
6660	diagnos	a diagnosis	/ˈdiːaŋˌnuːs/
6661	agenten	an agent	/ˈɑːɡɛntɛn/
6662	kändis	a celebrity	/ˈɕɛndiːs/
6663	fäder	father	/ˈfɛːdɛr/
6664	soppan	soup	/ˈsɔpan/
6665	ava	to announce a song or radio program at its end	/ˈava/
6666	sånger	singing, song	/ˈsɔŋɛr/
6667	ritningarna	drawing	/ˈrɪtnɪˌŋarna/
6668	centrala	central, centralized, situated at the centre	/ˈsɛntraˌla/
6669	allmänna	general	/ˈalmɛˌna/
6670	förstörda	destroyed, ruined	/ˈfœʂˈtœrda/
6671	vetenskapliga	scientific	/ˈveːtɛnsˌkɑːpliːˌɡa/
6672	äpplen	an apple	/ˈɛpˌlɛn/
6673	turister	a tourist	/ˈtʉrɪstɛr/
6674	skåpbil	a van	/ˈskoːpbiːl/
6675	präster	a priest	/ˈprɛstɛr/
6676	förälskade	in love	/ˈføːrɛlsˌkɑːdɛ/
6677	matar	to feed	/ˈmɑːtar/
6678	förväntat	indefinite neuter singular of förväntad	/ˈfœrvɛnˌtat/
6679	jobbiga	onerous, arduous, difficult, tiring, requiring or using a…	/ˈjɔbiːˌɡa/
6680	uppfylla	fulfill; to fill up	/ˈɵpfyˌla/
6681	klor	chlorine	/kloːr/
6682	förstånd	mental faculties, sense; reason, sense, understanding	/ˈfœʂtoːnd/
6683	der	archaic spelling of där	/ˈdeːr/
6684	bits	a piece	/biːts/
6685	testamentet	a will	/ˈtɛstaˌmɛntɛt/
6686	förena	to unite	/fœreːna/
6687	baseball	alternative form of baseboll	/ˈbasɛˌbal/
6688	insatser	an inset	/ˈɪnsatsɛr/
6689	inlåsta	definite singular	/ɪˈnloːsta/
6690	smakade	to taste	/ˈsmɑːkadɛ/
6691	höjden	height, altitude, elevation	/ˈhœjdɛn/
6692	rånad	to rob; to steal from somebody under use of violence	/ˈroːnad/
6693	verksamheten	goal-oriented activity	/ˈvɛrksamˌheːtɛn/
6694	avancerad	advanced	/ˈavanˌseːrad/
6695	avgår	to resign	/ˈɑːvɡoːr/
6696	platt	entirely, absolutely, at all	/platː/
6697	specifik	specific	/spɛˈsɪfiːk/
6698	finkan	a prison	/ˈfɪŋkan/
6699	kommendören	a captain	/ˈkɔmɛnˌdøːrɛn/
6700	omgiven	to surround	/ˈɔmjiːvɛn/
6701	italienare	Italian; from Italy	/ˈiːtaˌliːɛˌnarɛ/
6702	snarast	as soon as possible	/ˈsnɑːrast/
6703	rovdjur	a predator	/rɔˈvjʉr/
6704	skämtet	a joke	/ˈsxɛmtɛt/
6705	såren	a wound, a puncture of the skin or a mucous membrane	/ˈsoːrɛn/
6706	ångest	anxiety	/ˈɔŋɛst/
6707	tunna	to make or become thin or sparse, to disperse, to fade ur,…	/ˈtɵna/
6708	romantiska	romantic	/ˈruːmanˌtɪska/
6709	kalsonger	underpants	/ˈkalsɔŋɛr/
6710	tårna	toe	/ˈtoːrna/
6711	engagemang	commitment, interest, enthusiasm, involvement, the degree…	/aŋɡaɧɛˈmaŋ/
6712	charmerande	charming	/ˈʃarmeːˌrandɛ/
6713	tatueringar	tattoo	/ˈtɑːtʉˌeːrɪˌŋar/
6714	hälla	to pour to flow from a vessel by tilting it	/ˈhɛla/
6715	sökande	to search for something, to seek	/ˈsøːkandɛ/
6716	månaders	a month	/ˈmoːnaˌdɛʂ/
6717	aptit	appetite; hunger	/apˈtiːt/
6718	skurkarna	a crook person	/ˈskɵrkarˌna/
6719	gravida	pregnant	/ˈɡrɑːviːˌda/
6720	krok	a hook	/ˈkruːk/
6721	klättrade	to climb	/ˈklɛtradɛ/
6722	vittnar	to testify, to bear witness	/ˈvɪtnar/
6723	peters	The letter "P" in the Swedish spelling alphabet	/ˈpeːtɛʂ/
6724	oskadda	unharmed, unscathed	/ˈɔskaˌda/
6725	mängden	an amount; a quantity or a volume	/ˈmɛŋdɛn/
6726	vanor	habit; a regularly done action	/ˈvɑːnɔr/
6727	kopplingar	a connection, a coupling	/ˈkɔplɪˌŋar/
6728	dödsstraff	capital punishment	/ˈdœdstraf/
6729	marina	marine	/ma²riːna/
6730	tassarna	a paw	/ˈtasarˌna/
6731	punkten	a period, a full stop	/pɵŋkˈteːn/
6732	glida	to move smoothly along a surface; to slide, to slip, to…	/ˈɡliːda/
6733	behandlat	to treat, to process	/bɛˈhandlat/
6734	tränga	to press, to push, to cram	/trɛŋːa/
6735	muntra	only used in uppmuntra and muntra upp	/ˈmɵntra/
6736	tvekar	to hesitate, to waver	/ˈtveːkar/
6737	hjulet	a wheel; a circular device capable of rotating on its axis	/ˈjʉlɛt/
6738	straffar	punishment, penalty	/ˈstrafar/
6739	tig	to refrain from saying anything, to keep silent, to stay…	/ˈtɪɡ/
6740	palats	a palace	/palˈatːs/
6741	populära	popular	/ˈpɔpʉˌlɛːra/
6742	skyldige	guilty	/ˈsxyldiːjɛ/
6743	miljön	the environment; nature	/ˈmɪljøːn/
6744	närhet	closeness	/ˈnɛrheːt/
6745	medvetna	conscious, aware; having knowledge of	/meːdˈveːtna/
6746	hallick	pimp	/ˈhalɪk/
6747	nöjer	to be satisfied, to content	/ˈnøːjɛr/
6748	tillståndet	condition, state	/ˈtɪlstoːndɛt/
6749	magasinet	definite singular of magasin	/ˌmaɡaˈsiːnɛt/
6750	skämma	to spoil, to ruin, to dishonour	/ˈsxɛma/
6751	repeterar	to repeat	/ˈreːpɛˌteːrar/
6752	tränger	to press, to push, to cram	/ˈtrɛŋɛr/
6753	bakluckan	a trunklid, a tailgate, a rear hatch or door	/ˈbɑːklɵˌkːan/
6754	störst	big, large; of large size	[ˈstœ̞ʂʈ]
6755	spricka	a crack, a fracture; a thin and usually jagged space opened…	/ˈsprɪkːa/
6756	ämnen	a substance	/ˈɛmnɛn/
6757	ställas	to place upright somewhere, to place in a standing position	/ˈstɛlas/
6758	smula	a crumb	/ˈsmʉla/
6759	otäck	unpleasant	/ˈuːtɛk/
6760	killens	a boy	/ˈkɪlɛns/
6761	burken	pot, can, jar; an inflexible vessel, usually with lid and…	/ˈbɵrkɛn/
6762	nuet	present, now	/ˈnʉɛt/
6763	hångla	to make out, smooch, snog	/ˈhɔŋla/
6764	belöningen	reward	/bɛˈløːnɪŋɛn/
6765	diskuterat	to discuss	/ˈdɪskʉˌteːrat/
6766	eliminera	to eliminate	/ˌeːliːˈmiːneːˌra/
6767	utomjording	an alien, an extraterrestrial	/ˈʉtɔˌmjuːrdɪŋ/
6768	bokstavligt	literal, true, veritable	/ˈbuːkstaˌvlɪkt/
6769	marsch	a march	/ˈmarɧ/
6770	hosta	a cough	/ˈhɔsta/
6771	bekännelse	a confession	/bɛˈɕɛnɛlsɛ/
6772	halvan	a half	/ˈhalvan/
6773	kuvert	envelope	/kɵˈvɛːr/
6774	åtalas	to charge, to prosecute, to indict	/ˈoːtaˌlas/
6775	färgade	colored	/ˈfɛrɡadɛ/
6776	ledande	to lead; to guide, to conduct	/ˈleːdandɛ/
6777	klippan	a cliff, a rock – compare how "up on the cliff" makes sense…	/ˈklɪpan/
6778	släpade	to drag over a surface	/ˈslɛːpadɛ/
6779	kylskåpet	a refrigerator	/ˈɕylskoːpɛt/
6780	falls	a fall	/ˈfals/
6781	satellit	satellite	/ˈsɑːtɛˌliːt/
6782	kärnan	a seed, a pip	/ˈɕɛrnan/
6783	allan	only used in spela allan	/ˈalan/
6784	äckel	disgust	/ˈɛkːɛl/
6785	fortet	a fort	/ˈfuːtɛt/
6786	fött	born	/ˈfœt/
6787	depression	a depression	/ˌdɛprɛsˈxuːn/
6788	tå	toe	/toː/
6789	uppstår	to stand up, to rise	/ˈɵpstoːr/
6790	fyr	a fellow, a chap	/fyːr/
6791	skyddas	protect	/ˈsxydas/
6792	zombier	zombie	/ˈsɔmbiːɛr/
6793	kedja	chain	/²ɕeːdja/
6794	biljetten	ticket; an entitling pass	/ˈbɪljɛtːɛn/
6795	budskapet	a message	/ˈbɵdskɑːpɛt/
6796	cyklar	a bicycle, a bike	/ˈsyklɑːr/
6797	smittade	to infect	/ˈsmɪtːadɛ/
6798	fullmakt	a mandate, a power of attorney	/ˈfɵlmakt/
6799	färsk	fresh	/fɛrsk/
6800	sagan	a fairy tale	/ˈsɑːɡan/
6801	dagsljus	daylight	/dɑːɡˈsjʉs/
6802	maka	spouse; wife	/ˈmɑːˌka/
6803	skeppen	a ship	/ˈsxɛpɛn/
6804	häftiga	forceful or intense; violent, intense, fierce, etc	/ˈhɛftiːˌɡa/
6805	galler	a grid, a lattice, bars; a pattern like XXX or ||| formed…	/ˈɡalɛr/
6806	påverkas	to affect, to influence	/ˈpoːvɛrˌkas/
6807	distraherad	distracted	/ˈdɪstrahɛˌrad/
6808	fickor	a pocket	/ˈfɪkːuːr/
6809	databas	database	/ˈdɑːtaˌbɑːs/
6810	käraste	in love, enamored	/ˈɕɛːrastɛ/
6811	vilsen	lost; not knowing directions or place	/ˈvɪlsɛn/
6812	studio	studio	/ˈstʉːdɪʊ/
6813	villkoren	a condition, a precondition	/ˈvɪlkoːrɛn/
6814	skilde	to separate; to cause to be separate	/ˈsxɪldɛ/
6815	kostat	to cost	/ˈkɔstat/
6816	os	operating system; initialism of operativsystem	/ˈuːs/
6817	politiken	politics	/ˈpuːliːˌtiːkɛn/
6818	länken	a link	/ˈlɛŋkɛn/
6819	mäktigaste	powerful	/ˈmɛktiːˌɡastɛ/
6820	baken	definite singular of bak c	/ˈbɑːkɛn/
6821	facket	a compartment, a box, a slot	/ˈfakɛt/
6822	minuters	minute	/ˈmiːnʉˌtɛʂ/
6823	naglarna	a nail	/ˈnaɡlarˌna/
6824	turné	a tour	/tɵrˈneː/
6825	arbetsgivare	an employer	/ˈarbeːtˌsjiːvarɛ/
6826	helgerna	holiday	/ˈhɛljɛrˌna/
6827	äldste	old	/ˈɛldstɛ/
6828	kondom	a condom	/ˈkɔndɔm/
6829	anspråk	a claim	/²anˌsproːk/
6830	föräldralösa	orphan	/ˈføːrɛlˌdraløːˌsa/
6831	lamm	a lamb	/lamː/
6832	sorglig	sad	/ˈsɔrɡlɪɡ/
6833	planeter	planet	/ˈplɑːnɛtɛr/
6834	spred	to distribute, to spread, to disseminate	/ˈspreːd/
6835	pirater	pirate; plunderer at sea	/ˈpiːrɑːtɛr/
6836	sköterskan	a nurse	/ˈsxøːtɛʂˌkan/
6837	neka	to assert that something is not true	/ˈneːka/
6838	frivillig	voluntary	/ˈfriːvɪˌlɪɡ/
6839	historiska	historic	/ˈhɪstuːˌrɪska/
6840	kristi	genitive of Kristus	/ˈkriːstiː/
6841	handlat	to shop, buy	/ˈhandlat/
6842	dolt	to conceal, to hide; to put out of sight or to keep secret	/ˈdɔlt/
6843	matta	weak, listless	/ˈmatːa/
6844	förtjänst	merit	/fœrˈɕɛnst/
6845	mentor	A mentor	/ˈmɛntɔr/
6846	stroke	a stroke	/ˈstruːkɛ/
6847	björnar	a bear	/ˈbjœrnar/
6848	farligare	dangerous	/ˈfɑːrliːˌɡarɛ/
6849	arrogant	arrogant	/ˈaruːˌɡant/
6850	ges	to give	/ˈjeːs/
6851	svalde	to swallow	/ˈsvɑːldɛ/
6852	specialitet	a specialty	/spɛˈsɪaˌliːteːt/
6853	arenan	arena	/ˈarɛˌnan/
6854	varulv	a werewolf transformed into a wolf-like form	/ˈvɑːrɵlv/
6855	pågående	current, going on	/ˈpoːɡoːˌɛndɛ/
6856	pluggar	a plug	/ˈplɵɡar/
6857	hyllan	a shelf, a rack	/ˈhylan/
6858	obekväm	uncomfortable	/ˈuːbɛkˌvɛːm/
6859	patetiska	pathetic	/ˈpɑːtɛˌtɪska/
6860	doftar	to smell a pleasant scent	/ˈdɔftar/
6861	milda	gentle	/ˈmɪlda/
6862	kuvertet	envelope	/ˈkʉvɛtɛt/
6863	bekymra	to worry	/bɛˈkymra/
6864	varelserna	a creature, a being	/ˈvarɛlˌsɛrna/
6865	slutsatser	conclusion	/ˈslʉtsatsɛr/
6866	smärtstillande	painkilling	/ˈsmɛtstɪˌlandɛ/
6867	bi	by	/biː/
6868	skuggorna	a shadow; shade; the darkness that follows	/ˈskɵɡʊrˌna/
6869	utbildad	to educate, to instruct, to train	/ˈʉtbɪlˌdad/
6870	spisen	a stove, a cooker	/ˈspiːsɛn/
6871	café	alternative spelling of kafé	/kɑːˈfeː/
6872	betedde	to behave	/bɛˈtɛdɛ/
6873	ros	peace, quiet, tranquility	/ruːs/
6874	värdelöst	worthless, lousy, useless	/ˌvɛːrdɛˈløːst/
6875	ersättning	a replacement	/ˈeːʂɛtˌnɪŋ/
6876	bartender	a bartender	/ˈbɑːtɛndɛr/
6877	smuts	dirt, filth	/ˈsmʉts/
6878	accepterade	to accept, to approve, to receive	/ˈaksɛpˌteːradɛ/
6879	tvillingarna	twin	/ˈtvɪlɪˌŋarna/
6880	naturens	nature	/ˈnaˈtʉrɛns/
6881	smartaste	smart; clever	/ˈsmɑːtastɛ/
6882	kopplat	to connect	/ˈkɔplat/
6883	teknikerna	a technique	/tɛkˈniːkɛrˌna/
6884	tvåa	two; the digit "2"	/ˈtvoːa/
6885	förbjudna	forbidden	/ˈfœrbjɵdˌna/
6886	undersökningen	an investigation, an examination, a survey	/ˌɵndɛˈʂœknɪŋɛn/
6887	lösenordet	a password	/ˈløːsɛˌnuːrdɛt/
6888	gnälla	to whinge, to whine, to nag, to complain incessantly about…	/ˈŋnɛla/
6889	banks	a bank	/ˈbaŋks/
6890	famn	the space between someone's outstretched or embracing arms…	/ˈfamn/
6891	smickrad	to flatter	/ˈsmɪkrad/
6892	klagade	to complain	/ˈklɑːɡadɛ/
6893	stipendium	a scholarship, a grant	/ˈstiːpɛnˌdiːʉm/
6894	vägra	to refuse	/²vɛːɡra/
6895	utvecklingen	development	/ˈʉtvɛˌklɪŋɛn/
6896	väster	west; westward	/ˈvɛsːtɛr/
6897	besten	beast	/bɛsˈteːn/
6898	platserna	place; any geographical position a little larger than just…	/ˈplatsɛrˌna/
6899	varnat	to warn; to issue a warning	/ˈvɑːrnat/
6900	målat	painted	/ˈmoːlat/
6901	fasta	caught, captured	/ˈfasta/
6902	sedd	to see	/ˈsɛd/
6903	typisk	typical	/ˈtyːpɪsk/
6904	förövaren	perpetrator, culprit, committer	/ˈføːrøːˌvarɛn/
6905	frånvaro	absence	/²froːnˌvɑːrʊ/
6906	distriktet	district	/ˈdɪstrɪktɛt/
6907	jazz	jazz	/ˈjaz/
6908	blundar	to shut one's eyes	/ˈblɵndar/
6909	utslagen	to open, to bloom	/ˈʉtslɑːɡɛn/
6910	kvinnans	a woman	/kvinːˌans/
6911	grävt	to dig	/ˈɡrɛvt/
6912	prostituerade	to prostitute	/ˈprɔstiːˌtʉɛˌradɛ/
6913	mens	while	/ˈmɛnːs/
6914	mänsklighetens	humanity, mankind	/ˈmɛnsklɪɡˌheːtɛns/
6915	experimentet	experiment	/ˈɛkspɛˌriːmɛntɛt/
6916	krafterna	force	/ˈkraftɛrˌna/
6917	värdet	value, worth	/ˈvɛːrdɛt/
6918	försäljning	selling	/ˈfœʂɛljˌnɪŋ/
6919	jämna	to flatten, to level, to equalize	/ˈjɛmna/
6920	varade	to occupy a place, to be	/ˈvɑːradɛ/
6921	styrde	govern, rule, control	/ˈstyrdɛ/
6922	dryck	any liquid consumed; beverage, drink	/drʏk/
6923	cellerna	cell; a room in a prison	/ˈsɛlɛrˌna/
6924	brösten	breast; the fleshy organs on the chest of a sexually mature…	/ˈbrœstɛn/
6925	lök	onion	/løːk/
6926	hjärnskakning	a concussion	/ˈjɛrnskɑːkˌnɪŋ/
6927	so	sow	/suː/
6928	nöja	to be satisfied, to content	/ˈnøːja/
6929	sprängs	to blow up, to blast explode	/ˈsprɛŋs/
6930	grov	coarse; composed of relatively large particles or pieces	/ɡruːv/
6931	mörkrets	darkness partial absence of light, or figuratively	/ˈmœrkrɛts/
6932	rester	remainder, rest	/ˈrɛstɛr/
6933	nödläge	emergency	/ˈnœdlɛːɡɛ/
6934	pekade	to point	/ˈpeːkadɛ/
6935	undvik	to avoid	/ˈɵndviːk/
6936	jäkel	a son of a bitch, a bastard, a motherfucker	/ˈjɛːkɛl/
6937	skona	to spare, show mercy	/ˈskuːna/
6938	lampa	lamp	/ˈlampa/
6939	godkänner	to pass	/ˈɡuːdɕɛnɛr/
6940	ringar	ring; a circular piece of material	/ˈrɪŋar/
6941	smittad	to infect	/ˈsmɪtːad/
6942	yxa	an axe	/ʏkːsa/
6943	spionerar	to spy	/spɪˈuːneːˌrar/
6944	klassiker	a classic highly regarded	/ˈklasiːkɛr/
6945	farligaste	dangerous	/ˈfɑːrliːˌɡastɛ/
6946	tidens	time	/ˈtiːdɛns/
6947	svurit	to swear, to curse; to use offensive language	/ˈsvʉriːt/
6948	kretsar	to revolve	/ˈkrɛtsar/
6949	kassaskåp	a safe	/ˈkasasˌkoːp/
6950	färska	fresh	/ˈfɛʂka/
6951	arkiv	an archive	/arˈkiːv/
6952	slitit	to wear	/ˈsliːtiːt/
6953	pi	pi, a constant	/ˈpiː/
6954	otäcka	unpleasant	/ˈuːtɛˌkːa/
6955	tennis	tennis	/ˈtɛniːs/
6956	begärde	requested	/bɛˈjɛːrdɛ/
6957	revolver	a revolver	/ˈreːvɔlvɛr/
6958	smakat	to taste	/ˈsmɑːkat/
6959	skiner	to shine	/ˈsxiːnɛr/
6960	adoptera	to adopt; to take by choice into relationship, as, child,…	/ˈɑːdɔpˌteːra/
6961	rusar	to rush, hurry	/ˈrʉsar/
6962	artiklar	an article	/aˈtɪklar/
6963	ritar	to draw	/ˈriːtar/
6964	klockor	clock, watch; an instrument used to measure or keep track…	/ˈklɔkːuːr/
6965	visdom	wisdom	/ˈvɪsdɔm/
6966	blödningen	hemorrhage, flow or loss of blood from a damaged blood…	/ˈblœdnɪŋɛn/
6967	rabatt	a discount	/raˈbat/
6968	gladare	happy, glad	/ˈɡlɑːdarɛ/
6969	versionen	version	/vɛrsˈxuːnɛn/
6970	dödats	to kill	/ˈdøːdats/
6971	uppsats	article, paper	/ˈɵpsats/
6972	vicepresident	vice president	/ˈviːsɛprɛˌsiːdɛnt/
6973	mönstret	pattern; that from which a copy is made	/ˈmœnstrɛt/
6974	ai	A character or entity controlled by the game instead of a…	/ˈɑːiː/
6975	avslöjat	reveal; uncover	/ˈɑːvsløːˌjat/
6976	konflikt	conflict	/kɔnˈflɪkt/
6977	avslöjad	reveal; uncover	/ˈɑːvsløːˌjad/
6978	hjärtinfarkt	heart attack, myocardial infarction	/²jɛrtɪnˌfarkt/
6979	askan	ashes, ash	/ˈaskan/
6980	passet	passport	/ˈpasɛt/
6981	greven	a count	/ˈɡrɛvɛn/
6982	lånet	loan	/ˈloːnɛt/
6983	rid	to ride	/ˈriːd/
6984	deprimerande	depressing	/ˈdɛpriːˌmeːrandɛ/
6985	union	union	/ˈɵniːˌuːn/
6986	deltar	to participate, to take part	/ˈdeːltɑːr/
6987	kaninen	a rabbit	/kaˈniːnɛn/
6988	stråla	to radiate; to emit rays	/ˈstɾoːˌla/
6989	favoriter	favourite	/ˈfɑːvuːˌriːtɛr/
6990	gest	a gesture; a motion of the hands	/ˈɧɛst/
6991	kramar	A merchandise, commodities, small and cheap products sold…	/ˈkrɑːmar/
6992	lyckligaste	happy, joyous, enjoying peace, comfort, etc.; contented	/ˈlykliːˌɡastɛ/
6993	gripande	to catch hold of	/ˈɡriːpandɛ/
6994	torn	tower	/ˈtuːrn/
6995	stålarna	money	/ˈstoːlarˌna/
6996	inspelning	recording, filming	/ˈɪnspeːlˌnɪŋ/
6997	ägnar	to engage oneself, to spend time	/ˈɛŋnar/
6998	järnvägen	railroad, railway, rail	/ˈjɛrnvɛːɡɛn/
6999	ärade	to honor; to show respect for	/ˈɛːradɛ/
7000	handväska	a handbag	/ˈhandvɛsˌka/
7001	fittan	pussy, cunt	/ˈfɪtːan/
7002	universums	universe	/ˈɵniːˌvɛʂɵms/
7003	kaniner	a rabbit	/kaˈniːnɛr/
7004	skon	a shoe	/ˈskuːn/
7005	hotat	to threaten	/ˈhuːtat/
7006	låsta	locked	/ˈloːsta/
7007	syndare	a sinner	/ˈsyndarɛ/
7008	städat	to clean, to tidy	/ˈstɛːdat/
7009	butler	a butler	/ˈbʉtlɛr/
7010	stigen	a path, a trail	/ˈstiːjɛn/
7011	immunitet	immunity	/ˈɪmɵˌniːteːt/
7012	liken	a corpse, a dead body	/ˈliːkɛn/
7013	organisationen	organization	/ˌɔrɡaˈnɪsasˈxuːnɛn/
7014	spionera	to spy	/spɪˈuːneːˌra/
7015	dold	to conceal, to hide; to put out of sight or to keep secret	/ˈdɔld/
7016	skådespelerska	an actor	/ˈskoːdɛsˌpeːlɛʂˌka/
7017	aset	Carrion, carcass	/ˈasɛt/
7018	mutor	a bribe	/ˈmʉtɔr/
7019	gnäller	to whinge, to whine, to nag, to complain incessantly about…	/ˈŋnɛlɛr/
7020	anläggningen	installation, industrial plant, facility	/ˈanlɛɡˌnɪŋɛn/
7021	kyla	cold, coldness	/ˈɕyːla/
7022	romarna	a Roman, a native or resident of the Roman Empire	/ˈruːmarˌna/
7023	blodtrycket	blood pressure	/ˈbluːdtrykɛt/
7024	budget	a budget	/ˈbɵd.jɛt/
7025	artist	an artist – most commonly a musician	/aˈtɪst/
7026	fullkomligt	completely	/ˈfɵlkɔˌmlɪkt/
7027	färdigheter	a capability, a skill	/ˈfɛːrdɪɡˌheːtɛr/
7028	album	an album, a book specially designed to keep photographs,…	/ˈalbʉm/
7029	bedårande	adorable, lovely, breathtaking, super appealing	/ˈbeːdoːˌrandɛ/
7030	utsätter	to expose	/ˈʉtsɛtːɛr/
7031	diamanterna	diamond	/ˈdiːaˌmantɛrˌna/
7032	aids	AIDS	/ˈɑːɪds/
7033	armband	bracelet	/ˈarmband/
7034	terroristerna	terrorist	/ˈtɛruːˌrɪstɛrˌna/
7035	backen	back; position behind most players on the team	/ˈbakːɛn/
7036	nedför	downhill	/ˈnɛdføːr/
7037	pyjamas	pajamas, pyjamas	/pʏjɑːmas/
7038	lämplig	suitable, appropriate, apposite	/ˈlɛmplɪɡ/
7039	piss	very bad	/ˈpɪs/
7040	tillät	to allow, to permit	/ˈtɪlɛːt/
7041	tråd	wire	/ˈtroːd/
7042	uselt	terribly bad, awfully bad	/ˈʉsɛlt/
7043	djupet	depth	/ˈjʉpɛt/
7044	bråkat	to argue, to fight, to brawl, to make trouble	/ˈbroːkat/
7045	eftermiddags	afternoon	/ˈɛftɛrˌmɪdaɡs/
7046	sändare	a sender, a transmitter	/ˈsɛndarɛ/
7047	stormar	storm; heavy winds or weather associated with storm winds	/ˈstɔrmar/
7048	bestäm	to decide from a position of authority	/bɛsˈtɛːm/
7049	vaka	to watch	/ˈvɑːka/
7050	misstänka	to suspect	/ˈmɪstɛŋˌka/
7051	hyrt	rent	/ˈhyt/
7052	försprång	a head start, an advantage, a leadership; the distance…	/ˈfœʂprɔŋ/
7053	e-post	e-mail	/ˈeːˈpɔst/
7054	narr	a jester, joker, fool	/ˈnar/
7055	avrättning	execution	/ˈavrɛtˌnɪŋ/
7056	girighet	greed, avarice	/ˈjiːrɪɡˌheːt/
7057	föredra	to prefer, to favor	/ˈføːrɛˌdra/
7058	brödet	bread	/ˈbrøːdɛt/
7059	snutarna	snout; snoot	/ˈsnʉtarˌna/
7060	utmaningen	a challenge	/ˈɵtmaˌnɪŋɛn/
7061	umgicks	socialize; spend time together with	/ˈɵmjɪks/
7062	fuskar	cheat, to violate rules in order to get an advantage	/ˈfɵskar/
7063	skurit	to cut; to perform an incision	/²skʉːrɪt/
7064	rocken	a coat, an overcoat	/ˈrɔkːɛn/
7065	nationen	nation, country, state	/nasˈxuːnɛn/
7066	alfa	alpha; the Greek letter Α, α	/ˈalfa/
7067	alarm	an alarm	/ˈɑːlarm/
7068	elände	misery	/ˈeːlɛndɛ/
7069	syd	towards south, southward	/syːd/
7070	rikedom	wealth, riches	/ˈriːkɛˌdɔm/
7071	kycklingen	a chick	/ˈɕyklɪŋɛn/
7072	upprepas	to repeat	/ˈɵprɛˌpas/
7073	kust	coast	/ˈkɵst/
7074	ubåten	a submarine; a boat that goes under water	/ˈʉboːtɛn/
7075	anhöriga	a close relative	/ˈanhøːˌriːɡa/
7076	kex	a cracker, a biscuit	/kɛks/
7077	hjälplös	helpless	/²jɛlpˌløːs/
7078	oroad	to worry	/ˈuːruːˌad/
7079	idiotiska	idiotic	/ˈiːdiːˌuːtɪsˌka/
7080	allmänt	generally	/ˈalːmɛnt/
7081	beskyddare	a protector	/bɛsˈxydarɛ/
7082	bagaget	baggage; luggage	/ˈbaɡaɡɛt/
7083	förs	bow; the front part of a boat or a ship	/ˈfœʂ/
7084	läkemedel	a medicine	/ˈlɛːkɛˌmeːdɛl/
7085	division	division; act of dividing; large military unit; section of…	/ˌdiːviːsˈxuːn/
7086	följd	to follow; to go after	/ˈfœljd/
7087	judisk	Jewish Jew	/ˈjʉdɪsk/
7088	målning	a painting	/ˈmoːlnɪŋ/
7089	takten	tact, pace, rhythm	/ˈtaktɛn/
7090	gym	gym; a sporting facility specialized on exercising…	/ˈjʏm/
7091	crack	crack cocaine	/ˈkrak/
7092	arbetarna	a worker; one who does work, often as part of an employment	/ˈarbeːˌtarna/
7093	oskyldigt	innocently	/ˈɔsxylˌdɪkt/
7094	marks	ground, or the area beneath it	/ˈmarks/
7095	underliga	strange	/ˈɵndɛrˌliːɡa/
7096	underrättad	informed, advised	/ˈɵndɛˌrɛtːad/
7097	misstar	to mistake	/ˈmɪstar/
7098	tunn	thin; having small thickness	/tɵn/
7099	välsignad	blessed	/ˈvɛlsɪŋˌnad/
7100	burit	to carry; to lift and transport anywhere else	/ˈbʉriːt/
7101	rikets	a realm, kingdom, empire, nation	/ˈriːkɛts/
7102	utvald	chosen	/ˈʉtvɑːld/
7103	flygvapnet	an air force	/ˈflyɡvapnɛt/
7104	territorium	territory	/ˈtɛriːˌtuːriːˌʉm/
7105	balkongen	a balcony	/ˈbalkɔŋɛn/
7106	tvåan	second	/ˈtvoːan/
7107	kakan	a cookie	/ˈkakan/
7108	brodern	a brother, a contracted form of broder	/ˈbruːdɛrn/
7109	solo	alone	/ˈsuːluː/
7110	formel	formula; an expression formulated by the use of symbols	/ˈfɔrmɛl/
7111	lånat	to loan, to borrow	/ˈloːnat/
7112	simmade	to swim	/ˈsɪmadɛ/
7113	licens	a license, a permit, an authorization	/ˈlɪsɛns/
7114	dagars	a day	/ˈdɑːɡaʂ/
7115	bus	mischief, pranking	/bʉːs/
7116	brunt	the color brown	/ˈbrɵnt/
7117	skälla	bell	/ˈɧɛla/
7118	len	smooth and soft	/ˈleːn/
7119	öm	sore, tender, sensitive	/œm/
7120	rappa	to rap	/ˈrapa/
7121	bekräftelse	a confirmation	/bɛˈkrɛftɛlsɛ/
7122	berodde	to depend	/bɛˈrɔdɛ/
7123	svit	suite; a kind of room	/sviːt/
7124	rutin	a routine	/rʉˈtiːn/
7125	pinne	a chopstick	/ˈpɪnɛ/
7126	underrättelsetjänsten	an intelligence agency	/ˈɵndɛˌrɛtːɛlˌsɛɕɛnstɛn/
7127	spöar	to beat up, to give a beating	/ˈspøːar/
7128	slaktade	to butcher animals, generally for food	/ˈslaktadɛ/
7129	formen	a form, a shape	/ˈfɔrmɛn/
7130	sparkad	to kick; to strike with the foot or leg	/ˈsparkad/
7131	action	short for actionfilm	/aksˈxuːn/
7132	juridik	law, the legal system	/ˈjʉriːˌdiːk/
7133	like	looking like, resembling	/ˈliːkɛ/
7134	såvitt	as far as	/ˈsoːvɪt/
7135	staketet	a fence, a railing	/ˈstɑːkɛtɛt/
7136	stank	stench, stink	/ˈstaŋk/
7137	lagens	law	/ˈlɑːɡɛns/
7138	barmhärtighet	kindness, mercy	/ˈbɑːrmhɛˌtɪɡheːt/
7139	bekänna	to confess	/bɛˈɕɛna/
7140	skinnet	skin	/ˈsxɪnɛt/
7141	knäckte	to crack, to break, to snap	/ˈknɛktɛ/
7142	färskt	fresh	/ˈfɛʂkt/
7143	tröttnar	to get tired	/ˈtrœtnar/
7144	avsiktligt	intentional	/ˈɑːvsɪkˌtlɪkt/
7145	nunna	nun	/ˈnɵna/
7146	accepterat	to accept, to approve, to receive	/ˈaksɛpˌteːrat/
7147	reder	to make ready, to take care of, prepare	/ˈreːdɛr/
7148	tvätt	laundry	/ˈtvɛt/
7149	ryggsäck	backpack	/ˈryɡsɛk/
7150	byrå	a bureau, a dresser, a chest of drawers	/ˈbyːˌrɔ/
7151	kapa	to hijack; to seize control over something	/ˈkapa/
7152	odödlig	immortal	/uːˈdœdlɪɡ/
7153	förebild	a role model	/ˈføːrɛˌbɪld/
7154	suverän	sovereign, authoritarian, autocratic	/ˈsʉvɛˌrɛːn/
7155	tråden	wire	/ˈtroːdɛn/
7156	diamant	diamond	/ˈdiːaˌmant/
7157	kostymer	a suit, a dress	/ˈkɔstyːmɛr/
7158	änkan	a widow	/ˈɛŋkan/
7159	vänlighet	friendliness, kindness	/ˈvɛnlɪɡˌheːt/
7160	stackaren	a person or animal that evokes pity; a poor guy, a poor…	/ˈstakːarɛn/
7161	uppträder	to perform	/ˈɵptrɛːdɛr/
7162	hopplös	hopeless	/ˈhɔpløːs/
7163	avundsjuka	envy	/ˈɑːvɵndsˌxʉka/
7164	lossa	to release	/ˈlɔsa/
7165	olagliga	illegal	/ˈuːlɑːˌɡliːɡa/
7166	handdukar	a towel	/ˈhandʉˌkar/
7167	dummaste	stupid, dumb	/ˈdɵmmastɛ/
7168	kick	kick, thrill	/kɪk/
7169	t-shirt	a T-shirt	/ˈteːsˈxɪt/
7170	festar	to party	/ˈfɛstar/
7171	oviktigt	unimportant	/ˈuːvɪkˌtɪkt/
7172	somnat	to fall asleep	/ˈsɔmnat/
7173	signera	to sign	/ˈsɪŋneːˌra/
7174	fu	initialism of förundersökning	/ˈfʉ/
7175	cirkusen	circus; a traveling company of performers	/ˈsɪrkʉsɛn/
7176	tänt	lit, on	/ˈtɛnt/
7177	torterade	to torture	/ˈtuːteːˌradɛ/
7178	sköldar	a shield	/ˈsxœldar/
7179	ägodelar	belonging, possession	/ˈɛːɡuːdɛˌlar/
7180	bildar	to form, to create	/ˈbɪldar/
7181	släppas	to let go; release	/ˈslɛpas/
7182	pirat	pirate; plunderer at sea	/pɪˈrɑːt/
7183	skrikande	to scream, to yell, to shout	/ˈskriːkandɛ/
7184	nederlag	defeat	/ˈneːdɛrˌlɑːɡ/
7185	amerikanskt	American; of or pertaining to the Americas	/ˌamɛrɪˈkɑːnskt/
7186	längtan	longing; melancholic desire	/ˈlɛŋtan/
7187	jovisst	synonym of jodå	/ˈjuːvɪst/
7188	rensar	to remove undesired things; to clean, to clear, to purge,…	/ˈrɛnsar/
7189	databasen	database	/ˈdɑːtaˌbɑːsɛn/
7190	köpet	purchase	/ˈɕøːpɛt/
7191	speglar	a mirror; a smooth reflecting surface	/ˈspeːɡlar/
7192	säljs	to sell	/ˈsɛljs/
7193	kika	to look	/ˈɕiːˌka/
7194	mekaniker	a mechanic	/ˈmeːkaˌniːkɛr/
7195	kändisar	a celebrity	/ˈɕɛndiːˌsar/
7196	ärva	to inherit	/ˈɛrva/
7197	zon	zone	/suːn/
7198	anhållen	arrested, detained by order of prosecutor	/ˈanhɔlɛn/
7199	häpnadsväckande	astounding	/ˈhɛpnadsˌvɛkːandɛ/
7200	trasigt	broken	/ˈtrɑːsɪkt/
7201	chauffören	a driver; a chauffeur	/ʃoːˈføːrɛn/
7202	stryker	to strike, to erase, to delete, to remove	/ˈstryːkɛr/
7203	uppstod	to stand up, to rise	/ˈɵpstuːd/
7204	kritik	criticism	/ˈkrɪtiːk/
7205	tionde	tenth	/ˈtiːˌɔndɛ/
7206	lugnare	calm, tranquil	/ˈlɵŋnarɛ/
7207	kunskaper	knowledge	/ˈkɵnskɑːpɛr/
7208	fynd	a discovery, a find	/fʏnd/
7209	teve	television	/ˈteːˌveː/
7210	mätt	full, satisfied, satiated	/ˈmɛt/
7211	hart	only used in hart när	/ˈhɑːt/
7212	kunden	customer	/ˈkɵndɛn/
7213	företagets	a venture, an enterprise, a company	/ˈføːreːˌtɑːɡɛts/
7214	tagna	caught, taken	/ˈtɑːŋna/
7215	underverk	wonder, miracle	/ˈɵndɛrˌvɛrk/
7216	övat	to practice, to train to do something, to exercise	/ˈøːvat/
7217	sympati	sympathy	/ˈsympaˌtiː/
7218	omelett	omelette	/ˈuːmɛˌlɛt/
7219	svett	sweat	/ˈsvɛt/
7220	plikter	duty	/ˈplɪktɛr/
7221	oförskämt	rudely disrespectful; rude, impertinent	/uːˈfœʂkɛmt/
7222	osannolikt	unlikely, improbably	/ˈuːsaˌnuːlɪkt/
7223	växla	to switch, to change	/ˈvɛksla/
7224	packad	to pack; to stow things into a pack e.g. as to be able to…	/ˈpakːad/
7225	påhitt	something someone has come up with	/ˈpoːhɪt/
7226	skild	to separate; to cause to be separate	/ˈsxɪld/
7227	slagits	to hit, punch or beat; to give a blow	/ˈslɑːɡɪts/
7228	existera	to exist	/ˈɛksɪsˌteːra/
7229	knäcker	to crack, to break, to snap	/ˈknɛkːɛr/
7230	reträtt	retreat	/ˈrɛtrɛt/
7231	ytterdörren	a door for getting in or out of a building; a front door,…	/ˌytːɛrˈdœrɛn/
7232	nödvändiga	necessary	/ˈnœdvɛnˌdiːɡa/
7233	avslappnad	relaxed	/ˈɑːvslapˌnad/
7234	dagliga	daily, day-to-day	/ˈdɑːɡlɪˌɡa/
7235	balansen	balance	/ˈbalansɛn/
7236	block	a block, a boulder, a cuboid	/ˈblɔk/
7237	irriterad	to irritate	/ˈɪriːˌteːrad/
7238	tillfällig	temporary; valid for a brief period of time	/ˈtɪlfɛˌlɪɡ/
7239	hängiven	devoted	/ˈhɛŋiːvɛn/
7240	blandat	to mix	/ˈblandat/
7241	ersätter	to replace	/ˈeːʂɛtːɛr/
7242	råttan	rat; an omnivorous rodent of the genus Rattus	/ˈrɔtːan/
7243	ekonomiskt	economically, frugally	/ˈɛkuːˌnɔːmɪskt/
7244	hylla	a shelf, a rack	/hʏlːa/
7245	röret	a pipe, a tube	/ˈrøːrɛt/
7246	töm	a rein	/ˈtøːm/
7247	gult	yellow	/ˈɡɵlt/
7248	uttrycket	expression; a particular way of phrasing an idea	/ˈɵtrykɛt/
7249	grejar	to pull off, manage, handle, fix	/ˈɡrɛjar/
7250	glatt	happily; in a happy and positive manner	/ɡlatː/
7251	samtalen	a conversation	/ˈsamtalɛn/
7252	säkrad	to secure, to guarantee	/ˈsɛkrad/
7253	dimma	fog	/ˈdɪma/
7254	korsar	corsair	/ˈkɔʂar/
7255	husvagn	a caravan, a camper, a trailer	/ˈhɵsvaŋn/
7256	pesten	A plague	/ˈpɛstɛn/
7257	bang	scared, anxious	/ˈbaŋ/
7258	eskort	an escort	/ˈɛskɔt/
7259	självsäker	confident, self-confident	/ˈsxɛlvsɛːkɛr/
7260	varsel	notice event, often involving employment	/ˈvaʂɛl/
7261	avstå	to abstain	/ˈɑːvstoː/
7262	minnena	memory; component used in computers etc. store information	/ˈmɪnɛˌna/
7263	bevismaterial	evidence, evidentiary material	/bɛˈvɪsmatɛˌriːal/
7264	påminnelse	reminder	/ˈpoːmɪˌnɛlsɛ/
7265	kondomer	a condom	/ˈkɔnduːmɛr/
7266	stinkande	to stink, to reek	/ˈstɪŋkandɛ/
7267	missbrukare	an abuser	/²mɪsˌbrʉ̟ːkarɛ/
7268	svagheter	weakness; condition of being weak	/ˈsvaɡheːtɛr/
7269	kampanjen	a campaign	/ˈkampanjɛn/
7270	bästis	bestie, best friend	/ˈbɛstɪs/
7271	översta	top, uppermost	/ˈøːvɛʂˌta/
7272	lyset	a light	/ˈlyːsɛt/
7273	trottoaren	pavement; sidewalk	/ˈtrɔtːuːˌarɛn/
7274	tolererar	to tolerate	/ˈtuːlɛˌreːrar/
7275	informerad	to inform	/ɪnˈfɔrmeːˌrad/
7276	tvivlade	to doubt, to be in doubt	/ˈtvɪvladɛ/
7277	mikrofon	microphone	/ˌmɪkruːˈfoːn/
7278	skriven	to write, to type, to copy; to put letters and digits on a…	/ˈskriːvɛn/
7279	roller	role	/ˈrɔlɛr/
7280	borsta	to brush	/ˈbɔʂta/
7281	iskallt	in an ice-cold manner	/ˈɪskalt/
7282	rosen	a rose	/ˈruːsɛn/
7283	bryts	to break; to end abruptly	/ˈbryts/
7284	blonda	blond; of light hair colour	/ˈblɔnda/
7285	svartsjuka	jealous	/ˈsvatsxʉˌka/
7286	misslyckad	failed	/ˈmɪslyˌkːad/
7287	molnen	a cloud	/ˈmɔlnɛn/
7288	skvallrar	to tell on	/ˈskvalrar/
7289	fyllda	filled, stuffed	/ˈfylda/
7290	återgälda	reciprocate	/ˈoːtɛrˌjɛlda/
7291	besvärlig	difficult, troublesome	/bɛsˈvɛrlɪɡ/
7292	tvätten	laundry	/ˈtvɛtːɛn/
7293	eskortera	to escort	/ˈɛskɔˌteːra/
7294	menas	to mean; to convey, or to want to convey	/ˈmeːnas/
7295	radar	line	/¹rɑːdar/
7296	inträffar	to happen, to occur, especially at a specific time	/ˈɪntrɛˌfar/
7297	magiker	a magician, a mage person who can perform supernatural magic	/ˈmɑːɡiːkɛr/
7298	modeller	a model, a miniature, a simplified or smaller depiction	/mɔˈdɛllɛr/
7299	pervers	sexually perverted	/ˈpɛrvɛʂ/
7300	parkering	parking lot, car park; parking garage	/ˈparkeːˌrɪŋ/
7301	italiensk	Italian	/ˈiːtaˌliːɛnsk/
7302	användbart	useful	/ˈanvɛndˌbɑːt/
7303	bot	fine	/buːt/
7304	underskatta	to underestimate	/ˈɵndɛʂˌkatːa/
7305	golv	a floor	/ɡɔlv/
7306	hän	away, hence	/ˈhɛːn/
7307	blödde	bled	/ˈblœdɛ/
7308	firade	to celebrate	/ˈfiːradɛ/
7309	ökade	increased	/ˈøːkadɛ/
7310	inombords	inboard	/ˈiːnɔmˌbuːrds/
7311	tjafsa	argue, bicker	/ˈɕafsa/
7312	sängar	a bed	/ˈsɛŋar/
7313	bunkern	a bunker	/ˈbɵŋkɛrn/
7314	lysa	to shine, shed light, beam	/ˈlyːsa/
7315	marinsoldat	a marine	/ˈmɑːrɪnˌsɔldat/
7316	lift	a ski lift	/ˈlɪft/
7317	övertaget	upper hand, advantage	/ˈøːvɛˌtɑːɡɛt/
7318	strypa	to strangle	/ˈstryːpa/
7319	medium	a medium	/ˈmeːdiːˌʉm/
7320	ab	the blood type AB	/ˈɑːbeː/
7321	skelett	a skeleton	/ˈsxeːlɛt/
7322	terrorism	terrorism	/tɛrɔˈrɪsm/
7323	fyrtio	forty; 40 in Arabic numerals	/²fœrtɪ.ʊ/
7324	bajs	poop, poo	/bajs/
7325	generatorn	a generator	/jɛˈneːraˌtuːrn/
7326	stängslet	a fence	/ˈstɛŋslɛt/
7327	stumpan	a young girl	/ˈstɵmpan/
7328	systern	a sister	/sysˈtɛrn/
7329	erfarenheter	experience	/ˈɛrfɑːˌreːnheːtɛr/
7330	sunt	sound, healthy	/ˈsɵnt/
7331	skotten	a shot	/ˈskɔtːɛn/
7332	utifall	in case	/ˈʉtiːˌfal/
7333	produkter	product; commodities offered for sale, a result of…	/prɔˈdɵktɛr/
7334	ruta	square, tile, box	/²rʉːta/
7335	sorgliga	sad	/ˈsɔrɡliːˌɡa/
7336	hedrad	to honour	/ˈhɛdrad/
7337	uppgifterna	a task	/ˈɵpjɪfˌtɛrna/
7338	kemiska	chemical	/ˈɕeːmɪsˌka/
7339	svans	The caudal appendage of an animal that is attached to its…	/svans/
7340	skråma	a scratch	/ˈskroːma/
7341	w	weed	/ˈdɵbɛlveː/
7342	svansen	The caudal appendage of an animal that is attached to its…	/ˈsvansɛn/
7343	utgår	to assume, to base, to start	/ˈʉtɡoːr/
7344	kyrkans	a church	/ɕyrˈkans/
7345	medicinskt	medical	/ˈmeːdiːˌsɪnskt/
7346	gustav	The letter "G" in the Swedish spelling alphabet	/ˈɡɵstav/
7347	förvirring	confusion, bewilderment	/føːrˈvɪrɪŋ/
7348	utesluta	to expel or exclude	/ˈʉtɛˌslʉta/
7349	förvandlar	to turn, to transform, to convert	/ˈfœrvanˌdlar/
7350	nedanför	below, underneath; located close by but at a lower level	/ˈneːdanˌføːr/
7351	kriminalare	a kriminalpolis; a police employed by the kriminalpolis	/ˈkriːmiːˌnalarɛ/
7352	övermorgon	only used in i övermorgon	/ˈøːvɛrˌmɔrɡɔn/
7353	kröp	to crawl, to creep	/ˈkrøːp/
7354	knip	pinch	/ˈkniːp/
7355	käpp	stick; cane	/ɕɛp/
7356	särskilda	distinct, special	/ˈsɛrsxɪlˌda/
7357	fungerat	function; to be in action	/ˈfɵnɡeːˌrat/
7358	gudskelov	thank goodness, thankfully, luckily	/ˌɡɵdsxɛˈloːv/
7359	plågar	to torment, to torture	/ˈploːɡar/
7360	nivån	distance relative to a given reference elevation	/ˈniːvoːn/
7361	sensorerna	a sensor	/sɛnˈsɔrɛrˌna/
7362	kemikalier	chemical; any specific chemical element or compound	/ˈɕeːmiːkaˌliːɛr/
7363	vinka	to wave	/ˈvɪŋka/
7364	strålar	a ray, a beam	/ˈstroːlar/
7365	havs	sea, ocean	/ˈhɑːvs/
7366	träsket	swamp, marsh	/ˈtrɛskɛt/
7367	smutsigt	dirty	/ˈsmʉtsɪkt/
7368	attacker	attack; an attempt to cause damage	/ˈatːakːɛr/
7369	gentemot	towards, against	/jɛnteːˈmuːt/
7370	missförstå	to misunderstand	/mɪsˈfœʂtoː/
7371	ubåt	a submarine; a boat that goes under water	/ˈʉboːt/
7372	positionen	a place, a location, a position. A description of where…	/ˌpuːsɪsˈxuːnɛn/
7373	raderade	to delete, to erase	/raˈdeːradɛ/
7374	döpt	baptized	/ˈdœpt/
7375	bevakning	guard, watch	/ˈbɛvɑːkˌnɪŋ/
7376	avslöjas	reveal; uncover	/ˈɑːvsløːˌjas/
7377	givakt	attention	/ˈjiːvakt/
7378	vågor	a wave; a shape with alternating curves; a motion of liquid…	/ˈvoːɡʊr/
7379	partyt	party; social gathering	/ˈpatyːt/
7380	football	American football	/ˈfuːɔtˌbal/
7381	påverkat	to affect, to influence	/ˈpoːvɛrˌkat/
7382	segrar	victory	/ˈsɛɡrar/
7383	gamlingen	an old person	/ˈɡamlɪŋɛn/
7384	överdrivet	exaggerated	/ˈøːvɛrˌdriːvɛt/
7385	karate	karate	/ka²rɑːtɛ/
7386	halleluja	hallelujah	/ˈhalɛˌlʉja/
7387	förstöras	to break, to demolish; to make something cease working	/ˈfœʂtøːˌras/
7388	uppträdande	performance, scene	/ˈɵpˌtrɛːdande/
7389	delägare	a part owner, a shareholder	/ˈdeːlɛːˌɡarɛ/
7390	hejda	to stop, to halt	/ˈhɛjda/
7391	regelbundet	regularly, periodically	/ˈreːɡɛlˌbɵndɛt/
7392	porträtt	a portrait	/ˈpuːtrɛt/
7393	hedrar	to honour	/ˈhɛdrɑːr/
7394	erövra	to conquer, to seize	/eːˈrøːvra/
7395	kedjan	chain	/ˈɕɛdjan/
7396	befriade	liberated	/bɛˈfriːadɛ/
7397	svars	answer, response, reply	/ˈsvɑːʂ/
7398	tandläkaren	a dentist	/ˈtandlɛːˌkarɛn/
7399	störningar	a disorder	/ˈstœrnɪˌŋar/
7400	flickans	a girl	/flɪˈkːans/
7401	sjöman	a sailor, a seaman, a mariner	/ˈɧøːˌman/
7402	ronden	a bout, a round	/ˈrɔndɛn/
7403	anropa	to call, to hail	/ˈanruːˌpa/
7404	hyser	to house	/ˈhyːsɛr/
7405	sköld	a shield	/ɧœld/
7406	döpte	baptized	/ˈdøːptɛ/
7407	specialist	a specialist	/spɛˈsɪaˌlɪst/
7408	förvånande	to astonish; to surprise	/ˈfœrvoːˌnandɛ/
7409	löper	to run along, stretch	/ˈløːpɛr/
7410	årliga	yearly, annual	/ˈoːrliːˌɡa/
7411	raven	rave	/ˈrɑːvɛn/
7412	former	a form, a shape	/ˈfɔrmɛr/
7413	fristad	a sanctuary, a haven, a refuge	/ˈfrɪstad/
7414	rår	a yard, a stick, a beam	/ˈroːr/
7415	yes	yes	/jɛs/
7416	därav	thereof	/ˈdɛːrav/
7417	flickvänner	a girlfriend	/ˈflɪkvɛnɛr/
7418	drinken	a drink alcoholic beverage	/ˈdrɪŋkɛn/
7419	skölden	a shield	/ˈsxœldɛn/
7420	erat	alternative form of ert	/ˈɛːrat/
7421	lutar	to slope	/ˈlʉtar/
7422	historiens	history	/ˈhɪstuːˌriːɛns/
7423	lustiga	comically amusing; funny, fun, comical	/ˈlɵstiːˌɡa/
7424	obduktion	autopsy	/ˌɔbdɵksˈxuːn/
7425	muffins	muffin	/ˈmɵfɪns/
7426	radarn	radar	/ˈrɑːdɑːrn/
7427	återkomst	a return, a second coming, a homecoming, a comeback	/ˈoːtɛrˌkɔmst/
7428	skäller	to bark	/ˈsxɛlɛr/
7429	hetta	heat	/ˈhɛtːa/
7430	klargöra	to clarify	/ˈklɑːrjøːˌra/
7431	skönheten	beauty	/ˈsxœnheːtɛn/
7432	redaktör	an editor	/ˈrɛdakˌtøːr/
7433	slagfältet	battlefield	/ˈslɑːɡfɛltɛt/
7434	socialt	social, pertaining to living conditions and society	/sʊˈsɪalt/
7435	uppoffringar	sacrifice	/ˈɵpɔˌfrɪŋar/
7436	incidenten	an incident	/ˈɪnsɪˌdɛntɛn/
7437	avskydde	to loathe, detest	/ˈɑːvsxydɛ/
7438	stolar	a chair	/ˈstuːlar/
7439	upplopp	riot	/ˈɵplɔp/
7440	receptet	a recipe	/ˈrɛsɛptɛt/
7441	skämdes	to spoil, to ruin, to dishonour	/ˈsxɛmdɛs/
7442	kraschen	crash	/ˈkraʃɛn/
7443	försäljningen	selling	/ˈfœʂɛljˌnɪŋɛn/
7444	excellens	Excellency	/ˈɛkssɛlɛns/
7445	katolik	a Catholic, a follower of the Roman Catholic Church	/ˈkatuːˌliːk/
7446	revolvern	a revolver	/ˈreːvɔlˌvɛrn/
7447	agerade	to act	/ˈaɡeːˌradɛ/
7448	konspiration	conspiracy	/kɔnspɪraˈɧuːn/
7449	verkstad	a workshop	/verksta/
7450	avancerade	advanced	/ˈavanˌseːradɛ/
7451	innebära	to imply, to mean	/ˈɪnɛˌbɛːra/
7452	uppifrån	from above	/ˈɵpɪˌfroːn/
7453	rättfärdiga	to justify	/ˈrɛtfɛːrˌdiːɡa/
7454	inspirerande	inspiring	/ˈɪnspiːˌreːrandɛ/
7455	oundvikligt	inevitable, unavoidable	/ˈuːɵndˌvɪklɪkt/
7456	brudarna	a bride	/ˈbrʉdarˌna/
7457	grevinnan	a countess	/ˈɡreːvɪˌnan/
7458	besvärar	to bother, to trouble, to inconvenience discomfort to	/bɛsˈvɛːrar/
7459	redogörelse	account	/ˈreːduːˌjøːrɛlsɛ/
7460	inkluderar	to include	/ˈɪŋklʉˌdeːrar/
7461	vildmarken	wilderness	/ˈvɪldmarkɛn/
7462	ryktena	a rumor	/ˈryktɛˌna/
7463	slås	a beam	/ˈsloːs/
7464	picknick	a picnic	/ˈpɪknɪk/
7465	medbrottsling	accomplice	/ˈmɛdbrɔtˌslɪŋ/
7466	förhoppningar	hope	/ˈfœrhɔpˌnɪŋar/
7467	hunger	hunger	/ˈhɵŋɛr/
7468	raket	a rocket	/ˈrɑːkɛt/
7469	resterna	remainder, rest	/ˈrɛstɛrˌna/
7470	jävlig	shitty, bad	/ˈjɛvlɪɡ/
7471	skyddad	protect	/ˈsxydad/
7472	marknad	market	/²mark.nad/
7473	spö	a rod, a stick	/spøː/
7474	droppar	drop	/ˈdrɔpar/
7475	överfall	attack, assault	/ˈøːvɛrˌfal/
7476	korn	a grain	[kʰuːɳ]
7477	dal	valley, dale	/ˈdɑːl/
7478	tidernas	time	/ˈtiːdɛrˌnas/
7479	rang	to ring; to make a bell produce a sound	/ˈraŋ/
7480	dagis	daycare centre, kindergarten, preschool	/ˈdɑːɡiːs/
7481	sup	a drink of hard liquor, a drink	/ˈsʉp/
7482	knyter	to tie	/ˈknyːtɛr/
7483	omslaget	a cover	/ˈɔmslɑːɡɛt/
7484	pojkens	a boy	/ˈpɔjkɛns/
7485	anmält	reported	/ˈanmɛlt/
7486	badar	to bathe, for cleaning, recreation, etc. – see the usage…	/ˈbadar/
7487	batteri	battery, accumulator	/ˈbatːɛˌriː/
7488	papperen	paper	/ˈpapɛrɛn/
7489	giftermål	marriage	/ˈjɪftɛrˌmoːl/
7490	dödande	to kill	/ˈdøːdandɛ/
7491	spindel	a spider	/ˈspɪndɛl/
7492	nattens	night	/ˈnatːɛns/
7493	makter	power, might	/ˈmaktɛr/
7494	matcha	to match	/²matɕa/
7495	mode	fashion, a fashion trend	/²muːdɛ/
7496	sax	a pair of scissors; shears	/ˈsaks/
7497	design	design	/dɛˈsajn/
7498	dockor	a doll, a puppet	/ˈdɔkːuːr/
7499	dömdes	to sentence, to judge	/ˈdœmdɛs/
7500	återgår	to get back	/ˈoːtɛrˌɡoːr/
7501	åttonde	eighth	/ˈɔˌtɔndɛ/
7502	auktoritet	authority	/ˈɔktuːˌriːteːt/
7503	pappret	paper	/ˈpaprɛt/
7504	majs	corn, maize	/ˈmajs/
7505	frekvens	frequency	/ˈfrɛkvɛns/
7506	böj	a bend	/ˈbøːj/
7507	avgudar	a false god; an idol	/ˈɑːvɡʉˌdar/
7508	patrull	a patrol	/ˈpatrɵl/
7509	nyttigt	useful	/ˈnytːɪkt/
7510	villkorligt	conditional	/ˈvɪlkoːrˌlɪkt/
7511	avtryckaren	a trigger	/ˈavtryˌkːarɛn/
7512	skidor	a ski	/ˈsxiːduːr/
7513	mordförsök	assassination attempt	/muːrdˈfœʂøːk/
7514	klipporna	a cliff, a rock – compare how "up on the cliff" makes sense…	/ˈklɪpuːrˌna/
7515	födas	food; sustenance	/ˈføːdas/
7516	sked	a spoon	/ɧeːd/
7517	bero	to depend	/bɛˈruː/
7518	kämpe	fighter	/ˈɕɛmpɛ/
7519	yngsta	young	/ˈyŋsta/
7520	superhjälte	superhero	/ˈsʉpɛrˌjɛːltɛ/
7521	överväldigande	overwhelming	/ˈøːvɛrˌvɛldiːˌɡandɛ/
7522	förgör	to destroy	/ˈfœrjøːr/
7523	lin	flax	/liːn/
7524	lönlöst	futile	/ˈlœˈnløːst/
7525	ledarskap	leadership	/ˈleːdaʂˌkɑːp/
7526	kemi	chemistry	/ɕɛˈmiː/
7527	tillhöra	to belong to	/ˈtɪlhøːˌra/
7528	verandan	a porch, a veranda	/ˈveːranˌdan/
7529	använts	to use	/ˈanvɛnts/
7530	fastigheter	a property	/ˈfastɪɡˌheːtɛr/
7531	svalt	cool, slightly chilly	/ˈsvalt/
7532	poet	a poet	/ˈpuːɛt/
7533	telefonerna	a phone, a telephone	/ˌtɛlɛˈfoːnɛrˌna/
7534	störande	to disturb, to confuse or irritate, to interfere, to make…	/ˈstøːrandɛ/
7535	kaxig	acting as if trying to get a rise out of someone, by making…	/ˈkaksɪɡ/
7536	laddat	to load	/ˈladat/
7537	etta	one; the digit or figure "1"	/ˈɛtːa/
7538	röntgen	X-ray, also used in compound terms	/ˈrœntjɛn/
7539	brottslighet	crime, criminality	/ˈbrɔtslɪɡˌheːt/
7540	bal	bale, bundle	/ˈbal/
7541	frånvarande	absent; not present	/ˈfroːnvɑːˌrandɛ/
7542	gårdagens	yesterday; the day before today or another specified day	/ˈɡoːrdɑːˌɡɛns/
7543	kriga	to make war, to war, to fight	/²kriːɡa/
7544	sken	a light, a glow	/ˈɧeːn/
7545	bomba	to bomb	/ˈbɔmba/
7546	koordinater	coordinate	/ˈkuːuːrˌdiːnatɛr/
7547	anställer	to hire, to employ	/ˈanstɛlɛr/
7548	andarna	a spirit	/ˈandarˌna/
7549	narkotika	narcotics	/ˈnarkuːˌtiːka/
7550	pojkvännen	a boyfriend	/ˈpɔjkvɛnɛn/
7551	sällsynta	scarce, rare, uncommon	/ˈsɛlsynˌta/
7552	regeringens	government; the executive body of a country's governmental…	/rɛˈjeːrɪŋɛns/
7553	egenskap	attribute, property	/ˈeːjɛnsˌkɑːp/
7554	näste	next; following in a sequence	/ˈnɛːstɛ/
7555	bevittna	to witness	/bɛˈvɪtna/
7556	kommunen	municipality, city, commune	/kɔˈmʉnɛn/
7557	teet	tea	/ˈteːɛt/
7558	årtionden	decade	/oːsˈxɔndɛn/
7559	slickar	to lick	/ˈslɪkːar/
7560	angriper	to attack, to assault	/ˈaŋriːpɛr/
7561	modellen	a model, a miniature, a simplified or smaller depiction	/mɔˈdɛllɛn/
7562	rara	sweet	/ˈrɑːra/
7563	pundare	junkie, drug addict	/ˈpɵndarɛ/
7564	svårigheter	difficulty	/ˈsvoːrɪɡˌheːtɛr/
7565	mästerverk	a masterpiece	/ˈmɛstɛrˌvɛrk/
7566	karriären	a career	/ˈkariːˌɛːrɛn/
7567	handel	trade, commerce; the commercial exchange of goods and…	/ˈhandɛl/
7568	duschar	a shower water-spraying device	/ˈdɵʃar/
7569	protesterar	to protest	/ˈpruːtɛsˌteːrar/
7570	stört	utterly, freaking	/ˈstœt/
7571	smiter	escape, run off; run away without permission	/ˈsmiːtɛr/
7572	trohet	fidelity, loyalty	/ˈtruːheːt/
7573	kjol	a skirt	/ɕuːl/
7574	hummer	lobster	/ˈhɵmɛr/
7575	bröts	to break; to end abruptly	/ˈbrœts/
7576	skjutvapen	shooting weapon	/ˈɕʉtvapɛn/
7577	centralen	a central, a centre, a central station, a junction, a…	/ˈsɛntralɛn/
7578	sprutan	something that emits a jet of liquid; a sprayer, a squirt	/ˈsprʉtan/
7579	föräldralös	orphan	/ˈføːrɛlˌdraløːs/
7580	förbjuden	forbidden	/ˈfœrbjʉdɛn/
7581	spark	kick	/ˈspark/
7582	användbar	useful	/ˈanvɛndˌbɑːr/
7583	förvandlade	to turn, to transform, to convert	/ˈfœrvanˌdladɛ/
7584	nedre	lower	/ˈnɛdrɛ/
7585	vetskap	knowledge	/ˈvɛtskɑːp/
7586	flippar	to flip, to flip out	/ˈflɪpar/
7587	citat	a quote	/ˈsɪtat/
7588	medvetandet	consciousness	/meːdˈveːtandɛt/
7589	upplevde	to experience	/ˈɵplɛvdɛ/
7590	taskigt	nastily, cruelly	/ˈtaskɪɡt/
7591	matematik	mathematics	/matɛmaˈtiːk/
7592	hycklare	a hypocrite	/ˈhyklɑːrɛ/
7593	smyg	to sneak, to creep, to steal	/smyːɡ/
7594	batterier	battery, accumulator	/ˈbatːɛˌriːɛr/
7595	konstnärer	an artist	/ˈkɔnstnɛːrɛr/
7596	kopiera	to copy	/ˈkɔpiːɛˌra/
7597	dramatisk	dramatic	/ˈdrɑːmaˌtɪsk/
7598	krossas	to crush; to press or bruise between two hard bodies until…	/ˈkrɔsas/
7599	byggd	to build; to construct	/ˈbyɡd/
7600	beröm	praise, commendation, kudos, laudation	/bɛˈrœm/
7601	stallet	stable, building for housing horses	/ˈstalɛt/
7602	dynamit	dynamite	/ˈdyːnaˌmiːt/
7603	sattes	to sit; to move oneself into a sitting position	/ˈsatːɛs/
7604	kasinot	a casino	/ˈkasiːˌnuːt/
7605	konferens	a conference	/ˌkɔnfɛˈrans/
7606	mördarna	a murderer	/ˈmœrdarˌna/
7607	tragiska	tragic	/ˈtrɑːɡɪsˌka/
7608	tillgängliga	available, accessible	/ˈtɪljɛˌŋliːɡa/
7609	intensiv	intensive, intense	/ˈɪntɛnˌsiːv/
7610	krigets	war	/ˈkriːjɛts/
7611	erfaren	experienced	/ˈɛrfɑːrɛn/
7612	besatthet	obsession	/bɛˈsatheːt/
7613	hängd	to be suspended	/ˈhɛŋd/
7614	originalet	an original	/ˌuːriːɡiːˈnɑːlɛt/
7615	rörigt	messily, chaotically	/ˈrøːrɪkt/
7616	tipsade	give a helpful hint	/ˈtɪpsadɛ/
7617	teknologin	technology	/ˌtɛknuːˈloːˈɡiːn/
7618	drabbade	hit, struck, affected	/ˈdrabadɛ/
7619	kryllar	teem	/ˈkrylar/
7620	vågat	to dare, to have enough courage	/ˈvoːɡat/
7621	avgå	to resign	/²ɑːvˌɡoː/
7622	datumet	date	/ˈdɑːtɵmɛt/
7623	huvudstaden	capital city	/ˈhʉvɵdsˌtadɛn/
7624	beställning	an order	/bɛsˈtɛlnɪŋ/
7625	fullmåne	full moon	/ˈfɵlmoːnɛ/
7626	intervjuer	interview	/ˈɪntɛrˌvjʉɛr/
7627	konfrontera	to confront	/ˈkɔnfrɔnˌteːra/
7628	invasion	invasion	/ˌɪnvasˈxuːn/
7629	irländare	an Irelander, an Irishman, an Irishwoman	/ˈɪrlɛnˌdarɛ/
7630	skjutsen	a ride, a lift transportation somewhere, in someone's car,…	/ˈɕʉtsɛn/
7631	sabbat	Sabbath	/¹sabːat/
7632	begränsa	to limit, to restrict	/bɛˈɡrɛnsa/
7633	förvirrade	confused	/ˈfœrvɪˌradɛ/
7634	förutse	to predict, to anticipate, to foresee	/ˈføːrʉtsɛ/
7635	fjärran	far away, far	/ˈfjɛran/
7636	röja	to remove obstacles, to clear	/ˈrøːja/
7637	gärningar	an act, a deed	/ˈjɛrnɪˌŋar/
7638	önskemål	request, wish	/ˈœnsxɛˌmoːl/
7639	isolera	to isolate, to insulate	/ˈiːsuːˌleːra/
7640	orgasm	orgasm	/ˈɔrɡasm/
7641	bartendern	a bartender	/ˈbɑːtɛnˌdɛrn/
7642	arresterade	arrested	/ˈarɛsˌteːradɛ/
7643	återkomma	to return, to come back	/ˈoːtɛrˌkɔma/
7644	spelen	a play, a game; a person's or animal's happy, joyous…	/ˈspeːlɛn/
7645	hy	skin, complexion skin on the face	/ˈhyː/
7646	våldet	violence	/ˈvoːldɛt/
7647	fickorna	a pocket	/ˈfɪkːuːrˌna/
7648	längd	length	/ˈlɛŋd/
7649	kavaj	lounge jacket	/ˈkavaj/
7650	provade	to try, to make an attempt; to sample	/ˈpruːvadɛ/
7651	avrätta	to execute, put to death	/ˈavrɛˌtːa/
7652	tänkbara	imaginable, conceivable	/ˈtɛŋkbɑːˌra/
7653	psykiskt	mental	/ˈpsyːkɪskt/
7654	syntes	synthesis	/sʏnˈteːs/
7655	bokar	collection of sheets of paper	/ˈbuːkar/
7656	stanken	stench, stink	/ˈstaŋkɛn/
7657	angels	a pike hook	/ˈaŋɛls/
7658	tripp	a trip	/ˈtrɪp/
7659	densamma	the same; see also detsamma, desamma	/ˈdɛnsaˌma/
7660	re	pronunciation spelling of det	/ˈreː/
7661	innebar	to imply, to mean	/ˈɪnɛˌbɑːr/
7662	lesbiska	lesbian	/ˈlɛsbɪsˌka/
7663	tumör	a tumor	/ˈtʉmøːr/
7664	pensionerad	to retire	/pɛnsˈxuːneːˌrad/
7665	allians	alliance	/ˌaliːˈans/
7666	grovt	coarse; composed of relatively large particles or pieces	/ˈɡrɔvt/
7667	sovjet	a soviet, a council	/sɔvˈjeːt/
7668	repen	rope	/ˈreːpɛn/
7669	osäkra	unsafe, insecure	/ˈuːsɛˌkra/
7670	glädjen	joy, happiness	/ˈɡlɛdjɛn/
7671	satsat	indefinite neuter singular of satsad	/ˈsatsat/
7672	läggdags	bedtime	/ˈlɛɡdɑːɡs/
7673	frigivning	release	/ˈfriːɡɪvˌnɪŋ/
7674	juridiska	legal, pertaining to law	/ˈjʉriːˌdɪska/
7675	moraliskt	morally	/ˈmuːraˌlɪskt/
7676	klänningar	a dress and includes a skirt below the waist	/ˈklɛnɪˌŋar/
7677	spratt	a prank, a trick	/ˈsprɑːt/
7678	vågorna	a wave; a shape with alternating curves; a motion of liquid…	/ˈvoːɡʊrˌna/
7679	invänta	to await	/ˈɪnvɛnˌta/
7680	pilen	an arrow	/ˈpiːlɛn/
7681	systrarna	a sister	/sysˈtrarna/
7682	järnet	with great intensity	/ˈjɛrnɛt/
7683	vykort	postcard, in particular with an image on the front side	/ˈvyːˌkʊrt/
7684	engelsman	an Englishman	/ˈɛŋɛlsˌman/
7685	bestämd	to decide from a position of authority	/bɛsˈtɛmd/
7686	dikter	poem	/ˈdɪktɛr/
7687	temperatur	temperature; a measure of cold or hot. A thermometer can…	/ˈtɛmpɛˌratʉr/
7688	fuskade	cheat, to violate rules in order to get an advantage	/ˈfɵskɑːdɛ/
7689	spindlar	a spider	/ˈspɪndlar/
7690	registrerad	to register	/rɛˈjɪstreːˌrad/
7691	ingripa	intervene	/ˈɪŋriːˌpa/
7692	vargarna	wolf	/ˈvarɡarˌna/
7693	brutet	broken	/ˈbrʉtɛt/
7694	droppen	drip	/ˈdrɔpːɛn/
7695	hovet	a hoof	/ˈhuːvɛt/
7696	gubbar	an older or elderly man	/ˈɡɵbar/
7697	pillren	a pill	/ˈpɪlrɛn/
7698	stat	A state; a nation	/stɑːt/
7699	prisa	to award a prize	/ˈpriːsa/
7700	listat	to add items to a list; to compile a list	/ˈlɪstat/
7701	levern	liver	/ˈlɛvɛrn/
7702	japansk	Japanese	/jaˈpɑːnsk/
7703	attackerad	attacked	/ˈatːakːɛˌrad/
7704	säck	a sack, a large bag	/ˈsɛk/
7705	antibiotika	antibiotics	/ˈantiːˌbiːuːˌtiːka/
7706	rötter	root; the part of a plant that anchors the plant body	/ˈrœtːɛr/
7707	kast	a throw	/ˈkast/
7708	ballar	a schlong, cock penis	/ˈbalar/
7709	gripits	to catch hold of	/ˈɡriːpɪts/
7710	identifierade	to identify	/ˈiːdɛnˌtiːfiːɛˌradɛ/
7711	haka	chin	/ˈhɑːka/
7712	kanoner	cannon, gun; a weapon	/ˈkanuːnɛr/
7713	neger	a negro, a nigger	/ˈneːɡɛr/
7714	sänkte	to lower; move downwards	/ˈsɛŋktɛ/
7715	genväg	short cut; a shorter, simpler or more efficient method or…	/jɛnˈvɛːɡ/
7716	mäklare	a broker, a mediator	/ˈmɛklɑːrɛ/
7717	kopplas	to connect	/ˈkɔplas/
7718	snuskiga	offensively foul; gross	/ˈsnɵskɪˌɡa/
7719	frigiven	liberate, set free	/ˈfriːɡiːvɛn/
7720	regissör	a director	/rɛɧɪˈsøːr/
7721	tv-spel	a video game	/ˌteːˈveːsˈpeːl/
7722	uppskattning	an estimate, an approximation	/ˈɵpskatˌnɪŋ/
7723	svarte	black	/ˈsvɑːrtɛ/
7724	peruk	a wig	/ˈpeːrʉk/
7725	havets	sea, ocean	/ˈhɑːvɛts/
7726	palm	palm	/ˈpalm/
7727	ägnat	to engage oneself, to spend time	/ˈɛŋnat/
7728	befälhavaren	a commander, a person being in command	/bɛˈfɛlhaˌvarɛn/
7729	stridsvagnar	a tank	/ˈstrɪdsvaŋˌnar/
7730	betydligt	significant	/bɛˈtyːdlɪkt/
7731	komiker	a comedian	/ˈkuːmiːkɛr/
7732	drakar	a dragon	/ˈdrɑːkar/
7733	lampor	lamp	/ˈlampuːr/
7734	veckans	a week, a period of 7 days	/vɛˈkːans/
7735	chefens	A boss, manager; person in charge, person who directly…	/ˈsxɛːfɛns/
7736	brorsdotter	fraternal niece	/ˈbrɔʂdɔtːɛr/
7737	sårat	indefinite neuter singular of sårad	/ˈsoːrɑːt/
7738	koppar	a cup drinks	/ˈkɔˌpar/
7739	rökning	smoking	/²røːknɪŋ/
7740	säkerligen	surely	/ˈsɛːkɛrˌlɪɡɛn/
7741	kalle	cold; having a low temperature	/²kalɛ/
7742	kontrollerade	to check	/ˈkɔntrɔˌleːradɛ/
7743	ketchup	ketchup	/ˈkɛtːɕɵp/
7744	insikt	knowledge	/²ɪnsɪkt/
7745	jurist	a jurist, a legal expert, someone who specializes in law	/ˈjʉrɪst/
7746	barnslig	childish	/ˈbɑːrnslɪɡ/
7747	förbaskat	angry	/ˈfœrbasˌkat/
7748	lungt	misspelling of lugnt	/ˈlɵŋt/
7749	he	it	/heː/
7750	automatiskt	automatically	/ˈaʉˌtuːmɑːˌtɪskt/
7751	fenomen	a phenomenon	/ˈfeːnuːmɛn/
7752	blöjor	a diaper, a nappy	/ˈbløːjuːr/
7753	bläck	ink; pigment or dye for writing, printing etc	/blɛk/
7754	individer	an individual	/ˈɪndiːˌviːdɛr/
7755	gentlemän	a gentleman	/jɛnˈtleːmɛːn/
7756	illusion	an illusion	/ɪlɵˈɧuːn/
7757	fingeravtrycken	a fingerprint	/ˈfɪŋeːˌravtrykːɛn/
7758	vrider	to twist, to turn; to change the direction or orientation of	/ˈvriːdɛr/
7759	häråt	towards this place; here, hitherward	/ˈhɛːroːt/
7760	elektrisk	electric, electrical	/ˈɛlɛkˌtrɪsk/
7761	kläm	a squeeze; a narrow passage or a difficult situation	/ˈklɛːm/
7762	sporten	sports	/ˈspɔtɛn/
7763	ränta	interest, interest rate	/ˈrɛnta/
7764	tanka	to refuel, to fill up	/ˈtaŋka/
7765	hustrun	a wife	/ˈhɵstrɵn/
7766	isoleringen	definite singular of isolering	/ˈiːsuːˌleːrɪŋɛn/
7767	est	Estonian; a person from Estonia	/ˈɛst/
7768	hällde	to pour to flow from a vessel by tilting it	/ˈhɛldɛ/
7769	arkivet	an archive	/ˈarkiːvɛt/
7770	anlitat	to hire, to consult, to call in	/ˈanliːˌtat/
7771	psykologi	psychology	/ˌpsyːkuːˈloːɡiː/
7772	arvinge	heir, heiress, inheritor	/ˈarvɪŋɛ/
7773	svagare	weak; lacking in force or ability	/ˈsvɑːɡarɛ/
7774	fängslad	imprisoned	/ˈfɛŋslad/
7775	soluppgången	a sunrise	/ˈsuːlɵpˌɡɔŋɛn/
7776	spelarna	a player	/ˈspeːlarˌna/
7777	hytt	a driver's compartment	/ˈhʏt/
7778	organisera	to organize	/ˌɔrɡaˈnɪseːˌra/
7779	förrådet	a storage	/ˈfœroːdɛt/
7780	skicklighet	skill	/ˈsxɪklɪɡˌheːt/
7781	hjälmen	a helmet	/ˈjɛlmɛn/
7782	sedlar	a banknote	/ˈsɛdlar/
7783	kräkas	to throw up, to vomit	/²krɛːˌkas/
7784	förgifta	to poison	/ˈfœrjɪfˌta/
7785	lockbete	a bait, a lure, a decoy	/ˈlɔkbɛtɛ/
7786	hockey	clipping of ishockey	/ˈhɔkʏ/
7787	stadshuset	a city hall	/ˈstadshʉsɛt/
7788	förnödenheter	an essential, a necessity	/ˈfœrnøːˌdeːnheːtɛr/
7789	tatueringen	tattoo	/ˈtɑːtʉˌeːrɪŋɛn/
7790	tullen	a toll	/ˈtɵlɛn/
7791	nionde	ninth	/ˈniːˌɔndɛ/
7792	springs	a running	/ˈsprɪŋs/
7793	tjusig	nice-looking in a snazzy way	/ˈɕʉsɪɡ/
7794	verkan	action	/ˈvɛrkan/
7795	systerdotter	sororal niece	/sysˈtɛrdɔtːɛr/
7796	bromsa	to brake	/ˈbrɔmsa/
7797	fastställa	to establish, to determine	/ˈfaststɛˌla/
7798	dvärg	dwarf	/dvɛrj/
7799	framöver	for the future	/ˈfrɑːmøːvɛr/
7800	granat	a grenade	/ˈɡrɑːnat/
7801	cv	alternative letter-case form of cv	/ˌseːˈveː/
7802	förband	a bandage	/fœrˈband/
7803	linan	a wire, a rope, a line	/ˈliːnan/
7804	snott	to twist; to turn the ends of something, usually thread,…	/ˈsnɔt/
7805	svänga	to turn	/ˈsvɛŋa/
7806	ryktas	to be rumored	/ˈryktas/
7807	replik	line, utterance	/ˈrɛpliːk/
7808	maskinerna	machine	/masˈxiːnɛrˌna/
7809	incident	an incident	/ˈɪnsɪˌdɛnt/
7810	delas	to deal, share; divide something between recipients	/ˈdeːlas/
7811	trevligare	nicely, pleasantly	/ˈtrɛvliːˌɡarɛ/
7812	omtänksam	considerate, sweet	/ˈɔmtɛŋkˌsam/
7813	ekonomisk	economic, economical	/ˈɛkuːˌnɔːmɪsk/
7814	protokoll	a protocol, minutes from a meeting	/ˈpruːtuːˌkɔl/
7815	invandrare	an immigrant	/ˈɪnvanˌdrarɛ/
7816	restauranger	a restaurant	/ˈrɛstaˌʉraŋɛr/
7817	närmre	near, close	/ˈnɛrmrɛ/
7818	förolämpning	insult, affront	/ˈføːruːˌlɛmpnɪŋ/
7819	noggrann	careful, scrupulous	/ˈnʊɡran/
7820	transporten	transport	/ˈtranspɔtɛn/
7821	tjockis	fatso, fatty	/ˈɕɔkːiːs/
7822	litteratur	literature	/ˈlɪtːeːˌratʉr/
7823	snövit	snow-white	/²snøːˌviːt/
7824	observera	to watch	/ˈɔbsɛrvɛˌra/
7825	stängdes	to close, to shut	/ˈstɛŋdɛs/
7826	omtänksamt	considerate, sweet	/ˈɔmtɛŋkˌsamt/
7827	paradis	paradise	/ˈpɑːraˌdiːs/
7828	kontrollrummet	control room	/ˈkɔntrɔlˌrɵmɛt/
7829	menige	not an officer, private	/ˈmeːniːjɛ/
7830	producera	to produce or manufacture	/prɔˈdʉseːˌra/
7831	frustrerad	frustrated	/ˈfrɵstreːˌrad/
7832	para	to pair, match into pairs	/ˈpɑːra/
7833	rören	a pipe, a tube	/ˈrøːrɛn/
7834	laptop	a laptop	/ˈlaptuːp/
7835	ryssar	a Russian, male person from Russia	/ˈrysar/
7836	klubbar	a club	/ˈklɵbar/
7837	inväntar	to await	/ˈɪnvɛnˌtar/
7838	rubbet	all of it, the whole shebang	/ˈrɵbɛt/
7839	bred	wide, broad	/ˈbreːd/
7840	rand	edge, border, boundary	/ˈrand/
7841	locket	a lock of hair, a curl of hair	/ˈlɔkɛt/
7842	läckert	delicious, scrumptious, delectable	/ˈlɛkːɛt/
7843	jämförelse	a comparison	/ˈjɛmføːˌrɛlsɛ/
7844	dejtat	to date	/ˈdɛjtat/
7845	hördes	to hear	/ˈhœrdɛs/
7846	sångare	singer	/ˈsɔŋarɛ/
7847	relationen	relation; how two things may be associated	/ˌreːlasˈxuːnɛn/
7848	åldras	to age	/ˈoːldras/
7849	sårbara	vulnerable	/ˈsoːrbɑːˌra/
7850	stel	stiff, rigid	/steːl/
7851	påbörjar	to start, to begin	/poːˈbœrjar/
7852	maskar	a worm	/ˈmaskar/
7853	repliker	line, utterance	/ˈrɛpliːkɛr/
7854	budbärare	a messenger	/ˈbɵdbɛːˌrarɛ/
7855	kinden	cheek	/ˈɕɪndɛn/
7856	skraj	scared	/skraj/
7857	rymmen	only used in på rymmen	/ˈrymɛn/
7858	faderns	father	/ˈfadɛrns/
7859	fejkade	definite singular	/ˈfɛjkadɛ/
7860	ranchen	a ranch	/ˈranʃɛn/
7861	kissade	to pee	/ˈkɪsadɛ/
7862	uppenbarelse	a revelation	/ˈɵpeːnˌbɑːrɛlsɛ/
7863	sätts	a manner	/ˈsɛts/
7864	game	game	/ˈɡɑːmɛ/
7865	fläckar	a stain	/ˈflɛkːar/
7866	nörd	nerd	/nøːrd/
7867	ärendet	a matter, an errand, an issue, a task, a work item	/ˈɛːrɛndɛt/
7868	kammare	a chamber, a small room	/ˈkamarɛ/
7869	försäkringen	insurance	/ˈfœʂɛˌkrɪŋɛn/
7870	kvitto	a receipt	/ˈkvɪtːuː/
7871	semestern	a holiday/vacation, especially from work	/sɛˈmɛstɛrn/
7872	titan	Titan; giant god	/tɪˈtɑːn/
7873	krisen	crisis	/ˈkriːsɛn/
7874	orkade	to have strength, will, or stamina enough	/ˈɔrkadɛ/
7875	snitt	a cut	/ˈsnɪt/
7876	kritiskt	critically	/ˈkrɪtɪskt/
7877	längsta	long	/ˈlɛŋsta/
7878	vetenskapligt	scientific	/ˈveːtɛnsˌkɑːplɪkt/
7879	inträffat	to happen, to occur, especially at a specific time	/ˈɪntrɛˌfat/
7880	oändliga	infinite	/ˈuːɛnˌdliːɡa/
7881	presentation	introduction	/prɛˈsɛntasˈxuːn/
7882	mystiskt	mysteriously	/ˈmystɪskt/
7883	portarna	a door leading into a larger building, like for example an…	/ˈpuːtarˌna/
7884	formeln	formula; an expression formulated by the use of symbols	/ˈfɔrmɛln/
7885	mordroteln	a police division dealing with cases of homicide; a…	/ˈmuːrdruːˌtɛln/
7886	vingarna	a wing	/ˈvɪŋarˌna/
7887	trådar	wire	/ˈtroːdar/
7888	ställs	a stand	/ˈstɛls/
7889	gudinna	a goddess	/ˈɡʉdɪˌna/
7890	angripa	to attack, to assault	/ˈaŋriːˌpa/
7891	betrakta	to regard	/bɛˈtrakta/
7892	ilskan	anger	/ˈɪlskan/
7893	kommunist	a communist	/kɔˈmʉnɪst/
7894	darren	only used in få stora darren	/ˈdarɛn/
7895	fanskapet	a disagreeable person, animal, or thing; a bastard, a son…	/ˈfanskɑːpɛt/
7896	underskrift	a signature	/ˈɵndɛʂˌkrɪft/
7897	kommentera	to comment	/ˈkɔmɛnˌteːra/
7898	uppsikt	supervision, watch	/ˈɵpsɪkt/
7899	torrt	dryly	/ˈtɔrt/
7900	guden	a god	/ˈɡʉdɛn/
7901	mapp	a folder	/ˈmap/
7902	producerar	to produce or manufacture	/prɔˈdʉseːˌrar/
7903	pallar	a stool chair without armrests or back	/ˈpalar/
7904	besluta	to decide, to make a decision	/bɛˈslʉta/
7905	mentala	mental, pertaining to the mind	/ˈmɛntaˌla/
7906	flippa	to flip, to flip out	/ˈflɪpa/
7907	marinkåren	marine corps	/ˈmɑːrɪŋˌkoːrɛn/
7908	släcker	to cause to stop burning; to put out, to extinguish, etc	/ˈslɛkːɛr/
7909	trams	silliness	/ˈtrams/
7910	imperium	an empire	/ˈɪmpɛˌriːʉm/
7911	behandlad	to treat, to process	/bɛˈhandlad/
7912	hysterisk	hysterical	/ˈhystɛˌrɪsk/
7913	tjalla	to inform on, to snitch; often to someone of authority,…	/²ɕala/
7914	stekt	fried	/ˈsteːkt/
7915	tobak	tobacco	/ˈtuːbak/
7916	sära	to separate	/ˈsɛːra/
7917	käkar	a jaw	/ˈɕɛːkar/
7918	relativt	relatively	/ˈreːlaˌtɪvt/
7919	formellt	formal	/ˈfɔrmɛlt/
7920	försäljare	a salesman	/ˈfœʂɛlˌjarɛ/
7921	oljan	oil	/ˈɔljan/
7922	mentalsjukhus	mental hospital	/ˈmɛntɑːlsˌxʉkhʉs/
7923	englands	genitive of England	/ˈɛŋlands/
7924	tunnlar	An underground or underwater passage	/ˈtɵnlar/
7925	engagerad	engaged	/ˈɛŋaˌɡeːrad/
7926	intensivt	intensive, intense	/ˈɪntɛnˌsɪvt/
7927	lekt	to play	/ˈlɛkt/
7928	fiskare	a fisherman, a fisher	/ˈfɪskarɛ/
7929	säcken	a sack, a large bag	/ˈsɛkːɛn/
7930	proverna	a test, a trial	/ˈpruːvɛrˌna/
7931	berör	to touch	/bɛˈrøːr/
7932	mur	a wall built of overlapping bricks or stones or cement or…	/ˈmʉːr/
7933	fungerande	function; to be in action	/ˈfɵnɡeːˌrandɛ/
7934	kalas	a party, especially a more festive party focused more on…	/kaˈlɑːs/
7935	hands	a hand	/ˈhands/
7936	adrenalin	adrenaline	/ˈadrɛˌnalɪn/
7937	spottar	to spit	/ˈspɔtːar/
7938	uträtta	to carry out, to get done or over with	/ˈʉtrɛˌtːa/
7939	kyssen	kiss	/ˈɕysɛn/
7940	änglarna	an angel	/ˈɛŋlarˌna/
7941	apoteket	pharmacy	/ˈɑːpuːtɛkɛt/
7942	frälsning	salvation	/ˈfrɛlsnɪŋ/
7943	sushi	sushi	/ˈsɵshiː/
7944	kudden	a pillow	/ˈkɵdɛn/
7945	avslut	closure, finish, termination	/ˈɑːvslʉt/
7946	davids	The letter "D" in the Swedish spelling alphabet	/ˈdɑːvɪds/
7947	övervakare	probation officer	/ˈøːvɛrˌvakarɛ/
7948	fördömda	despicable, objectionable	/ˈføːrˈdœmda/
7949	övertid	overtime	/ˈøːvɛˌtiːd/
7950	profetian	a prophecy	/ˈpruːfɛˌtiːan/
7951	prövar	to test, to try	/ˈprøːvar/
7952	aktiva	active	/ˈaktiːˌva/
7953	tanten	a middle-aged or older woman, an older lady	/ˈtantɛn/
7954	huruvida	whether	/ˈhʉrʉˌviːda/
7955	krossad	to crush; to press or bruise between two hard bodies until…	/ˈkrɔsad/
7956	oändligt	infinite	/ˈuːɛnˌdlɪkt/
7957	nedlåtande	condescending	/ˈnɛdloːˌtandɛ/
7958	tyngre	heavy	/ˈtyŋrɛ/
7959	tolka	to interpret; as of translating orally between languages	/ˈtɔlka/
7960	ruttnar	to rot, to become rotten	/ˈrɵtnar/
7961	kungarike	a kingdom	/ˈkɵŋaˌriːkɛ/
7962	framstående	prominent	/ˈframstoːˌɛndɛ/
7963	lugnat	to calm	/ˈlɵŋnat/
7964	utrota	wipe out, eradicate, root out	/ˈʉtruːˌta/
7965	församling	an assembly, assemblage	/ˈfœʂaˌmlɪŋ/
7966	framstår	to appear	/ˈframstoːr/
7967	flygplanet	airplane, aeroplane	/ˈflyɡplanɛt/
7968	döm	to sentence, to judge	/ˈdøːm/
7969	hälsad	to greet, salute	/ˈhɛlsad/
7970	kon	a cone	/kuːn/
7971	roboten	a robot	/ˈruːbuːtɛn/
7972	giv	deal; the act of distributing playing cards	/ˈjiːv/
7973	dumbom	a fool, idiot	/ˌdɵmˈbʊm/
7974	skrovet	a hull, a body	/ˈskruːvɛt/
7975	gener	gene	/jɛˈneːr/
7976	fullfölja	to complete, to finish off; go all the way; to continue to…	/fɵlˈfœlja/
7977	tavlor	a painting; piece of painted canvas	/ˈtavluːr/
7978	kavalleriet	a cavalry	/ˈkavalɛˌriːɛt/
7979	segra	to win; to obtain a victory	/ˈsɛɡra/
7980	offrat	to sacrifice	/ˈɔfrɑːt/
7981	publicitet	publicity	/ˈpɵblɪˌsɪteːt/
7982	hettan	heat	/ˈhɛtːan/
7983	lades	to place lying somewhere, to place/put in a lying position;…	/ˈladɛs/
7984	grips	to catch hold of	/ˈɡrɪps/
7985	salen	a large room, a hall	/ˈsɑːlɛn/
7986	pipan	Hell	/ˈpiːpan/
7987	korgen	a basket	/ˈkɔrjɛn/
7988	nerver	a nerve	/ˈnɛrvɛr/
7989	valen	definite singular of val c	/ˈvɑːlɛn/
7990	samlag	sexual intercourse	/ˈsamlɑːɡ/
7991	ombud	a proxy, a representative, a delegate	/ˈɔmbʉd/
7992	frös	a seed	/frøːs/
7993	populärt	popular	/ˈpɔpʉˌlɛt/
7994	brandkåren	fire brigade, fire department	/ˈbrandkoːrɛn/
7995	arabiska	Arabic	/ˈɑːraˌbɪska/
7996	välsignade	blessed	/ˈvɛlsɪŋˌnadɛ/
7997	godkände	approved, certified	/ˈɡuːdɕɛndɛ/
7998	straffad	punished	/ˈstrafad/
7999	prima	excellent; top quality	/ˈpriːma/
8000	sträckte	to stretch	/ˈstrɛktɛ/
8001	upplysningar	enlightenment	/ˈɵplysˌnɪŋar/
8002	påsar	a bag	/ˈpoːsar/
8003	korruption	corruption	/ˌkɔrɵpsˈxuːn/
8004	mottagningen	reception	/ˈmuːtːɑːŋˌnɪŋɛn/
8005	tuttarna	a tit, a boob	/ˈtɵtːarˌna/
8006	pipa	a pipe	/ˈpiːpa/
8007	närvara	to be present; to be located in the immediate vicinity	/ˈnɛrvaˌra/
8008	rapporterna	a report	/ˈrapɔˌtɛrna/
8009	fällor	a trap	/ˈfɛluːr/
8010	håla	a deep hole or cavity; a cave	/ˈhoːˌla/
8011	födda	born	/ˈfœda/
8012	invasionen	invasion	/ˌɪnvasˈxuːnɛn/
8013	tu	two	/ˈtʉ/
8014	åstadkommit	to achieve, to accomplish	/ˈoːstadˌkɔmiːt/
8015	missnöjd	unhappy; displeased, dissatisfied	/mɪsˈnœjd/
8016	frälsare	savior	/ˈfrɛlsarɛ/
8017	stek	a steak, a roast, a joint	/ˈsteːk/
8018	anlitar	to hire, to consult, to call in	/ˈanliːˌtar/
8019	återhämta	to recover	/ˈoːtɛrˌhɛmta/
8020	uppmuntra	encourage; to mentally support	/ˈɵpmɵnˌtra/
8021	smala	not wide, narrow	/ˈsmɑːla/
8022	nätverket	a network	/ˈnɛːtvɛrkɛt/
8023	djävla	alternative spelling of jävla	/ˈdjɛvla/
8024	fantasin	imagination, fantasy	/ˌfantaˈsiːn/
8025	civil	civil, civilian; having to do with people and organizations…	/sɪˈviːl/
8026	utgifter	an expense	/ˈʉtjɪftɛr/
8027	läggs	knuckle, shank, shin, hand; part of a leg of an animal	/ˈlɛɡs/
8028	självfallet	of course, naturally	/ˈsxɛlvfalɛt/
8029	trekant	triangle	/ˈtreːkant/
8030	humöret	mood, temper	/ˈhʉmøːrɛt/
8031	bensinen	gasoline, petrol	/bɛnˈsiːnɛn/
8032	kartor	a map	/ˈkatɔr/
8033	stulet	stolen	/ˈstʉlɛt/
8034	föremålet	an object, an item	/ˈføːrɛˌmoːlɛt/
8035	dramatiskt	dramatic	/ˈdrɑːmaˌtɪskt/
8036	slutsats	conclusion	/ˈslʉtsats/
8037	förvandlades	to turn, to transform, to convert	/ˈfœrvanˌdladɛs/
8038	ritual	ritual	/ˈriːtʉˌal/
8039	intuition	intuition	/ˌɪntʉiːsˈxuːn/
8040	civilisation	civilization	/ˌsɪviːˌliːsasˈxuːn/
8041	hövding	a chief	/ˈhœvdɪŋ/
8042	pappersarbete	paperwork	/ˈpapɛˌʂarbeːtɛ/
8043	omringade	to surround	/ˈɔmrɪˌŋadɛ/
8044	dränka	cause to drown; to deprive of life by immersion in water or…	/ˈdrɛŋka/
8045	tredjedel	third	/ˈtrɛdjɛdɛl/
8046	övernaturliga	supernatural	/ˌøːvɛrˈnaˈtʉrliːˌɡa/
8047	piska	a whip, a rope or thong or rod	/ˈpɪska/
8048	förklaringen	explanation	/fœrˈklɑːrɪŋɛn/
8049	stater	A state; a nation	/ˈstɑːtɛr/
8050	pressad	to press	/ˈprɛsad/
8051	fastna	to get stuck, to stick	/ˈfastna/
8052	professionella	professional	/ˌpruːfɛsˈxuːnɛˌla/
8053	kandidater	a candidate	/ˈkandiːˌdatɛr/
8054	tänkande	to think in one's head	/ˈtɛŋkandɛ/
8055	avrättas	to execute, put to death	/ˈavrɛˌtːas/
8056	fusk	cheating	/fɵsk/
8057	uttrycker	to express, to utter, to voice	/ˈɵtrykːɛr/
8058	illegala	illegal	/ˈɪlɛˌɡala/
8059	lya	a lair, a den, a sett; a hole in the ground for a fox, wolf…	/ˈlyːa/
8060	nödvändig	necessary	/ˈnøːdˌvɛndɪ(ɡ)/
8061	utvalde	past indicative of utvälja	/ˈʉtvɑːldɛ/
8062	åtlöje	contemptuous or condescending glee, usually from a larger…	/ˈoːtløːjɛ/
8063	översätta	to translate; to change from one language to another,…	/ˈøːveːˌʂɛtːa/
8064	behövas	to need	/bɛˈhøːvas/
8065	återvändsgränd	cul-de-sac	/ˈoːtɛrˌvɛndsɡrɛnd/
8066	romerska	Roman	/ˈruːmɛʂˌka/
8067	myndigheter	authority	/ˈmyndɪɡˌheːtɛr/
8068	sannolikt	probable; of high probability	/ˈsanuːˌlɪkt/
8069	badkar	a bathtub	/ˈbadkar/
8070	ufo	a UFO, an alien spacecraft	/ˈʉː.fʊ/
8071	räv	fox	/rɛːv/
8072	återfå	to regain; to get back	/ˈoːtɛrˌfoː/
8073	kysstes	to kiss passionately or with great affection, to snog	/ˈɕystɛs/
8074	böja	to bend, to bow	/ˈbøːja/
8075	drabbats	to strike, to affect, to hit, to befall	/ˈdrabats/
8076	original	an original	/ˌuːriːɡiːˈnɑːl/
8077	litat	to trust	/ˈliːtat/
8078	utåt	outwards, towards the outside	/ˈʉtoːt/
8079	spillde	to spill, accidentally pour out liquid	/ˈspɪldɛ/
8080	klå	to beat	/kloː/
8081	rond	a bout, a round	/ˈrɔnd/
8082	arméns	army	/arˈmeːns/
8083	förfölja	to pursue, to stalk	/ˈfœrˈfœlja/
8084	cd	A CD	/ˌseːˈdeː/
8085	influensa	influenza	/ɪnˈflʉɛnˌsa/
8086	irländska	Female from Ireland	/ˈɪrlɛndsˌka/
8087	rätte	right, correct	/ˈrɛtːɛ/
8088	närmade	to move closer, to approach	/ˈnɛrmadɛ/
8089	mental	mental, pertaining to the mind	/mɛnˈtɑːl/
8090	ensamstående	single, sole	/ˈɛnsamsˌtoːɛndɛ/
8091	släpar	to drag over a surface	/ˈslɛːpar/
8092	hink	bucket	/ˈhɪŋk/
8093	zooma	to zoom	/ˈsuːuːˌma/
8094	runka	to jerk off, to wank	/ˈrɵŋka/
8095	tragisk	tragic	/ˈtrɑːɡɪsk/
8096	brytt	to concern, to bother	/ˈbryt/
8097	ledet	joint; the part of a limb where it can bend; such as a knee…	/ˈleːdɛt/
8098	hackar	to hack; chop, cut, mince	/ˈhakːar/
8099	riktar	to direct, to aim	/ˈrɪktar/
8100	förberedde	to prepare	/ˈfœrbɛˌrɛdɛ/
8101	skräpet	trash, junk, litter, debris	/ˈskrɛːpɛt/
8102	löv	a leaf	/løːv/
8103	hävda	to claim	/ˈhɛvda/
8104	teknisk	technical, engineering, technological, technology; of or…	/ˈtɛknɪsk/
8105	olaglig	illegal	/uːˈlɑːɡlɪɡ/
8106	halkade	to slip	/ˈhalkadɛ/
8107	ambitioner	ambition	/ˌambiːsˈxuːnɛr/
8108	ljusets	light	/ˈjʉsɛts/
8109	kvalificerad	qualified	/ˈkvalɪˌfiːseːˌrad/
8110	anklagas	to accuse	/ˈaŋklɑːˌɡas/
8111	backarna	back; position behind most players on the team	/ˈbakːarˌna/
8112	kombinationen	a combination, for example	/ˌkɔmbiːnasˈxuːnɛn/
8113	checka	check	/ˈʃɛkːa/
8114	granska	to scrutinize, to inspect, to audit	/ˈɡranska/
8115	förföra	to seduce, to attract; to induce someone into a sexual…	/ˈfœrføːˌra/
8116	presenten	gift, present	/prɛˈsɛntɛn/
8117	kammaren	a chamber, a small room	/ˈkamarɛn/
8118	kyssar	kiss	/ˈɕysar/
8119	lucka	a gap, a hole, an open slot, a small empty room	/²lɵkːa/
8120	insatsstyrkan	task force	/ˈɪnsatsˌtyrkan/
8121	övertygelse	a persuasion, a conviction	/ˌøːvɛˈtyːɡɛlsɛ/
8122	smuggla	smuggle	/ˈsmɵɡla/
8123	förlamad	paralyzed so as to be unable to move	/ˈfœrlaˌmad/
8124	objektet	an object	/ˈɔbjɛktɛt/
8125	blues	blues	/ˈblʉɛs/
8126	uppfinning	an invention	/ˈɵpfɪˌnɪŋ/
8127	stadig	steady, even, strong	/stɑːˈdɪɡ/
8128	tuffare	tough	/ˈtɵfarɛ/
8129	exfru	ex-wife	/ˈɛksfrʉ/
8130	badet	bathing; swimming	/ˈbadɛt/
8131	mexikansk	Mexican; of or pertaining to Mexico	/ˌmɛksiːˈkɑːnsk/
8132	uppehåll	a stay, a residence, a visit	/ˈɵpɛˌhɔl/
8133	retirera	to retreat	/ˈreːtiːˌreːra/
8134	ramlat	to fall	/ˈramlat/
8135	begravda	interred, buried	/ˈbɛɡrɑːvˌda/
8136	ficklampa	flashlight	/ˈfɪklamˌpa/
8137	kompanjoner	partner	/ˈkɔmpaˌnjuːnɛr/
8138	tum	inch	/ˈtʉm/
8139	citerar	to cite, to quote	/ˈsɪteːˌrar/
8140	saktar	to slow down	/ˈsaktar/
8141	mappen	a folder	/ˈmapɛn/
8142	isolerad	to isolate, to insulate	/ˈiːsuːˌleːrad/
8143	komplicerade	complicated, difficult, convoluted	/ˈkɔmplɪˌseːradɛ/
8144	värderingar	an appraisal	/ˈvɛːrdeːˌrɪŋar/
8145	njure	kidney	/²njʉːrɛ/
8146	tillhörigheter	a belonging	/ˈtɪlhøːˌrɪɡheːtɛr/
8147	institutet	institute	/ˈɪnstɪˌtʉtɛt/
8148	vetenskapsmän	a scientist	/ˈveːtɛnsˌkɑːpsmɛːn/
8149	bedömning	an assessment, a judgement, an estimate, an opinion, an…	/beːˈdœmnɪŋ/
8150	axlarna	a shoulder	/ˈakslarˌna/
8151	ogjort	undone	/ˈɔjuːrt/
8152	plätt	a small pancake, similar to a thin, unleavened American…	/ˈplɛt/
8153	mikrofonen	microphone	/ˌmɪkruːˈfoːnɛn/
8154	mörkaste	dark	/ˈmœrkastɛ/
8155	iskall	ice cold, freezing cold	/ˈɪskal/
8156	olikt	unlike, different, dissimilar	/ˈuːlɪkt/
8157	platta	A wide flat object, often solid and stiff, a plate	/ˈplatːa/
8158	repetera	to repeat	/ˈreːpɛˌteːra/
8159	besöket	a visit	/bɛˈsøːkɛt/
8160	förstående	to understand	/ˈfœʂtoːˌɛndɛ/
8161	pungen	a pouch, a purse	/ˈpɵŋɛn/
8162	glo	to stare	/ˈɡluː/
8163	promenera	to walk, to go for a walk, to promenade	/ˈpruːmɛˌneːra/
8164	slutfört	to complete, to finish, to finish off	/slʉtˈfœt/
8165	kloster	monastery	/ˈklɔstɛr/
8166	vek	weak	/ˈveːk/
8167	rockar	a coat, an overcoat	/ˈrɔkːar/
8168	säkraste	safe	/ˈsɛkrastɛ/
8169	raketen	a rocket	/ˈrɑːkɛtɛn/
8170	ändringar	a change, a modification, an alteration	/ˈɛndrɪˌŋar/
8171	lugnet	calm, calmness	/ˈlɵŋnɛt/
8172	stava	to spell	/ˈstɑː.va/
8173	varningen	a warning	/ˈvɑːrnɪŋɛn/
8174	grannskapet	neighbourhood, neighborhood	/ˈɡranskɑːpɛt/
8175	definiera	to define	/ˈdeːfiːˌniːɛˌra/
8176	pojkvänner	a boyfriend	/ˈpɔjkvɛnɛr/
8177	solglasögon	sunglasses	/ˈsɔlɡlaˌsøːɡɔn/
8178	självaste	the very, himself, herself, itself	/ˈsxɛlvastɛ/
8179	hälsning	a greeting	/ˈhɛlsnɪŋ/
8180	ligan	a gang	/ˈliːɡan/
8181	lastbilar	a truck; a lorry	/ˈlastbiːˌlar/
8182	kollapsade	definite singular	/ˈkɔlapˌsadɛ/
8183	lands	a country, a land	/ˈlands/
8184	näring	nourishment, food; that which nurtures or nourishes an…	/ˈnɛːrɪŋ/
8185	motion	exercise	/mɔtˈɧuːn/
8186	tvingat	to force	/ˈtvɪŋat/
8187	solsken	sunshine	/²suːlˌɧeːn/
8188	risigt	made up of twigs or brushwood, scrubby	/ˈriːsɪkt/
8189	febern	fever	/ˈfeːbɛrn/
8190	pasta	paste	/ˈpasta/
8191	amatör	an amateur	/amaˈtøːr/
8192	försvarare	a defender	/føːrˈsvɑːrarɛ/
8193	tömmer	to empty	/ˈtœmɛr/
8194	nord	north	/nuːrd/
8195	ägt	owned	/ˈɛkt/
8196	upptaget	busy, engaged in activity	/ˈɵptɑːɡɛt/
8197	uppväxt	upbringing	/ˈɵpvɛkst/
8198	täckte	covered	/ˈtɛktɛ/
8199	kreativ	creative	/ˈkreːaˌtiːv/
8200	drift	urge, instinct	/ˈdrɪft/
8201	längtat	long	/ˈlɛŋtat/
8202	väktaren	guard, member of security	/ˈvɛktarɛn/
8203	förföljde	to pursue, to stalk	/ˈfœrˈfœljdɛ/
8204	locke	harvestman	/ˈlɔkːɛ/
8205	vårda	to provide medical care	/ˈvoːrda/
8206	portfölj	a portfolio; a briefcase	/puːtˈfœlj/
8207	rullade	definite singular	/ˈrɵladɛ/
8208	läxan	homework	/ˈlɛːksan/
8209	kommunicerar	to communicate	/kɔˈmʉniːˌseːrar/
8210	flingor	a flake	/ˈflɪŋʊr/
8211	avklarat	indefinite neuter singular of avklarad	/ˈavklɑːˌrɑːt/
8212	nödfall	emergency	/ˈnœdfal/
8213	dömda	sentenced	/ˈdœmda/
8214	imperiet	an empire	/ˈɪmpɛˌriːɛt/
8215	diska	to wash	/ˈdɪska/
8216	fotografera	to photograph	/ˈfuːtɔˌɡrafeːˌra/
8217	gled	to move smoothly along a surface; to slide, to slip, to…	/ˈɡleːd/
8218	skapelse	creation	/skɑːpɛlsɛ/
8219	utställning	exhibition	/ˈʉtstɛlˌnɪŋ/
8220	bedra	to deceive	/ˈbɛdra/
8221	premiärminister	prime minister	/ˈpreːmiːˌɛrmiːˌnɪstɛr/
8222	efterbliven	retarded; with a mental retardation; underdeveloped; dumb	/ˈɛftɛrˌbliːvɛn/
8223	opera	an opera	/ˈuːpɛˌra/
8224	danska	Danish	/²danska/
8225	födseln	birth	/ˈfœdsɛln/
8226	husvagnen	a caravan, a camper, a trailer	/ˈhɵsvaŋnɛn/
8227	begravdes	to bury; to perform a burial	/ˈbɛɡrɑːvdɛs/
8228	styvfar	a stepfather, a stepdad	/ˈstyvfar/
8229	åtalade	charged, indicted	/ˈoːtaˌladɛ/
8230	tilltalade	accused, defendant	/ˈtɪltaˌladɛ/
8231	granater	a grenade	/ˈɡrɑːnatɛr/
8232	viska	to whisper	/ˈvɪska/
8233	rycker	to yank, to jerk, to pull quickly	/ˈrykːɛr/
8234	riggs	rigging	/ˈrɪɡs/
8235	möss	mouse; small rodent of the genus Mus; especially species…	/ˈmœs/
8236	rota	to rummage, to root	/ˈruːta/
8237	höst	autumn	/hœst/
8238	regissören	a director	/rɛˈjɪsøːrɛn/
8239	återuppliva	to resuscitate	/ˈoːtɛˌrɵpliːˌva/
8240	målningar	a painting	/ˈmoːlnɪˌŋar/
8241	svärfar	a father-in-law; the father of someone’s spouse	/ˈsvɛrfar/
8242	båtarna	a boat	/ˈboːtarˌna/
8243	sätet	a place to sit, especially in a vehicle	/ˈsɛːtɛt/
8244	döpa	to baptize, to christen	/ˈdøːpa/
8245	ärvde	to inherit	/ˈɛrvdɛ/
8246	bakterier	bacterium	/ˈbaktɛˌriːɛr/
8247	märkvärdigt	curious, quaint, strange	/ˈmɛrkvɛːrˌdɪkt/
8248	brandman	a firefighter	/ˈbrandman/
8249	muggen	mug; a large cup	/ˈmɵɡɛn/
8250	klassiskt	classical	/ˈklasɪskt/
8251	flott	fancy, stylishly	/ˈflɔt/
8252	beordra	to order, to direct, to instruct	/ˈbeːuːrˌdra/
8253	herrejösses	my goodness, my gosh, great Scott	/ˌhɛrɛˈjœsɛs/
8254	elefanter	an elephant	/ˈeːlɛˌfantɛr/
8255	smält	to melt; to thaw	/ˈsmɛlt/
8256	hälsan	health	/ˈhɛlsan/
8257	kanonerna	cannon, gun; a weapon	/ˈkanuːˌnɛrna/
8258	slängt	to throw, to sling, to toss	/ˈslɛŋt/
8259	uppskattade	definite singular	/ˈɵpskaˌtːadɛ/
8260	beger	to go, to travel, to leave	/bɛˈjeːr/
8261	syr	to sew	/ˈsyːr/
8262	syner	sight, vision	/ˈsyːnɛr/
8263	blixt	lightning, a lightning bolt	/blɪkːst/
8264	adopterad	to adopt; to take by choice into relationship, as, child,…	/ˈɑːdɔpˌteːrad/
8265	småsaker	a small thing	/ˈsmoːsɑːkɛr/
8266	reklamen	advertisement	/ˈrɛklamɛn/
8267	skuggor	a shadow; shade; the darkness that follows	/ˈskɵɡʊr/
8268	levererade	definite singular	/ˈlɛvɛˌreːradɛ/
8269	andreas	genitive of Andrea	/ˈandrɛˌas/
8270	jacobs	genitive of Jacob	/ˈjɑːkɔbs/
8271	eventuella	possible, potential, hypothetical	/ˈɛvɛnˌtʉɛˌla/
8272	gränserna	bound, boundary; the border of a territory	/ˈɡrɛnsɛrˌna/
8273	styrbord	in starboard direction of a vessel	/ˈstyrbuːrd/
8274	färd	a journey, a trip	/ˈfɛːrd/
8275	duktigt	in a skilled, clever, good, hard-working, or diligent manner	/dɵkˈtɪkt/
8276	terminen	a semester, half of a school year, a term	/tɛrˈmiːnɛn/
8277	hemsida	a home page, a web page, a web site	/ˈhɛmsiːˌda/
8278	element	element; basic building block of matter in ancient…	/ˈeːlɛˌmɛnt/
8279	sprängmedel	explosive	/ˈsprɛŋmeːˌdɛl/
8280	helikoptrar	a helicopter	/ˈheːliːˌkɔptrar/
8281	extrem	extreme	/ˈɛkstreːm/
8282	musen	mouse; small rodent of the genus Mus; especially species…	/ˈmʉsɛn/
8283	hittad	to find	/ˈhɪtːad/
8284	bekostnad	expense	/bɛˈkɔstnad/
8285	brända	definite singular	/ˈbrɛnda/
8286	dåren	a fool	/ˈdoːrɛn/
8287	spjut	a spear, a javelin	/ˈspjʉːt/
8288	förskräckligt	awful, dreadful	/ˈfœʂkrɛˌklɪkt/
8289	förnuftig	sensible, reasonable, rational	/fœrnɵftɪɡ/
8290	identiska	identical; exactly equivalent	/ˈiːdɛnˌtɪska/
8291	förhandlingarna	a negotiation	/ˈfœrhanˌdlɪŋarˌna/
8292	hålan	a deep hole or cavity; a cave	/ˈhoːlan/
8293	repa	a scratch	/ˈreːpa/
8294	ideal	ideal; perfect standard	/ˈiːdɛˌal/
8295	vett	sense, wit, intelligence	/ˈvɛt/
8296	handbojor	handcuff	/ˈhandbuːˌjuːr/
8297	ansluter	to connect, to join	/ˈanslʉtɛr/
8298	handleden	wrist	/ˈhandlɛdɛn/
8299	löjtnanten	lieutenant, a low-ranking military officer	/ˈlœjtnantɛn/
8300	stege	a ladder	/ˈsteːˌɡɛ/
8301	utvecklar	to develop	/ˈʉtvɛˌklɑːr/
8302	rikaste	rich, wealthy	/ˈriːkastɛ/
8303	öppning	opening	/ˈœpnɪŋ/
8304	underhållande	to entertain	/ˈɵndɛrˌhɔlandɛ/
8305	lokalen	a building or room used for a specific purpose; a room, a…	/lʊˈkɑːlɛn/
8306	pluggade	to plug; to stop with a plug	/ˈplɵɡadɛ/
8307	morgondagen	tomorrow; Archaic or poetic the day after today	/ˈmɔrɡɔnˌdɑːɡɛn/
8308	beställ	to order	/bɛsˈtɛl/
8309	jordbävning	an earthquake	/ˈjuːrdbɛvˌnɪŋ/
8310	knät	a knee	/ˈknɛːt/
8311	bitarna	a piece	/ˈbiːtarˌna/
8312	uppoffring	sacrifice	/ˈɵpɔˌfrɪŋ/
8313	sjyst	alternative form of schysst	/ˈsxyst/
8314	fe	fairy	/ˈfeː/
8315	kidnappat	to kidnap	/ˈɕɪdnaˌpat/
8316	rustning	armor	/ˈrɵstnɪŋ/
8317	civilisationen	civilization	/ˌsɪviːˌliːsasˈxuːnɛn/
8318	konstnären	an artist	/ˈkɔnstnɛːrɛn/
8319	återta	to take back, to regain, to reclaim	/ˈoːtɛˌta/
8320	kommen	to come	/ˈkɔmɛn/
8321	våta	wet	/ˈvoːta/
8322	bandage	bandage	/ˈbandɑːɡɛ/
8323	bom	a barrier	/ˈbɔm/
8324	nyfikna	curious, interested, nosey, nosy, inquisitive	/ˈnyːfɪkˌna/
8325	plantera	to plant; place plant or a bulb in soil or other substrate…	/ˈplanteːˌra/
8326	sammanbrott	collapse, breakdown, crash	/ˈsamanˌbrɔt/
8327	rasa	to collapse	/ˈrɑːsa/
8328	förflyttning	movement	/ˈfœrflytˌnɪŋ/
8329	radie	radius	/ˈrɑːdiːɛ/
8330	tjuren	a bull uncastrated male of cattle	/ˈɕʉrɛn/
8331	agenterna	an agent	/ˈɑːɡɛnˌtɛrna/
8332	lokalisera	to find, to determine the location of	/lʊˈkɑːliːˌseːra/
8333	tittare	a viewer, a spectator	/ˈtɪtːarɛ/
8334	girig	greedy	/ˈjiːrɪɡ/
8335	genetiskt	genetically	/jɛˈneːtɪskt/
8336	olägligt	occurring at a bad time, inopportune, ill-timed	/ˈuːlɛˌɡlɪkt/
8337	tillverkade	definite singular	/ˈtɪlvɛrˌkadɛ/
8338	siffra	a single digit	/ˈsɪfra/
8339	kolleger	colleague	/ˈkɔlɛjɛr/
8340	trauma	a psychological trauma	/ˈtrɑːʉˌma/
8341	däcket	tyre	/ˈdɛkɛt/
8342	juveler	a jewel, a gem	/ˈjʉvɛlɛr/
8343	resande	to travel, be on a journey	/ˈreːsandɛ/
8344	lår	a thigh	/ˈloːr/
8345	avsky	loathing	/ˈɑːvˌɧyː/
8346	anda	spirit	/ˈanda/
8347	lejonet	lion, Panthera leo	/ˈlɛjuːnɛt/
8348	romans	a romance	/ruːˈmans/
8349	erbjudit	to offer	/ˈɛrbjʉˌdiːt/
8350	befolkning	population	/bɛˈfɔlknɪŋ/
8351	mjölken	milk	/ˈmjœlkɛn/
8352	kiss	pee, wee, tinkle, urine	/kɪs/
8353	inkomst	income; money one earns by working or capitalising off…	/ˈɪŋkɔmst/
8354	manga	manga	/maŋ.ɡa/
8355	tvättat	to wash, to clean – normally not of washing dishes, see…	/ˈtvɛtːat/
8356	trean	three; the digit "3"	/ˈtreːan/
8357	råttorna	rat; an omnivorous rodent of the genus Rattus	/ˈrɔtːuːrˌna/
8358	ritningar	drawing	/ˈrɪtnɪˌŋar/
8359	smittar	to infect	/ˈsmɪtːar/
8360	begravt	interred, buried	/ˈbɛɡrɑːvt/
8361	önskas	to wish	/ˈœnskas/
8362	beskriv	to describe	/bɛsˈkriːv/
8363	ettan	one; the digit or figure "1"	/ˈɛtːan/
8364	ess	ace; a card with one mark	/ɛsː/
8365	jesu	genitive of Jesus	/ˈjeːsʉ/
8366	överraskar	to surprise to feel surprise	/ˈøːvɛˌraskar/
8367	svider	to sting, to burn pain, like after getting stung by…	/ˈsviːdɛr/
8368	globala	global, spanning the entire globe, the whole world,…	/ˈɡluːbaˌla/
8369	flyta	to float; of an object or substance, to be supported by a…	/²flyːta/
8370	kommando	a command, an order	/ˈkɔmanˌduː/
8371	jagad	to chase	/ˈjɑːɡad/
8372	överst	at the top	/ˈøːvɛʂt/
8373	smoking	tuxedo, dinner jacket	/ˈsmoːkɪŋ/
8374	trogna	faithful	/ˈtrɔŋna/
8375	stressa	to hurry under heavy stress; to move quickly or do things…	/ˈstrɛsa/
8376	väckt	to wake up, to wake, to awaken	/ˈvɛkt/
8377	visserligen	surely, certainly, admittedly Signals a concession and in…	/ˈvɪsɛrˌlɪɡɛn/
8378	föraktar	to despise	/ˈføːrakˌtar/
8379	apparat	an apparatus, a device; a complex machine or instrument,…	/ˈapaˌrɑːt/
8380	viljan	will; a person’s intent, volition, decision	/ˈvɪljan/
8381	nedåt	downward	/ˈneːdoːt/
8382	improvisera	to improvise	/ˈɪmpruːˌviːseːˌra/
8383	fallskärm	a parachute	/ˈfalˌɧɛrm/
8384	tjallade	to inform on, to snitch; often to someone of authority,…	/ˈɕaladɛ/
8385	fåtal	a few	/²foːtɑːl/
8386	kvävs	to suffocate, to asphyxiate; to cause someone to suffer…	/ˈkvɛvs/
8387	volymen	a single book of a publication issued in multi-book format	/ˈvuːlyːmɛn/
8388	satelliten	satellite	/ˈsɑːtɛˌliːtɛn/
8389	hygglig	quite good	/ˈhʏɡˌlɪ(ɡ)/
8390	krävande	to demand, to forcefully request	/ˈkrɛːvandɛ/
8391	pianot	a piano	/ˈpiːaˌnuːt/
8392	skänker	a sideboard	/ˈsxɛŋkɛr/
8393	likaså	also, as well	/ˈliːkaˌsoː/
8394	lagliga	legal	/ˈlɑːɡliːˌɡa/
8395	intelligenta	intelligent, bright	/ˈɪntɛˌlɪɡɛnˌta/
8396	syra	acid	/ˈsyːˌra/
8397	drömmarna	a dream	/ˈdrœmarˌna/
8398	kraschar	to crash	/ˈkraʃar/
8399	häxorna	a witch	/ˈhɛːksuːrˌna/
8400	vapenvila	cease-fire, truce	/ˈvɑːpɛnˌviːla/
8401	informerade	to inform	/ɪnˈfɔrmeːˌradɛ/
8402	överbord	overboard	/ˈøːvɛrˌbuːrd/
8403	visitkort	a business card	/ˈviːsɪtˌkɔt/
8404	nationell	national	/natɧʊˈnɛl/
8405	kapseln	capsule, pod	/ˈkapsɛln/
8406	förändrad	to change, to alter	/ˈføːrɛnˌdrad/
8407	arkitekt	an architect	/arɕɪˈtɛkt/
8408	rebeller	a rebel	/ˈreːbɛlɛr/
8409	engelsmännen	an Englishman	/ˈɛŋɛlsˌmɛnɛn/
8410	förståeligt	understandable	/ˈfœʂtoːɛˌlɪkt/
8411	oroande	to worry	/ˈuːruːˌandɛ/
8412	spanar	to spy, to scout	/ˈspɑːnar/
8413	käk	food, grub	/ɕɛːk/
8414	ängeln	an angel	/ˈɛŋɛln/
8415	upphöra	to cease, to end, to stop	/ˈɵphøːˌra/
8416	tomater	tomato	/ˈtuːmatɛr/
8417	vrak	the remains of something damaged or worn down to the point…	/ˈvrɑːk/
8418	främre	located at the front or nearer the front; front, anterior,…	/ˈfrɛmrɛ/
8419	säkrast	safe	/ˈsɛkrast/
8420	riktade	directed	/ˈrɪktadɛ/
8421	publicera	to publish	/ˈpɵblɪˌseːra/
8422	misshandlade	to cause bodily harm to; to beat up, to batter, to assault,…	/ˈmɪshanˌdladɛ/
8423	collier	a choker	/ˈkɔliːɛr/
8424	snokar	grass snake	/ˈsnuːkar/
8425	vida	widely	/ˈviːda/
8426	extrema	extreme	/ˈɛkstreːˌma/
8427	parkerade	park	/ˈparkɛˌradɛ/
8428	fräckt	brazen, shameless or impudent; shocking or audacious	/ˈfrɛkt/
8429	styck	apiece, each	/ˈstyk/
8430	krut	gunpowder	/krʉːt/
8431	ordföranden	a chairman; chairperson	/ˈuːrdføːˌrandɛn/
8432	siktade	to sight, to see, to make a sighting	/ˈsɪktadɛ/
8433	förvåna	to astonish; to surprise	/ˈfœrvoːˌna/
8434	förenas	to unite	/ˈføːrɛˌnas/
8435	sonens	a son	/ˈsuːnɛns/
8436	tandborste	a toothbrush	/ˈtandbɔʂˌtɛ/
8437	felaktigt	wrong, incorrect, faulty, erroneous	/ˈfeːlakˌtɪkt/
8438	lägenheter	apartment, flat	/ˈlɛːɡeːnˌheːtɛr/
8439	förolämpar	insult, affront, offend	/ˈføːruːˌlɛmpar/
8440	bevisade	to prove	/bɛˈviːsadɛ/
8441	kap	cape	/ˈkɑːp/
8442	försöket	attempt, try, go	/ˈfœʂøːkɛt/
8443	skickats	send	/ˈsxɪkːats/
8444	undermedvetna	subconscious	/ˌɵndɛrmeːdˈveːtna/
8445	eländiga	miserable, wretched, paltry	/ˈeːlɛnˌdiːɡa/
8446	bly	lead	/blyː/
8447	anstränga	to strain, to exert	/ˈanstrɛˌŋa/
8448	genant	embarrassing	/jɛˈnant/
8449	pussel	jigsaw puzzle	/ˈpɵsɛl/
8450	mo	sandy soil	/ˈmuː/
8451	ceremoni	a ceremony	/ˌseːrɛˈmoːniː/
8452	kartellen	a cartel	/ˈkatɛlɛn/
8453	ekorre	squirrel	/ˈeːkɔrɛ/
8454	drottningens	a queen	/ˈdrɔtnɪŋɛns/
8455	handduken	a towel	/ˈhandʉkɛn/
8456	referenser	a reference	/ˌreːfɛˈransɛr/
8457	tjänstgjorde	to service, to do service, to function, to work	/ˈɕɛnstjuːrdɛ/
8458	betjänt	a servant who attends to someone, like a butler; a personal…	/bɛˈɕɛnt/
8459	övergivna	deserted, abandoned	/ˈøːvɛrˌjɪvna/
8460	herrskap	a married couple	/ˈhɛrʂkɑːp/
8461	krascha	to crash	/ˈkraʃa/
8462	drogade	drugged	/ˈdruːɡadɛ/
8463	ångrat	to regret	/ˈɔŋrɑːt/
8464	tummarna	thumb	/ˈtɵmarˌna/
8465	framgångsrika	successful	/ˈframɡɔŋˌsriːka/
8466	frustrerande	frustrating	/ˈfrɵstreːˌrandɛ/
8467	mysteriet	a mystery	/ˈmystɛˌriːɛt/
8468	påbörjade	started, begun	/poːˈbœrjadɛ/
8469	freden	peace	/ˈfreːdɛn/
8470	väga	weigh	/ˈvɛːɡa/
8471	kroken	a hook	/ˈkruːkɛn/
8472	fridfullt	peacefully, quietly	/ˈfrɪdfɵlt/
8473	ritat	to draw	/ˈriːtat/
8474	uppspelt	animated, worked up	/ˈɵpspeːlt/
8475	materia	matter	/ˈmatɛˌriːa/
8476	respekterade	to respect	/ˈrɛspɛkˌteːradɛ/
8477	redskap	a tool, an instrument	/ˈrɛdskɑːp/
8478	gren	a branch	/ˈɡreːn/
8479	nålen	a needle, a pin	/ˈnoːlɛn/
8480	registret	a register, a list, an index, a catalog, a directory, a…	/rɛˈjɪstrɛt/
8481	betald	to pay; to give money in exchange for goods or services	/bɛˈtɑːld/
8482	frys	a freezer	/fryːs/
8483	uppäten	to eat up, to consume entirely	/ˈɵpɛːtɛn/
8484	leveransen	delivery, the act of delivering	/ˈlɛvɛˌransɛn/
8485	snubblade	stumble, trip	/ˈsnɵblɑːdɛ/
8486	smörgåsar	an sandwich of bread with toppings, usually buttered	/ˈsmœrɡoːˌsar/
8487	skojare	swindler	/ˈskuːjarɛ/
8488	kroppsdelar	body part	/ˈkrɔpsdɛˌlar/
8489	öken	desert	/ˈøːkɛn/
8490	oskulden	a virgin, someone sexually untouched	/ˈɔskɵldɛn/
8491	sträng	strict, stern	/strɛŋ/
8492	gissade	to guess	/ˈjɪsadɛ/
8493	kustbevakningen	coast guard	/ˈkɵstbɛˌvɑːknɪŋɛn/
8494	inleda	to begin, to introduce, to open	/ˈɪnleːˌda/
8495	barnhem	children's home, orphanage	/bɑːrnˌhɛm/
8496	sprängdes	to blow up, to blast explode	/ˈsprɛŋdɛs/
8497	klinik	clinic	/ˈkliːniːk/
8498	lydde	to obey	/ˈlydɛ/
8499	demonstration	a demonstration	/ˌdeːmʊnstrasˈxuːn/
8500	västern	a western	/ˈvɛstɛrn/
8501	flora	flora	/fluːra/
8502	atmosfär	atmosphere	/at.mʊˈsfɛːr/
8503	sprängämnen	explosive	/ˈsprɛŋɛmnɛn/
8504	synliga	visible	/ˈsynliːˌɡa/
8505	onkel	an uncle	/ˈɔŋkɛl/
8506	hjälpsam	helpful	/ˈjɛlpsam/
8507	intern	internal	/ˈɪntɛrn/
8508	ädla	noble; honourable	/ˈɛdla/
8509	inbördeskriget	civil war	/ɪnˈbœrdɛsˌkrɪɡɛt/
8510	städerna	a city, a town	/ˈstɛːdɛrˌna/
8511	nationens	nation, country, state	/nasˈxuːnɛns/
8512	sjöss	only used in till sjöss	/ˈsxœs/
8513	tyda	to interpret; to understand the meaning of	/²tyːda/
8514	tajming	alternative form of tajmning	/ˈtajmɪŋ/
8515	mager	lean, without fat	/ˈmɑːɡɛr/
8516	undgå	to evade, to escape	/ˈɵndɡoː/
8517	leran	mud, in particular relatively dry	/ˈleːran/
8518	sändaren	a sender, a transmitter	/ˈsɛndarɛn/
8519	lönar	to pay	/ˈløːnar/
8520	giftig	of a harmful chemical nature; poisonous, toxic	/²jɪftɪ(ɡ)/
8521	testerna	a test, an examination, a trial	/ˈtɛstɛrˌna/
8522	motivet	motive; that which incites to an action	/ˈmuːtiːvɛt/
8523	vadet	bet, wager	/ˈvɑːdɛt/
8524	plåster	a band-aid	/ˈploːstɛr/
8525	accent	an accent, an emphasis, a stress	/akːˈsɛnːt/
8526	trotsa	defy	/ˈtrɔtsa/
8527	judas	genitive of Juda	/ˈjʉdas/
8528	förrgår	The day before yesterday	/førɡor/
8529	förvarar	to store	/ˈfœrvaˌrar/
8530	genetiska	genetic	/jɛˈneːtɪsˌka/
8531	tystnaden	silence	/ˈtystnadɛn/
8532	smitta	a communicable disease	/ˈsmɪtːa/
8533	inleder	to begin, to introduce, to open	/ˈɪnlɛdɛr/
8534	blinkar	a blink, a flash	/ˈblɪŋkar/
8535	varav	whereof, of which	/ˈvɑːrav/
8536	informatör	an informer	/ɪnˈfɔrmaˌtøːr/
8537	matlagning	cooking	/ˈmatlɑːŋˌnɪŋ/
8538	lämnades	to leave; to not take away with oneself but leave as…	/ˈlɛmnadɛs/
8539	demonerna	a demon	/ˈdeːmuːˌnɛrna/
8540	mittemot	opposite, facing	/mɪtˑeˈmuːt/
8541	kvarstår	to continue	/ˈkvaʂtoːr/
8542	helvetets	Hell	/ˈhɛlvɛˌtɛts/
8543	kusligt	eerie, spooky	/ˈkɵslɪkt/
8544	motsatta	opposite	/ˈmuːtsaˌtːa/
8545	ofarlig	not dangerous, safe	/uːˈfɑːrlɪɡ/
8546	justera	to adjust, to modify	/ˈsxɵsteːˌra/
8547	koderna	code; a very short abbreviation	/ˈkoːdɛrˌna/
8548	klan	a clan	/ˈklɑːn/
8549	marschera	to march	/ˈmaʂʃɛˌra/
8550	minderårig	underage	/ˈmɪndɛˌroːrɪɡ/
8551	kvarlevor	the remains	/ˈkvarlɛˌvuːr/
8552	arméer	army	/arˈmeːɛr/
8553	flippade	to flip, to flip out	/ˈflɪpadɛ/
8554	slakta	to butcher animals, generally for food	/ˈslakta/
8555	minuterna	minute	/ˈmiːnʉˌtɛrna/
8556	skjulet	a shed	/ˈɕʉlɛt/
8557	vicepresidenten	vice president	/ˈviːsɛprɛˌsiːdɛntɛn/
8558	överlägsen	superior	/ˈøːvɛrˌlɛɡsɛn/
8559	blödningar	hemorrhage, flow or loss of blood from a damaged blood…	/ˈblœdnɪˌŋar/
8560	ballong	a balloon	/ˈbalɔŋ/
8561	ödmjuk	humble	/ˈœdmjʉk/
8562	svinen	hog, pig, swine	/ˈsviːnɛn/
8563	garanti	a guarantee	/ɡaranˈtɪ/
8564	anständig	decent, respectable	/ˈanstɛnˌdɪɡ/
8565	räkor	a shrimp, a prawn	/ˈrɛːkuːr/
8566	slösat	to waste, to be wasteful	/ˈsløːsat/
8567	trappor	staircase, stairway, stairs, flight of stairs	/ˈtrapuːr/
8568	musklerna	a muscle	/ˈmɵsklɛrˌna/
8569	katolska	Catholic, pertaining to the Roman Catholic Church	/ˈkatɔlsˌka/
8570	bu	boo; a loud exclamation intended to scare someone, usually…	/bʉː/
8571	flottans	a navy	/flɔˈtːans/
8572	kraftfullt	powerful	/ˈkraftfɵlt/
8573	förtvivlan	despair	/ˈfœtvɪˌvlan/
8574	utvecklats	to develop	/ˈʉtvɛˌklats/
8575	martyr	martyr	/ˈmatyːr/
8576	talan	proceeding, speech, the right to speak	/ˈtɑːlan/
8577	kyrkogård	a cemetery, a graveyard	/ˈɕyrkuːˌɡoːrd/
8578	förenade	united	/ˈføːrɛˌnadɛ/
8579	tango	tango	/ˈtaŋɡʊ/
8580	historierna	history	/ˈhɪstuːˌriːɛrˌna/
8581	teoretiskt	theoretic	/ˈteːuːrɛˌtɪskt/
8582	produkten	product; commodities offered for sale, a result of…	/prɔˈdɵktɛn/
8583	åtkomst	access	/ˈoːtkɔmst/
8584	läckte	to leak; to allow fluid to escape or enter something that…	/ˈlɛktɛ/
8585	fredags	Friday	/ˈfreːdɑːɡs/
8586	milde	gentle	/ˈmɪldɛ/
8587	hajen	shark	/ˈhɑːjɛn/
8588	moraliska	moral	/ˈmuːraˌlɪska/
8589	uppehålla	to stay; to stay, to reside	/²ɵpːɛˌhɔlːa/
8590	sej	pronunciation spelling of sig	/ˈsɛj/
8591	murar	a wall built of overlapping bricks or stones or cement or…	/ˈmʉrar/
8592	vårdnaden	custody	/ˈvoːrdnadɛn/
8593	hjärtslag	heartbeat	/ˈjɛtslɑːɡ/
8594	motorer	engine, motor	/ˈmɔtuːˌrɛr/
8595	klunk	a gulp	/ˈklɵŋk/
8596	klädda	dressed	/ˈklɛda/
8597	roms	roe	/ˈrɔms/
8598	slumpen	chance, randomness, happenstance	/ˈslɵmpɛn/
8599	hemstad	hometown, town or city where one live	/ˈhɛmstad/
8600	suckar	sigh; a deep and prolonged audible inspiration or…	/ˈsɵkːar/
8601	befriar	to liberate, to free, to make free	/bɛˈfriːar/
8602	förhörde	interrogate; question	/ˈfœrˈhœrdɛ/
8603	själviska	selfish	/ˈsxɛlvɪsˌka/
8604	rostat	to rust	/ˈrɔstat/
8605	kongressledamot	congressperson	/ˌkɔŋrɛˌsleːdaˈmuːt/
8606	klassiska	classical	/ˈklasɪsˌka/
8607	cash	in cash	/ˈkash/
8608	upplevelser	an event	/ˈɵplɛˌvɛlsɛr/
8609	handtag	a handle	/ˈhandtɑːɡ/
8610	centret	a centre; a place where some function or activity occurs	/ˈsɛntrɛt/
8611	syndat	to sin	/ˈsyndat/
8612	gravar	a grave	/ˈɡravar/
8613	blöta	generally wet weather conditions; as in, rainy, with heavy…	/ˈbløːta/
8614	texter	text	/ˈtɛkstɛr/
8615	diskussionen	argument, discussion	/ˌdɪskɵsˈxuːnɛn/
8616	mäter	to measure	/ˈmɛːtɛr/
8617	behärska	to master, to command, to rule, to control	/bɛˈhɛʂka/
8618	retade	to tease	/ˈreːtadɛ/
8619	konkurrens	competition, rivalry	/kɔŋkɵrans/
8620	ägarna	owner	/ˈɛːɡarˌna/
8621	svimmar	to faint, to pass out	/ˈsvɪmar/
8622	kännedom	knowledge, information, experience	/ˈɕɛnɛˌdɔm/
8623	vakar	a opening in an ice cover, a hole in the ice	/ˈvɑːkar/
8624	tia	a number 10	/ˈtiːa/
8625	sensorer	a sensor	/sɛnˈsɔrɛr/
8626	minnesförlust	memory loss	/ˌmɪnɛsˈfœrlɵst/
8627	förödande	devastating	/ˈføːrøːˌdandɛ/
8628	kapellet	a chapel	/ˈkapɛlɛt/
8629	giftiga	of a harmful chemical nature; poisonous, toxic	/ˈjɪftiːˌɡa/
8630	rekommenderade	recommended	/ˈreːkɔˌmɛndeːˌradɛ/
8631	simpel	very easy; trivial	/ˈsɪmpɛl/
8632	bunker	a bunker	/ˈbɵŋkɛr/
8633	insatsen	an inset	/ˈɪnsatsɛn/
8634	uppmärksamma	to notice	/²ɵpːˌmærks²amːa/
8635	anläggning	installation, industrial plant, facility	/ˈanlɛɡˌnɪŋ/
8636	kalender	a calendar	/kaˈlɛndɛr/
8637	bibel	the Bible	/ˈbiːbɛl/
8638	bråket	brawl, row, racket; trouble	/ˈbroːkɛt/
8639	bärga	to salvage a sunken vessel, or a vehicle that has broken…	/ˈbɛːrɡa/
8640	måtte	may	/ˈmɔtːɛ/
8641	gångerna	walking	/ˈɡɔŋɛrˌna/
8642	flest	more and most	/ˈflɛst/
8643	serveras	to serve, to wait on	/ˈsɛrvɛˌras/
8644	svettig	sweaty	/ˈsvɛtːɪɡ/
8645	deadline	a deadline	/ˈdeːaˌdliːnɛ/
8646	kaliber	calibre	/ˈkaliːbɛr/
8647	lösas	to solve	/ˈløːsas/
8648	urin	urine	/ʉˈriːn/
8649	hemland	homeland	/ˈhɛmland/
8650	ock	dated spelling of och	/ɔk/
8651	fängelser	a prison, a jail	/ˈfɛŋɛlsɛr/
8652	kritisk	critical, exacting	/ˈkrɪtɪsk/
8653	entusiasm	enthusiasm	/aŋtɵsɪˈasm/
8654	tålmodig	patient	/ˈtoːlmuːˌdɪɡ/
8655	uniformer	Uniform; a distinctive outfit	/ˌɵniːˈfɔrmɛr/
8656	känslosam	emotional	/ˈɕɛnsluːˌsam/
8657	sikt	visibility	/sɪkt/
8658	intrycket	impression	/ˈɪntrykɛt/
8659	slaktaren	a butcher	/ˈslaktarɛn/
8660	jordnötssmör	peanut butter	/juːrdˈnœtsmøːr/
8661	slipsen	a tie, a necktie	/ˈslɪpsɛn/
8662	bh	abbreviation of brösthållare or bysthållare: bra	/ˌbeːˈhoː/
8663	bröstvårtor	a nipple	/ˈbrœstˈvoːtɔr/
8664	skapas	to create; to make, to manufacture; to put into existence,…	/ˈskɑːpas/
8665	brasan	a small, controlled fire used for warmth	/ˈbrɑːsan/
8666	borg	a fortified castle	/bɔrj/
8667	mördats	to murder, to assassinate	/ˈmœrdats/
8668	romantik	romance	/ˈruːmanˌtiːk/
8669	research	An act of searching in archives and other sources for…	/ˈreːsɛˌarʃ/
8670	faror	a danger	/ˈfɑːruːr/
8671	traditioner	tradition	/ˌtrɑːdiːsˈxuːnɛr/
8672	citera	to cite, to quote	/ˈsɪteːˌra/
8673	tröjor	an upper-body garment, excluding outerwear like jackets,…	/ˈtrøːjuːr/
8674	laglig	legal	/ˈlɑːɡlɪɡ/
8675	milt	gently, mildly; blandly	/ˈmɪlt/
8676	lindra	to make less painful; to relieve, to alleviate, to ease	/ˈlɪndra/
8677	förvånade	amazed, surprised, astounded, astonished	/ˈfœrvoːˌnadɛ/
8678	aporna	a monkey; an ape	/ˈɑːpuːrˌna/
8679	representant	representative, delegate	/ˌrɛprɛˈsɛntant/
8680	vägledning	guidance	/ˈvɛɡleːdˌnɪŋ/
8681	fattigdom	poverty	/ˈfatːɪɡˌdɔm/
8682	kola	toffee	/ˈkuːla/
8683	anstränger	to strain, to exert	/ˈanstrɛŋɛr/
8684	stygn	a stitch	/ˈstyːŋn/
8685	evakuering	evacuation	/ˈeːvaˌkʉeːˌrɪŋ/
8686	plockat	to pick	/ˈplɔkːat/
8687	teven	television	/ˈtɛvɛn/
8688	typerna	a type	/ˈtyːpɛrˌna/
8689	föreställde	to present, to show, to depict	/ˈføːrɛsˌtɛldɛ/
8690	fuska	cheat, to violate rules in order to get an advantage	/ˈfɵska/
8691	peta	to poke, to pick touch or fiddle, prod or jam	/ˈpɛta/
8692	korrupt	corrupt	/ˈkɔrɵpt/
8693	mössa	a soft cap designed to provide warmth in cold weather; a…	/ˈmœsa/
8694	mördas	to murder, to assassinate	/ˈmœrdas/
8695	amatörer	an amateur	/ˈɑːmaˌtøːrɛr/
8696	informerar	to inform	/ɪnˈfɔrmeːˌrar/
8697	skytteln	a shuttle	/ˈsxytːɛln/
8698	flyktingar	a refugee	/ˈflyktɪˌŋar/
8699	panna	forehead, brow	/²panːa/
8700	annons	advertisement, advert, ad	/anˈɔns/
8701	behagar	to please	/bɛˈhɑːɡar/
8702	fräscha	fresh	/ˈfrɛʃa/
8703	tackat	to thank	/ˈtakːat/
8704	lockade	definite singular	/ˈlɔkːadɛ/
8705	djupaste	deep	/ˈjʉpastɛ/
8706	privatdetektiv	a private investigator, a private eye	/ˈprɪvɑːtdɛˌtɛktiːv/
8707	organiserade	definite singular	/ˌɔrɡaˈnɪseːˌradɛ/
8708	sällskapet	company, companionship	/ˈsɛlskɑːpɛt/
8709	utmaningar	a challenge	/ˈɵtmaˌnɪŋar/
8710	vistas	to stay, linger	/ˈvɪstas/
8711	vant	accustomed to, used to, having the habit to	/ˈvant/
8712	sökning	a search	/ˈsœknɪŋ/
8713	nivåer	distance relative to a given reference elevation	/ˈniːvoːɛr/
8714	missiler	a missile	/ˈmɪsiːlɛr/
8715	gripas	to catch hold of	/ˈɡriːpas/
8716	tillrätta	alternative form of till rätta	/ˈtɪlrɛˌtːa/
8717	skarp	sharp; able to cut easily	/ˈskarp/
8718	distraherar	to distract	/ˈdɪstrahɛˌrar/
8719	dessert	dessert	/ˈdɛsɛt/
8720	hängas	to be suspended	/ˈhɛŋas/
8721	sch	shh!; shush!	/ˌɛsˌseːˈhoː/
8722	mats	food	/ˈmats/
8723	ansågs	to be of an opinion, to think, to believe, to feel	/ˈansoːɡs/
8724	betalas	to pay; to give money in exchange for goods or services	/bɛˈtɑːlas/
8725	hyfsat	rather, quite	/ˈhyfsat/
8726	sonson	a grandson	/ˈsʊnsuːn/
8727	nordpolen	north pole	/ˈnuːrdpuːlɛn/
8728	konstverk	a work of art, especially one in the visual arts	/ˈkɔnstvɛrk/
8729	fientlig	hostile	/fɪˈɛntlɪ(ɡ)/
8730	påpeka	to point out, to note	/ˈpoːˌpeːka/
8731	ledarna	a leader; ruler	/ˈleːdarˌna/
8732	tipset	a tip, as a small amount of information	/ˈtɪpsɛt/
8733	teckningar	drawing	/ˈtɛknɪˌŋar/
8734	korsningen	an intersection, a crossing	/ˈkɔʂnɪŋɛn/
8735	vandrande	to wander	/ˈvandrandɛ/
8736	resväska	a suitcase, a travel bag	/ˈrɛsvɛsˌka/
8737	föras	to move something or someone; to bring, to take	/ˈføːras/
8738	torkat	dried	/ˈtɔrkat/
8739	bortkastad	wasted	/ˈbɔtkasˌtad/
8740	överlevare	survivor	/ˈøːvɛrlɛˌvarɛ/
8741	existerade	to exist	/ˈɛksɪsˌteːradɛ/
8742	arken	definite singular of ark c	/ˈarkɛn/
8743	stöten	a sharp impact; an impact, a shock, a jolt, a bump, a…	/ˈstøːtɛn/
8744	genialt	brilliant, "genius"	/jɛˈniːalt/
8745	sluter	to stop, to end	/ˈslʉtɛr/
8746	ångrade	to regret	/ˈɔŋradɛ/
8747	kungariket	a kingdom	/ˈkɵŋaˌriːkɛt/
8748	brunnen	burned; ruined by fire	/ˈbrɵnɛn/
8749	fansen	the devil, Satan	/ˈfansɛn/
8750	råda	to advise	/ˈroːda/
8751	teckning	drawing	/ˈtɛknɪŋ/
8752	nys	nonsense	/ˈnyːs/
8753	statliga	owned by or pertaining to the state	/ˈstatliːˌɡa/
8754	shorts	shorts	/ɧoːʈʂ/
8755	eventuellt	possibly, potentially, perhaps	/ˈɛvɛnˌtʉɛlt/
8756	brutala	brutal	/ˈbrʉtaˌla/
8757	laser	a laser	/ˈlɑːsɛr/
8758	tydligare	clear	/ˈtyːdliːˌɡarɛ/
8759	skrämmas	to scare, to frighten	/ˈskrɛmas/
8760	borden	a table	/ˈboːrdɛn/
8761	adresser	an address; direction or superscription of a letter, or the…	/ˈadrɛsɛr/
8762	hälsat	to greet, salute	/ˈhɛlsat/
8763	förolämpade	insult, affront, offend	/ˈføːruːˌlɛmpadɛ/
8764	tabletterna	a tablet or pill	/ˈtablɛˌtːɛrna/
8765	klanen	a clan	/ˈklɑːnɛn/
8766	blondinen	a blonde	/blɔnˈdiːnɛn/
8767	snubbar	a guy, a dude	/ˈsnɵbar/
8768	underhålla	to entertain	/ˈɵndɛrˌhɔla/
8769	burgare	a burger	/ˈbɵrɡarɛ/
8770	fjolla	a sissy	/ˈfjɔla/
8771	citron	lemon	/sɪˈtruːn/
8772	prövning	a trying experience; a trial, an ordeal	/²prøvnɪŋ/
8773	polismästaren	a district police commissioner	/pɔˈlɪsmɛsˌtarɛn/
8774	osams	quarreling, not getting along, on bad terms	/ˈuːsams/
8775	tändstickor	a match; device to make fire	/ˈtɛndstɪˌkːuːr/
8776	papperet	paper	/ˈpapɛrɛt/
8777	struktur	a structure	/ˈstrɵktʉr/
8778	rånat	to rob; to steal from somebody under use of violence	/ˈroːnat/
8779	tillräcklig	sufficient	/ˈtɪlrɛˌklɪɡ/
8780	mc	motorcycle; abbreviation of motorcykel	/ˌɛmˈseː/
8781	överreagerar	overreact	/ˈøːvɛrɛˌaɡeːˌrar/
8782	föreläsning	a lecture	/ˈføːrɛˌlɛːsnɪŋ/
8783	ägs	to own	/ˈɛɡs/
8784	ansträngningar	effort, exertion	/ˈanstrɛŋˌnɪŋar/
8785	grilla	An ice skate	/ˈɡrɪla/
8786	öppnades	to open	/ˈœpnadɛs/
8787	inslag	a segment, a feature	/ˈɪnslɑːɡ/
8788	statyn	a statue	/ˈstɑːtyːn/
8789	trampar	a tramp a step	/ˈtrampar/
8790	skänka	to give, to donate	/²ɧɛŋka/
8791	bundna	bound, tied, restricted	/ˈbɵndna/
8792	drogen	a drug, a narcotic	/ˈdroːɡɛn/
8793	sliten	worn, worn out	/ˈsliːtɛn/
8794	skamligt	shameful, disgraceful	/ˈskamlɪkt/
8795	förhindrar	to prevent	/ˈfœrhɪnˌdrar/
8796	torped	torpedo; an underwater weapon	/ˈtuːrpɛd/
8797	kommandot	a command, an order	/ˈkɔmanˌduːt/
8798	fraser	a phrase	/ˈfrɑːsɛr/
8799	spar	to save, to store for future use	/ˈspar/
8800	komedi	comedy	/ˈkuːmɛˌdiː/
8801	medier	a medium	/ˈmeːdiːɛr/
8802	vittnade	to testify, to bear witness	/ˈvɪtnadɛ/
8803	störtade	to descend or fall or collapse uncontrollably	/ˈstœtadɛ/
8804	banka	to repeatedly strike something with a fist or hard object	/ˈbaŋka/
8805	upprepade	definite singular	/ˈɵprɛˌpadɛ/
8806	chili	chili	/ˈʃiːliː/
8807	huvudrollen	a lead role, a leading role, a starring role	/ˈhʉvɵˌdrɔlɛn/
8808	tändare	a lighter	/ˈtɛndarɛ/
8809	gardinerna	a curtain	/ɡarˈdiːnɛrˌna/
8810	ingå	to be included, to join, to belong, to follow without extra…	/ˈɪŋoː/
8811	ryggraden	spine, backbone	/ˈryɡradɛn/
8812	ursäkten	an excuse	/ˈɵʂɛktɛn/
8813	sekunden	second	/sɛˈkɵndɛn/
8814	hasch	hashish, hash	/ˈhaʃ/
8815	raska	quick, brisk	/ˈraska/
8816	förening	an association	/fœrˈeːnɪŋ/
8817	ryggrad	spine, backbone	/ˈryɡrad/
8818	tömde	to empty	/ˈtœmdɛ/
8819	tros	belief	/ˈtruːs/
8820	immun	immune	/ˈɪmɵn/
8821	obegripligt	incomprehensible	/ˌuːbɛˈɡriːplɪkt/
8822	lyd	to obey	/ˈlyːd/
8823	rentvå	to clear someone's name, to exonerate, to exculpate	/ˈrɛntvoː/
8824	spåras	to track, to trace track or trail of someone/something	/ˈspoːras/
8825	spädbarn	an infant, a baby, but otherwise often more loosely up to a…	/ˈspɛdbɑːrn/
8826	skällde	to bark	/ˈsxɛldɛ/
8827	budgeten	a budget	/ˈbɵdjɛtɛn/
8828	entrén	entrance; the action of entering, or going in	/ɛnˈtreːn/
8829	veterinär	veterinary	/ˈveːteːˌriːnɛːr/
8830	planterade	to plant; place plant or a bulb in soil or other substrate…	/ˈplanteːˌradɛ/
8831	larva	to behave flippantly, childishly or ridiculously; to tramp,…	/ˈlarva/
8832	uppvisning	a display, performance, show	/²ɵpˌviːsnɪŋ/
8833	landning	landing	/ˈlandnɪŋ/
8834	forskningen	scientific research	/ˈfɔʂknɪŋɛn/
8835	ragga	to bristle	/ˈraɡa/
8836	bål	pyre, bonfire	/boːl/
8837	modernt	in fashion	/ˈmuːdɛrnt/
8838	körkortet	a driver's license	/ˈɕœrkɔtɛt/
8839	läggas	to place lying somewhere, to place/put in a lying position;…	/ˈlɛɡas/
8840	fästa	to fasten, to attach, to fix	/ˈfɛsta/
8841	skrämd	to scare, to frighten	/ˈskrɛmd/
8842	konferensen	a conference	/ˌkɔnfɛˈransɛn/
8843	kuksugare	cocksucker	/²kʉːkˌsʉːɡarɛ/
8844	opererar	to operate, to work, to function	/ˈuːpɛˌreːrar/
8845	mardrömmen	a nightmare	/marˈdrœmɛn/
8846	läckan	a leak; a crack, crevice, fissure, or hole which admits…	/ˈlɛkːan/
8847	rycka	to yank, to jerk, to pull quickly	/ˈrykːa/
8848	förstörelse	destruction, ruin	/ˈfœʂtøːˌrɛlsɛ/
8849	nazister	a Nazi	/ˈnɑːsɪstɛr/
8850	gripandet	arrest	/ˈɡriːpandɛt/
8851	östkusten	east coast	/ˈœstkɵstɛn/
8852	vetskapen	knowledge	/ˈvɛtskɑːpɛn/
8853	trollen	a troll	/ˈtrɔlɛn/
8854	raketer	a rocket	/ˈrɑːkɛtɛr/
8855	bränns	to burn with fire	/ˈbrɛns/
8856	snuskigt	offensively foul; gross	/ˈsnɵskɪkt/
8857	kastas	to throw	/ˈkastas/
8858	advokaterna	a lawyer, an attorney	/ˈadvuːˌkatɛrˌna/
8859	pissade	to piss	/ˈpɪsadɛ/
8860	odödliga	immortal	/uːˈdœdliːˌɡa/
8861	banditer	a bandit, an outlaw	/ˈbandiːtɛr/
8862	näsduk	handkerchief	/ˈnɛsdʉk/
8863	lärarna	a teacher	/ˈlɛːrarˌna/
8864	storhet	greatness	/ˈstuːrheːt/
8865	insekt	an insect	/ˈɪnsɛkt/
8866	dyster	gloomy	[ˈdʏ̌sːtɛr]
8867	beta	beta; the Greek letter Β, β	/bɛˈtɑː/
8868	mogna	to mature	/ˈmɔŋna/
8869	sona	to atone	/ˈsuːna/
8870	måne	a moon	/ˈmoːˌnɛ/
8871	juridiskt	legal, pertaining to law	/ˈjʉriːˌdɪskt/
8872	läxorna	homework	/ˈlɛːksuːrˌna/
8873	förvarning	forewarning	/ˈfœrvɑːrˌnɪŋ/
8874	slutgiltiga	final, ultimate	/ˈslʉtjɪlˌtiːɡa/
8875	asken	European ash Fraxinus excelsior	/ˈasxɛn/
8876	passagerarna	a passenger	/ˈpasaˌɡeːrarˌna/
8877	forntida	ancient	/ˈfuːrntiːˌda/
8878	bidrar	to contribute	/ˈbɪdrɑːr/
8879	metafor	metaphor	/ˈmɛtaˌfuːr/
8880	ägnade	to engage oneself, to spend time	/ˈɛŋnadɛ/
8881	oklart	unclear	/ˈɔklɑːt/
8882	transportera	to transport	/ˈtranspɔˌteːra/
8883	börsen	stock market, stock exchange, bourse	/ˈbœʂɛn/
8884	förföljd	to pursue, to stalk	/ˈfœrˈfœljd/
8885	domarna	conviction, judgement of court, sentence, verdict, doom	/ˈduːmarˌna/
8886	förbindelse	connection	/ˈfœrbɪndɛlsɛ/
8887	förre	former, last, previous	/ˈfœrɛ/
8888	svält	starvation; conditions of severe suffering due to…	/ˈsvɛlt/
8889	tystare	quiet, silent	/ˈtystarɛ/
8890	avfall	waste, refuse, garbage	/ˈavfal/
8891	påkarna	a stick used as a weapon; a cudgel, a club	/ˈpoːkarˌna/
8892	dagboken	a diary	/ˈdɑːɡbuːkɛn/
8893	rakar	to shave	/ˈrɑːkar/
8894	sexliv	sex life	/ˈsɛksliːv/
8895	drivit	to drive	/ˈdriːviːt/
8896	pippi	a birdie, a bird	/ˈpɪˌpɪ/
8897	manuellt	manually, by hand	/ˈmanʉˌɛlt/
8898	synar	to examine by looking at, to scrutinize	/ˈsyːnar/
8899	huvudsaken	main thing, primary thing	/ˈhʉvɵdˌsɑːkɛn/
8900	buskarna	a bush; a shrub	/ˈbɵskarˌna/
8901	läder	leather	/ˈlɛːdɛr/
8902	varmkorv	a hot dog	/ˈvarmkɔrv/
8903	smickrande	flattering, becoming	/ˈsmɪkrandɛ/
8904	omtyckt	well-liked, popular	/ˈɔmtykt/
8905	trea	three; the digit "3"	/ˈtreːa/
8906	fotografier	photography	/ˈfuːtɔˌɡrafiːɛr/
8907	byar	hamlet	/ˈbyːar/
8908	irrelevant	irrelevantly	/ˈɪrɛlɛˌvant/
8909	överenskommelsen	an agreement, a contract	/ˌøːvɛˈrɛnskɔˌmɛlsɛn/
8910	artister	an artist – most commonly a musician	/aˈtɪstɛr/
8911	stammen	a trunk	/ˈstamɛn/
8912	störtar	to descend or fall or collapse uncontrollably	/ˈstœtar/
8913	yxan	an axe	/ˈyːksan/
8914	diet	a diet	/ˈdiːɛt/
8915	kompani	a company	/ˈkɔmpaˌniː/
8916	morgondagens	tomorrow; Archaic or poetic the day after today	/ˈmɔrɡɔnˌdɑːɡɛns/
8917	äcklar	to disgust	/ˈɛklɑːr/
8918	utstå	to endure, to withstand, to suffer	/ˈʉtstoː/
8919	historiskt	historic	/ˈhɪstuːˌrɪskt/
8920	mar	sea	/ˈmar/
8921	skitsamma	Variation of skit samma vilket	/ˈsxɪtsaˌma/
8922	debatt	a debate	/ˈdɛbat/
8923	agg	grudge, resentment, ill will	/ˈaɡ/
8924	fötts	to feed	/ˈfœts/
8925	rop	a cry, a call, a shout	/ˈruːp/
8926	master	a mast	/ˈmastɛr/
8927	bloss	drag, puff	/ˈblɔs/
8928	otrevligt	rude	/ˈɔtrɛˌvlɪkt/
8929	föga	little, not very, hardly	/ˈføːɡa/
8930	styre	government, regime	/ˈstyːrɛ/
8931	dröj	to not occur or do immediately; to linger, to wait, to…	/ˈdrøːj/
8932	koder	code; a very short abbreviation	/ˈkoːdɛr/
8933	polismästare	a district police commissioner	/pɔˈlɪsmɛsˌtarɛ/
8934	gnäll	whining	/ˈŋnɛl/
8935	visioner	vision; something imaginary	/viːsˈxuːnɛr/
8936	bananer	a banana	/ˈbananɛr/
8937	kassa	a collection of money; a capital, a fund, cash, "coffers"	/ˈkasa/
8938	utseendet	appearance	/ˈʉtsɛˌɛndɛt/
8939	omgången	a round	/ˈɔmɡɔŋɛn/
8940	lyckad	to manage	/ˈlykːad/
8941	champagnen	champagne	/ˈʃampaŋnɛn/
8942	svensexa	a bachelor party, a stag party, a stag night	/ˈsvɛnsɛkˌsa/
8943	festivalen	a festival	/ˈfɛstiːˌvalɛn/
8944	besökarna	visitor	/bɛˈsøːkarˌna/
8945	påbörjat	started, begun	/poːˈbœrjat/
8946	stammar	a trunk	/ˈstamar/
8947	protestera	to protest	/ˈpruːtɛsˌteːra/
8948	borra	to drill, to bore	/ˈbɔra/
8949	kanonen	cannon, gun; a weapon	/ˈkanuːnɛn/
8950	ödsla	to waste	[ˈœ́ːd̥s.lá]
8951	näven	a fist	/ˈnɛːvɛn/
8952	handskarna	glove, traditionally made of leather	/ˈhandskarˌna/
8953	orkanen	a hurricane	/ˈɔrkanɛn/
8954	kikaren	binoculars	/ˈɕiːkarɛn/
8955	koncentrerar	to concentrate	/ˈkɔnsɛnˌtreːrar/
8956	boxning	boxing	/ˈbɔksnɪŋ/
8957	självständig	independent	/ˈsxɛlvstɛnˌdɪɡ/
8958	brinn	to burn, to be on fire	/ˈbrɪn/
8959	negrer	a negro, a nigger	/ˈnɛɡrɛr/
8960	hastigheten	velocity	/ˈhastɪɡˌheːtɛn/
8961	trista	boring	/ˈtrɪsta/
8962	buga	to bow	/ˈbʉɡa/
8963	församlingen	an assembly, assemblage	/ˈfœʂaˌmlɪŋɛn/
8964	återställd	reset, restored	/ˈoːtɛʂˌtɛld/
8965	klick	a dollop, a knob, a dab	/ˈklɪk/
8966	avkomma	offspring, progeny	/ˈavkɔˌma/
8967	spik	a nail	/spiːk/
8968	entré	entrance; the action of entering, or going in	/anˈtreː/
8969	biskopen	a bishop	/ˈbɪskuːpɛn/
8970	slutsatsen	conclusion	/ˈslʉtsatsɛn/
8971	hattar	a hat	/ˈhatːar/
8972	söndagar	Sunday	/ˈsœndɑːˌɡar/
8973	möblerna	a piece of furniture	/ˈmœblɛrˌna/
8974	enas	to unite	/ˈeːnas/
8975	luffare	a tramp, a vagabond, a hobo	/ˈlɵfarɛ/
8976	skeppets	a ship	/ˈsxɛpɛts/
8977	friskt	healthy; not sick	/ˈfrɪskt/
8978	intressera	to interest	/ˈɪntrɛˌseːra/
8979	räkningarna	counting	/ˈrɛːknɪˌŋarna/
8980	representera	represent	/ˌrɛprɛˈsɛnteːˌra/
8981	myror	ant	/ˈmyːruːr/
8982	barer	a bar	/ˈbɑːrɛr/
8983	tilltalar	address	/ˈtɪltaˌlar/
8984	plattan	A wide flat object, often solid and stiff, a plate	/ˈplatːan/
8985	synkad	sync	/ˈsyŋkad/
8986	tickar	tick	/ˈtɪkːar/
8987	vass	sharp	/vas/
8988	tecknet	A visible indication; a sign	/ˈtɛknɛt/
8989	inälvor	viscera, entrails, innards	/ˈiːnɛlˌvuːr/
8990	set	a set	/sɛtː/
8991	romare	a Roman, a native or resident of the Roman Empire	/²rʊˌmarɛ/
8992	staty	a statue	/staˈtyː/
8993	grälar	to argue, row, quarrel	/ˈɡrɛːlar/
8994	perioden	a period, a limited amount of time	/ˈpɛriːˌuːdɛn/
8995	gråtit	to cry, to weep	/ˈɡroːtiːt/
8996	kukar	a dick, a cock	/ˈkʉkar/
8997	inlagd	to put	/ˈɪnlɑːɡd/
8998	myten	a myth; a story of great but unknown age	/ˈmyːtɛn/
8999	avslutad	to close, cancel, terminate	/ˈɑːvslʉˌtad/
9000	utställningen	exhibition	/ˈʉtstɛlˌnɪŋɛn/
9001	förse	to provide, to equip, to supply	/ˈfœʂɛ/
9002	reserv	a reserve, a spare	/ˈreːsɛrv/
9003	avvaktar	to wait, to await, to stand by	/ˈavakˌtar/
9004	vegetarian	A vegetarian	/veɡetariˈan/
9005	angav	to indicate; to point out	/ˈaŋav/
9006	blondin	a blonde	/blɔnˈdiːn/
9007	streck	a short line; a line, a dash	/ˈstrɛk/
9008	kvickt	fast	/ˈkvɪkt/
9009	trupp	a group of soldiers; a troop, a squad	/ˈtrɵp/
9010	vik	a bay, an inlet, a creek inlet from the sea or a lake, as…	/ˈviːk/
9011	kemisk	chemical	/ˈɕeːmɪsk/
9012	homo	a homo	/ˈhuːmuː/
9013	dax	pronunciation spelling of dags	/ˈdaks/
9014	lo	lynx	/luː/
9015	tigern	tiger	/ˈtiːjɛrn/
9016	paragraf	section, article, paragraph, clause	/ˈpɑːraˌɡraf/
9017	andning	breathing, respiration	/ˈandnɪŋ/
9018	trosorna	panties, underpants	/truːˈsɔrna/
9019	samarbetade	to cooperate	/ˈsamarˌbeːtadɛ/
9020	hallucinationer	a hallucination	/ˌhalʉˌsɪnasˈxuːnɛr/
9021	segel	sail; a piece of fabric attached to a boat	/ˈseːɡɛl/
9022	motto	a motto	/ˈmuːtːuː/
9023	slumpmässigt	randomly	/ˈslɵmpmɛˌsɪkt/
9024	besatta	obsessed	/bɛˈsatːa/
9025	dråp	manslaughter	/ˈdroːp/
9026	avfärd	departure	/ˈavfɛːrd/
9027	besegrat	defeated; who/which has been overcome	/bɛˈsɛɡrɑːt/
9028	drabbar	to strike, to affect, to hit, to befall	/ˈdrabar/
9029	utomstående	an outsider, a third party	/ˈʉtɔmsˌtoːɛndɛ/
9030	mullvad	mole	/ˈmɵlvad/
9031	inställt	to cancel something which has been planned	/ˈɪnstɛlt/
9032	förråder	to betray	/ˈfœroːdɛr/
9033	döms	to sentence, to judge	/ˈdœms/
9034	trakasserier	harassment	/ˈtrɑːkasɛˌriːɛr/
9035	rackare	a rascal	/ˈrakːarɛ/
9036	fritid	free time	/ˈfriːtiːd/
9037	mannarna	husband	/ˈmanarˌna/
9038	justitiedepartementet	a ministry of justice	/ˈjɵstiːˌtiːɛdɛpatɛˌmɛntɛt/
9039	organiserad	to organize	/ˌɔrɡaˈnɪseːˌrad/
9040	förstörs	to break, to demolish; to make something cease working	/ˈfœʂˈtœʂ/
9041	synsk	psychic, clairvoyant	/ˈsynsk/
9042	hårddisken	hard drive	/ˈhoːrdɪsˌkɛn/
9043	fika	having coffee, tea, saft, or the like, usually with…	/²fiːka/
9044	pr	PR, public relations	/ˌpeːˈɛr/
9045	kärra	a cart	/ˈɕɛra/
9046	torkade	dried	/ˈtɔrkadɛ/
9047	spänt	stretched, spanning	/ˈspɛnt/
9048	jeep	jeep	/ˈjeːɛp/
9049	hemligstämplat	classify	/ˈhɛmlɪɡsˌtɛmplat/
9050	innehav	possession, detention, custody	/ˈɪnɛˌhav/
9051	starten	a start; a beginning	/ˈstɑːtɛn/
9052	förvara	to store	/ˈfœrvaˌra/
9053	smaklig	tasty, savory	/ˈsmɑ̂ː.klɪɡ/
9054	föreningen	an association	/ˈføːrɛˌnɪŋɛn/
9055	notera	to note; to notice	/ˈnuːteːˌra/
9056	vete	wheat	/²veːtɛ/
9057	altaret	altar	/ˈaltarɛt/
9058	sorgsen	sad, feeling or expressing sorrow	/ˈsɔrɡsɛn/
9059	besvärligt	difficult, troublesome	/bɛsˈvɛrlɪkt/
9060	avstår	to abstain	/ˈɑːvstoːr/
9061	groda	a frog	/²ɡruːda/
9062	begränsat	limited, small, narrow	/bɛˈɡrɛnsat/
9063	skrot	shot	/ˈskruːt/
9064	avlägsen	distant, far-off	/ˈavlɛɡsɛn/
9065	servitrisen	a waitress	/ˈsɛrvɪˌtriːsɛn/
9066	födelsedagspresent	a birthday present	/ˌføːdɛlsɛˌdɑːɡsprɛˈsɛnt/
9067	tryckt	to press, to push	/ˈtrykt/
9068	böjer	to bend, to bow	/ˈbøːjɛr/
9069	betalningen	a payment	/bɛˈtɑːlnɪŋɛn/
9070	manchester	corduroy	/ˈmanʃɛstɛr/
9071	vännerna	a friend	/ˈvɛnɛrˌna/
9072	kolonin	a colony	/ˌkuːlɔˈniːn/
9073	atombomb	an atomic bomb	/ˈatoːmˌbɔmb/
9074	officiell	official	/ˌɔfisˈjɛlː/
9075	nålar	a needle, a pin	/ˈnoːlar/
9076	hare	Pronunciation spelling of "ha det"	/ˈharɛ/
9077	given	to give	/ˈjiːvɛn/
9078	pub	a pub	/ˈpʉb/
9079	besvarar	to reply	/bɛsˈvɑːrar/
9080	kylskåp	a refrigerator	/²ɕyːlˌskoːp/
9081	knyt	to tie	/ˈknyːt/
9082	kramas	to hug	/ˈkrɑːmas/
9083	ambitiös	ambitious; possessing ambition	/ambɪˈɧøːs/
9084	hjort	a deer, ruminant mammal of the family Cervidae	/jʊrt/
9085	premiär	premiere, debut, opening	/ˈpreːmiːˌɛːr/
9086	chansa	to take a chance, to gamble	/ˈʃansa/
9087	studie	A study, an investigation, a report	/ˈstʉdiːɛ/
9088	gömstället	hiding place, hideout	/ˈjœmstɛlɛt/
9089	leg	certified, authorized; indicating an authorized medical…	/ˈleːɡ/
9090	begravas	to bury; to perform a burial	/ˈbɛɡrɑːˌvas/
9091	dolken	a dagger	/ˈdɔlkɛn/
9092	anklagelse	accusation, allegation, charge	/anˈklɑːɡɛlsɛ/
9093	sjunkit	to sink	/ˈsxɵŋkiːt/
9094	betydande	to mean	/bɛˈtyːdandɛ/
9095	kines	a Chinese person	/ɕɪˈneːs/
9096	utflykt	an excursion, an outing, a short trip	/ˌyːtˈflʏkt/
9097	cigarrer	cigar	/ˈsɪɡarɛr/
9098	tvingad	to force	/ˈtvɪŋad/
9099	däcken	tyre	/ˈdɛkːɛn/
9100	final	a finale	/fɪˈnɑːl/
9101	vaktmästare	A janitor, a caretaker: a broad occupation whose specifics…	/ˈvaktmɛsˌtarɛ/
9102	överföll	set upon, attack	/ˌøːvɛrˈfœl/
9103	säljare	seller	/ˈsɛljare/
9104	flickvännen	a girlfriend	/ˈflɪkvɛnɛn/
9105	kvinnors	a woman	/kvinːʊʂ/
9106	fjäril	a butterfly	/²fjɛːrɪl/
9107	gods	goods in a shipment, shipped goods	/ˈɡuːds/
9108	omringad	to surround	/ˈɔmrɪˌŋad/
9109	sexet	sex	/ˈsɛksɛt/
9110	skrapa	to scrape, to scratch	/ˈskrɑːpa/
9111	konsult	a consultant	/ˈkɔnsɵlt/
9112	rättssalen	courtroom	/ˈrɛtsalɛn/
9113	fjädrar	a feather	/ˈfjɛdrar/
9114	valuta	a currency	/ˈvɑːlʉˌta/
9115	hemsökt	haunted	/hɛmˈsœkt/
9116	kåren	a corps, a corporation, a company, a union, a force	/ˈkoːrɛn/
9117	talande	to speak, to talk	/ˈtɑːlandɛ/
9118	spricker	to crack, to fracture, to split; to break apart under…	/ˈsprɪkːɛr/
9119	toaletter	a toilet	/ˈtuːaˌlɛtːɛr/
9120	vifta	to vigorously wave	/ˈvɪfta/
9121	skrämt	to scare, to frighten	/ˈskrɛmt/
9122	ändamål	purpose	/ˈɛndaˌmoːl/
9123	spade	a shovel	/ˈspadɛ/
9124	bakar	behind, ass, butt	/ˈbɑːkar/
9125	statens	A state; a nation	/ˈstɑːtɛns/
9126	beröring	touch	/bɛˈrøːrɪŋ/
9127	meddelade	to communicate, to notify To give notice of	/ˈmeːdɛˌladɛ/
9128	försenade	to delay	/ˈfœʂɛˌnadɛ/
9129	äventyra	jeopardize	/ˈɛːvɛnˌtyːra/
9130	aktiverar	to activate	/ˈaktiːvɛˌrar/
9131	häktad	detained, remanded	/ˈhɛktad/
9132	valar	a whale	/ˈvɑːlar/
9133	blomman	a flower	/ˈblɔman/
9134	födelse	birth	/ˈføːdɛlsɛ/
9135	inspirerade	to inspire	/ˈɪnspiːˌreːradɛ/
9136	angelägen	important, urgent	/ˈaŋɛˌlɛːɡɛn/
9137	studenten	a student	/ˈstʉdɛntɛn/
9138	ändring	a change, a modification, an alteration	/ˈɛndrɪŋ/
9139	slaktare	a butcher	/ˈslaktarɛ/
9140	kunglig	royal, pertaining to the monarch or monarchy	/²kɵŋːlɪɡ/
9141	tigga	to beg	/ˈtɪɡa/
9142	baronen	a baron, a ruler of a barony	/ˈbɑːruːnɛn/
9143	viskade	to whisper	/ˈvɪskɑːdɛ/
9144	utvecklades	to develop	/ˈʉtvɛˌkladɛs/
9145	brudgummen	groom, bridegroom	/ˈbrɵdɡɵmɛn/
9146	uppdatera	to update	/ˈɵpdaˌteːra/
9147	lögnen	a lie	/ˈlœŋnɛn/
9148	astronaut	an astronaut	/ˈastruːˌnaʉt/
9149	brutal	brutal	/brʉˈtɑːl/
9150	ignorerade	to ignore	/ˈɪŋnuːˌreːradɛ/
9151	räckvidd	range, reach	/ˈrɛkvɪd/
9152	zombies	zombie	/ˈsɔmbiːɛs/
9153	slocknade	definite singular	/ˈslɔknadɛ/
9154	utöva	to exercise, to practise, to execute	/ˈʉtøːˌva/
9155	undertexter	indefinite plural of undertext	/ˈɵndɛˌtɛkstɛr/
9156	dyrbara	precious, high-end, valuable	/ˈdyrbɑːˌra/
9157	uppstått	to stand up, to rise	/ˈɵpstɔt/
9158	räddare	afraid, scared	/ˈrɛdarɛ/
9159	staket	a fence, a railing	/staˈkeːt/
9160	vardagsrum	living room	/ˈvɑːrdɑːɡˌsrɵːm/
9161	avslutas	to close, cancel, terminate	/ˈɑːvslʉˌtas/
9162	clowner	clown	/ˈklɔvnɛr/
9163	byborna	a villager	/ˈbyːbuːrˌna/
9164	tvingats	to force	/ˈtvɪŋats/
9165	veckors	a week, a period of 7 days	/ˈvɛkːɔʂ/
9166	klumpig	clumsy	/ˈklɵmpɪɡ/
9167	blotta	to expose, to uncover	/ˈblɔtːa/
9168	kvarts	quartz	/ˈkvats/
9169	kulturer	culture	/ˈkɵltʉrɛr/
9170	pickup	a pickup truck	/ˈpɪkːʉp/
9171	fastlandet	mainland	/ˈfastlandɛt/
9172	trotsar	defy	/ˈtrɔtsar/
9173	grundade	well-founded	/ˈɡrɵndadɛ/
9174	jättestor	huge, gigantic	/ˈjɛtːɛsˌtɔr/
9175	begränsade	limited, small, narrow	/bɛˈɡrɛnsadɛ/
9176	plikten	duty	/ˈplɪktɛn/
9177	cancern	cancer	/ˈkanseːrn/
9178	symboler	symbol	/ˈsymbuːlɛr/
9179	stängas	to close, to shut	/ˈstɛŋas/
9180	hale	slippery	/ˈhɑːlɛ/
9181	trillade	to fall a short distance, for example by tripping over	/ˈtrɪladɛ/
9182	polisstation	police station	/pɔˌlɪstasˈxuːn/
9183	åsyn	sight	/ˈoːsyːn/
9184	rama	to frame	/ˈrɑːma/
9185	tolkar	an interpreter translates	/ˈtɔlkar/
9186	sankt	Saint: title given to a saint	/ˈsaŋkt/
9187	örnen	eagle	/ˈœrnɛn/
9188	klia	to itch	/²kliːa/
9189	utländsk	foreign; concerning a foreign country	/ˈʉtlɛndsk/
9190	valdes	to choose	/ˈvɑːldɛs/
9191	manöver	A manoeuvre	/manˈøːvɛr/
9192	varsin	each	/vaˈʂiːn/
9193	höras	to hear	/ˈhøːras/
9194	jordnötter	peanut	/juːrdˈnœtːɛr/
9195	duva	dove, pigeon	/ˈdʉva/
9196	vaccin	vaccine; substance that stimulates production of antibodies	/vakˈsiːn/
9197	tjur	a bull uncastrated male of cattle	/ɕʉːr/
9198	front	The front end or side of something	/ˈfrɔnt/
9199	gulliga	cute, sweet	/ˈɡɵliːˌɡa/
9200	gaffel	fork; a pronged tool	/ˈɡafːɛl/
9201	priserna	a price	/ˈpriːsɛrˌna/
9202	blanka	to polish, to make shining, to shine shoes or other leather…	/ˈblaŋka/
9203	militärt	militarily	/ˌmiːliːˈtɛːt/
9204	uppmuntrar	encourage; to mentally support	/ˈɵpmɵnˌtrar/
9205	minen	min; minute	/ˈmiːnɛn/
9206	indiska	a woman from India	/ˈɪndɪsˌka/
9207	dåså	nonstandard form of då så	/ˈdoːsoː/
9208	väx	grow; increase in size	/ˈvɛks/
9209	solens	sun	/ˈsuːlɛns/
9210	ruttet	rotten	/ˈrɵtɛt/
9211	tidvattnet	tide	/ˈtiːdvatnɛt/
9212	storma	storm	/ˈstɔrma/
9213	strålningen	radiation	/ˈstroːlnɪŋɛn/
9214	växande	grow; increase in size	/ˈvɛksandɛ/
9215	ärret	scar	/ˈɛrɛt/
9216	nattklubb	a nightclub	/ˈnatklɵb/
9217	barnhemmet	children's home, orphanage	/ˈbɑːrnhɛmɛt/
9218	pakt	pact, covenant	/ˈpakt/
9219	odlar	to grow, to cultivate, to plant	/ˈɔdlar/
9220	olåst	unlocked	/uːˈloːst/
9221	specifika	specific	/spɛˈsɪfiːka/
9222	undvikit	to avoid	/ˈɵndviːˌkiːt/
9223	betett	to behave	/bɛˈtɛt/
9224	onde	evil	/ˈɔndɛ/
9225	mäns	husband	/ˈmɛns/
9226	pappren	paper	/ˈpaprɛn/
9227	knivhuggen	knifed	/ˈknɪvhɵɡɛn/
9228	filmstjärna	a movie star, film star	/ˈfɪlmsxɛrˌna/
9229	läckra	delicious, scrumptious, delectable	/ˈlɛkra/
9230	arslen	arse, ass	/ˈaʂlɛn/
9231	varulvar	a werewolf transformed into a wolf-like form	/ˈvɑːrɵlˌvar/
9232	förrått	betrayed	/ˈfœrɔt/
9233	sötare	sweet	/ˈsøːtarɛ/
9234	motorcykeln	a motorcycle	/ˈmuːtɔrˌsyːkɛln/
9235	skägget	beard; facial hair on chin, cheeks and jaw	/ˈsxɛɡɛt/
9236	kanaler	a canal	/ˈkanalɛr/
9237	härska	to rule; to reign	/ˈhɛʂka/
9238	värker	to ache; to be the source of a continued dull pain	/ˈvɛrkɛr/
9239	sparkat	to kick; to strike with the foot or leg	/ˈsparkat/
9240	förhandling	a negotiation	/ˈfœrhanˌdlɪŋ/
9241	nöjen	pleasure, joy, delight, fun	/ˈnøːjɛn/
9242	budet	a message	/ˈbʉdɛt/
9243	dödandet	definite singular of dödande	/ˈdøːdandɛt/
9244	parkeringsplats	parking lot, car park	/ˈparkeːˌrɪŋsplats/
9245	rikare	rich, wealthy	/ˈriːkarɛ/
9246	ädel	noble; honourable	/ˈɛːdɛl/
9247	regnade	to rain	/rɛŋˈnadɛ/
9248	behovet	a need, a requirement	/bɛˈhuːvɛt/
9249	gissat	to guess	/ˈjɪsat/
9250	seglade	to sail	/ˈseːɡladɛ/
9251	stigit	to step; to move the foot in walking	/ˈstiːɡiːt/
9252	enade	to unite	/ˈeːnadɛ/
9253	rasade	to collapse	/ˈrɑːsadɛ/
9254	kasino	a casino	/ˈkasiːˌnuː/
9255	clownen	clown	/ˈklɔvnɛn/
9256	stavas	to spell	/ˈstavas/
9257	besegrar	to defeat; to overcome	/bɛˈsɛɡrar/
9258	brändes	to burn with fire	/ˈbrɛndɛs/
9259	sväljer	to swallow	/ˈsvɛljɛr/
9260	snopp	penis, willy	/ˈsnɔp/
9261	ovetande	not having knowledge; unaware, unknowing, oblivious,…	/ˈuːveːˌtandɛ/
9262	rinna	to run, to flow	/ˈrɪna/
9263	strömmar	current, flow; the part of a fluid that moves continuously…	/ˈstrœmar/
9264	portföljen	a portfolio; a briefcase	/puːtˈfœljɛn/
9265	störste	big, large; of large size	[²stœ̞ʂʈɛ]
9266	diabetes	diabetes	/ˈdiːabɛtɛs/
9267	gasa	to accelerate, to hit the gas	/ˈɡɑːsa/
9268	fiskade	definite singular	/ˈfɪskɑːdɛ/
9269	bäcken	pelvis	/ˈbɛkːɛn/
9270	konflikter	conflict	/ˈkɔnflɪktɛr/
9271	brasa	a small, controlled fire used for warmth	/ˈbrɑːsa/
9272	vassa	sharp	/ˈvasa/
9273	murarna	a wall built of overlapping bricks or stones or cement or…	/ˈmʉrarˌna/
9274	inspirerad	to inspire	/ˈɪnspiːˌreːrad/
9275	elen	electricity, electric current or power; clipping of…	/ˈeːlɛn/
9276	dyrkar	a lock pick, a tool for lock picking	/ˈdyrkar/
9277	knepigt	trickily	/ˈkneːpɪkt/
9278	tonfisk	tuna	/ˈtɔnfɪsk/
9279	rakade	to shave	/ˈrɑːkadɛ/
9280	vandrade	to wander	/ˈvandradɛ/
9281	bygget	construction site; place where a building is being erected	/ˈbyɡɛt/
9282	rodret	a rudder	/ˈrɔdrɛt/
9283	infekterade	to infect	/ɪnˈfɛkteːˌradɛ/
9284	gale	synonym of trut	/ˈɡaːlɛ/
9285	katastrofen	catastrophe	/kaˈtastruːfɛn/
9286	biskop	a bishop	/²bɪsːˌkɔp/
9287	kedjor	chain	/ˈɕɛdjuːr/
9288	rasist	a racist	/ˈrɑːsɪst/
9289	ryggsäcken	backpack	/ˈryɡsɛkːɛn/
9290	omgående	immediately, at once, without delay	/ˈɔmɡoːˌɛndɛ/
9291	kavajen	lounge jacket	/ˈkavajɛn/
9292	jeepen	jeep	/ˈjeːɛpɛn/
9293	dokumentär	documentary	/ˌdɔkʉmɛnˈtɛːr/
9294	andlig	spiritual	/ˈandˌlɪ(ɡ)/
9295	statsministern	a prime minister	/ˈstatsmiːˌnɪstɛrn/
9296	tappra	brave	/ˈtapra/
9297	debatten	a debate	/ˈdɛbatːɛn/
9298	femma	a five; the digit "5"	/ˈfɛma/
9299	ogift	unmarried	/ˈuːjɪft/
9300	hånglade	to make out, smooch, snog	/ˈhɔŋlɑːdɛ/
9301	underlätta	to facilitate	/ˈɵndɛrˌlɛtːa/
9302	journaler	a journal, a magazine, a periodical	/ˈsxʊrnalɛr/
9303	ostron	oyster	/ˈɔstruːn/
9304	vaktmästaren	A janitor, a caretaker: a broad occupation whose specifics…	/ˈvaktmɛsˌtarɛn/
9305	medlemmarna	a member	/ˈmeːdlɛˌmarna/
9306	bördan	burden	/ˈbœrdan/
9307	förfärlig	terrible, dreadful, terrific	/ˈfœrfɛrˌlɪɡ/
9308	felaktiga	wrong, incorrect, faulty, erroneous	/ˈfeːlakˌtiːɡa/
9309	ökända	infamous	/ˈøːɕɛnˌda/
9310	strikt	strict	/ˈstrɪkt/
9311	rutiner	a routine	/rʉˈtiːnɛr/
9312	dumpad	dump	/ˈdɵmpad/
9313	lockande	tempting	/ˈlɔkːandɛ/
9314	dikten	poem	/ˈdɪktɛn/
9315	otrohet	infidelity, unfaithfulness	/ˈɔtruːˌheːt/
9316	utmärkta	excellent	/ˈʉtmɛrkˌta/
9317	tillfredsställa	satisfy	/ˈtɪlfrɛdsˌtɛla/
9318	tröttnat	to get tired	/ˈtrœtnat/
9319	agenda	an agenda	/aˈɡɛnːˌda/
9320	bedrar	to deceive	/ˈbɛdrɑːr/
9321	avsugning	fellatio	/ˈɑːvsɵŋˌnɪŋ/
9322	rehab	rehab rehabilitation	/ˈreːhab/
9323	amerikanen	an American	/ˈamɛˌrɪkanɛn/
9324	besegrad	defeated; who/which has been overcome	/bɛˈsɛɡrad/
9325	umgänge	the act of being with people	/ˈɵmjɛŋɛ/
9326	mörkare	dark	/ˈmœrkarɛ/
9327	indragen	involved	/ˈɪndraɡɛn/
9328	förberedda	definite singular	/ˈfœrbɛˌrɛda/
9329	chockade	shock	/ˈʃɔkːadɛ/
9330	motsats	an opposite	/ˈmuːtsats/
9331	utlänningar	alien, foreigner	/ˈʉtlɛˌnɪŋar/
9332	expedition	an expedition, a journey, a mission	/ˌɛkspɛdiːsˈxuːn/
9333	beordrat	to order, to direct, to instruct	/ˈbeːuːrˌdrat/
9334	väldig	huge; of a very large size	/ˈvɛldɪɡ/
9335	förgångna	bygone	/ˈfœrɡɔŋˌna/
9336	kakorna	a cookie	/ˈkakuːrˌna/
9337	nazist	a Nazi	/ˈnɑːsɪst/
9338	professionellt	professionally; adverb form of professionell	/ˌpruːfɛsˈxuːnɛlt/
9339	anpassar	adapt, adjust	/ˈanpaˌsar/
9340	polska	Polish; a language spoken in Poland	/²poːlska/
9341	betvivlar	to doubt	/bɛtˈvɪvlar/
9342	volt	a somersault; a jump where one turns one or more times…	/ˈvɔlt/
9343	botar	to cure, heal; to restore to good health; to relieve from a…	/ˈbuː.tar/
9344	andades	to breathe	/ˈandadɛs/
9345	stökigt	messy	/ˈstøːkɪkt/
9346	lokalt	local	/lʊˈkalt/
9347	västen	west	/ˈvɛstɛn/
9348	störning	a disorder	/ˈstœrnɪŋ/
9349	individ	an individual	/ˈɪndiːˌviːd/
9350	rymdskeppet	spaceship	/ˈrymdsxɛpɛt/
9351	obekvämt	uncomfortable	/ˈuːbɛkˌvɛmt/
9352	spa	spa baths, and various treatments	/ˈspɑː/
9353	diarré	diarrhea	/dɪ.aˈreː/
9354	ack	alas, oh	/ˈak/
9355	flertal	plural	/flɛˈtɑːl/
9356	pizzan	a flavour associated with certain types of pizza, often…	/ˈpɪzan/
9357	lärling	a trainee, an apprentice	/ˈlɛrlɪŋ/
9358	rader	a row; a line of entries in a table, or a line of objects	/ˈrɑːdɛr/
9359	tick	tick	/ˈtɪk/
9360	betet	bait	/bɛˈteːt/
9361	värdesätter	to value	/ˈvɛːrdɛˌsɛtːɛr/
9362	lott	a part, a share, a piece, a portion	/ˈlɔt/
9363	blodbad	bloodbath, massacre	/ˈbluːdbad/
9364	ändan	an end	/ˈɛndan/
9365	fight	a fight	/ˈfɪɡht/
9366	bevakade	watched, guarded	/bɛˈvɑːkadɛ/
9367	smidigt	flexible and in good control of one's body	/ˈsmiːdɪkt/
9368	numren	a number	/ˈnɵmrɛn/
9369	nekar	sheafs	/ˈneːkar/
9370	lottad	to draw lots	/ˈlɔtːad/
9371	ärvt	to inherit	/ˈɛrvt/
9372	renar	reindeer	/ˈreːnar/
9373	upplevelsen	an event	/ˈɵplɛˌvɛlsɛn/
9374	förfrågan	a request	/ˈfœrfroːˌɡan/
9375	anhåller	request	/ˈanhɔlɛr/
9376	oväntade	unexpected	/ˈuːvɛnˌtadɛ/
9377	sekt	a cult, regardless of origin	/ˈsɛkt/
9378	fortsättning	sequel, continuation; something which is continued	/ˈfuːtsɛtˌnɪŋ/
9379	uråldriga	ancient	/ˈʉroːlˌdriːɡa/
9380	förflyttad	to move	/ˈfœrflyˌtːad/
9381	marker	ground, or the area beneath it	/ˈmarkɛr/
9382	övade	to practice, to train to do something, to exercise	/ˈøːvadɛ/
9383	rymling	an escapee, a runaway	/ˈrymlɪŋ/
9384	lämnad	to leave; to not take away with oneself but leave as…	/ˈlɛmnad/
9385	svärmor	a mother-in-law; the mother of someone's spouse	/ˈsvɛrmuːr/
9386	sas	to say	/ˈsas/
9387	drabbades	to strike, to affect, to hit, to befall	/ˈdrabadɛs/
9388	fäller	to fell, to drop, to bring down	/ˈfɛlɛr/
9389	omvärlden	environment, surroundings	/ɔmˈvɛːrdɛn/
9390	utsattes	to expose	/ˈʉtsatːɛs/
9391	skojs	joking around, fun	/ˈskɔjs/
9392	imponerade	to impress; to affect someone strongly and favorably	/ˈɪmpuːˌneːradɛ/
9393	förgiftat	to poison	/ˈfœrjɪfˌtat/
9394	skörden	a harvest	/ˈsxœrdɛn/
9395	överfallen	set upon, attacked	/ˈøːvɛrˌfalɛn/
9396	beundrade	admired	/ˈbeːɵnˌdradɛ/
9397	kapabla	capable	/ˈkapaˌbla/
9398	strömavbrott	power cut, blackout	/ˈstrœmɑːvˌbrɔt/
9399	gallerian	a galleria, a shopping mall, a shop gallery	/ˈɡalɛˌriːan/
9400	smisk	spanking	/ˈsmɪsk/
9401	nypa	a pinch, a dash; a small amount of powder or granules	/ˈnyːˌpa/
9402	luder	a whore, a hooker	/ˈlʉdɛr/
9403	skärm	screen; an informational viewing area	/ˈsxɛrm/
9404	sprutar	to be ejected as a jet; to spray, to squirt, to spurt	/ˈsprʉtar/
9405	fjant	someone ridiculous	/ˈfjant/
9406	misslyckade	failed	/ˈmɪslyˌkːadɛ/
9407	bränder	a larger, uncontrolled fire, a conflagration	/ˈbrɛndɛr/
9408	julklappar	a Christmas present	/ˈjʉlklaˌpar/
9409	parkerad	park	/ˈparkɛˌrad/
9410	pussa	to kiss, to peck	/pɵ.sa/
9411	vildar	A savage, someone from the wilderness	/ˈvɪldar/
9412	förfogande	disposal	/ˈfœrfuːˌɡandɛ/
9413	övertag	upper hand, advantage	/ˈøːvɛˌtɑːɡ/
9414	irriterar	to irritate	/ˈɪriːˌteːrar/
9415	kostnaden	cost	/ˈkɔstnadɛn/
9416	möjligheterna	possibility, opportunity	/ˈmœjlɪɡˌheːtɛrˌna/
9417	assistenten	an assistant, a clerical officer	/ˈasɪsˌtɛntɛn/
9418	tränad	to exercise, to practice; to perform activities to develop…	/ˈtrɛːnad/
9419	hörrni	alternative form of hörni	/ˈhœrniː/
9420	utsatte	to expose	/ˈʉtsatːɛ/
9421	klätt	to clothe, to dress, to wear	/ˈklɛt/
9422	hävdade	to claim	/ˈhɛvdadɛ/
9423	bestående	permanent, prevailing	/bɛsˈtoːɛndɛ/
9424	samhällets	a society; a long-standing group of people sharing cultural…	/ˈsamhɛˌlɛts/
9425	shilling	shilling	/ˈsxɪlɪŋ/
9426	frusen	feeling cold, freezing	/ˈfrʉsɛn/
9427	invändningar	an objection	/ˈɪnvɛndˌnɪŋar/
9428	sorry	sorry	/ˈsɔryː/
9429	övervinna	to defeat, to conquer	/ˈøːvɛrˌvɪna/
9430	kycklingar	a chick	/ˈɕyklɪˌŋar/
9431	scener	a stage	/ˈsseːnɛr/
9432	uppmärksamheten	attention, attentiveness	/ˈɵpmɛrkˌsamheːtɛn/
9433	pumpar	to pump	/ˈpɵmpar/
9434	blödning	hemorrhage, flow or loss of blood from a damaged blood…	/ˈblœdnɪŋ/
9435	betraktar	to regard	/bɛˈtraktar/
9436	kärleksfull	loving, affectionate	/ˈɕɛrlɛksˌfɵl/
9437	historisk	historic	/ˈhɪstuːˌrɪsk/
9438	kr	abbreviation of krona	/ˌkoːˈɛr/
9439	floder	a river	/ˈfluːdɛr/
9440	hanterade	to handle, to manage	/ˈhanteːˌradɛ/
9441	vovve	a doggy	/ˈvʊvɛ/
9442	potentiella	potential	/ˈpuːtɛnˌtiːɛˌla/
9443	tema	a theme, a topic	/ˈteːma/
9444	sprängas	to blow up, to blast explode	/ˈsprɛŋas/
9445	batterierna	battery, accumulator	/ˈbatːɛˌriːɛrˌna/
9446	spottade	to spit	/ˈspɔtːadɛ/
9447	rörmokare	a plumber	/ˈrœrmuːˌkarɛ/
9448	omsorg	care	/ɔmˈsɔrj/
9449	utomjordingarna	an alien, an extraterrestrial	/ˈʉtɔˌmjuːrdɪˌŋarna/
9450	effektiva	efficient	/ˈɛfɛkˌtiːva/
9451	ljusår	light year	/²jʉːsˌoːr/
9452	förflytta	to move	/ˈfœrflyˌtːa/
9453	grova	coarse; composed of relatively large particles or pieces	/ˈɡruːva/
9454	burkar	pot, can, jar; an inflexible vessel, usually with lid and…	/ˈbɵrkar/
9455	rikt	rich, wealthy	/ˈrɪkt/
9456	slang	hose, tube, flexible pipe	/ˈslaŋ/
9457	bekämpar	to fight and thus get rid of; to combat, to fight	/bɛˈkɛmpar/
9458	kompensera	to compensate	/ˈkɔmpɛnˌseːra/
9459	biologi	biology	/bɪʊlʊˈɡiː/
9460	kappan	definite singular of kappa c	/ˈkapan/
9461	intresset	interest	/ˈɪntrɛsɛt/
9462	parkerar	park	/ˈparkɛˌrar/
9463	avgång	departure; the act of leaving	/²ɑːvˌɡɔŋ/
9464	högljudd	loud, noisy	/²høːɡˌjɵd/
9465	aktiverad	activated	/ˈaktiːvɛˌrad/
9466	pluton	a platoon	/ˈplʉtuːn/
9467	knop	a knot	/ˈknuːp/
9468	hårding	a tough and strong person, a badass	/ˈhoːɖɪŋ/
9469	blygsam	lowly, humble, modest	/ˈblyɡsam/
9470	trummor	a drum	/ˈtrɵmuːr/
9471	botad	cured	/ˈbuːtad/
9472	håna	to mock, deride, make fun of	/²hoːna/
9473	premiären	premiere, debut, opening	/ˈpreːmiːˌɛːrɛn/
9474	anger	to indicate; to point out	/ˈanjeːr/
9475	vitlök	garlic, Allium sativum	/viːtløːk/
9476	mackor	an sandwich of bread with toppings, usually buttered	/ˈmakːuːr/
9477	sjömän	a sailor, a seaman, a mariner	/ˈsxøːmɛːn/
9478	vinn	to win, to defeat, to beat	/ˈvɪn/
9479	bättra	to improve	/ˈbɛtra/
9480	misstycker	to disapprove, to dislike, to object, to mind, to take…	/ˈmɪstykːɛr/
9481	verkstaden	a workshop	/ˈvɛrkstadɛn/
9482	senap	mustard	/ˈseːnap/
9483	filtar	felt	/ˈfɪltar/
9484	brottas	to wrestle	/ˈbrɔtːas/
9485	rund	round	/ˈrɵnd/
9486	hängande	to be suspended	/ˈhɛŋandɛ/
9487	funkat	to function, to work, to operate, to be in operation	/ˈfɵŋkat/
9488	skrivs	to write, to type, to copy; to put letters and digits on a…	/ˈskriːvs/
9489	synvinkel	a point of view, a perspective	/ˈsynvɪŋkɛl/
9490	genomgång	a walkthrough, a briefing, a summary	/ˈjeːnɔmˌɡɔŋ/
9491	bortförd	abduct	/bɔtˈføːrd/
9492	tvekade	to hesitate, to waver	/ˈtveːkadɛ/
9493	skyltar	a sign	/ˈsxyltar/
9494	livsformer	indefinite plural of livsform	/lɪvsˈfɔrmɛr/
9495	pärlor	pearl; a shelly concretion of certain bivalve mollusks	/ˈpɛrluːr/
9496	konkret	concrete; particular, perceivable, real	/ˈkɔŋkrɛt/
9497	adopterade	to adopt; to take by choice into relationship, as, child,…	/ˈɑːdɔpˌteːradɛ/
9498	mon	sandy soil	/ˈmuːn/
9499	avskedade	fired, kicked	/ˈɑːvsxɛˌdadɛ/
9500	högen	a pile, a heap	/ˈhøːɡɛn/
9501	generösa	generous	/jɛˈneːrøːˌsa/
9502	repar	to scratch; to make a visible scratch on	/ˈreːpar/
9503	dummare	stupid, dumb	/ˈdɵmmarɛ/
9504	uteslutet	indefinite neuter singular of utesluten	/ˈʉtɛˌslʉtɛt/
9505	paraden	a parade	/ˈpɑːradɛn/
9506	återlämna	to hand back, to return	/ˈoːtɛrˌlɛmna/
9507	monstren	a monster	/ˈmʊnstrɛn/
9508	konungen	king	/ˈkuːnɵŋɛn/
9509	fälten	a field, a area, an open space in a landscape	/ˈfɛltɛn/
9510	permission	leave, furlough	/ˌpɛrmɪsˈxuːn/
9511	söp	to drink hard liquor; to drink, to booze	/ˈsøːp/
9512	gavs	to give	/ˈɡɑːvs/
9513	polisbil	a police car, a patrol car	/pɔˈlɪsbiːl/
9514	motsvarar	to correspond, to meet	/ˈmuːtsvɑːˌrar/
9515	egendomen	property	/ˈeːjɛnˌduːmɛn/
9516	förmåner	a benefit	/ˈfœrmoːnɛr/
9517	boulevard	a boulevard street, especially in Paris	/ˈbuːʉlɛˌvɑːrd/
9518	lyx	luxury	/ˈlyːks/
9519	geniet	a genius	/jɛˈniːɛt/
9520	kriminellt	criminal	/ˈkriːmiːˌnɛlt/
9521	cape	cape	/ˈkɑːpɛ/
9522	systerson	sororal nephew	/sysˈtɛʂuːn/
9523	sammanhang	a context	/ˈsamanˌhaŋ/
9524	muslimer	a Muslim	/ˈmɵsliːmɛr/
9525	marinen	a navy	/mɑːˈriːnɛn/
9526	påfyllning	a refill	/ˈpoːfylˌnɪŋ/
9527	oljud	noise; loud and unpleasant sound	/ɔˈjʉd/
9528	omtanke	consideration, care	/ˈɔmtaŋkɛ/
9529	befogenhet	a legal right to do something; authority, power	/bɛˈfuːjeːnˌheːt/
9530	livstecken	sign of life	/ˈlɪvstɛkːɛn/
9531	nyår	New Year's; the time about New Year's Eve / New Year's Day	/ˈnyːoːr/
9532	zigenare	a Gypsy / gypsy	/ˈsiːjɛˌnarɛ/
9533	mordutredning	murder investigation	/ˈmuːrdʉˌtreːdnɪŋ/
9534	förlät	to forgive	/ˈfœrlɛːt/
9535	hades	To have; to possess, or to have as a property; to come into…	/ˈhadɛs/
9536	dejter	a date	/ˈdɛjtɛr/
9537	kraftfulla	powerful	/ˈkraftfɵˌla/
9538	ofarligt	not dangerous, safe	/uːˈfɑːrlɪkt/
9539	begåtts	to commit, to perpetrate	/bɛˈɡɔts/
9540	blogg	blog	/blɔɡː/
9541	fransmän	a Frenchman person of French birth or nationality	/ˈfransmɛːn/
9542	överför	to move from one point to another; to transfer, to…	/ˈøːvɛrˌføːr/
9543	missil	a missile	/ˈmɪsiːl/
9544	bearbeta	to work, process	/ˈbeːarˌbeːta/
9545	utbringa	to propose, to make, to raise	/ˈʉtbrɪˌŋa/
9546	ödslar	to waste	/ˈœdslar/
9547	våfflor	a waffle	/ˈvɔfluːr/
9548	båge	a bow	/²boːɡɛ/
9549	överkörd	"drive over" literally and not as a phrasal verb; see köra…	/ˌøːvɛrˈkœrd/
9550	muslim	a Muslim	/mɵsliːm/
9551	läkt	a lath	/ˈlɛkt/
9552	souvenir	souvenir	/ˈsuːʉvɛˌniːr/
9553	uppfattade	definite singular	/ˈɵpfaˌtːadɛ/
9554	arbetsplats	workplace	/²arbeːtsˌplats/
9555	hindrat	to prevent, restrain, hinder, impede, constrain	/ˈhɪndrat/
9556	tjafs	fuss, bickering, squabbling	/ˈɕafs/
9557	tävlande	competition	/ˈtɛvlandɛ/
9558	upptäcktes	to discover	/ˈɵptɛktɛs/
9559	slösade	to waste, to be wasteful	/ˈsløːsadɛ/
9560	täten	the front, the foremost part	/ˈtɛːtɛn/
9561	uppskattas	to appreciate	/ˈɵpskaˌtːas/
9562	frestande	tempting	/ˈfrɛstandɛ/
9563	lada	barn, an unheated building used for storage of hay and…	/ˈlɑːda/
9564	kreativa	creative	/ˈkreːaˌtiːva/
9565	ballonger	a balloon	/ˈbalɔŋɛr/
9566	sköldpadda	turtle	/ˈɧœldˌpada/
9567	tjallar	to inform on, to snitch; often to someone of authority,…	/ˈɕalar/
9568	giftigt	of a harmful chemical nature; poisonous, toxic	/ˈjɪftɪkt/
9569	gnutta	a little bit, a tad, a modicum	/ˈŋnɵtːa/
9570	undvek	to avoid	/ˈɵndveːk/
9571	diagnosen	a diagnosis	/ˈdiːaŋˌnuːsɛn/
9572	kallare	cold; having a low temperature	/ˈkalarɛ/
9573	psykiska	mental	/ˈpsyːkɪsˌka/
9574	snabbast	fast, quick	/ˈsnabast/
9575	glädja	to make happy, to gladden, to cheer	/ˈɡlɛdja/
9576	omvänd	reverse, inverse, inverted	/ˈɔmvɛnd/
9577	hjulen	a wheel; a circular device capable of rotating on its axis	/ˈjʉlɛn/
9578	patriot	a patriot	/ˈpatriːˌuːt/
9579	gräsmattan	a lawn	/ˈɡrɛsmaˌtːan/
9580	agerande	acting	/ˈaɡeːˌrandɛ/
9581	respekterad	to respect	/ˈrɛspɛkˌteːrad/
9582	heltid	full-time	/ˈhɛltiːd/
9583	förbjöd	to forbid, to prohibit, to ban	/ˈfœrbjøːd/
9584	rymd	a space, a volume	/rʏmd/
9585	ständig	constant, permanent without breaks	/ˈstɛndɪɡ/
9586	förmögen	wealthy	/ˈfœrmøːjɛn/
9587	lunginflammation	pneumonia	/ˌlɵŋɪnˌflamasˈxuːn/
9588	aggressiva	aggressive	/ˈaɡrɛˌsiːva/
9589	klon	clone	/kluːn/
9590	kompaniet	a company	/ˈkɔmpaˌniːɛt/
9591	trolla	to perform magic	/ˈtrɔlːˌa/
9592	yrar	rave	/ˈyːrar/
9593	bygg	to build; to construct	/ˈbyɡ/
9594	komplimanger	a compliment	/ˈkɔmpliːˌmaŋɛr/
9595	alliansen	alliance	/ˈaliːˌansɛn/
9596	laddning	charge	/ˈladnɪŋ/
9597	fientliga	hostile	/ˈfiːɛnˌtliːɡa/
9598	mötesplatsen	A meeting point; a venue or area at which people meet-up or…	/ˈmøːtɛsˌplatsɛn/
9599	svimma	to faint, to pass out	/ˈsvɪma/
9600	livlig	lively, energetic, brisk	/ˈlɪvlɪɡ/
9601	gästfrihet	hospitality, hospitableness	/jɛstfriːheːt/
9602	synhåll	viewing distance	/ˈsynhɔl/
9603	presskonferensen	a press conference	/ˌprɛskɔnfɛˈransɛn/
9604	däran	regarding its state or condition	/ˈdɛːran/
9605	utklädd	to dress up	/ˈɵtklɛd/
9606	löpa	to run along, stretch	/løːpa/
9607	allsmäktige	omnipotent, almighty, all-powerful	/ˈalsmɛkˌtiːjɛ/
9608	real	objective, real, pertaining to real and physical objects	/ˈreːal/
9609	makar	a spouse, a husband, a married man	/ˈmɑːkar/
9610	operan	an opera	/ˈuːpɛˌran/
9611	påverkad	under the influence, intoxicated	/ˈpoːvɛrˌkad/
9612	kärran	a cart	/ˈɕɛran/
9613	forna	belonging to the past	/ˈfuːrna/
9614	mods	courage	/ˈmɔds/
9615	hämnden	revenge, vengeance	/ˈhɛmndɛn/
9616	tidsmaskin	a time machine	/ˌtiːdsmasˈxiːn/
9617	levebröd	livelihood, day job, the source of income one lives from	/ˈlɛvɛˌbrøːd/
9618	avskuren	cut off	/ˈɑːvskʉrɛn/
9619	utsatta	exposed, vulnerable	/ˈʉtsaˌtːa/
9620	datorerna	a computer	/daˈtuːrɛrˌna/
9621	behållare	a container	/bɛˈhɔlarɛ/
9622	nyårsafton	New Year's Eve	/ˈnyːoːˌʂaftuːn/
9623	förnedrande	humiliate	/ˈfœrnɛˌdrandɛ/
9624	himlens	sky	/ˈhɪmlɛns/
9625	skjutas	to shoot a weapon, to fire a weapon	/ˈɕʉtas/
9626	fotografi	photography	/ˈfuːtɔˌɡrafiː/
9627	miljonär	millionaire	/ˈmɪljuːˌnɛːr/
9628	tänkas	to think in one's head	/ˈtɛŋkas/
9629	skarpt	sharp; able to cut easily	/ˈskarpt/
9630	sektorn	a sector	/sɛkˈtuːrn/
9631	nita	To rivet	/ˈniːta/
9632	audition	audition	/ˌɔdiːsˈxuːn/
9633	moralisk	moral	/ˈmuːraˌlɪsk/
9634	gripna	definite singular	/ˈɡriːpna/
9635	tröttnade	to get tired	/ˈtrœtnadɛ/
9636	komplikationer	complexity, problem	/ˌkɔmplɪkasˈxuːnɛr/
9637	samtycke	consent	/ˈsamtykːɛ/
9638	knäpper	to button, to button up	/ˈknɛpɛr/
9639	krigsrätt	laws of war	/ˈkrɪɡsrɛt/
9640	duvor	dove, pigeon	/ˈdʉvuːr/
9641	lågor	a flame, a blaze, a flare	/ˈloːɡʊr/
9642	skottlossningen	shooting	/ˈskɔtlɔsˌnɪŋɛn/
9643	box	a box, crate; a cuboid container	/ˈbɔks/
9644	kapitulera	to capitulate	/ˈkapiːˌtʉleːˌra/
9645	fräsch	fresh	/ˈfrɛʃ/
9646	vinkar	a wave	/ˈvɪŋkar/
9647	auktionen	auction	/ɔksˈxuːnɛn/
9648	förtrollningen	enchantment	/ˈfœtrɔlˌnɪŋɛn/
9649	snuskig	offensively foul; gross	/ˈsnɵskɪɡ/
9650	smärtar	to hurt, to pain	/ˈsmɛtar/
9651	inger	to inspire a certain feeling, thought or similar	/²ɪnˌjeːr/
9652	artigt	politely, courteously, well-behaved, gently	/aˈtɪkt/
9653	from	religious in a quiet and serious way, pious	/frʊm/
9654	trovärdig	credible, trustworthy	/ˈtruːvɛːrˌdɪɡ/
9655	gemenskap	a fellowship, a community	/ˈjeːmɛnsˌkɑːp/
9656	placerat	to put, to set	/ˈplɑːseːˌrat/
9657	ringarna	ring; a circular piece of material	/ˈrɪŋarˌna/
9658	mobiltelefoner	a cell phone, a mobile phone	/ˌmɔbiːlˌtɛlɛˈfoːnɛr/
9659	återförenas	to reunite	/ˈoːtɛrˌføːrɛˌnas/
9660	galleriet	gallery	/ˈɡalɛˌriːɛt/
9661	lappar	a patch, a piece of any flexible material, used to cover a…	/ˈlapar/
9662	utbildningen	education	/ˈʉtbɪldˌnɪŋɛn/
9663	förlåtit	to forgive	/ˈfœrloːˌtiːt/
9664	korsade	definite singular	/ˈkɔʂadɛ/
9665	intyga	to attest, to certify, to confirm	/ɪnˈtyːɡa/
9666	kuppen	a coup, a revolt	/ˈkɵpɛn/
9667	tryggare	safe, secure	/ˈtryɡarɛ/
9668	intendent	superintendent, curator, administrator	/ˈɪntɛnˌdɛnt/
9669	pärla	pearl; a shelly concretion of certain bivalve mollusks	/ˈpɛrla/
9670	tvilling	twin	/ˈtvɪlɪŋ/
9671	pm	memo	/ˌpeːˈɛm/
9672	gamlingar	an old person	/ˈɡamlɪˌŋar/
9673	spräng	to blow up, to blast explode	/ˈsprɛŋ/
9674	torpeder	torpedo; an underwater weapon	/ˈtuːrpɛdɛr/
9675	kidnappningen	kidnapping	/ˈɕɪdnapˌnɪŋɛn/
9676	slangen	hose, tube, flexible pipe	/ˈslaŋɛn/
9677	giriga	greedy	/ˈjiːriːˌɡa/
9678	il	a gust; a strong, abrupt rush of wind	/iːl/
9679	hederligt	honestly, honorably	/ˈheːdɛrˌlɪkt/
9680	rusade	to rush, hurry	/ˈrʉsadɛ/
9681	förrädaren	a traitor	/ˈfœrɛːˌdarɛn/
9682	forma	to shape, give form	/ˈfɔrma/
9683	födelsedagsfest	a birthday party	/ˈføːdɛlsɛˌdɑːɡsfɛst/
9684	skärpt	intelligent, focused, sharp	/ˈsxɛrpt/
9685	kejsarens	emperor	/ˈɕɛjsarɛns/
9686	rådde	to advise	/ˈrɔdɛ/
9687	bristen	lack	/ˈbrɪstɛn/
9688	attraherad	attracted	/ˈatrahɛˌrad/
9689	uppfyller	fulfill; to fill up	/ˈɵpfylɛr/
9690	grottorna	a cave	/ˈɡrɔtːuːrˌna/
9691	anteckna	to note, to write down	/ˈantɛkˌna/
9692	omvända	to convert	/ˈɔmvɛnˌda/
9693	tragedin	tragedy	/ˌtrɑːɡɛˈdiːn/
9694	trovärdighet	credibility, trustworthiness	/ˈtruːvɛːrˌdɪɡheːt/
9695	siffran	a single digit	/ˈsɪfran/
9696	indikerar	to indicate	/ˈɪndiːkɛˌrar/
9697	steroider	a steroid	/ˈsteːruːˌiːdɛr/
9698	säkerhetstjänsten	a secret service	/ˈsɛːkɛrˌheːtsxɛnstɛn/
9699	avlidne	deceased, dead	/ˈavlɪdnɛ/
9700	avsnittet	paragraph; piece of text	/ˈɑːvsnɪtɛt/
9701	antika	antique; old; out-of-date, but possibly of great value to…	/ˈantiːka/
9702	finansiera	to finance	/ˈfiːnanˌsiːɛˌra/
9703	europeiska	a European woman	/ˈeːʉˌruːpɛˌɪska/
9704	utsatts	to expose	/ˈʉtsats/
9705	gran	spruce	/ɡrɑːn/
9706	shots	shot; measure of alcohol	/ˈsxɔts/
9707	parad	paired	/ˈpɑːrad/
9708	svärson	a son-in-law; a husband of someone's child	/ˈsvɛʂuːn/
9709	förhandlingar	a negotiation	/ˈfœrhanˌdlɪŋar/
9710	tillåtna	allowed	/ˈtɪloːtˌna/
9711	ögonkontakt	eye contact	/ˈøːɡɔŋˌkɔntakt/
9712	list	smartness, trick, cunning	/ˈlɪst/
9713	passionerad	passionate	/pasˈxuːneːˌrad/
9714	kant	an edge; border; rim	/ˈkant/
9715	kam	a comb for grooming hair	/kam/
9716	förser	to provide, to equip, to supply	/ˈfœʂɛr/
9717	dödsorsak	a cause of death	/ˈdœdsɔˌʂak/
9718	brytning	a break, a breaking, a rupture	/²bryːtˌnɪŋ/
9719	instängda	confined in a space; confined, trapped, shut in, shut up,…	/ˈɪnstɛŋˌda/
9720	förutsatt	to presume	/ˈføːrʉtˌsat/
9721	utesluter	to expel or exclude	/ˈʉtɛˌslʉtɛr/
9722	uppståndelse	resurrection	/ˈɵpstoːndɛlsɛ/
9723	brytas	to break; to end abruptly	/ˈbryːtas/
9724	bägaren	a cup, a beaker, a goblet	/ˈbɛːɡarɛn/
9725	korridor	corridor; a narrow hall or passage with rooms leading off it	/ˈkɔriːˌduːr/
9726	kineser	a Chinese person	/ˈɕiːnɛsɛr/
9727	marscherar	to march	/ˈmaʂʃɛˌrar/
9728	såldes	to sell	/ˈsoːldɛs/
9729	infekterad	to infect	/ɪnˈfɛkteːˌrad/
9730	siktet	sight	/ˈsɪktɛt/
9731	slödder	riffraff	/ˈslœdɛr/
9732	stationer	A facility used for broadcasting of transmissions	/stasˈxuːnɛr/
9733	datan	information, especially encoded information that can be…	/ˈdɑːtan/
9734	meningslösa	meaningless	/ˈmeː.nɪŋs.løːˌsa/
9735	motgift	antidote	/muːt.jift/
9736	interna	internal	/ˈɪntɛrˌna/
9737	nitton	nineteen	/ˈnɪˌtɔn/
9738	masker	a worm	/ˈmaskɛr/
9739	betong	concrete	/bɛˈtɔŋ/
9740	isolerade	definite singular	/ˈiːsuːˌleːradɛ/
9741	bankkonto	bank account	/ˈbaŋkkɔnˌtuː/
9742	initiativ	initiative	/ˈiːniːˌtiːaˌtiːv/
9743	kapitlet	a chapter	/ˈkapɪtlɛt/
9744	viker	to fold	/ˈviːkɛr/
9745	dropp	drip	/ˈdrɔp/
9746	fokuserade	to focus	/ˈfuːkʉˌseːradɛ/
9747	drogad	drugged	/ˈdruːɡad/
9748	uppge	to give as a fact; to state	/ˈɵpjeː/
9749	mässan	a mass	/ˈmɛsan/
9750	mjöl	flour; ground or milled grain or cereal, in particular of…	/ˈmjøːl/
9751	felaktig	wrong, incorrect, faulty, erroneous	/ˈfeːlakˌtɪɡ/
9752	destination	a destination	/ˌdɛstiːnasˈxuːn/
9753	lägligt	timely, well-timed, fitting, suitable; happening at the…	/ˈlɛɡlɪkt/
9754	tecknen	A visible indication; a sign	/ˈtɛknɛn/
9755	ansiktsuttryck	expression	/ˈansɪktˌsɵtryk/
9756	auktion	auction	/ɔksˈxuːn/
9757	medaljer	a medal	/ˈmeːdaljɛr/
9758	förtvivlad	very upset and feeling powerless; despairing, desperate,…	/ˈfœtvɪˌvlad/
9759	sysslor	something one does; an occupation, a chore, a task, etc	/syˈsluːr/
9760	kommunikationen	communication	/ˌkɔmɵˌnɪkasˈxuːnɛn/
9761	äpplet	an apple	/ˈɛplɛt/
9762	kapital	grave, utter, all-encompassing; which does not contain a…	/ˌkapiːˈtɑːl/
9763	sättas	to sit; to move oneself into a sitting position	/ˈsɛtːas/
9764	pappsen	the dad, one's dad, daddy	/ˈpapsɛn/
9765	flykten	escape, flight	/ˈflyktɛn/
9766	glöd	glow	/ˈɡløːd/
9767	blött	wet, soaked	/ˈblœt/
9768	intima	intimate	/ˈɪntiːˌma/
9769	lördags	Saturday	/ˈlœrdɑːɡs/
9770	märkena	a mark	/ˈmɛrkɛˌna/
9771	inge	to inspire a certain feeling, thought or similar	/ˈɪŋɛ/
9772	vetenskaplig	scientific	/ˈveːtɛnsˌkɑːplɪɡ/
9773	uppnått	to reach	/ˈɵpnɔt/
9774	räven	fox	/ˈrɛːvɛn/
9775	skör	brittle, fragile	/ˈsxøːr/
9776	kupp	a coup, a revolt	/ˈkɵp/
9777	genomgå	go through, undergo, suffer, experience	/ˈjeːnɔmˌɡoː/
9778	klarhet	clarity	/²klɑːrˌheːt/
9779	höjder	height, altitude, elevation	/ˈhœjdɛr/
9780	grunder	ground, land	/ˈɡrɵndɛr/
9781	hypotetiskt	hypothetical	/ˈhyːpuːtɛˌtɪskt/
9782	skyllde	to blame	/ˈsxyldɛ/
9783	stövlarna	a high boot	/ˈstœvlarˌna/
9784	gardiner	a curtain	/ɡarˈdiːnɛr/
9785	samlare	a collector	/ˈsamlarɛ/
9786	mutade	to bribe	/ˈmʉtadɛ/
9787	framträdande	apparent	/ˈframtrɛːˌdandɛ/
9788	chansning	long shot, shot	/ˈʃansnɪŋ/
9789	irländsk	Irish	/ˈɪrlɛndsk/
9790	sötaste	sweet	/ˈsøːtastɛ/
9791	infekterat	to infect	/ɪnˈfɛkteːˌrat/
9792	surfa	to surf	/ˈsɵrfa/
9793	infiltrera	to infiltrate	/ɪnˈfɪltreːˌra/
9794	bringa	a breast, a chest; chiefly if wide	/ˈbrɪŋa/
9795	pest	A plague	/ˈpɛst/
9796	delfiner	dolphin	/dɛlˈfiːnɛr/
9797	maskerad	a costume party or masquerade	/maskɛˈrɑːd/
9798	uttryckt	expressed, uttered	/ˈɵtrykt/
9799	horisonten	horizon	/ˈhuːriːˌsɔntɛn/
9800	ryckte	to yank, to jerk, to pull quickly	/²rʏktɛ/
9801	portar	a door leading into a larger building, like for example an…	/ˈpuːtar/
9802	surt	sour	/ˈsɵt/
9803	stärka	to strengthen	/ˈstɛːrka/
9804	fyrverkerier	fireworks	/ˈfyrvɛrkɛˌriːɛr/
9805	prövat	to test, to try	/ˈprøːvat/
9806	gigantisk	gigantic	/ˈjiːɡanˌtɪsk/
9807	driv	to drive	/ˈdriːv/
9808	bränslet	fuel	/ˈbrɛnslɛt/
9809	utomjordisk	extraterrestrial	/ˈʉtɔˌmjuːrdɪsk/
9810	filmat	to film; to record a motion picture	/ˈfɪlmat/
9811	donera	to donate	/ˈdɔneːˌra/
9812	protein	protein	/ˌpruːtɛˈiːn/
9813	runkar	to jerk off, to wank	/ˈrɵŋkar/
9814	syndrom	syndrome	/ˈsyndrɔm/
9815	inåt	inwards, towards the inside	/ˈiːnoːt/
9816	gränd	an alley, a narrow street	/ˈɡrɛnd/
9817	osäkert	unsafe, insecure	/ˈuːsɛːˌkɛt/
9818	diamanten	diamond	/ˈdiːaˌmantɛn/
9819	njurar	kidney	/ˈnjʉrar/
9820	mänsklighet	humanity, mankind	/ˈmɛnsklɪɡˌheːt/
9821	bion	cinema, movie theater, the movies	/ˈbiːuːn/
9822	klassrummet	classroom	/ˈklasrɵmɛt/
9823	frigöra	to liberate, to free	/ˈfriːjøːˌra/
9824	maskerade	to mask disguise	/ˈmaskeːˌradɛ/
9825	noterat	to note; to notice	/ˈnuːteːˌrat/
9826	osten	cheese	/ˈɔstɛn/
9827	kristallen	crystal	/ˈkriːstalɛn/
9828	balett	ballet	/ˈbalɛt/
9829	raseri	rage, fury	/ˈrɑːsɛˌriː/
9830	armbandet	bracelet	/ˈarmbandɛt/
9831	mysterier	a mystery	/ˈmystɛˌriːɛr/
9832	hemåt	home, homebound	/ˈhɛmoːt/
9833	äro	to occupy a place, to be	/ˈɛːruː/
9834	galne	crazy, mad, insane	/ˈɡalnɛ/
9835	kommunister	a communist	/kɔˈmʉnɪstɛr/
9836	nice	alternative form of najs	/ˈniːsɛ/
9837	berömmelse	fame	/bɛˈrœmɛlsɛ/
9838	valv	a vault	/ˈvalv/
9839	turist	a tourist	/ˈtʉrɪst/
9840	säljas	to sell	/ˈsɛljas/
9841	bankerna	a bank	/ˈbaŋkɛrˌna/
9842	tjockt	thick	/ˈɕɔkt/
9843	kinamat	Chinese food	/ˈɕiːnaˌmat/
9844	uppdatering	update	/ˈɵpdaˌteːrɪŋ/
9845	listade	to add items to a list; to compile a list	/ˈlɪstadɛ/
9846	kafé	a café, a coffee shop	/kaˈfeː/
9847	överraskningen	a surprise	/ˈøːvɛˌrasknɪŋɛn/
9848	besparingar	saving; reduction in cost	/bɛsˈpɑːrɪˌŋar/
9849	bortse	to disregard, to neglect; not to include something in one's…	/ˈbɔtsɛ/
9850	rytm	rhythm	/ˈrytm/
9851	själviskt	selfish	/ˈsxɛlvɪskt/
9852	buddha	buddha	/ˈbɵdha/
9853	höna	hen; in particular a female chicken	/²høːna/
9854	installera	to install; to prepare something for use	/ˈɪnstaˌleːra/
9855	försörjer	to support, to provide for	/ˈfœˈʂœrjɛr/
9856	sökare	seeker	/ˈsøːkarɛ/
9857	pålitliga	trustworthy, reliable trust	/ˈpoːlɪˌtliːɡa/
9858	vändning	turn, pivot	/ˈvɛndnɪŋ/
9859	gummi	rubber	/ˈɡɵmiː/
9860	mötena	a meeting	/ˈmøːtɛˌna/
9861	bakat	baked	/ˈbɑːkat/
9862	tiders	time	/ˈtiːdɛʂ/
9863	spridit	to distribute, to spread, to disseminate	/ˈspriːdiːt/
9864	stum	mute	/stɵm/
9865	uppsatt	put up	/ˈɵpsat/
9866	blodigt	bloody	/ˈbluːdɪkt/
9867	släckt	turned off	/ˈslɛkt/
9868	träda	fallow	/ˈtrɛːda/
9869	gryning	dawn morning twilight	/ˈɡryːˌnɪŋ/
9870	vävnad	a tissue	/ˈvɛvnad/
9871	sprutor	something that emits a jet of liquid; a sprayer, a squirt	/ˈsprʉtɔr/
9872	klagat	to complain	/ˈklɑːɡat/
9873	krånglar	to malfunction, to cause trouble; to act up	/ˈkrɔŋlar/
9874	avled	to die	/²ɑːvˌleːd/
9875	pudding	A cake or dessert prepared by boiling or steaming	/ˈpɵdɪŋ/
9876	massiv	massive	/ˈmasiːv/
9877	oväntad	unexpected	/ˈuːvɛnˌtad/
9878	däribland	among them	/ˈdɛːrɪˌbland/
9879	vägde	weigh	/ˈvɛɡdɛ/
9880	stadium	a stage, a phase	/ˈstɑːdiːˌʉm/
9881	brotten	a break, a snap; an instance of something breaking	/ˈbrɔtːɛn/
9882	lastar	to load; to put a load on something; to fill with cargo	/ˈlastar/
9883	image	image	/ˈɪmɪdʒ/
9884	ve	woe!	/veː/
9885	köparen	buyer	/ˈɕøːparɛn/
9886	knut	a knot	/ˈknʉːt/
9887	kräks	someone despicable, scum	/ˈkrɛːks/
9888	sponsor	a sponsor	/ˈspʊnsɔr/
9889	dokumentet	a document	/ˈdɔkʉˌmɛntɛt/
9890	efterforskningar	investigation, research, inquiry	/ˈɛftɛrˌfɔʂknɪˌŋar/
9891	ögonbryn	eyebrow	/ˈøːɡɔnˌbryːn/
9892	beräkningar	calculation	/bɛˈrɛːknɪˌŋar/
9893	begåvade	talented, gifted	/bɛˈɡoːvadɛ/
9894	yoghurt	yogurt	/ˈyːɔɡˌhɵt/
9895	upproret	a rebellion	/ˈɵpruːrɛt/
9896	fikus	ficus	/ˈfiːkʉs/
9897	reaktorn	reactor	/ˈreːakˌtuːrn/
9898	darrar	to shiver, to tremble	/ˈdarar/
9899	alexis	alexia	/ˈɑːlɛkˌsiːs/
9900	fjärrkontrollen	a remote control, a remote	/ˈfjɛrkɔnˌtrɔlɛn/
9901	koncentration	concentration	/ˌkɔnsɛntrɑːsˈxuːn/
9902	missbruk	harmful or improper usage; abuse, misuse	/ˈmɪsbrʉk/
9903	attackerna	attack; an attempt to cause damage	/ˈatːaˌkːɛrna/
9904	allmänhet	public	/ˈalːmɛnˌheːt/
9905	vampyrerna	a vampire	/ˈvampyːˌrɛrna/
9906	fransman	a Frenchman person of French birth or nationality	/ˈfransman/
9907	uti	synonym of i	/ˈʉtiː/
9908	britt	a Brit	/ˈbrɪt/
9909	container	a container	/kɔnˈtɛjnɛr/
9910	visum	visa	/ˈviːsʉm/
9911	djävlar	indefinite plural of djävul /djävel	/ˈdjɛvlar/
9912	privilegium	privilege	/ˈpriːviːlɛˌjiːʉm/
9913	pricken	a dot	/ˈprɪkːɛn/
9914	frön	a seed	/ˈfrøːn/
9915	cowboys	a cowboy	/ˈkɔvbuːˌyːs/
9916	undersökningar	an investigation, an examination, a survey	/ˌɵndɛˈʂœknɪˌŋar/
9917	föreställt	to present, to show, to depict	/ˈføːrɛsˌtɛlt/
9918	skingra	to disperse, to scatter	/ˈsxɪŋra/
9919	oväder	bad weather, usually with heavy precipitation and strong…	/ˈuːvɛːdɛr/
9920	fegisar	coward, a person who lacks courage	/ˈfeːjiːˌsar/
9921	broar	a bridge	/ˈbruːar/
9922	trampade	to step, to tramp	/ˈtrampadɛ/
9923	filten	felt	/ˈfɪltɛn/
9924	förfalskade	forge, counterfeit, falsify	/ˈfœrfalsˌkɑːdɛ/
9925	klappar	a Christmas present	/ˈklapar/
9926	attackerades	to attack	/ˈatːakːɛˌradɛs/
9927	ologiskt	illogical	/uːˈloːɡɪskt/
9928	avtalat	agreed, contracted	/ˈɑːvtɑːˌlat/
9929	meningar	a purpose, a point	/ˈmeːnɪˌŋar/
9930	hr	human resources, HR	/ˌhoːˈɛr/
9931	praktik	practice, actual operation	/ˈpraktiːk/
9932	genier	a genius	/jɛˈniːɛr/
9933	verkställ	execute, effect, enforce, carry out	/ˈvɛrkstɛl/
9934	beskrivningen	description	/bɛsˈkriːvnɪŋɛn/
9935	bortskämd	spoiled	/ˈbɔtsxɛmd/
9936	tåla	to be able to tolerate, to stand, to bear, to endure	/²toːla/
9937	månadens	a month	/ˈmoːnadɛns/
9938	leendet	a smile	/ˈleːɛndɛt/
9939	oense	synonym of oenig	/ˈuːɛnsɛ/
9940	utrym	to evacuate, to empty, to flee	/ˈʉtryːm/
9941	pennor	a contour feather, a penna	/ˈpɛnɔr/
9942	fördomar	prejudice	/ˈføːrduːˌmar/
9943	lyste	to shine, shed light, beam	/ˈlyːstɛ/
9944	furir	non-commissioned officer rank above corporal but below…	/ˈfʉriːr/
9945	predikan	a sermon	/ˈpreːdiːˌkan/
9946	slutliga	final	/ˈslʉtliːˌɡa/
9947	konversationen	conversation	/ˌkɔnvɛʂasˈxuːnɛn/
9948	avfyrar	to fire	/ˈavfyːˌrar/
9949	överlämnade	to hand over, to deliver	/ˈøːvɛrˌlɛmnadɛ/
9950	utvärdering	an evaluation	/ˈʉtvɛːrˌdeːrɪŋ/
9951	rikedomar	wealth, riches	/ˈriːkɛˌduːmar/
9952	ingrepp	intervention	/ˈɪŋrɛp/
9953	sydde	to sew	/ˈsydɛ/
9954	forskarna	a researcher	/ˈfɔʂkarˌna/
9955	välkomnande	a welcome; the act of greeting someone's arrival	/ˈvɛːlkɔmˌnandɛ/
9956	mums	yum, yummy	/mɵmːs/
9957	olyckligtvis	unfortunately	/ˈuːlyˌklɪktviːs/
9958	fotbollen	soccer, football; a team sport	/ˈfuːtbɔlɛn/
9959	brottsligt	criminal	/ˈbrɔtslɪkt/
9960	löss	louse	/ˈlœs/
9961	reportern	reporter	/ˈreːpuːˌtɛrn/
9962	människas	a human, a human being	/ˈmɛnɪsˌxas/
9963	bunt	a bundle, a bunch	/bɵnt/
9964	marinsoldater	a marine	/ˈmɑːrɪnˌsɔldatɛr/
9965	ljusare	light, bright	/ˈjʉsarɛ/
9966	mäktigare	powerful	/ˈmɛktiːˌɡarɛ/
9967	undertecknat	to undersign, to underwrite	/ˈɵndɛˌtɛknat/
9968	upprörande	upset	/ˈɵprøːˌrandɛ/
9969	containern	a container	/ˌkɔntaˈiːnɛrn/
9970	utantill	by heart, by rote	/ˈʉtanˌtɪl/
9971	raderar	to delete, to erase	/raˈdeːrar/
9972	kapade	to hijack; to seize control over something	/ˈkapadɛ/
9973	pung	a pouch, a purse	/ˈpɵŋ/
9974	jätteglad	very happy	/ˈjɛtːɛˌɡlɑːd/
9975	fiske	fishing; catching fish either for sport or for a living	/²fɪskɛ/
9976	rått	brutally, crudely; in a brutal or crude manner	/ˈrɔt/
9977	vafan	what the hell, what the fuck	/väˈfäːn/
9978	kollapsar	to collapse	/ˈkɔlapˌsar/
9979	syndabock	a scapegoat	/ˈsyndaˌbɔk/
9980	hånar	to mock, deride, make fun of	/ˈhoːnar/
9981	framgångar	progress; a success	/ˈframɡɔˌŋar/
9982	trädgårdsmästare	a gardener	/ˈtrɛːdɡoːrdsˌmɛstarɛ/
9983	inbjudna	invited	/ˈɪnbjɵdˌna/
9984	tejp	tape, sticky tape	/ˈtɛjp/
9985	parlamentet	parliament	/ˈparlaˌmɛntɛt/
9986	förkylning	cold	/fœrˈkylnɪŋ/
9987	hissa	to hoist	/ˈhɪsa/
9988	klädsel	a set of clothes; dress, attire, clothing, etc	/ˈklɛdsɛl/
9989	slampan	a slut	/ˈslampan/
9990	försvarsdepartementet	a ministry of defence	/ˈfœʂvɑːʂdɛpatɛˌmɛntɛt/
9991	fångas	to catch	/ˈfɔŋas/
9992	måltavlan	a target	/ˈmoːltaˌvlan/
9993	utlöste	to trigger, to set off	/ˈʉtløːsˌtɛ/
9994	serier	a sequence of things or events	/ˈseːriːɛr/
9995	kontrolleras	to check	/ˈkɔntrɔˌleːras/
9996	sägas	to say	/ˈsɛjas/
9997	turnén	a tour	/tɵrˈneːn/
9998	uppfyllelse	fulfilment	/ˈɵpfyˌlɛlsɛ/
9999	evigheten	eternity; all senses of the word	/ˈeːvɪɡˌheːtɛn/
10000	hatat	to hate	/ˈhɑːtat/
