rank	word	english	ipa
1	я	I	[ja]
2	не	not	[nɛ]
3	в	in, at	[ʋ]
4	що	that	/t͡ʃ.tʷɔ/
5	на	onto	[na]
6	це	this, it	[t͡sɛ]
7	ти	you; thou	[tɪ]
8	так	so, thus	[tak]
9	у	in, at	
10	і	and, also, even	[i]
11	з	from	
12	а	and, and yet, but	[a]
13	ми	we	[mɪ]
14	все	all, everything	[ʍsɛ]
15	тебе	you; thou	[teˈbɛ]
16	він	he	/yn/
17	як	how	[jak]
18	за	indicating period or circumstance in which something…	[za]
19	ви	you	[ʋɪ]
20	до	to, toward	[dɔ]
21	мене	I	[meˈnɛ]
22	мені	I	[meˈnʲi]
23	ні	no	[nʲi]
24	але	but	[ɐˈɫɛ]
25	да	Used as an emphasiser, usually at the start of a sentence…	[da]
26	просто	just, simply, merely	[ˈprɔstɔ]
27	тут	here	[tut]
28	для	for	[dʲlʲa]
29	його	his	[jɔˈɦɔ]
30	о	at	[ɔ]
31	но	but, yet	
32	то	that	[ˈtɔ]
33	ну	so, therefore	[nu]
34	знаю	first-person singular present indicative of зна́ти impf	[ˈznajʊ]
35	про	about, concerning	[prɔ]
36	нас	we	[nas]
37	вас	you	[ʋas]
38	вони	they	[wɔˈnɪ]
39	вона	she	[wɔˈna]
40	тобі	you; thou	[toˈbʲi]
41	ж	stresses the topic; is, really, right, isn't it, etc	[ʒɛ]
42	его	ego	[ˈɛɦɔ]
43	там	there	[tam]
44	якщо	if, in case introduces a real condition; for unreal…	[jɐkʃˈt͡ʃɔ]
45	ще	yet, more	[ʃt͡ʃɛ]
46	та	and, also, even	[ta]
47	добре	well	[ˈdɔbre]
48	щоб	so that, in order that; in order to	[ʃt͡ʃɔb]
49	є	there is, there are	[jɛ]
50	вам	you	[ʋam]
51	по	in the direction of	[pɔ]
52	нам	we	[nam]
53	хочу	first-person singular present imperfective of хоті́ти	[ˈxɔt͡ʃʊ]
54	коли	when	[kɔˈɫɪ]
55	б	alternative form of би following a vowel	[b]
56	вже	alternative form of уже́: already	[wʒɛ]
57	було	to be	[bʊˈɫɔ]
58	її	her, its	[jiˈji]
59	був	masculine singular past indicative imperfective of бу́ти	[buu̯]
60	може	third-person singular present indicative imperfective of…	[ˈmɔʒe]
61	чи	interrogative particle: introduces a question	[t͡ʃɪ]
62	дуже	very, much, very much	[ˈduʒe]
63	від	from	[ʋʲid]
64	чому	why	[t͡ʃoˈmu]
65	буде	third-person singular future indicative imperfective of…	[ˈbude]
66	хто	who	[xtɔ]
67	давай	come on!	[dɐˈʋai̯]
68	тому	therefore, because of that, consequently	[toˈmu]
69	де	where	[dɛ]
70	треба	rite, ceremony	[ˈtrɛbɐ]
71	от	there, here, now. Used demonstratively to point to…	[ɔt]
72	думаю	first-person singular present indicative imperfective of…	[ˈdumɐjʊ]
73	к	to, toward	[k]
74	того	that	[tɔˈɦɔ]
75	їх	genitive/accusative of вони́	[jix]
76	щось	something	[ʃt͡ʃɔsʲ]
77	гаразд	well, fine, appropriately, properly	[ɦɐˈrazd]
78	цього	this	[t͡sʲɔˈɦɔ]
79	зараз	now	[ˈzarɐz]
80	нічого	nothing	[nʲiˈt͡ʃɔɦɔ]
81	моя	my, mine	[mɔˈja]
82	тільки	only, but	[ˈtʲilʲke]
83	те	that	[tɛ]
84	бути	to be	/ˈbutɪ/
85	один	one	[ɔˈdɪn]
86	уже	already	[ʊˈʒɛ]
87	й	and	[j]
88	можу	first-person singular present imperfective of могти́	[ˈmɔʒʊ]
89	тепер	now	[teˈpɛr]
90	мій	my, mine	[mʲii̯]
91	ось	here, this, there, that	[ɔsʲ]
92	дякую	thank you	[ˈdʲakʊjʊ]
93	раз	once, one day, once upon a time	[raz]
94	знаєш	second-person singular present of зна́ти impf	[ˈznajeʃ]
95	через	across, over	[ˈt͡ʃɛrez]
96	всі	all, every	[ʍsʲi]
97	бо	because, for, since, as	[bɔ]
98	правда	truth	[ˈprau̯dɐ]
99	без	without	[bɛz]
100	себе	myself	[seˈbɛ]
101	більше	more	[ˈbʲilʲʃe]
102	тоді	then, at that time	[toˈdʲi]
103	час	time	[t͡ʃas]
104	день	day	[dɛnʲ]
105	можна	one can, one may	[ˈmɔʒnɐ]
106	була	to be	[bʊˈɫa]
107	боже	god	[ˈbɔʒe]
108	будь	second-person singular imperative imperfective of бу́ти	[budʲ]
109	йому	he	[joˈmu]
110	лише	only, merely, just	[ɫeˈʃɛ]
111	ним	he	[nɪm]
112	привіт	greeting	[preˈʋʲit]
113	них	genitive/accusative/locative of вони́	[nɪx]
114	навіть	even	[ˈnaʋʲitʲ]
115	ніколи	never	[nʲiˈkɔɫe]
116	буду	first-person singular future indicative imperfective of…	[ˈbudʊ]
117	би	would, expresses an unreal/hypothetical statement	[bɪ]
118	зі	alternative form of з	[zʲi]
119	немає	alternative form of нема́: there is no, there are no	[neˈmaje]
120	хочеш	second-person singular present imperfective of хоті́ти	[ˈxɔt͡ʃeʃ]
121	нього	he	[ˈnʲɔɦɔ]
122	цей	this	[t͡sɛi̯]
123	чого	that, which	[t͡ʃɔˈɦɔ]
124	життя	life	[ʒeˈtʲːa]
125	теж	also, too, as well, likewise	[tɛʒ]
126	люди	people, humans	[ˈlʲude]
127	твоя	your, yours, thy, thine	[twɔˈja]
128	потому	later	[pɔˈtɔmʊ]
129	сказав	masculine singular past perfective of сказа́ти	[skɐˈzau̯]
130	людей	genitive/accusative of лю́ди	[lʲʊˈdɛi̯]
131	або	or	[ɐˈbɔ]
132	свою	one's, my, his, her, its, our, your, their	[swɔˈju]
133	який	what, which, what kind of	[jɐˈkɪi̯]
134	сюди	here, hither	[sʲʊˈdɪ]
135	таке	nominative/accusative neuter singular of таки́й	[tɐˈkɛ]
136	із	alternative form of з	[iz]
137	об	at	[ɔb]
138	тобою	you; thou	[tɔˈbɔjʊ]
139	були	to be	[bʊˈɫɪ]
140	два	two	[ˈdʋa]
141	краще	comparative degree of до́бре, га́рно, and хо́роше: better	[ˈkraʃt͡ʃe]
142	ему	emu	[ˈɛmʊ]
143	завжди	always	[ˈzau̯ʒde]
144	багато	much, a lot	[bɐˈɦatɔ]
145	сьогодні	today	[sʲɔˈɦɔdʲnʲi]
146	точно	exactly, precisely, accurately	[ˈtɔt͡ʃnɔ]
147	ласка	weasel	[ˈɫaskɐ]
148	той	that	[tɔi̯]
149	надо	alternative form of на́ді	[ˈnadɔ]
150	сам	self, -self	[sam]
151	мною	I	[ˈmnɔjʊ]
152	має	third-person singular present imperfective of ма́ти	[ˈmaje]
153	прошу	please	
154	маю	first-person singular present imperfective of ма́ти	[ˈmajʊ]
155	мама	mama, mummy, mom, ma	[ˈmamɐ]
156	ли	interrogative particle	[ɫɪ]
157	зробити	to do, to make	[zrɔˈbɪte]
158	сказати	to say, to tell	[skɐˈzate]
159	сказала	feminine singular past perfective of сказа́ти	[skɐˈzaɫɐ]
160	назад	back, backward, backwards	[nɐˈzad]
161	які	nominative/vocative plural	[jɐˈkʲi]
162	можеш	second-person singular present imperfective of могти́	[ˈmɔʒeʃ]
163	трохи	a little	[ˈtrɔxe]
164	потрібно	used to express necessity: must, has to, necessary +…	[poˈtʲrʲibnɔ]
165	ці	this	[t͡sʲi]
166	саме	just	[ˈsame]
167	хотів	masculine singular past indicative imperfective of хоті́ти	[xoˈtʲiu̯]
168	під	under	[pʲid]
169	три	three	[trɪ]
170	можете	second-person plural present imperfective of могти́	[ˈmɔʒete]
171	років	year	[ˈrɔkʲiu̯]
172	собі	myself	[soˈbʲi]
173	скажи	second-person singular imperative perfective of сказа́ти	[skɐˈʒɪ]
174	пане	lord, master, mister, sir	[ˈpane]
175	робити	to do, to make	[rɔˈbɪte]
176	знову	again	[ˈznɔwʊ]
177	твій	your, yours, thy, thine	[tʲʋʲii̯]
178	люблю	first-person singular present indicative imperfective of…	[lʲʊˈblʲu]
179	наш	our, ours	[naʃ]
180	потім	then	[ˈpɔtʲim]
181	ніж	than	[nʲiʒ]
182	гей	hey!	[ɦɛi̯]
183	дай	second-person singular imperative perfective of да́ти	[dai̯]
184	перед	just before, in front of	[ˈpɛred]
185	завтра	tomorrow	[ˈzau̯trɐ]
186	вами	you	[ˈʋame]
187	яка	yak	[jɐˈka]
188	одного	genitive masculine/neuter singular	[ɔdnɔˈɦɔ]
189	ваша	your, yours	[ˈʋaʃɐ]
190	цьому	this	[t͡sʲoˈmu]
191	ваш	your, yours	[ʋaʃ]
192	знаєте	second-person plural present indicative of зна́ти impf	[ˈznajete]
193	цю	this	[t͡sʲu]
194	ніхто	nobody, no one	[nʲixˈtɔ]
195	нами	we	[ˈname]
196	можливо	maybe, possibly	[mɔʒˈɫɪwɔ]
197	після	after	[ˈpʲisʲlʲɐ]
198	прямо	straight	[ˈprʲamɔ]
199	неї	genitive/accusative of вона́	[ˈnɛji]
200	скільки	how much, how many	[ˈsʲkʲilʲke]
201	одна	nominative/vocative feminine singular of оди́н	[ɔdˈna]
202	чудово	wonderfully, marvellously	[t͡ʃʊˈdɔwɔ]
203	давайте	come on!; let us, let's	[dɐˈʋai̯te]
204	бачив	masculine singular past imperfective of ба́чити	[ˈbat͡ʃeu̯]
205	такий	such, suchlike	[tɐˈkɪi̯]
206	кого	who	[kɔˈɦɔ]
207	хтось	somebody, someone	[xtɔsʲ]
208	сер	Sir	[sɛr]
209	їй	dative of вона́	[jii̯]
210	ця	this	[t͡sʲa]
211	мою	my, mine	[mɔˈju]
212	усе	all, everything	[ʊˈsɛ]
213	разом	together	[ˈrazɔm]
214	їм	dative of вони́	[jim]
215	куди	where?	[kʊˈdɪ]
216	звичайно	usually, ordinarily, commonly, customarily	[zʋeˈt͡ʃai̯nɔ]
217	справді	indeed, really, truly	[ˈsprau̯dʲi]
218	поки	for the present, for the time being. for now, so far, yet	[ˈpɔke]
219	мої	my, mine	[mɔˈji]
220	гроші	money	[ˈɦrɔʃʲi]
221	цим	this	[t͡sɪm]
222	міг	masculine singular past imperfective of могти́	[mʲiɦ]
223	том	tome, volume	[tɔm]
224	маєш	second-person singular present imperfective of ма́ти	[ˈmajeʃ]
225	хіба	perhaps, maybe	[xʲiˈba]
226	повинен	must	[pɔˈʋɪnen]
227	друг	friend, companion	[druɦ]
228	дня	day	[dʲnʲa]
229	досить	enough, sufficiently	[ˈdɔsetʲ]
230	можемо	first-person plural present imperfective of могти́	[ˈmɔʒemɔ]
231	зробив	masculine singular past indicative of зроби́ти pf	[zrɔˈbɪu̯]
232	над	above, over	[nad]
233	хоче	third-person singular present imperfective of хоті́ти	[ˈxɔt͡ʃe]
234	якби	if, if only; introduces an unreal conditional; different…	[jɐɡˈbɪ]
235	могли	plural past imperfective of могти́	[mɔˈɦɫɪ]
236	місце	place, spot	[ˈmʲist͡se]
237	воно	it	[wɔˈnɔ]
238	часу	time	[ˈt͡ʃasʊ]
239	робиш	second-person singular present imperfective of роби́ти	[ˈrɔbeʃ]
240	хлопці	locative singular of хло́пець	[ˈxɫɔpt͡sʲi]
241	вибачте	excuse me	[ˈʋɪbɐt͡ʃte]
242	додому	home, homewards	[dɔˈdɔmʊ]
243	весь	all, the whole	[ʋɛsʲ]
244	руки	genitive singular of рука́	[rʊˈkɪ]
245	ясно	clearly	[ˈjasnɔ]
246	вибач	second-person singular imperative perfective of ви́бачити	[ˈʋɪbɐt͡ʃ]
247	доктор	synonym of лі́кар m	[ˈdɔktɔr]
248	повинні	plural of пови́нен	[pɔˈʋɪnʲːi]
249	говорить	third-person singular present imperative of говори́ти	[ɦɔˈwɔretʲ]
250	мого	my, mine	[mɔˈɦɔ]
251	нема	there is no, there are no	[neˈma]
252	навіщо	why, what for, to what end	[nɐˈʋʲiʃt͡ʃɔ]
253	мабуть	apparently, probably, perhaps	[ˈmabʊtʲ]
254	твою	your, yours, thy, thine	[twɔˈju]
255	чоловік	man	[t͡ʃɔɫɔˈʋʲik]
256	ходімо	first-person plural imperative imperfective of ходи́ти	[xoˈdʲimɔ]
257	звідси	from here, hence	[ˈzʲʋʲid͡zse]
258	мати	mother	[ˈmate]
259	скажу	first-person singular future perfective of сказа́ти	[skɐˈʒu]
260	скоро	soon, before long	[ˈskɔrɔ]
261	сталося	neuter singular past indicative of ста́тися pf	[ˈstaɫɔsʲɐ]
262	прости	second-person singular imperative perfective of прости́ти	[prɔˈstɪ]
263	нормально	normally	[nɔrˈmalʲnɔ]
264	здається	third-person singular present indicative imperfective of…	[zdɐˈjɛt͡sʲːɐ]
265	пані	lady, madam, Mrs	/ˈpɑ.nʲi/
266	всіх	all, the whole	[ʍsʲix]
267	також	also, too, as well, likewise	[ˈtakɔʒ]
268	кілька	several, a few, some	[ˈkʲilʲkɐ]
269	брат	brother	[brat]
270	моє	my, mine	[mɔˈjɛ]
271	подобається	third-person singular present indicative of подо́батися impf	[pɔˈdɔbɐjet͡sʲːɐ]
272	чорт	devil, demon, Satan, evil spirit or force	[t͡ʃɔrt]
273	сама	self, -self	[ˈsamɐ]
274	думаєш	second-person singular present imperfective of ду́мати	[ˈdumɐjeʃ]
275	во	initialism of ви́борчий о́круг	
276	потом	sweat, perspiration	[ˈpɔtɔm]
277	такого	genitive masculine/neuter singular	[tɐˈkɔɦɔ]
278	казав	masculine singular past imperfective of каза́ти	[kɐˈzau̯]
279	розумію	first-person singular present imperfective of розумі́ти	[rɔzʊˈmʲijʊ]
280	батько	father	[ˈbatʲkɔ]
281	отже	so, therefore	[ˈɔdʒe]
282	таким	dative plural	[tɐˈkɪm]
283	могла	feminine singular past imperfective of могти́	[mɔˈɦɫa]
284	тим	that	[tɪm]
285	швидше	rather, sooner	[ˈʃʋɪd͡ʒʃe]
286	жаль	regret, grief, sorrow	[ʒalʲ]
287	туди	there, that way	[tʊˈdɪ]
288	речі	thing, object	[ˈrɛt͡ʃʲi]
289	знати	to know	[ˈznate]
290	свої	one's, my, his, her, its, our, your, their	[swɔˈji]
291	хочете	second-person plural present imperfective of хоті́ти	[ˈxɔt͡ʃete]
292	одну	accusative feminine singular of оди́н	[odˈnu]
293	думав	masculine singular past indicative imperfective of ду́мати	[ˈdumɐu̯]
294	можем	first-person plural present imperfective of могти́	[ˈmɔʒem]
295	допомогти	to help, to assist	[dɔpɔmɔɦˈtɪ]
296	людина	man, person, human being, singular of люди	[lʲʊˈdɪnɐ]
297	яку	yak	[jɐˈku]
298	правильно	correctly, properly, right, rightly	[ˈpraʋelʲnɔ]
299	давно	long ago, a long time ago, long since	[dɐu̯ˈnɔ]
300	зовсім	quite, entirely, totally	[ˈzɔu̯sʲim]
301	при	at, by, near	[prɪ]
302	всю	all, the whole	[ʍsʲu]
303	бачу	first-person singular present indicative of ба́чити impf	[ˈbat͡ʃʊ]
304	думала	feminine singular past indicative imperfective of ду́мати	[ˈdumɐɫɐ]
305	така	nominative feminine singular of таки́й	[tɐˈka]
306	знав	masculine singular past indicative of зна́ти impf	[znau̯]
307	йти	to go, to walk	[i̯tɪ]
308	знайти	to find	[znɐi̯ˈtɪ]
309	дещо	something or stuff, often insignificant, unimportant, or…	[ˈdɛʃt͡ʃɔ]
310	нею	instrumental of вона́	[ˈnɛjʊ]
311	знає	third-person singular present of зна́ти impf	[ˈznaje]
312	наша	our, ours	[ˈnaʃɐ]
313	далі	further, onwards, forth	[ˈdalʲi]
314	усі	all, every	[ʊˈsʲi]
315	слухай	second-person singular imperative imperfective of слу́хати	[ˈsɫuxɐi̯]
316	ними	instrumental of вони́	[ˈnɪme]
317	машину	accusative singular of маши́на	[mɐˈʃɪnʊ]
318	дійсно	really, actually, truly	[ˈdʲii̯snɔ]
319	мав	masculine singular past imperfective of ма́ти	[mau̯]
320	звісно	surely, definitely, of course	[ˈzʲʋʲisnɔ]
321	вперед	forward, forwards, forth, onwards, ahead, on	[ʍpeˈrɛd]
322	гадаю	first-person singular present indicative of гада́ти impf	[ɦɐˈdajʊ]
323	слова	genitive singular of сло́во	[ˈsɫɔʋɐ]
324	звідки	from where, whence	[ˈzʲʋʲidke]
325	шкода	in vain, senselessly, for nothing	[ˈʃkɔdɐ]
326	справа	from the right	[ˈspraʋɐ]
327	чим	that, which	[t͡ʃɪm]
328	ті	that	[tʲi]
329	проти	against	[ˈprɔte]
330	мамо	vocative singular of ма́ма	[ˈmamɔ]
331	піти	to set off, to go off	[pʲiˈtɪ]
332	свого	one's, my, his, her, its, our, your, their	[swɔˈɦɔ]
333	номер	ordinal number	[ˈnɔmer]
334	справи	genitive singular of спра́ва	[ˈspraʋe]
335	дома	at home	[ˈdɔmɐ]
336	такі	nominative plural	[tɐˈkʲi]
337	знала	feminine singular past indicative of зна́ти impf	[ˈznaɫɐ]
338	одно	nominative/accusative/vocative neuter singular of оди́н	[ɔdˈnɔ]
339	тож	so, hence	[tɔʒ]
340	голову	accusative singular of голова́	[ˈɦɔɫɔwʊ]
341	знать	nobility, aristocracy	[znatʲ]
342	сім	seven	[sʲim]
343	нехай	may, let	[neˈxai̯]
344	увазі	dative/locative singular of ува́га	[ʊˈʋazʲi]
345	син	son	[sɪn]
346	бачиш	second-person singular present imperfective of ба́чити	[ˈbat͡ʃeʃ]
347	найти	to find	[nɐi̯ˈtɪ]
348	свій	one's, my, his, her, its, our, your, their	[sʲʋʲii̯]
349	тобто	that is, that is to say, i.e	[ˈtɔbtɔ]
350	взагалі	generally, in general, on the whole	[wzɐɦɐˈlʲi]
351	пішли	plural past indicative of піти́ pf	[pʲiʃˈɫɪ]
352	сказали	plural past perfective of сказа́ти	[skɐˈzaɫe]
353	будеш	second-person singular future indicative imperfective of…	[ˈbudeʃ]
354	відбувається	third-person singular present indicative of відбува́тися…	[ʋʲidbʊˈʋajet͡sʲːɐ]
355	розумієш	second-person singular present imperfective of розумі́ти	[rɔzʊˈmʲijeʃ]
356	пішов	masculine singular past indicative of піти́ pf	[pʲiˈʃɔu̯]
357	наші	our, ours	[ˈnaʃʲi]
358	якого	genitive masculine/neuter singular	[jɐˈkɔɦɔ]
359	поговорити	to talk, to speak, to have a word	[pɔɦɔwɔˈrɪte]
360	хоч	although	[xɔt͡ʃ]
361	ваше	your, yours	[ˈʋaʃe]
362	тих	that	[tɪx]
363	проблема	problem	[prɔˈbɫɛmɐ]
364	хотіла	feminine singular past imperfective of хоті́ти	[xoˈtʲiɫɐ]
365	роботу	accusative singular of робо́та	[rɔˈbɔtʊ]
366	ради	genitive singular of ра́да	[ˈrade]
367	будемо	first-person plural future indicative imperfective of бу́ти	[ˈbudemɔ]
368	двері	door, doors	[ˈdʋɛrʲi]
369	хлопець	boy, lad	[ˈxɫɔpet͡sʲ]
370	будем	first-person plural present imperfective of бу́ти	[ˈbudem]
371	світ	world	[sʲʋʲit]
372	чув	masculine singular past imperfective of чу́ти	[t͡ʃuu̯]
373	майже	almost, nearly	[ˈmai̯ʒe]
374	тату	tattoo	[tɐˈtu]
375	можуть	third-person plural present imperfective of могти́	[ˈmɔʒʊtʲ]
376	пора	time, period	[pɔˈra]
377	зрозумів	of course, understood	[zrɔzʊˈmʲiu̯]
378	насправді	in fact, in reality, really, actually, as a matter of fact	[nɐˈsprau̯dʲi]
379	бачити	to see	[ˈbat͡ʃete]
380	швидко	fast, quickly	[ˈʃʋɪdkɔ]
381	тато	dad	[ˈtatɔ]
382	твої	your, yours, thy, thine	[twɔˈji]
383	цих	this	[t͡sɪx]
384	бог	god	[bɔɦ]
385	кажу	first-person singular present imperfective of каза́ти	[kɐˈʒu]
386	наших	our, ours	[ˈnaʃex]
387	права	genitive singular of пра́во	[ˈpraʋɐ]
388	своє	one's, my, his, her, its, our, your, their	[swɔˈjɛ]
389	говорю	first-person singular present imperfective of говори́ти	[ɦɔwoˈrʲu]
390	чувак	dude, guy, dawg	[t͡ʃʊˈʋak]
391	сильно	strongly, powerfully, mightily	[ˈsɪlʲnɔ]
392	піду	first-person singular future indicative perfective of піти́	[pʲiˈdu]
393	слово	a word	[ˈsɫɔwɔ]
394	раніше	earlier	[rɐˈnʲiʃe]
395	ту	here	[tu]
396	будуть	third-person plural future indicative imperfective of бу́ти	[ˈbudʊtʲ]
397	потрібен	short form of потрі́бний	[poˈtʲrʲiben]
398	алло	hello!	[ɐˈɫːɔ]
399	питання	question	[peˈtanʲːɐ]
400	між	between, among	[mʲiʒ]
401	прийшов	masculine singular past indicative of прийти́ pf	[prei̯ˈʃɔu̯]
402	тем	genitive plural of те́ма	[tɛm]
403	жінка	woman	[ˈʒʲinkɐ]
404	смерть	death	[smɛrtʲ]
405	дітей	genitive/accusative plural of дити́на and ді́ти	[dʲiˈtɛi̯]
406	добрий	good, benign, genial, gentle, kind, kindly	[ˈdɔbrei̯]
407	шанс	chance	[ʃans]
408	одне	nominative/accusative/vocative neuter singular of оди́н	[ɔdˈnɛ]
409	десь	somewhere	[dɛsʲ]
410	колись	at one time, formerly, once	[kɔˈɫɪsʲ]
411	мало	a little, few, some	[ˈmaɫɔ]
412	означає	third-person singular present indicative of означа́ти impf	[ɔznɐˈt͡ʃaje]
413	ніби	as if, as though, as, like	[ˈnʲibe]
414	ваші	your, yours	[ˈʋaʃʲi]
415	говорити	to speak, to talk	[ɦɔwɔˈrɪte]
416	друга	friend, companion	[ˈdruɦɐ]
417	геть	far away	[ɦɛtʲ]
418	всього	all, the whole	[ʍsʲɔˈɦɔ]
419	варто	indicating advisability, prudence or desirability: worth,…	[ˈʋartɔ]
420	значить	so, therefore	[ˈznat͡ʃetʲ]
421	яке	nominative/accusative/vocative neuter singular of яки́й	[jɐˈkɛ]
422	інші	nominative plural	[ˈinʲʃʲi]
423	досі	so far, thus far, up to now, hitherto	[ˈdɔsʲi]
424	руку	accusative singular of рука́	[ˈrukʊ]
425	аби	so that, in order to	[ɐˈbɪ]
426	твоє	your, yours, thy, thine	[twɔˈjɛ]
427	маєте	second-person plural present imperfective of ма́ти	[ˈmajete]
428	занадто	too	[zɐˈnadtɔ]
429	хай	let + subject + conjugated verb	[xai̯]
430	дві	two	[ˈdʋi]
431	маємо	first-person plural present imperfective of ма́ти	[ˈmajemɔ]
432	план	plan, scheme	[pɫan]
433	довго	a long time	[ˈdɔu̯ɦɔ]
434	каже	third-person singular present imperfective of каза́ти	[ˈkaʒe]
435	своїх	one's, my, his, her, its, our, your, their	[swɔˈjix]
436	нашу	our, ours	[ˈnaʃʊ]
437	великий	big, large	[ʋeˈɫɪkei̯]
438	побачити	to see	[pɔˈbat͡ʃete]
439	щодо	concerning, as regards, regarding, as for, as to	[ˈʃt͡ʃɔdɔ]
440	біса	evil spirit, demon	[ˈbʲisɐ]
441	папа	pope	[ˈpapɐ]
442	біля	next to; near	[ˈbʲilʲɐ]
443	жити	to live	[ˈʒɪte]
444	правду	accusative singular of пра́вда	[ˈprau̯dʊ]
445	хороший	good	[xɔˈrɔʃei̯]
446	негайно	immediately	[neˈɦai̯nɔ]
447	ким	who	[kɪm]
448	говорила	feminine singular past imperfective of говори́ти	[ɦɔwɔˈrɪɫɐ]
449	хвилин	genitive plural of хвили́на	[xʋeˈɫɪn]
450	далеко	far	[dɐˈɫɛkɔ]
451	таких	genitive/locative plural	[tɐˈkɪx]
452	вашу	your, yours	[ˈʋaʃʊ]
453	робота	work	[rɔˈbɔtɐ]
454	усіх	genitive/locative plural	[ʊˈsʲix]
455	будете	second-person plural future indicative imperfective of бу́ти	[ˈbudete]
456	дайте	second-person plural imperative perfective of да́ти	[ˈdai̯te]
457	батька	genitive/accusative singular of ба́тько	[ˈbatʲkɐ]
458	машина	car, automobile, motor vehicle	[mɐˈʃɪnɐ]
459	важко	heavily	[ˈʋaʒkɔ]
460	твого	your, yours, thy, thine	[twɔˈɦɔ]
461	легко	lightly	[ˈɫɛɦkɔ]
462	очі	nominative/accusative/vocative plural of о́ко	[ˈɔt͡ʃʲi]
463	кожен	short form of ко́жний	[ˈkɔʒen]
464	спасибі	thank you, thanks	[spɐˈsɪbʲi]
465	щойно	just, only just	[ˈʃt͡ʃɔi̯nɔ]
466	собою	instrumental of се́бе́	[sɔˈbɔjʊ]
467	курва	whore, prostitute	[ˈkurʋɐ]
468	діти	children	[ˈdʲite]
469	цієї	this	[t͡sʲiˈjɛji]
470	світі	world	[ˈsʲʋʲitʲi]
471	роботи	genitive singular	[rɔˈbɔte]
472	доведеться	third-person singular future indicative of довести́ся pf	[dɔʋeˈdɛt͡sʲːɐ]
473	погано	bad	[pɔˈɦanɔ]
474	рада	council	[ˈradɐ]
475	готовий	ready	[ɦɔˈtɔʋei̯]
476	ах	ah	[ax]
477	перший	first	[ˈpɛrʃei̯]
478	вбити	to beat in, to drive in, to hammer in, to stick in	[ˈwbɪte]
479	працює	third-person singular present imperfective of працюва́ти	[prɐˈt͡sʲuje]
480	грошей	genitive of гро́ші	[ˈɦrɔʃei̯]
481	знайшов	masculine singular past perfective of знайти́	[znɐi̯ˈʃɔu̯]
482	робить	third-person singular present imperfective of роби́ти	[ˈrɔbetʲ]
483	радий	glad	[ˈradei̯]
484	кому	who	[koˈmu]
485	ніч	night, nighttime	[nʲit͡ʃ]
486	року	year	[ˈrɔkʊ]
487	говори	second-person singular imperative imperfective of говори́ти	[ɦɔwɔˈrɪ]
488	момент	moment, instant	[mɔˈmɛnt]
489	дивись	second-person singular imperative imperfective of диви́тися	[deˈʋɪsʲ]
490	серйозно	seriously	[seˈrjɔznɔ]
491	напевно	probably, most likely	[nɐˈpɛu̯nɔ]
492	роки	year	[ˈrɔke]
493	землі	genitive/dative/locative singular of земля́	[zemˈlʲi]
494	заради	for the sake of	[zɐˈrade]
495	стій	second-person singular imperative of стоя́ти impf	[sʲtʲii̯]
496	проблем	genitive plural of пробле́ма	[prɔˈbɫɛm]
497	честь	honor	[t͡ʃɛsʲtʲ]
498	вітаю	hello	[ʋʲiˈtajʊ]
499	ранку	genitive singular	[ˈrankʊ]
500	телефон	telephone	[teɫeˈfɔn]
501	зробили	plural past perfective of зроби́ти	[zrɔˈbɪɫe]
502	вдома	at home	[ˈwdɔmɐ]
503	будинок	house	[bʊˈdɪnɔk]
504	брата	brother	[brɐˈta]
505	іди	second-person singular imperative imperfective of іти́	[iˈdɪ]
506	король	king	[kɔˈrɔlʲ]
507	бачили	plural past indicative imperfective of ба́чити	[ˈbat͡ʃeɫe]
508	круто	steeply	[ˈkrutɔ]
509	знаємо	first-person plural present of зна́ти impf	[ˈznajemɔ]
510	цій	this	[t͡sʲii̯]
511	дам	first-person singular future perfective of да́ти	[dam]
512	смерті	death	[ˈsmɛrtʲi]
513	знали	plural past indicative of зна́ти impf	[ˈznaɫe]
514	ноги	genitive singular of нога́	[nɔˈɦɪ]
515	старий	old, ancient	[stɐˈrɪi̯]
516	моєї	my, mine	[mɔˈjɛji]
517	когось	somebody, someone	[kɔˈɦɔsʲ]
518	тихо	quietly	[ˈtɪxɔ]
519	взяти	to take	[ˈwzʲate]
520	побачення	appointment	[pɔˈbat͡ʃenʲːɐ]
521	новий	new	[nɔˈʋɪi̯]
522	проблеми	genitive singular	[prɔˈbɫɛme]
523	бувай	see you, see you later	[bʊˈʋai̯]
524	місці	locative singular of мі́сце	[ˈmʲisʲt͡sʲi]
525	сестра	sister	[seˈstra]
526	моїх	my, mine	[mɔˈjix]
527	містер	mister, Mr	[ˈmʲister]
528	слід	footprint	[sʲlʲid]
529	бачила	feminine singular past imperfective of ба́чити	[ˈbat͡ʃeɫɐ]
530	стати	to become	[ˈstate]
531	нашого	our, ours	[ˈnaʃɔɦɔ]
532	якось	somehow	[ˈjakɔsʲ]
533	прекрасно	beautifully, gorgeously	[preˈkrasnɔ]
534	вся	all, the whole	[ʍsʲa]
535	отче	vocative singular of оте́ць	[ˈɔt͡ʃːe]
536	рік	year	[rʲik]
537	бога	god	[ˈbɔɦɐ]
538	повинна	feminine singular of пови́нен	[pɔˈʋɪnːɐ]
539	всім	all, the whole	[ʍsʲim]
540	мала	feminine singular past imperfective of ма́ти	[ˈmaɫɐ]
541	наче	as if, as though, as, like	[ˈnat͡ʃe]
542	наше	our, ours	[ˈnaʃe]
543	кінець	end, termination, conclusion	[kʲiˈnɛt͡sʲ]
544	чоловіка	genitive/accusative singular of чолові́к	[t͡ʃɔɫɔˈʋʲikɐ]
545	знайшли	plural past perfective of знайти́	[znɐi̯ʃˈɫɪ]
546	працювати	to work	[prɐt͡sʲʊˈʋate]
547	візьми	second-person singular imperative of взя́ти pf and узя́ти pf	[ʋʲizʲˈmɪ]
548	річ	thing, object	[rʲit͡ʃ]
549	дитина	child	[deˈtɪnɐ]
550	сина	son	[ˈsɪnɐ]
551	інших	genitive plural	[ˈinʃex]
552	нарешті	finally, in the end, eventually, ultimately, at length	[nɐˈrɛʃtʲi]
553	мам	genitive/accusative plural of ма́ма	[mam]
554	двох	two	[ˈdwɔx]
555	якийсь	some, a certain	[jɐˈkɪi̯sʲ]
556	здорово	seriously, majorly, very	[ˈzdɔrɔwɔ]
557	надто	too	[ˈnadtɔ]
558	йде	third-person singular present indicative of йти impf	[i̯dɛ]
559	мають	third-person plural present imperfective of ма́ти	[ˈmajʊtʲ]
560	кажуть	third-person plural present imperfective of каза́ти	[ˈkaʒʊtʲ]
561	мир	peace	[mɪr]
562	абсолютно	absolutely	[ɐbsoˈlʲutnɔ]
563	чотири	four	[t͡ʃɔˈtɪre]
564	звати	to call	[ˈzʋate]
565	більш	comparative degree of бага́то: more	[bʲilʲʃ]
566	прав	genitive plural of пра́во	[prau̯]
567	ночі	night, nighttime	[ˈnɔt͡ʃʲi]
568	зрозуміло	clearly, comprehensibly	[zrɔzʊˈmʲiɫɔ]
569	маленький	little, small	[mɐˈɫɛnʲkei̯]
570	місто	city	[ˈmʲistɔ]
571	моїм	my, mine	[mɔˈjim]
572	йдемо	first-person plural present indicative of йти impf	[i̯deˈmɔ]
573	лайно	shit	[ɫɐi̯ˈnɔ]
574	часто	frequently, often	[ˈt͡ʃastɔ]
575	дні	day	[dʲnʲi]
576	впевнений	assured, sure, confident, certain	[ˈʍpɛu̯nenei̯]
577	моєму	my, mine	[mɔˈjɛmʊ]
578	стільки	so much	[ˈsʲtʲilʲke]
579	зроблю	first-person singular future perfective of зроби́ти	[zroˈblʲu]
580	говорив	masculine singular past imperfective of говори́ти	[ɦɔwɔˈrɪu̯]
581	друже	friend, companion	[ˈdruʒe]
582	йду	first-person singular present indicative of йти impf	[i̯du]
583	ідея	idea, notion, concept	[iˈdɛjɐ]
584	днів	day	[dʲnʲiu̯]
585	дати	to give	[ˈdate]
586	людям	dative of лю́ди	[ˈlʲudʲɐm]
587	чуєш	second-person singular present imperfective of чу́ти	[ˈt͡ʃujeʃ]
588	інакше	differently, in a different way, otherwise	[iˈnakʃe]
589	зможу	first-person singular future perfective of змогти́	[ˈzmɔʒʊ]
590	скажеш	second-person singular future perfective of сказа́ти	[ˈskaʒeʃ]
591	пан	lord, master, mister, sir	/pɑn/
592	дружина	band, troop	[drʊˈʒɪnɐ]
593	світу	world	[ˈsʲʋʲitʊ]
594	землю	accusative singular of земля́	[ˈzɛmlʲʊ]
595	кров	blood	[krɔu̯]
596	будинку	genitive/dative/locative/vocative singular of буди́нок	[bʊˈdɪnkʊ]
597	вашого	your, yours	[ˈʋaʃɔɦɔ]
598	вірно	faithfully, surely	[ˈʋʲirnɔ]
599	десять	ten	[ˈdɛsʲɐtʲ]
600	ваших	your, yours	[ˈʋaʃex]
601	люба	dear, darling, sweetheart, love	[ˈlʲubɐ]
602	одним	dative plural	[ɔdˈnɪm]
603	яким	instrumental masculine/neuter singular	[jɐˈkɪm]
604	іншого	masculine genitive singular	[ˈinʃɔɦɔ]
605	своїм	one's, my, his, her, its, our, your, their	[swɔˈjim]
606	самого	self, -self	[ˈsamɔɦɔ]
607	розумієте	second-person plural present imperfective of розумі́ти	[rɔzʊˈmʲijete]
608	гарно	beautifully	[ˈɦarnɔ]
609	тримай	second-person singular imperative of трима́ти impf	[treˈmai̯]
610	серце	heart	[ˈsɛrt͡se]
611	забудь	second-person singular imperative of забу́ти pf	[zɐˈbudʲ]
612	хочуть	third-person plural present imperfective of хоті́ти	[ˈxɔt͡ʃʊtʲ]
613	рад	genitive plural of ра́да	[rad]
614	яких	genitive/locative plural	[jɐˈkɪx]
615	нікого	genitive/accusative singular of ніхто́	[nʲiˈkɔɦɔ]
616	справу	accusative singular of спра́ва	[ˈsprawʊ]
617	цікаво	interestingly	[t͡sʲiˈkawɔ]
618	вчора	yesterday	[ˈʍt͡ʃɔrɐ]
619	гарна	feminine nominative singular of га́рний	[ˈɦarnɐ]
620	став	pond	[stau̯]
621	житті	locative singular of життя́	[ʒeˈtʲːi]
622	самі	self, -self	[ˈsamʲi]
623	любить	third-person singular present indicative imperfective of…	[ˈlʲubetʲ]
624	говорили	plural past imperfective of говори́ти	[ɦɔwɔˈrɪɫe]
625	спати	to sleep	[ˈspate]
626	друзі	friend, companion	[ˈdruzʲi]
627	рано	early	[ˈranɔ]
628	поглянь	second-person singular imperative of погля́нути pf	[pɔˈɦlʲanʲ]
629	повернутися	to turn	[pɔʋerˈnutesʲɐ]
630	мило	nicely, prettily	[ˈmɪɫɔ]
631	дав	masculine singular past perfective of да́ти	[dau̯]
632	прийшли	plural past indicative of прийти́ pf	[prei̯ʃˈɫɪ]
633	інше	nominative/accusative neuter singular of і́нший	[ˈinʃe]
634	вина	guilt, fault; blame	[ʋeˈna]
635	деякі	nominative plural	[ˈdɛjɐkʲi]
636	помер	masculine singular past indicative of поме́рти pf	[pɔˈmɛr]
637	інший	other, another, the other	[ˈinʃei̯]
638	зробила	feminine singular past perfective of зроби́ти	[zrɔˈbɪɫɐ]
639	само	self, -self	[sɐˈmɔ]
640	достатньо	enough	[dɔˈstatʲnʲɔ]
641	робив	masculine singular past imperfective of роби́ти	[rɔˈbɪu̯]
642	смерти	death	[ˈsmɛrte]
643	часом	sometimes, at times, now and again, now and then,…	[ˈt͡ʃasɔm]
644	приємно	pleasantly, pleasingly, agreeably, nicely	[preˈjɛmnɔ]
645	доки	how long, until when, until what time	[ˈdɔke]
646	велика	nominative/vocative feminine singular of вели́кий	[ʋeˈɫɪkɐ]
647	дівчина	young girl, girl	[ˈdʲiu̯t͡ʃenɐ]
648	сподіваюся	first-person singular present indicative of сподіва́тися…	[spɔdʲiˈʋajʊsʲɐ]
649	вниз	down, downwards	[wnɪz]
650	спочатку	first, at first, initially, in the first instance	[spɔˈt͡ʃatkʊ]
651	дім	house, home	[dʲim]
652	підемо	first-person plural future indicative of піти́ pf	[ˈpʲidemɔ]
653	чесно	honestly	[ˈt͡ʃɛsnɔ]
654	стало	neuter singular past indicative perfective of ста́ти	[ˈstaɫɔ]
655	дивно	surprisingly	[ˈdɪu̯nɔ]
656	місця	nominative/accusative/vocative plural of мі́сце	[mʲiˈsʲt͡sʲa]
657	причина	reason	[preˈt͡ʃɪnɐ]
658	стать	sex, gender	[statʲ]
659	пізніше	nominative/accusative/vocative neuter singular of пізні́ший	[pʲizʲˈnʲiʃe]
660	стала	constant	[ˈstaɫɐ]
661	хлопця	genitive/accusative singular of хло́пець	[ˈxɫɔpt͡sʲɐ]
662	спокійно	calmly, peacefully, placidly, quietly, tranquilly	[spoˈkʲii̯nɔ]
663	сон	sleep	[sɔn]
664	води	genitive singular of вода́	[wɔˈdɪ]
665	адже	after all, indeed, surely	[ɐˈd͡ʒɛ]
666	отримав	masculine singular past perfective of отри́мати	[ɔˈtrɪmɐu̯]
667	годі	sufficient, enough	[ˈɦɔdʲi]
668	другом	friend, companion	[ˈdruɦɔm]
669	виглядає	third-person singular present indicative of вигляда́ти impf	[ʋeɦlʲɐˈdaje]
670	вогонь	fire	[wɔˈɦɔnʲ]
671	близько	near, nearby, close	[ˈbɫɪzʲkɔ]
672	право	right; claim	[ˈprawɔ]
673	короля	genitive/accusative singular of коро́ль	[kɔrɔˈlʲa]
674	отримати	to receive	[ɔˈtrɪmɐte]
675	одному	dative masculine/neuter singular of оди́н	[ɔdnoˈmu]
676	прийти	to arrive, to come	[prei̯ˈtɪ]
677	гарний	beautiful, pretty, handsome	[ˈɦarnei̯]
678	живе	third-person singular present imperfective of жи́ти	[ʒeˈʋɛ]
679	вірю	first-person singular present indicative imperfective of…	[ˈʋʲirʲʊ]
680	дальше	further	[ˈdalʲʃe]
681	голос	voice	[ˈɦɔɫɔs]
682	роблю	first-person singular present indicative imperfective of…	[roˈblʲu]
683	говорите	second-person plural present imperfective of говори́ти	[ɦɔˈwɔrete]
684	іноді	sometimes	[ˈinɔdʲi]
685	робите	second-person plural present imperfective of роби́ти	[ˈrɔbete]
686	вода	water	[wɔˈda]
687	крім	except, except for, apart from, aside from, with the…	[krʲim]
688	весело	merrily, cheerfully, happily	[ˈʋɛseɫɔ]
689	міста	nominative/accusative/vocative plural of мі́сто	[mʲiˈsta]
690	трапилося	neuter singular past indicative of тра́питися pf	[ˈtrapeɫɔsʲɐ]
691	школу	accusative singular of шко́ла	[ˈʃkɔɫʊ]
692	шлях	way, path	[ʃlʲax]
693	останній	last, final	[ɔˈstanʲːii̯]
694	подумав	masculine singular past indicative of поду́мати pf	[poˈdumɐu̯]
695	власне	properly, strictly	[ˈwɫasne]
696	невже	really?, is it possible?, indeed	[neu̯ˈʒɛ]
697	повернувся	masculine singular past indicative of поверну́тися pf	[pɔʋerˈnuu̯sʲɐ]
698	кожного	genitive masculine/neuter singular	[ˈkɔʒnɔɦɔ]
699	здоров	hi	[zdɔˈrɔu̯]
700	голова	head	[ɦɔɫɔˈʋa]
701	мали	plural past imperfective of ма́ти	[ˈmaɫe]
702	народ	people	[nɐˈrɔd]
703	прийде	third-person singular future indicative perfective of…	[ˈprɪi̯de]
704	бачите	second-person plural present imperfective of ба́чити	[ˈbat͡ʃete]
705	таки	indeed, after all, nonetheless. Used to confirm a…	[tɐˈkɪ]
706	оце	nominative/accusative/vocative neuter singular of оце́й	[ɔˈt͡sɛ]
707	чекай	second-person singular imperative imperfective of чека́ти	[t͡ʃeˈkai̯]
708	страшно	terrifyingly, terribly, awfully, horribly	[ˈstraʃnɔ]
709	обличчя	face	[ɔˈbɫɪt͡ʃʲːɐ]
710	важливо	importantly	[ʋɐʒˈɫɪwɔ]
711	аж	even	[aʒ]
712	дороги	genitive singular	[dɔˈrɔɦe]
713	боюся	first-person singular present indicative of боя́тися impf	[bɔˈjusʲɐ]
714	вставай	second-person singular imperative of встава́ти impf	[ʍstɐˈʋai̯]
715	руках	locative plural of рука́	[rʊˈkax]
716	хотіли	plural past imperfective of хоті́ти	[xoˈtʲiɫe]
717	боюсь	first-person singular present indicative of боя́тися impf	[bɔˈjusʲ]
718	жінки	genitive singular of жі́нка	[ˈʒʲinke]
719	воду	accusative singular of вода́	[ˈwɔdʊ]
720	дому	house, home	[ˈdɔmʊ]
721	обережно	carefully, cautiously	[ɔbeˈrɛʒnɔ]
722	забув	masculine singular past indicative of забу́ти pf	[zɐˈbuu̯]
723	їсти	to eat	[ˈjiste]
724	нікому	dative/locative singular of ніхто́	[nʲiˈkɔmʊ]
725	очевидно	obviously, evidently, clearly, manifestly, patently	[ɔt͡ʃeˈʋɪdnɔ]
726	машини	genitive singular	[mɐˈʃɪne]
727	тиждень	week	[ˈtɪʒdenʲ]
728	якісь	nominative/vocative plural	[jɐˈkʲisʲ]
729	поліція	police	[poˈlʲit͡sʲijɐ]
730	фото	photo, photograph	[ˈfɔtɔ]
731	хочемо	first-person plural present imperfective of хоті́ти	[ˈxɔt͡ʃemɔ]
732	скажіть	second-person plural imperative perfective of сказа́ти	[skɐˈʒʲitʲ]
733	мертвий	dead	[ˈmɛrtʋei̯]
734	блядь	whore, slut	[blʲadʲ]
735	рацію	accusative singular of ра́ція	[ˈrat͡sʲijʊ]
736	думаєте	second-person plural present imperfective of ду́мати	[ˈdumɐjete]
737	казала	feminine singular past imperfective of каза́ти	[kɐˈzaɫɐ]
738	взяв	masculine singular past indicative of взя́ти pf	[wzʲau̯]
739	вечір	evening	[ˈʋɛt͡ʃʲir]
740	пес	dog	[pɛs]
741	відчуваю	first-person singular present indicative of відчува́ти impf	[ʋʲid͡ʒt͡ʃʊˈʋajʊ]
742	маму	accusative singular of ма́ма	[ˈmamʊ]
743	дитину	accusative singular of дити́на	[deˈtɪnʊ]
744	панове	lord, master, mister, sir	[pɐˈnɔʋe]
745	наступного	masculine genitive singular	[nɐˈstupnɔɦɔ]
746	оба	both	[ɔˈba]
747	слава	glory	[ˈsɫaʋɐ]
748	грати	to play a musical instrument	[ˈɦrate]
749	зроби	second-person singular imperative perfective of зроби́ти	[zrɔˈbɪ]
750	годин	genitive plural of годи́на	[ɦɔˈdɪn]
751	разів	time	[rɐˈzʲiu̯]
752	взяли	plural past indicative of взя́ти pf	[ˈwzʲaɫe]
753	навколо	around, about, round	[nɐu̯ˈkɔɫɔ]
754	живий	live, alive	[ʒeˈʋɪi̯]
755	покажи	second-person singular imperative perfective of показа́ти	[pɔkɐˈʒɪ]
756	тисяч	genitive plural of ти́сяча	[ˈtɪsʲɐt͡ʃ]
757	повідомлення	message	[pɔʋʲiˈdɔmɫenʲːɐ]
758	пізно	late	[ˈpʲiznɔ]
759	ніяких	genitive/locative plural	[nʲiˈjakex]
760	нового	masculine/neuter genitive singular	[nɔˈwɔɦɔ]
761	перепрошую	Excuse me!	[pereˈprɔʃʊjʊ]
762	зброю	accusative singular of збро́я	[ˈzbrɔjʊ]
763	зробимо	first-person plural future perfective of зроби́ти	[ˈzrɔbemɔ]
764	знають	third-person plural present of зна́ти impf	[ˈznajʊtʲ]
765	крови	blood	[ˈkrɔʋe]
766	нашої	our, ours	[ˈnaʃɔji]
767	боб	bobsled	[bɔb]
768	пробачте	second-person plural imperative perfective of проба́чити	[prɔˈbat͡ʃte]
769	світло	light	[ˈsʲʋʲitɫɔ]
770	рішення	decision	[ˈrʲiʃenʲːɐ]
771	зрозуміти	to grasp, to understand, to comprehend	[zrɔzʊˈmʲite]
772	людьми	instrumental plural of люди́на	[lʲʊdʲˈmɪ]
773	вранці	in the morning	[ˈwranʲt͡sʲi]
774	пройти	to go, to pass, to walk	[prɔi̯ˈtɪ]
775	їхати	to go, to drive, to ride	[ˈjixɐte]
776	допоможіть	second-person plural imperative of допомогти́ pf	[dɔpɔmoˈʒʲitʲ]
777	допомога	help, assistance, aid	[dɔpɔˈmɔɦɐ]
778	хвилинку	accusative singular of хвили́нка	[xʋeˈɫɪnkʊ]
779	чекає	third-person singular present imperfective of чека́ти	[t͡ʃeˈkaje]
780	поруч	near, nearby, close by	[ˈpɔrʊt͡ʃ]
781	забрати	to take	[zɐˈbrate]
782	роблять	third-person plural present imperfective of роби́ти	[ˈrɔblʲɐtʲ]
783	приятель	friend	[ˈprɪjɐtelʲ]
784	коли-небудь	someday, sometime, one day	[kɔˈɫɪ ˈnɛbʊdʲ]
785	неможливо	impossibly	[nemɔʒˈɫɪwɔ]
786	моїй	my, mine	[mɔˈjii̯]
787	любий	any, either, whichever one wants	[ˈlʲubei̯]
788	народження	birth	[nɐˈrɔd͡ʒenʲːɐ]
789	майбутнє	future	[mɐi̯ˈbutʲnʲe]
790	усім	dative plural	[ʊˈsʲim]
791	єдиний	only, sole	[jeˈdɪnei̯]
792	чекати	to wait	[t͡ʃeˈkate]
793	твоєї	your, yours, thy, thine	[twɔˈjɛji]
794	таку	accusative feminine singular of таки́й	[tɐˈku]
795	історія	history	[iˈstɔrʲijɐ]
796	матері	genitive/dative/locative singular of ма́ти	[ˈmaterʲi]
797	шоу	show	[ˈʃɔʊ]
798	покажу	first-person singular future perfective of показа́ти	[pɔkɐˈʒu]
799	кажи	second-person singular imperative of каза́ти	[kɐˈʒɪ]
800	кофе	synonym of ка́ва f	[ˈkɔfe]
801	добраніч	good night	[dɔˈbranʲit͡ʃ]
802	відразу	at once, forthwith, immediately, right away, straight away	[ʋʲiˈdrazʊ]
803	перш	first, before, earlier	[ˈpɛrʃ]
804	якому	dative masculine/neuter singular	[jɐˈkɔmʊ]
805	роби	second-person singular imperative imperfective of роби́ти	[rɔˈbɪ]
806	могло	neuter singular past imperfective of могти́	[mɔˈɦɫɔ]
807	двоє	two	[ˈdwɔje]
808	говориш	second-person singular present imperfective of говори́ти	[ɦɔˈwɔreʃ]
809	пити	to drink	[ˈpɪte]
810	іншим	instrumental masculine/neuter singular	[ˈinʃem]
811	подумала	feminine singular past indicative of поду́мати pf	[poˈdumɐɫɐ]
812	місті	locative singular of мі́сто	[ˈmʲisʲtʲi]
813	команда	command, order	[kɔˈmandɐ]
814	звуть	third-person plural present indicative of зва́ти impf	[zwutʲ]
815	любов	love	[lʲʊˈbɔu̯]
816	вирішив	masculine singular past indicative of ви́рішити pf	[ˈʋɪrʲiʃeu̯]
817	муж	husband	[muʒ]
818	повернути	to turn	[pɔʋerˈnute]
819	набагато	much, far	[nɐbɐˈɦatɔ]
820	ані	neither, nor	[ɐˈnʲi]
821	існує	third-person singular present indicative of існува́ти impf	[isˈnuje]
822	місяць	month	[ˈmʲisʲɐt͡sʲ]
823	настільки	so much; to such an extent; to such a degree	[nɐˈsʲtʲilʲke]
824	години	genitive singular	[ɦɔˈdɪne]
825	якась	nominative/vocative feminine singular of яки́йсь	[jɐˈkasʲ]
826	дали	plural past perfective of да́ти	[dɐˈɫɪ]
827	нашим	our, ours	[ˈnaʃem]
828	ключ	key	[klʲut͡ʃ]
829	матір	accusative singular of ма́ти	[ˈmatʲir]
830	хлопчик	diminutive of хло́пець: boy, lad	[ˈxɫɔpt͡ʃek]
831	своєму	one's, my, his, her, its, our, your, their	[swɔˈjɛmʊ]
832	фільм	film, movie	[fʲilʲm]
833	даруйте	second-person plural imperative of дарува́ти impf or pf	[dɐˈrui̯te]
834	сих	this, this here	[sɪx]
835	правий	right	[ˈpraʋei̯]
836	допоможе	third-person singular future indicative of допомогти́ pf	[dɔpɔˈmɔʒe]
837	стали	plural past indicative of ста́ти pf	[ˈstaɫe]
838	значення	importance, significance	[ˈznat͡ʃenʲːɐ]
839	повірити	to believe	[pɔˈʋʲirete]
840	тіло	body	[ˈtʲiɫɔ]
841	залишити	to leave	[zɐˈɫɪʃete]
842	менше	less, fewer	[ˈmɛnʃe]
843	кажеш	second-person singular present imperfective of каза́ти	[ˈkaʒeʃ]
844	жив	masculine singular past imperfective of жи́ти	[ʒɪu̯]
845	кохання	love	[kɔˈxanʲːɐ]
846	пішла	feminine singular past indicative of піти́ pf	[pʲiʃˈɫa]
847	сто	hundred	[stɔ]
848	випадок	case, occurrence, event	[ˈʋɪpɐdɔk]
849	поїхали	Let's go!; Here we go!	[pɔˈjixɐɫe]
850	чула	feminine singular past imperfective of чу́ти	[ˈt͡ʃuɫɐ]
851	стане	trunk, torso	[ˈstane]
852	богу	god	[ˈbɔɦʊ]
853	війни	genitive singular of війна́	[ʋʲii̯ˈnɪ]
854	твоїх	your, yours, thy, thine	[twɔˈjix]
855	що-небудь	something, anything	[ʃt͡ʃɔ ˈnɛbʊdʲ]
856	врятувати	to save, to rescue	[wrʲɐtʊˈʋate]
857	наприклад	for example	[nɐˈprɪkɫɐd]
858	неправильно	incorrectly, wrongly	[neˈpraʋelʲnɔ]
859	доларів	genitive plural of до́лар	[ˈdɔɫɐrʲiu̯]
860	почекай	second-person singular imperative of почека́ти pf	[pɔt͡ʃeˈkai̯]
861	дивіться	second-person plural imperative imperfective of диви́тися	[deˈʋʲit͡sʲːɐ]
862	капітан	captain	[kɐpʲiˈtan]
863	шість	six	[ʃʲisʲtʲ]
864	заткнись	second-person singular imperative of заткну́тися pf	[zɐtkˈnɪsʲ]
865	вперше	for the first time	[ˈʍpɛrʃe]
866	відповідь	answer, reply, response	[ˈʋʲidpɔʋʲidʲ]
867	лікар	doctor	[ˈlʲikɐr]
868	дала	feminine singular past perfective of да́ти	[dɐˈɫa]
869	хлопче	vocative singular of хло́пець	[ˈxɫɔpt͡ʃe]
870	годину	accusative singular of годи́на	[ɦɔˈdɪnʊ]
871	почав	masculine singular past indicative of поча́ти pf	[pɔˈt͡ʃau̯]
872	вулиці	genitive/dative/locative singular	[ˈwuɫet͡sʲi]
873	дорогу	accusative singular of доро́га	[dɔˈrɔɦʊ]
874	наскільки	how much, how, to what extent	[nɐˈsʲkʲilʲke]
875	підеш	second-person singular future indicative of піти́ pf	[ˈpʲideʃ]
876	своєї	one's, my, his, her, its, our, your, their	[swɔˈjɛji]
877	частина	part	[t͡ʃɐˈstɪnɐ]
878	звучить	third-person singular present indicative of звуча́ти impf	[zwʊˈt͡ʃɪtʲ]
879	смішно	amusingly, funnily	[ˈsʲmʲiʃnɔ]
880	секс	sex	[sɛks]
881	видно	visible	[ˈʋɪdnɔ]
882	кінця	genitive singular of кіне́ць	[kʲinʲˈt͡sʲa]
883	жодного	masculine/neuter genitive singular	[ˈʒɔdnɔɦɔ]
884	вважаю	first-person singular present indicative of вважа́ти impf	[ʋːɐˈʒajʊ]
885	думати	to think	[ˈdumɐte]
886	сили	genitive singular	[ˈsɪɫe]
887	год	year	[ɦɔd]
888	живу	feminine accusative singular of живи́й	[ʒeˈwu]
889	прийшла	feminine singular past indicative of прийти́ pf	[prei̯ʃˈɫa]
890	показати	to show	[pɔkɐˈzate]
891	будьте	second-person plural imperative imperfective of бу́ти	[ˈbudʲte]
892	кохаю	first-person singular present imperfective of коха́ти	[kɔˈxajʊ]
893	вийти	to go out, to come out, to get out, to walk out, to exit	[ˈʋɪi̯te]
894	побачив	masculine singular past indicative of поба́чити pf	[pɔˈbat͡ʃeu̯]
895	земля	earth	[zemˈlʲa]
896	ньому	he	[ˈnʲɔmʊ]
897	сідай	second-person singular imperative of сіда́ти impf	[sʲiˈdai̯]
898	друзів	friend, companion	[ˈdruzʲiu̯]
899	зупинити	to stop	[zʊpeˈnɪte]
900	провести	to see off	[prɔʋeˈstɪ]
901	купити	to buy, to purchase	[kʊˈpɪte]
902	типу	kind of, sort of, like, approximately. Used to express…	[ˈtɪpʊ]
903	чудовий	wonderful, marvellous, excellent, great	[t͡ʃʊˈdɔʋei̯]
904	серед	among, amongst; amidst	[ˈsɛred]
905	всередині	inside, within	[ʍseˈrɛdenʲi]
906	корабель	ship	[kɔrɐˈbɛlʲ]
907	спосіб	way, means, manner	[ˈspɔsʲib]
908	історії	nominative/accusative/vocative plural	[iˈstɔrʲiji]
909	працюю	first-person singular present imperfective of працюва́ти	[prɐˈt͡sʲujʊ]
910	минулого	masculine/neuter genitive singular	[meˈnuɫɔɦɔ]
911	вночі	at night, by night	[wnoˈt͡ʃʲi]
912	молодець	young bachelor	[mɔɫɔˈdɛt͡sʲ]
913	зможе	third-person singular future indicative of змогти́ pf	[ˈzmɔʒe]
914	агент	agent	[ɐˈɦɛnt]
915	людини	genitive singular of люди́на	[lʲʊˈdɪne]
916	розповісти	to recount, to narrate, to tell	[rɔzpɔʋʲiˈstɪ]
917	книгу	accusative singular of кни́га	[ˈknɪɦʊ]
918	принаймні	at least	[preˈnai̯mnʲi]
919	дозвольте	second-person plural imperative perfective of дозво́лити	[dɔzˈwɔlʲte]
920	слухайте	second-person plural imperative imperfective of слу́хати	[ˈsɫuxɐi̯te]
921	неймовірно	incredibly, unbelievably	[nei̯mɔˈʋʲirnɔ]
922	жодних	genitive plural	[ˈʒɔdnex]
923	раптом	suddenly	[ˈraptɔm]
924	людину	accusative singular of люди́на	[lʲʊˈdɪnʊ]
925	заспокойся	calm down, remain calm	[zɐspɔˈkɔi̯sʲɐ]
926	новини	news	[nɔˈʋɪne]
927	постійно	permanently	[poˈsʲtʲii̯nɔ]
928	пара	steam; vapor	[ˈparɐ]
929	купив	masculine singular past perfective of купи́ти	[kʊˈpɪu̯]
930	намагався	masculine singular past imperfective of намага́тися	[nɐmɐˈɦau̯sʲɐ]
931	список	list, register, roll	[ˈspɪsɔk]
932	допоможи	second-person singular imperative of допомогти́ pf	[dɔpɔmɔˈʒɪ]
933	суд	court	[sud]
934	нові	nominative plural	[nɔˈʋʲi]
935	щастя	happiness	[ˈʃt͡ʃasʲtʲɐ]
936	йдеш	second-person singular present indicative of йти impf	[i̯dɛʃ]
937	недавно	recently, not long ago, newly, lately	[neˈdau̯nɔ]
938	переклад	translation	[peˈrɛkɫɐd]
939	війна	war	[ʋʲii̯ˈna]
940	цілком	entirely, completely, wholly	[t͡sʲiɫˈkɔm]
941	подумай	second-person singular imperative of поду́мати pf	[poˈdumɐi̯]
942	думали	plural past indicative imperfective of ду́мати	[ˈdumɐɫe]
943	вести	to lead, to conduct	[ʋeˈstɪ]
944	кімнаті	dative/locative singular of кімна́та	[kʲimˈnatʲi]
945	подивися	second-person singular imperative of подиви́тися pf	[pɔdeˈʋɪsʲɐ]
946	спробувати	to try, to attempt	[ˈsprɔbʊʋɐte]
947	непогано	not bad, not badly, quite well	[nepɔˈɦanɔ]
948	вашим	your, yours	[ˈʋaʃem]
949	сигнал	signal	[seɦˈnaɫ]
950	написано	past passive impersonal participle of написа́ти	[nɐˈpɪsɐnɔ]
951	сила	force	[ˈsɪɫɐ]
952	боку	side, flank	[ˈbɔkʊ]
953	спершу	first, at first, initially, in the first instance	[ˈspɛrʃʊ]
954	думку	accusative singular of ду́мка	[ˈdumkʊ]
955	город	vegetable garden	[ˈɦɔrɔd]
956	повністю	fully, in full	[ˈpɔu̯nʲisʲtʲʊ]
957	школи	genitive singular	[ˈʃkɔɫe]
958	великі	nominative/vocative plural	[ʋeˈɫɪkʲi]
959	другий	second	[ˈdruɦei̯]
960	гадаєш	second-person singular present indicative of гада́ти impf	[ɦɐˈdajeʃ]
961	окей	OK	[ɔˈkɛi̯]
962	батьки	nominative/vocative plural of ба́тько	[bɐtʲˈkɪ]
963	волосся	hair	[wɔˈɫɔsʲːɐ]
964	піде	third-person singular future indicative of піти́ pf	[ˈpʲide]
965	лікарні	genitive singular of ліка́рня	[lʲiˈkarnʲi]
966	сезон	season	[seˈzɔn]
967	крові	blood	[ˈkrɔʋʲi]
968	скажете	second-person plural future perfective of сказа́ти	[ˈskaʒete]
969	особливо	especially, particularly	[ɔsɔˈbɫɪwɔ]
970	казати	to say, to tell	[kɐˈzate]
971	місяців	genitive plural of мі́сяць	[mʲisʲɐˈt͡sʲiu̯]
972	повернуся	first-person singular future indicative of поверну́тися pf	[pɔʋerˈnusʲɐ]
973	поліції	genitive singular of полі́ція	[poˈlʲit͡sʲiji]
974	взяла	feminine singular past indicative of взя́ти pf	[wzʲɐˈɫa]
975	останні	nominative plural	[ɔˈstanʲːi]
976	дивитися	to watch, to look	[deˈʋɪtesʲɐ]
977	зробиш	second-person singular future perfective of зроби́ти	[ˈzrɔbeʃ]
978	стану	trunk, torso	[ˈstanʊ]
979	чую	first-person singular present imperfective of чу́ти	[ˈt͡ʃujʊ]
980	замість	instead of, in place of	[ˈzamʲisʲtʲ]
981	член	member, limb	[t͡ʃɫɛn]
982	брати	brother	[ˈbrate]
983	звідти	from there, thence	[ˈzʲʋʲidte]
984	твоїм	your, yours, thy, thine	[twɔˈjim]
985	адвокат	lawyer	[ɐdwɔˈkat]
986	цілий	whole, intact, entire, integral	[ˈt͡sʲiɫei̯]
987	внизу	below, beneath, underneath, down	[wneˈzu]
988	обіцяю	first-person singular present indicative of обіця́ти impf	[ɔbʲiˈt͡sʲajʊ]
989	гірше	comparative degree of пога́но: worse	[ˈɦʲirʃe]
990	чисто	cleanly	[ˈt͡ʃɪstɔ]
991	померти	to die	[pɔˈmɛrte]
992	початку	genitive/dative/locative/vocative singular of поча́ток	[pɔˈt͡ʃatkʊ]
993	силу	accusative singular of си́ла	[ˈsɪɫʊ]
994	побачиш	second-person singular future indicative of поба́чити pf	[pɔˈbat͡ʃeʃ]
995	чути	to hear	[ˈt͡ʃute]
996	вибір	choice, selection	[ˈʋɪbʲir]
997	мужчина	man	[mʊʒˈt͡ʃɪnɐ]
998	хлопців	genitive/accusative plural of хло́пець	[ˈxɫɔpt͡sʲiu̯]
999	змінити	to change, to alter, to modify	[zʲmʲiˈnɪte]
1000	зайти	to come in, to go in, to enter	[zɐi̯ˈtɪ]
1001	твоєму	your, yours, thy, thine	[twɔˈjɛmʊ]
1002	моєю	my, mine	[mɔˈjɛjʊ]
1003	своїй	one's, my, his, her, its, our, your, their	[swɔˈjii̯]
1004	добро	good	[dɔˈbrɔ]
1005	брате	brother	[ˈbrate]
1006	справжній	real, genuine, authentic, actual	[ˈsprau̯ʒnʲii̯]
1007	безпеці	dative/locative singular of безпе́ка	[bezˈpɛt͡sʲi]
1008	президент	president	[prezeˈdɛnt]
1009	нікуди	to nowhere, not to anywhere	[nʲiˈkude]
1010	померла	to die	[pɔˈmɛrɫɐ]
1011	ходи	second-person singular imperative imperfective of ходи́ти	[xɔˈdɪ]
1012	подарунок	present, gift	[pɔdɐˈrunɔk]
1013	тримати	to hold	[treˈmate]
1014	принести	to bring, to fetch	[preneˈstɪ]
1015	почали	plural past indicative of поча́ти pf	[pɔt͡ʃɐˈɫɪ]
1016	подивитися	to watch, to look	[pɔdeˈʋɪtesʲɐ]
1017	візьму	first-person singular future indicative of взя́ти pf and…	[ʋʲizʲˈmu]
1018	вид	kind, sort	[ʋɪd]
1019	жінок	genitive/accusative plural of жі́нка	[ʒʲiˈnɔk]
1020	вечора	genitive singular of ве́чір	[ˈʋɛt͡ʃɔrɐ]
1021	дівчата	girls	[dʲiu̯ˈt͡ʃatɐ]
1022	тримайся	second-person singular imperative of трима́тися impf	[treˈmai̯sʲɐ]
1023	стає	third-person singular present indicative of става́ти impf	[stɐˈjɛ]
1024	почуття	sense, feeling	[pɔt͡ʃʊˈtʲːa]
1025	чули	plural past imperfective of чу́ти	[ˈt͡ʃuɫe]
1026	перша	feminine nominative singular of пе́рший	[ˈpɛrʃɐ]
1027	своєю	one's, my, his, her, its, our, your, their	[swɔˈjɛjʊ]
1028	вашої	your, yours	[ˈʋaʃɔji]
1029	готово	done, ready, prepared	[ɦɔˈtɔwɔ]
1030	сюрприз	surprise	[sʲʊrˈprɪz]
1031	ввечері	in the evening	[ˈʋːɛt͡ʃerʲi]
1032	страх	awfully	[strax]
1033	мами	genitive singular of ма́ма	[ˈmame]
1034	всьому	all, the whole	[ʍsʲoˈmu]
1035	завгодно	with pronoun or adverb, meaning "any"	[zɐu̯ˈɦɔdnɔ]
1036	винен	guilty	[ˈʋɪnen]
1037	удар	blow, hit, strike, stroke	[ʊˈdar]
1038	їдемо	first-person plural present indicative imperfective of…	[ˈjidemɔ]
1039	зміг	masculine singular past indicative of змогти́ pf	[zʲmʲiɦ]
1040	якраз	just, exactly	[jɐˈkraz]
1041	звук	sound	[zwuk]
1042	наступний	next, following	[nɐˈstupnei̯]
1043	трьох	three	[tʲrʲɔx]
1044	чогось	for some reason	[t͡ʃɔˈɦɔsʲ]
1045	зустріч	meeting, encounter	[ˈzustʲrʲit͡ʃ]
1046	дізнатися	to learn, to get to know, to find out	[dʲizˈnatesʲɐ]
1047	поле	field	[ˈpɔɫe]
1048	чан	tub, tank, vat	[t͡ʃan]
1049	шляху	way, path	[ˈʃlʲaxʊ]
1050	штука	piece	[ˈʃtukɐ]
1051	даю	first-person singular present indicative of дава́ти impf	[dɐˈju]
1052	шо	what, alternative form of що	[ʃɔ]
1053	магазин	shop, store	[mɐɦɐˈzɪn]
1054	машині	dative/locative singular of маши́на	[mɐˈʃɪnʲi]
1055	рахунок	count	[rɐˈxunɔk]
1056	забрали	plural past indicative of забра́ти pf	[zɐˈbraɫe]
1057	шукати	to look for, to seek, to search	[ʃʊˈkate]
1058	квартиру	accusative singular of кварти́ра	[kʋɐrˈtɪrʊ]
1059	завдання	task, job, assignment	[zɐu̯ˈdanʲːɐ]
1060	рука	hand	[rʊˈka]
1061	чай	tea	[t͡ʃai̯]
1062	дівчинка	diminutive of ді́вчина: girl, little girl	[ˈdʲiu̯t͡ʃenkɐ]
1063	зрештою	eventually, ultimately, finally, in the end	[ˈzrɛʃtɔjʊ]
1064	нова	feminine nominative singular of нови́й	[nɔˈʋa]
1065	голові	dative/locative singular of голова́	[ɦɔɫɔˈʋʲi]
1066	думай	second-person singular imperative imperfective of ду́мати	[ˈdumɐi̯]
1067	рук	genitive plural of рука́	[ruk]
1068	почати	to begin, to start, to commence	[pɔˈt͡ʃate]
1069	відмінно	differently	[ʋʲidʲˈmʲinːɔ]
1070	другу	friend, companion	[ˈdruɦʊ]
1071	школі	dative/locative singular of шко́ла	[ˈʃkɔlʲi]
1072	робимо	first-person plural present imperfective of роби́ти	[ˈrɔbemɔ]
1073	такою	instrumental feminine singular of таки́й	[tɐˈkɔjʊ]
1074	намагаюся	first-person singular present imperfective of намага́тися	[nɐmɐˈɦajʊsʲɐ]
1075	вечер	genitive plural of вече́ря	[ʋeˈt͡ʃɛr]
1076	зрозуміла	feminine singular past indicative of зрозумі́ти pf	[zrɔzʊˈmʲiɫɐ]
1077	гра	game, play	[ɦra]
1078	авто	car, automobile	[ɐu̯ˈtɔ]
1079	історію	accusative singular of істо́рія	[iˈstɔrʲijʊ]
1080	компанії	genitive/dative/locative singular	[kɔmˈpanʲiji]
1081	ходить	third-person singular present imperfective of ходи́ти	[ˈxɔdetʲ]
1082	вийшло	neuter singular past of ви́йти pf	[ˈʋɪi̯ʃɫɔ]
1083	сука	bitch, fucker	[ˈsukɐ]
1084	відомо	known, well known	[ʋʲiˈdɔmɔ]
1085	убили	plural past indicative perfective of уби́ти	[ʊˈbɪɫe]
1086	разі	time	[ˈrazʲi]
1087	подруга	female friend, friendess	[ˈpɔdrʊɦɐ]
1088	просимо	first-person plural present indicative of проси́ти impf	[ˈprɔsemɔ]
1089	сил	genitive plural of си́ла	[sɪɫ]
1090	дивися	second-person singular imperative imperfective of диви́тися	[deˈʋɪsʲɐ]
1091	знак	symbol	[znak]
1092	любиш	second-person singular present of люби́ти impf	[ˈlʲubeʃ]
1093	авжеж	certainly, for sure, indeed, of course	[ɐu̯ˈʒɛʒ]
1094	поїхати	to go, to drive, to ride	[pɔˈjixɐte]
1095	роль	role, part	[rɔlʲ]
1096	станеться	third-person singular future indicative of ста́тися pf	[ˈstanet͡sʲːɐ]
1097	декілька	several, some, a few	[ˈdɛkʲilʲkɐ]
1098	протягом	during, over the course of	[ˈprɔtʲɐɦɔm]
1099	обох	genitive/locative plural	[ɔˈbɔx]
1100	своїми	one's, my, his, her, its, our, your, their	[swɔˈjime]
1101	ній	locative of вона́	[nʲii̯]
1102	пістолет	pistol, handgun	[pʲistɔˈɫɛt]
1103	залишитися	to remain, to stay; to be left	[zɐɫeˈʃɪtesʲɐ]
1104	вдалося	neuter singular past indicative of вда́тися pf	[wdɐˈɫɔsʲɐ]
1105	знайду	first-person singular future indicative of знайти́ pf	[znɐi̯ˈdu]
1106	принесу	first-person singular future indicative of принести́ pf	[preneˈsu]
1107	мила	feminine singular past imperfective of ми́ти	[ˈmɪɫɐ]
1108	книги	genitive singular	[ˈknɪɦe]
1109	знайшла	feminine singular past perfective of знайти́	[znɐi̯ʃˈɫa]
1110	ніщо	nothing	[nʲiʃˈt͡ʃɔ]
1111	проте	but, however, yet	[prɔˈtɛ]
1112	зустрічі	genitive/dative/locative singular	[ˈzustʲrʲit͡ʃʲi]
1113	часи	time	[t͡ʃɐˈsɪ]
1114	ближче	neuter nominative/accusative singular of бли́жчий	[ˈbɫɪʒt͡ʃe]
1115	нове	neuter nominative/accusative singular of нови́й	[nɔˈʋɛ]
1116	запах	smell, odor, scent	[ˈzapɐx]
1117	погоди	genitive singular of пого́да	[pɔˈɦɔde]
1118	маленька	nominative/vocative feminine singular of мале́нький	[mɐˈɫɛnʲkɐ]
1119	зробить	third-person singular future perfective of зроби́ти	[ˈzrɔbetʲ]
1120	отримали	plural past perfective of отри́мати	[ɔˈtrɪmɐɫe]
1121	тисячі	nominative/accusative/vocative plural of ти́сяча	[tesʲɐˈt͡ʃʲi]
1122	працював	masculine singular past indicative imperfective of…	[prɐt͡sʲʊˈʋau̯]
1123	днем	day	[dnɛm]
1124	кажучи	present adverbial imperfective participle of каза́ти	[ˈkaʒʊt͡ʃe]
1125	чоловіки	nominative/vocative plural of чолові́к	[t͡ʃɔɫɔˈʋʲike]
1126	рот	mouth	[rɔt]
1127	королева	queen	[kɔrɔˈɫɛʋɐ]
1128	допомогу	accusative singular of допомо́га	[dɔpɔˈmɔɦʊ]
1129	якою	instrumental feminine singular of яки́й	[jɐˈkɔjʊ]
1130	дорога	road, way	[dɔˈrɔɦɐ]
1131	приїхав	masculine singular past indicative of приї́хати pf	[preˈjixɐu̯]
1132	мить	moment, instant	[mɪtʲ]
1133	холодно	coldly	[ˈxɔɫɔdnɔ]
1134	знайдемо	first-person plural future indicative of знайти́ pf	[ˈznai̯demɔ]
1135	речей	thing, object	[reˈt͡ʃɛi̯]
1136	ніяк	in no way, not in a way, nowise	[nʲiˈjak]
1137	думки	genitive singular	[ˈdumke]
1138	такому	dative/locative masculine/neuter singular of таки́й	[tɐˈkɔmʊ]
1139	відчуття	sensation, feeling, sense	[ʋʲid͡ʒt͡ʃʊˈtʲːa]
1140	дорозі	dative/locative singular of доро́га	[dɔˈrɔzʲi]
1141	повернеться	third-person singular future indicative of поверну́тися pf	[pɔˈʋɛrnet͡sʲːɐ]
1142	велике	nominative/accusative/vocative neuter singular of вели́кий	[ʋeˈɫɪke]
1143	обидва	both	[ɔˈbɪdʋɐ]
1144	повітря	air	[pɔˈʋʲitʲrʲɐ]
1145	повір	second-person singular imperative of пові́рити pf	[pɔˈʋʲir]
1146	тієї	that	[tʲiˈjɛji]
1147	вихід	departure, exit, leaving	[ˈʋɪxʲid]
1148	великого	masculine/neuter genitive singular	[ʋeˈɫɪkɔɦɔ]
1149	пощастило	neuter singular past indicative of пощасти́ти pf	[pɔʃt͡ʃɐˈstɪɫɔ]
1150	путь	way, road	[putʲ]
1151	ласкаво	affectionately, caressingly, tenderly	[ɫɐˈskawɔ]
1152	крізь	through	[krʲizʲ]
1153	весілля	wedding, marriage ceremony	[ʋeˈsʲilʲːɐ]
1154	книга	book	[ˈknɪɦɐ]
1155	забери	second-person singular imperative of забра́ти pf	[zɐbeˈrɪ]
1156	найкращий	superlative degree of га́рний, до́брий, and хоро́ший: best	[nɐi̯ˈkraʃt͡ʃei̯]
1157	запитати	to ask, to inquire	[zɐpeˈtate]
1158	мільйонів	genitive plural of мільйо́н	[mʲiˈlʲjɔnʲiu̯]
1159	такими	instrumental plural of таки́й	[tɐˈkɪme]
1160	купить	third-person singular future perfective of купи́ти	[ˈkupetʲ]
1161	війну	accusative singular of війна́	[ʋʲii̯ˈnu]
1162	хвилину	accusative singular of хвили́на	[xʋeˈɫɪnʊ]
1163	одразу	at once, forthwith, immediately, right away, straight away	[ɔˈdrazʊ]
1164	малий	little, small	[mɐˈɫɪi̯]
1165	називається	third-person singular present indicative of назива́тися impf	[nɐzeˈʋajet͡sʲːɐ]
1166	клас	class	[kɫas]
1167	цією	this	[t͡sʲiˈjɛjʊ]
1168	жінку	accusative singular of жі́нка	[ˈʒʲinkʊ]
1169	приніс	masculine singular past indicative of принести́ pf	[preˈnʲis]
1170	можливість	possibility	[mɔʒˈɫɪʋʲisʲtʲ]
1171	хто-небудь	somebody, anybody	[xtɔ ˈnɛbʊdʲ]
1172	подивись	second-person singular imperative of подиви́тися pf	[pɔdeˈʋɪsʲ]
1173	вбивство	murder	[ˈwbɪu̯stwɔ]
1174	людиною	instrumental singular of люди́на	[lʲʊˈdɪnɔjʊ]
1175	завдяки	thanks to, due to, owing to	[zɐu̯dʲɐˈkɪ]
1176	подивіться	second-person plural imperative of подиви́тися pf	[pɔdeˈʋʲit͡sʲːɐ]
1177	порядок	order, sequence	[pɔˈrʲadɔk]
1178	ходити	to go	[xɔˈdɪte]
1179	твоїй	your, yours, thy, thine	[twɔˈjii̯]
1180	битися	to fight, to struggle	[ˈbɪtesʲɐ]
1181	оскільки	inasmuch as, since, as, because	[oˈsʲkʲilʲke]
1182	випити	to drink, to drink up	[ˈʋɪpete]
1183	жива	feminine nominative singular of живи́й	[ʒeˈʋa]
1184	байдуже	indifferently	[ˈbai̯dʊʒe]
1185	пиво	beer	[ˈpɪwɔ]
1186	дядько	uncle	[ˈdʲadʲkɔ]
1187	дякуємо	first-person plural present indicative of дя́кувати	[ˈdʲakʊjemɔ]
1188	якусь	accusative feminine singular of яки́йсь	[jɐˈkusʲ]
1189	крок	step, pace	[krɔk]
1190	якої	genitive feminine singular of яки́й	[jɐˈkɔji]
1191	гру	game, play	[ɦru]
1192	тижні	locative singular	[ˈtɪʒnʲi]
1193	костюм	suit	[koˈsʲtʲum]
1194	увага	care	[ʊˈʋaɦɐ]
1195	чоловіком	instrumental singular of чолові́к	[t͡ʃɔɫɔˈʋʲikɔm]
1196	сонце	sun	[ˈsɔnt͡se]
1197	пояснити	to explain, to explicate	[pɔjɐsˈnɪte]
1198	вино	wine	[ʋeˈnɔ]
1199	наказ	order	[nɐˈkaz]
1200	місяці	locative singular of мі́сяць	[ˈmʲisʲɐt͡sʲi]
1201	тижня	genitive singular of ти́ждень	[ˈtɪʒnʲɐ]
1202	довелося	neuter singular past indicative of довести́ся pf	[dɔʋeˈɫɔsʲɐ]
1203	нашому	our, ours	[ˈnaʃɔmʊ]
1204	спокій	calm, calmness, tranquility, placidity, peace, quiet,…	[ˈspɔkʲii̯]
1205	закон	law	[zɐˈkɔn]
1206	сину	son	[ˈsɪnʊ]
1207	старший	older, more ancient	[ˈstarʃei̯]
1208	факт	fact	[fakt]
1209	богом	god	[ˈbɔɦɔm]
1210	увесь	all, the whole	[ʊˈʋɛsʲ]
1211	дядя	uncle	[ˈdʲadʲɐ]
1212	двадцять	twenty	[ˈdʋad͡zʲt͡sʲɐtʲ]
1213	отець	father	[ɔˈtɛt͡sʲ]
1214	зазвичай	usually, generally	[zɐzʋeˈt͡ʃai̯]
1215	сидіти	to sit	[seˈdʲite]
1216	голови	genitive singular of голова́	[ɦɔɫɔˈʋɪ]
1217	схожий	similar, alike	[ˈsxɔʒei̯]
1218	музика	music	[ˈmuzekɐ]
1219	ногу	accusative singular of нога́	[ˈnɔɦʊ]
1220	справі	dative singular of спра́ва	[ˈspraʋʲi]
1221	прийом	reception, greeting, welcome	[preˈjɔm]
1222	віддати	to give back, deliver, return, restore, repay	[ʋʲiˈdːate]
1223	якій	dative/locative feminine singular of яки́й	[jɐˈkʲii̯]
1224	любила	feminine singular past indicative imperfective of люби́ти	[lʲʊˈbɪɫɐ]
1225	йдуть	third-person plural present indicative of йти impf	[i̯dutʲ]
1226	почути	to hear	[poˈt͡ʃute]
1227	іншому	dative masculine/neuter singular	[ˈinʃɔmʊ]
1228	роботі	dative/locative singular of робо́та	[rɔˈbɔtʲi]
1229	дідько	devil, demon, evil spirit	[ˈdʲidʲkɔ]
1230	чимось	something	[ˈt͡ʃɪmɔsʲ]
1231	назавжди	forever	[nɐˈzau̯ʒde]
1232	велику	accusative feminine singular of вели́кий	[ʋeˈɫɪkʊ]
1233	думає	third-person singular present imperfective of ду́мати	[ˈdumɐje]
1234	вашому	your, yours	[ˈʋaʃɔmʊ]
1235	ключі	key	[klʲʊˈt͡ʃʲi]
1236	хвилини	genitive singular	[xʋeˈɫɪne]
1237	ідіть	second-person plural imperative imperfective of іти́	[iˈdʲitʲ]
1238	повний	full	[ˈpɔu̯nei̯]
1239	ніякого	genitive masculine/neuter singular	[nʲiˈjakɔɦɔ]
1240	бажання	desire, wish	[bɐˈʒanʲːɐ]
1241	їхні	nominative/vocative plural	[ˈjixnʲi]
1242	автобус	bus, motorbus	[ɐu̯ˈtɔbʊs]
1243	знищити	to destroy, to annihilate, to obliterate	[ˈznɪʃt͡ʃete]
1244	хочеться	third-person singular present indicative of хоті́тися impf	[ˈxɔt͡ʃet͡sʲːɐ]
1245	стоїть	third-person singular present indicative of стоя́ти	[stɔˈjitʲ]
1246	дерева	genitive singular of де́рево	[ˈdɛreʋɐ]
1247	зброя	weapon, armament, arms	[ˈzbrɔjɐ]
1248	слів	genitive plural of сло́во	[sʲlʲiu̯]
1249	чаю	tea	[ˈt͡ʃajʊ]
1250	піп	priest	[pʲip]
1251	трапилось	neuter singular past indicative of тра́питися pf	[ˈtrapeɫɔsʲ]
1252	центр	centre, center	[t͡sɛntr]
1253	належить	third-person singular present indicative of нале́жати impf	[nɐˈɫɛʒetʲ]
1254	жарт	joke	[ʒart]
1255	літак	airplane	[lʲiˈtak]
1256	жили	plural past imperfective of жи́ти	[ʒeˈɫɪ]
1257	сподіваюсь	first-person singular present indicative of сподіва́тися…	[spɔdʲiˈʋajʊsʲ]
1258	слухаю	first-person singular present imperfective of слу́хати	[ˈsɫuxɐjʊ]
1259	згоден	short form of зго́дний	[ˈzɦɔden]
1260	сідайте	second-person plural imperative of сіда́ти impf	[sʲiˈdai̯te]
1261	вигляд	appearance, look, aspect	[ˈʋɪɦlʲɐd]
1262	туалет	toilet, WC, restroom, lavatory	[tʊɐˈɫɛt]
1263	робили	plural past imperfective of роби́ти	[rɔˈbɪɫe]
1264	неправда	untruth, falsehood, lie	[neˈprau̯dɐ]
1265	стоять	infinitive	[stɔˈjatʲ]
1266	поза	outside, out of	[ˈpɔzɐ]
1267	головний	head	[ɦɔɫɔu̯ˈnɪi̯]
1268	руками	instrumental plural of рука́	[rʊˈkame]
1269	особисто	personally	[ɔsɔˈbɪstɔ]
1270	подумати	to think	[poˈdumɐte]
1271	комусь	somebody, someone	[koˈmusʲ]
1272	душу	accusative singular of душа́	[ˈduʃʊ]
1273	казали	plural past imperfective of каза́ти	[kɐˈzaɫe]
1274	море	sea	[ˈmɔre]
1275	окрім	alternative form of крім	[oˈkrʲim]
1276	кімнату	accusative singular of кімна́та	[kʲimˈnatʊ]
1277	стояти	to stand	[stɔˈjate]
1278	найкраще	neuter nominative/accusative singular of найкра́щий	[nɐi̯ˈkraʃt͡ʃe]
1279	кіно	movie, motion picture, film	[kʲiˈnɔ]
1280	директор	manager, director, head, CEO	[deˈrɛktɔr]
1281	розкажи	second-person singular imperative of розказа́ти pf	[rɔzkɐˈʒɪ]
1282	система	system	[seˈstɛmɐ]
1283	кінці	locative singular	[kʲinʲˈt͡sʲi]
1284	перше	nominative/accusative neuter singular of пе́рший	[ˈpɛrʃe]
1285	урок	lesson	[ʊˈrɔk]
1286	батьків	father	[bɐtʲˈkʲiu̯]
1287	золото	gold	[ˈzɔɫɔtɔ]
1288	твоєю	your, yours, thy, thine	[twɔˈjɛjʊ]
1289	допоможу	first-person singular future indicative of допомогти́ pf	[dɔpɔmoˈʒu]
1290	хутко	quickly, rapidly, swiftly	[ˈxutkɔ]
1291	чоловіків	genitive/accusative plural of чолові́к	[t͡ʃɔɫɔˈʋʲikʲiu̯]
1292	шукаю	first-person singular present indicative imperfective of…	[ʃʊˈkajʊ]
1293	острів	island	[ˈɔstʲrʲiu̯]
1294	старого	masculine/neuter genitive singular	[stɐˈrɔɦɔ]
1295	душі	genitive/dative/locative singular of душа́	[dʊˈʃʲi]
1296	нову	feminine accusative singular of нови́й	[nɔˈwu]
1297	гарні	nominative plural	[ˈɦarnʲi]
1298	безпеки	genitive singular	[bezˈpɛke]
1299	році	year	[ˈrɔt͡sʲi]
1300	зустрітися	to meet, to encounter, to come across + instrumental	[zʊˈstʲrʲitesʲɐ]
1301	милий	cute	[ˈmɪɫei̯]
1302	головне	neuter nominative/accusative singular of головни́й	[ɦɔɫɔu̯ˈnɛ]
1303	вийшов	masculine singular past of ви́йти pf	[ˈʋɪi̯ʃɔu̯]
1304	доступ	access, admittance, admission	[ˈdɔstʊp]
1305	цими	this	[ˈt͡sɪme]
1306	вісім	eight	[ˈʋʲisʲim]
1307	написав	masculine singular past perfective of написа́ти	[nɐpeˈsau̯]
1308	чекаю	first-person singular present imperfective of чека́ти	[t͡ʃeˈkajʊ]
1309	код	code	[kɔd]
1310	перевірити	to check, to verify, to test	[pereˈʋʲirete]
1311	прокляття	curse, malediction, perdition, execration, damnation,…	[prɔˈklʲatʲːɐ]
1312	дає	third-person singular present indicative of дава́ти impf	[dɐˈjɛ]
1313	нащо	why, what for, to what end	[ˈnaʃt͡ʃɔ]
1314	камінь	stone, pebble	[ˈkamʲinʲ]
1315	щодня	every day, daily	[ʃt͡ʃɔdʲˈnʲa]
1316	їжу	accusative singular of ї́жа	[ˈjiʒʊ]
1317	клуб	club	[kɫub]
1318	говорять	third-person plural present imperfective of говори́ти	[ɦɔˈwɔrʲɐtʲ]
1319	небезпечно	dangerously, hazardously, perilously, unsafely	[nebezˈpɛt͡ʃnɔ]
1320	тижнів	genitive plural of ти́ждень	[ˈtɪʒnʲiu̯]
1321	братом	brother	[brɐˈtɔm]
1322	ян	yang	[jan]
1323	самому	self, -self	[ˈsamɔmʊ]
1324	країні	dative/locative singular of краї́на	[krɐˈjinʲi]
1325	вибачення	pardon	[ˈʋɪbɐt͡ʃenʲːɐ]
1326	вікно	window	[ʋʲikˈnɔ]
1327	тип	type	[tɪp]
1328	звали	plural past indicative imperfective of зва́ти	[ˈzʋaɫe]
1329	скаже	third-person singular future perfective of сказа́ти	[ˈskaʒe]
1330	стара	feminine nominative singular of стари́й	[stɐˈra]
1331	сядь	second-person singular imperative of сі́сти pf	[sʲadʲ]
1332	образом	instrumental singular of о́браз	[ˈɔbrɐzɔm]
1333	серця	genitive singular of се́рце	[ˈsɛrt͡sʲɐ]
1334	рота	mouth	[ˈrɔtɐ]
1335	сами	self, -self	[sɐˈmɪ]
1336	кімната	room	[kʲimˈnatɐ]
1337	прийняти	to accept	[prei̯ˈnʲate]
1338	уваги	genitive singular	[ʊˈʋaɦe]
1339	збирається	third-person singular present indicative of збира́тися impf	[zbeˈrajet͡sʲːɐ]
1340	думка	thought	[ˈdumkɐ]
1341	батьком	instrumental singular of ба́тько	[ˈbatʲkɔm]
1342	уявити	to imagine	[ʊjɐˈʋɪte]
1343	лежить	third-person singular present indicative of лежа́ти impf	[ɫeˈʒɪtʲ]
1344	обід	dinner, lunch	[oˈbʲid]
1345	батьку	dative/locative/vocative singular of ба́тько	[ˈbatʲkʊ]
1346	імені	genitive/dative/locative singular of ім'я́	[ˈimenʲi]
1347	чекають	third-person plural present imperfective of чека́ти	[t͡ʃeˈkajʊtʲ]
1348	життям	instrumental singular	[ʒeˈtʲːam]
1349	стріляти	to shoot, to fire	[stʲrʲiˈlʲate]
1350	гори	genitive singular of гора́	[ɦɔˈrɪ]
1351	втекти	to flee, to get away, to run away, to run off	[ʍtekˈtɪ]
1352	захистити	to defend	[zɐxeˈstɪte]
1353	усього	genitive masculine/neuter singular	[ʊsʲɔˈɦɔ]
1354	ліжко	bed	[ˈlʲiʒkɔ]
1355	потрапити	to get, to find one's way, to end up, to come, to fall	[pɔˈtrapete]
1356	забагато	too much	[zɐbɐˈɦatɔ]
1357	ворота	gate	[wɔˈrɔtɐ]
1358	коп	cop	[kɔp]
1359	дочка	daughter	[dɔt͡ʃˈka]
1360	відпусти	second-person singular imperative perfective of відпусти́ти	[ʋʲidpʊˈstɪ]
1361	зірки	genitive singular of зі́рка	[ˈzʲirke]
1362	собака	dog	[sɔˈbakɐ]
1363	більшість	majority	[ˈbʲilʲʃʲisʲtʲ]
1364	першого	masculine/neuter genitive singular	[ˈpɛrʃɔɦɔ]
1365	кращий	comparative degree of краси́вий	[ˈkraʃt͡ʃei̯]
1366	вирішили	plural past indicative of ви́рішити pf	[ˈʋɪrʲiʃeɫe]
1367	одяг	clothes, clothing, garments	[ˈɔdʲɐɦ]
1368	востаннє	last, the last time	[wɔˈstanʲːe]
1369	герой	hero	[ɦeˈrɔi̯]
1370	ліжку	dative/locative singular of лі́жко	[ˈlʲiʒkʊ]
1371	слухати	to listen	[ˈsɫuxɐte]
1372	тата	genitive/accusative singular of та́то	[ˈtatɐ]
1373	дивишся	second-person singular present imperfective of диви́тися	[ˈdɪʋesʲːɐ]
1374	замок	castle	[ˈzamɔk]
1375	трішки	a bit, a little, a little bit, slightly	[ˈtʲrʲiʃke]
1376	солдат	soldier	[sɔɫˈdat]
1377	вірити	to believe	[ˈʋʲirete]
1378	інша	nominative feminine singular of і́нший	[ˈinʃɐ]
1379	щасливий	happy; lucky	[ʃt͡ʃɐsˈɫɪʋei̯]
1380	першим	masculine/neuter instrumental singular	[ˈpɛrʃem]
1381	доля	part, portion, share	[ˈdɔlʲɐ]
1382	жартуєш	second-person singular present indicative of жартува́ти impf	[ʒɐrˈtujeʃ]
1383	сучий	bitch’s	[ˈsut͡ʃei̯]
1384	певно	possibly, perhaps	[ˈpɛu̯nɔ]
1385	розслабся	second-person singular imperative of розсла́битися pf	[rɔzsˈɫabsʲɐ]
1386	увагу	accusative singular of ува́га	[ʊˈʋaɦʊ]
1387	кудись	somewhere	[kʊˈdɪsʲ]
1388	погляньте	second-person plural imperative of погля́нути pf	[pɔˈɦlʲanʲte]
1389	участь	participation, partaking	[ˈut͡ʃɐsʲtʲ]
1390	дозволити	to allow, to permit, to let	[dɔzˈwɔɫete]
1391	розповів	masculine singular past indicative of розповісти́	[rɔzpɔˈʋʲiu̯]
1392	іншу	accusative feminine singular of і́нший	[ˈinʃʊ]
1393	народу	genitive singular	[nɐˈrɔdʊ]
1394	приїхали	plural past indicative of приї́хати pf	[preˈjixɐɫe]
1395	переживай	second-person singular imperative of пережива́ти impf	[pereʒeˈʋai̯]
1396	біль	ache, pain	[bʲilʲ]
1397	стіни	genitive singular of стіна́	[sʲtʲiˈnɪ]
1398	зроблено	past passive impersonal participle of зроби́ти	[ˈzrɔbɫenɔ]
1399	помилка	mistake, error, blunder	[pɔˈmɪɫkɐ]
1400	залишається	third-person singular present indicative of залиша́тися impf	[zɐɫeˈʃajet͡sʲːɐ]
1401	спить	third-person singular present imperfective of спа́ти	[spɪtʲ]
1402	всередину	inside, within	[ʍseˈrɛdenʊ]
1403	боїшся	second-person singular present indicative of боя́тися impf	[bɔˈjisʲːɐ]
1404	систему	accusative singular of систе́ма	[seˈstɛmʊ]
1405	подобаються	third-person plural present indicative of подо́батися impf	[pɔˈdɔbɐjʊt͡sʲːɐ]
1406	вгору	up, upward, upwards	[ˈwɦɔrʊ]
1407	старі	nominative plural	[stɐˈrʲi]
1408	дівчат	genitive/accusative plural of ді́вчи́на, дівча́, and…	[dʲiu̯ˈt͡ʃat]
1409	принеси	second-person singular imperative of принести́ pf	[preneˈsɪ]
1410	якесь	nominative/accusative/vocative neuter singular of яки́йсь	[jɐˈkɛsʲ]
1411	знаходиться	third-person singular present indicative	[znɐˈxɔdet͡sʲːɐ]
1412	дерево	tree	[ˈdɛrewɔ]
1413	півночі	genitive/dative/locative singular	[ˈpʲiu̯nɔt͡ʃʲi]
1414	зад	back, back part, back side, rear	[zad]
1415	правило	rule	[ˈpraʋeɫɔ]
1416	знадобиться	third-person singular future indicative	[znɐdɔˈbɪt͡sʲːɐ]
1417	стосується	third-person singular present indicative of стосува́тися…	[stoˈsujet͡sʲːɐ]
1418	допомогою	instrumental singular of допомо́га	[dɔpɔˈmɔɦɔjʊ]
1419	мова	language	[ˈmɔʋɐ]
1420	почнемо	first-person plural future indicative of поча́ти pf	[pɔt͡ʃneˈmɔ]
1421	однієї	genitive feminine singular of оди́н	[ɔdʲnʲiˈjɛji]
1422	тій	that	[tʲii̯]
1423	готель	hotel	[ɦɔˈtɛlʲ]
1424	вважає	third-person singular present indicative of вважа́ти impf	[ʋːɐˈʒaje]
1425	вечерю	accusative singular of вече́ря	[ʋeˈt͡ʃɛrʲʊ]
1426	отримаєш	second-person singular future indicative of отри́мати pf	[ɔˈtrɪmɐjeʃ]
1427	різниця	difference	[rʲizˈnɪt͡sʲɐ]
1428	вбивати	to beat in, to drive in, to hammer in, to stick in	[wbeˈʋate]
1429	привести	to bring, to lead	[preʋeˈstɪ]
1430	болить	third-person singular present imperfective of болі́ти	[bɔˈɫɪtʲ]
1431	дізнався	masculine singular past indicative of дізна́тися pf	[dʲizˈnau̯sʲɐ]
1432	справжня	feminine nominative singular of спра́вжній	[ˈsprau̯ʒnʲɐ]
1433	секрет	secret	[seˈkrɛt]
1434	інформацію	accusative singular of інформа́ція	[infɔrˈmat͡sʲijʊ]
1435	зброї	genitive/dative/locative singular of збро́я	[ˈzbrɔji]
1436	остання	feminine nominative singular of оста́нній	[ɔˈstanʲːɐ]
1437	ресторан	restaurant	[restɔˈran]
1438	каву	accusative singular of ка́ва	[ˈkawʊ]
1439	обіцяв	masculine singular past indicative of обіця́ти impf	[ɔbʲiˈt͡sʲau̯]
1440	убив	masculine singular past indicative perfective of уби́ти	[ʊˈbɪu̯]
1441	мак	poppy	[mak]
1442	жертва	victim	[ˈʒɛrtʋɐ]
1443	мозок	brain	[ˈmɔzɔk]
1444	друзями	friend, companion	[ˈdruzʲɐme]
1445	справ	genitive plural of спра́ва	[sprau̯]
1446	будь-ласка	misspelling of будь ла́ска	
1447	проект	alternative form of проє́кт: project, design, draft	[prɔˈɛkt]
1448	читати	to read	[t͡ʃeˈtate]
1449	намагається	third-person singular present imperfective of намага́тися	[nɐmɐˈɦajet͡sʲːɐ]
1450	минуле	past	[meˈnuɫe]
1451	поряд	next, alongside, nearby, side by side	[ˈpɔrʲɐd]
1452	небо	sky	[ˈnɛbɔ]
1453	кави	genitive singular of ка́ва	[ˈkaʋe]
1454	бій	battle, combat, fight, fighting	[bʲii̯]
1455	дух	spirit	[dux]
1456	команду	accusative singular of кома́нда	[kɔˈmandʊ]
1457	зможете	second-person plural future indicative of змогти́ pf	[ˈzmɔʒete]
1458	тримайте	second-person plural imperative of трима́ти impf	[treˈmai̯te]
1459	купила	feminine singular past perfective of купи́ти	[kʊˈpɪɫɐ]
1460	яйця	genitive singular of яйце́	[jɐi̯ˈt͡sʲa]
1461	дверей	genitive plural of две́рі	[dʋeˈrɛi̯]
1462	познайомитися	to meet, to get to know, to make the acquaintance of, to…	[pɔznɐˈjɔmetesʲɐ]
1463	ситуація	situation	[setʊˈat͡sʲijɐ]
1464	ідіот	idiot	[idʲiˈɔt]
1465	проблему	accusative singular of пробле́ма	[prɔˈbɫɛmʊ]
1466	дивиться	third-person singular present imperfective of диви́тися	[ˈdɪʋet͡sʲːɐ]
1467	решта	rest, remainder	[ˈrɛʃtɐ]
1468	відкрити	to open	[ʋʲidˈkrɪte]
1469	лист	leaf	[ɫɪst]
1470	чуєте	second-person plural present imperfective of чу́ти	[ˈt͡ʃujete]
1471	словами	instrumental plural of сло́во	[sɫɔˈʋame]
1472	подорож	journey, travel	[ˈpɔdɔrɔʒ]
1473	працюєш	second-person singular present imperfective of працюва́ти	[prɐˈt͡sʲujeʃ]
1474	душ	shower	[duʃ]
1475	розум	reason, intellect	[ˈrɔzʊm]
1476	година	hour	[ɦɔˈdɪnɐ]
1477	стіл	table	[sʲtʲiɫ]
1478	лікаря	genitive/accusative singular of лі́кар	[ˈlʲikɐrʲɐ]
1479	дзвінок	bell	[d͡zʲʋʲiˈnɔk]
1480	зміни	genitive singular	[ˈzʲmʲine]
1481	люк	hatch, hatchway	[lʲuk]
1482	музику	accusative singular of му́зика	[ˈmuzekʊ]
1483	складно	complicatedly	[ˈskɫadnɔ]
1484	світла	feminine nominative singular of сві́тлий	[ˈsʲʋʲitɫɐ]
1485	запитання	question, query	[zɐpeˈtanʲːɐ]
1486	бік	side, flank	[bʲik]
1487	їхав	masculine singular past indicative imperfective of ї́хати	[ˈjixɐu̯]
1488	візьміть	second-person plural imperative of взя́ти pf and узя́ти pf	[ʋʲizʲˈmʲitʲ]
1489	подзвонити	to ring, to clang	[pɔd͡zwɔˈnɪte]
1490	вважаєш	second-person singular present indicative of вважа́ти impf	[ʋːɐˈʒajeʃ]
1491	божевільний	mad, lunatic, crazy, insane, retarded	[bɔʒeˈʋʲilʲnei̯]
1492	меч	sword	[mɛt͡ʃ]
1493	чекав	masculine singular past imperfective of чека́ти	[t͡ʃeˈkau̯]
1494	сказано	past passive impersonal participle of сказа́ти	[ˈskazɐnɔ]
1495	надзвичайно	extremely, extraordinarily, exceedingly, enormously	[nɐd͡zʋeˈt͡ʃai̯nɔ]
1496	труп	corpse	[trup]
1497	бар	bar	[bar]
1498	третій	third	[ˈtrɛtʲii̯]
1499	обоє	both	[ɔˈbɔje]
1500	знайди	second-person singular imperative of знайти́ pf	[znɐi̯ˈdɪ]
1501	хотілося	neuter singular past indicative of хоті́тися impf	[xoˈtʲiɫɔsʲɐ]
1502	живуть	third-person plural present imperfective of жи́ти	[ʒeˈwutʲ]
1503	команди	genitive singular	[kɔˈmande]
1504	церкви	genitive singular of це́рква	[ˈt͡sɛrkʋe]
1505	забула	feminine singular past indicative of забу́ти pf	[zɐˈbuɫɐ]
1506	розмовляти	to talk, to speak, to converse, to chat	[rɔzmɔu̯ˈlʲate]
1507	забути	to forget	[zɐˈbute]
1508	президента	genitive/accusative singular of президе́нт	[prezeˈdɛntɐ]
1509	їде	third-person singular present indicative imperfective of…	[ˈjide]
1510	письмо	writing	[pesʲˈmɔ]
1511	добридень	good day, g'day	[dɔˈbrɪdenʲ]
1512	писати	to write	[peˈsate]
1513	країни	genitive singular	[krɐˈjine]
1514	жінкою	instrumental singular of жі́нка	[ˈʒʲinkɔjʊ]
1515	контроль	control	[kɔnˈtrɔlʲ]
1516	донька	daughter	[ˈdɔnʲkɐ]
1517	вибору	genitive singular	[ˈʋɪbɔrʊ]
1518	знов	again	[znɔu̯]
1519	сержант	sergeant	[serˈʒant]
1520	святого	genitive/accusative masculine singular of святи́й	[sʲʋʲɐˈtɔɦɔ]
1521	нашій	our, ours	[ˈnaʃʲii̯]
1522	гарне	neuter nominative/accusative singular of га́рний	[ˈɦarne]
1523	іншими	instrumental plural of і́нший	[ˈinʃeme]
1524	дзвонив	masculine singular past imperfective of дзвони́ти	[d͡zwɔˈnɪu̯]
1525	око	eye	[ˈɔkɔ]
1526	багатьох	genitive	[bɐɦɐˈtʲɔx]
1527	нашими	our, ours	[ˈnaʃeme]
1528	королем	instrumental singular of коро́ль	[kɔrɔˈɫɛm]
1529	армії	nominative/accusative/vocative plural	[ˈarmʲiji]
1530	їв	masculine singular past indicative imperfective of ї́сти	[jiu̯]
1531	свободу	accusative singular of свобо́да	[swɔˈbɔdʊ]
1532	зрозуміли	plural past indicative of зрозумі́ти pf	[zrɔzʊˈmʲiɫe]
1533	віриш	second-person singular present indicative imperfective of…	[ˈʋʲireʃ]
1534	побачимо	first-person plural future indicative of поба́чити pf	[pɔˈbat͡ʃemɔ]
1535	такої	genitive feminine singular of таки́й	[tɐˈkɔji]
1536	одній	dative/locative feminine singular of оди́н	[odʲˈnʲii̯]
1537	ліки	medicine, cure	[ˈlʲike]
1538	груди	thorax, chest, breast, bosom	[ˈɦrude]
1539	останнім	masculine/neuter instrumental singular	[ɔˈstanʲːim]
1540	зник	short masculine singular past indicative perfective of…	[znɪk]
1541	вбивця	murderer, killer, assassin	[ˈwbɪu̯t͡sʲɐ]
1542	потрібний	necessary, needed, required	[poˈtʲrʲibnei̯]
1543	брак	lack, scarcity	[brak]
1544	радіо	radio	[ˈradʲiɔ]
1545	кимось	somebody, someone	[ˈkɪmɔsʲ]
1546	кар	A cirque — a half-open steep-sided hollow at the head of a…	[kar]
1547	їду	first-person singular present indicative imperfective of…	[ˈjidʊ]
1548	сестру	accusative singular of сестра́	[seˈstru]
1549	пісня	song	[ˈpʲisʲnʲɐ]
1550	убити	to kill, to murder	[ʊˈbɪte]
1551	поганий	bad	[pɔˈɦanei̯]
1552	хлопцем	instrumental singular of хло́пець	[ˈxɫɔpt͡sem]
1553	таблетки	genitive singular	[tɐˈbɫɛtke]
1554	школа	school	[ˈʃkɔɫɐ]
1555	дістати	to fetch, to take, to take out	[dʲiˈstate]
1556	група	group	[ˈɦrupɐ]
1557	почув	masculine singular past indicative of почу́ти pf	[poˈt͡ʃuu̯]
1558	написати	to write	[nɐpeˈsate]
1559	сталось	neuter singular past indicative of ста́тися pf	[ˈstaɫɔsʲ]
1560	зла	evil, wrong	[zɫa]
1561	перстень	ring	[ˈpɛrstenʲ]
1562	мамою	instrumental singular of ма́ма	[ˈmamɔjʊ]
1563	чекайте	second-person plural imperative imperfective of чека́ти	[t͡ʃeˈkai̯te]
1564	святий	holy, sacred	[sʲʋʲɐˈtɪi̯]
1565	дитя	child	[deˈtʲa]
1566	першу	feminine accusative singular of пе́рший	[ˈpɛrʃʊ]
1567	працюють	third-person plural present imperfective of працюва́ти	[prɐˈt͡sʲujʊtʲ]
1568	пісню	accusative singular of пі́сня	[ˈpʲisʲnʲʊ]
1569	заплатити	to pay	[zɐpɫɐˈtɪte]
1570	поліцію	accusative singular of полі́ція	[poˈlʲit͡sʲijʊ]
1571	кімнати	genitive singular	[kʲimˈnate]
1572	тест	test	[tɛst]
1573	забрав	masculine singular past indicative of забра́ти pf	[zɐˈbrau̯]
1574	всюди	everywhere	[ˈʍsʲude]
1575	любив	masculine singular past indicative imperfective of люби́ти	[lʲʊˈbɪu̯]
1576	чек	cheque, check	[t͡ʃɛk]
1577	заберу	first-person singular future of забра́ти	
1578	починається	third-person singular present indicative of почина́тися impf	[pɔt͡ʃeˈnajet͡sʲːɐ]
1579	мамі	dative/locative singular of ма́ма	[ˈmamʲi]
1580	дурень	fool, idiot, imbecile	[ˈdurenʲ]
1581	іще	alternative form of ще	[iʃˈt͡ʃɛ]
1582	приблизно	approximately, roughly, about	[preˈbɫɪznɔ]
1583	якими	instrumental plural of яки́й	[jɐˈkɪme]
1584	черга	turn, queue	[ˈt͡ʃɛrɦɐ]
1585	дехто	some, some people	[ˈdɛxtɔ]
1586	зло	evilly, maliciously, wickedly	[zɫɔ]
1587	вийшла	feminine singular past of ви́йти pf	[ˈʋɪi̯ʃɫɐ]
1588	їдь	second-person singular imperative of ї́хати	[jidʲ]
1589	стосунки	nominative/accusative/vocative plural of стосу́нок	[stoˈsunke]
1590	незабаром	soon	[nezɐˈbarɔm]
1591	розуму	genitive/dative singular of ро́зум	[ˈrɔzʊmʊ]
1592	спитати	to ask	[speˈtate]
1593	дитини	genitive singular of дити́на	[deˈtɪne]
1594	роман	novel	[rɔˈman]
1595	убила	feminine singular past indicative perfective of уби́ти	[ʊˈbɪɫɐ]
1596	брехня	lie, falsehood, untruth	[brexˈnʲa]
1597	головою	instrumental singular of голова́	[ɦɔɫɔˈwɔjʊ]
1598	дивився	masculine singular past imperfective of диви́тися	[deˈʋɪu̯sʲɐ]
1599	довіряти	to trust, to confide	[dɔʋʲiˈrʲate]
1600	іде	third-person singular present imperfective of іти́	[iˈdɛ]
1601	продати	to sell	[prɔˈdate]
1602	робила	feminine singular past imperfective of роби́ти	[rɔˈbɪɫɐ]
1603	вампир	1928–1933 spelling of вампі́р, which was deprecated in the…	[ʋɐmˈpɪr]
1604	рухатися	to move	[ˈruxɐtesʲɐ]
1605	тими	that	[ˈtɪme]
1606	шеф	chief, head, boss	[ʃɛf]
1607	називають	third-person plural present indicative of назива́ти impf	[nɐzeˈʋajʊtʲ]
1608	дитиною	instrumental singular of дити́на	[deˈtɪnɔjʊ]
1609	платить	third-person singular present imperfective of плати́ти	[ˈpɫatetʲ]
1610	поля	genitive singular of по́ле	[ˈpɔlʲɐ]
1611	дороге	neuter nominative/accusative singular of дороги́й	[dɔrɔˈɦɛ]
1612	отримала	feminine singular past perfective of отри́мати	[ɔˈtrɪmɐɫɐ]
1613	погані	nominative plural	[pɔˈɦanʲi]
1614	плани	plan, scheme	[ˈpɫane]
1615	принц	prince	[prɪnt͡s]
1616	йо	used as an informal greeting	[jɔ]
1617	написала	feminine singular past indicative of написа́ти pf	[nɐpeˈsaɫɐ]
1618	грає	third-person singular present imperfective of гра́ти	[ˈɦraje]
1619	молодий	young	[mɔɫɔˈdɪi̯]
1620	знайдеш	second-person singular future indicative of знайти́ pf	[ˈznai̯deʃ]
1621	повернення	verbal noun of поверну́тися pf: return	[pɔˈʋɛrnenʲːɐ]
1622	вітання	greeting, salutation	[ʋʲiˈtanʲːɐ]
1623	ходив	masculine singular past imperfective of ходи́ти	[xɔˈdɪu̯]
1624	наверх	up	[nɐˈʋɛrx]
1625	хворий	ill, sick, diseased	[ˈxwɔrei̯]
1626	армія	army, troops	[ˈarmʲijɐ]
1627	випадково	by chance, at random, randomly	[ʋepɐdˈkɔwɔ]
1628	найбільше	most, the most	[nɐi̯ˈbʲilʲʃe]
1629	відео	video	[ˈʋʲideɔ]
1630	сенсу	meaning, sense	[ˈsɛnsʊ]
1631	останнє	neuter nominative/accusative singular of оста́нній	[ɔˈstanʲːe]
1632	принесла	feminine singular past indicative of принести́ pf	[prenesˈɫa]
1633	коло	around	[ˈkɔɫɔ]
1634	чоловіче	vocative singular of чолові́к	[t͡ʃɔɫɔˈʋʲit͡ʃe]
1635	бізнес	business	[ˈbʲiznes]
1636	купа	heap, pile	[ˈkupɐ]
1637	попереду	ahead, in front	[pɔˈpɛredʊ]
1638	чорний	black	[ˈt͡ʃɔrnei̯]
1639	вирішила	feminine singular past indicative of ви́рішити pf	[ˈʋɪrʲiʃeɫɐ]
1640	пройшло	neuter singular past indicative of пройти́ pf	[prɔi̯ʃˈɫɔ]
1641	жену	first-person singular present indicative imperfective of…	[ʒeˈnu]
1642	відчуваєш	second-person singular present indicative of відчува́ти impf	[ʋʲid͡ʒt͡ʃʊˈʋajeʃ]
1643	дасть	third-person singular future perfective of да́ти	[dasʲtʲ]
1644	всесвіт	universe	[ˈʍsɛsʲʋʲit]
1645	значно	significantly	[ˈznat͡ʃnɔ]
1646	їжі	genitive singular	[ˈjiʒʲi]
1647	скоріше	rather, sooner	[skoˈrʲiʃe]
1648	двічі	twice, on two occasions	[ˈdʲʋʲit͡ʃʲi]
1649	ніякої	genitive feminine singular of нія́кий	[nʲiˈjakɔji]
1650	жила	sinew, tendon	[ˈʒɪɫɐ]
1651	бачить	third-person singular present imperfective of ба́чити	[ˈbat͡ʃetʲ]
1652	допомоги	genitive singular	[dɔpɔˈmɔɦe]
1653	поговори	nominative/accusative/vocative plural of погові́р	[pɔɦɔˈwɔre]
1654	захист	protection, aegis	[ˈzaxest]
1655	робіть	second-person plural imperative imperfective of роби́ти	[roˈbʲitʲ]
1656	бувайте	see you, see you later	[bʊˈʋai̯te]
1657	прізвище	surname	[ˈprʲizʋeʃt͡ʃe]
1658	вище	nominative/accusative neuter singular of ви́щий	[ˈʋɪʃt͡ʃe]
1659	різні	nominative plural	[ˈrʲizʲnʲi]
1660	дощ	rain	[dɔʃt͡ʃ]
1661	читав	masculine singular past imperfective of чита́ти	[t͡ʃeˈtau̯]
1662	ублюдок	bastard	[ʊˈblʲudɔk]
1663	сонця	genitive singular	[ˈsɔnʲt͡sʲɐ]
1664	польщі	genitive/dative/locative singular of По́льща	
1665	долю	accusative singular of до́ля	[ˈdɔlʲʊ]
1666	звільнити	to free, to liberate, to release, to set free	[zʲʋʲilʲˈnɪte]
1667	змогли	plural past indicative of змогти́ pf	[zmɔˈɦɫɪ]
1668	закінчиться	third-person singular future indicative	[zɐˈkʲint͡ʃet͡sʲːɐ]
1669	зразок	model, sample, example, specimen	[zrɐˈzɔk]
1670	погана	feminine nominative singular of пога́ний	[pɔˈɦanɐ]
1671	вечірка	party	[ʋeˈt͡ʃʲirkɐ]
1672	приїхала	feminine singular past indicative of приї́хати pf	[preˈjixɐɫɐ]
1673	сплю	first-person singular present imperfective of спа́ти	[splʲu]
1674	половина	half	[pɔɫɔˈʋɪnɐ]
1675	рівень	level	[ˈrʲiʋenʲ]
1676	роду	gender	[ˈrɔdʊ]
1677	помре	third-person singular future indicative of поме́рти pf	[pɔmˈrɛ]
1678	листа	leaf	[ɫeˈsta]
1679	скрізь	everywhere	[skrʲizʲ]
1680	боротися	to fight, to wrestle, to struggle, to strive	[bɔˈrɔtesʲɐ]
1681	групи	genitive singular	[ˈɦrupe]
1682	спину	accusative singular of спи́на	[ˈspɪnʊ]
1683	часі	time	[ˈt͡ʃasʲi]
1684	початок	beginning, start	[pɔˈt͡ʃatɔk]
1685	курс	course, policy, line, route	[kurs]
1686	найбільш	superlative degree of бага́то: most, the most	[nɐi̯ˈbʲilʲʃ]
1687	майя	lightweight cotton cloth	[ˈmai̯jɐ]
1688	душа	soul, spirit	[dʊˈʃa]
1689	сенс	meaning, sense	[sɛns]
1690	північ	midnight	[ˈpʲiu̯nʲit͡ʃ]
1691	повно	fully	[ˈpɔu̯nɔ]
1692	мю	mu	[mʲu]
1693	бос	boss	[bɔs]
1694	залишатися	to remain, to stay; to be left	[zɐɫeˈʃatesʲɐ]
1695	професор	professor	[prɔˈfɛsɔr]
1696	цікавить	third-person singular present indicative	[t͡sʲiˈkaʋetʲ]
1697	спала	feminine singular past imperfective of спа́ти	[ˈspaɫɐ]
1698	бляха	sheet-iron, especially tinplate	[ˈblʲaxɐ]
1699	солдати	nominative/vocative plural of солда́т	[sɔɫˈdate]
1700	зняти	to remove, to take away, to take off, to take down	[ˈzʲnʲate]
1701	імена	nominative/accusative/vocative plural of ім'я́	[imeˈna]
1702	використовувати	to use	[ʋekɔreˈstɔwʊʋɐte]
1703	ймовірно	probably	[i̯mɔˈʋʲirnɔ]
1704	місяця	genitive singular of мі́сяць	[ˈmʲisʲɐt͡sʲɐ]
1705	куплю	first-person singular future perfective of купи́ти	[kʊˈplʲu]
1706	вверх	upwards	[ʋːɛrx]
1707	вуха	genitive singular	[ˈwuxɐ]
1708	боги	god	[bɔˈɦɪ]
1709	рак	crawfish, crayfish	[rak]
1710	статус	status	[ˈstatʊs]
1711	боці	side, flank	[ˈbɔt͡sʲi]
1712	дар	gift, present	[dar]
1713	америки	nominative/accusative/vocative plural of Аме́рика	[ɐˈmɛreke]
1714	адрес	a ceremonial written greeting or congratulation	[ˈadres]
1715	нуль	zero	[nulʲ]
1716	питань	genitive plural of пита́ння	[peˈtanʲ]
1717	мов	like, as if	[mɔu̯]
1718	ворог	enemy, foe	[ˈwɔrɔɦ]
1719	самим	self, -self	[ˈsamem]
1720	закінчити	to end, to finish, to complete, to conclude	[zɐˈkʲint͡ʃete]
1721	шаг	a half-kopeck coin	[ʃaɦ]
1722	суду	court	[ˈsudʊ]
1723	відповіді	genitive/dative/locative singular	[ˈʋʲidpɔʋʲidʲi]
1724	мільйон	million	[mʲiˈlʲjɔn]
1725	зайнятий	occupied	[ˈzai̯nʲɐtei̯]
1726	згідно	in agreement	[ˈzʲɦʲidnɔ]
1727	моменту	genitive singular	[mɔˈmɛntʊ]
1728	інколи	sometimes, at times	[ˈinkɔɫe]
1729	банк	bank	[bank]
1730	моїми	my, mine	[mɔˈjime]
1731	мер	mayor	[mɛr]
1732	банку	bank	[ˈbankʊ]
1733	забули	plural past indicative of забу́ти pf	[zɐˈbuɫe]
1734	думають	third-person plural present imperfective of ду́мати	[ˈdumɐjʊtʲ]
1735	собаки	genitive singular	[sɔˈbake]
1736	спав	masculine singular past imperfective of спа́ти	[spau̯]
1737	мільйони	nominative/accusative/vocative plural of мільйо́н	[mʲiˈlʲjɔne]
1738	раді	dative/locative singular of ра́да	[ˈradʲi]
1739	ідеї	genitive/dative/locative singular	[iˈdɛji]
1740	генерал	general	[ɦeneˈraɫ]
1741	всій	all, the whole	[ʍsʲii̯]
1742	повернусь	first-person singular future indicative perfective of…	
1743	отримає	third-person singular future indicative of отри́мати pf	[ɔˈtrɪmɐje]
1744	коштує	third-person singular present imperfective of ко́штувати	[ˈkɔʃtʊje]
1745	кораблі	locative singular	[kɔrɐˈblʲi]
1746	штани	trousers, pants	[ʃtɐˈnɪ]
1747	купи	genitive singular	[ˈkupe]
1748	зовні	outside	[ˈzɔu̯nʲi]
1749	продовжувати	to continue	[prɔˈdɔu̯ʒʊʋɐte]
1750	жоден	short form of жо́дний	[ˈʒɔden]
1751	сенсі	meaning, sense	[ˈsɛnʲsʲi]
1752	лісі	forest, woods	[ˈlʲisʲi]
1753	пустелі	genitive/dative/locative singular	[pʊˈstɛlʲi]
1754	невдовзі	soon, shortly	[neu̯ˈdɔu̯zʲi]
1755	загинув	masculine singular past indicative perfective of заги́нути	[zɐˈɦɪnʊu̯]
1756	довести	to bring, to lead, to accompany	[dɔʋeˈstɪ]
1757	повернешся	second-person singular future indicative of поверну́тися pf	[pɔˈʋɛrnesʲːɐ]
1758	будь-який	any	[budʲ jɐˈkɪi̯]
1759	платити	to pay	[pɫɐˈtɪte]
1760	волі	genitive/dative/locative singular of во́ля	[ˈwɔlʲi]
1761	упевнений	assured, sure, confident, certain	[ʊˈpɛu̯nenei̯]
1762	напад	attack, assault	[ˈnapɐd]
1763	сісти	to sit down	[ˈsʲiste]
1764	великим	instrumental masculine/neuter singular	[ʋeˈɫɪkem]
1765	відділ	part, section	[ˈʋʲidʲːiɫ]
1766	вашій	your, yours	[ˈʋaʃʲii̯]
1767	горло	throat	[ˈɦɔrɫɔ]
1768	розповім	first-person singular future indicative of розповісти́	[rɔzpɔˈʋʲim]
1769	ніс	nose	[nʲis]
1770	однак	however, yet	[ɔdˈnak]
1771	передати	to hand over, to deliver, to give, to pass, to pass on, to…	[pereˈdate]
1772	центрі	centre, center	[ˈt͡sɛntʲrʲi]
1773	самий	the very, the selfsame, the very same	[ˈsamei̯]
1774	справжнє	present	[ˈsprau̯ʒnʲe]
1775	спи	second-person singular imperative imperfective of спа́ти	[spɪ]
1776	кажете	second-person plural present imperfective of каза́ти	[ˈkaʒete]
1777	жду	first-person singular present indicative of жда́ти	[ʒdu]
1778	явно	clearly, explicitly	[ˈjau̯nɔ]
1779	красиво	beautifully	[krɐˈsɪwɔ]
1780	пишу	first-person singular present imperfective of писа́ти	[peˈʃu]
1781	бабуся	grandmother	[bɐˈbusʲɐ]
1782	все-таки	still, all the same, nevertheless, for all that	[ˈʍsɛtɐke]
1783	побачите	second-person plural future indicative of поба́чити pf	[pɔˈbat͡ʃete]
1784	їжа	food	[ˈjiʒɐ]
1785	підходить	third-person singular present indicative	[pʲidˈxɔdetʲ]
1786	люблять	third-person plural present of люби́ти impf	[ˈlʲublʲɐtʲ]
1787	захід	west	[ˈzaxʲid]
1788	діб	genitive plural of доба́	[dʲib]
1789	тварин	genitive/accusative plural of твари́на	[tʋɐˈrɪn]
1790	поставити	to put, to place, to set, to station, to position	[pɔˈstaʋete]
1791	небагато	not much, little	[nebɐˈɦatɔ]
1792	бажаєте	second-person plural present indicative of бажа́ти impf	[bɐˈʒajete]
1793	кинути	to throw, to cast, to fling, to hurl	[ˈkɪnʊte]
1794	важливе	neuter nominative/accusative singular of важли́вий	[ʋɐʒˈɫɪʋe]
1795	дурний	stupid	[dʊrˈnɪi̯]
1796	шлюб	marriage, matrimony	[ʃlʲub]
1797	коня	horse	[kɔˈnʲa]
1798	вільний	free	[ˈʋʲilʲnei̯]
1799	називати	to name, to call	[nɐzeˈʋate]
1800	голодний	hungry	[ɦɔˈɫɔdnei̯]
1801	компанія	company, firm	[kɔmˈpanʲijɐ]
1802	пекло	scorching heat	[ˈpɛkɫɔ]
1803	необхідно	necessary	[neobˈxʲidnɔ]
1804	маленькі	nominative/vocative plural	[mɐˈɫɛnʲkʲi]
1805	камера	cell	[ˈkamerɐ]
1806	таксі	taxi; cab	[tɐkˈsʲi]
1807	назвав	masculine singular past indicative of назва́ти pf	[nɐzˈʋau̯]
1808	кожна	feminine nominative singular of ко́жний	[ˈkɔʒnɐ]
1809	бояться	third-person plural present indicative	[bɔˈjat͡sʲːɐ]
1810	щиро	sincerely, honestly	[ˈʃt͡ʃɪrɔ]
1811	допоміг	masculine singular past indicative of допомогти́ pf	[dɔpoˈmʲiɦ]
1812	частину	accusative singular of части́на	[t͡ʃɐˈstɪnʊ]
1813	вважають	third-person plural present indicative of вважа́ти impf	[ʋːɐˈʒajʊtʲ]
1814	забуду	first-person singular future indicative of забу́ти pf	[zɐˈbudʊ]
1815	почала	feminine singular past indicative of поча́ти pf	[pɔt͡ʃɐˈɫa]
1816	побачу	first-person singular future indicative of поба́чити pf	[pɔˈbat͡ʃʊ]
1817	мем	ma'am	[mɛm]
1818	пак	emphatic particle	[pak]
1819	кінь	horse	[kʲinʲ]
1820	неважливо	does not matter, unimportant	[neʋɐʒˈɫɪwɔ]
1821	розповідав	masculine singular past indicative of розповіда́ти impf	[rɔzpɔʋʲiˈdau̯]
1822	провина	guilt, fault, blame	[prɔˈʋɪnɐ]
1823	помру	first-person singular future indicative of поме́рти pf	[pomˈru]
1824	кохана	dear, darling, honey, beloved, love, sweetheart	[ˈkɔxɐnɐ]
1825	суть	essence, core, gist, main point	[sutʲ]
1826	уряд	in succession, running	[ˈurʲɐd]
1827	вихідні	weekend	[ʋexʲidʲˈnʲi]
1828	допомагає	third-person singular present indicative of допомага́ти impf	[dɔpɔmɐˈɦaje]
1829	шум	noise	[ˈʃum]
1830	дорогий	dear	[dɔrɔˈɦɪi̯]
1831	прийду	first-person singular future indicative perfective of…	[prei̯ˈdu]
1832	забудьте	second-person plural imperative of забу́ти pf	[zɐˈbudʲte]
1833	прийдуть	third-person plural future indicative of прийти́ pf	[ˈprɪi̯dʊtʲ]
1834	сотні	genitive/dative/locative singular of со́тня	[ˈsɔtʲnʲi]
1835	їхній	their, theirs	[ˈjixnʲii̯]
1836	лейтенант	lieutenant	[ɫei̯teˈnant]
1837	діяти	to act, to proceed	[ˈdʲijɐte]
1838	росіяни	nominative/vocative plural of росія́нин	[rɔsʲiˈjane]
1839	наближається	third-person singular present indicative of наближа́тися…	[nɐbɫeˈʒajet͡sʲːɐ]
1840	начальник	chief, head, commander, master, superior	[nɐˈt͡ʃalʲnek]
1841	живеш	second-person singular present imperfective of жи́ти	[ʒeˈʋɛʃ]
1842	плачу	first-person singular present indicative imperfective of…	[ˈpɫat͡ʃʊ]
1843	операції	genitive/dative/locative singular	[ɔpeˈrat͡sʲiji]
1844	розмови	genitive singular	[rɔzˈmɔʋe]
1845	ніде	nowhere, not... anywhere	[nʲiˈdɛ]
1846	тридцять	thirty	[ˈtrɪd͡zʲt͡sʲɐtʲ]
1847	минулої	genitive feminine of мину́лий	[meˈnuɫɔji]
1848	говоримо	first-person plural present imperfective of говори́ти	[ɦɔˈwɔremɔ]
1849	вічно	eternally, everlastingly, for eternity, forever,…	[ˈʋʲit͡ʃnɔ]
1850	дістатися	to fall to one's share; to fall to one's lot	[dʲiˈstatesʲɐ]
1851	білий	white	[ˈbʲiɫei̯]
1852	контракт	contract	[kɔnˈtrakt]
1853	стан	trunk, torso	[stan]
1854	нових	genitive/locative plural	[nɔˈʋɪx]
1855	бігти	to run	[ˈbʲiɦte]
1856	майбутнього	masculine/neuter genitive singular	[mɐi̯ˈbutʲnʲɔɦɔ]
1857	собак	genitive/accusative plural of соба́ка	[sɔˈbak]
1858	задоволення	satisfaction	[zɐdɔˈwɔɫenʲːɐ]
1859	найкраща	feminine nominative singular of найкра́щий	[nɐi̯ˈkraʃt͡ʃɐ]
1860	повернулися	plural past indicative of поверну́тися pf	[pɔʋerˈnuɫesʲɐ]
1861	тримаю	first-person singular present indicative of трима́ти impf	[treˈmajʊ]
1862	керувати	to steer, to drive, to pilot	[kerʊˈʋate]
1863	гадаєте	second-person plural present indicative of гада́ти impf	[ɦɐˈdajete]
1864	суп	soup	[sup]
1865	межі	genitive/dative/locative singular of межа́	[meˈʒʲi]
1866	купол	cupola, dome	[ˈkupɔɫ]
1867	учитель	teacher, instructor	[ʊˈt͡ʃɪtelʲ]
1868	лікарню	accusative singular of ліка́рня	[lʲiˈkarnʲʊ]
1869	повільно	slowly	[pɔˈʋʲilʲnɔ]
1870	моря	genitive singular of мо́ре	[ˈmɔrʲɐ]
1871	заплачу	first-person singular future indicative of заплати́ти pf	[zɐpɫɐˈt͡ʃu]
1872	човен	boat	[ˈt͡ʃɔʋen]
1873	вікна	genitive singular of вікно́	[ʋʲikˈna]
1874	грав	masculine singular past imperfective of гра́ти	[ɦrau̯]
1875	болю	ache, pain	[ˈbɔlʲʊ]
1876	трапиться	third-person singular future indicative of тра́питися pf	[ˈtrapet͡sʲːɐ]
1877	створити	to create, make, produce	[stwɔˈrɪte]
1878	фунтів	pound	
1879	минуло	neuter singular past indicative perfective of мину́ти	[meˈnuɫɔ]
1880	майор	major	[mɐˈjɔr]
1881	очах	locative plural of о́ко	[ɔˈt͡ʃax]
1882	пройшов	masculine singular past indicative of пройти́ pf	[prɔi̯ˈʃɔu̯]
1883	ігри	game, play	[ˈiɦre]
1884	знайде	third-person singular future indicative of знайти́ pf	[ˈznai̯de]
1885	провели	plural past indicative of провести́ pf	[prɔʋeˈɫɪ]
1886	народився	masculine singular past indicative of народи́тися pf	[nɐrɔˈdɪu̯sʲɐ]
1887	нога	leg	[nɔˈɦa]
1888	божевілля	madness, insanity, lunacy, craziness, derangement	[bɔʒeˈʋʲilʲːɐ]
1889	живі	nominative plural	[ʒeˈʋʲi]
1890	вирішити	to decide	[ˈʋɪrʲiʃete]
1891	сестри	genitive singular of сестра́	[seˈstrɪ]
1892	відсотків	genitive plural of відсо́ток	[ʋʲid͡zˈsɔtʲkʲiu̯]
1893	дітьми	instrumental plural of дити́на and ді́ти	[ˈdʲitʲme]
1894	режисер	director	[reʒeˈsɛr]
1895	куча	barn, stable, pigsty	/ˈkʊt͡ʃa/
1896	готелі	locative singular	[ɦɔˈtɛlʲi]
1897	надія	hope	[nɐˈdʲijɐ]
1898	плач	crying, weeping	[pɫat͡ʃ]
1899	ходили	plural past imperfective of ходи́ти	[xɔˈdɪɫe]
1900	шматок	piece, bit	[ʃmɐˈtɔk]
1901	прикро	regrettably, annoyingly, vexingly	[ˈprɪkrɔ]
1902	захищати	to defend	[zɐxeʃˈt͡ʃate]
1903	ногами	instrumental plural of нога́	[nɔˈɦame]
1904	жартую	first-person singular present indicative of жартува́ти impf	[ʒɐrˈtujʊ]
1905	бажаю	first-person singular present indicative of бажа́ти impf	[bɐˈʒajʊ]
1906	борт	board, side	[bɔrt]
1907	телевізор	TV, TV set	[teɫeˈʋʲizɔr]
1908	відповісти	to answer, to respond	[ʋʲidpɔʋʲiˈstɪ]
1909	зробіть	second-person plural imperative perfective of зроби́ти	[zroˈbʲitʲ]
1910	зупинись	second-person singular imperative of зупини́тися pf	[zʊpeˈnɪsʲ]
1911	відійди	second-person singular imperative of відійти́ pf	[ʋʲidʲii̯ˈdɪ]
1912	пацан	boy, kid, lad, fella	[pɐˈt͡san]
1913	очей	genitive plural of о́ко	[ɔˈt͡ʃɛi̯]
1914	їж	second-person singular imperative imperfective of ї́сти	[jiʒ]
1915	лінії	genitive/dative/locative singular	[ˈlʲinʲiji]
1916	справедливо	righteously, equitably	
1917	перші	nominative plural	[ˈpɛrʃʲi]
1918	місцях	locative plural of мі́сце	[mʲiˈsʲt͡sʲax]
1919	суддя	judge	[sʊˈdʲːa]
1920	частиною	instrumental singular of части́на	[t͡ʃɐˈstɪnɔjʊ]
1921	квартира	apartment, flat	[kʋɐrˈtɪrɐ]
1922	гадав	masculine singular past of гада́ти impf	[ɦɐˈdau̯]
1923	ранок	morning	[ˈranɔk]
1924	візьмемо	first-person plural future indicative of взя́ти pf and…	[ˈʋʲizʲmemɔ]
1925	концерт	concert	[kɔnˈt͡sɛrt]
1926	іти	to go, to walk	[iˈtɪ]
1927	шукає	third-person singular present indicative imperfective of…	[ʃʊˈkaje]
1928	розмова	conversation	[rɔzˈmɔʋɐ]
1929	питаю	first-person singular present imperfective of пита́ти	[peˈtajʊ]
1930	використати	to use	[ˈʋɪkɔrestɐte]
1931	побачила	feminine singular past indicative of поба́чити pf	[pɔˈbat͡ʃeɫɐ]
1932	кухні	genitive/dative/locative	[ˈkuxnʲi]
1933	вільна	nominative feminine singular of ві́льний	[ˈʋʲilʲnɐ]
1934	рух	movement	[rux]
1935	повідомити	to inform, to notify, to advise, to apprise про щось / що	[pɔʋʲiˈdɔmete]
1936	виграв	masculine singular past perfective of ви́грати	[ˈʋɪɦrɐu̯]
1937	змусити	to force, to coerce, to compel	[ˈzmusete]
1938	одночасно	simultaneously, at the same time	[ɔdnɔˈt͡ʃasnɔ]
1939	припинити	to stop, to cease, to discontinue, to break off	[prepeˈnɪte]
1940	ледь	Barely, hardly	[ɫɛdʲ]
1941	водою	instrumental singular of вода́	[wɔˈdɔjʊ]
1942	любові	genitive/dative/locative singular of любо́в	[lʲʊˈbɔʋʲi]
1943	приводу	genitive/dative singular of при́від	[ˈprɪwɔdʊ]
1944	зуби	tooth	[ˈzube]
1945	дивлюся	first-person singular present imperfective of диви́тися	[deu̯ˈlʲusʲɐ]
1946	якогось	genitive masculine/neuter singular	[jɐˈkɔɦɔsʲ]
1947	смак	taste	[smak]
1948	жах	horror, terror, fear, nightmare	[ʒax]
1949	виродок	freak	[ˈʋɪrɔdɔk]
1950	вітер	wind	[ˈʋʲiter]
1951	молода	bride, newlywed wife	[mɔɫɔˈda]
1952	коліна	genitive singular	[koˈlʲinɐ]
1953	повертатися	to turn	[pɔʋerˈtatesʲɐ]
1954	друге	nominative/accusative neuter singular of дру́гий	[ˈdruɦe]
1955	діло	business, affair	[ˈdʲiɫɔ]
1956	четверо	four	[ˈt͡ʃɛtʋerɔ]
1957	країну	accusative singular of краї́на	[krɐˈjinʊ]
1958	фактично	actually, in fact	[fɐkˈtɪt͡ʃnɔ]
1959	відповідальність	responsibility, accountability, liability	[ʋʲidpɔʋʲiˈdalʲnʲisʲtʲ]
1960	минулому	dative/locative masculine/neuter singular of мину́лий	[meˈnuɫɔmʊ]
1961	дії	genitive/dative/locative singular	[ˈdʲiji]
1962	кількість	quantity, number, amount	[ˈkʲilʲkʲisʲtʲ]
1963	різних	genitive/locative plural	[ˈrʲiznex]
1964	дурня	trifle	[dʊrˈnʲa]
1965	обговорити	to discuss, to debate, to talk over	[ɔbɦɔwɔˈrɪte]
1966	ситуацію	accusative singular of ситуа́ція	[setʊˈat͡sʲijʊ]
1967	результат	effect, result, return, outcome	[rezʊlʲˈtat]
1968	бачимо	first-person plural present imperfective of ба́чити	[ˈbat͡ʃemɔ]
1969	буквально	literally	[bʊkˈʋalʲnɔ]
1970	дослідження	investigation, research, study, inquiry	[dosʲˈlʲid͡ʒenʲːɐ]
1971	листи	leaf	[ɫeˈstɪ]
1972	усіма	instrumental plural of уве́сь	[ʊsʲiˈma]
1973	кафе	café	[kɐˈfɛ]
1974	прекрасний	very beautiful	[preˈkrasnei̯]
1975	праворуч	on the right, to the right	[prɐˈwɔrʊt͡ʃ]
1976	війні	dative/locative singular of війна́	[ʋʲii̯ˈnʲi]
1977	едем	Eden, paradise on earth, paradise	[eˈdɛm]
1978	напевне	alternative form of напе́вно	[nɐˈpɛu̯ne]
1979	глибоко	deep	[ˈɦɫɪbɔkɔ]
1980	заходи	west	[ˈzaxɔde]
1981	погляд	look, glance	[ˈpɔɦlʲɐd]
1982	списку	genitive/dative/locative/vocative singular of спи́сок	[ˈspɪskʊ]
1983	забрала	feminine singular past indicative of забра́ти pf	[zɐˈbraɫɐ]
1984	поняття	concept	[pɔˈnʲatʲːɐ]
1985	малюк	baby, little one, little kid, toddler, tot	[mɐˈlʲuk]
1986	рукою	instrumental singular of рука́	[rʊˈkɔjʊ]
1987	розумний	reasonable	[roˈzumnei̯]
1988	відійдіть	second-person plural imperative of відійти́ pf	[ʋʲidʲii̯ˈdʲitʲ]
1989	сходить	third-person singular present indicative	[ˈsxɔdetʲ]
1990	принесли	plural past indicative of принести́ pf	[prenesˈɫɪ]
1991	соромно	ashamed	[ˈsɔrɔmnɔ]
1992	цілу	feminine accusative singular of ці́лий	[ˈt͡sʲiɫʊ]
1993	розмову	accusative singular of розмо́ва	[rɔzˈmɔwʊ]
1994	статися	to happen, to occur	[ˈstatesʲɐ]
1995	великих	genitive/locative plural	[ʋeˈɫɪkex]
1996	допоможеш	second-person singular future indicative of допомогти́ pf	[dɔpɔˈmɔʒeʃ]
1997	менеджер	manager	[ˈmɛned͡ʒer]
1998	вчасно	in time	[ˈʍt͡ʃasnɔ]
1999	чорна	nominative feminine singular of чо́рний	[ˈt͡ʃɔrnɐ]
2000	прокурор	prosecutor	[prɔkʊˈrɔr]
2001	поганого	masculine/neuter genitive singular	[pɔˈɦanɔɦɔ]
2002	скажем	first-person plural future perfective of сказа́ти	[ˈskaʒem]
2003	сміх	laugh, laughter	[sʲmʲix]
2004	чекаємо	first-person plural present imperfective of чека́ти	[t͡ʃeˈkajemɔ]
2005	отримаєте	second-person plural future indicative of отри́мати pf	[ɔˈtrɪmɐjete]
2006	шукав	masculine singular past imperfective of шука́ти	[ʃʊˈkau̯]
2007	боятися	to fear, to be afraid	[bɔˈjatesʲɐ]
2008	надії	genitive singular of наді́я	[nɐˈdʲiji]
2009	партії	genitive/dative/locative singular	[ˈpartʲiji]
2010	умови	genitive singular	[ʊˈmɔʋe]
2011	найкращі	nominative plural	[nɐi̯ˈkraʃt͡ʃʲi]
2012	брехати	to lie	[breˈxate]
2013	колір	color	[ˈkɔlʲir]
2014	зустрів	masculine singular past of зустрі́ти pf	[zʊˈstʲrʲiu̯]
2015	смертю	death	[ˈsmɛrtʲʊ]
2016	системи	nominative/accusative/vocative plural	[seˈstɛme]
2017	ворога	genitive/accusative singular of во́рог	[ˈwɔrɔɦɐ]
2018	останнього	masculine/neuter genitive singular	[ɔˈstanʲːɔɦɔ]
2019	вижити	to survive	[ˈʋɪʒete]
2020	собаку	accusative singular of соба́ка	[sɔˈbakʊ]
2021	бизнес	business	
2022	носа	nose	[ˈnɔsɐ]
2023	нічим	instrumental singular of ніщо́	[nʲiˈt͡ʃɪm]
2024	попросити	to ask	[pɔprɔˈsɪte]
2025	червоний	red	[t͡ʃerˈwɔnei̯]
2026	навряд	hardly, scarcely, hardly likely, unlikely	[nɐu̯ˈrʲad]
2027	деяких	genitive/locative plural	[ˈdɛjɐkex]
2028	перемогти	to win, to triumph	[peremɔɦˈtɪ]
2029	лабораторії	genitive singular of лаборато́рія	[ɫɐbɔrɐˈtɔrʲiji]
2030	сир	cheese	[sɪr]
2031	бігом	at a run, quickly	[ˈbʲiɦɔm]
2032	влада	political dominion, political power, right to rule	[ˈwɫadɐ]
2033	годинник	clock	[ɦɔˈdɪnːek]
2034	край	next to, beside, near	[krai̯]
2035	молоко	milk	[mɔɫɔˈkɔ]
2036	часів	time	[t͡ʃɐˈsʲiu̯]
2037	можливості	genitive singular	[mɔʒˈɫɪwɔsʲtʲi]
2038	книжку	accusative singular of кни́жка	[ˈknɪʒkʊ]
2039	метрів	meter/metre	[ˈmɛtʲrʲiu̯]
2040	покласти	to put, to place, to lay, to lay down, to deposit	[pɔˈkɫaste]
2041	живемо	first-person plural present imperfective of жи́ти	[ʒeʋeˈmɔ]
2042	почекайте	second-person plural imperative of почека́ти pf	[pɔt͡ʃeˈkai̯te]
2043	справжні	nominative plural	[ˈsprau̯ʒnʲi]
2044	газ	gas	[ɦaz]
2045	контакт	contact	[kɔnˈtakt]
2046	завести	to take, to bring, to lead	[zɐʋeˈstɪ]
2047	мета	goal, objective	[meˈta]
2048	столом	table	[stɔˈɫɔm]
2049	розслідування	verbal noun of розслі́дувати: investigation, inquiry	[rozsʲˈlʲidʊʋɐnʲːɐ]
2050	очима	instrumental plural of о́ко	[ɔˈt͡ʃɪmɐ]
2051	дзвони	second-person singular imperative imperfective of дзвони́ти	[d͡zwɔˈnɪ]
2052	земле	vocative singular of земля́	[ˈzɛmɫe]
2053	заплатить	third-person plural future indicative of заплати́ти pf	[zɐˈpɫatetʲ]
2054	картину	accusative singular of карти́на	[kɐrˈtɪnʊ]
2055	починати	to begin, to start, to commence	[pɔt͡ʃeˈnate]
2056	ситуації	genitive singular of ситуа́ція	[setʊˈat͡sʲiji]
2057	сходи	stairs, staircase, stairway	[ˈsxɔde]
2058	вдасться	third-person singular future indicative of вда́тися pf	[ˈwdasʲt͡sʲːɐ]
2059	ліпше	comparative degree of до́бре, га́рно, and хо́роше: better	[ˈlʲipʃe]
2060	свята	a saint	[sʲʋʲɐˈta]
2061	сніданок	breakfast	[sʲnʲiˈdanɔk]
2062	ніг	genitive plural of нога́	[nʲiɦ]
2063	віку	century	[ˈʋʲikʊ]
2064	гору	accusative singular of гора́	[ˈɦɔrʊ]
2065	зірок	genitive plural of зі́рка	[zʲiˈrɔk]
2066	назвати	to name, to call	[nɐzˈʋate]
2067	колишній	former, previous, erstwhile, ex-	[kɔˈɫɪʃnʲii̯]
2068	ціну	accusative singular of ціна́	[t͡sʲiˈnu]
2069	йшов	masculine singular past indicative of йти impf	[i̯ʃɔu̯]
2070	аніж	than	[ɐˈnʲiʒ]
2071	полі	locative singular of по́ле	[ˈpɔlʲi]
2072	дах	roof	[dax]
2073	ходила	feminine singular past imperfective of ходи́ти	[xɔˈdɪɫɐ]
2074	сорок	forty	[ˈsɔrɔk]
2075	номера	genitive singular of но́мер	[ˈnɔmerɐ]
2076	заміж	married	[ˈzamʲiʒ]
2077	доволі	enough, sufficiently	[dɔˈwɔlʲi]
2078	парк	park	[park]
2079	десяти	genitive/dative/locative plural of де́сять	[desʲɐˈtɪ]
2080	сміття	garbage, rubbish, trash	[sʲmʲiˈtʲːa]
2081	відповідає	third-person singular present imperfective of відповіда́ти	[ʋʲidpɔʋʲiˈdaje]
2082	шукають	third-person plural present imperfective of шука́ти	[ʃʊˈkajʊtʲ]
2083	подумали	plural past indicative of поду́мати pf	[poˈdumɐɫe]
2084	автор	author	[ˈau̯tɔr]
2085	карту	go-cart	[ˈkartʊ]
2086	тією	that	[tʲiˈjɛjʊ]
2087	енергії	genitive singular of ене́ргія	[eˈnɛrɦʲiji]
2088	пропозиція	proposal, suggestion, proposition, offer	[prɔpɔˈzɪt͡sʲijɐ]
2089	навчання	teaching, instruction	[nɐu̯ˈt͡ʃanʲːɐ]
2090	виходу	genitive/dative singular of ви́хід	[ˈʋɪxɔdʊ]
2091	поїзд	train	[ˈpɔjizd]
2092	іншої	genitive feminine singular of і́нший	[ˈinʃɔji]
2093	варіант	version, variant	[ʋɐrʲiˈant]
2094	користь	benefit, use	[kɔˈrɪsʲtʲ]
2095	підуть	third-person plural future indicative of піти́ pf	[ˈpʲidʊtʲ]
2096	дзвонить	third-person singular present imperfective of дзвони́ти	[ˈd͡zwɔnetʲ]
2097	пісні	genitive/dative/locative singular of пі́сня	[ˈpʲisʲnʲi]
2098	покарання	punishment, penalty, chastisement	[pɔkɐˈranʲːɐ]
2099	займатися	to be occupied, to keep oneself occupied, to keep oneself…	[zɐi̯ˈmatesʲɐ]
2100	операцію	accusative singular of опера́ція	[ɔpeˈrat͡sʲijʊ]
2101	бити	to beat, to hit, to strike	[ˈbɪte]
2102	запропонувати	to offer	[zɐprɔpɔnʊˈʋate]
2103	ледве	Barely, hardly	[ˈɫɛdʋe]
2104	вибух	explosion, blast	[ˈʋɪbʊx]
2105	неба	genitive singular of не́бо	[ˈnɛbɐ]
2106	кожну	feminine accusative singular of ко́жний	[ˈkɔʒnʊ]
2107	модель	model	[mɔˈdɛlʲ]
2108	маленького	masculine/neuter genitive singular	[mɐˈɫɛnʲkɔɦɔ]
2109	існують	third-person plural present indicative of існува́ти impf	[isˈnujʊtʲ]
2110	знайдуть	third-person plural future indicative of знайти́ pf	[ˈznai̯dʊtʲ]
2111	однією	instrumental feminine singular of оди́н	[ɔdʲnʲiˈjɛjʊ]
2112	недалеко	not far, not far off	[nedɐˈɫɛkɔ]
2113	золота	nominative feminine singular of золоти́й	[zɔɫɔˈta]
2114	сильна	feminine nominative singular of си́льний	[ˈsɪlʲnɐ]
2115	даних	genitive/locative plural of да́ні	[ˈdanex]
2116	ліс	forest, woods	[lʲis]
2117	вдячний	grateful, thankful	[ˈwdʲat͡ʃnei̯]
2118	повернулася	feminine singular past indicative of поверну́тися pf	[pɔʋerˈnuɫɐsʲɐ]
2119	дані	data, facts, information	[ˈdanʲi]
2120	провів	masculine singular past indicative of провести́ pf	[prɔˈʋʲiu̯]
2121	нудно	boringly, tediously	[ˈnudnɔ]
2122	трон	throne	[trɔn]
2123	безумовно	unconditionally	[bezʊˈmɔu̯nɔ]
2124	плану	plan, scheme	[ˈpɫanʊ]
2125	інформація	information	[infɔrˈmat͡sʲijɐ]
2126	померли	plural past indicative of поме́рти pf	[pɔˈmɛrɫe]
2127	козел	billy goat	[kɔˈzɛɫ]
2128	найкращого	masculine/neuter genitive singular	[nɐi̯ˈkraʃt͡ʃɔɦɔ]
2129	гри	game, play	[ɦrɪ]
2130	важкий	heavy	[ʋɐʒˈkɪi̯]
2131	новим	masculine/neuter instrumental singular	[nɔˈʋɪm]
2132	південь	midday, noon	[ˈpʲiu̯denʲ]
2133	чудо	miracle	[ˈt͡ʃudɔ]
2134	офіс	office	[ˈɔfʲis]
2135	новина	novelty	[nɔʋeˈna]
2136	любите	second-person plural present indicative imperfective of…	[ˈlʲubete]
2137	ліворуч	on the left, to the left	[lʲiˈwɔrʊt͡ʃ]
2138	змогла	feminine singular past indicative of змогти́ pf	[zmɔˈɦɫa]
2139	веди	second-person singular imperative imperfective of вести́	[ˈʋɛde]
2140	збираються	third-person plural present indicative of збира́тися impf	[zbeˈrajʊt͡sʲːɐ]
2141	навпаки	contrariwise, conversely, the other way round, vice versa	[nɐu̯pɐˈkɪ]
2142	зніми	second-person singular imperative of зня́ти pf	[zʲnʲiˈmɪ]
2143	пів	half	[pʲiu̯]
2144	частини	genitive singular	[t͡ʃɐˈstɪne]
2145	їдеш	second-person singular present indicative imperfective of…	[ˈjideʃ]
2146	почалося	neuter singular past indicative of поча́тися pf	[pɔt͡ʃɐˈɫɔsʲɐ]
2147	втратити	to lose	[ˈʍtratete]
2148	штат	state	[ʃtat]
2149	якості	nominative/accusative/vocative plural	[ˈjakɔsʲtʲi]
2150	свідчення	evidence	[ˈsʲʋʲid͡ʒt͡ʃenʲːɐ]
2151	здоровий	healthy	[zdɔˈrɔʋei̯]
2152	одружитися	to get married, to marry, to wed	[ɔdrʊˈʒɪtesʲɐ]
2153	починає	third-person singular present indicative of почина́ти impf	[pɔt͡ʃeˈnaje]
2154	сумно	sadly, mournfully	[ˈsumnɔ]
2155	сумку	accusative singular of су́мка	[ˈsumkʊ]
2156	дізнається	third-person singular present indicative of дізнава́тися…	[dʲiznɐˈjɛt͡sʲːɐ]
2157	пакет	small bag, parcel	[pɐˈkɛt]
2158	погане	neuter nominative/accusative singular of пога́ний	[pɔˈɦane]
2159	шляхом	by means of, through, via	[ʃlʲɐˈxɔm]
2160	мудак	asshole, an annoying or stupid person	[mʊˈdak]
2161	довгий	long, lengthy	[ˈdɔu̯ɦei̯]
2162	займається	third-person singular present indicative imperfective of…	[zɐi̯ˈmajet͡sʲːɐ]
2163	кращі	nominative plural	[ˈkraʃt͡ʃʲi]
2164	чорні	nominative plural	[ˈt͡ʃɔrnʲi]
2165	розуміє	third-person singular present imperfective of розумі́ти	[rɔzʊˈmʲije]
2166	подружка	diminutive of по́друга f	[ˈpɔdrʊʒkɐ]
2167	пальці	locative singular	[ˈpalʲt͡sʲi]
2168	танцювати	to dance	[tɐnʲt͡sʲʊˈʋate]
2169	газу	gas	[ˈɦazʊ]
2170	наодинці	alone, privately, tête-à-tête	[nɐɔˈdɪnʲt͡sʲi]
2171	стиль	style	[stɪlʲ]
2172	подивитись	alternative infinitive form of подиви́тися pf	[pɔdeˈʋɪtesʲ]
2173	їхніх	genitive plural	[ˈjixnʲix]
2174	читала	feminine singular past imperfective of чита́ти	[t͡ʃeˈtaɫɐ]
2175	продав	masculine singular past perfective of прода́ти	[prɔˈdau̯]
2176	воля	will	[ˈʋɔlʲɐ]
2177	уважно	attentively, carefully, heedfully, intently	[ʊˈʋaʒnɔ]
2178	блін	darn!, darn it!	[blʲin]
2179	працюєте	second-person plural present imperfective of працюва́ти	[prɐˈt͡sʲujete]
2180	удачі	good luck! best of luck!	[ʊˈdat͡ʃʲi]
2181	кращим	masculine/neuter instrumental singular	[ˈkraʃt͡ʃem]
2182	по-перше	firstly, first, first of all	[pɔ ˈpɛrʃe]
2183	покинути	to leave	[pɔˈkɪnʊte]
2184	виправити	to correct	[ˈʋɪprɐʋete]
2185	відповідай	second-person singular imperative imperfective of…	[ʋʲidpɔʋʲiˈdai̯]
2186	вогню	genitive singular	[woɦˈnʲu]
2187	вкус	alternative form of уку́с	[ʍkus]
2188	нести	to carry	[neˈstɪ]
2189	зірка	star	[ˈzʲirkɐ]
2190	враження	impression	[ˈwraʒenʲːɐ]
2191	нещасний	unhappy	[neʃˈt͡ʃasnei̯]
2192	вважав	masculine singular past indicative of вважа́ти impf	[ʋːɐˈʒau̯]
2193	корабля	genitive singular of корабе́ль	[kɔrɐˈblʲa]
2194	нагорі	up	[nɐɦoˈrʲi]
2195	битва	battle	[ˈbɪtʋɐ]
2196	зверху	from above	[ˈzʋɛrxʊ]
2197	назвали	plural past indicative of назва́ти pf	[nɐzˈʋaɫe]
2198	руш	second-person singular imperative of ру́шити pf	[ruʃ]
2199	величність	majesty, grandeur, greatness	[ʋeˈɫɪt͡ʃnʲisʲtʲ]
2200	всіма	all, the whole	[ʍsʲiˈma]
2201	диво	wonder, miracle, marvel	[ˈdɪwɔ]
2202	закінчується	third-person singular present indicative of закі́нчуватися…	[zɐˈkʲint͡ʃʊjet͡sʲːɐ]
2203	врешті	finally	[ˈwrɛʃtʲi]
2204	підняти	to raise, to elevate; to increase	[pʲidʲˈnʲate]
2205	зберегти	to keep, to preserve, to conserve, to maintain	[zbereɦˈtɪ]
2206	дають	third-person plural present indicative of дава́ти impf	[dɐˈjutʲ]
2207	свобода	freedom, liberty	[swɔˈbɔdɐ]
2208	класу	class	[ˈkɫasʊ]
2209	цілі	nominative plural	[ˈt͡sʲilʲi]
2210	губернатор	governor	[ɦʊberˈnatɔr]
2211	побачить	third-person singular future indicative	[pɔˈbat͡ʃetʲ]
2212	поїсти	to eat, to consume	[pɔˈjiste]
2213	прибрати	to put in order, to tidy, to tidy up, to clean up, to…	[preˈbrate]
2214	майка	undershirt, tank top	[ˈmai̯kɐ]
2215	особливий	special, particular	[ɔsɔˈbɫɪʋei̯]
2216	двома	two	[dwɔˈma]
2217	розумна	feminine nominative singular of розу́мний	[roˈzumnɐ]
2218	коней	horse	[ˈkɔnei̯]
2219	події	genitive/dative/locative	[poˈdʲiji]
2220	повірте	second-person plural imperative of пові́рити pf	[pɔˈʋʲirte]
2221	контролювати	to control, to check, to monitor	[kɔntrɔlʲʊˈʋate]
2222	дозвіл	permission	[ˈdɔzʲʋʲiɫ]
2223	татко	diminutive of та́то	[ˈtatkɔ]
2224	біс	evil spirit, demon	[bʲis]
2225	партнер	partner	[pɐrtˈnɛr]
2226	заберіть	second-person plural imperative of забра́ти pf	[zɐbeˈrʲitʲ]
2227	ліжка	genitive singular	[ˈlʲiʒkɐ]
2228	маленьку	feminine accusative singular of мале́нький	[mɐˈɫɛnʲkʊ]
2229	загинули	plural past indicative perfective of заги́нути	[zɐˈɦɪnʊɫe]
2230	відчував	masculine singular past indicative of відчува́ти impf	[ʋʲid͡ʒt͡ʃʊˈʋau̯]
2231	недостатньо	insufficiently, not enough	[nedɔˈstatʲnʲɔ]
2232	дізналися	plural past indicative of дізна́тися pf	[dʲizˈnaɫesʲɐ]
2233	рейс	flight	[rɛi̯s]
2234	рухається	third-person singular present indicative of ру́хатися impf	[ˈruxɐjet͡sʲːɐ]
2235	викликати	to call out, to call for, to send for, to summon	[ʋekɫeˈkate]
2236	села	nominative/accusative/vocative plural of село́	[ˈsɛɫɐ]
2237	трошки	a bit, a little, a little bit, slightly	[ˈtrɔʃke]
2238	людині	dative/locative singular of люди́на	[lʲʊˈdɪnʲi]
2239	розлучення	divorce	[rozˈɫut͡ʃenʲːɐ]
2240	шукаєш	second-person singular present imperfective of шука́ти	[ʃʊˈkajeʃ]
2241	кишені	genitive singular of кише́ня	[keˈʃɛnʲi]
2242	родина	family	[rɔˈdɪnɐ]
2243	людства	genitive singular of лю́дство	[ˈlʲud͡zstʋɐ]
2244	мрії	genitive singular of мрі́я	[ˈmrʲiji]
2245	охорони	genitive singular of охоро́на	[ɔxɔˈrɔne]
2246	сильніше	neuter nominative/accusative singular of сильні́ший	[selʲˈnʲiʃe]
2247	товар	commodity, article, product	[tɔˈʋar]
2248	боявся	masculine singular past indicative of боя́тися impf	[bɔˈjau̯sʲɐ]
2249	вулицю	accusative singular of ву́лиця	[ˈwuɫet͡sʲʊ]
2250	успіху	genitive/dative/locative/vocative singular of у́спіх	[ˈusʲpʲixʊ]
2251	практично	practically	[prɐkˈtɪt͡ʃnɔ]
2252	маленьких	genitive/locative plural	[mɐˈɫɛnʲkex]
2253	подякувати	to thank	[pɔˈdʲakʊʋɐte]
2254	дивний	surprising	[ˈdɪu̯nei̯]
2255	деякий	some	[ˈdɛjɐkei̯]
2256	допомагати	to help, to assist	[dɔpɔmɐˈɦate]
2257	сином	son	[ˈsɪnɔm]
2258	майбутньому	masculine/neuter dative singular	[mɐi̯ˈbutʲnʲɔmʊ]
2259	повертається	third-person singular present indicative of поверта́тися…	[pɔʋerˈtajet͡sʲːɐ]
2260	ріку	accusative singular of ріка́	[rʲiˈku]
2261	привіз	verbal noun of привезти́ pf and of приво́зити impf: bringing	[preˈʋʲiz]
2262	відпустіть	second-person plural imperative perfective of відпусти́ти	[ʋʲidpʊˈsʲtʲitʲ]
2263	працювали	plural past imperfective of працюва́ти	[prɐt͡sʲʊˈʋaɫe]
2264	адресу	accusative singular of адре́са	[ɐˈdrɛsʊ]
2265	пише	third-person singular present imperfective of писа́ти	[ˈpɪʃe]
2266	подумайте	second-person plural imperative of поду́мати pf	[poˈdumɐi̯te]
2267	захисту	genitive singular	[ˈzaxestʊ]
2268	вірус	virus	[ˈʋʲirʊs]
2269	учора	yesterday	[ʊˈt͡ʃɔrɐ]
2270	звичайний	customary, habitual	[zʋeˈt͡ʃai̯nei̯]
2271	вірить	third-person singular present indicative imperfective of…	[ˈʋʲiretʲ]
2272	помилку	accusative singular of по́ми́лка	[pɔˈmɪɫkʊ]
2273	питав	masculine singular past imperfective of пита́ти	[peˈtau̯]
2274	даний	this, given, present	[ˈdanei̯]
2275	намагалися	plural past imperfective of намага́тися	[nɐmɐˈɦaɫesʲɐ]
2276	розмовляв	masculine singular past indicative of розмовля́ти impf	[rɔzmɔu̯ˈlʲau̯]
2277	надалі	further, henceforth, henceforward, in future	[nɐˈdalʲi]
2278	одні	nominative/vocative plural	[odʲˈnʲi]
2279	мимо	past, by	[ˈmɪmɔ]
2280	майстер	expert, master, professional, specialist	[ˈmai̯ster]
2281	столик	diminutive of стіл m: small table	[ˈstɔɫek]
2282	управління	management, administration	[ʊprɐu̯ˈlʲinʲːɐ]
2283	бомба	bomb	[ˈbɔmbɐ]
2284	начало	beginning, start	[nɐˈt͡ʃaɫɔ]
2285	стояв	masculine singular past indicative of стоя́ти	[stɔˈjau̯]
2286	змінилося	neuter singular past indicative of зміни́тися pf	[zʲmʲiˈnɪɫɔsʲɐ]
2287	жене	third-person singular present indicative imperfective of…	[ʒeˈnɛ]
2288	дорого	expensively	[ˈdɔrɔɦɔ]
2289	країна	country, land	[krɐˈjinɐ]
2290	кількох	genitive/locative plural	[kʲilʲˈkɔx]
2291	розкажіть	second-person plural imperative of розказа́ти pf	[rɔzkɐˈʒʲitʲ]
2292	працюємо	first-person plural present imperfective of працюва́ти	[prɐˈt͡sʲujemɔ]
2293	заплатив	masculine singular past indicative of заплати́ти pf	[zɐpɫɐˈtɪu̯]
2294	кордон	border	[kɔrˈdɔn]
2295	машин	genitive plural of маши́на	[mɐˈʃɪn]
2296	закону	genitive singular of зако́н	[zɐˈkɔnʊ]
2297	побачили	plural past indicative of поба́чити pf	[pɔˈbat͡ʃeɫe]
2298	віці	century	[ˈʋʲit͡sʲi]
2299	власний	own, personal	[ˈwɫasnei̯]
2300	долі	genitive/dative/locative singular	[ˈdɔlʲi]
2301	спали	plural past imperfective of спа́ти	[ˈspaɫe]
2302	запис	record	[ˈzapes]
2303	підете	second-person plural future indicative of піти́ pf	[ˈpʲidete]
2304	дядька	genitive/accusative singular of дя́дько	[ˈdʲadʲkɐ]
2305	усю	accusative feminine singular of уве́сь	[ʊˈsʲu]
2306	спиш	second-person singular present imperfective of спа́ти	[spɪʃ]
2307	божа	nominative/vocative feminine singular of бо́жий	[ˈbɔʒɐ]
2308	чотирьох	genitive/locative plural	[t͡ʃɔteˈrʲɔx]
2309	фургон	van	[fʊrˈɦɔn]
2310	службу	accusative singular of слу́жба	[ˈsɫuʒbʊ]
2311	джерело	spring	[d͡ʒereˈɫɔ]
2312	вимагає	third-person singular present indicative of вимага́ти impf	[ʋemɐˈɦaje]
2313	рівно	evenly, levelly	[ˈrʲiu̯nɔ]
2314	небі	locative singular of не́бо	[ˈnɛbʲi]
2315	створив	masculine singular past indicative of створи́ти pf	[stwɔˈrɪu̯]
2316	менш	comparative degree of ма́ло: less	[mɛnʃ]
2317	вибуху	genitive/dative/locative/vocative singular of ви́бух	[ˈʋɪbʊxʊ]
2318	сподівався	masculine singular past indicative of сподіва́тися impf	[spɔdʲiˈʋau̯sʲɐ]
2319	зустріти	to meet, to encounter	[zʊˈstʲrʲite]
2320	певні	nominative plural	[ˈpɛu̯nʲi]
2321	інформації	genitive/dative/locative singular	[infɔrˈmat͡sʲiji]
2322	шановний	respectful, dear	[ʃɐˈnɔu̯nei̯]
2323	уряду	genitive singular	[ˈurʲɐdʊ]
2324	меті	dative/locative singular of мета́	[meˈtʲi]
2325	дверима	instrumental plural of две́рі	[dʋeˈrɪmɐ]
2326	фільму	film, movie	[ˈfʲilʲmʊ]
2327	уникнути	to avoid, to evade, to elude, to escape	[ʊˈnɪknʊte]
2328	руди	genitive singular	[ˈruˈdɪ]
2329	почнеться	third-person singular future indicative of поча́тися pf	[pɔt͡ʃˈnɛt͡sʲːɐ]
2330	лице	face	[ɫeˈt͡sɛ]
2331	завод	factory, plant	[zɐˈwɔd]
2332	саму	self, -self	[ˈsamʊ]
2333	перейти	to cross, to cross over, to pass across	[perei̯ˈtɪ]
2334	відчувати	to feel	[ʋʲid͡ʒt͡ʃʊˈʋate]
2335	офіцер	officer	[ɔfʲiˈt͡sɛr]
2336	ящик	box, case, chest	[ˈjaʃt͡ʃek]
2337	певний	certain, sure	[ˈpɛu̯nei̯]
2338	отримаю	first-person singular future indicative of отри́мати pf	[ɔˈtrɪmɐjʊ]
2339	фільмі	film, movie	[ˈfʲilʲmʲi]
2340	свято	piously, with awe	[ˈsʲʋʲatɔ]
2341	відомий	known	[ʋʲiˈdɔmei̯]
2342	покажіть	second-person plural imperative perfective of показа́ти	[pɔkɐˈʒʲitʲ]
2343	вагітна	pregnant woman	[ʋɐˈɦʲitnɐ]
2344	змінився	masculine singular past indicative of зміни́тися pf	[zʲmʲiˈnɪu̯sʲɐ]
2345	боїться	third-person singular present indicative of боя́тися impf	[bɔˈjit͡sʲːɐ]
2346	влади	nominative/accusative/vocative plural	[ˈwɫade]
2347	окуляри	eyeglasses, spectacles	[ɔkʊˈlʲare]
2348	своя	one's, my, his, her, its, our, your, their	[swɔˈja]
2349	ногах	locative plural of нога́	[nɔˈɦax]
2350	слухає	third-person singular present imperfective of слу́хати	[ˈsɫuxɐje]
2351	папери	nominative/accusative/vocative plural of папі́р	[pɐˈpɛre]
2352	встати	to stand up, to get up, to rise	[ˈʍstate]
2353	серці	locative singular of се́рце	[ˈsɛrt͡sʲi]
2354	силою	by force, forcibly	[ˈsɪɫɔjʊ]
2355	королю	dative/locative singular of коро́ль	[kɔroˈlʲu]
2356	мережі	genitive/dative/locative singular	[meˈrɛʒʲi]
2357	склад	warehouse	[skɫad]
2358	воді	dative/locative singular of вода́	[woˈdʲi]
2359	здатний	able, capable	[ˈzdatnei̯]
2360	запросив	masculine singular past indicative perfective of запроси́ти	[zɐprɔˈsɪu̯]
2361	особо	vocative singular of осо́ба	[ɔˈsɔbɔ]
2362	чомусь	for some reason	[t͡ʃoˈmusʲ]
2363	визнати	to acknowledge, to recognize, to accept	[ˈʋɪznɐte]
2364	дядьку	dative/locative/vocative singular of дя́дько	[ˈdʲadʲkʊ]
2365	зона	zone	[ˈzɔnɐ]
2366	працювала	feminine singular past imperfective of працюва́ти	[prɐt͡sʲʊˈʋaɫɐ]
2367	приїхати	to arrive, to come	[preˈjixɐte]
2368	піди	second-person singular imperative of піти́ pf	[pʲiˈdɪ]
2369	постріл	shot, fire	[ˈpɔstʲrʲiɫ]
2370	починай	second-person singular imperative of почина́ти impf	[pɔt͡ʃeˈnai̯]
2371	результати	nominative/accusative/vocative plural of результа́т	[rezʊlʲˈtate]
2372	темна	feminine nominative singular of те́мний	[ˈtɛmnɐ]
2373	тримає	third-person singular present indicative of трима́ти impf	[treˈmaje]
2374	вирок	sentence, judgement	[ˈʋɪrɔk]
2375	вину	dative singular of вино́	[ʋeˈnu]
2376	команді	dative/locative singular of кома́нда	[kɔˈmanʲdʲi]
2377	чортів	devil, demon, Satan, evil spirit or force	[ˈt͡ʃɔrtʲiu̯]
2378	людство	humanity, mankind	[ˈlʲud͡zstwɔ]
2379	карти	go-cart	[ˈkarte]
2380	служба	service	[ˈsɫuʒbɐ]
2381	усьому	dative masculine/neuter singular of уве́сь	[ʊsʲoˈmu]
2382	турбує	third-person singular present indicative of турбува́ти impf	[tʊrˈbuje]
2383	вибратися	to get out	[ˈʋɪbrɐtesʲɐ]
2384	бензин	petrol, gasoline	[benˈzɪn]
2385	сильний	strong	[ˈsɪlʲnei̯]
2386	сценарій	scenario	[st͡seˈnarʲii̯]
2387	керівник	head, chief	[kerʲiu̯ˈnɪk]
2388	перестать	short infinitive of переста́ти	[pereˈstatʲ]
2389	досвід	experience	[ˈdɔsʲʋʲid]
2390	позиції	genitive/dative/locative singular	[pɔˈzɪt͡sʲiji]
2391	теорія	theory	[teˈɔrʲijɐ]
2392	коїться	third-person singular present indicative of ко́їтися impf	[ˈkɔjit͡sʲːɐ]
2393	кілометрів	genitive plural of кіломе́тр	[kʲiɫɔˈmɛtʲrʲiu̯]
2394	дивлячись	present adverbial participle of диви́тися	[ˈdɪu̯lʲɐt͡ʃesʲ]
2395	купили	plural past perfective of купи́ти	[kʊˈpɪɫe]
2396	знайомий	familiar, acquainted	[znɐˈjɔmei̯]
2397	хліб	cereal, crops or cultures	[xlʲib]
2398	відпочити	to rest, to have a rest, to take a rest, to relax	[ʋʲidpɔˈt͡ʃɪte]
2399	важлива	feminine nominative singular of важли́вий	[ʋɐʒˈɫɪʋɐ]
2400	відповів	to answer, to respond	[ʋʲidpɔˈʋʲiu̯]
2401	чекали	plural past imperfective of чека́ти	[t͡ʃeˈkaɫe]
2402	призначення	appointment, assignment	[prezˈnat͡ʃenʲːɐ]
2403	увечері	in the evening	[ʊˈʋɛt͡ʃerʲi]
2404	рана	wound	[ˈranɐ]
2405	котра	nominative/vocative feminine singular of котри́й	[kɔˈtra]
2406	вік	century	[ʋʲik]
2407	операція	operation	[ɔpeˈrat͡sʲijɐ]
2408	заново	again	[ˈzanɔwɔ]
2409	футбол	soccer, football	[fʊdˈbɔɫ]
2410	дзеркало	mirror, looking glass	[ˈd͡zɛrkɐɫɔ]
2411	спільного	masculine/neuter genitive singular	[ˈsʲpʲilʲnɔɦɔ]
2412	компанію	accusative singular of компа́нія	[kɔmˈpanʲijʊ]
2413	владу	accusative singular of вла́да	[ˈwɫadʊ]
2414	таємниці	genitive singular of таємни́ця	[tɐjemˈnɪt͡sʲi]
2415	бере	third-person singular present indicative imperfective of…	[beˈrɛ]
2416	офіційно	officially	[ɔfʲiˈt͡sʲii̯nɔ]
2417	полковник	colonel	[pɔɫˈkɔu̯nek]
2418	обіду	genitive singular of обі́д	[oˈbʲidʊ]
2419	крутий	steep, precipitous	[krʊˈtɪi̯]
2420	зайшов	masculine singular past indicative of зайти́ pf	[zɐi̯ˈʃɔu̯]
2421	існування	existence	[isnʊˈʋanʲːɐ]
2422	грубо	coarsely, roughly	[ˈɦrubɔ]
2423	повз	by, past	[pɔu̯z]
2424	зібрати	to gather, to collect	[zʲiˈbrate]
2425	понад	above, over	[ˈpɔnɐd]
2426	пари	genitive singular of па́ра	[ˈpare]
2427	мо	alternative spelling of мо'	[mɔ]
2428	тепло	warmly	[teˈpɫɔ]
2429	трапляється	third-person singular present indicative of трапля́тися impf	[trɐˈplʲajet͡sʲːɐ]
2430	заплатили	plural past indicative of заплати́ти pf	[zɐpɫɐˈtɪɫe]
2431	брехун	liar	[breˈxun]
2432	привид	ghost, spirit, phantom, spectre, apparition, spook	[ˈprɪʋed]
2433	попередження	advance notice, advance notification	[pɔpeˈrɛd͡ʒenʲːɐ]
2434	ненадовго	for a short time, for a short while, not for long	[nenɐˈdɔu̯ɦɔ]
2435	самогубство	suicide	[sɐmoˈɦubstwɔ]
2436	рок	rock music	
2437	розмовляю	first-person singular present indicative of розмовля́ти impf	[rɔzmɔu̯ˈlʲajʊ]
2438	чекала	feminine singular past imperfective of чека́ти	[t͡ʃeˈkaɫɐ]
2439	проводить	third-person singular present indicative	[prɔˈwɔdetʲ]
2440	почекати	to wait	[pɔt͡ʃeˈkate]
2441	оператор	operator	[ɔpeˈratɔr]
2442	поблизу	near, nearby, in the vicinity	[pɔbɫeˈzu]
2443	закрити	to cover	[zɐˈkrɪte]
2444	по-моєму	in my opinion	[pɔ ˈmɔjemʊ]
2445	кращого	masculine/neuter genitive singular	[ˈkraʃt͡ʃɔɦɔ]
2446	сонечко	sun	[ˈsɔnet͡ʃkɔ]
2447	звільнення	freeing, liberation, release, emancipation	[ˈzʲʋʲilʲnenʲːɐ]
2448	горах	locative plural of гора́	[ˈɦɔrɐx]
2449	будьмо	cheers	[ˈbudʲmɔ]
2450	вірите	second-person plural present indicative imperfective of…	[ˈʋʲirete]
2451	небеса	nominative/accusative plural of не́бо	[nebeˈsa]
2452	володар	owner	[wɔɫɔˈdar]
2453	талант	talent	[tɐˈɫant]
2454	дякувати	to thank	[ˈdʲakʊʋɐte]
2455	кучу	accusative singular of ку́ча	[ˈkut͡ʃʊ]
2456	тема	theme, subject, topic	[ˈtɛmɐ]
2457	першому	masculine/neuter dative singular	[ˈpɛrʃɔmʊ]
2458	зможуть	third-person plural future indicative of змогти́ pf	[ˈzmɔʒʊtʲ]
2459	найгірше	nominative/accusative neuter singular of найгі́рший	[nɐi̯ˈɦʲirʃe]
2460	навчитися	to learn, to study	[nɐu̯ˈt͡ʃɪtesʲɐ]
2461	готелю	genitive/dative/locative/vocative singular of готе́ль	[ɦɔˈtɛlʲʊ]
2462	молоді	children	[mɔɫoˈdʲi]
2463	всякий	all, any, each, every	[ˈʍsʲakei̯]
2464	вільні	nominative plural	[ˈʋʲilʲnʲi]
2465	редактор	editor	[reˈdaktɔr]
2466	відношення	connection, bearing	[ʋʲidˈnɔʃenʲːɐ]
2467	діри	genitive singular of діра́	[dʲiˈrɪ]
2468	великою	instrumental feminine singular of вели́кий	[ʋeˈɫɪkɔjʊ]
2469	яна	yang	[ˈjanɐ]
2470	виграти	to win	[ˈʋɪɦrɐte]
2471	зупиніться	second-person plural imperative of зупини́тися pf	[zʊpeˈnʲit͡sʲːɐ]
2472	звіт	report, account	[zʲʋʲit]
2473	хід	course	[xʲid]
2474	карта	map	[ˈkartɐ]
2475	начхати	to sneeze	[nɐt͡ʃˈxate]
2476	скажімо	first-person plural imperative perfective of сказа́ти	[skɐˈʒʲimɔ]
2477	заклад	institution, establishment	[ˈzakɫɐd]
2478	подій	genitive plural of поді́я	[poˈdʲii̯]
2479	директора	genitive/accusative singular of дире́ктор	[deˈrɛktɔrɐ]
2480	помреш	second-person singular future indicative of поме́рти pf	[pɔmˈrɛʃ]
2481	провела	feminine singular past indicative of провести́ pf	[prɔʋeˈɫa]
2482	рай	paradise, heaven	[rai̯]
2483	хаос	chaos	[ˈxaɔs]
2484	дістав	masculine singular past indicative of діста́ти pf	[dʲiˈstau̯]
2485	надовго	for a long time, for long	[nɐˈdɔu̯ɦɔ]
2486	прочитати	to read	[prɔt͡ʃeˈtate]
2487	міст	bridge	[mʲist]
2488	заткнися	second-person singular imperative of заткну́тися pf	[zɐtkˈnɪsʲɐ]
2489	відправити	to send, to send off, to dispatch, to forward	[ʋʲidˈpraʋete]
2490	дітям	dative plural of дити́на and ді́ти	[ˈdʲitʲɐm]
2491	довга	feminine nominative singular of до́вгий	[ˈdɔu̯ɦɐ]
2492	дозволяє	third-person singular present indicative of дозволя́ти impf	[dɔzwɔˈlʲaje]
2493	обладнання	equipment	[ɔˈbɫadnɐnʲːɐ]
2494	подібне	nominative/accusative neuter singular of поді́бний	[poˈdʲibne]
2495	створили	plural past indicative of створи́ти pf	[stwɔˈrɪɫe]
2496	шукаємо	first-person plural present imperfective of шука́ти	[ʃʊˈkajemɔ]
2497	можливе	neuter nominative/accusative singular of можли́вий	[mɔʒˈɫɪʋe]
2498	зал	hall	[zaɫ]
2499	міністр	minister	[mʲiˈnʲistr]
2500	дихання	breathing, respiration	[ˈdɪxɐnʲːɐ]
2501	образ	image	[ˈɔbrɐz]
2502	сумніваюся	first-person singular present indicative of сумніва́тися…	[sʊmnʲiˈʋajʊsʲɐ]
2503	починаємо	first-person plural present indicative of почина́ти impf	[pɔt͡ʃeˈnajemɔ]
2504	любити	to like, to love	[lʲʊˈbɪte]
2505	тримайтеся	second-person plural imperative of трима́тися impf	[treˈmai̯tesʲɐ]
2506	служити	to serve	[sɫʊˈʒɪte]
2507	занять	genitive plural of заня́ття	[zɐˈnʲatʲ]
2508	станеш	second-person singular future indicative of ста́ти pf	[ˈstaneʃ]
2509	столі	table	[stoˈlʲi]
2510	прийдеш	second-person singular future indicative perfective of…	[ˈprɪi̯deʃ]
2511	красива	feminine nominative singular of краси́вий	[krɐˈsɪʋɐ]
2512	приймати	to accept	[prei̯ˈmate]
2513	злочину	genitive singular	[ˈzɫɔt͡ʃenʊ]
2514	обставин	genitive plural of обста́вина	[ɔbˈstaʋen]
2515	глава	section, chapter, part	[ɦɫɐˈʋa]
2516	співати	to sing	[sʲpʲiˈʋate]
2517	кошмар	nightmare	[kɔʃˈmar]
2518	злочин	crime, offence	[ˈzɫɔt͡ʃen]
2519	брешеш	second-person singular present indicative imperfective of…	[ˈbrɛʃeʃ]
2520	маленьким	masculine/neuter instrumental singular	[mɐˈɫɛnʲkem]
2521	людях	locative plural of люди́на	[ˈlʲudʲɐx]
2522	безпечно	safely, securely	[bezˈpɛt͡ʃnɔ]
2523	заснути	to fall asleep	[zɐsˈnute]
2524	тіні	shadow, shade	[ˈtʲinʲi]
2525	читаю	first-person singular present imperfective of чита́ти	[t͡ʃeˈtajʊ]
2526	пляжі	beach	[ˈplʲaʒʲi]
2527	попередити	to notify in advance, to give notice to, to let know…	[pɔpeˈrɛdete]
2528	бачать	third-person plural present imperfective of ба́чити	[ˈbat͡ʃɐtʲ]
2529	розуміти	to understand, to comprehend	[rɔzʊˈmʲite]
2530	зробите	second-person plural future perfective of зроби́ти	[ˈzrɔbete]
2531	адреса	address	[ɐˈdrɛsɐ]
2532	придумав	masculine singular past indicative of приду́мати pf	[preˈdumɐu̯]
2533	пообіцяв	masculine singular past indicative of пообіця́ти pf	[pɔɔbʲiˈt͡sʲau̯]
2534	останню	feminine accusative singular of оста́нній	[ɔˈstanʲːʊ]
2535	довкола	about, around	[dɔu̯ˈkɔɫɐ]
2536	вашими	your, yours	[ˈʋaʃeme]
2537	паспорт	passport	[ˈpaspɔrt]
2538	тікати	to tick	[ˈtʲikɐte]
2539	вижив	masculine singular past of ви́жити	
2540	обидві	nominative/vocative feminine plural	[ɔˈbɪdʲʋʲi]
2541	написали	plural past perfective of написа́ти	[nɐpeˈsaɫe]
2542	пропозицію	accusative singular of пропози́ція	[prɔpɔˈzɪt͡sʲijʊ]
2543	хвора	ill person	[ˈxwɔrɐ]
2544	залишилися	plural past indicative of залиши́тися pf	[zɐɫeˈʃɪɫesʲɐ]
2545	закони	nominative/accusative/vocative plural of зако́н	[zɐˈkɔne]
2546	пішло	neuter singular past indicative of піти́ pf	[pʲiʃˈɫɔ]
2547	жахливий	terrible, horrible, awful, appalling, dreadful, dire,…	[ʒɐˈxɫɪʋei̯]
2548	квиток	ticket	[kʋeˈtɔk]
2549	представити	to introduce, to present to be acquainted; bring into the…	[pred͡zˈstaʋete]
2550	кулі	genitive/dative/locative singular	[ˈkulʲi]
2551	голодна	feminine nominative singular of голо́дний	[ɦɔˈɫɔdnɐ]
2552	їсть	third-person singular present imperfective of ї́сти	[jisʲtʲ]
2553	намагалася	feminine singular past imperfective of намага́тися	[nɐmɐˈɦaɫɐsʲɐ]
2554	вашою	your, yours	[ˈʋaʃɔjʊ]
2555	класі	class	[ˈkɫasʲi]
2556	нагадує	third-person singular present indicative of нага́дувати impf	[nɐˈɦadʊje]
2557	росте	third-person singular present imperfective of рости́	[rɔˈstɛ]
2558	дихай	second-person singular imperative of ди́хати impf	[ˈdɪxɐi̯]
2559	стою	first-person singular present indicative of стоя́ти	[stɔˈju]
2560	говорим	first-person plural present imperfective of говори́ти	[ɦɔˈwɔrem]
2561	жарко	hotly	[ˈʒarkɔ]
2562	посеред	in the middle of	[ˈpɔsered]
2563	відкриття	opening	[ʋʲidkreˈtʲːa]
2564	армію	accusative singular of а́рмія	[ˈarmʲijʊ]
2565	автомобіль	automobile, car	[ɐu̯tɔmoˈbʲilʲ]
2566	глянути	to look at	[ˈɦlʲanʊte]
2567	схід	east	[sʲxʲid]
2568	старик	old man	[stɐˈrɪk]
2569	подумаю	first-person singular future indicative of поду́мати pf	[poˈdumɐjʊ]
2570	загалом	in general, generally	[zɐɦɐˈɫɔm]
2571	кусок	piece, chunk, bit, slice	[kʊˈsɔk]
2572	волю	accusative singular of во́ля	[ˈwɔlʲʊ]
2573	процес	process	[prɔˈt͡sɛs]
2574	відчув	masculine singular past indicative of відчу́ти pf	[ʋʲid͡ʒˈt͡ʃuu̯]
2575	парку	park	[ˈparkʊ]
2576	щастить	third-person singular present indicative	[ʃt͡ʃɐˈstɪtʲ]
2577	писав	masculine singular past imperfective of писа́ти	[peˈsau̯]
2578	квартирі	dative/locative singular of кварти́ра	[kʋɐrˈtɪrʲi]
2579	понеділок	Monday	[pɔneˈdʲiɫɔk]
2580	знайдіть	second-person plural imperative of знайти́ pf	[znɐi̯ˈdʲitʲ]
2581	великої	genitive feminine singular of вели́кий	[ʋeˈɫɪkɔji]
2582	намагаюсь	first-person singular present imperfective of намага́тися	[nɐmɐˈɦajʊsʲ]
2583	силах	locative plural of си́ла	[ˈsɪɫɐx]
2584	зайнятися	to be occupied, to keep oneself occupied, to keep oneself…	[zɐi̯ˈnʲatesʲɐ]
2585	позбутися	to lose, to shed, to jettison	[pozˈbutesʲɐ]
2586	подобаєшся	second-person singular present indicative of подо́батися…	[pɔˈdɔbɐjesʲːɐ]
2587	вирішувати	to decide	[ʋeˈrʲiʃʊʋɐte]
2588	торт	cake, torte	[tɔrt]
2589	платять	third-person plural present imperfective of плати́ти	[ˈpɫatʲɐtʲ]
2590	нижче	further downstream	[ˈnɪʒt͡ʃe]
2591	праві	locative singular of пра́во	[ˈpraʋʲi]
2592	начебто	as if, as though, as, like	[ˈnat͡ʃebtɔ]
2593	підлозі	dative singular of підло́га	[pʲidˈɫɔzʲi]
2594	фільми	film, movie	[ˈfʲilʲme]
2595	робитимемо	first-person plural synthetic future indicative…	[rɔˈbɪtememɔ]
2596	ззаду	from behind	[ˈzːadʊ]
2597	двигун	engine, motor	[dʋeˈɦun]
2598	чекаєш	second-person singular present imperfective of чека́ти	[t͡ʃeˈkajeʃ]
2599	пил	dust	[pɪɫ]
2600	чергу	accusative singular of че́рга	[ˈt͡ʃɛrɦʊ]
2601	виглядати	to look out, to peep out	[ʋeɦlʲɐˈdate]
2602	суді	court	[sʊˈdʲi]
2603	тиск	pressure	[tɪsk]
2604	удома	alternative form of вдо́ма	[ʊˈdɔmɐ]
2605	крик	scream, cry, shriek outcry, shout, shouting, yell	[krɪk]
2606	простір	space	[ˈprɔsʲtʲir]
2607	носити	to carry	[nɔˈsɪte]
2608	заробити	to earn	[zɐrɔˈbɪte]
2609	зате	but, but at least, however, on the other hand	[zɐˈtɛ]
2610	книжки	genitive singular of кни́жка	[ˈknɪʒke]
2611	ад	hell	[ad]
2612	угода	agreement, covenant	[ʊˈɦɔdɐ]
2613	планета	planet	[pɫɐˈnɛtɐ]
2614	дорогою	instrumental singular of доро́га	[dɔˈrɔɦɔjʊ]
2615	театр	theatre/theater	[teˈatr]
2616	зручно	comfortably	[ˈzrut͡ʃnɔ]
2617	фізики	genitive singular of фі́зика	[ˈfʲizeke]
2618	братів	brother	[ˈbratʲiu̯]
2619	щоби	so that, in order that; in order to	[ˈʃt͡ʃɔbe]
2620	помремо	first-person plural future indicative of поме́рти pf	[pɔmreˈmɔ]
2621	союз	union	[sɔˈjuz]
2622	запросити	to invite	[zɐprɔˈsɪte]
2623	даси	second-person singular future perfective of да́ти	[dɐˈsɪ]
2624	винна	feminine nominative singular of ви́нний	[ˈʋɪnːɐ]
2625	пояснення	explanation, explication	[pɔˈjasnenʲːɐ]
2626	жахлива	feminine nominative singular of жахли́вий	[ʒɐˈxɫɪʋɐ]
2627	пісок	sand	[pʲiˈsɔk]
2628	сні	sleep	[sʲnʲi]
2629	флот	fleet	[fɫɔt]
2630	випив	masculine singular past perfective of ви́пити	[ˈʋɪpeu̯]
2631	служби	genitive singular	[ˈsɫuʒbe]
2632	дізнатись	alternative infinitive form of дізна́тися pf	[dʲizˈnatesʲ]
2633	ціла	feminine nominative singular of ці́лий	[ˈt͡sʲiɫɐ]
2634	хуй	dick, prick, cock	[xui̯]
2635	наступна	feminine nominative singular of насту́пний	[nɐˈstupnɐ]
2636	мистецтво	art	[meˈstɛt͡stwɔ]
2637	приїде	third-person singular future indicative of приї́хати pf	[preˈjide]
2638	просити	to ask for, to beg for	[prɔˈsɪte]
2639	хороше	nominative/accusative/vocative neuter singular of хоро́ший	[xɔˈrɔʃe]
2640	розповідати	to recount, to narrate, to tell	[rɔzpɔʋʲiˈdate]
2641	їздити	to go	[ˈjizdete]
2642	вийшли	plural past of ви́йти pf	[ˈʋɪi̯ʃɫe]
2643	новому	masculine/neuter dative singular	[nɔˈwɔmʊ]
2644	скелі	genitive/dative/locative singular	[ˈskɛlʲi]
2645	даремно	in vain, for nothing, to no avail	[dɐˈrɛmnɔ]
2646	дзвонила	feminine singular past imperfective of дзвони́ти	[d͡zwɔˈnɪɫɐ]
2647	зроблять	third-person plural future perfective of зроби́ти	[ˈzrɔblʲɐtʲ]
2648	казино	casino	[kɐzeˈnɔ]
2649	тупий	blunt	[tʊˈpɪi̯]
2650	важливі	nominative plural	[ʋɐʒˈɫɪʋʲi]
2651	ціль	target, aim	[t͡sʲilʲ]
2652	розповіла	feminine singular past indicative of розповісти́	[rɔzpɔʋʲiˈɫa]
2653	землею	instrumental singular of земля́	[zemˈɫɛjʊ]
2654	океан	ocean	[ɔkeˈan]
2655	намагаєшся	second-person singular present imperfective of намага́тися	[nɐmɐˈɦajesʲːɐ]
2656	першої	feminine genitive singular of пе́рший	[ˈpɛrʃɔji]
2657	відпустити	to let go	[ʋʲidpʊˈstɪte]
2658	район	district	[rɐˈjɔn]
2659	взуття	footwear	[wzʊˈtʲːa]
2660	жінками	instrumental plural of жі́нка	[ʒʲinˈkame]
2661	йдеться	third-person singular present indicative of йти́ся impf	[ˈi̯dɛt͡sʲːɐ]
2662	доводиться	third-person singular present indicative of дово́дитися impf	[dɔˈwɔdet͡sʲːɐ]
2663	їхня	nominative/vocative feminine singular of ї́хній	[ˈjixnʲɐ]
2664	відтепер	from now on, henceforth	[ʋʲidteˈpɛr]
2665	повернуться	third-person singular future indicative of поверну́тися pf	[pɔˈʋɛrnʊt͡sʲːɐ]
2666	форма	form, shape	[ˈfɔrmɐ]
2667	іншій	dative/locative feminine singular of і́нший	[ˈinʲʃʲii̯]
2668	спальні	genitive/dative/locative	[ˈspalʲnʲi]
2669	пальто	overcoat, greatcoat, carrick	[pɐlʲˈtɔ]
2670	наступні	nominative plural	[nɐˈstupnʲi]
2671	літо	summer	[ˈlʲitɔ]
2672	старих	genitive/locative plural	[stɐˈrɪx]
2673	ворогів	genitive/accusative plural of во́рог	[wɔroˈɦʲiu̯]
2674	дивляться	third-person plural present imperfective of диви́тися	[ˈdɪu̯lʲɐt͡sʲːɐ]
2675	знай	second-person singular imperative of зна́ти impf	[znai̯]
2676	страшенно	terribly, dreadfully, awfully, frightfully	[strɐˈʃɛnːɔ]
2677	семи	seven	[seˈmɪ]
2678	вдень	by day	[wdɛnʲ]
2679	пройде	third-person singular future indicative of пройти́ pf	[ˈprɔi̯de]
2680	підтримки	genitive singular	[pʲidˈtrɪmke]
2681	граєш	second-person singular present imperfective of гра́ти	[ˈɦrajeʃ]
2682	набридло	neuter singular past indicative of набри́днути pf	[nɐˈbrɪdɫɔ]
2683	втрати	genitive singular	[ˈʍtrate]
2684	тренер	trainer, driller, coach	[ˈtrɛner]
2685	загін	enclosure, cote, corral, kraal, pen, fold	[zɐˈɦʲin]
2686	машиною	instrumental singular of маши́на	[mɐˈʃɪnɔjʊ]
2687	руці	dative singular of рука́	[rʊˈt͡sʲi]
2688	маленьке	nominative/accusative/vocative neuter singular of мале́нький	[mɐˈɫɛnʲke]
2689	альфа	alpha	[ˈalʲfɐ]
2690	повтори	second-person singular imperative of повтори́ти pf	[pɔu̯tɔˈrɪ]
2691	дадуть	third-person plural future perfective of да́ти	[dɐˈdutʲ]
2692	виконати	to execute, to perform, to carry out, to accomplish, to…	[ˈʋɪkɔnɐte]
2693	нізащо	not under any circumstances, no way, never	[nʲiˈzaʃt͡ʃɔ]
2694	перевагу	accusative singular of перева́га	[pereˈʋaɦʊ]
2695	період	period	[peˈrʲiɔd]
2696	назовні	out, outside, outwards	[nɐˈzɔu̯nʲi]
2697	пив	masculine singular past imperfective of пи́ти	[pɪu̯]
2698	потяг	train	[ˈpɔtʲɐɦ]
2699	зітхає	third-person singular present indicative imperfective of…	[zʲitˈxaje]
2700	лили	plural past indicative imperfective of ли́ти	[ɫeˈɫɪ]
2701	злий	bad, evil	[zɫɪi̯]
2702	веду	first-person singular present imperfective of вести́	[ʋeˈdu]
2703	алкоголь	alcohol	[ɐɫkɔˈɦɔlʲ]
2704	поглянути	to look, to glance	[pɔˈɦlʲanʊte]
2705	тяжко	heavily	[ˈtʲaʒkɔ]
2706	нашою	our, ours	[ˈnaʃɔjʊ]
2707	магазине	vocative singular of магази́н	[mɐɦɐˈzɪne]
2708	сліпий	blind	[sʲlʲiˈpɪi̯]
2709	згодом	subsequently, afterwards, later, later on	[ˈzɦɔdɔm]
2710	тітка	aunt	[ˈtʲitkɐ]
2711	обмін	exchange	[ˈɔbmʲin]
2712	починаю	first-person singular present indicative of почина́ти impf	[pɔt͡ʃeˈnajʊ]
2713	бідний	poor, pauper	[ˈbʲidnei̯]
2714	сад	garden, orchard	[sad]
2715	відповідати	to answer, to respond	[ʋʲidpɔʋʲiˈdate]
2716	літати	to fly	[lʲiˈtate]
2717	військових	genitive plural	[ʋʲii̯ˈsʲkɔʋex]
2718	подруги	genitive singular	[ˈpɔdrʊɦe]
2719	звинувачення	accusation, charge	[zʋenʊˈʋat͡ʃenʲːɐ]
2720	звичайна	feminine nominative singular of звича́йний	[zʋeˈt͡ʃai̯nɐ]
2721	нагору	up	[nɐˈɦɔrʊ]
2722	візьмеш	second-person singular future indicative of взя́ти pf and…	[ˈʋʲizʲmeʃ]
2723	стосовно	concerning, in relation to	[stɔˈsɔu̯nɔ]
2724	морі	locative singular of мо́ре	[ˈmɔrʲi]
2725	продовжує	third-person singular present indicative of продо́вжувати…	[prɔˈdɔu̯ʒʊje]
2726	намагаються	third-person plural present imperfective of намага́тися	[nɐmɐˈɦajʊt͡sʲːɐ]
2727	змушений	forced, compelled, constrained	[ˈzmuʃenei̯]
2728	характер	character, temper, disposition	[xɐˈrakter]
2729	вважаєте	second-person plural present indicative of вважа́ти impf	[ʋːɐˈʒajete]
2730	атаки	nominative/accusative/vocative plural	[ɐˈtake]
2731	переконати	to convince, to persuade	[perekɔˈnate]
2732	кава	coffee	[ˈkaʋɐ]
2733	пальцем	instrumental singular of па́лець	[ˈpalʲt͡sem]
2734	знання	knowledge	[znɐˈnʲːa]
2735	капелюх	A brimmed hat	[kɐpeˈlʲux]
2736	аеропорту	genitive/dative singular of аеропо́рт	[ɐerɔˈpɔrtʊ]
2737	полювання	hunting	[pɔlʲʊˈʋanʲːɐ]
2738	війська	nominative/accusative/vocative plural of ві́йсько	[ʋʲii̯ˈsʲka]
2739	милі	nominative/vocative plural	[ˈmɪlʲi]
2740	шукали	plural past imperfective of шука́ти	[ʃʊˈkaɫe]
2741	відчути	to feel	[ʋʲid͡ʒˈt͡ʃute]
2742	дамо	first-person plural future perfective of да́ти	[dɐˈmɔ]
2743	навчити	to teach, to instruct	[nɐu̯ˈt͡ʃɪte]
2744	гарного	masculine/neuter genitive singular	[ˈɦarnɔɦɔ]
2745	любили	plural past indicative imperfective of люби́ти	[lʲʊˈbɪɫe]
2746	гаряче	nominative/accusative/vocative neuter singular of гаря́чий	[ɦɐˈrʲat͡ʃe]
2747	проведу	first-person singular future indicative of провести́ pf	[prɔʋeˈdu]
2748	настрій	mood, humour, spirits, frame of mind, state of mind	[ˈnastʲrʲii̯]
2749	воздух	a veil for communion vessels used during a church liturgy	[ˈwɔzdʊx]
2750	центру	centre, center	[ˈt͡sɛntrʊ]
2751	шию	accusative singular of ши́я	[ˈʃɪjʊ]
2752	суде	court	[ˈsude]
2753	канал	channel	[kɐˈnaɫ]
2754	нещодавно	recently, not long ago, newly, lately	[neʃt͡ʃɔˈdau̯nɔ]
2755	особливого	masculine/neuter genitive singular	[ɔsɔˈbɫɪwɔɦɔ]
2756	відстань	distance	[ˈʋʲid͡zstɐnʲ]
2757	краща	feminine nominative singular of кра́щий	[ˈkraʃt͡ʃɐ]
2758	роботою	instrumental singular of робо́та	[rɔˈbɔtɔjʊ]
2759	твоїми	your, yours, thy, thine	[twɔˈjime]
2760	покоління	generation	[pɔkoˈlʲinʲːɐ]
2761	символ	symbol	[ˈsɪmwɔɫ]
2762	краю	country	[ˈkrajʊ]
2763	ціна	price	[t͡sʲiˈna]
2764	кохаєш	second-person singular present imperfective of коха́ти	[kɔˈxajeʃ]
2765	атаку	accusative singular of ата́ка	[ɐˈtakʊ]
2766	довіряю	first-person singular present indicative of довіря́ти impf	[dɔʋʲiˈrʲajʊ]
2767	жодна	nominative/vocative feminine singular of жо́дний	[ˈʒɔdnɐ]
2768	принцеса	princess	[prenˈt͡sɛsɐ]
2769	надію	accusative singular of наді́я	[nɐˈdʲijʊ]
2770	ходять	third-person plural present imperfective of ходи́ти	[ˈxɔdʲɐtʲ]
2771	сини	son	[seˈnɪ]
2772	збори	meeting, convention, convocation	[ˈzbɔre]
2773	командир	commander, commanding officer	[kɔmɐnˈdɪr]
2774	білі	nominative plural	[ˈbʲilʲi]
2775	неділю	accusative singular of неді́ля	[neˈdʲilʲʊ]
2776	вільно	freely	[ˈʋʲilʲnɔ]
2777	по-іншому	differently, in a different way, another way, otherwise	[pɔ ˈinʃɔmʊ]
2778	показав	masculine singular past perfective of показа́ти	[pɔkɐˈzau̯]
2779	серія	series	[ˈsɛrʲijɐ]
2780	живим	masculine/neuter instrumental singular	[ʒeˈʋɪm]
2781	підлогу	accusative singular of підло́га	[pʲidˈɫɔɦʊ]
2782	ношу	first-person singular present indicative of носи́ти impf	[noˈʃu]
2783	борг	debt	[bɔrɦ]
2784	праці	nominative/accusative/vocative plural	[ˈprat͡sʲi]
2785	судьба	fate, destiny, fortune, lot, doom	[sʊdʲˈba]
2786	шторм	storm, tempest	[ʃtɔrm]
2787	пульс	pulse	[pulʲs]
2788	грі	game, play	[ɦrʲi]
2789	триматися	to hold on	[treˈmatesʲɐ]
2790	порох	powder	[ˈpɔrɔx]
2791	увійти	to enter, to go in, to get in	[ʊʋʲii̯ˈtɪ]
2792	відкрив	masculine singular past of відкри́ти pf	[ʋʲidˈkrɪu̯]
2793	готувати	to prepare, to ready, make ready	[ɦɔtʊˈʋate]
2794	згода	consent, assent, agreement	[ˈzɦɔdɐ]
2795	знайдете	second-person plural future indicative of знайти́ pf	[ˈznai̯dete]
2796	картина	picture	[kɐrˈtɪnɐ]
2797	зупинитися	to stop	[zʊpeˈnɪtesʲɐ]
2798	справжнім	masculine/neuter instrumental singular	[ˈsprau̯ʒnʲim]
2799	віра	faith	[ˈʋʲirɐ]
2800	число	A number or quantity	[t͡ʃesˈɫɔ]
2801	ідею	accusative singular of іде́я	[iˈdɛjʊ]
2802	температура	temperature	[temperɐˈturɐ]
2803	відвезти	to take away, to drive away, to take, to drive	[ʋʲidʋezˈtɪ]
2804	певен	short form of пе́вний	[ˈpɛʋen]
2805	мартин	gull of the genus Larus	[mɐrˈtɪn]
2806	могилу	accusative singular of моги́ла	[mɔˈɦɪɫʊ]
2807	тім	that	[tʲim]
2808	погода	weather	[pɔˈɦɔdɐ]
2809	безглуздо	senselessly, foolishly	[bezˈɦɫuzdɔ]
2810	їхали	plural past indicative imperfective of ї́хати	[ˈjixɐɫe]
2811	іншою	instrumental feminine singular of і́нший	[ˈinʃɔjʊ]
2812	тримав	masculine singular past indicative of трима́ти impf	[treˈmau̯]
2813	міцно	strongly	[ˈmʲit͡snɔ]
2814	виходити	to go out, to come out, to get out, to walk out, to exit	[ʋeˈxɔdete]
2815	зібрався	masculine singular past indicative of зібра́тися pf	[zʲiˈbrau̯sʲɐ]
2816	якомога	as much as possible, as much as one can	[jɐkɔˈmɔɦɐ]
2817	книг	genitive plural of кни́га	[knɪɦ]
2818	дзвоню	first-person singular present imperfective of дзвони́ти	[d͡zwoˈnʲu]
2819	уроки	nominative/accusative/vocative plural of уро́к	[ʊˈrɔke]
2820	звільнили	plural past indicative of звільни́ти pf	[zʲʋʲilʲˈnɪɫe]
2821	бюро	office, bureau, agency	[bʲʊˈrɔ]
2822	словом	instrumental singular of сло́во	[ˈsɫɔwɔm]
2823	новин	genitive plural of новина́	[nɔˈʋɪn]
2824	тисячу	accusative singular of ти́сяча	[ˈtɪsʲɐt͡ʃʊ]
2825	доньку	accusative singular of до́нька	[ˈdɔnʲkʊ]
2826	перемогу	accusative singular of перемо́га	[pereˈmɔɦʊ]
2827	якимось	instrumental masculine/neuter singular of яки́йсь	[jɐˈkɪmɔsʲ]
2828	справою	instrumental singular of спра́ва	[ˈsprawɔjʊ]
2829	скажуть	third-person plural future perfective of сказа́ти	[ˈskaʒʊtʲ]
2830	самих	self, -self	[ˈsamex]
2831	грошима	instrumental plural of гро́ші	[ɦrɔˈʃɪmɐ]
2832	синій	deep blue, indigo	[ˈsɪnʲii̯]
2833	помилки	genitive singular of поми́лка	[pɔˈmɪɫke]
2834	порушення	violation, breach, infringement, contravention	[poˈruʃenʲːɐ]
2835	дно	bed, bottom	[dnɔ]
2836	ангел	angel	[ˈanɦeɫ]
2837	влаштувати	to arrange, to organize, to establish	[wɫɐʃtʊˈʋate]
2838	успіх	success	[ˈusʲpʲix]
2839	хлопцями	instrumental plural of хло́пець	[ˈxɫɔpt͡sʲɐme]
2840	магазині	locative singular of магази́н	[mɐɦɐˈzɪnʲi]
2841	розуміють	third-person plural present imperfective of розумі́ти	[rɔzʊˈmʲijʊtʲ]
2842	таємниця	secret	[tɐjemˈnɪt͡sʲɐ]
2843	вірив	masculine singular past indicative imperfective of ві́рити	[ˈʋʲireu̯]
2844	матиме	third-person singular synthetic future indicative of ма́ти…	[ˈmateme]
2845	водій	driver	[woˈdʲii̯]
2846	живете	second-person plural present imperfective of жи́ти	[ʒeʋeˈtɛ]
2847	фотографії	genitive singular of фотогра́фія	[fɔtɔˈɦrafʲiji]
2848	головного	masculine/neuter genitive singular	[ɦɔɫɔu̯ˈnɔɦɔ]
2849	тварина	animal	[tʋɐˈrɪnɐ]
2850	власність	property, belongings	[ˈwɫasʲnʲisʲtʲ]
2851	храм	temple	[xram]
2852	табір	camp	[ˈtabʲir]
2853	додати	to add	[dɔˈdate]
2854	розмір	size	[ˈrɔzʲmʲir]
2855	чо	apocopic form of чому́	[t͡ʃɔ]
2856	партія	party	[ˈpartʲijɐ]
2857	ризик	risk	[ˈrɪzek]
2858	повірив	masculine singular past indicative of пові́рити pf	[pɔˈʋʲireu̯]
2859	рівня	genitive singular of рі́вень	[ˈrʲiu̯nʲɐ]
2860	використовують	third-person plural present indicative of використо́вувати…	[ʋekɔreˈstɔwʊjʊtʲ]
2861	пий	second-person singular imperative of пи́ти impf	[pɪi̯]
2862	бабусю	accusative singular	[bɐˈbusʲʊ]
2863	скло	glass	[skɫɔ]
2864	назвала	feminine singular past indicative of назва́ти pf	[nɐzˈʋaɫɐ]
2865	власник	owner, possessor, proprietor	[ˈwɫasnek]
2866	чистий	pure	[ˈt͡ʃɪstei̯]
2867	брату	brother	[brɐˈtu]
2868	пройшли	plural past indicative of пройти́ pf	[prɔi̯ʃˈɫɪ]
2869	військові	nominative plural	[ʋʲii̯ˈsʲkɔʋʲi]
2870	намір	intention, intent	[ˈnamʲir]
2871	плакати	to cry, to weep	[ˈpɫakɐte]
2872	століття	century	[stoˈlʲitʲːɐ]
2873	вхід	entrance, entry	[ʍxʲid]
2874	похорон	funeral	[ˈpɔxɔrɔn]
2875	сестро	vocative singular of сестра́	[ˈsɛstrɔ]
2876	коханий	beloved	[ˈkɔxɐnei̯]
2877	свободи	genitive singular	[swɔˈbɔde]
2878	нової	feminine genitive singular of нови́й	[nɔˈwɔji]
2879	ручку	accusative singular of ру́чка	[ˈrut͡ʃkʊ]
2880	залі	hall	[ˈzalʲi]
2881	найбільший	superlative degree of вели́кий: biggest, largest, greatest	[nɐi̯ˈbʲilʲʃei̯]
2882	запрошення	invitation	[zɐˈprɔʃenʲːɐ]
2883	запрошую	first-person singular present indicative of запро́шувати	[zɐˈprɔʃʊjʊ]
2884	закохався	masculine singular past indicative of закоха́тися pf	[zɐkɔˈxau̯sʲɐ]
2885	музики	genitive singular of му́зика	[ˈmuzeke]
2886	уся	nominative/vocative feminine singular of уве́сь	[ʊˈsʲa]
2887	хрест	cross	[xrɛst]
2888	маячня	delirium, ravings	[mɐjɐt͡ʃˈnʲa]
2889	живих	genitive plural	[ʒeˈʋɪx]
2890	максимум	maximum	[ˈmaksemʊm]
2891	члена	member, limb	[ˈt͡ʃɫɛnɐ]
2892	корова	cow	[kɔˈrɔʋɐ]
2893	коротше	comparative degree of ко́ротко	[kɔˈrɔt͡ʃʃe]
2894	база	base, basis, foundation	[ˈbazɐ]
2895	підписати	to sign	[pʲidpeˈsate]
2896	будівлі	genitive/dative/locative singular	[bʊˈdʲiu̯lʲi]
2897	свідомість	consciousness	[sʲʋʲiˈdɔmʲisʲtʲ]
2898	газети	genitive singular	[ɦɐˈzɛte]
2899	нормальний	normal	[nɔrˈmalʲnei̯]
2900	допомогла	feminine singular past indicative of допомогти́ pf	[dɔpɔmɔˈɦɫa]
2901	збіг	coincidence, concurrence	[zʲbʲiɦ]
2902	назву	accusative singular of на́зва	[ˈnazwʊ]
2903	бомбу	accusative singular of бо́мба	[ˈbɔmbʊ]
2904	йдете	second-person plural present indicative of йти impf	[i̯deˈtɛ]
2905	кухню	accusative singular of ку́хня	[ˈkuxnʲʊ]
2906	підійти	to approach, to come up, to go up	[pʲidʲii̯ˈtɪ]
2907	кохає	third-person singular present imperfective of коха́ти	[kɔˈxaje]
2908	пальців	genitive plural of па́лець	[ˈpalʲt͡sʲiu̯]
2909	діє	vocative singular of ді́я	[ˈdʲije]
2910	випий	second-person singular imperative perfective of ви́пити	[ˈʋɪpei̯]
2911	конкретно	concretely, specifically	[kɔnˈkrɛtnɔ]
2912	подорожі	journey, travel	[ˈpɔdɔrɔʒʲi]
2913	наслідки	nominative/accusative/vocative plural of на́слідок	[ˈnasʲlʲidke]
2914	лікування	treatment, therapy	[lʲikʊˈʋanʲːɐ]
2915	віскі	whiskey	[ˈʋʲisʲkʲi]
2916	шоколад	chocolate	[ʃɔkɔˈɫad]
2917	диск	disc, disk	[dɪsk]
2918	кіт	male cat, tomcat	[kʲit]
2919	любимо	first-person plural present indicative imperfective of…	[ˈlʲubemɔ]
2920	столу	table	[ˈstɔɫʊ]
2921	виріс	masculine singular past indicative of ви́рости pf	[ˈʋɪrʲis]
2922	акт	statement, report, certificate	[akt]
2923	напрямку	genitive/dative/locative/vocative singular of на́прямок	[ˈnaprʲɐmkʊ]
2924	показує	third-person singular present indicative of пока́зувати impf	[pɔˈkazʊje]
2925	шкіра	skin, hide, leather	[ˈʃkʲirɐ]
2926	матимеш	second-person singular synthetic future indicative of ма́ти…	[ˈmatemeʃ]
2927	однаково	equally, identically	[ɔdˈnakɔwɔ]
2928	робитимеш	second-person singular synthetic future indicative…	[rɔˈbɪtemeʃ]
2929	грудь	female breast, boob	[ɦrudʲ]
2930	сильні	nominative plural	[ˈsɪlʲnʲi]
2931	клятий	cursed, accursed, damned	[ˈklʲatei̯]
2932	послання	letter, message, missive	[pɔsˈɫanʲːɐ]
2933	мрія	dream	[ˈmrʲijɐ]
2934	черзі	dative/locative singular of че́рга	[ˈt͡ʃɛrzʲi]
2935	по-твоєму	in your opinion	[pɔ ˈtwɔjemʊ]
2936	назва	appellation	[ˈnazʋɐ]
2937	рухом	movement	[ˈruxɔm]
2938	межами	instrumental plural of межа́	[ˈmɛʒɐme]
2939	жінкам	dative plural of жі́нка	[ʒʲinˈkam]
2940	черевики	nominative/accusative plural of череви́к	
2941	медсестра	nurse	[med͡zseˈstra]
2942	приходити	to arrive, to come	[preˈxɔdete]
2943	неймовірна	feminine nominative singular of неймові́рний	[nei̯mɔˈʋʲirnɐ]
2944	спроба	attempt, try, shot	[ˈsprɔbɐ]
2945	раджу	first-person singular present indicative of ра́дити and…	[ˈrad͡ʒʊ]
2946	метою	instrumental singular of мета́	[meˈtɔjʊ]
2947	втрачати	to lose	[ʍtrɐˈt͡ʃate]
2948	сестрою	instrumental singular of сестра́	[seˈstrɔjʊ]
2949	сексуально	sexually	[seksʊˈalʲnɔ]
2950	збожеволів	masculine singular past indicative perfective of…	[zbɔʒeˈwɔlʲiu̯]
2951	по-справжньому	properly	[pɔ ˈsprau̯ʒnʲɔmʊ]
2952	роками	year	[ˈrɔkɐme]
2953	вулицях	locative plural of ву́лиця	[ˈwuɫet͡sʲɐx]
2954	оголошення	announcement	[ɔɦɔˈɫɔʃenʲːɐ]
2955	радість	joy, delight	[ˈradʲisʲtʲ]
2956	поміж	between, in between	[ˈpɔmʲiʒ]
2957	зубами	tooth	[zʊˈbame]
2958	ціле	neuter nominative/accusative singular of ці́лий	[ˈt͡sʲiɫe]
2959	грали	plural past imperfective of гра́ти	[ˈɦraɫe]
2960	вчитися	to learn	[ˈʍt͡ʃɪtesʲɐ]
2961	художник	artist, painter	[xʊˈdɔʒnek]
2962	ся	this, this here	[sʲa]
2963	групі	dative/locative singular of гру́па	[ˈɦrupʲi]
2964	одружений	married	[oˈdruʒenei̯]
2965	дихає	third-person singular present indicative of ди́хати impf	[ˈdɪxɐje]
2966	герб	coat of arms	[ɦɛrb]
2967	номером	instrumental singular of но́мер	[ˈnɔmerɔm]
2968	поверну	first-person singular future indicative of поверну́ти pf	[pɔʋerˈnu]
2969	офісі	locative singular of о́фіс	[ˈɔfʲisʲi]
2970	замовлення	order	[zɐˈmɔu̯ɫenʲːɐ]
2971	писала	feminine singular past imperfective of писа́ти	[peˈsaɫɐ]
2972	скучно	boringly, tediously	[ˈskut͡ʃnɔ]
2973	виглядав	masculine singular past indicative of вигляда́ти impf	[ʋeɦlʲɐˈdau̯]
2974	описати	to describe	[ɔpeˈsate]
2975	членом	member, limb	[ˈt͡ʃɫɛnɔm]
2976	зелений	green	[zeˈɫɛnei̯]
2977	високо	high, highly	[ˈʋɪsɔkɔ]
2978	доказ	proof	[ˈdɔkɐz]
2979	суботу	accusative singular of субо́та	[sʊˈbɔtʊ]
2980	співає	third-person singular present imperfective of співа́ти	[sʲpʲiˈʋaje]
2981	клубу	club	[ˈkɫubʊ]
2982	боягуз	coward	[bɔjɐˈɦuz]
2983	свиня	swine, pig	[sʋeˈnʲa]
2984	журнал	magazine, periodical, journal	[ʒʊrˈnaɫ]
2985	боротьби	genitive singular of боротьба́	[bɔrɔdʲˈbɪ]
2986	першою	feminine instrumental singular of пе́рший	[ˈpɛrʃɔjʊ]
2987	іду	first-person singular present imperfective of іти́	[iˈdu]
2988	назвою	instrumental singular of на́зва	[ˈnazwɔjʊ]
2989	терпіння	patience	[terˈpʲinʲːɐ]
2990	поворот	turn, turning, pivot	[pɔwɔˈrɔt]
2991	пристрій	device	[ˈprɪstʲrʲii̯]
2992	небезпечний	dangerous	[nebezˈpɛt͡ʃnei̯]
2993	мільярдів	genitive plural of мілья́рд	[mʲiˈlʲjardʲiu̯]
2994	позицію	accusative singular of пози́ція	[pɔˈzɪt͡sʲijʊ]
2995	наука	science	[nɐˈukɐ]
2996	сни	sleep	[snɪ]
2997	їдять	third-person plural present imperfective of ї́сти	[jiˈdʲatʲ]
2998	вимкни	second-person singular imperative of ви́мкнути pf	[ˈʋɪmkne]
2999	вороги	nominative/vocative plural of во́рог	[wɔrɔˈɦɪ]
3000	пройшла	feminine singular past indicative of пройти́ pf	[prɔi̯ʃˈɫa]
3001	поверх	floor, storey	[ˈpɔʋerx]
3002	рятувати	to save, to rescue	[rʲɐtʊˈʋate]
3003	пункт	point	[punkt]
3004	якоїсь	genitive feminine singular of яки́йсь	[jɐˈkɔjisʲ]
3005	фантастика	fantasy	[fɐnˈtastekɐ]
3006	залишати	to leave	[zɐɫeˈʃate]
3007	важливий	important	[ʋɐʒˈɫɪʋei̯]
3008	найкращим	masculine/neuter instrumental singular	[nɐi̯ˈkraʃt͡ʃem]
3009	цирк	circus	[t͡sɪrk]
3010	ходім	first-person plural imperative imperfective of ходи́ти	[xoˈdʲim]
3011	істоти	genitive singular	[iˈstɔte]
3012	варшави	genitive singular of Варша́ва	
3013	батькові	dative/locative singular of ба́тько	[ˈbatʲkɔʋʲi]
3014	бажає	third-person singular present indicative of бажа́ти impf	[bɐˈʒaje]
3015	америці	dative/locative singular of Аме́рика	[ɐˈmɛret͡sʲi]
3016	печиво	cookies, biscuits; small sweet baked goods	[ˈpɛt͡ʃewɔ]
3017	молодший	younger	[mɔˈɫɔd͡ʒʃei̯]
3018	господар	owner, proprietor	[ɦɔˈspɔdɐr]
3019	молока	genitive singular of молоко́	[mɔɫɔˈka]
3020	скажемо	first-person plural future perfective of сказа́ти	[ˈskaʒemɔ]
3021	натовп	crowd, throng	[ˈnatɔu̯p]
3022	магазину	genitive/dative singular of магази́н	[mɐɦɐˈzɪnʊ]
3023	актриса	actress	[ɐkˈtrɪsɐ]
3024	зайняти	to occupy, to take up, to take	[zɐi̯ˈnʲate]
3025	енергію	accusative singular of ене́ргія	[eˈnɛrɦʲijʊ]
3026	наречена	fiancée, bride	[nɐreˈt͡ʃɛnɐ]
3027	дерев	genitive plural of де́рево	[deˈrɛu̯]
3028	називає	third-person singular present indicative of назива́ти impf	[nɐzeˈʋaje]
3029	граю	first-person singular present imperfective of гра́ти	[ˈɦrajʊ]
3030	небесах	locative plural of не́бо	[nebeˈsax]
3031	село	village	[seˈɫɔ]
3032	високий	high	[ʋeˈsɔkei̯]
3033	слухаєш	second-person singular present imperfective of слу́хати	[ˈsɫuxɐjeʃ]
3034	справжнього	masculine/neuter genitive singular	[ˈsprau̯ʒnʲɔɦɔ]
3035	зачекати	to wait	[zɐt͡ʃeˈkate]
3036	напишу	first-person singular future perfective of написа́ти	[nɐpeˈʃu]
3037	зрозумій	second-person singular imperative of зрозумі́ти pf	[zrɔzʊˈmʲii̯]
3038	згодна	I agree with you; agreed	[ˈzɦɔdnɐ]
3039	будь-що	anything	[budʲ ˈʃt͡ʃɔ]
3040	поцілувати	to kiss	[pɔt͡sʲiɫʊˈʋate]
3041	замало	too little	[zɐˈmaɫɔ]
3042	замінити	to replace чи́мось/ки́мось	[zɐmʲiˈnɪte]
3043	куля	ball, sphere	[ˈkulʲɐ]
3044	переживаю	first-person singular present indicative of пережива́ти impf	[pereʒeˈʋajʊ]
3045	ход	genitive plural of хода́	[xɔd]
3046	тост	toast	[tɔst]
3047	церква	church	[ˈt͡sɛrkʋɐ]
3048	царство	empire, kingdom; tsardom	[ˈt͡sarstwɔ]
3049	серцем	instrumental singular of се́рце	[ˈsɛrt͡sem]
3050	трава	grass	[trɐˈʋa]
3051	природа	nature	[preˈrɔdɐ]
3052	клубе	club	[ˈkɫube]
3053	світом	world	[ˈsʲʋʲitɔm]
3054	зайду	first-person singular future indicative of зайти́ pf	[zɐi̯ˈdu]
3055	послухати	to listen	[posˈɫuxɐte]
3056	копа	sixty pieces of something	[kɔˈpa]
3057	цікава	feminine nominative singular of ціка́вий	[t͡sʲiˈkaʋɐ]
3058	зважаючи	present adverbial participle of зважа́ти impf: taking into…	[zʋɐˈʒajʊt͡ʃe]
3059	неприємності	genitive/dative/locative singular	[nepreˈjɛmnɔsʲtʲi]
3060	прохання	request	[prɔˈxanʲːɐ]
3061	підніми	second-person singular imperative of підня́ти pf	[pʲidʲnʲiˈmɪ]
3062	дідусь	grandfather, grandpa, old man	[dʲiˈdusʲ]
3063	грець	player, person obsessed with some game	[ɦrɛt͡sʲ]
3064	гість	guest, visitor	[ɦʲisʲtʲ]
3065	сів	synonym of сівба́ f	[sʲiu̯]
3066	швидкість	speed	[ˈʃʋɪdʲkʲisʲtʲ]
3067	їхню	feminine accusative singular of ї́хній	[ˈjixnʲʊ]
3068	кожний	every, each	[ˈkɔʒnei̯]
3069	тече	third-person singular present indicative of текти́	[teˈt͡ʃɛ]
3070	бажаєш	second-person singular present indicative of бажа́ти impf	[bɐˈʒajeʃ]
3071	носом	nose	[ˈnɔsɔm]
3072	озеро	lake	[ˈɔzerɔ]
3073	норвегії	genitive/dative/locative singular of Норве́гія	
3074	виклик	call	[ˈʋɪkɫek]
3075	клієнт	client	[klʲiˈjɛnt]
3076	мішок	sack	[mʲiˈʃɔk]
3077	виглядають	third-person plural present indicative of вигляда́ти impf	[ʋeɦlʲɐˈdajʊtʲ]
3078	тінь	shadow, shade	[tʲinʲ]
3079	палець	finger	[ˈpaɫet͡sʲ]
3080	запросили	plural past indicative perfective of запроси́ти	[zɐprɔˈsɪɫe]
3081	вчитель	alternative form of учи́тель: teacher, instructor	[ˈʍt͡ʃɪtelʲ]
3082	старим	masculine/neuter instrumental singular	[stɐˈrɪm]
3083	терміново	urgently	[termʲiˈnɔwɔ]
3084	фігня	thing	[fʲiɦˈnʲa]
3085	злодій	thief	[ˈzɫɔdʲii̯]
3086	знищення	verbal noun of зни́щити pf and зни́щитися pf: destruction,…	[ˈznɪʃt͡ʃenʲːɐ]
3087	командою	instrumental singular of кома́нда	[kɔˈmandɔjʊ]
3088	спостереження	observation	[spɔsteˈrɛʒenʲːɐ]
3089	сайт	site	[ˈsai̯t]
3090	досягти	to achieve, to attain, to reach	[dɔsʲɐɦˈtɪ]
3091	наступне	neuter nominative/accusative singular of насту́пний	[nɐˈstupne]
3092	гора	mountain	[ɦɔˈra]
3093	узяти	alternative form of взя́ти	[ʊˈzʲate]
3094	поліцейський	police	[pɔlʲiˈt͡sɛi̯sʲkei̯]
3095	актор	actor	[ɐkˈtɔr]
3096	десерт	dessert	[deˈsɛrt]
3097	охорона	guarding, protection, safeguarding, keeping	[ɔxɔˈrɔnɐ]
3098	росіян	genitive/accusative plural of росія́нин	[rɔsʲiˈjan]
3099	давала	feminine singular past indicative of дава́ти impf	[dɐˈʋaɫɐ]
3100	величезний	huge, enormous, vast, immense, great	[ʋeɫeˈt͡ʃɛznei̯]
3101	студії	genitive/dative/locative singular	[ˈstudʲiji]
3102	матеріал	material	[mɐterʲiˈaɫ]
3103	америку	accusative singular of Аме́рика	[ɐˈmɛrekʊ]
3104	зміна	change	[ˈzʲmʲinɐ]
3105	почули	plural past indicative of почу́ти pf	[poˈt͡ʃuɫe]
3106	терпіти	to endure, to suffer, to tolerate, to stand	[terˈpʲite]
3107	мову	accusative singular of мо́ва	[ˈmɔwʊ]
3108	пили	plural past imperfective of пи́ти	[peˈɫɪ]
3109	лондоні	locative singular of Ло́ндон	
3110	холодильник	fridge, refrigerator	[xɔɫɔˈdɪlʲnek]
3111	євро	euro	[ˈjɛu̯rɔ]
3112	світанку	genitive singular	[sʲʋʲiˈtankʊ]
3113	наразі	for the time being, now	[nɐˈrazʲi]
3114	приклад	butt	[preˈkɫad]
3115	зброєю	instrumental singular of збро́я	[ˈzbrɔjejʊ]
3116	відбулося	neuter singular past indicative of відбу́тися pf	[ʋʲidbʊˈɫɔsʲɐ]
3117	квартири	genitive singular	[kʋɐrˈtɪre]
3118	переговори	talks, negotiations	[pereɦɔˈwɔre]
3119	університету	genitive/dative singular of університе́т	[ʊnʲiʋerseˈtɛtʊ]
3120	боротьба	fight, struggle	[bɔrɔdʲˈba]
3121	стань	second-person singular imperative of ста́ти	[stanʲ]
3122	франції	genitive/dative/locative singular of Фра́нція	
3123	назви	genitive singular	[ˈnazʋe]
3124	пастка	trap, snare	[ˈpastkɐ]
3125	відносини	relations, business, terms, connections	[ʋʲidˈnɔsene]
3126	чорної	genitive feminine singular of чо́рний	[ˈt͡ʃɔrnɔji]
3127	виконувати	to execute, to perform, to carry out, to accomplish, to…	[ʋeˈkɔnʊʋɐte]
3128	заходу	genitive/dative of за́хід	[ˈzaxɔdʊ]
3129	сумніву	genitive singular	[ˈsumnʲiwʊ]
3130	залюбки	willingly, with pleasure	[zɐlʲʊbˈkɪ]
3131	станції	genitive singular of ста́нція	[ˈstanʲt͡sʲiji]
3132	покладіть	second-person plural imperative of покла́сти pf	[pɔkɫɐˈdʲitʲ]
3133	натомість	instead	[nɐˈtɔmʲisʲtʲ]
3134	спиною	instrumental singular of спи́на	[ˈspɪnɔjʊ]
3135	озера	genitive singular of о́зеро	[ˈɔzerɐ]
3136	річки	genitive singular of рі́чка	[ˈrʲit͡ʃke]
3137	бреше	third-person singular present indicative imperfective of…	[ˈbrɛʃe]
3138	витрати	cost, costs, expenditure, expenses, outlay	[ˈʋɪtrɐte]
3139	лежать	third-person plural present indicative	[ɫeˈʒatʲ]
3140	перемоги	nominative/accusative/vocative plural	[pereˈmɔɦe]
3141	метро	subway, underground, metro	[meˈtrɔ]
3142	дізнаються	third-person plural present indicative of дізнава́тися impf	[dʲiznɐˈjut͡sʲːɐ]
3143	підірвати	to blow up, to blast, to detonate, to explode	[pʲidʲirˈʋate]
3144	гріх	sin	[ɦrʲix]
3145	обом	dative plural of оби́два and оба́	[ɔˈbɔm]
3146	коментатор	commentator	[kɔmenˈtatɔr]
3147	прочитала	feminine singular past perfective of прочита́ти	[prɔt͡ʃeˈtaɫɐ]
3148	зима	winter	[zeˈma]
3149	мод	genitive plural of мо́да	[mɔd]
3150	товариш	comrade	[tɔˈʋareʃ]
3151	геній	genius	[ˈɦɛnʲii̯]
3152	імперії	genitive singular of імпе́рія	[imˈpɛrʲiji]
3153	продаж	sale	[ˈprɔdɐʒ]
3154	лежати	to lie	[ɫeˈʒate]
3155	перемога	victory	[pereˈmɔɦɐ]
3156	ксьондз	Polish Catholic priest	[ksʲɔnd͡z]
3157	берег	bank, shore, coast, beach	[ˈbɛreɦ]
3158	альбом	album	[ɐlʲˈbɔm]
3159	пацієнт	patient	[pɐt͡sʲiˈjɛnt]
3160	процедура	procedure	[prɔt͡seˈdurɐ]
3161	хвороба	disease, illness, sickness	[xwɔˈrɔbɐ]
3162	говоріть	second-person plural imperative imperfective of говори́ти	[ɦɔwoˈrʲitʲ]
3163	відтоді	since then, since	[ʋʲidˈtɔdʲi]
3164	божий	celestial, divine, divinest, heavenly	[ˈbɔʒei̯]
3165	пожежа	fire, conflagration	[pɔˈʒɛʒɐ]
3166	кожне	neuter nominative/accusative singular of ко́жний	[ˈkɔʒne]
3167	руху	movement	[ˈruxʊ]
3168	зникла	short feminine singular past indicative perfective of…	[ˈznɪkɫɐ]
3169	муха	fly	[ˈmuxɐ]
3170	дихати	to breathe	[ˈdɪxɐte]
3171	зображення	picture, representation, depiction	[zɔˈbraʒenʲːɐ]
3172	відьма	witch	[ˈʋʲidʲmɐ]
3173	задля	for	[ˈzadʲlʲɐ]
3174	спалити	to burn, to burn down, to burn out, to burn up, to cremate,…	[spɐˈɫɪte]
3175	переконатися	to be convinced, to become convinced	[perekɔˈnatesʲɐ]
3176	вимкнути	to switch off, to turn off	[ˈʋɪmknʊte]
3177	старому	masculine/neuter dative singular	[stɐˈrɔmʊ]
3178	безкоштовно	free of charge, for free, free, gratis	[bezkɔʃˈtɔu̯nɔ]
3179	їдуть	third-person plural present indicative imperfective of…	[ˈjidʊtʲ]
3180	березі	locative singular of бе́рег	[ˈbɛrezʲi]
3181	дзвонити	to produce sound	[d͡zwɔˈnɪte]
3182	розпочати	to begin, to start, to commence, to initiate, to launch	[rɔzpɔˈt͡ʃate]
3183	даєш	second-person singular present indicative of дава́ти impf	[dɐˈjɛʃ]
3184	телебачення	television	[teɫeˈbat͡ʃenʲːɐ]
3185	солдатів	soldier's	[sɔɫˈdatʲiu̯]
3186	очікував	masculine singular past indicative of очі́кувати impf	[oˈt͡ʃʲikʊʋɐu̯]
3187	дурню	dative singular of ду́рень	[ˈdurnʲʊ]
3188	скучать	third-person plural future indicative of ску́чити pf	[ˈskut͡ʃɐtʲ]
3189	території	genitive/dative/locative singular of терито́рія	[tereˈtɔrʲiji]
3190	створення	creation	[ˈstwɔrenʲːɐ]
3191	зникли	short plural past indicative perfective of зни́кнути	[ˈznɪkɫe]
3192	рецепт	prescription	[reˈt͡sɛpt]
3193	матерії	genitive/dative/locative singular	[mɐˈtɛrʲiji]
3194	повторити	to repeat	[pɔu̯tɔˈrɪte]
3195	почне	third-person singular future indicative of поча́ти pf	[pɔt͡ʃˈnɛ]
3196	отримаємо	first-person plural future indicative of отри́мати pf	[ɔˈtrɪmɐjemɔ]
3197	днями	day	[ˈdʲnʲame]
3198	раду	accusative singular of ра́да	[ˈradʊ]
3199	стояла	feminine singular past indicative of стоя́ти	[stɔˈjaɫɐ]
3200	продовжити	to continue	[prɔˈdɔu̯ʒete]
3201	легенда	legend	[ɫeˈɦɛndɐ]
3202	мови	genitive singular	[ˈmɔʋe]
3203	зустрічатися	to meet, to encounter, to come across + instrumental	[zʊstʲrʲiˈt͡ʃatesʲɐ]
3204	відправив	masculine singular past indicative of відпра́вити pf	[ʋʲidˈpraʋeu̯]
3205	проникнення	penetration	[prɔˈnɪknenʲːɐ]
3206	марка	brand	[ˈmarkɐ]
3207	приз	prize	[prɪz]
3208	застряг	masculine singular past indicative of застря́гти pf and…	[zɐˈstʲrʲaɦ]
3209	поранений	wounded, injured	[pɔˈranenei̯]
3210	протокол	minutes, record, record of proceedings	[prɔtɔˈkɔɫ]
3211	продукт	product	[proˈdukt]
3212	знаючи	present adverbial participle of зна́ти impf	[ˈznajʊt͡ʃe]
3213	сорочку	accusative singular of соро́чка	[sɔˈrɔt͡ʃkʊ]
3214	останніх	genitive plural	[ɔˈstanʲːix]
3215	перестала	feminine singular past indicative of переста́ти pf	[pereˈstaɫɐ]
3216	вторгнення	invasion	[ˈʍtɔrɦnenʲːɐ]
3217	єр	letter "ъ", now called тверди́й знак	[jɛr]
3218	виявляється	third-person singular present indicative of виявля́тися impf	[ʋejɐu̯ˈlʲajet͡sʲːɐ]
3219	літака	genitive singular of літа́к	[lʲitɐˈka]
3220	візьме	third-person singular future indicative of взя́ти pf and…	[ˈʋʲizʲme]
3221	зрозумієш	second-person singular future indicative of зрозумі́ти pf	[zrɔzʊˈmʲijeʃ]
3222	відстані	genitive/dative/locative singular	[ˈʋʲid͡zstɐnʲi]
3223	жахливі	nominative plural	[ʒɐˈxɫɪʋʲi]
3224	недовго	not long	[neˈdɔu̯ɦɔ]
3225	чує	third-person singular present imperfective of чу́ти	[ˈt͡ʃuje]
3226	такій	dative/locative feminine singular of таки́й	[tɐˈkʲii̯]
3227	розмовляли	plural past indicative of розмовля́ти impf	[rɔzmɔu̯ˈlʲaɫe]
3228	відмовився	masculine singular past indicative of відмо́витися pf	[ʋʲidˈmɔʋeu̯sʲɐ]
3229	купувати	to buy, to purchase	[kʊpʊˈʋate]
3230	летіти	to fly	[ɫeˈtʲite]
3231	стояли	plural past indicative of стоя́ти	[stɔˈjaɫe]
3232	стіна	wall	[sʲtʲiˈna]
3233	подарунки	nominative/accusative/vocative plural of подару́нок	[pɔdɐˈrunke]
3234	зрозуміє	third-person singular future indicative of зрозумі́ти pf	[zrɔzʊˈmʲije]
3235	картини	genitive singular	[kɐrˈtɪne]
3236	бувають	third-person plural present indicative of бува́ти impf	[bʊˈʋajʊtʲ]
3237	поспішай	second-person singular imperative of поспіша́ти impf	[pɔsʲpʲiˈʃai̯]
3238	метод	method, procedure	[ˈmɛtɔd]
3239	будучи	present adverbial imperfective participle of бу́ти	[ˈbudʊt͡ʃe]
3240	розібратися	to deal with, to get to grips with	[rɔzʲiˈbratesʲɐ]
3241	сходити	to ascend, to climb, to go up, to rise	[ˈsxɔdete]
3242	сором	shame	[ˈsɔrɔm]
3243	чия	whose	[t͡ʃeˈja]
3244	брехав	masculine singular past indicative imperfective of бреха́ти	[breˈxau̯]
3245	районі	locative singular of райо́н	[rɐˈjɔnʲi]
3246	чашку	accusative singular of ча́шка	[ˈt͡ʃaʃkʊ]
3247	соня	sleepyhead	[ˈsɔnʲɐ]
3248	рис	rice, paddy	[rɪs]
3249	варта	guard, watch, sentry	[ˈʋartɐ]
3250	молодого	masculine/neuter genitive singular	[mɔɫɔˈdɔɦɔ]
3251	клубі	club	[ˈkɫubʲi]
3252	нахуй	alternative form of на́ хуй	[ˈnaxʊi̯]
3253	масло	butter	[ˈmasɫɔ]
3254	сну	sleep	[snu]
3255	боєць	fighter	[bɔˈjɛt͡sʲ]
3256	особи	genitive singular	[ɔˈsɔbe]
3257	бум	sensation, racket	[bum]
3258	бак	tank, cistern, can	[bak]
3259	почула	feminine singular past indicative of почу́ти pf	[poˈt͡ʃuɫɐ]
3260	риба	fish	[ˈrɪbɐ]
3261	термін	term	[ˈtɛrmʲin]
3262	президентом	instrumental singular of президе́нт	[prezeˈdɛntɔm]
3263	нісенітниця	nonsense, bilge, drivel, hogwash, poppycock, rubbish	[nʲiseˈnʲitnet͡sʲɐ]
3264	ризикувати	to take a risk, to take a chance, to take risks, to take…	[rezekʊˈʋate]
3265	річку	accusative singular of рі́чка	[ˈrʲit͡ʃkʊ]
3266	найважливіше	neuter nominative/accusative singular of найважли́ві́ший	[nɐjʋɐʒɫeˈʋʲiʃe]
3267	сиджу	first-person singular present indicative imperfective of…	[seˈd͡ʒu]
3268	уявлення	idea, notion, conception, apprehension	[ʊˈjau̯ɫenʲːɐ]
3269	суті	essence, core, gist, main point	[ˈsutʲi]
3270	повідомили	plural past indicative of повідо́мити	[pɔʋʲiˈdɔmeɫe]
3271	повстання	rebellion, revolt, uprising, insurrection, insurgency	[pɔu̯ˈstanʲːɐ]
3272	родом	gender	[ˈrɔdɔm]
3273	постріли	nominative/accusative/vocative plural of по́стріл	[ˈpɔstʲrʲiɫe]
3274	приготувати	to prepare, to ready, to get ready, to make ready	[preɦɔtʊˈʋate]
3275	диявол	devil	[deˈjawɔɫ]
3276	основному	dative masculine/neuter singular	[ɔsnɔu̯ˈnɔmʊ]
3277	зрадник	traitor, betrayer	[ˈzradnek]
3278	програма	program	[prɔˈɦramɐ]
3279	язика	genitive singular of язи́к	[jɐzeˈka]
3280	партнера	genitive/accusative singular of партне́р	[pɐrtˈnɛrɐ]
3281	сніг	snow	[sʲnʲiɦ]
3282	робитиму	first-person singular synthetic future indicative…	[rɔˈbɪtemʊ]
3283	тиша	quietness, noiselessness, silence	[ˈtɪʃɐ]
3284	заняття	activity, occupation, pursuit	[zɐˈnʲatʲːɐ]
3285	розуміння	understanding, comprehension, apprehension	[rɔzʊˈmʲinʲːɐ]
3286	керує	third-person singular present indicative of керува́ти impf	[keˈruje]
3287	помирати	to die	[pɔmeˈrate]
3288	старше	nominative/accusative neuter singular of ста́рший	[ˈstarʃe]
3289	продам	first-person singular future perfective of прода́ти	[prɔˈdam]
3290	віри	genitive singular	[ˈʋʲire]
3291	порада	a piece of advice	[pɔˈradɐ]
3292	хобі	hobby	[ˈxɔbʲi]
3293	з-під	from under, from beneath, from below	[zʲpʲid]
3294	шиї	genitive singular of ши́я	[ˈʃɪji]
3295	закляття	verbal noun of закля́сти́: spell	[zɐˈklʲatʲːɐ]
3296	яйце	egg	[jɐi̯ˈt͡sɛ]
3297	мрій	genitive plural of мрі́я	[mrʲii̯]
3298	почну	first-person singular future indicative of поча́ти pf	[pot͡ʃˈnu]
3299	красуня	beauty, belle, beautiful woman, beautiful girl	[krɐˈsunʲɐ]
3300	пароль	password	[pɐˈrɔlʲ]
3301	поцілунок	kiss	[pɔt͡sʲiˈɫunɔk]
3302	посвідчення	licence, license, permit, official document or certificate	[pɔsʲˈʋʲid͡ʒt͡ʃenʲːɐ]
3303	встиг	masculine singular past indicative of всти́гнути pf and…	[ʍstɪɦ]
3304	зникне	third-person singular future indicative perfective of…	[ˈznɪkne]
3305	помічник	helper, aide, assistant	[pɔmʲit͡ʃˈnɪk]
3306	інтернет	alternative letter-case form of Інтерне́т	
3307	давав	masculine singular past indicative of дава́ти impf	[dɐˈʋau̯]
3308	шматки	nominative/accusative/vocative plural of шмато́к	[ʃmɐtˈkɪ]
3309	переміг	masculine singular past indicative of перемогти́ pf	[pereˈmʲiɦ]
3310	засіб	means, way, expedient	[ˈzasʲib]
3311	їздив	masculine singular past imperfective of ї́здити	[ˈjizdeu̯]
3312	дракон	dragon	[drɐˈkɔn]
3313	давати	to give	[dɐˈʋate]
3314	какао	cocoa, cacao	[kɐˈkaɔ]
3315	ремонт	repair, mending	[reˈmɔnt]
3316	притулок	asylum	[preˈtuɫɔk]
3317	любим	first-person plural present indicative imperfective of…	[ˈlʲubem]
3318	зміниться	third-person singular future indicative of зміни́тися pf	[zʲmʲiˈnɪt͡sʲːɐ]
3319	зіграти	to play using a musical instrument or device	[zʲiˈɦrate]
3320	відбудеться	third-person singular future indicative of відбу́тися pf	[ʋʲidˈbudet͡sʲːɐ]
3321	вечеря	supper	[ʋeˈt͡ʃɛrʲɐ]
3322	чорних	genitive plural	[ˈt͡ʃɔrnex]
3323	пощастить	third-person singular future indicative	[pɔʃt͡ʃɐˈstɪtʲ]
3324	кістки	genitive singular of кі́стка	[ˈkʲistke]
3325	почнуть	third-person plural future indicative of поча́ти pf	[pot͡ʃˈnutʲ]
3326	точка	period, dot, full stop	[ˈtɔt͡ʃkɐ]
3327	україні	dative/locative singular of Украї́на	
3328	прийшло	neuter singular past indicative of прийти́ pf	[prei̯ʃˈɫɔ]
3329	плавати	to swim	[ˈpɫaʋɐte]
3330	запитань	genitive plural of запита́ння	[zɐpeˈtanʲ]
3331	поваги	genitive singular of пова́га	[pɔˈʋaɦe]
3332	використовує	third-person singular present indicative of…	[ʋekɔreˈstɔwʊje]
3333	допомогли	plural past indicative of допомогти́ pf	[dɔpɔmɔˈɦɫɪ]
3334	чом	alternative form of чому́: why	[t͡ʃɔm]
3335	огидно	disgustingly, abhorrently, abominably, detestably, foully,…	[ɔˈɦɪdnɔ]
3336	набір	set, collection	[nɐˈbʲir]
3337	духа	spirit	[ˈduxɐ]
3338	членів	member, limb	[ˈt͡ʃɫɛnʲiu̯]
3339	договір	contract, agreement	[ˈdɔɦɔʋʲir]
3340	кодекс	code	[ˈkɔdeks]
3341	усюди	everywhere	[ʊˈsʲude]
3342	переможець	victor, winner	[pereˈmɔʒet͡sʲ]
3343	селі	locative singular of село́	[seˈlʲi]
3344	кермо	steering wheel	[kerˈmɔ]
3345	хліба	cereal, crops or cultures	[ˈxlʲibɐ]
3346	продавати	to sell	[prɔdɐˈʋate]
3347	салат	salad	[sɐˈɫat]
3348	питаєш	second-person singular present imperfective of пита́ти	[peˈtajeʃ]
3349	наручники	handcuffs, manacles	[nɐˈrut͡ʃneke]
3350	довгі	nominative plural	[ˈdɔu̯ɦʲi]
3351	сусіди	nominative plural of сусі́д	[sʊˈsʲide]
3352	скористатися	to make use of, to use	[skɔreˈstatesʲɐ]
3353	хвороби	genitive singular	[xwɔˈrɔbe]
3354	нещастя	misery, misfortune, disaster, tragedy	[neʃˈt͡ʃasʲtʲɐ]
3355	ціни	genitive singular of ціна́	[t͡sʲiˈnɪ]
3356	давали	plural past indicative of дава́ти impf	[dɐˈʋaɫe]
3357	відома	feminine nominative singular of відо́мий	[ʋʲiˈdɔmɐ]
3358	коледж	college	[ˈkɔɫed͡ʒ]
3359	повільніше	neuter nominative/accusative/vocative singular of…	[pɔˈʋʲilʲnʲiʃe]
3360	краса	beauty	[krɐˈsa]
3361	виїхати	to depart, to exit, to go, to go out, to drive out, to…	[ˈʋɪjixɐte]
3362	ринку	genitive/dative/locative/vocative singular of ри́нок	[ˈrɪnkʊ]
3363	літаку	dative/locative/vocative singular of літа́к	[lʲitɐˈku]
3364	найкращих	genitive plural	[nɐi̯ˈkraʃt͡ʃex]
3365	рід	gender	[rʲid]
3366	цікавий	interesting	[t͡sʲiˈkaʋei̯]
3367	котрі	nominative/vocative plural	[koˈtʲrʲi]
3368	допоможете	second-person plural future indicative of допомогти́ pf	[dɔpɔˈmɔʒete]
3369	трюк	trick, stunt	[tʲrʲuk]
3370	читай	second-person singular imperative imperfective of чита́ти	[t͡ʃeˈtai̯]
3371	туалеті	locative singular of туале́т	[tʊɐˈɫɛtʲi]
3372	експеримент	experiment	[ekspereˈmɛnt]
3373	шести	six	[ʃeˈstɪ]
3374	бал	point	[baɫ]
3375	відправили	plural past indicative of відпра́вити pf	[ʋʲidˈpraʋeɫe]
3376	населення	population, populace	[nɐˈsɛɫenʲːɐ]
3377	чий	whose	[t͡ʃɪi̯]
3378	чітко	clearly, distinctly, legibly	[ˈt͡ʃʲitkɔ]
3379	розмов	genitive plural of розмо́ва	[rɔzˈmɔu̯]
3380	намагаючись	present adverbial participle of намага́тися	[nɐmɐˈɦajʊt͡ʃesʲ]
3381	нападу	genitive/dative singular of на́пад	[ˈnapɐdʊ]
3382	системі	dative/locative singular of систе́ма	[seˈstɛmʲi]
3383	сяду	first-person singular future indicative of сі́сти pf	[ˈsʲadʊ]
3384	пляж	beach	[plʲaʒ]
3385	добі	dative/locative singular of доба́	[doˈbʲi]
3386	вірші	poem	[ˈʋʲirʃʲi]
3387	баба	grandmother, granny, old woman	[ˈbabɐ]
3388	європі	dative/locative singular of Євро́па	
3389	заході	locative of за́хід	[ˈzaxɔdʲi]
3390	невдаха	loser, failure, washout, misfit	[neu̯ˈdaxɐ]
3391	англійською	in the English language	[ɐnˈɦlʲii̯sʲkɔjʊ]
3392	зуб	tooth	[zub]
3393	по-друге	secondly, second	[pɔ ˈdruɦe]
3394	згадати	to recall, to recollect, to remember	[zɦɐˈdate]
3395	ком	genitive plural of ко́ма	[kɔm]
3396	битви	genitive singular of би́тва	[ˈbɪtʋe]
3397	укриття	shelter, cover	[ʊkreˈtʲːa]
3398	зустріла	feminine singular past of зустрі́ти pf	[zʊˈstʲrʲiɫɐ]
3399	язик	tongue	[jɐˈzɪk]
3400	відкривай	second-person singular imperative of відкрива́ти impf	[ʋʲidkreˈʋai̯]
3401	використовували	plural past indicative of використо́вувати impf	[ʋekɔreˈstɔwʊʋɐɫe]
3402	дитинства	genitive singular of дити́нство	[deˈtɪnstʋɐ]
3403	йшла	feminine singular past indicative of йти impf	[i̯ʃɫa]
3404	показали	plural past perfective of показа́ти	[pɔkɐˈzaɫe]
3405	миша	mouse	[ˈmɪʃɐ]
3406	горе	grief, distress, sadness	[ˈɦɔre]
3407	перенести	to carry, to carry across, to transport	[pereneˈstɪ]
3408	чорну	feminine accusative singular of чо́рний	[ˈt͡ʃɔrnʊ]
3409	побачать	third-person plural future indicative of поба́чити pf	[pɔˈbat͡ʃɐtʲ]
3410	енергія	energy	[eˈnɛrɦʲijɐ]
3411	вибачитися	to apologize	[ˈʋɪbɐt͡ʃetesʲɐ]
3412	зустрічав	masculine singular past of зустріча́ти impf	[zʊstʲrʲiˈt͡ʃau̯]
3413	росії	genitive/dative/locative singular of Росі́я	
3414	красти	to steal	[ˈkraste]
3415	вважати	to consider, to deem, to regard, to think	[ʋːɐˈʒate]
3416	несправедливо	unjustly, wrongfully; unfairly	[nesprɐʋedˈɫɪwɔ]
3417	тигр	tiger	[tɪɦr]
3418	прочитав	masculine singular past perfective of прочита́ти	[prɔt͡ʃeˈtau̯]
3419	давненько	for quite a while	[dɐu̯ˈnɛnʲkɔ]
3420	дата	date	[ˈdatɐ]
3421	друзям	friend, companion	[ˈdruzʲɐm]
3422	першій	feminine dative/locative singular of пе́рший	[ˈpɛrʃʲii̯]
3423	третя	feminine nominative singular of тре́тій	[ˈtrɛtʲɐ]
3424	розказати	to tell, to narrate, to recount, to relate	[rɔzkɐˈzate]
3425	ресторані	locative singular of рестора́н	[restɔˈranʲi]
3426	новенький	brand new	[nɔˈʋɛnʲkei̯]
3427	зібралися	plural past indicative of зібра́тися pf	[zʲiˈbraɫesʲɐ]
3428	матч	match	[mat͡ʃː]
3429	пробачити	to forgive	[prɔˈbat͡ʃete]
3430	рибу	accusative singular of ри́ба	[ˈrɪbʊ]
3431	одягу	genitive/dative/locative/vocative of о́дяг	[ˈɔdʲɐɦʊ]
3432	правосуддя	justice	[prɐwoˈsudʲːɐ]
3433	їли	plural past imperfective of ї́сти	[ˈjiɫe]
3434	бонд	bond	[bɔnd]
3435	біле	neuter nominative/accusative singular of бі́лий	[ˈbʲiɫe]
3436	воювати	to fight, to war, to wage war, to be at war	[wɔjʊˈʋate]
3437	витягти	to stretch out, to stretch	[ˈʋɪtʲɐɦte]
3438	придумала	feminine singular past indicative of приду́мати pf	[preˈdumɐɫɐ]
3439	злочини	nominative/accusative/vocative plural of зло́чин	[ˈzɫɔt͡ʃene]
3440	папір	paper	[pɐˈpʲir]
3441	стануть	third-person plural future indicative of ста́ти pf	[ˈstanʊtʲ]
3442	послати	to send	[pɔsˈɫate]
3443	простору	genitive singular	[ˈprɔstɔrʊ]
3444	сходах	east	[ˈsxɔdɐx]
3445	кора	bark	[kɔˈra]
3446	кращих	genitive plural	[ˈkraʃt͡ʃex]
3447	якомусь	dative masculine/neuter singular of яки́йсь	[jɐˈkɔmʊsʲ]
3448	автобуса	genitive singular of авто́бус	[ɐu̯ˈtɔbʊsɐ]
3449	ненависть	hatred, hate	[neˈnaʋesʲtʲ]
3450	небес	genitive plural of не́бо	[neˈbɛs]
3451	правди	genitive singular	[ˈprau̯de]
3452	лінію	accusative singular of лі́нія	[ˈlʲinʲijʊ]
3453	шукаєте	second-person plural present imperfective of шука́ти	[ʃʊˈkajete]
3454	ока	genitive singular of о́ко	[ˈɔkɐ]
3455	будь-хто	anyone, anybody	[budʲ ˈxtɔ]
3456	нумо	Well then!	
3457	принесіть	second-person plural imperative of принести́ pf	[preneˈsʲitʲ]
3458	районе	vocative singular of райо́н	[rɐˈjɔne]
3459	коні	horse	[koˈnʲi]
3460	крісло	armchair, easy chair	[ˈkrʲisɫɔ]
3461	триває	third-person singular present indicative of трива́ти impf	[treˈʋaje]
3462	мобільний	mobile	[moˈbʲilʲnei̯]
3463	рожеві	nominative plural	[rɔˈʒɛʋʲi]
3464	проводити	to see off	[prɔˈwɔdete]
3465	захопити	to grasp, to grip, to grab	[zɐxɔˈpɪte]
3466	сумніви	nominative/accusative/vocative plural of су́мнів	[ˈsumnʲiʋe]
3467	знайдено	impersonal past passive participle of знайти́ pf	[ˈznai̯denɔ]
3468	вдвох	both, as a pair, as a twosome	[wdwɔx]
3469	будинки	nominative/accusative/vocative plural of буди́нок	[bʊˈdɪnke]
3470	швиденько	endearing form of шви́дко: quickly	[ʃʋeˈdɛnʲkɔ]
3471	придумати	to think up, to think of, to come up with, to contrive, to…	[preˈdumɐte]
3472	начальнику	dative/locative/vocative singular of нача́льник	[nɐˈt͡ʃalʲnekʊ]
3473	ходіть	second-person plural imperative imperfective of ходи́ти	[xoˈdʲitʲ]
3474	приєднатися	to join	[prejedˈnatesʲɐ]
3475	розуміємо	first-person plural present imperfective of розумі́ти	[rɔzʊˈmʲijemɔ]
3476	прапор	flag	[ˈprapɔr]
3477	починають	third-person plural present indicative of почина́ти impf	[pɔt͡ʃeˈnajʊtʲ]
3478	приймаю	first-person singular present indicative of прийма́ти impf	[prei̯ˈmajʊ]
3479	подивився	masculine singular past indicative of подиви́тися pf	[pɔdeˈʋɪu̯sʲɐ]
3480	покидьок	rubbish, trash	[ˈpɔkedʲɔk]
3481	станете	second-person plural future indicative of ста́ти pf	[ˈstanete]
3482	короткий	short	[kɔˈrɔtkei̯]
3483	май	May	[mai̯]
3484	приїду	first-person singular future indicative of приї́хати pf	[preˈjidʊ]
3485	кабінет	cabinet	[kɐbʲiˈnɛt]
3486	виграли	plural past perfective of ви́грати	[ˈʋɪɦrɐɫe]
3487	здатен	short masculine singular of зда́тний	[ˈzdaten]
3488	дим	smoke	[dɪm]
3489	ринок	market, marketplace	[ˈrɪnɔk]
3490	палити	to burn	[pɐˈɫɪte]
3491	впоратися	to cope	[ˈʍpɔrɐtesʲɐ]
3492	живіт	abdomen, belly, stomach	[ʒeˈʋʲit]
3493	заманеться	third-person singular future indicative of заману́тися pf	[zɐmɐˈnɛt͡sʲːɐ]
3494	розумно	reasonably, sensibly	[roˈzumnɔ]
3495	суспільство	society	[sʊˈsʲpʲilʲstwɔ]
3496	природи	genitive singular of приро́да	
3497	самої	self, -self	[ˈsamɔji]
3498	матуся	endearing form of ма́ти	[mɐˈtusʲɐ]
3499	дід	grandfather, grandpa, old man	[dʲid]
3500	починаєш	second-person singular present indicative of почина́ти impf	[pɔt͡ʃeˈnajeʃ]
3501	дітки	diminutive of ді́ти	[ˈdʲitke]
3502	се	this, this here	[sɛ]
3503	поверсі	locative singular of по́верх	[ˈpɔʋersʲi]
3504	атака	attack, assault	[ɐˈtakɐ]
3505	кольору	genitive/dative singular of ко́лір	[ˈkɔlʲɔrʊ]
3506	дитинстві	locative singular of дити́нство	[deˈtɪnstʲʋʲi]
3507	привід	occasion	[ˈprɪʋʲid]
3508	банки	bank	[ˈbanke]
3509	таємницю	accusative singular of таємни́ця	[tɐjemˈnɪt͡sʲʊ]
3510	турбуватися	to worry, to be anxious, to be troubled	[tʊrbʊˈʋatesʲɐ]
3511	піклуватися	to care, to take care of, to look after	[pʲikɫʊˈʋatesʲɐ]
3512	ель	ale	[ɛlʲ]
3513	кут	corner	[kut]
3514	сльози	genitive singular of сльоза́	[sʲlʲɔˈzɪ]
3515	товариші	locative singular	[tɔˈʋareʃʲi]
3516	зараза	infection, contagion	[zɐˈrazɐ]
3517	відмовитися	to refuse	[ʋʲidˈmɔʋetesʲɐ]
3518	їси	second-person singular present indicative imperfective of…	[jiˈsɪ]
3519	удару	genitive/dative singular of уда́р	[ʊˈdarʊ]
3520	третього	genitive masculine/neuter singular	[ˈtrɛtʲɔɦɔ]
3521	бігати	to run	[ˈbʲiɦɐte]
3522	слухав	masculine singular past imperfective of слу́хати	[ˈsɫuxɐu̯]
3523	пішки	on foot	[ˈpʲiʃke]
3524	катастрофа	catastrophe, disaster, calamity	[kɐtɐˈstrɔfɐ]
3525	шок	shock	[ʃɔk]
3526	композитор	composer	[kɔmpɔˈzɪtɔr]
3527	станція	station	[ˈstanʲt͡sʲijɐ]
3528	швидку	feminine accusative singular of швидки́й	[ʃʋedˈku]
3529	пишеш	second-person singular present imperfective of писа́ти	[ˈpɪʃeʃ]
3530	четвер	Thursday	[t͡ʃetˈʋɛr]
3531	транспорт	transport, transportation	[ˈtranspɔrt]
3532	сцена	stage	[ˈst͡sɛnɐ]
3533	академії	genitive/dative/locative singular	[ɐkɐˈdɛmʲiji]
3534	повітрі	locative singular of пові́тря	[pɔˈʋʲitʲrʲi]
3535	віру	accusative singular of ві́ра	[ˈʋʲirʊ]
3536	військо	army, host	[ˈʋʲii̯sʲkɔ]
3537	каміння	stones, rocks	[kɐˈmʲinʲːɐ]
3538	сході	east	[ˈsxɔdʲi]
3539	подія	event, occurrence	[poˈdʲijɐ]
3540	сподіватися	to hope	[spɔdʲiˈʋatesʲɐ]
3541	дій	genitive plural of ді́я	[dʲii̯]
3542	файл	file	[fai̯ɫ]
3543	демон	demon	[ˈdɛmɔn]
3544	суспільства	genitive singular	[sʊˈsʲpʲilʲstʋɐ]
3545	таємно	secretly, in secret	[tɐˈjɛmnɔ]
3546	розумні	nominative plural	[roˈzumnʲi]
3547	влаштовує	third-person singular present indicative of влашто́вувати…	[wɫɐʃˈtɔwʊje]
3548	будь-які	nominative/vocative plural	[budʲ jɐˈkʲi]
3549	виробництво	production, manufacturing	[ʋerɔbˈnɪt͡stwɔ]
3550	ріки	genitive singular of ріка́	[rʲiˈkɪ]
3551	тримають	third-person plural present indicative of трима́ти impf	[treˈmajʊtʲ]
3552	вогнем	instrumental singular of вого́нь	[wɔɦˈnɛm]
3553	захищає	third-person singular present indicative of захища́ти impf	[zɐxeʃˈt͡ʃaje]
3554	відчуває	third-person singular present indicative of відчува́ти impf	[ʋʲid͡ʒt͡ʃʊˈʋaje]
3555	живими	instrumental plural of живи́й	[ʒeˈʋɪme]
3556	законом	instrumental singular of зако́н	[zɐˈkɔnɔm]
3557	птахи	nominative/accusative/vocative plural	[ˈptaxe]
3558	братик	brother	[ˈbratek]
3559	грай	second-person singular imperative imperfective of гра́ти	[ɦrai̯]
3560	вартий	important, worthy, fit	[ˈʋartei̯]
3561	серйозні	nominative plural	[seˈrjɔzʲnʲi]
3562	задоволений	satisfied, content, contented, pleased	[zɐdɔˈwɔɫenei̯]
3563	їхала	feminine singular past indicative imperfective of ї́хати	[ˈjixɐɫɐ]
3564	дізнаєшся	second-person singular present indicative of дізнава́тися…	[dʲiznɐˈjɛsʲːɐ]
3565	осіб	genitive/accusative plural of осо́ба	[oˈsʲib]
3566	уві	alternative form of вві	[ʊˈʋʲi]
3567	нібито	as if, as though, as, like	[ˈnʲiˈbetɔ]
3568	зателефонувати	to phone, call	[zɐteɫefɔnʊˈʋate]
3569	матиму	first-person singular synthetic future indicative of ма́ти…	[ˈmatemʊ]
3570	змія	snake, serpent	[zʲmʲiˈja]
3571	особа	person, human being, personage, individual	[ɔˈsɔbɐ]
3572	більшого	masculine genitive singular	[ˈbʲilʲʃɔɦɔ]
3573	текст	text	[tɛkst]
3574	великому	masculine/neuter dative/locative singular of вели́кий	[ʋeˈɫɪkɔmʊ]
3575	читали	plural past imperfective of чита́ти	[t͡ʃeˈtaɫe]
3576	йшли	plural past indicative of йти impf	[i̯ʃɫɪ]
3577	простий	simple, mere	[prɔˈstɪi̯]
3578	мільярди	nominative/accusative/vocative plural of мілья́рд	[mʲiˈlʲjarde]
3579	палац	palace	[pɐˈɫat͡s]
3580	зупинися	second-person singular imperative of зупини́тися pf	[zʊpeˈnɪsʲɐ]
3581	справжню	feminine accusative singular of спра́вжній	[ˈsprau̯ʒnʲʊ]
3582	забере	third-person singular future indicative of забра́ти pf	[zɐbeˈrɛ]
3583	теорію	accusative singular of тео́рія	[teˈɔrʲijʊ]
3584	піт	sweat, perspiration	[pʲit]
3585	штраф	fine	[ʃtraf]
3586	викинути	to throw out	[ˈʋɪkenʊte]
3587	глухий	deaf	[ɦɫʊˈxɪi̯]
3588	відпочинок	rest, relaxation	[ʋʲidpɔˈt͡ʃɪnɔk]
3589	плечі	locative singular of плече́	[pɫeˈt͡ʃʲi]
3590	хвіст	tail	[xʋʲist]
3591	ганьба	disgrace, shame, ignominy, opprobrium	[ɦɐnʲˈba]
3592	мільйона	genitive singular of мільйо́н	[mʲiˈlʲjɔnɐ]
3593	питати	to ask	[peˈtate]
3594	дупа	ass, arse	[ˈdupɐ]
3595	знаходяться	third-person plural present indicative of знахо́дитися impf	[znɐˈxɔdʲɐt͡sʲːɐ]
3596	яд	poison	[jad]
3597	використання	use, usage	[ʋekɔreˈstanʲːɐ]
3598	безпеку	accusative singular of безпе́ка	[bezˈpɛkʊ]
3599	змагання	competition, contest	[zmɐˈɦanʲːɐ]
3600	червня	genitive singular of че́рвень	[ˈt͡ʃɛrwnʲɐ]
3601	справами	instrumental plural of спра́ва	[ˈspraʋɐme]
3602	встановити	to establish, to determine, to fix, to set	[ʍstɐnɔˈʋɪte]
3603	годині	dative/locative singular of годи́на	[ɦɔˈdɪnʲi]
3604	грудня	genitive singular of гру́день	[ˈɦrudʲnʲɐ]
3605	дарма	to no avail, in vain	[dɐrˈma]
3606	сторона	side	[stɔrɔˈna]
3607	голосніше	neuter nominative/accusative/vocative singular of…	[ɦɔɫosʲˈnʲiʃe]
3608	найбільша	feminine nominative singular of найбі́льший	[nɐi̯ˈbʲilʲʃɐ]
3609	мур	wall	[mur]
3610	мет	genitive plural of мета́	[mɛt]
3611	лихо	disaster, calamity	[ˈɫɪxɔ]
3612	речами	thing, object	[reˈt͡ʃame]
3613	здорова	feminine nominative singular of здоро́вий	[zdɔˈrɔʋɐ]
3614	імперія	empire	[imˈpɛrʲijɐ]
3615	танець	dance	[ˈtanet͡sʲ]
3616	сном	sleep	[snɔm]
3617	пиріг	pie, pastry	[peˈrʲiɦ]
3618	стару	feminine accusative singular of стари́й	[stɐˈru]
3619	інтернеті	locative singular of Інтерне́т	
3620	читаєш	second-person singular present imperfective of чита́ти	[t͡ʃeˈtajeʃ]
3621	меню	menu	[meˈnʲu]
3622	режим	regime	[reˈʒɪm]
3623	невелика	feminine nominative singular of невели́кий	[neʋeˈɫɪkɐ]
3624	вибрати	to choose, to select, to pick, to opt for	[ˈʋɪbrɐte]
3625	знищить	third-person singular future indicative	[ˈznɪʃt͡ʃetʲ]
3626	гратися	to play	[ˈɦratesʲɐ]
3627	мотоцикл	motorcycle, motorbike	[mɔtɔˈt͡sɪkɫ]
3628	питає	third-person singular present imperfective of пита́ти	[peˈtaje]
3629	пекла	feminine singular past indicative imperfective of пекти́	[peˈkɫa]
3630	гаряча	nominative/vocative feminine singular of гаря́чий	[ɦɐˈrʲat͡ʃɐ]
3631	ряд	row, line	[rʲad]
3632	досягнення	achievement, accomplishment, attainment	[dɔˈsʲaɦnenʲːɐ]
3633	їла	feminine singular past imperfective of ї́сти	[ˈjiɫɐ]
3634	серйозна	feminine nominative singular of серйо́зний	[seˈrjɔznɐ]
3635	принесе	third-person singular future indicative of принести́ pf	[preneˈsɛ]
3636	мавпа	ape, monkey	[ˈmau̯pɐ]
3637	полягає	third-person singular present indicative of поляга́ти impf	[pɔlʲɐˈɦaje]
3638	хвилюватися	to move in waves, to ripple, to billow	[xʋelʲʊˈʋatesʲɐ]
3639	розмовляєш	second-person singular present indicative of розмовля́ти…	[rɔzmɔu̯ˈlʲajeʃ]
3640	працівників	genitive/accusative plural of працівни́к	[prɐt͡sʲiu̯neˈkʲiu̯]
3641	здатися	to surrender	[ˈzdatesʲɐ]
3642	чемпіон	champion	[t͡ʃempʲiˈɔn]
3643	уявіть	second-person plural imperative perfective of уяви́ти	[ʊjɐˈʋʲitʲ]
3644	вилікувати	to cure, to heal	[ˈʋɪlʲikʊʋɐte]
3645	непорозуміння	misunderstanding, misapprehension	[nepɔrɔzʊˈmʲinʲːɐ]
3646	побив	masculine singular past indicative of поби́ти pf	[pɔˈbɪu̯]
3647	поспішати	to hurry, to be in a hurry, to hasten, to make haste	[pɔsʲpʲiˈʃate]
3648	власть	authorities	[wɫasʲtʲ]
3649	гараж	garage	[ɦɐˈraʒ]
3650	підвищення	increase, rise, raise	[pʲidˈʋɪʃt͡ʃenʲːɐ]
3651	зберігати	to keep, to preserve, to conserve, to maintain	[zberʲiˈɦate]
3652	місія	mission	[ˈmʲisʲijɐ]
3653	старе	neuter nominative/accusative singular of стари́й	[stɐˈrɛ]
3654	умовах	locative plural of умо́ва	[ʊˈmɔʋɐx]
3655	народилася	feminine singular past indicative of народи́тися pf	[nɐrɔˈdɪɫɐsʲɐ]
3656	полон	captivity, custody	[pɔˈɫɔn]
3657	улюблений	favorite	[ʊˈlʲubɫenei̯]
3658	трави	genitive singular of трава́	[trɐˈʋɪ]
3659	збирати	to gather, to collect	[zbeˈrate]
3660	дасте	second-person plural future perfective of да́ти	[dɐˈstɛ]
3661	непоганий	not bad, not half bad, quite good	[nepɔˈɦanei̯]
3662	врятували	plural past indicative of врятува́ти pf	[wrʲɐtʊˈʋaɫe]
3663	темної	feminine genitive singular of те́мний	[ˈtɛmnɔji]
3664	частині	dative/locative singular of части́на	[t͡ʃɐˈstɪnʲi]
3665	наступним	masculine/neuter instrumental singular	[nɐˈstupnem]
3666	вельми	very, much, very much	[ˈʋɛlʲme]
3667	ствол	barrel	[stwɔɫ]
3668	члени	member, limb	[ˈt͡ʃɫɛne]
3669	перемогли	plural past indicative of перемогти́ pf	[peremɔˈɦɫɪ]
3670	звичайні	nominative plural	[zʋeˈt͡ʃai̯nʲi]
3671	мети	genitive singular of мета́	[meˈtɪ]
3672	дорослий	grown-up, adult	[dɔˈrɔsɫei̯]
3673	вигляді	locative singular of ви́гляд	[ˈʋɪɦlʲɐdʲi]
3674	хрін	Armoracia	[xrʲin]
3675	невідомо	no one knows, who knows	[neʋʲiˈdɔmɔ]
3676	котрий	which?	[kɔˈtrɪi̯]
3677	сховатися	to hide	[sxɔˈʋatesʲɐ]
3678	стола	table	[stɔˈɫa]
3679	надати	to give, to grant, to provide, to confer	[nɐˈdate]
3680	наді	alternative form of над, used before awkward consonant…	[ˈnadʲi]
3681	відверто	candidly, forthrightly, frankly, openly, outspokenly,…	[ʋʲidˈʋɛrtɔ]
3682	брехні	genitive/dative/locative singular of брехня́	[brexˈnʲi]
3683	багаж	luggage, baggage	[bɐˈɦaʒ]
3684	тренування	training	[trenʊˈʋanʲːɐ]
3685	їдьте	second-person plural present imperative imperfective of…	[ˈjidʲte]
3686	двісті	two hundred	[ˈdʲʋʲisʲtʲi]
3687	блять	misspelling of блядь	[blʲatʲ]
3688	вуса	moustache	[ˈwusɐ]
3689	чекаєте	second-person plural present imperfective of чека́ти	[t͡ʃeˈkajete]
3690	злочинець	criminal, offender, lawbreaker	[zɫɔˈt͡ʃɪnet͡sʲ]
3691	перевірка	check, control, inspection, verification, checkup	[peˈrɛʋʲirkɐ]
3692	синів	son	[seˈnʲiu̯]
3693	космос	space, cosmos	[ˈkɔsmɔs]
3694	банда	gang	[ˈbandɐ]
3695	лінія	line	[ˈlʲinʲijɐ]
3696	єри	letter "ы" or yery, especially as a letter used in the…	[jeˈrɪ]
3697	захоплення	delight, ecstasy, exaltation	[zɐˈxɔpɫenʲːɐ]
3698	мовою	instrumental singular of мо́ва	[ˈmɔwɔjʊ]
3699	цукор	sugar	[ˈt͡sukɔr]
3700	присутність	presence	[preˈsutʲnʲisʲtʲ]
3701	витягнути	to stretch out, to stretch	[ˈʋɪtʲɐɦnʊte]
3702	силами	instrumental plural of си́ла	[ˈsɪɫɐme]
3703	курок	cock, cocking piece	[kʊˈrɔk]
3704	приміщення	facility	[preˈmʲiʃt͡ʃenʲːɐ]
3705	поспати	to have a sleep, to take a nap, to have a nap	[pɔˈspate]
3706	подругу	accusative singular of по́друга	[ˈpɔdrʊɦʊ]
3707	центре	centre, center	[ˈt͡sɛntre]
3708	слуга	servant, manservant, waiter, valet	[sɫʊˈɦa]
3709	перетворити	to transform, to convert, to transmute, to transfigure, to…	[peretwɔˈrɪte]
3710	визначити	to determine	[ˈʋɪznɐt͡ʃete]
3711	воїн	warrior, soldier	[ˈwɔjin]
3712	сусід	neighbor	[sʊˈsʲid]
3713	клієнтів	genitive/accusative plural of кліє́нт	[klʲiˈjɛnʲtʲiu̯]
3714	курка	chicken	[ˈkurkɐ]
3715	єднати	to unite, to bond, to bring together	[jedˈnate]
3716	батьками	instrumental plural of ба́тько	[bɐtʲˈkame]
3717	позичити	to borrow	[pɔˈzɪt͡ʃete]
3718	ритм	rhythm	[rɪtm]
3719	обрати	to elect	[ɔˈbrate]
3720	задача	problem	[zɐˈdat͡ʃɐ]
3721	шльондра	slattern, slut	[ˈʃlʲɔndrɐ]
3722	дізнаємося	first-person plural present indicative of дізнава́тися impf	[dʲiznɐjeˈmɔsʲɐ]
3723	пропозиції	genitive/dative/locative singular	[prɔpɔˈzɪt͡sʲiji]
3724	думайте	second-person plural imperative imperfective of ду́мати	[ˈdumɐi̯te]
3725	зайди	second-person singular imperative of зайти́ pf	[zɐi̯ˈdɪ]
3726	привезти	to bring, to fetch	[preʋezˈtɪ]
3727	побудувати	to build, to construct	[pɔbʊdʊˈʋate]
3728	липня	genitive singular of ли́пень	[ˈɫɪpnʲɐ]
3729	кричати	to shout, to cry, to holler, to yell	[kreˈt͡ʃate]
3730	спостерігати	to observe	[spɔsterʲiˈɦate]
3731	перевести	to transfer, to move	[pereʋeˈstɪ]
3732	траву	accusative singular of трава́	[trɐˈwu]
3733	фонд	fund	[fɔnd]
3734	відкритий	open	[ʋʲidˈkrɪtei̯]
3735	дізналася	feminine singular past indicative of дізна́тися pf	[dʲizˈnaɫɐsʲɐ]
3736	повторювати	to repeat	[pɔu̯ˈtɔrʲʊʋɐte]
3737	розмовляє	third-person singular present indicative of розмовля́ти impf	[rɔzmɔu̯ˈlʲaje]
3738	теорії	genitive singular of тео́рія	[teˈɔrʲiji]
3739	вчені	nominative/vocative plural	[ˈʍt͡ʃɛnʲi]
3740	лідер	leader	[ˈlʲider]
3741	переймайся	second-person singular imperative of перейма́тися impf	[perei̯ˈmai̯sʲɐ]
3742	брук	cobblestones	[bruk]
3743	бабусі	genitive/dative/locative singular	[bɐˈbusʲi]
3744	вкрасти	to steal	[ˈʍkraste]
3745	довелось	neuter singular past indicative of довести́ся pf	[dɔʋeˈɫɔsʲ]
3746	змінює	third-person singular present indicative of змі́нювати impf	[ˈzʲmʲinʲʊje]
3747	відновити	to renew, to resume, to recommence	[ʋʲidnɔˈʋɪte]
3748	статтю	accusative singular of стаття́	[stɐˈtʲːu]
3749	молоток	hammer	[mɔɫɔˈtɔk]
3750	мрію	accusative singular of мрі́я	[ˈmrʲijʊ]
3751	мотор	motor	[mɔˈtɔr]
3752	піднятися	to rise, to ascend, to climb, to go up	[pʲidʲˈnʲatesʲɐ]
3753	точніше	neuter nominative/accusative singular of точні́ший	[tot͡ʃˈnʲiʃe]
3754	запевняю	first-person singular present indicative of запевня́ти impf	[zɐpeu̯ˈnʲajʊ]
3755	туалету	genitive/dative singular of туале́т	[tʊɐˈɫɛtʊ]
3756	культури	genitive singular	[kʊlʲˈture]
3757	безліч	a lot of, multitude, countless number	[ˈbɛzʲlʲit͡ʃ]
3758	послуг	genitive plural of по́слуга	[ˈpɔsɫʊɦ]
3759	повернув	masculine singular past indicative of поверну́ти pf	[pɔʋerˈnuu̯]
3760	одружився	masculine singular past indicative of одружи́тися pf	[ɔdrʊˈʒɪu̯sʲɐ]
3761	годиться	third-person singular present indicative of годи́тися impf	[ɦɔˈdɪt͡sʲːɐ]
3762	старших	accusative animate plural	[ˈstarʃex]
3763	дурак	fool, simpleton, idiot	[dʊˈrak]
3764	величезні	nominative plural	[ʋeɫeˈt͡ʃɛzʲnʲi]
3765	переді	alternative form of пе́ред, used before awkward consonant…	[ˈpɛredʲi]
3766	відчуваєте	second-person plural present indicative of відчува́ти impf	[ʋʲid͡ʒt͡ʃʊˈʋajete]
3767	нині	now, at the moment	[ˈnɪnʲi]
3768	вподоби	genitive singular of вподо́ба	[ʍpɔˈdɔbe]
3769	костюми	nominative/accusative/vocative plural of костю́м	[koˈsʲtʲume]
3770	проживання	living	[prɔʒeˈʋanʲːɐ]
3771	вчинити	to do, to make, to perform	[ʍt͡ʃeˈnɪte]
3772	ідеш	second-person singular present imperfective of іти́	[iˈdɛʃ]
3773	добряче	well	[dɔˈbrʲat͡ʃe]
3774	знімати	to remove, to take away, to take off, to take down	[zʲnʲiˈmate]
3775	порятунок	escape	[pɔrʲɐˈtunɔk]
3776	загинула	feminine singular past indicative perfective of заги́нути	[zɐˈɦɪnʊɫɐ]
3777	темні	nominative plural	[ˈtɛmnʲi]
3778	підтримку	accusative singular of підтри́мка	[pʲidˈtrɪmkʊ]
3779	попрощатися	to say goodbye, to bid farewell, to take one's leave	[pɔprɔʃˈt͡ʃatesʲɐ]
3780	неймовірний	incredible, unbelievable	[nei̯mɔˈʋʲirnei̯]
3781	гарну	feminine accusative singular of га́рний	[ˈɦarnʊ]
3782	обійми	hug	[oˈbʲii̯me]
3783	кредит	credit account	[ˈkrɛdet]
3784	ракета	rocket	[rɐˈkɛtɐ]
3785	гаманець	purse, wallet	[ɦɐmɐˈnɛt͡sʲ]
3786	гарячий	hot	[ɦɐˈrʲat͡ʃei̯]
3787	програв	masculine singular past perfective of програ́ти	[prɔˈɦrau̯]
3788	подбати	to take care of, to look after	[pɔdˈbate]
3789	порожній	empty	[pɔˈrɔʒnʲii̯]
3790	банка	jar	
3791	мовчати	to be silent; to keep quiet	[mɔu̯ˈt͡ʃate]
3792	улюблена	feminine nominative singular of улю́блений	[ʊˈlʲubɫenɐ]
3793	годувати	to feed, to nourish	[ɦɔdʊˈʋate]
3794	дощу	rain	[doʃˈt͡ʃu]
3795	встав	second-person singular imperative of вста́вити pf	[ʍstau̯]
3796	клоун	clown	[ˈkɫɔʊn]
3797	битву	accusative singular of би́тва	[ˈbɪtwʊ]
3798	допоможуть	third-person plural future indicative of допомогти́ pf	[dɔpɔˈmɔʒʊtʲ]
3799	волос	a hair	[ˈwɔɫɔs]
3800	здивований	surprised, amazed, astonished, astounded	[zdeˈwɔʋɐnei̯]
3801	музей	museum	[mʊˈzɛi̯]
3802	будь-коли	at any time, anytime, whenever	[ˈbudʲ kɔˈɫɪ]
3803	шестеро	six	[ˈʃɛsterɔ]
3804	виступ	protrusion, protuberance	[ˈʋɪstʊp]
3805	місцем	instrumental singular of мі́сце	[ˈmʲist͡sem]
3806	використовував	masculine singular past indicative of використо́вувати impf	[ʋekɔreˈstɔwʊʋɐu̯]
3807	слабкий	weak	[sɫɐbˈkɪi̯]
3808	знищив	masculine singular past indicative of зни́щити pf	[ˈznɪʃt͡ʃeu̯]
3809	зомбі	zombie	[ˈzɔmbʲi]
3810	чудовисько	monster, monstrous animal	[t͡ʃʊˈdɔʋesʲkɔ]
3811	лабораторію	accusative singular of лаборато́рія	[ɫɐbɔrɐˈtɔrʲijʊ]
3812	продовжимо	first-person plural future indicative of продо́вжити pf	[prɔˈdɔu̯ʒemɔ]
3813	пережити	to survive, to outlive, to outlast	[pereˈʒɪte]
3814	щоразу	each time, every time	[ʃt͡ʃɔˈrazʊ]
3815	джаз	jazz	[d͡ʒaz]
3816	коротко	short	[ˈkɔrɔtkɔ]
3817	газетах	locative plural of газе́та	[ɦɐˈzɛtɐx]
3818	персонал	staff, personnel	[persɔˈnaɫ]
3819	опір	resistance	[ˈɔpʲir]
3820	головним	masculine/neuter instrumental singular	[ɦɔɫɔu̯ˈnɪm]
3821	рекорд	record	[reˈkɔrd]
3822	басейн	swimming pool	[bɐˈsɛi̯n]
3823	рідко	rarely, seldom	[ˈrʲidkɔ]
3824	вирішує	third-person singular present indicative of вирі́шувати impf	[ʋeˈrʲiʃʊje]
3825	сектор	sector	[ˈsɛktɔr]
3826	гостя	female guest	[ˈɦɔsʲtʲɐ]
3827	допоможемо	first-person plural future indicative of допомогти́ pf	[dɔpɔˈmɔʒemɔ]
3828	жартуєте	second-person plural present indicative of жартува́ти impf	[ʒɐrˈtujete]
3829	інспектор	inspector	[inˈspɛktɔr]
3830	дивилася	feminine singular past imperfective of диви́тися	[deˈʋɪɫɐsʲɐ]
3831	горі	dative/locative singular of гора́	[ˈɦɔrʲi]
3832	розумів	masculine singular past imperfective of розумі́ти	[rɔzʊˈmʲiu̯]
3833	завершити	to complete, to conclude	[zɐʋerˈʃɪte]
3834	заодно	as one, in concert, together	[zɐɔdˈnɔ]
3835	плювати	to spit	[plʲʊˈʋate]
3836	червоне	neuter nominative/accusative singular of черво́ний	[t͡ʃerˈwɔne]
3837	сі	B, H, si	[sʲi]
3838	африки	accusative singular of А́фрика	[ˈafreke]
3839	м-р	contraction of мі́стер: Mr	
3840	зламати	to break, to fracture	[zɫɐˈmate]
3841	дивилися	plural past imperfective of диви́тися	[deˈʋɪɫesʲɐ]
3842	начальника	genitive/accusative singular of нача́льник	[nɐˈt͡ʃalʲnekɐ]
3843	тілі	locative singular of ті́ло n	[ˈtʲilʲi]
3844	герцог	duke	[ˈɦɛrt͡sɔɦ]
3845	самотній	lonely, alone	[sɐˈmɔtʲnʲii̯]
3846	перших	genitive plural	[ˈpɛrʃex]
3847	підтримувати	to provide on-going support, to back	[pʲidˈtrɪmʊʋɐte]
3848	складається	third-person singular present indicative of склада́тися impf	[skɫɐˈdajet͡sʲːɐ]
3849	опинилися	plural past indicative of опини́тися pf	[ɔpeˈnɪɫesʲɐ]
3850	намагаємося	first-person plural present imperfective of намага́тися	[nɐmɐˈɦajemɔsʲɐ]
3851	раю	paradise, heaven	[ˈrajʊ]
3852	якихось	genitive/locative plural	[jɐˈkɪxɔsʲ]
3853	солдата	genitive/accusative singular of солда́т	[sɔɫˈdatɐ]
3854	роде	gender	[ˈrɔde]
3855	передчуття	presentiment, anticipation, foreboding, premonition	[pered͡ʒt͡ʃʊˈtʲːa]
3856	жахливе	neuter nominative/accusative singular of жахли́вий	[ʒɐˈxɫɪʋe]
3857	плоть	flesh	[pɫɔtʲ]
3858	гуляти	to walk	[ɦʊˈlʲate]
3859	затримати	to detain, to hold back, to keep back, to stop	[zɐˈtrɪmɐte]
3860	дружба	friendship	[ˈdruʒbɐ]
3861	удача	good luck, success	[ʊˈdat͡ʃɐ]
3862	згадував	masculine singular past indicative of зга́дувати impf	[ˈzɦadʊʋɐu̯]
3863	вухо	ear	[ˈwuxɔ]
3864	їхнього	masculine/neuter genitive singular	[ˈjixnʲɔɦɔ]
3865	зайшла	feminine singular past indicative of зайти́ pf	[zɐi̯ʃˈɫa]
3866	травня	genitive singular of тра́вень	[ˈtrau̯nʲɐ]
3867	нє	no	[nʲɛ]
3868	попередніх	genitive plural	[pɔpeˈrɛdʲnʲix]
3869	червона	feminine nominative singular of черво́ний	[t͡ʃerˈwɔnɐ]
3870	матерія	matter	[mɐˈtɛrʲijɐ]
3871	падіння	fall, falling, drop	[pɐˈdʲinʲːɐ]
3872	ручки	genitive singular	[rʊt͡ʃˈkɪ]
3873	навпроти	opposite, across the way	[nɐu̯ˈprɔte]
3874	прочитай	second-person singular imperative perfective of прочита́ти	[prɔt͡ʃeˈtai̯]
3875	наступному	masculine/neuter dative singular	[nɐˈstupnɔmʊ]
3876	комітету	genitive/dative singular of коміте́т	[kɔmʲiˈtɛtʊ]
3877	вважається	third-person singular present indicative of вважа́тися impf	[ʋːɐˈʒajet͡sʲːɐ]
3878	білих	genitive/locative plural	[ˈbʲiɫex]
3879	крила	genitive singular of крило́	[ˈkrɪɫɐ]
3880	витримати	to withstand, to bear, to endure, to stand, to sustain	[ˈʋɪtremɐte]
3881	нажаль	misspelling of на жа́ль	
3882	лежав	masculine singular past indicative of лежа́ти impf	[ɫeˈʒau̯]
3883	думок	genitive plural of ду́мка	[dʊˈmɔk]
3884	проблемою	instrumental singular of пробле́ма	[prɔˈbɫɛmɔjʊ]
3885	шкіри	genitive singular of шкі́ра	[ˈʃkʲire]
3886	загадка	riddle, conundrum, puzzle	[ˈzaɦɐdkɐ]
3887	відвідати	to visit	[ʋʲidʲˈʋʲidɐte]
3888	церкві	dative/locative singular of це́рква	[ˈt͡sɛrkʋʲi]
3889	стежити	to watch, to track, to keep track, to keep a close watch,…	[ˈstɛʒete]
3890	акцент	accent	[ɐkˈt͡sɛnt]
3891	маршрут	route, itinerary, course	[mɐrʃˈrut]
3892	миті	moment, instant	[ˈmɪtʲi]
3893	оборони	second-person singular imperative of оборони́ти and…	[ɔbɔrɔˈnɪ]
3894	лід	ice	[lʲid]
3895	вантаж	cargo, load	[ʋɐnˈtaʒ]
3896	продають	third-person plural present indicative of продава́ти impf	[prɔdɐˈjutʲ]
3897	ззовні	from outside, from the outside	[ˈzːɔu̯nʲi]
3898	шукала	feminine singular past imperfective of шука́ти	[ʃʊˈkaɫɐ]
3899	щит	shield	[ʃt͡ʃɪt]
3900	слову	dative singular of сло́во	[ˈsɫɔwʊ]
3901	аеропорт	airport	[ɐerɔˈpɔrt]
3902	вірність	faithfulness, loyalty, fidelity	[ˈʋʲirnʲisʲtʲ]
3903	шукай	second-person singular imperative imperfective of шука́ти	[ʃʊˈkai̯]
3904	дитині	dative/locative singular of дити́на	[deˈtɪnʲi]
3905	сукню	accusative singular of су́кня	[ˈsuknʲʊ]
3906	свят	genitive plural of свя́то	[sʲʋʲat]
3907	стакан	glass	[stɐˈkan]
3908	відкрито	openly	[ʋʲidˈkrɪtɔ]
3909	отримувати	to receive, to get	[ɔˈtrɪmʊʋɐte]
3910	моменти	nominative/accusative/vocative plural of моме́нт	[mɔˈmɛnte]
3911	африці	dative/locative singular of А́фрика	[ˈafret͡sʲi]
3912	університет	university	[ʊnʲiʋerseˈtɛt]
3913	розкажу	first-person singular future indicative of розказа́ти pf	[rɔzkɐˈʒu]
3914	повісити	to hang	[pɔˈʋʲisete]
3915	синдром	syndrome	[senˈdrɔm]
3916	літа	genitive singular of лі́то	[ˈlʲitɐ]
3917	зібрав	masculine singular past indicative of зібра́ти pf	[zʲiˈbrau̯]
3918	імператор	emperor	[impeˈratɔr]
3919	меблі	furniture	[ˈmɛblʲi]
3920	існувати	to exist	[isnʊˈʋate]
3921	планом	plan, scheme	[ˈpɫanɔm]
3922	кролик	rabbit	[ˈkrɔɫek]
3923	повернемо	first-person plural future indicative of поверну́ти pf	[pɔˈʋɛrnemɔ]
3924	мережа	net	[meˈrɛʒɐ]
3925	щонайменше	at least	[ʃt͡ʃɔnɐi̯ˈmɛnʃe]
3926	заходити	to come in, to go in, to enter	[zɐˈxɔdete]
3927	останньої	feminine genitive singular of оста́нній	[ɔˈstanʲːɔji]
3928	спорт	sport	[spɔrt]
3929	вміють	third-person plural present indicative of вмі́ти impf	[ˈwmʲijʊtʲ]
3930	файно	well, fine	[ˈfai̯nɔ]
3931	д-р	Dr., doctor	[ˈdɔktɔr]
3932	велосипед	bicycle, bike	[ʋeɫɔseˈpɛd]
3933	стоїш	second-person singular present indicative of стоя́ти	[stɔˈjiʃ]
3934	почалася	feminine singular past indicative of поча́тися pf	[pɔt͡ʃɐˈɫasʲɐ]
3935	скарб	treasure	[skarb]
3936	пиши	second-person singular imperative imperfective of писа́ти	[peˈʃɪ]
3937	зіткнення	contact	[ˈzʲitknenʲːɐ]
3938	становище	condition, status	[stɐˈnɔʋeʃt͡ʃe]
3939	сядьте	second-person plural imperative of сі́сти pf	[ˈsʲadʲte]
3940	відсутність	absence, lack	[ʋʲid͡zˈsutʲnʲisʲtʲ]
3941	гордо	proudly, pridefully	[ˈɦɔrdɔ]
3942	відійти	to go away, to go aside, to move away, to move aside	[ʋʲidʲii̯ˈtɪ]
3943	штатів	state	[ˈʃtatʲiu̯]
3944	тривога	anxiety, alarm	[treˈwɔɦɐ]
3945	хлопчиком	instrumental singular of хло́пчик	[ˈxɫɔpt͡ʃekɔm]
3946	погнали	plural past indicative of погна́ти pf	[pɔɦˈnaɫe]
3947	співчуття	compassion, sympathy	[sʲpʲiu̯t͡ʃʊˈtʲːa]
3948	ведмідь	bear	[ʋedˈmʲidʲ]
3949	слух	hearing	[sɫux]
3950	заберуть	third-person plural future indicative of забра́ти pf	[zɐbeˈrutʲ]
3951	всемогутній	omnipotent, almighty, all-powerful	[ʍsemoˈɦutʲnʲii̯]
3952	організації	genitive singular of організа́ція	[ɔrɦɐnʲiˈzat͡sʲiji]
3953	містом	instrumental singular of мі́сто	[ˈmʲistɔm]
3954	частіше	nominative/accusative neuter singular of часті́ший	[t͡ʃɐˈsʲtʲiʃe]
3955	змінюється	third-person singular present indicative of змі́нюватися…	[ˈzʲmʲinʲʊjet͡sʲːɐ]
3956	духу	spirit	[ˈduxʊ]
3957	числа	nominative/accusative/vocative plural of число́	[ˈt͡ʃɪsɫɐ]
3958	певна	feminine nominative singular of пе́вний	[ˈpɛu̯nɐ]
3959	службі	dative/locative singular of слу́жба	[ˈsɫuʒbʲi]
3960	вихідних	genitive/locative plural of вихідни́й	[ʋexʲidˈnɪx]
3961	стрес	stress	[strɛs]
3962	буря	storm, tempest	[ˈburʲɐ]
3963	головна	feminine nominative singular of головни́й	[ɦɔɫɔu̯ˈna]
3964	словам	dative plural of сло́во	[sɫɔˈʋam]
3965	сміятися	to laugh	[sʲmʲiˈjatesʲɐ]
3966	приємний	pleasant	[preˈjɛmnei̯]
3967	нічний	night, nighttime	[nʲit͡ʃˈnɪi̯]
3968	дванадцять	twelve	[dʋɐˈnad͡zʲt͡sʲɐtʲ]
3969	істота	being, creature	[iˈstɔtɐ]
3970	справах	locative plural of спра́ва	[ˈspraʋɐx]
3971	походження	origin, provenance	[pɔˈxɔd͡ʒenʲːɐ]
3972	комітет	committee	[kɔmʲiˈtɛt]
3973	перерва	interruption, pause, break, interval, intermission, recess	[peˈrɛrʋɐ]
3974	чоловікові	dative/locative singular of чолові́к	[t͡ʃɔɫɔˈʋʲikɔʋʲi]
3975	номери	nominative/accusative/vocative plural of но́мер	[nɔmeˈrɪ]
3976	військовий	army, soldier; military	[ʋʲii̯ˈsʲkɔʋei̯]
3977	сумки	genitive singular	[ˈsumke]
3978	вірять	third-person plural present indicative imperfective of…	[ˈʋʲirʲɐtʲ]
3979	гумору	genitive singular	[ˈɦumɔrʊ]
3980	серйозний	serious, grave	[seˈrjɔznei̯]
3981	морозиво	ice cream	[mɔˈrɔzewɔ]
3982	всієї	all, the whole	[ʍsʲiˈjɛji]
3983	зруйнувати	to destroy, to demolish, to wreck	[zrʊi̯nʊˈʋate]
3984	першими	instrumental plural of пе́рший	[ˈpɛrʃeme]
3985	нора	burrow	[nɔˈra]
3986	четвертий	fourth	[t͡ʃetˈʋɛrtei̯]
3987	зловити	to catch	[zɫɔˈʋɪte]
3988	цілому	masculine/neuter dative singular	[ˈt͡sʲiɫɔmʊ]
3989	видіння	vision	[ʋeˈdʲinʲːɐ]
3990	чорного	masculine/neuter genitive singular	[ˈt͡ʃɔrnɔɦɔ]
3991	тимчасово	temporarily	[temt͡ʃɐˈsɔwɔ]
3992	провини	genitive singular	[prɔˈʋɪne]
3993	добру	feminine accusative singular of до́брий	[ˈdɔbrʊ]
3994	плащ	raincoat, overcoat	[pɫaʃt͡ʃ]
3995	батькам	dative plural of ба́тько	[bɐtʲˈkam]
3996	продукти	groceries	[proˈdukte]
3997	виглядало	neuter singular past indicative of вигляда́ти impf	[ʋeɦlʲɐˈdaɫɔ]
3998	підписав	masculine singular past indicative of підписа́ти pf	[pʲidpeˈsau̯]
3999	вмирати	alternative form of умира́ти: to die	[wmeˈrate]
4000	вплив	influence, effect, impact	[ʍpɫɪu̯]
4001	цукру	genitive/dative singular of цу́кор	[ˈt͡sukrʊ]
4002	скандал	scandal	[skɐnˈdaɫ]
4003	земель	genitive plural of земля́	[zeˈmɛlʲ]
4004	книзі	dative/locative singular of кни́га	[ˈknɪzʲi]
4005	засмучений	sad, saddened, sorry, grieved, pained	[zɐsˈmut͡ʃenei̯]
4006	кара	penalty, punishment, retribution	[ˈkarɐ]
4007	будувати	to build, to construct	[bʊdʊˈʋate]
4008	реальність	reality	[reˈalʲnʲisʲtʲ]
4009	тисяча	thousand	[ˈtɪsʲɐt͡ʃɐ]
4010	коктейль	cocktail	[kɔkˈtɛi̯lʲ]
4011	прохід	passage, passageway, passthrough, passway, pass, aisle	[proˈxʲid]
4012	ігор	game, play	[ˈiɦɔr]
4013	відпочинь	second-person singular imperative of відпочи́ти pf	[ʋʲidpɔˈt͡ʃɪnʲ]
4014	голосно	loudly, aloud	[ˈɦɔɫɔsnɔ]
4015	належать	third-person plural present indicative of нале́жати impf	[nɐˈɫɛʒɐtʲ]
4016	великій	dative/locative feminine singular of вели́кий	[ʋeˈɫɪkʲii̯]
4017	революція	revolution	[rewoˈlʲut͡sʲijɐ]
4018	кота	male cat, tomcat	[kɔˈta]
4019	дверях	locative plural of две́рі	[ˈdʋɛrʲɐx]
4020	номере	vocative singular of но́мер	[ˈnɔmere]
4021	дівчатами	instrumental plural of ді́вчи́на, дівча́, and дівча́та	[dʲiu̯ˈt͡ʃatɐme]
4022	ножа	knife	[nɔˈʒa]
4023	політика	policy	[poˈlʲitekɐ]
4024	розповіли	plural past indicative of розповісти́	[rɔzpɔʋʲiˈɫɪ]
4025	патруль	patrol	[pɐˈtrulʲ]
4026	правильний	correct, right	[ˈpraʋelʲnei̯]
4027	червону	feminine accusative singular of черво́ний	[t͡ʃerˈwɔnʊ]
4028	продає	third-person singular present indicative of продава́ти impf	[prɔdɐˈjɛ]
4029	ладу	accusative singular of ла́до	
4030	поводитися	to behave, to conduct oneself, to act	[pɔˈwɔdetesʲɐ]
4031	яне	yang	[ˈjane]
4032	шляхи	way, path	[ʃlʲɐˈxɪ]
4033	зайшли	plural past indicative of зайти́ pf	[zɐi̯ʃˈɫɪ]
4034	поділитися	to divide, to be divided, to split, to be split	[pɔdʲiˈɫɪtesʲɐ]
4035	консультант	consultant	[kɔnsʊlʲˈtant]
4036	свідок	witness	[ˈsʲʋʲidɔk]
4037	зорі	genitive/dative/locative singular of зоря́	[zoˈrʲi]
4038	плече	shoulder	[pɫeˈt͡ʃɛ]
4039	продали	plural past perfective of прода́ти	[prɔdɐˈɫɪ]
4040	зміну	accusative singular of змі́на	[ˈzʲmʲinʊ]
4041	кшталт	shape, form	[kʃtaɫt]
4042	мінімум	minimum	[ˈmʲinʲimʊm]
4043	нагода	opportunity, chance, occasion	[nɐˈɦɔdɐ]
4044	лівий	left	[ˈlʲiʋei̯]
4045	зникнути	to disappear, to vanish	[ˈznɪknʊte]
4046	департамент	department	[depɐrˈtament]
4047	бомби	genitive singular	[ˈbɔmbe]
4048	привітати	to greet, to hail, to salute	[preʋʲiˈtate]
4049	природу	accusative singular of приро́да	
4050	лежала	feminine singular past indicative of лежа́ти impf	[ɫeˈʒaɫɐ]
4051	яблуко	apple	[ˈjabɫʊkɔ]
4052	запросила	feminine singular past indicative perfective of запроси́ти	[zɐprɔˈsɪɫɐ]
4053	сік	juice	[sʲik]
4054	напади	nominative/accusative/vocative plural of на́пад	[ˈnapɐde]
4055	боялась	feminine singular past indicative of боя́тися impf	[bɔˈjaɫɐsʲ]
4056	чиї	whose	[t͡ʃeˈji]
4057	скласти	to lay together, to put together, to assemble	[ˈskɫaste]
4058	гір	genitive plural of гора́	[ɦʲir]
4059	відчувала	feminine singular past indicative of відчува́ти impf	[ʋʲid͡ʒt͡ʃʊˈʋaɫɐ]
4060	джерела	genitive singular of джерело́	[d͡ʒereˈɫa]
4061	бренді	brandy	[ˈbrɛnʲdʲi]
4062	зліва	from the left	[ˈzʲlʲiʋɐ]
4063	бізнесу	genitive singular	[ˈbʲiznesʊ]
4064	єпископ	bishop	[jeˈpɪskɔp]
4065	королівство	kingdom	[kɔroˈlʲiu̯stwɔ]
4066	пропустити	to let through, to let pass, to pass through	[prɔpʊˈstɪte]
4067	жінці	dative/locative singular of жі́нка	[ˈʒʲinʲt͡sʲi]
4068	повія	prostitute, whore	[pɔˈʋʲijɐ]
4069	здатність	ability, capability, capacity	[ˈzdatʲnʲisʲtʲ]
4070	відвести	to lead, to take	[ʋʲidʋeˈstɪ]
4071	поверхні	genitive/dative/locative singular	[pɔˈʋɛrxnʲi]
4072	дочекатися	to wait	[dɔt͡ʃeˈkatesʲɐ]
4073	записати	to write down, to note down, to put down, to record	[zɐpeˈsate]
4074	поради	genitive singular	[pɔˈrade]
4075	дістану	first-person singular future indicative of діста́ти pf	[dʲiˈstanʊ]
4076	виявили	plural past indicative of ви́явити pf	[ˈʋɪjɐʋeɫe]
4077	судом	court	[sʊˈdɔm]
4078	відпочинку	genitive/dative/locative/vocative singular of відпочи́нок	[ʋʲidpɔˈt͡ʃɪnkʊ]
4079	мусор	cop, pig	[ˈmusɔr]
4080	продаю	first-person singular present indicative of продава́ти impf	[prɔdɐˈju]
4081	повагу	accusative singular of пова́га	[pɔˈʋaɦʊ]
4082	швидкий	fast, quick	[ʃʋedˈkɪi̯]
4083	праву	dative singular of пра́во	[ˈprawʊ]
4084	виграє	third-person singular future perfective of ви́грати	[ˈʋɪɦrɐje]
4085	рослини	genitive singular	[rɔsˈɫɪne]
4086	грім	thunder, thunderbolt	[ɦrʲim]
4087	діра	hole	[dʲiˈra]
4088	диван	sofa, couch, divan	[deˈʋan]
4089	чинити	to do, to make	[t͡ʃeˈnɪte]
4090	помруть	third-person plural future indicative of поме́рти pf	[pomˈrutʲ]
4091	відповідно	accordingly, correspondingly	[ʋʲidpɔˈʋʲidnɔ]
4092	ефект	effect	[eˈfɛkt]
4093	відміну	accusative singular of відмі́на	[ʋʲidʲˈmʲinʊ]
4094	однакові	nominative/vocative plural	[ɔdˈnakɔʋʲi]
4095	веселих	genitive/locative plural	[ʋeˈsɛɫex]
4096	коди	when	/kɔˈdɯ/
4097	фільмів	film, movie	[ˈfʲilʲmʲiu̯]
4098	ходиш	second-person singular present imperfective of ходи́ти	[ˈxɔdeʃ]
4099	золотий	golden, gold	[zɔɫɔˈtɪi̯]
4100	турбувати	to bother, to disturb, to trouble	[tʊrbʊˈʋate]
4101	шрам	scar, cicatrix	[ʃram]
4102	побачитися	to see each other, to meet	[pɔˈbat͡ʃetesʲɐ]
4103	кожа	skin; leather	[ˈkɔʒɐ]
4104	приймає	third-person singular present indicative of прийма́ти impf	[prei̯ˈmaje]
4105	бажав	masculine singular past indicative of бажа́ти impf	[bɐˈʒau̯]
4106	ногою	instrumental singular of нога́	[nɔˈɦɔjʊ]
4107	громадян	genitive/accusative plural of громадя́нин	[ɦrɔmɐˈdʲan]
4108	заплатиш	second-person singular future indicative of заплати́ти pf	[zɐˈpɫateʃ]
4109	показують	third-person plural present indicative of пока́зувати impf	[pɔˈkazʊjʊtʲ]
4110	керування	steering	[kerʊˈʋanʲːɐ]
4111	помста	revenge, vengeance	[ˈpɔmstɐ]
4112	найголовніше	neuter nominative/accusative singular of найголовні́ший	[nɐi̯ɦɔɫɔu̯ˈnʲiʃe]
4113	лікарня	hospital	[lʲiˈkarnʲɐ]
4114	вимоги	genitive singular	[ʋeˈmɔɦe]
4115	іч	alternative form of ич	[it͡ʃ]
4116	наречений	in-law	[nɐˈrɛt͡ʃenei̯]
4117	газету	accusative singular of газе́та	[ɦɐˈzɛtʊ]
4118	учнів	genitive/accusative plural of у́чень	[ˈut͡ʃnʲiu̯]
4119	ріка	river	[rʲiˈka]
4120	сходу	east	[ˈsxɔdʊ]
4121	рухаються	third-person plural present indicative of ру́хатися impf	[ˈruxɐjʊt͡sʲːɐ]
4122	зоні	dative/locative singular of зо́на	[ˈzɔnʲi]
4123	вівторок	Tuesday	[ʋʲiu̯ˈtɔrɔk]
4124	засідання	meeting, session	[zɐˈsʲidɐnʲːɐ]
4125	вовк	wolf	[wɔu̯k]
4126	післязавтра	overmorrow, the day after tomorrow	[pʲisʲlʲɐˈzau̯trɐ]
4127	несподівано	unexpectedly	[nespoˈdʲiʋɐnɔ]
4128	книжка	book	[ˈknɪʒkɐ]
4129	вдається	third-person singular present indicative of вдава́тися impf	[wdɐˈjɛt͡sʲːɐ]
4130	погляди	nominative/accusative/vocative plural of по́гляд	[ˈpɔɦlʲɐde]
4131	дорогі	nominative plural	[dɔroˈɦʲi]
4132	заповіт	testament	[zɐpɔˈʋʲit]
4133	вважаємо	first-person plural present indicative of вважа́ти impf	[ʋːɐˈʒajemɔ]
4134	припускаю	first-person singular present indicative of припуска́ти impf	[prepʊˈskajʊ]
4135	визнаю	first-person singular present of визнава́ти impf	[ʋeznɐˈju]
4136	закінчення	ending, completion	[zɐˈkʲint͡ʃenʲːɐ]
4137	повідомив	masculine singular past indicative of повідо́мити	[pɔʋʲiˈdɔmeu̯]
4138	правдою	instrumental singular of пра́вда	[ˈprau̯dɔjʊ]
4139	допомагав	masculine singular past indicative of допомага́ти impf	[dɔpɔmɐˈɦau̯]
4140	молодих	genitive/locative plural	[mɔɫɔˈdɪx]
4141	дикий	wild, savage	[ˈdɪkei̯]
4142	внести	to bring in, to carry in	[wneˈstɪ]
4143	розміру	genitive/dative singular of ро́змір	[ˈrɔzʲmʲirʊ]
4144	кохав	masculine singular past imperfective of коха́ти	[kɔˈxau̯]
4145	дивує	third-person singular present indicative of дивува́ти impf	[deˈwuje]
4146	білого	masculine/neuter genitive singular	[ˈbʲiɫɔɦɔ]
4147	заберемо	first-person plural future indicative of забра́ти pf	[zɐbereˈmɔ]
4148	отрута	poison	[oˈtrutɐ]
4149	коробка	box, case	[kɔˈrɔbkɐ]
4150	втім	meanwhile	[ʍtʲim]
4151	спині	dative/locative singular of спи́на	[ˈspɪnʲi]
4152	удвох	alternative form of вдвох, as a pair, as a twosome”	[ʊdˈwɔx]
4153	питала	feminine singular past imperfective of пита́ти	[peˈtaɫɐ]
4154	знадобляться	third-person plural future indicative of знадоби́тися pf	[znɐdɔˈblʲat͡sʲːɐ]
4155	варіанти	nominative/accusative/vocative plural of варіа́нт	[ʋɐrʲiˈante]
4156	колінах	locative plural of колі́но	[koˈlʲinɐx]
4157	розповідала	feminine singular past indicative of розповіда́ти impf	[rɔzpɔʋʲiˈdaɫɐ]
4158	зразки	nominative/accusative/vocative plural of зразо́к	[zrɐzˈkɪ]
4159	мужність	courage, fortitude	[ˈmuʒnʲisʲtʲ]
4160	роком	year	[ˈrɔkɔm]
4161	здох	masculine singular past indicative of здо́хнути pf	[zdɔx]
4162	свіже	neuter nominative/accusative singular of сві́жий	[ˈsʲʋʲiʒe]
4163	чемодан	suitcase	[t͡ʃemɔˈdan]
4164	обіцяли	plural past indicative of обіця́ти impf	[ɔbʲiˈt͡sʲaɫe]
4165	диявола	genitive singular	[deˈjawɔɫɐ]
4166	покажемо	first-person plural future perfective of показа́ти	[pɔˈkaʒemɔ]
4167	повернеш	second-person singular future indicative of поверну́ти pf	[pɔˈʋɛrneʃ]
4168	живою	feminine instrumental singular of живи́й	[ʒeˈwɔjʊ]
4169	фокус	focus, focal point	[ˈfɔkʊs]
4170	вирішення	resolution, decision	[ˈʋɪrʲiʃenʲːɐ]
4171	пошук	search	[ˈpɔʃʊk]
4172	живи	second-person singular imperative imperfective of жи́ти	[ʒeˈʋɪ]
4173	купимо	first-person plural future perfective of купи́ти	[ˈkupemɔ]
4174	титул	title	[ˈtɪtʊɫ]
4175	розділ	division, section	[ˈrɔzʲdʲiɫ]
4176	напиши	second-person singular imperative perfective of написа́ти	[nɐpeˈʃɪ]
4177	повагою	instrumental singular of пова́га	[pɔˈʋaɦɔjʊ]
4178	проклятий	damned, damn, darned, dratted	[ˈprɔklʲɐtei̯]
4179	круг	synonym of навко́ло	[kruɦ]
4180	бив	masculine singular past indicative of би́ти impf	[bɪu̯]
4181	необхідності	genitive/dative/locative singular of необхі́дність	[neobˈxʲidnɔsʲtʲi]
4182	дельта	delta	[ˈdɛlʲtɐ]
4183	сплять	third-person plural present imperfective of спа́ти	[splʲatʲ]
4184	здійснити	to implement, to put into effect, to put into practice, to…	[zʲdʲii̯sˈnɪte]
4185	гордість	pride	[ˈɦɔrdʲisʲtʲ]
4186	родичі	nominative/vocative plural of ро́дич	[ˈrɔdet͡ʃʲi]
4187	маленькою	feminine instrumental singular of мале́нький	[mɐˈɫɛnʲkɔjʊ]
4188	криза	crisis	[ˈkrɪzɐ]
4189	зніміть	second-person plural imperative of зня́ти pf	[zʲnʲiˈmʲitʲ]
4190	автобусі	locative singular of авто́бус	[ɐu̯ˈtɔbʊsʲi]
4191	богів	god	[boˈɦʲiu̯]
4192	американських	genitive plural	[ɐmereˈkanʲsʲkex]
4193	тричі	three times, thrice, on three occasions	[ˈtrɪt͡ʃʲi]
4194	правління	rule, government, administration	[prɐu̯ˈlʲinʲːɐ]
4195	величезна	feminine nominative singular of величе́зний	[ʋeɫeˈt͡ʃɛznɐ]
4196	щоденник	diary	[ʃt͡ʃɔˈdɛnːek]
4197	заводу	genitive/dative singular of заво́д	[zɐˈwɔdʊ]
4198	граємо	first-person plural present imperfective of гра́ти	[ˈɦrajemɔ]
4199	кільце	hoop	[kʲilʲˈt͡sɛ]
4200	переживайте	second-person plural imperative of пережива́ти impf	[pereʒeˈʋai̯te]
4201	персонаж	character, personage	[persɔˈnaʒ]
4202	зусилля	effort	[zʊˈsɪlʲːɐ]
4203	версія	version	[ˈʋɛrsʲijɐ]
4204	дурне	vocative singular of ду́рень	[ˈdurne]
4205	гаражі	locative singular	[ɦɐrɐˈʒʲi]
4206	охоронець	guard, watcher	[ɔxɔˈrɔnet͡sʲ]
4207	хі	chi	[xʲi]
4208	соус	sauce	[ˈsɔʊs]
4209	бачення	vision	[ˈbat͡ʃenʲːɐ]
4210	японії	genitive/dative/locative singular of Япо́нія	[jɐˈpɔnʲiji]
4211	сенатор	senator	[seˈnatɔr]
4212	блок	pulley, pulley block	[bɫɔk]
4213	голод	hunger	[ˈɦɔɫɔd]
4214	газеті	dative/locative singular of газе́та	[ɦɐˈzɛtʲi]
4215	легкий	light, lightweight	[ɫexˈkɪi̯]
4216	одинадцять	eleven	[ɔdeˈnad͡zʲt͡sʲɐtʲ]
4217	мотив	motive, reason	[mɔˈtɪu̯]
4218	вулиця	street	[ˈwuɫet͡sʲɐ]
4219	армією	instrumental singular of а́рмія	[ˈarmʲijejʊ]
4220	покажеш	second-person singular future perfective of показа́ти	[pɔˈkaʒeʃ]
4221	ворогом	instrumental singular of во́рог	[ˈwɔrɔɦɔm]
4222	показ	showing	[pɔˈkaz]
4223	вірш	poem	[ʋʲirʃ]
4224	позиція	position	[pɔˈzɪt͡sʲijɐ]
4225	темний	dark	[ˈtɛmnei̯]
4226	знищили	plural past indicative of зни́щити pf	[ˈznɪʃt͡ʃeɫe]
4227	копати	to dig	[kɔˈpate]
4228	цікаве	neuter nominative/accusative singular of ціка́вий	[t͡sʲiˈkaʋe]
4229	червоні	nominative plural	[t͡ʃerˈwɔnʲi]
4230	розраховувати	to calculate, to compute, to reckon	[rɔzrɐˈxɔwʊʋɐte]
4231	документів	genitive plural of докуме́нт	[dɔkʊˈmɛnʲtʲiu̯]
4232	випустити	to let out, to let go, to release, to set free	[ˈʋɪpʊstete]
4233	аналіз	analysis	[ɐˈnalʲiz]
4234	виробництва	genitive singular	[ʋerɔbˈnɪt͡stʋɐ]
4235	біда	misfortune, trouble	[bʲiˈda]
4236	кайф	kif	[kai̯f]
4237	вірний	true, faithful, loyal	[ˈʋʲirnei̯]
4238	водночас	simultaneously, at the same time	[wɔdˈnɔt͡ʃɐs]
4239	зрада	treason, betrayal	[ˈzradɐ]
4240	блюдо	plate, dish	[ˈblʲudɔ]
4241	звір	beast	[zʲʋʲir]
4242	губи	genitive singular of губа́	[ˈɦube]
4243	створіння	creature	[stwoˈrʲinʲːɐ]
4244	церкву	accusative singular of це́рква	[ˈt͡sɛrkwʊ]
4245	убий	second-person singular imperative perfective of уби́ти	[ʊˈbɪi̯]
4246	дріб	fraction	[dʲrʲib]
4247	вітальні	nominative/vocative plural	[ʋʲiˈtalʲnʲi]
4248	імен	genitive plural of ім'я́	[iˈmɛn]
4249	подолати	to overcome, to get the better of	[pɔdɔˈɫate]
4250	уночі	by night, at night	[ʊnoˈt͡ʃʲi]
4251	випробування	trial, ordeal	[ˈʋɪprɔbʊʋɐnʲːɐ]
4252	холод	cold	[ˈxɔɫɔd]
4253	спокійний	quiet, calm, tranquil, placid	[spoˈkʲii̯nei̯]
4254	змін	genitive plural of змі́на	[zʲmʲin]
4255	посередині	in the middle	[pɔseˈrɛdenʲi]
4256	слабкість	weakness, feebleness	[ˈsɫabkʲisʲtʲ]
4257	будинків	genitive plural of буди́нок	[bʊˈdɪnʲkʲiu̯]
4258	ніндзя	ninja, shinobi	[ˈnʲinʲd͡zʲɐ]
4259	племені	genitive/dative/locative singular of пле́м'я	[ˈpɫɛmenʲi]
4260	листопада	genitive singular of листопа́д	[ɫestɔˈpadɐ]
4261	переїхати	to cross	[pereˈjixɐte]
4262	травма	trauma, injury	[ˈtrau̯mɐ]
4263	єднання	togetherness, union, unity	[jedˈnanʲːɐ]
4264	повторить	third-person singular future indicative of повтори́ти pf	[pɔu̯ˈtɔretʲ]
4265	кличе	third-person singular present indicative imperfective of…	[ˈkɫɪt͡ʃe]
4266	зірку	accusative singular of зі́рка	[ˈzʲirkʊ]
4267	грають	third-person plural present imperfective of гра́ти	[ˈɦrajʊtʲ]
4268	округ	synonym of навко́ло	[ˈɔkrʊɦ]
4269	реакція	reaction	[reˈakt͡sʲijɐ]
4270	показала	feminine singular past perfective of показа́ти	[pɔkɐˈzaɫɐ]
4271	зникає	third-person singular present indicative of зника́ти impf	[zneˈkaje]
4272	зле	angrily	[zɫɛ]
4273	отримають	third-person plural future indicative of отри́мати pf	[ɔˈtrɪmɐjʊtʲ]
4274	чимало	quite a few, a lot, quite a lot, many, a good many	[t͡ʃeˈmaɫɔ]
4275	триватиме	third-person singular synthetic future indicative of…	[treˈʋateme]
4276	неодмінно	without fail, certainly, for certain, surely, inevitably	[neodʲˈmʲinːɔ]
4277	виживання	survival	[ʋeʒeˈʋanʲːɐ]
4278	воріт	genitive plural of воро́та	[woˈrʲit]
4279	статті	genitive/dative/locative singular	[stɐˈtʲːi]
4280	пост	post	[pɔst]
4281	заснуть	third-person plural future indicative	[zɐsˈnutʲ]
4282	пустелю	accusative singular of пусте́ля	[pʊˈstɛlʲʊ]
4283	допомогло	neuter singular past indicative of допомогти́ pf	[dɔpɔmɔˈɦɫɔ]
4284	дівка	girl, wench, lass	[ˈdʲiu̯kɐ]
4285	холодна	feminine nominative singular of холо́дний	[xɔˈɫɔdnɐ]
4286	відкрили	plural past of відкри́ти pf	[ʋʲidˈkrɪɫe]
4287	пісень	genitive plural of пі́сня	[pʲiˈsɛnʲ]
4288	тримаєш	second-person singular present indicative of трима́ти impf	[treˈmajeʃ]
4289	із-за	from	[ˈiz za]
4290	плаття	dress	[ˈpɫatʲːɐ]
4291	клей	glue	[kɫɛi̯]
4292	враг	enemy, foe	[wraɦ]
4293	наміри	nominative/accusative/vocative plural of на́мір	[ˈnamʲire]
4294	польоту	genitive singular	[pɔˈlʲɔtʊ]
4295	сволота	asshole, fucker, scumbag	[swɔˈɫɔtɐ]
4296	шматочок	endearing diminutive of шмато́к m: small piece, little bit,…	[ʃmɐˈtɔt͡ʃɔk]
4297	ціною	instrumental singular of ціна́	[t͡sʲiˈnɔjʊ]
4298	шахи	chess	[ˈʃaxe]
4299	відсвяткувати	to celebrate	[ʋʲid͡zsʲʋʲɐtkʊˈʋate]
4300	середині	dative/locative singular of сере́дина	[seˈrɛdenʲi]
4301	колесо	wheel	[ˈkɔɫesɔ]
4302	аякже	certainly, for sure, of course	[ɐˈjaɡʒe]
4303	шафі	dative/locative singular of ша́фа	[ˈʃafʲi]
4304	вчинок	alternative form of учи́нок	[ˈʍt͡ʃɪnɔk]
4305	містечко	diminutive of мі́сто: small town, township	[mʲiˈstɛt͡ʃkɔ]
4306	користуватися	to make use of, to use	[kɔrestʊˈʋatesʲɐ]
4307	безлад	jumble, mess	[ˈbɛzɫɐd]
4308	їхнє	nominative/accusative/vocative neuter singular of ї́хній	[ˈjixnʲe]
4309	цікавлять	third-person plural present indicative of ціка́вити impf	[t͡sʲiˈkau̯lʲɐtʲ]
4310	подих	breath	[ˈpɔdex]
4311	магія	magic	[ˈmaɦʲijɐ]
4312	мовчання	silence	[mɔu̯ˈt͡ʃanʲːɐ]
4313	пацієнта	genitive/accusative singular of паціє́нт	[pɐt͡sʲiˈjɛntɐ]
4314	офіцера	genitive/accusative singular of офіце́р	[ɔfʲiˈt͡sɛrɐ]
4315	гнів	anger, ire, wrath	[ɦnʲiu̯]
4316	космічний	cosmic	[kosʲˈmʲit͡ʃnei̯]
4317	вставайте	second-person singular imperative of встава́ти impf	[ʍstɐˈʋai̯te]
4318	ретельно	diligently, assiduously, painstakingly, meticulously,…	[reˈtɛlʲnɔ]
4319	відчепись	second-person singular imperative of відчепи́тися pf	[ʋʲid͡ʒt͡ʃeˈpɪsʲ]
4320	дійшло	neuter singular past indicative of дійти́ pf	[dʲii̯ʃˈɫɔ]
4321	світлі	nominative plural	[ˈsʲʋʲitʲlʲi]
4322	татові	nominative/vocative plural	[ˈtatɔʋʲi]
4323	підвал	basement	[pʲidˈʋaɫ]
4324	матимемо	first-person plural synthetic future indicative of ма́ти…	[ˈmatememɔ]
4325	здати	to give, to hand over, to pass	[ˈzdate]
4326	генератор	generator	[ɦeneˈratɔr]
4327	королів	king; king's	[kɔroˈlʲiu̯]
4328	висновок	conclusion	[ˈʋɪsnɔwɔk]
4329	згадувати	to recall, to recollect, to remember	[ˈzɦadʊʋɐte]
4330	маслом	instrumental singular of ма́сло	[ˈmasɫɔm]
4331	воїни	nominative/vocative plural of во́їн	[ˈwɔjine]
4332	відкрию	first-person singular future of відкри́ти pf	[ʋʲidˈkrɪjʊ]
4333	співають	third-person plural present imperfective of співа́ти	[sʲpʲiˈʋajʊtʲ]
4334	наляканий	scared, frightened, afraid	[nɐˈlʲakɐnei̯]
4335	придумали	plural past indicative of приду́мати pf	[preˈdumɐɫe]
4336	кльово	cool, awesome	[ˈklʲɔʋei̯]
4337	викрадення	abduction, kidnapping	[ˈʋɪkrɐdenʲːɐ]
4338	офісу	genitive/dative singular of о́фіс	[ˈɔfʲisʊ]
4339	важливим	masculine/neuter instrumental singular	[ʋɐʒˈɫɪʋem]
4340	подати	to submit, to file	[pɔˈdate]
4341	безперечно	incontestably, incontrovertibly, indisputably, undeniably,…	[bezpeˈrɛt͡ʃnɔ]
4342	містить	third-person singular present indicative of місти́ти impf	[ˈmʲistetʲ]
4343	поведінка	behaviour, behavior, conduct	[pɔʋeˈdʲinkɐ]
4344	відносин	genitive plural of відно́сини	[ʋʲidˈnɔsen]
4345	добровільно	voluntarily, of one's own accord	[dɔbrɔˈʋʲilʲnɔ]
4346	перестали	plural past indicative of переста́ти pf	[pereˈstaɫe]
4347	оком	instrumental singular of о́ко	[ˈɔkɔm]
4348	ум	intelligence	[um]
4349	бійка	An amateur, not sport-related fight involving punches,…	[ˈbʲii̯kɐ]
4350	орки	orc	[ˈɔrke]
4351	взявся	masculine singular past indicative of взя́тися pf	[ˈwzʲau̯sʲɐ]
4352	гольф	golf	[ɦɔlʲf]
4353	швидка	ambulance	[ʃʋedˈka]
4354	рюкзак	backpack, rucksack	[rʲʊɡˈzak]
4355	зробімо	first-person plural imperative perfective of зроби́ти	[zroˈbʲimɔ]
4356	підтримує	third-person singular present indicative of підтри́мувати…	[pʲidˈtrɪmʊje]
4357	заплатила	feminine singular past indicative of заплати́ти pf	[zɐpɫɐˈtɪɫɐ]
4358	передачу	accusative singular of переда́ча	[pereˈdat͡ʃʊ]
4359	мережу	accusative singular of мере́жа	[meˈrɛʒʊ]
4360	вимкніть	second-person plural imperative of ви́мкнути pf	[ˈʋɪmknʲitʲ]
4361	залізний	iron	[zɐˈlʲiznei̯]
4362	вела	feminine singular past imperfective of вести́	[ʋeˈɫa]
4363	засоби	nominative/accusative/vocative plural of за́сіб	[ˈzasɔbe]
4364	неподалік	near, nearby	[nepɔdɐˈlʲik]
4365	зателефонуйте	second-person plural imperative of зателефонува́ти pf	[zɐteɫefoˈnui̯te]
4366	їдете	second-person plural present indicative imperfective of…	[ˈjidete]
4367	міністерство	ministry, department, office	[mʲinʲiˈstɛrstwɔ]
4368	американський	American	[ɐmereˈkanʲsʲkei̯]
4369	підпис	signature	[ˈpʲidpes]
4370	океану	genitive singular	[ɔkeˈanʊ]
4371	туфлі	genitive/dative/locative singular	[ˈtuflʲi]
4372	лежали	plural past indicative of лежа́ти impf	[ɫeˈʒaɫe]
4373	ля	A, la	[lʲa]
4374	випадків	genitive plural of ви́падок	[ˈʋɪpɐdʲkʲiu̯]
4375	технології	genitive/dative/locative singular	[texnɔˈɫɔɦʲiji]
4376	стар	short form of стари́й	[star]
4377	невеликий	small, little, not very big, not very large	[neʋeˈɫɪkei̯]
4378	розповідає	third-person singular present indicative of розповіда́ти…	[rɔzpɔʋʲiˈdaje]
4379	сорочка	shirt, button-up shirt	[sɔˈrɔt͡ʃkɐ]
4380	лев	lion	[ɫɛu̯]
4381	місць	genitive plural of мі́сце	[mʲisʲt͡sʲ]
4382	ховатися	to hide	[xɔˈʋatesʲɐ]
4383	створює	third-person singular present indicative of ство́рювати impf	[ˈstwɔrʲʊje]
4384	бла	UAV, an unmanned aerial vehicle, drone	
4385	сумка	bag, handbag	[ˈsumkɐ]
4386	хмари	genitive singular	[ˈxmare]
4387	кордону	genitive singular	[kɔrˈdɔnʊ]
4388	молодим	masculine/neuter instrumental singular	[mɔɫɔˈdɪm]
4389	намагатися	to try, to attempt, to endeavour, to endeavor	[nɐmɐˈɦatesʲɐ]
4390	стілець	stool, chair	[sʲtʲiˈɫɛt͡sʲ]
4391	довіряєш	second-person singular present indicative of довіря́ти impf	[dɔʋʲiˈrʲajeʃ]
4392	читає	third-person singular present imperfective of чита́ти	[t͡ʃeˈtaje]
4393	минув	masculine singular past indicative perfective of мину́ти	[meˈnuu̯]
4394	арешт	arrest	[ɐˈrɛʃt]
4395	європи	genitive singular of Євро́па	
4396	чорне	neuter nominative/accusative singular of чо́рний	[ˈt͡ʃɔrne]
4397	кухня	kitchen	[ˈkuxnʲɐ]
4398	промінь	ray, beam	[ˈprɔmʲinʲ]
4399	кораблів	genitive plural of корабе́ль	[kɔrɐˈblʲiu̯]
4400	провину	accusative singular of прови́на	[prɔˈʋɪnʊ]
4401	територію	accusative singular of терито́рія	[tereˈtɔrʲijʊ]
4402	думаємо	first-person plural present imperfective of ду́мати	[ˈdumɐjemɔ]
4403	вечері	genitive/dative/locative singular	[ʋeˈt͡ʃɛrʲi]
4404	відомі	nominative plural	[ʋʲiˈdɔmʲi]
4405	совість	conscience	[ˈsɔʋʲisʲtʲ]
4406	переможе	third-person singular future indicative of перемогти́ pf	[pereˈmɔʒe]
4407	таблеток	genitive plural of табле́тка	[tɐˈbɫɛtɔk]
4408	дивлюсь	first-person singular present imperfective of диви́тися	[deu̯ˈlʲusʲ]
4409	розбив	masculine singular past indicative of розби́ти pf	[rɔzˈbɪu̯]
4410	наприкінці	at the end, in the end, finally	[nɐˈprɪkʲinʲt͡sʲi]
4411	браслет	bracelet, bangle	[brɐsˈɫɛt]
4412	виросла	feminine singular past indicative of ви́рости pf	[ˈʋɪrɔsɫɐ]
4413	нагадати	to remind про щось / що + clause	[nɐɦɐˈdate]
4414	двір	court, yard	[dʲʋʲir]
4415	варшаві	dative/locative singular of Варша́ва	
4416	країн	genitive plural of краї́на	[krɐˈjin]
4417	звучало	neuter singular past indicative of звуча́ти impf	[zwʊˈt͡ʃaɫɔ]
4418	лежи	second-person singular imperative of лежа́ти impf	[ɫeˈʒɪ]
4419	ферма	farm	[ˈfɛrmɐ]
4420	запитую	first-person singular present indicative of запи́тувати impf	[zɐˈpɪtʊjʊ]
4421	середовища	genitive singular	[sereˈdɔʋeʃt͡ʃɐ]
4422	курча	chick, young chicken	[kʊrˈt͡ʃa]
4423	поліцією	instrumental singular of полі́ція	[poˈlʲit͡sʲijejʊ]
4424	кидати	to throw, to cast, to fling	[ˈkɪdɐte]
4425	тої	that	[ˈtɔji]
4426	медаль	medal	[meˈdalʲ]
4427	спеціально	specially	[spet͡sʲiˈalʲnɔ]
4428	вір	second-person singular imperative imperfective of ві́рити	[ʋʲir]
4429	здаватися	to seem	[zdɐˈʋatesʲɐ]
4430	пожежі	genitive/dative/locative singular	[pɔˈʒɛʒʲi]
4431	середній	middle	[seˈrɛdʲnʲii̯]
4432	небезпека	danger	[nebezˈpɛkɐ]
4433	вчити	to teach	[ˈʍt͡ʃɪte]
4434	тягар	burden, load, weight	[tʲɐˈɦar]
4435	несподіванка	surprise	[nespoˈdʲiʋɐnkɐ]
4436	пережив	masculine singular past indicative of пережи́ти pf	[pereˈʒɪu̯]
4437	шукайте	second-person plural imperative imperfective of шука́ти	[ʃʊˈkai̯te]
4438	братові	brother	[brɐˈtɔʋʲi]
4439	цікаві	nominative plural	[t͡sʲiˈkaʋʲi]
4440	мисливець	hunter, huntsman	[mesˈɫɪʋet͡sʲ]
4441	справжніх	genitive plural	[ˈsprau̯ʒnʲix]
4442	перебування	stay, residence, sojourn	[perebʊˈʋanʲːɐ]
4443	остаточно	finally, definitively	[ɔstɐˈtɔt͡ʃnɔ]
4444	труднощі	difficulties	[ˈtrudnɔʃt͡ʃʲi]
4445	складу	warehouse	[ˈskɫadʊ]
4446	пила	saw	[peˈɫa]
4447	навчу	first-person singular future indicative of навчи́ти pf	[nɐu̯ˈt͡ʃu]
4448	влітку	in summer, in summertime	[ˈwlʲitkʊ]
4449	шампанське	champagne	[ʃɐmˈpanʲsʲke]
4450	більший	comparative degree of вели́кий: bigger, larger, greater	[ˈbʲilʲʃei̯]
4451	пояснює	third-person singular present indicative of поя́снювати impf	[pɔˈjasʲnʲʊje]
4452	місцевий	local	[mʲiˈst͡sɛʋei̯]
4453	залог	genitive plural of зало́га	[zɐˈɫɔɦ]
4454	ванна	bath, bathtub	[ˈʋanːɐ]
4455	браму	accusative singular of бра́ма	[ˈbramʊ]
4456	змінитися	to change	[zʲmʲiˈnɪtesʲɐ]
4457	образи	nominative/accusative/vocative plural of о́браз	[ˈɔbrɐze]
4458	подарувати	to gift, to give, to bestow, to donate, to present щось	[pɔdɐrʊˈʋate]
4459	замовити	to order	[zɐˈmɔʋete]
4460	прощення	pardon	[prɔʃˈt͡ʃɛnʲːɐ]
4461	їдьмо	first-person plural present imperative imperfective of…	[ˈjidʲmɔ]
4462	ич	see!; look, listen; there; oh; now	[ɪt͡ʃ]
4463	повертаються	third-person plural present indicative of поверта́тися impf	[pɔʋerˈtajʊt͡sʲːɐ]
4464	боротьбі	dative/locative singular of боротьба́	[bɔrodʲˈbʲi]
4465	оглянути	to inspect, to examine	[ɔˈɦlʲanʊte]
4466	великими	instrumental plural of вели́кий	[ʋeˈɫɪkeme]
4467	обіцянку	accusative singular of обіця́нка	[ɔbʲiˈt͡sʲankʊ]
4468	горілки	genitive singular of горі́лка	[ɦoˈrʲiɫke]
4469	поспішаю	first-person singular present indicative of поспіша́ти impf	[pɔsʲpʲiˈʃajʊ]
4470	багатий	rich, wealthy	[bɐˈɦatei̯]
4471	доглядати	watch, keep an eye on	[dɔɦlʲɐˈdate]
4472	тихий	quiet, peaceful	[ˈtɪxei̯]
4473	жар	glowing/red-hot coals	[ʒar]
4474	хуйня	bullshit, nonsense	[xʊi̯ˈnʲa]
4475	подробиці	genitive/dative/locative singular	[pɔˈdrɔbet͡sʲi]
4476	почерк	handwriting, hand	[ˈpɔt͡ʃerk]
4477	пережила	feminine singular past indicative of пережи́ти pf	[pereʒeˈɫa]
4478	страждає	third-person singular present indicative of стражда́ти impf	[strɐʒˈdaje]
4479	знищено	impersonal past passive participle of зни́щити pf	[ˈznɪʃt͡ʃenɔ]
4480	винний	guilty	[ˈʋɪnːei̯]
4481	творець	creator, maker	[twɔˈrɛt͡sʲ]
4482	вели	plural past imperfective of вести́	[ʋeˈɫɪ]
4483	перейшов	masculine singular past indicative of перейти́ pf	[perei̯ˈʃɔu̯]
4484	підніміть	second-person plural imperative of підня́ти pf	[pʲidʲnʲiˈmʲitʲ]
4485	повідомлю	first-person singular future indicative of повідо́мити	[pɔʋʲiˈdɔmlʲʊ]
4486	прогрес	progress	[prɔˈɦrɛs]
4487	виправдання	justification, excuse, defense, exculpation, alibi,…	[ˈʋɪprɐu̯dɐnʲːɐ]
4488	дтп	road traffic accident	[dɛ tɛ ˈpɛ]
4489	ножем	knife	[nɔˈʒɛm]
4490	поведінку	accusative singular of поведі́нка	[pɔʋeˈdʲinkʊ]
4491	насрати	to shit, to have shitted	[nɐsˈrate]
4492	доставити	to deliver	[dɔˈstaʋete]
4493	самостійно	on one's own, by oneself, independently, solely, singularly	[sɐmoˈsʲtʲii̯nɔ]
4494	виявилося	neuter singular past indicative of ви́явитися pf	[ˈʋɪjɐʋeɫɔsʲɐ]
4495	вокзал	train station, railroad station, railway station, depot	[wɔɡˈzaɫ]
4496	павле	vocative singular of Павло́	[ˈpau̯ɫe]
4497	лікарем	instrumental singular of лі́кар	[ˈlʲikɐrem]
4498	учить	third-person singular present imperfective of учи́ти	[ʊˈt͡ʃɪtʲ]
4499	напрямок	direction	[ˈnaprʲɐmɔk]
4500	веселого	masculine/neuter genitive	[ʋeˈsɛɫɔɦɔ]
4501	фестиваль	festival	[festeˈʋalʲ]
4502	винагороду	accusative singular of винагоро́да	[ʋenɐɦɔˈrɔdʊ]
4503	предмет	object	[predˈmɛt]
4504	задати	to set, to assign, to give	[zɐˈdate]
4505	напасти	to attack, to assault, to descend, to fall upon	[nɐˈpaste]
4506	наркоман	drug addict, junkie, narcomaniac	[nɐrkɔˈman]
4507	шар	layer	[ʃar]
4508	днях	day	[dʲnʲax]
4509	новою	feminine instrumental singular of нови́й	[nɔˈwɔjʊ]
4510	кузен	male cousin	[kʊˈzɛn]
4511	загроза	danger	[zɐˈɦrɔzɐ]
4512	брешу	first-person singular present indicative imperfective of…	[breˈʃu]
4513	писали	plural past imperfective of писа́ти	[peˈsaɫe]
4514	снах	sleep	[snax]
4515	бейсбол	baseball	[bei̯zˈbɔɫ]
4516	опівночі	at midnight	[oˈpʲiu̯nɔt͡ʃʲi]
4517	результаті	locative singular of результа́т	[rezʊlʲˈtatʲi]
4518	мосту	bridge	[ˈmɔstʊ]
4519	чесним	instrumental masculine/neuter singular	[ˈt͡ʃɛsnem]
4520	маючи	present adverbial participle of ма́ти	[ˈmajʊt͡ʃe]
4521	зрозумію	first-person singular future indicative of зрозумі́ти pf	[zrɔzʊˈmʲijʊ]
4522	словах	locative plural of сло́во	[sɫɔˈʋax]
4523	шкіру	accusative singular of шкі́ра	[ˈʃkʲirʊ]
4524	будівлю	accusative singular of буді́вля	[bʊˈdʲiu̯lʲʊ]
4525	робочий	work, working	[rɔˈbɔt͡ʃei̯]
4526	водить	third-person singular present imperfective of води́ти	[ˈwɔdetʲ]
4527	діду	grandfather, grandpa, old man	[ˈdʲidʊ]
4528	сотень	genitive plural of со́тня	[ˈsɔtenʲ]
4529	одних	genitive/locative plural	[ɔdˈnɪx]
4530	маленькими	instrumental plural of мале́нький	[mɐˈɫɛnʲkeme]
4531	риса	stroke, line	[ˈrɪsɐ]
4532	кола	cola, kola	[ˈkɔɫɐ]
4533	знято	impersonal past passive participle of зня́ти	[ˈzʲnʲatɔ]
4534	ворон	raven	[ˈwɔrɔn]
4535	самотньо	alone, solitarily	[sɐˈmɔtʲnʲɔ]
4536	молитися	to pray	[mɔˈɫɪtesʲɐ]
4537	хвиля	wave	[ˈxʋɪlʲɐ]
4538	зайде	third-person singular future indicative of зайти́ pf	[ˈzai̯de]
4539	відповідальності	genitive/dative/locative singular of відповіда́льність	[ʋʲidpɔʋʲiˈdalʲnɔsʲtʲi]
4540	дзвоніть	second-person plural imperative imperfective of дзвони́ти	[d͡zwoˈnʲitʲ]
4541	ліків	genitive plural of лі́ки	[ˈlʲikʲiu̯]
4542	спина	back, the rear of the torso	[ˈspɪnɐ]
4543	сестер	genitive/accusative plural of сестра́	[ˈsɛster]
4544	вивести	to lead out, to bring out	[ˈʋɪʋeste]
4545	благо	goodness, happiness	[ˈbɫaɦɔ]
4546	татусь	endearing form of та́то	[tɐˈtusʲ]
4547	почуватися	to feel	[pɔt͡ʃʊˈʋatesʲɐ]
4548	рахувати	to count, to calculate	[rɐxʊˈʋate]
4549	хлопцю	dative singular of хло́пець	[ˈxɫɔpt͡sʲʊ]
4550	станемо	first-person plural future indicative of ста́ти pf	[ˈstanemɔ]
4551	ходжу	first-person singular present indicative imperfective of…	[xoˈd͡ʒu]
4552	пилу	accusative singular of пила́	[peˈɫu]
4553	брудний	dirty	[brʊdˈnɪi̯]
4554	боса	feminine singular of бо́сий	[ˈbɔsɐ]
4555	дійшов	masculine singular past indicative of дійти́ pf	[dʲii̯ˈʃɔu̯]
4556	джем	jam	[d͡ʒɛm]
4557	реальності	genitive/dative/locative singular of реа́льність	[reˈalʲnɔsʲtʲi]
4558	чоловіками	instrumental plural of чолові́к	[t͡ʃɔɫɔˈʋʲikɐme]
4559	морські	nominative plural	[morˈsʲkʲi]
4560	гавань	harbour, harbor, haven	[ˈɦaʋɐnʲ]
4561	поховати	to bury, to inter, to inhume	[pɔxɔˈʋate]
4562	різниці	genitive/dative/locative singular	[rʲizˈnɪt͡sʲi]
4563	польською	instrumental feminine singular of по́льський	[ˈpɔlʲsʲkɔjʊ]
4564	сюжет	plot, story, storyline	[sʲʊˈʒɛt]
4565	вдарити	to hit, to strike, to smite	[ˈwdarete]
4566	соль	G, sol	[sɔlʲ]
4567	директором	instrumental singular of дире́ктор	[deˈrɛktɔrɔm]
4568	досліджень	genitive plural of дослі́дження	[dosʲˈlʲid͡ʒenʲ]
4569	гай	grove	[ɦai̯]
4570	намагалась	feminine singular past imperfective of намага́тися	[nɐmɐˈɦaɫɐsʲ]
4571	пояс	girdle, belt	[ˈpɔjɐs]
4572	підозрюваний	suspect	[pʲiˈdɔzʲrʲʊʋɐnei̯]
4573	обговорювати	to discuss, to debate, to talk over	[ɔbɦɔˈwɔrʲʊʋɐte]
4574	швидкості	genitive/dative/locative singular	[ˈʃʋɪdkɔsʲtʲi]
4575	труси	pants, underpants, shorts	[trʊˈsɪ]
4576	зо	approximately, roughly	
4577	струн	genitive plural of струна́	[strun]
4578	духом	spirit	[ˈduxɔm]
4579	слон	elephant	[sɫɔn]
4580	втрачаємо	first-person plural present of втрача́ти impf	[ʍtrɐˈt͡ʃajemɔ]
4581	дзвонили	plural past imperfective of дзвони́ти	[d͡zwɔˈnɪɫe]
4582	сумувати	to be sad, to feel sad, to feel sorrow	[sʊmʊˈʋate]
4583	розповість	third-person singular future indicative of розповісти́	[rɔzpɔˈʋʲisʲtʲ]
4584	спілкуватися	to associate, to communicate, to converse, to consort	[sʲpʲiɫkʊˈʋatesʲɐ]
4585	найгірший	superlative degree of пога́ний: worst	[nɐi̯ˈɦʲirʃei̯]
4586	творіння	creation, work	[twoˈrʲinʲːɐ]
4587	моделі	genitive singular	[mɔˈdɛlʲi]
4588	восьми	genitive/dative/locative of ві́сім	[wɔsʲˈmɪ]
4589	їмо	first-person plural present imperfective of ї́сти	[jiˈmɔ]
4590	зійде	third-person singular future indicative of зійти́ pf	[ˈzʲii̯de]
4591	перемістити	to move, to relocate, to displace, to transfer, to shift	[peremʲiˈstɪte]
4592	серіях	locative plural of се́рія	[ˈsɛrʲijɐx]
4593	заарештувати	to arrest, to apprehend	[zɐareʃtʊˈʋate]
4594	подобалося	neuter singular past indicative of подо́батися impf	[pɔˈdɔbɐɫɔsʲɐ]
4595	пройдемо	first-person plural future indicative of пройти́ pf	[ˈprɔi̯demɔ]
4596	обережний	careful, cautious, wary	[ɔbeˈrɛʒnei̯]
4597	кишки	nominative/accusative/vocative plural of ки́шка	[keʃˈkɪ]
4598	менеджера	genitive/accusative singular of ме́неджер	[ˈmɛned͡ʒerɐ]
4599	блог	blog	[bɫɔɦ]
4600	коханець	lover	[kɔˈxanet͡sʲ]
4601	вимагають	third-person plural present indicative of вимага́ти impf	[ʋemɐˈɦajʊtʲ]
4602	межу	accusative singular of межа́	[meˈʒu]
4603	змінювати	to change, to alter, to modify	[ˈzʲmʲinʲʊʋɐte]
4604	ставити	to put, to place, to set	[ˈstaʋete]
4605	хлопцям	dative plural of хло́пець	[ˈxɫɔpt͡sʲɐm]
4606	політики	nominative/vocative plural of полі́тик	[poˈlʲiteke]
4607	епізод	episode	[epʲiˈzɔd]
4608	розкажеш	second-person singular future indicative of розказа́ти pf	[rɔzˈkaʒeʃ]
4609	пустити	to let go, to release, to relinquish	[pʊˈstɪte]
4610	очікування	expectation	[oˈt͡ʃʲikʊʋɐnʲːɐ]
4611	добу	accusative singular of доба́	[doˈbu]
4612	паркан	fence	[pɐrˈkan]
4613	зізнатися	to confess	[zʲizˈnatesʲɐ]
4614	дякуючи	present adverbial participle of дя́кувати	[ˈdʲakʊjʊt͡ʃe]
4615	готівкою	instrumental singular of готі́вка	[ɦoˈtʲiu̯kɔjʊ]
4616	пси	dog	[psɪ]
4617	гімно	excrement, shit	[ɦʲimˈnɔ]
4618	клади	second-person singular imperative imperfective of кла́сти	[kɫɐˈdɪ]
4619	стрибати	to jump, to leap, to bound, to spring, to skip	[streˈbate]
4620	організувати	to organise	[ɔrɦɐnʲizʊˈʋate]
4621	відмінний	different, dissimilar, distinct	[ʋʲidʲˈmʲinːei̯]
4622	шпигун	spy	[ʃpeˈɦun]
4623	застрягли	plural past indicative of застря́гти pf and застря́гнути pf	[zɐˈstʲrʲaɦɫe]
4624	сумний	sad, mournful, dismal	[sʊmˈnɪi̯]
4625	бійці	locative singular	[bʲii̯ˈt͡sʲi]
4626	домовитися	to mutually agree, to agree terms, to come to an agreement,…	[dɔˈmɔʋetesʲɐ]
4627	заплатите	second-person plural future indicative of заплати́ти pf	[zɐˈpɫatete]
4628	страшний	terrible	[strɐʃˈnɪi̯]
4629	ресторане	vocative singular of рестора́н	[restɔˈrane]
4630	пишуть	third-person plural present imperfective of писа́ти	[ˈpɪʃʊtʲ]
4631	прах	dust, earth	[prax]
4632	навкруги	around, about, round	[nɐu̯krʊˈɦɪ]
4633	загинути	to perish, to die	[zɐˈɦɪnʊte]
4634	пошкодження	damage	[pɔʃˈkɔd͡ʒenʲːɐ]
4635	дійде	third-person singular future indicative of дійти́ pf	[ˈdʲii̯de]
4636	ударом	instrumental singular of уда́р	[ʊˈdarɔm]
4637	залишає	third-person singular present indicative of залиша́ти impf	[zɐɫeˈʃaje]
4638	вдова	widow	[wdɔˈʋa]
4639	виграла	feminine singular past perfective of ви́грати	[ˈʋɪɦrɐɫɐ]
4640	виконання	execution, performance	[ʋekɔˈnanʲːɐ]
4641	пальця	genitive singular of па́лець	[ˈpalʲt͡sʲɐ]
4642	карлик	dwarf, midget, gnome, pygmy, manikin, elf	[ˈkarɫek]
4643	дама	lady	[ˈdamɐ]
4644	риби	genitive singular	[ˈrɪbe]
4645	відпустка	leave, leave of absence, furlough	[ʋʲidˈpustkɐ]
4646	явитися	to show	[jɐˈʋɪtesʲɐ]
4647	вів	masculine singular past indicative imperfective of вести́	[ʋʲiu̯]
4648	життів	genitive plural of життя́	[ʒeˈtʲːiu̯]
4649	пасує	third-person singular present imperfective of пасува́ти	[pɐˈsuje]
4650	політ	flight	[poˈlʲit]
4651	трагедія	tragedy	[trɐˈɦɛdʲijɐ]
4652	обіцяєш	second-person singular present indicative of обіця́ти impf	[ɔbʲiˈt͡sʲajeʃ]
4653	ловить	third-person singular present indicative of лови́ти impf	[ˈɫɔʋetʲ]
4654	ковбой	cowboy	[kɔu̯ˈbɔi̯]
4655	витрачати	to spend, to expend	[ʋetrɐˈt͡ʃate]
4656	приховати	to hide, to conceal	[prexɔˈʋate]
4657	меча	sword	[meˈt͡ʃa]
4658	звичайне	neuter nominative/accusative singular of звича́йний	[zʋeˈt͡ʃai̯ne]
4659	офіцерів	genitive/accusative plural of офіце́р	[ɔfʲiˈt͡sɛrʲiu̯]
4660	верх	top, upper part	[ʋɛrx]
4661	інтернету	genitive/dative/locative singular of Інтерне́т	
4662	шолом	helmet	[ʃɔˈɫɔm]
4663	зустріну	first-person singular future of зустрі́ти pf	[zʊˈstʲrʲinʊ]
4664	заводі	locative singular of заво́д	[zɐˈwɔdʲi]
4665	більшості	genitive/dative/locative singular of бі́льшість	[ˈbʲilʲʃɔsʲtʲi]
4666	партнери	nominative/vocative plural of партне́р	[pɐrtˈnɛre]
4667	голодні	nominative plural	[ɦɔˈɫɔdʲnʲi]
4668	пережили	plural past indicative of пережи́ти pf	[pereʒeˈɫɪ]
4669	інструменти	nominative/accusative/vocative plural of інструме́нт	[instrʊˈmɛnte]
4670	гол	goal	[ɦɔɫ]
4671	власності	genitive/dative/locative singular of вла́сність	[ˈwɫasnɔsʲtʲi]
4672	дитино	vocative singular of дити́на	[deˈtɪnɔ]
4673	сиру	cheese	[ˈsɪrʊ]
4674	бреши	second-person singular imperative imperfective of бреха́ти	[breˈʃɪ]
4675	півдні	locative singular	[ˈpʲiu̯dʲnʲi]
4676	пригадати	to recall, to recollect, to remember	[preɦɐˈdate]
4677	чарівник	magician, wizard	[t͡ʃɐrʲiu̯ˈnɪk]
4678	організація	organization	[ɔrɦɐnʲiˈzat͡sʲijɐ]
4679	бореться	third-person singular present indicative of боро́тися impf	[ˈbɔret͡sʲːɐ]
4680	готую	first-person singular present imperfective of готува́ти	[ɦoˈtujʊ]
4681	місцеві	nominative plural	[mʲiˈst͡sɛʋʲi]
4682	заряд	charge	[zɐˈrʲad]
4683	корову	accusative singular of коро́ва	[kɔˈrɔwʊ]
4684	золоті	locative singular of зо́лото	[ˈzɔɫɔtʲi]
4685	учителем	instrumental singular of учи́тель	[ʊˈt͡ʃɪteɫem]
4686	скинути	to throw off, to cast off	[ˈskɪnʊte]
4687	магазинах	locative plural of магази́н	[mɐɦɐˈzɪnɐx]
4688	бовдур	chimney	[ˈbɔu̯dʊr]
4689	певне	neuter nominative/accusative/vocative singular of пе́вний	[ˈpɛu̯ne]
4690	хвилююся	first-person singular present indicative of хвилюва́тися…	[xʋeˈlʲujʊsʲɐ]
4691	втомилася	feminine singular past perfective of втоми́тися	[ʍtɔˈmɪɫɐsʲɐ]
4692	одної	genitive feminine singular of оди́н	[ɔdˈnɔji]
4693	ідеальний	ideal, impeccable, faultless, perfect	[ideˈalʲnei̯]
4694	окремо	separately	[ɔˈkrɛmɔ]
4695	виконують	third-person plural present indicative of вико́нувати impf	[ʋeˈkɔnʊjʊtʲ]
4696	малюнок	drawing	[mɐˈlʲunɔk]
4697	сірий	gray, grey	[ˈsʲirei̯]
4698	підтримка	support	[pʲidˈtrɪmkɐ]
4699	братство	brotherhood, fraternity, brethren	[ˈbrat͡stwɔ]
4700	прослуховування	listening	[prɔsɫʊˈxɔwʊʋɐnʲːɐ]
4701	захворів	masculine singular past indicative of захворі́ти pf	[zɐxwoˈrʲiu̯]
4702	бутерброд	butterbrot	[bʊterˈbrɔd]
4703	просим	first-person plural present indicative of проси́ти impf	[ˈprɔsem]
4704	висока	feminine nominative singular of висо́кий	[ʋeˈsɔkɐ]
4705	стилі	style	[ˈstɪlʲi]
4706	полювати	to hunt	[pɔlʲʊˈʋate]
4707	боротьбу	accusative singular of боротьба́	[bɔrodʲˈbu]
4708	судно	ship	[sʊdˈnɔ]
4709	радянський	Soviet	[rɐˈdʲanʲsʲkei̯]
4710	колишнього	masculine/neuter genitive singular	[kɔˈɫɪʃnʲɔɦɔ]
4711	налякати	To scare, to startle	[nɐlʲɐˈkate]
4712	кроком	step, pace	[ˈkrɔkɔm]
4713	кнопка	button	[ˈknɔpkɐ]
4714	узбережжя	coast, littoral, shore	[ʊzbeˈrɛʒʲːɐ]
4715	найменше	least, the least, fewest, the fewest	[nɐi̯ˈmɛnʃe]
4716	веселий	merry, cheerful, happy	[ʋeˈsɛɫei̯]
4717	збив	masculine singular past indicative of зби́ти pf	[zbɪu̯]
4718	табору	genitive/dative singular of та́бір	[ˈtabɔrʊ]
4719	кількості	genitive/dative/locative singular	[ˈkʲilʲkɔsʲtʲi]
4720	вивчати	to study	[ʋeu̯ˈt͡ʃate]
4721	температуру	accusative singular of температу́ра	[temperɐˈturʊ]
4722	оцінки	genitive singular	[oˈt͡sʲinke]
4723	зникнення	verbal noun of зни́кнути pf and зни́кти pf: disappearance,…	[ˈznɪknenʲːɐ]
4724	прийдете	second-person plural future indicative of прийти́ pf	[ˈprɪi̯dete]
4725	паперу	genitive singular	[pɐˈpɛrʊ]
4726	розділити	to divide	[rɔzʲdʲiˈɫɪte]
4727	виграємо	first-person plural future perfective of ви́грати	[ˈʋɪɦrɐjemɔ]
4728	туман	fog	[tʊˈman]
4729	багажник	trunk, boot	[bɐˈɦaʒnek]
4730	заробляти	to earn	[zɐrɔˈblʲate]
4731	мистецтва	genitive singular	[meˈstɛt͡stʋɐ]
4732	запізнився	masculine singular past indicative of запізни́тися pf	[zɐpʲizˈnɪu̯sʲɐ]
4733	вугілля	coal	[wʊˈɦʲilʲːɐ]
4734	костюмі	locative singular of костю́м	[koˈsʲtʲumʲi]
4735	питай	second-person singular imperative imperfective of пита́ти	[peˈtai̯]
4736	філе	fillet	[fʲiˈɫɛ]
4737	бійтеся	second-person plural imperative of боя́тися impf	[ˈbʲii̯tesʲɐ]
4738	виявив	masculine singular past indicative of ви́явити pf	[ˈʋɪjɐʋeu̯]
4739	таборі	locative singular of та́бір	[ˈtabɔrʲi]
4740	реклама	advertising, publicity	[reˈkɫamɐ]
4741	документ	document	[dɔkʊˈmɛnt]
4742	легких	genitive plural	[ɫeɦˈkɪx]
4743	підтвердження	confirmation, corroboration, attestation	[pʲidtˈʋɛrd͡ʒenʲːɐ]
4744	лягти	to lie down	[lʲɐɦˈtɪ]
4745	весела	feminine nominative singular of весе́лий	[ʋeˈsɛɫɐ]
4746	доти	For as long as	[ˈdɔte]
4747	математики	genitive singular of матема́тика	[mɐteˈmateke]
4748	поляки	nominative/vocative plural of поля́к	[pɔˈlʲake]
4749	спроби	genitive singular	[ˈsprɔbe]
4750	бідолаха	poor thing, poor devil, poor guy	[bʲidɔˈɫaxɐ]
4751	вічність	eternity	[ˈʋʲit͡ʃnʲisʲtʲ]
4752	жителів	genitive/accusative plural of жи́тель	[ˈʒɪtelʲiu̯]
4753	колега	colleague	[kɔˈɫɛɦɐ]
4754	вважали	plural past indicative of вважа́ти impf	[ʋːɐˈʒaɫe]
4755	доньки	genitive singular	[ˈdɔnʲke]
4756	людський	human	[lʲʊd͡zʲˈsʲkɪi̯]
4757	стежать	third-person plural present indicative of сте́жити impf	[ˈstɛʒɐtʲ]
4758	прагне	third-person singular present indicative of пра́гнути impf	[ˈpraɦne]
4759	відділок	sector	[ˈʋʲidʲːiɫɔk]
4760	відділення	department, division, section	[ʋʲiˈdʲːiɫenʲːɐ]
4761	помешкання	dwelling, habitation	[pɔˈmɛʃkɐnʲːɐ]
4762	поважаю	first-person singular present indicative imperfective of…	[pɔʋɐˈʒajʊ]
4763	бодай	may, let	[bɔˈdai̯]
4764	зупинка	stop, station	[zʊˈpɪnkɐ]
4765	дістанеш	second-person singular future indicative of діста́ти pf	[dʲiˈstaneʃ]
4766	судити	to judge, to try, to adjudicate	[sʊˈdɪte]
4767	обман	deception, deceit	[ɔbˈman]
4768	панно	picture on a canvas, a decorative picture on a wall,…	[pɐˈnːɔ]
4769	безсумнівно	doubtlessly, indubitably, no doubt, undoubtedly, without a…	[bezsʊmˈnʲiu̯nɔ]
4770	конкурс	contest; competition	[ˈkɔnkʊrs]
4771	номері	locative singular of но́мер	[ˈnɔmerʲi]
4772	змінилися	plural past indicative of зміни́тися pf	[zʲmʲiˈnɪɫesʲɐ]
4773	триста	three hundred	[ˈtrɪstɐ]
4774	ідемо	first-person plural present imperfective of іти́	[ideˈmɔ]
4775	передачі	genitive/dative/locative singular	[pereˈdat͡ʃʲi]
4776	пишатися	to be proud, to take pride, to pride oneself	[peˈʃatesʲɐ]
4777	пацієнтів	genitive/accusative plural of паціє́нт	[pɐt͡sʲiˈjɛnʲtʲiu̯]
4778	ген	far away, over yonder	[ɦɛn]
4779	квітня	genitive singular of кві́тень	[ˈkʋʲitʲnʲɐ]
4780	надворі	outside	[nɐdˈwɔrʲi]
4781	загине	third-person singular future indicative perfective of…	[zɐˈɦɪne]
4782	страждання	verbal noun of стражда́ти impf: suffering	[strɐʒˈdanʲːɐ]
4783	підтвердити	to confirm, to corroborate, to bear out	[pʲidtˈʋɛrdete]
4784	конфлікт	conflict	[konˈflʲikt]
4785	залишаються	third-person plural present indicative of залиша́тися impf	[zɐɫeˈʃajʊt͡sʲːɐ]
4786	зоопарк	zoo	[zɔɔˈpark]
4787	дивитеся	second-person plural present imperfective of диви́тися	[ˈdɪʋetesʲɐ]
4788	розташування	location, position	[rɔztɐʃʊˈʋanʲːɐ]
4789	кит	whale	[kɪt]
4790	фотографія	photography	[fɔtɔˈɦrafʲijɐ]
4791	випромінювання	radiation	[ʋeproˈmʲinʲʊʋɐnʲːɐ]
4792	кристал	crystal	[kreˈstaɫ]
4793	винахід	invention	[ˈʋɪnɐxʲid]
4794	зненацька	suddenly, unexpectedly, all of a sudden	[zneˈnat͡sʲkɐ]
4795	птаха	bird	[ˈptaxɐ]
4796	зграя	pack	[ˈzɦrajɐ]
4797	сусідів	neighbor; neighbor's	[sʊˈsʲidʲiu̯]
4798	візьмуть	third-person plural future indicative of взя́ти pf and…	[ˈʋʲizʲmʊtʲ]
4799	гад	reptile	[ɦad]
4800	цінність	value, importance, worth	[ˈt͡sʲinʲːisʲtʲ]
4801	комісії	genitive/dative/locative singular	[koˈmʲisʲiji]
4802	де-небудь	somewhere, someplace, anywhere	[dɛ ˈnɛbʊdʲ]
4803	заступник	deputy, assistant	[zɐˈstupnek]
4804	хвилина	minute	[xʋeˈɫɪnɐ]
4805	сперечатися	to argue, to contend, to dispute	[spereˈt͡ʃatesʲɐ]
4806	платили	plural past imperfective of плати́ти	[pɫɐˈtɪɫe]
4807	офіцере	vocative singular of офіце́р	[ɔfʲiˈt͡sɛre]
4808	негідник	rascal, rogue	[neˈɦʲidnek]
4809	прийди	second-person singular imperative of прийти́ pf	[prei̯ˈdɪ]
4810	працюй	second-person singular imperative imperfective of працюва́ти	[prɐˈt͡sʲui̯]
4811	станьте	second-person plural imperative perfective of ста́ти	[ˈstanʲte]
4812	якійсь	dative/locative feminine singular of яки́йсь	[jɐˈkʲii̯sʲ]
4813	майно	property, belongings	[mɐi̯ˈnɔ]
4814	усією	instrumental feminine singular of уве́сь	[ʊsʲiˈjɛjʊ]
4815	страсть	church service during the evening of the Maundy Thursday	[strasʲtʲ]
4816	старшим	instrumental masculine/neuter singular	[ˈstarʃem]
4817	чиє	whose	[t͡ʃeˈjɛ]
4818	одружилися	plural past indicative of одружи́тися pf	[ɔdrʊˈʒɪɫesʲɐ]
4819	дістався	masculine singular past indicative of діста́тися pf	[dʲiˈstau̯sʲɐ]
4820	покаже	third-person singular future perfective of показа́ти	[pɔˈkaʒe]
4821	означати	to mean, to signify, to denote	[ɔznɐˈt͡ʃate]
4822	лось	elk, moose	[ɫɔsʲ]
4823	попередній	previous, prior, preceding	[pɔpeˈrɛdʲnʲii̯]
4824	тепла	feminine nominative singular of те́плий	[ˈtɛpɫɐ]
4825	автомат	automaton	[ɐu̯tɔˈmat]
4826	авеню	avenue	[ɐʋeˈnʲu]
4827	заважати	to hinder, to obstruct, to impede, to hamper	[zɐʋɐˈʒate]
4828	відкривати	to open	[ʋʲidkreˈʋate]
4829	навмисно	deliberately	[nɐu̯ˈmɪsnɔ]
4830	сидіння	seat	[seˈdʲinʲːɐ]
4831	обіцяла	feminine singular past indicative of обіця́ти impf	[ɔbʲiˈt͡sʲaɫɐ]
4832	невеличкий	endearing form of невели́кий	[neʋeˈɫɪt͡ʃkei̯]
4833	темрява	darkness	[ˈtɛmrʲɐʋɐ]
4834	очистити	to cleanse, to clean, to purify, to purge	[ɔˈt͡ʃɪstete]
4835	студенти	nominative/vocative plural of студе́нт	[stʊˈdɛnte]
4836	фірма	firm, company	[ˈfʲirmɐ]
4837	починайте	second-person plural imperative of почина́ти impf	[pɔt͡ʃeˈnai̯te]
4838	обдурити	to deceive, to fool, to dupe, to hoodwink, to bamboozle, to…	[ɔbdʊˈrɪte]
4839	вчив	masculine singular past imperfective of вчи́ти	[ʍt͡ʃɪu̯]
4840	плане	plan, scheme	[ˈpɫane]
4841	відчула	feminine singular past indicative of відчу́ти pf	[ʋʲid͡ʒˈt͡ʃuɫɐ]
4842	задумали	plural past indicative of заду́мати pf	[zɐˈdumɐɫe]
4843	секретар	secretary	[sekreˈtar]
4844	сусіда	neighbor	[sʊˈsʲidɐ]
4845	чесний	honest	[ˈt͡ʃɛsnei̯]
4846	звернутися	to turn, to address	[zʋerˈnutesʲɐ]
4847	почує	third-person singular future indicative of почу́ти pf	[poˈt͡ʃuje]
4848	летом	flying	[ˈɫɛtɔm]
4849	копія	copy, duplicate	[ˈkɔpʲijɐ]
4850	партію	accusative singular of па́ртія	[ˈpartʲijʊ]
4851	подобався	masculine singular past indicative of подо́батися impf	[pɔˈdɔbɐu̯sʲɐ]
4852	розслабитися	to relax	[rɔzsˈɫabetesʲɐ]
4853	чверть	quarter, fourth	[t͡ʃʋɛrtʲ]
4854	біг	run	[bʲiɦ]
4855	жид	Jew	[ʒɪd]
4856	вдвічі	synonym of вдво́є	[ˈwdʲʋʲit͡ʃʲi]
4857	побіг	masculine singular past indicative of побі́гти pf	[poˈbʲiɦ]
4858	справедливість	justice	[sprɐʋedˈɫɪʋʲisʲtʲ]
4859	правді	dative/locative singular of пра́вда	[ˈprau̯dʲi]
4860	здорові	nominative plural	[zdɔˈrɔʋʲi]
4861	повторять	third-person plural future indicative of повтори́ти pf	[pɔu̯ˈtɔrʲɐtʲ]
4862	крем	crème	[krɛm]
4863	мед	honey	[mɛd]
4864	лабораторія	laboratory	[ɫɐbɔrɐˈtɔrʲijɐ]
4865	попри	despite, in spite of	[ˈpɔpre]
4866	неділя	Sunday	[neˈdʲilʲɐ]
4867	коридор	hallway, corridor	[kɔreˈdɔr]
4868	наступної	feminine genitive singular of насту́пний	[nɐˈstupnɔji]
4869	якоюсь	instrumental feminine singular of яки́йсь	[jɐˈkɔjʊsʲ]
4870	таблетку	accusative singular of табле́тка	[tɐˈbɫɛtkʊ]
4871	подвійний	double, dual, twofold, binary	[pɔdʲˈʋʲii̯nei̯]
4872	маска	mask	[ˈmaskɐ]
4873	виступати	to step forth, to step forward, to come forward	[ʋestʊˈpate]
4874	розповіси	second-person singular future indicative of розповісти́	[rɔzpɔʋʲiˈsɪ]
4875	янгол	angel	
4876	слабкі	nominative plural	[sɫɐbˈkʲi]
4877	богиня	goddess	[bɔˈɦɪnʲɐ]
4878	спальне	nominative/accusative neuter singular of спа́льний	[ˈspalʲne]
4879	бокс	boxing	[bɔks]
4880	ненавидіти	to hate	[neˈnaʋedʲite]
4881	образити	to insult, to offend, to abuse, to affront	[ɔˈbrazete]
4882	підтримати	to support, to back	[pʲidˈtrɪmɐte]
4883	перестати	to stop, to cease	[pereˈstate]
4884	картин	genitive plural of карти́на	[kɐrˈtɪn]
4885	підхід	approach	[pʲidʲˈxʲid]
4886	цикл	cycle	[t͡sɪkɫ]
4887	переважно	predominantly, chiefly, mainly	[pereˈʋaʒnɔ]
4888	дістали	plural past indicative of діста́ти pf	[dʲiˈstaɫe]
4889	живем	first-person plural present imperfective of жи́ти	[ʒeˈʋɛm]
4890	розвитку	genitive/dative/locative/vocative singular of ро́звиток	[ˈrɔzʋetkʊ]
4891	упав	masculine singular past perfective of упа́в	[ʊˈpau̯]
4892	надзвичайний	extraordinary	[nɐd͡zzʋeˈt͡ʃai̯nei̯]
4893	шлюбу	marriage, matrimony	[ˈʃlʲubʊ]
4894	метал	metal	[meˈtaɫ]
4895	обраний	chosen, select	[ˈɔbrɐnei̯]
4896	діамант	diamond	[dʲiɐˈmant]
4897	відносно	relatively	[ʋʲidˈnɔsnɔ]
4898	раса	race	[ˈrasɐ]
4899	банджо	banjo	[ˈband͡ʒɔ]
4900	просторі	locative singular of про́стір	[ˈprɔstɔrʲi]
4901	власна	nominative feminine singular of вла́сний	[ˈwɫasnɐ]
4902	жителі	locative singular	[ˈʒɪtelʲi]
4903	клопіт	trouble, worry	[ˈkɫɔpʲit]
4904	зілля	potion	[ˈzʲilʲːɐ]
4905	провал	collapse	[prɔˈʋaɫ]
4906	краплі	genitive/dative/locative singular	[ˈkraplʲi]
4907	пояснювати	to explain, to explicate	[pɔˈjasʲnʲʊʋɐte]
4908	постраждав	masculine singular past indicative of постражда́ти pf	[pɔstrɐʒˈdau̯]
4909	клієнта	genitive/accusative singular of кліє́нт	[klʲiˈjɛntɐ]
4910	прізвища	genitive singular	[ˈprʲizʋeʃt͡ʃɐ]
4911	особистий	personal	[ɔsɔˈbɪstei̯]
4912	сумнівів	genitive plural of су́мнів	[ˈsumnʲiʋʲiu̯]
4913	красивий	beautiful, handsome	[krɐˈsɪʋei̯]
4914	неймовірне	neuter nominative/accusative singular of неймові́рний	[nei̯mɔˈʋʲirne]
4915	самій	self, -self	[ˈsamʲii̯]
4916	побили	plural past indicative of поби́ти pf	[pɔˈbɪɫe]
4917	горнятко	endearing diminutive of горня́	[ɦɔrˈnʲatkɔ]
4918	особистість	personality	[ɔsɔˈbɪsʲtʲisʲtʲ]
4919	проведемо	first-person plural future indicative of провести́ pf	[prɔʋedeˈmɔ]
4920	вдіяти	to make, to do, to act	[ˈwdʲijɐte]
4921	робот	robot	[ˈrɔbɔt]
4922	газета	newspaper	[ɦɐˈzɛtɐ]
4923	смертний	mortal	[ˈsmɛrtnei̯]
4924	включаючи	present adverbial participle of включа́ти impf	[ʍklʲʊˈt͡ʃajʊt͡ʃe]
4925	високість	highness, height	[ʋeˈsɔkʲisʲtʲ]
4926	луна	echo	[ɫʊˈna]
4927	українських	genitive plural	[ʊkrɐˈjinʲsʲkex]
4928	втручання	intervention	[ʍtrʊˈt͡ʃanʲːɐ]
4929	відбуваються	third-person plural present indicative of відбува́тися impf	[ʋʲidbʊˈʋajʊt͡sʲːɐ]
4930	тривоги	genitive singular	[treˈwɔɦe]
4931	червоного	masculine/neuter genitive singular	[t͡ʃerˈwɔnɔɦɔ]
4932	пташка	bird	[ˈptaʃkɐ]
4933	невинний	innocent	[neˈʋɪnːei̯]
4934	акції	genitive/dative/locative singular	[ˈakt͡sʲiji]
4935	внутрішніх	genitive plural	[ˈwnutʲrʲiʃnʲix]
4936	плата	pay, payment	[ˈpɫatɐ]
4937	пілот	pilot	[pʲiˈɫɔt]
4938	бро	bro	[brɔ]
4939	випуск	release	[ˈʋɪpʊsk]
4940	співпрацювати	to cooperate, to collaborate	[sʲpʲiu̯prɐt͡sʲʊˈʋate]
4941	перестав	second-person singular imperative of переста́вити pf	[pereˈstau̯]
4942	тримали	plural past indicative of трима́ти impf	[treˈmaɫe]
4943	біла	feminine nominative singular of бі́лий	[ˈbʲiɫɐ]
4944	середнього	genitive masculine/neuter singular	[seˈrɛdʲnʲɔɦɔ]
4945	снів	sleep	[sʲnʲiu̯]
4946	костюмах	locative plural of костю́м	[koˈsʲtʲumɐx]
4947	розповідали	plural past indicative of розповіда́ти impf	[rɔzpɔʋʲiˈdaɫe]
4948	перо	pen	[peˈrɔ]
4949	продовжував	masculine singular past indicative of продо́вжувати impf	[prɔˈdɔu̯ʒʊʋɐu̯]
4950	басейну	genitive/dative singular of басе́йн	[bɐˈsɛi̯nʊ]
4951	готівку	accusative singular of готі́вка	[ɦoˈtʲiu̯kʊ]
4952	проблемами	instrumental plural of пробле́ма	[prɔˈbɫɛmɐme]
4953	поважати	to respect, to esteem	[pɔʋɐˈʒate]
4954	думці	dative/locative singular of ду́мка	[ˈdumt͡sʲi]
4955	помиляюся	first-person singular present indicative of помиля́тися impf	[pɔmeˈlʲajʊsʲɐ]
4956	бета	beta, the Greek letter, Ββ	[ˈbɛtɐ]
4957	ноутбук	laptop, notebook computer	[nɔʊdˈbuk]
4958	елементи	nominative/accusative/vocative plural of елеме́нт	[eɫeˈmɛnte]
4959	спальню	accusative singular of спа́льня	[ˈspalʲnʲʊ]
4960	сексуальна	nominative feminine singular of сексуа́льний	[seksʊˈalʲnɐ]
4961	посидіти	to sit for a while	[pɔˈsɪdʲite]
4962	принцип	principle	[ˈprɪnt͡sep]
4963	тунель	tunnel	[tʊˈnɛlʲ]
4964	аборт	abortion	[ɐˈbɔrt]
4965	живого	masculine/neuter genitive singular	[ʒeˈwɔɦɔ]
4966	склянку	accusative singular of скля́нка	[ˈsklʲankʊ]
4967	перу	first-person singular present of пра́ти	[peˈru]
4968	погодитися	to agree, to consent	[pɔˈɦɔdetesʲɐ]
4969	почалися	plural past indicative of поча́тися pf	[pɔt͡ʃɐˈɫɪsʲɐ]
4970	безпечний	safe, secure	[bezˈpɛt͡ʃnei̯]
4971	встигнути	to manage, to have time, to find time	[ˈʍstɪɦnʊte]
4972	посольство	embassy	[pɔˈsɔlʲstwɔ]
4973	аварії	genitive/dative/locative singular of ава́рія	[ɐˈʋarʲiji]
4974	чарівний	bewitching, captivating, charming, enchanting, fascinating,…	[t͡ʃɐrʲiu̯ˈnɪi̯]
4975	мешканців	genitive/accusative plural of ме́шканець	[ˈmɛʃkɐnʲt͡sʲiu̯]
4976	смаку	genitive/locative singular of смак	[smɐˈku]
4977	ефірі	locative singular of ефі́р	[eˈfʲirʲi]
4978	виграю	first-person singular future perfective of ви́грати	[ˈʋɪɦrɐjʊ]
4979	річці	locative singular of рі́чка	[ˈrʲit͡sʲːi]
4980	милосердний	merciful, clement	[meɫɔˈsɛrdnei̯]
4981	приховувати	to hide, to conceal	[preˈxɔwʊʋɐte]
4982	пошту	accusative singular of по́шта	[ˈpɔʃtʊ]
4983	пече	third-person singular present indicative of пекти́ impf	[peˈt͡ʃɛ]
4984	підняв	masculine singular past indicative of підня́ти pf	[pʲidʲˈnʲau̯]
4985	ручка	pen	[ˈrut͡ʃkɐ]
4986	гайда	come on, c'mon	
4987	захворіла	feminine singular past indicative of захворі́ти pf	[zɐxwoˈrʲiɫɐ]
4988	омар	lobster	[ɔˈmar]
4989	грн	hryvnia, hryvna, grivna	[ˈɦrɪu̯nʲɐ]
4990	трьома	three	[tʲrʲɔˈma]
4991	пушка	cannon	[ˈpuʃkɐ]
4992	ракети	genitive singular	[rɐˈkɛte]
4993	річка	river	[ˈrʲit͡ʃkɐ]
4994	найняти	to hire	[nɐi̯ˈnʲate]
4995	отримання	verbal noun of отри́мати pf: receipt, receiving, reception	[ɔˈtrɪmɐnʲːɐ]
4996	кент	a dude, friend, homie	[kɛnt]
4997	європу	accusative singular of Євро́па	
4998	куртку	accusative singular of ку́ртка	[ˈkurtkʊ]
4999	похід	campaign, drive, crusade	[poˈxʲid]
5000	злодії	nominative/vocative plural	[ˈzɫɔdʲiji]
5001	березня	genitive singular of бе́резень	[ˈbɛrezʲnʲɐ]
5002	намагайся	second-person singular imperative imperfective of…	[nɐmɐˈɦai̯sʲɐ]
5003	фронт	front, battlefront	[frɔnt]
5004	передача	handover, transfer, delivery	[pereˈdat͡ʃɐ]
5005	лив	masculine singular past indicative imperfective of ли́ти	[ɫɪu̯]
5006	новинах	locative plural of новина́	[nɔˈʋɪnɐx]
5007	додаткові	dative/locative singular of дода́ток	[dɔˈdatkɔʋʲi]
5008	сукня	dress	[ˈsuknʲɐ]
5009	воїнів	genitive/accusative plural of во́їн	[ˈwɔjinʲiu̯]
5010	екран	screen	[eˈkran]
5011	блондинка	female equivalent of блонди́н: blonde, blond	[bɫɔnˈdɪnkɐ]
5012	польської	genitive feminine singular of по́льський	[ˈpɔlʲsʲkɔji]
5013	вигнати	to drive out	[ˈʋɪɦnɐte]
5014	келих	wine glass	[ˈkɛɫex]
5015	захотілося	neuter singular past indicative of захоті́тися pf	[zɐxoˈtʲiɫɔsʲɐ]
5016	свічки	nominative/accusative/vocative plural of сві́чка	[sʲʋʲit͡ʃˈkɪ]
5017	автомобілі	nominative/accusative/vocative plural	[ɐu̯tɔmoˈbʲilʲi]
5018	швидкістю	instrumental singular of шви́дкість	[ˈʃʋɪdʲkʲisʲtʲʊ]
5019	версію	accusative singular of ве́рсія	[ˈʋɛrsʲijʊ]
5020	знизу	from below	[ˈznɪzʊ]
5021	кохала	feminine singular past imperfective of коха́ти	[kɔˈxaɫɐ]
5022	австралії	genitive/dative/locative singular of Австра́лія	
5023	молоком	instrumental singular of молоко́	[mɔɫɔˈkɔm]
5024	програли	plural past perfective of програ́ти	[prɔˈɦraɫe]
5025	інтерес	interest	[inteˈrɛs]
5026	блискавка	lightning	[ˈbɫɪskɐu̯kɐ]
5027	відпущу	first-person singular future indicative perfective of…	[ʋʲidpʊʃˈt͡ʃu]
5028	робитиме	third-person singular synthetic future indicative…	[rɔˈbɪteme]
5029	дівчисько	synonym of ді́вчинка f	[dʲiu̯ˈt͡ʃɪsʲkɔ]
5030	заснула	feminine singular past indicative of засну́ти pf	[zɐsˈnuɫɐ]
5031	університеті	locative singular of університе́т	[ʊnʲiʋerseˈtɛtʲi]
5032	посадку	accusative singular of поса́дка	[pɔˈsadkʊ]
5033	дозволяють	third-person plural present indicative of дозволя́ти impf	[dɔzwɔˈlʲajʊtʲ]
5034	виявити	to show, to manifest, to display, to evince	[ˈʋɪjɐʋete]
5035	ідей	genitive plural of іде́я	[iˈdɛi̯]
5036	агентство	agency	[ɐˈɦɛn(t)stwɔ]
5037	вартість	value, worth, cost	[ˈʋartʲisʲtʲ]
5038	овець	genitive plural	[ɔˈʋɛt͡sʲ]
5039	прикриття	cover	[prekreˈtʲːa]
5040	капець	slipper	[ˈkapet͡sʲ]
5041	поведінки	genitive singular of поведі́нка	[pɔʋeˈdʲinke]
5042	квартал	quarter	[kʋɐrˈtaɫ]
5043	командування	command	[kɔˈmandʊʋɐnʲːɐ]
5044	письменник	writer	[pesʲˈmɛnːek]
5045	пропонує	third-person singular present indicative of пропонува́ти…	[prɔpoˈnuje]
5046	декількох	genitive	[ˈdɛkʲilʲkɔx]
5047	спекотно	bakingly, boilingly, hotly, scorchingly, sultrily, torridly	[speˈkɔtnɔ]
5048	варіантів	genitive plural of варіа́нт	[ʋɐrʲiˈanʲtʲiu̯]
5049	рожевий	pink	[rɔˈʒɛʋei̯]
5050	птах	bird	[ptax]
5051	подвійне	neuter nominative/accusative/vocative singular of подві́йний	[pɔdʲˈʋʲii̯ne]
5052	кохати	To love, to have a strong romantic or sexual affection for…	[kɔˈxate]
5053	орків	orc	[ˈɔrkʲiu̯]
5054	дзвін	bell	[d͡zʲʋʲin]
5055	полковника	genitive/accusative singular of полко́вник	[pɔɫˈkɔu̯nekɐ]
5056	преподобний	holy, righteous	[prepɔˈdɔbnei̯]
5057	особливе	neuter nominative/accusative singular of особли́вий	[ɔsɔˈbɫɪʋe]
5058	сіли	plural past indicative of сі́сти pf	[ˈsʲiɫe]
5059	планував	masculine singular past imperfective of планува́ти	[pɫɐnʊˈʋau̯]
5060	зелені	nominative plural	[zeˈɫɛnʲi]
5061	напоготові	ready, at the ready, in readiness	[nɐpɔɦɔˈtɔʋʲi]
5062	діють	third-person plural present indicative of ді́яти impf	[ˈdʲijʊtʲ]
5063	дебіл	moron, imbecile, idiot	[deˈbʲiɫ]
5064	змінилася	feminine singular past indicative of зміни́тися pf	[zʲmʲiˈnɪɫɐsʲɐ]
5065	надіслати	to send	[nɐdʲisˈɫate]
5066	донькою	instrumental singular of до́нька	[ˈdɔnʲkɔjʊ]
5067	зайдемо	first-person plural future indicative of зайти́ pf	[ˈzai̯demɔ]
5068	допомагаєш	second-person singular present indicative of допомага́ти…	[dɔpɔmɐˈɦajeʃ]
5069	зустрічається	third-person singular present indicative of зустріча́тися…	[zʊstʲrʲiˈt͡ʃajet͡sʲːɐ]
5070	плануєш	second-person singular present imperfective of планува́ти	[pɫɐˈnujeʃ]
5071	забудеш	second-person singular future indicative of забу́ти pf	[zɐˈbudeʃ]
5072	дізнаюся	first-person singular present indicative of дізнава́тися…	[dʲiznɐˈjusʲɐ]
5073	чесне	nominative/accusative neuter singular of че́сний	[ˈt͡ʃɛsne]
5074	ключів	key	[klʲʊˈt͡ʃʲiu̯]
5075	вага	weight	[ʋɐˈɦa]
5076	куртка	jacket	[ˈkurtkɐ]
5077	самотня	nominative/vocative feminine singular of само́тній	[sɐˈmɔtʲnʲɐ]
5078	придумаю	first-person singular future indicative of приду́мати pf	[preˈdumɐjʊ]
5079	портрет	portrait	[pɔrˈtrɛt]
5080	ресурси	nominative/accusative/vocative plural of ресу́рс	[reˈsurse]
5081	галстук	necktie, tie	[ˈɦaɫstʊk]
5082	утримувати	to hold	[ʊˈtrɪmʊʋɐte]
5083	тримаєте	second-person plural present indicative of трима́ти impf	[treˈmajete]
5084	тихенько	endearing form of ти́хо: quietly, gently, softly	[teˈxɛnʲkɔ]
5085	запас	supplies, stock, reserves, stockpile	[zɐˈpas]
5086	комплекс	complex	[ˈkɔmpɫeks]
5087	їздили	plural past imperfective of ї́здити	[ˈjizdeɫe]
5088	яблука	genitive singular	[ˈjabɫʊkɐ]
5089	територія	territory	[tereˈtɔrʲijɐ]
5090	доросла	nominative feminine singular of доро́слий	[dɔˈrɔsɫɐ]
5091	щити	shield	[ʃt͡ʃeˈtɪ]
5092	усієї	genitive feminine singular of уве́сь	[ʊsʲiˈjɛji]
5093	світові	nominative plural	[sʲʋʲitɔˈʋʲi]
5094	графік	graph, chart, plot, diagram	[ˈɦrafʲik]
5095	продовження	verbal noun of продо́вжити pf: continuation	[prɔˈdɔu̯ʒenʲːɐ]
5096	силі	dative/locative singular of си́ла	[ˈsɪlʲi]
5097	президенте	vocative singular of президе́нт	[prezeˈdɛnte]
5098	представник	representative	[pred͡zstɐu̯ˈnɪk]
5099	скоріш	alternative form of скорі́ше	[skoˈrʲiʃ]
5100	здобич	booty, loot, plunder, spoils, swag	[ˈzdɔbet͡ʃ]
5101	подумає	third-person singular future indicative of поду́мати pf	[poˈdumɐje]
5102	відповідей	genitive plural of ві́дповідь	[ˈʋʲidpɔʋʲidei̯]
5103	гівно	shit, excrement, feces	[ɦʲiu̯ˈnɔ]
5104	поранення	injury	[pɔˈranenʲːɐ]
5105	ловити	to catch	[ɫɔˈʋɪte]
5106	отвір	opening, aperture	[ˈɔtʲʋʲir]
5107	відповідаєш	second-person singular present imperfective of відповіда́ти	[ʋʲidpɔʋʲiˈdajeʃ]
5108	житло	dwelling, habitation	[ʒetˈɫɔ]
5109	повернули	plural past indicative of поверну́ти pf	[pɔʋerˈnuɫe]
5110	красиві	nominative plural	[krɐˈsɪʋʲi]
5111	укол	prick	[ʊˈkɔɫ]
5112	записка	note, short letter	[zɐˈpɪskɐ]
5113	почуєш	second-person singular future indicative of почу́ти pf	[poˈt͡ʃujeʃ]
5114	учителя	genitive/accusative singular of учи́тель	[ʊˈt͡ʃɪtelʲɐ]
5115	математику	accusative singular of матема́тика	[mɐteˈmatekʊ]
5116	уникати	to avoid, to evade, to elude, to escape	[ʊneˈkate]
5117	нагорода	reward	[nɐɦɔˈrɔdɐ]
5118	протистояти	to oppose, to stand against	[prɔtestɔˈjate]
5119	ланцюг	chain	[ɫɐnʲˈt͡sʲuɦ]
5120	вистава	performance, play, matinee	[ʋeˈstaʋɐ]
5121	збільшити	to increase, to augment	[ˈzʲbʲilʲʃete]
5122	небезпеки	genitive singular	[nebezˈpɛke]
5123	зсередини	from inside, from the inside, from within	[sːeˈrɛdene]
5124	проникнути	to infiltrate	[prɔˈnɪknʊte]
5125	заарештували	plural past indicative of заарештува́ти pf	[zɐareʃtʊˈʋaɫe]
5126	відкриті	nominative plural	[ʋʲidˈkrɪtʲi]
5127	змінюються	third-person plural present indicative of змі́нюватися impf	[ˈzʲmʲinʲʊjʊt͡sʲːɐ]
5128	тук	fertilizer	[tuk]
5129	вставати	to stand up, to get up, to rise	[ʍstɐˈʋate]
5130	виросте	third-person singular future indicative of ви́рости pf	[ˈʋɪrɔste]
5131	дійшли	plural past indicative of дійти́ pf	[dʲii̯ʃˈɫɪ]
5132	виключно	exclusively, exclusive	[ˈʋɪklʲʊt͡ʃnɔ]
5133	старт	start	[start]
5134	малі	nominative plural	[mɐˈlʲi]
5135	відведіть	second-person plural imperative of відвести́ pf	[ʋʲidʋeˈdʲitʲ]
5136	посол	ambassador	[pɔˈsɔɫ]
5137	складе	third-person singular future indicative of скла́сти pf	[skɫɐˈdɛ]
5138	смачного	bon appétit	[smɐt͡ʃˈnɔɦɔ]
5139	частка	fraction	[ˈt͡ʃastkɐ]
5140	плавець	swimmer	[pɫɐˈʋɛt͡sʲ]
5141	тайна	mystery	[ˈtai̯nɐ]
5142	прибирати	to put in order, to tidy, to tidy up, to clean up, to…	[prebeˈrate]
5143	мерзота	abomination, loathsomeness, vileness	[merˈzɔtɐ]
5144	допомагаю	first-person singular present indicative of допомага́ти impf	[dɔpɔmɐˈɦajʊ]
5145	зрозумійте	second-person plural imperative of зрозумі́ти pf	[zrɔzʊˈmʲii̯te]
5146	полю	locative/dative singular of по́ле	[ˈpɔlʲʊ]
5147	колодязь	well	[kɔˈɫɔdʲɐzʲ]
5148	по-своєму	in one’s own way	[pɔ ˈswɔjemʊ]
5149	сховати	to hide, to conceal	[sxɔˈʋate]
5150	священник	priest, clergyman	[sʲʋʲɐʃˈt͡ʃɛnːek]
5151	револьвер	revolver	[rewɔlʲˈʋɛr]
5152	додаток	supplement, addendum, addition	[dɔˈdatɔk]
5153	військової	feminine genitive singular of військо́вий	[ʋʲii̯ˈsʲkɔwɔji]
5154	тіл	genitive plural of ті́ло	[tʲiɫ]
5155	нафти	genitive singular	[ˈnafte]
5156	відпустив	masculine singular past indicative perfective of відпусти́ти	[ʋʲidpʊˈstɪu̯]
5157	зникають	third-person plural present indicative of зника́ти impf	[zneˈkajʊtʲ]
5158	вислухати	to hear out, to listen	[ˈʋɪsɫʊxɐte]
5159	матимете	second-person plural synthetic future indicative of ма́ти…	[ˈmatemete]
5160	мешканці	locative singular	[ˈmɛʃkɐnʲt͡sʲi]
5161	рукам	dative plural of рука́	[rʊˈkam]
5162	питали	plural past imperfective of пита́ти	[peˈtaɫe]
5163	шосе	highway, main road	[ʃɔˈsɛ]
5164	кашу	accusative singular of ка́ша	[ˈkaʃʊ]
5165	пологи	childbirth, birthing	[pɔˈɫɔɦe]
5166	збирай	second-person singular imperative of збира́ти impf	[zbeˈrai̯]
5167	дало	neuter singular past perfective of да́ти	[dɐˈɫɔ]
5168	зашкодити	to harm, to hurt, to damage	[zɐʃˈkɔdete]
5169	мине	third-person singular future indicative of мину́ти pf	[meˈnɛ]
5170	гарних	genitive/locative plural	[ˈɦarnex]
5171	верфі	shipyard	[ˈʋɛrfʲi]
5172	черговий	next	[t͡ʃerɦɔˈʋɪi̯]
5173	очікує	third-person singular present indicative of очі́кувати impf	[oˈt͡ʃʲikʊje]
5174	покликати	to call	[pɔˈkɫɪkɐte]
5175	милосердя	mercy, clemency	[meɫɔˈsɛrdʲɐ]
5176	подорожувати	to travel, to voyage, to journey	[pɔdɔrɔʒʊˈʋate]
5177	успіхи	nominative/accusative/vocative plural of у́спіх	[ˈusʲpʲixe]
5178	ходите	second-person plural present imperfective of ходи́ти	[ˈxɔdete]
5179	спасіння	salvation	[spɐˈsʲinʲːɐ]
5180	почався	masculine singular past indicative of поча́тися pf	[pɔˈt͡ʃau̯sʲɐ]
5181	візит	visit	[ʋʲiˈzɪt]
5182	прибуток	profit	[preˈbutɔk]
5183	жовтий	yellow	[ˈʒɔu̯tei̯]
5184	вдруге	for the second time	[ˈwdruɦe]
5185	балакати	to speak, to talk, to chatter	[bɐˈɫakɐte]
5186	театру	genitive singular	[teˈatrʊ]
5187	познайомити	to introduce	[pɔznɐˈjɔmete]
5188	підйом	lifting, raising, hoisting	[pʲiˈdjɔm]
5189	створюють	third-person plural present indicative of ство́рювати impf	[ˈstwɔrʲʊjʊtʲ]
5190	впасти	to fall, to flow	[ʍpɐˈdate]
5191	спите	second-person plural present imperfective of спа́ти	[speˈtɛ]
5192	експерт	expert	[ekˈspɛrt]
5193	використовую	first-person singular present indicative of…	[ʋekɔreˈstɔwʊjʊ]
5194	баланс	balance	[bɐˈɫans]
5195	апарат	apparatus, device, machine, mechanism	[ɐpɐˈrat]
5196	прийми	second-person singular imperative perfective of прийня́ти	[prei̯ˈmɪ]
5197	ефір	ether	[eˈfʲir]
5198	гравців	genitive/accusative plural of граве́ць	[ɦrɐu̯ˈt͡sʲiu̯]
5199	візьмете	second-person plural future indicative of взя́ти pf and…	[ˈʋʲizʲmete]
5200	якнайшвидше	as quickly as possible, as fast as possible	[jɐknɐi̯ʃˈʋɪd͡ʒʃe]
5201	найбільших	genitive plural	[nɐi̯ˈbʲilʲʃex]
5202	помститися	to take revenge, to retaliate, to revenge oneself, to take…	[pɔmˈstɪtesʲɐ]
5203	останньою	feminine instrumental singular of оста́нній	[ɔˈstanʲːɔjʊ]
5204	клієнти	nominative/vocative plural of кліє́нт	[klʲiˈjɛnte]
5205	фінал	finale	[fʲiˈnaɫ]
5206	матеріали	nominative/accusative/vocative plural of матеріа́л	[mɐterʲiˈaɫe]
5207	святкувати	To observe or commemorate a significant date or event…	[sʲʋʲɐtkʊˈʋate]
5208	побудували	plural past indicative of побудува́ти	[pɔbʊdʊˈʋaɫe]
5209	оці	nominative/vocative plural	[oˈt͡sʲi]
5210	дивимось	first-person plural present imperfective of диви́тися	[ˈdɪʋemɔsʲ]
5211	дуба	oak	
5212	запит	request	[ˈzapet]
5213	щороку	each year, every year, annually, yearly	[ʃt͡ʃɔˈrɔkʊ]
5214	комісія	commission	[koˈmʲisʲijɐ]
5215	театрі	locative singular of теа́тр	[teˈatʲrʲi]
5216	прорив	break, breach	[prɔˈrɪu̯]
5217	зиму	accusative singular of зима́	[zeˈmu]
5218	мерзотник	scoundrel, blackguard, rotter	[merˈzɔtnek]
5219	братами	brother	[brɐˈtame]
5220	бунт	riot, mutiny, rebellion, revolt	[bunt]
5221	незалежно	independently	[nezɐˈɫɛʒnɔ]
5222	різними	instrumental plural of рі́зний	[ˈrʲizneme]
5223	персоналу	genitive/dative/locative singular of персона́л	[persɔˈnaɫʊ]
5224	долина	valley	[dɔˈɫɪnɐ]
5225	пирога	genitive singular of пирі́г	[perɔˈɦa]
5226	дзен	Zen	[d͡zɛn]
5227	комфортно	comfortably	[kɔmˈfɔrtnɔ]
5228	сексуальний	sexual	[seksʊˈalʲnei̯]
5229	шістдесят	sixty	[ʃʲizdeˈsʲat]
5230	перевезти	to transport, to carry, to convey, to haul, to shift	[pereʋezˈtɪ]
5231	зосередитися	to concentrate	[zɔseˈrɛdetesʲɐ]
5232	внесок	installment, payment	[ˈwnɛsɔk]
5233	спадок	synonym of спа́дщина f	[ˈspadɔk]
5234	порт	port	[pɔrt]
5235	убивця	a murderer	[ʊˈbɪu̯t͡sʲɐ]
5236	місту	dative/locative singular of мі́сто	[ˈmʲistʊ]
5237	техніка	technics, technology, tech	[ˈtɛxnʲikɐ]
5238	органи	nominative/accusative/vocative plural of о́рган	[ˈɔrɦɐne]
5239	переконаний	convinced	[pereˈkɔnɐnei̯]
5240	резюме	resume, resumé, résumé	[rezʲʊˈmɛ]
5241	речах	thing, object	[reˈt͡ʃax]
5242	сядемо	first-person plural future indicative of сі́сти pf	[ˈsʲademɔ]
5243	норма	norm, standard, rule	[ˈnɔrmɐ]
5244	відповіла	to answer, to respond	[ʋʲidpɔʋʲiˈɫa]
5245	довге	neuter nominative/accusative singular of до́вгий	[ˈdɔu̯ɦe]
5246	лоб	forehead	[ɫɔb]
5247	встигли	plural past indicative of всти́гнути pf and всти́гти pf	[ˈʍstɪɦɫe]
5248	боялася	feminine singular past indicative of боя́тися impf	[bɔˈjaɫɐsʲɐ]
5249	наступну	feminine accusative singular of насту́пний	[nɐˈstupnʊ]
5250	подобаюся	first-person singular present indicative of подо́батися impf	[pɔˈdɔbɐjʊsʲɐ]
5251	забудемо	first-person plural future indicative of забу́ти pf	[zɐˈbudemɔ]
5252	аварія	accident, wreck	[ɐˈʋarʲijɐ]
5253	грала	feminine singular past imperfective of гра́ти	[ˈɦraɫɐ]
5254	догори	up, upward, upwards	[dɔɦɔˈrɪ]
5255	компанією	instrumental singular of компа́нія	[kɔmˈpanʲijejʊ]
5256	вмерти	alternative form of уме́рти to die	[ˈwmɛrte]
5257	життю	dative singular	[ʒeˈtʲːu]
5258	сраний	shitty	[ˈsranei̯]
5259	лазер	laser	[ˈɫazer]
5260	відкрила	feminine singular past of відкри́ти pf	[ʋʲidˈkrɪɫɐ]
5261	кріслі	locative singular of крі́сло	[ˈkrʲisʲlʲi]
5262	відданий	devoted, dedicated, loyal, faithful	[ˈʋʲidːɐnei̯]
5263	поспішайте	second-person plural imperative of поспіша́ти impf	[pɔsʲpʲiˈʃai̯te]
5264	дитинство	childhood	[deˈtɪnstwɔ]
5265	виконав	masculine singular past indicative of ви́конати pf	[ˈʋɪkɔnɐu̯]
5266	задумав	masculine singular past indicative of заду́мати pf	[zɐˈdumɐu̯]
5267	кішка	female cat	[ˈkʲiʃkɐ]
5268	грубий	coarse, rough	[ˈɦrubei̯]
5269	особливі	nominative plural	[ɔsɔˈbɫɪʋʲi]
5270	почуттів	genitive plural of почуття́	[pɔt͡ʃʊˈtʲːiu̯]
5271	брехала	feminine singular past indicative imperfective of бреха́ти	[breˈxaɫɐ]
5272	маленькій	feminine dative/locative singular of мале́нький	[mɐˈɫɛnʲkʲii̯]
5273	вівця	sheep, ewe	[ʋʲiu̯ˈt͡sʲa]
5274	даними	instrumental plural of да́ний	[ˈdaneme]
5275	навколишнього	masculine/neuter genitive singular	[nɐu̯ˈkɔɫeʃnʲɔɦɔ]
5276	рухи	movement	[ˈruxe]
5277	членами	member, limb	[ˈt͡ʃɫɛnɐme]
5278	відчинити	to open	[ʋʲid͡ʒt͡ʃeˈnɪte]
5279	діда	grandfather, grandpa, old man	[ˈdʲidɐ]
5280	насильства	genitive singular	[nɐˈsɪlʲstʋɐ]
5281	усвідомив	masculine singular past indicative of усвідо́мити pf	[ʊsʲʋʲiˈdɔmeu̯]
5282	завершення	verbal noun of заверши́ти pf: completion, conclusion	[zɐˈʋɛrʃenʲːɐ]
5283	обшук	search	[ˈɔbʃʊk]
5284	торта	cake, torte	[ˈtɔrtɐ]
5285	інструмент	instrument, tool, utensil	[instrʊˈmɛnt]
5286	праця	work, labor	[ˈprat͡sʲɐ]
5287	півтора	one and a half, sesqui-	[pʲiu̯tɔˈra]
5288	серйозного	masculine/neuter genitive singular	[seˈrjɔznɔɦɔ]
5289	очікую	first-person singular present indicative of очі́кувати impf	[oˈt͡ʃʲikʊjʊ]
5290	спостерігав	masculine singular past of спостеріга́ти impf	[spɔsterʲiˈɦau̯]
5291	застрягла	feminine singular past indicative of застря́гти pf and…	[zɐˈstʲrʲaɦɫɐ]
5292	допустити	to admit	[dɔpʊˈstɪte]
5293	учень	pupil, student	[ˈut͡ʃenʲ]
5294	емоції	genitive singular of емо́ція	[eˈmɔt͡sʲiji]
5295	стоїмо	first-person plural present indicative imperfective of…	[stɔjiˈmɔ]
5296	відмовити	to refuse, to deny + infinitive or у/в + locative	[ʋʲidˈmɔʋete]
5297	зручніше	neuter nominative/accusative singular of зручні́ший	[zrʊt͡ʃˈnʲiʃe]
5298	одягнений	adjectival past passive participle of одягти́ pf and…	[ɔˈdʲaɦnenei̯]
5299	нанести	to bring, to bring in	[nɐneˈstɪ]
5300	приймаєш	second-person singular present indicative of прийма́ти impf	[prei̯ˈmajeʃ]
5301	політику	dative singular	[poˈlʲitekʊ]
5302	дружбу	accusative singular of дру́жба	[ˈdruʒbe]
5303	стрій	rank, row, line	[stʲrʲii̯]
5304	лідера	genitive/accusative singular of лі́дер	[ˈlʲiderɐ]
5305	ста	hundred	[sta]
5306	околиці	genitive/dative/locative singular	[ɔˈkɔɫet͡sʲi]
5307	повернуть	short infinitive of поверну́ти	[pɔˈʋɛrnʊtʲ]
5308	колишня	feminine nominative singular of коли́шній	[kɔˈɫɪʃnʲɐ]
5309	працівники	nominative/vocative plural of працівни́к	[prɐt͡sʲiu̯neˈkɪ]
5310	зіркою	instrumental singular of зі́рка	[ˈzʲirkɔjʊ]
5311	радше	rather	[ˈrad͡ʒʃe]
5312	ростуть	third-person plural present imperfective of рости́	[roˈstutʲ]
5313	фотограф	photographer	[fɔˈtɔɦrɐf]
5314	футболку	accusative singular of футбо́лка	[fʊdˈbɔɫkʊ]
5315	океані	locative singular of океа́н	[ɔkeˈanʲi]
5316	одинокий	single, solitary	[ɔdeˈnɔkei̯]
5317	величезне	neuter nominative/accusative singular of величе́зний	[ʋeɫeˈt͡ʃɛzne]
5318	карантин	quarantine	[kɐrɐnˈtɪn]
5319	па-па	bye-bye	[pɐˈpa]
5320	паша	Grass used as feed for livestock	[ˈpaʃɐ]
5321	основі	dative/locative singular of осно́ва	[ɔsˈnɔʋʲi]
5322	вибачаюсь	first-person singular present indicative of вибача́тися	[ʋebɐˈt͡ʃajʊsʲ]
5323	товстий	fat	[tɔu̯ˈstɪi̯]
5324	злом	evil, wrong	[zɫɔm]
5325	полк	regiment	[pɔɫk]
5326	держави	genitive singular	[derˈʒaʋe]
5327	трапляються	third-person plural present indicative of трапля́тися impf	[trɐˈplʲajʊt͡sʲːɐ]
5328	зростання	growth	[zrɔˈstanʲːɐ]
5329	дереві	locative singular of де́рево	[ˈdɛreʋʲi]
5330	вкрай	extremely, in the extreme	[ʍkrai̯]
5331	спортзал	gymnasium, gym	[spɔrdˈzaɫ]
5332	студент	male student	[stʊˈdɛnt]
5333	можливостей	genitive plural of можли́вість	[mɔʒˈɫɪwɔstei̯]
5334	фотографію	accusative singular of фотогра́фія	[fɔtɔˈɦrafʲijʊ]
5335	злегка	slightly, faintly	[ˈzɫɛɦkɐ]
5336	відчепися	second-person singular imperative of відчепи́тися pf	[ʋʲid͡ʒt͡ʃeˈpɪsʲɐ]
5337	фінансування	verbal noun of фінансува́ти: financing, funding	[fʲinɐnsʊˈʋanʲːɐ]
5338	турнір	tournament	[tʊrˈnʲir]
5339	військового	masculine/neuter genitive singular	[ʋʲii̯ˈsʲkɔwɔɦɔ]
5340	деталь	detail	[deˈtalʲ]
5341	переможемо	first-person plural future indicative perfective of…	[pereˈmɔʒemɔ]
5342	поступово	gradually, little by little	[pɔstʊˈpɔwɔ]
5343	ділитися	to divide, to be divided	[dʲiˈɫɪtesʲɐ]
5344	літаки	nominative/accusative/vocative plural of літа́к	[lʲitɐˈkɪ]
5345	дивовижна	feminine nominative/vocative singular of дивови́жний	[dewɔˈʋɪʒnɐ]
5346	ворона	crow	[wɔˈrɔnɐ]
5347	повториться	third-person singular future indicative	[pɔu̯tɔˈrɪt͡sʲːɐ]
5348	розпочав	masculine singular past indicative of розпоча́ти pf	[rɔzpɔˈt͡ʃau̯]
5349	методи	nominative/accusative/vocative plural of ме́тод	[ˈmɛtɔde]
5350	монтаж	installation, assembling, assemblage, mounting	[mɔnˈtaʒ]
5351	звинувачувати	to accuse	[zʋenʊˈʋat͡ʃʊʋɐte]
5352	планів	plan, scheme	[ˈpɫanʲiu̯]
5353	доставка	delivery	[dɔˈstau̯kɐ]
5354	слабка	feminine nominative singular of слабки́й	[sɫɐbˈka]
5355	сторін	genitive plural of сторона́	[stoˈrʲin]
5356	акцій	genitive plural of а́кція	[ˈakt͡sʲii̯]
5357	погляду	genitive singular	[ˈpɔɦlʲɐdʊ]
5358	загинуло	neuter singular past indicative perfective of заги́нути	[zɐˈɦɪnʊɫɔ]
5359	двом	two	[ˈdwɔm]
5360	альянс	alliance	[ɐˈlʲjans]
5361	салон	salon	[sɐˈɫɔn]
5362	бороду	accusative singular of борода́	[ˈbɔrɔdʊ]
5363	розмовляла	feminine singular past indicative of розмовля́ти impf	[rɔzmɔu̯ˈlʲaɫɐ]
5364	вважала	feminine singular past indicative of вважа́ти impf	[ʋːɐˈʒaɫɐ]
5365	встала	feminine singular past indicative of вста́ти pf	[ˈʍstaɫɐ]
5366	дитячий	child, childhood, child's, children's	[deˈtʲat͡ʃei̯]
5367	директоре	vocative singular of дире́ктор	[deˈrɛktɔre]
5368	тітки	genitive singular of ті́тка	[ˈtʲitke]
5369	раб	slave, serf	[rab]
5370	глибокий	deep	[ɦɫeˈbɔkei̯]
5371	берет	beret	[beˈrɛt]
5372	звільнений	free, emancipated	[ˈzʲʋʲilʲnenei̯]
5373	інститут	institute, institution	[insteˈtut]
5374	попереджав	masculine singular past of попереджа́ти impf	[pɔpereˈd͡ʒau̯]
5375	сотня	hundred	[ˈsɔtʲnʲɐ]
5376	забирати	to take	[zɐbeˈrate]
5377	срака	ass, arse	[ˈsrakɐ]
5378	потвора	monster, monstrosity	[pɔtˈwɔrɐ]
5379	брехню	accusative singular of брехня́	[brexˈnʲu]
5380	капелюха	An ushanka	[kɐpeˈlʲuxɐ]
5381	застосування	application, use	[zɐstɔsʊˈʋanʲːɐ]
5382	розказав	masculine singular past indicative of розказа́ти pf	[rɔzkɐˈzau̯]
5383	третє	neuter nominative/accusative singular of тре́тій	[ˈtrɛtʲe]
5384	насіння	seeds	[nɐˈsʲinʲːɐ]
5385	дурниця	trifle	[dʊrˈnɪt͡sʲɐ]
5386	поганих	genitive/locative plural	[pɔˈɦanex]
5387	солі	salt	[ˈsɔlʲi]
5388	долари	nominative/accusative/vocative plural of до́лар	[ˈdɔɫɐre]
5389	обіцянки	genitive singular	[ɔbʲiˈt͡sʲanke]
5390	кращу	feminine accusative singular of кра́щий	[ˈkraʃt͡ʃʊ]
5391	забереш	second-person singular future indicative of забра́ти pf	[zɐbeˈrɛʃ]
5392	суші	sushi	[ˈsuʃʲi]
5393	брешуть	third-person plural present indicative imperfective of…	[ˈbrɛʃʊtʲ]
5394	здолати	to overcome	[zdɔˈɫate]
5395	ставлення	attitude	[ˈstau̯ɫenʲːɐ]
5396	ублюдка	genitive/accusative singular of ублю́док	[ʊˈblʲudkɐ]
5397	таємниць	genitive plural of таємни́ця	[tɐjemˈnɪt͡sʲ]
5398	звести	to lead, to take	[zʋeˈstɪ]
5399	елемент	element	[eɫeˈmɛnt]
5400	залишки	nominative/accusative/vocative plural of за́лишок	[ˈzaɫeʃke]
5401	сервер	server	[ˈsɛrʋer]
5402	купите	second-person plural future perfective of купи́ти	[ˈkupete]
5403	ясна	gums	[ˈjasnɐ]
5404	самотності	genitive singular of само́тність	[sɐˈmɔtnɔsʲtʲi]
5405	українською	in the Ukrainian language	[ʊkrɐˈjinʲsʲkɔjʊ]
5406	безпека	safety	[bezˈpɛkɐ]
5407	віддавати	to give	[ʋʲidːɐˈʋate]
5408	згоди	genitive singular of зго́да	[ˈzɦɔde]
5409	законів	genitive plural of зако́н	[zɐˈkɔnʲiu̯]
5410	тюрмі	dative/locative singular of тюрма́	[tʲʊrˈmʲi]
5411	реальний	real	[reˈalʲnei̯]
5412	діяльність	activity	[dʲiˈjalʲnʲisʲtʲ]
5413	переваги	genitive singular	[pereˈʋaɦe]
5414	передбачити	to foresee, to anticipate	[peredˈbat͡ʃete]
5415	гачок	hook	[ɦɐˈt͡ʃɔk]
5416	труби	genitive singular of труба́	[trʊˈbɪ]
5417	довіряє	third-person singular present indicative of довіря́ти impf	[dɔʋʲiˈrʲaje]
5418	дізнаємось	first-person plural present indicative of дізнава́тися impf	[dʲiznɐjeˈmɔsʲ]
5419	знімок	photo	[ˈzʲnʲimɔk]
5420	ліжком	instrumental singular of лі́жко	[ˈlʲiʒkɔm]
5421	шостий	sixth	[ˈʃɔstei̯]
5422	кладу	first-person singular present imperfective of кла́сти	[kɫɐˈdu]
5423	поразки	genitive singular	[pɔˈrazke]
5424	висловити	to express, to say, to utter, to voice, to put in words	[ˈʋɪsɫɔʋete]
5425	двигуни	nominative/accusative/vocative plural of двигу́н	[dʋeɦʊˈnɪ]
5426	відповідайте	second-person plural imperative imperfective of відповіда́ти	[ʋʲidpɔʋʲiˈdai̯te]
5427	фраза	phrase	[ˈfrazɐ]
5428	картка	card	[ˈkartkɐ]
5429	заснув	masculine singular past indicative of засну́ти pf	[zɐsˈnuu̯]
5430	переживала	feminine singular past indicative of пережива́ти impf	[pereʒeˈʋaɫɐ]
5431	сядеш	second-person singular future indicative of сі́сти pf	[ˈsʲadeʃ]
5432	серпня	genitive singular of се́рпень	[ˈsɛrpnʲɐ]
5433	відновлення	renewal, resumption	[ʋʲidˈnɔu̯ɫenʲːɐ]
5434	вдалий	successful	[ˈwdaɫei̯]
5435	успіхів	genitive plural of у́спіх	[ˈusʲpʲixʲiu̯]
5436	лють	rage, fury	[lʲutʲ]
5437	масла	genitive singular of ма́сло	[ˈmasɫɐ]
5438	попередив	masculine singular past of попере́дити pf	[pɔpeˈrɛdeu̯]
5439	бандит	bandit, brigand, gangster	[bɐnˈdɪt]
5440	розмовляють	third-person plural present indicative of розмовля́ти impf	[rɔzmɔu̯ˈlʲajʊtʲ]
5441	плануєте	second-person plural present imperfective of планува́ти	[pɫɐˈnujete]
5442	бару	bar	[ˈbarʊ]
5443	прожити	to live, to reside, to dwell	[prɔˈʒɪte]
5444	спілкування	association, communication, relations, dealings, intercourse	[sʲpʲiɫkʊˈʋanʲːɐ]
5445	пийте	second-person plural imperative of пи́ти impf	[ˈpɪi̯te]
5446	космічні	nominative plural	[kosʲˈmʲit͡ʃnʲi]
5447	кулак	fist	[kʊˈɫak]
5448	аспірин	aspirin	[ɐsʲpʲiˈrɪn]
5449	вен	genitive plural of ве́на	[ʋɛn]
5450	слідом	after, behind	[ˈsʲlʲidɔm]
5451	битві	dative singular of би́тва	[ˈbɪtʲʋʲi]
5452	вереск	scream, shriek, screech	[ˈʋɛresk]
5453	газет	genitive plural of газе́та	[ɦɐˈzɛt]
5454	сіль	salt	[sʲilʲ]
5455	позов	lawsuit, suit, action, claim	[ˈpɔzɔu̯]
5456	квіточка	endearing diminutive of кві́тка f	[ˈkʋʲitɔt͡ʃkɐ]
5457	втрата	loss	[ˈʍtratɐ]
5458	листів	leaf	[ɫeˈsʲtʲiu̯]
5459	кінців	genitive plural of кіне́ць	[kʲinʲˈt͡sʲiu̯]
5460	серцевий	heart, cardiac	[serˈt͡sɛʋei̯]
5461	ідуть	third-person plural present imperfective of іти́	[iˈdutʲ]
5462	зубах	tooth	[zʊˈbax]
5463	кіло	kilogram, kilo	[kʲiˈɫɔ]
5464	штаб	headquarters, staff	[ʃtab]
5465	мріяти	to dream, to wish	[ˈmrʲijɐte]
5466	англійську	feminine accusative singular of англі́йський	[ɐnˈɦlʲii̯sʲkʊ]
5467	відповідаю	first-person singular present imperfective of відповіда́ти	[ʋʲidpɔʋʲiˈdajʊ]
5468	використовуючи	present adverbial participle of використо́вувати impf	[ʋekɔreˈstɔwʊjʊt͡ʃe]
5469	покладу	first-person singular future indicative of покла́сти pf	[pɔkɫɐˈdu]
5470	почувається	third-person singular present indicative of почува́тися impf	[pɔt͡ʃʊˈʋajet͡sʲːɐ]
5471	вівці	genitive/dative/locative singular of вівця́	[ʋʲiu̯ˈt͡sʲi]
5472	морем	instrumental singular of мо́ре	[ˈmɔrem]
5473	продовжуємо	first-person plural present indicative of продо́вжувати impf	[prɔˈdɔu̯ʒʊjemɔ]
5474	відправлю	first-person singular future perfective of відпра́вити	[ʋʲidˈprau̯lʲʊ]
5475	величезну	feminine accusative singular of величе́зний	[ʋeɫeˈt͡ʃɛznʊ]
5476	бостона	genitive singular of Бо́стон	
5477	бачте	second-person plural imperative imperfective of ба́чити	[ˈbat͡ʃte]
5478	зраду	accusative singular of зра́да	[ˈzradʊ]
5479	просьба	request	[ˈprɔzʲbɐ]
5480	носите	second-person plural present indicative of носи́ти impf	[ˈnɔsete]
5481	скотина	synonym of скот m	[skɔˈtɪnɐ]
5482	жених	bridegroom; fiancé	[ʒeˈnɪx]
5483	регулярно	regularly	[reɦʊˈlʲarnɔ]
5484	місцевих	genitive plural	[mʲiˈst͡sɛʋex]
5485	дотримуватися	to hold out	[dɔˈtrɪmʊʋɐtesʲɐ]
5486	поздоровляю	first-person singular present indicative of поздоровля́ти	[pɔzdɔrɔu̯ˈlʲajʊ]
5487	тарілки	genitive singular	[tɐˈrʲiɫke]
5488	завдати	to inflict, to cause	[zɐu̯ˈdate]
5489	руйнування	destruction	[rʊi̯nʊˈʋanʲːɐ]
5490	смішний	funny, amusing, comical, comic, droll	[sʲmʲiʃˈnɪi̯]
5491	заздалегідь	in advance, beforehand	[zɐzdɐɫeˈɦʲidʲ]
5492	позбавити	to deprive, to bereave, to strip, to divest, to dispossess…	[pɔzˈbaʋete]
5493	пошукати	to look for, to search for	[pɔʃʊˈkate]
5494	молодь	youth, young people	[ˈmɔɫɔdʲ]
5495	темп	tempo	[tɛmp]
5496	двигуна	genitive singular of двигу́н	[dʋeɦʊˈna]
5497	напій	beverage; drink	[nɐˈpʲii̯]
5498	сьогоднішній	today's, of today	[sʲɔˈɦɔdʲnʲiʃnʲii̯]
5499	пророцтво	prophecy	[prɔˈrɔt͡stwɔ]
5500	симпатичний	nice, likable	[sempɐˈtɪt͡ʃnei̯]
5501	допомагають	third-person plural present indicative of допомага́ти impf	[dɔpɔmɐˈɦajʊtʲ]
5502	платив	masculine singular past imperfective of плати́ти	[pɫɐˈtɪu̯]
5503	підготувати	to prepare, to get ready, to make ready	[pʲidɦɔtʊˈʋate]
5504	поїздка	trip, tour	[pɔˈjizdkɐ]
5505	курити	to burn, to fumigate	[kʊˈrɪte]
5506	жест	gesture	[ʒɛst]
5507	бокал	wine glass	[bɔˈkaɫ]
5508	офіцери	nominative/vocative plural of офіце́р	[ɔfʲiˈt͡sɛre]
5509	схопити	to grab, to grasp, to seize, to take hold of	[sxɔˈpɪte]
5510	віл	ox, bullock	[ʋʲiɫ]
5511	призначили	plural past perfective of призна́чити	[prezˈnat͡ʃeɫe]
5512	врожай	harvest, crop	[wrɔˈʒai̯]
5513	винести	to bring out, to carry out, to take out	[ˈʋɪneste]
5514	мотлох	rags, old clothes	[ˈmɔtɫɔx]
5515	зрозуміють	third-person plural future indicative of зрозумі́ти pf	[zrɔzʊˈmʲijʊtʲ]
5516	приїдуть	third-person plural future indicative of приї́хати pf	[preˈjidʊtʲ]
5517	запустити	to launch	[zɐpʊˈstɪte]
5518	неминуче	inevitably, unavoidably, inescapably, ineluctably	[nemeˈnut͡ʃe]
5519	ввести	to lead in	[ʋːeˈstɪ]
5520	кольори	nominative/accusative/vocative plural of ко́лір	[kɔlʲɔˈrɪ]
5521	гелікоптер	helicopter	[ɦelʲikɔpˈtɛr]
5522	корисно	usefully, helpfully, beneficially	[kɔˈrɪsnɔ]
5523	різницю	accusative singular of різни́ця	[rʲizˈnɪt͡sʲʊ]
5524	щотижня	every week, each week	[ʃt͡ʃɔˈtɪʒnʲɐ]
5525	зроблений	past passive participle of зроби́ти	[ˈzrɔbɫenei̯]
5526	очікувати	to wait for, to await	[oˈt͡ʃʲikʊʋɐte]
5527	прямий	right, direct, straight	[prʲɐˈmɪi̯]
5528	північній	feminine dative/locative singular of півні́чний	[pʲiu̯ˈnʲit͡ʃnʲii̯]
5529	вільне	neuter nominative/accusative singular of ві́льний	[ˈʋʲilʲne]
5530	солідарність	solidarity	[sɔlʲiˈdarnʲisʲtʲ]
5531	втрату	accusative singular of втра́та	[ˈʍtratʊ]
5532	голуб	pigeon, dove	[ˈɦɔɫʊb]
5533	слухаєте	second-person plural present imperfective of слу́хати	[ˈsɫuxɐjete]
5534	торкатися	to be in a state of physical contact with	[tɔrˈkatesʲɐ]
5535	рости	to grow	[rɔˈstɪ]
5536	спальня	bedroom	[ˈspalʲnʲɐ]
5537	столиці	genitive/dative/locative singular	[stɔˈɫɪt͡sʲi]
5538	гурт	a group of people	[ˈɦurt]
5539	розбили	plural past indicative of розби́ти pf	[rɔzˈbɪɫe]
5540	домашній	domestic	[dɔˈmaʃnʲii̯]
5541	боксер	boxer	[bɔkˈsɛr]
5542	мона	one can, one may, alternative form of мо́жна	[ˈmɔnɐ]
5543	хата	house, home	[ˈxatɐ]
5544	поглянемо	first-person plural future indicative of погля́нути pf	[pɔˈɦlʲanemɔ]
5545	віднести	to take away, to carry away	[ʋʲidneˈstɪ]
5546	протоколу	genitive/dative singular of протоко́л	[prɔtɔˈkɔɫʊ]
5547	бонус	bonus	[ˈbɔnʊs]
5548	зібратися	to gather, to assemble, to congregate, convene	[zʲiˈbratesʲɐ]
5549	керівництво	instruction, guide, manual	[kerʲiu̯ˈnɪt͡stwɔ]
5550	збирає	third-person singular present indicative of збира́ти impf	[zbeˈraje]
5551	фільмах	film, movie	[ˈfʲilʲmɐx]
5552	підібрати	to pick up	[pʲidʲiˈbrate]
5553	посмішка	a smile, especially one that is ironic or skeptical	[ˈpɔsʲmʲiʃkɐ]
5554	німеччині	dative/locative singular of Німе́ччина	
5555	середину	accusative singular of сере́дина	[seˈrɛdenʊ]
5556	боки	side, flank	[bɔˈkɪ]
5557	вдих	inhalation, inbreath	[wdɪx]
5558	богові	god	[ˈbɔɦɔʋʲi]
5559	прикрий	tragic, unfortunate, unpleasant, regrettable, lamentable,…	[ˈprɪkrei̯]
5560	розслабтеся	second-person plural imperative of розсла́битися pf	[rɔzsˈɫabtesʲɐ]
5561	сережки	nominative/accusative/vocative plural	[seˈrɛʒke]
5562	привабливий	attractive, appealing, alluring, winning	[preˈʋabɫeʋei̯]
5563	справжньою	feminine instrumental singular of спра́вжній	[ˈsprau̯ʒnʲɔjʊ]
5564	яко	alternative form of як	[ˈjakɔ]
5565	зір	vision, sight	[zʲir]
5566	синові	son	[ˈsɪnɔʋʲi]
5567	дбати	to care, to look after, to take care	[ˈdbate]
5568	покарати	to punish	[pɔkɐˈrate]
5569	радіти	to rejoice, to exult, to jubilate, to be glad	[rɐˈdʲite]
5570	дівчинки	genitive singular	[ˈdʲiu̯t͡ʃenke]
5571	вголос	aloud, out loud	[ˈwɦɔɫɔs]
5572	надією	instrumental singular of наді́я	[nɐˈdʲijejʊ]
5573	храму	temple	[ˈxramʊ]
5574	вивчити	to study	[ˈʋɪu̯t͡ʃete]
5575	американські	nominative plural	[ɐmereˈkansʲkʲi]
5576	боремося	first-person plural present indicative of боро́тися	[ˈbɔremɔsʲɐ]
5577	вчений	learned, scholarly, erudite	[ˈʍt͡ʃɛnei̯]
5578	необхідні	nominative plural	[neobˈxʲidʲnʲi]
5579	ключа	key	[klʲʊˈt͡ʃa]
5580	перенесли	plural past indicative of перенести́ pf	[perenesˈɫɪ]
5581	втрачаю	first-person singular present of втрача́ти impf	[ʍtrɐˈt͡ʃajʊ]
5582	курей	genitive/accusative plural of ку́ри	[kʊˈrɛi̯]
5583	книгах	locative plural of кни́га	[ˈknɪɦɐx]
5584	побачивши	past adverbial participle of поба́чити pf	[pɔˈbat͡ʃeu̯ʃe]
5585	їхнім	masculine/neuter instrumental singular	[ˈjixnʲim]
5586	скількох	genitive/locative plural	[sʲkʲilʲˈkɔx]
5587	опинитися	to find oneself, to end up	[ɔpeˈnɪtesʲɐ]
5588	клітці	dative/locative singular of клі́тка	[ˈklʲit͡sʲːi]
5589	обома	instrumental plural of оби́два and оба́	[ɔbɔˈma]
5590	тривати	to last, to endure, to continue	[treˈʋate]
5591	безпечне	neuter nominative/accusative singular of безпе́чний	[bezˈpɛt͡ʃne]
5592	золотом	instrumental singular of зо́лото	[ˈzɔɫɔtɔm]
5593	котрій	dative/locative feminine singular of котри́й	[koˈtʲrʲii̯]
5594	відданість	devotion, devotedness, dedication, faithfulness, fidelity,…	[ˈʋʲidːɐnʲisʲtʲ]
5595	пального	masculine/neuter genitive singular	[pɐlʲˈnɔɦɔ]
5596	срібло	silver	[ˈsʲrʲibɫɔ]
5597	головних	genitive plural	[ɦɔɫɔu̯ˈnɪx]
5598	попкорн	popcorn	[pɔpˈkɔrn]
5599	самотність	solitude	[sɐˈmɔtʲnʲisʲtʲ]
5600	пройдете	second-person plural future indicative of пройти́ pf	[ˈprɔi̯dete]
5601	ідеєю	instrumental singular of іде́я	[iˈdɛjejʊ]
5602	допустить	third-person singular future indicative of допусти́ти pf	[doˈpustetʲ]
5603	лиця	genitive singular of лице́	[ɫeˈt͡sʲa]
5604	спадкоємець	heir, inheritor	[spɐdkɔˈjɛmet͡sʲ]
5605	помрете	second-person plural future indicative of поме́рти pf	[pɔmreˈtɛ]
5606	питанням	instrumental singular	[peˈtanʲːɐm]
5607	приїдемо	first-person plural future indicative of приї́хати pf	[preˈjidemɔ]
5608	кошти	funds; allowance	[ˈkɔʃte]
5609	мале	nominative/accusative neuter singular of мали́й	[mɐˈɫɛ]
5610	випадковість	randomness, chance, contingency, fortuity	[ʋeˈpadkɔʋʲisʲtʲ]
5611	сідниці	genitive singular of сідни́ця	[sʲidˈnɪt͡sʲi]
5612	продала	feminine singular past perfective of прода́ти	[prɔdɐˈɫa]
5613	матеріалу	genitive singular	[mɐterʲiˈaɫʊ]
5614	букет	bouquet	[bʊˈkɛt]
5615	їжте	second-person plural imperative imperfective of ї́сти	[ˈjiʒte]
5616	намагайтеся	second-person plural imperative imperfective of намага́тися	[nɐmɐˈɦai̯tesʲɐ]
5617	американського	masculine/neuter genitive singular	[ɐmereˈkanʲsʲkɔɦɔ]
5618	дешево	cheaply	[ˈdɛʃewɔ]
5619	свіжі	nominative plural	[ˈsʲʋʲiʒʲi]
5620	складі	warehouse	[ˈskɫadʲi]
5621	празі	dative/locative singular of Пра́га	
5622	сидячи	present adverbial participle of сиді́ти impf	[sedʲɐˈt͡ʃɪ]
5623	пудинг	pudding	[ˈpudenɦ]
5624	куба	cube	[ˈkubɐ]
5625	вересня	genitive singular of ве́ресень	[ˈʋɛresʲnʲɐ]
5626	версії	genitive/dative/locative singular	[ˈʋɛrsʲiji]
5627	тримала	feminine singular past indicative of трима́ти impf	[treˈmaɫɐ]
5628	скучив	masculine singular past indicative of ску́чити pf	[ˈskut͡ʃeu̯]
5629	прізвисько	nickname, moniker, sobriquet	[ˈprʲizʋesʲkɔ]
5630	сховав	masculine singular past indicative of схова́ти pf	[sxɔˈʋau̯]
5631	широкий	wide, broad	[ʃeˈrɔkei̯]
5632	валізи	genitive singular	[ʋɐˈlʲize]
5633	лікувати	to treat	[lʲikʊˈʋate]
5634	потік	current, flow, stream	[poˈtʲik]
5635	козла	box, box seat, coachbox	[ˈkɔzɫɐ]
5636	оголосити	to announce, to declare, to proclaim	[ɔɦɔɫɔˈsɪte]
5637	близький	close, near	[bɫezʲˈkɪi̯]
5638	сталь	steel	[stalʲ]
5639	колишніх	genitive plural	[kɔˈɫɪʃnʲix]
5640	грязь	mud	[ɦrʲazʲ]
5641	огляд	examination	[ˈɔɦlʲɐd]
5642	шия	neck	[ˈʃɪjɐ]
5643	молод	short form of молоди́й	[ˈmɔɫɔd]
5644	писок	face	[ˈpɪsɔk]
5645	будівля	building, edifice, construction	[bʊˈdʲiu̯lʲɐ]
5646	охороняти	to guard, to safeguard, to preserve, to protect, to defend	[ɔxɔrɔˈnʲate]
5647	благословення	blessing, benediction	[bɫɐɦɔsɫɔˈʋɛnʲːɐ]
5648	закладу	genitive singular	[ˈzakɫɐdʊ]
5649	магазинам	dative plural of магази́н	[mɐɦɐˈzɪnɐm]
5650	сподіваємося	first-person plural present indicative of сподіва́тися impf	[spɔdʲiˈʋajemɔsʲɐ]
5651	вигадати	to come up with, to contrive, to devise, to invent, to…	[ˈʋɪɦɐdɐte]
5652	боялися	plural past indicative of боя́тися impf	[bɔˈjaɫesʲɐ]
5653	поверхню	accusative singular of пове́рхня	[pɔˈʋɛrxnʲʊ]
5654	старша	nominative feminine singular of ста́рший	[ˈstarʃɐ]
5655	ідеальна	feminine nominative singular of ідеа́льний	[ideˈalʲnɐ]
5656	відкласти	to put aside, to set aside, to lay aside	[ʋʲidˈkɫaste]
5657	перебуває	third-person singular present indicative of перебува́ти impf	[perebʊˈʋaje]
5658	трапитися	to happen, to occur, to take place, to come about	[ˈtrapetesʲɐ]
5659	рекламу	accusative singular of рекла́ма	[reˈkɫamʊ]
5660	вантажівка	truck, lorry	[ʋɐntɐˈʒʲiu̯kɐ]
5661	зменшити	to reduce, to lessen, to decrease, to diminish	[ˈzmɛnʃete]
5662	штанах	locative plural of штани́	[ʃtɐˈnax]
5663	слабак	weakling	[sɫɐˈbak]
5664	стверджує	third-person singular present indicative of стве́рджувати…	[ˈstʋɛrd͡ʒʊje]
5665	порушив	masculine singular past indicative of пору́шити pf	[poˈruʃeu̯]
5666	допущу	first-person singular future indicative of допусти́ти pf	[dɔpʊʃˈt͡ʃu]
5667	північний	north, northern, northerly	[pʲiu̯ˈnʲit͡ʃnei̯]
5668	південний	south, southern, southerly	[pʲiu̯ˈdɛnːei̯]
5669	укус	bite	[ʊˈkus]
5670	пошкодуєш	second-person singular future indicative of пошкодува́ти pf	[pɔʃkoˈdujeʃ]
5671	високі	nominative plural	[ʋeˈsɔkʲi]
5672	паузу	accusative singular of па́уза	[ˈpaʊzʊ]
5673	дивовижний	amazing, astonishing, astounding, prodigious, striking,…	[dewɔˈʋɪʒnei̯]
5674	листя	foliage, leaves	[ˈɫɪsʲtʲɐ]
5675	номеру	dative singular of но́мер	[ˈnɔmerʊ]
5676	ресторану	genitive/dative singular of рестора́н	[restɔˈranʊ]
5677	розбити	to break, to smash, to shatter	[rɔzˈbɪte]
5678	міліція	militsia, police	[mʲiˈlʲit͡sʲijɐ]
5679	гравець	player	[ɦrɐˈʋɛt͡sʲ]
5680	затримали	plural past indicative of затри́мати pf	[zɐˈtrɪmɐɫe]
5681	носі	nose	[ˈnɔsʲi]
5682	платите	second-person plural present imperfective of плати́ти	[ˈpɫatete]
5683	товариство	informal group of people with a common purpose:…	[tɔʋɐˈrɪstwɔ]
5684	поміняти	to change, to exchange, to swap	[pɔmʲiˈnʲate]
5685	гидота	abomination, abominableness	[ɦeˈdɔtɐ]
5686	маленькому	masculine/neuter dative singular	[mɐˈɫɛnʲkɔmʊ]
5687	дістала	feminine singular past indicative of діста́ти pf	[dʲiˈstaɫɐ]
5688	богами	god	[bɔˈɦame]
5689	атмосфера	atmosphere	[ɐtmɔˈsfɛrɐ]
5690	поділися	second-person singular imperative of поділи́тися pf	[pɔdʲiˈɫɪsʲɐ]
5691	голуби	nominative/vocative plural of го́луб	[ˈɦɔɫʊbe]
5692	области	genitive singular of о́бласть	[ˈɔbɫɐste]
5693	долоні	genitive singular of доло́ня	[dɔˈɫɔnʲi]
5694	студентів	genitive/accusative plural of студе́нт	[stʊˈdɛnʲtʲiu̯]
5695	обертається	third-person singular present indicative of оберта́тися impf	[ɔberˈtajet͡sʲːɐ]
5696	любі	nominative/accusative inanimate masculine/feminine plural…	[ˈlʲuˈbʲi]
5697	карма	karma	[ˈkarmɐ]
5698	поні	pony	[ˈpɔnʲi]
5699	продовжується	third-person singular present indicative of продо́вжуватися…	[prɔˈdɔu̯ʒʊjet͡sʲːɐ]
5700	процесі	locative singular of проце́с	[prɔˈt͡sɛsʲi]
5701	сонці	locative singular of со́нце	[ˈsɔnʲt͡sʲi]
5702	стеж	second-person singular imperative of сте́жити impf	[stɛʒ]
5703	подругою	instrumental singular of по́друга	[ˈpɔdrʊɦɔjʊ]
5704	наближаються	third-person plural present indicative of наближа́тися impf	[nɐbɫeˈʒajʊt͡sʲːɐ]
5705	наркотик	narcotic	[nɐrˈkɔtek]
5706	станем	first-person plural future indicative of ста́ти pf	[ˈstanem]
5707	можливі	nominative plural	[mɔʒˈɫɪʋʲi]
5708	корпус	torso, trunk	[ˈkɔrpʊs]
5709	запобігти	to prevent, to forestall, to avert	[zɐpoˈbʲiɦte]
5710	лад	order	[ɫad]
5711	шланг	hose	[ʃɫanɦ]
5712	вибиратися	to get out	[ʋebeˈratesʲɐ]
5713	весна	spring	[ʋesˈna]
5714	стережися	second-person singular imperative of стерегти́ся impf	[stereˈʒɪsʲɐ]
5715	зрозумієте	second-person plural future indicative of зрозумі́ти pf	[zrɔzʊˈmʲijete]
5716	шах	shah	[ˈʃax]
5717	баскетбол	basketball	[bɐskedˈbɔɫ]
5718	зберігання	keeping, preservation, conservation, safekeeping	[zberʲiˈɦanʲːɐ]
5719	скла	glass	[skɫa]
5720	соул	soul music	[ˈsɔʊɫ]
5721	пень	stump, stub, rampike	[pɛnʲ]
5722	владою	instrumental singular of вла́да	[ˈwɫadɔjʊ]
5723	сліпа	nominative feminine singular of сліпи́й	[sʲlʲiˈpa]
5724	солдате	vocative singular of солда́т	[sɔɫˈdate]
5725	няня	nurse	[ˈnʲanʲɐ]
5726	студія	studio	[ˈstudʲijɐ]
5727	озброєний	armed	[ɔzˈbrɔjenei̯]
5728	одержимий	obsessed	[ɔderˈʒɪmei̯]
5729	їжею	instrumental singular of ї́жа	[ˈjiʒejʊ]
5730	футболки	genitive singular	[fʊdˈbɔɫke]
5731	молиться	third-person singular present imperfective of моли́тися	[ˈmɔɫet͡sʲːɐ]
5732	створювати	to create	[ˈstwɔrʲʊʋɐte]
5733	військ	genitive/accusative plural of ві́йсько	[ʋʲii̯sʲk]
5734	красу	accusative singular of краса́	[krɐˈsu]
5735	духів	spirit	[ˈduxʲiu̯]
5736	сторіччя	synonym of столі́ття n	[stoˈrʲit͡ʃʲːɐ]
5737	юний	young	[ˈjunei̯]
5738	безнадійно	hopelessly	[beznɐˈdʲii̯nɔ]
5739	дістанемо	first-person plural future indicative of діста́ти pf	[dʲiˈstanemɔ]
5740	відкриємо	first-person plural future of відкри́ти pf	[ʋʲidˈkrɪjemɔ]
5741	стратегія	strategy	[strɐˈtɛɦʲijɐ]
5742	помітити	to notice, to note	[poˈmʲitete]
5743	підсудний	subject to trial	[pʲid͡zˈsudnei̯]
5744	показувати	to show	[pɔˈkazʊʋɐte]
5745	кисень	oxygen	[ˈkɪsenʲ]
5746	стрибок	jump, leap, bound	[streˈbɔk]
5747	застосувати	to apply, to employ, to use	[zɐstɔsʊˈʋate]
5748	хворобу	accusative singular of хворо́ба	[xwɔˈrɔbʊ]
5749	солодкий	sweet	[sɔˈɫɔdkei̯]
5750	моста	bridge	[mɔˈsta]
5751	карате	karate	[kɐrɐˈtɛ]
5752	деревне	neuter nominative/accusative singular of деревни́й	[dereu̯ˈnɛ]
5753	контакту	genitive singular	[kɔnˈtaktʊ]
5754	бібліотеки	genitive singular	[bʲiblʲiɔˈtɛke]
5755	дзвониш	second-person singular present imperfective of дзвони́ти	[ˈd͡zwɔneʃ]
5756	сума	sum	[ˈsumɐ]
5757	пеніс	penis	[ˈpɛnʲis]
5758	курку	accusative singular of ку́рка	[ˈkurkʊ]
5759	гравітація	gravitation, gravity	[ɦrɐʋʲiˈtat͡sʲijɐ]
5760	заперечувати	to object, to take exception, to mind	[zɐpeˈrɛt͡ʃʊʋɐte]
5761	стукіт	knocking, tapping, rapping, clatter, patter	[ˈstukʲit]
5762	ребра	genitive singular of ребро́	[reˈbra]
5763	страйк	strike	[strai̯k]
5764	собакою	instrumental singular of соба́ка	[sɔˈbakɔjʊ]
5765	порушили	plural past indicative of пору́шити pf	[poˈruʃeɫe]
5766	необхідне	neuter nominative/accusative singular of необхі́дний	[neobˈxʲidne]
5767	машинка	small machine, small mechanism	[mɐˈʃɪnkɐ]
5768	раси	genitive singular	[ˈrase]
5769	відрізняється	third-person singular present indicative of відрізня́тися…	[ʋʲidʲrʲizʲˈnʲajet͡sʲːɐ]
5770	танки	nominative plural of тано́к	[tɐnˈkɪ]
5771	прийдемо	first-person plural future indicative of прийти́ pf	[ˈprɪi̯demɔ]
5772	плід	fruit	[plʲid]
5773	успішно	successfully	[ʊˈsʲpʲiʃnɔ]
5774	блокнот	notebook	[bɫɔkˈnɔt]
5775	боком	side, flank	[ˈbɔkɔm]
5776	розрив	gap, break, rupture	[rɔzˈrɪu̯]
5777	яну	yang	[ˈjanʊ]
5778	положення	location, position	[pɔˈɫɔʒenʲːɐ]
5779	речовини	genitive singular of речовина́	[ret͡ʃɔʋeˈnɪ]
5780	пай	share, interest	[pai̯]
5781	хитрий	cunning, sly	[ˈxɪtrei̯]
5782	шкодить	third-person singular present of шко́дити impf	[ˈʃkɔdetʲ]
5783	передо	alternative form of пе́реді	[ˈpɛredɔ]
5784	ймовірність	alternative form of імові́рність	[i̯mɔˈʋʲirnʲisʲtʲ]
5785	починаючи	present adverbial participle of почина́ти impf	[pɔt͡ʃeˈnajʊt͡ʃe]
5786	дзвонять	third-person plural present imperfective of дзвони́ти	[ˈd͡zwɔnʲɐtʲ]
5787	огидний	disgusting, abhorrent, abominable, detestable, execrable,…	[ɔˈɦɪdnei̯]
5788	порівнянні	locative singular of порівня́ння	[pɔrʲiu̯ˈnʲanʲːi]
5789	проведи	second-person singular imperative of провести́ pf	[prɔʋeˈdɪ]
5790	немовля	infant, baby	[nemɔu̯ˈlʲa]
5791	відрізати	to cut away, to cut off	[ʋʲiˈdʲrʲizɐte]
5792	особу	accusative singular of осо́ба	[ɔˈsɔbʊ]
5793	збоченець	pervert	[ˈzbɔt͡ʃenet͡sʲ]
5794	похорони	plural nominative of по́хорон	[ˈpɔxɔrɔne]
5795	стрічку	accusative singular of стрі́чка	[ˈstʲrʲit͡ʃkʊ]
5796	натисни	second-person singular imperative of нати́снути pf	[nɐˈtɪsne]
5797	бордель	brothel, bordello	[bɔrˈdɛlʲ]
5798	донизу	down, downward, downwards	[dɔˈnɪzʊ]
5799	появи	genitive singular of поя́ва	[pɔˈjaʋe]
5800	викрасти	to kidnap	[ˈʋɪkrɐste]
5801	натхнення	inspiration	[nɐtxˈnɛnʲːɐ]
5802	пристрасть	passion	[ˈprɪstrɐsʲtʲ]
5803	полагодити	to fix, to mend, to repair	[pɔˈɫaɦɔdete]
5804	сподіваючись	present adverbial participle of сподіва́тися impf	[spɔdʲiˈʋajʊt͡ʃesʲ]
5805	диспетчер	dispatcher, controller, traffic superintendent	[deˈspɛt͡ʃːer]
5806	учні	locative singular	[ˈut͡ʃnʲi]
5807	співала	feminine singular past imperfective of співа́ти	[sʲpʲiˈʋaɫɐ]
5808	шоста	feminine nominative singular of шо́стий	[ˈʃɔstɐ]
5809	внутрішній	interior, inner	[ˈwnutʲrʲiʃnʲii̯]
5810	відро	pail, bucket	[ʋʲiˈdrɔ]
5811	непотріб	useless things	[neˈpɔtʲrʲib]
5812	стережись	second-person singular imperative of стерегти́ся impf	[stereˈʒɪsʲ]
5813	най	may, let	[nai̯]
5814	хтозна	who knows, heaven knows	[ˈxtɔznɐ]
5815	початком	instrumental singular of поча́ток	[pɔˈt͡ʃatkɔm]
5816	сумці	dative/locative singular of су́мка	[ˈsumt͡sʲi]
5817	онук	grandson	[oˈnuk]
5818	гідний	worthy, deserving	[ˈɦʲidnei̯]
5819	богам	god	[bɔˈɦam]
5820	дано	given, provided	[dɐˈnɔ]
5821	ударів	genitive plural of уда́р	[ʊˈdarʲiu̯]
5822	другові	friend, companion	[ˈdruɦɔʋʲi]
5823	барбекю	barbecue	
5824	світової	feminine genitive singular of світови́й	[sʲʋʲitɔˈwɔji]
5825	сліз	genitive plural of сльоза́	[sʲlʲiz]
5826	спеціальний	special	[spet͡sʲiˈalʲnei̯]
5827	діяльності	genitive/dative/locative singular of дія́льність	[dʲiˈjalʲnɔsʲtʲi]
5828	любитель	lover, devotee, fan, fancier	[lʲʊˈbɪtelʲ]
5829	міцний	strong, powerful	[mʲit͡sˈnɪi̯]
5830	бажають	third-person plural present indicative of бажа́ти impf	[bɐˈʒajʊtʲ]
5831	їхньому	masculine/neuter dative singular	[ˈjixnʲix]
5832	біл	1928–1933 spelling of білль, which was deprecated in the…	[bʲiɫ]
5833	невелике	neuter nominative/accusative singular of невели́кий	[neʋeˈɫɪke]
5834	красунчик	endearing diminutive of красу́нь m	[krɐˈsunt͡ʃek]
5835	орел	eagle	[ɔˈrɛɫ]
5836	приготував	masculine singular past perfective of приготува́ти	[preɦɔtʊˈʋau̯]
5837	центром	centre, center	[ˈt͡sɛntrɔm]
5838	психопат	psychopath	[psexɔˈpat]
5839	ваги	balance, scales	[ˈʋaɦe]
5840	звучать	third-person plural present indicative of звуча́ти impf	[zwʊˈt͡ʃatʲ]
5841	пошта	mail, post	[ˈpɔʃtɐ]
5842	юрист	lawyer	[jʊˈrɪst]
5843	інформацією	instrumental singular of інформа́ція	[infɔrˈmat͡sʲijejʊ]
5844	піаніно	upright piano	[pʲiɐˈnʲinɔ]
5845	шахта	mine	[ˈʃaxtɐ]
5846	горілка	Any distilled alcoholic liquor: vodka, whisky, brandy, etc	[ɦoˈrʲiɫkɐ]
5847	розчарування	disappointment	[rɔʒt͡ʃɐrʊˈʋanʲːɐ]
5848	рідна	nominative feminine singular of рі́дний	[ˈrʲidnɐ]
5849	віки	century	[ʋʲiˈkɪ]
5850	граєте	second-person plural present imperfective of гра́ти	[ˈɦrajete]
5851	виконує	third-person singular present indicative of вико́нувати impf	[ʋeˈkɔnʊje]
5852	корови	genitive singular	[kɔˈrɔʋe]
5853	пляшка	bottle	[ˈplʲaʃkɐ]
5854	кошик	basket	[ˈkɔʃek]
5855	книжок	genitive plural of кни́жка	[kneˈʒɔk]
5856	нагодувати	to feed	[nɐɦɔdʊˈʋate]
5857	смертельний	deadly, lethal, fatal, mortal	[smerˈtɛlʲnei̯]
5858	забезпечити	to secure, to ensure, to guarantee	[zɐbezˈpɛt͡ʃete]
5859	підпишіть	second-person plural imperative of підписа́ти pf	[pʲidpeˈʃʲitʲ]
5860	хотіти	to want	[xoˈtʲite]
5861	новій	feminine dative/locative singular of нови́й	[nɔˈʋʲii̯]
5862	яєць	genitive plural of яйце́	[jɐˈjɛt͡sʲ]
5863	готує	third-person singular present imperfective of готува́ти	[ɦoˈtuje]
5864	супу	soup	[ˈsupʊ]
5865	середу	accusative singular of середа́	[ˈsɛredʊ]
5866	фразу	accusative singular of фра́за	[ˈfrazʊ]
5867	сильне	neuter nominative/accusative singular of си́льний	[ˈsɪlʲne]
5868	долар	dollar	[ˈdɔɫɐr]
5869	периметр	perimeter	[peˈrɪmetr]
5870	певного	masculine/neuter genitive singular	[ˈpɛu̯nɔɦɔ]
5871	святкування	verbal noun of святкува́ти impf: celebration	[sʲʋʲɐtkʊˈʋanʲːɐ]
5872	італії	genitive/dative/locative singular of Іта́лія	
5873	джунглі	jungle	[ˈd͡ʒunɦlʲi]
5874	століть	genitive plural of столі́ття	[stoˈlʲitʲ]
5875	радости	genitive singular of ра́дість	[ˈradɔste]
5876	малювати	to draw	[mɐlʲʊˈʋate]
5877	оркестр	orchestra	[ɔrˈkɛstr]
5878	зайдеш	second-person singular future indicative of зайти́ pf	[ˈzai̯deʃ]
5879	почнеш	second-person singular future indicative of поча́ти pf	[pɔt͡ʃˈnɛʃ]
5880	фортеця	fortress, stronghold	[fɔrˈtɛt͡sʲɐ]
5881	громадяни	nominative/vocative plural of громадя́нин	[ɦrɔmɐˈdʲane]
5882	молодшого	genitive masculine/neuter singular	[mɔˈɫɔd͡ʒʃɔɦɔ]
5883	розчарований	disappointed	[rɔʒt͡ʃɐˈrɔʋɐnei̯]
5884	самотужки	alone, independently, on one's own, single-handedly, under…	[sɐmoˈtuʒke]
5885	потенціал	potential	[pɔtenʲt͡sʲiˈaɫ]
5886	турок	Turk	[ˈturɔk]
5887	розвідки	nominative/accusative/vocative plural	[ˈrɔzʲʋʲidke]
5888	шкірі	dative singular of шкі́ра	[ˈʃkʲirʲi]
5889	зробило	neuter singular past indicative of зроби́ти pf	[zrɔˈbɪɫɔ]
5890	тунелі	locative singular	[tʊˈnɛlʲi]
5891	задумала	feminine singular past indicative of заду́мати pf	[zɐˈdumɐɫɐ]
5892	запал	ardour, ardor, fervour, fervor, enthusiasm, zeal	[ˈzapɐɫ]
5893	деінде	elsewhere, somewhere else	[deˈinde]
5894	кращими	instrumental plural of кра́щий	[ˈkraʃt͡ʃeme]
5895	забив	masculine singular past indicative perfective of заби́ти	[zɐˈbɪu̯]
5896	футболка	T-shirt	[fʊdˈbɔɫkɐ]
5897	повідомте	second-person plural imperative of повідо́мити	[pɔʋʲiˈdɔmte]
5898	задовго	long, a long time, well	[zɐˈdɔu̯ɦɔ]
5899	гривень	genitive plural of гри́вня	[ˈɦrɪʋenʲ]
5900	примусити	to force, to coerce, to compel	[preˈmusete]
5901	королеві	dative singular	[kɔrɔˈɫɛʋʲi]
5902	залу	hall	[ˈzaɫʊ]
5903	серіал	serial, series	[serʲiˈaɫ]
5904	знатиме	third-person singular synthetic future indicative of зна́ти…	[ˈznateme]
5905	церемонія	ceremony	[t͡sereˈmɔnʲijɐ]
5906	розповідь	narrative, story, tale, account	[ˈrɔzpɔʋʲidʲ]
5907	безпечніше	neuter nominative/accusative singular of безпе́чніший	[bezˈpɛt͡ʃnʲiʃe]
5908	сміливий	bold, daring, plucky, audacious	[ˈsʲmʲiɫeʋei̯]
5909	спільну	feminine accusative singular of спі́льний	[ˈsʲpʲilʲnʊ]
5910	області	nominative/accusative/vocative plural	[ˈɔbɫɐsʲtʲi]
5911	жорстко	harshly	[ˈʒɔrstkɔ]
5912	розбудити	to awaken, to wake, to wake up	[rɔzbʊˈdɪte]
5913	шимпанзе	chimpanzee	[ʃempɐnˈzɛ]
5914	включить	third-person singular future indicative of включи́ти pf	[ˈʍklʲut͡ʃetʲ]
5915	зубів	tooth	[zʊˈbʲiu̯]
5916	веселощі	merriment, glee, mirth, jocundity	[ʋeˈsɛɫɔʃt͡ʃʲi]
5917	слухання	hearing	[ˈsɫuxɐnʲːɐ]
5918	дихайте	second-person plural imperative of ди́хати impf	[ˈdɪxɐi̯te]
5919	купе	compartment, couchette	[kʊˈpɛ]
5920	злочинів	genitive plural of зло́чин	[ˈzɫɔt͡ʃenʲiu̯]
5921	вищий	higher	[ˈʋɪʃt͡ʃei̯]
5922	знатиму	first-person singular synthetic future indicative of зна́ти…	[ˈznatemʊ]
5923	християнин	Christian	[xresteˈjanen]
5924	відповіли	to answer, to respond	[ʋʲidpɔʋʲiˈɫɪ]
5925	таблетка	tablet	[tɐˈbɫɛtkɐ]
5926	газом	gas	[ˈɦazɔm]
5927	французькою	in the French language	[frɐnˈt͡suzʲkɔjʊ]
5928	улюблене	neuter nominative/accusative singular of улю́блений	[ʊˈlʲubɫene]
5929	високу	feminine accusative singular of висо́кий	[ʋeˈsɔkʊ]
5930	обмеження	limitation, restriction, confinement	[ɔbˈmɛʒenʲːɐ]
5931	суміш	blend, mix, mixture	[ˈsumʲiʃ]
5932	канцлер	chancellor	[ˈkant͡sɫer]
5933	тренуватися	to train oneself, to train, to exercise, to practise	[trenʊˈʋatesʲɐ]
5934	відбувалося	neuter singular past indicative of відбува́тися impf	[ʋʲidbʊˈʋaɫɔsʲɐ]
5935	гуртом	a group of people	[ɦʊrˈtɔm]
5936	стільці	locative singular	[sʲtʲilʲˈt͡sʲi]
5937	сторінці	dative/locative singular of сторі́нка	[stoˈrʲinʲt͡sʲi]
5938	басейні	locative singular of басе́йн	[bɐˈsɛi̯nʲi]
5939	екіпаж	carriage, coach, equipage	[ekʲiˈpaʒ]
5940	стаття	article	[stɐˈtʲːa]
5941	подумаєш	second-person singular future indicative of поду́мати pf	[poˈdumɐjeʃ]
5942	знань	genitive plural of знання́	[znanʲ]
5943	однозначно	unambiguously, unequivocally	[ɔdnɔzˈnat͡ʃnɔ]
5944	заплати	genitive singular	[zɐˈpɫate]
5945	слухала	feminine singular past imperfective of слу́хати	[ˈsɫuxɐɫɐ]
5946	класти	to put, to place, to lay	[ˈkɫaste]
5947	придбати	to acquire, to obtain, to gain	[predˈbate]
5948	знайте	second-person plural imperative of зна́ти impf	[ˈznai̯te]
5949	кори	genitive singular of кора́	[kɔˈrɪ]
5950	розмовляємо	first-person plural present indicative of розмовля́ти impf	[rɔzmɔu̯ˈlʲajemɔ]
5951	будиночок	little house, small house	[bʊˈdɪnɔt͡ʃɔk]
5952	священик	nonstandard form of свяще́нник	[sʲʋʲɐʃˈt͡ʃɛnek]
5953	халат	khalat	[xɐˈɫat]
5954	коштувало	neuter singular past imperfective of ко́штувати	[ˈkɔʃtʊʋɐɫɔ]
5955	верхи	astride, straddling, astraddle	[ʋerˈxɪ]
5956	товариша	genitive/accusative singular of това́риш	[tɔˈʋareʃɐ]
5957	неділі	genitive/dative/locative singular	[neˈdʲilʲi]
5958	учили	plural past imperfective of учи́ти	[ʊˈt͡ʃɪɫe]
5959	трупа	corpse	[ˈtrupɐ]
5960	краях	country	[krɐˈjax]
5961	справжньому	masculine/neuter dative singular	[ˈsprau̯ʒnʲɔmʊ]
5962	гарячі	nominative/vocative plural	[ɦɐˈrʲat͡ʃʲi]
5963	важливу	feminine accusative singular of важли́вий	[ʋɐʒˈɫɪwʊ]
5964	вільного	masculine/neuter genitive singular	[ˈʋʲilʲnɔɦɔ]
5965	дістань	second-person singular imperative of діста́ти pf	[dʲiˈstanʲ]
5966	заяви	genitive singular	[zɐˈjaʋe]
5967	шантаж	blackmail	[ʃɐnˈtaʒ]
5968	найближчим	masculine/neuter instrumental singular	[nɐi̯ˈbɫɪʒt͡ʃem]
5969	мислення	verbal noun of ми́слити impf: thinking, thought	[ˈmɪsɫenʲːɐ]
5970	потримати	to hold	[pɔtreˈmate]
5971	нечасто	infrequently, not often, rarely	[neˈt͡ʃastɔ]
5972	яблучко	bullseye	[ˈjabɫʊt͡ʃkɔ]
5973	сукні	genitive singular of су́кня	[ˈsuknʲi]
5974	результатом	instrumental singular of результа́т	[rezʊlʲˈtatɔm]
5975	новину	accusative singular of новина́	[nɔʋeˈnu]
5976	головній	feminine dative/locative singular of головни́й	[ɦɔɫɔu̯ˈnʲii̯]
5977	довгу	feminine accusative singular of до́вгий	[ˈdɔu̯ɦʊ]
5978	кат	executioner	[kat]
5979	широко	widely, wide, broadly, extensively	[ˈʃɪrɔkɔ]
5980	бойова	feminine nominative singular of бойови́й	[bɔjɔˈʋa]
5981	люті	nominative/accusative/vocative plural of лю́тий	[ˈlʲutʲi]
5982	пальне	fuel	[pɐlʲˈnɛ]
5983	лялька	doll, puppet	[ˈlʲalʲkɐ]
5984	плати	second-person singular imperative imperfective of плати́ти	[pɫɐˈtɪ]
5985	неприємно	unpleasantly, disagreeably	[nepreˈjɛmnɔ]
5986	прагнуть	third-person plural present indicative	[ˈpraɦnʊtʲ]
5987	світанок	dawn, daybreak	[sʲʋʲiˈtanɔk]
5988	ідеальне	neuter nominative/accusative singular of ідеа́льний	[ideˈalʲne]
5989	дощем	rain	[dɔʃˈt͡ʃɛm]
5990	опісля	alternative form of пі́сля	[oˈpʲisʲlʲɐ]
5991	поет	poet	[pɔˈɛt]
5992	посадка	embarkation, boarding	[pɔˈsadkɐ]
5993	зізнання	confession, avowal	[zʲizˈnanʲːɐ]
5994	домашнє	homework	[dɔˈmaʃnʲe]
5995	бажала	feminine singular past indicative of бажа́ти impf	[bɐˈʒaɫɐ]
5996	зови	second-person singular imperative imperfective of зва́ти	[zɔˈʋɪ]
5997	адоніс	pheasant's eye	[ɐˈdɔnʲis]
5998	відповідальний	responsible, answerable, accountable, liable	[ʋʲidpɔʋʲiˈdalʲnei̯]
5999	допит	examination, interrogation, questioning	[ˈdɔpet]
6000	дірка	hole	[ˈdʲirkɐ]
6001	відкриває	third-person singular present indicative of відкрива́ти impf	[ʋʲidkreˈʋaje]
6002	використовуєте	second-person plural present indicative of використо́вувати…	[ʋekɔreˈstɔwʊjete]
6003	секретарка	female equivalent of секрета́р: secretary	[sekreˈtarkɐ]
6004	природі	dative/locative singular of приро́да	
6005	купиш	second-person singular future perfective of купи́ти	[ˈkupeʃ]
6006	багаття	bonfire	[bɐˈɦatʲːɐ]
6007	вірили	plural past indicative imperfective of ві́рити	[ˈʋʲireɫe]
6008	шахрай	fraud, fraudster, cheat, conman, faker, scammer, swindler	[ʃɐˈxrai̯]
6009	безпосередньо	directly, immediately	[bezpɔseˈrɛdʲnʲɔ]
6010	повідомлень	genitive plural of повідо́млення	[pɔʋʲiˈdɔmɫenʲ]
6011	новими	instrumental plural of нови́й	[nɔˈʋɪme]
6012	область	province, region, territory	[ˈɔbɫɐsʲtʲ]
6013	взялися	plural past indicative of взя́тися pf	[ˈwzʲaɫesʲɐ]
6014	вибори	elections	[ˈʋɪbɔre]
6015	вождь	chief, chieftain	[wɔʒdʲ]
6016	союзу	genitive singular	[sɔˈjuzʊ]
6017	гаплик	buttonhook	[ɦɐˈpɫɪk]
6018	скасувати	to abolish, to abrogate, to annul, to call off, to cancel,…	[skɐsʊˈʋate]
6019	змій	synonym of змія́ f	[zʲmʲii̯]
6020	обійтися	to do without, to get by, to go without, to manage, to make…	[ɔbʲii̯ˈtɪsʲɐ]
6021	подобаюсь	first-person singular present indicative of подо́батися impf	[pɔˈdɔbɐjʊsʲ]
6022	мету	first-person singular present indicative imperfective of…	[meˈtu]
6023	допустим	first-person plural future indicative of допусти́ти pf	[doˈpustem]
6024	медовий	honey	[meˈdɔʋei̯]
6025	ворогами	instrumental plural of во́рог	[wɔrɔˈɦame]
6026	нізвідки	from nowhere, not from anywhere	[nʲizʲˈʋʲidke]
6027	помідори	nominative/accusative/vocative plural of помідо́р	[pɔmʲiˈdɔre]
6028	комплімент	compliment	[kɔmplʲiˈmɛnt]
6029	звання	title, rank, status	[zʋɐˈnʲːa]
6030	купим	first-person plural future perfective of купи́ти	[ˈkupem]
6031	рояль	grand piano	[rɔˈjalʲ]
6032	особлива	feminine nominative singular of особли́вий	[ɔsɔˈbɫɪʋɐ]
6033	четверта	feminine nominative singular of четве́ртий	[t͡ʃetˈʋɛrtɐ]
6034	дія	action, act, acting	[ˈdʲijɐ]
6035	політикою	instrumental singular of полі́тика	[poˈlʲitekɔjʊ]
6036	кран	tap, faucet, spigot	[kran]
6037	їдальні	genitive/dative/locative singular	[jiˈdalʲnʲi]
6038	шиє	vocative singular of ши́я	[ˈʃɪje]
6039	лука	field, meadow	[ɫʊˈka]
6040	аліменти	alimonies, alimony	[ɐlʲiˈmɛnte]
6041	виглядала	feminine singular past indicative of вигляда́ти impf	[ʋeɦlʲɐˈdaɫɐ]
6042	світи	world	[sʲʋʲiˈtɪ]
6043	зберігайте	second-person plural imperative of зберіга́ти impf	[zberʲiˈɦai̯te]
6044	шкільний	school	[ʃkʲilʲˈnɪi̯]
6045	духи	spirit	[dʊˈxɪ]
6046	стаканчик	diminutive of стака́н: drinking glass	[stɐˈkant͡ʃek]
6047	керівника	genitive/accusative singular of керівни́к	[kerʲiu̯neˈka]
6048	пірат	pirate	[pʲiˈrat]
6049	гадає	third-person singular present indicative of гада́ти impf	[ɦɐˈdaje]
6050	ублюдки	nominative/vocative plural of ублю́док	[ʊˈblʲudke]
6051	головами	instrumental plural of голова́	[ˈɦɔɫɔʋɐme]
6052	знаряддя	instrument, implement, tool	[znɐˈrʲadʲːɐ]
6053	зупинятися	to stop	[zʊpeˈnʲatesʲɐ]
6054	чоботи	nominative/accusative/vocative plural of чо́біт	[ˈt͡ʃɔbɔte]
6055	поштою	instrumental singular of по́шта	[ˈpɔʃtɔjʊ]
6056	атакувати	to attack, to assault	[ɐtɐkʊˈʋate]
6057	вулиць	genitive plural of ву́лиця	[ˈwuɫet͡sʲ]
6058	почало	neuter singular past indicative of поча́ти pf	[pɔt͡ʃɐˈɫɔ]
6059	кашель	cough	[ˈkaʃelʲ]
6060	африку	accusative singular of А́фрика	[ˈafrekʊ]
6061	старою	feminine instrumental singular of стари́й	[stɐˈrɔjʊ]
6062	бруд	mud	[brud]
6063	важливого	masculine/neuter genitive singular	[ʋɐʒˈɫɪwɔɦɔ]
6064	зацікавлений	interested	[zɐt͡sʲiˈkau̯ɫenei̯]
6065	захищав	masculine singular past indicative of захища́ти impf	[zɐxeʃˈt͡ʃau̯]
6066	маєток	estate, holdings, manor	[mɐˈjɛtɔk]
6067	корона	crown	[kɔˈrɔnɐ]
6068	квітка	flower	[ˈkʋʲitkɐ]
6069	субтитри	nominative/accusative/vocative plural of субти́тр	[sʊbˈtɪtre]
6070	мовити	to speak	[ˈmɔʋete]
6071	насильство	violence	[nɐˈsɪlʲstwɔ]
6072	вихідний	exit	[ʋexʲidˈnɪi̯]
6073	порошок	powder	[pɔrɔˈʃɔk]
6074	єврей	Jew	[jeu̯ˈrɛi̯]
6075	чума	plague	[t͡ʃʊˈma]
6076	сходами	east	[ˈsxɔdɐme]
6077	щоночі	nightly, every night	[ʃt͡ʃɔˈnɔt͡ʃʲi]
6078	боровся	masculine singular past indicative of боро́тися impf	[bɔˈrɔu̯sʲɐ]
6079	умов	genitive plural of умо́ва	[ʊˈmɔu̯]
6080	розповідаєш	second-person singular present indicative of розповіда́ти…	[rɔzpɔʋʲiˈdajeʃ]
6081	їздить	third-person singular present imperfective of ї́здити	[ˈjizdetʲ]
6082	назустріч	coming in the opposite direction, heading towards from the…	[nɐˈzustʲrʲit͡ʃ]
6083	знатимеш	second-person singular synthetic future indicative of…	[ˈznatemeʃ]
6084	пальцями	instrumental plural of па́лець	[ˈpalʲt͡sʲɐme]
6085	красень	handsome man, handsome fellow	[ˈkrasenʲ]
6086	невідомий	unknown	[neʋʲiˈdɔmei̯]
6087	кращої	feminine genitive singular of кра́щий	[ˈkraʃt͡ʃɔji]
6088	зріст	synonym of зроста́ння n	[zʲrʲist]
6089	приплив	flood tide, incoming tide, rising tide	[preˈpɫɪu̯]
6090	владі	dative/locative singular of вла́да	[ˈwɫadʲi]
6091	співав	masculine singular past imperfective of співа́ти	[sʲpʲiˈʋau̯]
6092	колишні	nominative plural	[kɔˈɫɪʃnʲi]
6093	ніякий	no, not any	[nʲiˈjakei̯]
6094	народити	to give birth to, to bear, to beget	[nɐrɔˈdɪte]
6095	перегони	race, races in sports such as riding, driving, swimming,…	[pereˈɦɔne]
6096	крапка	dot, point	[ˈkrapkɐ]
6097	числі	locative singular of число́	[t͡ʃesʲˈlʲi]
6098	математика	mathematics	[mɐteˈmatekɐ]
6099	промова	speech	[prɔˈmɔʋɐ]
6100	впродовж	lengthwise, in length	[ʍprɔˈdɔu̯ʒ]
6101	апетит	appetite	[ɐpeˈtɪt]
6102	дурість	stupidity, foolishness	[ˈdurʲisʲtʲ]
6103	труба	trumpet	[trʊˈba]
6104	самотні	nominative/vocative plural	[sɐˈmɔtʲnʲi]
6105	хлопцеві	dative singular of хло́пець	[ˈxɫɔpt͡seʋʲi]
6106	коник	horse	[ˈkɔnek]
6107	взаємно	mutually, reciprocally	[wzɐˈjɛmnɔ]
6108	основа	basis, base, foundation	[ɔsˈnɔʋɐ]
6109	підрозділ	subdivision	[pʲiˈdrɔzʲdʲiɫ]
6110	трубу	accusative singular of труба́	[trʊˈbu]
6111	перевага	advantage	[pereˈʋaɦɐ]
6112	боролися	plural past indicative of боро́тися impf	[bɔˈrɔɫesʲɐ]
6113	натиснути	to press, to push	[nɐˈtɪsnʊte]
6114	припущення	assumption, presumption, supposition, presupposition	[preˈpuʃt͡ʃenʲːɐ]
6115	починаються	third-person plural present indicative of почина́тися impf	[pɔt͡ʃeˈnajʊt͡sʲːɐ]
6116	гніздо	nest, aerie	[ɦnʲizˈdɔ]
6117	шлунок	stomach	[ˈʃɫunɔk]
6118	народе	vocative singular of наро́д	[nɐˈrɔde]
6119	межах	locative plural of межа́	[ˈmɛʒɐx]
6120	потужний	powerful, mighty, strong	[poˈtuʒnei̯]
6121	бібліотеці	dative/locative singular of бібліоте́ка	[bʲiblʲiɔˈtɛt͡sʲi]
6122	пухлина	swelling	[pʊˈxɫɪnɐ]
6123	закордонних	genitive plural	[zɐkɔrˈdɔnːex]
6124	сховище	depository, repository, depot, storage, storehouse,…	[ˈsxɔʋeʃt͡ʃe]
6125	втечі	nominative/accusative/vocative plural	[ˈʍtɛt͡ʃʲi]
6126	використовується	third-person singular present indicative of…	[ʋekɔreˈstɔwʊjet͡sʲːɐ]
6127	підозрюваного	masculine/neuter genitive singular	[pʲiˈdɔzʲrʲʊʋɐnɔɦɔ]
6128	посперечатися	to argue, to contend, to dispute	[pɔspereˈt͡ʃatesʲɐ]
6129	звикнути	to get used, to become accustomed / infinitive	[ˈzʋɪknʊte]
6130	соха	supporting column, pillar	[sɔˈxa]
6131	чортівня	devils, devilkind, demonkind	[t͡ʃɔrtʲiu̯ˈnʲa]
6132	чіпати	to touch, to handle	[t͡ʃʲiˈpate]
6133	зеленого	masculine/neuter genitive singular	[zeˈɫɛnɔɦɔ]
6134	складати	to lay together, to put together, to assemble	[skɫɐˈdate]
6135	непомітно	imperceptibly, unnoticeably	[nepoˈmʲitnɔ]
6136	вибирати	to choose, to select, to pick, to opt for	[ʋebeˈrate]
6137	солодка	Glycyrrhiza genus of plants	[sɔˈɫɔdkɐ]
6138	платиш	second-person singular present imperfective of плати́ти	[ˈpɫateʃ]
6139	донечко	vocative singular of до́нечка	[ˈdɔnet͡ʃkɔ]
6140	емоцій	genitive plural of емо́ція	[eˈmɔt͡sʲii̯]
6141	сходів	east	[ˈsxɔdʲiu̯]
6142	почни	second-person singular imperative of поча́ти pf	[pɔt͡ʃˈnɪ]
6143	тринадцять	thirteen	[treˈnad͡zʲt͡sʲɐtʲ]
6144	приймав	masculine singular past indicative of прийма́ти impf	[prei̯ˈmau̯]
6145	втручатися	to intervene, to step in, to get involved	[ʍtrʊˈt͡ʃatesʲɐ]
6146	ремінь	belt; strap	[ˈrɛmʲinʲ]
6147	конверт	envelope	[kɔnˈʋɛrt]
6148	балкон	balcony	[bɐɫˈkɔn]
6149	темну	feminine accusative singular of те́мний	[ˈtɛmnʊ]
6150	надіти	to put on	[nɐˈdʲite]
6151	січня	genitive singular of сі́чень	[ˈsʲit͡ʃnʲɐ]
6152	щовечора	every evening, each evening	[ʃt͡ʃɔˈʋɛt͡ʃɔrɐ]
6153	мити	to wash	[ˈmɪte]
6154	згадую	first-person singular present indicative of зга́дувати impf	[ˈzɦadʊjʊ]
6155	поступки	genitive singular	[ˈpɔstʊpke]
6156	вирушати	to set off, to set out, to set forth, to start out, to…	[ʋerʊˈʃate]
6157	оновити	to renew new again; to restore to freshness or original…	[ɔnɔˈʋɪte]
6158	багатство	wealth	[bɐˈɦat͡stwɔ]
6159	інженер	engineer	[inʒeˈnɛr]
6160	неймовірні	nominative plural	[nei̯mɔˈʋʲirnʲi]
6161	військова	feminine nominative singular of військо́вий	[ʋʲii̯ˈsʲkɔʋɐ]
6162	комплект	set	[kɔmˈpɫɛkt]
6163	скористався	masculine singular past indicative of скориста́тися pf	[skɔreˈstau̯sʲɐ]
6164	надзвичайне	neuter nominative/accusative singular of надзвича́йний	[nɐd͡zʋeˈt͡ʃai̯ne]
6165	сонцем	instrumental singular of со́нце	[ˈsɔnt͡sem]
6166	важіль	lever	[ˈʋaʒʲilʲ]
6167	відвідувач	visitor	[ʋʲidʲˈʋʲidʊʋɐt͡ʃ]
6168	кінцем	instrumental singular of кіне́ць	[kʲinˈt͡sɛm]
6169	серію	accusative singular of се́рія	[ˈsɛrʲijʊ]
6170	народжений	newborn	[nɐˈrɔd͡ʒenei̯]
6171	повечеряти	to have dinner, to have supper	[pɔʋeˈt͡ʃɛrʲɐte]
6172	ставати	to become	[stɐˈʋate]
6173	кампанії	genitive/dative/locative singular	[kɐmˈpanʲiji]
6174	знадобитися	to be needed, to be necessary	[znɐdɔˈbɪtesʲɐ]
6175	коротке	nominative/accusative/vocative neuter singular of коро́ткий	[kɔˈrɔtke]
6176	весло	oar, paddle, scull	[ʋesˈɫɔ]
6177	вікон	genitive plural of вікно́	[ˈʋʲikɔn]
6178	дзвінка	genitive singular of дзвіно́к	[d͡zʲʋʲinˈka]
6179	жалюгідний	pitiable	[ʒɐlʲʊˈɦʲidnei̯]
6180	посуд	tableware, dishes, dishware	[ˈpɔsʊd]
6181	приватний	private	[preˈʋatnei̯]
6182	вампір	vampire	[ʋɐmˈpʲir]
6183	їхніми	instrumental plural of ї́хній	[ˈjixnʲime]
6184	науковий	scientific	[nɐʊˈkɔʋei̯]
6185	жахливим	masculine/neuter instrumental singular	[ʒɐˈxɫɪʋem]
6186	символом	instrumental singular of си́мвол	[ˈsɪmwɔɫɔm]
6187	фей	genitive/accusative plural of фе́я	[fɛi̯]
6188	готується	third-person singular present indicative of готува́тися impf	[ɦoˈtujet͡sʲːɐ]
6189	пі	pi	[pʲi]
6190	утримати	to hold	[ʊˈtrɪmɐte]
6191	чемно	politely, courteously, civilly	[ˈt͡ʃɛmnɔ]
6192	колін	genitive plural of колі́но	[koˈlʲin]
6193	носи	nose	[nɔˈsɪ]
6194	перемогла	feminine singular past indicative of перемогти́ pf	[peremɔˈɦɫa]
6195	зрадити	to betray	[ˈzradete]
6196	приїдеш	second-person singular future indicative of приї́хати pf	[preˈjideʃ]
6197	показуй	second-person singular imperative of пока́зувати impf	[pɔˈkazʊi̯]
6198	султан	sultan	[sʊɫˈtan]
6199	маля	infant, baby	[mɐˈlʲa]
6200	кілограм	kilogram	[kʲiɫɔˈɦram]
6201	відкрита	feminine nominative singular of відкри́тий	[ʋʲidˈkrɪtɐ]
6202	тримайтесь	second-person plural imperative of трима́тися impf	[treˈmai̯tesʲ]
6203	йшло	neuter singular past indicative of йти impf	[i̯ʃɫɔ]
6204	палата	ward	[pɐˈɫatɐ]
6205	почуттям	instrumental singular	[pɔt͡ʃʊˈtʲːam]
6206	студентка	female equivalent of студе́нт: student	[stʊˈdɛntkɐ]
6207	здорового	masculine/neuter genitive singular	[zdɔˈrɔwɔɦɔ]
6208	звичай	custom, tradition, usage, folkway	[ˈzʋɪt͡ʃɐi̯]
6209	надвір	out, outside	[nɐdʲˈʋʲir]
6210	громадянин	citizen	[ɦrɔmɐˈdʲanen]
6211	казки	genitive singular of ка́зка	[ˈkazke]
6212	старої	feminine genitive singular of стари́й	[stɐˈrɔji]
6213	займає	third-person singular present indicative of займа́ти impf	[zɐi̯ˈmaje]
6214	монета	coin	[mɔˈnɛtɐ]
6215	напрочуд	surprisingly, amazingly, remarkably	[nɐˈprɔt͡ʃʊd]
6216	очікували	plural past indicative of очі́кувати impf	[oˈt͡ʃʲikʊʋɐɫe]
6217	думками	instrumental plural of ду́мка	[dʊmˈkame]
6218	бігає	third-person singular present imperfective of бі́гати	[ˈbʲiɦɐje]
6219	співаєш	second-person singular present imperfective of співа́ти	[sʲpʲiˈʋajeʃ]
6220	лишити	to leave, to abandon, to part from, to forsake	[ɫeˈʃɪte]
6221	ліфт	lift, elevator	[lʲift]
6222	держава	state, country, nation	[derˈʒaʋɐ]
6223	вибухнув	masculine singular past indicative of ви́бухнути pf	[ˈʋɪbʊxnʊu̯]
6224	лишитися	to stay, to remain, to linger, to persist	[ɫeˈʃɪtesʲɐ]
6225	осінь	autumn, fall	[ˈɔsʲinʲ]
6226	розширення	widening, broadening, expansion, enlargement, extension	[rɔʒˈʃɪrenʲːɐ]
6227	дерен	cornel, dogwood	[deˈrɛn]
6228	палю	first-person singular present imperfective of пали́ти	[pɐˈlʲu]
6229	розміром	instrumental singular of ро́змір	[ˈrɔzʲmʲirɔm]
6230	нації	genitive/dative/locative singular	[ˈnat͡sʲiji]
6231	могутній	powerful, mighty, strong	[moˈɦutʲnʲii̯]
6232	нить	thread	[nɪtʲ]
6233	вимкнув	masculine singular past indicative of ви́мкнути pf	[ˈʋɪmknʊu̯]
6234	спільне	neuter nominative/accusative/vocative singular of спі́льний	[ˈsʲpʲilʲne]
6235	підпиши	second-person singular imperative of підписа́ти pf	[pʲidpeˈʃɪ]
6236	відшукати	to look for, to seek out	[ʋʲid͡ʒʃʊˈkate]
6237	важливих	genitive plural	[ʋɐʒˈɫɪʋex]
6238	рідний	native	[ˈrʲidnei̯]
6239	шмат	many, much, a lot of	[ʃmat]
6240	продовжую	first-person singular present indicative of продо́вжувати…	[prɔˈdɔu̯ʒʊjʊ]
6241	поважають	third-person plural present indicative imperfective of…	[pɔʋɐˈʒajʊtʲ]
6242	головні	nominative plural	[ɦɔɫɔu̯ˈnʲi]
6243	обідати	to have lunch, to lunch, to have dinner	[oˈbʲidɐte]
6244	навести	to bring	[nɐʋeˈstɪ]
6245	миттєво	instantly, instantaneously, in an instant	[meˈtʲːɛwɔ]
6246	безглуздя	nonsense, absurdity, senselessness, foolishness	[bezˈɦɫuzʲdʲɐ]
6247	динозавр	dinosaur	[denɔˈzau̯r]
6248	проведем	first-person plural future indicative of провести́ pf	[prɔʋeˈdɛm]
6249	правити	to rule, to govern	[ˈpraʋete]
6250	закінчуються	third-person plural present indicative of закі́нчуватися…	[zɐˈkʲint͡ʃʊjʊt͡sʲːɐ]
6251	терорист	terrorist	[terɔˈrɪst]
6252	груп	genitive plural of гру́па	[ˈɦrup]
6253	миттю	in a moment, in a flash, in an instant	[ˈmɪtʲːʊ]
6254	кримінального	masculine/neuter genitive singular	[kremʲiˈnalʲnɔɦɔ]
6255	заарештовано	impersonal past passive participle of заарештува́ти pf	[zɐareʃˈtɔʋɐnɔ]
6256	пострілу	genitive/dative singular of по́стріл	[ˈpɔstʲrʲiɫʊ]
6257	землетрус	earthquake	[zemɫeˈtrus]
6258	перетворюється	third-person singular present indicative of…	[peretˈwɔrʲʊjet͡sʲːɐ]
6259	переслідувати	to pursue, to chase, to hunt	[peresʲˈlʲidʊʋɐte]
6260	крамниця	shop, store	[krɐmˈnɪt͡sʲɐ]
6261	інфаркт	infarct, infarction	[inˈfarkt]
6262	інцидент	incident	[int͡seˈdɛnt]
6263	вином	instrumental singular of вино́	[ʋeˈnɔm]
6264	екзамен	examination, exam	[eɡˈzamen]
6265	росіянин	male Russian person	[rɔsʲiˈjanen]
6266	пообідати	to have lunch, to lunch, to have dinner	[pɔoˈbʲidɐte]
6267	розклад	decomposition	[ˈrɔzkɫɐd]
6268	бідолашний	caitiff, calamitous, hapless, ill-starred, miserable,…	[bʲidɔˈɫaʃnei̯]
6269	цілковито	entirely, completely, wholly, perfectly	[t͡sʲiɫkɔˈʋɪtɔ]
6270	військову	feminine accusative singular of військо́вий	[ʋʲii̯ˈsʲkɔwʊ]
6271	занести	to bring, to carry	[zɐneˈstɪ]
6272	плечах	locative plural of плече́	[pɫeˈt͡ʃax]
6273	преса	press	[ˈprɛsɐ]
6274	тканини	genitive singular	[tkɐˈnɪne]
6275	підпишу	first-person singular future indicative of підписа́ти pf	[pʲidpeˈʃu]
6276	їхньої	feminine genitive singular of ї́хній	[ˈjixnʲɔji]
6277	полегшення	facilitation	[pɔˈɫɛɦʃenʲːɐ]
6278	супутник	fellow traveller	[sʊˈputnek]
6279	почніть	second-person plural imperative of поча́ти pf	[pot͡ʃˈnʲitʲ]
6280	найкращими	instrumental plural of найкра́щий	[nɐi̯ˈkraʃt͡ʃeme]
6281	виходи	nominative/accusative/vocative plural of ви́хід	[ˈʋɪxɔde]
6282	відійшов	masculine singular past indicative of відійти́ pf	[ʋʲidʲii̯ˈʃɔu̯]
6283	потужність	power, powerfulness	[poˈtuʒnʲisʲtʲ]
6284	взялася	feminine singular past indicative of взя́тися pf	[ˈwzʲaɫɐsʲɐ]
6285	спуститися	to descend, to go down, to come down	[spʊˈstɪtesʲɐ]
6286	телефонний	telephone, phone, telephonic	[teɫeˈfɔnːei̯]
6287	пустеля	desert	[pʊˈstɛlʲɐ]
6288	відчували	plural past indicative of відчува́ти impf	[ʋʲid͡ʒt͡ʃʊˈʋaɫe]
6289	чоловіку	dative/locative singular of чолові́к	[t͡ʃɔɫɔˈʋʲikʊ]
6290	таємний	secret	[tɐˈjɛmnei̯]
6291	родич	relative, relation	[ˈrɔdet͡ʃ]
6292	джентльмен	gentleman	[d͡ʒentʲlʲˈmɛn]
6293	одруження	synonym of шлюб m	[oˈdruʒenʲːɐ]
6294	буди	nominative/accusative/vocative plural	[ˈbude]
6295	частенько	endearing form of ча́сто	[t͡ʃɐˈstɛnʲkɔ]
6296	нафта	petroleum, oil	[ˈnaftɐ]
6297	тарілку	accusative singular of тарі́лка	[tɐˈrʲiɫkʊ]
6298	додав	masculine singular past indicative of дода́ти	[dɔˈdau̯]
6299	рев	roar, bellow	[rɛu̯]
6300	їзду	accusative singular of їзда́	[jizˈdu]
6301	образу	genitive/dative singular of о́браз	[ˈɔbrɐzʊ]
6302	прочитайте	second-person plural imperative perfective of прочита́ти	[prɔt͡ʃeˈtai̯te]
6303	планах	plan, scheme	[ˈpɫanɐx]
6304	відправила	feminine singular past indicative of відпра́вити pf	[ʋʲidˈpraʋeɫɐ]
6305	цікавиться	third-person singular present indicative	[t͡sʲiˈkaʋet͡sʲːɐ]
6306	баран	ram	[bɐˈran]
6307	інстинкт	instinct	[inˈstɪnkt]
6308	сідає	third-person singular present indicative of сіда́ти impf	[sʲiˈdaje]
6309	фрукти	fruit	[ˈfrukte]
6310	вклад	deposit	[ʍkɫad]
6311	втрат	genitive plural of втра́та	[ʍtrat]
6312	чутно	audibly	[ˈt͡ʃutnɔ]
6313	автобусом	instrumental singular of авто́бус	[ɐu̯ˈtɔbʊsɔm]
6314	кількістю	instrumental singular of кі́лькість	[ˈkʲilʲkʲisʲtʲʊ]
6315	продавець	seller, salesman, vendor	[prɔdɐˈʋɛt͡sʲ]
6316	перелом	break, fracture	[pereˈɫɔm]
6317	народилися	plural past indicative of народи́тися pf	[nɐrɔˈdɪɫesʲɐ]
6318	найбільшу	feminine accusative singular of найбі́льший	[nɐi̯ˈbʲilʲʃʊ]
6319	організм	organism	[ɔrɦɐˈnʲizm]
6320	втрачаєш	second-person singular present of втрача́ти impf	[ʍtrɐˈt͡ʃajeʃ]
6321	полем	by field	[ˈpɔɫem]
6322	російські	nominative plural	[roˈsʲii̯sʲkʲi]
6323	висновку	genitive/dative/locative/vocative singular of ви́сновок	[ˈʋɪsnɔu̯kʊ]
6324	самотнім	dative plural	[sɐˈmɔtʲnʲim]
6325	обстеження	verbal noun of обсте́жити pf: examination, inspection,…	[ɔbˈstɛʒenʲːɐ]
6326	везти	to carry, to transport, to haul	[ʋezˈtɪ]
6327	вигляду	genitive/dative singular of ви́гляд	[ˈʋɪɦlʲɐdʊ]
6328	пишете	second-person plural present imperfective of писа́ти	[ˈpɪʃete]
6329	музикою	instrumental singular of му́зика	[ˈmuzekɔjʊ]
6330	складний	complex, complicated	[skɫɐdˈnɪi̯]
6331	вечеряти	to have dinner, to have supper	[ʋeˈt͡ʃɛrʲɐte]
6332	спалах	flash, flare-up	[ˈspaɫɐx]
6333	довгих	genitive/locative plural	[ˈdɔu̯ɦex]
6334	кісток	genitive plural of кі́стка	[kʲiˈstɔk]
6335	дійти	to arrive, to reach	[dʲii̯ˈtɪ]
6336	менеджером	instrumental singular of ме́неджер	[ˈmɛned͡ʒerɔm]
6337	стиснення	compression	[ˈstɪsnenʲːɐ]
6338	пляжу	beach	[ˈplʲaʒʊ]
6339	одружуватися	to get married, to marry	[oˈdruʒʊʋɐtesʲɐ]
6340	подумають	third-person plural future indicative of поду́мати pf	[poˈdumɐjʊtʲ]
6341	лекції	genitive singular of ле́кція	[ˈɫɛkt͡sʲiji]
6342	даєте	second-person plural present indicative of дава́ти impf	[dɐjeˈtɛ]
6343	мечем	sword	[meˈt͡ʃɛm]
6344	мікрофон	microphone	[mʲikrɔˈfɔn]
6345	посуду	genitive/dative/locative of по́суд	[ˈpɔsʊdʊ]
6346	прийміть	second-person plural imperative perfective of прийня́ти	[prei̯ˈmʲitʲ]
6347	відстежити	to track, to monitor, to trace	[ʋʲid͡zˈstɛʒete]
6348	годинами	instrumental plural of годи́на	[ɦɔˈdɪnɐme]
6349	підряд	in succession, running	[pʲiˈdʲrʲad]
6350	найближчі	nominative plural	[nɐi̯ˈbɫɪʒt͡ʃʲi]
6351	склалося	neuter singular past indicative of скла́стися pf	[ˈskɫaɫɔsʲɐ]
6352	починали	plural past indicative of почина́ти impf	[pɔt͡ʃeˈnaɫe]
6353	майданчик	area, ground, site	[mɐi̯ˈdant͡ʃek]
6354	пастки	genitive singular of па́стка	[ˈpastke]
6355	вертоліт	helicopter	[ʋertoˈlʲit]
6356	метр	meter/metre	[ˈmɛtr]
6357	загального	masculine/neuter genitive singular	[zɐˈɦalʲnɔɦɔ]
6358	багатьом	dative of бага́то	[bɐɦɐˈtʲɔm]
6359	пригода	incident, episode	[preˈɦɔdɐ]
6360	зателефонував	masculine singular past indicative of зателефонува́ти pf	[zɐteɫefɔnʊˈʋau̯]
6361	використовуйте	second-person plural imperative of використо́вувати impf	[ʋekɔreˈstɔwʊi̯te]
6362	гідність	dignity	[ˈɦʲidʲnʲisʲtʲ]
6363	наволоч	scum	[ˈnawɔɫɔt͡ʃ]
6364	крюк	hook	[krʲuk]
6365	поляк	Pole	[pɔˈlʲak]
6366	сумніваюсь	first-person singular present indicative of сумніва́тися…	[sʊmnʲiˈʋajʊsʲ]
6367	боків	side, flank	[boˈkʲiu̯]
6368	вихор	whirlwind, vortex	[ˈʋɪxɔr]
6369	видобуток	extraction, mining, recovery	[ˈʋɪdɔbʊtɔk]
6370	захворювання	illness, sickness, disease	[zɐxˈwɔrʲʊʋɐnʲːɐ]
6371	вдосталь	enough, aplenty	[ˈwdɔstɐlʲ]
6372	слідство	investigators	[ˈsʲlʲid͡zstwɔ]
6373	сперму	accusative singular of спе́рма	[ˈspɛrmʊ]
6374	відсоток	percentage, percent	[ʋʲid͡zˈsɔtɔk]
6375	загинуть	third-person plural future indicative perfective of…	[zɐˈɦɪnʊtʲ]
6376	поверне	third-person singular future indicative of поверну́ти pf	[pɔˈʋɛrne]
6377	пліч-о-пліч	side by side, shoulder-to-shoulder	[plʲit͡ʃ ˈɔ plʲit͡ʃ]
6378	забувати	to forget	[zɐbʊˈʋate]
6379	валізу	accusative singular of валі́за	[ʋɐˈlʲizʊ]
6380	кокаїн	cocaine	[kɔkɐˈjin]
6381	підписали	plural past indicative of підписа́ти pf	[pʲidpeˈsaɫe]
6382	далекий	far, distant, remote	[dɐˈɫɛkei̯]
6383	граф	count, earl	[ɦraf]
6384	закритий	closed	[zɐˈkrɪtei̯]
6385	дурепа	fool, imbecile, idiot, simpleton	[dʊˈrɛpɐ]
6386	відкриє	third-person singular future of відкри́ти pf	[ʋʲidˈkrɪje]
6387	страждати	to suffer	[strɐʒˈdate]
6388	ураган	hurricane	[ʊrɐˈɦan]
6389	ік	alternative form of к	[ik]
6390	ро	rho	[rɔ]
6391	плоті	flesh	[ˈpɫɔtʲi]
6392	сторінки	genitive singular of сторі́нка	[stoˈrʲinke]
6393	омега	omega	[ɔˈmɛɦɐ]
6394	вгорі	up, above, overhead, atop, on top	[wɦoˈrʲi]
6395	сумнівався	masculine singular past indicative of сумніва́тися impf	[sʊmnʲiˈʋau̯sʲɐ]
6396	дріт	wire	[dʲrʲit]
6397	вірила	feminine singular past indicative imperfective of ві́рити	[ˈʋʲireɫɐ]
6398	виросли	plural past indicative of ви́рости pf	[ˈʋɪrɔsɫe]
6399	панові	lord, master, mister, sir	[ˈpanɔʋʲi]
6400	запитує	third-person singular present indicative of запи́тувати impf	[zɐˈpɪtʊje]
6401	холодний	cold	[xɔˈɫɔdnei̯]
6402	приготувала	feminine singular past perfective of приготува́ти	[preɦɔtʊˈʋaɫɐ]
6403	вміти	alternative form of умі́ти impf	[ˈwmʲite]
6404	ловушка	trap, snare	[ɫɔˈwuʃkɐ]
6405	порівняти	to compare	[pɔrʲiu̯ˈnʲate]
6406	опустити	to lower, to let down	[ɔpʊˈstɪte]
6407	бігав	masculine singular past imperfective of бі́гати	[ˈbʲiɦɐu̯]
6408	викуп	ransom	[ˈʋɪkʊp]
6409	технологія	technology	[texnɔˈɫɔɦʲijɐ]
6410	прочитаю	first-person singular future perfective of прочита́ти	[prɔt͡ʃeˈtajʊ]
6411	найгірша	feminine nominative singular of найгі́рший	[nɐi̯ˈɦʲirʃɐ]
6412	наступних	genitive/locative plural	[nɐˈstupnex]
6413	країною	instrumental singular of краї́на	[krɐˈjinɔjʊ]
6414	контракту	dative singular of контра́кт	[kɔnˈtraktʊ]
6415	всією	all, the whole	[ʍsʲiˈjɛjʊ]
6416	збудувати	to build, to construct	[zbʊdʊˈʋate]
6417	перейшли	plural past indicative of перейти́ pf	[perei̯ʃˈɫɪ]
6418	сарай	shed, storage building	[sɐˈrai̯]
6419	животе	vocative singular of живі́т	[ʒeˈwɔte]
6420	російська	The Russian language, ellipsis of росі́йська мо́ва	[roˈsʲii̯sʲkɐ]
6421	вибачаюся	first-person singular present indicative of вибача́тися	[ʋebɐˈt͡ʃajʊsʲɐ]
6422	охота	wish, desire, inclination, willingness	[ɔˈxɔtɐ]
6423	светр	sweater, pullover	[sʋɛtr]
6424	оленя	fawn, deerling	[ɔɫeˈnʲa]
6425	харчування	nutrition, nourishment; food	[xɐrt͡ʃʊˈʋanʲːɐ]
6426	відіслати	to send away, to send off, to dispatch	[ʋʲidʲisˈɫate]
6427	зникни	second-person singular imperative perfective of зни́кнути	[ˈznɪkne]
6428	пікнік	pyknic	[ˈpʲiknʲik]
6429	психолог	psychologist	[pseˈxɔɫɔɦ]
6430	тягнути	to drag, to pull	[tʲɐɦˈnute]
6431	вірте	second-person plural imperative imperfective of ві́рити	[ˈʋʲirte]
6432	посольства	genitive singular	[pɔˈsɔlʲstʋɐ]
6433	виняток	exception	[ˈʋɪnʲɐtɔk]
6434	абсурд	absurdity	[ɐbˈsurd]
6435	грам	gram	[ɦram]
6436	гас	kerosene	[ɦas]
6437	поступок	genitive plural of по́ступка	[ˈpɔstʊpɔk]
6438	річниця	anniversary	[rʲit͡ʃˈnɪt͡sʲɐ]
6439	конференції	genitive/dative/locative singular	[kɔnfeˈrɛnʲt͡sʲiji]
6440	печива	genitive singular of пе́чиво	[ˈpɛt͡ʃeʋɐ]
6441	забезпечення	security, insurance, safety	[zɐbezˈpɛt͡ʃenʲːɐ]
6442	віримо	first-person plural present indicative imperfective of…	[ˈʋʲiremɔ]
6443	іграшка	toy	[ˈiɦrɐʃkɐ]
6444	часами	sometimes, at times, now and again, now and then,…	[t͡ʃɐˈsame]
6445	трішечки	endearing diminutive of трі́шки: a tiny bit, a wee bit	[ˈtʲrʲiʃet͡ʃke]
6446	здивувати	to surprise, to amaze, to astonish, to astound	[zdewʊˈʋate]
6447	центрального	masculine/neuter genitive singular	[t͡senˈtralʲnɔɦɔ]
6448	заводи	nominative/accusative/vocative plural of заво́д	[zɐˈwɔde]
6449	кумедний	funny, amusing, comical, comic, droll	[kʊˈmɛdnei̯]
6450	зустрінеш	second-person singular future of зустрі́ти pf	[zʊˈstʲrʲineʃ]
6451	брови	genitive singular of брова́	[brɔˈʋɪ]
6452	почалось	neuter singular past indicative of поча́тися pf	[pɔt͡ʃɐˈɫɔsʲ]
6453	візок	cart, trolley	[ʋʲiˈzɔk]
6454	цілувати	to kiss	[t͡sʲiɫʊˈʋate]
6455	відомого	masculine/neuter genitive singular	[ʋʲiˈdɔmɔɦɔ]
6456	перевіряти	to check, to verify, to test	[pereʋʲiˈrʲate]
6457	ходимо	first-person plural present imperfective of ходи́ти	[ˈxɔdemɔ]
6458	визнає	third-person singular present of визнава́ти impf	[ʋeznɐˈjɛ]
6459	фабрика	a factory	[ˈfabrekɐ]
6460	зібрались	plural past indicative of зібра́тися pf	[zʲiˈbraɫesʲ]
6461	синя	feminine nominative singular of си́ній	[ˈsɪnʲɐ]
6462	озері	locative singular of о́зеро	[ˈɔzerʲi]
6463	міняти	to exchange, to trade, to barter	[mʲiˈnʲate]
6464	масаж	massage	[mɐˈsaʒ]
6465	помити	to wash	[pɔˈmɪte]
6466	вчителька	alternative form of учи́телька: teacher, instructor	[ˈʍt͡ʃɪtelʲkɐ]
6467	забудем	first-person plural future indicative of забу́ти pf	[zɐˈbudem]
6468	крадіжку	accusative singular of краді́жка	[krɐˈdʲiʒkʊ]
6469	штуковина	thing	[ʃtʊˈkɔʋenɐ]
6470	стейк	steak	[stɛi̯k]
6471	чуємо	first-person plural present imperfective of чу́ти	[ˈt͡ʃujemɔ]
6472	пігулки	genitive singular	[pʲiˈɦuɫke]
6473	грою	game, play	[ˈɦrɔjʊ]
6474	приїжджає	third-person singular present indicative of приїжджа́ти impf	[prejiʒˈd͡ʒaje]
6475	продавали	plural past indicative of продава́ти impf	[prɔdɐˈʋaɫe]
6476	листі	leaf	[ɫeˈsʲtʲi]
6477	пройдеш	second-person singular future indicative of пройти́ pf	[ˈprɔi̯deʃ]
6478	відкритим	masculine/neuter instrumental singular	[ʋʲidˈkrɪtem]
6479	народжувати	to give birth to, to bear, to beget	[nɐˈrɔd͡ʒʊʋɐte]
6480	печінка	liver	[peˈt͡ʃʲinkɐ]
6481	напиток	drink, beverage	[nɐˈpɪtɔk]
6482	розповсюдження	distribution	[rɔzpɔu̯ˈsʲud͡ʒenʲːɐ]
6483	німець	German	[ˈnʲimet͡sʲ]
6484	останньому	masculine/neuter dative singular	[ɔˈstanʲːɔmʊ]
6485	ділянку	accusative singular of діля́нка	[dʲiˈlʲankʊ]
6486	суперечки	nominative/accusative/vocative plural	[sʊpeˈrɛt͡ʃke]
6487	радив	masculine singular past indicative imperfective of ра́дити	[ˈradeu̯]
6488	мокрий	wet	[ˈmɔkrei̯]
6489	ознаки	nominative/accusative/vocative plural of о́знак	[ˈɔznɐke]
6490	мамин	mum's, mom's, mummy's, mommy's, mama's	[ˈmamen]
6491	ніким	instrumental singular of ніхто́	[nʲiˈkɪm]
6492	серії	genitive/dative/locative singular	[ˈsɛrʲiji]
6493	поклонник	worshipper, adorer	[pɔˈkɫɔnːek]
6494	починав	masculine singular past indicative of почина́ти impf	[pɔt͡ʃeˈnau̯]
6495	надзвичайна	feminine nominative singular of надзвича́йний	[nɐd͡zʋeˈt͡ʃai̯nɐ]
6496	конфлікту	genitive singular	[konˈflʲiktʊ]
6497	подію	accusative singular of поді́я	[poˈdʲijʊ]
6498	використовуємо	first-person plural present indicative of використо́вувати…	[ʋekɔreˈstɔwʊjemɔ]
6499	вибачатися	to apologize	[ʋebɐˈt͡ʃatesʲɐ]
6500	кабель	cable	[ˈkabelʲ]
6501	бюджет	budget	[bʲʊˈd͡ʒɛt]
6502	заповнити	to fill, to fill up	[zɐˈpɔu̯nete]
6503	безумство	craziness, madness, insanity	[beˈzumstwɔ]
6504	підготуватися	to prepare, to get ready	[pʲidɦɔtʊˈʋatesʲɐ]
6505	живлення	nourishment, nutrition	[ˈʒɪu̯ɫenʲːɐ]
6506	безглуздий	foolish, silly, senseless	[bezˈɦɫuzdei̯]
6507	дозволяти	to allow, to permit, to let	[dɔzwɔˈlʲate]
6508	інструкції	genitive singular of інстру́кція	[inˈstrukt͡sʲiji]
6509	коротка	nominative/vocative feminine singular of коро́ткий	[kɔˈrɔtkɐ]
6510	морських	genitive plural	[mɔrˈsʲkɪx]
6511	дісталося	neuter singular past indicative of діста́тися pf	[dʲiˈstaɫɔsʲɐ]
6512	читання	verbal noun of чита́ти: reading	[t͡ʃeˈtanʲːɐ]
6513	чашки	genitive singular of ча́шка	[ˈt͡ʃaʃke]
6514	створила	feminine singular past indicative of створи́ти pf	[stwɔˈrɪɫɐ]
6515	печера	cave, cavern	[peˈt͡ʃɛrɐ]
6516	хазяїн	owner, proprietor	[xɐˈzʲajin]
6517	зіпсувати	to spoil, to mar, to mess up, to ruin, to vitiate	[zʲipsʊˈʋate]
6518	командира	genitive/accusative singular of команди́р	[kɔmɐnˈdɪrɐ]
6519	національний	national	[nɐt͡sʲiɔˈnalʲnei̯]
6520	видовище	sight	[ʋeˈdɔʋeʃt͡ʃe]
6521	неправильний	incorrect, wrong	[neˈpraʋelʲnei̯]
6522	забуде	third-person singular future indicative of забу́ти pf	[zɐˈbude]
6523	приниження	humiliation, abasement	[preˈnɪʒenʲːɐ]
6524	джерел	genitive plural of джерело́	[d͡ʒeˈrɛɫ]
6525	суворо	severely, harshly, sternly	[sʊˈwɔrɔ]
6526	відчувають	third-person plural present indicative of відчува́ти impf	[ʋʲid͡ʒt͡ʃʊˈʋajʊtʲ]
6527	народжується	third-person singular present indicative of наро́джуватися…	[nɐˈrɔd͡ʒʊjet͡sʲːɐ]
6528	народом	instrumental singular of наро́д	[nɐˈrɔdɔm]
6529	працюватиме	third-person singular synthetic future indicative of…	[prɐt͡sʲʊˈʋateme]
6530	тримаємо	first-person plural present indicative of трима́ти impf	[treˈmajemɔ]
6531	гірший	comparative degree of пога́ний: worse	[ˈɦʲirʃei̯]
6532	навушники	headphones, earphones	[nɐˈwuʃneke]
6533	росла	feminine singular past imperfective of рости́	[rɔsˈɫa]
6534	базікати	to babble, to blather	[bɐˈzʲikɐte]
6535	відставити	to put aside, to put to one side, to put to the side	[ʋʲid͡zˈstaʋete]
6536	маса	mass	[ˈmasɐ]
6537	пообіцяла	feminine singular past indicative of пообіця́ти pf	[pɔɔbʲiˈt͡sʲaɫɐ]
6538	відоме	neuter nominative/accusative singular of відо́мий	[ʋʲiˈdɔme]
6539	стрілянина	shooting	[stʲrʲilʲɐˈnɪnɐ]
6540	ігнорувати	to ignore, to disregard	[iɦnɔrʊˈʋate]
6541	помилуй	first-person plural imperative of поми́лувати pf	[pɔˈmɪɫʊi̯]
6542	верху	top, upper part	[ˈʋɛrxʊ]
6543	планували	plural past imperfective of планува́ти	[pɫɐnʊˈʋaɫe]
6544	пропуск	omission, lapse, absence, skip	[ˈprɔpʊsk]
6545	слідувати	to follow	[ˈsʲlʲidʊʋɐte]
6546	плями	genitive singular	[ˈplʲame]
6547	виборів	genitive plural of ви́бір	[ˈʋɪbɔrʲiu̯]
6548	циган	Gypsy, Roma	[ˈt͡sɪɦɐn]
6549	знищу	first-person singular future indicative of зни́щити pf	[ˈznɪʃt͡ʃʊ]
6550	відкритому	masculine/neuter dative singular	[ʋʲidˈkrɪtɔmʊ]
6551	фронту	front, battlefront	[ˈfrɔntʊ]
6552	заплатять	third-person plural future indicative of заплати́ти pf	[zɐˈpɫatʲɐtʲ]
6553	ґ	alternative form of к	[ɡ]
6554	відправляється	third-person singular present indicative of відправля́тися…	[ʋʲidprɐu̯ˈlʲajet͡sʲːɐ]
6555	піна	foam, froth	[ˈpʲinɐ]
6556	безкоштовний	free of charge, free	[bezkɔʃˈtɔu̯nei̯]
6557	товаришів	genitive/accusative plural of това́риш	[tɔˈʋareʃʲiu̯]
6558	сестрі	dative/locative singular of сестра́	[seˈstʲrʲi]
6559	внук	grandson	[wnuk]
6560	погоджуюся	first-person singular present indicative of пого́джуватися…	[pɔˈɦɔd͡ʒʊjʊsʲɐ]
6561	задній	rear, back; posterior	[ˈzadʲnʲii̯]
6562	взвод	platoon	[wzwɔd]
6563	місцезнаходження	location, site, whereabouts	[mʲist͡seznɐˈxɔd͡ʒenʲːɐ]
6564	компроміс	compromise	[kɔmproˈmʲis]
6565	шукаючи	present adverbial participle of шука́ти	[ʃʊˈkajʊt͡ʃe]
6566	завадити	to hinder, to obstruct, to impede, to hamper	[zɐˈʋadete]
6567	піднімається	third-person singular present indicative of підніма́тися…	[pʲidʲnʲiˈmajet͡sʲːɐ]
6568	почуєте	second-person plural future indicative of почу́ти pf	[poˈt͡ʃujete]
6569	поїзді	locative singular of по́їзд	[ˈpɔjizʲdʲi]
6570	правом	instrumental singular of пра́во	[ˈprawɔm]
6571	висновки	nominative/accusative/vocative plural of ви́сновок	[ˈʋɪsnɔu̯ke]
6572	майбутній	future, coming	[mɐi̯ˈbutʲnʲii̯]
6573	кузина	cousin	[kʊˈzɪnɐ]
6574	спис	spear, lance, javelin	[spɪs]
6575	пізнати	to get to know, to learn	[pʲizˈnate]
6576	реп	rap	[rɛp]
6577	рекламі	dative locative singular of рекла́ма	[reˈkɫamʲi]
6578	вікні	locative singular of вікно́	[ʋʲikˈnʲi]
6579	довгого	masculine/neuter genitive singular	[ˈdɔu̯ɦɔɦɔ]
6580	трапився	masculine singular past indicative of тра́питися pf	[ˈtrapeu̯sʲɐ]
6581	символи	nominative/accusative/vocative plural of си́мвол	[ˈsɪmwɔɫe]
6582	розберемося	first-person plural future indicative of розібра́тися pf	[rɔzbereˈmɔsʲɐ]
6583	необхідний	indispensable, necessary, required, requisite	[neobˈxʲidnei̯]
6584	американець	American	[ɐmereˈkanet͡sʲ]
6585	черги	nominative/accusative/vocative plural	[ˈt͡ʃɛrɦe]
6586	нитки	genitive singular of ни́тка	[ˈnɪtke]
6587	репортер	reporter	[repɔrˈtɛr]
6588	йолоп	an idiot, a simpleton, a stupid person	[ˈjɔɫɔp]
6589	рації	genitive/dative/locative singular	[ˈrat͡sʲiji]
6590	стратегію	accusative singular of страте́гія	[strɐˈtɛɦʲijʊ]
6591	ховати	to hide, to conceal	[xɔˈʋate]
6592	зворушливо	movingly, touchingly, affectingly	[zwoˈruʃɫewɔ]
6593	вагітність	pregnancy	[ʋɐˈɦʲitʲnʲisʲtʲ]
6594	уроків	genitive plural of уро́к	[ʊˈrɔkʲiu̯]
6595	зникло	short neuter singular past indicative perfective of…	[ˈznɪkɫɔ]
6596	науковці	locative singular	[nɐʊˈkɔu̯t͡sʲi]
6597	піклується	third-person singular present indicative of піклува́тися…	[pʲiˈkɫujet͡sʲːɐ]
6598	знищать	third-person plural future indicative of зни́щити pf	[ˈznɪʃt͡ʃɐtʲ]
6599	ножиці	scissors, shears	[ˈnɔʒet͡sʲi]
6600	виграш	win	[ˈʋɪɦrɐʃ]
6601	мішень	target, butt, mark	[mʲiˈʃɛnʲ]
6602	польські	nominative plural	[ˈpɔɫsʲkʲi]
6603	проведення	verbal noun of провести́ pf: realization, conducting,…	[prɔˈʋɛdenʲːɐ]
6604	надав	masculine singular past indicative of нада́ти pf	[nɐˈdau̯]
6605	ступінь	degree	[ˈstupʲinʲ]
6606	схема	scheme, layout, plan, outline	[ˈsxɛmɐ]
6607	оцінити	to evaluate, to appraise, to assess, to estimate, to value,…	[ɔt͡sʲiˈnɪte]
6608	тиснути	to press	[ˈtɪsnʊte]
6609	зруйнував	masculine singular past indicative of зруйнува́ти pf	[zrʊi̯nʊˈʋau̯]
6610	приносити	to bring, to fetch	[preˈnɔsete]
6611	прагнення	aspiration, striving	[ˈpraɦnenʲːɐ]
6612	гони	hunt, chase	[ˈɦɔne]
6613	зауваження	remark, comment, observation	[zɐʊˈʋaʒenʲːɐ]
6614	кишеню	accusative singular of кише́ня	[keˈʃɛnʲʊ]
6615	основи	genitive singular	[ɔsˈnɔʋe]
6616	килим	rug, carpet	[ˈkɪɫem]
6617	білу	feminine accusative singular of бі́лий	[ˈbʲiɫʊ]
6618	опиратися	to lean, to rest	[ɔpeˈratesʲɐ]
6619	ніякі	nominative/vocative plural	[nʲiˈjakʲi]
6620	образа	affront, contumely, insult, offence	[ɔˈbrazɐ]
6621	карусель	carousel	[kɐrʊˈsɛlʲ]
6622	дір	genitive plural of діра́	[dʲir]
6623	крило	wing	[kreˈɫɔ]
6624	включає	third-person singular present indicative of включа́ти impf	[ʍklʲʊˈt͡ʃaje]
6625	молодість	youth	[ˈmɔɫɔdʲisʲtʲ]
6626	варити	to boil, to cook	[ʋɐˈrɪte]
6627	виявилось	neuter singular past indicative of ви́явитися pf	[ˈʋɪjɐʋeɫɔsʲ]
6628	доза	dose, dosage	[ˈdɔzɐ]
6629	крокодил	crocodile	[krɔkɔˈdɪɫ]
6630	секретаря	genitive/accusative singular of секрета́р	[sekretɐˈrʲa]
6631	принесуть	third-person plural future indicative of принести́ pf	[preneˈsutʲ]
6632	лис	fox	[ɫɪs]
6633	відбій	over	[ʋʲidʲˈbʲii̯]
6634	ознака	sign, indication	[ɔzˈnakɐ]
6635	прочитали	plural past perfective of прочита́ти	[prɔt͡ʃeˈtaɫe]
6636	розпочнемо	first-person plural future indicative of розпоча́ти pf	[rɔzpɔt͡ʃneˈmɔ]
6637	публіка	audience	[ˈpublʲikɐ]
6638	звільнитися	to free oneself, to break free, to get free	[zʲʋʲilʲˈnʲatesʲɐ]
6639	втрачає	third-person singular present of втрача́ти impf	[ʍtrɐˈt͡ʃaje]
6640	збирайте	second-person plural imperative of збира́ти impf	[zbeˈrai̯te]
6641	субота	Saturday	[sʊˈbɔtɐ]
6642	жовтня	genitive singular of жо́втень	[ˈʒɔu̯tʲnʲɐ]
6643	мудрість	wisdom, sagacity	[ˈmudʲrʲisʲtʲ]
6644	пропонують	third-person plural present indicative of пропонува́ти impf	[prɔpoˈnujʊtʲ]
6645	батальйон	battalion	[bɐtɐˈlʲjɔn]
6646	команд	genitive plural of кома́нда	[kɔˈmand]
6647	моментом	instrumental singular of моме́нт	[mɔˈmɛntɔm]
6648	клав	masculine singular past imperfective of кла́сти	[kɫau̯]
6649	жахливих	genitive plural	[ʒɐˈxɫɪʋex]
6650	структура	structure	[strʊkˈturɐ]
6651	знищила	feminine singular past indicative of зни́щити pf	[ˈznɪʃt͡ʃeɫɐ]
6652	психіатр	psychiatrist	[psexʲiˈatr]
6653	прилад	device, instrument, apparatus	[ˈprɪɫɐd]
6654	боролись	plural past indicative of боро́тися impf	[bɔˈrɔɫesʲ]
6655	площа	area	[ˈpɫɔʃt͡ʃɐ]
6656	горище	attic	[ɦɔˈrɪʃt͡ʃe]
6657	іспит	examination, exam, test	[ˈispet]
6658	тюрми	genitive singular of тюрма́	[tʲʊrˈmɪ]
6659	нападати	to attack, to assault, to descend, to fall upon	[nɐpɐˈdate]
6660	сусідка	female neighbor	[sʊˈsʲidkɐ]
6661	спробі	dative/locative singular of спро́ба	[ˈsprɔbʲi]
6662	убивати	to kill, to murder	[ʊbeˈʋate]
6663	балачки	genitive singular of бала́чка	[bɐˈɫat͡ʃke]
6664	торгувати	to trade, to deal, to deal in	[tɔrɦʊˈʋate]
6665	катастрофи	genitive singular	[kɐtɐˈstrɔfe]
6666	тримається	third-person singular present indicative of трима́тися impf	[treˈmajet͡sʲːɐ]
6667	риска	diminutive of ри́са	[ˈrɪskɐ]
6668	вісімдесят	eighty	[ʋʲisʲimdeˈsʲat]
6669	чотирнадцять	fourteen	[t͡ʃɔterˈnad͡zʲt͡sʲɐtʲ]
6670	сонячний	sunny	[ˈsɔnʲɐt͡ʃnei̯]
6671	перевезення	transportation, conveyance, haulage	[pereˈʋɛzenʲːɐ]
6672	кубок	goblet, bowl, beaker	[ˈkubɔk]
6673	здебільшого	mainly, mostly, for the most part, largely	[zdeˈbʲilʲʃɔɦɔ]
6674	виглядали	plural past indicative of вигляда́ти impf	[ʋeɦlʲɐˈdaɫe]
6675	релігія	religion	[reˈlʲiɦʲijɐ]
6676	заколот	mutiny, insurrection, rebellion, revolt, riot	[ˈzakɔɫɔt]
6677	старість	senility, oldness, anility	[ˈstarʲisʲtʲ]
6678	систем	genitive plural of систе́ма	[seˈstɛm]
6679	загинемо	first-person plural future indicative perfective of…	[zɐˈɦɪnemɔ]
6680	зеленим	masculine/neuter instrumental singular	[zeˈɫɛnem]
6681	чистота	cleanliness, purity	[t͡ʃestɔˈta]
6682	жахливого	masculine/neuter genitive singular	[ʒɐˈxɫɪwɔɦɔ]
6683	верхній	upper	[ˈʋɛrxnʲii̯]
6684	фея	fairy	[ˈfɛjɐ]
6685	круги	disc, disk	[krʊˈɦɪ]
6686	зустрінемо	first-person plural future of зустрі́ти pf	[zʊˈstʲrʲinemɔ]
6687	хробак	grub	[xrɔˈbak]
6688	випийте	second-person plural imperative perfective of ви́пити	[ˈʋɪpei̯te]
6689	диплом	diploma	[deˈpɫɔm]
6690	переворот	roll	[perewɔˈrɔt]
6691	розказала	feminine singular past indicative of розказа́ти pf	[rɔzkɐˈzaɫɐ]
6692	страждав	masculine singular past indicative of стражда́ти impf	[strɐʒˈdau̯]
6693	підтримують	third-person plural present indicative of підтри́мувати impf	[pʲidˈtrɪmʊjʊtʲ]
6694	темних	genitive plural	[ˈtɛmnex]
6695	взимку	in winter, in the winter	[ˈwzɪmkʊ]
6696	звістка	news, piece of news, tidings	[ˈzʲʋʲistkɐ]
6697	семестр	semester, term	[seˈmɛstr]
6698	кандидат	candidate, applicant	[kɐndeˈdat]
6699	лицар	knight	[ˈɫɪt͡sɐr]
6700	голий	nude, naked, bare	[ˈɦɔɫei̯]
6701	віддячити	to return/repay someone's kindness/favour	[ʋʲiˈdʲːat͡ʃete]
6702	показував	masculine singular past indicative of пока́зувати impf	[pɔˈkazʊʋɐu̯]
6703	пакунок	package	[pɐˈkunɔk]
6704	склади	warehouse	[ˈskɫade]
6705	жінко	vocative singular of жі́нка	[ˈʒʲinkɔ]
6706	одязі	locative of о́дяг	[ˈɔdʲɐzʲi]
6707	казку	accusative singular of ка́зка	[ˈkazkʊ]
6708	уламки	nominative/accusative/vocative plural of ула́мок	[ʊˈɫamke]
6709	продавав	masculine singular past indicative of продава́ти impf	[prɔdɐˈʋau̯]
6710	найгірші	nominative plural	[nɐi̯ˈɦʲirʃʲi]
6711	результатів	genitive plural of результа́т	[rezʊlʲˈtatʲiu̯]
6712	покращення	verbal noun of покра́щити pf: improvement, amelioration,…	[pɔˈkraʃt͡ʃenʲːɐ]
6713	старими	instrumental plural of стари́й	[stɐˈrɪme]
6714	лампа	lamp	[ˈɫampɐ]
6715	бойових	genitive plural	[bɔjɔˈʋɪx]
6716	мові	dative/locative singular of мо́ва	[ˈmɔʋʲi]
6717	планую	first-person singular present imperfective of планува́ти	[pɫɐˈnujʊ]
6718	телескоп	telescope	[teɫeˈskɔp]
6719	оргазм	orgasm	[ɔrˈɦazm]
6720	мірою	instrumental singular of мі́ра	[ˈmʲirɔjʊ]
6721	коліно	knee	[koˈlʲinɔ]
6722	питають	third-person plural present imperfective of пита́ти	[peˈtajʊtʲ]
6723	одягнути	to dress, to clothe	[ɔdʲɐɦˈnute]
6724	юнак	young man	[jʊˈnak]
6725	відомих	genitive/locative plural	[ʋʲiˈdɔmex]
6726	вивчення	verbal noun of ви́вчити pf: learning, study, studying	[ˈʋɪu̯t͡ʃenʲːɐ]
6727	удари	nominative/accusative/vocative plural of уда́р	[ʊˈdare]
6728	рейсом	flight	[ˈrɛi̯sɔm]
6729	звернувся	masculine singular past indicative of зверну́тися pf	[zʋerˈnuu̯sʲɐ]
6730	вдавати	alternative form of удава́ти impf	[wdɐˈʋate]
6731	шістнадцять	sixteen	[ʃʲistˈnad͡zʲt͡sʲɐtʲ]
6732	району	genitive/dative singular of райо́н	[rɐˈjɔnʊ]
6733	уява	imagination	[ʊˈjaʋɐ]
6734	осел	donkey, ass	[ɔˈsɛɫ]
6735	кораблем	instrumental singular of корабе́ль	[kɔrɐˈbɫɛm]
6736	навчати	to teach, to instruct	[nɐu̯ˈt͡ʃate]
6737	ліквідувати	to liquidate, to wind up	[lʲikʋʲidʊˈʋate]
6738	кондиціонер	air conditioner	[kɔndet͡sʲiɔˈnɛr]
6739	деяким	dative plural	[ˈdɛjɐkem]
6740	закохалася	feminine singular past indicative of закоха́тися pf	[zɐkɔˈxaɫɐsʲɐ]
6741	фунт	pound	[funt]
6742	зібралася	feminine singular past indicative of зібра́тися pf	[zʲiˈbraɫɐsʲɐ]
6743	жахливу	feminine accusative singular of жахли́вий	[ʒɐˈxɫɪwʊ]
6744	розповідаю	first-person singular present indicative of розповіда́ти…	[rɔzpɔʋʲiˈdajʊ]
6745	завданням	instrumental singular	[zɐu̯ˈdanʲːɐm]
6746	дивилась	feminine singular past imperfective of диви́тися	[deˈʋɪɫɐsʲ]
6747	горщик	pot, crock	[ˈɦɔrʃt͡ʃek]
6748	називаються	third-person plural present indicative of назива́тися impf	[nɐzeˈʋajʊt͡sʲːɐ]
6749	утекти	alternative form of втекти́	[ʊtekˈtɪ]
6750	прокинутися	to wake up, to wake, to awake	[prɔˈkɪnʊtesʲɐ]
6751	животі	locative singular of живі́т	[ʒewoˈtʲi]
6752	попіл	ash	[ˈpɔpʲiɫ]
6753	можливим	masculine/neuter instrumental singular	[mɔʒˈɫɪʋem]
6754	бумага	document	[bʊˈmaɦɐ]
6755	бухгалтер	accountant, bookkeeper	[bʊɦˈɦaɫter]
6756	намагаєтеся	second-person plural present imperfective of намага́тися	[nɐmɐˈɦajetesʲɐ]
6757	дівчатам	dative plural of ді́вчи́на, дівча́, and дівча́та	[dʲiu̯ˈt͡ʃatɐm]
6758	маленької	feminine genitive singular of мале́нький	[mɐˈɫɛnʲkɔji]
6759	погоду	accusative singular of пого́да	[pɔˈɦɔdʊ]
6760	лиса	feminine nominative singular of ли́сий	[ˈɫɪsɐ]
6761	запізнилися	plural past indicative of запізни́тися pf	[zɐpʲizˈnɪɫesʲɐ]
6762	необхідна	feminine nominative singular of необхі́дний	[neobˈxʲidnɐ]
6763	дизайн	design	[deˈzai̯n]
6764	соромитися	to be ashamed, to feel ashamed, to feel shame	[sɔˈrɔmetesʲɐ]
6765	горами	instrumental plural of гора́	[ˈɦɔrɐme]
6766	повідомила	feminine singular past indicative of повідо́мити	[pɔʋʲiˈdɔmeɫɐ]
6767	королі	nominative/vocative plural	[kɔroˈlʲi]
6768	зарплата	salary, wages, pay	[zɐrˈpɫatɐ]
6769	силам	dative plural of си́ла	[ˈsɪɫɐm]
6770	співаю	first-person singular present imperfective of співа́ти	[sʲpʲiˈʋajʊ]
6771	перетворив	masculine singular past indicative of перетвори́ти pf	[peretwɔˈrɪu̯]
6772	зійшов	masculine singular past indicative of зійти́ pf	[zʲii̯ˈʃɔu̯]
6773	домовленість	agreement, arrangement, understanding	[dɔˈmɔu̯ɫenʲisʲtʲ]
6774	сильніший	comparative degree of си́льний	[selʲˈnʲiʃei̯]
6775	болото	swamp, marsh, bog	[bɔˈɫɔtɔ]
6776	халепа	trouble	[ˈxaɫepɐ]
6777	лізти	to climb, to scramble	[ˈlʲizte]
6778	осторонь	aside, away	[ˈɔstɔrɔnʲ]
6779	овочі	locative singular	[ˈɔwɔt͡ʃʲi]
6780	крадіжка	theft, larceny	[krɐˈdʲiʒkɐ]
6781	продовжують	third-person plural present indicative of продо́вжувати impf	[prɔˈdɔu̯ʒʊjʊtʲ]
6782	муза	Muse	[ˈmuzɐ]
6783	граната	grenade	[ɦrɐˈnatɐ]
6784	лити	to pour	[ˈɫɪte]
6785	рядок	line	[rʲɐˈdɔk]
6786	вечерею	instrumental singular of вече́ря	[ʋeˈt͡ʃɛrejʊ]
6787	насолоджуватися	to enjoy, to delight, to revel	[nɐsɔˈɫɔd͡ʒʊʋɐtesʲɐ]
6788	місцевості	genitive/dative/locative singular	[mʲiˈst͡sɛwɔsʲtʲi]
6789	відсутній	absent	[ʋʲid͡zˈsutʲnʲii̯]
6790	слабке	neuter nominative/accusative singular of слабки́й	[sɫɐbˈkɛ]
6791	добитися	to achieve, to attain, to obtain	[dɔˈbɪtesʲɐ]
6792	імперію	accusative singular of імпе́рія	[imˈpɛrʲijʊ]
6793	стурбований	anxious, concerned, disquieted, disturbed, uneasy, worried	[stʊrˈbɔʋɐnei̯]
6794	фізика	physics	[ˈfʲizekɐ]
6795	верф	shipyard	[ʋɛrf]
6796	попередні	nominative plural	[pɔpeˈrɛdʲnʲi]
6797	робітник	worker	[rɔbʲitˈnɪk]
6798	згоду	accusative singular of зго́да	[ˈzɦɔdʊ]
6799	ділити	to divide	[dʲiˈɫɪte]
6800	вулицями	instrumental plural of ву́лиця	[ˈwuɫet͡sʲɐme]
6801	проблемах	locative plural of пробле́ма	[prɔˈbɫɛmɐx]
6802	подобалася	feminine singular past indicative of подо́батися impf	[pɔˈdɔbɐɫɐsʲɐ]
6803	препарат	prepared specimen	[prepɐˈrat]
6804	виконую	first-person singular present indicative of вико́нувати impf	[ʋeˈkɔnʊjʊ]
6805	релігії	genitive/dative/locative singular	[reˈlʲiɦʲiji]
6806	жодним	masculine/neuter instrumental singular	[ˈʒɔdnem]
6807	містах	locative plural of мі́сто	[mʲiˈstax]
6808	зонд	probe	[zɔnd]
6809	сімдесят	seventy	[sʲimdeˈsʲat]
6810	обслуговування	service, serving	[ɔbsɫʊˈɦɔwʊʋɐnʲːɐ]
6811	зачіска	hairstyle, hairdo, haircut	[ˈzat͡ʃʲiskɐ]
6812	дивились	plural past imperfective of диви́тися	[deˈʋɪɫesʲ]
6813	вирішую	first-person singular present indicative of вирі́шувати impf	[ʋeˈrʲiʃʊjʊ]
6814	почую	first-person singular future indicative of почу́ти pf	[poˈt͡ʃujʊ]
6815	нико	nobody	[neˈkɔ]
6816	міцна	feminine nominative singular of міцни́й	[mʲit͡sˈna]
6817	чашка	cup	[ˈt͡ʃaʃkɐ]
6818	донор	donor	[ˈdɔnɔr]
6819	сьомий	seventh	[ˈsʲɔmei̯]
6820	карт	go-cart	[kart]
6821	розробив	masculine singular past of розроби́ти pf	[rɔzrɔˈbɪu̯]
6822	кури	chickens, roosters, chickens and roosters	[ˈkure]
6823	зібрали	plural past indicative of зібра́ти pf	[zʲiˈbraɫe]
6824	знаходжу	first-person singular present indicative of знахо́дити	[znɐˈxɔd͡ʒʊ]
6825	розуміли	plural past imperfective of розумі́ти	[rɔzʊˈmʲiɫe]
6826	наскрізь	right through, through	[ˈnaskrʲizʲ]
6827	улюблених	genitive/locative plural	[ʊˈlʲubɫenex]
6828	олень	deer	[ˈɔɫenʲ]
6829	який-небудь	some, a certain	[jɐˈkɪi̯ ˈnɛbʊdʲ]
6830	метрах	meter/metre	[ˈmɛtrɐx]
6831	матимуть	third-person plural synthetic future indicative of ма́ти…	[ˈmatemʊtʲ]
6832	зелена	feminine nominative singular of зеле́ний	[zeˈɫɛnɐ]
6833	китаєць	male Chinese person	[keˈtajet͡sʲ]
6834	дізнайся	second-person singular imperative of дізна́тися pf	[dʲizˈnai̯sʲɐ]
6835	фіг	a hand gesture made by making a fist and putting the thumb…	[fʲiɦ]
6836	засунуть	third-person plural future indicative of засу́нути pf	[zɐˈsunʊtʲ]
6837	холодильнику	dative/locative/vocative singular of холоди́льник	[xɔɫɔˈdɪlʲnekʊ]
6838	внука	genitive/accusative singular of вну́к	[ˈwnukɐ]
6839	дюжина	dozen	[ˈdʲuʒenɐ]
6840	наплювати	to spit	[nɐplʲʊˈʋate]
6841	минула	nominative feminine of мину́лий	[meˈnuɫɐ]
6842	бажаємо	first-person plural present indicative of бажа́ти impf	[bɐˈʒajemɔ]
6843	зокрема	in particular, particularly, especially	[zɔˈkrɛmɐ]
6844	слові	locative singular of сло́во	[ˈsɫɔʋʲi]
6845	незалежності	genitive singular of незале́жність	[nezɐˈɫɛʒnɔsʲtʲi]
6846	заявить	infinitive of заяви́ти	[zɐjɐˈʋɪtʲ]
6847	бик	bull	[bɪk]
6848	рейтинг	rating	[ˈrɛi̯tenɦ]
6849	плавання	swimming	[ˈpɫaʋɐnʲːɐ]
6850	книгою	instrumental singular of кни́га	[ˈknɪɦɔjʊ]
6851	піцу	accusative singular of пі́ца	[ˈpʲit͡sʊ]
6852	залежно	depending	[zɐˈɫɛʒnɔ]
6853	коштувати	to cost	[ˈkɔʃtʊʋɐte]
6854	англійська	the English language, ellipsis of англі́йська мо́ва	[ɐnˈɦlʲii̯sʲkɐ]
6855	питайте	second-person plural imperative imperfective of пита́ти	[peˈtai̯te]
6856	розвиток	development	[ˈrɔzʋetɔk]
6857	обстановка	furniture, decor, furnishings, decorations, household items	[ɔbstɐˈnɔu̯kɐ]
6858	змова	conspiracy, plot, collusion	[ˈzmɔʋɐ]
6859	дирижабль	airship, dirigible, blimp	[dereˈʒablʲ]
6860	вчили	plural past imperfective of вчи́ти	[ˈʍt͡ʃɪɫe]
6861	донести	to carry, to bring	[dɔneˈstɪ]
6862	середньої	genitive feminine singular of сере́дній	[seˈrɛdʲnʲɔji]
6863	підтримую	first-person singular present indicative of підтри́мувати…	[pʲidˈtrɪmʊjʊ]
6864	додає	third-person singular present indicative of додава́ти impf	[dɔdɐˈjɛ]
6865	відмова	refusal, denial	[ʋʲidˈmɔʋɐ]
6866	написана	feminine nominative singular of напи́саний	[nɐˈpɪsɐnɐ]
6867	таємна	nominative feminine singular of тає́мний	[tɐˈjɛmnɐ]
6868	блискуче	brilliantly	[bɫeˈskut͡ʃe]
6869	республіка	republic	[reˈspublʲikɐ]
6870	спогад	memory, recollection, reminiscence	[ˈspɔɦɐd]
6871	дощі	rain	[doʃˈt͡ʃʲi]
6872	підняли	plural past indicative of підня́ти pf	[pʲidʲnʲɐˈɫɪ]
6873	браття	brethren, brothers	[ˈbratʲːɐ]
6874	сподівалася	feminine singular past indicative of сподіва́тися impf	[spɔdʲiˈʋaɫɐsʲɐ]
6875	очко	point	[ˈɔt͡ʃkɔ]
6876	паливо	fuel	[ˈpaɫewɔ]
6877	прийняття	adoption, acceptance	[prei̯nʲɐˈtʲːa]
6878	рішень	genitive plural of рі́шення	[ˈrʲiʃenʲ]
6879	пробити	to break through, to punch through, to smash through	[prɔˈbɪte]
6880	деяку	accusative feminine singular of де́який	[ˈdɛjɐkʊ]
6881	смертей	death	[smerˈtɛi̯]
6882	якість	quality	[ˈjakʲisʲtʲ]
6883	стадо	herd	[ˈstadɔ]
6884	старшого	genitive masculine/neuter singular	[ˈstarʃɔɦɔ]
6885	частин	genitive plural of части́на	[t͡ʃɐˈstɪn]
6886	повітрям	instrumental singular of пові́тря	[pɔˈʋʲitʲrʲɐm]
6887	розкрити	to open	[rɔzˈkrɪte]
6888	гольфу	golf	[ˈɦɔlʲfʊ]
6889	бібліотеку	accusative singular of бібліоте́ка	[bʲiblʲiɔˈtɛkʊ]
6890	біженців	genitive/accusative plural of бі́женець	[ˈbʲiʒenʲt͡sʲiu̯]
6891	центральна	feminine nominative singular of центра́льний	[t͡senˈtralʲnɐ]
6892	опис	description	[ˈɔpes]
6893	відкриваються	third-person plural present indicative of відкрива́тися impf	[ʋʲidkreˈʋajʊt͡sʲːɐ]
6894	видати	to give out	[ˈʋɪdɐte]
6895	найбільшим	masculine/neuter instrumental singular	[nɐi̯ˈbʲilʲʃem]
6896	репетиція	rehearsal	[repeˈtɪt͡sʲijɐ]
6897	фантастичний	fantastical	[fɐntɐˈstɪt͡ʃnei̯]
6898	іменем	instrumental singular of ім'я́	[ˈimenem]
6899	наглядати	to keep an eye on, to watch, to watch over	[nɐɦlʲɐˈdate]
6900	жук	beetle	[ʒuk]
6901	ділянка	plot, parcel	[dʲiˈlʲankɐ]
6902	вираз	expression	[ˈʋɪrɐz]
6903	квартали	nominative/accusative/vocative plural of кварта́л	[kʋɐrˈtaɫe]
6904	сімейні	nominative/vocative plural	[sʲiˈmɛi̯nʲi]
6905	бармен	barman	[ˈbarmen]
6906	танк	tank	[tank]
6907	працю	accusative singular of пра́ця	[ˈprat͡sʲʊ]
6908	відбулася	feminine singular past indicative of відбу́тися pf	[ʋʲidbʊˈɫasʲɐ]
6909	вісімнадцять	eighteen	[ʋʲisʲimˈnad͡zʲt͡sʲɐtʲ]
6910	собаками	instrumental plural of соба́ка	[sɔˈbakɐme]
6911	працівник	employee, worker	[prɐt͡sʲiu̯ˈnɪk]
6912	розірвати	to tear, to tear apart, to tear up, to rend	[rɔzʲirˈʋate]
6913	німецький	German	[nʲiˈmɛt͡sʲkei̯]
6914	насилля	violence	[nɐˈsɪlʲːɐ]
6915	структури	genitive singular	[strʊkˈture]
6916	визначає	third-person singular present indicative of визнача́ти impf	[ʋeznɐˈt͡ʃaje]
6917	національного	masculine/neuter genitive singular	[nɐt͡sʲiɔˈnalʲnɔɦɔ]
6918	порад	genitive plural of пора́да	[pɔˈrad]
6919	перейдемо	first-person plural future indicative of перейти́ pf	[peˈrɛi̯demɔ]
6920	механізм	mechanism	[mexɐˈnʲizm]
6921	вічі	accusative plural of о́ко	[ˈʋʲit͡ʃʲi]
6922	особливих	genitive plural	[ɔsɔˈbɫɪʋex]
6923	плеча	genitive singular of плече́	[pɫeˈt͡ʃa]
6924	якнайкраще	intensified form of найкра́ще	
6925	четвертій	feminine dative/locative singular of четве́ртий	[t͡ʃetˈʋɛrtʲii̯]
6926	бійця	genitive/accusative singular of боє́ць	[bʲii̯ˈt͡sʲa]
6927	твому	your, yours, thy, thine	[ˈtwɔmʊ]
6928	навички	genitive singular	[ˈnaʋet͡ʃke]
6929	морг	morgue	[mɔrɦ]
6930	міцні	nominative plural	[mʲit͡sʲˈnʲi]
6931	грабувати	to rob, to despoil, to plunder	[ɦrɐbʊˈʋate]
6932	серйозне	neuter nominative/accusative singular of серйо́зний	[seˈrjɔzne]
6933	визнання	recognition, credit, acknowledgement	[ʋezˈnanʲːɐ]
6934	частинка	particle	[t͡ʃɐˈstɪnkɐ]
6935	куди-небудь	somewhere, someplace, anywhere	[kʊˈdɪ ˈnɛbʊdʲ]
6936	судний	judgement	[ˈsudnei̯]
6937	підозрюваних	genitive plural	[pʲiˈdɔzʲrʲʊʋɐnex]
6938	ритуал	ritual	[retʊˈaɫ]
6939	радо	gladly	[ˈradɔ]
6940	бойовий	battle, combat, fighting	[bɔjɔˈʋɪi̯]
6941	обідом	instrumental singular of обі́д	[oˈbʲidɔm]
6942	гравці	locative singular	[ɦrɐu̯ˈt͡sʲi]
6943	намагались	plural past imperfective of намага́тися	[nɐmɐˈɦaɫesʲ]
6944	медичний	medical	[meˈdɪt͡ʃnei̯]
6945	карті	go-cart	[ˈkartʲi]
6946	їздять	third-person plural present imperfective of ї́здити	[ˈjizʲdʲɐtʲ]
6947	цивільних	genitive plural	[t͡seˈʋʲilʲnex]
6948	їй-богу	really!; really and truly!; honest to God!	[jii̯ ˈbɔɦʊ]
6949	практика	practice	[ˈpraktekɐ]
6950	візку	dative/locative/vocative singular of візо́к	[ʋʲizˈku]
6951	репутація	reputation	[repʊˈtat͡sʲijɐ]
6952	міф	myth, fable, legend	[mʲif]
6953	сімнадцять	seventeen	[sʲimˈnad͡zʲt͡sʲɐtʲ]
6954	шкуру	accusative singular of шку́ра	[ˈʃkurʊ]
6955	портфель	briefcase	[pɔrtˈfɛlʲ]
6956	живота	genitive singular of живі́т	[ʒewɔˈta]
6957	болять	third-person plural present imperfective of болі́ти	[bɔˈlʲatʲ]
6958	читайте	second-person plural imperative imperfective of чита́ти	[t͡ʃeˈtai̯te]
6959	освіту	accusative singular of осві́та	[ɔsʲˈʋʲitʊ]
6960	скарби	treasure	[skɐrˈbɪ]
6961	обшукати	to search, to conduct a search of	[ɔbʃʊˈkate]
6962	веселі	nominative plural	[ʋeˈsɛlʲi]
6963	спини	genitive singular	[ˈspɪne]
6964	алергія	allergy	[ɐɫerˈɦʲijɐ]
6965	виступити	to step forth, to step forward, to come forward	[ˈʋɪstʊpete]
6966	речення	sentence	[ˈrɛt͡ʃenʲːɐ]
6967	портал	portal	[pɔrˈtaɫ]
6968	сендвіч	sandwich	[ˈsɛndʲʋʲit͡ʃ]
6969	розійтися	to go off, to go their separate ways, to part, to part…	[rɔzʲii̯ˈtɪsʲɐ]
6970	четвертого	masculine/neuter genitive singular	[t͡ʃetˈʋɛrtɔɦɔ]
6971	янкі	Yankee	[ˈjanʲkʲi]
6972	відмовилася	feminine singular past indicative of відмо́витися pf	[ʋʲidˈmɔʋeɫɐsʲɐ]
6973	картоплі	genitive/dative/locative singular of карто́пля	[kɐrˈtɔplʲi]
6974	посварилися	plural past indicative of посвари́тися pf	[pɔsʋɐˈrɪɫesʲɐ]
6975	сторінка	page	[stoˈrʲinkɐ]
6976	оплата	payment	[ɔˈpɫatɐ]
6977	молодша	nominative feminine singular of моло́дший	[mɔˈɫɔd͡ʒʃɐ]
6978	зерна	nominative, accusative, vocative plural of зерно́	[ˈzɛrnɐ]
6979	сумнів	doubt	[ˈsumnʲiu̯]
6980	гаража	genitive singular of гара́ж	[ɦɐrɐˈʒa]
6981	почуваєтеся	second-person plural present indicative of почува́тися impf	[pɔt͡ʃʊˈʋajetesʲɐ]
6982	зайшло	neuter singular past indicative of зайти́ pf	[zɐi̯ʃˈɫɔ]
6983	електрику	accusative singular of еле́ктрика	
6984	центра	centre, center	[ˈt͡sɛntrɐ]
6985	полетіти	to fly	[pɔɫeˈtʲite]
6986	побігли	plural past indicative of побі́гти pf	[poˈbʲiɦɫe]
6987	витік	source	[ˈʋɪtʲik]
6988	англієць	Englishman	[ɐnˈɦlʲijet͡sʲ]
6989	маяк	lighthouse, beacon	[mɐˈjak]
6990	світового	masculine/neuter genitive singular	[sʲʋʲitɔˈwɔɦɔ]
6991	польщу	accusative singular of По́льща	
6992	завоювати	to conquer	[zɐwɔjʊˈʋate]
6993	галас	noise, din, racket	[ˈɦaɫɐs]
6994	слухають	third-person plural present imperfective of слу́хати	[ˈsɫuxɐjʊtʲ]
6995	втрачають	third-person plural present of втрача́ти impf	[ʍtrɐˈt͡ʃajʊtʲ]
6996	обійняти	to hug, to embrace	[ɔbʲii̯ˈnʲate]
6997	приймаємо	first-person plural present indicative of прийма́ти impf	[prei̯ˈmajemɔ]
6998	розшук	search	[ˈrɔʒʃʊk]
6999	довіра	trust	[dɔˈʋʲirɐ]
7000	поспішаєш	second-person singular present indicative of поспіша́ти impf	[pɔsʲpʲiˈʃajeʃ]
7001	бійців	genitive/accusative plural of боє́ць	[bʲii̯ˈt͡sʲiu̯]
7002	підході	locative singular of підхі́д	[pʲidˈxɔdʲi]
7003	надіслав	masculine singular past indicative of надісла́ти pf	[nɐdʲisˈɫau̯]
7004	храмі	temple	[ˈxramʲi]
7005	системою	instrumental singular of систе́ма	[seˈstɛmɔjʊ]
7006	ріс	masculine singular past imperfective of рости́	[rʲis]
7007	кулька	globule, sphericule	[ˈkulʲkɐ]
7008	чекаючи	present adverbial participle of чека́ти	[t͡ʃeˈkajʊt͡ʃe]
7009	різко	sharply, abruptly, dramatically, drastically	[ˈrʲizkɔ]
7010	відчуй	second-person singular imperative of відчу́ти pf	[ʋʲid͡ʒˈt͡ʃui̯]
7011	будильник	alarm clock	[bʊˈdɪlʲnek]
7012	помітно	noticeably, discernibly, visibly	[poˈmʲitnɔ]
7013	дозволяєш	second-person singular present indicative of дозволя́ти impf	[dɔzwɔˈlʲajeʃ]
7014	жорстокий	cruel	[ʒɔrˈstɔkei̯]
7015	піджак	suit jacket	[pʲiˈd͡ʒak]
7016	асистент	assistant	[ɐseˈstɛnt]
7017	жіночі	nominative plural	[ʒʲiˈnɔt͡ʃʲi]
7018	відпустили	plural past indicative perfective of відпусти́ти	[ʋʲidpʊˈstɪɫe]
7019	коти	male cat, tomcat	[kɔˈtɪ]
7020	спека	heatwave, hot spell, heat	[ˈspɛkɐ]
7021	спокутувати	to atone, to expiate, to redeem	[spoˈkutʊʋɐte]
7022	перетворення	verbal noun of перетвори́ти pf and перетвори́тися pf:…	[peretˈwɔrenʲːɐ]
7023	володіння	possession	[wɔɫoˈdʲinʲːɐ]
7024	кращою	feminine instrumental singular of кра́щий	[ˈkraʃt͡ʃɔjʊ]
7025	косяк	jamb, cant, cheek, door-post	[kɔˈsʲak]
7026	збираю	first-person singular present indicative of збира́ти impf	[zbeˈrajʊ]
7027	сідати	to sit down	[sʲiˈdate]
7028	традиція	tradition	[trɐˈdɪt͡sʲijɐ]
7029	клич	call	[kɫɪt͡ʃ]
7030	валентина	genitive singular	
7031	співай	second-person singular imperative imperfective of співа́ти	[sʲpʲiˈʋai̯]
7032	бомб	genitive plural of бо́мба	[bɔmb]
7033	дорогенький	endearing form of дороги́й: dear, precious	[dɔrɔˈɦɛnʲkei̯]
7034	історією	instrumental singular of істо́рія	[iˈstɔrʲijejʊ]
7035	даємо	first-person plural present indicative imperfective of…	[dɐjeˈmɔ]
7036	витратити	to spend, to expend	[ˈʋɪtrɐtete]
7037	заспокоїти	to calm, to calm down, to soothe, to assuage, to lull	[zɐspɔˈkɔjite]
7038	молився	masculine singular past imperfective of моли́тися	[mɔˈɫɪu̯sʲɐ]
7039	папері	locative singular of папі́р	[pɐˈpɛrʲi]
7040	збиратися	to gather, to assemble, to congregate, convene	[zbeˈratesʲɐ]
7041	королівська	nominative feminine singular of королі́вський	[kɔroˈlʲiu̯sʲkɐ]
7042	стекла	glass	[ˈstɛkɫɐ]
7043	скучила	feminine singular past indicative of ску́чити pf	[ˈskut͡ʃeɫɐ]
7044	подумаємо	first-person plural future indicative of поду́мати pf	[poˈdumɐjemɔ]
7045	канади	genitive singular of Кана́да	
7046	морської	feminine genitive singular of морськи́й	[mɔrˈsʲkɔji]
7047	збитки	nominative/accusative/vocative plural of зби́ток	[ˈzbɪtke]
7048	літ	flying	[lʲit]
7049	хвороб	genitive plural of хворо́ба	[xwɔˈrɔb]
7050	надій	genitive plural of наді́я	[nɐˈdʲii̯]
7051	повноважень	genitive plural of повнова́ження	[pɔu̯nɔˈʋaʒenʲ]
7052	підтверджує	third-person singular present indicative of підтве́рджувати…	[pʲidtˈʋɛrd͡ʒʊje]
7053	мелодія	melody	[meˈɫɔdʲijɐ]
7054	штати	state	[ˈʃtate]
7055	депресія	depression	[deˈprɛsʲijɐ]
7056	покажете	second-person plural future perfective of показа́ти	[pɔˈkaʒete]
7057	протест	protest, protestation	[prɔˈtɛst]
7058	стерво	carrion, carcass	[ˈstɛrwɔ]
7059	подругами	instrumental plural of по́друга	[ˈpɔdrʊɦɐme]
7060	банком	bank	[ˈbankɔm]
7061	піднявся	masculine singular past indicative of підня́тися pf	[pʲidʲˈnʲau̯sʲɐ]
7062	домашня	homework	[dɔˈmaʃnʲɐ]
7063	процесу	genitive singular	[prɔˈt͡sɛsʊ]
7064	повсюди	everywhere, all over the place, far and wide	[pɔu̯ˈsʲude]
7065	законами	instrumental plural of зако́н	[zɐˈkɔnɐme]
7066	будівництво	construction, building	[bʊdʲiu̯ˈnɪt͡stwɔ]
7067	чиєму	whose	[t͡ʃeˈjɛmʊ]
7068	впустити	to let in, to admit, to allow in	[ʍpʊˈstɪte]
7069	додай	second-person singular imperative of дода́ти	[dɔˈdai̯]
7070	встигнеш	second-person singular future indicative of всти́гнути pf…	[ˈʍstɪɦneʃ]
7071	білому	dative masculine/neuter singular	[ˈbʲiɫɔmʊ]
7072	скривдити	to wrong, to hurt, to harm, to injure	[ˈskrɪu̯dete]
7073	виховання	upbringing, education, nurture	[ˈʋɪxɔʋɐnʲːɐ]
7074	техніку	accusative singular of те́хніка	[ˈtɛxnʲikʊ]
7075	причетний	involved, something to do with	[preˈt͡ʃɛtnei̯]
7076	незрозуміло	incomprehensibly, unintelligibly	[nezrɔzʊˈmʲiɫɔ]
7077	вставити	to put in, to insert	[ˈʍstaʋete]
7078	ясний	clear, distinct, lucid	[jɐsˈnɪi̯]
7079	переглянути	to review, to look at, to look over, to look through, to go…	[pereˈɦlʲanʊte]
7080	сьомого	genitive masculine/neuter singular	[ˈsʲɔmɔɦɔ]
7081	жіночий	feminine	[ʒʲiˈnɔt͡ʃei̯]
7082	століттями	instrumental plural of столі́ття	[stoˈlʲitʲːɐme]
7083	судовий	court, judicial	[sʊdɔˈʋɪi̯]
7084	гурту	a group of people	[ˈɦurtʊ]
7085	забруднення	pollution	[zɐˈbrudnenʲːɐ]
7086	сумніватися	to doubt	[sʊmnʲiˈʋatesʲɐ]
7087	вступити	to enter, to step in	[ʍstʊˈpɪte]
7088	комах	genitive/accusative plural of кома́ха	[kɔˈmax]
7089	спустити	to lower, to let down	[spʊˈstɪte]
7090	готують	third-person plural present imperfective of готува́ти	[ɦoˈtujʊtʲ]
7091	сердець	genitive plural of се́рце	[serˈdɛt͡sʲ]
7092	хвилинка	endearing diminutive of хвили́на: minute, moment, instant	[xʋeˈɫɪnkɐ]
7093	складає	third-person singular present indicative of склада́ти impf	[skɫɐˈdaje]
7094	віком	century	[ˈʋʲikɔm]
7095	здобути	to acquire, to gain, to get, to obtain	[zdoˈbute]
7096	приманка	bait	[preˈmankɐ]
7097	зміїв	dragon; dragon's	[ˈzʲmʲijiu̯]
7098	хвойда	a scruffy, sloppy, untidy person	[ˈxwɔi̯dɐ]
7099	росту	first-person singular present imperfective of рости́	[roˈstu]
7100	приймають	third-person plural present indicative of прийма́ти impf	[prei̯ˈmajʊtʲ]
7101	верховний	supreme, paramount	[ʋerˈxɔu̯nei̯]
7102	наближення	approaching, approach, drawing near	[nɐˈbɫɪʒenʲːɐ]
7103	наукова	nominative feminine singular of науко́вий	[nɐʊˈkɔʋɐ]
7104	аргумент	argument	[ɐrɦʊˈmɛnt]
7105	футболу	genitive/dative/locative singular of футбо́л	[fʊdˈbɔɫʊ]
7106	искра	alternative form of і́скра	[ˈɪskrɐ]
7107	класичний	classical	[kɫɐˈsɪt͡ʃnei̯]
7108	автоматично	automatically	[ɐu̯tɔmɐˈtɪt͡ʃnɔ]
7109	слухатися	to obey	[ˈsɫuxɐtesʲɐ]
7110	капусту	accusative of капу́ста	[kɐˈpustʊ]
7111	жирний	fatty	[ˈʒɪrnei̯]
7112	ображати	to insult, to offend, to abuse, to affront	[ɔbrɐˈʒate]
7113	чаклун	sorcerer, wizard	[t͡ʃɐˈkɫun]
7114	спостерігає	third-person singular present indicative of спостеріга́ти…	[spɔsterʲiˈɦaje]
7115	канікули	holidays, holiday, vacation	[kɐˈnʲikʊɫe]
7116	бережіть	second-person plural imperative of берегти́ impf	[bereˈʒʲitʲ]
7117	сатана	Satan, devil	[sɐtɐˈna]
7118	оточення	encirclement	[ɔˈtɔt͡ʃenʲːɐ]
7119	твір	work, writing, composition	[tʲʋʲir]
7120	зберігається	third-person singular present indicative of зберіга́тися…	[zberʲiˈɦajet͡sʲːɐ]
7121	темного	masculine/neuter genitive singular	[ˈtɛmnɔɦɔ]
7122	акуратно	accurately, nattily, neatly, shipshape, tidily	[ɐkʊˈratnɔ]
7123	місцями	instrumental plural of мі́сце	[mʲiˈsʲt͡sʲame]
7124	організацію	accusative singular of організа́ція	[ɔrɦɐnʲiˈzat͡sʲijʊ]
7125	академію	accusative singular of акаде́мія	[ɐkɐˈdɛmʲijʊ]
7126	цар	king	[t͡sar]
7127	француз	French, Frenchman	[frɐnˈt͡suz]
7128	вибухи	nominative/accusative/vocative plural of ви́бух	[ˈʋɪbʊxe]
7129	відійшли	plural past indicative of відійти́ pf	[ʋʲidʲii̯ʃˈɫɪ]
7130	очам	dative plural of о́ко	[ɔˈt͡ʃam]
7131	заду	back, back part, back side, rear	[ˈzadʊ]
7132	охоче	willingly, readily	[ɔˈxɔt͡ʃe]
7133	сімейний	family	[sʲiˈmɛi̯nei̯]
7134	західного	masculine/neuter genitive singular	[ˈzaxʲidnɔɦɔ]
7135	приймали	plural past indicative of прийма́ти impf	[prei̯ˈmaɫe]
7136	рушник	towel	[rʊʃˈnɪk]
7137	матерію	accusative singular of мате́рія	[mɐˈtɛrʲijʊ]
7138	епохи	genitive singular	[eˈpɔxe]
7139	вагон	railroad car, railway carriage, train car	[ʋɐˈɦɔn]
7140	відчуєш	second-person singular future indicative of відчу́ти pf	[ʋʲid͡ʒˈt͡ʃujeʃ]
7141	старій	feminine dative/locative singular of стари́й	[stɐˈrʲii̯]
7142	голка	needle	[ˈɦɔɫkɐ]
7143	дотик	touch	[ˈdɔtek]
7144	історій	genitive plural of істо́рія	[iˈstɔrʲii̯]
7145	гострий	sharp	[ˈɦɔstrei̯]
7146	президенту	dative singular of президе́нт	[prezeˈdɛntʊ]
7147	сахар	sugar	[ˈsaxɐr]
7148	задум	design, intention, plan, purpose, scheme	[ˈzadʊm]
7149	нижній	inferior, lower	[ˈnɪʒnʲii̯]
7150	борода	beard	[bɔrɔˈda]
7151	мелодію	accusative singular of мело́дія	[meˈɫɔdʲijʊ]
7152	цить	quiet!	[t͡sɪtʲ]
7153	поєднання	combination	[pɔjedˈnanʲːɐ]
7154	нагадай	second-person singular imperative of нагада́ти	[nɐɦɐˈdai̯]
7155	виявлено	impersonal past passive participle of ви́явити pf	[ˈʋɪjɐu̯ɫenɔ]
7156	представники	nominative/vocative plural of представни́к	[pred͡zstɐu̯neˈkɪ]
7157	потроху	a little at a time, one bit at a time, bit by bit, little…	[pɔˈtrɔxʊ]
7158	радуйся	second-person singular imperative of ра́дуватися impf	[ˈradʊi̯sʲɐ]
7159	коштують	third-person plural present imperfective of ко́штувати	[ˈkɔʃtʊjʊtʲ]
7160	традиції	genitive/dative/locative singular	[trɐˈdɪt͡sʲiji]
7161	заплатимо	first-person plural future indicative of заплати́ти pf	[zɐˈpɫatemɔ]
7162	деревах	locative plural of де́рево	[deˈrɛʋɐx]
7163	урожай	harvest, crop	[ʊrɔˈʒai̯]
7164	питаєте	second-person plural present imperfective of пита́ти	[peˈtajete]
7165	дитяча	nominative/vocative feminine singular of дитя́чий	[deˈtʲat͡ʃɐ]
7166	сторінку	accusative singular of сторі́нка	[stoˈrʲinkʊ]
7167	заворушення	unrest, rioting, disturbances, upheaval	[zɐwoˈruʃenʲːɐ]
7168	анітрохи	not at all	[ɐnʲiˈtrɔxe]
7169	тат	genitive/accusative plural of та́то	
7170	залишають	third-person plural present indicative of залиша́ти impf	[zɐɫeˈʃajʊtʲ]
7171	намет	tent	[nɐˈmɛt]
7172	королівський	royal	[kɔroˈlʲiu̯sʲkei̯]
7173	напитися	to have a drink, to quench/slake one's thirst, to wet one's…	[nɐˈpɪtesʲɐ]
7174	порадити	to advise, to counsel	[pɔˈradete]
7175	відсутності	genitive/dative/locative singular of відсу́тність	[ʋʲid͡zˈsutnɔsʲtʲi]
7176	збили	plural past indicative of зби́ти pf	[ˈzbɪɫe]
7177	казка	fairy tale	[ˈkazkɐ]
7178	іронія	irony	[iˈrɔnʲijɐ]
7179	гонорар	fee, royalty, honorarium	[ɦɔnɔˈrar]
7180	говоритиму	first-person singular future indicative of говори́ти	[ɦɔwɔˈrɪtemʊ]
7181	підозрою	instrumental singular of підо́зра	[pʲiˈdɔzrɔjʊ]
7182	космічних	genitive plural	[kosʲˈmʲit͡ʃnex]
7183	знадобилося	neuter singular past indicative of знадоби́тися pf	[znɐdɔˈbɪɫɔsʲɐ]
7184	алгоритм	algorithm	[ɐɫɦɔˈrɪtm]
7185	популярна	feminine nominative singular of популя́рний	[pɔpʊˈlʲarnɐ]
7186	кішки	genitive singular of кі́шка	[ˈkʲiʃke]
7187	язиком	instrumental singular of язи́к	[jɐzeˈkɔm]
7188	обговорення	discussion, talk	[ɔbɦɔˈwɔrenʲːɐ]
7189	показували	plural past indicative of пока́зувати impf	[pɔˈkazʊʋɐɫe]
7190	панда	panda	[ˈpandɐ]
7191	невинність	innocence, guiltlessness	[neˈʋɪnʲːisʲtʲ]
7192	молодою	feminine instrumental singular of молоди́й	[mɔɫɔˈdɔjʊ]
7193	дизайнер	designer	[deˈzai̯ner]
7194	чесна	nominative feminine singular of че́сний	[ˈt͡ʃɛsnɐ]
7195	підтвердив	masculine singular past indicative of підтве́рдити pf	[pʲidtˈʋɛrdeu̯]
7196	хвала	praise, laudation, laud, commendation	[xʋɐˈɫa]
7197	лицем	instrumental singular of лице́	[ɫeˈt͡sɛm]
7198	журналу	genitive/dative singular of журна́л	[ʒʊrˈnaɫʊ]
7199	повідом	second-person singular imperative of повідо́мити	[pɔʋʲiˈdɔm]
7200	імовірно	probably	[imɔˈʋʲirnɔ]
7201	усунути	to eliminate, to remove	[ʊˈsunʊte]
7202	внутрішньої	feminine genitive singular of вну́трішній	[ˈwnutʲrʲiʃnʲɔji]
7203	свому	one's, my, his, her, its, our, your, their	[ˈswɔmʊ]
7204	етап	stage, phase	[eˈtap]
7205	арго	argot	[ɐrˈɦɔ]
7206	включити	to switch on, to turn on	[ʍklʲʊˈt͡ʃɪte]
7207	принесло	neuter singular past indicative of принести́ pf	[prenesˈɫɔ]
7208	учусь	first-person singular present indicative of учи́тися impf	[ʊˈt͡ʃusʲ]
7209	гоп	an interjection representing a jump	[ɦɔp]
7210	лежу	first-person singular present indicative of лежа́ти impf	[ɫeˈʒu]
7211	оцінку	accusative singular of оці́нка	[oˈt͡sʲinkʊ]
7212	переглянув	masculine singular past indicative of перегля́нути pf	[pereˈɦlʲanʊu̯]
7213	залишок	remainder, leftover	[ˈzaɫeʃɔk]
7214	діставати	to fetch, to take, to take out	[dʲistɐˈʋate]
7215	балет	ballet	[bɐˈɫɛt]
7216	гарячу	feminine accusative singular of гаря́чий	[ɦɐˈrʲat͡ʃʊ]
7217	зими	genitive singular	[zeˈmɪ]
7218	смакує	third-person singular present indicative of смакува́ти impf	[smɐˈkuje]
7219	пригостити	to treat	[preɦɔˈstɪte]
7220	крісла	genitive singular	[ˈkrʲisɫɐ]
7221	жаба	frog	[ˈʒabɐ]
7222	свідчить	third-person singular present indicative of сві́дчити impf	[ˈsʲʋʲid͡ʒt͡ʃetʲ]
7223	лук	bow	[ɫuk]
7224	вічний	eternal, everlasting	[ˈʋʲit͡ʃnei̯]
7225	головну	feminine accusative singular of головни́й	[ɦɔɫɔu̯ˈnu]
7226	запитував	masculine singular past indicative of запи́тувати impf	[zɐˈpɪtʊʋɐu̯]
7227	ненависті	genitive singular of нена́висть	[neˈnaʋesʲtʲi]
7228	присвятити	to dedicate	[presʲʋʲɐˈtɪte]
7229	москві	dative/locative singular of Москва́	
7230	накласти	to lay on, to put on	[nɐˈkɫaste]
7231	вбрання	clothes, costume, decoration	[ˈwbranʲːɐ]
7232	ллє	third-person singular present indicative imperfective of…	[lʲːɛ]
7233	задавати	to set, to assign, to give	[zɐdɐˈʋate]
7234	відсутні	nominative plural	[ʋʲid͡zˈsutʲnʲi]
7235	караоке	karaoke	[kɐrɐˈɔke]
7236	пульт	remote control	[pulʲt]
7237	виявитися	to show itself, to manifest itself, to become apparent	[ˈʋɪjɐʋetesʲɐ]
7238	підтвердили	plural past indicative of підтве́рдити pf	[pʲidtˈʋɛrdeɫe]
7239	звичайного	masculine/neuter genitive singular	[zʋeˈt͡ʃai̯nɔɦɔ]
7240	заголовок	heading, header	[zɐɦɔˈɫɔwɔk]
7241	магнітофон	tape recorder	[mɐɦnʲitɔˈfɔn]
7242	втомлений	tired	[ˈʍtɔmɫenei̯]
7243	борюся	first-person singular present indicative of боро́тися impf	[boˈrʲusʲɐ]
7244	галузі	nominative/accusative/vocative plural	[ˈɦaɫʊzʲi]
7245	водити	to lead, to conduct	[wɔˈdɪte]
7246	державна	feminine nominative singular of держа́вний	[derˈʒau̯nɐ]
7247	ділянки	genitive singular	[dʲiˈlʲanke]
7248	професія	profession	[prɔˈfɛsʲijɐ]
7249	зерно	grain, cereal	[zerˈnɔ]
7250	переслідування	pursuit, chase	[peresʲˈlʲidʊʋɐnʲːɐ]
7251	жахливою	feminine instrumental singular of жахли́вий	[ʒɐˈxɫɪwɔjʊ]
7252	парламент	parliament	[pɐrˈɫament]
7253	спів	song, singing, chanting	[sʲpʲiu̯]
7254	періоду	genitive/dative singular of пері́од	[peˈrʲiɔdʊ]
7255	межа	bound, limit	[meˈʒa]
7256	шахти	genitive singular	[ˈʃaxte]
7257	очищення	cleansing, cleaning, purging	[ɔˈt͡ʃɪʃt͡ʃenʲːɐ]
7258	тяжіння	gravity	[tʲɐˈʒʲinʲːɐ]
7259	дивовижні	nominative/vocative plural	[dewɔˈʋɪʒnʲi]
7260	шлюз	lock	[ʃlʲuz]
7261	фаза	phase	[ˈfazɐ]
7262	сідницю	accusative singular of сідни́ця	[sʲidˈnɪt͡sʲʊ]
7263	полегшити	to facilitate, to make easier	[pɔˈɫɛɦʃete]
7264	коханка	mistress	[kɔˈxankɐ]
7265	очікувала	feminine singular past indicative of очі́кувати impf	[oˈt͡ʃʲikʊʋɐɫɐ]
7266	чужий	someone else’s, another’s, other’s	[t͡ʃʊˈʒɪi̯]
7267	жіночка	endearing diminutive of жі́нка	[ˈʒʲinɔt͡ʃkɐ]
7268	причому	moreover, at that	[preˈt͡ʃɔmʊ]
7269	гарантувати	to guarantee	[ɦɐrɐntʊˈʋate]
7270	плані	plan, scheme	[ˈpɫanʲi]
7271	дотла	to the ground	[dɔtˈɫa]
7272	правитель	ruler	[prɐˈʋɪtelʲ]
7273	міліції	nominative/accusative/vocative plural	[mʲiˈlʲit͡sʲiji]
7274	прогноз	forecast, prediction	[prɔɦˈnɔz]
7275	глузд	sense, wits	[ɦɫuzd]
7276	номерів	genitive plural of но́мер	[nɔmeˈrʲiu̯]
7277	аванс	advance, imprest	[ɐˈʋans]
7278	гуру	guru	[ˈɦurʊ]
7279	заспокоїтися	to calm down	[zɐspɔˈkɔjitesʲɐ]
7280	зійти	to ascend, to climb, to go up, to rise	[zʲii̯ˈtɪ]
7281	тиси	genitive singular of Ти́са	
7282	польське	nominative/accusative neuter singular of по́льський	[ˈpɔlʲsʲke]
7283	вікном	instrumental singular of вікно́	[ʋʲikˈnɔm]
7284	вентилятор	ventilator	[ʋenteˈlʲatɔr]
7285	повторю	first-person singular future indicative of повтори́ти pf	[pɔu̯toˈrʲu]
7286	вміння	alternative form of умі́ння n	[ˈwmʲinʲːɐ]
7287	подарунків	genitive plural of подару́нок	[pɔdɐˈrunʲkʲiu̯]
7288	існувало	neuter singular past of існува́ти impf	[isnʊˈʋaɫɔ]
7289	розказувати	to tell, to narrate, to recount, to relate	[rɔzˈkazʊʋɐte]
7290	пройду	first-person singular future indicative of пройти́ pf	[prɔi̯ˈdu]
7291	гроза	thunder, thunderstorm	[ɦrɔˈza]
7292	бібліотека	library	[bʲiblʲiɔˈtɛkɐ]
7293	сутність	essence	[ˈsutʲnʲisʲtʲ]
7294	негаразди	troubles	[neɦɐˈrazde]
7295	потреба	need	[pɔˈtrɛbɐ]
7296	зайдіть	second-person plural imperative of зайти́ pf	[zɐi̯ˈdʲitʲ]
7297	мести	to sweep	[meˈstɪ]
7298	вразити	to astound, to astonish, to strike	[ˈwrazete]
7299	цікавого	masculine/neuter genitive singular	[t͡sʲiˈkawɔɦɔ]
7300	підліток	adolescent, juvenile, teenager	[ˈpʲidʲlʲitɔk]
7301	зазнали	plural past indicative of зазна́ти pf	[zɐzˈnaɫe]
7302	телефонів	genitive plural of телефо́н	[teɫeˈfɔnʲiu̯]
7303	буття	being, existence	[bʊˈtʲːa]
7304	їжджу	first-person singular present imperfective of ї́здити	[ˈjiʒd͡ʒʊ]
7305	мороз	frost	[mɔˈrɔz]
7306	кулемет	machine gun	[kʊɫeˈmɛt]
7307	хоробрий	brave, courageous	[xɔˈrɔbrei̯]
7308	відправляти	to send, to send off, to dispatch, to forward	[ʋʲidprɐu̯ˈlʲate]
7309	сфері	dative/locative singular of сфе́ра	[ˈsfɛrʲi]
7310	інтелект	intellect, intelligence	[inteˈɫɛkt]
7311	вибором	instrumental singular of ви́бір	[ˈʋɪbɔrɔm]
7312	мистецтв	genitive plural of мисте́цтво	[meˈstɛt͡stʋ]
7313	музичний	musical	[mʊˈzɪt͡ʃnei̯]
7314	корисна	nominative feminine singular of ко́ри́сний	[kɔˈrɪsnɐ]
7315	череп	skull, cranium	[ˈt͡ʃɛrep]
7316	росли	plural past imperfective of рости́	[rɔsˈɫɪ]
7317	кістка	bone	[ˈkʲistkɐ]
7318	дивимося	first-person plural present imperfective of диви́тися	[ˈdɪʋemɔsʲɐ]
7319	сумління	conscience	[sʊmˈlʲinʲːɐ]
7320	сяє	third-person singular present indicative of ся́яти impf and…	[ˈsʲaje]
7321	намалювати	to draw	[nɐmɐlʲʊˈʋate]
7322	знаменитий	famous, celebrated, famed, illustrious, renowned	[znɐmeˈnɪtei̯]
7323	трусики	diminutive of труси́: panties, knickers	[ˈtruseke]
7324	бажали	plural past indicative of бажа́ти impf	[bɐˈʒaɫe]
7325	забити	to beat in, to drive in, to hammer in, to bang in, to ram in	[zɐˈbɪte]
7326	німеччини	genitive singular of Німе́ччина	
7327	влаштовувати	to arrange, to organize, to establish	[wɫɐʃˈtɔwʊʋɐte]
7328	вкласти	to put in, to insert, to enclose	[ˈʍkɫaste]
7329	докупи	together	[doˈkupe]
7330	морська	feminine nominative singular of морськи́й	[mɔrˈsʲka]
7331	структуру	accusative singular of структу́ра	[strʊkˈturʊ]
7332	адресою	instrumental singular of адре́са	[ɐˈdrɛsɔjʊ]
7333	пройтись	alternative infinitive form of пройти́ся pf	[prɔi̯ˈtɪsʲ]
7334	вод	genitive plural of вода́	[wɔd]
7335	звичайну	feminine accusative singular of звича́йний	[zʋeˈt͡ʃai̯nʊ]
7336	склянки	genitive singular of скля́нка	[ˈsklʲanke]
7337	вочевидь	obviously, evidently, clearly	[wɔt͡ʃeˈʋɪdʲ]
7338	обіді	locative singular of обі́д	[oˈbʲidʲi]
7339	картопля	potato	[kɐrˈtɔplʲɐ]
7340	відповім	first-person singular future of відпові́сти́ pf	[ʋʲidpɔˈʋʲim]
7341	сприймати	to perceive	[sprei̯ˈmate]
7342	космічного	masculine/neuter genitive singular	[kosʲˈmʲit͡ʃnɔɦɔ]
7343	зміст	meaning, essence, substance	[zʲmʲist]
7344	цивілізація	civilization	[t͡seʋʲilʲiˈzat͡sʲijɐ]
7345	британський	British	[breˈtanʲsʲkei̯]
7346	літній	summer, estival	[ˈlʲitʲnʲii̯]
7347	зникнуть	third-person plural future indicative perfective of…	[ˈznɪknʊtʲ]
7348	шедевр	masterpiece	[ʃeˈdɛʋ(e)r]
7349	головною	feminine instrumental singular of головни́й	[ɦɔɫɔu̯ˈnɔjʊ]
7350	блискучий	brilliant, gleaming, lustrous, shining, shiny	[bɫeˈskut͡ʃei̯]
7351	небом	instrumental singular of не́бо	[ˈnɛbɔm]
7352	гуркіт	rumble, roar, thunder	[ˈɦurkʲit]
7353	мільярд	billion, one thousand million or milliard	[mʲiˈlʲjard]
7354	захват	exaltation, rapture, enthusiasm	[ˈzaxʋɐt]
7355	відсутня	feminine nominative singular of відсу́тній	[ʋʲid͡zˈsutʲnʲɐ]
7356	антидот	antidote	[ɐnteˈdɔt]
7357	головному	masculine/neuter dative singular	[ɦɔɫɔu̯ˈnɔmʊ]
7358	звичайних	genitive plural	[zʋeˈt͡ʃai̯nex]
7359	випробувати	to test, to put to the test, to try, to try out	[ˈʋɪprɔbʊʋɐte]
7360	поховання	burial, interment, inhumation	[pɔxɔˈʋanʲːɐ]
7361	улюблені	nominative plural	[ʊˈlʲubɫenʲi]
7362	воротами	instrumental plural of воро́та	[wɔˈrɔtɐme]
7363	спорту	sport	[ˈspɔrtʊ]
7364	визначення	determination, determining, fixing, designation	[ˈʋɪznɐt͡ʃenʲːɐ]
7365	покластися	to rely, to rely on, to depend, to bank on, to pin one's…	[pɔˈkɫastesʲɐ]
7366	легким	masculine/neuter instrumental singular	[ɫeɦˈkɪm]
7367	продовжуєш	second-person singular present indicative of продо́вжувати…	[prɔˈdɔu̯ʒʊjeʃ]
7368	німецька	ellipsis of німе́цька мо́ва	[nʲiˈmɛt͡sʲkɐ]
7369	вчить	third-person singular present imperfective of вчи́ти	[ʍt͡ʃɪtʲ]
7370	мудро	wisely	[ˈmudrɔ]
7371	землях	locative plural of земля́	[ˈzɛmlʲɐx]
7372	третьої	feminine genitive singular of тре́тій	[ˈtrɛtʲɔji]
7373	зустріли	plural past of зустрі́ти pf	[zʊˈstʲrʲiɫe]
7374	контакти	nominative/accusative/vocative plural of конта́кт	[kɔnˈtakte]
7375	свояк	wife's brother, brother-in-law	[swɔˈjak]
7376	нло	UFO	[ɛn ɛɫ ˈɔ]
7377	нікчемний	good-for-nothing, no good, no-good, useless, worthless	[nʲikˈt͡ʃɛmnei̯]
7378	вени	genitive singular of ве́на	[ˈʋɛne]
7379	потихеньку	quietly	[pɔteˈxɛnʲkʊ]
7380	поспішає	third-person singular present indicative of поспіша́ти impf	[pɔsʲpʲiˈʃaje]
7381	єси	second-person singular present indicative imperfective of…	[jeˈsɪ]
7382	поспіль	in succession, running	[ˈpɔsʲpʲilʲ]
7383	очолити	to head	[ɔˈt͡ʃɔɫete]
7384	злодіїв	genitive/accusative plural of зло́дій	[ˈzɫɔdʲijiu̯]
7385	шафи	genitive singular	[ˈʃafe]
7386	жартувати	to joke	[ʒɐrtʊˈʋate]
7387	діагноз	diagnosis	[dʲiˈaɦnɔz]
7388	дрова	firewood	[ˈdrɔʋɐ]
7389	паличка	stick	[ˈpaɫet͡ʃkɐ]
7390	грип	flu, influenza	[ɦrɪp]
7391	скаржитися	to complain	[ˈskarʒetesʲɐ]
7392	дядьком	instrumental singular of дя́дько	[ˈdʲadʲkɔm]
7393	мишка	synonym of ми́ша f	[ˈmɪʃkɐ]
7394	величезним	masculine/neuter instrumental singular	[ʋeɫeˈt͡ʃɛznem]
7395	зрозуміємо	first-person plural future indicative of зрозумі́ти pf	[zrɔzʊˈmʲijemɔ]
7396	медицина	medicine	[medeˈt͡sɪnɐ]
7397	жабу	accusative singular of жа́ба	[ˈʒabʊ]
7398	попереднього	masculine/neuter genitive singular	[pɔpeˈrɛdʲnʲɔɦɔ]
7399	вух	genitive plural of ву́хо	[wux]
7400	працюйте	second-person plural imperative imperfective of працюва́ти	[prɐˈt͡sʲui̯te]
7401	ставитися	to treat	[ˈstaʋetesʲɐ]
7402	зібрання	meeting, assembly	[zʲiˈbranʲːɐ]
7403	дізналась	feminine singular past indicative of дізна́тися pf	[dʲizˈnaɫɐsʲ]
7404	зайвий	superfluous, redundant	[ˈzajʋei̯]
7405	блакитний	light blue	[bɫɐˈkɪtnei̯]
7406	краси	genitive singular of краса́	[krɐˈsɪ]
7407	вухах	locative plural of ву́хо	[ˈwuxɐx]
7408	підготовка	preparation	[pʲidɦɔˈtɔu̯kɐ]
7409	логотип	logo, logotype	[ɫɔɦɔˈtɪp]
7410	екзамени	nominative/accusative/vocative plural of екза́мен	[eɡˈzamene]
7411	росіянами	instrumental plural of росія́нин	[rɔsʲiˈjanɐme]
7412	пасажирів	genitive/accusative plural of пасажи́р	[pɐsɐˈʒɪrʲiu̯]
7413	спортзалі	locative singular of спортза́л	[spɔrdˈzalʲi]
7414	метелик	butterfly	[meˈtɛɫek]
7415	холодильника	genitive singular of холоди́льник	[xɔɫɔˈdɪlʲnekɐ]
7416	гарненький	endearing diminutive of га́рний	[ɦɐrˈnɛnʲkei̯]
7417	аромат	aroma, fragrance, scent, perfume	[ɐrɔˈmat]
7418	керують	third-person plural present indicative of керува́ти impf	[keˈrujʊtʲ]
7419	холера	cholera	[xɔˈɫɛrɐ]
7420	шапку	accusative singular of ша́пка	[ˈʃapkʊ]
7421	рідні	genitive/dative/locative singular of рідня́	[rʲidʲˈnʲi]
7422	ідіотка	female equivalent of ідіо́т: idiot	[idʲiˈɔtkɐ]
7423	могила	grave	[mɔˈɦɪɫɐ]
7424	пісяти	to pee, to urinate	[ˈpʲisʲɐte]
7425	замкнути	to lock	[zɐmkˈnute]
7426	знищимо	first-person plural future indicative of зни́щити pf	[ˈznɪʃt͡ʃemɔ]
7427	легка	feminine nominative singular of легки́й	[ɫeɦˈka]
7428	собачий	dog; dog's, canine	[sɔˈbat͡ʃei̯]
7429	світова	feminine nominative singular of світови́й	[sʲʋʲitɔˈʋa]
7430	дан	dan	[dan]
7431	коту	male cat, tomcat	[koˈtu]
7432	втеча	flight, escape, getaway	[ˈʍtɛt͡ʃɐ]
7433	псувати	to spoil, to mar, to mess up, to ruin, to vitiate	[psʊˈʋate]
7434	розповідають	third-person plural present indicative of розповіда́ти impf	[rɔzpɔʋʲiˈdajʊtʲ]
7435	згадувала	feminine singular past indicative of зга́дувати impf	[ˈzɦadʊʋɐɫɐ]
7436	реальністю	instrumental singular of реа́льність	[reˈalʲnʲisʲtʲʊ]
7437	капуста	cabbage	[kɐˈpustɐ]
7438	скальпель	scalpel	[ˈskalʲpelʲ]
7439	панель	pavement, sidewalk	[pɐˈnɛlʲ]
7440	крадіжки	nominative/accusative/vocative plural	[krɐˈdʲiʒke]
7441	речовина	substance, stuff	[ret͡ʃɔʋeˈna]
7442	розумне	neuter nominative/accusative singular of розу́мний	[roˈzumne]
7443	ввімкнути	to switch on, to turn on	[ʋʲːimkˈnute]
7444	пошти	genitive singular of по́шта	[ˈpɔʃte]
7445	вибив	masculine singular past of ви́бити	
7446	анекдот	anecdote	[ɐneɡˈdɔt]
7447	сильного	masculine/neuter genitive singular	[ˈsɪlʲnɔɦɔ]
7448	ножі	knife	[noˈʒʲi]
7449	співали	plural past imperfective of співа́ти	[sʲpʲiˈʋaɫe]
7450	архітектор	architect	[ɐrxʲiˈtɛktɔr]
7451	технологій	genitive plural of техноло́гія	[texnɔˈɫɔɦʲii̯]
7452	терапія	therapy	[terɐˈpʲijɐ]
7453	серцебиття	heartbeat	[sert͡sebeˈtʲːa]
7454	рушниця	shotgun, scattergun	[rʊʃˈnɪt͡sʲɐ]
7455	цитата	quotation, citation	[t͡seˈtatɐ]
7456	оцінка	assessment, appraisal, estimate, evaluation, rating	[oˈt͡sʲinkɐ]
7457	штанях	locative plural of штани́	[ˈʃtanʲɐx]
7458	рідина	liquid	[rʲideˈna]
7459	банан	banana	[bɐˈnan]
7460	срати	to shit, to defecate	[ˈsrate]
7461	підготовки	genitive singular of підгото́вка	[pʲidɦɔˈtɔu̯ke]
7462	привернути	to attract	[preʋerˈnute]
7463	обвинувачення	accusation	[ɔbʋenʊˈʋat͡ʃenʲːɐ]
7464	повітряний	air, aerial	[pɔˈʋʲitʲrʲɐnei̯]
7465	милочка	my dear, darling	[ˈmɪɫɔt͡ʃkɐ]
7466	ведмедя	genitive/accusative singular of ведмі́дь	[ʋedˈmɛdʲɐ]
7467	базікання	verbal noun of базі́кати impf: babble, babbling,…	[bɐˈzʲikɐnʲːɐ]
7468	холодні	nominative plural	[xɔˈɫɔdʲnʲi]
7469	станцію	accusative singular of ста́нція	[ˈstanʲt͡sʲijʊ]
7470	звичайної	feminine genitive singular of звича́йний	[zʋeˈt͡ʃai̯nɔji]
7471	білизна	bedclothes, bedlinen	[bʲiˈɫɪznɐ]
7472	вогнище	bonfire	[ˈwɔɦneʃt͡ʃe]
7473	вантажу	genitive/dative/locative singular of ванта́ж	[ʋɐntɐˈʒu]
7474	оцей	this one	[ɔˈt͡sɛi̯]
7475	ельф	elf	[ɛlʲf]
7476	боялись	plural past indicative of боя́тися impf	[bɔˈjaɫesʲ]
7477	поло	polo	[ˈpɔɫɔ]
7478	перебувати	to be	[perebʊˈʋate]
7479	медицину	accusative singular of медици́на	[medeˈt͡sɪnʊ]
7480	журналісти	nominative/vocative plural of журналі́ст	[ʒʊrnɐˈlʲiste]
7481	секретний	secret	[seˈkrɛtnei̯]
7482	лак	varnish, lacquer	[ɫak]
7483	доповісти	to report, to render an account, to make a report	[dɔpɔʋʲiˈstɪ]
7484	опівдні	at midday, at noon	[oˈpʲiu̯dʲnʲi]
7485	означають	third-person plural present indicative of означа́ти impf	[ɔznɐˈt͡ʃajʊtʲ]
7486	встановлено	impersonal past passive participle of встанови́ти pf	[ʍstɐˈnɔu̯ɫenɔ]
7487	дісталися	plural past indicative of діста́тися pf	[dʲiˈstaɫesʲɐ]
7488	хвилювання	rippling, undulation	[xʋelʲʊˈʋanʲːɐ]
7489	планує	third-person singular present imperfective of планува́ти	[pɫɐˈnuje]
7490	вільну	feminine accusative singular of ві́льний	[ˈʋʲilʲnʊ]
7491	погань	riffraff	[ˈpɔɦɐnʲ]
7492	певних	genitive plural	[ˈpɛu̯nex]
7493	повторіть	second-person plural imperative of повтори́ти pf	[pɔu̯toˈrʲitʲ]
7494	зателефонуй	second-person singular imperative of зателефонува́ти pf	[zɐteɫefoˈnui̯]
7495	ввели	plural past perfective of ввести́	[ʋːeˈɫɪ]
7496	низу	bottom, lower part	[ˈnɪzʊ]
7497	невдалий	failed, unsuccessful	[neu̯ˈdaɫei̯]
7498	зустрічей	genitive plural of зу́стріч	[ˈzustʲrʲit͡ʃei̯]
7499	деревом	instrumental singular of де́рево	[ˈdɛrewɔm]
7500	горла	genitive singular	[ˈɦɔrɫɐ]
7501	втретє	for the third time	[ˈʍtrɛtʲe]
7502	ґрати	grid, bars	[ˈɡrate]
7503	програємо	first-person plural future perfective of програ́ти	[prɔˈɦrajemɔ]
7504	тактика	tactics	[ˈtaktekɐ]
7505	перетнути	to crosscut, to cut across, to intersect, to transect	[peretˈnute]
7506	проведіть	second-person plural imperative of провести́ pf	[prɔʋeˈdʲitʲ]
7507	солдатами	instrumental plural of солда́т	[sɔɫˈdatɐme]
7508	ліси	forest, woods	[lʲiˈsɪ]
7509	проведеш	second-person singular future indicative of провести́ pf	[prɔʋeˈdɛʃ]
7510	молись	second-person singular imperative imperfective of моли́тися	[mɔˈɫɪsʲ]
7511	дико	wildly	[ˈdɪkɔ]
7512	продаємо	first-person plural present indicative of продава́ти impf	[prɔdɐjeˈmɔ]
7513	пробувати	to try, to attempt	[ˈprɔbʊʋɐte]
7514	позавчора	day before yesterday	[pɔzɐu̯ˈt͡ʃɔrɐ]
7515	чайник	kettle, teakettle	[ˈt͡ʃai̯nek]
7516	орден	decoration, order	[ˈɔrden]
7517	відмовляється	third-person singular present indicative of відмовля́тися…	[ʋʲidmɔu̯ˈlʲajet͡sʲːɐ]
7518	перерви	genitive singular	[peˈrɛrʋe]
7519	прозвучало	neuter singular past indicative of прозвуча́ти pf	[prɔzwʊˈt͡ʃaɫɔ]
7520	засунь	second-person singular imperative of засу́нути pf	[zɐˈsunʲ]
7521	відбулися	plural past indicative of відбу́тися pf	[ʋʲidbʊˈɫɪsʲɐ]
7522	нічому	dative/locative singular of ніщо́	[nʲiˈt͡ʃɔmʊ]
7523	усвідомити	to realize	[ʊsʲʋʲiˈdɔmete]
7524	розуміла	feminine singular past imperfective of розумі́ти	[rɔzʊˈmʲiɫɐ]
7525	евакуація	evacuation	[eʋɐkʊˈat͡sʲijɐ]
7526	відійду	first-person singular future indicative of відійти́ pf	[ʋʲidʲii̯ˈdu]
7527	прислати	to send	[presˈɫate]
7528	піднімемо	first-person plural future indicative of підня́ти pf	[pʲidʲˈnʲimemɔ]
7529	основні	nominative plural	[ɔsnɔu̯ˈnʲi]
7530	сталі	nominative/vocative plural	[ˈstalʲi]
7531	частково	partly, partially, in part	[t͡ʃɐstˈkɔwɔ]
7532	похорону	singular genitive of по́хорон	[ˈpɔxɔrɔnʊ]
7533	начальство	command, direction	[nɐˈt͡ʃalʲstwɔ]
7534	польських	genitive/locative plural	[ˈpɔlʲsʲkex]
7535	воротар	gatekeeper, gateman	[wɔrɔˈtar]
7536	сторінок	genitive plural of сторі́нка	[stɔrʲiˈnɔk]
7537	пункту	point	[ˈpunktʊ]
7538	високій	dative/locative feminine singular of висо́кий	[ʋeˈsɔkʲii̯]
7539	довіряв	masculine singular past indicative of довіря́ти impf	[dɔʋʲiˈrʲau̯]
7540	справжньої	feminine genitive singular of спра́вжній	[ˈsprau̯ʒnʲɔji]
7541	онука	granddaughter	[oˈnukɐ]
7542	здохнути	to die	[ˈzdɔxnʊte]
7543	намисто	necklace	[nɐˈmɪstɔ]
7544	перлина	pearl	[perˈɫɪnɐ]
7545	важливою	feminine instrumental singular of важли́вий	[ʋɐʒˈɫɪwɔjʊ]
7546	штучного	masculine/neuter genitive singular	[ˈʃtut͡ʃnɔɦɔ]
7547	світів	world	[sʲʋʲiˈtʲiu̯]
7548	качка	duck	[ˈkat͡ʃkɐ]
7549	перейшла	feminine singular past indicative of перейти́ pf	[perei̯ʃˈɫa]
7550	сині	son	[ˈsɪnʲi]
7551	відступити	to back away, to back off, to step away, to step back, to…	[ʋʲid͡zstʊˈpɪte]
7552	обіцяє	third-person singular present indicative of обіця́ти impf	[ɔbʲiˈt͡sʲaje]
7553	допізна	until late	[doˈpʲiznɐ]
7554	дошки	genitive singular of до́шка	[ˈdɔʃke]
7555	повідомляють	third-person plural present indicative of повідомля́ти	[pɔʋʲidɔmˈlʲajʊtʲ]
7556	хірург	surgeon	[xʲiˈrurɦ]
7557	запалення	inflammation	[zɐˈpaɫenʲːɐ]
7558	загиблих	genitive plural	[zɐˈɦɪbɫex]
7559	восьмий	eighth	[ˈwɔsʲmei̯]
7560	середини	nominative/accusative/vocative plural	[seˈrɛdene]
7561	серйозним	masculine/neuter instrumental singular	[seˈrjɔznem]
7562	музикант	musician	[mʊzeˈkant]
7563	залишався	masculine singular past indicative of залиша́тися impf	[zɐɫeˈʃau̯sʲɐ]
7564	війною	instrumental singular of війна́	[ʋʲii̯ˈnɔjʊ]
7565	невеликі	nominative plural	[neʋeˈɫɪkʲi]
7566	серйозних	genitive plural	[seˈrjɔznex]
7567	фермер	farmer	[ˈfɛrmer]
7568	покажем	first-person plural future perfective of показа́ти	[pɔˈkaʒem]
7569	гурти	a group of people	[ɦʊrˈtɪ]
7570	сварка	hassle, quarrel, row	[ˈsʋarkɐ]
7571	вулкан	volcano	[wʊɫˈkan]
7572	їсте	second-person plural present imperfective of ї́сти	[jiˈstɛ]
7573	роблячи	present adverbial participle of роби́ти	[ˈrɔblʲɐt͡ʃe]
7574	доповідь	report, paper	[ˈdɔpɔʋʲidʲ]
7575	гинуть	short infinitive	[ˈɦɪnʊtʲ]
7576	лисий	bald, bald-headed, hairless	[ˈɫɪsei̯]
7577	сяде	third-person singular future indicative of сі́сти pf	[ˈsʲade]
7578	присутній	present	[preˈsutʲnʲii̯]
7579	неперевершений	unsurpassed, unbettered, unrivalled, unrivaled, second to…	[nepereˈʋɛrʃenei̯]
7580	продукту	genitive singular	[proˈduktʊ]
7581	присісти	to squat, to squat down	[preˈsʲiste]
7582	зібрала	feminine singular past indicative of зібра́ти pf	[zʲiˈbraɫɐ]
7583	конем	horse	[kɔˈnɛm]
7584	логічно	logically	[ɫoˈɦʲit͡ʃnɔ]
7585	стежить	third-person singular present indicative	[ˈstɛʒetʲ]
7586	проведете	second-person plural future indicative of провести́ pf	[prɔʋedeˈtɛ]
7587	владар	ruler, lord	[wɫɐˈdar]
7588	вивезти	to take out, to remove	[ˈʋɪʋezte]
7589	чесність	honesty	[ˈt͡ʃɛsʲnʲisʲtʲ]
7590	артист	artist, performer	[ɐrˈtɪst]
7591	виявила	feminine singular past indicative of ви́явити pf	[ˈʋɪjɐʋeɫɐ]
7592	відключити	to cut off, to disconnect, to disengage	[ʋʲidklʲʊˈt͡ʃɪte]
7593	бойові	nominative plural	[bɔjɔˈʋʲi]
7594	штанів	genitive plural of штани́	[ʃtɐˈnʲiu̯]
7595	пообіцяли	plural past indicative of пообіця́ти pf	[pɔɔbʲiˈt͡sʲaɫe]
7596	подобалось	neuter singular past indicative of подо́батися impf	[pɔˈdɔbɐɫɔsʲ]
7597	поволі	slowly	[pɔˈwɔlʲi]
7598	чоловічий	masculine	[t͡ʃɔɫɔˈʋʲit͡ʃei̯]
7599	лютий	February	[ˈlʲutei̯]
7600	плоти	wattle	[pɫɔˈtɪ]
7601	недооцінювати	to underestimate, to underrate, to undervalue	[nedɔoˈt͡sʲinʲʊʋɐte]
7602	намагаємось	first-person plural present imperfective of намага́тися	[nɐmɐˈɦajemɔsʲ]
7603	дверний	door	[dʋerˈnɪi̯]
7604	ідеальним	masculine/neuter instrumental singular	[ideˈalʲnem]
7605	курорт	health resort, spa resort, spa town	[kʊˈrɔrt]
7606	сусідами	instrumental plural of сусі́д	[sʊˈsʲidɐme]
7607	перетворили	plural past indicative of перетвори́ти pf	[peretwɔˈrɪɫe]
7608	головах	locative plural of голова́	[ˈɦɔɫɔʋɐx]
7609	жир	fat or oil from the body of an animal	[ʒɪr]
7610	базар	market, bazaar	[bɐˈzar]
7611	добратися	to get, to reach	[dɔˈbratesʲɐ]
7612	жаліти	to feel sorry for, to pity, to feel pity for	[ʒɐˈlʲite]
7613	павук	spider	[pɐˈwuk]
7614	лишенько	endearing form of ли́хо	[ˈɫɪʃenʲkɔ]
7615	коротких	genitive plural	[kɔˈrɔtkex]
7616	солодко	sweetly	[ˈsɔɫɔdkɔ]
7617	авторитет	authority, prestige	[ɐu̯tɔreˈtɛt]
7618	дістанеться	third-person singular future indicative of діста́тися pf	[dʲiˈstanet͡sʲːɐ]
7619	виграєш	second-person singular future perfective of ви́грати	[ˈʋɪɦrɐjeʃ]
7620	герцогиня	duchess	[ɦert͡sɔˈɦɪnʲɐ]
7621	пошкодуєте	second-person plural future indicative of пошкодува́ти pf	[pɔʃkoˈdujete]
7622	відправитися	to depart, to set off	[ʋʲidˈpraʋetesʲɐ]
7623	національної	feminine genitive singular of націона́льний	[nɐt͡sʲiɔˈnalʲnɔji]
7624	тою	that	[ˈtɔjʊ]
7625	кріль	rabbit	[krʲilʲ]
7626	північна	feminine nominative singular of півні́чний	[pʲiu̯ˈnʲit͡ʃnɐ]
7627	навпіл	in half, in two	[ˈnau̯pʲiɫ]
7628	почують	third-person plural future indicative of почу́ти pf	[poˈt͡ʃujʊtʲ]
7629	лідери	nominative/vocative plural of лі́дер	[ˈlʲidere]
7630	срібний	silver	[ˈsʲrʲibnei̯]
7631	єгипту	genitive dative singular of Єги́пет	
7632	стріла	arrow	[stʲrʲiˈɫa]
7633	поїзда	genitive singular of по́їзд	[ˈpɔjizdɐ]
7634	звалити	to knock down, to knock over, to topple, to fell	[zʋɐˈɫɪte]
7635	найліпший	superlative degree of га́рний, до́брий, and хоро́ший: best	[nɐi̯ˈlʲipʃei̯]
7636	семеро	seven	[ˈsɛmerɔ]
7637	жахіття	horror	[ʒɐˈxʲitʲːɐ]
7638	червоних	genitive plural	[t͡ʃerˈwɔnex]
7639	публічно	publicly, in public	[pʊˈblʲit͡ʃnɔ]
7640	пройтися	to walk around, to walk	[prɔi̯ˈtɪsʲɐ]
7641	сестричка	diminutive of сестра́: a sister	[seˈstrɪt͡ʃkɐ]
7642	капці	locative singular	[ˈkapt͡sʲi]
7643	відступ	retreat	[ˈʋʲid͡zstʊp]
7644	перейматися	to be/become preoccupied, to be/become concerned, to…	[perei̯ˈmatesʲɐ]
7645	господарство	household	[ɦɔspɔˈdarstwɔ]
7646	ненависти	genitive singular of нена́висть	[neˈnaʋeste]
7647	заперечення	objection	[zɐpeˈrɛt͡ʃenʲːɐ]
7648	стежив	masculine singular past indicative of сте́жити impf	[ˈstɛʒeu̯]
7649	твердо	firmly, firm	[ˈtʋɛrdɔ]
7650	тривогу	accusative singular of триво́га	[treˈwɔɦʊ]
7651	заслуга	merit	[zɐsˈɫuɦɐ]
7652	імунітет	immunity	[imʊnʲiˈtɛt]
7653	сутенер	pimp, ponce, procurer, pander	[sʊteˈnɛr]
7654	бізнесі	locative singular of бі́знес	[ˈbʲiznesʲi]
7655	найкращу	feminine accusative singular of найкра́щий	[nɐi̯ˈkraʃt͡ʃʊ]
7656	взятися	to grasp, to take hold of	[ˈwzʲatesʲɐ]
7657	зоопарку	genitive/locative/vocative singular of зоопа́рк	[zɔɔˈparkʊ]
7658	бабка	grandmother	[ˈbabkɐ]
7659	відповідав	masculine singular past indicative imperfective of…	[ʋʲidpɔʋʲiˈdau̯]
7660	місцева	feminine nominative singular of місце́вий	[mʲiˈst͡sɛʋɐ]
7661	джерелом	instrumental singular of джерело́	[d͡ʒereˈɫɔm]
7662	відмінність	difference, distinction	[ʋʲidʲˈmʲinʲːisʲtʲ]
7663	карел	Kareli, Karelian	[kɐˈrɛɫ]
7664	офіціант	waiter	[ɔfʲit͡sʲiˈant]
7665	черепаха	turtle, tortoise	[t͡ʃereˈpaxɐ]
7666	статуї	genitive/dative/locative singular	[ˈstatʊji]
7667	гучний	loud, resonant, resounding, sonorous	[ɦʊt͡ʃˈnɪi̯]
7668	мовчки	silently, in silence, tacitly, mutely	[ˈmɔu̯t͡ʃke]
7669	жерти	to devour, to gobble, to gorge oneself on, to scoff	[ˈʒɛrte]
7670	трагедії	genitive singular of траге́дія	[trɐˈɦɛdʲiji]
7671	морський	marine, nautical, maritime, sea	[mɔrˈsʲkɪi̯]
7672	залізо	iron	[zɐˈlʲizɔ]
7673	відмінити	to alter	[ʋʲidʲmʲiˈnɪte]
7674	смердючий	stinking, stinky	[smerˈdʲut͡ʃei̯]
7675	низький	low	[nezʲˈkɪi̯]
7676	кілометри	nominative/accusative/vocative plural of кіломе́тр	[kʲiɫɔˈmɛtre]
7677	єднатися	to incorporate, unite, yoke	[jedˈnatesʲɐ]
7678	заарештують	third-person plural future indicative of заарештува́ти pf	[zɐareʃˈtujʊtʲ]
7679	інсулін	insulin	[insʊˈlʲin]
7680	прощатися	to say goodbye, to bid farewell, to take one's leave	[prɔʃˈt͡ʃatesʲɐ]
7681	підрозділи	nominative/accusative/vocative plural of підро́зділ	[pʲiˈdrɔzʲdʲiɫe]
7682	високої	feminine genitive singular of висо́кий	[ʋeˈsɔkɔji]
7683	директору	dative singular of дире́ктор	[deˈrɛktɔrʊ]
7684	прискорити	to accelerate, to speed up, to hasten, to quicken	[preˈskɔrete]
7685	талановитий	talented	[tɐɫɐnɔˈʋɪtei̯]
7686	вигадка	fiction, fabrication	[ˈʋɪɦɐdkɐ]
7687	співробітники	nominative/vocative plural of співробі́тник	[sʲpʲiu̯roˈbʲitneke]
7688	державний	state	[derˈʒau̯nei̯]
7689	книжці	dative/locative singular of кни́жка	[ˈknɪzʲt͡sʲi]
7690	цікавість	curiosity	[t͡sʲiˈkaʋʲisʲtʲ]
7691	нашкодити	to harm	[nɐʃˈkɔdete]
7692	важливість	importance	[ʋɐʒˈɫɪʋʲisʲtʲ]
7693	здогадатися	to guess, to conjecture, to surmise	[zdɔɦɐˈdatesʲɐ]
7694	виконавчий	executive	[ʋekɔˈnau̯t͡ʃei̯]
7695	лебідь	swan	[ˈɫɛbʲidʲ]
7696	четвертої	feminine genitive singular of четве́ртий	[t͡ʃetˈʋɛrtɔji]
7697	письменником	instrumental singular of письме́нник	[pesʲˈmɛnːekɔm]
7698	центральній	feminine dative/locative singular of центра́льний	[t͡senˈtralʲnʲii̯]
7699	йогурт	yogurt	[ˈjɔɦʊrt]
7700	минулим	instrumental masculine/neuter singular	[meˈnuɫem]
7701	стежка	trail, track, path	[ˈstɛʒkɐ]
7702	вчила	feminine singular past imperfective of вчи́ти	[ˈʍt͡ʃɪɫɐ]
7703	реальности	genitive singular of реа́льність	[reˈalʲnɔste]
7704	заперечує	third-person singular present indicative of запере́чувати…	[zɐpeˈrɛt͡ʃʊje]
7705	голубий	light blue	[ɦɔɫʊˈbɪi̯]
7706	оргазму	genitive singular of орга́зм	[ɔrˈɦazmʊ]
7707	фермент	enzyme	[ferˈmɛnt]
7708	найбільші	nominative plural	[nɐi̯ˈbʲilʲʃʲi]
7709	розбився	masculine singular past indicative of розби́тися pf	[rɔzˈbɪu̯sʲɐ]
7710	зали	hall	[ˈzaɫe]
7711	колода	block, log	[kɔˈɫɔdɐ]
7712	виспатися	to get a good night's sleep, to sleep enough, to sleep…	[ˈʋɪspɐtesʲɐ]
7713	академія	academy	[ɐkɐˈdɛmʲijɐ]
7714	раба	female slave	[rɐˈba]
7715	слідкувати	to follow, to track, to trace	[sʲlʲidkʊˈʋate]
7716	бавитися	to have fun, to amuse oneself	[ˈbaʋetesʲɐ]
7717	повернула	feminine singular past indicative of поверну́ти pf	[pɔʋerˈnuɫɐ]
7718	турне	tour	[tʊrˈnɛ]
7719	стверджують	third-person plural present indicative of стве́рджувати impf	[ˈstʋɛrd͡ʒʊjʊtʲ]
7720	потужна	feminine nominative/vocative singular of поту́жний	[poˈtuʒnɐ]
7721	запальничку	accusative singular of запальни́чка	[zɐpɐlʲˈnɪt͡ʃkʊ]
7722	ворожі	nominative plural	[wɔˈrɔʒʲi]
7723	зелене	neuter nominative singular	[zeˈɫɛne]
7724	дружби	genitive singular	[ˈdruʒbe]
7725	палить	third-person singular present of пали́ти impf	[ˈpaɫetʲ]
7726	дійсності	genitive/dative/locative singular of ді́йсність	[ˈdʲii̯snɔsʲtʲi]
7727	розмовляй	second-person singular imperative of розмовля́ти impf	[rɔzmɔu̯ˈlʲai̯]
7728	активність	activity	[ɐkˈtɪu̯nʲisʲtʲ]
7729	котів	male cat, tomcat	[koˈtʲiu̯]
7730	завантажити	to load	[zɐʋɐnˈtaʒete]
7731	російський	Russian	[roˈsʲii̯sʲkei̯]
7732	напередодні	the day before	[nɐpereˈdɔdʲnʲi]
7733	вистачити	to suffice, to be sufficient, to be enough	[ˈʋɪstɐt͡ʃete]
7734	скрип	squeak, creak, crunch	[skrɪp]
7735	адреналін	adrenalin	[ɐdrenɐˈlʲin]
7736	виключення	exclusion	[ˈʋɪklʲʊt͡ʃenʲːɐ]
7737	найбільшого	masculine/neuter genitive singular	[nɐi̯ˈbʲilʲʃɔɦɔ]
7738	літератури	genitive singular	[lʲiterɐˈture]
7739	журнали	nominative/accusative/vocative plural of журна́л	[ʒʊrˈnaɫe]
7740	чують	third-person plural present imperfective of чу́ти	[ˈt͡ʃujʊtʲ]
7741	клітку	accusative singular of клі́тка	[ˈklʲitkʊ]
7742	власноруч	with one's own hands, by one's own hand	[wɫɐsnoˈrut͡ʃ]
7743	видає	third-person singular present indicative of видава́ти impf	[ʋedɐˈjɛ]
7744	наук	genitive plural of нау́ка	[nɐˈuk]
7745	досягнути	to achieve, to attain, to reach	[dɔsʲɐɦˈnute]
7746	відбутися	to happen, to occur, to take place, to come about, to be…	[ʋʲidˈbutesʲɐ]
7747	коріння	roots	[koˈrʲinʲːɐ]
7748	грудень	December	[ˈɦrudenʲ]
7749	розбила	feminine singular past indicative of розби́ти pf	[rɔzˈbɪɫɐ]
7750	електрика	electricity	[eˈɫɛktrekɐ]
7751	винищувач	destroyer, exterminator	[ʋeˈnɪʃt͡ʃʊʋɐt͡ʃ]
7752	злодія	genitive/accusative singular of зло́дій	[ˈzɫɔdʲijɐ]
7753	відповіси	second-person singular future of відпові́сти́ pf	[ʋʲidpɔʋʲiˈsɪ]
7754	скелет	skeleton	[skeˈɫɛt]
7755	лідером	instrumental singular of лі́дер	[ˈlʲiderɔm]
7756	скажений	rabid	[skɐˈʒɛnei̯]
7757	видатний	outstanding, eminent, prominent, distinguished	[ʋedɐtˈnɪi̯]
7758	ядро	core, kernel	[jɐˈdrɔ]
7759	надішліть	second-person plural imperative of надісла́ти pf	[nɐdʲiʃˈlʲitʲ]
7760	десятиліття	decade	[desʲɐteˈlʲitʲːɐ]
7761	наший	second-person singular imperative perfective of наши́ти	[ˈnaʃei̯]
7762	реклами	genitive singular	[reˈkɫame]
7763	спирт	alcohol, spirits	[spɪrt]
7764	голубів	genitive/accusative plural of го́луб	[ˈɦɔɫʊbʲiu̯]
7765	загальна	nominative feminine singular of зага́льний	[zɐˈɦalʲnɐ]
7766	невдача	failure	[neu̯ˈdat͡ʃɐ]
7767	кавою	instrumental singular of ка́ва	[ˈkawɔjʊ]
7768	збила	feminine singular past indicative of зби́ти pf	[ˈzbɪɫɐ]
7769	ракет	genitive plural of раке́та	[rɐˈkɛt]
7770	факультет	faculty	[fɐkʊlʲˈtɛt]
7771	мріє	vocative singular of мрі́я	[ˈmrʲije]
7772	середовище	environment, surroundings	[sereˈdɔʋeʃt͡ʃe]
7773	зазирнути	to look, to look in, to glance, to peek, to peep, to peer,…	[zɐzerˈnute]
7774	фіналі	locative singular of фіна́л	[fʲiˈnalʲi]
7775	втікати	to flee, to get away, to run away, to run off	[ʍtʲiˈkate]
7776	тренувати	to train	[trenʊˈʋate]
7777	бізнесмен	businessman	[bʲiznesˈmɛn]
7778	розкажете	second-person plural future indicative of розказа́ти pf	[rɔzˈkaʒete]
7779	млн	abbreviation of мільйон	
7780	приготування	preparation, preparations	[preɦɔtʊˈʋanʲːɐ]
7781	проститутка	whore, prostitute	[prɔsteˈtutkɐ]
7782	будь-де	anywhere	[budʲ ˈdɛ]
7783	співробітників	genitive/accusative plural of співробі́тник	[sʲpʲiu̯roˈbʲitnekʲiu̯]
7784	офіцером	instrumental singular of офіце́р	[ɔfʲiˈt͡sɛrɔm]
7785	цілуватися	to kiss	[t͡sʲiɫʊˈʋatesʲɐ]
7786	забава	fun, amusement, entertainment	[zɐˈbaʋɐ]
7787	тягати	to drag, to pull	[tʲɐˈɦate]
7788	місток	bridge	[mʲiˈstɔk]
7789	збити	to knock down	[ˈzbɪte]
7790	купатися	to bathe, to have/take a bath	[kʊˈpatesʲɐ]
7791	сімей	genitive plural of сім'я́	[sʲiˈmɛi̯]
7792	кетчуп	ketchup	[ˈkɛt͡ʃːʊp]
7793	відбувся	masculine singular past indicative of відбу́тися pf	[ʋʲidˈbuu̯sʲɐ]
7794	молоду	feminine accusative singular of молоди́й	[mɔɫoˈdu]
7795	банок	genitive plural of ба́нка	[ˈbanɔk]
7796	приватне	nominative/accusative neuter singular of прива́тний	[preˈʋatne]
7797	прийдіть	second-person plural imperative of прийти́ pf	[prei̯ˈdʲitʲ]
7798	професійний	professional	[prɔfeˈsʲii̯nei̯]
7799	зачинити	to close, to shut, to lock	[zɐt͡ʃeˈnɪte]
7800	жорстокі	nominative plural	[ʒɔrˈstɔkʲi]
7801	сусідній	neighbouring, neighboring	[sʊˈsʲidʲnʲii̯]
7802	снаряд	shell, missile, projectile	[snɐˈrʲad]
7803	ранній	early	[ˈranʲːii̯]
7804	пообіцяти	to promise, to pledge	[pɔɔbʲiˈt͡sʲate]
7805	мотиви	nominative/accusative/vocative plural of моти́в	[mɔˈtɪʋe]
7806	легке	neuter nominative/accusative singular of легки́й	[ɫeɦˈkɛ]
7807	особливим	masculine/neuter instrumental singular	[ɔsɔˈbɫɪʋem]
7808	гармата	cannon	[ɦɐrˈmatɐ]
7809	одною	instrumental feminine singular of оди́н	[ɔdˈnɔjʊ]
7810	парашут	parachute	[pɐrɐˈʃut]
7811	смітник	garbage can	[sʲmʲitˈnɪk]
7812	істина	truth	[ˈistenɐ]
7813	викид	discharge, emission	[ˈʋɪked]
7814	небесний	heavenly	[neˈbɛsnei̯]
7815	видів	kind, sort	[ˈʋɪdʲiu̯]
7816	пляма	spot, stain	[ˈplʲamɐ]
7817	заявила	feminine singular past indicative of заяви́ти	[zɐjɐˈʋɪɫɐ]
7818	іспанії	genitive/dative/locative singular of Іспа́нія	
7819	росія	Russia	[roˈsʲijɐ]
7820	коштів	funds; allowance	[ˈkɔʃtʲiu̯]
7821	готуйте	second-person plural imperative imperfective of готува́ти	[ɦoˈtui̯te]
7822	погуляти	to go for a walk, to take a walk, to stroll for a while	[pɔɦʊˈlʲate]
7823	повазі	dative/locative singular of пова́га	[pɔˈʋazʲi]
7824	престол	throne	[preˈstɔɫ]
7825	основу	accusative singular of осно́ва	[ɔsˈnɔwʊ]
7826	секунда	second	[seˈkundɐ]
7827	перемогою	instrumental singular of перемо́га	[pereˈmɔɦɔjʊ]
7828	явище	phenomenon	[ˈjaʋeʃt͡ʃe]
7829	спортом	sport	[ˈspɔrtɔm]
7830	учила	feminine singular past imperfective of учи́ти	[ʊˈt͡ʃɪɫɐ]
7831	свіжий	fresh	[ˈsʲʋʲiʒei̯]
7832	богдан	genitive/accusative plural of Богда́на	
7833	хитрість	cunning, craftiness, trickery, ruse	[ˈxɪtʲrʲisʲtʲ]
7834	уранці	alternative form of вра́нці	[ʊˈranʲt͡sʲi]
7835	попереджала	feminine singular past of попереджа́ти impf	[pɔpereˈd͡ʒaɫɐ]
7836	боєприпаси	ammunition, munitions	[bɔjepreˈpase]
7837	метри	meter/metre	[ˈmɛtre]
7838	небіжчик	a deceased person	[neˈbʲiʒt͡ʃek]
7839	олівець	pencil	[ɔlʲiˈʋɛt͡sʲ]
7840	бич	whip, scourge	[bɪt͡ʃ]
7841	голодним	masculine/neuter instrumental singular	[ɦɔˈɫɔdnem]
7842	слухали	plural past imperfective of слу́хати	[ˈsɫuxɐɫe]
7843	відчепіться	second-person plural imperative of відчепи́тися pf	[ʋʲid͡ʒt͡ʃeˈpʲit͡sʲːɐ]
7844	набрати	to collect, to gather	[nɐˈbrate]
7845	пробудження	waking up, awaking, awakening	[proˈbud͡ʒenʲːɐ]
7846	худий	thin, skinny	[xʊˈdɪi̯]
7847	зараження	infection	[zɐˈraʒenʲːɐ]
7848	працюючи	present adverbial participle of працюва́ти	[prɐˈt͡sʲujʊt͡ʃe]
7849	звернення	appeal	[ˈzʋɛrnenʲːɐ]
7850	миш	mouse	[mɪʃ]
7851	запевнити	to assure, to convince, to persuade, to reassure	[zɐˈpɛu̯nete]
7852	капітал	capital	[kɐpʲiˈtaɫ]
7853	занепокоєння	anxiety, concern, disquiet, uneasiness, worry	[zɐnepɔˈkɔjenʲːɐ]
7854	вимикати	to switch off, to turn off	[ʋemeˈkate]
7855	зелених	genitive/locative plural	[zeˈɫɛnex]
7856	брами	genitive singular of бра́ма	[ˈbrame]
7857	засобів	genitive plural of за́сіб	[ˈzasɔbʲiu̯]
7858	спільно	jointly, together, collaboratively, conjointly, in concert,…	[ˈsʲpʲilʲnɔ]
7859	досьє	dossier	[dɔˈsʲjɛ]
7860	диня	melon	[ˈdɪnʲɐ]
7861	переможу	first-person singular future indicative of перемогти́ pf	[pereˈmɔʒʊ]
7862	увезти	alternative form of ввезти́ pf	[ʊʋezˈtɪ]
7863	відкривайте	second-person plural imperative of відкрива́ти impf	[ʋʲidkreˈʋai̯te]
7864	по-різному	differently, in different ways, in various ways	[pɔ ˈrʲiznɔmʊ]
7865	польського	genitive masculine/neuter singular	[ˈpɔlʲsʲkɔɦɔ]
7866	прототип	prototype	[prɔtɔˈtɪp]
7867	прямісінько	directly, direct, straight, dead straight	[prʲɐˈmʲisʲinʲkɔ]
7868	направити	to direct	[nɐˈpraʋete]
7869	світле	neuter nominative/accusative singular of сві́тлий	[ˈsʲʋʲitɫe]
7870	кіл	stake, spicket, pale	[kʲiɫ]
7871	розтин	autopsy	[ˈrɔzten]
7872	спільна	feminine nominative/vocative singular of спі́льний	[ˈsʲpʲilʲnɐ]
7873	робіт	genitive plural of робо́та	[roˈbʲit]
7874	щомісяця	each month, every month, monthly	[ʃt͡ʃoˈmʲisʲɐt͡sʲɐ]
7875	готуватися	to get ready, to prepare, to prepare oneself, to get…	[ɦɔtʊˈʋatesʲɐ]
7876	схвильований	adjectival past passive participle of схвилюва́ти pf	[sxʋeˈlʲɔʋɐnei̯]
7877	довірити	to entrust	[dɔˈʋʲirete]
7878	місяцями	instrumental plural of мі́сяць	[mʲisʲɐˈt͡sʲame]
7879	переконана	nominative feminine singular of переко́наний	[pereˈkɔnɐnɐ]
7880	захоплений	captivated, delighted, enraptured, enthusiastic, rapt	[zɐˈxɔpɫenei̯]
7881	подібний	similar, alike	[poˈdʲibnei̯]
7882	радій	radium	[ˈradʲii̯]
7883	закінчувати	to end, to finish, to complete, to conclude	[zɐˈkʲint͡ʃʊʋɐte]
7884	петра	genitive/accusative singular of Петро	
7885	гарантії	genitive/dative/locative singular	[ɦɐˈranʲtʲiji]
7886	білої	genitive feminine singular of бі́лий	[ˈbʲiɫɔji]
7887	жирна	nominative feminine singular of жи́рний	[ˈʒɪrnɐ]
7888	злу	evil, wrong	[zɫu]
7889	виконував	masculine singular past indicative of вико́нувати impf	[ʋeˈkɔnʊʋɐu̯]
7890	дивом	instrumental singular of ди́во	[ˈdɪwɔm]
7891	виразно	expressively	[ʋeˈraznɔ]
7892	щоранку	every morning, each morning	[ʃt͡ʃɔˈrankʊ]
7893	гольфа	golf	[ˈɦɔlʲfɐ]
7894	метра	meter/metre	[ˈmɛtrɐ]
7895	проходити	to go, to pass, to walk	[prɔˈxɔdete]
7896	метафора	metaphor	[meˈtafɔrɐ]
7897	картоплю	accusative singular of карто́пля	[kɐrˈtɔplʲʊ]
7898	думкою	instrumental singular of ду́мка	[ˈdumkɔjʊ]
7899	посилає	third-person singular present indicative of посила́ти impf	[pɔseˈɫaje]
7900	примара	vision in a dream	[preˈmarɐ]
7901	перебуваю	first-person singular present indicative of перебува́ти impf	[perebʊˈʋajʊ]
7902	органів	genitive plural of о́рган	[ˈɔrɦɐnʲiu̯]
7903	психічно	mentally, psychically	[pseˈxʲit͡ʃnɔ]
7904	клімат	climate	[ˈklʲimɐt]
7905	вітай	second-person singular imperative of віта́ти	[ʋʲiˈtai̯]
7906	легкого	masculine/neuter genitive singular	[ɫeɦˈkɔɦɔ]
7907	найкращою	feminine instrumental singular of найкра́щий	[nɐi̯ˈkraʃt͡ʃɔjʊ]
7908	близнюки	nominative/vocative plural of близню́к	[bɫezʲnʲʊˈkɪ]
7909	міць	power, strength, might	[mʲit͡sʲ]
7910	зачиняються	third-person plural present indicative of зачиня́тися impf	[zɐt͡ʃeˈnʲajʊt͡sʲːɐ]
7911	білою	instrumental feminine singular of бі́лий	[ˈbʲiɫɔjʊ]
7912	гуляю	first-person singular present imperfective of гуля́ти	[ɦʊˈlʲajʊ]
7913	покажуть	third-person plural future perfective of показа́ти	[pɔˈkaʒʊtʲ]
7914	повести	to move	[pɔʋeˈstɪ]
7915	здоровим	masculine/neuter instrumental singular	[zdɔˈrɔʋem]
7916	їзді	dative/locative singular of їзда́	[jizʲˈdʲi]
7917	дивитесь	second-person plural present imperfective of диви́тися	[ˈdɪʋetesʲ]
7918	ліг	masculine singular past indicative of лягти́ pf	[lʲiɦ]
7919	мовляв	Introducing reported speech: saying, he/she says, they say,…	[mɔu̯ˈlʲau̯]
7920	зростати	to grow	[zrɔˈstate]
7921	стратегії	genitive/dative/locative singular	[strɐˈtɛɦʲiji]
7922	порушувати	to break, to breach, to violate, to contravene, to…	[poˈruʃʊʋɐte]
7923	смакота	taste	[smɐkɔˈta]
7924	змінюють	third-person plural present indicative of змі́нювати impf	[ˈzʲmʲinʲʊjʊtʲ]
7925	куртки	genitive singular	[ˈkurtke]
7926	фотка	a photo, a photograph	[ˈfɔtkɐ]
7927	трав	genitive plural of трава́	[trau̯]
7928	тепле	neuter nominative singular	[ˈtɛpɫe]
7929	оборону	accusative singular of оборо́на	[ɔbɔˈrɔnʊ]
7930	інженери	nominative/vocative plural of інжене́р	[inʒeˈnɛre]
7931	шкірою	instrumental singular of шкі́ра	[ˈʃkʲirɔjʊ]
7932	лимон	lemon	[ɫeˈmɔn]
7933	десятка	ten	[deˈsʲatkɐ]
7934	подружжя	married couple, husband and wife	[poˈdruʒʲːɐ]
7935	стрибнути	to jump, to leap, to bound, to spring, to skip	[strebˈnute]
7936	феєрверків	genitive plural of феєрве́рк	[fejerˈʋɛrkʲiu̯]
7937	доїхати	to arrive, to reach	[dɔˈjixɐte]
7938	золоту	accusative feminine singular of золоти́й	[zɔɫoˈtu]
7939	допомагала	feminine singular past indicative of допомага́ти impf	[dɔpɔmɐˈɦaɫɐ]
7940	помада	pomade	[pɔˈmadɐ]
7941	розпізнати	to recognize, to discern, to identify	[rɔzʲpʲizˈnate]
7942	наступ	offensive, drive	[ˈnastʊp]
7943	палати	to blaze, to flame, to be ablaze, to be aflame	[pɐˈɫate]
7944	категорично	categorically	[kɐteɦɔˈrɪt͡ʃnɔ]
7945	дзвоник	bell	[ˈd͡zwɔnek]
7946	поразка	defeat	[pɔˈrazkɐ]
7947	зайдете	second-person plural future indicative of зайти́ pf	[ˈzai̯dete]
7948	тітко	vocative singular of ті́тка	[ˈtʲitkɔ]
7949	видання	edition	[ʋeˈdanʲːɐ]
7950	особняк	mansion	[ɔsɔbˈnʲak]
7951	паніка	panic	[ˈpanʲikɐ]
7952	думаючи	present adverbial participle of ду́мати	[ˈdumɐjʊt͡ʃe]
7953	поснідати	to have breakfast, to breakfast	[posʲˈnʲidɐte]
7954	рослин	genitive plural of росли́на	[rɔsˈɫɪn]
7955	противника	genitive/accusative singular of проти́вник	[prɔˈtɪu̯nekɐ]
7956	бігають	third-person plural present imperfective of бі́гати	[ˈbʲiɦɐjʊtʲ]
7957	роках	year	[ˈrɔkɐx]
7958	песо	peso	[ˈpɛsɔ]
7959	воротам	dative plural of воро́та	[wɔˈrɔtɐm]
7960	сьогодення	the present, the present day	[sʲɔɦɔˈdɛnʲːɐ]
7961	гострі	nominative plural	[ˈɦɔstʲrʲi]
7962	чіп	nub, tap	[t͡ʃʲip]
7963	подряпини	genitive singular	[pɔˈdʲrʲapene]
7964	внутрішні	nominative plural	[ˈwnutʲrʲiʃnʲi]
7965	представників	genitive/accusative plural of представни́к	[pred͡zstɐu̯neˈkʲiu̯]
7966	дрібниця	trifle, small matter	[dʲrʲibˈnɪt͡sʲɐ]
7967	гавкіт	bark, barking	[ˈɦau̯kʲit]
7968	додатково	additionally	[dɔdɐtˈkɔwɔ]
7969	страва	dish	[ˈstraʋɐ]
7970	замінить	third-person singular future indicative perfective of…	[zɐˈmʲinetʲ]
7971	скорочення	abbreviation	[skɔˈrɔt͡ʃenʲːɐ]
7972	мапа	map	[ˈmapɐ]
7973	пригадаю	first-person singular future indicative of пригада́ти pf	[preɦɐˈdajʊ]
7974	фінансовий	financial	[fʲiˈnansɔʋei̯]
7975	дивовижне	neuter nominative/accusative/vocative singular of…	[dewɔˈʋɪʒne]
7976	заслужити	to deserve, to merit, to be worthy of, to earn + accusative	[zɐsɫʊˈʒɪte]
7977	міська	nominative feminine singular of міськи́й	[mʲiˈsʲka]
7978	збираємо	first-person plural present indicative of збира́ти impf	[zbeˈrajemɔ]
7979	руда	ore	[rʊˈda]
7980	ядра	genitive singular of ядро́	[jɐˈdra]
7981	дорогах	locative plural of доро́га	[dɔˈrɔɦɐx]
7982	кордоні	locative singular of кордо́н	[kɔrˈdɔnʲi]
7983	обговорили	plural past of обговори́ти pf	[ɔbɦɔwɔˈrɪɫe]
7984	боролась	feminine singular past indicative of боро́тися impf	[bɔˈrɔɫɐsʲ]
7985	пускати	to let go, to release, to relinquish	[pʊˈskate]
7986	зламаний	broken, fractured	[ˈzɫamɐnei̯]
7987	поезія	poetry	[pɔˈɛzʲijɐ]
7988	крах	collapse, crash, failure, ruin	[krax]
7989	мандрівник	traveler	[mɐnˈdʲrʲiu̯nek]
7990	результату	genitive singular	[rezʊlʲˈtatʊ]
7991	закриття	verbal noun of закри́ти pf: closing, closure, closedown,…	[zɐkreˈtʲːa]
7992	холодне	neuter nominative/accusative singular of холо́дний	[xɔˈɫɔdne]
7993	сперма	sperm, semen	[ˈspɛrmɐ]
7994	вдало	successfully	[ˈwdaɫɔ]
7995	сиром	cheese	[ˈsɪrɔm]
7996	попісяти	to take a piss	[poˈpʲisʲɐte]
7997	фізик	physicist	[ˈfʲizek]
7998	збір	assembly, gathering	[zʲbʲir]
7999	кишенькові	nominative plural	[keʃenʲˈkɔʋʲi]
8000	верхом	on horseback	[ʋerˈxɔm]
8001	захищають	third-person plural present indicative of захища́ти impf	[zɐxeʃˈt͡ʃajʊtʲ]
8002	лампочка	light bulb	[ˈɫampɔt͡ʃkɐ]
8003	культур	genitive plural of культу́ра	[kʊlʲˈtur]
8004	відкривається	third-person singular present indicative of відкрива́тися…	[ʋʲidkreˈʋajet͡sʲːɐ]
8005	пік	peak, summit	[pʲik]
8006	програти	to lose	[prɔˈɦrate]
8007	виглядатиме	third-person singular synthetic future indicative of…	[ʋeɦlʲɐˈdateme]
8008	шерсть	wool	[ʃɛrsʲtʲ]
8009	болем	ache, pain	[ˈbɔɫem]
8010	виявлення	manifestation, display	[ˈʋɪjɐu̯ɫenʲːɐ]
8011	аватар	an avatar: a character that represents an Internet user	[ɐʋɐˈtar]
8012	спатиму	first-person singular synthetic future indicative…	[ˈspatemʊ]
8013	сучасний	modern	[sʊˈt͡ʃasnei̯]
8014	турбують	third-person plural present indicative of турбува́ти impf	[tʊrˈbujʊtʲ]
8015	подобалися	plural past indicative of подо́батися impf	[pɔˈdɔbɐɫesʲɐ]
8016	відкинути	to throw off, to throw away, to cast off, to cast away	[ʋʲidˈkɪnʊte]
8017	страхування	insurance	[strɐxʊˈʋanʲːɐ]
8018	снайпер	sniper	[ˈsnai̯per]
8019	інструкція	instruction, directive	[inˈstrukt͡sʲijɐ]
8020	подорожей	journey, travel	[ˈpɔdɔrɔʒei̯]
8021	директорів	genitive/accusative plural of дире́ктор	[derektoˈrʲiu̯]
8022	поширення	expansion	[pɔˈʃɪrenʲːɐ]
8023	космічної	feminine genitive singular of космі́чний	[kosʲˈmʲit͡ʃnɔji]
8024	фільтр	filter	[fʲilʲtr]
8025	тяжкий	heavy	[tʲɐʒˈkɪi̯]
8026	відступати	to back away, to back off, to step away, to step back, to…	[ʋʲid͡zstʊˈpate]
8027	читаєте	second-person plural present imperfective of чита́ти	[t͡ʃeˈtajete]
8028	сорочки	genitive singular of соро́чка	[sɔˈrɔt͡ʃke]
8029	переляканий	frightened, scared	[pereˈlʲakɐnei̯]
8030	голки	genitive singular of го́лка	[ˈɦɔɫke]
8031	зізнаюся	first-person singular present indicative of зізнава́тися…	[zʲiznɐˈjusʲɐ]
8032	спорядження	equipment	[spɔˈrʲad͡ʒenʲːɐ]
8033	туристів	genitive/accusative plural of тури́ст	[tʊˈrɪsʲtʲiu̯]
8034	науковець	scientist	[nɐʊˈkɔʋet͡sʲ]
8035	зустрічала	feminine singular past of зустріча́ти impf	[zʊstʲrʲiˈt͡ʃaɫɐ]
8036	сперечалися	plural past indicative of спереча́тися impf	[spereˈt͡ʃaɫesʲɐ]
8037	поширюється	third-person singular present indicative of поши́рюватися…	[pɔˈʃɪrʲʊjet͡sʲːɐ]
8038	падати	to drop	[ˈpadɐte]
8039	коза	goat	[kɔˈza]
8040	створюємо	first-person plural present indicative of ство́рювати impf	[ˈstwɔrʲʊjemɔ]
8041	ватажок	bearleader, chieftain, don, leader	[ʋɐtɐˈʒɔk]
8042	готуй	second-person singular imperative imperfective of готува́ти	[ɦoˈtui̯]
8043	оголосили	plural past indicative of оголоси́ти pf	[ɔɦɔɫɔˈsɪɫe]
8044	упродовж	alternative form of впродо́вж	[ʊprɔˈdɔu̯ʒ]
8045	противник	opponent, adversary, antagonist	[prɔˈtɪu̯nek]
8046	померло	neuter singular past indicative of поме́рти pf	[pɔˈmɛrɫɔ]
8047	убило	neuter singular past indicative perfective of уби́ти	[ʊˈbɪɫɔ]
8048	кенгуру	kangaroo	[kenɦʊˈru]
8049	сходила	feminine singular past indicative of схо́дити impf	[ˈsxɔdeɫɐ]
8050	перетворює	third-person singular present indicative of перетво́рювати…	[peretˈwɔrʲʊje]
8051	жартує	third-person singular present indicative of жартува́ти impf	[ʒɐrˈtuje]
8052	релігію	accusative singular of релі́гія	[reˈlʲiɦʲijʊ]
8053	кращому	masculine/neuter dative singular	[ˈkraʃt͡ʃɔmʊ]
8054	молодшим	instrumental masculine/neuter singular	[mɔˈɫɔd͡ʒʃem]
8055	передбачає	third-person singular present indicative of передбача́ти…	[peredbɐˈt͡ʃaje]
8056	забудете	second-person plural future indicative of забу́ти pf	[zɐˈbudete]
8057	тихого	masculine/neuter genitive singular	[ˈtɪxɔɦɔ]
8058	замовкнути	to fall silent, to stop talking, to shut up	[zɐˈmɔu̯knʊte]
8059	полях	locative plural of по́ле	[pɔˈlʲax]
8060	шина	tyre, tire	[ˈʃɪnɐ]
8061	представляти	to introduce, to present to be acquainted; bring into the…	[pred͡zstɐu̯ˈlʲate]
8062	ставок	pond	[stɐˈwɔk]
8063	строк	term	[strɔk]
8064	воїном	instrumental singular of во́їн	[ˈwɔjinɔm]
8065	тюльпан	tulip	[tʲʊlʲˈpan]
8066	лякати	to scare, to frighten	[lʲɐˈkate]
8067	весни	genitive singular of весна́	[ʋesˈnɪ]
8068	водив	masculine singular past imperfective of води́ти	[wɔˈdɪu̯]
8069	фахівець	specialist, expert	[fɐxʲiˈʋɛt͡sʲ]
8070	улюбленого	masculine/neuter genitive singular	[ʊˈlʲubɫenɔɦɔ]
8071	польський	Polish	[ˈpɔlʲsʲkei̯]
8072	міжнародний	international	[mʲiʒnɐˈrɔdnei̯]
8073	нервовий	nerve, nervous	[nerˈwɔʋei̯]
8074	машинах	locative plural of маши́на	[mɐˈʃɪnɐx]
8075	переживати	to survive, to outlive, to outlast	[pereʒeˈʋate]
8076	сходжу	first-person singular present indicative of схо́дити impf	[ˈsxɔd͡ʒʊ]
8077	бункер	bunker, hopper	[ˈbunker]
8078	дрібний	small, fractional	[dʲrʲibˈnɪi̯]
8079	болота	Russia	[bɔˈɫɔtɐ]
8080	кличте	second-person plural imperative of кли́кати impf	[ˈkɫɪt͡ʃte]
8081	відкриють	third-person plural future of відкри́ти pf	[ʋʲidˈkrɪjʊtʲ]
8082	затримувати	to detain, to hold back, to keep back, to stop	[zɐˈtrɪmʊʋɐte]
8083	вибухнула	feminine singular past indicative of ви́бухнути pf	[ˈʋɪbʊxnʊɫɐ]
8084	послуга	service	[ˈpɔsɫʊɦɐ]
8085	розібратись	alternative infinitive form of розібра́тися pf	[rɔzʲiˈbratesʲ]
8086	прихильність	affection, attachment, fondness	[preˈxɪlʲnʲisʲtʲ]
8087	розумніший	comparative degree of розу́мний	[rɔzʊmˈnʲiʃei̯]
8088	побажання	wish	
8089	останніми	instrumental plural of оста́нній	[ɔˈstanʲːime]
8090	відправляють	third-person plural present indicative of відправля́ти impf	[ʋʲidprɐu̯ˈlʲajʊtʲ]
8091	гуляш	goulash	[ɦʊˈlʲaʃ]
8092	відмовилися	plural past indicative of відмо́витися pf	[ʋʲidˈmɔʋeɫesʲɐ]
8093	конгрес	congress	[kɔnˈɦrɛs]
8094	тарілка	plate, dish	[tɐˈrʲiɫkɐ]
8095	обіймах	locative plural of обі́йми	[oˈbʲii̯mɐx]
8096	переможуть	third-person plural future indicative of перемогти́ pf	[pereˈmɔʒʊtʲ]
8097	мандарин	mandarin	[mɐndɐˈrɪn]
8098	марнувати	to waste, to squander, to dissipate	[mɐrnʊˈʋate]
8099	написаний	passive adjectival past participle of написа́ти pf	[nɐˈpɪsɐnei̯]
8100	категорії	genitive/dative/locative singular	[kɐteˈɦɔrʲiji]
8101	гуртів	a group of people	[ɦʊrˈtʲiu̯]
8102	фронті	front, battlefront	[ˈfrɔnʲtʲi]
8103	безнадійний	hopeless	[beznɐˈdʲii̯nei̯]
8104	каталізатор	catalyst	[kɐtɐlʲiˈzatɔr]
8105	відчуттям	instrumental singular	[ʋʲid͡ʒt͡ʃʊˈtʲːam]
8106	манатки	things, belongings, clobber	[mɐˈnatke]
8107	катастрофу	accusative singular of катастро́фа	[kɐtɐˈstrɔfʊ]
8108	кинджал	dagger, poniard	[kenˈd͡ʒaɫ]
8109	сум	sadness	[sum]
8110	пристрої	locative singular	[ˈprɪstrɔji]
8111	каша	gruel, oatmeal, porridge	[ˈkaʃɐ]
8112	знищують	third-person plural present indicative of зни́щувати impf	[ˈznɪʃt͡ʃʊjʊtʲ]
8113	відчуттів	genitive plural of відчуття́	[ʋʲid͡ʒt͡ʃʊˈtʲːiu̯]
8114	заборонити	to forbid, to prohibit, to ban	[zɐbɔrɔˈnɪte]
8115	кадри	personnel, cadre	[ˈkadre]
8116	благословенний	blessed	[bɫɐɦɔsɫɔˈʋɛnːei̯]
8117	глибока	feminine nominative singular of глибо́кий	[ɦɫeˈbɔkɐ]
8118	пасти	to graze, to pasture, to shepherd	[ˈpaste]
8119	замерз	masculine singular past indicative of заме́рзнути pf and…	[zɐˈmɛrz]
8120	сподівається	third-person singular present indicative of сподіва́тися…	[spɔdʲiˈʋajet͡sʲːɐ]
8121	кілометр	kilometer, kilometre	[kʲiɫɔˈmɛtr]
8122	астрономи	nominative/vocative plural of астроно́м	[ɐstrɔˈnɔme]
8123	журналіст	journalist	[ʒʊrnɐˈlʲist]
8124	полиці	genitive/dative/locative	[pɔˈɫɪt͡sʲi]
8125	побити	to beat, to hit, to strike	[pɔˈbɪte]
8126	стояло	neuter singular past indicative of стоя́ти	[stɔˈjaɫɔ]
8127	фільмом	film, movie	[ˈfʲilʲmɔm]
8128	російської	genitive feminine singular of росі́йський	[roˈsʲii̯sʲkɔji]
8129	температури	genitive singular	[temperɐˈture]
8130	селище	village, settlement	[ˈsɛɫeʃt͡ʃe]
8131	очікують	third-person plural present indicative of очі́кувати impf	[oˈt͡ʃʲikʊjʊtʲ]
8132	циклу	cycle	[ˈt͡sɪkɫʊ]
8133	зводити	to lead, to take	[ˈzwɔdete]
8134	звідкіля	From where, whence	[zʲʋʲidʲkʲiˈlʲa]
8135	звертатися	to turn + genitive case, to address	[zʋerˈtatesʲɐ]
8136	водах	locative plural of вода́	[ˈwɔdɐx]
8137	мудрий	wise, sage	[ˈmudrei̯]
8138	скупчення	accumulation, aggregation, buildup, cluster, concentration,…	[ˈskupt͡ʃenʲːɐ]
8139	середня	nominative feminine singular of сере́дній	[seˈrɛdʲnʲɐ]
8140	матеріалів	genitive plural of матеріа́л	[mɐterʲiˈalʲiu̯]
8141	руді	nominative plural	[rʊˈdʲi]
8142	порахувати	to count, to calculate	[pɔrɐxʊˈʋate]
8143	онуків	genitive/accusative plural of ону́к	[oˈnukʲiu̯]
8144	керівником	instrumental singular of керівни́к	[kerʲiu̯neˈkɔm]
8145	фан	A fan, someone who likes a celebrity or pop culture work	[fan]
8146	кльовий	cool, awesome	[ˈklʲɔʋei̯]
8147	стережіться	second-person plural imperative of стерегти́ся impf	[stereˈʒʲit͡sʲːɐ]
8148	командувати	to command, to issue commands	[kɔˈmandʊʋɐte]
8149	російських	genitive/locative plural	[roˈsʲii̯sʲkex]
8150	помилитися	to be mistaken	[pɔmeˈɫɪtesʲɐ]
8151	суботи	genitive singular of субо́та	[sʊˈbɔte]
8152	відчай	despair, desperation, despondency	[ˈʋʲid͡ʒt͡ʃɐi̯]
8153	наслідків	genitive plural of на́слідок	[ˈnasʲlʲidʲkʲiu̯]
8154	жеребець	stallion, stud horse	[ʒereˈbɛt͡sʲ]
8155	політичних	genitive plural	[pɔlʲiˈtɪt͡ʃnex]
8156	обійти	to circumvent, to go around, get around, bypass, outflank	[ɔbʲii̯ˈtɪ]
8157	вища	feminine nominative singular of ви́щий	[ˈʋɪʃt͡ʃɐ]
8158	наукове	neuter nominative/accusative singular of науко́вий	[nɐʊˈkɔʋe]
8159	копіювання	verbal noun of копіюва́ти impf: copying	[kɔpʲijʊˈʋanʲːɐ]
8160	нім	he	[nʲim]
8161	засуджую	first-person singular present indicative of засу́джувати…	[zɐˈsud͡ʒʊjʊ]
8162	шафа	cabinet, cupboard	[ˈʃafɐ]
8163	репортаж	reportage, reporting	[repɔrˈtaʒ]
8164	припиниться	third-person singular future indicative of припини́тися pf	[prepeˈnɪt͡sʲːɐ]
8165	мирний	peaceful	[ˈmɪrnei̯]
8166	колії	genitive/dative/locative singular	[ˈkɔlʲiji]
8167	здуріти	to go crazy, to go nuts, to go bonkers, to go off one's…	[zdʊˈrʲite]
8168	сміливість	boldness, daring, audacity, courage	[ˈsʲmʲiɫeʋʲisʲtʲ]
8169	зупиняється	third-person singular present indicative of зупиня́тися impf	[zʊpeˈnʲajet͡sʲːɐ]
8170	абсолютна	feminine singular of абсолю́тний	[ɐbsoˈlʲutnɐ]
8171	підніметься	third-person singular future indicative of підня́тися pf	[pʲidʲˈnʲimet͡sʲːɐ]
8172	себто	that is, that is to say, i.e	[ˈsɛbtɔ]
8173	мода	fashion, vogue	[ˈmɔdɐ]
8174	філософ	philosopher	[fʲiˈɫɔsɔf]
8175	розшукати	to track down, to find	[rɔʒʃʊˈkate]
8176	батарея	battery	[bɐtɐˈrɛjɐ]
8177	звернути	to turn	[zʋerˈnute]
8178	ліцензія	licence, license	[lʲiˈt͡sɛnʲzʲijɐ]
8179	наяву	in real life, while awake, not in a dream	[nɐjɐˈwu]
8180	мачо	macho	[ˈmat͡ʃɔ]
8181	інженера	genitive/accusative singular of інжене́р	[inʒeˈnɛrɐ]
8182	напружений	tense, strained	[nɐˈpruʒenei̯]
8183	входити	to enter	[ˈʍxɔdete]
8184	рівнем	instrumental singular of рі́вень	[ˈrʲiu̯nem]
8185	перешкодити	to prevent, to hinder, to obstruct, to impede, to hamper	[pereʃˈkɔdete]
8186	спортсмен	athlete, sportsman	[spɔrt͡sˈmɛn]
8187	залучити	to attract, to draw in, to engage, to enlist, to involve	[zɐɫʊˈt͡ʃɪte]
8188	пророк	prophet	[prɔˈrɔk]
8189	рахунків	genitive plural of раху́нок	[rɐˈxunʲkʲiu̯]
8190	ліхтарик	flashlight	[lʲixˈtarek]
8191	моряк	sailor, seafarer, seaman, mariner	[mɔˈrʲak]
8192	стрілець	shooter, marksman	[stʲrʲiˈɫɛt͡sʲ]
8193	відчуєте	second-person plural future indicative of відчу́ти pf	[ʋʲid͡ʒˈt͡ʃujete]
8194	тишина	silence, quietness, hush	[teʃeˈna]
8195	клітки	genitive singular of клі́тка	[ˈklʲitke]
8196	заберете	second-person plural future indicative of забра́ти pf	[zɐbereˈtɛ]
8197	особливу	feminine accusative singular of особли́вий	[ɔsɔˈbɫɪwʊ]
8198	малюю	first-person singular present imperfective of малюва́ти	[mɐˈlʲujʊ]
8199	ліками	instrumental plural of лі́ки	[ˈlʲikɐme]
8200	риб	genitive/accusative plural of ри́ба	[rɪb]
8201	стримувати	to restrain, to curb, to check, to hold in check, to keep…	[ˈstrɪmʊʋɐte]
8202	пиття	a drink, beverage	[peˈtʲːa]
8203	уявляти	to imagine	[ʊjɐu̯ˈlʲate]
8204	підозри	genitive singular	[pʲiˈdɔzre]
8205	закохатися	to fall in love	[zɐkɔˈxatesʲɐ]
8206	будівництва	genitive singular	[bʊdʲiu̯ˈnɪt͡stʋɐ]
8207	ракету	accusative singular of раке́та	[rɐˈkɛtʊ]
8208	подяка	thanks, thank-you	[pɔˈdʲakɐ]
8209	загибель	death, loss	[zɐˈɦɪbelʲ]
8210	заборонений	forbidden, prohibited, banned	[zɐbɔˈrɔnenei̯]
8211	поріг	doorstep	[poˈrʲiɦ]
8212	погляну	first-person singular future indicative of погля́нути pf	[pɔˈɦlʲanʊ]
8213	тримався	masculine singular past indicative of трима́тися impf	[treˈmau̯sʲɐ]
8214	пишіть	second-person plural imperative imperfective of писа́ти	[peˈʃʲitʲ]
8215	машинами	instrumental plural of маши́на	[mɐˈʃɪnɐme]
8216	кохаєте	second-person plural present imperfective of коха́ти	[kɔˈxajete]
8217	оця	nominative/vocative feminine singular of оце́й	[ɔˈt͡sʲa]
8218	наміру	genitive singular	[ˈnamʲirʊ]
8219	гордий	proud	[ˈɦɔrdei̯]
8220	велич	glory, splendor, greatness	[ˈʋɛɫet͡ʃ]
8221	додатковий	additional	[dɔdɐtˈkɔʋei̯]
8222	крапля	drop	[ˈkraplʲɐ]
8223	даруй	second-person singular imperative of дарува́ти impf or pf	[dɐˈrui̯]
8224	встану	first-person singular future indicative of вста́ти pf	[ˈʍstanʊ]
8225	адреси	nominative/accusative/vocative plural	[ɐˈdrɛse]
8226	підлога	floor	[pʲidˈɫɔɦɐ]
8227	спортивний	sporting, sports	[spɔrˈtɪu̯nei̯]
8228	встигнете	second-person plural future indicative of всти́гнути pf and…	[ˈʍstɪɦnete]
8229	рівняння	equation	[rʲiu̯ˈnʲanʲːɐ]
8230	цікавим	masculine/neuter instrumental singular	[t͡sʲiˈkaʋem]
8231	молюсь	first-person singular present imperfective of моли́тися	[moˈlʲusʲ]
8232	винищення	verbal noun of ви́нищити pf: annihilation, destruction,…	[ˈʋɪneʃt͡ʃenʲːɐ]
8233	зоряний	stellar, sidereal, astral, star	[ˈzɔrʲɐnei̯]
8234	порушити	to break, to breach, to violate, to contravene, to…	[poˈruʃete]
8235	промисловість	industry	[prɔmesˈɫɔʋʲisʲtʲ]
8236	здавати	to give, to hand over, to pass	[zdɐˈʋate]
8237	готівка	cash	[ɦoˈtʲiu̯kɐ]
8238	білим	dative plural	[ˈbʲiɫem]
8239	почуй	second-person singular imperative of почу́ти pf	[poˈt͡ʃui̯]
8240	маніяк	maniac	[mɐnʲiˈjak]
8241	баки	sideburns	[ˈbake]
8242	азії	genitive/dative/locative singular of А́зія	
8243	забили	plural past indicative perfective of заби́ти	[zɐˈbɪɫe]
8244	використовуй	second-person singular imperative of використо́вувати impf	[ʋekɔreˈstɔwʊi̯]
8245	олі	genitive/dative/locative singular	
8246	хімік	chemist	[ˈxʲimʲik]
8247	додаткових	genitive plural	[dɔdɐtˈkɔʋex]
8248	чашу	accusative singular of ча́ша	[ˈt͡ʃaʃʊ]
8249	обіцянок	genitive plural of обіця́нка	[ɔbʲiˈt͡sʲanɔk]
8250	вальс	waltz	[ʋalʲs]
8251	підлоги	genitive singular of підло́га	[pʲidˈɫɔɦe]
8252	вівторка	genitive singular of вівто́рок	[ʋʲiu̯ˈtɔrkɐ]
8253	раннього	masculine/neuter genitive singular	[ˈranʲːɔɦɔ]
8254	відійшла	feminine singular past indicative of відійти́ pf	[ʋʲidʲii̯ʃˈɫa]
8255	деяка	nominative feminine singular of де́який	[ˈdɛjɐkɐ]
8256	пизда	pussy, cunt, twat	[pezˈda]
8257	дівок	genitive/accusative plural of ді́вка	[dʲiˈwɔk]
8258	паразит	parasite	[pɐrɐˈzɪt]
8259	карати	to punish, chastise, castigate	[kɐˈrate]
8260	сподівалися	plural past indicative of сподіва́тися impf	[spɔdʲiˈʋaɫesʲɐ]
8261	пристойний	decent, becoming, decorous, proper, seemly	[preˈstɔi̯nei̯]
8262	стільця	genitive singular of стіле́ць	[sʲtʲilʲˈt͡sʲa]
8263	відпочивати	to relax, to have a rest, to take a rest	[ʋʲidpɔt͡ʃeˈʋate]
8264	мрією	instrumental singular of мрі́я	[ˈmrʲijejʊ]
8265	милостивий	kind, gracious, merciful	[ˈmɪɫɔsteʋei̯]
8266	готелем	instrumental singular of готе́ль	[ɦɔˈtɛɫem]
8267	різдвяний	Christmas	[rʲizdʲˈʋʲanei̯]
8268	вакцина	vaccine	[ʋɐkˈt͡sɪnɐ]
8269	свіжа	feminine nominative singular of сві́жий	[ˈsʲʋʲiʒɐ]
8270	кишенях	locative plural of кише́ня	[keˈʃɛnʲɐx]
8271	витріщатися	to open wide	[ʋetʲrʲiʃˈt͡ʃatesʲɐ]
8272	впевненість	assuredness, assurance, confidence, certainty	[ˈʍpɛu̯nenʲisʲtʲ]
8273	плануємо	first-person plural present imperfective of планува́ти	[pɫɐˈnujemɔ]
8274	буква	letter	[ˈbukʋɐ]
8275	сваритися	to quarrel, to altercate	[sʋɐˈrɪtesʲɐ]
8276	умова	condition, stipulation, clause, term	[ʊˈmɔʋɐ]
8277	французький	French	[frɐnˈt͡suzʲkei̯]
8278	дистанцію	accusative singular of диста́нція	[deˈstanʲt͡sʲijʊ]
8279	позбавлення	verbal noun of позба́вити pf: deprivation, dispossession	[pɔzˈbau̯ɫenʲːɐ]
8280	ляльки	nominative/accusative/vocative plural of ля́лька	[lʲɐlʲˈkɪ]
8281	корм	feed, fodder, food for animals	[kɔrm]
8282	подруг	genitive/accusative plural of по́друга	[ˈpɔdrʊɦ]
8283	попит	demand	[ˈpɔpet]
8284	вершки	cream	[ʋerʃˈkɪ]
8285	знатимуть	third-person plural synthetic future indicative of зна́ти…	[ˈznatemʊtʲ]
8286	вільних	genitive/locative plural	[ˈʋʲilʲnex]
8287	європейських	genitive plural	[jeu̯rɔˈpɛi̯sʲkex]
8288	посилати	to send	[pɔseˈɫate]
8289	певної	feminine genitive singular of пе́вний	[ˈpɛu̯nɔji]
8290	партнерство	partnership	[pɐrtˈnɛrstwɔ]
8291	качок	genitive/accusative plural of ка́чка	[ˈkat͡ʃɔk]
8292	кільця	genitive singular of кільце́	[kʲilʲˈt͡sʲa]
8293	яскравий	bright	[jɐˈskraʋei̯]
8294	обміну	genitive singular	[ˈɔbmʲinʊ]
8295	груба	stove	[ˈɦrubɐ]
8296	дошку	accusative singular of до́шка	[ˈdɔʃkʊ]
8297	інвестиції	genitive/dative/locative singular	[inʋeˈstɪt͡sʲiji]
8298	обирай	second-person singular imperative imperfective of обира́ти	[ɔbeˈrai̯]
8299	особистості	genitive/dative/locative singular	[ɔsɔˈbɪstɔsʲtʲi]
8300	миса	a large bowl	[ˈmɪsɐ]
8301	інфекція	infection	[inˈfɛkt͡sʲijɐ]
8302	піднімати	to lift, to raise, to elevate, to hike, to hoist	[pʲidʲnʲiˈmate]
8303	мислити	to think	[ˈmɪsɫete]
8304	підтримували	plural past indicative of підтри́мувати impf	[pʲidˈtrɪmʊʋɐɫe]
8305	колишнім	masculine/neuter instrumental singular	[kɔˈɫɪʃnʲim]
8306	натурал	a heterosexual, a straight	[nɐtʊˈraɫ]
8307	встигла	feminine singular past indicative of всти́гнути pf and…	[ˈʍstɪɦɫɐ]
8308	глибоке	neuter nominative/accusative singular of глибо́кий	[ɦɫeˈbɔke]
8309	китайський	Chinese	[keˈtai̯sʲkei̯]
8310	обвинувачений	accused	[ɔbʋenʊˈʋat͡ʃenei̯]
8311	напишеш	second-person singular future perfective of написа́ти	[nɐˈpɪʃeʃ]
8312	торкнутися	to touch	[torkˈnutesʲɐ]
8313	рання	morning, morning time	[ˈranʲːɐ]
8314	відібрати	to take away, to take	[ʋʲidʲiˈbrate]
8315	справжніми	instrumental plural of спра́вжній	[ˈsprau̯ʒnʲime]
8316	кинувся	masculine singular past indicative of ки́нутися pf	[ˈkɪnʊu̯sʲɐ]
8317	виразити	to express	[ˈʋɪrɐzete]
8318	кварталах	locative plural of кварта́л	[kʋɐrˈtaɫɐx]
8319	розгляду	genitive/dative/locative singular of ро́згляд	[ˈrɔzɦlʲɐdʊ]
8320	взялась	feminine singular past indicative of взя́тися pf	[ˈwzʲaɫɐsʲ]
8321	мартина	genitive/accusative singular of марти́н	[mɐrˈtɪnɐ]
8322	скринька	a box	[ˈskrɪnʲkɐ]
8323	хорват	Croat, Croatian	[xɔrˈʋat]
8324	настрою	first-person singular future indicative perfective of…	[nɐˈstrɔjʊ]
8325	існував	masculine singular past of існува́ти impf	[isnʊˈʋau̯]
8326	магазином	instrumental singular of магази́н	[mɐɦɐˈzɪnɔm]
8327	розкаже	third-person singular future indicative of розказа́ти pf	[rɔzˈkaʒe]
8328	сироп	syrup	[seˈrɔp]
8329	ресурсів	genitive plural of ресу́рс	[reˈsursʲiu̯]
8330	коментарів	genitive plural of комента́р	[kɔmentɐˈrʲiu̯]
8331	іноземних	genitive plural	[inɔˈzɛmnex]
8332	американська	feminine nominative singular of америка́нський	[ɐmereˈkanʲsʲkɐ]
8333	ткань	fabric, textile	/tkˈɑnʲ/
8334	освіти	genitive singular	[ɔsʲˈʋʲite]
8335	табори	nominative/accusative/vocative plural of та́бір	[tɐbɔˈrɪ]
8336	залишалося	neuter singular past indicative of залиша́тися impf	[zɐɫeˈʃaɫɔsʲɐ]
8337	сіра	feminine nominative singular of сі́рий	[ˈsʲirɐ]
8338	граючи	present adverbial participle of гра́ти	[ˈɦrajʊt͡ʃe]
8339	желе	jelly	[ʒeˈɫɛ]
8340	тюрму	accusative singular of тюрма́	[tʲʊrˈmu]
8341	здійсниться	third-person singular future indicative of здійсни́тися pf	[ˈzʲdʲii̯snet͡sʲːɐ]
8342	показую	first-person singular present indicative of пока́зувати impf	[pɔˈkazʊjʊ]
8343	показаний	past passive participle of показа́ти	[pɔˈkazɐnei̯]
8344	омлет	omelette	[ɔmˈɫɛt]
8345	внутрішнього	masculine/neuter genitive singular	[ˈwnutʲrʲiʃnʲɔɦɔ]
8346	кількома	instrumental plural of кі́лька and кі́лько	[kʲilʲkɔˈma]
8347	облич	genitive plural of обли́ччя	[ɔˈbɫɪt͡ʃ]
8348	отруєння	poisoning, intoxication	[oˈtrujenʲːɐ]
8349	дорогого	masculine/neuter genitive singular	[dɔrɔˈɦɔɦɔ]
8350	зазнав	masculine singular past indicative of зазна́ти pf	[zɐzˈnau̯]
8351	стерти	to wipe, to wipe away, to wipe off, to wipe out	[ˈstɛrte]
8352	ходячий	walking	[xɔˈdʲat͡ʃei̯]
8353	продемонструвати	to demonstrate	[prɔdemɔnstrʊˈʋate]
8354	природою	instrumental singular of приро́да	
8355	обирати	to elect	[ɔbeˈrate]
8356	російською	in the Russian language	[roˈsʲii̯sʲkɔjʊ]
8357	тиха	feminine nominative/vocative singular of ти́хий	[ˈtɪxɐ]
8358	голосування	verbal noun of голосува́ти: voting, vote, ballot	[ɦɔɫɔsʊˈʋanʲːɐ]
8359	офіційний	official	[ɔfʲiˈt͡sʲii̯nei̯]
8360	поколінь	genitive plural of поколі́ння	[pɔkoˈlʲinʲ]
8361	співпрацю	accusative singular of співпра́ця	[sʲpʲiu̯ˈprat͡sʲʊ]
8362	звичка	habit	[ˈzʋɪt͡ʃkɐ]
8363	блискуча	feminine nominative singular of блиску́чий	[bɫeˈskut͡ʃɐ]
8364	медична	nominative feminine singular of меди́чний	[meˈdɪt͡ʃnɐ]
8365	міру	accusative singular of мі́ра	[ˈmʲirʊ]
8366	премії	genitive/dative/locative singular	[ˈprɛmʲiji]
8367	нудьга	boredom, tedium, tediousness	[nʊdʲˈɦa]
8368	замінив	masculine singular past indicative perfective of заміни́ти	[zɐmʲiˈnɪu̯]
8369	перетворитися	to turn into, to become, to change, transform	[peretwɔˈrɪtesʲɐ]
8370	внаслідок	as a consequence of, owing to, because of, on account of	[ˈwnasʲlʲidɔk]
8371	мазь	ointment	[mazʲ]
8372	рас	acronym of ро́злад аутистично́го спе́ктру: ASD	
8373	гак	hook	[ɦak]
8374	рената	genitive singular	
8375	наполегливо	persistently, perseverantly, perseveringly, pertinaciously	[nɐpɔˈɫɛɦɫewɔ]
8376	виходячи	present adverbial participle of вихо́дити impf	[ʋeˈxɔdʲɐt͡ʃe]
8377	постійний	permanent	[poˈsʲtʲii̯nei̯]
8378	клапан	valve	[ˈkɫapɐn]
8379	тютюн	tobacco	[tʲʊˈtʲun]
8380	введи	second-person singular imperative perfective of ввести́	[ʋːeˈdɪ]
8381	шафу	accusative singular of ша́фа	[ˈʃafʊ]
8382	внуки	grandson	[ˈwnuke]
8383	покращити	to improve, to make better, to ameliorate	[pɔˈkraʃt͡ʃete]
8384	міжнародного	masculine/neuter genitive singular	[mʲiʒnɐˈrɔdnɔɦɔ]
8385	плакат	poster	[pɫɐˈkat]
8386	вбік	aside, to one side, to the side, sideways	[wbʲik]
8387	вжити	alternative form of ужи́ти pf: to use, etc	[ˈwʒɪte]
8388	передавати	to hand over, to deliver, to give, to pass, to pass on, to…	[peredɐˈʋate]
8389	столітті	locative singular of столі́ття	[stoˈlʲitʲːi]
8390	ковпак	high-crowned cap: cook cap, calpack, kalpak, fool's cap,…	[kɔu̯ˈpak]
8391	загальний	universal, general, common, overall	[zɐˈɦalʲnei̯]
8392	життєвий	life, vital	[ʒeˈtʲːɛʋei̯]
8393	генеральний	general	[ɦeneˈralʲnei̯]
8394	поєднати	to combine	[pɔjedˈnate]
8395	барахло	things, stuff, belongings	[bɐrɐˈxɫɔ]
8396	наслідок	consequence, effect, outcome	[ˈnasʲlʲidɔk]
8397	змушувати	to force, to coerce, to compel	[ˈzmuʃʊʋɐte]
8398	додам	first-person singular future indicative of дода́ти	[dɔˈdam]
8399	постійне	neuter nominative/accusative singular of пості́йний	[poˈsʲtʲii̯ne]
8400	журналі	locative singular of журна́л	[ʒʊrˈnalʲi]
8401	курки	genitive singular of ку́рка	[ˈkurke]
8402	кимсь	somebody, someone	[kɪmsʲ]
8403	сімох	seven	[sʲiˈmɔx]
8404	уроку	genitive/dative/locative/vocative singular of уро́к	[ʊˈrɔkʊ]
8405	витяг	extract	[ˈʋɪtʲɐɦ]
8406	працювало	neuter singular past imperfective of працюва́ти	[prɐt͡sʲʊˈʋaɫɔ]
8407	доручення	assignment, commission, errand, order, instructions	[doˈrut͡ʃenʲːɐ]
8408	стежили	plural past indicative of сте́жити impf	[ˈstɛʒeɫe]
8409	захисний	protective	[zɐxesˈnɪi̯]
8410	близька	nominative feminine singular of близьки́й	[bɫezʲˈka]
8411	коштувала	feminine singular past imperfective of ко́штувати	[ˈkɔʃtʊʋɐɫɐ]
8412	додайте	second-person plural imperative of дода́ти	[dɔˈdai̯te]
8413	досвідчений	experienced	[dɔsʲˈʋʲid͡ʒt͡ʃenei̯]
8414	сухо	dryly	[ˈsuxɔ]
8415	надзвичайні	nominative plural	[nɐd͡zʋeˈt͡ʃai̯nʲi]
8416	конкурентів	genitive/accusative plural of конкуре́нт	[kɔnkʊˈrɛnʲtʲiu̯]
8417	постійні	nominative plural	[poˈsʲtʲii̯nʲi]
8418	приготували	plural past perfective of приготува́ти	[preɦɔtʊˈʋaɫe]
8419	помолитися	to pray	[pɔmɔˈɫɪtesʲɐ]
8420	насолодитися	to enjoy, to delight, to revel	[nɐsɔɫɔˈdɪtesʲɐ]
8421	використовуєш	second-person singular present indicative of…	[ʋekɔreˈstɔwʊjeʃ]
8422	західному	masculine/neuter dative singular	[ˈzaxʲidnɔmʊ]
8423	ром	rum	[rɔm]
8424	прибути	to arrive, to come	[preˈbute]
8425	спільні	nominative/vocative plural	[ˈsʲpʲilʲnʲi]
8426	турист	tourist	[tʊˈrɪst]
8427	фотографій	genitive plural of фотогра́фія	[fɔtɔˈɦrafʲii̯]
8428	спостерігають	third-person plural present indicative of спостеріга́ти impf	[spɔsterʲiˈɦajʊtʲ]
8429	пілюлі	genitive/dative/locative singular	[pʲiˈlʲulʲi]
8430	номерах	locative plural of но́мер	[nɔmeˈrax]
8431	культура	culture	[kʊlʲˈturɐ]
8432	островів	genitive plural of о́стрів	[ɔstrɔˈʋʲiu̯]
8433	відомості	data, information, intelligence, news	[ʋʲiˈdɔmɔsʲtʲi]
8434	веселе	neuter nominative/accusative singular of весе́лий	[ʋeˈsɛɫe]
8435	грудьми	instrumental plural of гру́ди	[ɦrʊdʲˈmɪ]
8436	доби	genitive singular of доба́	[dɔˈbɪ]
8437	вимагати	to require, to demand, to expect	[ʋemɐˈɦate]
8438	галактика	galaxy	[ɦɐˈɫaktekɐ]
8439	подобі	dative/locative singular of подо́ба	[pɔˈdɔbʲi]
8440	зовнішньої	feminine genitive singular of зо́внішній	[ˈzɔu̯nʲiʃnʲɔji]
8441	квантової	feminine genitive singular of ква́нтовий	[ˈkʋantɔwɔji]
8442	вену	accusative singular of ве́на	[ˈʋɛnʊ]
8443	дістане	third-person singular future indicative of діста́ти pf	[dʲiˈstane]
8444	вибухівка	explosive, explosives, explosive material	[ʋebʊˈxʲiu̯kɐ]
8445	синочок	endearing diminutive of сино́к: son, sonny	[seˈnɔt͡ʃɔk]
8446	паркування	parking	[pɐrkʊˈʋanʲːɐ]
8447	фізичні	nominative plural	[fʲiˈzɪt͡ʃnʲi]
8448	уламків	genitive plural of ула́мок	[ʊˈɫamkʲiu̯]
8449	пробіг	run, running, race	[proˈbʲiɦ]
8450	попередили	plural past of попере́дити pf	[pɔpeˈrɛdeɫe]
8451	поважаєш	second-person singular present indicative imperfective of…	[pɔʋɐˈʒajeʃ]
8452	хімія	chemistry	[ˈxʲimʲijɐ]
8453	дисципліна	discipline	[dest͡seˈplʲinɐ]
8454	паста	paste	[ˈpastɐ]
8455	пожежу	accusative singular of поже́жа	[pɔˈʒɛʒʊ]
8456	засіданні	locative singular of засі́дання	[zɐˈsʲidɐnʲːi]
8457	гуляє	third-person singular present imperfective of гуля́ти	[ɦʊˈlʲaje]
8458	наступній	feminine dative/locative singular of насту́пний	[nɐˈstupnʲii̯]
8459	встигну	first-person singular future indicative of всти́гнути pf…	[ˈʍstɪɦnʊ]
8460	щітка	brush	[ˈʃt͡ʃʲitkɐ]
8461	офіційна	feminine nominative singular of офіці́йний	[ɔfʲiˈt͡sʲii̯nɐ]
8462	жахливому	masculine/neuter dative singular	[ʒɐˈxɫɪwɔmʊ]
8463	звинуватити	to accuse	[zʋenʊˈʋatete]
8464	відбуватися	to happen, to occur, to take place, to come about, to go on	[ʋʲidbʊˈʋatesʲɐ]
8465	натисніть	second-person plural imperative of нати́снути pf	[nɐˈtɪsʲnʲitʲ]
8466	дует	duet	[dʊˈɛt]
8467	щеня	puppy	[ʃt͡ʃeˈnʲa]
8468	найважливіша	feminine nominative singular of найважли́ві́ший	[nɐjʋɐʒɫeˈʋʲiʃɐ]
8469	одружилася	feminine singular past indicative of одружи́тися pf	[ɔdrʊˈʒɪɫɐsʲɐ]
8470	ярмарку	genitive/dative/locative/vocative singular of я́рмарок	[ˈjarmɐrkʊ]
8471	чистити	to clean	[ˈt͡ʃɪstete]
8472	почнете	second-person plural future indicative of поча́ти pf	[pɔt͡ʃneˈtɛ]
8473	змі	acronym of за́соби ма́сової інформа́ції	[zʲmʲi]
8474	урядові	dative singular of у́ряд	[ˈurʲɐdɔʋʲi]
8475	законам	dative plural of зако́н	[zɐˈkɔnɐm]
8476	помічав	masculine singular past indicative of поміча́ти impf	[pɔmʲiˈt͡ʃau̯]
8477	ситуаціях	locative plural of ситуа́ція	[setʊˈat͡sʲijɐx]
8478	знатимемо	first-person plural synthetic future indicative of зна́ти…	[ˈznatememɔ]
8479	подробиць	genitive plural of подро́биця	[pɔˈdrɔbet͡sʲ]
8480	інвестувати	to invest	[inʋestʊˈʋate]
8481	виправдати	to justify, to warrant	[ˈʋɪprɐu̯dɐte]
8482	учасники	nominative/vocative plural of уча́сник	[ʊˈt͡ʃasneke]
8483	класика	classics	[ˈkɫasekɐ]
8484	пахнуть	third-person singular present indicative	[ˈpaxnʊtʲ]
8485	пацюк	rat	[pɐˈt͡sʲuk]
8486	стабільний	stable	[stɐˈbʲilʲnei̯]
8487	повернулося	neuter singular past indicative of поверну́тися pf	[pɔʋerˈnuɫɔsʲɐ]
8488	атож	so	[ɐˈtɔʒ]
8489	глюк	hallucination	[ɦlʲuk]
8490	норвегію	accusative singular of Норве́гія	
8491	найвищий	highest	[nɐjˈʋɪʃt͡ʃei̯]
8492	зруйнували	plural past indicative of зруйнува́ти pf	[zrʊi̯nʊˈʋaɫe]
8493	дню	day	[dʲnʲu]
8494	щедро	generously	[ˈʃt͡ʃɛdrɔ]
8495	понести	to carry	[pɔneˈstɪ]
8496	боїв	battle, combat, fight, fighting	[bɔˈjiu̯]
8497	секретна	feminine nominative singular of секре́тний	[seˈkrɛtnɐ]
8498	художника	genitive/accusative singular of худо́жник	[xʊˈdɔʒnekɐ]
8499	курячий	chicken	[ˈkurʲɐt͡ʃei̯]
8500	готував	masculine singular past imperfective of готува́ти	[ɦɔtʊˈʋau̯]
8501	дівча	diminutive of дівчи́на	[dʲiu̯ˈt͡ʃa]
8502	забудуть	third-person plural future indicative of забу́ти pf	[zɐˈbudʊtʲ]
8503	скеля	rock, cliff, crag	[ˈskɛlʲɐ]
8504	торкнеться	third-person singular future indicative of торкну́тися pf	[tɔrkˈnɛt͡sʲːɐ]
8505	засну	first-person singular future indicative of засну́ти pf	[zɐsˈnu]
8506	операцій	genitive plural of опера́ція	[ɔpeˈrat͡sʲii̯]
8507	кладе	third-person singular present imperfective of кла́сти	[kɫɐˈdɛ]
8508	розглянути	to examine, to look at, to look into, to consider, to…	[rɔzˈɦlʲanʊte]
8509	функції	genitive/dative/locative singular	[ˈfunkt͡sʲiji]
8510	стосуються	third-person plural present indicative of стосува́тися impf	[stoˈsujʊt͡sʲːɐ]
8511	вправний	skilful, skillful, skilled, able, adept, adroit, deft,…	[ˈʍprau̯nei̯]
8512	затока	bay	[zɐˈtɔkɐ]
8513	зустріне	third-person singular future of зустрі́ти pf	[zʊˈstʲrʲine]
8514	голосувати	to vote	[ɦɔɫɔsʊˈʋate]
8515	вухом	instrumental singular of ву́хо	[ˈwuxɔm]
8516	освіта	education	[ɔsʲˈʋʲitɐ]
8517	заміна	replacement, substitution	[zɐˈmʲinɐ]
8518	наново	anew, afresh; again	[ˈnanɔwɔ]
8519	проповідь	sermon	[ˈprɔpɔʋʲidʲ]
8520	москви	genitive singular of Москва́	
8521	заявив	masculine singular past indicative of заяви́ти	[zɐjɐˈʋɪu̯]
8522	відвідував	masculine singular past indicative of відві́дувати impf	[ʋʲidʲˈʋʲidʊʋɐu̯]
8523	розбиратися	to deal with, to get to grips with	[rɔzbeˈratesʲɐ]
8524	засобом	instrumental singular of за́сіб	[ˈzasɔbɔm]
8525	гарячим	masculine/neuter instrumental singular	[ɦɐˈrʲat͡ʃem]
8526	копіювати	to copy	[kɔpʲijʊˈʋate]
8527	глибокого	masculine/neuter genitive singular	[ɦɫeˈbɔkɔɦɔ]
8528	гірко	bitterly	[ˈɦʲirkɔ]
8529	землями	instrumental plural of земля́	[ˈzɛmlʲɐme]
8530	сканер	scanner	[ˈskaner]
8531	вдягнути	to dress, to clothe	[wdʲɐɦˈnute]
8532	рухів	movement	[ˈruxʲiu̯]
8533	дорогим	masculine/neuter instrumental singular	[dɔrɔˈɦɪm]
8534	узагалі	alternative form of взагалі́	[ʊzɐɦɐˈlʲi]
8535	характеристики	genitive singular	[xɐrɐkteˈrɪsteke]
8536	транспорту	genitive/dative singular of тра́нспорт	[ˈtranspɔrtʊ]
8537	одягом	instrumental of о́дяг	[ˈɔdʲɐɦɔm]
8538	тутешній	indigenous, local	[tʊˈtɛʃnʲii̯]
8539	державних	genitive plural	[derˈʒau̯nex]
8540	діва	diva	[ˈdɛʋɐ]
8541	північної	feminine genitive singular of півні́чний	[pʲiu̯ˈnʲit͡ʃnɔji]
8542	поразку	accusative singular of пора́зка	[pɔˈrazkʊ]
8543	сучасні	nominative plural	[sʊˈt͡ʃasʲnʲi]
8544	ріг	horn	[rʲiɦ]
8545	членам	member, limb	[ˈt͡ʃɫɛnɐm]
8546	темною	feminine instrumental singular of те́мний	[ˈtɛmnɔjʊ]
8547	послідовність	sequence, succession	[pɔsʲlʲiˈdɔu̯nʲisʲtʲ]
8548	рештою	instrumental singular of ре́шта	[ˈrɛʃtɔjʊ]
8549	східний	east, eastern, easterly	[ˈsʲxʲidnei̯]
8550	глибокі	nominative plural	[ɦɫeˈbɔkʲi]
8551	відкриєш	second-person singular future of відкри́ти pf	[ʋʲidˈkrɪjeʃ]
8552	зустрічаються	third-person plural present indicative of зустріча́тися impf	[zʊstʲrʲiˈt͡ʃajʊt͡sʲːɐ]
8553	слухаємо	first-person plural present imperfective of слу́хати	[ˈsɫuxɐjemɔ]
8554	лідерів	genitive/accusative plural of лі́дер	[ˈlʲiderʲiu̯]
8555	ставляться	third-person plural present indicative of ста́витися impf	[ˈstau̯lʲɐt͡sʲːɐ]
8556	зупиняє	third-person singular present indicative of зупиня́ти impf	[zʊpeˈnʲaje]
8557	вилізти	to climb out, to crawl out, to get out	[ˈʋɪlʲizte]
8558	блазень	buffoon, fool, idiot, clown	[ˈbɫazenʲ]
8559	купіть	second-person plural imperative perfective of купи́ти	[kʊˈpʲitʲ]
8560	згадаю	first-person singular future indicative of згада́ти	[zɦɐˈdajʊ]
8561	молодої	feminine genitive singular of молоди́й	[mɔɫɔˈdɔji]
8562	стилю	style	[ˈstɪlʲʊ]
8563	жовті	nominative/vocative plural	[ˈʒɔu̯tʲi]
8564	студентом	instrumental singular of студе́нт	[stʊˈdɛntɔm]
8565	ефективний	effective, efficacious	[efekˈtɪu̯nei̯]
8566	гормони	nominative/accusative/vocative plural of гормо́н	[ɦɔrˈmɔne]
8567	мультик	animated cartoon, animated film	[ˈmulʲtek]
8568	серцях	locative plural of се́рце	[serˈt͡sʲax]
8569	шарф	scarf	[ʃarf]
8570	приземлення	landing, touchdown	[preˈzɛmɫenʲːɐ]
8571	поліцейська	feminine nominative singular of поліце́йський	[pɔlʲiˈt͡sɛi̯sʲkɐ]
8572	задовольнити	to satisfy, to gratify, to content	[zɐdɔwɔlʲˈnɪte]
8573	рішенням	instrumental singular	[ˈrʲiʃenʲːɐm]
8574	монарх	monarch	[mɔˈnarx]
8575	розумних	genitive/locative plural	[roˈzumnex]
8576	гонка	race	[ˈɦɔnkɐ]
8577	бабусею	instrumental singular of бабу́ся	[bɐˈbusejʊ]
8578	статуя	statue	[ˈstatʊjɐ]
8579	збереження	preservation, conservation, saving	[zbeˈrɛʒenʲːɐ]
8580	нервувати	to make nervous, to unnerve	[nerwʊˈʋate]
8581	кінотеатрі	locative singular of кінотеа́тр	[kʲinɔteˈatʲrʲi]
8582	голодувати	to starve, to be starving	[ɦɔɫɔdʊˈʋate]
8583	енергією	instrumental singular of ене́ргія	[eˈnɛrɦʲijejʊ]
8584	командувач	commander	[kɔˈmandʊʋɐt͡ʃ]
8585	похмілля	hangover	[poxˈmʲilʲːɐ]
8586	вилетіти	to fly out, to fly	[ˈʋɪɫetʲite]
8587	середина	midpoint, middle, centre	[seˈrɛdenɐ]
8588	горлі	locative singular of го́рло	[ˈɦɔrlʲi]
8589	мозком	instrumental singular of мо́зок	[ˈmɔzkɔm]
8590	найбільшою	feminine instrumental singular of найбі́льший	[nɐi̯ˈbʲilʲʃɔjʊ]
8591	айфон	iPhone	[ɐi̯ˈfɔn]
8592	бажати	to desire, to want, to wish	[bɐˈʒate]
8593	комі	Komi	[ˈkɔmʲi]
8594	збільшення	magnification	[ˈzʲbʲilʲʃenʲːɐ]
8595	цім	this	[t͡sʲim]
8596	здогадуюся	first-person singular present indicative of здога́дуватися…	[zdɔˈɦadʊjʊsʲɐ]
8597	правами	instrumental plural of пра́во	[prɐˈʋame]
8598	вказувати	to point to, to point out, to indicate, куди́сь, etc	[ˈʍkazʊʋɐte]
8599	водіння	driving	[woˈdʲinʲːɐ]
8600	заборону	accusative singular of заборо́на	[zɐbɔˈrɔnʊ]
8601	сімейна	feminine nominative/vocative singular of сіме́йний	[sʲiˈmɛi̯nɐ]
8602	компаній	genitive plural of компа́нія	[kɔmˈpanʲii̯]
8603	зручний	comfortable	[ˈzrut͡ʃnei̯]
8604	кас	genitive plural of ка́са	[kas]
8605	високе	neuter nominative/accusative singular of висо́кий	[ʋeˈsɔke]
8606	домів	house, home	[doˈmʲiu̯]
8607	світовий	world, global, worldwide	[sʲʋʲitɔˈʋɪi̯]
8608	підрозділу	genitive/dative singular of підро́зділ	[pʲiˈdrɔzʲdʲiɫʊ]
8609	ідеями	instrumental plural of іде́я	[iˈdɛjɐme]
8610	геніальний	brilliant, ingenious	[ɦenʲiˈalʲnei̯]
8611	більш-менш	more or less, more-or-less	[ˈbilʲʃ ˈmɛnʃ]
8612	печаль	grief, sorrow	[peˈt͡ʃalʲ]
8613	країнах	locative plural of краї́на	[krɐˈjinɐx]
8614	планувати	to plan	[pɫɐnʊˈʋate]
8615	переможеш	second-person singular future indicative of перемогти́ pf	[pereˈmɔʒeʃ]
8616	чиюсь	somebody's, someone's	[t͡ʃeˈjusʲ]
8617	піснею	instrumental singular of пі́сня	[ˈpʲisnejʊ]
8618	бухло	booze	[bʊˈxɫɔ]
8619	розробили	plural past of розроби́ти pf	[rɔzrɔˈbɪɫe]
8620	кільканадцять	a number between eleven and nineteen; umpteen	[kʲilʲkɐˈnad͡zʲt͡sʲɐtʲ]
8621	секретного	masculine/neuter genitive singular	[seˈkrɛtnɔɦɔ]
8622	незадоволений	dissatisfied, discontented, displeased	[nezɐdɔˈwɔɫenei̯]
8623	доброта	kindness, goodness	[dɔbrɔˈta]
8624	говоритиме	third-person singular future indicative of говори́ти	[ɦɔwɔˈrɪteme]
8625	їд	poison, venom	[jid]
8626	мили	plural past imperfective of ми́ти	[ˈmɪɫe]
8627	ніяка	nominative/vocative feminine singular of нія́кий	[nʲiˈjakɐ]
8628	отой	that one	[ɔˈtɔi̯]
8629	столицю	accusative singular of столи́ця	[stɔˈɫɪt͡sʲʊ]
8630	шумно	noisily, loudly	[ˈʃumnɔ]
8631	замерзла	feminine singular past indicative of заме́рзнути pf and…	[zɐˈmɛrzɫɐ]
8632	минулий	past	[meˈnuɫei̯]
8633	піца	pizza	[ˈpʲit͡sɐ]
8634	строгий	stern	[ˈstrɔɦei̯]
8635	стукати	to knock, to bang, to rap, to tap	[ˈstukɐte]
8636	бач	second-person singular imperative imperfective of ба́чити	[bat͡ʃ]
8637	теорією	instrumental singular of тео́рія	[teˈɔrʲijejʊ]
8638	стрічка	ribbon, band	[ˈstʲrʲit͡ʃkɐ]
8639	багач	rich man	[bɐˈɦat͡ʃ]
8640	листоноша	postman, mailman, letter carrier, mail carrier, postal…	[ɫestɔˈnɔʃɐ]
8641	рабство	slavery, thralldom	[ˈrabstwɔ]
8642	ситуацією	instrumental singular of ситуа́ція	[setʊˈat͡sʲijejʊ]
8643	речовин	genitive plural of речовина́	[ret͡ʃɔˈʋɪn]
8644	костюма	genitive singular of костю́м	[koˈsʲtʲumɐ]
8645	планують	third-person plural present imperfective of планува́ти	[pɫɐˈnujʊtʲ]
8646	порушує	third-person singular present indicative of пору́шувати impf	[poˈruʃʊje]
8647	повторимо	first-person plural future indicative of повтори́ти pf	[pɔu̯ˈtɔremɔ]
8648	вирощувати	to grow, to cultivate	[ʋeˈrɔʃt͡ʃʊʋɐte]
8649	пасажири	nominative/vocative plural of пасажи́р	[pɐsɐˈʒɪre]
8650	прикидатися	to pretend, to feign, to act	[prekeˈdatesʲɐ]
8651	встаю	first-person singular present indicative of встава́ти impf	[ʍstɐˈju]
8652	дурник	fool, mug	[ˈdurnek]
8653	користуються	third-person plural present indicative of кори́стува́тися…	[kɔreˈstujʊt͡sʲːɐ]
8654	цех	shop, section	[t͡sɛx]
8655	рахую	first-person singular present indicative of рахува́ти	[rɐˈxujʊ]
8656	досконалий	perfect	[dɔskɔˈnaɫei̯]
8657	відбувалось	neuter singular past indicative of відбува́тися impf	[ʋʲidbʊˈʋaɫɔsʲ]
8658	кішку	accusative singular of кі́шка	[ˈkʲiʃkʊ]
8659	районах	locative plural of райо́н	[rɐˈjɔnɐx]
8660	супермаркет	supermarket	[sʊperˈmarket]
8661	цвяхи	nail	[t͡sʲʋʲɐˈxɪ]
8662	ввічливо	politely, courteously, civilly	[ˈʋʲːit͡ʃɫewɔ]
8663	відображення	reflection	[ʋʲidɔˈbraʒenʲːɐ]
8664	окулярах	locative of окуля́ри	[ɔkʊˈlʲarɐx]
8665	затягнути	to drag, to pull	[zɐtʲɐɦˈnute]
8666	роману	genitive/dative singular of рома́н	[rɔˈmanʊ]
8667	шанувальник	admirer, aficionado	[ʃɐnʊˈʋalʲnek]
8668	торговий	trade, trading, commercial, mercantile	[tɔrˈɦɔʋei̯]
8669	сирота	orphan	[serɔˈta]
8670	високим	dative plural	[ʋeˈsɔkem]
8671	чемпіонату	genitive/dative singular of чемпіона́т	[t͡ʃempʲiɔˈnatʊ]
8672	рибалка	fisherman, angler, fisher	[reˈbaɫkɐ]
8673	соціальна	nominative feminine singular of соціа́льний	[sɔt͡sʲiˈalʲnɐ]
8674	чіпляється	third-person singular present indicative of чіпля́тися impf	[t͡ʃʲiˈplʲajet͡sʲːɐ]
8675	яскраво	brightly	[jɐˈskrawɔ]
8676	міський	urban, city, town	[mʲiˈsʲkɪi̯]
8677	сигарета	cigarette	[seɦɐˈrɛtɐ]
8678	найближчий	superlative degree of близьки́й	[nɐi̯ˈbɫɪʒt͡ʃei̯]
8679	лісах	forest, woods	[lʲiˈsax]
8680	виникають	third-person plural present indicative of виника́ти impf	[ʋeneˈkajʊtʲ]
8681	смуток	sadness, sorrow, grief, unhappiness	[ˈsmutɔk]
8682	лимонад	lemonade	[ɫemɔˈnad]
8683	хала	challah, twist	[ˈxaɫɐ]
8684	веселим	masculine/neuter instrumental singular	[ʋeˈsɛɫem]
8685	жорсткий	hard, harsh, inflexible, strict, unwavering	[ʒɔrstˈkɪi̯]
8686	злочином	instrumental singular of зло́чин	[ˈzɫɔt͡ʃenɔm]
8687	благати	to beseech, to plead, to beg, to entreat, to implore	[bɫɐˈɦate]
8688	хода	A sound created by walking	[xɔˈda]
8689	фортепіано	piano	[fɔrtepʲiˈanɔ]
8690	чаша	bowl	[ˈt͡ʃaʃɐ]
8691	розвідка	intelligence, reconnaissance, scouting	[ˈrɔzʲʋʲidkɐ]
8692	картині	dative/locative singular of карти́на	[kɐrˈtɪnʲi]
8693	петре	vocative singular of Петро́	
8694	костел	alternative form of костьо́л	[kɔˈstɛɫ]
8695	французькі	nominative plural	[frɐnˈt͡suzʲkʲi]
8696	горіти	to burn	[ɦoˈrʲite]
8697	улюбленим	masculine/neuter instrumental singular	[ʊˈlʲubɫenem]
8698	шось	alternative form of щось	[ʃɔsʲ]
8699	шкіл	genitive plural of шко́ла	[ʃkʲiɫ]
8700	зруйновано	impersonal past passive participle of зруйнува́ти pf	[zrʊi̯ˈnɔʋɐnɔ]
8701	введу	first-person singular future perfective of ввести́	[ʋːeˈdu]
8702	клубом	club	[ˈkɫubɔm]
8703	повітряні	nominative plural	[pɔˈʋʲitʲrʲɐnʲi]
8704	доводити	to bring, to lead, to accompany	[dɔˈwɔdete]
8705	проживає	third-person singular present indicative of прожива́ти	[prɔʒeˈʋaje]
8706	народна	feminine nominative singular of наро́дний	[nɐˈrɔdnɐ]
8707	спалювати	to burn, to burn down, to burn out, to burn up, to cremate,…	[ˈspalʲʊʋɐte]
8708	радянська	nominative feminine singular of радя́нський	[rɐˈdʲanʲsʲkɐ]
8709	печі	oven	[ˈpɛt͡ʃʲi]
8710	коми	genitive singular	[ˈkɔme]
8711	припустити	to assume, to presume, to suppose, to presuppose	[prepʊˈstɪte]
8712	хот-дог	hot dog	[xɔt ˈdɔɦ]
8713	вміст	content, contents	[wmʲist]
8714	суспільстві	locative singular of суспі́льство	[sʊˈsʲpʲiɫstʲʋʲi]
8715	підтверджують	third-person plural present indicative of підтве́рджувати…	[pʲidtˈʋɛrd͡ʒʊjʊtʲ]
8716	ламати	to break, to smash, to fracture	[ɫɐˈmate]
8717	стримати	to restrain, to curb, to check, to hold in check, to keep…	[ˈstrɪmɐte]
8718	політиці	dative/locative singular of полі́тика	[poˈlʲitet͡sʲi]
8719	висадити	to disembark, to drop off, to land, to set down	[ˈʋɪsɐdete]
8720	працюватиму	first-person singular synthetic future indicative of…	[prɐt͡sʲʊˈʋatemʊ]
8721	програла	feminine singular past perfective of програ́ти	[prɔˈɦraɫɐ]
8722	випадковий	chance, random	[ʋepɐdˈkɔʋei̯]
8723	хребет	spine, spinal column, backbone	[xreˈbɛt]
8724	готуються	third-person plural present indicative of готува́тися impf	[ɦoˈtujʊt͡sʲːɐ]
8725	підпишеш	second-person singular future indicative of підписа́ти pf	[pʲidˈpɪʃeʃ]
8726	всеодно	misspelling of все одно́	
8727	язики	nominative/accusative/vocative plural of язи́к	[jɐzeˈkɪ]
8728	народжуються	third-person plural present indicative of наро́джуватися…	[nɐˈrɔd͡ʒʊjʊt͡sʲːɐ]
8729	холостяк	bachelor	[xɔɫɔˈsʲtʲak]
8730	мирного	genitive masculine/neuter singular	[ˈmɪrnɔɦɔ]
8731	переживає	third-person singular present indicative of пережива́ти impf	[pereʒeˈʋaje]
8732	бісу	evil spirit, demon	[ˈbʲisʊ]
8733	собачка	puppy	[sɔˈbat͡ʃkɐ]
8734	електрики	genitive singular of еле́ктрика	
8735	посміхатися	to smile ironically or skeptically	[pɔsʲmʲiˈxatesʲɐ]
8736	давним-давно	long ago, long long ago	[dɐu̯ˈnɪm dɐu̯ˈnɔ]
8737	зовнішність	outward appearance, exterior	[ˈzɔu̯nʲiʃnʲisʲtʲ]
8738	виграють	third-person plural future perfective of ви́грати	[ˈʋɪɦrɐjʊtʲ]
8739	колин	Kolya's	[ˈkɔɫen]
8740	серпні	locative singular	[ˈsɛrpnʲi]
8741	москва	Muscovites, Russians	
8742	комісію	accusative singular of комі́сія	[koˈmʲisʲijʊ]
8743	виходом	instrumental singular of ви́хід	[ˈʋɪxɔdɔm]
8744	соціальний	social	[sɔt͡sʲiˈalʲnei̯]
8745	ліфчик	A type of sleeveless undergarment for children, worn around…	[ˈlʲift͡ʃek]
8746	заманити	to lure, to entice	[zɐmɐˈnɪte]
8747	перевертень	shapeshifter, turnskin, werecreature	[peˈrɛʋertenʲ]
8748	марення	verbal noun of ма́рити: daydream, raving	[ˈmarenʲːɐ]
8749	перешкода	hindrance, impediment, obstacle, obstruction	[pereʃˈkɔdɐ]
8750	природний	natural	[preˈrɔdnei̯]
8751	знести	to bring together	[zneˈstɪ]
8752	увімкнути	to switch on, to turn on	[ʊʋʲimkˈnute]
8753	цвинтар	cemetery, graveyard	[ˈt͡sʋɪntɐr]
8754	міської	genitive feminine singular of міськи́й	[mʲiˈsʲkɔji]
8755	злитися	to flow together, to interflow, to merge, to mingle	[ˈzɫɪtesʲɐ]
8756	оголосив	masculine singular past indicative of оголоси́ти pf	[ɔɦɔɫɔˈsɪu̯]
8757	сухий	dry	[sʊˈxɪi̯]
8758	відкрите	neuter nominative/accusative singular of відкри́тий	[ʋʲidˈkrɪte]
8759	перелік	enumeration	[peˈrɛlʲik]
8760	психотерапевт	psychotherapist	[psexɔterɐˈpɛu̯t]
8761	точний	exact, precise, accurate	[ˈtɔt͡ʃnei̯]
8762	щита	shield	[ʃt͡ʃeˈta]
8763	натиснув	masculine singular past indicative of нати́снути pf	[nɐˈtɪsnʊu̯]
8764	плита	plate, slab	[pɫeˈta]
8765	улюблену	feminine accusative singular of улю́блений	[ʊˈlʲubɫenʊ]
8766	розпочали	plural past indicative of розпоча́ти pf	[rɔzpɔt͡ʃɐˈɫɪ]
8767	віч-на-віч	face to face, head to head	[ʋʲit͡ʃ ˈna ʋʲit͡ʃ]
8768	евро	1928–1933 spelling of є́вро, which was deprecated in the…	[ˈɛu̯rɔ]
8769	романтичні	nominative plural	[rɔmɐnˈtɪt͡ʃnʲi]
8770	борються	third-person plural present indicative of боро́тися impf	[ˈbɔrʲʊt͡sʲːɐ]
8771	бульбашки	nominative/accusative/vocative plural of бу́льбашка	[bʊlʲbɐʃˈkɪ]
8772	брехнею	instrumental singular of брехня́	[brexˈnɛjʊ]
8773	ділянці	dative/locative singular of діля́нка	[dʲiˈlʲanʲt͡sʲi]
8774	орбіті	dative/locative singular of орбі́та	[orˈbʲitʲi]
8775	американської	feminine genitive singular of америка́нський	[ɐmereˈkanʲsʲkɔji]
8776	піднести	to bring, to bring up, to carry up	[pʲidneˈstɪ]
8777	напруга	strain, exertion	[nɐˈpruɦɐ]
8778	відбиток	print, imprint	[ʋʲidˈbɪtɔk]
8779	сприймає	third-person singular present indicative of сприйма́ти impf	[sprei̯ˈmaje]
8780	вибити	To knock something out	[ˈʋɪbete]
8781	романтичний	romantic	[rɔmɐnˈtɪt͡ʃnei̯]
8782	подруго	vocative singular of по́друга	[ˈpɔdrʊɦɔ]
8783	божі	nominative/vocative plural	[ˈbɔʒʲi]
8784	їздиш	second-person singular present imperfective of ї́здити	[ˈjizdeʃ]
8785	ніжний	gentle, tender	[ˈnʲiʒnei̯]
8786	торговець	dealer, merchant, trader	[tɔrˈɦɔʋet͡sʲ]
8787	рідкісний	rare	[ˈrʲidʲkʲisnei̯]
8788	знаний	past passive participle of зна́ти impf	[ˈznanei̯]
8789	догляд	care, caring	[ˈdɔɦlʲɐd]
8790	розкрив	masculine singular past indicative of розкри́ти pf	[rɔzˈkrɪu̯]
8791	сучасної	feminine genitive singular of суча́сний	[sʊˈt͡ʃasnɔji]
8792	вежа	tower	[ˈʋɛʒɐ]
8793	обручка	wedding ring	[oˈbrut͡ʃkɐ]
8794	францію	accusative singular of Фра́нція	
8795	лотос	lotus	[ˈɫɔtɔs]
8796	стадіоні	locative singular of стадіо́н	[stɐdʲiˈɔnʲi]
8797	спеціаліст	specialist	[spet͡sʲiɐˈlʲist]
8798	зіткнувся	masculine singular past indicative of зіткну́тися pf	[zʲitkˈnuu̯sʲɐ]
8799	підземний	subterranean, underground	[pʲid͡zˈzɛmnei̯]
8800	відпустимо	first-person plural future indicative perfective of…	[ʋʲidˈpustemɔ]
8801	інструментів	genitive plural of інструме́нт	[instrʊˈmɛnʲtʲiu̯]
8802	таймер	timer	[ˈtai̯mer]
8803	записів	genitive plural of за́пис	[ˈzapesʲiu̯]
8804	нюх	scent, nose	[nʲux]
8805	застосовувати	to apply, to employ, to use	[zɐstɔˈsɔwʊʋɐte]
8806	годиннику	dative/locative/vocative singular of годи́нник	[ɦɔˈdɪnːekʊ]
8807	відповіддю	instrumental singular of ві́дповідь	[ˈʋʲidpɔʋʲidʲːʊ]
8808	смуга	strip, stripe	[ˈsmuɦɐ]
8809	активно	actively	[ɐkˈtɪu̯nɔ]
8810	мости	bridge	[mɔˈstɪ]
8811	подушка	pillow, cushion	[poˈduʃkɐ]
8812	знижки	genitive singular	[ˈznɪʒke]
8813	повільний	slow	[pɔˈʋʲilʲnei̯]
8814	тривають	third-person plural present indicative of трива́ти impf	[treˈʋajʊtʲ]
8815	перешкод	genitive plural of перешко́да	[pereʃˈkɔd]
8816	вмикати	to switch on, to turn on	[wmeˈkate]
8817	самими	self, -self	[ˈsameme]
8818	шлунку	dative/locative/vocative singular of шлу́нок	[ˈʃɫunkʊ]
8819	абат	abbot	[ɐˈbat]
8820	туз	ace	[tuz]
8821	піци	genitive singular	[ˈpʲit͡se]
8822	короткі	nominative/vocative plural	[kɔˈrɔtʲkʲi]
8823	одиниці	genitive/dative/locative singular	[ɔdeˈnɪt͡sʲi]
8824	драбина	ladder	[drɐˈbɪnɐ]
8825	виробляє	third-person singular present indicative of виробля́ти impf	[ʋerɔˈblʲaje]
8826	бюджету	genitive/dative singular of бюдже́т	[bʲʊˈd͡ʒɛtʊ]
8827	сіно	hay	[ˈsʲinɔ]
8828	писання	writing	[peˈsanʲːɐ]
8829	відповідають	third-person plural present imperfective of відповіда́ти	[ʋʲidpɔʋʲiˈdajʊtʲ]
8830	пацієнти	nominative/vocative plural of паціє́нт	[pɐt͡sʲiˈjɛnte]
8831	електричний	electric, electrical	[eɫekˈtrɪt͡ʃnei̯]
8832	прати	to wash, to launder	[ˈprate]
8833	звал	knockdown, felling	[zʋaɫ]
8834	передозування	verbal noun of передозува́ти pf: overdose	[peredɔzʊˈʋanʲːɐ]
8835	мовами	instrumental plural of мо́ва	[ˈmɔʋɐme]
8836	їзди	genitive singular of їзда́	[jizˈdɪ]
8837	чоловіча	feminine nominative singular of чолові́чий	[t͡ʃɔɫɔˈʋʲit͡ʃɐ]
8838	жіноча	feminine nominative singular of жіно́чий	[ʒʲiˈnɔt͡ʃɐ]
8839	торгівля	trade, commerce	[torˈɦʲiu̯lʲɐ]
8840	розширюється	third-person singular present indicative of розши́рюватися…	[rɔʒˈʃɪrʲʊjet͡sʲːɐ]
8841	козаки	nominative/vocative plural of коза́к	[kɔzɐˈkɪ]
8842	замерзли	plural past indicative of заме́рзнути pf and заме́рзти pf	[zɐˈmɛrzɫe]
8843	голів	genitive plural of голова́	[ɦoˈlʲiu̯]
8844	сю	this, this here	[sʲu]
8845	шов	seam	[ʃɔu̯]
8846	стверджувати	to affirm, to assert, to aver, to state	[ˈstʋɛrd͡ʒʊʋɐte]
8847	минулу	accusative feminine singular of мину́лий	[meˈnuɫʊ]
8848	повідомляю	first-person singular present indicative of повідомля́ти	[pɔʋʲidɔmˈlʲajʊ]
8849	натяк	hint, allusion, inkling, intimation, nod, reference,…	[ˈnatʲɐk]
8850	шапка	a winter cap, beanie, or casual hat	[ˈʃapkɐ]
8851	основ	genitive plural of осно́ва	[ɔsˈnɔu̯]
8852	багатьма	instrumental of бага́то	[bɐɦɐtʲˈma]
8853	племінник	nephew	[pɫeˈmʲinːek]
8854	помічаю	first-person singular present indicative of поміча́ти impf	[pɔmʲiˈt͡ʃajʊ]
8855	заподіяти	to inflict, to cause, to do	[zɐpoˈdʲijɐte]
8856	фонтан	fountain	[fɔnˈtan]
8857	ветеринар	veterinarian, vet	[ʋetereˈnar]
8858	великая	nominative/vocative feminine singular of вели́кий	[ʋeˈɫɪkɐjɐ]
8859	збожеволіла	feminine singular past indicative perfective of збожево́літи	[zbɔʒeˈwɔlʲiɫɐ]
8860	стейки	steak	[ˈstɛi̯ke]
8861	перейде	third-person singular future indicative of перейти́ pf	[peˈrɛi̯de]
8862	елементів	genitive plural of елеме́нт	[eɫeˈmɛnʲtʲiu̯]
8863	урочисто	solemnly	[ʊrɔˈt͡ʃɪstɔ]
8864	вищі	nominative plural	[ˈʋɪʃt͡ʃʲi]
8865	добилась	feminine singular past indicative of доби́тися pf	[dɔˈbɪɫɐsʲ]
8866	таємницею	instrumental singular of таємни́ця	[tɐjemˈnɪt͡sejʊ]
8867	учителю	dative/locative/vocative singular of учи́тель	[ʊˈt͡ʃɪtelʲʊ]
8868	говорячи	present adverbial participle of говори́ти	[ɦɔˈwɔrʲɐt͡ʃe]
8869	приїжджав	masculine singular past indicative of приїжджа́ти impf	[prejiʒˈd͡ʒau̯]
8870	поводити	to move	[pɔˈwɔdete]
8871	світову	feminine accusative singular of світови́й	[sʲʋʲitɔˈwu]
8872	кислота	acid	[kesɫɔˈta]
8873	псевдонім	pseudonym	[pseu̯doˈnʲim]
8874	підірвали	plural past indicative of підірва́ти pf	[pʲidʲirˈʋaɫe]
8875	полоні	locative singular of поло́н	[pɔˈɫɔnʲi]
8876	розкривати	to open	[rɔzkreˈʋate]
8877	рило	snout	[ˈrɪɫɔ]
8878	засунули	plural past indicative of засу́нути pf	[zɐˈsunʊɫe]
8879	процвітання	prosperity	[prɔt͡sʲʋʲiˈtanʲːɐ]
8880	становить	infinitive of станови́ти	[stɐnɔˈʋɪtʲ]
8881	профіль	profile	[ˈprɔfʲilʲ]
8882	вимкнений	adjectival past passive participle of ви́мкнути pf	[ˈʋɪmknenei̯]
8883	розслідувати	to investigate	[rozsʲˈlʲidʊʋɐte]
8884	проїзд	fare	[prɔˈjizd]
8885	готуємо	first-person plural present imperfective of готува́ти	[ɦoˈtujemɔ]
8886	самопочуття	state of being, health, feeling	[sɐmɔpɔt͡ʃʊˈtʲːa]
8887	спеціальна	nominative feminine singular of спеціа́льний	[spet͡sʲiˈalʲnɐ]
8888	думках	locative plural of ду́мка	[dʊmˈkax]
8889	статі	sex, gender	[ˈstatʲi]
8890	порок	vice, flaw	[pɔˈrɔk]
8891	перекладач	translator, interpreter	[perekɫɐˈdat͡ʃ]
8892	невидимий	invisible	[neˈʋɪdemei̯]
8893	розпад	disintegration, breakup, collapse	[ˈrɔzpɐd]
8894	епідемія	epidemic	[epʲiˈdɛmʲijɐ]
8895	брешете	second-person plural present indicative imperfective of…	[ˈbrɛʃete]
8896	танків	tank	[ˈtanʲkʲiu̯]
8897	розпорядження	order, ordinance, direction, instruction	[rɔzpɔˈrʲad͡ʒenʲːɐ]
8898	алеї	genitive/dative/locative	[ɐˈɫɛji]
8899	краєвид	landscape; scenery	[krɐjeˈʋɪd]
8900	квантова	nominative feminine singular of ква́нтовий	[ˈkʋantɔʋɐ]
8901	супергерой	superhero	[sʊperɦeˈrɔi̯]
8902	школою	instrumental singular of шко́ла	[ˈʃkɔɫɔjʊ]
8903	значити	to mean, to signify	[ˈznat͡ʃete]
8904	звучатиме	third-person singular synthetic future indicative of…	[zwʊˈt͡ʃateme]
8905	скромний	humble, modest	[ˈskrɔmnei̯]
8906	четверга	genitive singular of четве́р	[t͡ʃetʋerˈɦa]
8907	починала	feminine singular past indicative of почина́ти impf	[pɔt͡ʃeˈnaɫɐ]
8908	дошці	dative singular of до́шка	[ˈdɔsʲt͡sʲi]
8909	зовнішній	outer, outside, outward, external, exterior	[ˈzɔu̯nʲiʃnʲii̯]
8910	вин	genitive plural of вино́	[ʋɪn]
8911	колишньої	feminine genitive singular of коли́шній	[kɔˈɫɪʃnʲɔji]
8912	замах	attempt	[ˈzamɐx]
8913	безперервно	uninterruptedly, continuously, incessantly, non-stop,…	[bezpeˈrɛrwnɔ]
8914	наступною	feminine instrumental singular of насту́пний	[nɐˈstupnɔjʊ]
8915	звинуватили	plural past indicative of звинува́тити pf	[zʋenʊˈʋateɫe]
8916	темному	masculine/neuter dative singular	[ˈtɛmnɔmʊ]
8917	прокуратура	public prosecutor's office	[prɔkʊrɐˈturɐ]
8918	злетить	third-person singular future indicative of злеті́ти pf	[zɫeˈtɪtʲ]
8919	внучка	diminutive of вну́ка f: granddaughter	[ˈwnut͡ʃkɐ]
8920	стежу	first-person singular present indicative of сте́жити impf	[ˈstɛʒʊ]
8921	довіряють	third-person plural present indicative of довіря́ти impf	[dɔʋʲiˈrʲajʊtʲ]
8922	надзвичайного	masculine/neuter genitive singular	[nɐd͡zʋeˈt͡ʃai̯nɔɦɔ]
8923	ілюзія	illusion	[iˈlʲuzʲijɐ]
8924	сьома	seven	[ˈsʲɔmɐ]
8925	степлер	stapler	[ˈstɛpɫer]
8926	кросівки	genitive singular	[kroˈsʲiu̯ke]
8927	доріг	genitive plural of доро́га	[doˈrʲiɦ]
8928	годинника	genitive singular of годи́нник	[ɦɔˈdɪnːekɐ]
8929	панікувати	to panic	[pɐnʲikʊˈʋate]
8930	покладатися	to rely, to rely on, to depend, to bank on, to pin one's…	[pɔkɫɐˈdatesʲɐ]
8931	готували	plural past imperfective of готува́ти	[ɦɔtʊˈʋaɫe]
8932	провокація	provocation	[prɔwɔˈkat͡sʲijɐ]
8933	гамбургер	hamburger, beefburger, burger	[ˈɦambʊrɦer]
8934	фарби	genitive singular	[ˈfarbe]
8935	ставали	plural past indicative of става́ти impf	[stɐˈʋaɫe]
8936	можливих	genitive plural	[mɔʒˈɫɪʋex]
8937	поважали	plural past indicative imperfective of поважа́ти	[pɔʋɐˈʒaɫe]
8938	сморід	stench, reek	[ˈsmɔrʲid]
8939	продовжу	first-person singular future indicative of продо́вжити pf	[prɔˈdɔu̯ʒʊ]
8940	молилась	feminine singular past imperfective of моли́тися	[mɔˈɫɪɫɐsʲ]
8941	радник	councillor	[ˈradnek]
8942	опускається	third-person singular present indicative of опуска́тися impf	[ɔpʊˈskajet͡sʲːɐ]
8943	позбавитися	to get rid of, to rid oneself of, to be rid of	[pɔzˈbaʋetesʲɐ]
8944	почистити	to clean	[pɔˈt͡ʃɪstete]
8945	дісталася	feminine singular past indicative of діста́тися pf	[dʲiˈstaɫɐsʲɐ]
8946	рішуче	decisively, resolutely, firmly	[rʲiˈʃut͡ʃe]
8947	юстина	genitive singular	
8948	необхідність	necessity	[neobˈxʲidʲnʲisʲtʲ]
8949	художником	instrumental singular of худо́жник	[xʊˈdɔʒnekɔm]
8950	медицини	genitive singular	[medeˈt͡sɪne]
8951	клітор	clitoris	[ˈklʲitɔr]
8952	виникає	third-person singular present indicative of виника́ти impf	[ʋeneˈkaje]
8953	артефакт	artefact, artifact	[ɐrteˈfakt]
8954	незвичайний	uncommon, unusual, out of the ordinary	[nezʋeˈt͡ʃai̯nei̯]
8955	угруповання	group, grouping	[ʊɦrʊˈpɔʋɐnʲːɐ]
8956	повернете	second-person plural future indicative of поверну́ти pf	[pɔˈʋɛrnete]
8957	гарячого	masculine/neuter genitive singular	[ɦɐˈrʲat͡ʃɔɦɔ]
8958	клієнтами	instrumental plural of кліє́нт	[klʲiˈjɛntɐme]
8959	мексиканський	Mexican	[mekseˈkanʲsʲkei̯]
8960	знищувати	to destroy, to annihilate, to obliterate	[ˈznɪʃt͡ʃʊʋɐte]
8961	моторошний	terrifying, horrifying, frightening	[ˈmɔtɔrɔʃnei̯]
8962	розвиватися	to develop, to evolve	[rɔzʋeˈʋatesʲɐ]
8963	хокей	hockey	[xɔˈkɛi̯]
8964	повторно	again, a second time	[pɔu̯ˈtɔrnɔ]
8965	свіжим	masculine/neuter instrumental singular	[ˈsʲʋʲiʒem]
8966	плисти	to swim	[pɫeˈstɪ]
8967	мостом	bridge	[mɔˈstɔm]
8968	горішки	nominative/accusative/vocative plural of горі́шок	[ɦoˈrʲiʃke]
8969	подряпина	scratch, graze, scrape	[pɔˈdʲrʲapenɐ]
8970	переміщення	verbal noun of перемісти́ти pf and перемісти́тися pf:…	[pereˈmʲiʃt͡ʃenʲːɐ]
8971	військовій	feminine dative/locative singular of військо́вий	[ʋʲii̯ˈsʲkɔʋʲii̯]
8972	російського	genitive masculine/neuter singular	[roˈsʲii̯sʲkɔɦɔ]
8973	відчули	plural past indicative of відчу́ти pf	[ʋʲid͡ʒˈt͡ʃuɫe]
8974	надіслали	plural past indicative of надісла́ти pf	[nɐdʲisˈɫaɫe]
8975	планувала	feminine singular past imperfective of планува́ти	[pɫɐnʊˈʋaɫɐ]
8976	струни	genitive singular of струна́	[strʊˈnɪ]
8977	створений	adjectival past passive participle of створи́ти pf	[ˈstwɔrenei̯]
8978	ввійти	to enter, to go in, to get in	[ʋʲːii̯ˈtɪ]
8979	біології	genitive/dative/locative singular of біоло́гія	[bʲiɔˈɫɔɦʲiji]
8980	сказавши	past adverbial participle of сказа́ти pf	[skɐˈzau̯ʃe]
8981	конвой	convoy, escort	[kɔnˈwɔi̯]
8982	ворогам	dative plural of во́рог	[wɔrɔˈɦam]
8983	воротах	locative plural of воро́та	[wɔˈrɔtɐx]
8984	повноваження	authority, power, powers	[pɔu̯nɔˈʋaʒenʲːɐ]
8985	вислів	expression	[ˈʋɪsʲlʲiu̯]
8986	феєрверки	nominative/accusative/vocative plural of феєрве́рк	[fejerˈʋɛrke]
8987	літаків	genitive plural of літа́к	[lʲitɐˈkʲiu̯]
8988	зять	son-in-law	[zʲatʲ]
8989	некролог	obituary, necrology	[nekrɔˈɫɔɦ]
8990	злочинах	locative plural of зло́чин	[ˈzɫɔt͡ʃenɐx]
8991	золотого	dative/accusative masculine singular of золоти́й	[zɔɫɔˈtɔɦɔ]
8992	крилами	instrumental plural of крило́	[ˈkrɪɫɐme]
8993	приїжджай	second-person singular imperative of приїжджа́ти impf	[prejiʒˈd͡ʒai̯]
8994	заряди	nominative/accusative/vocative plural of заря́д	[zɐˈrʲade]
8995	осені	genitive/dative/locative	[ˈɔsenʲi]
8996	руйнівник	destroyer	[rʊi̯nʲiu̯ˈnɪk]
8997	покупець	buyer, purchaser	[pɔkʊˈpɛt͡sʲ]
8998	обіцяти	to promise, to pledge	[ɔbʲiˈt͡sʲate]
8999	солдатам	dative plural of солда́т	[sɔɫˈdatɐm]
9000	отвори	nominative/accusative/vocative plural of о́твір	[ˈɔtwɔre]
9001	пропозицією	instrumental singular of пропози́ція	[prɔpɔˈzɪt͡sʲijejʊ]
9002	вживати	alternative form of ужива́ти impf: to use, etc	[wʒeˈʋate]
9003	заклик	call, appeal	[ˈzakɫek]
9004	восени	in autumn, in the autumn, in the fall	[wɔseˈnɪ]
9005	крук	raven	[kruk]
9006	спричинити	to cause, to occasion	[spret͡ʃeˈnɪte]
9007	посланець	messenger	[pɔsɫɐˈnɛt͡sʲ]
9008	серйозну	feminine accusative singular of серйо́зний	[seˈrjɔznʊ]
9009	численні	nominative plural	[t͡ʃesˈɫɛnʲːi]
9010	відправляє	third-person singular present indicative of відправля́ти…	[ʋʲidprɐu̯ˈlʲaje]
9011	поводження	behaviour, behavior, conduct	[pɔˈwɔd͡ʒenʲːɐ]
9012	складають	third-person plural present indicative of склада́ти impf	[skɫɐˈdajʊtʲ]
9013	чип	chip	[t͡ʃɪp]
9014	шкодувати	to regret, to rue, to be sorry	[ʃkɔdʊˈʋate]
9015	подумки	mentally	[ˈpɔdʊmke]
9016	командиром	instrumental singular of команди́р	[kɔmɐnˈdɪrɔm]
9017	ангар	hangar	[ɐnˈɦar]
9018	сповна	entirely, completely, in full	[ˈspɔu̯ˈna]
9019	кажан	bat	[kɐˈʒan]
9020	розмістити	to place, to put, to locate, to situate	[rɔzʲmʲiˈstɪte]
9021	впевнено	surely, assuredly	[ˈʍpɛu̯nenɔ]
9022	відпустить	third-person singular future indicative perfective of…	[ʋʲidˈpustetʲ]
9023	океаном	instrumental singular of океа́н	[ɔkeˈanɔm]
9024	вчення	teaching	[ˈʍt͡ʃɛnʲːɐ]
9025	вікнах	locative plural of вікно́	[ˈʋʲiknɐx]
9026	політичні	nominative plural	[pɔlʲiˈtɪt͡ʃnʲi]
9027	деякими	instrumental plural of де́який	[ˈdɛjɐkeme]
9028	жодні	nominative/vocative plural	[ˈʒɔdʲnʲi]
9029	перебувають	third-person plural present indicative of перебува́ти impf	[perebʊˈʋajʊtʲ]
9030	тьфу	alternative form of тьху	[tʲfu]
9031	народи	nominative/accusative/vocative plural of наро́д	[nɐˈrɔde]
9032	записувати	to write down, to note down, to put down, to record	[zɐˈpɪsʊʋɐte]
9033	зраджувати	to betray	[ˈzrad͡ʒʊʋɐte]
9034	смачні	nominative plural	[smɐt͡ʃˈnʲi]
9035	кімнат	genitive plural of кімна́та	[kʲimˈnat]
9036	нівроку	not badly, reasonably well	[nʲiu̯ˈrɔkʊ]
9037	туалети	nominative/accusative/vocative plural of туале́т	[tʊɐˈɫɛte]
9038	прогнати	to drive through	[prɔɦˈnate]
9039	дурнуватий	daft, foolish, goofy, silly, sottish, stupid	[dʊrnʊˈʋatei̯]
9040	носу	nose	[ˈnɔsʊ]
9041	обираю	first-person singular present indicative imperfective of…	[ɔbeˈrajʊ]
9042	захисник	defender, guardian, protector	[zɐxesˈnɪk]
9043	викидати	to throw out	[ʋekeˈdate]
9044	іскра	spark	[ˈiskrɐ]
9045	панк	punk, punk rocker	[pank]
9046	стадія	stage	[ˈstadʲijɐ]
9047	будити	to wake up, to awaken, to waken, to wake	[bʊˈdɪte]
9048	навчався	masculine singular past imperfective of навча́тися	[nɐu̯ˈt͡ʃau̯sʲɐ]
9049	чотириста	four hundred	[t͡ʃɔˈtɪrestɐ]
9050	жага	thirst, thirstiness	[ʒɐˈɦa]
9051	спілкується	third-person singular present indicative of спілкува́тися…	[sʲpʲiɫˈkujet͡sʲːɐ]
9052	воїна	genitive/accusative singular of во́їн	[ˈwɔjinɐ]
9053	товариства	nominative/accusative/vocative plural	[tɔʋɐˈrɪstʋɐ]
9054	розпочнеться	third-person singular future indicative of розпоча́тися pf	[rɔzpɔt͡ʃˈnɛt͡sʲːɐ]
9055	тунелю	genitive singular	[tʊˈnɛlʲʊ]
9056	практиці	dative/locative singular of пра́ктика	[ˈpraktet͡sʲi]
9057	захищаю	first-person singular present indicative of захища́ти impf	[zɐxeʃˈt͡ʃajʊ]
9058	щедрий	generous, munificent	[ˈʃt͡ʃɛdrei̯]
9059	гадюка	viper, adder	[ɦɐˈdʲukɐ]
9060	передбачав	masculine singular past indicative of передбача́ти impf	[peredbɐˈt͡ʃau̯]
9061	західний	west, western, westerly	[ˈzaxʲidnei̯]
9062	краватка	necktie, tie	[krɐˈʋatkɐ]
9063	звичайними	instrumental plural of звича́йний	[zʋeˈt͡ʃai̯neme]
9064	чорнило	ink	[t͡ʃɔrˈnɪɫɔ]
9065	панна	unmarried woman; Miss	[ˈpanːɐ]
9066	підозрюють	third-person plural present indicative of підо́зрювати impf	[pʲiˈdɔzʲrʲʊjʊtʲ]
9067	співпраця	cooperation	[sʲpʲiu̯ˈprat͡sʲɐ]
9068	сповнений	full	[ˈspɔu̯nenei̯]
9069	убийте	second-person plural imperative perfective of уби́ти	[ʊˈbɪi̯te]
9070	вулицею	instrumental singular of ву́лиця	[ˈwuɫet͡sejʊ]
9071	зацікавити	to interest	[zɐt͡sʲiˈkaʋete]
9072	активувати	to activate	[ɐktewʊˈʋate]
9073	агресії	genitive singular of агре́сія	[ɐˈɦrɛsʲiji]
9074	захисники	nominative/vocative plural of захисни́к	[zɐxesneˈkɪ]
9075	акула	shark	[ɐˈkuɫɐ]
9076	відставати	to fall away	[ʋʲid͡zstɐˈʋate]
9077	проведе	third-person singular future indicative of провести́ pf	[prɔʋeˈdɛ]
9078	трагедію	accusative singular of траге́дія	[trɐˈɦɛdʲijʊ]
9079	ускладнення	complication	[ʊˈskɫadnenʲːɐ]
9080	дитячого	masculine/neuter genitive singular	[deˈtʲat͡ʃɔɦɔ]
9081	пали	second-person singular imperative imperfective of пали́ти	[pɐˈɫɪ]
9082	наказувати	to order, to command, to bid + infinitive	[nɐˈkazʊʋɐte]
9083	загальне	neuter nominative/accusative singular of зага́льний	[zɐˈɦalʲne]
9084	спало	neuter singular past imperfective of спа́ти	[ˈspaɫɔ]
9085	відпустиш	second-person singular future indicative perfective of…	[ʋʲidˈpusteʃ]
9086	гідравлічний	hydraulic	[ɦʲidrɐu̯ˈlʲit͡ʃnei̯]
9087	дешевий	cheap	[deˈʃɛʋei̯]
9088	росіянам	dative plural of росія́нин	[rɔsʲiˈjanɐm]
9089	залишалися	plural past indicative of залиша́тися impf	[zɐɫeˈʃaɫesʲɐ]
9090	заощадження	savings	[zɐɔʃˈt͡ʃad͡ʒenʲːɐ]
9091	тумані	locative singular of тума́н	[tʊˈmanʲi]
9092	висловився	masculine singular past indicative of ви́словитися pf	[ˈʋɪsɫɔʋeu̯sʲɐ]
9093	найближче	neuter nominative/accusative singular of найбли́жчий	[nɐi̯ˈbɫɪʒt͡ʃe]
9094	відлік	count, counting	[ˈʋʲidʲlʲik]
9095	перехід	crossing	[pereˈxʲid]
9096	вдався	masculine singular past indicative of вда́тися pf	[ˈwdau̯sʲɐ]
9097	папірець	paper, document	[pɐpʲiˈrɛt͡sʲ]
9098	купляти	to buy, to purchase	[kʊˈplʲate]
9099	доньці	dative/locative singular of до́нька	[ˈdɔnʲt͡sʲi]
9100	арештувати	to arrest	[ɐreʃtʊˈʋate]
9101	ве	The letter в, the 3rd letter of the Ukrainian alphabet	[ʋɛ]
9102	мому	my, mine	[ˈmɔmʊ]
9103	впізнати	to recognize	[ʍpʲizˈnate]
9104	надала	feminine singular past indicative of нада́ти pf	[nɐdɐˈɫa]
9105	надійний	reliable, dependable, trustworthy	[nɐˈdʲii̯nei̯]
9106	чайка	seagull	[ˈt͡ʃai̯kɐ]
9107	відчуваємо	first-person plural present indicative of відчува́ти impf	[ʋʲid͡ʒt͡ʃʊˈʋajemɔ]
9108	скелястий	rocky, cliffy, craggy	[skeˈlʲastei̯]
9109	різати	to cut, to slice, to carve	[ˈrʲizɐte]
9110	змінилось	neuter singular past indicative of зміни́тися pf	[zʲmʲiˈnɪɫɔsʲ]
9111	успішним	masculine/neuter instrumental singular	[ʊˈsʲpʲiʃnem]
9112	салі	locative of са́ло	[ˈsalʲi]
9113	поспішаємо	first-person plural present indicative of поспіша́ти impf	[pɔsʲpʲiˈʃajemɔ]
9114	потворний	ugly, hideous	[pɔtˈwɔrnei̯]
9115	оплатити	to pay for	[ɔpɫɐˈtɪte]
9116	принесеш	second-person singular future indicative of принести́ pf	[preneˈsɛʃ]
9117	ставав	masculine singular past indicative of става́ти impf	[stɐˈʋau̯]
9118	телик	television	[ˈtɛɫek]
9119	жартував	masculine singular past indicative of жартува́ти impf	[ʒɐrtʊˈʋau̯]
9120	професії	genitive/dative/locative singular	[prɔˈfɛsʲiji]
9121	підбір	selection	[pʲidʲˈbʲir]
9122	захищений	protected, defended, shielded	[zɐˈxɪʃt͡ʃenei̯]
9123	каліка	cripple	[kɐˈlʲikɐ]
9124	напроти	opposite, across the way	[nɐˈprɔte]
9125	корисний	useful, helpful, beneficial, advantageous	[kɔˈrɪsnei̯]
9126	виставити	to put out	[ˈʋɪstɐʋete]
9127	перервати	to break, to tear, to rend	[pererˈʋate]
9128	весільний	wedding, nuptial	[ʋeˈsʲilʲnei̯]
9129	ресторанів	genitive plural of рестора́н	[restɔˈranʲiu̯]
9130	професійно	professionally	[prɔfeˈsʲii̯nɔ]
9131	знищує	third-person singular present indicative of зни́щувати impf	[ˈznɪʃt͡ʃʊje]
9132	візиту	genitive/dative singular of візи́т	[ʋʲiˈzɪtʊ]
9133	музиці	dative/locative singular of му́зика	[ˈmuzet͡sʲi]
9134	існували	plural past of існува́ти impf	[isnʊˈʋaɫe]
9135	логіка	logic	[ˈɫɔɦʲikɐ]
9136	пюре	puree	[pʲʊˈrɛ]
9137	наявність	presence	[nɐˈjau̯nʲisʲtʲ]
9138	нудний	boring, tedious	[nʊdˈnɪi̯]
9139	вуличний	street	[ˈwuɫet͡ʃnei̯]
9140	фішка	chip, counter, token	[ˈfʲiʃkɐ]
9141	збожеволіли	plural past indicative perfective of збожево́літи	[zbɔʒeˈwɔlʲiɫe]
9142	можливістю	instrumental singular of можли́вість	[mɔʒˈɫɪʋʲisʲtʲʊ]
9143	інтуїція	intuition	[intʊˈjit͡sʲijɐ]
9144	високих	genitive/locative plural	[ʋeˈsɔkex]
9145	кориця	cinnamon	[kɔˈrɪt͡sʲɐ]
9146	туди-сюди	back and forth, hither and thither, this way and that, to…	[tʊˈdɪ sʲʊˈdɪ]
9147	скафандр	diving suit	[skɐˈfandr]
9148	троянд	genitive plural of троя́нда	[trɔˈjand]
9149	спостерігала	feminine singular past of спостеріга́ти impf	[spɔsterʲiˈɦaɫɐ]
9150	злодієм	instrumental singular of зло́дій	[ˈzɫɔdʲijem]
9151	вертатися	to backtrack, to recur, to come back	[ʋerˈtatesʲɐ]
9152	тістечко	cake	[ˈtʲistet͡ʃkɔ]
9153	сарказм	sarcasm	[sɐrˈkazm]
9154	конях	horse	[ˈkɔnʲɐx]
9155	насос	pump	[nɐˈsɔs]
9156	кварта	quart	[ˈkʋartɐ]
9157	нагадайте	second-person plural imperative of нагада́ти	[nɐɦɐˈdai̯te]
9158	коштував	masculine singular past imperfective of ко́штувати	[ˈkɔʃtʊʋɐu̯]
9159	мечеть	mosque	[meˈt͡ʃɛtʲ]
9160	сучасна	feminine nominative singular of суча́сний	[sʊˈt͡ʃasnɐ]
9161	улюбленець	favourite, favorite, darling, pet	[ʊˈlʲubɫenet͡sʲ]
9162	помінятися	to change places, to swap	[pɔmʲiˈnʲatesʲɐ]
9163	статую	accusative singular of ста́туя	[ˈstatʊjʊ]
9164	апельсини	nominative/accusative/vocative plural of апельси́н	[ɐpelʲˈsɪne]
9165	дізнались	plural past indicative of дізна́тися pf	[dʲizˈnaɫesʲ]
9166	смачне	neuter nominative/accusative singular of смачни́й	[smɐt͡ʃˈnɛ]
9167	курчата	small cracks in the weathered skin of the feet, hands or…	[kʊrˈt͡ʃatɐ]
9168	підтвердить	third-person singular future indicative	[pʲidtˈʋɛrdetʲ]
9169	протиріччя	synonym of супере́чність f	[prɔteˈrʲit͡ʃʲːɐ]
9170	сова	owl	[sɔˈʋa]
9171	закінчитися	to end, to come to an end, to be over, to conclude, to…	[zɐˈkʲint͡ʃetesʲɐ]
9172	листок	leaf	[ɫeˈstɔk]
9173	возити	to carry, to transport, to haul	[wɔˈzɪte]
9174	шалений	crazed, crazy, frantic, frenzied, insane, mad, wild	[ʃɐˈɫɛnei̯]
9175	перукар	hairdresser, barber	[perʊˈkar]
9176	святом	instrumental singular of свя́то	[ˈsʲʋʲatɔm]
9177	складаються	third-person plural present indicative of склада́тися impf	[skɫɐˈdajʊt͡sʲːɐ]
9178	арсенал	arsenal	[ɐrseˈnaɫ]
9179	ляпас	slap	[ˈlʲapɐs]
9180	спільний	common, joint	[ˈsʲpʲilʲnei̯]
9181	сховала	feminine singular past indicative of схова́ти pf	[sxɔˈʋaɫɐ]
9182	сподівалась	feminine singular past indicative of сподіва́тися impf	[spɔdʲiˈʋaɫɐsʲ]
9183	ідеальною	feminine instrumental singular of ідеа́льний	[ideˈalʲnɔjʊ]
9184	брехали	plural past indicative imperfective of бреха́ти	[breˈxaɫe]
9185	жорстоким	masculine/neuter instrumental singular	[ʒɔrˈstɔkem]
9186	шахту	accusative singular of ша́хта	[ˈʃaxtʊ]
9187	впевненості	genitive singular	[ˈʍpɛu̯nenɔsʲtʲi]
9188	вдягнений	adjectival past passive participle of вдягти́ pf and…	[ˈwdʲaɦnenei̯]
9189	валіза	suitcase	[ʋɐˈlʲizɐ]
9190	відреагував	masculine singular past indicative of відреагува́ти pf	[ʋʲidreɐɦʊˈʋau̯]
9191	прибулець	one who has arrived, arrivant, newcomer, stranger	[preˈbuɫet͡sʲ]
9192	російську	accusative feminine singular of росі́йський	[roˈsʲii̯sʲkʊ]
9193	цукерок	candy; sweet	[t͡sʊˈkɛrɔk]
9194	показувала	feminine singular past indicative of пока́зувати impf	[pɔˈkazʊʋɐɫɐ]
9195	зелень	greenery, verdure	[ˈzɛɫenʲ]
9196	різновид	variety	[rʲizˈnɔʋed]
9197	величезної	feminine genitive singular of величе́зний	[ʋeɫeˈt͡ʃɛznɔji]
9198	поспіх	haste, rush	[ˈpɔsʲpʲix]
9199	професійна	feminine nominative singular of професі́йний	[prɔfeˈsʲii̯nɐ]
9200	корпорація	corporation	[kɔrpɔˈrat͡sʲijɐ]
9201	байстрюк	bastard	[bɐi̯ˈstʲrʲuk]
9202	дрон	drone	[drɔn]
9203	релігійні	nominative plural	[relʲiˈɦʲii̯nʲi]
9204	рештки	remains, remants, residue	[ˈrɛʃtke]
9205	самотніх	genitive/locative plural	[sɐˈmɔtʲnʲix]
9206	вгамувати	to calm, to appease, to assuage, to pacify	[wɦɐmʊˈʋate]
9207	чутливий	sensitive	[t͡ʃʊtˈɫɪʋei̯]
9208	пончик	doughnut	[ˈpɔnt͡ʃek]
9209	пастух	herder, herdsman	[pɐˈstux]
9210	маніпулювати	to manipulate	[mɐnʲipʊlʲʊˈʋate]
9211	щиколотки	genitive singular	[ˈʃt͡ʃɪkɔɫɔtke]
9212	ланцюжок	diminutive of ланцю́г m: chain, chainlet	[ɫɐnʲt͡sʲʊˈʒɔk]
9213	вирішальний	decisive, crucial, determining, determinant	[ʋerʲiˈʃalʲnei̯]
9214	теплі	nominative plural	[ˈtɛplʲi]
9215	згадки	nominative/accusative/vocative plural	[ˈzɦadke]
9216	пекти	to bake, to roast	[pekˈtɪ]
9217	заарештував	masculine singular past indicative of заарештува́ти pf	[zɐareʃtʊˈʋau̯]
9218	кекс	sponge cake, muffin	[kɛks]
9219	двигуном	instrumental singular of двигу́н	[dʋeɦʊˈnɔm]
9220	закликаю	first-person singular present indicative of заклика́ти impf	[zɐkɫeˈkajʊ]
9221	відсіч	rebuff, pushback	[ˈʋʲid͡zʲsʲit͡ʃ]
9222	пустота	emptiness	[pʊstɔˈta]
9223	заявили	plural past indicative of заяви́ти	[zɐjɐˈʋɪɫe]
9224	срав	masculine singular past indicative imperfective of сра́ти	[srau̯]
9225	музикантів	genitive/accusative plural of музика́нт	[mʊzeˈkanʲtʲiu̯]
9226	нудьгувати	to be bored, to feel bored	[nʊdʲɦʊˈʋate]
9227	собаці	dative/locative singular of соба́ка	[sɔˈbat͡sʲi]
9228	кишка	gut, intestine, bowel	[ˈkɪʃkɐ]
9229	розглядати	to examine, to look at, to look into, to consider, to…	[rɔzɦlʲɐˈdate]
9230	здохнеш	second-person singular future indicative of здо́хнути pf	[ˈzdɔxneʃ]
9231	незнайомця	genitive/accusative singular of незнайо́мець	[neznɐˈjɔmt͡sʲɐ]
9232	спектр	spectrum	[spɛktr]
9233	продаєте	second-person plural present indicative of продава́ти impf	[prɔdɐjeˈtɛ]
9234	соломинки	nominative/accusative/vocative plural	[sɔˈɫɔmenke]
9235	затемнення	blackout device	[zɐˈtɛmnenʲːɐ]
9236	лосось	salmon	[ɫɔˈsɔsʲ]
9237	банкет	banquet	[bɐnˈkɛt]
9238	відкритими	instrumental plural of відкри́тий	[ʋʲidˈkrɪteme]
9239	вікі	wiki	[ˈʋʲikʲi]
9240	затримка	delay	[zɐˈtrɪmkɐ]
9241	лежиш	second-person singular present indicative of лежа́ти impf	[ɫeˈʒɪʃ]
9242	гази	gas	[ˈɦaze]
9243	винагорода	remuneration, compensation, emolument	[ʋenɐɦɔˈrɔdɐ]
9244	митець	artist	[meˈtɛt͡sʲ]
9245	найшвидше	neuter nominative/accusative singular of найшви́дший	[nɐi̯ʃˈʋɪd͡ʒʃe]
9246	джинси	jeans	[ˈd͡ʒɪnse]
9247	політиків	genitive/accusative plural of полі́тик	[poˈlʲitekʲiu̯]
9248	захищатися	to defend oneself	[zɐxeʃˈt͡ʃatesʲɐ]
9249	вмовити	alternative form of умо́вити pf	[ˈwmɔʋete]
9250	виїзд	departure, exit, egress	[ˈʋɪjizd]
9251	вафлі	genitive/dative/locative singular	[ˈʋaflʲi]
9252	меж	genitive plural of межа́	[mɛʒ]
9253	клітка	cage, coop	[ˈklʲitkɐ]
9254	впертий	past passive participle of впе́рти pf	[ˈʍpɛrtei̯]
9255	красиве	neuter nominative/accusative singular of краси́вий	[krɐˈsɪʋe]
9256	менший	comparative degree of мали́й: smaller, lesser	[ˈmɛnʃei̯]
9257	нерухомість	immobility, immovability, stationariness, motionlessness	[nerʊˈxɔmʲisʲtʲ]
9258	боби	bean	[bɔˈbɪ]
9259	проекти	nominative/accusative/vocative plural of прое́кт	[prɔˈɛkte]
9260	налити	to pour	[nɐˈɫɪte]
9261	технологію	accusative singular of техноло́гія	[texnɔˈɫɔɦʲijʊ]
9262	паперів	genitive plural of папі́р	[pɐˈpɛrʲiu̯]
9263	зважати	to take into account, to consider, to pay attention to, to…	[zʋɐˈʒate]
9264	взаємодія	interaction, interplay	[wzɐjemoˈdʲijɐ]
9265	дихаєш	second-person singular present indicative of ди́хати impf	[ˈdɪxɐjeʃ]
9266	страждають	third-person plural present indicative of стражда́ти impf	[strɐʒˈdajʊtʲ]
9267	будка	booth, box	[ˈbudkɐ]
9268	стадіон	stadium	[stɐdʲiˈɔn]
9269	якимись	instrumental plural of яки́йсь	[jɐˈkɪmesʲ]
9270	виховувати	to bring up, to raise, to rear	[ʋeˈxɔwʊʋɐte]
9271	руйнувати	to destroy, to demolish, to wreck	[rʊi̯nʊˈʋate]
9272	парковка	parking	[pɐrˈkɔu̯kɐ]
9273	нижню	feminine accusative singular of ни́жній	[ˈnɪʒnʲʊ]
9274	радою	instrumental singular of ра́да	[ˈradɔjʊ]
9275	блоха	flea	[bɫɔˈxa]
9276	оренда	lease, leasing, renting	[ɔˈrɛndɐ]
9277	подорожує	third-person singular present imperfective of подорожува́ти	[pɔdɔroˈʒuje]
9278	жида	Jew	[ʒeˈda]
9279	гарячої	feminine genitive singular of гаря́чий	[ɦɐˈrʲat͡ʃɔji]
9280	приймаєте	second-person plural present indicative of прийма́ти impf	[prei̯ˈmajete]
9281	сплатити	to pay	[spɫɐˈtɪte]
9282	стимулювати	to stimulate	[stemʊlʲʊˈʋate]
9283	книгами	instrumental plural of кни́га	[ˈknɪɦɐme]
9284	сідаєте	second-person plural present indicative of сіда́ти impf	[sʲiˈdajete]
9285	напише	third-person singular future perfective of написа́ти	[nɐˈpɪʃe]
9286	вгадати	to guess	[wɦɐˈdate]
9287	втілення	avatar, incarnation, embodiment	[ˈʍtʲiɫenʲːɐ]
9288	зателефонувала	feminine singular past indicative of зателефонува́ти pf	[zɐteɫefɔnʊˈʋaɫɐ]
9289	встигаю	first-person singular present indicative of встига́ти impf	[ʍsteˈɦajʊ]
9290	офіціантка	female equivalent of офіціа́нт: waitress	[ɔfʲit͡sʲiˈantkɐ]
9291	кращій	feminine dative/locative singular of кра́щий	[ˈkraʃt͡ʃʲii̯]
9292	спільнота	community	[sʲpʲilʲˈnɔtɐ]
9293	нічия	draw, tie	[nʲit͡ʃeˈja]
9294	посилають	third-person plural present indicative of посила́ти impf	[pɔseˈɫajʊtʲ]
9295	повага	respect, esteem, deference	[pɔˈʋaɦɐ]
9296	покупка	purchase, buy	[poˈkupkɐ]
9297	зайдем	first-person plural future indicative of зайти́ pf	[ˈzai̯dem]
9298	стомився	masculine singular past indicative of стоми́тися pf	[stɔˈmɪu̯sʲɐ]
9299	довіряй	second-person singular imperative of довіря́ти impf	[dɔʋʲiˈrʲai̯]
9300	четверту	feminine accusative singular of четве́ртий	[t͡ʃetˈʋɛrtʊ]
9301	бездоганно	perfectly, with perfection	[bezdɔˈɦanːɔ]
9302	провулок	lane, alley, bystreet, side street	[prɔˈwuɫɔk]
9303	довіряємо	first-person plural present indicative of довіря́ти impf	[dɔʋʲiˈrʲajemɔ]
9304	заявити	to state, to declare, to announce	[zɐjɐˈʋɪte]
9305	лева	genitive/accusative singular of ле́в	[ˈɫɛʋɐ]
9306	спимо	first-person plural present imperfective of спа́ти	[speˈmɔ]
9307	конче	definitely, certainly	[ˈkɔnt͡ʃe]
9308	визнаєте	second-person plural present of визнава́ти impf	[ʋeznɐjeˈtɛ]
9309	спеціальні	nominative plural	[spet͡sʲiˈalʲnʲi]
9310	відгук	echo	[ˈʋʲidɦʊk]
9311	туалетом	instrumental singular of туале́т	[tʊɐˈɫɛtɔm]
9312	нагадують	third-person plural present indicative of нага́дувати impf	[nɐˈɦadʊjʊtʲ]
9313	зупинки	genitive singular of зупи́нка	[zʊˈpɪnke]
9314	визнавати	to acknowledge, to recognize, to accept	[ʋeznɐˈʋate]
9315	політичний	political	[pɔlʲiˈtɪt͡ʃnei̯]
9316	народилась	feminine singular past indicative of народи́тися pf	[nɐrɔˈdɪɫɐsʲ]
9317	трикутник	triangle	[treˈkutnek]
9318	водила	feminine singular past imperfective of води́ти	[wɔˈdɪɫɐ]
9319	цікавило	neuter singular past indicative of ціка́вити impf	[t͡sʲiˈkaʋeɫɔ]
9320	вішати	to hang	[ˈʋʲiʃɐte]
9321	неймовірну	feminine accusative singular of неймові́рний	[nei̯mɔˈʋʲirnʊ]
9322	підбадьорити	to encourage, to hearten, to buck up, to cheer up	[pʲidbɐˈdʲɔrete]
9323	готувала	feminine singular past imperfective of готува́ти	[ɦɔtʊˈʋaɫɐ]
9324	кривавий	bloody	[kreˈʋaʋei̯]
9325	сподобатися	to like, to be to the liking of, to please	[spɔˈdɔbɐtesʲɐ]
9326	дивак	eccentric person, kook, weirdo, freak	[deˈʋak]
9327	поранити	to wound, to injure	[pɔˈranete]
9328	підходити	to approach, to come up, to go up	[pʲidˈxɔdete]
9329	економіка	economy	[ekɔˈnɔmʲikɐ]
9330	представитися	to introduce oneself	[pred͡zˈstaʋetesʲɐ]
9331	водопостачання	water supply	[wɔdɔpɔstɐˈt͡ʃanʲːɐ]
9332	фарба	paint; dye	[ˈfarbɐ]
9333	спостерігали	plural past of спостеріга́ти impf	[spɔsterʲiˈɦaɫe]
9334	особливою	instrumental feminine singular of особли́вий	[ɔsɔˈbɫɪwɔjʊ]
9335	свист	whistle	[sʋɪst]
9336	завагітніти	to become pregnant, to fall pregnant, to get pregnant, to…	[zɐʋɐˈɦʲitʲnʲite]
9337	гільдія	gild, guild	[ˈɦʲilʲdʲijɐ]
9338	спаситель	Savior	[spɐˈsɪtelʲ]
9339	капкан	trap, bear trap, leg trap	[kɐpˈkan]
9340	ніка	genitive/accusative singular of Нік	
9341	астронавт	astronaut	[ɐstrɔˈnau̯t]
9342	роздратований	irritated, annoyed	[rɔzdrɐˈtɔʋɐnei̯]
9343	вимовити	to pronounce	[ˈʋɪmɔʋete]
9344	одкровення	revelation	[ɔdkrɔˈʋɛnʲːɐ]
9345	чутлива	feminine nominative/vocative singular of чутли́вий	[t͡ʃʊtˈɫɪʋɐ]
9346	шофер	driver	[ʃɔˈfɛr]
9347	ярмарок	fair, funfair, county fair, state fair	[ˈjarmɐrɔk]
9348	закривати	to cover	[zɐkreˈʋate]
9349	щасливчик	endearing diminutive of щасли́вець m	[ʃt͡ʃɐsˈɫɪu̯t͡ʃek]
9350	найближчого	masculine/neuter genitive singular	[nɐi̯ˈbɫɪʒt͡ʃɔɦɔ]
9351	відпустите	second-person plural future indicative perfective of…	[ʋʲidˈpustete]
9352	науковців	genitive/accusative plural of науко́вець	[nɐʊˈkɔu̯t͡sʲiu̯]
9353	золоте	neuter nominative/accusative singular of золоти́й	[zɔɫɔˈtɛ]
9354	яхта	yacht	[ˈjaxtɐ]
9355	шепіт	whisper	[ˈʃɛpʲit]
9356	шахті	dative/locative singular of ша́хта	[ˈʃaxtʲi]
9357	тьху	Mimics the sound of spitting	[tʲxu]
9358	казок	genitive plural of ка́зка	[kɐˈzɔk]
9359	антибіотики	nominative plural of антибіо́тик	[ɐntebʲiˈɔteke]
9360	торік	last year	[toˈrʲik]
9361	цигарок	genitive plural of цига́рка	[t͡seˈɦarɔk]
9362	завдань	genitive plural of завда́ння	[zɐu̯ˈdanʲ]
9363	нагадала	feminine singular past indicative of нагада́ти	[nɐɦɐˈdaɫɐ]
9364	благородно	nobly, generously, selflessly	[bɫɐɦɔˈrɔdnɔ]
9365	деревами	instrumental plural of де́рево	[deˈrɛʋɐme]
9366	модуль	modulus	[ˈmɔdʊlʲ]
9367	столики	nominative/accusative/vocative plural of сто́лик	[ˈstɔɫeke]
9368	привітатися	to greet, to say hello somebody: з + instrumental / до +…	[preʋʲiˈtatesʲɐ]
9369	свинина	pork	[sʋeˈnɪnɐ]
9370	шмата	whore, prostitute	[ˈʃmatɐ]
9371	зникнув	masculine singular past indicative perfective of зни́кнути	[ˈznɪknʊu̯]
9372	кашкет	flat cap	[kɐʃˈkɛt]
9373	слідчий	investigation, investigative, investigatory	[ˈsʲlʲid͡ʒt͡ʃei̯]
9374	евакуацію	accusative singular of евакуа́ція	[eʋɐkʊˈat͡sʲijʊ]
9375	співробітник	collaborator, coworker, colleague	[sʲpʲiu̯roˈbʲitnek]
9376	сценарист	screenwriter, scriptwriter	[st͡senɐˈrɪst]
9377	цін	genitive plural of ціна́	[t͡sʲin]
9378	готовність	readiness, preparedness	[ɦɔˈtɔu̯nʲisʲtʲ]
9379	бронежилет	bulletproof vest	[brɔneʒeˈɫɛt]
9380	таємничий	mysterious, enigmatic	[tɐjemˈnɪt͡ʃei̯]
9381	сорочці	dative/locative singular of соро́чка	[sɔˈrɔt͡sʲːi]
9382	годинники	nominative/accusative/vocative plural of годи́нник	[ɦɔˈdɪnːeke]
9383	висота	height	[ʋesɔˈta]
9384	горизонт	horizon	[ɦɔreˈzɔnt]
9385	змінилась	feminine singular past indicative of зміни́тися pf	[zʲmʲiˈnɪɫɐsʲ]
9386	всерйоз	seriously, in earnest	[ʍseˈrjɔz]
9387	обіцянка	promise, vow	[ɔbʲiˈt͡sʲankɐ]
9388	безробітний	jobless, unemployed	[bezroˈbʲitnei̯]
9389	виживати	to survive	[ʋeʒeˈʋate]
9390	знаходити	to find	[znɐˈxɔdete]
9391	учасник	participant	[ʊˈt͡ʃasnek]
9392	затримайте	second-person plural imperative of затри́мати pf	[zɐˈtrɪmɐi̯te]
9393	покої	chambers, quarters	[pɔˈkɔji]
9394	підіть	second-person plural imperative of піти́ pf	[pʲiˈdʲitʲ]
9395	західній	1928–1933 spelling of за́хідний, which was deprecated in…	[ˈzaxʲidʲnʲii̯]
9396	створимо	first-person plural future indicative of створи́ти pf	[ˈstwɔremɔ]
9397	шнур	cord of fibre	[ʃnur]
9398	постійна	feminine nominative singular of пості́йний	[poˈsʲtʲii̯nɐ]
9399	екземпляр	copy	[eɡzemˈplʲar]
9400	встигне	third-person singular future indicative of всти́гнути pf…	[ˈʍstɪɦne]
9401	йоги	nominative/accusative/vocative plural	[ˈjɔɦe]
9402	шана	respect, reverence, deference, esteem, regard	[ˈʃanɐ]
9403	панянка	a girl with wealthy parents, from a wealthy family	[pɐˈnʲankɐ]
9404	здогадувався	masculine singular past indicative of здога́дуватися impf	[zdɔˈɦadʊʋɐu̯sʲɐ]
9405	темне	neuter nominative/accusative singular of те́мний	[ˈtɛmne]
9406	доторкнутися	to touch	[dɔtorkˈnutesʲɐ]
9407	бригада	brigade	[breˈɦadɐ]
9408	окунь	perch, bass	[ˈɔkʊnʲ]
9409	ефективність	effectiveness, efficaciousness, efficacy	[efekˈtɪu̯nʲisʲtʲ]
9410	посилка	parcel, package	[pɔˈsɪɫkɐ]
9411	спатимеш	second-person singular synthetic future indicative…	[ˈspatemeʃ]
9412	листом	leaf	[ɫeˈstɔm]
9413	крапель	genitive plural of кра́пля	[ˈkrapelʲ]
9414	мандрівка	journey, travel	[mɐnˈdʲrʲiu̯kɐ]
9415	кварталів	genitive plural of кварта́л	[kʋɐrˈtalʲiu̯]
9416	напруження	suspense, tension	[nɐˈpruʒenʲːɐ]
9417	теперішнє	the present	[teˈpɛrʲiʃnʲe]
9418	синього	masculine/neuter genitive singular	[ˈsɪnʲɔɦɔ]
9419	мандрувати	to travel, to voyage, to tour, to wander, to roam, to rove,…	[mɐndrʊˈʋate]
9420	переживав	masculine singular past indicative of пережива́ти impf	[pereʒeˈʋau̯]
9421	самотньою	instrumental feminine singular of само́тній	[sɐˈmɔtʲnʲɔjʊ]
9422	різному	dative/locative masculine/neuter singular of рі́зний	[ˈrʲiznɔmʊ]
9423	несерйозно	unseriously	[neseˈrjɔznɔ]
9424	відрізнити	to distinguish, to tell	[ʋʲidʲrʲizˈnɪte]
9425	завітали	plural past indicative of завіта́ти pf	[zɐʋʲiˈtaɫe]
9426	механіка	mechanics	[meˈxanʲikɐ]
9427	щосили	with all one's might, as powerfully or as much as one can	[ʃt͡ʃɔˈsɪɫe]
9428	природжений	inborn, innate	[preˈrɔd͡ʒenei̯]
9429	літаком	instrumental singular of літа́к	[lʲitɐˈkɔm]
9430	вдавай	second-person singular imperative of вдава́ти impf	[wdɐˈʋai̯]
9431	часам	time	[t͡ʃɐˈsam]
9432	океанії	genitive/dative/locative singular of Океа́нія	
9433	вибухом	instrumental singular of ви́бух	[ˈʋɪbʊxɔm]
9434	комфорт	comfort	[kɔmˈfɔrt]
9435	збентежений	perturbed	[zbenˈtɛʒenei̯]
9436	мітка	mark, marking	[ˈmʲitkɐ]
9437	орган	organ	[ˈɔrɦɐn]
9438	нарада	meeting, consultation	[nɐˈradɐ]
9439	мотивами	instrumental plural of моти́в	[mɔˈtɪʋɐme]
9440	класом	class	[ˈkɫasɔm]
9441	жовтих	genitive/locative plural	[ˈʒɔu̯tex]
9442	лікарнях	locative plural of ліка́рня	[lʲiˈkarnʲɐx]
9443	костюмів	genitive plural of костю́м	[koˈsʲtʲumʲiu̯]
9444	легкі	nominative plural	[ɫeɦˈkʲi]
9445	катувати	to torture	[kɐtʊˈʋate]
9446	зблизька	from up close, from near	[ˈzbɫɪzʲkɐ]
9447	сумочка	diminutive of су́мка: bag, handbag, purse	[ˈsumɔt͡ʃkɐ]
9448	пластівці	breakfast cereal	[pɫɐsʲtʲiu̯ˈt͡sʲi]
9449	дорогих	genitive/locative plural	[dɔrɔˈɦɪx]
9450	незадовго	shortly, not long, a short time	[nezɐˈdɔu̯ɦɔ]
9451	постачання	supply, provision	[pɔstɐˈt͡ʃanʲːɐ]
9452	факультету	genitive singular of факульте́т	[fɐkʊlʲˈtɛtʊ]
9453	поліпшити	to improve, to make better, to ameliorate	[poˈlʲipʃete]
9454	привілей	privilege	[preʋʲiˈɫɛi̯]
9455	ручне	neuter nominative/accusative singular of ручни́й	[rʊt͡ʃˈnɛ]
9456	лапша	noodles	[ɫɐpˈʃa]
9457	організму	genitive/dative/locative singular of органі́зм	[ɔrɦɐˈnʲizmʊ]
9458	чоло	forehead	[t͡ʃɔˈɫɔ]
9459	шовк	silk	[ʃɔu̯k]
9460	воюють	third-person plural present indicative of воюва́ти impf	[wɔˈjujʊtʲ]
9461	одними	instrumental plural of оди́н	[ɔdˈnɪme]
9462	батьківщина	motherland, fatherland, homeland	[bɐtʲkʲiu̯ʃˈt͡ʃɪnɐ]
9463	квітки	genitive singular of кві́тка	[ˈkʋʲitke]
9464	клієнтом	instrumental singular of кліє́нт	[klʲiˈjɛntɔm]
9465	чуття	sense	[t͡ʃʊˈtʲːa]
9466	бачитися	to see each other, to meet	[ˈbat͡ʃetesʲɐ]
9467	постіль	bed	[ˈpɔsʲtʲilʲ]
9468	як-небудь	somehow, anyhow	[jak ˈnɛbʊdʲ]
9469	дослідити	to research, to investigate, to examine, to study	[dɔsʲlʲiˈdɪte]
9470	кіборг	cyborg	[ˈkʲibɔrɦ]
9471	спадщина	inheritance, legacy, patrimony	[ˈspadʃt͡ʃenɐ]
9472	свіжого	masculine/neuter genitive singular	[ˈsʲʋʲiʒɔɦɔ]
9473	гітарі	dative/locative singular of гіта́ра	[ɦʲiˈtarʲi]
9474	видалити	to ablate, to cut out, to excise, to remove	[ˈʋɪdɐɫete]
9475	несправедлива	feminine nominative singular of несправедли́вий	[nesprɐʋedˈɫɪʋɐ]
9476	правиця	right hand	[prɐˈʋɪt͡sʲɐ]
9477	корінь	root	[ˈkɔrʲinʲ]
9478	звичайним	masculine/neuter instrumental singular	[zʋeˈt͡ʃai̯nem]
9479	драма	drama	[ˈdramɐ]
9480	помиляюсь	first-person singular present indicative of помиля́тися impf	[pɔmeˈlʲajʊsʲ]
9481	законопроект	bill	[zɐkɔnɔprɔˈɛkt]
9482	вибачити	to excuse, to pardon, to forgive	[ˈʋɪbɐt͡ʃete]
9483	чайові	gratuity, tip	[t͡ʃɐjɔˈʋʲi]
9484	вітальня	living room	[ʋʲiˈtalʲnʲɐ]
9485	гадають	third-person plural present indicative of гада́ти impf	[ɦɐˈdajʊtʲ]
9486	акваріум	aquarium	[ɐkˈʋarʲiʊm]
9487	пройдуть	third-person plural future indicative of пройти́ pf	[ˈprɔi̯dʊtʲ]
9488	молодими	instrumental plural of молоди́й	[mɔɫɔˈdɪme]
9489	розповідаєте	second-person plural present indicative of розповіда́ти impf	[rɔzpɔʋʲiˈdajete]
9490	селах	locative plural of село́	[ˈsɛɫɐx]
9491	розмові	dative/locative singular of розмо́ва	[rɔzˈmɔʋʲi]
9492	виснажений	exhausted	[ˈʋɪsnɐʒenei̯]
9493	життями	instrumental plural of життя́	[ʒeˈtʲːame]
9494	плаває	third-person singular present imperfective of пла́вати	[ˈpɫaʋɐje]
9495	перець	pepper	[ˈpɛret͡sʲ]
9496	порожнеча	emptiness	[pɔrɔʒˈnɛt͡ʃɐ]
9497	комбінація	combination	[kɔmbʲiˈnat͡sʲijɐ]
9498	молот	mallet, large hammer	[ˈmɔɫɔt]
9499	подобатися	to like	[pɔˈdɔbɐtesʲɐ]
9500	імперський	imperial	[imˈpɛrsʲkei̯]
9501	поважний	respectable	[pɔˈʋaʒnei̯]
9502	поверхня	surface, overside	[pɔˈʋɛrxnʲɐ]
9503	українську	accusative feminine singular of украї́нський	[ʊkrɐˈjinʲsʲkʊ]
9504	туфлях	locative plural of ту́фля	[ˈtuflʲɐx]
9505	керівники	nominative/vocative plural of керівни́к	[kerʲiu̯neˈkɪ]
9506	рибка	endearing diminutive of ри́ба f: little fish, fishy	[ˈrɪbkɐ]
9507	пироги	nominative/accusative/vocative plural of пирі́г	[perɔˈɦɪ]
9508	запальничка	lighter	[zɐpɐlʲˈnɪt͡ʃkɐ]
9509	торкнувся	masculine singular past indicative of торкну́тися pf	[torkˈnuu̯sʲɐ]
9510	ріж	second-person singular imperative imperfective of рі́зати	[rʲiʒ]
9511	романом	instrumental singular of рома́н	[rɔˈmanɔm]
9512	бомбардування	verbal noun of бомбардува́ти impf: bombardment	[bɔmbɐrdʊˈʋanʲːɐ]
9513	ковбаси	genitive singular of ковбаса́	[kɔu̯bɐˈsɪ]
9514	ситий	satiated, full	[ˈsɪtei̯]
9515	молитва	prayer	[mɔˈɫɪtʋɐ]
9516	починаймо	first-person plural imperative of почина́ти impf	[pɔt͡ʃeˈnai̯mɔ]
9517	вокзале	vocative singular of вокза́л	[wɔɡˈzaɫe]
9518	встає	third-person singular present indicative of встава́ти impf	[ʍstɐˈjɛ]
9519	яйцями	instrumental plural of яйце́	[ˈjai̯t͡sʲɐme]
9520	очевидна	feminine nominative singular of очеви́дний	[ɔt͡ʃeˈʋɪdnɐ]
9521	фрукт	fruit	[frukt]
9522	поїздом	instrumental singular of по́їзд	[ˈpɔjizdɔm]
9523	ізраїлю	dative/locative/vocative singular of Ізра́їль	
9524	районний	raion, district, regional	[rɐˈjɔnːei̯]
9525	опитування	poll, survey	[ɔˈpɪtʊʋɐnʲːɐ]
9526	розстріляти	to shoot dead, to execute	[rɔzstʲrʲiˈlʲate]
9527	тримаючи	present adverbial participle of трима́ти impf	[treˈmajʊt͡ʃe]
9528	перемовини	negotiation, negotiations, talks	[pereˈmɔʋene]
9529	захищаєш	second-person singular present indicative of захища́ти impf	[zɐxeʃˈt͡ʃajeʃ]
9530	північного	masculine/neuter genitive singular	[pʲiu̯ˈnʲit͡ʃnɔɦɔ]
9531	достатня	feminine nominative singular of доста́тній	[dɔˈstatʲnʲɐ]
9532	стегно	thigh	[steɦˈnɔ]
9533	нагадаю	first-person singular future indicative of нагада́ти	[nɐɦɐˈdajʊ]
9534	являтися	synonym of з'явля́тися impf	[jɐu̯ˈlʲatesʲɐ]
9535	феномен	phenomenon	[feˈnɔmen]
9536	водка	vodka	[ˈwɔdkɐ]
9537	роздумів	genitive plural of ро́здум	[ˈrɔzdʊmʲiu̯]
9538	місцевого	masculine/neuter genitive singular	[mʲiˈst͡sɛwɔɦɔ]
9539	патріот	patriot	[pɐtʲrʲiˈɔt]
9540	розбирається	third-person singular present indicative of розбира́тися…	[rɔzbeˈrajet͡sʲːɐ]
9541	заявляю	first-person singular present indicative of заявля́ти impf	[zɐjɐu̯ˈlʲajʊ]
9542	знищений	past passive participle of зни́щити pf	[ˈznɪʃt͡ʃenei̯]
9543	дізнаюсь	first-person singular present indicative of дізнава́тися…	[dʲiznɐˈjusʲ]
9544	відремонтувати	to repair	[ʋʲidremɔntʊˈʋate]
9545	пасажир	passenger	[pɐsɐˈʒɪr]
9546	заява	statement, declaration, claim, testimony	[zɐˈjaʋɐ]
9547	збирав	masculine singular past indicative of збира́ти impf	[zbeˈrau̯]
9548	допомагали	plural past indicative of допомага́ти impf	[dɔpɔmɐˈɦaɫe]
9549	адміністрація	administration	[ɐdʲmʲinʲiˈstrat͡sʲijɐ]
9550	почуттях	locative plural of почуття́	[pɔt͡ʃʊˈtʲːax]
9551	лягла	feminine singular past indicative of лягти́ pf	[lʲɐˈɦɫa]
9552	виробляти	to manufacture, to produce, to make	[ʋerɔˈblʲate]
9553	міністре	vocative singular of міні́стр	[mʲiˈnʲistre]
9554	економіки	genitive singular	[ekɔˈnɔmʲike]
9555	відповість	third-person singular future of відпові́сти́ pf	[ʋʲidpɔˈʋʲisʲtʲ]
9556	лузер	failure, loser	[ˈɫuzer]
9557	запалити	to light, to light up, to ignite	[zɐpɐˈɫɪte]
9558	свідчити	to bear witness, to testify, to attest, to give evidence	[ˈsʲʋʲid͡ʒt͡ʃete]
9559	страждаю	first-person singular present indicative of стражда́ти impf	[strɐʒˈdajʊ]
9560	дякуй	second-person singular imperative of дя́кувати	[ˈdʲakʊi̯]
9561	хулігани	nominative/vocative plural of хуліга́н	[xʊlʲiˈɦane]
9562	спільноти	genitive singular	[sʲpʲilʲˈnɔte]
9563	перебувала	feminine singular past of перебува́ти impf	[perebʊˈʋaɫɐ]
9564	робитимете	second-person plural synthetic future indicative…	[rɔˈbɪtemete]
9565	припинення	verbal noun of припини́ти pf: stopping, cessation,…	[preˈpɪnenʲːɐ]
9566	столиком	instrumental singular of сто́лик	[ˈstɔɫekɔm]
9567	австрії	genitive/dative/locative singular of А́встрія	
9568	скорбота	grief, sorrow, affliction, woe	[skɔrˈbɔtɐ]
9569	горою	instrumental singular of гора́	[ɦɔˈrɔjʊ]
9570	трансформатор	transformer	[trɐnsfɔrˈmatɔr]
9571	лихий	evil, wicked, naughty; capable of causing harm or evil	[ɫeˈxɪi̯]
9572	засудити	to convict	[zɐsʊˈdɪte]
9573	виносити	to bring out, to carry out, to take out	[ʋeˈnɔsete]
9574	колонія	colony	[kɔˈɫɔnʲijɐ]
9575	вітати	to greet, to hail, to salute	[ʋʲiˈtate]
9576	жіночої	feminine genitive singular of жіно́чий	[ʒʲiˈnɔt͡ʃɔji]
9577	потягнути	to drag, to pull	[pɔtʲɐɦˈnute]
9578	ведучий	leading	[ʋeˈdut͡ʃei̯]
9579	магазини	nominative/accusative/vocative plural of магази́н	[mɐɦɐˈzɪne]
9580	вади	genitive singular of ва́да	[ˈʋade]
9581	попасти	to hit	[pɔˈpaste]
9582	гарячка	fever	[ɦɐˈrʲat͡ʃkɐ]
9583	літр	liter	[lʲitr]
9584	спрага	thirst	[ˈspraɦɐ]
9585	віслюк	donkey	[ʋʲisʲˈlʲuk]
9586	військом	instrumental singular of ві́йсько	[ˈʋʲii̯sʲkɔm]
9587	залагодити	to mend, to repair	[zɐˈɫaɦɔdete]
9588	фактор	factor	[ˈfaktɔr]
9589	кріт	mole	[krʲit]
9590	починаєте	second-person plural present indicative of почина́ти impf	[pɔt͡ʃeˈnajete]
9591	зимою	in winter	[zeˈmɔjʊ]
9592	нація	nation	[ˈnat͡sʲijɐ]
9593	мінет	blowjob, fellatio	[mʲiˈnɛt]
9594	втрутитися	to intervene, to step in, to get involved	[ˈʍtrutetesʲɐ]
9595	дітлахи	kids, children	[dʲitɫɐˈxɪ]
9596	голуба	genitive/accusative singular of го́луб	[ˈɦɔɫʊbɐ]
9597	прогулянка	walk, walking trip, stroll, saunter	[proˈɦulʲɐnkɐ]
9598	алабама	Alabama language	[ɐɫɐˈbamɐ]
9599	прикрити	to cover	[preˈkrɪte]
9600	бажано	desirably	[ˈbaʒɐnɔ]
9601	читають	third-person plural present imperfective of чита́ти	[t͡ʃeˈtajʊtʲ]
9602	пустелею	instrumental singular of пусте́ля	[pʊˈstɛɫejʊ]
9603	критики	nominative/vocative plural of кри́тик	[ˈkrɪteke]
9604	монах	monk	[mɔˈnax]
9605	представника	genitive/accusative singular of представни́к	[pred͡zstɐu̯neˈka]
9606	абонент	subscriber	[ɐbɔˈnɛnt]
9607	прикривати	to cover	[prekreˈʋate]
9608	фрагмент	fragment	[frɐɦˈmɛnt]
9609	черепах	genitive plural	[t͡ʃereˈpax]
9610	партизан	partisan, guerrilla	[pɐrteˈzan]
9611	найбільшої	feminine genitive singular of найбі́льший	[nɐi̯ˈbʲilʲʃɔji]
9612	колекція	collection	[kɔˈɫɛkt͡sʲijɐ]
9613	гірчиця	mustard	[ɦʲirˈt͡ʃɪt͡sʲɐ]
9614	якір	anchor	[ˈjakʲir]
9615	механік	mechanic	[meˈxanʲik]
9616	північному	masculine/neuter dative singular	[pʲiu̯ˈnʲit͡ʃnɔmʊ]
9617	концерту	genitive singular of конце́рт	[kɔnˈt͡sɛrtʊ]
9618	шибениці	genitive singular of ши́бениця	[ˈʃɪbenet͡sʲi]
9619	учасників	genitive/accusative plural of уча́сник	[ʊˈt͡ʃasnekʲiu̯]
9620	плівка	film, pellicle, tape	[ˈplʲiu̯kɐ]
9621	інженере	vocative singular of інжене́р	[inʒeˈnɛre]
9622	шишка	cone, strobilus	[ˈʃɪʃkɐ]
9623	велетенський	giant, gigantic, colossal, enormous	[ʋeɫeˈtɛnʲsʲkei̯]
9624	картами	go-cart	[ˈkartɐme]
9625	відчаю	genitive singular	[ˈʋʲid͡ʒt͡ʃɐjʊ]
9626	звинуватять	third-person plural future indicative of звинува́тити pf	[zʋenʊˈʋatʲɐtʲ]
9627	блюз	blues	[blʲuz]
9628	неймовірною	feminine instrumental singular of неймові́рний	[nei̯mɔˈʋʲirnɔjʊ]
9629	благородний	noble, honourable	[bɫɐɦɔˈrɔdnei̯]
9630	розглянемо	first-person plural future indicative of розгля́нути pf	[rɔzˈɦlʲanemɔ]
9631	ставало	neuter singular past indicative of става́ти impf	[stɐˈʋaɫɔ]
9632	покрити	to cover, to cover over	[pɔˈkrɪte]
9633	моделей	genitive plural	[mɔˈdɛɫei̯]
9634	державного	masculine/neuter genitive singular	[derˈʒau̯nɔɦɔ]
9635	лінією	instrumental singular of лі́нія	[ˈlʲinʲijejʊ]
9636	зліт	takeoff	[zʲlʲit]
9637	вберегти	to safeguard, to guard, to keep, to preserve	[wbereɦˈtɪ]
9638	світлу	feminine accusative singular of сві́тлий	[ˈsʲʋʲitɫʊ]
9639	вплинути	to influence, to affect, to have an effect	[ˈʍpɫɪnʊte]
9640	кошмари	nominative/accusative/vocative plural of кошма́р	[kɔʃˈmare]
9641	травень	May	[ˈtraʋenʲ]
9642	іменини	name day	[imeˈnɪne]
9643	космічна	feminine nominative singular of космі́чний	[kosʲˈmʲit͡ʃnɐ]
9644	готівки	genitive singular of готі́вка	[ɦoˈtʲiu̯ke]
9645	турбота	care, concern, anxiety, disquiet, trouble, worry	[tʊrˈbɔtɐ]
9646	сестрами	instrumental plural of сестра́	[ˈsɛstrɐme]
9647	гниє	third-person singular present indicative imperfective of…	[ɦneˈjɛ]
9648	жахливими	instrumental plural of жахли́вий	[ʒɐˈxɫɪʋeme]
9649	рибою	instrumental singular of ри́ба	[ˈrɪbɔjʊ]
9650	обряд	rite, ritual	[ɔˈbrʲad]
9651	сердечно	cordially, heartily	[serˈdɛt͡ʃnɔ]
9652	смачна	feminine nominative singular of смачни́й	[smɐt͡ʃˈna]
9653	капсула	capsule	[ˈkapsʊɫɐ]
9654	вірогідність	credibility, reliability, trustworthiness	[ʋʲiroˈɦʲidʲnʲisʲtʲ]
9655	штучний	piece	[ˈʃtut͡ʃnei̯]
9656	вимкну	first-person singular future indicative of ви́мкнути pf	[ˈʋɪmknʊ]
9657	скиглити	to whine, to howl	[ˈskɪɦɫete]
9658	дереву	dative singular of де́рево	[ˈdɛrewʊ]
9659	поем	genitive plural of пое́ма	[pɔˈɛm]
9660	привітання	greeting, salutation	[preʋʲiˈtanʲːɐ]
9661	півкулі	genitive/dative/locative singular	[pʲiu̯ˈkulʲi]
9662	святому	dative/locative masculine singular of святи́й	[sʲʋʲɐˈtɔmʊ]
9663	відмовитись	alternative infinitive form of відмо́витися pf	[ʋʲidˈmɔʋetesʲ]
9664	дюна	dune	[ˈdʲunɐ]
9665	опанувати	to master	[ɔpɐnʊˈʋate]
9666	розряд	category, class, bracket	[rɔzʲˈrʲad]
9667	гуляв	masculine singular past imperfective of гуля́ти	[ɦʊˈlʲau̯]
9668	благодать	grace	[bɫɐɦɔˈdatʲ]
9669	давній	old, ancient, age-old, distant, bygone	[ˈdau̯nʲii̯]
9670	орли	nominative/accusative/vocative plural of оре́л	[ɔrˈɫɪ]
9671	пігулку	accusative singular of пігу́лка	[pʲiˈɦuɫkʊ]
9672	холодною	feminine instrumental singular of холо́дний	[xɔˈɫɔdnɔjʊ]
9673	вигоди	genitive singular of ви́года	[ˈʋɪɦɔde]
9674	низько	low, lowly	[ˈnɪzʲkɔ]
9675	вал	billow, roller	[ʋaɫ]
9676	незнайомців	genitive/accusative plural of незнайо́мець	[neznɐˈjɔmt͡sʲiu̯]
9677	зради	genitive singular	[ˈzrade]
9678	рукопис	manuscript	[rʊˈkɔpes]
9679	парубче	vocative singular of па́рубок	[ˈparʊbt͡ʃe]
9680	чесні	nominative plural	[ˈt͡ʃɛsʲnʲi]
9681	грайте	second-person plural imperative imperfective of гра́ти	[ˈɦrai̯te]
9682	ковдра	cover, blanket	[ˈkɔu̯drɐ]
9683	маестро	maestro	[mɐˈɛstrɔ]
9684	розповісте	second-person plural future indicative of розповісти́	[rɔzpɔʋʲiˈstɛ]
9685	бінокль	binoculars	[bʲiˈnɔklʲ]
9686	од	genitive plural of о́да	[ɔd]
9687	моментів	genitive plural of моме́нт	[mɔˈmɛnʲtʲiu̯]
9688	контракти	nominative/accusative/vocative plural of контра́кт	[kɔnˈtrakte]
9689	погодься	second-person singular imperative of пого́дитися pf	[pɔˈɦɔdʲsʲɐ]
9690	смоктав	masculine singular past indicative of смокта́ти impf	[smɔkˈtau̯]
9691	поліціянт	alternative form of поліціа́нт	[pɔlʲit͡sʲiˈjant]
9692	марафон	marathon	[mɐrɐˈfɔn]
9693	експедиції	genitive/dative/locative singular	[ekspeˈdɪt͡sʲiji]
9694	коротку	feminine accusative singular of коро́ткий	[kɔˈrɔtkʊ]
9695	бідність	poverty, indigence, penury	[ˈbʲidʲnʲisʲtʲ]
9696	машинам	dative plural of маши́на	[mɐˈʃɪnɐm]
9697	зіткнутися	to collide	[zʲitkˈnutesʲɐ]
9698	січні	locative singular of сі́чень	[ˈsʲit͡ʃnʲi]
9699	зречення	renunciation, abnegation	[ˈzrɛt͡ʃenʲːɐ]
9700	цілодобово	round the clock, around the clock, twenty-four hours a day	[t͡sʲiɫɔdɔˈbɔwɔ]
9701	політичного	masculine/neuter genitive singular	[pɔlʲiˈtɪt͡ʃnɔɦɔ]
9702	встане	third-person singular future indicative of вста́ти pf	[ˈʍstane]
9703	спеціального	masculine/neuter genitive singular	[spet͡sʲiˈalʲnɔɦɔ]
9704	розвага	amusement, entertainment, recreation	[rɔzˈʋaɦɐ]
9705	продуктів	genitive plural of проду́кт	[proˈduktʲiu̯]
9706	переробити	to process	[pererɔˈbɪte]
9707	валити	to topple, to bring down, to knock down	[ʋɐˈɫɪte]
9708	дешева	feminine nominative singular of деше́вий	[deˈʃɛʋɐ]
9709	падлюка	scoundrel	[pɐdʲˈlʲukɐ]
9710	пальцях	locative plural of па́лець	[ˈpalʲt͡sʲɐx]
9711	ножами	knife	[nɔˈʒame]
9712	французька	the French language, ellipsis of францу́зька мо́ва	[frɐnˈt͡suzʲkɐ]
9713	талон	ticket, card, pass	[tɐˈɫɔn]
9714	заарештований	arrestee, arrested person, person under arrest	[zɐareʃˈtɔʋɐnei̯]
9715	доправити	to deliver, to bring, to take	[dɔˈpraʋete]
9716	хімічний	chemical	[xʲiˈmʲit͡ʃnei̯]
9717	поспішав	masculine singular past indicative of поспіша́ти impf	[pɔsʲpʲiˈʃau̯]
9718	контрабандист	smuggler	[kɔntrɐbɐnˈdɪst]
9719	квартир	genitive plural of кварти́ра	[kʋɐrˈtɪr]
9720	загальну	feminine accusative singular of зага́льний	[zɐˈɦalʲnʊ]
9721	розігнати	to drive away, to disperse, to scatter	[rɔzʲiɦˈnate]
9722	трапилася	feminine singular past indicative of тра́питися pf	[ˈtrapeɫɐsʲɐ]
9723	яблучний	apple	[ˈjabɫʊt͡ʃnei̯]
9724	помістити	to place	[pɔmʲiˈstɪte]
9725	навколішки	onto one's knees	[nɐu̯ˈkɔlʲiʃke]
9726	державної	feminine genitive singular of держа́вний	[derˈʒau̯nɔji]
9727	відмовлюся	first-person singular future indicative of відмо́витися pf	[ʋʲidˈmɔu̯lʲʊsʲɐ]
9728	творити	to create, make, produce	[twɔˈrɪte]
9729	покликання	calling, vocation	[pɔˈkɫɪkɐnʲːɐ]
9730	кровотеча	bleeding	[krɔwɔˈtɛt͡ʃɐ]
9731	героїн	heroin	[ɦerɔˈjin]
9732	мі	mi	[mʲi]
9733	зуба	tooth	[ˈzubɐ]
9734	дуель	duel	[dʊˈɛlʲ]
9735	властивості	genitive/dative/locative singular	[wɫɐˈstɪwɔsʲtʲi]
9736	вимагав	masculine singular past indicative of вимага́ти impf	[ʋemɐˈɦau̯]
9737	питанні	locative singular of пита́ння	[peˈtanʲːi]
9738	святість	holiness, sacredness, sanctity, sanctitude	[ˈsʲʋʲatʲisʲtʲ]
9739	дедалі	further	[deˈdalʲi]
9740	ялинка	Christmas tree, New Year's tree	[jɐˈɫɪnkɐ]
9741	дури	second-person singular imperative of дури́ти	[dʊˈrɪ]
9742	додали	plural past indicative of дода́ти	[dɔdɐˈɫɪ]
9743	морську	feminine accusative singular of морськи́й	[morˈsʲku]
9744	розгадати	to unravel from complication or difficulty; to investigate…	[rɔzɦɐˈdate]
9745	завтрашній	tomorrow's, of tomorrow	[ˈzau̯trɐʃnʲii̯]
9746	вокзалі	locative singular of вокза́л	[wɔɡˈzalʲi]
9747	онде	over there, yonder	[ˈɔnde]
9748	новинами	instrumental plural of новина́	[nɔˈʋɪnɐme]
9749	одружитись	alternative infinitive form of одружи́тися pf	[ɔdrʊˈʒɪtesʲ]
9750	хмара	cloud	[ˈxmarɐ]
9751	собача	dogling, puppy	[sɔbɐˈt͡ʃa]
9752	темним	masculine/neuter instrumental singular	[ˈtɛmnem]
9753	середа	Wednesday	[sereˈda]
9754	трибунал	tribunal	[trebʊˈnaɫ]
9755	весною	in spring	[ʋesˈnɔjʊ]
9756	союзник	ally	[sɔˈjuznek]
9757	продаєш	second-person singular present indicative of продава́ти impf	[prɔdɐˈjɛʃ]
9758	погану	feminine accusative singular of пога́ний	[pɔˈɦanʊ]
9759	фізична	feminine nominative singular of фізи́чний	[fʲiˈzɪt͡ʃnɐ]
9760	формула	formula	[ˈfɔrmʊɫɐ]
9761	оболонка	cover, envelope	[ɔbɔˈɫɔnkɐ]
9762	ава	clipping of авата́р, especially an Internet user's icon	[ˈaʋɐ]
9763	вказати	to point to, to point out, to indicate, куди́сь, etc	[ʍkɐˈzate]
9764	низ	bottom, lower part	[nɪz]
9765	перетворила	feminine singular past indicative of перетвори́ти pf	[peretwɔˈrɪɫɐ]
9766	пробитися	to break through	[prɔˈbɪtesʲɐ]
9767	панували	plural past of панува́ти impf	[pɐnʊˈʋaɫe]
9768	щоправда	in truth, admittedly, true	[ʃt͡ʃɔˈprau̯dɐ]
9769	видих	exhalation, outbreath, outhale, puff	[ˈʋɪdex]
9770	підприємства	genitive singular	[pʲidpreˈjɛmstʋɐ]
9771	хабар	bribe	[xɐˈbar]
9772	бабуня	grandmother, granny, old woman	[bɐˈbunʲɐ]
9773	спілкувалися	plural past indicative of спілкува́тися impf	[sʲpʲiɫkʊˈʋaɫesʲɐ]
9774	люби	second-person singular imperative imperfective of люби́ти	[lʲʊˈbɪ]
9775	вирватися	to break away	[ˈʋɪrʋɐtesʲɐ]
9776	підкоритися	to submit, to bend, to knuckle under	[pʲidkɔˈrɪtesʲɐ]
9777	розлючений	enraged, infuriated	[rozʲˈlʲut͡ʃenei̯]
9778	чаклунство	sorcery, wizardry, witchcraft	[t͡ʃɐˈkɫunstwɔ]
9779	продовжили	plural past indicative of продо́вжити pf	[prɔˈdɔu̯ʒeɫe]
9780	призвести	to lead, to bring	[prezʋeˈstɪ]
9781	усій	dative/locative feminine singular of уве́сь	[ʊˈsʲii̯]
9782	порося	young pig, piglet	[pɔrɔˈsʲa]
9783	культ	cult	[kulʲt]
9784	комета	comet	[kɔˈmɛtɐ]
9785	насильно	forcibly, by force	[nɐˈsɪlʲnɔ]
9786	залізна	nominative feminine singular of залі́зний	[zɐˈlʲiznɐ]
9787	вечере	vocative singular of вече́ря	[ʋeˈt͡ʃɛre]
9788	рація	reason, ground, cause, motive	[ˈrat͡sʲijɐ]
9789	сира	feminine nominative/vocative singular of сири́й	[seˈra]
9790	ручкою	instrumental singular of ру́чка	[ˈrut͡ʃkɔjʊ]
9791	розпочалася	feminine singular past indicative of розпоча́тися pf	[rɔzpɔt͡ʃɐˈɫasʲɐ]
9792	плечима	instrumental plural of плече́	[pɫeˈt͡ʃɪmɐ]
9793	найважливіший	superlative degree of важли́вий	[nɐjʋɐʒɫeˈʋʲiʃei̯]
9794	справедливий	just	[sprɐʋedˈɫɪʋei̯]
9795	використовуються	third-person plural present indicative of…	[ʋekɔreˈstɔwʊjʊt͡sʲːɐ]
9796	досягнуто	impersonal past passive participle of досягну́ти pf	[dɔˈsʲaɦnʊtɔ]
9797	пральня	laundry	[ˈpralʲnʲɐ]
9798	ключем	key	[klʲʊˈt͡ʃɛm]
9799	пазл	puzzle	[pazɫ]
9800	висновків	genitive plural of ви́сновок	[ˈʋɪsnɔu̯kʲiu̯]
9801	скуштувати	to taste, to try	[skʊʃtʊˈʋate]
9802	політик	politician	[poˈlʲitek]
9803	хворобою	instrumental singular of хворо́ба	[xwɔˈrɔbɔjʊ]
9804	маркіз	marquis, marquess	
9805	сутичка	clash	[ˈsutet͡ʃkɐ]
9806	цукром	instrumental singular of цу́кор	[ˈt͡sukrɔm]
9807	вистежити	to hunt down, to spy out	[ˈʋɪsteʒete]
9808	малює	third-person singular present imperfective of малюва́ти	[mɐˈlʲuje]
9809	матка	brood female, dam	[ˈmatkɐ]
9810	батарейка	diminutive of батаре́я f: battery	[bɐtɐˈrɛi̯kɐ]
9811	навзаєм	mutually, reciprocally	[nɐu̯ˈzajem]
9812	гарячою	feminine instrumental singular of гаря́чий	[ɦɐˈrʲat͡ʃɔjʊ]
9813	корзина	basket	[kɔrˈzɪnɐ]
9814	росією	instrumental singular of Росі́я	
9815	шило	awl	[ˈʃɪɫɔ]
9816	загальні	nominative plural	[zɐˈɦalʲnʲi]
9817	сподіваємось	first-person plural present indicative of сподіва́тися impf	[spɔdʲiˈʋajemɔsʲ]
9818	вибухнути	to blow up, to explode	[ˈʋɪbʊxnʊte]
9819	руде	neuter nominative/accusative singular of руди́й	[rʊˈdɛ]
9820	взялись	plural past indicative of взя́тися pf	[ˈwzʲaɫesʲ]
9821	близькість	nearness, closeness, proximity, propinquity, vicinity	[ˈbɫɪzʲkʲisʲtʲ]
9822	моральний	moral	[mɔˈralʲnei̯]
9823	кайдани	shackles, manacles, fetters, gyves, irons	[kɐi̯ˈdane]
9824	насамперед	first of all, first and foremost	[nɐˈsampered]
9825	найважливіших	genitive plural	[nɐjʋɐʒɫeˈʋʲiʃex]
9826	відмінності	genitive/dative/locative singular	[ʋʲidʲˈmʲinːɔsʲtʲi]
9827	працюватимеш	second-person singular synthetic future indicative of…	[prɐt͡sʲʊˈʋatemeʃ]
9828	завітав	masculine singular past indicative of завіта́ти pf	[zɐʋʲiˈtau̯]
9829	унітаз	flush toilet, toilet	[ʊnʲiˈtaz]
9830	формальність	formality	[fɔrˈmalʲnʲisʲtʲ]
9831	проявити	to show, to display, to evince, to manifest	[prɔjɐˈʋɪte]
9832	колишню	feminine accusative singular of коли́шній	[kɔˈɫɪʃnʲʊ]
9833	бісить	third-person singular present indicative imperfective of…	[ˈbʲisetʲ]
9834	бенкет	banquet, feast	[benˈkɛt]
9835	порівнювати	to compare	[poˈrʲiu̯nʲʊʋɐte]
9836	кислоти	nominative/accusative/vocative plural of кислота́	[kesˈɫɔte]
9837	дивізії	genitive singular of диві́зія	[deˈʋʲizʲiji]
9838	обертаються	third-person plural present indicative of оберта́тися impf	[ɔberˈtajʊt͡sʲːɐ]
9839	дратувати	to annoy, to irritate, to irk, to get on the nerves of, to…	[drɐtʊˈʋate]
9840	замерзнути	to freeze, to freeze solid	[zɐˈmɛrznʊte]
9841	зберігай	second-person singular imperative of зберіга́ти impf	[zberʲiˈɦai̯]
9842	погоджуєшся	second-person singular present indicative of пого́джуватися…	[pɔˈɦɔd͡ʒʊjesʲːɐ]
9843	дітях	locative plural of дити́на and ді́ти	[ˈdʲitʲɐx]
9844	потиснути	to shake	[pɔˈtɪsnʊte]
9845	гарячому	masculine/neuter dative singular	[ɦɐˈrʲat͡ʃɔmʊ]
9846	глуха	nominative feminine singular of глухи́й	[ɦɫʊˈxa]
9847	суворий	harsh, strict, severe	[sʊˈwɔrei̯]
9848	віз	cart, wagon	[ʋʲiz]
9849	важливими	instrumental plural of важли́вий	[ʋɐʒˈɫɪʋeme]
9850	газон	lawn	[ɦɐˈzɔn]
9851	мартини	nominative/accusative/vocative plural of марти́н	[mɐrˈtɪne]
9852	трубі	dative/locative singular of труба́	[trʊˈbʲi]
9853	спецагент	special agent	[spet͡sɐˈɦɛnt]
9854	вороття	recurrence	[wɔrɔˈtʲːa]
9855	оригінальний	original	[ɔreɦʲiˈnalʲnei̯]
9856	столице	vocative singular of столи́ця	[stɔˈɫɪt͡se]
9857	броня	armor, armour, armoring	[brɔˈnʲa]
9858	пхати	to push, to shove	[ˈpxate]
9859	психолога	genitive/accusative singular of психо́лог	[pseˈxɔɫɔɦɐ]
9860	розчаровувати	to disappoint	[rɔʒt͡ʃɐˈrɔwʊʋɐte]
9861	рівноваги	genitive singular of рівнова́га	[rʲiu̯nɔˈʋaɦe]
9862	запасний	reserve, spare, backup	[zɐpɐsˈnɪi̯]
9863	дійшла	feminine singular past indicative of дійти́ pf	[dʲii̯ʃˈɫa]
9864	маячок	homing beacon, locator beacon	[mɐjɐˈt͡ʃɔk]
9865	величезною	feminine instrumental singular of величе́зний	[ʋeɫeˈt͡ʃɛznɔjʊ]
9866	призначити	to allocate, to allot, to assign, to earmark, to intend	[prezˈnat͡ʃete]
9867	регіоні	locative singular of регіо́н	[reɦʲiˈɔnʲi]
9868	шахрайство	fraud, swindle	[ʃɐˈxrai̯stwɔ]
9869	споживання	verbal noun of спожива́ти: consumption	[spɔʒeˈʋanʲːɐ]
9870	каси	genitive singular	[ˈkase]
9871	чергування	alternation	[t͡ʃerɦʊˈʋanʲːɐ]
9872	довіряєте	second-person plural present indicative of довіря́ти impf	[dɔʋʲiˈrʲajete]
9873	відповідала	feminine singular past indicative imperfective of…	[ʋʲidpɔʋʲiˈdaɫɐ]
9874	залякати	to intimidate, to cow, to daunt, to browbeat	[zɐlʲɐˈkate]
9875	хлібом	cereal, crops or cultures	[ˈxlʲibɔm]
9876	прагнути	to strive for/after, to aspire to, to aim for	[ˈpraɦnʊte]
9877	завдавати	to inflict, to cause	[zɐu̯dɐˈʋate]
9878	розмовляєте	second-person plural present indicative of розмовля́ти impf	[rɔzmɔu̯ˈlʲajete]
9879	підписала	feminine singular past indicative of підписа́ти pf	[pʲidpeˈsaɫɐ]
9880	вуаль	veil, voile	[wʊˈalʲ]
9881	порядний	decent, honest, respectable	[pɔˈrʲadnei̯]
9882	чаєм	tea	[ˈt͡ʃajem]
9883	військовим	masculine/neuter instrumental singular	[ʋʲii̯ˈsʲkɔʋem]
9884	особою	instrumental singular of осо́ба	[ɔˈsɔbɔjʊ]
9885	покладеш	second-person singular future indicative of покла́сти pf	[pɔkɫɐˈdɛʃ]
9886	похуй	I do not give a fuck; I do not give a shit; I do not care	[ˈpɔxʊi̯]
9887	цистерна	cistern	[t͡seˈstɛrnɐ]
9888	ударами	instrumental plural of уда́р	[ʊˈdarɐme]
9889	гнити	to rot, to putrefy, to go bad, to decay, to decompose	[ˈɦnɪte]
9890	цистерни	genitive singular	[t͡seˈstɛrne]
9891	виборах	locative plural of ви́бір	[ˈʋɪbɔrɐx]
9892	риси	nominative/accusative/vocative plural	[ˈrɪse]
9893	гарантія	guarantee, warranty	[ɦɐˈranʲtʲijɐ]
9894	репліка	remark	[ˈrɛplʲikɐ]
9895	експедиція	expedition	[ekspeˈdɪt͡sʲijɐ]
9896	блюда	genitive singular	[ˈblʲudɐ]
9897	індустрія	industry	[inˈdustʲrʲijɐ]
9898	забезпечує	third-person singular present indicative of забезпе́чувати…	[zɐbezˈpɛt͡ʃʊje]
9899	французької	feminine genitive singular of францу́зький	[frɐnˈt͡suzʲkɔji]
9900	жорстокість	cruelty	[ʒɔrˈstɔkʲisʲtʲ]
9901	русі	movement	[ˈrusʲi]
9902	премію	accusative singular of пре́мія	[ˈprɛmʲijʊ]
9903	сич	an owl of genus Athene or Aegolius	[sɪt͡ʃ]
9904	календар	calendar	[kɐɫenˈdar]
9905	гуляли	plural past imperfective of гуля́ти	[ɦʊˈlʲaɫe]
9906	круглий	round, circular	[ˈkruɦɫei̯]
9907	галерея	gallery	[ɦɐɫeˈrɛjɐ]
9908	траві	dative/locative singular of трава́	[trɐˈʋʲi]
9909	пильнувати	to keep watch, to watch over, to guard	[pelʲnʊˈʋate]
9910	татуювання	tattoos	[tɐtʊjʊˈʋanʲːɐ]
9911	цивільному	masculine/neuter dative singular	[t͡seˈʋʲilʲnɔmʊ]
9912	двоюрідний	Denotes a relative in the same generation as the head noun…	[dwɔˈjurʲidnei̯]
9913	відбити	to beat off, to break off, to knock off	[ʋʲidˈbɪte]
9914	дорогоцінний	precious	[dɔrɔɦoˈt͡sʲinːei̯]
9915	пилосос	vacuum cleaner	[peɫɔˈsɔs]
9916	дошка	board, plank	[ˈdɔʃkɐ]
9917	кімнатою	instrumental singular of кімна́та	[kʲimˈnatɔjʊ]
9918	прибити	to nail, to nail down	[preˈbɪte]
9919	кінцями	instrumental plural of кіне́ць	[kʲinʲˈt͡sʲame]
9920	сокира	axe	[sɔˈkɪrɐ]
9921	крем-брюле	crème brûlée	[krɛm brʲʊˈɫɛ]
9922	займати	to occupy, to take up, to take	[zɐi̯ˈmate]
9923	додамо	first-person plural future indicative of дода́ти	[dɔdɐˈmɔ]
9924	надзвичайної	feminine genitive singular of надзвича́йний	[nɐd͡zʋeˈt͡ʃai̯nɔji]
9925	суперник	rival, competitor	[sʊˈpɛrnek]
9926	переходити	to cross, to cross over, to pass across	[pereˈxɔdete]
9927	манікюр	manicure	[mɐnʲiˈkʲur]
9928	взялося	neuter singular past indicative of взя́тися pf	[ˈwzʲaɫɔsʲɐ]
9929	ситуацій	genitive plural of ситуа́ція	[setʊˈat͡sʲii̯]
9930	спускатися	to descend, to go down, to come down	[spʊˈskatesʲɐ]
9931	вислати	to deport, to exile, to send	[ˈʋɪsɫɐte]
9932	ґрунт	soil, ground, bottom	[ɡrunt]
9933	біологія	biology	[bʲiɔˈɫɔɦʲijɐ]
9934	сучасного	masculine/neuter genitive singular	[sʊˈt͡ʃasnɔɦɔ]
9935	відірвати	to tear away, to tear off, to detach	[ʋʲidʲirˈʋate]
9936	перекласти	to translate, to interpret	[pereˈkɫaste]
9937	осколки	nominative/accusative/vocative plural of оско́лок	[ɔˈskɔɫke]
9938	інфекції	genitive/dative/locative singular	[inˈfɛkt͡sʲiji]
9939	податок	tax, duty	[pɔˈdatɔk]
9940	яма	pit, hole	[ˈjamɐ]
9941	пах	smell, scent, aroma, odor	[pax]
9942	носилки	stretcher	[nɔˈsɪɫke]
9943	виконували	plural past indicative of вико́нувати impf	[ʋeˈkɔnʊʋɐɫe]
9944	кракова	genitive singular of Кра́ків	
9945	відкриваю	first-person singular present indicative of відкрива́ти impf	[ʋʲidkreˈʋajʊ]
9946	заволодіти	to take possession, to appropriate, to seize, to take over	[zɐwɔɫoˈdʲite]
9947	рибалити	to fish	[reˈbaɫete]
9948	частоти	genitive singular of частота́	[t͡ʃɐstɔˈtɪ]
9949	демократія	democracy	[demɔˈkratʲijɐ]
9950	рима	rhyme	[ˈrɪmɐ]
9951	розвивається	third-person singular present indicative of розвива́тися…	[rɔzʋeˈʋajet͡sʲːɐ]
9952	визнають	third-person plural present of визнава́ти impf	[ʋeznɐˈjutʲ]
9953	положенні	locative singular of поло́ження	[pɔˈɫɔʒenʲːi]
9954	блокаду	accusative singular of блока́да	[bɫɔˈkadʊ]
9955	священний	holy, sacred	[sʲʋʲɐʃˈt͡ʃɛnːei̯]
9956	сорока	magpie	[sɔˈrɔkɐ]
9957	якимсь	instrumental masculine/neuter singular of яки́йсь	[jɐˈkɪmsʲ]
9958	братам	brother	[brɐˈtam]
9959	поспілкуватися	to communicate, to converse, to talk	[pɔsʲpʲiɫkʊˈʋatesʲɐ]
9960	відсік	compartment, bay	[ʋʲid͡zʲˈsʲik]
9961	числом	instrumental singular of число́	[t͡ʃesˈɫɔm]
9962	відрізняються	third-person plural present indicative of відрізня́тися impf	[ʋʲidʲrʲizʲˈnʲajʊt͡sʲːɐ]
9963	зубна	nominative feminine singular of зубни́й	[zʊbˈna]
9964	снід	acronym of синдро́м набу́того імунодефіци́ту: AIDS	[sʲnʲid]
9965	сіла	feminine singular past indicative of сі́сти pf	[ˈsʲiɫɐ]
9966	відносинах	locative plural of відно́сини	[ʋʲidˈnɔsenɐx]
9967	фігура	figure	[fʲiˈɦurɐ]
9968	світловий	light	[sʲʋʲitɫɔˈʋɪi̯]
9969	намагаєтесь	second-person plural present imperfective of намага́тися	[nɐmɐˈɦajetesʲ]
9970	нозі	dative/locative singular of нога́	[noˈzʲi]
9971	бабусь	genitive/accusative plural of бабу́ся	[bɐˈbusʲ]
9972	блиск	glint, splendor, sheen, glitter, shine	[bɫɪsk]
9973	зірвати	to pluck, to pick	[zʲirˈʋate]
9974	посадки	genitive singular	[pɔˈsadke]
9975	незнайомець	stranger	[neznɐˈjɔmet͡sʲ]
9976	ввела	feminine singular past perfective of ввести́	[ʋːeˈɫa]
9977	вирізати	to cut out, to excise	[ˈʋɪrʲizɐte]
9978	здібний	able, capable	[ˈzʲdʲibnei̯]
9979	іменами	instrumental plural of ім'я́	[imeˈname]
9980	шаль	shawl	[ʃalʲ]
9981	залишалася	feminine singular past indicative of залиша́тися impf	[zɐɫeˈʃaɫɐsʲɐ]
9982	поштовх	push	[ˈpɔʃtɔu̯x]
9983	дзвінком	instrumental singular of дзвіно́к	[d͡zʲʋʲinˈkɔm]
9984	єдність	unity	[ˈjɛdʲnʲisʲtʲ]
9985	дотепер	hitherto, thus far, to date, up to now	[dɔteˈpɛr]
9986	феєрверк	firework	[fejerˈʋɛrk]
9987	львів	lion	
9988	перевернути	to turn over, to turn upside down, to upend, to upturn	[pereʋerˈnute]
9989	зберу	first-person singular future indicative of зібра́ти pf	[zbeˈru]
9990	перетворюватися	to turn into, to become, to change, to transform	[peretˈwɔrʲʊʋɐtesʲɐ]
9991	кладеш	second-person singular present imperfective of кла́сти	[kɫɐˈdɛʃ]
9992	травні	locative singular	[ˈtrau̯nʲi]
9993	підтримкою	instrumental singular of підтри́мка	[pʲidˈtrɪmkɔjʊ]
9994	збудження	excitement	[ˈzbud͡ʒenʲːɐ]
9995	повітряних	genitive plural	[pɔˈʋʲitʲrʲɐnex]
9996	перекрити	to cover, to cover over	[pereˈkrɪte]
9997	шорти	shorts	[ˈʃɔrte]
9998	ревнувати	to be jealous	[reu̯nʊˈʋate]
9999	благодійність	charity	[bɫɐɦoˈdʲii̯nʲisʲtʲ]
10000	кварталі	locative singular of кварта́л	[kʋɐrˈtalʲi]
